ident,role,label,model_pred,corr_to_mean_profile,profile_max,profile_entropy
CHEMBL268868,active,1,11.284513473510742,0.9846324270986139,0.003355911700055003,6.84719389240723
CHEMBL470011,active,1,12.695122718811035,0.9568718212251197,0.005507238209247589,6.904013501717417
CHEMBL7827,active,1,11.794482231140137,0.89978167449676,0.002980148419737816,6.879142192691152
CHEMBL337026,active,1,13.214447021484377,0.9081210315226412,0.003992012701928616,6.885783296916863
CHEMBL193544,active,1,14.563854217529297,0.9852086753599688,0.004622337874025106,6.8744223867490835
CHEMBL26641,active,1,11.091472625732422,0.9869463529378206,0.0035492051392793655,6.898101659885921
CHEMBL372523,active,1,12.52911376953125,0.98756610326738,0.003119817702099681,6.949572481526058
CHEMBL565714,active,1,12.161240577697754,0.9509843311262337,0.004971400368958712,6.87581001056918
CHEMBL379001,active,1,10.826623916625977,0.9812435866938904,0.004280179273337126,6.91505291111841
CHEMBL470219,active,1,14.136030197143556,0.9896954763756968,0.003146163420751691,6.942756746915908
CHEMBL433305,active,1,10.70010757446289,0.9789927209679994,0.003315686946734786,6.8617389558517
CHEMBL1090357,active,1,14.037254333496094,0.9613455938170853,0.0028085859958082438,6.977188790534525
CHEMBL516979,active,1,14.457502365112305,0.9927506900147365,0.003523290390148759,6.912926105752037
CHEMBL116547,active,1,11.056007385253906,0.970730286922817,0.0032038420904427767,6.870155555575494
CHEMBL508760,active,1,12.881674766540527,0.990064008645563,0.0036895109806209803,6.932448199214053
CHEMBL45827,active,1,12.667224884033203,0.9401672851393346,0.0033461947459727526,6.990739741823297
CHEMBL90541,active,1,11.694683074951172,0.9583735143219043,0.0032104579731822014,6.892437157595798
CHEMBL592466,active,1,13.314181327819824,0.9910845278656356,0.0030456846579909325,6.904502050163854
CHEMBL522134,active,1,11.100568771362305,0.9739949031282297,0.005178756546229124,6.878060441794721
CHEMBL168366,active,1,11.665555000305176,0.9787657339413826,0.005480216816067696,6.8475135155639055
CHEMBL53203,active,1,11.172199249267578,0.9828863117980022,0.003688598982989788,6.8278786033149075
CHEMBL63356,active,1,10.721867561340332,0.917129764917376,0.002772395731881261,6.867340779011642
CHEMBL566337,active,1,11.529773712158203,0.9844145671050627,0.0038356445729732513,6.899566729535595
CHEMBL1173655,active,1,14.05302906036377,0.9875804340463825,0.0031682290136814117,6.927708692053069
CHEMBL245996,active,1,11.983593940734863,0.7052833233240329,0.012234115041792393,6.896416682880995
CHEMBL186580,active,1,13.11829948425293,0.9654789640245287,0.0037110764533281326,6.873692758444992
CHEMBL246687,active,1,12.638961791992188,0.986377621333074,0.003232630668208003,6.89422106563237
CHEMBL135853,active,1,12.793272018432615,0.9496127086502087,0.0026938747614622116,6.921786435775405
CHEMBL162981,active,1,12.762932777404783,0.9862275169249487,0.0032209560740739107,6.917913450119579
CHEMBL312753,active,1,12.305615425109863,0.9845077684532638,0.0040703038685023785,6.937297736980887
CHEMBL251125,active,1,12.215425491333008,0.9750098373625529,0.002647041343152523,6.975820345206321
CHEMBL387187,active,1,12.23398780822754,0.9667006057129801,0.003071238286793232,6.91107561062398
CHEMBL293749,active,1,11.734570503234863,0.9878866780914689,0.004354498814791441,6.856847493953772
CHEMBL231875,active,1,12.57106113433838,0.983832009261797,0.004070977680385113,6.8547882489193395
CHEMBL304442,active,1,11.425460815429688,0.9815148252256505,0.0033609133679419756,6.842846170081598
CHEMBL169390,active,1,11.542561531066896,0.9438009189217613,0.002719979966059327,6.904152631475982
CHEMBL138940,active,1,13.413970947265623,0.9723955137726409,0.004162906669080257,6.893241253547601
CHEMBL24133,active,1,12.93371295928955,0.9755913829129741,0.003712546080350876,6.926573990975297
CHEMBL417478,active,1,14.404494285583496,0.9701797880027915,0.005489584524184465,6.826413681690665
CHEMBL97162,active,1,12.591794967651367,0.9863385627178145,0.0027976154815405607,6.939909696281161
CHEMBL202556,active,1,11.971661567687988,0.978340469763916,0.004927654284983873,6.844115626329595
CHEMBL56731,active,1,11.97056007385254,0.9898582243956789,0.004111943766474724,6.842462947172824
CHEMBL475768,active,1,14.686190605163574,0.9888519851533292,0.004059646278619766,6.940838561951129
CHEMBL513418,active,1,14.378883361816406,0.9627944693592239,0.0023882638197392225,6.969374081392043
CHEMBL195204,active,1,12.71796417236328,0.9791727324063361,0.003079035086557269,6.902328641917896
CHEMBL204420,active,1,13.798095703125,0.9852184301974435,0.004057735670357943,6.911809415189418
CHEMBL204268,active,1,14.683263778686523,0.9791068847408902,0.002780079608783126,6.931006991444664
CHEMBL293584,active,1,10.792953491210938,0.9632808891632004,0.0049246083945035934,6.905549564128039
CHEMBL217090,active,1,12.235113143920898,0.9914883461045468,0.003167366376146674,6.919404636952008
CHEMBL205776,active,1,13.708413124084473,0.9800905059540418,0.0038352629635483027,6.900528335587582
CHEMBL506414,active,1,14.29831886291504,0.9918680678597386,0.003711376339197159,6.902843304609681
CHEMBL55729,active,1,10.718937873840332,0.9736412704952354,0.0030605243518948555,6.905723226914966
CHEMBL574738,active,1,11.969470024108888,0.948989140868421,0.0050866445526480675,6.880199751178072
CHEMBL247916,active,1,11.630487442016602,0.9846239912725299,0.0033626279328018427,6.894042798123715
CHEMBL291514,active,1,11.663609504699709,0.981292138128196,0.0036877114325761795,6.901086822577815
CHEMBL489058,active,1,14.120630264282228,0.9849766387413088,0.003832160262390971,6.935592151596884
CHEMBL456758,active,1,13.001243591308594,0.9949348175750127,0.003153471974655986,6.906345181843797
CHEMBL94109,active,1,13.059928894042969,0.9675658212460675,0.004764690529555082,6.86736898392433
CHEMBL278041,active,1,11.654728889465332,0.944047835459338,0.002863123081624508,6.9238827376869825
CHEMBL399373,active,1,11.711910247802734,0.9833144168979826,0.004038771614432335,6.891862942440756
CHEMBL370934,active,1,14.851113319396973,0.978210062721801,0.003416440449655056,6.963013176691197
CHEMBL203599,active,1,12.062623023986816,0.9675502231954866,0.004722793120890856,6.860664910337138
CHEMBL1095761,active,1,12.394582748413086,0.9281567442687223,0.004410841036587954,6.97518011272203
CHEMBL473553,active,1,13.429790496826172,0.9374219065159065,0.0030408368911594152,6.887729948999226
CHEMBL258694,active,1,12.426957130432127,0.9435317510765519,0.0028640555683523417,6.927028609634912
CHEMBL169514,active,1,11.607281684875488,0.989791869429462,0.0038818493485450745,6.879782651953981
CHEMBL81712,active,1,12.90054702758789,0.9581093984150535,0.0027609902899712324,6.903614204344415
CHEMBL255866,active,1,12.038177490234377,0.9708566470651165,0.005062074866145849,6.872764569940652
CHEMBL408683,active,1,11.694445610046388,0.9567305020147705,0.002644645282998681,6.952602450070959
CHEMBL166307,active,1,12.755488395690918,0.9634448750835293,0.004301142413169146,6.872475739208705
CHEMBL1421,active,1,11.268098831176758,0.9883850663416716,0.0038227608893066645,6.896970081427839
CHEMBL80540,active,1,12.02635669708252,0.9895378786105725,0.003897677408531308,6.88793934968827
CHEMBL207674,active,1,13.800334930419922,0.9913338570762796,0.003637725254520774,6.922339279895443
CHEMBL207037,active,1,13.677009582519531,0.9815028271231172,0.0029089779127389193,6.9414355841676745
CHEMBL178265,active,1,12.230916976928713,0.9543827022454816,0.002507219323888421,6.938468619374663
CHEMBL258940,active,1,11.379091262817385,0.9824984301951935,0.0035044776741415262,6.911752868880644
CHEMBL398960,active,1,11.28298568725586,0.9696485535233801,0.0030468690674751997,6.907940329844267
CHEMBL328977,active,1,10.987194061279297,0.9708733972450584,0.0061207604594528675,6.823921037378982
CHEMBL939,active,1,13.554595947265623,0.974826687064815,0.004221880342811346,6.873424225341705
CHEMBL455433,active,1,11.086614608764648,0.9734150389579521,0.004831439349800348,6.920696209962276
CHEMBL180175,active,1,13.59414768218994,0.9439609266174211,0.002333857351914048,6.978952851921582
CHEMBL606403,active,1,11.946857452392578,0.9851997986223265,0.003410300239920616,6.914887817738639
CHEMBL193368,active,1,11.949934005737305,0.9797467750571768,0.003467703238129616,6.907056866356282
CHEMBL472581,active,1,12.168241500854492,0.9330338817981524,0.006665889173746109,6.887106937537427
CHEMBL583218,active,1,11.735834121704102,0.9798445458924895,0.004332605749368668,6.866862820147921
CHEMBL366580,active,1,12.335567474365234,0.9916545168987225,0.003225266933441162,6.922665204930268
CHEMBL138125,active,1,11.201523780822754,0.9949039727406734,0.00381741882301867,6.880163688831239
CHEMBL372112,active,1,12.120043754577637,0.9796445503001324,0.003329921280965209,6.9043417049431755
CHEMBL346863,active,1,13.556048393249512,0.917131188153819,0.002688545733690262,6.943526436467848
CHEMBL90595,active,1,10.875930786132812,0.9851437492707669,0.005038558971136808,6.847073100833953
CHEMBL453398,active,1,14.147100448608398,0.9939044136266147,0.003576927585527301,6.892974467596936
CHEMBL216048,active,1,11.192977905273438,0.9697932471963864,0.0029913035687059164,6.938949390181639
CHEMBL511623,active,1,13.893596649169922,0.9884647778826056,0.004033873323351145,6.891292540167692
CHEMBL480349,active,1,14.36610221862793,0.9933322968520305,0.003408261341974139,6.9364663255090155
CHEMBL178199,active,1,12.811838150024414,0.9884373186055023,0.003255080431699753,6.929072998508808
CHEMBL137364,active,1,10.634076118469238,0.9669285057321771,0.00529627176001668,6.859503951771
CHEMBL246492,active,1,11.95821762084961,0.9839835145103202,0.0031809473875910044,6.882665150927377
CHEMBL213560,active,1,11.85120964050293,0.9875068978311308,0.0035614476073533297,6.90473626187109
CHEMBL325589,active,1,11.605027198791504,0.9630282481406075,0.0027970485389232635,6.9424883258704115
CHEMBL471058,active,1,14.17569351196289,0.9730606624975527,0.0025197637733072042,6.950082954587168
CHEMBL206955,active,1,13.997549057006836,0.9926041523971338,0.0030038536060601473,6.9477866247474855
CHEMBL294475,active,1,11.695542335510254,0.9675667948672277,0.004430520813912153,6.8599995785699
CHEMBL120069,active,1,11.25637149810791,0.9496279678378389,0.0028080346528440714,6.894048204734824
CHEMBL51028,active,1,13.049641609191896,0.9599993486455567,0.003912804648280144,6.9427606833239945
CHEMBL28418,active,1,12.049057006835938,0.9942136835263774,0.004196933005005121,6.8645597495958
CHEMBL281543,active,1,12.506348609924316,0.9399720472981229,0.005685163661837578,6.835203568928781
CHEMBL569880,active,1,14.19959831237793,0.9799079020773193,0.0031044220086187124,6.912496962953355
CHEMBL1082012,active,1,14.032903671264648,0.9309272347402271,0.003996388986706734,6.937986644110913
CHEMBL30432,active,1,12.370977401733398,0.8885015332264434,0.007894988171756268,6.866002324980418
CHEMBL473944,active,1,11.894672393798828,0.9798906380200048,0.0036379043012857437,6.906827733058086
CHEMBL319620,active,1,11.655170440673828,0.9902041680982601,0.004468446597456932,6.882440036133185
CHEMBL519757,active,1,14.162554740905762,0.9915773531251155,0.0035158556420356035,6.909644624387654
CHEMBL65376,active,1,11.394749641418455,0.98700916965751,0.003508420428261161,6.883933761130732
CHEMBL474343,active,1,11.71759796142578,0.9908921772646303,0.0038527895230799913,6.843417869819311
CHEMBL144842,active,1,11.738758087158203,0.9865773590924514,0.004609344061464071,6.8657190936278125
CHEMBL246284,active,1,12.41798973083496,0.987142401995489,0.003308783285319805,6.881482182268654
CHEMBL332906,active,1,12.787479400634766,0.9360238158919425,0.0023543250281363726,6.968827937039256
CHEMBL368702,active,1,13.459656715393066,0.9877840783231867,0.0031376893166452646,6.9236962441182275
CHEMBL256297,active,1,14.001760482788086,0.9838203332528014,0.0036644681822508574,6.899543629666928
CHEMBL207869,active,1,12.345970153808594,0.9927732558611788,0.0040036519058048725,6.863160336679018
CHEMBL553137,active,1,14.732433319091797,0.9321280302620473,0.0024804528802633286,6.9410931703651055
CHEMBL304271,active,1,12.555755615234377,0.9839540973774018,0.003273656591773033,6.964335066752854
CHEMBL250924,active,1,12.805293083190918,0.9889874913877018,0.0031486349180340767,6.909659441557368
CHEMBL515082,active,1,14.20297908782959,0.9956814299688796,0.0033958747517317533,6.911399136446285
CHEMBL248391,active,1,11.417901992797852,0.9810409235630791,0.0026976782828569412,6.95377157371578
CHEMBL593860,active,1,12.956401824951172,0.9793423592690409,0.003067281097173691,6.898316413746803
CHEMBL162622,active,1,12.63819694519043,0.9659387455709302,0.004382441285997629,6.864359433361912
CHEMBL179164,active,1,11.908714294433594,0.9577827168030131,0.0035010632127523422,6.9117161478915055
CHEMBL381604,active,1,12.508121490478516,0.9895191788087776,0.004104705527424812,6.857824559840951
CHEMBL125920,active,1,13.605865478515623,0.9817434061241744,0.002814301522448659,6.924963905701741
CHEMBL257859,active,1,14.09138298034668,0.9810984143625718,0.0030978152062743902,6.947866595825588
CHEMBL460722,active,1,13.905742645263672,0.9651236038452716,0.004174308385699987,6.893939509487498
CHEMBL40130,active,1,14.122102737426758,0.9687369727474088,0.0034055039286613464,6.961863588154419
CHEMBL281467,active,1,10.650309562683104,0.9920810408303998,0.003437582403421402,6.907963748975463
CHEMBL446250,active,1,13.670694351196287,0.9614415397592566,0.004095620010048151,6.957562784865032
CHEMBL179652,active,1,12.518593788146973,0.9720286911184569,0.0026219349820166826,6.924731399291206
CHEMBL251700,active,1,10.858931541442873,0.9729812707750866,0.00549911567941308,6.849434099017426
CHEMBL461114,active,1,11.9707612991333,0.9884652125879954,0.0032889004796743393,6.8746912010809496
CHEMBL245799,active,1,11.814849853515623,0.9820428737640396,0.004317283630371094,6.921394974534452
CHEMBL426051,active,1,13.148747444152832,0.9755249933217072,0.0027864205185323954,6.931142962029831
CHEMBL144908,active,1,11.413363456726074,0.987542137017394,0.004537183325737715,6.872127930268908
CHEMBL485320,active,1,12.646957397460938,0.9464152984733821,0.004842101596295834,6.935565544461837
CHEMBL173498,active,1,12.00475025177002,0.9904476825215056,0.004085827153176069,6.855247934723806
CHEMBL193681,active,1,11.705910682678224,0.9798159370137752,0.003484594402834773,6.89970753585652
CHEMBL119977,active,1,12.575515747070312,0.9186746360694349,0.0028792284429073334,6.9088430525274545
CHEMBL330668,active,1,12.2457857131958,0.9790507080633063,0.003324671648442745,6.85625282532628
CHEMBL233325,active,1,12.841512680053713,0.9844667692939982,0.0036397455260157585,6.901239062696777
CHEMBL105436,active,1,11.178393363952637,0.9717131510347025,0.002578118583187461,6.956669402407503
CHEMBL542891,active,1,11.501778602600098,0.988270104648901,0.0033963872119784355,6.8742814312762945
CHEMBL203779,active,1,14.141469955444336,0.9859184721761364,0.003617445705458522,6.920674158579883
CHEMBL473437,active,1,14.444788932800291,0.9873252457836279,0.0034615350887179375,6.941031995754976
CHEMBL246072,active,1,12.020563125610352,0.9711949474368269,0.0030638056341558695,6.876619237167668
CHEMBL442749,active,1,12.447269439697266,0.9531016162949051,0.0031327817123383284,6.860369053797722
CHEMBL248114,active,1,11.626039505004885,0.9770790209296233,0.003916521091014147,6.9039571208160515
CHEMBL589588,active,1,11.732510566711426,0.9809966709155303,0.0030439116526395082,6.843598040279998
CHEMBL52882,active,1,10.624907493591309,0.9917396944572965,0.0036050453782081604,6.915771335615458
CHEMBL139307,active,1,13.731857299804688,0.9761030539637254,0.004818019922822714,6.885737272668409
CHEMBL359630,active,1,11.52422046661377,0.9919193282113239,0.002990149660035968,6.955606089208805
CHEMBL225721,active,1,12.965224266052246,0.9917464093470559,0.003974240273237228,6.925357298268955
CHEMBL395591,active,1,12.701720237731934,0.984159356390981,0.003056192072108388,6.900398456011875
CHEMBL355982,active,1,14.475854873657228,0.9857198074975253,0.004182226490229368,6.895290822239938
CHEMBL201307,active,1,11.058184623718262,0.9891375750445058,0.0027417230885475874,6.949011104714632
CHEMBL248220,active,1,11.866548538208008,0.8676015614425521,0.007299050688743591,6.932355991710677
CHEMBL399438,active,1,11.83592414855957,0.9798972928525153,0.004187524318695068,6.9226909579335985
CHEMBL509914,active,1,14.39627456665039,0.9838146981781949,0.0034340396523475647,6.888615967780877
CHEMBL447331,active,1,13.85154914855957,0.9803551872022224,0.004212808329612017,6.924526848513278
CHEMBL599863,active,1,12.476751327514648,0.9929677896655731,0.004085073713213205,6.897072101617598
CHEMBL420059,active,1,11.678205490112305,0.9784947398745257,0.0036039601545780897,6.904083960105716
CHEMBL555797,active,1,14.358681678771973,0.9896375464854353,0.0038985752034932375,6.878698446497425
CHEMBL590109,active,1,11.78107738494873,0.9713629102263373,0.0024570587556809187,6.946762290647508
CHEMBL57758,active,1,13.452193260192873,0.9811028177096395,0.003588614286854863,6.921870665895726
CHEMBL75177,active,1,10.829560279846191,0.9816881324902437,0.003588462946936488,6.839783574062593
CHEMBL215973,active,1,13.84965705871582,0.9799653490675432,0.0029671648517251015,6.934979327392478
CHEMBL332333,active,1,10.173943519592283,0.9343664109618831,0.0031980443745851517,6.874414092481259
CHEMBL94019,active,1,10.404889106750488,0.9922131323418035,0.003521565580740571,6.895864939177756
CHEMBL93386,active,1,10.937280654907228,0.9703463976410246,0.00607269024476409,6.827316410415162
CHEMBL399372,active,1,11.35439395904541,0.9759781168308389,0.002634000265970826,6.915785184490378
CHEMBL172652,active,1,12.14926052093506,0.9938521056121657,0.0032641629222780466,6.910070236707327
CHEMBL39355,active,1,13.31494140625,0.9799019981112338,0.0038887050468474627,6.888185619919592
CHEMBL355330,active,1,11.66478157043457,0.9384179320570287,0.002602408407256007,6.906206024212313
CHEMBL248322,active,1,12.420953750610352,0.9768731895710563,0.004072182346135378,6.858483893023985
CHEMBL219557,active,1,12.649160385131836,0.9532718836002916,0.002772857202216983,6.923545169075373
CHEMBL53898,active,1,11.689969062805176,0.9871666440742239,0.004391174763441086,6.85424940134661
CHEMBL304971,active,1,12.110555648803713,0.951208596637859,0.005533191841095686,6.894362032098993
CHEMBL462162,active,1,11.820825576782228,0.960073895242029,0.0028602525126188993,6.9039946935353464
CHEMBL253292,active,1,12.771697998046877,0.9830741314875862,0.0034067779779434204,6.893175469424524
CHEMBL122245,active,1,14.905556678771973,0.9384481188603973,0.0025961040519177914,6.981407390658484
CHEMBL234580,active,1,12.810307502746582,0.9888510175414049,0.0036215235013514757,6.893890675724803
CHEMBL338049,active,1,13.387547492980955,0.9097508529309659,0.003656936576589942,6.883274720974957
CHEMBL165574,active,1,12.449606895446776,0.9655267439558998,0.0043391697108745575,6.884255648634229
CHEMBL182254,active,1,14.678478240966797,0.9629199668602346,0.0045242272317409515,6.887106297347168
CHEMBL53711,active,1,14.353410720825195,0.9786919341776673,0.002955277683213353,6.9189166216019515
CHEMBL179458,active,1,12.297426223754885,0.9528905680628873,0.0027031518984586,6.914733217514929
CHEMBL168915,active,1,11.60929012298584,0.9893057802940924,0.0035023873206228018,6.889496316824967
CHEMBL179363,active,1,13.183234214782717,0.9865446259633556,0.002915693446993828,6.949793936836436
CHEMBL245800,active,1,11.568824768066406,0.9868859159195652,0.0031384059693664312,6.96429635385026
CHEMBL149512,active,1,14.763259887695312,0.9565157313657603,0.0025734882801771164,6.934949071235536
CHEMBL316127,active,1,14.041236877441406,0.9560090348678716,0.005336455535143614,6.8629003134068345
CHEMBL127223,active,1,11.626138687133787,0.9230888146869549,0.0034432897809892893,6.882844663928097
CHEMBL516365,active,1,11.461055755615234,0.9665872786532665,0.004305834416300058,6.912644004916176
CHEMBL474147,active,1,11.976851463317873,0.9695056425056773,0.0049087535589933395,6.899875999118138
CHEMBL179577,active,1,12.420353889465332,0.9842526341014401,0.003047170815989375,6.929077991226174
CHEMBL22978,active,1,10.965660095214844,0.9765217309740002,0.003002535318955779,6.914381209871039
CHEMBL572881,active,1,10.582073211669922,0.9884738474479621,0.005219681654125452,6.842461138883001
CHEMBL132466,active,1,11.415575981140137,0.9774055791817762,0.0030269233975559473,6.935928862355676
CHEMBL1171792,active,1,10.725838661193848,0.9121562076865734,0.003637615591287613,6.857242393887594
CHEMBL111197,active,1,11.91964054107666,0.9594778484911908,0.004000502172857523,6.961391497692346
CHEMBL153525,active,1,13.75210189819336,0.948103928514069,0.0027355626225471497,6.974174206013595
CHEMBL475761,active,1,14.453859329223633,0.9684828542492306,0.005233412142843008,6.920167692125747
CHEMBL597200,active,1,11.217087745666504,0.9892112350665568,0.003991237375885248,6.866201485915402
CHEMBL460723,active,1,14.051641464233398,0.9824748870888461,0.0032500659581273794,6.922654473540069
CHEMBL122068,active,1,12.438945770263672,0.8712163889914032,0.003240718273445964,6.911918151735472
CHEMBL489313,active,1,14.04247760772705,0.9742071497178226,0.00431205565109849,6.929241735768734
CHEMBL212965,active,1,13.830646514892578,0.9867154346776542,0.0037314763758331537,6.914686018744608
CHEMBL251498,active,1,13.547579765319824,0.9488899514003648,0.006517038214951754,6.827283665765798
CHEMBL311129,active,1,12.416631698608398,0.9511136194595924,0.002445424208417535,6.954860459016281
CHEMBL92902,active,1,11.405959129333496,0.9726507073153132,0.005365998018532991,6.852249397177989
CHEMBL1173814,active,1,10.421048164367676,0.9755373939000115,0.004061358515173197,6.949081811639841
CHEMBL270448,active,1,14.952452659606934,0.9629823183042565,0.0050996411591768265,6.927124206928796
CHEMBL250132,active,1,14.751314163208008,0.9524902584123583,0.0032573137432336807,6.8601605100297895
CHEMBL1098120,active,1,11.64275074005127,0.9849104248617299,0.00361108616925776,6.881931720496659
CHEMBL554983,active,1,10.595236778259276,0.9619966114843795,0.0032104868441820145,6.858657354074053
CHEMBL516022,active,1,11.812944412231444,0.983160348258636,0.0038730029482394457,6.919269389203139
CHEMBL7866,active,1,10.772395133972168,0.9366646867911459,0.0026257720310240984,6.9465891371330795
CHEMBL179572,active,1,12.690185546875,0.9660173648437296,0.0025931752752512693,6.9306509824804845
CHEMBL473427,active,1,14.702841758728027,0.9871129851381742,0.004353644326329231,6.920322141818389
CHEMBL67027,active,1,11.948282241821287,0.9937134591528284,0.0038540351670235395,6.915973237023852
CHEMBL179123,active,1,13.05276870727539,0.9920288750287239,0.0032607819885015488,6.922645938168913
CHEMBL31276,active,1,12.511577606201172,0.9765051916223094,0.002693278482183814,6.92777101968621
CHEMBL204467,active,1,13.92514419555664,0.981635891789162,0.0037662151735275984,6.930518231452627
CHEMBL415738,active,1,12.736862182617188,0.9797658352154622,0.0036099832504987717,6.9102158918796786
CHEMBL69960,active,1,11.60413932800293,0.9907014224385,0.003456481033936143,6.8866526336102645
CHEMBL360958,active,1,11.520307540893556,0.9922863488744026,0.003206416266039014,6.9132282474138815
CHEMBL53426,active,1,12.024993896484377,0.9832871043906627,0.0037173526361584663,6.898231416305396
CHEMBL417420,active,1,12.559067726135254,0.9661099747439211,0.0045060827396810055,6.8696507120285215
CHEMBL461113,active,1,13.925058364868164,0.9720099348991117,0.004539291840046644,6.868033379091791
CHEMBL51228,active,1,12.536864280700684,0.9868206401731405,0.003472760086879134,6.9121430648472995
CHEMBL578255,active,1,12.319859504699709,0.9581957320587917,0.0048761828802526,6.872315667745032
CHEMBL250923,active,1,11.604133605957031,0.991593902238791,0.003711901605129242,6.866485261646519
CHEMBL155100,active,1,14.858612060546877,0.9886321659863744,0.00322002568282187,6.923489511221776
CHEMBL180227,active,1,11.96778392791748,0.9760234364495667,0.0026740531902760267,6.917639139393217
CHEMBL247127,active,1,11.322881698608398,0.981830890209503,0.0029487283900380135,6.862073797434207
CHEMBL378370,active,1,13.815948486328123,0.9830482380098409,0.003263739636167884,6.9176236285738035
CHEMBL251123,active,1,11.8018159866333,0.9760029830331027,0.0037567398976534605,6.887063887297497
CHEMBL1173718,active,1,10.946353912353516,0.9875417080199695,0.0030465663876384497,6.955567554672983
CHEMBL76444,active,1,10.66024398803711,0.8824051758089384,0.0032171905040740967,6.8669973825082735
CHEMBL243410,active,1,13.290194511413574,0.971356702568647,0.003195732133463025,6.9433145130664915
CHEMBL265629,active,1,13.091217041015623,0.9819509695747063,0.004192457068711519,6.856709393503975
CHEMBL250524,active,1,12.19183349609375,0.9518200054579261,0.0029834387823939323,6.8887129252302035
CHEMBL510597,active,1,14.16368293762207,0.9677410634305242,0.004517183173447847,6.878185196600464
CHEMBL178312,active,1,13.197457313537598,0.9929535409403228,0.003183057764545083,6.921064868962996
CHEMBL490496,active,1,12.501543045043944,0.9328773865979036,0.005666741635650396,6.827282428689583
CHEMBL461967,active,1,13.417773246765137,0.9936503763691227,0.0037292486522346735,6.91461006860937
CHEMBL153419,active,1,12.67389965057373,0.9752529358572106,0.002859522821381688,6.887838657811133
CHEMBL126192,active,1,11.954705238342283,0.9502094691397859,0.002910443814471364,6.886083792438853
CHEMBL279334,active,1,13.618659973144531,0.9904772486754297,0.0032027780544012785,6.8713189552358775
CHEMBL213007,active,1,13.494665145874023,0.9901468489960462,0.0035100707318633795,6.908514315579612
CHEMBL380972,active,1,14.02397918701172,0.9830483296654196,0.003170690732076764,6.93681451014111
CHEMBL91428,active,1,12.663874626159668,0.9560795498936924,0.0027411095798015594,6.913395659145189
CHEMBL327023,active,1,10.08640193939209,0.99524408361859,0.0035270426888018847,6.889285821579276
CHEMBL299672,active,1,13.314745903015137,0.9775019066484144,0.0037222448736429214,6.917735392001184
CHEMBL444619,active,1,14.256332397460938,0.9855686874759293,0.0030442692805081606,6.929271859562208
CHEMBL474524,active,1,11.984561920166016,0.9788300225842903,0.0033779593650251627,6.937685561248228
CHEMBL396079,active,1,12.48439598083496,0.9829378342427738,0.003006730927154422,6.858456258424208
CHEMBL428741,active,1,13.501118659973145,0.9844420953058965,0.003166002221405506,6.922370804197064
CHEMBL583403,active,1,12.053608894348145,0.9497912402289719,0.004705445375293493,6.903140949374011
CHEMBL248115,active,1,11.62939739227295,0.9641897134422079,0.004378825426101685,6.857625045239569
CHEMBL225929,active,1,12.44953727722168,0.9754792003748962,0.0041311657987535,6.890629076915582
CHEMBL391778,active,1,12.17677402496338,0.9688654869379915,0.0035317724104970694,6.906773100668145
CHEMBL92356,active,1,11.591456413269045,0.9622903603639826,0.006071966141462326,6.845709549205079
CHEMBL205059,active,1,11.960016250610352,0.9769025861701031,0.00439448282122612,6.8680740482636455
CHEMBL153409,active,1,14.451972007751465,0.9617200843995158,0.002773864893242717,6.9030410890300296
CHEMBL179310,active,1,13.45272159576416,0.9900995415376415,0.0028831211384385824,6.937487271667225
CHEMBL178096,active,1,11.649158477783203,0.9796042919624376,0.0028926015365868807,6.926640265924899
CHEMBL404405,active,1,14.6082763671875,0.991634431769493,0.0029810515698045492,6.939745782384427
CHEMBL448172,active,1,12.099491119384766,0.95597519628733,0.004699584096670151,6.887251730202696
CHEMBL306732,active,1,11.943501472473145,0.9049609270051938,0.003636903828009963,6.862025277659775
CHEMBL39320,active,1,13.673194885253906,0.9721938789931086,0.0028464423958212137,6.920524844675171
CHEMBL63786,active,1,14.555508613586426,0.9859489699429694,0.0034241212997585535,6.9198982258795745
CHEMBL1077305,active,1,12.368094444274902,0.9718559123471842,0.0031856081914156675,6.976066074624102
CHEMBL436137,active,1,12.158738136291504,0.9195403117962851,0.0048368144780397415,6.953674494372619
CHEMBL356324,active,1,10.854371070861816,0.955470894297503,0.003052592510357499,6.928840982445506
CHEMBL175556,active,1,11.80531120300293,0.9928817656901755,0.003440890461206436,6.891828175574229
CHEMBL311109,active,1,13.40980339050293,0.985540038625012,0.004434663336724043,6.928801824312696
CHEMBL1172843,active,1,12.003913879394531,0.9780181978743444,0.002887394279241562,6.949516370578963
CHEMBL372246,active,1,11.893698692321776,0.9650691562500558,0.005776789039373398,6.802670369760472
CHEMBL176582,active,1,14.586413383483888,0.9711801979709329,0.002839264227077365,6.943336856071051
CHEMBL424093,active,1,11.639144897460938,0.9927050240621301,0.004093943629413843,6.8910830902089835
CHEMBL74722,active,1,13.194811820983888,0.8593255402452288,0.0023770479019731283,6.962230675687342
CHEMBL308593,active,1,13.437481880187988,0.9194232134148661,0.002624898450449109,6.956241683850942
CHEMBL28148,active,1,13.150701522827148,0.9705526162361232,0.0038214456290006638,6.926813776316777
CHEMBL602728,active,1,11.64573860168457,0.9892399653276199,0.0030363546684384346,6.893259134007198
CHEMBL125086,active,1,14.51557159423828,0.9789382511471035,0.00361114670522511,6.903573753085984
CHEMBL607707,active,1,13.024989128112791,0.9782086436556888,0.002837381325662136,6.939810493161595
CHEMBL498133,active,1,12.547388076782228,0.9948049030457256,0.0037550644483417273,6.8769704059546335
CHEMBL283088,active,1,13.561497688293455,0.9772832601139018,0.004292223136872053,6.872458916937678
CHEMBL213874,active,1,10.54458999633789,0.9890817875027481,0.003344607772305608,6.905044493039759
CHEMBL205284,active,1,13.190353393554688,0.9774197952193368,0.003820570185780525,6.888732581734688
CHEMBL281872,active,1,12.486594200134276,0.9880500215474403,0.003167408285662532,6.91667352546081
CHEMBL592457,active,1,11.736175537109377,0.9897797476806224,0.003999212756752968,6.902330975967297
C09963331,decoy,0,11.43588161468506,0.9581556895768519,0.006788721773773432,6.886023287116364
C01898749,decoy,0,12.22214698791504,0.9872903777494589,0.003676725784316659,6.9267020861231705
C13567652,decoy,0,10.623754501342772,0.9933676817854414,0.004146865103393793,6.884380296677351
C13507534,decoy,0,11.865564346313477,0.9915213585580629,0.0035967824514955282,6.884862994384653
C38872855,decoy,0,11.253510475158691,0.962466351380322,0.004289174452424049,6.865009134835452
C40231287,decoy,0,10.116500854492188,0.9836984197751157,0.003664189949631691,6.878914476907324
C39313499,decoy,0,11.492624282836914,0.9803128918544012,0.00353074143640697,6.918110115369084
C10908286,decoy,0,11.35326862335205,0.9688958474413534,0.00257054902613163,6.925913098157366
C38714729,decoy,0,10.845436096191406,0.9845007211503998,0.0031040767207741737,6.936281944504505
C13150992,decoy,0,10.916831016540527,0.9949534553670204,0.004050178453326225,6.886607890791323
C10575451,decoy,0,10.657865524291992,0.9922403061157193,0.004998466931283474,6.79138577425874
C09124607,decoy,0,11.279516220092772,0.9927035820627498,0.0033935641404241323,6.906560118746601
C04109065,decoy,0,11.593674659729004,0.9839894872671416,0.005933546926826239,6.8411077122532635
C21135427,decoy,0,10.933380126953123,0.9692287184673665,0.0034000359009951353,6.878480742612295
C02387673,decoy,0,11.5833101272583,0.9485460067075017,0.0030580556485801935,6.8869790239473385
C17014323,decoy,0,11.919979095458984,0.9842305873027769,0.003839828772470355,6.867962167574991
C36495372,decoy,0,10.893194198608398,0.995408273390265,0.003571712411940098,6.942472225080515
C23946925,decoy,0,10.95901107788086,0.9923791124261743,0.0037285173311829567,6.826599532505857
C00114173,decoy,0,11.818890571594238,0.9545804122370006,0.0035012615844607353,6.90981950314343
C39413348,decoy,0,11.472589492797852,0.9463446939467218,0.00885069277137518,6.910200144794985
C08462813,decoy,0,10.949037551879885,0.9901733702994141,0.003269141772761941,6.9257798016340795
C29641314,decoy,0,11.639790534973145,0.9906792364407895,0.0035878124181181192,6.8845884510318065
C62811381,decoy,0,10.63369083404541,0.9699442042383639,0.0027324373368173838,6.940488075955786
C08436133,decoy,0,11.8165864944458,0.9302266625896763,0.003807902568951249,6.816444077060967
C37443898,decoy,0,11.345787048339844,0.9884257983960287,0.004476204048842192,6.871507627836818
C39635919,decoy,0,10.660685539245604,0.9851933624780213,0.004025445785373449,6.899344540538869
C18527096,decoy,0,11.948144912719728,0.9224686351369686,0.003490269184112549,6.87374780090351
C06648358,decoy,0,11.943232536315918,0.9948166141902662,0.00432922225445509,6.873655744375144
C18355934,decoy,0,10.564996719360352,0.9671367575451116,0.0034818213898688555,6.898280636388719
C23125435,decoy,0,11.041089057922363,0.9550923270712035,0.0029620893765240908,6.9258800121515876
C36587483,decoy,0,10.815752029418944,0.9724571613668214,0.003245837287977338,6.893839407991326
C14456863,decoy,0,11.894947052001951,0.9924054245925321,0.003778135636821389,6.882221392802183
C15867874,decoy,0,11.377869606018066,0.935263932807877,0.004762104246765375,6.860235031920845
C37254889,decoy,0,11.522315979003906,0.9420467509647421,0.004359238315373659,6.895295564980246
C03537236,decoy,0,11.311324119567873,0.9584929904178342,0.0028986018151044846,6.925546039358303
C40019609,decoy,0,11.256329536437988,0.9864239538208083,0.003309382824227214,6.890256118648469
C63384361,decoy,0,11.349382400512695,0.9909233362754065,0.003260676981881261,6.861246999507916
C37928838,decoy,0,11.87461280822754,0.9854639685734091,0.0035592287313193083,6.912423705956783
C59427667,decoy,0,12.34400749206543,0.9504155149546141,0.002923957072198391,6.9283409654801025
C16460974,decoy,0,12.010168075561523,0.9456977907329629,0.0030863669235259295,6.888187597255697
C35279263,decoy,0,11.75759506225586,0.9261077616748115,0.004717870149761438,6.919718876486439
C33937119,decoy,0,11.11190414428711,0.9924252302402512,0.0044144825078547,6.91870001509464
C42294529,decoy,0,11.309392929077148,0.9796903221579264,0.0023249832447618246,6.982022516446376
C39635384,decoy,0,10.911481857299805,0.9938208120757647,0.003609191393479705,6.894266541438583
C01418921,decoy,0,13.22732925415039,0.9887787721789849,0.0029398940969258547,6.894612484270771
C39676511,decoy,0,10.68796443939209,0.9891342486699326,0.003880751086398959,6.8692261805231265
C09358981,decoy,0,11.894933700561523,0.9514644787296962,0.0040666782297194,6.932776143863212
C39667178,decoy,0,10.818902969360352,0.9901877171202966,0.003498730016872287,6.881821570681794
C62977224,decoy,0,10.946732521057127,0.9908329501511557,0.0038250740617513657,6.8777150240168865
C12325049,decoy,0,11.81906795501709,0.8187823329151781,0.005456719547510147,6.923058972282988
C52566133,decoy,0,11.872932434082031,0.9761752150963092,0.002684869570657611,6.9371026712509245
C63480010,decoy,0,11.676437377929688,0.9817961836712756,0.003133937017992139,6.876336063787447
C06659059,decoy,0,11.787150382995604,0.9424660579833548,0.0032798955217003822,6.881365859949802
C67080408,decoy,0,11.803622245788574,0.9043926841188435,0.003184918314218521,6.901243553901623
C12620128,decoy,0,10.854900360107422,0.9340014078477807,0.005809300113469362,6.869928024890513
C14022329,decoy,0,11.805213928222656,0.9799431695731886,0.0032885486725717783,6.8575636249710055
C14882220,decoy,0,10.729451179504396,0.9332761630185645,0.004211429972201586,6.885637631227995
C64664465,decoy,0,11.983285903930664,0.9574838179250224,0.002631874056532979,6.9377900258818785
C39678561,decoy,0,10.75014305114746,0.9669023139781634,0.004233818966895342,6.892986908431567
C34979193,decoy,0,10.297748565673828,0.9898574002060874,0.004755532834678888,6.835858585315004
C12565519,decoy,0,10.929067611694336,0.9494404170026404,0.0035842887591570616,6.8551826812612235
C00327160,decoy,0,11.05057430267334,0.9725235073156283,0.003908583428710699,6.9472779676933385
C09600940,decoy,0,11.31163501739502,0.9405373007180022,0.004087129607796669,6.875605568687646
C15016650,decoy,0,10.725196838378906,0.9742279199028586,0.0031730991322547197,6.872263101651261
C48288032,decoy,0,11.12200927734375,0.9947099104353008,0.004413236398249865,6.847141977974218
C36065889,decoy,0,10.586255073547363,0.964729165788285,0.004105315078049898,6.896300490422099
C12487582,decoy,0,10.71365737915039,0.9740411456508077,0.0061351098120212555,6.876992930141681
C58980029,decoy,0,11.210172653198242,0.9673580700305198,0.0029039501678198576,6.919429102787481
C36308132,decoy,0,11.414158821105955,0.9708818477837833,0.0029151085764169693,6.91645227234649
C49205170,decoy,0,11.75927448272705,0.9763130797993121,0.0035712786484509706,6.923920897339468
C09483398,decoy,0,12.68231201171875,0.9581260946945689,0.004652182571589947,6.927865112690922
C63411818,decoy,0,11.190431594848633,0.9897160606218396,0.004253951832652092,6.870702509157142
C24986374,decoy,0,11.596561431884766,0.9629558320801769,0.003546294057741761,6.944294721725516
C23648551,decoy,0,10.268960952758787,0.9563021422732843,0.0036062675062566996,6.917836692275253
C36718396,decoy,0,11.817852020263672,0.9966774032616039,0.004014163743704557,6.82515875546779
C13065100,decoy,0,10.9528169631958,0.9870641315167619,0.004028948489576578,6.919050175005484
C39933409,decoy,0,11.213966369628906,0.9260894740686542,0.003415067447349429,6.86558130811181
C36206968,decoy,0,11.405457496643066,0.9869904728270347,0.003267345018684864,6.941790721420386
C64741070,decoy,0,11.384406089782717,0.9524738560813839,0.004415548872202635,6.938205035230297
C15401521,decoy,0,11.463723182678224,0.9608500493919377,0.005135219078511,6.887538644416653
C07748265,decoy,0,11.8939208984375,0.9727083212214989,0.003969335462898016,6.880340978248505
C01158668,decoy,0,11.427556037902832,0.9832560222506048,0.005167693365365267,6.854782273452498
C36068017,decoy,0,11.229965209960938,0.9368543492178303,0.005311565939337015,6.931077218735701
C22455144,decoy,0,10.669121742248535,0.9849919174990527,0.0035746460780501366,6.859806702434573
C31250415,decoy,0,10.87089729309082,0.9947262040768384,0.003993113059550524,6.881456155138245
C45696281,decoy,0,11.58457374572754,0.9615762721580616,0.004760347306728363,6.905595603727161
C13352346,decoy,0,11.792814254760742,0.9926446490251619,0.004431325010955334,6.927783634618061
C19236988,decoy,0,10.940352439880373,0.9256508103488783,0.0029211819637566805,6.933637095122618
C30689385,decoy,0,11.656188011169434,0.9358778738727975,0.0031086672097444534,6.908108753013187
C06900119,decoy,0,11.20131015777588,0.9762078372228342,0.003354583866894245,6.951767865839106
C39456407,decoy,0,10.865696907043455,0.962321263426396,0.003444985719397664,6.845007967013419
C08765435,decoy,0,10.786818504333496,0.9635106981465998,0.0036109730135649443,6.867050847430749
C01204161,decoy,0,11.946263313293455,0.9558413057798684,0.006882288958877325,6.824415534964159
C67132943,decoy,0,11.187434196472168,0.9834106787165864,0.0031748542096465826,6.89919596668735
C20289262,decoy,0,11.24007797241211,0.9861319595985735,0.00539410812780261,6.859444610005177
C63201984,decoy,0,11.47957706451416,0.9914058392193362,0.004176781978458166,6.868126621331515
C04017469,decoy,0,11.133014678955078,0.9678543519275529,0.0029116652440279722,6.90583396253798
C06077709,decoy,0,11.106635093688965,0.9883976582586361,0.003758752718567848,6.8779369766517044
C13008200,decoy,0,11.94092845916748,0.9844980027416914,0.0033679604530334473,6.927084190073638
C10064231,decoy,0,12.213275909423828,0.9917142305982452,0.0033735756296664476,6.93599518429391
C39671069,decoy,0,10.67652702331543,0.9739642036481058,0.0031313251238316298,6.891316604304596
C20678926,decoy,0,11.88429355621338,0.9952634051312959,0.003847234882414341,6.857936957099573
C33551463,decoy,0,11.036073684692385,0.8816290677794358,0.003867652965709567,6.875410213099197
C14994711,decoy,0,10.844799995422363,0.994214079082891,0.003818117780610919,6.870536846748662
C02256969,decoy,0,10.477422714233398,0.9906245213790434,0.004217539448291063,6.932140974749935
C12039847,decoy,0,12.03184986114502,0.9927308699916396,0.0034722352866083384,6.856583949108692
C39762619,decoy,0,10.3621826171875,0.9768166571672809,0.003444230416789651,6.933539796082524
C22000893,decoy,0,11.04042625427246,0.9047351740880156,0.005935234483331442,6.926028543859167
C20928976,decoy,0,10.470585823059082,0.996451533269619,0.0042226980440318584,6.871526516335762
C35246361,decoy,0,11.716435432434082,0.9571583056988584,0.00631112651899457,6.817318827965993
C62198656,decoy,0,10.823612213134766,0.9726414383659729,0.002839921275153756,6.908333056554115
C09428498,decoy,0,11.337432861328123,0.987195460574282,0.004570306744426489,6.830992569275683
C21364784,decoy,0,10.78795051574707,0.9851047404731672,0.0039917598478496075,6.858047184453672
C43547783,decoy,0,11.143162727355955,0.9368632608626138,0.005249310284852982,6.846436237828517
C38679227,decoy,0,10.927963256835938,0.993941769379193,0.0035674208775162697,6.892640324789268
C06082908,decoy,0,11.38353443145752,0.9778148930066364,0.0038904137909412384,6.906678652526163
C16656445,decoy,0,11.73709487915039,0.9919422157513209,0.004311990458518267,6.89222867243905
C09467755,decoy,0,11.817949295043944,0.9868280978832197,0.002722283825278282,6.924887863181315
C13722516,decoy,0,11.29333782196045,0.9897118222489601,0.0035314317792654037,6.919637260308357
C16833026,decoy,0,10.833017349243164,0.9920446524452856,0.0038282349705696106,6.81562821504972
C39866005,decoy,0,11.593727111816406,0.962172735553529,0.0027673887088894844,6.917657316724715
C39856156,decoy,0,11.888060569763184,0.9367760587226445,0.0037074785213917494,6.972901080077806
C06879832,decoy,0,11.807329177856444,0.9683169988403113,0.0029649699572473764,6.905919218447229
C14546651,decoy,0,10.627227783203123,0.9946043570817318,0.004183824174106121,6.858494749738803
C08700768,decoy,0,12.23668098449707,0.9514091620495425,0.0028752749785780907,6.9274965022914845
C36540909,decoy,0,10.801048278808594,0.9863735665318644,0.005544166546314955,6.868212732882034
C16492687,decoy,0,11.361181259155272,0.985226134427354,0.0027769797015935183,6.901213297312869
C08820993,decoy,0,11.729828834533691,0.9781367443186755,0.00379161536693573,6.833175421783116
C33729282,decoy,0,10.786909103393556,0.8803941473790042,0.006624103058129549,6.822425581080355
C28783576,decoy,0,11.619620323181152,0.980687885440422,0.003756178542971611,6.907548929241795
C06300500,decoy,0,11.119199752807615,0.9817264136312359,0.004784416873008013,6.908682333165495
C16495552,decoy,0,11.734792709350586,0.9959188585665167,0.0040763323195278645,6.87692364314174
C36287816,decoy,0,11.315128326416016,0.9927368240358062,0.004054732155054808,6.823671746226468
C05867364,decoy,0,10.196072578430176,0.966576496057053,0.00300588202662766,6.906712634488759
C44917576,decoy,0,11.369192123413086,0.9665993019617222,0.0037960063200443983,6.84034582275388
C21659003,decoy,0,11.4150390625,0.9527257654902361,0.0035445259418338537,6.9174408195820645
C12507682,decoy,0,11.178949356079102,0.9928373342891862,0.003285232000052929,6.92992183445533
C06053332,decoy,0,11.326523780822754,0.9793803911204487,0.0050681889988482,6.837181213837006
C13612613,decoy,0,12.206135749816896,0.8322386244154656,0.0034651001915335655,6.943896657535351
C39677607,decoy,0,10.74513053894043,0.9879350981236341,0.0038297201972454786,6.87973010055451
C45681162,decoy,0,10.830374717712402,0.9269536624492563,0.0050911810249090195,6.87225359156553
C35757929,decoy,0,11.404081344604492,0.9852650957946899,0.0031696835067123175,6.9312480509828855
C21518660,decoy,0,11.309110641479492,0.8951014557543076,0.0030483875889331102,6.848431179626815
C64497871,decoy,0,11.074113845825195,0.9729782978019501,0.002928777365013957,6.924111620144176
C63486180,decoy,0,10.964482307434082,0.9937032111011838,0.004228597041219473,6.907894297413445
C44270344,decoy,0,11.109140396118164,0.9792150733683531,0.003913880791515112,6.8604443214860495
C10645678,decoy,0,11.679898262023926,0.920573782430954,0.003067447105422616,6.920322490094583
C12871869,decoy,0,11.038046836853027,0.9931291100590955,0.00391416996717453,6.852747899023102
C36206790,decoy,0,11.468647956848145,0.9833901515597565,0.0035648129414767027,6.935980621071567
C58930012,decoy,0,11.228317260742188,0.9635815187073995,0.005659278016537428,6.894751711833603
C14244365,decoy,0,11.028145790100098,0.9901033037444017,0.004600942134857178,6.854473337662281
C09526586,decoy,0,11.341699600219728,0.9004037456717529,0.0027006499003618956,6.921365710410747
C01029450,decoy,0,11.175118446350098,0.965938261447513,0.002592397853732109,6.939256707877467
C21819656,decoy,0,10.59572410583496,0.9645521725149488,0.005542943254113197,6.850435062120052
C02480043,decoy,0,11.329358100891112,0.981370773885838,0.0039033812936395407,6.910687215284291
C39930494,decoy,0,10.698580741882324,0.9033256401570119,0.003128573065623641,6.904466609959025
C64143958,decoy,0,11.78719425201416,0.9822121755538976,0.0029946111608296633,6.913652035201881
C09435709,decoy,0,10.803872108459473,0.97857782012737,0.0036271081771701574,6.891251387030084
C36207083,decoy,0,11.8394136428833,0.9587316652614308,0.003787896828725934,6.94548693728288
C63686426,decoy,0,11.369423866271973,0.9743234185047106,0.002883972367271781,6.92566268966885
C46767622,decoy,0,11.351129531860352,0.9789104058809356,0.003549047512933612,6.965569734266818
C14022521,decoy,0,11.893912315368652,0.9933869573599468,0.003613431006669998,6.895955628375446
C24831540,decoy,0,11.744104385375977,0.9856150958425871,0.0034599050413817167,6.941264954978432
C13499417,decoy,0,11.715073585510254,0.9839547515248074,0.003228716552257538,6.974093808884643
C38660209,decoy,0,11.171500205993652,0.9821480878473681,0.003236062591895461,6.879671365987531
C22188011,decoy,0,10.9555025100708,0.9687612862207011,0.0036749120336025953,6.940819448842276
C21397278,decoy,0,11.77268123626709,0.9769406248891098,0.0025999320205301046,6.952553869404127
C00056866,decoy,0,14.575591087341309,0.9928750356672666,0.004372634459286928,6.8931105208082375
C13063725,decoy,0,11.31393814086914,0.989197024081405,0.003708377480506897,6.91181381797546
C09252225,decoy,0,11.713570594787598,0.9530579817716924,0.00482511380687356,6.865330828831311
C38191162,decoy,0,10.81416130065918,0.9728449515764479,0.005201220978051424,6.888663260022485
C30977949,decoy,0,10.861702919006348,0.9492286351218878,0.005145363509654999,6.953143762554516
C37021886,decoy,0,11.701176643371582,0.9483916591239477,0.0028012616094201803,6.8978250488412804
C65390709,decoy,0,11.827031135559082,0.9905509669206091,0.004346424248069525,6.782741946996285
C39966183,decoy,0,11.52574062347412,0.9815624629175607,0.003033020766451955,6.9070063701356705
C65503924,decoy,0,10.70235824584961,0.9126453983464117,0.007687471341341734,6.909486908783025
C15675830,decoy,0,10.481264114379885,0.9840063314678632,0.00318880844861269,6.884552166922157
C67105182,decoy,0,10.885394096374512,0.9572909573124461,0.004517464432865381,6.858383989903
C06480150,decoy,0,11.748971939086914,0.8952737395800044,0.0038213999941945076,6.929087602312552
C38965655,decoy,0,11.871682167053224,0.9909514343891024,0.003636619308963418,6.88452843792478
C01050667,decoy,0,11.17405128479004,0.9805177763232957,0.002883479231968522,6.911365225252586
C22861624,decoy,0,11.650601387023926,0.9535182907280837,0.005054532550275326,6.880438788919698
C08455910,decoy,0,10.748628616333008,0.9851928260649778,0.004286759998649359,6.856839636976774
C12927740,decoy,0,11.528036117553713,0.9646912223978734,0.0038854053709656,6.868206671216712
C00120580,decoy,0,12.055693626403809,0.9884685137396424,0.005583418067544699,6.893167658690309
C03315732,decoy,0,11.33319854736328,0.9528387131681176,0.0026934391353279352,6.954525109642955
C39919005,decoy,0,10.455341339111328,0.9759417395310911,0.0030132478568702936,6.945290053095451
C14105972,decoy,0,10.512639045715332,0.9866431010116026,0.004038640763610601,6.90541844999907
C61684145,decoy,0,11.021772384643556,0.973271331771878,0.004461646545678377,6.868964489526786
C36126090,decoy,0,11.08702564239502,0.9000270524424034,0.0035447292029857635,6.866979301113707
C59267043,decoy,0,11.2647123336792,0.81171833784146,0.012688572518527508,6.875458472512747
C19847862,decoy,0,11.32158088684082,0.9816249669633543,0.004375134129077196,6.913982393354633
C39672079,decoy,0,10.677009582519531,0.9830533439192756,0.0032794505823403597,6.869345766115883
C05351929,decoy,0,11.844141960144045,0.9864650334983122,0.002947373315691948,6.933936094767946
C21222571,decoy,0,12.451984405517578,0.9829766208949698,0.004278208129107952,6.89095316624269
C40982233,decoy,0,11.240095138549805,0.9806630006094916,0.004125342704355717,6.878394601819
C15546812,decoy,0,10.72087860107422,0.9807637454198559,0.004845328163355589,6.869553575456882
C13065409,decoy,0,11.715822219848633,0.9881594932409457,0.003184789791703224,6.937243211008136
C08659312,decoy,0,10.412467956542969,0.9689866479536743,0.0025711478665471077,6.96398958033551
C40741678,decoy,0,11.019195556640623,0.9238155986532531,0.004764941055327654,6.890065163640011
C67190414,decoy,0,11.09115982055664,0.9701966903310631,0.006241712253540754,6.839486448675503
C60168639,decoy,0,12.086158752441406,0.9450250327677461,0.005776554346084595,6.844036985475816
C10103145,decoy,0,12.193228721618652,0.977888763958151,0.003097719280049205,6.976263616518447
C33035686,decoy,0,11.692917823791504,0.9829117671756291,0.004705179017037153,6.854818908920599
C53646236,decoy,0,11.132978439331056,0.9724515927887152,0.004986052867025137,6.926226436765642
C38707391,decoy,0,11.087392807006836,0.9929245423493364,0.003555949544534087,6.907056117115655
C38520241,decoy,0,11.550190925598145,0.9443653444158685,0.003023982048034668,6.917427447746986
C63165325,decoy,0,11.965181350708008,0.9921817728245804,0.003593787783756852,6.887115343028661
C33897395,decoy,0,11.413910865783691,0.9798945865452787,0.0029603473376482725,6.920210824812103
C12589279,decoy,0,10.47103500366211,0.9763963548735591,0.002739075804129243,6.902998931387847
C35710481,decoy,0,11.13923454284668,0.9874628107351462,0.004282732028514147,6.842880858268376
C64735019,decoy,0,10.705618858337402,0.9779743630215028,0.0038963239639997482,6.878461952851244
C66396691,decoy,0,10.807937622070312,0.9921193783218933,0.0037726645823568106,6.939236307121516
C06408532,decoy,0,11.29729461669922,0.9531183709560921,0.0036385534331202507,6.9438945983163265
C09235404,decoy,0,11.532510757446287,0.9834251095487662,0.0033766459673643112,6.913229356830412
C09310130,decoy,0,10.652116775512695,0.9303872910921809,0.005013084504753351,6.91197459650413
C20876866,decoy,0,10.882482528686523,0.9323813259258551,0.004509430378675461,6.863784950483481
C42318524,decoy,0,11.50936222076416,0.9941949550423137,0.003573088673874736,6.907697400423329
C28350737,decoy,0,11.668522834777832,0.9931851695039858,0.003206215100362897,6.920916954669274
C48261991,decoy,0,11.939327239990234,0.9580473852548458,0.00520292529836297,6.8361902872241
C22224411,decoy,0,10.631051063537598,0.9717734534609276,0.005107451695948839,6.913591949951471
C01886702,decoy,0,10.946399688720703,0.9658146611985954,0.003992222715169191,6.954594338940378
C39678231,decoy,0,10.82571792602539,0.9774285739739177,0.0040417625568807125,6.869451350844163
C01202427,decoy,0,10.97792148590088,0.9840598498230771,0.003983217757195234,6.832296335251577
C23683898,decoy,0,11.601840019226074,0.9906611365000831,0.004527161363512278,6.890469855639187
C41124176,decoy,0,10.445234298706056,0.9068117606014799,0.003909882623702288,6.921252031879682
C36027121,decoy,0,11.841068267822266,0.9818682091035843,0.0036866485606878996,6.884325064236822
C39355138,decoy,0,11.824358940124512,0.9457335675821177,0.002872470999136567,6.920070638672003
C00339952,decoy,0,11.145501136779783,0.9547365401308415,0.0036236753221601248,6.97646700774353
C45599671,decoy,0,11.744518280029297,0.9820180569591889,0.003887473838403821,6.878468610766755
C64565643,decoy,0,11.68221664428711,0.9733293843421796,0.0031494542490690947,6.875348319718505
C62893374,decoy,0,11.204509735107422,0.9898761511254289,0.004022630397230387,6.896325364660342
C28165348,decoy,0,10.80935764312744,0.9797686270458423,0.0032152216881513596,6.9222487674871385
C36500854,decoy,0,10.668804168701172,0.9877716797809871,0.005426991730928421,6.885350699723143
C40987366,decoy,0,10.45246410369873,0.9692714247743409,0.0044756093993783,6.906256757340465
C11515432,decoy,0,11.273030281066896,0.9397568699701804,0.003998223226517439,6.910220251912146
C09404328,decoy,0,12.118462562561035,0.9860825241769917,0.0030463498551398516,6.924224012844409
C39688730,decoy,0,10.785115242004396,0.9896033877708893,0.003586837090551853,6.883472945257117
C65892594,decoy,0,11.644556999206545,0.9764778263630768,0.0035748619120568037,6.8649371436695805
C45555044,decoy,0,11.642146110534668,0.9601618446235034,0.002650069771334529,6.928938056207571
C59385120,decoy,0,12.07257080078125,0.9916478364162461,0.004930834751576185,6.863649923116611
C48183312,decoy,0,11.75562572479248,0.9691883217806636,0.005565923172980547,6.872176443356212
C56206904,decoy,0,11.59188175201416,0.9348631792891143,0.00559663400053978,6.842796979986276
C63961737,decoy,0,11.117576599121094,0.9876824944659233,0.0033986514899879694,6.874950101173118
C38597967,decoy,0,11.831857681274414,0.9902710893476796,0.004710981156677008,6.879802744113508
C08922867,decoy,0,11.832101821899414,0.9874129331078103,0.005339520517736673,6.82067328827328
C00917055,decoy,0,11.320013999938965,0.9741925283061467,0.0033169148955494165,6.953124325232221
C63974723,decoy,0,11.713248252868652,0.9930558159924511,0.003948789555579424,6.881260466529959
C49211752,decoy,0,11.869465827941896,0.9851170962242981,0.004253765568137169,6.891185553724693
C23228391,decoy,0,10.521814346313477,0.9922425530313187,0.004450026899576187,6.8631463797544905
C38660051,decoy,0,11.273114204406738,0.9932975107177042,0.003717747749760747,6.933150853553965
C25570750,decoy,0,11.166863441467283,0.8745506752834485,0.0031698637176305056,6.907261365281354
C58017095,decoy,0,10.476117134094238,0.9726139790574628,0.0035968858283013105,6.853634815330699
C35829408,decoy,0,11.041181564331056,0.9793328422332154,0.003789055859670043,6.883245108700907
C40317097,decoy,0,11.52131462097168,0.9785478157614987,0.003592788241803646,6.897345691913569
C35545253,decoy,0,10.72032356262207,0.9637173081352209,0.005372144747525454,6.889203031259421
C39942171,decoy,0,10.569541931152344,0.9711320702349386,0.00324034015648067,6.871598758890411
C18103943,decoy,0,11.470067977905272,0.987707226265141,0.003555402858182788,6.829759388174196
C04789083,decoy,0,11.755172729492188,0.9933402179517147,0.004136880859732628,6.907464234759582
C20033372,decoy,0,11.540827751159668,0.9905739121548268,0.004363718442618847,6.8526052591027495
C67312961,decoy,0,11.887636184692385,0.9880269210243741,0.004562333691865206,6.866984275872631
C35696743,decoy,0,11.26168155670166,0.987131556755757,0.002795400330796838,6.922798485577047
C39597549,decoy,0,10.553242683410645,0.9711641190525763,0.003650157479569316,6.858700052243476
C36601010,decoy,0,11.111050605773926,0.9604257073565249,0.0034829743672162294,6.890621042004346
C44924225,decoy,0,11.872065544128418,0.9767688651150532,0.003365475684404373,6.8822891001143685
C36205617,decoy,0,11.752645492553713,0.9751511365196863,0.0033288465347141027,6.961354899653316
C13065525,decoy,0,11.176261901855469,0.980756481849209,0.004030576441437006,6.921016573636986
C05469663,decoy,0,11.034687042236328,0.9906771831146685,0.003775977762416005,6.925167040860941
C11997789,decoy,0,11.078004837036133,0.9745833027849832,0.0052390750497579575,6.904564195570144
C67392661,decoy,0,10.466590881347656,0.9505192568682672,0.0042630452662706375,6.870167767658542
C39709145,decoy,0,11.620015144348145,0.9563793893958559,0.003644393989816308,6.92666722292895
C14746838,decoy,0,11.228062629699709,0.980315242224237,0.0033618893940001726,6.908736924300134
C35778368,decoy,0,11.634522438049316,0.9774223334658794,0.0031154118478298187,6.913170230767379
C09125614,decoy,0,12.358495712280272,0.9315743928877325,0.002775805303826928,6.920558818704768
C10002451,decoy,0,10.795985221862791,0.9507217406904935,0.004925925750285387,6.872422688839319
C02265252,decoy,0,12.250643730163574,0.9248313405476914,0.005119535606354475,6.83194925015635
C05175361,decoy,0,10.88162612915039,0.9449435051421369,0.0031749613117426634,6.8835487779189855
C01213592,decoy,0,12.81703758239746,0.9946234921141809,0.004292661789804697,6.8860247499252925
C19225938,decoy,0,11.27944278717041,0.974807135502597,0.004331696312874556,6.876674869038294
C11348265,decoy,0,11.83169174194336,0.9733860922147571,0.004136673640459776,6.873964282079362
C06135154,decoy,0,11.154393196105955,0.9845220863801811,0.0035251888912171125,6.872512164287453
C54644401,decoy,0,11.309855461120604,0.9911278719802276,0.004565421026200056,6.872570542337437
C12875943,decoy,0,10.62790298461914,0.9849312327142564,0.004818679764866829,6.839316007277715
C63830630,decoy,0,10.685832977294922,0.9939187538956593,0.0038553327322006226,6.926598593744415
C43596899,decoy,0,11.252931594848633,0.9960011042069898,0.003729694290086627,6.879678038071199
C39685866,decoy,0,10.962998390197754,0.9910704373342362,0.003596838330850005,6.886934539437025
C56231211,decoy,0,11.678377151489258,0.9734719798790001,0.003967728931456804,6.898855300969204
C00083131,decoy,0,11.215042114257812,0.9857358149486315,0.0049165524542331696,6.888665086926432
C67629551,decoy,0,11.87168025970459,0.9704029011380532,0.003224444342777133,6.904009696427071
C36654293,decoy,0,10.256511688232422,0.9654303974483436,0.003823914797976613,6.967602053266871
C50769212,decoy,0,10.31025218963623,0.9805829964639838,0.00511770136654377,6.880184550080599
C17665340,decoy,0,10.872638702392578,0.9619978904645146,0.003157718339934945,6.873926592984322
C64609372,decoy,0,10.792030334472656,0.9075791630818038,0.0031195736955851316,6.893508296208815
C34907208,decoy,0,11.513921737670898,0.9750384346729586,0.0036240580957382917,6.8768698086822795
C36083329,decoy,0,10.47740077972412,0.9857733499699266,0.003707468742504716,6.889256441242573
C59475529,decoy,0,12.0648832321167,0.9896638980876068,0.0033402980770915747,6.926286431616767
C12660157,decoy,0,10.638153076171877,0.9429114246218403,0.005447195377200842,6.915686937660123
C20969016,decoy,0,10.649396896362305,0.9757646248103576,0.004429445136338472,6.925302087267003
C35576224,decoy,0,11.840940475463867,0.9508827465255909,0.0036362239625304937,6.9104326384770305
C00024301,decoy,0,11.684247970581056,0.9840621433909039,0.0037203847896307707,6.904454629611575
C36063044,decoy,0,11.217564582824709,0.9828847576584422,0.004048408940434456,6.912260605816232
C14633994,decoy,0,10.73345947265625,0.9795681201482854,0.003085099859163165,6.922591067116681
C22399370,decoy,0,11.320980072021484,0.9539627721062058,0.0029987934976816177,6.859568542211983
C11854623,decoy,0,11.12913417816162,0.9783611704865247,0.0029832797590643167,6.920020158607034
C09828976,decoy,0,10.971567153930664,0.9400883253550026,0.00749967573210597,6.842113615272399
C39792165,decoy,0,10.791172981262209,0.9429671285807208,0.004459775518625975,6.932569225756296
C38650617,decoy,0,11.134111404418944,0.9712022788352602,0.0031656764913350344,6.857321133703755
C14241794,decoy,0,11.294181823730469,0.9693418482196179,0.0037893718108534813,6.885957044895805
C13098034,decoy,0,10.657238960266112,0.9940258725649713,0.004249973222613335,6.845487311325455
C25041830,decoy,0,12.056804656982422,0.9589209249938039,0.0026915159542113543,6.937848640364502
C18355815,decoy,0,11.687204360961914,0.9251956891340072,0.0028237693477422,6.899030288074349
C13750240,decoy,0,11.788432121276855,0.9904652533927453,0.004114645998924971,6.884481163979294
C44145072,decoy,0,10.494524002075195,0.9871148019319566,0.004662466701120138,6.937859563639607
C01341899,decoy,0,12.068471908569336,0.9537423214864457,0.002690054476261139,6.942300242333207
C63161403,decoy,0,11.731639862060549,0.9531708074724113,0.004246734548360109,6.949623826860805
C00590240,decoy,0,11.103464126586914,0.9205352076158332,0.006398111116141081,6.856970501312466
C36501102,decoy,0,10.72682762145996,0.9939662284002615,0.0039619142189621925,6.924644567186149
C18190885,decoy,0,11.818888664245604,0.9928825649495197,0.003409008262678981,6.931393944143621
C23369522,decoy,0,12.02358627319336,0.9671900446134378,0.0041800737380981445,6.920331866492711
C04082258,decoy,0,12.514671325683594,0.9911033459329772,0.0040793027728796005,6.898986994350431
C63785074,decoy,0,11.346617698669434,0.9915471819820298,0.0040161265060305595,6.8549071700136075
C12098648,decoy,0,10.66159725189209,0.9684097463656143,0.004406801424920559,6.8536596309080515
C07789525,decoy,0,11.8312349319458,0.9555460796029088,0.005183384753763676,6.835190463622127
C59284269,decoy,0,10.828484535217283,0.9803773293902533,0.004762515891343355,6.865158162159462
C39667267,decoy,0,10.990518569946287,0.9891149078951335,0.0038277124986052513,6.891056084336141
C09958881,decoy,0,11.393765449523926,0.9774089494084792,0.004377135541290045,6.941816960803402
C23118686,decoy,0,11.838717460632324,0.9755399924063223,0.0037108275573700666,6.932500407882803
C62578538,decoy,0,11.691372871398926,0.9868796292842218,0.003941837232559919,6.884489916336332
C39198079,decoy,0,12.021571159362791,0.9278618715102082,0.00421632407233119,6.9098555964026485
C11055791,decoy,0,11.458151817321776,0.9239802365695227,0.004323847126215696,6.948339162015834
C38785219,decoy,0,11.642363548278809,0.9779774453400346,0.005375921260565519,6.892564995198036
C13063803,decoy,0,11.474651336669922,0.9546610286766843,0.0038113731425255537,6.955166826613553
C12038473,decoy,0,11.510955810546877,0.9692197121817897,0.004199005197733641,6.912369642001574
C09359353,decoy,0,11.553685188293455,0.9495078112290617,0.0035787131637334824,6.8580941077247335
C63383579,decoy,0,10.847882270812988,0.9888527326155863,0.003964677918702364,6.850296193665093
C07505245,decoy,0,11.643868446350098,0.9713124152902008,0.0033201139885932207,6.854576656838119
C00658900,decoy,0,11.928109169006348,0.9802849765225844,0.003240584395825863,6.956192805179669
C39674374,decoy,0,10.848942756652832,0.9878194438689266,0.0038296347483992577,6.915640476153291
C14808746,decoy,0,11.490171432495115,0.9663933118197909,0.0030904675368219614,6.918314618844691
C05085298,decoy,0,11.330366134643556,0.9465596953897396,0.003331749467179179,6.845203396548023
C14840441,decoy,0,10.917551040649414,0.9358219452047905,0.0056695095263421535,6.919262597755787
C09238358,decoy,0,11.57213020324707,0.980718715665863,0.004473110195249319,6.902718557911188
C22011945,decoy,0,11.082406044006348,0.974630092782083,0.0033808404114097357,6.884836416997113
C20917792,decoy,0,11.887588500976562,0.9723812880506183,0.005440881010144949,6.911054490899851
C38704798,decoy,0,11.28826141357422,0.9680249845744959,0.002876078011468053,6.921332828834435
C03158305,decoy,0,10.86627960205078,0.9789431352010829,0.0054094609804451466,6.839369912521974
C12441900,decoy,0,11.634435653686523,0.9814203704321303,0.004892089404165745,6.892547374988027
C01137474,decoy,0,11.925628662109377,0.9724113778140574,0.004279118496924639,6.860933176093349
C45727405,decoy,0,11.866043090820312,0.9816874204964534,0.0035693051759153605,6.922740078167639
C14665658,decoy,0,11.449673652648926,0.9764475020329724,0.004953555762767792,6.908781608838041
C39325229,decoy,0,11.167070388793944,0.9648752613166486,0.004060596693307161,6.909863288080553
C21169331,decoy,0,11.144335746765137,0.9703852381448443,0.003773571690544486,6.85820914635839
C40169898,decoy,0,11.406378746032717,0.9654190622077665,0.0027899148408323526,6.933406433714291
C61676570,decoy,0,10.913307189941406,0.9643165542491865,0.004491468891501427,6.918819961265326
C10355088,decoy,0,11.40634536743164,0.9746454505345752,0.003370329737663269,6.908411191628042
C49962811,decoy,0,11.698897361755373,0.9635706391401075,0.004290924873203039,6.949698433588755
C35759047,decoy,0,10.60324764251709,0.9893790577223966,0.0037113456055521965,6.8678728495217705
C44981830,decoy,0,11.707489967346191,0.9721308122238108,0.005077951587736607,6.80395406844974
C66076817,decoy,0,10.251747131347656,0.9936055551282276,0.0032304544001817703,6.911505871255651
C05452134,decoy,0,10.931038856506348,0.954539893738466,0.003280049189925194,6.8633494579675025
C35746698,decoy,0,11.63797378540039,0.9693427006435915,0.0045652128756046295,6.933422069053959
C12572362,decoy,0,11.966739654541016,0.9920484269828918,0.003496587974950671,6.916566327391611
C60031972,decoy,0,10.763361930847168,0.867010968295285,0.003117231884971261,6.912476505882297
C07684049,decoy,0,11.149566650390623,0.9796732148804156,0.004502830095589161,6.911432753638674
C13430169,decoy,0,12.05209732055664,0.986655253042752,0.0041536674834787846,6.918933801275166
C13122227,decoy,0,11.715886116027832,0.9708113313209569,0.0034075735602527857,6.867801806961999
C02062681,decoy,0,11.8941011428833,0.9602690505934596,0.005893567111343145,6.871301388054694
C52121111,decoy,0,10.94804573059082,0.981985205787503,0.004291776567697525,6.850623912991386
C13917353,decoy,0,11.577980041503906,0.9807375903511248,0.004824201576411724,6.890600774495233
C23576328,decoy,0,10.85416316986084,0.9286325436984164,0.0035516407806426287,6.872275928131774
C11307420,decoy,0,11.826873779296877,0.9220114696694472,0.003342778654769063,6.892680144601892
C09789683,decoy,0,11.364434242248535,0.9842918924464603,0.00401273975148797,6.86729201360587
C23788863,decoy,0,10.670641899108888,0.9824080203889682,0.0038787268567830324,6.9122656693419255
C63671410,decoy,0,10.79604434967041,0.9908457308223448,0.003270578570663929,6.850511637768631
C23337908,decoy,0,12.53597640991211,0.966270261091766,0.003938153851777315,6.838421222712483
C67585306,decoy,0,11.795137405395508,0.9947894468415862,0.00444547226652503,6.868620265279596
C53123550,decoy,0,11.550612449645996,0.9363580716974892,0.004695145878940821,6.936321990175163
C11350721,decoy,0,11.189813613891602,0.9671987280793137,0.0037071360275149345,6.892068326816826
C38915295,decoy,0,11.592033386230469,0.9862213637189435,0.0033517784904688597,6.9729035238077435
C06410154,decoy,0,11.006301879882812,0.9919492870803079,0.0037200364749878645,6.905828241374979
C24527655,decoy,0,10.943010330200195,0.9210861213309371,0.004377687815576792,6.904615693434831
C63920246,decoy,0,10.751419067382812,0.9713468928114528,0.003667285665869713,6.909630207938392
C04508359,decoy,0,10.91905689239502,0.9487346396473012,0.0029845659155398607,6.892097360547609
C23131312,decoy,0,11.50446319580078,0.9322723432830825,0.003669980214908719,6.832154773509625
C24988917,decoy,0,11.572087287902832,0.980987470379842,0.004142565652728081,6.891623179170144
C58924795,decoy,0,11.66171646118164,0.9794734841652698,0.004211056511849165,6.923321722094146
C14539575,decoy,0,11.57396125793457,0.9517332364567734,0.004029792733490467,6.916137911978073
C29050003,decoy,0,10.841374397277832,0.9399901104214361,0.005047441925853491,6.895429611780246
C07724673,decoy,0,11.163300514221191,0.9459433160974886,0.00519438786432147,6.911988873559428
C62875088,decoy,0,10.756266593933104,0.9750171678464257,0.0038872442673891783,6.828520936107906
C32623076,decoy,0,10.771349906921388,0.9770562291867433,0.0039031447377055883,6.894348961179504
C40386468,decoy,0,11.51174259185791,0.9183856593782014,0.006063912063837051,6.852150781143072
C21110241,decoy,0,11.741844177246094,0.9090131340825103,0.0031978769693523645,6.9080845166156575
C08747803,decoy,0,11.677577018737791,0.9849042577740467,0.003263397840783,6.859598483991199
C21298084,decoy,0,11.962651252746582,0.9868739713831673,0.0038666529580950737,6.915418442362995
C19893213,decoy,0,10.42463493347168,0.9879101271204652,0.004125216044485569,6.921866780633485
C66396321,decoy,0,11.621352195739746,0.9778510646264458,0.0032303014304488897,6.877151043879335
C67332890,decoy,0,11.625061988830566,0.9615358091066037,0.0041147577576339245,6.885724437712317
C35424534,decoy,0,11.29212760925293,0.9803420599158431,0.0028866836801171303,6.916479922503235
C25586107,decoy,0,11.527172088623049,0.9929657087779219,0.003761025844141841,6.879917240962688
C20210064,decoy,0,11.169108390808104,0.9805724668739005,0.003930209670215845,6.9215406221488305
C06135234,decoy,0,11.12104606628418,0.9842758329001251,0.00396899925544858,6.882507552821124
C39371217,decoy,0,12.300885200500488,0.9909726083994124,0.004783040843904018,6.8930789171707145
C48605316,decoy,0,10.49879264831543,0.9753556459937168,0.0047431825660169125,6.8535515579269966
C55334367,decoy,0,11.542799949645996,0.9457588737448169,0.0028921349439769983,6.905675342675156
C37328330,decoy,0,11.21616268157959,0.9715838975905592,0.004788038786500692,6.91359729786028
C00319977,decoy,0,11.520112037658691,0.9505912456511529,0.002769268350675702,6.931417334233905
C47340747,decoy,0,10.821294784545898,0.9849107036810854,0.0030659751500934362,6.903172166743461
C04219524,decoy,0,11.50471305847168,0.990244940002543,0.0042502302676439285,6.904451401637763
C64428204,decoy,0,10.735546112060549,0.9811191197866913,0.0027617395389825106,6.91743371143227
C13637734,decoy,0,11.923415184020996,0.993331605451581,0.003889945335686207,6.898754887427646
C33428995,decoy,0,10.781785011291504,0.9877783227037852,0.005326570477336645,6.850635784292276
C06162457,decoy,0,11.602992057800291,0.9103652586740173,0.004715999122709036,6.925099187384558
C09123780,decoy,0,10.836549758911133,0.9829297297885747,0.003392767161130905,6.953816051801939
C65882725,decoy,0,11.447161674499512,0.9249575006785752,0.00334886834025383,6.880118124097986
C16231252,decoy,0,11.81090259552002,0.9790830164517954,0.0031314922962337732,6.893785983771482
C65475712,decoy,0,10.568765640258787,0.9869698381324095,0.003032958135008812,6.906934007215753
C00841911,decoy,0,11.732717514038086,0.9699685508050481,0.003051302395761013,6.910712539264278
C09227607,decoy,0,11.9124174118042,0.9507754959445319,0.00445560785010457,6.939569483395795
C34835409,decoy,0,10.65241241455078,0.9970715345015344,0.003838651580736041,6.879505037090482
C17156186,decoy,0,11.452462196350098,0.978788822893067,0.002486577956005931,6.974052133899192
C65479686,decoy,0,11.240208625793455,0.9881089372966655,0.0048006754368543625,6.866786659038111
C11789528,decoy,0,10.43068504333496,0.9809444517607924,0.0036355573683977127,6.9236342984105566
C05748509,decoy,0,11.132258415222168,0.9807731628842546,0.003764728782698512,6.910103098932015
C32753384,decoy,0,11.44358253479004,0.9884416842166679,0.0042947703041136265,6.8682491610594125
C09529811,decoy,0,11.265645027160645,0.9936535802748531,0.003782336600124836,6.9004644369274555
C10624774,decoy,0,11.414251327514648,0.986440068395586,0.003256597789004445,6.892050751685475
C49464211,decoy,0,11.465929985046388,0.9596047990906158,0.005616283044219017,6.849633114165236
C09347113,decoy,0,11.651216506958008,0.9321483679752504,0.0030135943088680506,6.903302219200861
C62766424,decoy,0,11.5115385055542,0.9862610126890968,0.003510578302666545,6.856926177607629
C29767763,decoy,0,11.205727577209473,0.9777244183603647,0.0032592059578746557,6.8551623986082575
C39668430,decoy,0,11.036016464233398,0.990428520915761,0.0030725908000022173,6.915885616599413
C66675396,decoy,0,11.144248962402344,0.9892011656452047,0.003684842959046364,6.926321822207923
C37289618,decoy,0,10.853106498718262,0.9653487765952697,0.003718464868143201,6.844671873560009
C63152159,decoy,0,11.355841636657717,0.9945253089262212,0.004224943462759256,6.871279478752951
C43119707,decoy,0,11.64140796661377,0.9863398953043673,0.003319826675578952,6.955713727239132
C39364668,decoy,0,10.475730895996094,0.9637956080647458,0.0036285019014030695,6.895334119727863
C39793619,decoy,0,10.963685989379885,0.9734026332768919,0.0035192444920539856,6.833143518719668
C14739343,decoy,0,10.543828010559082,0.9567246431815433,0.0030682121869176626,6.903954289907045
C40313383,decoy,0,11.432222366333008,0.985007040594955,0.004045916721224785,6.935865612769809
C04176432,decoy,0,10.974308967590332,0.9769940421514217,0.002888175891712308,6.928353780799965
C10125583,decoy,0,11.696578025817873,0.9793058158276496,0.0028761320281773806,6.908276202795733
C63664055,decoy,0,11.646692276000977,0.9898093260061757,0.0036678779870271683,6.8941739217310065
C12683503,decoy,0,11.444873809814451,0.9692315994814568,0.003042876487597823,6.915396742384883
C39460348,decoy,0,11.637269973754885,0.9903097583469112,0.004232532810419798,6.910135513858979
C04217317,decoy,0,10.587005615234377,0.9695337886076976,0.002764106960967183,6.927127531347457
C16074791,decoy,0,11.142378807067873,0.9936334396409364,0.003673599101603031,6.899213520303482
C10698964,decoy,0,11.58046531677246,0.9855776315614011,0.003505907952785492,6.9031164580330096
C39637345,decoy,0,11.04211711883545,0.9853584460057675,0.003634729655459523,6.919229080963208
C35361452,decoy,0,10.810769081115724,0.9315099418312738,0.005048750434070826,6.895883910207023
C35523525,decoy,0,10.882570266723633,0.979553551303113,0.004156490322202444,6.89834593939761
C09090678,decoy,0,11.413968086242676,0.9572546195981875,0.004469348583370447,6.874350727984451
C28678045,decoy,0,11.46157455444336,0.9484089041370416,0.00333183235488832,6.875123364910755
C16653015,decoy,0,11.546204566955566,0.9944670767778502,0.0038429086562246084,6.878931154381447
C32603007,decoy,0,11.74476432800293,0.9124144348043105,0.00377524271607399,6.851796080608933
C25415561,decoy,0,11.322364807128906,0.9304464565848659,0.0028588830027729273,6.960758964731348
C66250809,decoy,0,11.437280654907228,0.9770812227136431,0.003287042723968625,6.923175413611652
C14255200,decoy,0,11.784830093383787,0.9936115100891231,0.0038889467250555754,6.877034996375819
C01477630,decoy,0,12.075949668884276,0.9515457983064051,0.0028224799316376448,6.925087326034522
C14988957,decoy,0,10.641114234924316,0.9793380054104515,0.00402345834299922,6.873047671696396
C09189913,decoy,0,11.788392066955566,0.9351406872918396,0.0035036709159612656,6.976860795715425
C39593002,decoy,0,11.752873420715332,0.9493887389992147,0.003310268511995673,6.8882678738075835
C12007914,decoy,0,11.697272300720217,0.9003270591872047,0.0030520714353770018,6.9281886194140405
C58474757,decoy,0,10.774154663085938,0.907963900564888,0.0055632456205785275,6.792451417146816
C60363281,decoy,0,11.84360122680664,0.9707694423580799,0.003944694064557552,6.9059693117113445
C38914972,decoy,0,10.410083770751951,0.9940509937579795,0.00436697481200099,6.8688492440017415
C08709514,decoy,0,11.372084617614746,0.9910008730943041,0.004193377215415239,6.8707626394407875
C49060132,decoy,0,11.668814659118652,0.9917234113842981,0.003667178563773632,6.883823603086145
C08742555,decoy,0,10.555387496948242,0.9751738770791613,0.004411058966070414,6.876119022074402
C36502225,decoy,0,10.640430450439451,0.9782310204775013,0.002936065196990967,6.904824661186123
C65967103,decoy,0,11.056690216064451,0.9837151878429299,0.0028899358585476875,6.906416492973768
C12703038,decoy,0,11.886710166931152,0.9888608411977228,0.004944799933582544,6.911998487813867
C09052042,decoy,0,11.747694969177246,0.9909183859544473,0.0031756553798913956,6.873735457717079
C08811462,decoy,0,11.209517478942873,0.9914667332309046,0.004550229292362928,6.8342517362011455
C38806115,decoy,0,10.65934944152832,0.9915025839655741,0.0037178967613726854,6.924204831455884
C03289129,decoy,0,10.849534034729004,0.9854698695568888,0.0032490494195371866,6.922823957499439
C08876618,decoy,0,11.474684715270996,0.9804405213934282,0.003038940718397498,6.916382455646496
C39110391,decoy,0,10.64810562133789,0.9894515449614059,0.003804660402238369,6.882031055847329
C18249795,decoy,0,11.469449043273926,0.907779099592532,0.00368286669254303,6.838748807006755
C13915021,decoy,0,11.542280197143556,0.9928141882327521,0.004095788113772869,6.907129731168611
C67231210,decoy,0,11.539042472839355,0.9923721178148244,0.003821236314252019,6.87806354267129
C36642524,decoy,0,11.910200119018556,0.9597031694203911,0.0030208518728613853,6.887352972417215
C59804821,decoy,0,10.529829025268556,0.9654954057651614,0.0038699135184288025,6.937262531295961
C65200164,decoy,0,11.88256549835205,0.9768860112099492,0.00407992722466588,6.869772379336703
C65298388,decoy,0,11.189440727233888,0.9774350982582346,0.004043142776936293,6.862267915568889
C36156564,decoy,0,11.89173984527588,0.9571274037513996,0.005392240360379219,6.894393981278666
C36122264,decoy,0,11.692694664001465,0.989515756988071,0.0047027538530528545,6.860338241946547
C45602183,decoy,0,11.981016159057615,0.9793419891379737,0.0025871889665722847,6.9557498860574185
C39709157,decoy,0,11.264297485351562,0.9390194452107471,0.002879803068935871,6.937903743291241
C19221786,decoy,0,12.34648895263672,0.974810932848334,0.003636995330452919,6.929647822535723
C05896427,decoy,0,12.018035888671877,0.9444935620324517,0.004868862219154835,6.881508266632585
C13134091,decoy,0,11.142084121704102,0.9944904635687133,0.004297907464206219,6.9067144826336495
C64215319,decoy,0,10.805280685424805,0.9976216151256928,0.004167343024164438,6.870794127247031
C06142737,decoy,0,11.671683311462402,0.9880070231145408,0.004808796104043722,6.878130416006355
C36316055,decoy,0,10.934562683105469,0.9867172514814596,0.0031578000634908676,6.889973445525743
C15988690,decoy,0,11.286827087402344,0.9891593685219905,0.004437718540430069,6.874144162239994
C35486713,decoy,0,10.812949180603027,0.9603987116148761,0.003211547387763858,6.9242795160064095
C39769050,decoy,0,11.041337013244627,0.9791185071917822,0.0032793935388326645,6.9047929556147265
C64653807,decoy,0,10.992420196533203,0.9849751400241118,0.0032613680232316256,6.869866279719432
C00828288,decoy,0,10.70055866241455,0.9886386240804813,0.0028039722237735987,6.918483439818202
C10244910,decoy,0,11.563007354736328,0.9374460627965132,0.003533261129632592,6.909548132824514
C21962702,decoy,0,11.803295135498049,0.9906242394351278,0.003661626949906349,6.8843601496459685
C12531465,decoy,0,11.04328155517578,0.8727971368494002,0.00607842905446887,6.802087366185594
C63752779,decoy,0,11.265568733215332,0.9740082188336859,0.0029078032821416855,6.91696981503123
C06506953,decoy,0,11.366617202758787,0.9831632498913495,0.002603687811642885,6.936974113352436
C12523502,decoy,0,10.984630584716797,0.9905916126046733,0.003846416249871254,6.897793824944406
C34618050,decoy,0,10.991823196411133,0.9248864826181267,0.008790695108473301,6.828967836728623
C15277516,decoy,0,11.587776184082031,0.990891972655971,0.004217610228806734,6.900419901279707
C35744170,decoy,0,11.90919303894043,0.9825529340123126,0.002890799893066287,6.9138662139181974
C19192936,decoy,0,11.69025993347168,0.974840881918972,0.0031297027599066496,6.908495149080334
C58236560,decoy,0,11.81434440612793,0.9731184472983455,0.002752462634816766,6.915119598543656
C02329037,decoy,0,11.849846839904783,0.9846060256938933,0.00451695267111063,6.925707788935961
C59287141,decoy,0,11.08489227294922,0.9686107350640436,0.0046358355320990086,6.912412818388405
C15218244,decoy,0,11.841025352478027,0.9506089328153255,0.005726344883441925,6.898744085379228
C01294390,decoy,0,10.913762092590332,0.952324476835484,0.0034479943569749594,6.843128141040575
C59146706,decoy,0,11.91999626159668,0.983805584236384,0.0038007237017154694,6.900664129025444
C20190312,decoy,0,11.043853759765623,0.9114122348676197,0.0036644330248236656,6.857938332016255
C40043554,decoy,0,10.78767204284668,0.9623680566059035,0.0029424140229821205,6.950347983959269
C13064685,decoy,0,11.534302711486816,0.986077535915976,0.0038105177227407694,6.935774196666662
C16647604,decoy,0,10.606377601623535,0.9741930727269617,0.0050021568313241005,6.8296593579697
C64808592,decoy,0,11.240144729614258,0.9902965076173843,0.0044973124749958515,6.89243464087096
C13065090,decoy,0,11.135004043579102,0.9902501252908847,0.0037565305829048157,6.926430379183456
C20418870,decoy,0,11.058314323425291,0.9900986198492256,0.004037721548229456,6.835253593690098
C35778715,decoy,0,11.517690658569336,0.946578091797045,0.005470879841595888,6.848481281003927
C21707766,decoy,0,11.158944129943848,0.9511356672698679,0.005400667432695627,6.850943370575102
C20352598,decoy,0,11.868135452270508,0.9829663195939233,0.005233278963714838,6.900499381171125
C35777194,decoy,0,11.39730739593506,0.9562062374452324,0.002869284013286233,6.956820612905196
C02241486,decoy,0,10.990102767944336,0.9381618402973104,0.0029238483402878046,6.902672895389691
C12194583,decoy,0,10.828811645507812,0.9766918521248038,0.004293357953429222,6.896540017099953
C14605463,decoy,0,12.568354606628418,0.965064415920336,0.004945392720401287,6.920544648198863
C22986759,decoy,0,11.264875411987305,0.9878497690770964,0.0032576490193605423,6.924078070242416
C37136694,decoy,0,10.72880744934082,0.9842464225766739,0.003129810793325305,6.87331289484744
C36156826,decoy,0,11.87060260772705,0.9913447326132475,0.003913790453225374,6.883681607163493
C15911006,decoy,0,11.769136428833008,0.9885262611815554,0.004382811952382326,6.882873913495091
C58247739,decoy,0,11.849454879760742,0.9931793065305348,0.0034472851548343897,6.902347632202211
C04571588,decoy,0,11.366033554077148,0.9795872286281998,0.003961556125432253,6.889436175199879
C38661346,decoy,0,10.930590629577637,0.949201763716684,0.005341988522559404,6.905538826843733
C02151836,decoy,0,10.828780174255373,0.9936589969740001,0.004897672217339277,6.835877758108136
C06198480,decoy,0,11.544472694396973,0.9782091221557049,0.004257033113390207,6.921662192731445
C39693523,decoy,0,10.453612327575684,0.9882665240041474,0.0036290427669882774,6.866734340904227
C40110787,decoy,0,10.410595893859863,0.9345413571187662,0.0029661955777555704,6.926594216784066
C36660351,decoy,0,11.830358505249023,0.9567324806238022,0.0031601611990481615,6.8924472515999895
C63165372,decoy,0,11.351391792297363,0.9737570085367953,0.0031725820153951645,6.88323923116965
C65190361,decoy,0,11.67590045928955,0.9921702588697449,0.0032023396342992783,6.938711528305549
C37332138,decoy,0,11.136993408203123,0.9778548418482941,0.003019465832039714,6.863901903835921
C11224075,decoy,0,11.382429122924805,0.9969071439946591,0.003973591607064009,6.821473990040255
C06148933,decoy,0,11.38652515411377,0.9877150979982596,0.0034806730691343546,6.950829271718556
C36003053,decoy,0,11.202567100524902,0.9805738885740194,0.003102109534665942,6.870736595370044
C36284355,decoy,0,10.987215995788574,0.981598310470946,0.003270900109782815,6.8788694533746
C39684159,decoy,0,10.728639602661133,0.9866032780309671,0.0034237706568092108,6.879125950479954
C33258510,decoy,0,10.428590774536133,0.9366023590118537,0.0029926036950200796,6.904274136578369
C09272745,decoy,0,10.683863639831545,0.9900395603167986,0.0037533945869654417,6.903929685146191
C18113945,decoy,0,10.599966049194336,0.8871305815654073,0.009137124754488468,6.847349257126587
C20513342,decoy,0,12.822013854980469,0.9890060256672534,0.0030933062080293894,6.924422065213506
C41583845,decoy,0,11.157753944396973,0.9819644264862614,0.004231015220284462,6.889335288536512
C36028065,decoy,0,10.935730934143066,0.9426078524967856,0.005003591533750296,6.849106286149823
C63652893,decoy,0,10.935985565185549,0.9883588346476482,0.003902370110154152,6.859823004172656
C01362051,decoy,0,10.483495712280272,0.9777912044097677,0.004750596825033426,6.8719291809132805
C20644861,decoy,0,11.553050994873049,0.9676570178100101,0.003410065546631813,6.950028829176231
C42561287,decoy,0,10.98297882080078,0.9798620917248514,0.0029434894677251577,6.8865158572429195
C38631948,decoy,0,10.59286117553711,0.9061294632199928,0.0032929324079304934,6.887993575600952
C12934129,decoy,0,10.342604637145996,0.9633447636453393,0.0041075763292610645,6.961079220462853
C43772526,decoy,0,10.844788551330566,0.8498238620310625,0.007509931921958923,6.866746248043378
C62845498,decoy,0,10.547670364379885,0.9537585839900952,0.005328645929694176,6.827134952827548
C34830170,decoy,0,11.023477554321287,0.9902689344978184,0.004906298127025366,6.836414051295955
C27531781,decoy,0,11.212092399597168,0.9496875819980728,0.003227445064112544,6.912340005439473
C39692638,decoy,0,11.776041030883787,0.9948818333739913,0.0038885276298969984,6.8946739121016645
C46710012,decoy,0,10.97404670715332,0.9782582294804136,0.005296686664223671,6.9083844716795175
C31038511,decoy,0,12.181924819946287,0.9916793393784769,0.0037407176569104195,6.891576229487457
C20442216,decoy,0,11.807310104370115,0.9809187441796153,0.0044114175252616405,6.8759405850789275
C06193801,decoy,0,11.473319053649902,0.9796366869078265,0.0031677326187491417,6.92854352424761
C60427162,decoy,0,11.682120323181152,0.9218830328642088,0.004271300043910742,6.927584028033863
C09271232,decoy,0,10.893231391906738,0.9702939971529225,0.004513230640441179,6.889921517998287
C32446731,decoy,0,10.67529582977295,0.9808142833220661,0.0034484602510929108,6.8968383850990485
C11854828,decoy,0,11.075887680053713,0.9704042779958295,0.0031094772275537252,6.914162294509671
C09502944,decoy,0,11.822999000549316,0.9490792733809151,0.0032831605058163404,6.9707042879375765
C39686649,decoy,0,10.734326362609863,0.9908418413039211,0.004272921476513147,6.888702257635106
C36519091,decoy,0,10.930062294006348,0.977365042325748,0.004222072660923004,6.85942793582686
C47168495,decoy,0,11.4866943359375,0.994627851497578,0.0035040955990552902,6.887007453627418
C24899324,decoy,0,11.645018577575684,0.968790851196648,0.004276445601135492,6.907064692569991
C49464304,decoy,0,10.452613830566406,0.9167677876361823,0.005603109952062368,6.899441122106967
C36601890,decoy,0,10.569249153137209,0.9716297556158686,0.0027162767946720123,6.930946579932563
C53632978,decoy,0,11.074960708618164,0.9646345031039518,0.004487777594476938,6.8791867237675
C05953571,decoy,0,11.835336685180664,0.9780759384429618,0.002937467535957694,6.989406861271031
C33810556,decoy,0,11.174142837524414,0.9464866889225189,0.005853024777024984,6.890196985913816
C20497254,decoy,0,10.943859100341797,0.9958410481110982,0.004406636115163565,6.828575521592077
C31835543,decoy,0,11.69323444366455,0.9307923030332549,0.004306217655539513,6.890578656050647
C57933002,decoy,0,10.931732177734377,0.9771488631754172,0.004141911864280701,6.875524954358313
C35462892,decoy,0,11.592069625854492,0.9462778496577299,0.003684385446831584,6.967673941507748
C15956621,decoy,0,11.912232398986816,0.9918794209779148,0.0030678699258714914,6.922119952168602
C13500577,decoy,0,11.628575325012209,0.9832679686604251,0.0030398399103432894,6.947091232815346
C63732971,decoy,0,10.80978012084961,0.982111229793863,0.003645313670858741,6.864570104606122
C16478521,decoy,0,11.659642219543455,0.9652890246624575,0.00418394198641181,6.9233008739155295
C64042780,decoy,0,10.55319881439209,0.9611547260445192,0.004432347137480974,6.916202307674658
C40408644,decoy,0,10.430655479431152,0.9831864234778251,0.00310149067081511,6.89099403322335
C63557057,decoy,0,11.12811279296875,0.9748917955256751,0.003754315199330449,6.870245433884513
C39688762,decoy,0,10.761377334594728,0.986949916885653,0.003150087082758546,6.894198933703694
C36066426,decoy,0,13.039039611816406,0.9802960625620003,0.003326545702293515,6.886691689531498
C54163298,decoy,0,11.353413581848145,0.8879185734876242,0.005038777831941843,6.926356796783301
C02457860,decoy,0,10.95273780822754,0.9508401612320976,0.00550405727699399,6.900284910153858
C19806344,decoy,0,11.177797317504885,0.99334775643895,0.004274525213986635,6.818700014137765
C10908762,decoy,0,10.699592590332031,0.9670949879635484,0.002652948722243309,6.939958096079081
C02396428,decoy,0,11.773223876953123,0.9428311276977284,0.004146037623286247,6.924721170028905
C40636081,decoy,0,10.63983917236328,0.9572748647104232,0.004313123412430286,6.8505779827093916
C39595362,decoy,0,10.71219253540039,0.9928414153531432,0.003549061482772231,6.91194274864443
C01373419,decoy,0,11.413050651550291,0.9484394687283755,0.0027043353766202927,6.9374618977966405
C37866349,decoy,0,12.063796997070312,0.9872503485425012,0.0036888588219881058,6.874375780930226
C39700611,decoy,0,11.643744468688965,0.9923368527962594,0.004493419546633959,6.8560145364264296
C11705754,decoy,0,11.644635200500488,0.9889609809547525,0.0030094534158706665,6.925532066089845
C67211611,decoy,0,10.5568265914917,0.9796969740245002,0.0032691778615117073,6.881903658649021
C07049270,decoy,0,11.02701187133789,0.9631151870544994,0.004119974095374346,6.939666564982673
C45329773,decoy,0,11.117228507995604,0.9871612598260691,0.003960588481277227,6.936237749643805
C12090163,decoy,0,11.438727378845217,0.9710036688372606,0.0038007989060133696,6.935271197253199
C36694867,decoy,0,10.793878555297852,0.9537608266003328,0.005445821676403284,6.886006798319041
C41262316,decoy,0,10.49105167388916,0.9708108843595662,0.00433052284643054,6.8349481622999395
C12860729,decoy,0,11.057010650634766,0.9927110128631984,0.0033744105603545904,6.9063638959165115
C63694186,decoy,0,10.952987670898438,0.9748246446506416,0.0033545142505317926,6.869540199744087
C43746583,decoy,0,10.616835594177246,0.9768160124806035,0.003452465869486332,6.836264903117051
C52879865,decoy,0,11.100096702575684,0.9525807362943916,0.003099578432738781,6.899700909272919
C38701981,decoy,0,11.520255088806152,0.9883927531278199,0.0033413369674235582,6.926713632620845
C09783893,decoy,0,11.424166679382324,0.9879060933973863,0.004818192217499018,6.855560762113129
C39664968,decoy,0,10.72169303894043,0.9945136846138434,0.003648921148851514,6.891283690729601
C08891699,decoy,0,11.193317413330078,0.9892679880690666,0.0034353684168308973,6.880128161917731
C40529618,decoy,0,10.614055633544922,0.9732388785430978,0.0027835380751639605,6.901331605630412
C28679171,decoy,0,11.857630729675291,0.9885006517886037,0.003782312385737896,6.907899807235397
C28864152,decoy,0,11.252973556518556,0.932025169757577,0.008844691328704357,6.866973233862815
C13064623,decoy,0,11.362836837768556,0.9891458050691825,0.0037099020555615425,6.941134093399137
C36556352,decoy,0,10.767828941345217,0.9758314412517595,0.002986673265695572,6.964609624091814
C43301624,decoy,0,11.051673889160156,0.9170060869239822,0.007431454490870237,6.795119487430878
C09019224,decoy,0,11.40085792541504,0.9774392775750835,0.0030938817653805017,6.875574875089338
C08920594,decoy,0,11.159954071044922,0.9864565029001942,0.0038286244962364435,6.899129898012805
C33115985,decoy,0,11.880940437316896,0.9844143987466265,0.003986826632171869,6.862329911816935
C01375443,decoy,0,11.258599281311035,0.9930131073724029,0.0035994492936879396,6.929397066505096
C38595959,decoy,0,11.108652114868164,0.988922668345502,0.0033527975901961327,6.8531799234373505
C40023891,decoy,0,10.855267524719238,0.9707748173698495,0.004324726294726133,6.874103646110104
C17749652,decoy,0,11.013982772827148,0.918748137409314,0.0032515721395611763,6.890904819133229
C09309420,decoy,0,11.39223575592041,0.9397202904249369,0.0030482886359095573,6.941717121521512
C33122862,decoy,0,11.69643783569336,0.9894300750692813,0.0030529119540005922,6.923400438610853
C41600422,decoy,0,10.963080406188965,0.9802342875975382,0.004064512904733419,6.901995069672365
C42909941,decoy,0,11.803709030151367,0.9672071917118357,0.0043689110316336155,6.959872801092142
C08591019,decoy,0,10.731460571289062,0.93078356509643,0.0046905954368412495,6.894121811462948
C35167360,decoy,0,10.902118682861328,0.9785743983319246,0.002822365378960967,6.909343192946838
C35933506,decoy,0,10.954290390014648,0.9869819598549221,0.0037416277918964624,6.906019623277379
C09361158,decoy,0,10.968588829040527,0.9746621095865506,0.004261527676135302,6.900274993500158
C40376300,decoy,0,10.68104076385498,0.9185054737423034,0.0025825181510299444,6.980524538792792
C39674607,decoy,0,10.928600311279297,0.9831884912967354,0.0037056657020002604,6.889244382477072
C08978292,decoy,0,11.403730392456056,0.9821158554034597,0.0037099483888596296,6.9402072435260855
C40900545,decoy,0,10.674381256103516,0.9801839199431924,0.0035270042717456818,6.8657398285077615
C09009303,decoy,0,11.482065200805664,0.9915213289913277,0.004017708357423544,6.86022061208706
C09545852,decoy,0,12.063182830810549,0.9565532775163667,0.004839219152927399,6.871350511958556
C39636680,decoy,0,10.793379783630373,0.981937092377256,0.003232664195820689,6.938798987636658
C02923141,decoy,0,10.404061317443848,0.9836051666733243,0.003941137809306383,6.800915078263112
C44021336,decoy,0,11.44699764251709,0.9579586684137459,0.006385012064129114,6.804166989335414
C33040257,decoy,0,10.949113845825195,0.9940133978031221,0.0038901623338460922,6.877933555257445
C62990948,decoy,0,11.367575645446776,0.9288703228050544,0.004987660795450211,6.896422616609636
C22373393,decoy,0,11.97305965423584,0.9862271396539969,0.002688709646463394,6.956176785179634
C50274431,decoy,0,10.699216842651367,0.9540720012179512,0.0047540306113660336,6.902326363320986
C52094694,decoy,0,11.714906692504885,0.9445455706433551,0.004243674222379923,6.949486829061107
C09391511,decoy,0,10.54440212249756,0.9911407965684002,0.004492382053285837,6.901278425404877
C39929029,decoy,0,11.059575080871582,0.9720770089088395,0.003825780935585499,6.92939460517738
C02957647,decoy,0,11.822819709777832,0.9815391457358571,0.003563410835340619,6.937858652481692
C04798523,decoy,0,11.31106662750244,0.978476815116752,0.0034164537210017443,6.826655765747521
C09432021,decoy,0,11.77305793762207,0.9935461095965952,0.0034252183977514505,6.929884967197413
C04537326,decoy,0,12.094861030578612,0.9451488188396411,0.0028673105407506227,6.93683542889376
C03668419,decoy,0,11.647764205932615,0.9948224389859437,0.0035795271396636963,6.894259356024328
C49987589,decoy,0,11.632688522338867,0.9535216402432549,0.003018889809027314,6.889715042128266
C15670278,decoy,0,11.39780044555664,0.9901793891584161,0.0033281147480010986,6.922893757483598
C63515159,decoy,0,11.568344116210938,0.9904203869611373,0.0034842994064092636,6.847909126743444
C20755828,decoy,0,11.72757053375244,0.9549250510910336,0.004445993807166815,6.903755232067722
C39940113,decoy,0,10.657352447509766,0.9806862270619017,0.003092939732596278,6.870844671194745
C28057641,decoy,0,11.885204315185549,0.9758420498363384,0.0037777703255414963,6.861091586867677
C05137081,decoy,0,11.313882827758787,0.9502083109001312,0.0029641950968652964,6.878489707981258
C63426811,decoy,0,11.31844711303711,0.9835783615526732,0.003632023697718978,6.854640755000939
C05522875,decoy,0,11.532614707946776,0.8992490753288015,0.00389237143099308,6.833023813106241
C15829682,decoy,0,10.992997169494627,0.9866210687367892,0.0035716919228434563,6.874683472435662
C45047151,decoy,0,10.902623176574709,0.9906750608402519,0.0043035815469920635,6.81043483021708
C40562324,decoy,0,10.64348602294922,0.9389674173504757,0.003498765407130122,6.853211123487378
C60380091,decoy,0,11.923659324645996,0.9777048695421808,0.004340519662946463,6.914251937850099
C09429122,decoy,0,10.595693588256836,0.99651630310698,0.004118955694139004,6.8731071713836105
C04860316,decoy,0,11.013145446777344,0.979151131883143,0.004231682512909174,6.9334492494367215
C06546494,decoy,0,11.384800910949709,0.987994989359012,0.003089412348344922,6.963983843880107
C36577993,decoy,0,11.2268648147583,0.969797481849214,0.003584517166018486,6.846194669189725
C38891919,decoy,0,11.0247220993042,0.9576917931206407,0.0033555070403963327,6.948871053716927
C35747639,decoy,0,11.72494411468506,0.9742128535957062,0.0030840837862342596,6.980606903611109
C12583439,decoy,0,11.895867347717283,0.9710549104340428,0.004296336323022842,6.880737076903908
C08788487,decoy,0,11.235631942749023,0.9684445264272465,0.0038829809054732323,6.9030408260955936
C22626081,decoy,0,11.096728324890137,0.9726959057475767,0.0030276626348495483,6.90382127158092
C64053002,decoy,0,10.49372386932373,0.9608398922063869,0.0034361828584223986,6.876736936081467
C20593947,decoy,0,11.65566635131836,0.9335155879688456,0.003320043906569481,6.882277577109369
C31159791,decoy,0,12.217637062072754,0.9787708735556818,0.0035083501134067774,6.883475457752061
C46841128,decoy,0,11.250869750976562,0.9834961517084522,0.003439451800659299,6.934642360574571
C01789604,decoy,0,11.115160942077637,0.9830587846954479,0.004659711848944426,6.856008583911688
C28791180,decoy,0,11.81918239593506,0.9642997879318773,0.004309223499149084,6.8651344870531394
C13096522,decoy,0,11.445963859558104,0.9483265294454554,0.006131056230515242,6.948501686245942
C03482527,decoy,0,10.490975379943848,0.9454906406764712,0.0029804743826389313,6.914316488974463
C10339238,decoy,0,10.939573287963867,0.9913718214264043,0.003587461309507489,6.8549817299534075
C10066897,decoy,0,11.699755668640137,0.9642458779213073,0.0029418959747999907,6.918585191242483
C63588800,decoy,0,11.755236625671388,0.9571968958037808,0.0031414495315402746,6.8978866327888575
C03387657,decoy,0,11.651001930236816,0.9649784413613377,0.0029164592269808054,6.946576444036812
C29209798,decoy,0,11.469871520996094,0.9739498540502995,0.0028055275324732065,6.9396251751027815
C39664776,decoy,0,10.864797592163086,0.9766688205841348,0.00527568394318223,6.886780063987618
C19790685,decoy,0,11.40363597869873,0.9029182323060421,0.005047703627496958,6.931697210668212
C03667192,decoy,0,11.18411350250244,0.9953397196160587,0.003747641108930111,6.8974635649819644
C25213333,decoy,0,11.343206405639648,0.984782541005619,0.004057732410728931,6.825474933119432
C63375946,decoy,0,10.816635131835938,0.9850499004100383,0.0038114748895168304,6.828081286070825
C23951797,decoy,0,11.7494535446167,0.995317515316715,0.004333972930908203,6.869720522392762
C34750218,decoy,0,10.641668319702148,0.9892407105155948,0.0046502393670380116,6.855536751292799
C39673877,decoy,0,10.874117851257324,0.9805392612989031,0.0031402751337736845,6.945453519040282
C06300606,decoy,0,11.105152130126951,0.9886933032751712,0.003529489040374756,6.91545734480602
C25443647,decoy,0,11.25547981262207,0.9395693876888158,0.004309562966227531,6.906920937039983
C44714209,decoy,0,10.759963035583496,0.9518259544630561,0.0033796734642237425,6.892990588551393
C39687282,decoy,0,11.159549713134766,0.9765048214106345,0.003891740692779422,6.880764021504013
C08791476,decoy,0,11.29718780517578,0.9866756344692624,0.0030712513253092766,6.915254276649753
C32856417,decoy,0,11.002527236938477,0.9945142526870516,0.0037274735514074564,6.9290230487396745
C60324152,decoy,0,11.670106887817385,0.9777660056648982,0.003954213112592697,6.926078717643685
C36142404,decoy,0,10.66983127593994,0.9488602167645597,0.0051107257604599,6.936220550756624
C38002513,decoy,0,11.430092811584473,0.9620108099965881,0.0026069823652505875,6.930793159964243
C27145531,decoy,0,11.778153419494627,0.9858626509990239,0.005318297538906336,6.877564581123663
C36205679,decoy,0,11.793863296508787,0.9759855257646275,0.0035459017381072044,6.967086777426889
C05523951,decoy,0,10.835386276245115,0.9609984628573981,0.004629073198884726,6.9197157818441095
C01381887,decoy,0,11.564517974853516,0.9902304735165032,0.003972848877310753,6.929915136464549
C39775226,decoy,0,11.86534309387207,0.9710963624113608,0.0028092467691749334,6.920497539460368
C03865677,decoy,0,11.23274040222168,0.983648537617078,0.0031268333550542593,6.916564722719974
C39457900,decoy,0,10.30950164794922,0.8941582901262929,0.003263680962845683,6.8902232747155985
C16947778,decoy,0,12.065511703491213,0.9730122186780115,0.0046082716435194016,6.956509685958239
C11374999,decoy,0,12.573162078857422,0.9186699799694602,0.004602686036378145,6.89698525089162
C59489428,decoy,0,11.37027359008789,0.9596924409784143,0.0029170734342187643,6.924269695568736
C35137464,decoy,0,11.196703910827637,0.9868181707360077,0.0033493826631456614,6.864265457008426
C10210893,decoy,0,10.60327434539795,0.9921304559228148,0.004290924873203039,6.894714280248474
C00412207,decoy,0,10.762771606445312,0.9890363315521296,0.0037697397638112307,6.954256708270937
C06370832,decoy,0,11.39298152923584,0.9740157180709739,0.003770969109609723,6.93438324467369
C06381902,decoy,0,10.555497169494627,0.8508750300463352,0.007104080636054277,6.9032374933396055
C63270263,decoy,0,10.930378913879396,0.9886567144529391,0.004083424806594849,6.8297308469870615
C40826018,decoy,0,12.173853874206545,0.9182220406540212,0.0029362018685787916,6.914502123728042
C49072655,decoy,0,11.616415977478027,0.9708269283870351,0.003886715741828084,6.889760316963934
C05272375,decoy,0,11.287569046020508,0.9886202279157933,0.004128145519644022,6.912156805890875
C62038612,decoy,0,11.681466102600098,0.8867738693344258,0.007046852260828018,6.880191310032958
C03101239,decoy,0,12.039568901062012,0.9753037485778437,0.003736875019967556,6.824646768673404
C15004984,decoy,0,10.455598831176758,0.9862054434908161,0.005175323691219091,6.841931681605189
C12716247,decoy,0,11.968058586120604,0.9539981611124406,0.00305873341858387,6.896825523049166
C24987771,decoy,0,11.772695541381836,0.9769917921108925,0.004184227902442217,6.930568608423639
C46841873,decoy,0,11.226637840270996,0.9652411297928006,0.003876699833199382,6.947914883320232
C34758705,decoy,0,10.82981014251709,0.9782060583060216,0.004499064292758703,6.8909311172295435
C36242315,decoy,0,11.648032188415527,0.992549104340134,0.0037530940026044846,6.88435702679703
C12402825,decoy,0,10.928178787231444,0.9565267525874187,0.0035708623472601175,6.82049555334664
C08553728,decoy,0,11.619969367980955,0.9943288482795551,0.003970401827245951,6.84568670277999
C07907557,decoy,0,10.562981605529783,0.9686323489967907,0.004713334143161774,6.8885909109305565
C39359649,decoy,0,12.06566333770752,0.9806663336865135,0.003486155765131116,6.895852497768362
C28928232,decoy,0,11.975791931152344,0.9917831200274683,0.003556878073140979,6.880798858995546
C15135153,decoy,0,10.334001541137695,0.9768630387442658,0.005551381502300501,6.9249776061418356
C04353219,decoy,0,11.054317474365234,0.973802513179093,0.0038349085953086615,6.806839544639937
C39674566,decoy,0,10.773608207702637,0.9922075313676062,0.003812034847214818,6.927942290484285
C15551527,decoy,0,11.404436111450195,0.8706452797915298,0.007817957550287247,6.938457926815291
C28000499,decoy,0,11.076921463012695,0.9877631752617698,0.004555996973067522,6.848824514533889
C03670533,decoy,0,11.469331741333008,0.9653400776595236,0.004321195185184479,6.919190499155434
C37929751,decoy,0,11.117907524108888,0.8817676861941809,0.004961709026247263,6.955453727730674
C39757541,decoy,0,11.392240524291992,0.988618217549747,0.00284576416015625,6.923620714725992
C15733315,decoy,0,10.87015438079834,0.9888996010610893,0.003483921056613326,6.851506433886587
C67463507,decoy,0,10.929351806640623,0.9696052705826904,0.003242759732529521,6.900878062252479
C10543671,decoy,0,10.508852005004885,0.9950120619123161,0.004241996444761753,6.85682436524616
C65128909,decoy,0,11.24347686767578,0.9909945143099343,0.0036966626066714525,6.935429428833637
C15860461,decoy,0,11.30155086517334,0.9227457787688055,0.006681161466985941,6.846971950174568
C59015263,decoy,0,11.808939933776855,0.9927161325742032,0.0033097753766924143,6.920949566426142
C16612792,decoy,0,10.629234313964844,0.9949242613910945,0.004271781072020531,6.833283936714659
C38576816,decoy,0,10.989214897155762,0.9831424164669522,0.00423969654366374,6.93038988275563
C01567818,decoy,0,11.711777687072754,0.9638407491840386,0.0026431565638631582,6.964671488964019
C20082452,decoy,0,11.678839683532717,0.9955781921316311,0.0034459109883755445,6.912600160092978
C32830944,decoy,0,11.16188144683838,0.8960059924843666,0.00478711910545826,6.943709383145764
C01097112,decoy,0,12.379911422729492,0.9588605871854508,0.003055378794670105,6.842899821596438
C37220626,decoy,0,11.614938735961914,0.9875721452613812,0.00387821183539927,6.90732678919254
C08591610,decoy,0,11.704891204833984,0.9918999341621165,0.004617840517312288,6.8828952596359985
C64502345,decoy,0,11.614365577697754,0.97432861882489,0.004653349984437227,6.8316892236480875
C09349353,decoy,0,11.200136184692385,0.9841042520697237,0.005198682192713022,6.876718982417725
C27165035,decoy,0,11.434712409973145,0.9237428612640146,0.003282494843006134,6.854093372214971
C12343012,decoy,0,11.774908065795898,0.9651842108491893,0.006310105323791504,6.851175372792226
C03091955,decoy,0,11.362860679626465,0.9537838335134942,0.0037238739896565676,6.923412599175703
C39657112,decoy,0,10.887420654296877,0.9851897147787935,0.003805954707786441,6.91826587589249
C03333260,decoy,0,10.752564430236816,0.9898658324145434,0.0034852568060159683,6.915222723446751
C18159007,decoy,0,10.534537315368652,0.9586796514731968,0.0035299507435411215,6.849518214372274
C00641267,decoy,0,11.737948417663574,0.984369563826002,0.005413729697465897,6.872731064237272
C14429558,decoy,0,11.810731887817385,0.9701461791006398,0.004688263405114412,6.833524862171493
C00654214,decoy,0,12.501205444335938,0.9625433208506995,0.0035913661122322083,6.9047690844102085
C37016239,decoy,0,11.039005279541016,0.9398686438157687,0.0055079273879528046,6.881568873666618
C63230045,decoy,0,10.477313041687012,0.9747810964667645,0.0035446404945105314,6.895915147061098
C33279540,decoy,0,11.383875846862791,0.9891861593576913,0.002870895667001605,6.954054352864722
C37517978,decoy,0,10.513141632080078,0.9533707084476565,0.00356476497836411,6.862179164944703
C19354154,decoy,0,11.83472728729248,0.9361587279612894,0.0029332332778722048,6.900413737959573
C00669084,decoy,0,10.294260025024414,0.9414499694800283,0.002795363077893853,6.934526010447209
C38683653,decoy,0,11.334027290344238,0.9820396390450359,0.0033842872362583876,6.879569112834366
C37512093,decoy,0,10.82435131072998,0.9869973168024152,0.003775252727791667,6.863908783552214
C12490029,decoy,0,11.221686363220217,0.9885064058193073,0.0031427990179508924,6.8670728418505655
C45739454,decoy,0,11.611250877380373,0.9871987677421994,0.004874836187809706,6.815465628472844
C06193197,decoy,0,11.535767555236816,0.9656159119044351,0.004127067979425192,6.9324102490527775
C63272532,decoy,0,11.320677757263184,0.9927643675392649,0.004408244043588638,6.8513998679891746
C04028886,decoy,0,10.50394344329834,0.8936277567600996,0.006410116329789162,6.853730497033287
C63683241,decoy,0,10.956816673278809,0.9629837789840241,0.003433945821598172,6.894475227752464
C40151434,decoy,0,11.753949165344238,0.9625533758782877,0.003979359287768602,6.91973881890406
C21801737,decoy,0,11.72337532043457,0.9476659243878728,0.0027943237219005823,6.9696417000847495
C39597906,decoy,0,10.884969711303713,0.9794899584067164,0.004088215995579958,6.847731453190795
C07615738,decoy,0,11.666216850280762,0.9186050668712047,0.0036570224910974503,6.873141720241748
C04916645,decoy,0,11.765624046325684,0.9902788456748808,0.0037330826744437218,6.889472394085816
C35777338,decoy,0,10.820425987243652,0.9728073285056312,0.0037657609209418297,6.854480111707902
C09328775,decoy,0,11.251382827758787,0.9900051783027529,0.002957388758659363,6.902524817632325
C12733869,decoy,0,11.840420722961426,0.930273922664525,0.004557723179459572,6.900397696243925
C21517370,decoy,0,11.317071914672852,0.9831933809928963,0.00539061427116394,6.85298552754392
C38659840,decoy,0,11.339797019958496,0.9520482000486249,0.0029112158808857203,6.912030644962492
C01058881,decoy,0,11.45649242401123,0.9289073054293675,0.0030889827758073807,6.9163652632417705
C33051525,decoy,0,11.800679206848145,0.9887159773889527,0.003664914285764098,6.905155850908113
C08789395,decoy,0,11.94520092010498,0.9912406582290219,0.0029575719963759184,6.938001426629495
C08655303,decoy,0,11.845849990844728,0.9774362166267475,0.0032357180025428534,6.929321728089265
C36302987,decoy,0,11.681268692016602,0.9848916609034235,0.002943950006738305,6.895065658331921
C38666275,decoy,0,11.217584609985352,0.9840721481268189,0.005929902661591768,6.857544584548502
C09805621,decoy,0,11.147711753845217,0.9836418284784173,0.0030710669234395027,6.8911478079390935
C63350743,decoy,0,10.707326889038086,0.988894208318881,0.0038163650315254927,6.85664331520625
C23716703,decoy,0,11.601496696472168,0.9659008492607422,0.004707913380116224,6.8702537313730225
C48289781,decoy,0,11.39532470703125,0.9247041520826905,0.003731711534783244,6.919633943096484
C66934740,decoy,0,10.690130233764648,0.9911533248356179,0.003277604468166828,6.917701965732665
C15103906,decoy,0,11.08290195465088,0.9591955247196428,0.004506670404225588,6.890212128500561
C13739141,decoy,0,11.88246726989746,0.9504250350572222,0.003500933526083827,6.854629446306338
C35290842,decoy,0,11.476985931396484,0.9744830071172778,0.0032252648379653692,6.882621840481997
C09581359,decoy,0,11.677257537841797,0.9724065088856658,0.002495457185432315,6.951340491670907
C56984453,decoy,0,10.640109062194824,0.9725542495206309,0.0033548977226018906,6.854094930081348
C12488510,decoy,0,11.857333183288574,0.9889477239330482,0.00342375785112381,6.88006677292652
C31042713,decoy,0,10.880623817443848,0.9788384988499432,0.004757904447615147,6.846607682663893
C67595583,decoy,0,11.942089080810549,0.9923053220839871,0.003452969016507268,6.89755026769037
C44877759,decoy,0,11.326164245605469,0.9585787801837357,0.004378193523734808,6.890870605611886
C09789443,decoy,0,10.979222297668455,0.9919084635912424,0.003753737546503544,6.910828088991723
C37004538,decoy,0,11.96706485748291,0.9406729911816725,0.005910288542509079,6.806763034636427
C63623030,decoy,0,10.819939613342283,0.9884040435037623,0.003414165461435914,6.895964587280805
C36129345,decoy,0,10.438557624816896,0.9517599568859563,0.004465460777282715,6.9296344528094895
C48081283,decoy,0,11.811356544494627,0.945156628405865,0.005635416600853205,6.849695334993331
C38667066,decoy,0,11.65891170501709,0.9834059185511065,0.003568822517991066,6.88677381989263
C64727756,decoy,0,12.00947093963623,0.9953029914811639,0.004030769225209951,6.846829090341888
C12183729,decoy,0,11.058685302734377,0.972419454617956,0.004707150626927614,6.878763059673635
C14780903,decoy,0,13.388509750366213,0.9889267901654933,0.005373005289584398,6.856767446230325
C21219479,decoy,0,11.955035209655762,0.9825568889896801,0.003622036427259445,6.844996741208483
C66682139,decoy,0,11.871468544006348,0.9912513207836943,0.004761986900120974,6.8485386328943925
C63814522,decoy,0,10.982738494873049,0.9701510281234441,0.002738483250141144,6.91977633306852
C00844390,decoy,0,11.193098068237305,0.9846222569851132,0.004031880758702755,6.9320324149106805
C02305295,decoy,0,10.957104682922363,0.9841108899602269,0.003009951673448086,6.9120757194097235
C12001555,decoy,0,12.028078079223633,0.9681007914052658,0.0041753011755645275,6.8836636116641525
C45844847,decoy,0,11.605145454406738,0.9572071364939593,0.005433591082692146,6.83433338246152
C09298511,decoy,0,11.398193359375,0.9864691354097149,0.004188884049654007,6.85559178985112
C35965123,decoy,0,11.154881477355955,0.9947031098745734,0.0032939326483756304,6.9023826788191815
C09223707,decoy,0,11.559184074401855,0.9549992242256304,0.0035740744788199663,6.934669632263343
C63294388,decoy,0,11.54055404663086,0.9841605383542519,0.004109045024961233,6.865305822835712
C40917148,decoy,0,11.192187309265137,0.9946222482868341,0.004289186093956232,6.905074322081647
C39362917,decoy,0,11.492820739746094,0.9905876554400729,0.003193634795024991,6.925832808404264
C45513223,decoy,0,12.070950508117676,0.9495253061587869,0.004826168529689312,6.879878924822748
C08951299,decoy,0,10.038963317871094,0.9815813284168043,0.0027557883877307177,6.937816311769596
C01819377,decoy,0,11.2406644821167,0.9728386542717278,0.004834164399653673,6.88706090724015
C20732819,decoy,0,11.273149490356444,0.9636985327416544,0.004563278518617153,6.888333347881099
C38685138,decoy,0,11.461685180664062,0.988971161411849,0.004975124727934599,6.902066866063093
C01467374,decoy,0,11.5772705078125,0.9523617939537168,0.0037285226862877607,6.808648990980375
C03314425,decoy,0,11.01091480255127,0.990326878735746,0.004985852167010307,6.833964059935982
C27023785,decoy,0,11.087650299072266,0.9838509330786459,0.0046269274316728115,6.873645430901433
C57658137,decoy,0,11.756783485412598,0.9431867047515223,0.005375321954488754,6.887262028448694
C17130865,decoy,0,11.8551607131958,0.9803826379174285,0.0035318080335855484,6.936155594370119
C05125645,decoy,0,10.803641319274902,0.9608733311309673,0.003177235834300518,6.897855319722375
C39610146,decoy,0,10.884822845458984,0.9421325256490509,0.005121191963553429,6.912606552373181
C12770579,decoy,0,11.757597923278809,0.9838877593379506,0.0031194810289889574,6.845017059962334
C12452785,decoy,0,11.841734886169434,0.9549820185489478,0.004309704061597586,6.872782768783247
C39652885,decoy,0,10.814029693603516,0.981779821817567,0.003531832480803132,6.879638869412055
C06196796,decoy,0,11.407676696777344,0.9853081221189459,0.0034937963355332613,6.911627849866975
C11716899,decoy,0,12.023029327392578,0.950368141162599,0.0049964324571192265,6.870853621463459
C20080057,decoy,0,11.107586860656738,0.9930991092348981,0.003751538461074233,6.9220689410340634
C39684549,decoy,0,10.925524711608888,0.9848061360125197,0.003998742438852787,6.921328357601158
C64986684,decoy,0,11.812877655029297,0.9899783998013396,0.003484628861770034,6.8950642097736
C38736223,decoy,0,11.322404861450195,0.9373677302499375,0.0033202990889549255,6.898070090267856
C38688537,decoy,0,11.22946548461914,0.9854152802749345,0.003304501762613654,6.862279814915029
C18024420,decoy,0,11.822547912597656,0.9530758318499827,0.003043024567887187,6.910104230527715
C12513300,decoy,0,11.127840042114258,0.9681739538318468,0.0028448207303881645,6.917878581642409
C12530498,decoy,0,11.987714767456056,0.9405785299655147,0.004340821877121925,6.892165978841396
C36249684,decoy,0,11.051675796508787,0.9938385132806195,0.0031644224654883146,6.92306529145171
C65460696,decoy,0,11.081966400146484,0.9807605288826966,0.003099551424384117,6.887356510572056
C02912149,decoy,0,11.923168182373049,0.9815558110833995,0.003478104015812278,6.941711454713307
C39970635,decoy,0,10.141934394836426,0.9888868269461196,0.00464591383934021,6.857514235054569
C20416402,decoy,0,11.655734062194824,0.8798761586273491,0.0031267704907804728,6.884859288702474
C40849171,decoy,0,12.05458927154541,0.9529798287410987,0.0036294404417276382,6.895313083799673
C08820745,decoy,0,11.770094871520996,0.9880663048968066,0.004379649180918932,6.87441588688844
C55188952,decoy,0,11.84055995941162,0.8609961251969668,0.0027930724900215864,6.92873354995105
C16434014,decoy,0,11.085969924926758,0.9910961725596625,0.0034148709382861853,6.903250150454286
C06239098,decoy,0,11.797056198120115,0.9871510730258468,0.0030003723222762346,6.922978784661739
C66612536,decoy,0,11.313797950744627,0.987580837836457,0.003444298868998885,6.87295495049953
C38805676,decoy,0,11.267001152038574,0.9893795379824328,0.003206084482371807,6.909240439417166
C14544855,decoy,0,11.925320625305176,0.9941476578539512,0.003750179661437869,6.851805257670847
C12450388,decoy,0,11.187970161437988,0.952817078087364,0.004686083644628525,6.858510091804431
C43209070,decoy,0,11.7766695022583,0.9861845870303918,0.0032630041241645813,6.933336444940657
C52213570,decoy,0,11.058241844177246,0.8743243873899339,0.005488645285367966,6.869817529793507
C13506740,decoy,0,10.953330993652344,0.9882283959552711,0.0035840224009007215,6.844243716946428
C65319663,decoy,0,10.923413276672363,0.9747532726973338,0.0034601811785250902,6.864889876029828
C60304152,decoy,0,11.835888862609863,0.9640755580106567,0.006291752215474844,6.80313322863932
C39436234,decoy,0,10.580022811889648,0.9701555090130852,0.0028167765121906996,6.918635190919414
C62221013,decoy,0,10.6581449508667,0.9832156939830899,0.003081211121752858,6.9138926896116
C40859201,decoy,0,11.575738906860352,0.9755851110588188,0.004606935661286116,6.892640195078813
C04149389,decoy,0,11.604097366333008,0.960267571370695,0.002848631702363491,6.958059579034396
C24351505,decoy,0,11.142550468444824,0.9920935856766725,0.003951347898691893,6.914872788641471
C35743136,decoy,0,11.356300354003906,0.9451026659609357,0.0038317469879984856,6.957572224532203
C30981437,decoy,0,11.568264961242676,0.9954517984930875,0.0044648307375609875,6.8062123273737
C20565412,decoy,0,11.02822971343994,0.9541065519603672,0.0026939723175019026,6.895939234080846
C12635583,decoy,0,11.50082778930664,0.9458306948589614,0.004844224080443382,6.9290227541412985
C58895156,decoy,0,11.63094711303711,0.9791489216791621,0.004259974230080843,6.903494942791243
C36296517,decoy,0,11.402470588684082,0.9289923245734776,0.0028970215935260057,6.903286204966863
C06341550,decoy,0,10.541418075561523,0.9877352462016625,0.003579106880351901,6.812141453427664
C06979101,decoy,0,11.596735000610352,0.9773659361731198,0.0025298872496932745,6.934806954817671
C15859307,decoy,0,11.062613487243652,0.992864888268091,0.0038140127435326576,6.859175981757101
C44320726,decoy,0,10.813613891601562,0.9925766222334033,0.003658340545371175,6.855087139973302
C12489038,decoy,0,11.443605422973633,0.9816900913761786,0.003920588176697493,6.939471419766647
C27400506,decoy,0,10.857471466064451,0.915126181283461,0.006116843316704035,6.793642969459404
C62396736,decoy,0,11.12135124206543,0.9017074810513567,0.0027001856360584497,6.931292246127395
C64079261,decoy,0,10.753809928894045,0.9698456000428552,0.0032146042212843895,6.873689297011593
C64789115,decoy,0,11.020209312438965,0.9803909172616969,0.0031388828065246344,6.963149046271552
C60042706,decoy,0,11.768282890319824,0.9689004271574939,0.004587625619024038,6.874285968020679
C62811450,decoy,0,10.552801132202148,0.9843091931130196,0.003810281166806817,6.923343229551363
C10751655,decoy,0,11.716330528259276,0.9915011323303315,0.00324845127761364,6.893400957434201
C38975052,decoy,0,11.85301399230957,0.9847430965010049,0.0029024870600551367,6.915692272775263
C67039167,decoy,0,11.849138259887695,0.9920655895945218,0.003498435253277421,6.835028400167456
C57562772,decoy,0,11.66830348968506,0.9410014803811653,0.004317760467529297,6.8733124028227
C08800274,decoy,0,11.285223007202148,0.9549010636435221,0.006672529969364405,6.873467045138543
C06300982,decoy,0,10.89123249053955,0.9755604809785434,0.0046977209858596325,6.92263830436538
C63384059,decoy,0,10.846878051757812,0.9934549486904555,0.003957570996135473,6.837997673747808
C16038958,decoy,0,10.651832580566406,0.9724559332711896,0.0031315626110881567,6.8951214004130845
C63655351,decoy,0,11.109881401062012,0.9848599249197674,0.004573711659759283,6.909540100929215
C12605593,decoy,0,11.826663970947266,0.9963693504579914,0.003611029125750065,6.880990525240263
C29403818,decoy,0,11.98334503173828,0.9865004417811626,0.003817248158156872,6.935138155657695
C36955815,decoy,0,11.69618320465088,0.9778765902695221,0.003009498817846179,6.87410025866434
C21188293,decoy,0,10.815150260925291,0.975991936079948,0.003450320102274418,6.93336784873898
C19941546,decoy,0,11.569659233093262,0.988398860088842,0.0031225078273564577,6.928652527949398
C20745885,decoy,0,11.78827667236328,0.9936192004420744,0.00439424067735672,6.864092802716165
C04571641,decoy,0,11.449060440063477,0.9855697624841824,0.005285110790282488,6.8811594103302625
C64138763,decoy,0,10.737709045410156,0.98126117038003,0.0030852165073156357,6.885196850579716
C06142202,decoy,0,11.214452743530272,0.963149410827932,0.003081613453105092,6.9138778560356995
C02247337,decoy,0,11.823078155517578,0.9803363045878332,0.0035801699850708246,6.856222522053216
C36206550,decoy,0,11.42177677154541,0.9619381302861446,0.0036246145609766245,6.957866161406015
C21858483,decoy,0,10.89278793334961,0.9914028486821489,0.004909105133265257,6.835274728482908
C43615923,decoy,0,11.401932716369627,0.9915295977411595,0.004360465332865715,6.93018926512352
C50896052,decoy,0,10.391237258911133,0.9567135148013187,0.0033781901001930237,6.881228101538101
C52094583,decoy,0,11.934165954589844,0.9919181024930307,0.003430689452216029,6.961568796341751
C35679220,decoy,0,11.48129940032959,0.9859324781841231,0.003129560500383377,6.929925950114148
C18222265,decoy,0,12.181719779968262,0.9715452315589065,0.0037146906834095716,6.830388233209403
C13811119,decoy,0,11.90684700012207,0.9697006146224026,0.0036437164526432753,6.8705963805979735
C12698138,decoy,0,11.848983764648438,0.9585659256032274,0.0049078138545155525,6.8473770418213915
C15722843,decoy,0,12.062180519104004,0.9864700610520495,0.0037986300885677338,6.913540220592649
C36278095,decoy,0,11.580917358398438,0.9332853289220301,0.004875162150710821,6.9299605537083355
C05709868,decoy,0,11.57409954071045,0.9656894109385086,0.0043815006501972675,6.880122716081157
C37359341,decoy,0,10.771862030029297,0.9481543004868317,0.003786159446462989,6.936441131060341
C35842497,decoy,0,11.81980800628662,0.9906416568406836,0.004544187802821398,6.875798229313316
C36500605,decoy,0,11.083516120910645,0.9753141704463779,0.0031661351677030325,6.8609859592776035
C17306239,decoy,0,11.700563430786133,0.9849720155387975,0.003578322706744075,6.933556672374932
C35968370,decoy,0,10.941250801086426,0.9762709560173425,0.0037208450958132744,6.862654210938134
C15547317,decoy,0,11.91559886932373,0.9739122851635564,0.0047285594046115875,6.8908272020151635
C04272979,decoy,0,10.901747703552246,0.970779025786211,0.006163011770695448,6.866485621399295
C66600228,decoy,0,11.461651802062988,0.8851487128197512,0.005998128559440374,6.806590570078614
C36504751,decoy,0,10.82198715209961,0.9904896234518791,0.00306861218996346,6.94221076441188
C14731859,decoy,0,11.785995483398438,0.9892792655690043,0.003287096507847309,6.946501275562871
C39362574,decoy,0,11.57972526550293,0.991870763366361,0.0027824481949210167,6.9428032209092345
C64600382,decoy,0,11.529353141784668,0.979624618561135,0.005006907507777214,6.858738920598901
C45340108,decoy,0,11.338525772094728,0.9529462495346388,0.0028612231835722923,6.937154561515223
C34786861,decoy,0,11.889363288879396,0.9453495225429998,0.0031553655862808228,6.882857282133915
C22680499,decoy,0,11.639691352844238,0.9840123411773112,0.0029396500904113054,6.889435011013879
C13063805,decoy,0,11.356308937072754,0.984406435316565,0.003655020147562027,6.954549060301391
C04787575,decoy,0,10.806388854980469,0.9921428691597473,0.004474812652915716,6.854138697993257
C18142675,decoy,0,11.637772560119627,0.975562695996472,0.004109398927539587,6.842074940414705
C19632603,decoy,0,11.831351280212402,0.9766789869241704,0.0032681382726877928,6.932631918169269
C35052796,decoy,0,11.152881622314451,0.9750792246261096,0.0037714780773967505,6.935228980566976
C24702294,decoy,0,10.994451522827148,0.9835557864002276,0.004284283146262169,6.855196426609281
C16828578,decoy,0,10.78663730621338,0.9514137842448732,0.004116725642234087,6.9432518826186085
C12818616,decoy,0,11.975292205810549,0.9503902096612383,0.0026455882471054792,6.959983509132874
C39637499,decoy,0,10.554996490478516,0.9893656011756151,0.003924879711121321,6.900957356515482
C06996470,decoy,0,11.416635513305664,0.9884040001955272,0.00277962745167315,6.964701769229925
C52882435,decoy,0,10.828057289123535,0.9895763994112031,0.0036565621849149466,6.9101660763789905
C59270412,decoy,0,10.793045043945312,0.9901720604505906,0.003914490807801485,6.84351934480182
C08739132,decoy,0,11.307292938232422,0.9763582838727353,0.003484288929030299,6.887547588795325
C20836866,decoy,0,10.686969757080078,0.9564396566620447,0.003086056560277939,6.878385191447467
C65623770,decoy,0,11.68211841583252,0.9773922120247012,0.005182811990380287,6.849690148194933
C53650699,decoy,0,11.025382995605469,0.939061254664665,0.0034996643662452698,6.952833474606271
C35955858,decoy,0,11.027812004089355,0.9938980508314211,0.004381141625344753,6.884087584551545
C43223661,decoy,0,11.703591346740724,0.9621996896704909,0.0025030740071088076,6.965232621119748
C67408012,decoy,0,11.72067642211914,0.9026162575047114,0.005508115980774164,6.887824074102924
C33170602,decoy,0,10.479379653930664,0.955746340406975,0.002868701471015811,6.935484507900034
C64760757,decoy,0,10.914395332336426,0.9874283802118025,0.004838122986257076,6.859035600882614
C07357107,decoy,0,11.849239349365234,0.9764992196622317,0.002901987172663212,6.907522815735797
C35667416,decoy,0,11.560372352600098,0.9865686389329987,0.003074334003031254,6.941335712322551
C24943432,decoy,0,11.070194244384766,0.9897214265779928,0.004520365037024021,6.908055255141148
C12369314,decoy,0,11.031052589416504,0.9789249525803687,0.004958480130881071,6.839908685287715
C38551101,decoy,0,11.19774341583252,0.9793693125859022,0.003036702051758766,6.882355821211073
C39589308,decoy,0,11.819766998291016,0.9738236314699515,0.004484308417886496,6.894670603334271
C15957033,decoy,0,11.062626838684082,0.9606336538505641,0.005753641482442617,6.872670802587825
C66586627,decoy,0,11.52938175201416,0.9837083505255404,0.004389696288853884,6.915911167980512
C08757693,decoy,0,11.216812133789062,0.9860537837239666,0.0043022544123232365,6.925169505404365
C27668439,decoy,0,10.816546440124512,0.982164015898816,0.004301413428038359,6.909436968644567
C47359904,decoy,0,10.622285842895508,0.976012881873497,0.00354581861756742,6.967116315597895
C67497298,decoy,0,11.902665138244627,0.9901111266390569,0.00520739471539855,6.867830589644486
C38627249,decoy,0,11.42677116394043,0.993370856401338,0.003787348046898842,6.846633225128691
C16113069,decoy,0,11.095733642578123,0.9910187720638155,0.003477836027741432,6.872973437067024
C00657073,decoy,0,10.83311367034912,0.9580055379628571,0.0026762268971651793,6.909610630472381
C08788932,decoy,0,10.544659614562988,0.9928332167478597,0.0049786739982664585,6.829957133894025
C63234621,decoy,0,11.018651962280272,0.9778998782786199,0.004745459649711847,6.877266690191677
C36569684,decoy,0,11.707890510559082,0.99459339721615,0.004359000362455845,6.874247121057985
C13063751,decoy,0,11.368871688842772,0.9947382248375385,0.0034478886518627405,6.903719965662815
C36000344,decoy,0,10.83894157409668,0.9827345048236646,0.003010375192388892,6.934520456385112
C10613191,decoy,0,11.269363403320312,0.9887222098356447,0.002773752436041832,6.954452017658658
C35965104,decoy,0,10.968657493591309,0.9949859640767418,0.0036850960459560156,6.91101585588836
C53457964,decoy,0,11.808876037597656,0.984907901170701,0.0031032701954245567,6.932803124383206
C59351815,decoy,0,11.728769302368164,0.9537506190900069,0.006054633762687445,6.880465159135423
C31158241,decoy,0,9.623208999633787,0.9200620025920803,0.002869936404749751,6.931122726013903
C59402847,decoy,0,11.49020767211914,0.9877357752938464,0.0033178587909787893,6.854784912185817
C09406356,decoy,0,11.717748641967772,0.9797843168208314,0.0033955757971853018,6.898685973111282
C39672682,decoy,0,11.343801498413086,0.9876654019727595,0.0043456596322357655,6.91029404894078
C05444699,decoy,0,11.632879257202148,0.908250163917566,0.002660986967384815,6.949634156191261
C58689736,decoy,0,11.755987167358398,0.9935831022695997,0.0034002612810581923,6.924122171530797
C04042275,decoy,0,11.123335838317873,0.9703565648532905,0.004328823182731867,6.947989598958704
C63786510,decoy,0,10.538385391235352,0.9867626615411814,0.004236487206071615,6.857897862890674
C36826193,decoy,0,11.133633613586426,0.9788983927764165,0.004155515227466822,6.908730128731031
C45970098,decoy,0,11.908769607543944,0.9473439328442538,0.003126503201201558,6.913481383855373
C25337000,decoy,0,11.320563316345217,0.9963539442046321,0.0034347176551818848,6.919871291376801
C09033500,decoy,0,10.843147277832031,0.9797495009031053,0.005063003394752741,6.936048602122539
C54068011,decoy,0,11.929146766662598,0.993585684999127,0.0038973570335656404,6.911278863290369
C06523255,decoy,0,11.753480911254885,0.9727223636132257,0.004630028735846281,6.859240733985286
C05409187,decoy,0,11.855271339416504,0.9845721442300537,0.003469160059466958,6.962881072375403
C42107858,decoy,0,11.677447319030762,0.9118860343221893,0.007367509882897139,6.91844631572443
C14551879,decoy,0,11.193353652954102,0.9862241610616865,0.003851131536066532,6.858530945777966
C60211590,decoy,0,11.739765167236328,0.9878783476086107,0.0033906472381204367,6.918781051852157
C47438959,decoy,0,10.94572639465332,0.9881535395040886,0.0031207718420773745,6.942714905888433
C05678345,decoy,0,11.747062683105469,0.9871715122923329,0.0033768517896533012,6.871577219090247
C15979940,decoy,0,10.728153228759766,0.9141829095986737,0.008321022614836693,6.86959868930861
C01973074,decoy,0,11.401859283447266,0.955581482061386,0.005477962549775839,6.854882305324188
C10694018,decoy,0,10.86732006072998,0.9906770932607882,0.0036096451804041862,6.8665887040588185
C65500600,decoy,0,11.54270362854004,0.9769978273910038,0.00453767366707325,6.880578307885757
C21078398,decoy,0,11.804560661315918,0.9758650754848681,0.0030559280421584845,6.91723786737332
C49404484,decoy,0,11.057595252990724,0.9367940134001743,0.004993469920009375,6.898646286163144
C39683321,decoy,0,10.93398666381836,0.9843721952100795,0.0035572617780417204,6.882503131980278
C52566261,decoy,0,12.07104206085205,0.9691974652379439,0.0032349256798624992,6.917793804522783
C16699338,decoy,0,11.680652618408203,0.9859860196990774,0.004446190781891346,6.876068103481765
C39737875,decoy,0,10.457785606384276,0.8730256861796364,0.003663205774500966,6.857382310274284
C64503204,decoy,0,11.485668182373049,0.9746402991575213,0.00460304319858551,6.914533891410495
C15839178,decoy,0,10.601483345031738,0.9743476748858984,0.0035806891974061728,6.907161866193224
C02217822,decoy,0,11.934784889221191,0.9900759701700639,0.004218257497996092,6.893465037686962
C07098942,decoy,0,11.20614528656006,0.9756025155592637,0.003734874539077282,6.857862469106056
C09909542,decoy,0,11.569894790649414,0.9757760932362266,0.0041435896418988705,6.875736252257081
C09060294,decoy,0,11.333518028259276,0.9912654646085559,0.004002424422651529,6.896072048426828
C13506004,decoy,0,10.87872314453125,0.9941007062199588,0.003447270253673196,6.894534046765818
C36493405,decoy,0,11.053001403808594,0.9912357326981027,0.005036259535700083,6.874328396058875
C09330119,decoy,0,11.009309768676758,0.9706463835359762,0.003446129849180579,6.845704172707306
C36895226,decoy,0,10.850287437438965,0.9512964124067186,0.0047152079641819,6.875212240576451
C66938957,decoy,0,11.788411140441896,0.9618835196305145,0.004064483102411032,6.927642634924096
C59006590,decoy,0,11.741159439086914,0.9691360857435488,0.003476902609691024,6.882309128678528
C13271888,decoy,0,10.437975883483888,0.8260860671605779,0.0038493264000862837,6.856898261992279
C23038235,decoy,0,11.712345123291016,0.9524360154368827,0.004450345411896706,6.933532660075178
C39575892,decoy,0,11.837507247924805,0.9830838329025814,0.002667884109541774,6.956349634237219
C39988952,decoy,0,11.136011123657228,0.9859773494937479,0.003535524010658264,6.880590301748631
C39630742,decoy,0,10.723224639892578,0.963740580355912,0.0034790504723787308,6.939845032983309
C02425481,decoy,0,10.27598762512207,0.9819943124104341,0.004687975626438856,6.831166858882751
C04544520,decoy,0,11.783493041992188,0.9957150087035418,0.0034503445494920015,6.908950176354093
C07530510,decoy,0,10.60822296142578,0.9836883905497275,0.0032179795671254396,6.921857648633203
C08939355,decoy,0,11.517500877380373,0.9829014116699829,0.0051870145834982395,6.89810125416035
C33260170,decoy,0,11.173772811889648,0.9905370039630707,0.003479711012914777,6.903267025812399
C08757822,decoy,0,11.445940971374512,0.9965720701125059,0.003675798187032342,6.875837672912575
C13249209,decoy,0,12.14341163635254,0.9934421592120276,0.003184561850503087,6.873824880397384
C01432612,decoy,0,11.54627799987793,0.9957007223145087,0.004693597089499235,6.8264477917289845
C39665907,decoy,0,10.707158088684082,0.9846729570112563,0.0032097911462187767,6.922336242074712
C29145134,decoy,0,11.605863571166992,0.9274487861611442,0.0031871432438492775,6.867452476707723
C56955949,decoy,0,10.925524711608888,0.9595590315730897,0.005726234521716833,6.908280287951209
C66596765,decoy,0,11.912407875061035,0.8820565618767697,0.0062126219272613525,6.8647502082195775
C43763814,decoy,0,11.027043342590332,0.8916018268829143,0.0071771275252103806,6.856152147565328
C39726998,decoy,0,11.20669174194336,0.9236259551298033,0.005452730227261782,6.879717189143621
C20906152,decoy,0,11.772162437438965,0.9468240692729266,0.003460972337052226,6.860537235026489
C41585202,decoy,0,11.06396198272705,0.9844614231849366,0.004528434947133064,6.848875077014867
C19221074,decoy,0,11.273088455200195,0.9887905653784289,0.00307277194224298,6.96081444147257
C01882150,decoy,0,12.218427658081056,0.9483464263704986,0.0038720720913261175,6.986400539032279
C36026270,decoy,0,10.762073516845703,0.9273839091957754,0.0063267783261835575,6.819323969812725
C10338932,decoy,0,11.050662994384766,0.9302567185181173,0.0023442988749593496,6.975889837818205
C67538413,decoy,0,10.678476333618164,0.9923576282026114,0.003867705352604389,6.913991223486115
C36205601,decoy,0,11.77310848236084,0.9604906595349937,0.0035666904877871275,6.9543017637028015
C16747960,decoy,0,10.868444442749023,0.9194585379428132,0.004256497602909803,6.9073500749720855
C65974415,decoy,0,11.327448844909668,0.9697218846220235,0.005167723633348942,6.856149872115583
C03010976,decoy,0,11.14053726196289,0.9652706328650051,0.007408943492919207,6.876819053181913
C01876719,decoy,0,11.602108001708984,0.9367442467927465,0.003953847568482161,6.859848107425855
C08793530,decoy,0,10.536664009094238,0.989317050101014,0.0037660663947463036,6.87014230052052
C35575223,decoy,0,11.774320602416992,0.9774105261646283,0.004401863552629948,6.908866257718073
C09190779,decoy,0,11.043365478515623,0.9182598211110944,0.00481016980484128,6.877011329404583
C08345956,decoy,0,11.463831901550291,0.9295095127917353,0.002844390692189336,6.916875952626535
C14752379,decoy,0,11.82422161102295,0.9944058141866279,0.004246614873409271,6.866939484551802
C18363530,decoy,0,10.461551666259766,0.9649755338712968,0.002870171098038554,6.909459132029715
C64220444,decoy,0,11.726555824279783,0.9724477158984096,0.004198094364255667,6.849271592241955
C14992541,decoy,0,10.77033519744873,0.9209684799818303,0.009281237609684467,6.814713753583776
C28958909,decoy,0,11.60849666595459,0.9563680613058475,0.0041826628148555756,6.900779370439653
C02381558,decoy,0,11.93633270263672,0.9821296683017835,0.0035466079134494066,6.876998294007494
C06420271,decoy,0,11.874391555786133,0.9537129101011569,0.0044695171527564526,6.923253921459154
C05516548,decoy,0,11.797019958496094,0.9931023170824193,0.0037794543895870447,6.880582422320448
C33057848,decoy,0,11.176485061645508,0.8897437272943858,0.0037918577436357737,6.837873374208377
C20683096,decoy,0,11.355892181396484,0.9904744480365193,0.004763535223901272,6.8492092881785425
C12503373,decoy,0,10.885382652282717,0.9732913431298482,0.004396119620651007,6.9359389328517365
C63780723,decoy,0,11.101288795471191,0.9962183029581396,0.0036502124276012182,6.8803551634131965
C64813635,decoy,0,11.771526336669922,0.9966440727749217,0.004123840481042862,6.849530753821099
C24176155,decoy,0,10.988018035888672,0.9800486527744463,0.003589225234463811,6.942537791731015
C64870468,decoy,0,11.817373275756836,0.9802526613235628,0.004313624929636717,6.953864101658459
C00659131,decoy,0,11.039613723754885,0.8481997055794059,0.011907510459423065,6.833395961368772
C49683162,decoy,0,12.305900573730469,0.9879327903328248,0.002928029512986541,6.941756532046151
C36969328,decoy,0,10.732763290405272,0.9901021388841102,0.0045650373212993145,6.868871938550967
C39653538,decoy,0,11.022966384887695,0.9890753641314465,0.0033759335055947304,6.872451739371322
C34900499,decoy,0,11.622971534729004,0.9820539143716882,0.004771520849317312,6.831121568818199
C35060083,decoy,0,12.56136989593506,0.9846976140844231,0.004584497306495905,6.882346081805084
C14158141,decoy,0,11.764519691467283,0.9703493732329361,0.003717652754858136,6.907466074012271
C12628161,decoy,0,11.606764793395996,0.9920888586655969,0.0028670597821474075,6.925449416822688
C12859605,decoy,0,11.039648056030272,0.9568085734776144,0.005211433861404657,6.923703841209992
C35777327,decoy,0,11.631958961486816,0.9720723167622738,0.003281717887148261,6.88033582188934
C35548338,decoy,0,11.718032836914062,0.9956472427722001,0.0035260673612356186,6.916041705047682
C04331863,decoy,0,11.45412254333496,0.9542266740331624,0.003435923485085368,6.816558592470644
C12913493,decoy,0,11.484190940856934,0.9658589610338192,0.003256358904764056,6.918095772839328
C60199737,decoy,0,10.650702476501465,0.9910518464598895,0.00425901310518384,6.905648893422598
C65170511,decoy,0,11.447427749633787,0.9041673607647259,0.006103521678596735,6.836534300624314
C11289143,decoy,0,11.239938735961914,0.9720100620576532,0.005522151943296194,6.871650615284291
C15280264,decoy,0,11.45514965057373,0.931864769925248,0.0029045266564935446,6.9224302436458345
C06300602,decoy,0,11.20230484008789,0.9229250493320815,0.005690118297934532,6.861989003726222
C24986464,decoy,0,11.608077049255373,0.9793220533870541,0.003780938917770982,6.893003129336045
C14940651,decoy,0,11.134406089782717,0.9813323243254376,0.002976776799187064,6.876320104978333
C62042164,decoy,0,10.389893531799316,0.9865511528524625,0.0034580491483211517,6.924562133876861
C09722403,decoy,0,11.09852409362793,0.9441781739704351,0.004680688958615065,6.862687545431848
C35397824,decoy,0,11.08885097503662,0.9902734992572589,0.003323399228975177,6.887215108084567
C21852964,decoy,0,10.594338417053224,0.9693438973880779,0.0042164321057498455,6.883523625290719
C39942256,decoy,0,10.617280960083008,0.9808225470849752,0.003020291216671467,6.876656766889246
C42334069,decoy,0,10.777055740356444,0.9591041318725525,0.003107386641204357,6.868299474661397
C53857092,decoy,0,11.842028617858888,0.9630579007145157,0.002801245776936412,6.962681886474067
C20574648,decoy,0,11.260024070739746,0.9675654006238734,0.003413156373426318,6.946008194996095
C43078846,decoy,0,11.81764793395996,0.9645105272316341,0.005753168836236,6.886670889845078
C36601345,decoy,0,11.008444786071776,0.9601403058467171,0.0024893535301089287,6.981094109120409
C36581866,decoy,0,11.250185012817385,0.995813408945097,0.004250773694366217,6.8829413749462915
C40762777,decoy,0,11.027311325073242,0.967104525054942,0.0038741615135222673,6.902578208472869
C16825111,decoy,0,11.58523941040039,0.9301797898068066,0.0034897665027529,6.841500285580099
C07006540,decoy,0,10.490715980529783,0.9065466455046788,0.003685516072437167,6.944906906017415
C06195275,decoy,0,11.7475004196167,0.9878197779273804,0.0028921710327267647,6.9321528644752854
C12766922,decoy,0,11.001664161682127,0.9918073215796498,0.004404712002724409,6.815573973010591
C40322062,decoy,0,10.649650573730469,0.9810310747949432,0.0030774828046560287,6.936695620930267
C05798633,decoy,0,11.737927436828612,0.9916377963210943,0.004151949658989906,6.822125447875704
C03336209,decoy,0,11.689764976501465,0.9621783451191648,0.004609151277691126,6.880857432432869
C50029855,decoy,0,12.22626781463623,0.9841944332443577,0.0037282751873135567,6.96454199316134
C12186354,decoy,0,11.26894760131836,0.8756610634377457,0.008271620608866215,6.843970434698408
C34428559,decoy,0,10.723898887634276,0.9730703310053308,0.004358508158475161,6.89433245043384
C51728798,decoy,0,10.609691619873049,0.9971666176597365,0.003668670542538166,6.940201265256531
C44895079,decoy,0,11.520298957824709,0.9417692730558165,0.0053272545337677,6.815502847388918
C15150531,decoy,0,10.842449188232422,0.9868287233272769,0.004508348647505045,6.844076913193634
C06031900,decoy,0,10.75391960144043,0.9234928294627125,0.003448332892730832,6.859796552294767
C36278792,decoy,0,11.509232521057127,0.8551405144804956,0.0057131461799144745,6.889328270078306
C36503613,decoy,0,10.973456382751465,0.9636944608183574,0.003079622285440564,6.904726131246078
C09328284,decoy,0,10.729859352111816,0.9818522578121679,0.0029087644070386887,6.935104997384386
C45648090,decoy,0,11.003708839416504,0.9426007843802481,0.0032568436581641436,6.862010537177342
C37140101,decoy,0,11.713747024536133,0.962853485625118,0.005550164729356766,6.890981452534342
C17078000,decoy,0,10.487719535827637,0.9853302722914838,0.0037892537657171488,6.936766628266718
C38546132,decoy,0,11.008835792541504,0.989002283163011,0.003458308754488826,6.869886241153106
C14775288,decoy,0,11.479342460632324,0.9725811003988013,0.005406007170677185,6.831486973583037
C03410439,decoy,0,10.919713973999023,0.9651314612248032,0.005093164276331663,6.868564136076452
C49147402,decoy,0,10.742018699645996,0.9875264445248263,0.0025802564341574907,6.987493530669694
C18230170,decoy,0,12.127861976623535,0.981033980112303,0.004075577016919851,6.931308772229263
C64668424,decoy,0,12.812094688415527,0.9487350392844063,0.002845880575478077,6.952772704163825
C08670695,decoy,0,11.20697021484375,0.9465350034181836,0.004308923613280058,6.884314802079849
C34979259,decoy,0,10.14339828491211,0.9919840908647377,0.005009888205677271,6.8524422367553095
C35073289,decoy,0,10.81035327911377,0.9648496879725035,0.0028598655480891466,6.913125151217983
C36186848,decoy,0,10.886242866516112,0.9906769364418508,0.004173522815108299,6.894038420709316
C63896743,decoy,0,10.488411903381348,0.9645108998140484,0.003720662323758006,6.905794687816941
C04056877,decoy,0,11.65800952911377,0.9959849654647255,0.004061902407556772,6.868958895153844
C13063976,decoy,0,11.5626802444458,0.9933527652372448,0.003440579166635871,6.938274663378515
C14333193,decoy,0,11.057165145874023,0.965485493775819,0.0031695645302534103,6.864359294761416
C57855321,decoy,0,10.169291496276855,0.987150272785377,0.004355343524366617,6.903566613526157
C20905341,decoy,0,11.814988136291504,0.9424997513907681,0.00290456204675138,6.9246019206281435
C16041162,decoy,0,10.521717071533203,0.9164682513308566,0.003025960875675082,6.89680862287982
C39664745,decoy,0,10.94444179534912,0.9868808695132228,0.0036455157678574324,6.9526090986475
C10041804,decoy,0,12.137256622314451,0.9639517426342005,0.004095999989658594,6.980219378668657
C01382425,decoy,0,11.771143913269045,0.9943273923071033,0.00336071546189487,6.943403951906454
C02245956,decoy,0,10.76731300354004,0.9730474979329292,0.0035263749305158854,6.892782176475013
C29401123,decoy,0,11.838446617126465,0.9562268398030082,0.004516471643000841,6.890239909861501
C58828583,decoy,0,11.20310878753662,0.967995886970411,0.0036446331068873405,6.936929943590371
C01070695,decoy,0,11.27811336517334,0.9901163673538056,0.0034888803493231535,6.9253642529812005
C39481867,decoy,0,11.479698181152344,0.980109886715578,0.004975361283868551,6.854861497320263
C13203811,decoy,0,10.96543025970459,0.9288675999267322,0.0030096210539340973,6.921484699480929
C12285399,decoy,0,10.94065761566162,0.9577684080727099,0.003505007131025195,6.822512419148407
C02299272,decoy,0,11.45262336730957,0.9878146230136537,0.0035363894421607256,6.883696915809037
C36502114,decoy,0,11.064635276794434,0.9864251516603132,0.002945397747680545,6.9323872858093285
C09125524,decoy,0,10.956485748291016,0.9759948737406839,0.003167287213727832,6.945480601316063
C39532318,decoy,0,11.666718482971191,0.8895788082232499,0.0053788586519658566,6.888230680329792
C35034909,decoy,0,11.907758712768556,0.9567460692955871,0.004849656019359827,6.877458446710747
C40426493,decoy,0,10.864011764526367,0.9232872436793715,0.00730392849072814,6.881395411261648
C17982574,decoy,0,11.548606872558594,0.9901529435208439,0.0032795367296785116,6.913385711503965
C18467947,decoy,0,11.67409896850586,0.9688149169213512,0.003972963895648718,6.94261125831346
C36065906,decoy,0,10.357014656066896,0.9696444502639511,0.0037732345517724752,6.913388661284282
C02780231,decoy,0,11.610750198364258,0.9905520120542032,0.004636476282030344,6.927077861481252
C09045311,decoy,0,11.03267765045166,0.9722632217277687,0.002922411309555173,6.912892243753685
C11448894,decoy,0,10.481730461120604,0.99220262092942,0.0039019305258989334,6.889842080895621
C08713663,decoy,0,12.116538047790527,0.9921042115509736,0.0033336265478283167,6.954705905264445
C43313972,decoy,0,11.787701606750488,0.9908223482064877,0.0038319185841828585,6.926241198714472
C38546638,decoy,0,10.80813217163086,0.9941029677464718,0.004332397598773241,6.855444740693251
C05284669,decoy,0,10.75255012512207,0.9681393793896385,0.005963878706097603,6.876792782227375
C39545791,decoy,0,11.170711517333984,0.9849983267924398,0.003509955480694771,6.8929318232829
C38636655,decoy,0,11.769990921020508,0.9854586897804407,0.0044832732528448105,6.882955052908939
C01836236,decoy,0,11.498258590698242,0.9708209070928757,0.002893860684707761,6.982258400112631
C36556995,decoy,0,10.979076385498049,0.9864423273189917,0.003136691404506564,6.8874425674946105
C09951434,decoy,0,11.113114356994627,0.9642146742931396,0.0053452737629413605,6.880130871663351
C42842203,decoy,0,11.802281379699709,0.9692368911181746,0.005325628910213709,6.823647909709237
C17157288,decoy,0,10.627574920654297,0.9725025704552553,0.006002495065331459,6.8396300035090505
C14458903,decoy,0,11.460267066955566,0.9643048232662105,0.003451634431257844,6.829017687829068
C65197909,decoy,0,11.8034086227417,0.9813776930946418,0.0034731582272797823,6.888692232479192
C15947635,decoy,0,11.60621738433838,0.9846561544814502,0.004662163555622101,6.902563461944656
C24506941,decoy,0,11.654210090637209,0.9847402874912476,0.002577937440946698,6.936651690577092
C35593641,decoy,0,11.684709548950195,0.9939815942697184,0.003636777400970459,6.856549263409396
C49317005,decoy,0,11.553122520446776,0.9842755347790303,0.003588814986869693,6.8871144480491715
C14511807,decoy,0,11.88376522064209,0.9866095941138475,0.0024608063977211714,6.963314436693163
C47172881,decoy,0,10.849834442138672,0.9870948919204826,0.0031841860618442297,6.915217878045434
C39498848,decoy,0,10.578972816467283,0.9611682996359562,0.0029449977446347475,6.8949978953175215
C10785039,decoy,0,11.144676208496094,0.9424617236986651,0.002804148243740201,6.934908624762641
C08298704,decoy,0,11.000309944152832,0.9281422279494855,0.0037142906803637743,6.914789509252062
C50347221,decoy,0,11.323589324951172,0.8217419359792921,0.007115314248949289,6.908189610094295
C40426495,decoy,0,10.863866806030272,0.9229676376139372,0.007243512663990259,6.882174459158174
C63351001,decoy,0,11.482598304748535,0.9979277869717778,0.003935742657631636,6.872454000669462
C39653536,decoy,0,11.02822494506836,0.9895363980619983,0.003374763997271657,6.871708957004604
C62826103,decoy,0,10.61520767211914,0.9701582422666876,0.003878368064761162,6.884664859635699
C09378907,decoy,0,10.668408393859863,0.9171574647959262,0.002779389498755336,6.910446579433064
C40860303,decoy,0,11.372663497924805,0.9755081906348237,0.002968987450003624,6.9133087321826965
C36494889,decoy,0,10.901126861572266,0.9926176207297889,0.0032139625400304794,6.929981402959443
C00644710,decoy,0,11.471197128295898,0.9944206543859851,0.0039821830578148365,6.857838382370299
C00818061,decoy,0,11.28569793701172,0.9436542745486485,0.0034570524003356695,6.891249794228934
C33270923,decoy,0,10.395695686340332,0.9876914466168825,0.002708139829337597,6.937505184001926
C19836399,decoy,0,10.954042434692385,0.9823484830156978,0.004048434551805258,6.894650450992279
C39769316,decoy,0,10.866371154785156,0.9920119821378167,0.004190825391560793,6.905242176255197
C20284357,decoy,0,11.91364574432373,0.9609099309809342,0.003192601026967168,6.874643970233572
C63375763,decoy,0,10.891036033630373,0.9968721199937608,0.004298359155654907,6.866449286509537
C05782503,decoy,0,10.81244659423828,0.9468694234800386,0.004827768076211214,6.952761828729026
C20737671,decoy,0,11.816934585571287,0.9401808321134976,0.004726199898868799,6.914680805826947
C02258154,decoy,0,11.123181343078612,0.9748513073389213,0.003913397900760174,6.9483984585241405
C34856464,decoy,0,10.653010368347168,0.9490417209914346,0.00497706513851881,6.829900823864366
C14818186,decoy,0,11.96644401550293,0.976282776798418,0.003057316178455949,6.883725849662033
C12219039,decoy,0,11.354100227355955,0.9830451709739451,0.003639141097664833,6.919470177176318
C22461337,decoy,0,10.813698768615724,0.9762120185526917,0.003196476260200143,6.8763974081726005
C51235485,decoy,0,11.857043266296388,0.9702098038779781,0.005973707884550095,6.816632613737414
C49178442,decoy,0,10.543240547180176,0.9870154894508724,0.004913325887173414,6.875367955552523
C39655951,decoy,0,10.4749174118042,0.9852528383997036,0.0032839381601661444,6.873213179850028
C08719404,decoy,0,10.81899070739746,0.9347227448739146,0.003053602995350957,6.876273968365011
C35929987,decoy,0,11.925496101379396,0.8448782869287387,0.00454435171559453,6.926768698332409
C15859308,decoy,0,11.060332298278809,0.9924214467462559,0.0036569281946867704,6.860572713662164
C09419148,decoy,0,11.604079246520996,0.9449736587076495,0.003132814774289727,6.945669164534013
C19808240,decoy,0,10.905794143676758,0.951363375666956,0.0030226411763578653,6.924221462600176
C37440365,decoy,0,11.566309928894045,0.9240666913723671,0.00256571383215487,6.960195036412829
C35415735,decoy,0,11.936620712280272,0.9917669294988498,0.003881867043673992,6.892426264273412
C46867820,decoy,0,11.36124324798584,0.9867523501956815,0.004195515997707844,6.913339214289248
C16975064,decoy,0,11.711708068847656,0.9920259202139069,0.0037887149956077337,6.838943154094999
C38547938,decoy,0,11.141534805297852,0.9872500954088189,0.0043526627123355865,6.855585837581893
C57314611,decoy,0,10.673288345336914,0.9804012059463348,0.0034883508924394846,6.910736401805197
C43218785,decoy,0,10.64384937286377,0.911382785826963,0.003415609709918499,6.886194958390565
C41813445,decoy,0,11.052837371826172,0.9215226308626917,0.004561561159789562,6.897141200645419
C44321281,decoy,0,11.11473274230957,0.9940252265827312,0.0033016109373420477,6.878383870705335
C39933039,decoy,0,13.24951457977295,0.9343415522397769,0.002756640547886491,6.974810409994813
C13568120,decoy,0,10.626798629760742,0.9202334559915892,0.0028496773447841406,6.924206523571051
C12887602,decoy,0,10.67619800567627,0.9889695479893602,0.004478765185922384,6.827302644121469
C60347010,decoy,0,11.112350463867188,0.9930506593630322,0.0037153225857764482,6.8804851928271376
C09884367,decoy,0,11.093975067138672,0.9703991234168042,0.004210390150547028,6.8641972124076505
C05559506,decoy,0,11.769516944885254,0.982831385144723,0.003696603700518608,6.93749455487995
C04931698,decoy,0,10.959098815917969,0.9857842157324687,0.0038981344550848007,6.891633315351571
C08343761,decoy,0,11.068351745605469,0.9576647579608932,0.006605394184589386,6.863949926410983
C16384181,decoy,0,11.973575592041016,0.9680724438873478,0.005314461421221495,6.851441697550752
C12155048,decoy,0,11.444870948791504,0.9229534938594396,0.006536548957228661,6.934011350198869
C35925329,decoy,0,11.133328437805176,0.9950685026250079,0.004027007147669792,6.838308412877646
C09386329,decoy,0,11.100565910339355,0.9715915288256468,0.004166724625974894,6.898140737515326
C06239662,decoy,0,11.832592010498049,0.9100004292206203,0.003956102300435305,6.953801192544548
C32891924,decoy,0,11.646773338317873,0.9935944707640441,0.004477114882320166,6.896627376171924
C43221560,decoy,0,10.81126880645752,0.9316836471694612,0.0030667223036289215,6.912788283875829
C37933873,decoy,0,10.82191562652588,0.9171306502897557,0.003186844289302826,6.926226458420639
C15860472,decoy,0,10.657553672790527,0.9873181323920295,0.003255447605624795,6.901548614512723
C39688608,decoy,0,10.800178527832031,0.9702644530407769,0.003955233376473188,6.9163945906402535
C03953782,decoy,0,11.011899948120115,0.9823375804017248,0.00498186843469739,6.824169278319015
C38546967,decoy,0,10.940558433532717,0.9789802811846403,0.003464070148766041,6.912130941112684
C39518357,decoy,0,11.962748527526855,0.9927287906392613,0.003776534227654338,6.883823316604771
C02360843,decoy,0,11.02760410308838,0.8933940998249147,0.004695475567132235,6.882278017966128
C35699989,decoy,0,11.23862361907959,0.9915480116421729,0.0036756095942109823,6.895852500064093
C00203556,decoy,0,11.468910217285156,0.9901152899266772,0.004109086934477091,6.9385770328641465
C64755884,decoy,0,11.46251392364502,0.9970043455831057,0.0033559829462319613,6.94952389950804
C24640142,decoy,0,11.101490020751951,0.8601601798350218,0.0027583662886172533,6.9616906075696425
C65464072,decoy,0,11.527318954467772,0.8909094234543866,0.005808072630316019,6.8667047824176475
C06301146,decoy,0,11.063450813293455,0.9773632980373907,0.004669809713959694,6.88900958745355
C63513883,decoy,0,10.89306354522705,0.9859472148481511,0.003508444642648101,6.846619423365555
C04691095,decoy,0,11.060383796691896,0.9362361500529406,0.0041626328602433205,6.850999100418985
C35564723,decoy,0,10.489198684692385,0.9173769298942901,0.0046975393779575825,6.85870863213426
C36316106,decoy,0,10.62587070465088,0.9833751185566377,0.0036860702093690634,6.945366781580555
C56768146,decoy,0,10.822036743164062,0.9944039849733263,0.00409497506916523,6.868495156104459
C14274318,decoy,0,11.79670238494873,0.9864669231844841,0.003845755709335208,6.93246371598625
C36613783,decoy,0,11.715330123901367,0.9818157734226809,0.0034017020370811224,6.942730790538625
C34829779,decoy,0,10.709044456481934,0.9964975919224088,0.0042120106518268585,6.864012408090497
C39571242,decoy,0,12.061229705810549,0.9876977117278232,0.0038887897972017527,6.885744462600309
C63941240,decoy,0,10.635332107543944,0.9839315278634423,0.0040878779254853725,6.848999590099093
C15756954,decoy,0,11.990553855895996,0.9682910617726984,0.0032314881682395935,6.8840228194675825
C14458127,decoy,0,11.224878311157228,0.9738349350580957,0.004744029138237238,6.941839873245529
C66926244,decoy,0,11.754865646362305,0.9850775094844562,0.003085009753704071,6.910152447813206
C39302090,decoy,0,11.95041275024414,0.9916907108908514,0.003598734736442566,6.877752966794727
C44608075,decoy,0,11.03644561767578,0.9802151852949899,0.003907232079654932,6.962574230636927
C09425035,decoy,0,10.664178848266602,0.974417515564164,0.0030749421566724777,6.907602153275535
C09813353,decoy,0,11.09149932861328,0.9797141534250645,0.0037982447538524866,6.9433514995538035
C67417970,decoy,0,11.432623863220217,0.9972844053270599,0.004123294726014137,6.861645399149717
C35907990,decoy,0,10.678190231323242,0.9340236573041717,0.0074749416671693325,6.870577750905458
C39711161,decoy,0,11.300464630126951,0.994729005611722,0.003925520461052656,6.908339978074094
C13395427,decoy,0,10.90703582763672,0.9900848974474826,0.004545529838651419,6.835338361510003
C03516643,decoy,0,11.042694091796877,0.985923658290418,0.003885400714352727,6.921456438495827
C06207039,decoy,0,11.564689636230469,0.9714086969547094,0.0032080570235848427,6.876351476940741
C35674766,decoy,0,11.828968048095703,0.9835445705202925,0.005815684795379639,6.835014636133299
C34920059,decoy,0,11.84019947052002,0.991699516440854,0.00317374593578279,6.889139320359249
C02192378,decoy,0,10.701077461242676,0.9917686156515714,0.0037053648848086596,6.904061621889085
C39127702,decoy,0,11.195996284484863,0.9625176502890203,0.003966841846704483,6.88221557459534
C35612808,decoy,0,11.75294589996338,0.9926314780121082,0.0035125408321619034,6.9243102736759
C63234610,decoy,0,10.983858108520508,0.9649754668201949,0.0032542662229388952,6.9357514820780155
C37351088,decoy,0,10.153243064880373,0.9657182809507396,0.0032492633908987045,6.927124522850432
C66246938,decoy,0,11.817428588867188,0.9812207932766444,0.0038562125992029905,6.954323506578547
C27517101,decoy,0,11.433307647705078,0.9653253301852499,0.006532982457429171,6.766853966129236
C24830159,decoy,0,11.073452949523926,0.9954785133184976,0.0032781807240098715,6.917148738694461
C09505935,decoy,0,10.9082670211792,0.9886053049263819,0.004292746540158987,6.89496422116944
C33812728,decoy,0,10.777957916259766,0.9907908743305712,0.004296674858778715,6.828570813646536
C49668346,decoy,0,10.063589096069336,0.9066414782307682,0.003207586705684662,6.890489079734365
C08733507,decoy,0,11.440913200378418,0.9603233345158415,0.006796697620302439,6.83423506296059
C36531503,decoy,0,10.921677589416504,0.9748719725820988,0.003240860067307949,6.878806018876497
C63514874,decoy,0,10.842855453491213,0.9698424966844441,0.006197068840265274,6.903489736682153
C39710936,decoy,0,10.572102546691896,0.9867332939845285,0.0037281482946127653,6.926360370726176
C20764317,decoy,0,11.107089042663574,0.9912536341178079,0.0038198616821318865,6.908108624579926
C09102164,decoy,0,10.797356605529783,0.9833879742066601,0.002863517729565501,6.909126119959304
C02659917,decoy,0,11.211921691894531,0.9525562591081906,0.00476375175639987,6.87048122592853
C08914539,decoy,0,10.998445510864258,0.9607869810794368,0.0029666349291801453,6.91987034099071
C30978042,decoy,0,11.012218475341797,0.9871860536244583,0.003584861056879163,6.931606883084093
C39666644,decoy,0,10.895225524902344,0.9894619045857725,0.003272363916039467,6.895863399206915
C02361511,decoy,0,11.848732948303224,0.9231243948364359,0.0033744710963219404,6.883061590510814
C13064962,decoy,0,11.409337043762209,0.9965930118324686,0.0036059252452105284,6.949432877898363
C09778674,decoy,0,11.039386749267578,0.9902665433859855,0.003491085022687912,6.881919815731037
C16916844,decoy,0,12.19564723968506,0.962432214721801,0.003104623407125473,6.958920316669731
C09390412,decoy,0,11.783637046813965,0.952722175105105,0.0066277761943638325,6.820171690796176
C35697754,decoy,0,11.184776306152344,0.9800305363655571,0.004369211383163929,6.900187602559557
C38546308,decoy,0,10.678768157958984,0.9850681702680856,0.0037447670474648476,6.86288031989765
C39674129,decoy,0,10.64255142211914,0.9779983949215324,0.0030241196509450674,6.904528519761966
C33268856,decoy,0,11.497515678405762,0.9627177972099014,0.004374603740870953,6.9534328818367666
C00906458,decoy,0,11.883378982543944,0.9828393446139807,0.003404751420021057,6.917777688096001
C02154830,decoy,0,11.113109588623049,0.9735487740523165,0.0034505410585552454,6.93563141138846
C43093023,decoy,0,11.207582473754885,0.9795040744447696,0.0028105953242629766,6.966136525933487
C47136268,decoy,0,11.946574211120604,0.9730013221197685,0.003070974722504616,6.884966722469989
C04691436,decoy,0,11.06337070465088,0.9893475075161049,0.003052306594327092,6.930517719628103
C40352326,decoy,0,12.135536193847656,0.9758776584445887,0.004374659154564142,6.875313706791521
C04469396,decoy,0,10.402921676635742,0.9495687023825766,0.005348087754100561,6.867952633373685
C25382921,decoy,0,11.874446868896484,0.9514456721175496,0.006338430102914572,6.853866484395665
C63259001,decoy,0,11.723746299743652,0.9860137054383107,0.005126444157212973,6.828331484502531
C09266823,decoy,0,10.734716415405272,0.9824400401323534,0.0054476503282785416,6.79329093138421
C36069370,decoy,0,10.882905960083008,0.9314694544814559,0.005783312488347292,6.913557133876178
C39684223,decoy,0,10.58605670928955,0.9835709297341682,0.0034231978934258223,6.867060687515605
C33761341,decoy,0,11.928244590759276,0.9828849460020602,0.004027859773486853,6.92598903799367
C41585155,decoy,0,10.924595832824709,0.9838550565033987,0.0036403201520442963,6.863968291408549
C02359432,decoy,0,12.133071899414062,0.9614763965665384,0.0030596544966101646,6.926835404373522
C62244997,decoy,0,10.718130111694336,0.9926137082715732,0.0035809127148240805,6.922175186200629
C67382827,decoy,0,11.871609687805176,0.9394759166557975,0.00498349592089653,6.90150322474826
C12516455,decoy,0,11.012458801269531,0.9896437743648208,0.002863873029127717,6.936259974153748
C36123680,decoy,0,11.275339126586914,0.9924924369717399,0.003873740090057254,6.857833282027952
C45830135,decoy,0,11.552814483642578,0.9368114936289551,0.0027897439431399107,6.946050757625716
C02501761,decoy,0,11.390578269958496,0.9766444871198302,0.0030097579583525658,6.888033561457298
C53146138,decoy,0,10.82159423828125,0.9650019493035397,0.0030989896040409803,6.95793854129748
C28615401,decoy,0,10.755535125732422,0.9028637069507816,0.004170528147369623,6.852815216818983
C39325050,decoy,0,11.28641414642334,0.9797284285882051,0.003908544313162565,6.918387012062736
C09684726,decoy,0,11.740489959716797,0.9851050726880787,0.004090978763997555,6.884178079797948
C33936811,decoy,0,11.820591926574709,0.9913334072718477,0.004036801401525736,6.946209098482138
C39431393,decoy,0,11.26489543914795,0.9909143737491175,0.0056181554682552814,6.827925306399262
C19941607,decoy,0,10.913656234741213,0.980393259465128,0.004463383927941322,6.87461521124752
C13815401,decoy,0,10.606368064880373,0.9926401634281558,0.003963124472647905,6.8627366684231195
C13368714,decoy,0,10.856390953063965,0.9854647965920823,0.00459996098652482,6.857402172144642
C00888569,decoy,0,11.080554008483888,0.9859936213119942,0.003125198185443878,6.893456144299696
C09478765,decoy,0,11.083566665649414,0.9375134623460263,0.004980213008821011,6.89029302787684
C37006579,decoy,0,11.203490257263184,0.958453515930769,0.005071163643151522,6.876140494821292
C04552446,decoy,0,11.653952598571776,0.9871542235774026,0.0048291184939444065,6.8253492524371175
C36553493,decoy,0,11.58067226409912,0.9735035305969167,0.0034703935962170362,6.865656925609713
C65995266,decoy,0,10.77243995666504,0.9916474224968775,0.003358744317665696,6.930125219829988
C39597402,decoy,0,11.062423706054688,0.9868249651694865,0.0038474109023809433,6.8676784011412995
C39328012,decoy,0,10.422903060913086,0.9736261974275662,0.004953879397362471,6.890910651153465
C39693453,decoy,0,10.196093559265137,0.9790188015456746,0.0033725451212376356,6.872970444753268
C12624512,decoy,0,11.6525239944458,0.9842064527984283,0.004241596907377243,6.853958775329252
C13298383,decoy,0,10.91489028930664,0.8075601132117676,0.008673935197293758,6.795516872739388
C08815955,decoy,0,11.536373138427734,0.9639266620854438,0.005387726705521345,6.872116517146753
C14794019,decoy,0,11.750447273254396,0.9732642177771981,0.0029671068768948317,6.872591903332167
C05379301,decoy,0,11.852743148803713,0.9884815078142394,0.0032955470960587263,6.922949141896822
C15867139,decoy,0,11.948397636413574,0.9759811358509205,0.003994887229055166,6.892824560361909
C18345479,decoy,0,11.817893981933594,0.9823997163364506,0.004559679888188839,6.890067382574994
C06703835,decoy,0,11.108646392822266,0.9927247884995534,0.003682162379845977,6.921966200220284
C51989506,decoy,0,10.679801940917969,0.9859907757694284,0.004082797560840845,6.900608793708122
C36091457,decoy,0,11.185834884643556,0.9834518942183935,0.003958223853260279,6.903463933397777
C39015747,decoy,0,11.306963920593262,0.9876770004684025,0.003924643620848656,6.91558548489628
C39229640,decoy,0,11.052651405334473,0.990420487711057,0.004201431293040514,6.857566733226685
C03227169,decoy,0,11.042762756347656,0.9860864184988168,0.004089701920747757,6.858472310377888
C35266772,decoy,0,10.97113037109375,0.9457642009835093,0.0035456493496894836,6.878166594848001
C38926026,decoy,0,11.408940315246582,0.9881069103818607,0.003944918978959322,6.890126560245689
C09611435,decoy,0,10.87376594543457,0.9676530104108378,0.004549246281385422,6.913789832447845
C10376533,decoy,0,11.33247184753418,0.9902288945350082,0.003769177244976163,6.953975896545511
C65074809,decoy,0,11.040132522583008,0.9627799833955616,0.004178804811090231,6.9009173814592515
C37034016,decoy,0,10.517129898071287,0.8527012542927371,0.005691155791282654,6.939226410650303
C02211399,decoy,0,10.844781875610352,0.977588066034078,0.0035638045519590378,6.918989808775078
C52473020,decoy,0,11.11324691772461,0.9743404072126216,0.0035171592608094215,6.896100346217608
C01017574,decoy,0,11.665507316589355,0.9561113444786716,0.002891586162149906,6.909902792062137
C49497562,decoy,0,11.243951797485352,0.9726403021615488,0.003536919830366969,6.862228333444682
C19857957,decoy,0,11.523582458496094,0.9494260391582635,0.0038561485707759857,6.874340440030096
C13064816,decoy,0,11.312220573425291,0.9814185542278323,0.0042784749530255795,6.93221091019073
C00565681,decoy,0,11.598209381103516,0.9923489657671338,0.004605624824762344,6.876080152845038
C06442908,decoy,0,10.921743392944336,0.9922938581151173,0.004458327312022448,6.888618753083612
C37192837,decoy,0,11.615974426269531,0.9907965303665911,0.0033595366403460503,6.8850333818146
C04885826,decoy,0,10.944012641906738,0.979916196062477,0.004179841373115778,6.871081615596582
C45631920,decoy,0,11.241705894470217,0.9859091983679856,0.0046394094824790955,6.862571214139347
C14625038,decoy,0,11.21700954437256,0.9197313092234526,0.0035514601040631533,6.8746444491679695
C39361788,decoy,0,11.725371360778809,0.9768092220992914,0.0034040750470012426,6.942489722429585
C01383858,decoy,0,11.587775230407717,0.9603581896230161,0.0027740017976611853,6.964513486007927
C01719085,decoy,0,10.787412643432615,0.9896918928937646,0.0037396028637886047,6.8241015348661405
C12635356,decoy,0,11.805676460266112,0.9767711501297971,0.004344658460468054,6.876191765416188
C17215969,decoy,0,10.490541458129885,0.9740291111184219,0.004860223736613989,6.846503721149356
C02085596,decoy,0,11.860811233520508,0.8581415549839607,0.003957611974328756,6.987417747314594
C25677458,decoy,0,11.268582344055176,0.9405276493241562,0.004216775763779879,6.928194603701247
C02505823,decoy,0,11.871356010437012,0.926597333067366,0.004140018951147795,6.907583304785562
C12979765,decoy,0,12.213478088378906,0.9734287083555555,0.0030835960060358047,6.901803440877943
C16567844,decoy,0,11.700068473815918,0.9263923201432317,0.0026422447990626097,6.943307939904564
C13358309,decoy,0,11.050406455993652,0.995919088775863,0.0038140618707984686,6.868885194744026
C35756837,decoy,0,11.861807823181152,0.9734397369196945,0.0031303653959184885,6.906495191049495
C12412765,decoy,0,11.850959777832031,0.9940144873615966,0.003673664992675185,6.938221316676426
C63949198,decoy,0,10.561697959899902,0.9947871292482774,0.0033590784296393394,6.939889669464456
C16434074,decoy,0,11.26478672027588,0.9646939230108457,0.003041186137124896,6.902163640243062
C38486871,decoy,0,11.056208610534668,0.9611487692429956,0.004355756565928459,6.8795058890966985
C00631010,decoy,0,11.255671501159668,0.9411688483245674,0.00749180419370532,6.785302868330697
C35705805,decoy,0,11.573067665100098,0.9708891089193152,0.003781980602070689,6.876001604985333
C09295107,decoy,0,11.205364227294922,0.993714379255069,0.004202271346002817,6.867982445900091
C20414353,decoy,0,11.481331825256348,0.9881368036460654,0.003706878051161766,6.85676891530503
C43742990,decoy,0,11.018182754516602,0.9065493977569601,0.006661415100097656,6.842401184762267
C64491160,decoy,0,11.838834762573242,0.9858521902482555,0.004978296346962452,6.8683971713374525
C11854934,decoy,0,11.238045692443848,0.863766776032689,0.007638253271579742,6.881319878482355
C05256177,decoy,0,11.084299087524414,0.9796306911663506,0.0039077638648450375,6.782689031427667
C35938594,decoy,0,11.139517784118652,0.9960530556315769,0.004120983649045229,6.836823228842736
C41585407,decoy,0,11.180399894714355,0.9895323218811817,0.0037326563615351915,6.847419956136778
C08779731,decoy,0,11.256096839904783,0.9571339359185751,0.0026152695063501596,6.950801854219766
C02435620,decoy,0,10.62513542175293,0.9914176919243832,0.004318939987570047,6.87153771005093
C36730594,decoy,0,11.592784881591797,0.9446261957218955,0.005844948347657919,6.867940361853106
C06282815,decoy,0,11.612665176391602,0.9931512781853354,0.0032225206959992647,6.922950676361247
C10980429,decoy,0,11.19640064239502,0.9956653983802365,0.004400935955345631,6.839460922224236
C09433322,decoy,0,11.250380516052246,0.9836558898284102,0.003986205905675888,6.869788362113553
C12467518,decoy,0,11.001679420471191,0.9683948736001383,0.0024888732004910707,6.95963936245519
C38790628,decoy,0,11.570119857788086,0.9511301937264339,0.0026628999039530754,6.950370779061574
C13036331,decoy,0,11.68805980682373,0.9890120582349858,0.0041114757768809795,6.8661694013608825
C05362380,decoy,0,11.78609848022461,0.9649053527577405,0.004177961032837629,6.907106088323683
C05097535,decoy,0,11.024754524230955,0.9901515448140153,0.004279532004147768,6.872688070363544
C36028117,decoy,0,11.055822372436523,0.9582364104211007,0.004423085134476423,6.8833037470080995
C14912166,decoy,0,10.59597396850586,0.9797140242697854,0.004715977236628532,6.868415478767087
C16033233,decoy,0,12.039567947387695,0.990644026767124,0.0035573106724768877,6.926829814704281
C25467055,decoy,0,11.624948501586914,0.9354004346530523,0.002954222494736314,6.945116047333879
C06780436,decoy,0,11.517003059387209,0.9824570156346136,0.004073120187968016,6.8719940752410285
C44783018,decoy,0,10.583354949951172,0.9407392912463006,0.0054827467538416386,6.90158146297386
C63361841,decoy,0,10.84999656677246,0.9949035774549982,0.0040442016907036304,6.892440028467838
C13568118,decoy,0,10.60041332244873,0.9211046288476447,0.0028390560764819384,6.926351314674985
C42356081,decoy,0,12.27234172821045,0.9756707960397211,0.0035432344302535057,6.879796938060735
C07247230,decoy,0,11.419244766235352,0.9875917709776154,0.004513975232839584,6.88044112738605
C63426904,decoy,0,11.03965663909912,0.9848795092153102,0.005515735596418381,6.919102489139597
C43424727,decoy,0,11.287064552307127,0.9834221189696786,0.004813060630112886,6.805477865872957
C20478362,decoy,0,11.680014610290527,0.987503700897311,0.004439285956323147,6.870602812689363
C06464479,decoy,0,12.434003829956056,0.9575669032940101,0.0039030041079968214,6.915818974608965
C35520253,decoy,0,11.54749584197998,0.9847104354930897,0.003878396237269044,6.861532717868348
C63270935,decoy,0,10.89367389678955,0.9917126512323536,0.004161983262747526,6.825429255997959
C09646890,decoy,0,11.285237312316896,0.9730821586232993,0.003973443992435932,6.894619699715917
C41313895,decoy,0,10.672176361083984,0.9924445864858533,0.0037316575180739164,6.893777391725233
C12485671,decoy,0,11.83711051940918,0.9718665288777054,0.0036262061912566423,6.9149008951360615
C63374902,decoy,0,10.951616287231444,0.9611649686770105,0.004775637295097113,6.899473031512754
C20257588,decoy,0,10.971301078796388,0.9230439440862787,0.004932740703225136,6.927582284854718
C40824993,decoy,0,11.64908504486084,0.9617194802558537,0.002815844491124153,6.9100366674698135
C58905795,decoy,0,11.49787712097168,0.9772009572926955,0.0033381779212504625,6.932943057892011
C29956583,decoy,0,11.588030815124512,0.9817206468529076,0.004238835535943508,6.877878486100531
C23505993,decoy,0,12.00847625732422,0.9630888354544634,0.004245315212756395,6.889102240117644
C40010982,decoy,0,10.764034271240234,0.9887291749865564,0.005051836837083101,6.827810482513396
C57309817,decoy,0,10.8270845413208,0.953276779276418,0.005403401795774698,6.916250128024127
C39939985,decoy,0,11.672797203063965,0.9789716404514687,0.0029703062027692795,6.892181464118023
C63671324,decoy,0,10.958662033081056,0.9954023174223904,0.003524746745824814,6.86050243900041
C39671083,decoy,0,10.711183547973633,0.9759473742605635,0.003264704020693898,6.898630373869926
C60280644,decoy,0,11.80430507659912,0.9354430769772818,0.004133453126996756,6.8979705147502415
C13500104,decoy,0,11.369032859802246,0.9731788304909503,0.0038093163166195154,6.90200170110229
C12814535,decoy,0,11.016910552978516,0.9834509029411064,0.0033740063663572073,6.823246146485203
C21234894,decoy,0,11.673853874206545,0.9859386682761209,0.0038574784994125366,6.83454714693259
C35911922,decoy,0,10.9694185256958,0.943068265153815,0.003068716498091817,6.947118787323807
C15947547,decoy,0,11.90567684173584,0.9907449619587753,0.003941884730011225,6.87345531530619
C12757192,decoy,0,11.227775573730469,0.9970571296661257,0.003699178108945489,6.917592234590092
C22890996,decoy,0,11.093976974487305,0.9944331351313124,0.0037463500630110502,6.884204471509005
C00883768,decoy,0,11.064738273620604,0.9882368665750851,0.0027948457282036543,6.939637183064457
C43218916,decoy,0,11.133773803710938,0.9605653460365772,0.0030940594151616096,6.902519972842722
C08410502,decoy,0,11.72851276397705,0.9452337837630685,0.006581038236618042,6.915775034707865
C12642571,decoy,0,10.806977272033691,0.9191817378786795,0.0035317372530698776,6.881112698099281
C43215780,decoy,0,11.60540008544922,0.9887518526311357,0.003196665784344077,6.8933422229166235
C36207407,decoy,0,11.25166130065918,0.9717642052083155,0.004026144742965698,6.935177926846117
C09763683,decoy,0,12.435452461242676,0.9864066163245061,0.0035101112443953753,6.9169201670170395
C16007123,decoy,0,11.343149185180664,0.972860665478331,0.0029705865308642387,6.9047168548678375
C08854980,decoy,0,11.68853759765625,0.9895267333072169,0.0037185780238360167,6.936660076579214
C18204027,decoy,0,12.094032287597656,0.9758509813222587,0.00322248344309628,6.9633277106798435
C22910900,decoy,0,10.991097450256348,0.9905745893268,0.00397765077650547,6.862507400959898
C19283837,decoy,0,10.788888931274414,0.9885979268580459,0.0034582011867314577,6.919289694825055
C23644725,decoy,0,11.505720138549805,0.9586248786423497,0.0032736097928136587,6.892206844574025
C24709199,decoy,0,11.31333065032959,0.9223261963987609,0.004928783047944307,6.891776221812188
C67397697,decoy,0,11.790377616882324,0.9662426807124312,0.00504683330655098,6.900498626602202
C18350890,decoy,0,10.618577003479004,0.9791059863003195,0.004445534665137529,6.893692440001054
C67202478,decoy,0,10.549988746643066,0.9672710868849111,0.004107137676328421,6.861454390187157
C14994430,decoy,0,11.29362964630127,0.9863076114824144,0.0037020875606685877,6.907165078284991
C06312658,decoy,0,11.730432510375977,0.9479740133093679,0.0037477482110261917,6.7829469144087025
C09117776,decoy,0,11.29420566558838,0.9824142075464342,0.0030763910617679358,6.909983182193107
C37358874,decoy,0,11.770161628723145,0.9323371406914742,0.003682667389512062,6.945751419985076
C13654256,decoy,0,11.293692588806152,0.919939719845911,0.00664946436882019,6.8422116437422105
C21660736,decoy,0,11.627556800842283,0.9670415189297861,0.0038210090715438128,6.89161494304547
C38576712,decoy,0,10.73048210144043,0.9883065195036126,0.0035968346055597067,6.906514213835847
C24709239,decoy,0,11.677443504333496,0.9935187216225607,0.0031680415850132704,6.872579374224707
C60037411,decoy,0,10.792509078979492,0.968531734108135,0.005349694285541773,6.8560386332233705
C39344630,decoy,0,11.586105346679688,0.925786141113702,0.004710162524133921,6.876971720979142
C59890681,decoy,0,11.2767333984375,0.9143534233105037,0.006346642971038818,6.850505510512823
C25057712,decoy,0,10.959294319152832,0.9815166958116458,0.003042512806132436,6.924976861868233
C39421761,decoy,0,11.039708137512209,0.9896907635058104,0.0034322598949074745,6.902379581790319
C57866277,decoy,0,10.869518280029297,0.9942080374999822,0.0042624990455806255,6.825663499204534
C67042730,decoy,0,11.250033378601074,0.9478563431446213,0.004987714346498251,6.853364305712423
C06843952,decoy,0,10.832135200500488,0.8824088016346687,0.0039964234456419945,6.845555218660639
C46913040,decoy,0,11.85623836517334,0.9838020368153308,0.0026044368278235197,6.952065939839804
C19961788,decoy,0,10.894145011901855,0.967573223418383,0.005249312147498131,6.852757715501955
C20933388,decoy,0,11.940007209777832,0.988481963391963,0.004152949433773756,6.92809640042589
C20719627,decoy,0,11.219074249267578,0.9948716807940218,0.003415609011426568,6.881441883138053
C14995554,decoy,0,11.810789108276367,0.9827341409738976,0.003572952700778842,6.896539311045521
C15839320,decoy,0,10.8717622756958,0.9640033442053351,0.0039153918623924255,6.906184814147907
C20755152,decoy,0,11.313640594482422,0.9631714587122856,0.003798551158979535,6.845843231494987
C01062379,decoy,0,10.869553565979004,0.9899166707902428,0.0044676680117845535,6.87420263908578
C06197743,decoy,0,11.559840202331545,0.9121065559986218,0.005034009460359812,6.884483486847719
C56782036,decoy,0,11.748568534851074,0.9802486349030719,0.005364903714507818,6.819683132211843
C34683712,decoy,0,11.182169914245604,0.9526527808445722,0.003622054122388363,6.960056296254067
C39686601,decoy,0,10.77411937713623,0.9931076568694757,0.0038157727103680372,6.870053215200398
C39227396,decoy,0,11.32008934020996,0.9774782267518285,0.003905612975358963,6.894435456256554
C04569006,decoy,0,10.901606559753418,0.9855619895371578,0.003627487225458026,6.841546549009379
C13032756,decoy,0,11.035097122192385,0.9868680264578157,0.003652948187664151,6.916094076159794
C64215349,decoy,0,11.263808250427246,0.9633179497465719,0.0028059205505996943,6.930796371650397
C03841359,decoy,0,11.720691680908203,0.9749996427838218,0.005085632670670748,6.837547925417368
C19296833,decoy,0,11.610225677490234,0.9542672471517368,0.0026917585637420416,6.965037955898952
C59170581,decoy,0,12.237361907958984,0.9898304826435971,0.0035249581560492516,6.894469406497963
C14474216,decoy,0,12.42953872680664,0.9805165033831253,0.004551238380372524,6.85681796914992
C00863528,decoy,0,11.030070304870604,0.9847701649575493,0.00395951559767127,6.854071279083527
C15770415,decoy,0,10.912202835083008,0.9733573233945648,0.0036233810242265463,6.8487796446382845
C35002060,decoy,0,10.673934936523438,0.8350852911465165,0.0039680288173258305,6.837852177711778
C19757941,decoy,0,11.032546997070312,0.9593358471064127,0.003452623263001442,6.858383804915701
C38702817,decoy,0,11.395018577575684,0.9690383357251955,0.003226988948881626,6.877159300580384
C39237562,decoy,0,11.526338577270508,0.9524382645819173,0.0038986345753073692,6.910926862282017
C13063928,decoy,0,11.501827239990234,0.9862052669149752,0.003313908353447914,6.929592827280699
C35097890,decoy,0,10.575078964233398,0.9362561192473301,0.007564203348010778,6.80124600528452
C14479336,decoy,0,11.46412754058838,0.9384379420286052,0.0041941022500395775,6.946363201259118
C12872228,decoy,0,10.73606300354004,0.9791465731029675,0.0030745191033929586,6.960514922904403
C40376889,decoy,0,10.478577613830566,0.9573525071432256,0.004320122767239809,6.969844899723995
C09712562,decoy,0,10.574249267578123,0.9282048094940807,0.003342985175549984,6.913376194142595
C20465631,decoy,0,10.843167304992676,0.9698703710472509,0.004979313816875219,6.893938996353943
C02518742,decoy,0,10.50954818725586,0.9634164151571907,0.002862502122297883,6.936107607206466
C13070729,decoy,0,11.41897201538086,0.9955464732829781,0.00425079558044672,6.873583820857166
C39666144,decoy,0,11.047308921813965,0.987820453415056,0.0036102498415857553,6.8819903393649895
C09729744,decoy,0,10.956298828125,0.9738169408789012,0.0026843633968383074,6.9261126427769755
C64714628,decoy,0,11.004755020141602,0.9813304306869549,0.0037018267903476954,6.889253148003675
C39361709,decoy,0,11.57791519165039,0.9867270240663139,0.002900388091802597,6.937045865081942
C14151958,decoy,0,11.717512130737305,0.9893862876232252,0.003893274813890457,6.9239651671291735
C37211505,decoy,0,11.010332107543944,0.9437081737012976,0.004513225983828306,6.913834725594199
C08994418,decoy,0,11.87987232208252,0.9805817253457364,0.003947750199586153,6.884016276259581
C66629042,decoy,0,10.590304374694824,0.9664219570224297,0.004068511538207531,6.885865292376652
C11730283,decoy,0,11.697595596313477,0.9829459442848419,0.003454814665019512,6.852760112981957
C63280739,decoy,0,10.439895629882812,0.9947694004024448,0.003500836668536067,6.850282620776619
C17101642,decoy,0,11.527119636535645,0.9683648431544503,0.004676785785704851,6.8751576464517905
C19402855,decoy,0,11.05519199371338,0.9832797773618673,0.0035446006804704666,6.908201121742103
C29481548,decoy,0,10.502740859985352,0.9580148291719551,0.0036731071304529905,6.957989053176614
C58952774,decoy,0,11.848167419433594,0.9925068676688007,0.004729044623672962,6.816771453931694
C49935037,decoy,0,10.71544075012207,0.9838736298776443,0.004786541685461998,6.794008662693837
C11106760,decoy,0,11.310449600219728,0.991996310907462,0.0029152703937143087,6.951207283254562
C02645160,decoy,0,10.755378723144531,0.9529650404571108,0.004078307654708624,6.902489023119204
C12925347,decoy,0,10.810717582702637,0.9256600013506441,0.00398212531581521,6.83721106105512
C20928823,decoy,0,10.919706344604492,0.9941267719607959,0.004405421670526266,6.857445298065017
C09868393,decoy,0,11.805343627929688,0.8789809207437302,0.004456883762031794,6.9463276981510855
C40172713,decoy,0,10.36013412475586,0.9657325091394209,0.004165573511272669,6.894502344425878
C65010139,decoy,0,11.50667953491211,0.9360389976334428,0.003406330244615674,6.816882677120477
C65959212,decoy,0,11.099776268005373,0.9657106923542107,0.004882172215729952,6.909533806659287
C66782048,decoy,0,11.08601188659668,0.9741296209994523,0.005613081622868776,6.832238164207218
C22381550,decoy,0,11.101211547851562,0.9477740703664004,0.003435075981542468,6.901762408381357
C39227374,decoy,0,10.78857707977295,0.996774285926541,0.0039095585234463215,6.874750543348835
C14378977,decoy,0,10.993017196655272,0.9258298677298422,0.0038778504822403193,6.842070981324713
C01445557,decoy,0,11.45840072631836,0.9722754861490086,0.005026131868362427,6.933482822906848
C09173753,decoy,0,11.826775550842283,0.9886769937005654,0.0038281576707959175,6.89336987095557
C13064445,decoy,0,11.644152641296388,0.9767348029118853,0.0037393514066934586,6.974664286898262
C39943065,decoy,0,10.61921215057373,0.9874454742624863,0.002793258288875222,6.938616340160031
C15761613,decoy,0,11.609223365783691,0.9861064162934686,0.004686106462031603,6.907351760368879
C63387249,decoy,0,11.083170890808104,0.9849432852058525,0.004646876826882362,6.869932513760963
C13500126,decoy,0,11.454989433288574,0.9938291711382146,0.003858457086607814,6.930448301871236
C22398422,decoy,0,10.928848266601562,0.9896610291791383,0.0039643472991883755,6.88770011217031
C10603437,decoy,0,11.623933792114258,0.9945239689097265,0.004370300564914942,6.8469290661339715
C38875994,decoy,0,11.570470809936523,0.9075534377451191,0.0031966266687959433,6.865616112133041
C59076301,decoy,0,11.547690391540527,0.9688980500970443,0.0026196276303380728,6.961823853676183
C64600387,decoy,0,10.973785400390623,0.9881103221771805,0.004287971183657646,6.912931407731722
C23118791,decoy,0,11.693357467651367,0.9630112329687638,0.004149036016315222,6.865734984059965
C64050837,decoy,0,11.290328979492188,0.9750250436347903,0.004569515120238066,6.8861310319866105
C33502044,decoy,0,11.108376502990724,0.9896568734834266,0.00407851068302989,6.9006470779300315
C63385327,decoy,0,11.070427894592283,0.9876037173548244,0.0036617477890104055,6.896907356924871
C38687948,decoy,0,11.485227584838867,0.9381433143787067,0.0027055784594267607,6.9180112521168535
C12889543,decoy,0,10.347387313842772,0.9674470454419329,0.0031092846766114235,6.908675559937701
C09165012,decoy,0,10.626323699951172,0.93960235920394,0.004212154541164637,6.911272864493775
C27751337,decoy,0,11.322072982788086,0.9786940655907564,0.005188401788473129,6.910255844076562
C15675588,decoy,0,11.561461448669434,0.9828991469405212,0.003152980236336589,6.942800204630199
C13206076,decoy,0,10.524336814880373,0.9661249241537174,0.0029669974464923143,6.929038201455613
C35427433,decoy,0,11.450098991394045,0.9764852446930854,0.0032151497434824705,6.922960976480466
C16725013,decoy,0,12.051596641540527,0.98792717737555,0.0035951565951108932,6.936857637235538
C60372042,decoy,0,10.330065727233888,0.9601842088871629,0.0043177176266908646,6.88510819351011
C16040123,decoy,0,10.72186279296875,0.8960528531326852,0.006096659693866968,6.879222013849168
C34790948,decoy,0,11.148696899414062,0.9348393270943267,0.004751662723720074,6.851024902599531
C51363723,decoy,0,10.769829750061035,0.9851616610445394,0.003352099098265171,6.960828466611002
C03414654,decoy,0,11.87535572052002,0.9898670130369878,0.004667398985475302,6.848228861508007
C62851373,decoy,0,11.067008018493652,0.9890063186298864,0.0043194349855184555,6.853682349131176
C19661496,decoy,0,11.84267520904541,0.9777638260285891,0.004569693468511105,6.918003996255505
C12949397,decoy,0,10.701353073120115,0.9816643509855333,0.0035185988526791334,6.909859936604003
C06193740,decoy,0,11.974774360656738,0.9840488751269266,0.004093380644917488,6.909217844501789
C20080923,decoy,0,10.747533798217772,0.9844727865254381,0.00459514744579792,6.860851593117469
C63557292,decoy,0,10.97902488708496,0.9918372604664084,0.003832270624116063,6.877914038495721
C13064513,decoy,0,11.784241676330566,0.9852218610468992,0.0030286165419965982,6.991009703206084
C66343325,decoy,0,11.268372535705566,0.97243192434994,0.004917008336633444,6.844259966103339
C09403374,decoy,0,10.757259368896484,0.9355612742272591,0.003395258216187358,6.8977869847238855
C41652342,decoy,0,10.754791259765623,0.9601497232514901,0.0029779241885989904,6.895606394811467
C06443593,decoy,0,11.061180114746094,0.9922183146857939,0.0037260677199810743,6.904173867666009
C01375202,decoy,0,11.625825881958008,0.976007233371852,0.0035315409768372774,6.9602394646426475
C67101458,decoy,0,11.187644958496094,0.9906330487630292,0.003069761209189892,6.882010599154927
C09969142,decoy,0,11.27154541015625,0.9473315773127785,0.0058193933218717575,6.84937690241854
C39736578,decoy,0,10.790204048156738,0.947815099177101,0.0033037711400538683,6.8873462510747405
C44452921,decoy,0,11.618549346923828,0.9823303145384318,0.003250259207561612,6.92466249889821
C27231993,decoy,0,10.784734725952148,0.9130729136117461,0.003281163750216365,6.8996079736650255
C21808570,decoy,0,10.775437355041504,0.997218340335145,0.004566547926515341,6.8222035519438355
C66239105,decoy,0,11.227792739868164,0.947471529746481,0.0035222650039941072,6.9668399062857205
C65882705,decoy,0,10.892655372619627,0.9350681584066471,0.003887762548401952,6.867337649851422
C40568163,decoy,0,10.50620937347412,0.9696374114505762,0.004655290860682726,6.891695590641878
C37420770,decoy,0,10.388239860534668,0.9331471171570029,0.0040231323800981045,6.9308078119954635
C00927352,decoy,0,11.520220756530762,0.9883317467819752,0.0046159750781953335,6.909386598694356
C50307507,decoy,0,10.549932479858398,0.9812125634612695,0.0036247551906853914,6.899097355713263
C49763116,decoy,0,11.489206314086914,0.9733622791387299,0.0027664974331855774,6.942296808010345
C00305800,decoy,0,11.455275535583496,0.9727096462568631,0.004725197795778513,6.891802529150388
C50603353,decoy,0,10.875718116760254,0.9879832372002955,0.004003356210887432,6.83719700867134
C39937985,decoy,0,11.754734992980955,0.9599071101158412,0.005187610164284706,6.899162830234885
C39669190,decoy,0,11.023530960083008,0.9779803047873531,0.0036491267383098602,6.891817721033476
C04848048,decoy,0,10.516254425048828,0.9798090939041285,0.0036731271538883448,6.907632427229255
C63135279,decoy,0,11.271310806274414,0.984505944388688,0.0034784080926328897,6.919193069908357
C11691940,decoy,0,10.877236366271973,0.9900182561927646,0.004632377997040749,6.815204780995716
C67177337,decoy,0,11.580984115600586,0.9906145850785623,0.004694967530667782,6.867007051746332
C43510519,decoy,0,11.762691497802734,0.9720550233797641,0.004523253068327904,6.922099785803555
C13212284,decoy,0,11.733976364135742,0.9221157799990384,0.003747955895960331,6.883601317526995
C36585002,decoy,0,10.559443473815918,0.981556111023549,0.005902279634028673,6.926963948061378
C57945367,decoy,0,11.306476593017578,0.9841439230101685,0.003557005198672414,6.940999486997493
C05905178,decoy,0,11.045843124389648,0.9805574675060176,0.004704589024186134,6.910310695296806
C05291004,decoy,0,10.723710060119627,0.9784146074219038,0.003103773109614849,6.97886685984988
C12894046,decoy,0,10.664960861206056,0.9521614797528167,0.0031045267824083567,6.903732014092717
C12131802,decoy,0,12.080574035644531,0.986519137346568,0.0035998597741127014,6.9050183703195716
C39761339,decoy,0,11.323646545410156,0.8907977148744942,0.003484423505142331,6.862869581794559
C27603057,decoy,0,11.417620658874512,0.989101911347974,0.003027417929843068,6.917244556412542
C32614496,decoy,0,11.585993766784668,0.9823742198337322,0.003979989793151617,6.817363544017886
C54094471,decoy,0,11.885642051696776,0.9702707067397112,0.0044815740548074245,6.8684518411502475
C10342442,decoy,0,10.67750358581543,0.9674863956423834,0.005429871380329132,6.814752396414591
C23372368,decoy,0,11.31056785583496,0.9047506558922733,0.0077469260431826115,6.818688652924424
C22504408,decoy,0,10.12574863433838,0.9770532057174565,0.0035967982839792967,6.858628145262133
C12848535,decoy,0,11.45456314086914,0.9390635087751665,0.003106844611465931,6.922326926062314
C13064180,decoy,0,11.447381973266602,0.9854066786218953,0.002819295972585678,6.933063254348023
C19927053,decoy,0,10.773561477661133,0.9895312481364329,0.002696949988603592,6.952670231667961
C09891539,decoy,0,11.73833465576172,0.9663811209390542,0.0035964359994977713,6.946528021936419
C08760701,decoy,0,11.875250816345217,0.9696957926548274,0.003213385120034218,6.8356297189231325
C12246296,decoy,0,10.651555061340332,0.9521393819186607,0.0041815112344920635,6.887223293368151
C35671861,decoy,0,11.559027671813965,0.9925802632137212,0.0037707064766436815,6.938092098262567
C39672963,decoy,0,10.742842674255373,0.9290439537224237,0.005326544865965843,6.843403277542424
C57956057,decoy,0,10.830702781677246,0.8635486193217992,0.0032416628673672676,6.888972760581378
C19314688,decoy,0,11.04206371307373,0.9421850997986492,0.0045346468687057495,6.887028792455252
C22144605,decoy,0,11.887653350830078,0.9735343649097856,0.0033876828383654356,6.911838378924145
C09797688,decoy,0,11.890560150146484,0.9714861833281011,0.004423828795552254,6.895562435856657
C05367518,decoy,0,10.626691818237305,0.9383445048435298,0.003445686772465706,6.865188075334639
C01326666,decoy,0,10.949359893798828,0.8946508893296039,0.0060940999537706375,6.865653933910756
C66367412,decoy,0,10.277874946594238,0.9099098519826125,0.006436260417103767,6.886302757790782
C20877125,decoy,0,11.152052879333496,0.9715524637613424,0.004199518356472254,6.905714774667411
C35842575,decoy,0,11.695083618164062,0.9314330769610574,0.0051080225966870785,6.914837472836895
C32747660,decoy,0,10.55771541595459,0.9877223842702215,0.003880903357639909,6.909743732545891
C43262815,decoy,0,11.526137351989746,0.9765221719623159,0.004364257678389549,6.91427156518291
C43414384,decoy,0,11.654019355773926,0.9626822769064185,0.004956763703376055,6.830452030992784
C62038499,decoy,0,11.686704635620115,0.8922115416688647,0.003042894648388028,6.954666847582401
C43254386,decoy,0,11.107166290283203,0.9825010311580814,0.002710879547521472,6.977332865202726
C59852315,decoy,0,11.129035949707031,0.989678491306246,0.004928369075059891,6.860262902262226
C55283824,decoy,0,11.228859901428224,0.9506092330940419,0.0031182134989649057,6.860333363070279
C63996730,decoy,0,10.538422584533691,0.9932951884849814,0.003477022284641862,6.871488648959112
C05048242,decoy,0,11.95875358581543,0.9781325896318561,0.0038125852588564157,6.877405558385739
C22658910,decoy,0,10.536901473999023,0.8972992596629134,0.0033493665978312492,6.89611149409666
C63258757,decoy,0,11.631572723388672,0.9602137850712542,0.0032291726674884558,6.9098374401173555
C61669833,decoy,0,10.500588417053224,0.9902425887659665,0.003582842880859971,6.931920028949684
C61095109,decoy,0,10.172807693481444,0.909617528890307,0.0034887942019850016,6.926928933385788
C15607235,decoy,0,11.223138809204102,0.8711991457321456,0.009279868565499783,6.896111554662608
C39635737,decoy,0,10.683621406555176,0.9836699071935535,0.0036657352466136217,6.891578870740695
C08800174,decoy,0,11.125381469726562,0.9664354095812476,0.006443393882364035,6.874892771312744
C34762029,decoy,0,11.446099281311035,0.9487032251569225,0.005467453505843878,6.8560506298544
C19209086,decoy,0,12.521397590637209,0.94941238777124,0.0027381933759897947,6.951747159483399
C54197073,decoy,0,11.13400650024414,0.9708026191490164,0.005629932973533869,6.878697034988854
C50389797,decoy,0,11.180294036865234,0.9840033757348626,0.0031988825649023056,6.919564348345445
C12531457,decoy,0,10.83226203918457,0.958631325130917,0.0031754516530781984,6.906569945644085
C09450062,decoy,0,10.562911987304688,0.9621469589557716,0.002656603930518031,6.950545228229424
C00759064,decoy,0,11.059158325195312,0.9860130828052567,0.002766004530712962,6.955642094441411
C02177748,decoy,0,10.871150970458984,0.9877195043640075,0.005481070373207331,6.856273539214773
C38556149,decoy,0,11.38656520843506,0.9916487313194348,0.0037120908964425325,6.898189157608484
C36252649,decoy,0,11.127284049987791,0.9820067213505305,0.003467942588031292,6.855151425697947
C63731199,decoy,0,11.952759742736816,0.9886598367393459,0.0033859226386994123,6.877276352320683
C58282003,decoy,0,10.381311416625977,0.9785942059356769,0.004154957365244627,6.9084654283636135
C13984727,decoy,0,11.753204345703123,0.9830516735428115,0.00394590524956584,6.873883750549556
C39344674,decoy,0,11.772549629211426,0.9769915054632171,0.004397675860673189,6.935524509107245
C15109936,decoy,0,12.01769733428955,0.961966384804675,0.003215973498299718,6.837438373374858
C64870135,decoy,0,11.142913818359377,0.9925093572677608,0.0032158794347196817,6.9108140579454975
C12243048,decoy,0,11.887407302856444,0.9713313513389169,0.004909180570393801,6.892341236559843
C59489262,decoy,0,11.46918773651123,0.9786214642969183,0.0027085330802947283,6.934080441794373
C38789709,decoy,0,11.969435691833496,0.9591035998744292,0.005679547321051359,6.876361511790718
C34975685,decoy,0,10.436075210571287,0.9781894084347131,0.00470678461715579,6.8656202067664704
C62129024,decoy,0,11.998197555541992,0.9548702999877622,0.004100441932678223,6.886942326438124
C12121927,decoy,0,11.139541625976562,0.9853079389691938,0.003984947223216295,6.90257350151154
C61845114,decoy,0,10.787081718444824,0.9869793974949823,0.0033002186100929976,6.886828992780628
C24209631,decoy,0,11.335037231445312,0.9732509881579671,0.003415191313251853,6.885004442043113
C38806383,decoy,0,10.66046142578125,0.9911114505912307,0.00393784511834383,6.932969624005968
C07776830,decoy,0,10.748065948486328,0.9244692767771444,0.0031300701666623354,6.899892849376
C36053967,decoy,0,10.307552337646484,0.9525743821408038,0.004167368169873953,6.957133513250488
C21190960,decoy,0,11.707923889160156,0.8860473517610858,0.00493491580709815,6.904750054263459
C64589156,decoy,0,10.556650161743164,0.9820988314739617,0.003432813799008727,6.858052259103994
C20842243,decoy,0,11.776083946228027,0.9698857987053796,0.002953881397843361,6.894470363839336
C13500106,decoy,0,11.314640045166016,0.9631071005011417,0.005392707884311676,6.907075355007012
C67102456,decoy,0,11.675407409667969,0.9741090158031869,0.004959941376000643,6.838116258217554
C00708157,decoy,0,11.009607315063477,0.9878621511148891,0.004529809579253197,6.872521402176256
C38621662,decoy,0,11.480697631835938,0.9463792763840424,0.004549784120172262,6.917978343486414
C38966570,decoy,0,10.571624755859377,0.967379896274746,0.003151979995891452,6.922220530259467
C08801625,decoy,0,11.13162612915039,0.9785917865333562,0.004107439424842596,6.880742103850549
C54910849,decoy,0,10.977863311767578,0.9783059632568234,0.006196845322847366,6.840892244591213
C12709984,decoy,0,12.10679817199707,0.971455757380379,0.004207839258015156,6.935477265634539
C17087832,decoy,0,10.869546890258787,0.993614370580136,0.003711865982040763,6.906931406685686
C62871745,decoy,0,11.200592041015623,0.9886994789454217,0.004838430788367987,6.809308140345139
C53625674,decoy,0,11.829497337341309,0.9773958067606101,0.005860600154846907,6.834421260018877
C46578706,decoy,0,11.256165504455566,0.95538784489308,0.004868306685239077,6.869685430082688
C49213333,decoy,0,10.761110305786133,0.9823181188151042,0.005437878426164389,6.819756594269416
C35877104,decoy,0,11.69113063812256,0.9389352033578542,0.00292045995593071,6.903213151066275
C39684537,decoy,0,10.865087509155272,0.9898296355190928,0.0037100359331816435,6.9138085179638304
C28256320,decoy,0,10.479243278503418,0.9768827178734274,0.004357093945145607,6.874936391415568
C39595836,decoy,0,10.737828254699709,0.9628437730494804,0.005012024659663439,6.925134902085021
C63784130,decoy,0,11.216140747070312,0.9907731902921825,0.0035779995378106833,6.896854888860265
C41022810,decoy,0,11.190287590026855,0.9928080588552465,0.0046207788400352,6.861734287812346
C63430272,decoy,0,12.429158210754396,0.9747538487511186,0.0029620106797665358,6.890481525287791
C39655896,decoy,0,10.908432006835938,0.9884869225849601,0.0034241678658872843,6.905039493664834
C02457857,decoy,0,11.275136947631836,0.9746521530629934,0.004883924964815378,6.933391254295488
C28868964,decoy,0,11.725322723388672,0.9372743811871987,0.00390858156606555,6.977255611321937
C39672682,decoy,0,11.57944679260254,0.9844247128919159,0.0044546485878527164,6.911684555536582
C22920463,decoy,0,11.7791166305542,0.9057641790847768,0.00310875684954226,6.864550979425922
C36313702,decoy,0,11.6865873336792,0.9908577903061468,0.004249265883117914,6.903808493068053
C22561312,decoy,0,10.128836631774902,0.8577873823497969,0.0031387154012918472,6.910934262937955
C18157427,decoy,0,11.415821075439451,0.9896184793148202,0.004286543931812048,6.8472171713070775
C38665891,decoy,0,10.753998756408691,0.9805058752100615,0.0038847720716148615,6.878496029607895
C42191607,decoy,0,11.696044921875,0.8909256218562878,0.004591472912579775,6.899380068140925
C39683066,decoy,0,10.937105178833008,0.9880438562002805,0.003946970216929913,6.883891457760411
C05187428,decoy,0,10.40133571624756,0.9501672084138096,0.004944351967424154,6.88665280371991
C39710574,decoy,0,11.137624740600586,0.992880726432153,0.0036457807291299105,6.904609366997072
C59990107,decoy,0,10.814769744873049,0.8834763501236016,0.008774812333285809,6.852327815379079
C01876049,decoy,0,10.998026847839355,0.9444235452458716,0.004034855868667364,6.926508089487142
C64661386,decoy,0,11.654666900634766,0.9914565025787357,0.003858366748318076,6.864982558612922
C25257998,decoy,0,11.560428619384766,0.9638721991557586,0.005237396340817213,6.898853845761824
C02136490,decoy,0,11.68758487701416,0.9898467056888017,0.0034553026780486107,6.911792142217388
C13573825,decoy,0,11.95159912109375,0.9762854964684188,0.002525829942896962,6.962262323590419
C12443411,decoy,0,10.661399841308594,0.9591645223808722,0.004213657230138779,6.911264735289499
C02153688,decoy,0,11.460780143737791,0.9769466725862612,0.004127266351133585,6.970530826959937
C42554120,decoy,0,11.347009658813477,0.932595958587421,0.0052083698101341724,6.90384476521423
C12323818,decoy,0,11.99928855895996,0.9343518123640393,0.003534215735271573,6.933427531862614
C62805521,decoy,0,10.994136810302734,0.9667628923242255,0.0038268433418124914,6.944447177298741
C15613986,decoy,0,10.558917999267578,0.970082547718226,0.0043240622617304325,6.9428350253730695
C13506838,decoy,0,10.620201110839844,0.9929015645608834,0.00419591786339879,6.868754841014319
C67049609,decoy,0,11.469038963317873,0.9871995757425795,0.004952373448759317,6.804988133748902
C41310975,decoy,0,11.7087984085083,0.9822772037779869,0.0029227875638753176,6.887616038335161
C51152649,decoy,0,11.717803001403809,0.9873914248416069,0.003409269032999873,6.8709820087439955
C06757074,decoy,0,11.603217124938965,0.9855508573225868,0.004573979414999485,6.85802230440688
C14038052,decoy,0,11.698372840881348,0.9816857357389539,0.0037821782752871513,6.853640019210633
C16646902,decoy,0,10.634778022766112,0.988515418099745,0.004507892299443483,6.834473751785051
C08559725,decoy,0,11.060425758361816,0.9700515561882923,0.0023934466298669577,6.990675583464377
C14992295,decoy,0,11.11870002746582,0.9692060957625326,0.005456686019897461,6.881006509641988
C49056936,decoy,0,11.69459342956543,0.9649939569725017,0.004299866035580635,6.895944220688429
C15890402,decoy,0,11.100616455078123,0.8852829108187252,0.005084266420453787,6.891799800909365
C02707268,decoy,0,11.812885284423828,0.9778427965260517,0.0037495361175388098,6.853638679889069
C36205578,decoy,0,11.68708038330078,0.9735280889845792,0.0032917580101639032,6.961467633662306
C00861486,decoy,0,11.038723945617676,0.9828025226944586,0.004169592168182135,6.8239406889801595
C02652639,decoy,0,11.207632064819336,0.9903596010114014,0.003386433469131589,6.872662920415605
C08757662,decoy,0,11.895393371582031,0.9578105126714203,0.005293140187859535,6.904057961910922
C07988983,decoy,0,10.809321403503418,0.9535921069753882,0.0031124635133892298,6.930338927251832
C36586233,decoy,0,10.896895408630373,0.987241210381773,0.004492847714573145,6.859973497631393
C39754567,decoy,0,10.583244323730469,0.979485857588411,0.0032679729629307985,6.871285064789271
C63281447,decoy,0,11.737863540649414,0.9867460704237437,0.00315085519105196,6.892536760609271
C13128955,decoy,0,10.789968490600586,0.9615117243091396,0.0037006475031375885,6.95160614251972
C09018902,decoy,0,11.92247200012207,0.9239808834772727,0.0035123780835419893,6.951265040953221
C22732309,decoy,0,11.089956283569336,0.9910492365627908,0.004093982744961977,6.86815235299829
C09495059,decoy,0,10.9649019241333,0.9605141339230737,0.0050422209315001965,6.893794791484524
C12530994,decoy,0,11.87081241607666,0.9793824401394327,0.003312659217044711,6.830279292408146
C48759844,decoy,0,10.708563804626465,0.9621381182586807,0.004966104868799448,6.892571859678226
C64202262,decoy,0,10.85222053527832,0.9667502251222768,0.006261518690735102,6.854386291572955
C50776172,decoy,0,11.876564979553224,0.9956058477617499,0.0038970874156802893,6.856440745271541
C65219188,decoy,0,11.158146858215332,0.9675745146073825,0.0032217560801655054,6.8711840969359255
C09056416,decoy,0,11.694547653198242,0.9846096453443741,0.003870801068842411,6.88547127150037
C25003067,decoy,0,11.42525577545166,0.9205121032527904,0.003128865035250783,6.920141515999974
C23244681,decoy,0,11.408754348754885,0.9866840200450537,0.0036829400341957808,6.897559768376846
C17670479,decoy,0,10.648345947265623,0.9644976367220568,0.003345729783177376,6.894541848634596
C12104067,decoy,0,10.787714004516602,0.9622324229959863,0.003416468156501651,6.863377430350553
C37332134,decoy,0,11.100300788879396,0.986182956264249,0.003224228275939822,6.921073867086133
C36246074,decoy,0,10.804327011108398,0.9737623424160365,0.0028062222991138697,6.9155169486739405
C14458068,decoy,0,11.374119758605955,0.9592108715081159,0.005191345699131489,6.909625360746718
C44014767,decoy,0,10.437627792358398,0.9414863830902648,0.003250887617468834,6.846595795002861
C66890212,decoy,0,11.575431823730469,0.9288777725621901,0.0048310826532542706,6.857942886923588
C66730140,decoy,0,10.981644630432127,0.985341865625899,0.005630525294691324,6.8790274716817015
C59252024,decoy,0,11.22410774230957,0.9530835326424754,0.0054847183637320995,6.865556082727815
C24115945,decoy,0,11.03109073638916,0.9939848113205381,0.0032094658818095922,6.922660293693935
C64746116,decoy,0,10.920876502990724,0.9896269908380813,0.003376166569069028,6.915762079829695
C37285963,decoy,0,11.879616737365724,0.9917049115315726,0.003583519486710429,6.84996120521906
C45899053,decoy,0,10.792768478393556,0.9621398971603561,0.0061909351497888565,6.904327099140003
C17078723,decoy,0,12.747259140014648,0.9653737871223346,0.004426737781614065,6.922332290364957
C02231536,decoy,0,12.43129825592041,0.947571393841201,0.004865634720772505,6.9062173627552355
C14161020,decoy,0,11.149999618530272,0.9498332724060325,0.0050409273244440556,6.890599343092496
C50016645,decoy,0,11.221725463867188,0.9614845717112772,0.0045641507022082806,6.889024457908322
C20424788,decoy,0,11.991490364074709,0.952315876316565,0.0029095883946865797,6.977850174150586
C49871937,decoy,0,11.59055233001709,0.9785077699829655,0.005248393397778273,6.846610959349331
C39677746,decoy,0,10.75331974029541,0.9847656805512689,0.0035534275230020285,6.882403276154292
C63187739,decoy,0,11.217350006103516,0.9926049191872856,0.0034367868211120367,6.869684103334956
C08636189,decoy,0,11.650604248046877,0.9781376378165726,0.003638677066192031,6.912255991913374
C04523713,decoy,0,11.968013763427734,0.9927514288501409,0.005093301180750132,6.86335558223409
C33126290,decoy,0,11.713502883911133,0.7901112258085391,0.007811096962541342,6.947899295101246
C64890714,decoy,0,10.412561416625977,0.9794319967265996,0.004203978925943375,6.8937040614378455
C39359132,decoy,0,12.11624526977539,0.991374966897674,0.00442863255739212,6.892357039143915
C20830745,decoy,0,10.91840934753418,0.9774455535287362,0.002894513076171279,6.92818377894111
C60241022,decoy,0,10.394472122192385,0.9899941168790699,0.00471396604552865,6.858487132092627
C09642131,decoy,0,11.480376243591309,0.955314151583001,0.0048972140066325665,6.909614671715705
C39710317,decoy,0,10.724939346313477,0.9882303234084903,0.0036314029712229967,6.937344317835437
C37442681,decoy,0,11.209555625915527,0.9501440943183291,0.002894572215154767,6.88716782276255
C06149156,decoy,0,11.520962715148926,0.97483624568233,0.0029140980914235115,6.89879079996612
C35760748,decoy,0,11.857752799987791,0.9883664042691777,0.0027698755729943514,6.909698430020864
C33366410,decoy,0,10.933072090148926,0.9586837501863109,0.004143971484154463,6.976083524737197
C02645918,decoy,0,11.39116668701172,0.9960316518853713,0.004870985634624958,6.88037268349691
C59157068,decoy,0,11.529335975646973,0.9872046343084672,0.004903521854430437,6.874038697568885
C12586439,decoy,0,11.462942123413086,0.9918353429295511,0.002893987810239196,6.952885681231576
C08791064,decoy,0,10.571510314941406,0.9863694693842123,0.0038384234067052603,6.8266877233297185
C18043362,decoy,0,11.387045860290527,0.9769219225581139,0.0037626500707119703,6.793766263125227
C14546016,decoy,0,12.14560317993164,0.9935003002842755,0.004038769286125898,6.848466540740313
C66464924,decoy,0,11.857271194458008,0.9855235230363907,0.003031247528269887,6.886922675032794
C01224012,decoy,0,10.952154159545898,0.9816252297993011,0.004827966447919607,6.912349668550532
C64218781,decoy,0,10.5775728225708,0.9938978563476052,0.0031671158503741026,6.895097947560378
C11506552,decoy,0,11.339425086975098,0.9933092000987978,0.0037373730447143316,6.902186022735689
C33058373,decoy,0,10.274347305297852,0.9827249435806018,0.0030309089925140142,6.920476308616936
C10891668,decoy,0,11.87489128112793,0.9872034839406855,0.0028008772060275078,6.929551749468492
C07692710,decoy,0,10.70432472229004,0.9949088895074476,0.0040308511815965176,6.913912514359642
C19955132,decoy,0,11.381322860717772,0.9771396212848091,0.0033868635073304176,6.9565671454575195
C09606988,decoy,0,11.31227970123291,0.9185796746089272,0.003672434017062187,6.848172064267121
C01777817,decoy,0,11.847441673278809,0.978482543299463,0.0033579450100660324,6.950024438667233
C07455643,decoy,0,11.27664566040039,0.9741458178534734,0.003163474379107356,6.876027872263275
C08901708,decoy,0,11.358857154846191,0.9520562708670042,0.004774615168571472,6.900819838397027
C39012416,decoy,0,11.49882984161377,0.9823661404904973,0.0031992371659725904,6.90056693859617
C09593822,decoy,0,11.237570762634276,0.9855077211118412,0.0029886318370699883,6.924205502521285
C18281072,decoy,0,10.5178861618042,0.9786759929913679,0.003091702936217189,6.922015737567636
C36316054,decoy,0,10.949457168579102,0.9869468835504893,0.0031754078809171915,6.891970580590394
C02725468,decoy,0,11.810561180114746,0.9619792540480661,0.003668569028377533,6.920468727351066
C33033301,decoy,0,10.340112686157228,0.9075107370167637,0.006270891055464745,6.8423406556579955
C18193091,decoy,0,11.966965675354004,0.9667383564653436,0.00505621125921607,6.877548348218676
C13610052,decoy,0,10.598342895507812,0.9492704853731091,0.005171453580260277,6.817284560181152
C16346378,decoy,0,11.569467544555664,0.9644424683867959,0.003895999165251851,6.931666159849076
C40323093,decoy,0,11.120606422424316,0.9901089457649416,0.0029891487210989,6.96089537700106
C40019638,decoy,0,11.217201232910156,0.9916484416767941,0.003667285433039069,6.87917096046358
C45231078,decoy,0,12.080825805664062,0.988175886377409,0.003553178859874606,6.852396562244572
C45026158,decoy,0,11.556138038635254,0.8347797816764206,0.006294552702456713,6.955442171015811
C59790228,decoy,0,11.53557300567627,0.9273535690255852,0.003138866974040866,6.9032158114538005
C33766796,decoy,0,10.845499992370604,0.9934510710035416,0.004769187420606613,6.8636058334333265
C63187715,decoy,0,10.448973655700684,0.98062390559321,0.0034330335911363363,6.857916095718164
C25880228,decoy,0,12.099909782409668,0.9788265966806521,0.003132533049210906,6.878486076495831
C39676550,decoy,0,10.85476303100586,0.9869432083644342,0.0033991504460573196,6.866027570992873
C23339005,decoy,0,10.828801155090332,0.9825591111478212,0.0035591984633356333,6.906394417819179
C04763826,decoy,0,11.105360984802246,0.9854379762609144,0.005434258375316858,6.898679173908317
C16286145,decoy,0,11.608779907226562,0.9949868087574568,0.0035339200403541327,6.911001337110257
C58444582,decoy,0,11.57366943359375,0.9938727047296394,0.0037080186884850264,6.8388194026232245
C02504260,decoy,0,11.44582176208496,0.9338687083493038,0.008199182339012623,6.820682026915213
C06443789,decoy,0,11.842116355895996,0.9840466034248009,0.0030462888535112143,6.9358129850416566
C64055208,decoy,0,11.137187957763672,0.9898065978143358,0.004512184765189886,6.887974399811772
C29315125,decoy,0,11.255002975463867,0.9906293490184266,0.0036380086094141006,6.883515551339045
C08598801,decoy,0,10.768632888793944,0.9950829196985799,0.004444441292434931,6.866241654182277
C09142565,decoy,0,10.361944198608398,0.9877080578133746,0.0028740428388118744,6.9131056425041475
C42777002,decoy,0,11.058269500732422,0.9532935650948083,0.005641999188810587,6.822210050747815
C16976523,decoy,0,11.5800142288208,0.9889635640353301,0.00320498738437891,6.89380479909851
C09277203,decoy,0,11.328547477722168,0.9485882868543387,0.003495961194857955,6.861904959317158
C06016083,decoy,0,11.289695739746094,0.989984109562465,0.003622382879257202,6.885992075497915
C04641177,decoy,0,11.2579345703125,0.9799945089842137,0.00452584819868207,6.906592604380997
C12311195,decoy,0,11.558841705322266,0.9753184679450932,0.005278090480715036,6.86851122362637
C13499193,decoy,0,11.320656776428224,0.8574362877753068,0.003972869832068682,6.925683263620504
C02256489,decoy,0,11.858322143554688,0.984535457133774,0.0032301675528287888,6.847403767299055
C06077779,decoy,0,11.374005317687988,0.9893120512456158,0.0034043474588543177,6.922846471167642
C58794699,decoy,0,10.694865226745604,0.9160842272914982,0.005841957405209541,6.901968733060979
C65227652,decoy,0,11.052083969116213,0.9879753910678412,0.00414377823472023,6.905927764798008
C13898017,decoy,0,11.084927558898926,0.9563032135703132,0.0042793950997292995,6.917150685833165
C67584637,decoy,0,12.100982666015623,0.989300911242011,0.004299639258533716,6.855920705589314
C36782177,decoy,0,10.804327964782717,0.9846556202989724,0.0028921402990818024,6.926926918554782
C44714407,decoy,0,11.040876388549805,0.9932078152542578,0.0034417726565152407,6.917264514448267
C63110956,decoy,0,10.576812744140623,0.9946891403562057,0.003239920362830162,6.919972336045081
C04038561,decoy,0,11.19909954071045,0.9419168907122473,0.0030162713956087828,6.8664512366477775
C14475915,decoy,0,12.796197891235352,0.9936544310543532,0.003955413121730089,6.8689607904223
C40801519,decoy,0,11.553670883178713,0.9577166488135489,0.0029778198804706335,6.956802829562088
C37599493,decoy,0,10.904375076293944,0.9206648817966916,0.003308749757707119,6.824702640610356
C35354262,decoy,0,11.824421882629396,0.9725586468081415,0.004084308166056871,6.857854812860727
C39666219,decoy,0,10.639052391052246,0.9749793629561307,0.0029085336718708277,6.956542068516842
C42412300,decoy,0,11.075966835021973,0.8974801496520574,0.0030444134026765823,6.866038038802044
C22842081,decoy,0,11.344595909118652,0.9692607015674102,0.004500819835811853,6.917342036079727
C59921967,decoy,0,10.861445426940918,0.9059951349811584,0.003690701676532626,6.903779808222641
C66557168,decoy,0,11.62937355041504,0.9920481231958921,0.003929350059479475,6.855071800819765
C12905273,decoy,0,10.799017906188965,0.9712763936265683,0.003193123498931527,6.844977412297241
C65133371,decoy,0,10.239201545715332,0.9843950999331903,0.004780827090144157,6.823645233677054
C29315453,decoy,0,11.469345092773438,0.9667669022011731,0.0028549882117658854,6.91220909581029
C04989608,decoy,0,11.946467399597168,0.9525887277036275,0.006127531174570322,6.856656297514585
C02641614,decoy,0,11.18765354156494,0.9503954555635445,0.004763148725032806,6.894469500982192
C16537630,decoy,0,11.474406242370604,0.9459630880282841,0.0033528979402035475,6.8254082866361845
C31874448,decoy,0,10.99517059326172,0.9737059552387692,0.002959352219477296,6.870301304963793
C67479008,decoy,0,11.862977027893066,0.9736742757016255,0.0034214837942272425,6.943962448688411
C59489317,decoy,0,11.474496841430664,0.9857301318922549,0.0031852673273533583,6.90720818093567
C43265343,decoy,0,11.435229301452637,0.9922424513113791,0.0030743933748453856,6.912987830748473
C44169480,decoy,0,10.699097633361816,0.9604548016650747,0.004307390656322241,6.8967452983226964
C08686706,decoy,0,11.93087673187256,0.9572508654884305,0.007137844804674387,6.9149352970153695
C64061429,decoy,0,11.197254180908203,0.9883181619866348,0.00402347045019269,6.885270413035267
C14263171,decoy,0,11.34498691558838,0.9854930620117781,0.003347723977640271,6.925202052450236
C20708867,decoy,0,11.491827964782717,0.9958963695870358,0.004313165787607431,6.858193079773972
C08747579,decoy,0,12.191091537475586,0.9778870519379801,0.0025116759352385998,6.987097178999352
C10187808,decoy,0,11.282601356506348,0.9790920468201162,0.003612740896642208,6.917018840816904
C54613677,decoy,0,11.01085090637207,0.9835918146252911,0.004444494843482971,6.875607441442633
C39486968,decoy,0,10.79075813293457,0.957244774485378,0.005607710685580969,6.854864526887391
C01182311,decoy,0,11.767687797546388,0.985297042931322,0.005121792200952768,6.8678782239860015
C20644313,decoy,0,11.202670097351074,0.9632769309942045,0.004619837272912264,6.901742540726609
C10321722,decoy,0,10.554402351379396,0.9284916867507963,0.003560873446986079,6.856154646783702
C15905857,decoy,0,11.79966640472412,0.9751807526221108,0.0035897621419280767,6.923748947866374
C44924228,decoy,0,11.86741542816162,0.97553701165703,0.0033106233458966017,6.882139928174018
C09137960,decoy,0,11.236383438110352,0.9840738415342069,0.004531510174274445,6.866615019286116
C59516497,decoy,0,11.558306694030762,0.9358768417166854,0.0038528339937329292,6.962213148084079
C52788582,decoy,0,10.471580505371094,0.9555637599375235,0.002579710679128766,6.942175291536357
C63686640,decoy,0,10.754231452941896,0.981431975411286,0.0033880434930324554,6.9413638643212074
C66201673,decoy,0,11.56987476348877,0.9936857621492212,0.004717099014669657,6.852296925924975
C19791535,decoy,0,11.088850021362305,0.9458000991469299,0.007040122058242559,6.83710456117592
C11488048,decoy,0,10.869572639465332,0.9729253652645589,0.0050780074670910835,6.8913195403777845
C57288303,decoy,0,10.855217933654783,0.9824100293387213,0.004436488263309002,6.915758391327207
C50227382,decoy,0,11.171052932739258,0.9283382934183841,0.0032006052788347006,6.880517641098516
C34792482,decoy,0,10.798379898071287,0.9524689302004803,0.00510617159307003,6.891032801020991
C66410270,decoy,0,11.231806755065918,0.9781282350123754,0.0025869570672512054,6.9222272086561425
C40019654,decoy,0,11.095704078674316,0.9900492034884013,0.004162823315709829,6.864487177315722
C08961279,decoy,0,12.001047134399414,0.9811820665809707,0.004163216333836317,6.910268915766583
C22937069,decoy,0,11.587571144104004,0.8949395117939877,0.006805291399359703,6.798090695381495
C63743874,decoy,0,11.38670825958252,0.9817456504563193,0.002967141568660736,6.898296976153289
C40270221,decoy,0,11.854585647583008,0.9903264811010113,0.003850470995530486,6.932928500227782
C39559739,decoy,0,11.834567070007324,0.9599497039092117,0.005857533309608698,6.926613777301926
C00678549,decoy,0,11.41664695739746,0.9475540898737437,0.00327235902659595,6.951445530235525
C35057168,decoy,0,10.71820831298828,0.9389583302630081,0.0036428887397050858,6.865342692441599
C12980820,decoy,0,11.448532104492188,0.98651518822784,0.004344145301729441,6.888962852532156
C27017117,decoy,0,11.694064140319824,0.9828205710382948,0.0035813439171761274,6.892420553392331
C08590000,decoy,0,11.758359909057615,0.9685643074743522,0.004037864506244659,6.924710353731747
C40000332,decoy,0,10.830570220947266,0.9163494328456138,0.003239477751776576,6.921667267339453
C12721033,decoy,0,11.643314361572266,0.9920923911327888,0.0038543883711099625,6.8686793350703725
C17306002,decoy,0,11.832704544067385,0.9751182337127579,0.0033372112084180117,6.88444604373578
C64702779,decoy,0,11.089399337768556,0.9799915902296579,0.004047953989356756,6.935982326315434
C67446755,decoy,0,11.90813446044922,0.9928755382733491,0.0035430986899882555,6.899048066164255
C13065484,decoy,0,11.235788345336914,0.9748055350549186,0.0035681528970599174,6.916137931255723
C09049521,decoy,0,11.686634063720703,0.9819851293669511,0.003163062036037445,6.9213341698068875
C35313475,decoy,0,11.213050842285156,0.9905233497102804,0.004742529708892107,6.858233767085492
C39637462,decoy,0,11.077898025512695,0.974395403524613,0.00369363185018301,6.902270584912174
C65249282,decoy,0,11.560138702392578,0.9152771665084088,0.007568845991045237,6.8522060602387285
C11267531,decoy,0,10.58352279663086,0.962820753965358,0.004445656202733517,6.885477484119567
C38902726,decoy,0,11.217602729797363,0.9488709019269537,0.0025385741610080004,6.9415986668597505
C39676985,decoy,0,11.02602195739746,0.9600123782237585,0.005960345268249512,6.867565035400269
C06244817,decoy,0,11.019519805908203,0.9927644612082962,0.003720136359333992,6.898276044779678
C67382381,decoy,0,11.732439994812012,0.9536496909455005,0.004536823835223913,6.905939048456172
C66055304,decoy,0,11.230660438537598,0.9433909652560669,0.005005944985896349,6.91672288378161
C63315535,decoy,0,10.915114402770996,0.9889378033969854,0.004776348359882832,6.850348006608303
C35747247,decoy,0,11.718255043029783,0.9546154337868902,0.0030313816387206316,6.961485790190996
C03319290,decoy,0,11.335929870605469,0.9712459577562997,0.0028488982934504747,6.940606281523818
C00679488,decoy,0,12.902831077575684,0.984544640807917,0.0036334770265966654,6.876709287506276
C22751295,decoy,0,11.860166549682615,0.8984580850552872,0.0031235397327691317,6.877703019811335
C33266852,decoy,0,11.772590637207031,0.9411528737821618,0.0030322435777634382,6.907735264072768
C02063181,decoy,0,11.153182983398438,0.9547978847311526,0.004197131376713514,6.922090959838542
C06442556,decoy,0,10.810587882995604,0.9796693102848649,0.004658923950046301,6.897802066537311
C63541087,decoy,0,11.202266693115234,0.8481362382828156,0.012578167021274567,6.815491406883633
C08413599,decoy,0,12.29369068145752,0.9912580086213021,0.004135868512094021,6.838094730420687
C13318065,decoy,0,11.427627563476562,0.9909877293728917,0.0032820876222103834,6.893915029385038
C46311026,decoy,0,11.865047454833984,0.965148459232229,0.005267708096653223,6.848755702299097
C09468608,decoy,0,11.342169761657717,0.9934790780778958,0.00392873352393508,6.846169849825239
C32593966,decoy,0,10.511520385742188,0.9730485940992597,0.003626731224358082,6.936714687265077
C06134078,decoy,0,11.181739807128906,0.9823849347448046,0.0036639163736253977,6.885534073777944
C13389362,decoy,0,11.28307056427002,0.9859065903234547,0.0038131307810544968,6.8522402828916995
C12186383,decoy,0,11.190006256103516,0.9422964626938956,0.005446864757686853,6.858510115211356
C09472974,decoy,0,10.91102409362793,0.9850089291252645,0.003941109403967857,6.859332531278634
C40008161,decoy,0,11.311290740966797,0.983359543361536,0.004209464881569147,6.920022755149514
C48414296,decoy,0,11.680686950683594,0.9500003471978269,0.004369810689240694,6.836977668839438
C34944388,decoy,0,11.192720413208008,0.9561397834742374,0.00517412880435586,6.874478144495675
C30223874,decoy,0,11.304679870605469,0.9789264205568046,0.0037575652822852135,6.9147435952690115
C42010836,decoy,0,11.088696479797363,0.9769788298382903,0.002727074548602104,6.921051088627933
C49508693,decoy,0,11.863998413085938,0.9809624230470256,0.004751067608594894,6.859243471916827
C49605872,decoy,0,11.237998008728027,0.9576261575131434,0.00604584813117981,6.909877247601925
C09256406,decoy,0,11.698026657104492,0.9903678958733698,0.004866460338234901,6.91620050981453
C64218782,decoy,0,10.573833465576172,0.9928500692274431,0.0031321111600846052,6.887806511749379
C08900396,decoy,0,11.135846138000488,0.9910576275799372,0.0033772431779652834,6.916301599722268
C02720986,decoy,0,10.777654647827148,0.8938539494868533,0.008648925460875034,6.801266377606268
C04872891,decoy,0,11.762380599975586,0.9713054973184181,0.005265356507152319,6.911076383574576
C06240158,decoy,0,12.116584777832031,0.9842344204594456,0.003426735522225499,6.822577260823852
C04171438,decoy,0,11.308213233947754,0.9885091101099788,0.005700588691979647,6.853947049557293
C34990997,decoy,0,11.379424095153809,0.8666913894006455,0.0036696780007332563,6.879559085709887
C24807736,decoy,0,10.811525344848633,0.9277126749244925,0.002667861059308052,6.915772590342191
C64600493,decoy,0,11.575318336486816,0.993149416949609,0.004234887659549713,6.821451518550745
C06442587,decoy,0,10.943824768066406,0.9925447768816367,0.004262616392225027,6.892667685198891
C47128961,decoy,0,10.841150283813477,0.9893023687121333,0.0051305475644767284,6.86885164840801
C00931432,decoy,0,10.640998840332031,0.9656169588392415,0.0033005650620907545,6.840108475561051
C06465594,decoy,0,11.2285795211792,0.9590086402094425,0.0030263804364949465,6.922786125840798
C39527842,decoy,0,11.070737838745115,0.9707838088216848,0.0040882485918700695,6.925882208796432
C09835598,decoy,0,12.030747413635254,0.9859269680187747,0.004540182650089264,6.858562985880049
C36049392,decoy,0,10.49487590789795,0.9716421341607044,0.0033357497304677963,6.930852383858077
C36050691,decoy,0,11.239810943603516,0.985537303243028,0.004784414544701576,6.918701816206566
C53517393,decoy,0,11.819465637207031,0.9954380219593951,0.003987279254943132,6.872455387772738
C13941007,decoy,0,12.09949016571045,0.9645321874841034,0.003112889127805829,6.911578284423522
C22068942,decoy,0,10.522643089294434,0.9906959539087006,0.0032435625325888395,6.883835324086678
C22909236,decoy,0,10.822802543640137,0.9620665879524858,0.0032366809900850058,6.958700609446373
C41170002,decoy,0,11.462207794189451,0.9880395839006157,0.003624844131991267,6.847812045726817
C22184837,decoy,0,11.434946060180664,0.9624556681784732,0.003563982667401433,6.8590169411404185
C67410210,decoy,0,11.849864959716797,0.9936922785344553,0.003958339337259531,6.848544172436038
C06546244,decoy,0,10.658255577087402,0.9051360916895322,0.0031252612825483084,6.898339740929451
C39687190,decoy,0,10.963702201843262,0.9893383862024993,0.0037414084654301405,6.894951788635895
C23040474,decoy,0,10.898876190185549,0.9948866084802184,0.00439097173511982,6.863753402580872
C24295218,decoy,0,10.929054260253906,0.9470228804997792,0.006176833063364029,6.845932879275638
C08828697,decoy,0,10.94915008544922,0.968984649423245,0.0029041084926575422,6.896299994117913
C14718757,decoy,0,10.919353485107422,0.9857509265769856,0.0050394912250339985,6.876173925518617
C00695772,decoy,0,11.604636192321776,0.9692702567278144,0.004484985489398241,6.849943487549321
C12636144,decoy,0,11.44972801208496,0.9706590968387303,0.003811126807704568,6.939609328759501
C64735082,decoy,0,10.695479393005373,0.9895263148915333,0.004148229490965605,6.868428973598789
C13064952,decoy,0,11.438157081604004,0.9818947280773134,0.003921359311789274,6.9280720993996505
C32623114,decoy,0,10.782235145568848,0.9931618927810637,0.0036632120609283447,6.897712804314461
C36050964,decoy,0,11.187856674194336,0.9905299621239855,0.004441218450665474,6.907140729726193
C08791347,decoy,0,11.435785293579102,0.9811963136580539,0.0028494494035840034,6.910399657401024
C06134081,decoy,0,11.23496150970459,0.9864027344433832,0.003614755580201745,6.88702878916035
C05821192,decoy,0,10.944911003112791,0.8390345870888805,0.005591714754700661,6.871927395476913
C39687603,decoy,0,11.106361389160156,0.9821595030772557,0.003977772314101458,6.879352077006348
C39686643,decoy,0,10.798944473266602,0.8514764478824197,0.01303394790738821,6.877039758599347
C02368123,decoy,0,11.428893089294434,0.8847558665306609,0.0034464430063962936,6.915120234270325
C48521135,decoy,0,11.649862289428713,0.934253893933701,0.0034236114006489515,6.927784801282385
C63172472,decoy,0,11.122573852539062,0.9882513922759792,0.003604331985116005,6.914380709653662
C38903677,decoy,0,11.218232154846191,0.9306242325004889,0.004377768374979496,6.952619615479602
C17701020,decoy,0,11.138921737670898,0.9834423708208554,0.003943210002034903,6.887919640176047
C04691337,decoy,0,11.770848274230955,0.9887566045920768,0.004072773735970259,6.922368523856274
C34923229,decoy,0,11.538673400878906,0.9921893344382023,0.004906601272523403,6.86803665390406
C64219041,decoy,0,12.402881622314451,0.9904556795798013,0.0030567513313144445,6.875104844729021
C39694537,decoy,0,10.842314720153809,0.9726004273546369,0.003283880418166518,6.864245870104037
C15606069,decoy,0,11.393315315246582,0.9868567128918698,0.003803810803219676,6.915715666235595
C10748450,decoy,0,10.742461204528809,0.9629966918672949,0.0051093013025820255,6.897873760448243
C38570422,decoy,0,11.68181037902832,0.9844458443691357,0.0037050761748105288,6.924545856809362
C49281927,decoy,0,11.433356285095217,0.9841910731893952,0.0027626119554042816,6.920536816515719
C18129725,decoy,0,11.853789329528809,0.9921685177106513,0.003102382877841592,6.937745058728417
C59117955,decoy,0,11.338770866394045,0.9880492687448668,0.0035164859145879745,6.8797261005029515
C36245730,decoy,0,10.914949417114258,0.9356657739353984,0.005728062242269516,6.8560598084797295
C44865383,decoy,0,11.38547134399414,0.8951847016806953,0.00570685276761651,6.894801305993806
C13494299,decoy,0,11.313286781311035,0.9918834736391177,0.0037060680333524942,6.901190315650711
C66119107,decoy,0,11.499551773071287,0.95283291238003,0.0049578058533370495,6.901519429795588
C60350331,decoy,0,10.860995292663574,0.9918932512611015,0.0031379368156194687,6.89070688667756
C56077709,decoy,0,10.81826400756836,0.901932741628984,0.003343576332554221,6.871703271845595
C08924210,decoy,0,10.695086479187012,0.9840429232673463,0.003716717241331935,6.9297460241198365
C15548600,decoy,0,11.178539276123049,0.9880176049878865,0.003834471106529236,6.904345736758342
C59038452,decoy,0,11.754839897155762,0.9709587344092668,0.0031620031222701073,6.89909742274456
C35665070,decoy,0,11.798174858093262,0.9382654431137959,0.004615474492311478,6.875775457025277
C12054764,decoy,0,10.809720993041992,0.9759660937619345,0.005143838468939066,6.873001991839278
C12850974,decoy,0,11.311307907104492,0.9928975463813515,0.0036490848287940025,6.882447863407574
C39696863,decoy,0,10.9329195022583,0.9729629878371813,0.003926163539290428,6.88004077407756
C27583204,decoy,0,11.232236862182615,0.9797459939314445,0.004205385223031044,6.9450564945785125
C63679315,decoy,0,11.880401611328123,0.9712266117563472,0.003315777750685811,6.8481773970103585
C57997811,decoy,0,10.924312591552734,0.9851805514507397,0.003516108961775899,6.900464151815257
C59112817,decoy,0,12.68406867980957,0.9350396325771436,0.0049254694022238255,6.8915783633014485
C09469741,decoy,0,11.890252113342283,0.9850327575688973,0.0030850719194859266,6.897653809790105
C35894863,decoy,0,11.02728271484375,0.9857312572331198,0.003956635016947985,6.832845239011869
C63472728,decoy,0,11.627036094665527,0.9838481923497813,0.0032495891209691763,6.858079130608223
C39982705,decoy,0,11.245594024658203,0.9792284400044342,0.0038537003565579653,6.859243426066593
C37309223,decoy,0,11.132917404174805,0.9872940462313717,0.003861544653773308,6.889608201447527
C24715494,decoy,0,11.185006141662598,0.989892942983544,0.004588517360389233,6.91201550373636
C06442396,decoy,0,11.139693260192873,0.9917321962967248,0.003412074176594615,6.921898772059521
C39367236,decoy,0,11.011855125427246,0.9853445222692176,0.005181530024856329,6.8555571025876265
C04926237,decoy,0,11.816682815551758,0.9248480992834243,0.003295888425782323,6.881136260841443
C36788201,decoy,0,10.59425163269043,0.9509001023524974,0.002494402462616563,6.96557843793644
C36206498,decoy,0,11.736490249633787,0.9646114282251779,0.003582277102395892,6.948240573279688
C40137527,decoy,0,10.638447761535645,0.9769657491619413,0.0030584295745939016,6.916429002996509
C39665703,decoy,0,10.709918022155762,0.9685519647759216,0.003344428725540638,6.909035435408808
C66925113,decoy,0,11.710926055908203,0.9950975161274831,0.004883129615336657,6.856974978123214
C13327999,decoy,0,10.482145309448242,0.9354941732818535,0.0028789013158529997,6.909781384661903
C03285052,decoy,0,11.20158576965332,0.9363757508968249,0.003802591934800148,6.9318049338594
C44728479,decoy,0,10.730247497558594,0.9848137446413082,0.0032584292348474264,6.893635812120328
C14889099,decoy,0,11.090245246887209,0.9900483735786573,0.0036656104493886232,6.8556281641950925
C13498759,decoy,0,11.79407787322998,0.9867998743322492,0.003167189657688141,6.943224370970134
C00710728,decoy,0,11.97999095916748,0.9641184975259101,0.003636101260781288,6.947229130507411
C46025270,decoy,0,11.571855545043944,0.9305494415167583,0.005680906120687723,6.8818437359125175
C34750022,decoy,0,10.670604705810549,0.9737571878508164,0.005163705442100763,6.866821925484194
C21517811,decoy,0,10.673172950744627,0.9817620084030192,0.0035829164553433657,6.8616087815986475
C17299991,decoy,0,10.779128074645996,0.9933784714057954,0.003663016250357032,6.859184251860047
C09430597,decoy,0,10.841194152832031,0.9914487880180052,0.004053735639899969,6.839324128363381
C38710753,decoy,0,11.535161972045898,0.9787865443270134,0.003246859647333622,6.95496551362711
C09876204,decoy,0,11.224440574645996,0.974265763289432,0.005643289536237717,6.912451771677514
C44944195,decoy,0,10.73402214050293,0.9915799525609973,0.004710186738520861,6.826486339945148
C35448879,decoy,0,10.718337059020996,0.9635321429108394,0.0037217906210571527,6.923161840220496
C35398195,decoy,0,10.861613273620604,0.9687213216993289,0.004522230476140976,6.887178266547211
C16267260,decoy,0,11.863933563232422,0.8952085854782983,0.007985849864780903,6.837330375132715
C63119347,decoy,0,11.193113327026367,0.9847665557070147,0.0038661339785903692,6.84447908595587
C17176181,decoy,0,11.376391410827637,0.9527793014562504,0.0066679976880550385,6.834442432674735
C39675353,decoy,0,10.78848934173584,0.9801970957915563,0.0038525580894201994,6.909030257076396
C53631893,decoy,0,10.642796516418455,0.9896850976010397,0.004518621135503054,6.900840704030163
C35378826,decoy,0,11.181422233581545,0.9918282230873093,0.004267771262675524,6.87751018121851
C00649197,decoy,0,11.26999855041504,0.9656105102616694,0.004376238211989403,6.865347079494387
C22063386,decoy,0,12.143824577331545,0.9786121367566214,0.00431816978380084,6.887764530764767
C62495252,decoy,0,11.815656661987305,0.9468164951906548,0.004770541097968817,6.933676972072757
C14932715,decoy,0,10.742895126342772,0.9748769157233245,0.002713054185733199,6.9550880771369314
C09863379,decoy,0,10.741682052612305,0.9878642873313737,0.003974699880927801,6.9095486420326075
C16936195,decoy,0,12.017279624938965,0.9499949312043965,0.0029198552947491407,6.884917353158267
C02838024,decoy,0,11.64872932434082,0.9700481719891912,0.002878456609323621,6.891571107825073
C22972879,decoy,0,11.018622398376465,0.9269575899074959,0.00261736661195755,6.9523174274042825
C59208341,decoy,0,11.422685623168944,0.963009818367649,0.004101414233446121,6.870821876146426
C65181452,decoy,0,11.37877082824707,0.9843394981401482,0.003225703490898013,6.849347422004151
C40043670,decoy,0,10.923458099365234,0.9626834113904368,0.0030799852684140205,6.906976752586662
C20682299,decoy,0,12.958503723144531,0.9940025169864293,0.004251285456120968,6.844706687086324
C09042811,decoy,0,10.813472747802734,0.9719807959942777,0.0032094651833176613,6.891544671269031
C00928798,decoy,0,11.079967498779297,0.9389823416791984,0.003473421558737755,6.854816551201219
C44353564,decoy,0,11.01233196258545,0.96244458557455,0.003984064795076847,6.945053874076243
C63472726,decoy,0,11.622577667236328,0.9840790136795,0.0033071646466851234,6.858529311339377
C45864179,decoy,0,12.088807106018066,0.9811192112185603,0.0032857877667993307,6.857430212735076
C36249814,decoy,0,11.381915092468262,0.9922015309643459,0.0030702371150255203,6.946405622283412
C11004399,decoy,0,11.750496864318848,0.9271368794458179,0.002885741414502263,6.907694279349369
C38966447,decoy,0,11.257867813110352,0.9939933488055224,0.0034727437887340784,6.859507715034189
C06667041,decoy,0,11.085450172424316,0.956923018578448,0.002613631309941411,6.94905101756342
C39676584,decoy,0,10.838922500610352,0.9871637395214866,0.0037076743319630623,6.868409460593766
C27902294,decoy,0,10.539471626281738,0.9628756590563253,0.004436661954969168,6.863669180912275
C39637017,decoy,0,10.900928497314451,0.9879303432207093,0.00373232364654541,6.882733595394033
C13496066,decoy,0,11.185080528259276,0.9923737121126867,0.00427129864692688,6.850435377785094
C09135565,decoy,0,11.868985176086426,0.8929659536624247,0.013523653149604797,6.833772750316058
C04180755,decoy,0,11.64857292175293,0.960265975330783,0.004619202576577663,6.937446189441779
C30577712,decoy,0,11.897720336914062,0.9821193558483117,0.004418085794895887,6.8737360218417285
C45912503,decoy,0,11.201683044433594,0.9807802969024745,0.005077687557786703,6.83802986743739
C22242727,decoy,0,11.851855278015137,0.8054630959307432,0.014799077995121479,6.817711223888301
C38903029,decoy,0,10.854162216186523,0.9562259826405165,0.004662956576794386,6.961834633540828
C36552922,decoy,0,11.134038925170898,0.98659949192631,0.0030939672142267227,6.88378558909673
C08909085,decoy,0,10.465492248535156,0.9445688379741581,0.0033945217728614807,6.890418518208825
C19300994,decoy,0,10.732587814331056,0.992133144340715,0.004077345598489046,6.8629896350356425
C54197075,decoy,0,11.10500144958496,0.9735545107219081,0.005570866633206606,6.878745095091783
C04954770,decoy,0,11.825902938842772,0.9572125329767247,0.00499300379306078,6.8845208023431566
C62516477,decoy,0,11.184590339660645,0.9449228975701166,0.005542424973100424,6.839756889025297
C28297159,decoy,0,10.862042427062988,0.8664474812033148,0.006785942707210779,6.833135619211261
C06409809,decoy,0,11.566561698913574,0.9811258641046294,0.004786178003996611,6.907047404799821
C09591044,decoy,0,11.0381441116333,0.9306476026589632,0.0032515516504645348,6.926036837654382
C32916315,decoy,0,10.55003261566162,0.9886635967073941,0.003130086464807391,6.9006303432454
C66389522,decoy,0,11.95704174041748,0.9834471746641484,0.003506049746647477,6.8429312259984325
C38890415,decoy,0,11.453701972961426,0.9854085919388278,0.0044484869576990604,6.888055160599779
C09060041,decoy,0,11.39815902709961,0.9861044416393928,0.003713306738063693,6.916562085443852
C06074133,decoy,0,11.70275592803955,0.8772875599506531,0.003393501043319702,6.917271335903579
C14957858,decoy,0,11.82265567779541,0.9792572103455185,0.0029757628217339516,6.954198347258474
C09913727,decoy,0,11.749862670898438,0.9910496127009608,0.00424785865470767,6.891295065470702
C22681454,decoy,0,10.922069549560549,0.9863308724867396,0.004338445141911507,6.859377439353051
C39559757,decoy,0,10.642645835876465,0.8819907057485481,0.005615611094981432,6.889717953324946
C16652759,decoy,0,11.275379180908203,0.9788585888893181,0.0027080457657575607,6.906501414984983
C63557520,decoy,0,10.872859001159668,0.9800108929654698,0.003618534654378891,6.853742096978907
C62617527,decoy,0,10.857757568359377,0.9924511476159668,0.004024226684123278,6.804156855472854
C59892332,decoy,0,10.273963928222656,0.974642747609514,0.004968015477061272,6.850612029247726
C02646122,decoy,0,11.700488090515137,0.9772540862062008,0.0029450508300215006,6.9187815031219975
C35547937,decoy,0,10.811562538146973,0.9359529847534724,0.0047933971509337425,6.965422103475028
C39676765,decoy,0,10.76541519165039,0.9279566145196397,0.007414647843688726,6.896041798351184
C03297645,decoy,0,10.87020206451416,0.986322560279931,0.0028849656227976084,6.901248358680972
C33371017,decoy,0,10.935043334960938,0.9442188900583534,0.003327370388433337,6.896385072817064
C36217578,decoy,0,11.197840690612791,0.985369982100907,0.00441423524171114,6.90804358022507
C04065708,decoy,0,11.078594207763672,0.9677750743341024,0.005810540169477463,6.80901879052589
C23245169,decoy,0,11.712811470031738,0.9892462903133642,0.0035484926775097847,6.869882045914224
C54689922,decoy,0,11.044126510620115,0.9802075787230601,0.0062931738793849945,6.876861533104463
C39710275,decoy,0,11.170133590698242,0.9712986453861387,0.004244385287165642,6.925196852265332
C38688357,decoy,0,11.775079727172852,0.9813002878060638,0.002839813707396388,6.9424175583938466
C35528203,decoy,0,11.17908763885498,0.9763804903094339,0.004149646032601595,6.896528680617392
C06282670,decoy,0,11.353768348693848,0.9936577401896152,0.0032074889168143272,6.916880103904578
C39446511,decoy,0,11.434795379638672,0.9291780917597767,0.0033237815368920565,6.880174390141079
C01670457,decoy,0,10.862548828125,0.9830550931424676,0.0059879538603127,6.851299192466129
C39710354,decoy,0,10.959235191345217,0.9825507502240882,0.003439009189605713,6.952305509098792
C63376028,decoy,0,10.84198760986328,0.964349514131245,0.004496160428971052,6.8854022023308765
C40813084,decoy,0,12.016096115112305,0.981651562866565,0.0031238829251378775,6.913965653743066
C35747129,decoy,0,11.310396194458008,0.9581187992846101,0.004199890419840813,6.944280340185415
C39657731,decoy,0,11.111437797546388,0.9863057168736852,0.003647470148280263,6.882952485373755
C24350253,decoy,0,11.498056411743164,0.9361817687962556,0.0027171520050615072,6.932807486212657
C00646589,decoy,0,11.746696472167969,0.96513861307655,0.0037897818256169558,6.905155755765721
C09135672,decoy,0,11.67631721496582,0.984886756362414,0.004234743770211935,6.878856052380633
C09135791,decoy,0,11.47944164276123,0.99468123730422,0.0038996764924377203,6.878460889967588
C13065301,decoy,0,11.334278106689451,0.9480789495917689,0.003754637436941266,6.954189774050824
C64626062,decoy,0,11.099040031433104,0.9719656114315864,0.003595576621592045,6.837604604897292
C45324681,decoy,0,11.798262596130373,0.9800888816729156,0.003283789148554206,6.915339333097475
C32944631,decoy,0,12.03022289276123,0.9847854056298673,0.00412718066945672,6.890213840339273
C64002342,decoy,0,11.713058471679688,0.9875018095419072,0.003945634234696627,6.909145702604833
C36155103,decoy,0,10.964946746826172,0.9686521828117826,0.0030241196509450674,6.894580471073734
C64693637,decoy,0,11.103968620300291,0.9569843882571603,0.0049353609792888165,6.903332074995353
C66084465,decoy,0,11.521769523620604,0.9955581411017419,0.004436461720615625,6.858756965554026
C39985645,decoy,0,10.280181884765623,0.9590771727185972,0.0028449837118387222,6.90419115699033
C23576153,decoy,0,11.733102798461914,0.9844124402837746,0.0032560548279434443,6.917541620108518
C42870174,decoy,0,11.79356575012207,0.9570878039494505,0.0052161552011966705,6.842341875378137
C48820255,decoy,0,11.274063110351562,0.9599428513839005,0.004323823377490044,6.86935310242124
C53491598,decoy,0,11.771297454833984,0.9656447698879863,0.005036817863583565,6.866771414410135
C20345399,decoy,0,11.34052276611328,0.989232502586831,0.004411468748003244,6.889198594758063
C12588955,decoy,0,10.631710052490234,0.9483713967102846,0.005705134477466345,6.816445194268491
C34721336,decoy,0,10.62838077545166,0.9018274596409919,0.005789539311081171,6.858292127324018
C33069311,decoy,0,10.889870643615724,0.9842029375692221,0.003130085999146104,6.882771274293832
C33256695,decoy,0,11.406967163085938,0.98942510492115,0.004114045295864344,6.932038138187605
C59887889,decoy,0,11.726229667663574,0.9659355635284902,0.0028045515064150095,6.925064785375106
C12971212,decoy,0,12.084349632263184,0.9711133969917098,0.0032399750780314207,6.910707474230989
C09010783,decoy,0,11.616704940795898,0.973132370739562,0.002986302599310875,6.900864516224457
C35782470,decoy,0,10.339993476867676,0.9694432106012928,0.002918430371209979,6.915933694373826
C09138386,decoy,0,11.703622817993164,0.9861293676606869,0.004117484204471111,6.856052225035274
C57779997,decoy,0,11.866229057312012,0.9791621625631737,0.0028173571918159723,6.893270084086374
C39687839,decoy,0,11.030460357666016,0.988759415509397,0.004098932258784771,6.863277893967391
C06964839,decoy,0,11.601263999938965,0.9948747980118312,0.004768912680447102,6.857909721692984
C36502056,decoy,0,10.95703411102295,0.9934493577246382,0.0032539640087634325,6.936624882483907
C50374433,decoy,0,10.914990425109863,0.9741672931377716,0.004227309953421354,6.903778837147533
C59438000,decoy,0,11.639386177062988,0.942096407774549,0.0027517250273376703,6.950482580425232
C00309745,decoy,0,10.784795761108398,0.9917187167059903,0.0038234759122133255,6.840681809633928
C27204622,decoy,0,12.125505447387695,0.9924893933823651,0.0035566380247473717,6.8972787969851765
C35246267,decoy,0,11.796895027160645,0.9832589006861518,0.0037756238598376513,6.853172896149745
C66591767,decoy,0,11.254015922546388,0.9811815337709535,0.0031685689464211464,6.876043905257566
C19425299,decoy,0,10.278886795043944,0.9591847720174119,0.004683662671595812,6.918164212391828
C20312742,decoy,0,10.725845336914062,0.9744537109581111,0.00368313561193645,6.807933429783763
C63117876,decoy,0,10.987871170043944,0.9935719229754901,0.003753316355869174,6.849971562125115
C43111668,decoy,0,11.241537094116213,0.9085096630419321,0.006228561047464609,6.797280421689314
C39697328,decoy,0,11.759363174438477,0.9732827060670732,0.003266572719439864,6.870616789933094
C10426518,decoy,0,10.931085586547852,0.9907667275768385,0.004227441269904375,6.9058240886142475
C05041044,decoy,0,11.149620056152344,0.9898118488377711,0.004231884144246578,6.882245210452297
C40245064,decoy,0,11.632701873779297,0.9829282736865412,0.0036118682473897934,6.833694544087458
C11424156,decoy,0,11.280529022216797,0.8846077886674767,0.003737649880349636,6.8850525707687495
C63254413,decoy,0,11.821069717407228,0.9851963903808459,0.0031578082125633955,6.893013368484178
C44235148,decoy,0,11.08811855316162,0.9779679792031954,0.0033508373890072107,6.90904253195144
C06194339,decoy,0,11.064657211303713,0.9847239661982803,0.0033685227390378714,6.9324176971691935
C53200638,decoy,0,11.49813461303711,0.9852971147584623,0.002907464513555169,6.898686817507854
C63204344,decoy,0,10.874303817749023,0.9868498614661618,0.0036239882465451956,6.861340985944867
C25467050,decoy,0,10.801161766052246,0.9278208619753207,0.00283888285048306,6.904169776289076
C09187729,decoy,0,11.816356658935549,0.9678711277922941,0.004155706614255905,6.889717123038579
C16576824,decoy,0,11.303834915161133,0.9822766619014062,0.0032079676166176796,6.941622640040565
C00937277,decoy,0,11.287164688110352,0.941805146559383,0.005187289323657751,6.892812944803008
C09042839,decoy,0,11.434584617614746,0.9774126043099092,0.003888859646394849,6.927509368366865
C64202776,decoy,0,11.61446475982666,0.9540653069353497,0.005778120364993811,6.8471136406687085
C12805179,decoy,0,11.560343742370604,0.987764021986729,0.0031784074380993843,6.867091455624962
C01332402,decoy,0,10.17635440826416,0.9752100536624281,0.004621829371899366,6.886456389844078
C19758805,decoy,0,11.77881145477295,0.97346598218438,0.004118023905903101,6.896568735778204
C14639203,decoy,0,11.302823066711426,0.9799845793542927,0.003523576306179166,6.865360506607414
C25589169,decoy,0,10.806356430053713,0.9923209344331337,0.0035422751680016518,6.946354045274818
C01372088,decoy,0,10.72619915008545,0.9925637957856841,0.0047829970717430115,6.814168091502715
C39095263,decoy,0,11.114148139953612,0.887922856536653,0.005251272115856409,6.82055731683753
C06162580,decoy,0,11.227254867553713,0.9521707594159623,0.004099945072084665,6.963150578348594
C19850513,decoy,0,11.763470649719238,0.9692041028270099,0.004088382702320814,6.880577788115101
C44148963,decoy,0,11.643352508544922,0.9884971111794066,0.003587723709642887,6.837650957444759
C63098799,decoy,0,10.84146499633789,0.9873342360664771,0.003833147929981351,6.839043008897853
C14476124,decoy,0,11.831666946411133,0.9917072729559895,0.004067813511937857,6.808953022132584
C02885555,decoy,0,11.547000885009766,0.9779576612065263,0.003147011622786522,6.899629874836165
C10069844,decoy,0,10.646997451782228,0.9835827117054674,0.004891013726592064,6.847931807752748
C63374905,decoy,0,10.947078704833984,0.9598361971832962,0.004739905241876841,6.899387378004213
C39388829,decoy,0,11.443204879760742,0.9722805644679184,0.004116339143365622,6.866301068877851
C08890172,decoy,0,11.92432975769043,0.9946635146333324,0.0039634183049201965,6.877142426806751
C20384202,decoy,0,11.797110557556152,0.981063249324911,0.00389646808616817,6.8414444169331485
C39542884,decoy,0,11.138311386108398,0.9679071952833886,0.0038107510190457106,6.904893775881585
C12549652,decoy,0,11.11014175415039,0.9850698331182967,0.003798229619860649,6.86654438077918
C51017749,decoy,0,11.637396812438965,0.9841567275567374,0.00298611749894917,6.923242273621407
C64703907,decoy,0,11.794666290283203,0.9829326658010882,0.0026896290946751833,6.936516864025429
C05255403,decoy,0,12.16781997680664,0.9466115513988584,0.0026721360627561808,6.952068343326801
C13984833,decoy,0,11.536449432373049,0.9932789183548779,0.003406672505661845,6.863130978400023
C30850407,decoy,0,11.5291109085083,0.985509203051317,0.0038539546076208353,6.9138551695048065
C02969669,decoy,0,10.98863697052002,0.9621876033888306,0.0029527349397540092,6.958896679880983
C63831623,decoy,0,11.990089416503906,0.9908942549195497,0.003871034597977996,6.869620286600493
C01362272,decoy,0,11.058266639709473,0.9800966660349387,0.003971460275352001,6.865205402932076
C01374833,decoy,0,11.72199821472168,0.9873372549226593,0.003058586036786437,6.985436945631837
C20294931,decoy,0,10.458368301391602,0.9773158753685117,0.004363799933344126,6.91547041205097
C09503884,decoy,0,11.795931816101074,0.9731212942303792,0.005134481471031904,6.839325731167685
C63695056,decoy,0,11.607599258422852,0.9810201678826586,0.00416919682174921,6.853122148168126
C13069291,decoy,0,11.860807418823242,0.9723122378071123,0.002565378788858652,6.9492169423953385
C20853372,decoy,0,11.287402153015137,0.9735556772327677,0.002600042847916484,6.940787798222299
C65474532,decoy,0,12.294422149658203,0.976774977042302,0.004605795722454786,6.89758692258809
C36054050,decoy,0,11.439861297607422,0.9150015420349792,0.0077463616617023945,6.871247927171285
C58470925,decoy,0,11.979926109313965,0.9686509951576627,0.0033011650666594505,6.879229764588906
C36253905,decoy,0,10.60723876953125,0.9545983683264949,0.004978324752300978,6.859650892816941
C39380865,decoy,0,10.576077461242676,0.9663542684291446,0.0036227491218596697,6.882101333449044
C63744051,decoy,0,11.157434463500977,0.9794150826243638,0.003305093152448535,6.879421156466202
C43525879,decoy,0,11.22318172454834,0.9861278492412725,0.002936098026111722,6.899128848990567
C39426586,decoy,0,12.026609420776367,0.973112236944602,0.004281715024262667,6.942937696568495
C26138697,decoy,0,11.390525817871094,0.9847612018129143,0.004017692990601063,6.857423321458164
C09602459,decoy,0,10.746286392211914,0.9667910773215053,0.004197957459837198,6.892158764394715
C28579343,decoy,0,11.312976837158203,0.9844329738816042,0.0036894490476697683,6.895135715054111
C09343811,decoy,0,11.828596115112305,0.9557921390854693,0.00275562540628016,6.938773490821936
C19290371,decoy,0,11.361547470092772,0.9843915696026816,0.0031855683773756027,6.878841321588751
C38501805,decoy,0,11.645013809204102,0.969798722781717,0.0032430391293019056,6.870575843496099
C21148512,decoy,0,10.937459945678713,0.9908411038563968,0.0034279150422662497,6.894301533293369
C66929064,decoy,0,10.937994003295898,0.9937561774777443,0.004458725918084383,6.823339729809484
C64644838,decoy,0,11.76817798614502,0.9730689998892125,0.0033084535971283913,6.856466907471048
C64340166,decoy,0,11.131291389465332,0.9783442878295817,0.0031088271643966436,6.8661283648720115
C16605229,decoy,0,11.217923164367676,0.9758248897876525,0.004179790616035461,6.914811579662366
C13759919,decoy,0,10.862176895141602,0.9473412536142036,0.004301026929169893,6.916036531953868
C09587925,decoy,0,11.393386840820312,0.9680228745063904,0.002684655599296093,6.9479098165528885
C62613763,decoy,0,11.294200897216797,0.989714245095692,0.0037468739319592714,6.874913663030526
C38814956,decoy,0,11.993338584899902,0.9761327831347071,0.0035055994521826506,6.841412468261211
C04736099,decoy,0,11.438573837280272,0.9423572546002554,0.0030951201915740967,6.885269330812731
C39684355,decoy,0,10.87803840637207,0.9826936604354335,0.0048879957757890224,6.893692434206725
C02459748,decoy,0,11.732336044311523,0.9961415658898186,0.0036606565117836,6.881187528259384
C01392722,decoy,0,11.341879844665527,0.9665832901438881,0.0025631890166550875,6.942971782688334
C36051395,decoy,0,10.674070358276367,0.9810109337249159,0.00254062213934958,6.961998603485137
C02568557,decoy,0,11.25226879119873,0.961059383461657,0.004580231849104166,6.977583118290892
C03906261,decoy,0,11.885926246643066,0.9217023334333061,0.002715418115258217,6.916045614864337
C02791381,decoy,0,10.85319709777832,0.9824782243257864,0.0028592313174158335,6.964180022707368
C09416269,decoy,0,12.046341896057127,0.9152370849953942,0.002672522095963359,6.902319588137127
C35171047,decoy,0,10.69801902770996,0.9600949214804585,0.0034440618474036455,6.868306003459172
C63573592,decoy,0,11.297592163085938,0.9819006181775899,0.004660937003791332,6.902027489512152
C44942325,decoy,0,10.75228500366211,0.9719524386529697,0.005305036902427673,6.787642523088544
C40323618,decoy,0,11.118023872375488,0.9818946471114218,0.004212297033518553,6.8874222538548375
C09237181,decoy,0,11.421730995178224,0.9816941468782081,0.004294372629374266,6.908407791344216
C12856466,decoy,0,11.42044162750244,0.9725502041494903,0.0032061701640486717,6.893704121913295
C22607027,decoy,0,10.919912338256836,0.9870906101071173,0.004778882954269648,6.839223952706204
C00739076,decoy,0,11.975234031677246,0.9884865388154087,0.0030080685392022133,6.89042286078152
C08800376,decoy,0,11.098591804504396,0.9336654397273751,0.006870382931083441,6.873685045925091
C46772225,decoy,0,11.81922721862793,0.9747575824564894,0.003161661559715867,6.914082806123982
C29787690,decoy,0,10.811622619628906,0.9048284921713843,0.00488673010841012,6.891216691209015
C22888459,decoy,0,11.148565292358398,0.9207624656952037,0.00438001798465848,6.880414008726114
C06301791,decoy,0,11.16209602355957,0.9936783172474275,0.003769750939682126,6.907629944421773
C12105440,decoy,0,11.324684143066406,0.9598716517686199,0.002929659327492118,6.925443309269284
C12986696,decoy,0,10.414134979248049,0.9761764489426333,0.0032335801515728235,6.878567021609189
C39358632,decoy,0,11.867318153381348,0.984890397402888,0.004344073124229908,6.902585376332003
C46772906,decoy,0,10.889808654785156,0.9705658142088022,0.004052372183650732,6.947159908833331
C43573238,decoy,0,10.67507553100586,0.9953282766535402,0.004580712411552668,6.818121047183428
C11791511,decoy,0,11.63715934753418,0.9772528043284048,0.00275405147112906,6.916480923538561
C19520600,decoy,0,10.694138526916504,0.9194997205917541,0.010822822339832783,6.855886471620202
C42052019,decoy,0,10.769268989562988,0.9683002504607247,0.005523789674043655,6.880397343304639
C54503588,decoy,0,11.28847885131836,0.9842444476840261,0.004048297181725502,6.876370570395353
C14528565,decoy,0,11.70892333984375,0.9889803304509118,0.003686015261337161,6.933276816246227
C06601074,decoy,0,11.431243896484377,0.9880988844760585,0.0028876513242721558,6.910890703586873
C06239429,decoy,0,11.39108943939209,0.9920472302092522,0.003672580933198333,6.926935478904761
C09309951,decoy,0,11.100950241088867,0.9545430358404441,0.004685749299824238,6.948267721875354
C36309844,decoy,0,11.166379928588867,0.9507386014067133,0.005216074641793966,6.879139923351527
C44442012,decoy,0,11.95582389831543,0.9831790626464505,0.003523465944454074,6.856128243550849
C01875405,decoy,0,11.45644187927246,0.9859672006111545,0.004626999609172344,6.8010835509024385
C63537911,decoy,0,11.121502876281738,0.9564135016977501,0.0035039151553064585,6.930779670688054
C40814960,decoy,0,11.089012145996094,0.9779573416317832,0.003779682097956538,6.900809609187742
C39393547,decoy,0,11.032209396362305,0.9870929523925208,0.0038749848026782274,6.9151378875278215
C57933926,decoy,0,10.99060344696045,0.9104627368293781,0.006630403455346823,6.899227559175461
C58491756,decoy,0,11.177818298339844,0.9639659856905398,0.0031189841683954,6.901677016804505
C13064705,decoy,0,11.248320579528809,0.9944103099968472,0.003475302830338478,6.9235602459486465
C29165464,decoy,0,11.088969230651855,0.9847250014511412,0.0038685316685587168,6.899589975569817
C02107585,decoy,0,11.431641578674316,0.9869652461942143,0.003932538907974958,6.892703318844205
C02329054,decoy,0,11.357748985290527,0.9828469889008076,0.0031788989435881376,6.880402758390319
C64980973,decoy,0,11.409177780151367,0.992321153932255,0.004040590953081846,6.911775480414105
C38701975,decoy,0,10.75531768798828,0.9538864391577957,0.0028953354340046644,6.958577839796586
C08880283,decoy,0,11.4964599609375,0.9619625658371149,0.006472878158092499,6.907535902698332
C43735689,decoy,0,10.795206069946287,0.8873645095354918,0.007039917167276144,6.885067431122099
C09377657,decoy,0,10.966667175292969,0.9247291419091701,0.0027098183054476976,6.945370900548486
C34683905,decoy,0,11.285106658935549,0.975696306742609,0.0035615686792880297,6.92516592744484
C37691160,decoy,0,10.546364784240724,0.9834514185751587,0.0037209789734333754,6.9198414292379065
C64392566,decoy,0,11.479660034179688,0.9550544763015106,0.005582592915743589,6.909972427930569
C35231503,decoy,0,12.184940338134766,0.9770412268813432,0.0033811621833592653,6.837350775695643
C45991701,decoy,0,11.756986618041992,0.9534403378888251,0.002878144383430481,6.915164744523003
C15188288,decoy,0,10.94536304473877,0.9735728761044354,0.005298424977809191,6.867858580957035
C12155164,decoy,0,11.327186584472656,0.9154858465950881,0.0055486299097537994,6.906008916697798
C64713895,decoy,0,11.39488410949707,0.89498819724765,0.004932598676532507,6.912255004889324
C12006923,decoy,0,11.751904487609863,0.9830485468388275,0.003653020830824971,6.923329574164557
C36589129,decoy,0,11.027801513671877,0.9697275251982906,0.003098097862675786,6.871787535982251
C36332424,decoy,0,10.855796813964844,0.9527976695227585,0.004470876883715391,6.94771112876269
C27240260,decoy,0,11.922894477844238,0.8611581194278277,0.006614062935113907,6.874428900688585
C42015413,decoy,0,10.646126747131348,0.9792104697578868,0.0031079386826604605,6.887305793102224
C01405497,decoy,0,12.076241493225098,0.9768459470011327,0.0031839851289987564,6.928149985755244
C12636169,decoy,0,10.892728805541992,0.9619433338542295,0.002741279313340783,6.940411609289118
C08677256,decoy,0,11.712407112121582,0.9869189083931227,0.0035681501030921936,6.914619600530999
C22058511,decoy,0,10.590694427490234,0.9883131070741465,0.003101152367889881,6.929605194361616
C39675477,decoy,0,10.768242835998535,0.9907082791013844,0.003611236112192273,6.880078165185177
C63362118,decoy,0,10.861732482910156,0.9946216267151946,0.004439873155206442,6.852542051251618
C42953148,decoy,0,11.447769165039062,0.9814246154963464,0.003468140261247754,6.970675094030816
C22284915,decoy,0,11.460589408874512,0.9743931199479469,0.0036303831730037928,6.929201636422205
C19313476,decoy,0,11.14918613433838,0.9929251486161358,0.003861364908516407,6.872501295767913
C19352133,decoy,0,10.280145645141602,0.9808947729932421,0.003572240239009261,6.894979219490785
C36595727,decoy,0,10.577537536621094,0.9890522464891155,0.003939320333302021,6.913133192857237
C19566306,decoy,0,11.56166172027588,0.9387019852961301,0.006243015173822641,6.892506291002241
C59256179,decoy,0,11.575697898864746,0.982615620739308,0.0029373273719102144,6.9272941738934595
C02676990,decoy,0,11.853958129882812,0.9907267058964052,0.0038922836538404226,6.950931834335526
C09171662,decoy,0,10.604796409606934,0.9792196263992224,0.004694201052188873,6.80887250621163
C20337707,decoy,0,11.565631866455078,0.9790112215776873,0.003917674068361521,6.890625869666547
C33706400,decoy,0,10.882989883422852,0.8539690863845096,0.007076318841427565,6.843607384778277
C64502785,decoy,0,11.09267234802246,0.979888729807281,0.0027811629697680473,6.902074233040379
C00438312,decoy,0,11.77552890777588,0.9832504647034557,0.00333433342166245,6.942371139799125
C20413336,decoy,0,10.906006813049316,0.996783790465362,0.003993362188339233,6.864878889667377
C50001328,decoy,0,11.07555103302002,0.8492900719619774,0.009218878112733364,6.863391946023524
C37037275,decoy,0,11.389986991882324,0.9736960254095457,0.004264197777956724,6.908391751733657
C11204681,decoy,0,10.918288230895996,0.9641005896919097,0.003474823199212551,6.883595723229549
C13064855,decoy,0,11.383825302124023,0.9807210772419317,0.004553372040390968,6.945460641141474
C04576695,decoy,0,11.718124389648438,0.9872073860564876,0.00329519622027874,6.894976475151249
C09670210,decoy,0,10.437435150146484,0.9925323070987665,0.0034892468247562647,6.927345443769158
C09427688,decoy,0,10.970080375671388,0.9736326013505461,0.00437577161937952,6.87900852207752
C12486382,decoy,0,11.553805351257324,0.9372955132673132,0.004848694894462824,6.806453094951869
C51121299,decoy,0,12.085785865783691,0.9577592767704587,0.0029627049807459116,6.8923812748268025
C40046569,decoy,0,11.255888938903809,0.9889219283460249,0.004713498521596193,6.89528727616805
C06601583,decoy,0,10.58784008026123,0.9107618288270322,0.011890433728694916,6.8556723022135895
C19450342,decoy,0,11.31875991821289,0.9530378624803273,0.004081983119249344,6.962345399828266
C36510984,decoy,0,10.90239143371582,0.9936765590784544,0.003963179420679808,6.914537169067623
C10555283,decoy,0,11.780916213989258,0.9929803369832626,0.0032710107043385506,6.903178783934907
C17307577,decoy,0,11.592620849609377,0.9525434894527853,0.006086904555559158,6.901900059734675
C40020089,decoy,0,10.642038345336914,0.9938124605089408,0.0033302654046565294,6.883462282980133
C15329664,decoy,0,10.835765838623049,0.9804175473509926,0.004866288509219885,6.897121673564093
C22800232,decoy,0,10.44997501373291,0.9874242381416212,0.004067801404744387,6.862141084382262
C36810319,decoy,0,10.499212265014648,0.9911955212714165,0.0040784431621432304,6.844188219613946
C56709336,decoy,0,11.798397064208984,0.9348451727491339,0.00620995694771409,6.854556367275496
C40149853,decoy,0,12.755034446716309,0.9919339863250294,0.0032853586599230766,6.932402406530873
C01443427,decoy,0,10.917840003967283,0.9940519090347293,0.003452540608122945,6.901571493004429
C00334700,decoy,0,10.821809768676758,0.9615035248452891,0.0031711095944046974,6.918421325080776
C63588654,decoy,0,11.910475730895996,0.9921987164763237,0.004574040416628122,6.842850404497745
C35957632,decoy,0,11.459059715270996,0.9813698304871401,0.003650674596428871,6.858476052792815
C59368086,decoy,0,11.735370635986328,0.961818069248577,0.0030337776988744736,6.883569127591388
C12863037,decoy,0,11.132944107055664,0.9848157158750618,0.0031052064150571823,6.885638193020815
C09124621,decoy,0,11.333941459655762,0.9619751303617008,0.0031171180307865143,6.923446490604835
C20876879,decoy,0,10.9755859375,0.9877814516755636,0.003445065813139081,6.89733349968922
C26106739,decoy,0,10.47592544555664,0.9786881672692425,0.0037256234791129827,6.915050624620023
C22089989,decoy,0,11.019875526428224,0.8956171371758355,0.0065613905899226665,6.826619362976526
C32945166,decoy,0,10.532979011535645,0.9357010997758162,0.003142512170597911,6.895259715601663
C66262570,decoy,0,12.024487495422363,0.9772651314172995,0.003771241055801511,6.849860717710376
C35694430,decoy,0,12.094111442565918,0.9795892020661826,0.0050237285904586315,6.906942708997738
C38673069,decoy,0,10.794163703918455,0.9023219871755842,0.007197679486125708,6.849246481778273
C13065237,decoy,0,11.281418800354004,0.9748513759277655,0.003436242463067174,6.922965175480348
C24829761,decoy,0,11.443662643432615,0.9451798301449142,0.005741389002650976,6.85120347926301
C14775297,decoy,0,11.408085823059082,0.9609486391940288,0.005361001472920179,6.871606355100109
C02139532,decoy,0,11.180990219116213,0.9894035211918676,0.004264261107891798,6.8744864222366875
C09727175,decoy,0,11.87714672088623,0.9632529303440633,0.003005789825692773,6.926330769975856
C38654597,decoy,0,11.815389633178713,0.981386829392225,0.003239775775000453,6.879935308459498
C04821978,decoy,0,11.684086799621582,0.9823643525728588,0.0034627749118953943,6.878613411868097
C36492787,decoy,0,10.792251586914062,0.984085425646556,0.003472089534625411,6.887010637297267
C10751896,decoy,0,10.89073085784912,0.977430407861777,0.003955739084631205,6.955328901891917
C67471033,decoy,0,10.419744491577148,0.9412377674325779,0.004915451165288687,6.87529044565348
C38665869,decoy,0,11.061068534851074,0.9839068554692846,0.004528719466179609,6.868875894826115
C24967295,decoy,0,11.372217178344728,0.9608160786106755,0.004824455361813307,6.865863563420551
C11904190,decoy,0,10.928411483764648,0.9700218141751249,0.00641332333907485,6.927711880682765
C34928933,decoy,0,10.849666595458984,0.9713714256834053,0.004085705149918795,6.847644758594914
C63384450,decoy,0,12.229185104370115,0.9914092778224056,0.003067145822569728,6.873741825444834
C39352894,decoy,0,11.220861434936523,0.9799572425764213,0.0037021527532488108,6.880511564001484
C27662939,decoy,0,11.799552917480469,0.9911376791479168,0.0033409299794584513,6.881544683760361
C39037776,decoy,0,11.779704093933104,0.995537295473874,0.0036591372918337584,6.864323805292136
C09315445,decoy,0,11.340542793273926,0.9744250609598261,0.003760080086067319,6.915599074767667
C54558565,decoy,0,10.489002227783203,0.9884058129196998,0.004376615863293409,6.928350930761996
C04108834,decoy,0,11.62147045135498,0.9744748590100454,0.004899183753877878,6.895044808008952
C42086513,decoy,0,10.59472942352295,0.9675886329354434,0.0033476697281003,6.876822371537628
C01375159,decoy,0,11.560172080993652,0.9931545509926837,0.003529010573402047,6.9300607749453444
C39638884,decoy,0,10.697945594787598,0.9806831701172024,0.003428259864449501,6.865100508084685
C09453418,decoy,0,10.88842487335205,0.980495483035875,0.005933286156505346,6.833562468862422
C38672582,decoy,0,11.702768325805664,0.9555880872225812,0.004578969907015562,6.8788020059807655
C14258314,decoy,0,11.184518814086914,0.9659536435322819,0.003306477563455701,6.882176597928317
C65116179,decoy,0,12.06949234008789,0.9922664807200111,0.003737998427823186,6.916118922680971
C14475466,decoy,0,11.90289306640625,0.9916613005491366,0.0034560973290354013,6.8416178819751465
C06134064,decoy,0,11.30105209350586,0.9818407838995031,0.003568122163414955,6.891887888893448
C64411232,decoy,0,11.719820976257324,0.9521218031817834,0.0028337484691292048,6.940323042472837
C34829836,decoy,0,10.584308624267578,0.9601025102940924,0.004508247599005699,6.918522474483416
C39675323,decoy,0,10.79703426361084,0.9944333217980148,0.0035467122215777636,6.874483698964944
C66908541,decoy,0,11.892549514770508,0.9638168955589203,0.00587846664711833,6.830284162069226
C26891775,decoy,0,11.414022445678713,0.9845689377573512,0.0032979529350996017,6.891831741484226
C02301926,decoy,0,11.61753749847412,0.9458090254779126,0.003110800636932254,6.909872237411578
C36027300,decoy,0,11.799551963806152,0.9920048948033412,0.0037270865868777037,6.867552855891489
C47133552,decoy,0,10.96524715423584,0.9747636923254239,0.00422122934833169,6.847312116421251
C00171591,decoy,0,11.771564483642578,0.9430713010938532,0.0030122054740786552,6.86307387460555
C39689085,decoy,0,10.910361289978027,0.9539830038866384,0.003808933077380061,6.867281196579361
C57415226,decoy,0,11.114984512329102,0.9689041538753881,0.005694122519344091,6.829760201303976
C47371784,decoy,0,10.60114574432373,0.9625493736545823,0.0034453757107257843,6.859624305319456
C39487338,decoy,0,10.974881172180176,0.961057865978317,0.007167453411966562,6.8463446702295965
C35882664,decoy,0,10.999037742614746,0.9949668559843714,0.00402852101251483,6.858937954449539
C49271047,decoy,0,10.826800346374512,0.9563813814425497,0.00313268112950027,6.886403146432853
C22984140,decoy,0,11.544875144958496,0.9929001057798005,0.003882294287905097,6.9338112150359565
C06408763,decoy,0,11.446043968200684,0.9957131502700595,0.003527445951476693,6.926803432598196
C38597749,decoy,0,10.538078308105469,0.8797326695826712,0.012767207808792591,6.834623036459689
C61857388,decoy,0,10.909862518310549,0.9803614618040941,0.0030494213569909334,6.916819504718667
C46833892,decoy,0,10.612788200378418,0.9479906057899204,0.003517375560477376,6.854186243423236
C06321212,decoy,0,11.43168830871582,0.982715877460203,0.004328107461333275,6.9155325666866245
C08298407,decoy,0,11.4144926071167,0.9552632801850465,0.0037776518147438765,6.885965661572259
C35545030,decoy,0,10.763629913330078,0.9734001021312411,0.006148916203528643,6.824061773574914
C14961604,decoy,0,12.32599925994873,0.9684729832452881,0.0036131374072283506,6.942637604557717
C36203681,decoy,0,10.969080924987791,0.9872107957707618,0.003216733457520604,6.9726136207458875
C62960543,decoy,0,10.63175106048584,0.9708781744909493,0.0049582249484956264,6.9167694198441945
C04947185,decoy,0,11.692378997802734,0.9866095610477769,0.0037308090832084417,6.9092490403113365
C03050968,decoy,0,11.505958557128906,0.9785182961389056,0.003219967009499669,6.957762278691308
C20727734,decoy,0,10.788800239562988,0.9860420174555853,0.004811904858797789,6.909249275517609
C35747458,decoy,0,11.765189170837402,0.9728732525835423,0.002797947032377124,6.962999081181412
C00214081,decoy,0,10.986936569213867,0.9016229636329892,0.0030669383704662323,6.884668050473934
C25446959,decoy,0,10.668296813964844,0.9894585089414638,0.00425980519503355,6.8727913126703495
C10561798,decoy,0,10.959468841552734,0.9684987485008953,0.0033795719500631094,6.870762005308895
C13477009,decoy,0,11.928760528564451,0.9088322301620155,0.004047120455652475,6.8278667608038734
C36346293,decoy,0,10.58117389678955,0.9620249961208064,0.0029707562644034624,6.900876586233097
C64871202,decoy,0,11.387140274047852,0.9497660388124408,0.0037000151351094246,6.964666762155815
C38597536,decoy,0,10.619635581970217,0.9600943606295328,0.0061471182852983475,6.8824322658096255
C09233969,decoy,0,11.707765579223633,0.9514727371464949,0.0031460493337363005,6.919408395920347
C19219612,decoy,0,11.549473762512209,0.9715686788644253,0.0032196056563407183,6.951310071116005
C12891133,decoy,0,10.970848083496094,0.8868195059015467,0.002744409255683422,6.906858575740978
C16431192,decoy,0,11.869102478027344,0.9916216559035427,0.003383762901648879,6.898207520958733
C04553465,decoy,0,11.503969192504885,0.9436948840481229,0.007372675929218531,6.872302379975793
C33352297,decoy,0,11.616881370544434,0.9945972338112229,0.004007543437182903,6.847634320552789
C41006249,decoy,0,12.940773010253906,0.9948768135642438,0.0037199275102466345,6.897569949266012
C12643139,decoy,0,11.37292194366455,0.9795126348553196,0.00354854017496109,6.843107867188243
C40813641,decoy,0,11.633809089660645,0.9792842791300501,0.0029989315662533045,6.943181617248397
C36876098,decoy,0,10.85918426513672,0.9792388272047408,0.004150813445448875,6.931287874141854
C56157787,decoy,0,10.516324996948242,0.9689779423161519,0.003414417617022991,6.90388771889494
C39082208,decoy,0,11.487199783325195,0.9557732815540572,0.002860274398699403,6.953006190036416
C44042933,decoy,0,11.877437591552734,0.965086185543211,0.0028279004618525505,6.925985257544452
C12634786,decoy,0,10.837972640991213,0.9880687206933539,0.003717823652550578,6.924863687160063
C34774715,decoy,0,10.547080039978027,0.960626974901121,0.0035431955475360155,6.957011044704268
C49124288,decoy,0,11.840755462646484,0.9885723373721385,0.004382129292935133,6.836807556619512
C06076935,decoy,0,10.5615234375,0.9896839547897022,0.0029950651805847883,6.910124388985071
C33059085,decoy,0,10.579916000366213,0.9939580759398154,0.0038899623323231936,6.920636022405483
C12494291,decoy,0,11.508238792419434,0.892731341259697,0.0032401951029896736,6.869029449922104
C49435742,decoy,0,11.915864944458008,0.9686128165379372,0.004227273166179657,6.950947494714784
C42667492,decoy,0,10.284908294677734,0.9823673450046444,0.0033150967210531235,6.8933585056340245
C50362251,decoy,0,10.536355018615724,0.9172567292832359,0.0028743466828018427,6.942813152202153
C36737159,decoy,0,12.499449729919434,0.9713823934483722,0.003928808495402336,6.848899166112405
C11616418,decoy,0,11.350034713745115,0.9640819980061001,0.00409086374565959,6.936273786684049
C63270971,decoy,0,11.820003509521484,0.9504633988795385,0.00476658483967185,6.84525948419741
C22119420,decoy,0,10.768646240234377,0.958210908804732,0.0051361508667469025,6.869913135171633
C36495520,decoy,0,10.729705810546877,0.9925517137965764,0.004120652098208666,6.928099783068134
C63927586,decoy,0,10.670209884643556,0.9212140043636461,0.003464306937530637,6.8876084218661795
C36205514,decoy,0,11.788408279418944,0.9662171165345235,0.0030684100929647684,6.963481357079397
C08696032,decoy,0,11.676376342773438,0.9828743453485301,0.0042238919995725155,6.90021317422467
C14067786,decoy,0,11.24074649810791,0.9885395489714581,0.0035560764372348785,6.865505999327513
C42729748,decoy,0,11.20636749267578,0.9710457868297026,0.003677861765027046,6.9526684105635805
C14532763,decoy,0,11.619062423706056,0.9220276876771084,0.004346488509327173,6.911781820571591
C12513092,decoy,0,11.178855895996094,0.9897501356337384,0.003511906834319234,6.937757247284823
C52869418,decoy,0,11.66154670715332,0.970846760528912,0.0043678488582372665,6.883659306196138
C37313576,decoy,0,10.919418334960938,0.9654747946257719,0.0031243476551026106,6.896792238375568
C35934671,decoy,0,10.823851585388184,0.9887143034524383,0.004547666292637587,6.90657128635026
C49242483,decoy,0,11.779980659484863,0.9600021541112294,0.003988934680819511,6.930442271554014
C64120629,decoy,0,11.840764045715332,0.950509909836136,0.004875040613114834,6.843670144271035
C04171697,decoy,0,11.382901191711426,0.9869311852914245,0.004458893556147814,6.893566545222818
C22878811,decoy,0,11.185868263244627,0.9889575173188172,0.003819928737357259,6.903621019579009
C11393240,decoy,0,11.153727531433104,0.9644662325533293,0.0033609310630708933,6.8683543578793405
C34747576,decoy,0,11.840702056884766,0.9342962522258678,0.007101261988282204,6.864447752449319
C09128192,decoy,0,11.150972366333008,0.9930566813089342,0.003557067597284913,6.918911501059183
C63708521,decoy,0,11.177874565124512,0.9921171908881372,0.0037811987567692995,6.876811840060548
C12833252,decoy,0,11.168458938598633,0.9769905427495035,0.003946445882320404,6.925449269832974
C39835040,decoy,0,11.906793594360352,0.9807823986664387,0.0031154025346040726,6.946145433328789
C39549837,decoy,0,10.972164154052734,0.9879704715079957,0.002989246742799878,6.898934722822688
C08635407,decoy,0,11.512309074401855,0.9706967607300323,0.0029140913393348455,6.91359022466895
C05954262,decoy,0,11.251938819885254,0.9160241317801694,0.007625019643455744,6.834306893810078
C04150007,decoy,0,10.249857902526855,0.9753557034809651,0.003893839893862605,6.931139516571045
C54050458,decoy,0,10.482223510742188,0.9799119976816106,0.004136394709348679,6.899624536457621
C03460389,decoy,0,10.572994232177734,0.9912651677550668,0.00395750068128109,6.9260975807511675
C48872241,decoy,0,11.49023723602295,0.9039041571736681,0.0028966215904802084,6.935121342604343
C38670521,decoy,0,10.899754524230955,0.978233221096179,0.003215844975784421,6.901718167929269
C11867433,decoy,0,11.160113334655762,0.9476059918809142,0.002819355810061097,6.921991953859675
C44900413,decoy,0,11.678548812866213,0.9374033200309635,0.004231403116136789,6.927826779916942
C47029705,decoy,0,11.176868438720703,0.8971028279882172,0.005359808448702097,6.861132432093838
C19233360,decoy,0,11.810907363891602,0.9554915625290593,0.0024170444812625647,6.966957585821335
C36569685,decoy,0,11.701573371887209,0.9942589150199047,0.004406047519296408,6.875258816673684
C05413147,decoy,0,12.044262886047363,0.9832522293039406,0.003498552367091179,6.8963650742316815
C60371525,decoy,0,11.6973237991333,0.9817605461832181,0.0036708421539515257,6.902208728331102
C38705797,decoy,0,10.219873428344728,0.9541868366863365,0.003081557108089328,6.945916510410498
C40291403,decoy,0,10.512187957763672,0.9175044247947501,0.003093417501077056,6.991386742349515
C08869638,decoy,0,11.10781478881836,0.9754387126168239,0.003314909292384982,6.908430049798168
C02196920,decoy,0,11.487043380737305,0.9916430573382216,0.003890060819685459,6.8674184456400305
C43527967,decoy,0,10.988592147827148,0.9361362546610159,0.0059110368601977825,6.903054699989607
C44783236,decoy,0,11.424827575683594,0.893669219501547,0.0054782964289188385,6.8502533858232635
C23158086,decoy,0,10.868345260620115,0.9554731328982426,0.0034052443224936724,6.910149992002808
C49481296,decoy,0,11.115702629089355,0.9341891519205943,0.0038913025055080652,6.871589190433801
C13778983,decoy,0,11.305981636047363,0.987916009712492,0.003868395695462823,6.904295723353654
C46817376,decoy,0,10.361767768859863,0.9803340376090022,0.003278702264651656,6.8779597585926275
C05363479,decoy,0,11.805527687072754,0.9786338224796481,0.0039023098070174456,6.905196342895198
C49545111,decoy,0,10.644978523254396,0.9564012602442916,0.002877421909943223,6.906222690329019
C09691845,decoy,0,10.603742599487305,0.9580899673521102,0.0032191004138439894,6.898033006135913
C39467501,decoy,0,11.748592376708984,0.962099373431516,0.005118460860103369,6.884114981536721
C43043385,decoy,0,11.802082061767578,0.988668351682783,0.0048679327592253685,6.870481969917141
C54080705,decoy,0,10.17558765411377,0.9652962212029417,0.002713247435167432,6.9122586164611795
C40441766,decoy,0,11.930611610412598,0.9729680104758295,0.002648363821208477,6.961691113238238
C23635237,decoy,0,10.982486724853516,0.9709396277285689,0.004652455914765596,6.911192772024691
C48814656,decoy,0,11.214917182922363,0.9842358408987709,0.0032111459877341986,6.891393219789402
C21864297,decoy,0,10.94406795501709,0.9930354256947842,0.004726614337414503,6.796058961289135
C07390281,decoy,0,11.336463928222656,0.9426329019517018,0.0038430404383689165,6.876521609564136
C39640567,decoy,0,11.791200637817385,0.9704054990789855,0.0047755432315170765,6.8264874571940215
C05883257,decoy,0,11.17750072479248,0.9899208506094099,0.0038439445197582245,6.932032097454742
C39844250,decoy,0,10.85483741760254,0.9756809413888685,0.0035768465604633093,6.898033689282532
C17070731,decoy,0,11.749114990234377,0.9745833399100056,0.003285396844148636,6.885936584798275
C00917765,decoy,0,10.985269546508787,0.950048669056683,0.002692043548449874,6.954215562783057
C32899383,decoy,0,11.706392288208008,0.9918749854995942,0.0038324787747114897,6.8882924358291735
C34750152,decoy,0,10.73271369934082,0.9334626040709202,0.004687364678829908,6.910774572898242
C35929762,decoy,0,10.44927978515625,0.8992101006469915,0.0026631883811205626,6.956776921236367
C40322221,decoy,0,10.704224586486816,0.9725312967810862,0.0035665647592395544,6.921524483976279
C00715184,decoy,0,11.060065269470217,0.9886338145376093,0.004873976577073336,6.84955190431049
C03600898,decoy,0,11.101511001586914,0.9695416735177164,0.00492352619767189,6.901113417048574
C64520859,decoy,0,11.056139945983888,0.9965981650265583,0.0039009733591228724,6.86088670265628
C39352738,decoy,0,11.503246307373049,0.942672126095528,0.004763427190482616,6.861669865044124
C06797561,decoy,0,11.627226829528809,0.9790497703891718,0.005691288039088249,6.882445849171138
C40010923,decoy,0,10.782920837402344,0.9899607003760681,0.004899584222584963,6.823996661593531
C64613190,decoy,0,11.614753723144531,0.9869812632174816,0.0037123875226825476,6.922030328232193
C56268652,decoy,0,11.336172103881836,0.9609464110733456,0.005234010051935911,6.82655780553447
C24831406,decoy,0,11.745003700256348,0.9366393132781969,0.006597200874239206,6.860908098893043
C17113592,decoy,0,11.181949615478516,0.9547582869228743,0.005855519324541092,6.915453264835703
C02697479,decoy,0,11.835878372192385,0.8719765699573895,0.003174643265083432,6.856524725044338
C19912438,decoy,0,11.687337875366213,0.9881474652148726,0.003941686358302832,6.863914172880012
C64450344,decoy,0,11.651163101196287,0.9551347477894279,0.007104616612195969,6.850602813831261
C39637285,decoy,0,10.512311935424805,0.9630153661798103,0.004891555290669203,6.868379417743558
C32572035,decoy,0,11.38957405090332,0.9938397746513981,0.004561325069516897,6.820658440687628
C22917942,decoy,0,11.7822847366333,0.9176071707710259,0.0059538353234529495,6.871751291826106
C09272327,decoy,0,12.521295547485352,0.9705513499404177,0.004896701779216528,6.867347749449905
C10211746,decoy,0,11.854357719421388,0.9736170628470485,0.004990407265722752,6.856795532872978
C03447642,decoy,0,11.806354522705078,0.9301121116697871,0.004513511899858713,6.9170579272412915
C64087678,decoy,0,11.117759704589844,0.9872180155941468,0.005393765866756439,6.8035030825360385
C09429123,decoy,0,11.992401123046877,0.9956222588657361,0.002968352288007736,6.9353881237912525
C36760263,decoy,0,10.769246101379396,0.9848883913077621,0.003081314032897353,6.975288695788466
C35702463,decoy,0,11.542071342468262,0.9864567775023031,0.0032165765296667814,6.93740304067729
C40823526,decoy,0,11.91830825805664,0.9546215204695918,0.003831245005130768,6.820939361773487
C35917922,decoy,0,13.652116775512695,0.9881787571036517,0.002998222829774022,6.937629976836987
C02250174,decoy,0,11.698694229125977,0.9811334831321993,0.00362110766582191,6.881615237283748
C04814180,decoy,0,10.834481239318848,0.9834102247619599,0.004089497961103916,6.8933406749544694
C39763835,decoy,0,10.262384414672852,0.9767570347532816,0.00640231603756547,6.919033961619117
C35938503,decoy,0,10.567583084106444,0.9554118398405197,0.006921395659446716,6.8521710860508565
C63383624,decoy,0,10.881816864013672,0.9889084816680853,0.003978388383984566,6.827889426258494
C58971285,decoy,0,11.151740074157717,0.9027179675798301,0.005349201615899801,6.839944019800344
C16025803,decoy,0,10.51374626159668,0.9873519558218534,0.0038389156106859446,6.869557342052388
C09302085,decoy,0,11.354509353637695,0.996115567744172,0.003961249720305204,6.903481691436943
C39726892,decoy,0,11.012789726257324,0.9754905906353615,0.00288141961209476,6.917515046897509
C66120578,decoy,0,11.796388626098633,0.9389811688137563,0.005264968145638704,6.842852016931949
C08868956,decoy,0,11.875913619995115,0.9748597767634979,0.0029035366605967283,6.903539643102384
C46661245,decoy,0,11.675107955932615,0.984211259271853,0.0031084499787539244,6.889672559163093
C36517637,decoy,0,10.887889862060549,0.9699245819052447,0.0032109383028000593,6.8752683425607275
C12623347,decoy,0,11.830733299255373,0.9749528066924932,0.003476107493042946,6.811421211697871
C43375029,decoy,0,10.743569374084473,0.99213042154207,0.004197381436824799,6.877000645990359
C09416493,decoy,0,11.156070709228516,0.9922138829673068,0.0033230388071388006,6.859261000405418
C28792950,decoy,0,11.836448669433594,0.9507736884886505,0.002907308517023921,6.937503224491133
C40152315,decoy,0,11.69297981262207,0.9879671477975279,0.005197596270591021,6.8475039740286245
C02334744,decoy,0,10.880897521972656,0.956537804766343,0.004686887376010418,6.899168069713444
C43526568,decoy,0,10.96982765197754,0.9797534902231017,0.003875684691593051,6.930696123924115
C34974932,decoy,0,11.234549522399902,0.9929492391862312,0.005096857436001301,6.854341511402187
C35564488,decoy,0,11.133870124816896,0.9677565441943362,0.005063848569989204,6.817319547896124
C02130248,decoy,0,11.11569595336914,0.985378381264645,0.00492459861561656,6.859939107186441
C13131429,decoy,0,11.528610229492188,0.9923751298105898,0.003091945080086589,6.950010365590142
C33428823,decoy,0,11.723835945129396,0.8925422096651632,0.0026739584282040596,6.931695526034455
C06184257,decoy,0,10.77779769897461,0.944675951995598,0.0034622878301888704,6.874493613459622
C39710793,decoy,0,12.240715980529783,0.9857597302171672,0.004141471814364195,6.9229352313048285
C39280316,decoy,0,11.733054161071776,0.9905694841764306,0.002897409489378333,6.954115547943348
C64002574,decoy,0,10.96252727508545,0.9513731671984479,0.0035098434891551733,6.860818952064022
C42435347,decoy,0,11.09259796142578,0.9860431384483904,0.00375066208653152,6.924747813201818
C35745914,decoy,0,11.427248001098633,0.9548779772570999,0.0038586168084293604,6.956128440811767
C38083612,decoy,0,11.006032943725586,0.9907164319332343,0.0038444644305855036,6.872655078700637
C38806056,decoy,0,10.678513526916504,0.9917836108601146,0.004244697745889425,6.902606665431071
C40035948,decoy,0,11.785243034362791,0.9921796227236608,0.00475324084982276,6.884270204083252
C04593911,decoy,0,11.589478492736816,0.9856778755114115,0.00334174488671124,6.888387365677231
C39064994,decoy,0,10.874344825744627,0.9817501277544883,0.004722875077277422,6.843603414702706
C66633282,decoy,0,11.288530349731444,0.9843716935482628,0.0039218333549797535,6.797828159565341
C05993461,decoy,0,10.871665000915527,0.9870716538076668,0.004601865541189909,6.841382791635454
C08903373,decoy,0,10.64728832244873,0.9687135644573013,0.003001672448590398,6.904597037347685
C64352978,decoy,0,10.84654140472412,0.9960278749621498,0.0036306262481957674,6.866988771708746
C09226289,decoy,0,11.51791763305664,0.9512303579875003,0.0031669943127781153,6.903899326527882
C39973384,decoy,0,10.594860076904297,0.993233416205363,0.004092445131391287,6.916196453085806
C20076438,decoy,0,11.733574867248535,0.9612495722085495,0.0031215392518788576,6.875947510264021
C25406730,decoy,0,11.612506866455078,0.9751437368419983,0.00537700392305851,6.870823416637727
C48547577,decoy,0,11.742745399475098,0.9486981602966179,0.0030097169801592827,6.922786196075973
C41001607,decoy,0,10.908783912658691,0.9642742070909222,0.003150189993903041,6.8718954194998565
C38672870,decoy,0,11.59348487854004,0.9787519745279901,0.004383236635476351,6.867779598225058
C00984994,decoy,0,11.252907752990724,0.923484642032842,0.0034936151932924986,6.903680997594404
C36684813,decoy,0,11.92452335357666,0.9362997114492989,0.0051402864046394825,6.874644701172838
C00711768,decoy,0,11.107659339904783,0.9601434135110597,0.0033811668399721384,6.902233339837437
C33270594,decoy,0,11.541815757751465,0.9794025029653548,0.0030476285610347986,6.889217452416094
C19431922,decoy,0,11.172714233398438,0.966417109288383,0.0029120787512511015,6.903144819347304
C32979157,decoy,0,10.591922760009766,0.9848055665640532,0.004330775700509548,6.892892228602739
C42016450,decoy,0,11.211962699890137,0.9691443310610206,0.0032540324609726667,6.880342431934654
C01045331,decoy,0,10.547398567199709,0.9873333539029527,0.003254299983382225,6.877462122414709
C35428893,decoy,0,10.56378173828125,0.9964546817251677,0.0037829524371773005,6.850304268639586
C13064689,decoy,0,11.341166496276855,0.9825921346235514,0.0038962082471698523,6.962757177970741
C35442675,decoy,0,11.250799179077148,0.9847734589143265,0.004906624089926481,6.9132413763455585
C16780426,decoy,0,11.12179946899414,0.9662431636879365,0.004381735343486071,6.924830024392389
C14457691,decoy,0,10.910760879516602,0.9781104984286176,0.005365056451410055,6.87271379894619
C40019228,decoy,0,11.085674285888672,0.9810150384676792,0.0030262020882219076,6.8743259380668755
C41350506,decoy,0,11.405259132385254,0.9551664260427047,0.003944651689380407,6.903290937912985
C08880817,decoy,0,11.96448040008545,0.9641862859954707,0.0025594450999051332,6.951410081892739
C21030713,decoy,0,10.797609329223633,0.969626228592589,0.0034879418089985847,6.819696701265621
C66328540,decoy,0,11.653669357299805,0.9724074327186963,0.003408073680475354,6.871429010203158
C13976378,decoy,0,11.196946144104004,0.9515395286596078,0.0051294658333063126,6.928390874989974
C01834218,decoy,0,11.485255241394045,0.9510765949167124,0.003427771618589759,6.9743713919704255
C36024894,decoy,0,11.02414608001709,0.9965720949894857,0.0034224011469632387,6.920499039541466
C63613218,decoy,0,11.68203067779541,0.9972289121254848,0.004090952221304178,6.837344640425791
C25790247,decoy,0,11.640617370605469,0.9956055008494723,0.004354831296950579,6.8488384855070805
C08770134,decoy,0,11.420022010803224,0.962498436805872,0.003963245544582605,6.930895878163554
C39674468,decoy,0,10.853466987609863,0.9814025815134056,0.003355068853124976,6.879828488840571
C12887088,decoy,0,11.98497486114502,0.9852876225844946,0.002696922281756997,6.9386950887427385
C33250913,decoy,0,10.603373527526855,0.9960693967717545,0.004650971852242947,6.893473619146248
C39312546,decoy,0,11.326231956481934,0.9725202140913872,0.004452340770512819,6.860013060613907
C38965893,decoy,0,11.470329284667969,0.9912966297026466,0.0036930423229932785,6.881930976933002
C08603862,decoy,0,11.57668113708496,0.9707645057155868,0.003567117266356945,6.924673296989463
C09469245,decoy,0,10.912569999694824,0.9499327728906491,0.0029068116564303637,6.903461512041593
C63303124,decoy,0,10.74984359741211,0.9870284792208407,0.003111765719950199,6.914274660508367
C63698413,decoy,0,11.925763130187988,0.990515010319974,0.0036357808858156204,6.851988901466737
C09908196,decoy,0,11.138999938964844,0.968034043344359,0.0052907089702785015,6.871692867275981
C17077157,decoy,0,11.356175422668455,0.9356277543652534,0.0078130466863513,6.912002093856349
C36142660,decoy,0,11.33232307434082,0.9659081289079506,0.005323794204741716,6.892119391158125
C39628306,decoy,0,10.961103439331056,0.9578864714600291,0.004156929906457663,6.900332150319329
C60751483,decoy,0,11.434468269348145,0.9767757570927805,0.005028637126088142,6.873091903343077
C03227093,decoy,0,11.452552795410156,0.9812992084691768,0.00422613276168704,6.926678058053661
C06196840,decoy,0,11.324586868286133,0.9686457252402711,0.004555051680654287,6.919994194788309
C04036139,decoy,0,11.976115226745604,0.9848330307183752,0.0038480821531265974,6.842190943074012
C09777225,decoy,0,14.211668968200684,0.982309489831005,0.0033702596556395292,6.899509268322895
C43527841,decoy,0,11.295920372009276,0.9893956396286517,0.0040013762190938,6.890419394537336
C22137874,decoy,0,10.761061668395996,0.9659171408976203,0.0033348642755299807,6.9204486756006744
C39654560,decoy,0,11.146699905395508,0.9884514509599684,0.003981932066380978,6.877954761948191
C55769689,decoy,0,10.790273666381836,0.9484710775828841,0.0030262309592217207,6.89648973108078
C12333467,decoy,0,11.146215438842772,0.9895444007269126,0.003933911677449942,6.9024401571954455
C12979208,decoy,0,12.192870140075684,0.9774767829389189,0.002724905265495181,6.931381257926947
C08735996,decoy,0,10.613268852233888,0.9594877195530619,0.0041307383216917515,6.8014735088407825
C54771195,decoy,0,11.989213943481444,0.9804753560314846,0.002682301215827465,6.936388551865081
C09561020,decoy,0,11.41676902770996,0.9739115847434638,0.0031715966761112213,6.879976715275598
C31897609,decoy,0,11.67661952972412,0.9792956480527645,0.003414575941860676,6.974358290519909
C43263113,decoy,0,11.137380599975586,0.9830027329300897,0.004500072915107012,6.9359154475528335
C49201328,decoy,0,10.883271217346191,0.9183964422185611,0.004078610800206661,6.843700393888867
C63127535,decoy,0,10.94827651977539,0.9741111753950854,0.004303640220314264,6.894078217926481
C63117885,decoy,0,11.014586448669434,0.9923852704517092,0.003665996016934514,6.851387372733462
C03285874,decoy,0,11.616538047790527,0.9159639482753453,0.0029652814846485853,6.926702450575739
C02340399,decoy,0,10.632522583007812,0.9757629245830197,0.004000675864517689,6.907895674459894
C60183666,decoy,0,11.508101463317873,0.9849971527873344,0.004718860145658255,6.885378950482183
C27145594,decoy,0,11.301654815673828,0.9577405110054449,0.005285998340696096,6.904538704722889
C37034019,decoy,0,10.84454345703125,0.9843695760775021,0.0038556319195777178,6.872395535683946
C01791041,decoy,0,12.253304481506348,0.9811707256245201,0.00331721524707973,6.902029454883284
C08916583,decoy,0,11.212939262390137,0.9912114020136679,0.0036457814276218414,6.904513536720324
C14920820,decoy,0,13.002631187438965,0.9751363349561631,0.003083917312324047,6.873010141164778
C51148740,decoy,0,10.393054962158203,0.9922314091356751,0.0040627517737448215,6.951854267255344
C12379233,decoy,0,10.810956001281738,0.9427545379523167,0.005173260811716318,6.902713715869539
C36253861,decoy,0,11.654770851135254,0.9770976822810713,0.0035650816280394793,6.941976660665709
C03226506,decoy,0,11.81222438812256,0.9103613733699268,0.006996703799813986,6.852662970415321
C12367939,decoy,0,11.380268096923828,0.9350920227784095,0.003510039998218417,6.879204858199765
C60371419,decoy,0,11.323026657104492,0.9768690871309752,0.0030003010760992765,6.898140214074793
C12042928,decoy,0,10.589803695678713,0.9103836850914929,0.005447401199489832,6.8510453024947635
C08867245,decoy,0,11.387090682983398,0.9464300853416493,0.003905702382326126,6.913645269130277
C24543578,decoy,0,11.969108581542969,0.9619509401261452,0.0037943869829177856,6.901363913115349
C39280318,decoy,0,11.730749130249023,0.9907181097792084,0.00291517935693264,6.953386289926144
C58161895,decoy,0,11.751595497131348,0.9842161971937446,0.0036205777432769537,6.914610769877568
C63732007,decoy,0,10.947443008422852,0.9866228902687808,0.003989443648606539,6.864797707089812
C12428478,decoy,0,12.211844444274902,0.985056331168083,0.0031295930966734886,6.9433526470718245
C36206834,decoy,0,11.645552635192873,0.99382875548575,0.003356159431859851,6.974640199952855
C05556228,decoy,0,11.69184398651123,0.9510461021904082,0.00481612142175436,6.874541344761644
C38990431,decoy,0,11.331193923950195,0.9938080768130433,0.0034726799931377172,6.844436037136029
C36032531,decoy,0,10.77557373046875,0.9079958255370576,0.00494436826556921,6.910939082640872
C59057776,decoy,0,11.310362815856934,0.962670395961781,0.003795049386098981,6.920586214317602
C64870184,decoy,0,11.17543125152588,0.9047455966466151,0.010101520456373692,6.916119176207281
C57992246,decoy,0,10.941123008728027,0.9769873971965704,0.003137415274977684,6.880451405155323
C05865498,decoy,0,11.479310035705566,0.9837980350875187,0.00506032956764102,6.7897110500511
C20546378,decoy,0,11.544230461120604,0.947671392610306,0.004146151710301638,6.923190275734645
C02739841,decoy,0,11.194376945495604,0.951122970579998,0.00813703890889883,6.872036161931622
C01897914,decoy,0,11.627039909362791,0.9654830767332641,0.0028979142662137747,6.9656121020355215
C19285968,decoy,0,11.630733489990234,0.9940069941921291,0.0038015171885490417,6.899669164797269
C66801206,decoy,0,12.132620811462402,0.9162636761124144,0.0038383665960282087,6.878258319843723
C06409198,decoy,0,11.62681770324707,0.9765236899854933,0.0031251481268554926,6.921909737344151
C63385623,decoy,0,10.986533164978027,0.9922377781203031,0.0038843152578920126,6.869396372076405
C21721968,decoy,0,12.749643325805664,0.9786767428466557,0.0037958186585456133,6.862166820321111
C31173732,decoy,0,11.742304801940918,0.9903207401730454,0.003197869984433055,6.9156547830394555
C57432639,decoy,0,11.677188873291016,0.953362137010956,0.0050782798789441586,6.81090743402078
C36442627,decoy,0,11.171175003051758,0.9362809758787214,0.0030893816146999598,6.906156527107308
C54624400,decoy,0,10.96517848968506,0.976568406468251,0.004583349917083979,6.893168643960317
C19627968,decoy,0,11.715709686279297,0.9592356386807834,0.004531702026724815,6.90869977275641
C45540963,decoy,0,12.202281951904297,0.9549761567193349,0.003000904805958271,6.948856821198938
C12645013,decoy,0,12.016541481018066,0.945254111718524,0.00287650222890079,6.915046268392585
C53110870,decoy,0,11.06364917755127,0.9490553119530896,0.005226984620094299,6.8589681301350405
C44254587,decoy,0,11.126914978027344,0.9244621969878002,0.002892884658649564,6.934447614646937
C39669774,decoy,0,10.90314769744873,0.9889760237740547,0.003501364029943943,6.877609502039077
C36024453,decoy,0,11.74185848236084,0.9624965817547023,0.004398252349346876,6.904514926844455
C35747350,decoy,0,11.717753410339355,0.9725479157960518,0.002886062255129218,6.980846503873837
C38604042,decoy,0,11.211015701293944,0.9776460595147776,0.004217535723000765,6.945906655704134
C08020942,decoy,0,11.689228057861328,0.9221578420511861,0.00283468677662313,6.946523338287228
C13255496,decoy,0,10.736686706542969,0.9855709023163045,0.004706894513219595,6.915128080365012
C04276755,decoy,0,11.59173583984375,0.9607933643171264,0.0027084285393357277,6.967586621163436
C14548460,decoy,0,11.995121955871582,0.9866633950240197,0.0036820126697421074,6.905481599181924
C20591101,decoy,0,10.396966934204102,0.992265459274141,0.00498293386772275,6.827314506397135
C14990129,decoy,0,10.534479141235352,0.9525253540979037,0.004985874518752098,6.843996328995386
C00709395,decoy,0,11.164100646972656,0.9212787585715778,0.006232901010662317,6.889251118320861
C11591727,decoy,0,10.93664264678955,0.9240743876783998,0.0028834445402026176,6.894943026865221
C13506497,decoy,0,11.78870964050293,0.9924267995720891,0.003470880910754204,6.8810996333440855
C22239437,decoy,0,10.546148300170898,0.9862349052754231,0.0035151636693626642,6.869331077336826
C06194782,decoy,0,11.285412788391112,0.9889010722614078,0.004014038015156984,6.894076610739748
C13063718,decoy,0,11.416945457458496,0.9840745310895881,0.004086670931428671,6.906660147587296
C02625793,decoy,0,10.932317733764648,0.9901698238056984,0.003863900899887085,6.880347980754825
C64407879,decoy,0,11.549388885498049,0.9788617936467652,0.004292220342904329,6.939936198758152
C24089792,decoy,0,10.934175491333008,0.9435751311358821,0.004562418907880783,6.900111159857596
C03945127,decoy,0,11.957878112792969,0.985591447444073,0.003403193550184369,6.954435991436496
C35326985,decoy,0,11.803850173950195,0.9713197910621553,0.0038967523723840714,6.914486239604116
C44714429,decoy,0,10.992647171020508,0.9907284010068813,0.0033341555390506983,6.894906448774794
C39766970,decoy,0,10.697916030883787,0.9400314704394425,0.003185471286997199,6.885285986964924
C12492875,decoy,0,11.436148643493652,0.9843148284357532,0.004683594685047865,6.898526655917657
C24106052,decoy,0,11.69059944152832,0.8263449974933298,0.010766523890197277,6.884718257681421
C28402837,decoy,0,10.680289268493652,0.9851162568052481,0.0033543426543474197,6.9427876598011995
C22345129,decoy,0,11.46282196044922,0.964526568847069,0.004703378304839134,6.8624446878365895
C35226226,decoy,0,11.787704467773438,0.987330691348045,0.0030328582506626844,6.905967580402885
C42438879,decoy,0,10.509822845458984,0.9837828716705452,0.0035704299807548523,6.972844040903458
C62541546,decoy,0,11.694501876831056,0.9451265208251783,0.003141350345686078,6.851225410647851
C11817701,decoy,0,11.955219268798828,0.9517154001931983,0.004843708127737045,6.891288817230307
C23460724,decoy,0,11.615456581115724,0.9526227139980423,0.002670896239578724,6.929428897986341
C02074252,decoy,0,11.869808197021484,0.9575486342694784,0.0028265181463211775,6.904422730038462
C21079605,decoy,0,11.197124481201172,0.9332045948165805,0.0036457397509366274,6.865366660569922
C39765855,decoy,0,11.199896812438965,0.9601830591957404,0.002855772152543068,6.903532415997467
C06149411,decoy,0,11.133186340332031,0.9945732859795434,0.003619580762460828,6.914965630137898
C14548383,decoy,0,11.73054027557373,0.9929200743601518,0.003907694481313229,6.874678553481596
C63439091,decoy,0,11.732276916503906,0.9603871885532439,0.0034568209666758776,6.847479221445077
C08937650,decoy,0,11.3132963180542,0.988303391235628,0.00395765108987689,6.889759838052292
C44792119,decoy,0,10.460504531860352,0.9742998067631997,0.004541553556919098,6.919533448506908
C59022142,decoy,0,11.015424728393556,0.9540814095354508,0.002887500450015068,6.911798157818011
C09353461,decoy,0,10.545402526855469,0.993811182707437,0.00395000958815217,6.857734427152268
C64977050,decoy,0,10.469709396362305,0.9535867077244631,0.0034661770332604647,6.901420150353324
C40744525,decoy,0,11.67336654663086,0.9803639981979517,0.0033348326105624437,6.94195871498443
C20905625,decoy,0,11.919917106628418,0.9640774524130558,0.0034028931986540556,6.8706295450931645
C03547745,decoy,0,11.615967750549316,0.9923806702393408,0.004044691100716591,6.919746964169759
C05106536,decoy,0,11.595478057861328,0.949225258712205,0.0034823270980268717,6.9074471551508365
C63229077,decoy,0,12.00228214263916,0.9944222219777655,0.003228996181860566,6.8806370935483745
C21256105,decoy,0,11.398455619812012,0.9931451415271618,0.004086777102202177,6.856530832308851
C09843463,decoy,0,11.77576732635498,0.9662736427585996,0.0049971346743404865,6.877612824496129
C60030526,decoy,0,10.521001815795898,0.9733147095003464,0.004061450716108084,6.8695680408586846
C15203270,decoy,0,11.889058113098145,0.964042880410725,0.0032817497849464417,6.919802889604558
C09487658,decoy,0,10.898616790771484,0.9678638798556309,0.003102055052295327,6.870245062345804
C44881666,decoy,0,11.076120376586914,0.9291441186161831,0.0026092324405908585,6.976298740948338
C39741320,decoy,0,11.38949203491211,0.9941347597896776,0.003820681944489479,6.8394937626460495
C43218820,decoy,0,11.799588203430176,0.9544632243471088,0.0027738187927752733,6.92518285144965
C64028803,decoy,0,10.784741401672363,0.9777228421842079,0.0029708051588386297,6.891296155225239
C33034404,decoy,0,11.153740882873535,0.9214902107040345,0.00495541887357831,6.889814492650642
C11979848,decoy,0,11.344267845153809,0.9345183334349533,0.0032307442743331194,6.905537027078633
C04525602,decoy,0,11.614845275878906,0.9873900938699638,0.004613501951098442,6.876500190689221
C37892081,decoy,0,11.79837417602539,0.8675766367130999,0.006330853793770075,6.874049327149439
C21263926,decoy,0,11.40101718902588,0.9438868194453415,0.00509745255112648,6.90145824638142
C13023325,decoy,0,11.193931579589844,0.9888633415560345,0.0042629302479326725,6.903926472802429
C20283820,decoy,0,11.131977081298828,0.9937427307153918,0.004143449943512678,6.835210723857587
C64600229,decoy,0,10.969377517700195,0.9930728312938484,0.00444081099703908,6.892746442467307
C05298022,decoy,0,11.443346977233888,0.9767684646446944,0.003465479239821434,6.872644133544558
C39466782,decoy,0,11.094882011413574,0.995358911167101,0.003756445599719882,6.905712986825585
C19075009,decoy,0,11.671515464782717,0.924213048202625,0.005876373033970594,6.794521854672135
C17048410,decoy,0,10.81352710723877,0.9465309935582857,0.005758410319685936,6.866468002450267
C37316724,decoy,0,11.49818515777588,0.9776321015929488,0.004663238767534494,6.897584080279431
C35871003,decoy,0,11.118213653564451,0.9859391640669287,0.003760872408747673,6.87937902675297
C65519628,decoy,0,10.62778091430664,0.9880641484521228,0.0036774128675460815,6.922087760071878
C63485916,decoy,0,11.00404930114746,0.9838126945767288,0.004836925305426121,6.883593102188062
C05351864,decoy,0,12.098119735717772,0.9443764717191225,0.0028293069917708635,6.911768732530757
C19805014,decoy,0,10.42506980895996,0.9892063074420364,0.0028912583366036415,6.942371747925591
C14621684,decoy,0,10.950439453125,0.989749507820494,0.0032253770623356104,6.8792574436423095
C31057666,decoy,0,11.20179843902588,0.9682484231170966,0.004326159600168467,6.883832906782674
C03359362,decoy,0,11.784128189086914,0.990333691898687,0.003567209467291832,6.958222914011494
C17329589,decoy,0,11.730863571166992,0.9856675062427512,0.003657051594927907,6.841020489660038
C01432437,decoy,0,11.117460250854492,0.9848246369383818,0.004328154493123293,6.890144141590256
C09713033,decoy,0,11.299750328063965,0.9783218981629677,0.0035094672348350286,6.844219246829003
C39696245,decoy,0,11.031896591186523,0.9937837852309587,0.0038288214709609747,6.900060071844101
C19940906,decoy,0,11.07489776611328,0.9916591742381844,0.004087566863745451,6.907595442023594
C56953484,decoy,0,11.657344818115234,0.9594588398758866,0.0056896875612437725,6.846056998245456
C14532123,decoy,0,11.776381492614746,0.955705607302775,0.004754065070301294,6.861905877264522
C12635731,decoy,0,11.18924331665039,0.9603380257697252,0.004151059314608574,6.925391229764106
C00887279,decoy,0,10.582229614257812,0.9805906181676489,0.0031681733671575785,6.868436260432317
C63137126,decoy,0,10.618425369262695,0.9909594558937772,0.004829272627830505,6.845142338663082
C62856352,decoy,0,10.650171279907228,0.9562903191704085,0.004713987931609154,6.892943316738355
C13132575,decoy,0,11.21706485748291,0.9449267191520286,0.004478214308619499,6.875008423934668
C36490435,decoy,0,10.500975608825684,0.9936486123960502,0.003294619033113122,6.924777984217817
C33033599,decoy,0,11.438594818115234,0.9475302829800899,0.005181372631341219,6.8784795054394365
C01898165,decoy,0,10.858636856079102,0.9918870883436477,0.00398819288238883,6.901070654344008
C08164265,decoy,0,11.038183212280272,0.9247324369569074,0.0027929311618208885,6.922020407497767
C22567248,decoy,0,11.14788055419922,0.9898430579871098,0.005236208904534578,6.837454623718212
C09250795,decoy,0,11.435246467590332,0.9449237674454251,0.003283468075096607,6.868928607653836
C29509191,decoy,0,10.8965425491333,0.9928840052643044,0.0036920197308063507,6.854584417725148
C01790623,decoy,0,11.287348747253418,0.9671704283241875,0.0033787423744797707,6.908361851546869
C06016911,decoy,0,10.774043083190918,0.9152434043599571,0.0030135440174490213,6.931023410650959
C45074574,decoy,0,11.179960250854492,0.9345288709623931,0.00623682513833046,6.856036840456374
C44784901,decoy,0,10.812943458557127,0.9353774975667795,0.00524871563538909,6.8953816040773805
C64871211,decoy,0,11.48618507385254,0.9673887144708985,0.00385408871807158,6.929962340973083
C03047716,decoy,0,11.236051559448242,0.9906013389137067,0.0035286713391542435,6.921468550373794
C20667034,decoy,0,10.86244773864746,0.949527836013084,0.003068814752623439,6.904078624528216
C58057531,decoy,0,11.642914772033691,0.9811702446044263,0.004552876576781273,6.876113271396658
C54456885,decoy,0,10.917346954345703,0.9397370201244268,0.004808623343706131,6.855749566238433
C64890537,decoy,0,10.627822875976562,0.9536258022263172,0.004404209088534117,6.923886213023421
C19809867,decoy,0,10.763212203979492,0.9601491712799484,0.005067105870693922,6.888158750421598
C14475892,decoy,0,12.090209007263184,0.9952794607049286,0.003967545460909605,6.826316454896002
C05066285,decoy,0,10.764925003051758,0.9568986721106812,0.0033690445125102997,6.851704711820302
C12477282,decoy,0,10.853121757507324,0.9402750045262578,0.0025719590485095978,6.956149811913951
C14744032,decoy,0,11.88068389892578,0.9928858859082141,0.0033382803667336702,6.912335432395061
C30904037,decoy,0,10.952820777893066,0.9636403226131279,0.003968018107116222,6.898056834124782
C08918079,decoy,0,10.691356658935549,0.9863589624046035,0.004367073532193899,6.896765947714839
C40322161,decoy,0,10.624517440795898,0.9735007040649534,0.003312020329758525,6.938419291783461
C06149062,decoy,0,11.541585922241213,0.9745521332533316,0.0033164441119879484,6.904199370459875
C20576435,decoy,0,11.52889347076416,0.9594254133785249,0.005193141754716635,6.878981093644527
C12532756,decoy,0,10.650664329528809,0.9956799284405012,0.0041690245270729065,6.832009183898837
C12485994,decoy,0,11.9937744140625,0.986006231591334,0.0032957468647509813,6.8495831153309545
C38672989,decoy,0,11.025945663452148,0.9064081315174136,0.008138393983244896,6.824420124602724
C16763444,decoy,0,11.93467140197754,0.9584063949461931,0.0034412890672683716,6.853468835938438
C08791762,decoy,0,10.862783432006836,0.9469537655774714,0.005884263198822737,6.871302010551596
C63735679,decoy,0,10.20948600769043,0.9883550242870297,0.004282181151211262,6.849491051778456
C12756567,decoy,0,11.335392951965332,0.9890850320404736,0.0033404119312763214,6.878985919451001
C36013993,decoy,0,10.734225273132324,0.9770054769676382,0.004649962764233351,6.913076772227306
C63374819,decoy,0,10.829073905944824,0.9811157838709051,0.0044386787340044975,6.920048191341638
C20154437,decoy,0,11.73704433441162,0.9638872093874594,0.0026229016948491335,6.957977437253057
C64061256,decoy,0,12.02168083190918,0.9624985307072669,0.003973023034632206,6.879661545078659
C11121065,decoy,0,11.673847198486328,0.9765253522467395,0.003408006625249982,6.8991103608315285
C05057491,decoy,0,10.839448928833008,0.9394195269641435,0.0035281535238027573,6.89021767359007
C39554905,decoy,0,11.711724281311035,0.9854233458201291,0.004148673731833696,6.941924298084652
C64117927,decoy,0,10.6270170211792,0.9847602422348346,0.0035528128501027822,6.835684140115175
C38684609,decoy,0,11.014050483703612,0.9953588671553611,0.0037163086235523224,6.899217543420859
C40323889,decoy,0,10.586588859558104,0.9642035524465362,0.0043071117252111435,6.943054459860749
C20895461,decoy,0,11.215117454528809,0.9618836333753416,0.0053998916409909725,6.896940281698356
C04164119,decoy,0,11.536019325256348,0.9365161307808394,0.0035382863134145737,6.874790175316825
C26728357,decoy,0,10.303394317626951,0.9883613411139816,0.003517582779750228,6.899177272257113
C09408990,decoy,0,10.865337371826172,0.9753455025679858,0.0029989387840032578,6.8995310639890075
C35971623,decoy,0,10.893949508666992,0.9081632124974184,0.007091280072927475,6.872366275160129
C13636986,decoy,0,11.210329055786133,0.9881985740578808,0.0036436181981116533,6.867994563308528
C14542567,decoy,0,10.72036075592041,0.9637489299737512,0.002907112240791321,6.900238366393902
C40207996,decoy,0,11.400161743164062,0.9922442702727418,0.003334545763209462,6.873591685754736
C08619120,decoy,0,11.611358642578123,0.9866376825926432,0.0030013956129550934,6.904072447697955
C55393790,decoy,0,12.248085975646973,0.9851574915784914,0.004775432404130697,6.846062911152826
C46550028,decoy,0,11.197359085083008,0.9928704617178732,0.004278908483684063,6.8693494365662895
C35734371,decoy,0,12.598352432250977,0.986797632668654,0.0037966615054756403,6.929610690202052
C38659794,decoy,0,11.33749294281006,0.9181436474614554,0.0027900312561541796,6.901303705192297
C56956944,decoy,0,11.765968322753906,0.8966016882493099,0.008357561193406582,6.869653236617134
C05299775,decoy,0,11.337340354919434,0.9853582284557917,0.003397249383851886,6.845628892272524
C66390443,decoy,0,11.43691349029541,0.964216065929226,0.004808166529983282,6.873928158378131
C07754879,decoy,0,10.81752872467041,0.9679912883686902,0.00341183808632195,6.914267294377322
C34830606,decoy,0,11.0901517868042,0.9941557308951605,0.00400341534987092,6.8535084073464025
C46728398,decoy,0,11.252575874328612,0.9097996930210351,0.006128435488790274,6.8378460975054915
C04481710,decoy,0,11.814167976379396,0.9597114289587813,0.0033637976739555597,6.863803272571987
C01894479,decoy,0,11.851513862609863,0.9646042028132636,0.0027390813920646906,6.96364483730412
C09494064,decoy,0,11.696954727172852,0.9897412410920327,0.0029429530259221792,6.919508590453624
C38663887,decoy,0,11.811728477478027,0.9846087654724803,0.003763356013223529,6.898491713188088
C13204903,decoy,0,10.545053482055664,0.9563593684979387,0.0028385689947754145,6.905741230944881
C02737666,decoy,0,11.269413948059082,0.9676206787638605,0.004159592092037201,6.9079335956646
C39488196,decoy,0,10.63291358947754,0.9951759829054345,0.0034983509685844183,6.89218415192273
C09056296,decoy,0,11.370400428771973,0.9615932925053188,0.002992541529238224,6.887331358235089
C61555586,decoy,0,10.719841003417969,0.910588826677038,0.0033098773565143347,6.902147219640551
C27663600,decoy,0,10.845792770385742,0.970659919979315,0.0035776763688772917,6.90511876175852
C08623444,decoy,0,11.609195709228516,0.9877117244369636,0.0034601239021867514,6.881282349881316
C16631012,decoy,0,12.011488914489746,0.9674183527548146,0.0038366380613297224,6.925353176227186
C20182164,decoy,0,11.201056480407717,0.9867972851440778,0.0041360799223184586,6.896605802980156
C06134080,decoy,0,10.947649002075195,0.9895980033024913,0.0039620171301066875,6.93409729693752
C35972994,decoy,0,11.126062393188477,0.9820690500569336,0.002998062176629901,6.915662615627531
C12916915,decoy,0,12.93423843383789,0.9798441334416972,0.003269174136221409,6.854594314783947
C15670100,decoy,0,11.711267471313477,0.985941891033855,0.0031279772520065308,6.972151912092171
C36594064,decoy,0,10.952533721923828,0.9760666523338036,0.0031740942504256964,6.9390501825493764
C35344387,decoy,0,10.230031967163086,0.9823918534618488,0.004183047916740179,6.936599164439082
C16022099,decoy,0,13.059940338134766,0.9927270923258915,0.00354180415160954,6.937903803492115
C63295612,decoy,0,11.810379981994627,0.9780010502798022,0.005024788435548544,6.876550807103208
C00783156,decoy,0,12.186418533325195,0.9939916699463067,0.004044784232974052,6.869299968569619
C13063998,decoy,0,11.51987361907959,0.9811043318860374,0.0033362628892064095,6.973973888213301
C39636931,decoy,0,10.854598999023438,0.9916701037155002,0.0037950389087200165,6.902987519335141
C64369810,decoy,0,10.959916114807127,0.9872148139700592,0.004637694451957941,6.836086772575536
C61658490,decoy,0,11.823018074035645,0.9784210635682168,0.004076231736689806,6.868774013570983
C06192991,decoy,0,11.496145248413086,0.9691893335888948,0.0035620841663330793,6.949103193221768
C39898854,decoy,0,11.33275318145752,0.9899684527247489,0.002789584221318364,6.9541320451143385
C50310000,decoy,0,10.30167293548584,0.9921862649355958,0.004050650168210268,6.908654934962317
C36598862,decoy,0,10.913670539855955,0.946070639756331,0.0028668073937296867,6.908180302634337
C20257622,decoy,0,11.111884117126465,0.963343852714438,0.004161556251347065,6.887187146198134
C15874676,decoy,0,11.37517547607422,0.9464557576423055,0.004197994247078896,6.897548390258409
C36147588,decoy,0,11.257002830505373,0.9901849570015706,0.004425563383847475,6.855285076959323
C39686541,decoy,0,10.761517524719238,0.9908689127618429,0.0036714395973831415,6.868067091761609
C01306053,decoy,0,11.551575660705566,0.9481984956788951,0.0032359063625335693,6.841570638512363
C03600259,decoy,0,10.838836669921877,0.9805687037253353,0.00491019431501627,6.910160931538289
C36146366,decoy,0,11.22279930114746,0.9655787323400172,0.003946364391595125,6.928885934981672
C15841527,decoy,0,11.115989685058594,0.9815201554506481,0.005247157067060471,6.842766972240275
C39944297,decoy,0,10.57557773590088,0.9828117973701334,0.0033423134591430426,6.902291516834499
C11872242,decoy,0,11.060903549194336,0.9350787875265624,0.004983667749911547,6.908111050373882
C39227614,decoy,0,11.799123764038086,0.9319273153750062,0.005159089807420969,6.816159648117978
C06504622,decoy,0,11.537979125976562,0.9689934584081906,0.005002797115594149,6.892770269661057
C63372760,decoy,0,10.79213809967041,0.956350780441857,0.005175733473151922,6.869084702130259
C15531823,decoy,0,10.46162223815918,0.9513296934325668,0.004875768907368183,6.915304085038878
C08705575,decoy,0,11.187198638916016,0.9803741707649549,0.003079653950408101,6.8762122364378655
C45915193,decoy,0,11.771881103515623,0.9591045784825232,0.0025834250263869762,6.939108328930807
C14482748,decoy,0,10.655594825744627,0.9930058222225235,0.0038710220251232386,6.871929715220667
C39652789,decoy,0,10.859399795532228,0.9916447224738844,0.0039226156659424305,6.858474422559091
C63623003,decoy,0,11.07999038696289,0.9809469211597517,0.0036144545301795006,6.90673155226344
C14478335,decoy,0,11.299880027770996,0.978573395079591,0.003992157056927681,6.853294078718896
C35788949,decoy,0,10.976587295532228,0.9625517852312507,0.0032181767746806145,6.887044876768805
C24765560,decoy,0,11.43638801574707,0.9845321962764986,0.003972230013459921,6.915247548815811
C33557720,decoy,0,11.694705963134766,0.9847027405960709,0.004518242087215185,6.827953240491595
C06800797,decoy,0,11.738273620605469,0.8675580503117685,0.0037100324407219887,6.935007706516932
C09714100,decoy,0,11.202436447143556,0.9846752986776502,0.004476791713386774,6.900598321800989
C45344271,decoy,0,10.379375457763672,0.972943658712851,0.0033076817635446787,6.895060468119468
C04237155,decoy,0,11.826946258544922,0.9932442920500049,0.004584007430821657,6.820396243817987
C32885688,decoy,0,11.219462394714355,0.9930365425837508,0.00424953131005168,6.905425306943912
C36205952,decoy,0,11.527031898498535,0.948155085563635,0.003320721909403801,6.961276811227612
C08299197,decoy,0,10.83670139312744,0.9667488304062677,0.0031636327039450407,6.940398870021635
C63376113,decoy,0,10.806844711303713,0.9767058575656028,0.0034640561789274216,6.854311570242579
C35268304,decoy,0,11.350411415100098,0.9888889269004542,0.004266492091119289,6.868625148503563
C39699464,decoy,0,10.623476028442385,0.964516291943514,0.004145622719079256,6.898628218412631
C13498571,decoy,0,11.45747184753418,0.986868399653877,0.0034418802242726088,6.944153299239249
C15275315,decoy,0,11.771666526794434,0.9558257872706797,0.0027992327231913805,6.918783331805164
C14546623,decoy,0,10.59648609161377,0.9930882403879563,0.004171277862042189,6.852995691177834
C41804776,decoy,0,11.040006637573242,0.9172680667029981,0.0029878930654376745,6.910207272512873
C04179026,decoy,0,10.945963859558104,0.9815114722163004,0.0038911260198801756,6.925160943062755
C33672188,decoy,0,10.474799156188965,0.9774822290750045,0.0031734888907521963,6.888105142904364
C35182976,decoy,0,10.682743072509766,0.9860288511199624,0.0033880164846777916,6.854430349777386
C08685664,decoy,0,11.481719970703123,0.9875078126547988,0.0029215961694717407,6.92313307671074
C14732825,decoy,0,11.566585540771484,0.9940788411974868,0.003493562340736389,6.886911539808565
C55081630,decoy,0,11.800467491149902,0.8653319210510071,0.006115555763244629,6.783318067775861
C57933411,decoy,0,10.970635414123535,0.9901711514288138,0.004449010360985994,6.869132816269818
C35696745,decoy,0,11.314172744750977,0.9773046222220854,0.0031665461137890816,6.885675406824
C00619609,decoy,0,11.28668975830078,0.9935575526310972,0.003777153789997101,6.871661434500536
C63623006,decoy,0,11.01004409790039,0.9819267928267897,0.0035568687599152327,6.906919977922563
C45773949,decoy,0,11.411836624145508,0.9846706495166925,0.004403135273605585,6.876259344526111
C11905516,decoy,0,10.991119384765623,0.914380755307228,0.004044568166136742,6.943491473983729
C63746941,decoy,0,11.67513370513916,0.9789782491445679,0.003140525659546256,6.844432584376826
C45155703,decoy,0,11.909915924072266,0.9793646273358471,0.0045670270919799805,6.878312408752549
C46526969,decoy,0,11.95839023590088,0.9530477112189647,0.003974325489252806,6.95322956791921
C38690707,decoy,0,10.81704807281494,0.979671296791171,0.004861393477767706,6.875222990632604
C13134184,decoy,0,11.45992946624756,0.9836332338951136,0.0040022521279752254,6.912774720631122
C14365638,decoy,0,11.936914443969728,0.9815734225219084,0.004429619759321213,6.846759815631784
C00955961,decoy,0,11.388818740844728,0.975886769422388,0.0032776116859167814,6.962292130894129
C65192510,decoy,0,11.70888328552246,0.9269974981488326,0.004979277495294809,6.889539851971667
C39659804,decoy,0,10.810555458068848,0.9871894394765124,0.0035817811731249094,6.861730985368467
C49283962,decoy,0,11.989286422729492,0.9825820842303611,0.0029977532103657722,6.886319080386347
C11909601,decoy,0,10.839871406555176,0.9755887520044946,0.0029257358983159065,6.928689231654143
C13515952,decoy,0,11.79395866394043,0.984735654773985,0.003928040154278278,6.857728013428722
C63896768,decoy,0,11.949121475219728,0.9820260136063536,0.002703398698940873,6.9197108133851035
C20583332,decoy,0,11.431479454040527,0.9372419990166508,0.006176219787448645,6.931855876819756
C04192162,decoy,0,11.627445220947266,0.9754321351084512,0.004845963791012764,6.905191218331933
C36260717,decoy,0,10.579305648803713,0.9762220430591754,0.004037989769130945,6.883403361024403
C04920452,decoy,0,11.758216857910156,0.8961271540165479,0.003587073879316449,6.935363719491625
C43221760,decoy,0,10.46534538269043,0.8948027313133816,0.0031422621104866266,6.896603069924325
C36220671,decoy,0,11.285286903381348,0.891737855164996,0.002785932505503297,6.908406156947223
C09242519,decoy,0,10.70539379119873,0.9953715809294882,0.0032726339995861053,6.934684418051447
C22282548,decoy,0,11.393957138061523,0.9926354442716149,0.003038759110495448,6.950664799771346
C20243884,decoy,0,12.377379417419434,0.9318129427413103,0.0030407339800149202,6.883412327284773
C36039575,decoy,0,11.417375564575195,0.9924898534216526,0.0033982880413532257,6.92186413899271
C39738699,decoy,0,11.717995643615724,0.9687293472122273,0.003532250178977847,6.924250301652407
C35743744,decoy,0,11.113571166992188,0.9541652141794388,0.003881701035425067,6.972178921778532
C10013317,decoy,0,11.540743827819824,0.9895841150295415,0.0035246331244707108,6.939376030594712
C16807747,decoy,0,12.14920711517334,0.972775492469732,0.0031006429344415665,6.881912335646183
C59039297,decoy,0,11.969667434692385,0.9678478224450312,0.0058024791069328785,6.806360456584267
C36588399,decoy,0,11.011347770690918,0.9594806637100899,0.003255576593801379,6.885398990295294
C20792420,decoy,0,10.309186935424805,0.948109776740437,0.005580570083111525,6.910880773426627
C61887464,decoy,0,11.395377159118652,0.9330848005698856,0.0056174262426793575,6.928115577571105
C11859248,decoy,0,11.430990219116213,0.8771755836845327,0.005582593847066164,6.881454264938263
C14461369,decoy,0,12.460251808166504,0.9908352493668562,0.0032420100178569555,6.9014075569135125
C25643312,decoy,0,11.698175430297852,0.9205740233628149,0.0026958214584738016,6.906551605839715
C14540093,decoy,0,10.552963256835938,0.9574492931196713,0.0035672530066221952,6.906756588119322
C09102572,decoy,0,11.254694938659668,0.8688340820859519,0.0030630091205239296,6.929278352610802
