role,ident,smiles
active,CHEMBL268868,O=c3[nH]c(=O)c4cc(Nc1ccccc1)c(Nc2ccccc2)cc34
active,CHEMBL470011,Fc5ccc(Nc3ncnc4nc(Nc2ccc(CN1CCCCC1)cc2)sc34)cc5Cl
active,CHEMBL7827,Oc3cc(O)c2c(=O)c(c1cccc(Cl)c1)coc2c3
active,CHEMBL337026,CN[C@H]1C[C@@H]4O[C@](C)([C@H]1OC)n3c2ccccc2c8c3c6n4c5ccccc5c6c7c(=O)[nH]c(=O)c78
active,CHEMBL193544,CN5CCC(Oc3cccc4ncnc(Nc2ccc(OCc1ccccn1)c(Cl)c2)c34)CC5
active,CHEMBL26641,COc3cc2c(Nc1ccc(Br)cc1F)ncnc2cc3OCCC4CCNCC4
active,CHEMBL372523,CCc5c(NC(=O)OCc1ccccc1)cn6ncnc(Nc4ccc3n(Cc2ccccc2)ncc3c4)c56
active,CHEMBL565714,CCC5=C1C(N=CN=C1Nc4ccc3n(Cc2ccccc2)ncc3c4)N=C5NC(=O)OCCN6CCNCC6
active,CHEMBL379001,COc4cc3CNc2c(N[C@H](C)c1ccccc1)ncnc2Nc3cc4OC
active,CHEMBL470219,Fc5ccc(Nc3ncnc4nc(Nc2ccc(CN1CCCC1)cc2)sc34)cc5Cl
active,CHEMBL433305,C1CCc3c(C1)[nH]c4ncnc(Nc2ccccc2)c34
active,CHEMBL1090357,CN(C)CCc6ccc(Nc5nccc(c3c(c2cccc(NC(=O)c1c(F)cccc1F)c2)nc4sccn34)n5)cc6
active,CHEMBL516979,COC[C@H]4Oc3cc2ncnc(Nc1cccc(I)c1)c2cc3O[C@@H]4COC
active,CHEMBL116547,COc3cc(\C=C(/C#N)C(=O)c1ccc(O)c(O)c1)cc(CSCc2ccccc2)c3O
active,CHEMBL508760,Clc5cc(Nc3ncnc4cc(C#C[C@@H]2C[C@@H](OC(=O)N1CCOCC1)CN2)sc34)ccc5OCc6cscn6
active,CHEMBL45827,CCN(CC)CCCCNc3ncc2cc(c1c(Cl)cccc1Cl)c(NC(=O)NC(C)(C)C)nc2n3
active,CHEMBL90541,COc4cc3ncnc(Nc2nnc1ccccc1n2)c3cc4OC
active,CHEMBL592466,Oc3ccc(CN(Cc1cccc(Cl)c1O)C(=S)Nc2ccccc2)cc3
active,CHEMBL522134,Cc3cccc(Cc1ncnc2ccc(NC(=O)C=C)cc12)c3
active,CHEMBL168366,Oc3ccc(O)c(CNc2ccc(O)c(C(=O)OCCc1ccccc1)c2)c3
active,CHEMBL53203,C=CC(=O)Nc4ccc3ncnc(Nc2ccc(Oc1ccccc1)cc2)c3c4
active,CHEMBL63356,Oc3cc2cc(c1cccnc1)cnc2cc3O
active,CHEMBL566337,CCC5=C1C(N=CN=C1Nc4ccc3n(Cc2ccccc2)ncc3c4)N=C5NC(=O)OCCn6ccnc6
active,CHEMBL1173655,CN(C)C/C=C/C(=O)Nc3cc2c(Nc1ccc(F)c(Cl)c1)ncnc2cc3O[C@H]4CCOC4
active,CHEMBL245996,COc5cc4ncc(C#N)c(N[C@@H]1C[C@H]1c3ccc(Oc2ccccc2)cc3)c4cc5OC
active,CHEMBL186580,COc4cc3ncnc(Nc2cc(NC(=O)c1ccccc1)c(F)cc2F)c3cc4OC
active,CHEMBL246687,N[C@H]6CCN(Cc4ccn5ncnc(Nc3ccc2n(Cc1cccc(F)c1)ncc2c3)c45)C6
active,CHEMBL135853,COc3cc2ncnc(Oc1cccc(Cl)c1)c2cc3OC
active,CHEMBL162981,Brc4cccc(Nc2ncnc3cnc(NCCCn1ccnc1)cc23)c4
active,CHEMBL312753,OCc5ccc(c4cc3ncnc(Nc2ccc1[nH]ccc1c2)c3s4)cc5
active,CHEMBL251125,CCOc4cc3ncnc(C#Cc1c[nH]nc1c2ccc(F)cc2)c3cc4OCC
active,CHEMBL387187,FC(F)(F)c4cccc(Nc3cc(Nc2cccc(NC(=O)C1CC1)c2)ncn3)c4
active,CHEMBL293749,Oc2ccc(\C=C(/C#N)C(=O)NCCc1ccccc1)cc2O
active,CHEMBL231875,Fc6cccc(Cn4ncc5cc(Nc2ncnn3ccc(CN1CCNCC1)c23)ccc45)c6
active,CHEMBL304442,O=C(CCCC(=O)Oc1ccc(/C=C/N(=O)=O)cc1)Oc2ccccc2
active,CHEMBL169390,Nc3ncnc4n(C1CCCC1)cc(c2cccc(O)c2)c34
active,CHEMBL138940,Fc4ccc(Nc2ncnc3cnc(NC(=O)/C=C/C(=O)NCCCN1CCOCC1)cc23)cc4Cl
active,CHEMBL24133,COc3cc2c(Nc1ccc(Cl)cc1F)ncnc2cc3OCCCN4CCCC4
active,CHEMBL417478,Fc4ccc(Nc2ncnc3cc(\C=C\CCN1CCOCC1)c(NC(=O)C=C)nc23)cc4Cl
active,CHEMBL97162,COc4nccc(c2c(c1ccc(F)cc1)ncn2C3CCC(O)CC3)n4
active,CHEMBL202556,Fc4ccc(Nc2ncnc3cnc(NC(=O)C#CCN1CCOCC1)cc23)cc4Cl
active,CHEMBL56731,Oc2ccc(\C=C(/C#N)C(=O)Nc1ccccc1)cc2O
active,CHEMBL475768,CS(=O)(=O)CCNCc5ccc(c4cc3ncnc(Nc2ccc(OCc1cccc(F)c1)c(Cl)c2)c3s4)o5
active,CHEMBL513418,NS(=O)(=O)c4ccc(Nc3nc2ncnc(Nc1cccc(Cl)c1)c2s3)cc4
active,CHEMBL195204,CN5CCC(Oc3cccc4ncnc(Nc2ccc(OCc1cscn1)c(Cl)c2)c34)CC5
active,CHEMBL204420,COc3cc2ncnc(Nc1cccc(Cl)c1F)c2cc3CN4CCN(C)CC4C(N)=O
active,CHEMBL204268,COc4cc(OC1CCOC1)c3c(Nc2ccc(F)c(Cl)c2)ncnc3c4
active,CHEMBL293584,Oc2cc1CCC(=C(C#N)C#N)c1cc2O
active,CHEMBL217090,Clc2ccc1OCOc1c2Nc5ncnc6cc(OCCCN3CCCC3)cc(OC4CCOCC4)c56
active,CHEMBL205776,CN5CCN(CCCOc4cc(OC1CCOCC1)c3c(Nc2ccc(F)c(Cl)c2)ncnc3c4)CC5
active,CHEMBL506414,Fc5cccc(COc4ccc(Nc2ncnc3sc(c1cccs1)cc23)cc4Cl)c5
active,CHEMBL55729,Nc2ccc1cncnc1c2
active,CHEMBL574738,CCN4CCN(Cc3ccc(NC(=O)Nc2ccc(Oc1cc(NC)ncn1)cc2)cc3C(F)(F)F)CC4
active,CHEMBL247916,NC6CCN(Cc4ccn5ncnc(Nc3ccc2n(Cc1ccncc1)ncc2c3)c45)CC6
active,CHEMBL291514,COc3cc2ncnc(Nc1ccc(F)c(Cl)c1)c2cc3OCCCN4CCCCC4
active,CHEMBL489058,CCN5CCN(CC/C=C/c4ccc3c(Nc2ccc(Sc1nccn1C)c(Cl)c2)c(C#N)cnc3c4)CC5
active,CHEMBL456758,COC[C@@H]1CCCN1/N=C/c2c(N)ncnc2Nc5ccc4n(Cc3cccc(F)c3)ncc4c5
active,CHEMBL94109,Brc5cccc(Nc3ncnc4ccc(NC(=O)\C=C\CN2CCC(N1CCCCC1)CC2)cc34)c5
active,CHEMBL278041,Oc4ccc(c3nc(c1ccc(F)cc1)c(c2ccncc2)[nH]3)cc4
active,CHEMBL399373,CCOc4cc3ncnc(C#C[C@@](C)(Cc1ccccc1)N2CCC(C(O)=O)CC2)c3cc4OCC
active,CHEMBL370934,CCOC(=O)c3cn2ncnc(Nc1cccc(Br)c1)c2c3CC
active,CHEMBL203599,CN4CCN(CCC#CC(=O)Nc3cc2c(Nc1ccc(F)c(Cl)c1)ncnc2cn3)CC4
active,CHEMBL1095761,Nc4nc(Nc1cccc(Br)c1)c3cc(Cc2ccc(Cl)cc2Cl)[nH]c3n4
active,CHEMBL473553,COc5cc4ncnc(Nc3ccc(c2nc1ccccc1s2)c(OC)c3)c4cc5OC
active,CHEMBL258694,CC(C)c4c(c1nnc(C)o1)cn5ncnc(Nc3cnc2[nH]ccc2c3)c45
active,CHEMBL169514,Oc4ccc(O)c(CNc3ccc(O)c(C(=O)Oc2ccc1ccccc1c2)c3)c4
active,CHEMBL81712,O=C(c1ccccc1)c5cc4ncnc(Nc3ccc2[nH]ccc2c3)c4s5
active,CHEMBL255866,CO/N=C/c1c(N)ncnc1Nc3ccc2[nH]ncc2c3
active,CHEMBL408683,NC(=O)CN4CCC(n2cc(c1cccc(O)c1)c3c(N)ncnc23)C4
active,CHEMBL166307,CN4CCN(NCCCNc3cc2c(Nc1cccc(Br)c1)ncnc2cn3)CC4
active,CHEMBL1421,Cc4nc(Nc2ncc(C(=O)Nc1c(C)cccc1Cl)s2)cc(N3CCN(CCO)CC3)n4
active,CHEMBL80540,C6CN(CCNCc5ccc(c4cc3nccc(Nc2ccc1[nH]ccc1c2)c3s4)cc5)CCN6
active,CHEMBL207674,COc3cc2ncnc(Nc1cccc(Cl)c1F)c2cc3CN4CCOCC4C(N)=O
active,CHEMBL207037,COc3cc2ncnc(Nc1cccc(Cl)c1F)c2cc3CN4CC(C(N)=O)C4
active,CHEMBL178265,CCOc4cc3ncc(C#N)c(Nc2ccc(Oc1ccncc1)c(Cl)c2)c3cc4NC(=O)\C=C\CN(C)C
active,CHEMBL258940,CN4CCC(Nc3ncc2ncnc(Nc1ccc(F)c(Cl)c1)c2n3)CC4
active,CHEMBL398960,CCN(CC)C(C)(Cc1ccncc1)C#Cc2ncnc3cc(OC)c(OC)cc23
active,CHEMBL328977,Brc4cccc(Nc2ncnc3ccc(NC(=O)C#CCN1CCSCC1)cc23)c4
active,CHEMBL939,COc3cc2ncnc(Nc1ccc(F)c(Cl)c1)c2cc3OCCCN4CCOCC4
active,CHEMBL455433,O=C(O[C@H]5CN[C@H](C#Cc4cc3ncnc(NCc2cccc(Oc1ccccc1)c2)c3s4)C5)N6CCOCC6
active,CHEMBL180175,COc4cc3ncc(C#N)c(Nc2ccc(Sc1nccn1C)c(Cl)c2)c3cc4NC(=O)\C=C\CN(C)C
active,CHEMBL606403,CC(C)c4nsc(C(=O)Nc3ccc2ncnc(Nc1cccc(Br)c1)c2c3)n4
active,CHEMBL193368,CCc5c(C(=O)OCCCn1ccnc1)cn6ncnc(Nc4ccc3n(Cc2ccccc2)ncc3c4)c56
active,CHEMBL472581,CS(=O)(=O)CCNCc6nc(c5ccc4ncnc(Nc3ccc2n(Cc1ccccc1)ncc2c3)c4c5)cs6
active,CHEMBL583218,CCC5=C1C(N=CN=C1Nc4ccc3n(Cc2ccccc2)ncc3c4)N=C5NC(=O)OCC6CCNCC6
active,CHEMBL366580,Brc4cccc(Nc2ncnc3cc1c[nH]nc1cc23)c4
active,CHEMBL138125,Brc4cccc(Nc2ncnc3ccc(NN=NCc1ccccn1)cc23)c4
active,CHEMBL372112,CCOC(=O)c4cn3ncnc(Nc2ccc1[nH]ncc1c2)c3c4CC
active,CHEMBL346863,Brc4cccc(Nc1ncnc3c1sc2ncsc23)c4
active,CHEMBL90595,Brc4cccc(Nc2ncnc3ccc(NC(=O)C#CCN1CCCCC1)cc23)c4
active,CHEMBL453398,Clc5cc(Nc3ncnc4cc(C#C[C@@H]2C[C@@H](OC(=O)N1CCOCC1)CN2)sc34)ccc5Oc6ccccn6
active,CHEMBL216048,COc4cc3CNc2c(Oc1cccc(Br)c1)ncnc2Oc3cc4OC
active,CHEMBL511623,Fc4ccc(Nc2ncnc3nc(NCCN1CCOCC1)sc23)cc4Cl
active,CHEMBL480349,CS(=O)(=O)CCNCc5ccc(c4cc3c(Nc2ccc(OCc1cccc(F)c1)c(Cl)c2)ncnc3s4)o5
active,CHEMBL178199,CCOc4cc3ncc(C#N)c(Nc2ccc(OCCc1ccccc1)c(Cl)c2)c3cc4NC(=O)\C=C\CN(C)C
active,CHEMBL137364,Brc4cccc(Nc2ncnc3ccc(NN=NCCN1CCOCC1)cc23)c4
active,CHEMBL246492,Fc6cccc(Cn4ncc5cc(Nc2ncnn3ccc(COC[C@@H]1COCCN1)c23)ccc45)c6
active,CHEMBL213560,Oc3ccc(\C=c2\n(CCc1ccccc1)c(=O)[nH]c2=O)cc3
active,CHEMBL325589,Cn3c(=O)c(c1c(Cl)cccc1Cl)cc4cnc(Nc2cccnc2)nc34
active,CHEMBL471058,CCc1nccn1Cc5ccc(Nc4nc3ncnc(Nc2ccc(F)c(Cl)c2)c3s4)cc5
active,CHEMBL206955,COc3cc2ncnc(Nc1ccc(F)c(Cl)c1)c2cc3CN4CCC[C@@H]4C(N)=O
active,CHEMBL294475,Brc4cccc(Nc2ncnc3cnc(NCCN1CCOCC1)nc23)c4
active,CHEMBL120069,Cc4cccc(Nc2[nH]cnc3nnc(Nc1cccc(Cl)c1)c23)c4
active,CHEMBL51028,CN5CCN(CCCNc4ncc3cc(c1c(Cl)cccc1Cl)c(NC(=O)NC2CCCCC2)nc3n4)CC5
active,CHEMBL28418,Fc3ccc(Nc1ncnc2ccc(NC(=O)C=C)nc12)cc3Cl
active,CHEMBL281543,Fc4ccc(Nc2ncnc3cc(CCCCN1CCOCC1)c(NC(=O)C=C)nc23)cc4Cl
active,CHEMBL569880,COCCOc3cc2ncnc(Nc1ccc(F)c(Cl)c1F)c2cc3NC(=O)[C@@H]4CCCN4C(=O)C=C
active,CHEMBL1082012,CN5CCN(CCNC(=O)c4[nH]c3cnnc(Nc2ccc(OCc1cccc(F)c1)c(Cl)c2)c3c4C)CC5
active,CHEMBL30432,CN(C)c5cc4c(Nc3ccc2n(Cc1ccccc1)ncc2c3)ncnc4cn5
active,CHEMBL473944,Brc4cccc(Cc2ncnc3cc(OCCCn1ccnc1)c(NC(=O)C=C)cc23)c4
active,CHEMBL319620,OC(=O)c2cc(NCc1cc(O)ccc1O)ccc2O
active,CHEMBL519757,Fc6cccc(COc5ccc(Nc3ncnc4sc(c2ccc(CNCc1ccccc1)o2)cc34)cc5Cl)c6
active,CHEMBL65376,O=C(CCCC(=O)Oc1ccc(/C=C/N(=O)=O)cc1)OCc2ccco2
active,CHEMBL474343,C=CC(=O)NC3=CC=C4N=CN=C(Nc2ccc(Oc1ccccc1)cc2)C34
active,CHEMBL144842,Oc2ccc(\C=C(/C#N)C(=O)NCCCCCNC(=O)C(=C/c1ccc(O)c(O)c1)/C#N)cc2O
active,CHEMBL246284,Fc6cccc(Cn4ncc5cc(Nc2ncnn3ccc(COC[C@@H]1CNCCO1)c23)ccc45)c6
active,CHEMBL332906,Nc4ccc(c2[nH]nc3ncnc(Nc1cccc(Cl)c1)c23)cc4
active,CHEMBL368702,CCOc4cc3ncc(C#N)c(Nc2ccc(OCc1ccccc1)c(Cl)c2)c3cc4NC(=O)\C=C\CN5CCC5
active,CHEMBL256297,CO/N=C/c1c(N)ncnc1Nc3ccc(OCc2cccc(F)c2)c(Cl)c3
active,CHEMBL207869,Fc4cccc(COc3ccc(Nc1ncncc1C#Cc2ncccn2)cc3Cl)c4
active,CHEMBL553137,Cn3c1ccccc1c4ncnc(Nc2cccc(Br)c2)c34
active,CHEMBL304271,CCN(CC)CC(O)CNC(=O)c4cc(C)c(\C=c2/c(=O)[nH]c3ncnc(Nc1ccc(F)c(Cl)c1)c23)[nH]4
active,CHEMBL250924,COc4cc3ncnc(C#Cc1ccccc1c2ccccc2)c3cc4OC
active,CHEMBL515082,CS(=O)(=O)CCNCc5nc(c4ccc3ncnc(Nc2ccc(OCc1ccccc1)c(Cl)c2)c3c4)cs5
active,CHEMBL248391,COc4cc3c(N[C@@H]1C[C@H]1c2ccccc2)c(C#N)cnc3cc4OCCCc5cccnc5
active,CHEMBL593860,COc5cc4c(Nc3ccc(c2nc1ccccc1s2)c(OC)c3)ncnc4cc5OCCCN6CCN(C)CC6
active,CHEMBL162622,Brc4cccc(Nc2ncnc3cnc(NCCN1CCOCC1)cc23)c4
active,CHEMBL179164,CCOc5cc4ncc(C#N)c(Nc3ccc2n(S(=O)(=O)c1ccccc1)ccc2c3)c4cc5NC(=O)\C=C\CN(C)C
active,CHEMBL381604,Nc4nccc(C#Cc1cncnc1Nc3ccc(OCc2cccc(F)c2)c(Cl)c3)n4
active,CHEMBL125920,CCOc4cc3ncnc(Nc2cccc(c1cc[nH]n1)c2)c3cc4OCC
active,CHEMBL257859,Clc4cc(Nc2ncnc3[nH]nc(OCCCN1CCOCC1)c23)ccc4OCc5ccccn5
active,CHEMBL460722,Brc4cccc(Nc2ncnc3cnc(CC(=O)\C=C\C(=O)NCCCN1CCOCC1)cc23)c4
active,CHEMBL40130,Brc5cccc(Nc3ncnc4cc2n(CCN1CCOCC1)ccc2cc34)c5
active,CHEMBL281467,Brc3cccc(Nc1c(C#N)cnc2ncc(NC(=O)C=C)cc12)c3
active,CHEMBL446250,COc1ccccc1Cc8nc7ccc(c5nn(C4CCC(N3CCN(CC2CC2)CC3)CC4)c6ncnc(N)c56)cc7[nH]8
active,CHEMBL179652,CCOc5cc4ncc(C#N)c(Nc3ccc2n(Cc1ccccc1)ccc2c3)c4cc5NC(=O)\C=C\CN(C)C
active,CHEMBL251700,Fc4ccc(Nc2ncnc3ccc(C#CCN1CCCCC1)cc23)cc4Cl
active,CHEMBL461114,Nc3ncnc(Nc2ccc(OCc1ccccc1)c(Cl)c2)c3C(=O)Nc4ccccc4
active,CHEMBL245799,N#Cc4cnc3ccc(c2cccc(CN1CCOCC1)c2)cc3c4N[C@@H]5C[C@H]5c6ccccc6
active,CHEMBL426051,CCOc4cc3ncc(C#N)c(Nc2ccc(OCc1cccs1)c(Cl)c2)c3cc4NC(=O)\C=C\CN(C)C
active,CHEMBL144908,Oc2ccc(\C=C(/C#N)C(=O)NCCNC(=O)C(=C/c1ccc(O)c(O)c1)/C#N)cc2O
active,CHEMBL485320,Nc4nc(Nc1cccc(Br)c1)c3cc(CCc2ccccc2)[nH]c3n4
active,CHEMBL173498,Brc4cccc(Nc2ncnc3cc1nccnc1cc23)c4
active,CHEMBL193681,CCc5c(C(=O)NCCCn1ccnc1)cn6ncnc(Nc4ccc3n(Cc2ccccc2)ncc3c4)c56
active,CHEMBL119977,Clc4cccc(Nc2[nH]cnc3nnc(c1ccccc1)c23)c4
active,CHEMBL330668,COc4cc3ncnc(Nc2cnc1ccccc1n2)c3cc4OC
active,CHEMBL233325,O[C@H]6CNCCN(Cc4ccn5ncnc(Nc3ccc2n(Cc1cccc(F)c1)ncc2c3)c45)C6
active,CHEMBL105436,COc4cccc(c2cn(c1ccc(CCN(C)CCO)cc1)c3ncnc(N)c23)c4
active,CHEMBL542891,CCOC(=O)C3CCN(CCC(=O)c2ccc(OCc1ccccc1)cc2)CC3
active,CHEMBL203779,CCCN4CCC(Oc2cc(OC)cc3ncnc(Nc1ccc(F)c(Cl)c1)c23)CC4
active,CHEMBL473437,CN(C)Cc5ccc(c4cc3ncnc(Nc2ccc(OCc1cccc(F)c1)c(Cl)c2)c3s4)[nH]5
active,CHEMBL246072,Fc6cccc(Cn4ncc5cc(Nc2ncnn3ccc(COCC1CCNCC1)c23)ccc45)c6
active,CHEMBL442749,N(c2ccc1[nH]ccc1c2)c3ncnc4ccsc34
active,CHEMBL248114,Cc6cncc(Cn4ncc5cc(Nc2ncnn3ccc(CN1CCC(N)CC1)c23)ccc45)c6
active,CHEMBL589588,COc2ccc(NC(=O)c1ccc(N(CCCl)CCCl)cc1)cc2
active,CHEMBL52882,CNC3=CC2N=CN(C)C(=N/c1cccc(Br)c1)\C2C=N3
active,CHEMBL139307,Brc4cccc(Nc2ncnc3ccc(N(CCCN1CCOCC1)C(=O)C=C)cc23)c4
active,CHEMBL359630,CCOc4cc3ncc(C#N)c(Nc2ccc(OCc1ccccc1)c(Cl)c2)c3cc4NC(=O)\C=C\Cc5c[nH]cn5
active,CHEMBL225721,COc4ccc(N(CCNN=Nc3ccc2ncnc(Nc1cccc(Cl)c1)c2c3)CC(C)Cl)cc4
active,CHEMBL395591,Fc6cccc(Cn4ncc5cc(Nc2ncnn3ccc(COCC1CNCCOC1)c23)ccc45)c6
active,CHEMBL355982,Brc3cccc(Nc1ncnc2sccc12)c3
active,CHEMBL201307,COc4cc3c(Nc2ncc(CC(=O)Nc1cccc(F)c1)s2)ncnc3cc4OCCCN5CCC(CO)CC5
active,CHEMBL248220,COc4cc3ncc(C#N)c(N[C@@H]1C[C@H]1c2ccccc2)c3cc4OCc5ccccc5
active,CHEMBL399438,N#Cc4cnc3cc(c2ccc(CN1CCOCC1)cc2)ccc3c4N[C@@H]5C[C@H]5c6ccccc6
active,CHEMBL509914,Brc4cccc(Nc2ncnc3cnc(CC(=O)\C=C\c1ccccc1)cc23)c4
active,CHEMBL447331,Brc4cccc(Nc2ncnc3cc1NCc1cc23)c4
active,CHEMBL599863,Brc4cccc(Nc2ncnc3ccc(NC(=O)CNC(=O)Oc1ccccc1)cc23)c4
active,CHEMBL420059,COc4cc3ncnc(NC1CC1c2ccccc2)c3cc4OCCN5CCOCC5
active,CHEMBL555797,COc4cc3ncnc(Nc2ccc1CCCc1c2)c3cc4OC
active,CHEMBL590109,NCCn5cc(c4cc(c2cc1ccccc1s2)c3[nH]ncc3c4)c6nc(N)ncc56
active,CHEMBL57758,COc3cc2ncnc(Nc1ccc(F)c(Cl)c1)c2cc3OCCN4CCCC4
active,CHEMBL75177,Clc4cccc(Nc2[nH]cnc3nc1CCCCc1c23)c4
active,CHEMBL215973,COc5cc4CNc3c(Nc2ccc1ccccc1c2)ncnc3Oc4cc5OC
active,CHEMBL332333,N(c1ccccc1)c3nc[nH]c4nnc(Nc2ccccc2)c34
active,CHEMBL94019,COc4cc3ncnc(NC1CCc2ccccc12)c3cc4OC
active,CHEMBL93386,Brc4cccc(Nc2ncnc3ccc(NC(=O)C#CCN1CCOCC1)cc23)c4
active,CHEMBL399372,CCOc4cc3ncnc(C#Cc1nccn1c2ccccc2)c3cc4OCC
active,CHEMBL172652,Brc4cccc(Nc2ncnc3cc1[nH]nnc1cc23)c4
active,CHEMBL39355,Brc5cccc(Nc3ncnc4cc2n(CCCN1CCOCC1)ncc2cc34)c5
active,CHEMBL355330,Nc3ncnc4n(C1CCC1)cc(c2cccc(O)c2)c34
active,CHEMBL248322,NC5CCN(Cc3ccn4ncnc(Nc2ccc(OCc1ccccn1=O)c(Cl)c2)c34)CC5
active,CHEMBL219557,COc5cc(Nc3c(C#N)cnc4cc(c2coc(CN1CCN(C)CC1)c2)c(OC)cc34)c(Cl)cc5Cl
active,CHEMBL53898,Oc2ccc(\C=C(/C#N)C(=O)NCCCc1ccccc1)cc2O
active,CHEMBL304971,CN5CCN(C(=O)c4c[nH]c(\C=c2/c(=O)[nH]c3ncnc(Nc1ccc(F)c(Cl)c1)c23)c4C)CC5
active,CHEMBL462162,COc3cc(Nc1ncnc2[nH]ccc12)ccc3c5nc4ccccc4s5
active,CHEMBL253292,CCN(CC)CCOc3ccc(Nc2cc(NC(=O)Nc1c(Cl)cccc1Cl)ncn2)cc3
active,CHEMBL122245,COc4ccc(CNc2[nH]nc3ncnc(Nc1cccc(Cl)c1)c23)cc4
active,CHEMBL234580,Fc6cccc(Cn4ncc5cc(Nc2ncnn3ccc(CN1CCNCC(=O)C1)c23)ccc45)c6
active,CHEMBL338049,CN[C@H]1C[C@@H]5O[C@](C)([C@H]1OC)n7c2ccccc2c8c3[C@@H](O)NC(=O)c3c6c4ccccc4n5c6c78
active,CHEMBL165574,Brc4cccc(Nc2ncnc3cnc(NCCCN1CCOCC1)cc23)c4
active,CHEMBL182254,Fc5cccc(COc4ccc(Nc2ncnc3nn1ccccc1c23)cc4Cl)c5
active,CHEMBL53711,CN(C)c3cc2c(Nc1cccc(Br)c1)ncnc2cn3
active,CHEMBL179458,COc4cc3ncc(C#N)c(Nc2ccc(n1ccnc1)c(Cl)c2)c3cc4NC(=O)\C=C\CN(C)C
active,CHEMBL168915,Oc4ccc(O)c(CNc3ccc(O)c(C(=O)Oc1cccc2ccccc12)c3)c4
active,CHEMBL179363,CCOc4cc3ncc(C#N)c(Nc2ccc(OCc1cccc(Cl)c1)c(Cl)c2)c3cc4NC(=O)\C=C\CN(C)C
active,CHEMBL245800,NCc5ccc(c4ccc3ncc(C#N)c(N[C@@H]1C[C@H]1c2ccccc2)c3c4)cc5
active,CHEMBL149512,Brc4cccc(Nc2ncnc3c1ccccc1oc23)c4
active,CHEMBL316127,Brc4cccc(Nc2ncnc3ccc(NC(=O)\C=C\CN1CCOCC1)cc23)c4
active,CHEMBL127223,CCOc4cc3ncnc(Nc2cccc(c1cscn1)c2)c3cc4OCC
active,CHEMBL516365,CC4CCN(CCCOc3cc2ncnc(Cc1cccc(Br)c1)c2cc3NC(=O)C=C)CC4
active,CHEMBL474147,Cc3cccc(NC1=NC=NC2=CC=C(NC(=O)C=C)C12)c3
active,CHEMBL179577,CCOc4cc3ncc(C#N)c(Nc2ccc(NCc1ccccc1)c(Cl)c2)c3cc4NC(=O)\C=C\CN(C)C
active,CHEMBL22978,CN4CCC(O)(c3nc(c1ccc(F)cc1)c(c2ccncc2)o3)CC4
active,CHEMBL572881,CC4(C)CNc3cc(NC(=O)c1cccnc1NCc2ccncc2)ccc34
active,CHEMBL132466,COc4cc3cc2ncc(C#N)c(Nc1ccc(F)c(Cl)c1)c2cc3cc4OC
active,CHEMBL1171792,Cc2ccc(Br)c3c(C#N)cc(C(=O)C1CC1)n23
active,CHEMBL111197,COc4cccc(Nc3ncc2cc(c1c(Cl)cccc1Cl)c(=O)n(C)c2n3)c4
active,CHEMBL153525,Brc4cccc(Nc2ncnc3ccc1cc[nH]c1c23)c4
active,CHEMBL475761,CN6CCN(Cc5ccc(c4cc3ncnc(Nc2ccc(OCc1cccc(F)c1)c(Cl)c2)c3s4)o5)CC6
active,CHEMBL597200,Fc4ccc(OCC(=O)Nc3ccc2ncnc(Nc1cccc(Br)c1)c2c3)cc4
active,CHEMBL460723,Brc4cccc(Nc2ncnc3cnc(CC(=O)\C=C\C(=O)NCCCn1ccnc1)cc23)c4
active,CHEMBL122068,Nc3nc(N)c2c(Nc1cccc(Cl)c1)[nH]nc2n3
active,CHEMBL489313,Brc5cccc(Nc3ncnc4cc2N(CCC(=O)N1CCOCC1)Cc2cc34)c5
active,CHEMBL212965,Clc5cc(Nc3ncnc4ccc(c2ccc(CN1CCS(=O)CC1)o2)cc34)ccc5OCc6ccccc6
active,CHEMBL251498,Fc4ccc(Nc2ncnc3ccc(C#CCN1CCOCC1)cc23)cc4Cl
active,CHEMBL311129,Cc3c(c1ccccc1)[nH]c4ncnc(Nc2cccc(Cl)c2)c34
active,CHEMBL92902,CN4CCC=C(C(=O)Nc3ccc2ncnc(Nc1cccc(Br)c1)c2c3)C4
active,CHEMBL1173814,COc3ccc(C2CC(c1ccc(C)c(C)c1)=NN2C(N)=S)cc3
active,CHEMBL270448,Clc4cc(Nc2ncnc3[nH]nc(OCCN1CCCCCO1)c23)ccc4OCc5ccccn5
active,CHEMBL250132,C[C@H](CN(C)C(=O)CO)Oc3cccc4ncnc(Nc2ccc(OCc1ccccn1)c(Cl)c2)c34
active,CHEMBL1098120,NC1CCc4c(C1)c3cc(OCCc2ccc(O)cc2)ccc3n4CCCCCc5ccccc5
active,CHEMBL554983,Brc4cccc(Nc2[nH]cnc3c1ccccc1nc23)c4
active,CHEMBL516022,Cc3cccc(NC1=NC=NC2=CN=C(NC(=O)C=C)C12)c3
active,CHEMBL7866,COC(=O)Cn2cc(c1cccc(Cl)c1)c(=O)c3c(O)cc(OC)cc23
active,CHEMBL179572,COc4cc3ncc(C#N)c(Nc2ccc(Sc1nccs1)c(Cl)c2)c3cc4NC(=O)\C=C\CN(C)C
active,CHEMBL473427,Fc5cccc(COc4ccc(Nc2ncnc3cc(c1cccs1)sc23)cc4Cl)c5
active,CHEMBL67027,COc2ccc(\C=C(/C#N)c1cccnc1)cc2OC
active,CHEMBL179123,CCOc4cc3ncc(C#N)c(Nc2ccc(OCC1CCCCC1)c(Cl)c2)c3cc4NC(=O)\C=C\CN(C)C
active,CHEMBL31276,CN(C)C/C=C/C(=O)Nc3cc2c(Nc1cccc(Br)c1)c(C#N)cnc2cn3
active,CHEMBL204467,OCc4ccc(C#Cc1cncnc1Nc3ccc(OCc2cccc(F)c2)c(Cl)c3)o4
active,CHEMBL415738,Cc2cccc(Nc1cc(NCCO)ncn1)c2
active,CHEMBL69960,Cc2cc(C(=O)N1CCOCC1)[nH]c2\C=c4/c(=O)[nH]c5ncnc(Nc3ccc(F)c(Cl)c3)c45
active,CHEMBL360958,CCOc4cc3ncc(C#N)c(Nc2ccc(OCc1ccccc1)c(Cl)c2)c3cc4NC(=O)\C=C\CN5CCCCC5
active,CHEMBL53426,Brc4cccc(Nc2ncnc3cnc(NCCc1c[nH]cn1)nc23)c4
active,CHEMBL417420,Brc4cccc(Nc2ncnc3cnc(NCCCN1CCOCC1)nc23)c4
active,CHEMBL461113,Nc3ncnc(Nc2ccc(OCc1ccccc1)c(Cl)c2)c3C(=O)OCCN4CCOCC4
active,CHEMBL51228,Brc4cccc(Nc2ncnc3cnc(NCCCn1ccnc1)nc23)c4
active,CHEMBL578255,CCC5=C1C(N=CN=C1Nc4ccc3n(Cc2ccccc2)ncc3c4)N=C5NC(=O)OCCN6CCOCC6
active,CHEMBL250923,COc3cc2ncnc(\C=C\CCc1ccccc1)c2cc3OC
active,CHEMBL155100,Brc4cccc(Nc1ncnc3c1ccc2[nH]cnc23)c4
active,CHEMBL180227,COc5cc4ncc(C#N)c(Nc3ccc2n(Cc1ccccc1)ncc2c3)c4cc5NC(=O)\C=C\CN(C)C
active,CHEMBL247127,C6CO[C@H](COCc4ccn5ncnc(Nc3ccc2n(Cc1cccnc1)ncc2c3)c45)CN6
active,CHEMBL378370,COc3cc2ncnc(Nc1cccc(Cl)c1F)c2cc3CN(C)C4CCNC4=O
active,CHEMBL251123,CCOc3cc2ncnc(\C=C\CCCc1ccccc1)c2cc3OCC
active,CHEMBL1173718,Cc1ncc(N(=O)=O)n1CCOC(=O)\C=C\c3ccc(c2ccccc2)cc3
active,CHEMBL76444,CN(c1cccc(Cl)c1)c2[nH]cnc3nc(C)c(C)c23
active,CHEMBL243410,CCOc3cc2ncnc(Nc1cc(=O)c(OC(CF)CF)cc1=O)c2cc3NC(=O)\C=C\CN(C)C
active,CHEMBL265629,Fc6cccc(Cn4ncc5cc(Nc2ncnn3ccc(CN1CCNC(=O)C1)c23)ccc45)c6
active,CHEMBL250524,COc3cc2ncnc(C#CC(C)(C)N(C)c1ccccc1)c2cc3OC
active,CHEMBL510597,Brc4cccc(Nc2ncnc3cnc(C(CCCN1CCOCC1)C(=O)C=C)cc23)c4
active,CHEMBL178312,CCOc4cc3ncc(C#N)c(Nc2ccc(OCc1ccccc1)c(Cl)c2)c3cc4NC(=O)\C=C\CN5CCCC5
active,CHEMBL490496,Fc4ccc(Cc2ncnc3cc(\C=C\CCN1CCOCC1)c(NC(=O)C=C)nc23)cc4Cl
active,CHEMBL461967,COc3cc2ncnc(Nc1ccc(F)c(Cl)c1)c2cc3CNC(=O)[C@H]4CCCCN4C
active,CHEMBL153419,C(Nc2ncnc3c1ccccc1sc23)c4ccccc4
active,CHEMBL126192,CCOc4cc3ncnc(Nc2cccc(c1nccs1)c2)c3cc4OCC
active,CHEMBL279334,CS(=O)(=O)CNCCCCOc4ccc3ncnc(Nc2ccc(S(=O)(=O)c1ccccc1)cc2)c3c4
active,CHEMBL213007,COc3cc2ncnc(Nc1cc(Cl)ccc1F)c2cc3OC4CCN(S(C)(=O)=O)CC4
active,CHEMBL380972,COc4cc3CNc2c(Nc1cccc(Br)c1)ncnc2Oc3cc4OC
active,CHEMBL91428,COc4cc3ncnc(Nc2cc1ccccc1cn2)c3cc4OC
active,CHEMBL327023,Brc4cccc(Nc2c(C#N)cnc3ccc(NC(=O)C#CCN1CCSCC1)cc23)c4
active,CHEMBL299672,COc3cc2ncnc(Nc1ccc(F)c(Cl)c1)c2cc3OCCCN4CCCC4
active,CHEMBL444619,COc5cc(ON1CCC(C)CC1)c4c(Nc3ccc(OCc2ccccn2)c(Cl)c3)ncnc4c5
active,CHEMBL474524,COc4cc3ncnc(c1c[nH]c2cc(F)c(Cl)cc12)c3cc4OCCCN5CCOCC5
active,CHEMBL396079,C6CO[C@H](COCc4ccn5ncnc(Nc3ccc2n(Cc1ccccn1)ncc2c3)c45)CN6
active,CHEMBL428741,CCOc4cc3ncnc(Nc2cc(=O)c(OCc1cccc(F)c1)cc2=O)c3cc4NC(=O)\C=C\CN(C)C
active,CHEMBL583403,CCC5=C1C(N=CN=C1Nc4ccc3n(Cc2cccc(F)c2)ncc3c4)N=C5NC(=O)OC[C@@H]6COCCN6
active,CHEMBL248115,Cc5cncc(COc4ccc(Nc2ncnn3ccc(CN1CCC(N)CC1)c23)cc4Cl)c5
active,CHEMBL225929,ClCCN(CCNN=Nc3ccc2ncnc(Nc1cccc(Cl)c1)c2c3)Cc4ccccc4
active,CHEMBL391778,NCC6CCN(Cc4ccn5ncnc(Nc3ccc2n(Cc1cccc(F)c1)ncc2c3)c45)CC6
active,CHEMBL92356,CCN4CCN(CC#CC(=O)Nc3ccc2ncnc(Nc1cccc(Br)c1)c2c3)CC4
active,CHEMBL205059,Fc4ccc(Nc2ncnc3cnc(NC(=O)C#CCCN1CCCCC1)cc23)cc4Cl
active,CHEMBL153409,Brc4cccc(Nc2ncnc3c1cccnc1sc23)c4
active,CHEMBL179310,CCOc5cc4ncc(C#N)c(Nc3ccc2N(Cc1ccccc1)CCc2c3)c4cc5NC(=O)\C=C\CN(C)C
active,CHEMBL178096,COc4cc3ncc(C#N)c(Nc2ccc(NCNc1ccccc1)c(Cl)c2)c3cc4NC(=O)\C=C\CN(C)C
active,CHEMBL404405,OC5CCN(CCOc3n[nH]c4ncnc(Nc2ccc(OCc1ccccn1)c(Cl)c2)c34)CC5
active,CHEMBL448172,CC4CCN(CCCOc3cc2ncnc(Cc1ccc(F)c(Cl)c1)c2nc3NC(=O)C=C)CC4
active,CHEMBL306732,CN(C)c4ccc(Nc2ncnc3cc(c1ccccc1)sc23)cc4
active,CHEMBL39320,Cn3ncc4cc2c(Nc1cccc(Br)c1)ncnc2cc34
active,CHEMBL63786,Brc4cccc(Nc2ncnc3cc1ccccc1cc23)c4
active,CHEMBL1077305,COc1ccccc1Cc7nc6ccc(c4nn(C3CCC(C2CCN(C)CC2)CC3)c5ncnc(N)c45)cc6[nH]7
active,CHEMBL436137,Cc1cccc(C)c1c5cc(C)c4nc(Nc3ccc(OCCN2CCCC2)cc3)nnc4c5
active,CHEMBL356324,Oc2ccc(\C=C(/C#N)S(=O)(=O)C(=C/c1ccc(O)c(O)c1)/C#N)cc2O
active,CHEMBL175556,CCOc4cc3ncc(C#N)c(Nc2ccc(OCc1ccccc1)c(Cl)c2)c3cc4NC(=O)\C=C\CN5CCOCC5
active,CHEMBL311109,NC(=O)C6CCN(Cc5ccc(c4cc3ncnc(Nc2ccc1[nH]ccc1c2)c3s4)cc5)CC6
active,CHEMBL1172843,OC[C@H](Nc3ncnc4oc(c1ccccc1)c(c2cccc(NC(=O)C=C)c2)c34)c5ccccc5
active,CHEMBL372246,CN4CCN(c3cc2ncnc(Nc1cc(Cl)c(Cl)cc1F)c2cc3NC(=O)C=C)CC4
active,CHEMBL176582,Cn3cnc4cc2ncnc(Nc1cccc(Br)c1)c2cc34
active,CHEMBL424093,Brc4cccc(Nc2ncnc3ccc(NN=NCc1ccccc1)cc23)c4
active,CHEMBL74722,Cc3[nH]c2ncnc(Nc1cccc(Br)c1)c2c3C
active,CHEMBL308593,Cc3[nH]c2ncnc(Nc1cccc(Cl)c1)c2c3c4ccccc4
active,CHEMBL28148,COc3cc2c(Nc1ccc(Cl)cc1F)ncnc2cc3OC/C=C/CN4CCCC4
active,CHEMBL602728,ClCCN(CCCl)c3ccc(C(=O)Nc1cccc2ccccc12)cc3
active,CHEMBL125086,CCOc4cc3ncnc(Nc2cccc(c1ccco1)c2)c3cc4OCC
active,CHEMBL607707,CCOc3cc2ncc(C#N)c(Nc1ccc(F)c(Cl)c1)c2cc3NC(=O)\C=C\CN(C)C
active,CHEMBL498133,Nc4ncnc(Nc3ccc2n(Cc1cccc(F)c1)ncc2c3)c4\C=N\N5CCOCC5
active,CHEMBL283088,COc3cc2c(Nc1ccc(Cl)cc1F)ncnc2cc3OCCN4CCN(C)CC4
active,CHEMBL213874,COc3cc2ncnc(Nc1cccc(Cl)c1F)c2cc3OCC4CCN(C)CC4
active,CHEMBL205284,Fc4cccc(COc3ccc(Nc1ncncc1C#Cc2cc[nH]n2)cc3Cl)c4
active,CHEMBL281872,COc3cc2c(Nc1ccc(Br)cc1F)ncnc2cc3OCCn4ccnn4
active,CHEMBL592457,Oc1ccc(Br)cc1\C=N\NC2=NC(=O)CS2
decoy,C09963331,Cc1ccc(c(c1)NC(=O)COC(=O)C2CCN(CC2)c3ccc(c[nH+]3)C(F)(F)F)OC
decoy,C01898749,CC(C)(C)c1ccc(cc1)c2nnc(n2c3ccccc3)SCC(=O)NNC(=C)c4ccc5ccccc5c4
decoy,C13567652,Cc1ccc(cc1)N2C3=C(C(=O)CC(C3)(C)C)[C@]4(c5ccccc5N(C4=O)CC#C)C(=C2N)C#N
decoy,C13507534,Cc1ccc(c(c1)C)N([C@@H](c2ccc(o2)C)C(=O)NC3CCCCC3)C(=O)CNC(=O)c4ccco4
decoy,C38872855,c1cc(sc1)c2nc(on2)C[NH+]3CCC(CC3)C(=O)NC45CC6CC(C4)CC(C6)C5
decoy,C40231287,CC(C)c1ccccc1OCCCn2c3ccccc3nc2C(C)C
decoy,C39313499,Cc1cc(nc(n1)N/C(=N/C(=O)CS[C@H]2N[NH2+]NN2C)/NCCc3c[nH]c4c3cc(cc4)Cl)C
decoy,C10908286,c1ccc(cc1)n2cc(c(n2)c3ccc(cc3)F)CNC(=O)c4ccc(c(c4)[N+](=O)[O-])N
decoy,C38714729,CCOc1ccc(cc1OCC)[C@@H]2c3c(=O)c4cc(c(cc4oc3C(=O)N2CCC[NH+](C)C)C)Cl
decoy,C13150992,CCC[C@H](C(=O)NC(C)(C)CC)N(C[C@@H]1CCCO1)C(=O)CNS(=O)(=O)c2ccc(cc2)F
decoy,C10575451,c1ccc2c(c1)CCCN2C(=O)COC(=O)C3(CCCCC3)O
decoy,C09124607,CCc1ccc(cc1)[C@@H]2C3=C(N=N[C@H]3C(=O)N2Cc4cccnc4)c5cc(cc(c5O)C)C
decoy,C04109065,CCC(C)(C)[C@H]1CCc2c(sc3c2C(=N[C@H](N3)c4ccccn4)O)C1
decoy,C21135427,Cc1cc(c(n1C[C@H]2COc3ccccc3O2)C)C(=O)COC(=O)c4cc(c(cc4OC)N)Cl
decoy,C02387673,CCn1c(nnc1SCC(=O)Nc2c(cc(cc2Cl)C)C)c3ccco3
decoy,C17014323,C[C@@H]1CCCC[C@H]1N2CNC(=NC2)Nc3nc4ccccc4s3
decoy,C36495372,Cc1ccccc1CC(=O)N(Cc2ccco2)[C@H](c3ccc4c(c3)OCO4)C(=O)NC(C)(C)CC(C)(C)C
decoy,C23946925,C[C@]1(C(=O)N(C(=O)N1)NC(=O)c2ccc(c(c2)NC(=O)c3cccs3)Cl)CCc4ccccc4
decoy,C00114173,c1cc(ccc1[C@H]2[NH2+][C@@H](CS2)C(=O)[O-])Cl
decoy,C39413348,C[NH+](C)CCN1C(=O)C[C@](C1=O)(CC(=O)N(C)C[C@@H]2C3=C(CCCC3)N=N2)c4ccccc4Cl
decoy,C08462813,CC[NH+](CC)CCN1[C@H](/C(=C(\c2ccc(cc2)Cl)/O)/C(=O)C1=O)c3ccc(cc3)C
decoy,C29641314,COc1cc(c(c(c1)OC)C2=CC[NH+](CC2)CC(=O)NC(=O)NCCc3cccs3)OC
decoy,C62811381,Cc1ccsc1CN(C)C(=O)c2c(c[nH]n2)N
decoy,C08436133,c1ccc(cc1)N2C(=O)[C@@H](SC2=O)Nc3ccc(cc3)[N+](=O)[O-]
decoy,C37443898,C[C@H]1CCCC[C@@H]1NC(=O)[C@@]2(Cn3c4ccccc4nc3C(=O)N2Cc5ccc6c(c5)OCO6)C
decoy,C39635919,Cc1ccc(c(c1F)C(=O)N2C[C@@H](C3(C2)CC[NH2+]CC3)C(=O)N[C@@H]4CCCC[C@@H]4C)Cl
decoy,C18527096,C[C@@H](c1cccc2c1cccc2)NC(=O)CSc3nnc(n3N)c4ccco4
decoy,C06648358,CCc1c(c(c2ccccc2n1)C)C(=O)OCC(=O)NC3(CCCCC3)C#N
decoy,C18355934,CC(C)[C@H](c1ccc2c(c1)OCCCO2)NC(=O)CSc3nnc(n3N)c4ccccc4Cl
decoy,C23125435,Cc1ccc(cc1)c2nc(on2)c3c[nH]nc3c4ccccc4
decoy,C36587483,CC(C)(C)CC(C)(C)NC(=O)[C@@H](c1ccc(c(c1)OC)OC)N(C(=O)CCc2ccc(cc2)OC)C(C)(C)C
decoy,C14456863,CCCC(=O)Nc1ccc2c(c1)[C@H]3C=CC[C@@H]3[C@@H](N2)c4ccc(s4)C
decoy,C15867874,Cc1cccc(c1)N2C(=O)NC3(N2)CCCCC3
decoy,C37254889,C[C@@H](c1ccc(cc1)I)[NH2+]CC2CCCC2
decoy,C03537236,CCn1c(nnc1SCC(=O)c2ccc3c(c2)NC(=O)CO3)c4ccc(cc4)Cl
decoy,C40019609,CCCC[NH+](CCCC)CCCN1[C@@H](C(=C(C1=O)[O-])C(=O)c2ccc(cc2)F)c3cccc(c3)OCC=C
decoy,C63384361,CCCNC(=O)[C@H](Cc1ccccc1)NC(=O)[C@@H]2CC3=c4ccccc4=[NH+][C@H]3[C@@H]5N2C(=O)c6c5cccc6
decoy,C37928838,CCN(C1CCCCC1)S(=O)(=O)c2cc(ccc2N)Cl
decoy,C59427667,c1ccc(cc1)c2cc(c(n2c3ccc(cc3)[N+](=O)[O-])c4ccccc4)/C=N/NC(=O)c5ccc(cc5)O
decoy,C16460974,CCCNC(=O)c1csc(n1)CSc2nnc(n2c3ccccc3C)c4ccco4
decoy,C35279263,Cc1ccc(c(c1)O)NS(=O)(=O)N2CCCC[C@@H]2C
decoy,C33937119,CC[C@@H](c1nnnn1C[C@H]2CCCO2)[NH+](Cc3ccc4c(c3)OCO4)Cc5cc6cc(cc(c6[nH]c5=O)C)C
decoy,C42294529,c1cc(c(cc1N)F)c2cs/c(=N\S(=O)(=O)CC(=O)[O-])/[nH]2
decoy,C39635384,Cc1cc(=O)oc2c1cccc2OCC(=O)N3C[C@H](C4(C3)CC[NH2+]CC4)C(=O)NC5CCC5
decoy,C01418921,c1ccc2c(c1)nnn2CC(=O)N(Cc3ccc(cc3)F)[C@@H]([C@@H]4CCC=CC4)C(=O)Nc5ccc6c(c5)OCO6
decoy,C39676511,CC(C)[C@H](C(=O)N1C[C@@H](C2(C1)CC[NH2+]CC2)C(=O)NCCc3c[nH]c4c3cc(cc4)Cl)Oc5ccccc5
decoy,C09358981,C/C(=C\c1ccco1)/C=N/NC(=O)CSc2nnc(n2c3ccc(cc3)OC)c4ccc(cc4)C(C)(C)C
decoy,C39667178,Cc1ccc(c(c1)C)CCNC(=O)[C@@H]2CN(CC23CC[NH2+]CC3)C(=O)c4c(noc4C)C
decoy,C62977224,CC[NH+](CC)c1ccc(cc1)/C=C/2\C(=O)c3c(cc(c(c3O2)C[NH+]4CCN(CC4)c5ccc(cc5)OC)O)C
decoy,C12325049,c1ccc(cc1)c2csc3c2c(nc(n3)SCC(=O)NCc4ccco4)N
decoy,C52566133,CN(C)c1c2cc(ccc2[nH]n1)c3cc(cnc3)OC[C@H](CC4=c5ccccc5=[NH+]C4)[NH3+]
decoy,C63480010,Cc1ccc(cc1)N2C(=O)[C@@H]3[C@H](N[C@]4([C@@H]3C2=O)c5cc(ccc5NC4=O)F)CC6=c7ccccc7=[NH+]C6
decoy,C06659059,c1ccc2c(c1)C(=O)/C(=N/Nc3ccc(cc3)Br)/C(=O)O2
decoy,C67080408,CC[C@@H](c1[nH]c2ccccc2n1)NC(=O)NCc3c(c(c(cn3)C)OC)C
decoy,C12620128,Cc1ccc(o1)/C=C/2\C[C@H]3[C@H]4CC=C5C[C@H](CC[C@]5([C@@H]4CC[C@]3([C@@H]2O)C)C)O
decoy,C14022329,COc1ccc(cc1)S(=O)(=O)N2CCC[C@H](C2)C(=O)Nc3nc4c(s3)cccc4SC
decoy,C14882220,CC[C@]1(C(=O)N(C(=O)N1)Cc2ccc3c(c2)OCO3)C4CC[NH+](CC4)C[C@@H]5CCC=CC5
decoy,C64664465,Cc1ccc(cc1)c2csc(n2)c3c(n(nn3)c4cccc(c4C)Cl)N
decoy,C39678561,c1cc(cc(c1)OC(F)F)CNC(=O)[C@H]2CN(CC23CC[NH2+]CC3)C(=O)[C@@H]4CCC=CC4
decoy,C34979193,CC[C@H](C)[C@H](C(=O)N1CCN([C@@H](C1)C)C(=O)CCC2CCCC2)NC(=O)C(c3ccccc3)c4ccccc4
decoy,C12565519,c1ccc(cc1)C[NH+](Cc2ccccc2)CC(=O)Nc3cccc4c3C(=O)c5ccccc5C4=O
decoy,C00327160,CC[C@H](C)Sc1nc2c(n1CCC(C)C)c(=O)[nH]c(=O)n2C
decoy,C09600940,Cc1ccc(o1)[C@H]2C3=C(C[C@H](CC3=O)c4cccs4)NC(=C2C(=O)OCCOc5ccccc5)C
decoy,C15016650,Cc1cc[nH+]c(c1)N[C@@H](c2ccc3ccc(nc3c2O)C)c4c(cccc4Cl)F
decoy,C48288032,CCCCN(C)S(=O)(=O)NCc1cc[nH+]c(c1)N2CCN(CC2)c3ccc(cc3)F
decoy,C36065889,CCNC(=O)c1coc(n1)C[NH+](Cc2ccc3c(c2)OCO3)Cc4cc(ccc4C)C
decoy,C12487582,CCN([C@H]1CCS(=O)(=O)C1)C(=O)COC(=O)c2ccc(cc2)S(=O)(=O)NCc3ccco3
decoy,C58980029,c1ccc(cc1)Cc2c(sc(n2)NC(=O)Cc3c4ccccc4c(=O)[nH]n3)c5ccccc5
decoy,C36308132,Cn1c(c(c(n1)c2ccccc2)C[NH+](Cc3ccco3)C[C@@H](Cc4ccccc4)O)Oc5ccccc5
decoy,C49205170,Cc1c(sc(n1)NC(=O)N[C@H]2CCC[C@@H]([C@@H]2C)C)C
decoy,C09483398,CC1(CC2=C([C@@H](N(c3ccccc3N2)CC(=O)NCCC[NH+](C)C)c4ccc(cc4)Cl)C(=O)C1)C
decoy,C63411818,COc1ccc(c(c1)N2C(=O)/C(=C/N[C@H](CC3=c4ccccc4=[NH+]C3)C(=O)OC)/C(=O)NC2=S)OC
decoy,C24986374,C[C@H](c1nc(nc(n1)N(C)C)N)Sc2nc3ccccc3c(=O)n2CC[NH+](C(C)C)C(C)C
decoy,C23648551,CC[C@H](C)c1ccccc1NC(=O)[C@@H](C)Sc2nnc(n2N)c3ccc(cc3)OC(F)F
decoy,C36718396,c1ccc2c(c1)C[C@H](N(C2)C(=O)c3ccco3)C(=O)Oc4ccc(cc4)NC(=O)c5cccs5
decoy,C13065100,CC[C@H](c1nnnn1CCc2ccccc2)[NH+](Cc3ccc(cc3)C)Cc4cc5ccc(c(c5[nH]c4=O)C)C
decoy,C39933409,C[C@@H](C(=O)Nc1ccc(cc1)NC(=O)C)S[C@@H]2NN=C(N2c3ccccc3)C4=c5ccccc5=[NH+]C4
decoy,C36206968,Cc1c2c(=O)[nH]c(nc2sc1C(=O)OC)C[NH+](C[C@@H](COC(C)(C)C)O)C3CCCCC3
decoy,C64741070,Cc1ccccc1CSC2=NC(=O)[C@@H]3[C@@H](CC(=O)NC3=N2)C(=O)Nc4ccccc4C
decoy,C15401521,C[C@@H]1C[C@@H](CN(C1)C(=O)Nc2c[nH]c3c2cccc3)C
decoy,C07748265,c1ccc(cc1)[C@H](c2cccs2)[NH2+]CC(=O)NN3C(=O)C4(CCCCC4)NC3=O
decoy,C01158668,Cc1ccc(c(c1)C)NC(=O)C2=C(NC(=S)N[C@@H]2c3ccc(c(c3)[N+](=O)[O-])Cl)C
decoy,C36068017,CC[C@H](C(=O)OC(C)C)n1c(nc2c(c1=O)c3c(s2)CCCC3)C[NH+](C)C
decoy,C22455144,Cc1ccccc1Nc2c3c([nH]n2)C[C@H](CC3=O)C
decoy,C31250415,C[C@H](c1ccc(cc1)C(C)C)NC(=O)[C@H]2CCCN2S(=O)(=O)c3ccc4c(c3)OCCO4
decoy,C45696281,C[C@H](c1ccc(c(c1)Cl)Cl)NC(=O)Nc2ccccc2SCC(=O)N
decoy,C13352346,c1cc(ccc1/C=N/NC(=S)Nc2cc(ccc2Cl)C(F)(F)F)OCC(=O)[O-]
decoy,C19236988,Cc1ccccc1[C@H]2[C@@H]3[C@H](C(=O)N(C3=O)c4ccc(cc4)F)[C@](N2)(C)C(=O)OC
decoy,C30689385,C=CCn1c(n[nH]c1=S)Cc2csc(n2)NC(=O)c3c(cco3)c4ccccc4
decoy,C06900119,CCCn1c2ccccc2c3c1c(=O)n(nc3)CC(=O)NCC[NH+]4CCCC[C@H]4C
decoy,C39456407,CC(C)S(=O)(=O)[C@@H]1CC(=O)c2c(c3c(cc4c(n3)cccc4SC)c(=O)n2S(=O)(=O)C(C)C)N1
decoy,C08765435,CC(=O)c1ccc(cc1)N2C(=O)C[C@H](C2=O)[NH+]3CCc4c(c5ccccc5[nH]4)C3
decoy,C01204161,Cc1ccc(c(c1)NC(=O)c2cnn3c2nc(cc3C(F)(F)F)c4cccs4)O
decoy,C67132943,c1ccc(cc1)[C@H](c2ccco2)[NH2+]Cc3csc(n3)c4cccs4
decoy,C20289262,C[C@H]([C@H](c1cccs1)N2CCN(CC2)c3ccc(cc3)OC)NC(=O)C(=O)NCC[NH+](C)C
decoy,C63201984,c1cc(c(cc1F)NC(=O)c2cc3c(s2)CCC3)N
decoy,C04017469,c1cc(cc(c1)[N+](=O)[O-])C(=O)N[C@H](C(Cl)(Cl)Cl)NC(=S)Nc2ccc(cc2)[N+](=O)[O-]
decoy,C06077709,CCC(C)(C)n1c(nnn1)[C@H](c2cc3cc(cc(c3[nH]c2=O)C)C)[NH+]4CCN(CC4)c5ccc(cc5)OC
decoy,C13008200,C[C@H]1CC(=O)Nc2ccccc2N1C(=O)C[NH+](C)Cc3c4ccccc4ccc3O
decoy,C10064231,CCOC(=O)Cn\1c2ccc(cc2s/c1=N\C(=O)Cc3ccc(c(c3)C)C)S(=O)(=O)N
decoy,C39671069,c1ccc(cc1)c2ccc(o2)C(=O)N3C[C@H](C4(C3)CC[NH2+]CC4)C(=O)NCCc5ccco5
decoy,C20678926,CCOCCOc1cccc2c1N[C@@H]([C@@H]3[C@H]2C=CC3)c4ccc(cc4)OC
decoy,C33551463,CCOc1ccc2c(c1)sc(n2)N3[C@@H](C(=C(C3=O)[O-])C(=O)c4cccs4)c5cccs5
decoy,C14994711,COc1ccc(cc1)C2(CCCC2)C(=O)NC[C@H]3Cc4cc(ccc4O3)c5ccc(nn5)OC
decoy,C02256969,CC(C)Cc1c2c(c3c(c(oc3n1)C(=O)c4ccc(cc4)Cl)N)CC(OC2)(C)C
decoy,C12039847,c1ccc(cc1)CCCn2cnc3c(c2=O)c4c(s3)C[C@@H](CC4)[NH2+]Cc5ccc(cc5)n6cccn6
decoy,C39762619,C[C@@H](c1nnc(n1CC(C)C)SCC(=O)Nc2ccccc2C(C)C)NC(=O)c3ccc(cc3)Cl
decoy,C22000893,C[C@H]1C[C@@]2(CC(C1)(C)C)C(=O)N(C(=O)N2)CC(=O)OCC(=O)Nc3ccccc3C(C)(C)C
decoy,C20928976,Cc1ccc(c(c1)N2C(=O)CN(C[C@]2(C)C(=O)NC3CCCC3)S(=O)(=O)c4ccccc4)C
decoy,C35246361,CCCCN1C(=C([C@@H](NC1=O)c2cccc(c2)NC(=O)c3ccc4c(c3)OCO4)C(=O)OC(C)C)C
decoy,C62198656,CC(C)(C)n1c(cc(n1)C(=O)N2CCc3ccccc3C2)N
decoy,C09428498,CC1(C[C@H]2C[C@@](C1)(C[NH+]2CN3c4ccccc4/C(=N/NC(=O)CO/N=C/c5ccc(cc5)OC)/C3=O)C)C
decoy,C21364784,CCCC[NH+](CC)CCN1C(=O)c2ccc(n2C[C@@]1(C)C(=O)NC3CCCC3)c4ccco4
decoy,C43547783,C[C@@]1(CC[C@@]2([C@@H](C1)C(C[C@@H]2[NH2+]C3CCC3)(C)C)CCC(=O)NCCc4c[nH]c5c4cccc5)O
decoy,C38679227,CCCOc1ccc(cc1)C(=O)Oc2ccc3c(c2)OC(=C([C@H]3c4ccc(c(c4)OCC)OCC)C#N)N
decoy,C06082908,C[C@@H](c1ccc(cc1)Cl)OC[C@@H](C[NH+](Cc2ccccc2O)C3CCCCC3)O
decoy,C16656445,CCS(=O)(=O)N1Cc2ccccc2C[C@H]1C(=O)OCC(=O)NC(=O)Nc3cccc(c3C)C
decoy,C09467755,Cc1cccc2n1cc(n2)C(=O)Nc3[nH]nc(n3)SCc4ccc(cc4)Cl
decoy,C13722516,CC1(CC(CC([NH2+]1)(C)C)N2Cc3c(ccc4c3occ(c4=O)c5ccccc5OC)OC2)C
decoy,C16833026,CSc1ccc(cc1)NC(=O)CCNC(=O)NC23CC4CC(C2)CC(C4)C3
decoy,C39866005,C/C(=C/1\C(=O)N(/C(=N\c2nc(cs2)c3ccccc3)/S1)c4ccccc4)/c5ccc(cc5)N
decoy,C39856156,CCCCOc1ccc(cc1)NC(=O)c2c(c\3c(o2)CC(C/C3=N\NC(=S)N)(C)C)C
decoy,C06879832,Cc1csc(n1)N(c2ccccc2)C(=O)Cn3cnc4c(c3=O)ccs4
decoy,C14546651,c1cc2c(c(c1)O)N[C@H]([C@@H]3[C@@H]2C=CC3)c4c(cccc4Cl)Cl
decoy,C08700768,CCOc1ccc(cc1)/N=C\2/N(C(=O)/C(=C/3\c4ccccc4NC3=O)/S2)c5ccc(cc5)OCC
decoy,C36540909,CCC(CC)[C@@H](C(=O)NCS(=O)(=O)c1ccc(cc1)C)N(c2ccccc2Cl)C(=O)C3CCCCC3
decoy,C16492687,c1ccc(cc1)c2cc(n(n2)c3nnc4n3NC(=CS4)c5ccc(cc5)N)c6ccccc6
decoy,C08820993,CCc1ccccc1/N=C\2/NC(=O)/C(=C\c3ccc(o3)c4ccc(c(c4)Cl)Cl)/S2
decoy,C33729282,C[C@]12CCCC[C@@H]1CC[C@@H]3[C@@H]2CC[C@@]4([C@@H]3CC[C@@]4(CSCC[NH3+])O)C
decoy,C28783576,c1cc2c(cc1NS(=O)(=O)c3cc(cc(c3)F)F)OC4(O2)CCCCC4
decoy,C06300500,Cc1cc(c2c(c1)cc(c(=O)[nH]2)C[NH+](Cc3ccccc3)Cc4nnnn4C[C@H]5CCCO5)C
decoy,C16495552,CC(C)[C@H](c1ccc2c(c1)OCCO2)NC(=O)Cc3csc(n3)NC(=O)c4ccco4
decoy,C36287816,CN(CC(=O)N1CCNCC1)C(=O)NC2CCCCC2
decoy,C05867364,Cc1ccc(cc1)c2nc([nH]n2)S[C@@H](C)C(=O)N3CCCC3
decoy,C44917576,Cc1c2c(oc1C(=O)N[C@H](C)c3cccnc3)CC(CC2=O)(C)C
decoy,C21659003,Cc1ccc(cc1)c2c3c(c4n2-c5ccccc5N[C@H]4c6cccc(c6O)O)n(c(=O)n(c3=O)C)C
decoy,C12507682,c1cc(c(cc1OCCO)Br)[C@H]2NC(=[NH+]c3n2c4cc5c(cc4n3)OCCCO5)N
decoy,C06053332,Cc1ccc(c(c1)C)NC(=O)C2=C(NC(=O)N[C@H]2c3ccc(o3)C)C
decoy,C13612613,CN(C)c1ccc(cc1)c2c(c(nc(c2C#N)SCCO)N)C#N
decoy,C39677607,CCC[C@H](C)C(=O)N1C[C@H](C2(C1)CC[NH2+]CC2)C(=O)NCc3ccc(s3)c4ccccn4
decoy,C45681162,CC[C@@]1(C(=O)N(C(=O)N1)C[NH+]2CCC(CC2)CCc3ccc(cc3)OC)c4ccc(cc4)Cl
decoy,C35757929,CCNC(=O)[C@@H]1[C@H](OC(=O)N1Cc2ccc(cc2)C)c3cccc(c3)NC(=O)c4ccccc4OC
decoy,C21518660,c1c(c(cc2c1OCCO2)Oc3cc(c(cc3Cl)Cl)Cl)N
decoy,C64497871,CC(C)c1nc(c(o1)NNC(=O)[C@H]2C[C@H]2c3cccc(c3)Cl)C#N
decoy,C63486180,C[C@H]1c2cc(c(cc2OC(=O)[C@H]1CC(=O)NCCC3=c4cc(ccc4=[NH+]C3)Cl)O)Cl
decoy,C44270344,c1ccc(c(c1)Cn2cccn2)NC(=O)NC[C@@H](c3ccco3)[NH+]4CCCCC4
decoy,C10645678,Cc1cc(on1)NC(=O)[C@@H](C)Sc2nnc(n2c3ccc(cc3)Cl)Cc4ccccc4
decoy,C12871869,c1ccc(c(c1)CN([C@H](c2ccccn2)C(=O)NC3CCCC3)C(=O)c4csnn4)F
decoy,C36206790,Cc1c2c(=O)[nH]c(nc2sc1C(=O)OCC=C)C[NH+](C[C@H](COC(C)(C)C)O)C3CCCCC3
decoy,C58930012,Cc1ccccc1N2[C@H](NC(=CC2=O)C)Nc3nc(cc(n3)C)C
decoy,C14244365,CC(C)[C@@H](C(=O)NNC(=O)c1ccc2c(c1)OCO2)NC(=O)C34CC5CC(C3)CC(C5)C4
decoy,C09526586,CCOC(=O)c1c(c2cc(ccc2o1)S(=O)(=O)Nc3cc4c(cc3C)n(c(=O)n4C)C)C
decoy,C01029450,Cn1c(c(c(n1)C(F)(F)F)c2ccc(cc2)F)NC(=O)Nc3ccc(cc3F)F
decoy,C21819656,Cc1cc(cc(c1)N[C@H](C)C(=O)NC2(CCCCC2)C#N)C
decoy,C02480043,CCSc1ccsc1[C@H]2C(=C(N(C3=C2C(=O)CC(C3)(C)C)c4cccc(c4)[N+](=O)[O-])N)C#N
decoy,C39930494,Cc1c(sc(n1)[S-])CC(=O)Nc2nc(cs2)C3=C(N([C@@H](C3)C)CC=C)C
decoy,C64143958,c1ccc2=[NH+]CC(=c2c1)c3csc(n3)NC(=O)CC[C@H]4NC(=NO4)c5cccs5
decoy,C09435709,Cc1c(c(n(n1)c2ccc(cc2)F)Cl)/C=C/C(=O)O[C@@H](C)C(=O)N[C@@](C)(C#N)C(C)C
decoy,C36207083,Cc1ccc(c(c1)c2csc3c2c(=O)[nH]c(n3)C[NH+](CCOC)C[C@H](COCC#C)O)C
decoy,C63686426,Cc1ccc(c2c1c(=O)cc([nH]2)CS[C@@H]3NN[C@@H](N3C)c4cccc(c4)F)C
decoy,C46767622,c1ccc2c(c1)c(c([nH]2)C(=O)OCC(=O)N3C[C@H](Oc4c3cccc4)C(=O)N)Cl
decoy,C14022521,CC(C)c1cccc2c1nc(s2)NC(=O)[C@H]3CCCN(C3)S(=O)(=O)c4ccc(cc4)OC
decoy,C24831540,C[C@@H](c1ccc(cc1)Cl)[NH2+]CC(=O)N2c3ccccc3NC(=O)C[C@@H]2C(F)(F)F
decoy,C13499417,CCC[C@H](c1nnnn1CCOC)N(Cc2cccs2)Cc3cc4cc5c(cc4[nH]c3=O)OCCO5
decoy,C38660209,CCCCOc1ccc(cc1OC)[C@@H]2c3ccc(cc3OC(=C2C#N)N)OC(=O)c4cccc(c4)[N+](=O)[O-]
decoy,C22188011,Cc1ccc(cc1)n2c(nnc2SCc3[nH]c(=O)c4cc(ccc4n3)Cl)N5CCOCC5
decoy,C21397278,Cc1ccc(cc1)c2nnc(n2c3ccc(cc3)Cl)SCC(=O)NC(=O)NCc4ccco4
decoy,C00056866,Cc1cc(cc(c1O)C)S(=O)(=O)c2cc(c(c(c2)C)O)C
decoy,C13063725,CCc1ccc2c(c1)cc(c(=O)[nH]2)C[NH+](Cc3ccc(cc3)C)[C@@H](CC)c4nnnn4Cc5ccco5
decoy,C09252225,CCc1ccccc1NC(=O)C(=O)NC[C@@H](c2cccnc2)[NH+]3CCN(CC3)c4ccccc4
decoy,C38191162,C/C/1=C/CC[C@@]2([C@H](O2)[C@@H]([C@@H]([C@@H](C1)OC(=O)c3cc(c(c(c3)OC)OC)OC)C(C)C)O)C
decoy,C30977949,Cc1ccc2c(c1)[C@@H](CC(O2)(C)C)NC(=O)C3CC[NH+](CC3)Cc4nc(no4)c5ccc(cc5)C(C)(C)C
decoy,C37021886,c1cc(sc1)C(=O)NNC(=O)CSc2nnc(s2)N
decoy,C65390709,c1ccc2c(c1)CCCN2C(=O)NCCCn3cccn3
decoy,C39966183,Cn1c(nnc1SCC(=O)Nc2c(c3c(s2)CCC3)C(=O)OC)c4csc5c4CCCCC5
decoy,C65503924,COc1cc(cc(c1OCC=C)Cl)[C@H]2CC(=O)NCc3c2sc(n3)N
decoy,C15675830,c1cc(ccc1c2nc(on2)[C@@H]3Cc4c([nH]c[nH+]4)CN3C(=O)Nc5ccc(cc5)Cl)OC(F)(F)F
decoy,C67105182,CC1CCC2(CC1)C(=O)N(C(=O)N2)NC(=O)C[C@@H](C)NC(=O)C3CCCCC3
decoy,C06480150,Cc1ccc(cc1)c2ccc(o2)[C@H]3c4c(=O)[nH]c(=O)[nH]c4OC(=C3C#N)N
decoy,C38965655,COc1ccc(cc1OC)CCN[C@H]2/C(=N/S(=O)(=O)c3cccs3)/[NH+]=c4ccccc4=[NH+]2
decoy,C01050667,c1cc(cc(c1)[N+](=O)[O-])c2ccc(o2)C(=O)NC(=S)Nc3cccc(c3N4CCCC4)Cl
decoy,C22861624,Cc1cc([nH+]c2c1cccc2)NCC/N=C\3/CCCC(=C3)[O-]
decoy,C08455910,CCOc1ccc(cc1)[C@H]2C(=C(N(C3=C2C(=O)CC(C3)(C)C)c4ccccc4[N+](=O)[O-])N)C#N
decoy,C12927740,C[C@@]1(C(=O)NC(=O)N1)CSc2ccccc2C(=O)N[C@@H]3CC[NH+](C3)Cc4ccccc4
decoy,C00120580,C[C@@H]1CCc2c(sc(c2C(=O)N)NC(=O)Nc3ccccc3)C1
decoy,C03315732,CCOC(=O)Cc1csc(n1)NC(=O)CSc2nnc(n2c3ccccc3)c4ccc(cc4)Cl
decoy,C39919005,Cc1cc2c(c(=O)n1CC[NH+](C)C)[C@]3(c4ccccc4N(C3=O)CC(C)C)C(=C(O2)N)C#N
decoy,C14105972,CC(C)c1ccccc1NC(=O)[C@@H]2CCCN(C2)S(=O)(=O)c3ccc(cc3)Br
decoy,C61684145,CC(C)n1cc(cn1)NC(=O)C2(CCCCC2)/C(=N/O)/N
decoy,C36126090,Cc1nc2ccccc2n1CCCNS(=O)(=O)c3ccc4c(c3)oc(n4)[O-]
decoy,C59267043,CCOC(=O)C1=C(NC(=O)N[C@@H]1c2ccc(cc2OC)Oc3ccc(cc3[N+](=O)[O-])C(F)(F)F)C
decoy,C19847862,Cc1cc(nc(n1)SC2=C/C(=C(/N)\N=O)/C=CN2)[O-]
decoy,C39672079,COc1ccc(cc1)CCC(=O)N2C[C@H](C3(C2)CC[NH2+]CC3)C(=O)NCc4cn5ccccc5n4
decoy,C05351929,CCCCN1C(=O)[C@H]2[C@@H](C1=O)[C@]3(c4cc(ccc4NC3=O)Cl)[NH2+][C@H]2C(C)C
decoy,C21222571,CCOc1ccc(cc1OC)[C@H]2CC3=C([C@H](Nc4ccccc4N3)c5ccc(c(c5)OC)OC)C(=O)C2
decoy,C40982233,CCCOc1ccccc1[C@@H]2C(=C(Nc3n2nc(n3)SCCC)C)C(=O)Nc4ccccc4C
decoy,C15546812,Cc1cc(c(c(c1)C)NC(=O)CNC(=O)CN2C[C@@H](Oc3c2cccc3)C(=O)NC)C
decoy,C13065409,COc1ccc(cc1)Cn2c(nnn2)C[NH+](CCc3ccccc3)Cc4cc5cc6c(cc5[nH]c4=O)OCO6
decoy,C08659312,c1cc(ccc1c2nnc(n2N)SCC(=O)Nc3cc(ccc3n4cncn4)Cl)Cl
decoy,C40741678,CCOc1cc(cc(c1OCc2ccc(c(c2)Cl)Cl)Br)C[NH2+]C3CCCCCC3
decoy,C67190414,Cc1ccsc1c2cccc(c2)NC(=O)[C@H](CC(C)C)NC(=O)N
decoy,C60168639,c1cc(oc1)/C=C/[C@@H]2Nc3cc(c(cc3S(=O)(=O)N2)S(=O)(=O)N)Cl
decoy,C10103145,Cc1cccc(c1)Cn2c3c(=O)[nH]c(=O)n(c3nc2N/N=C/4\c5cc(ccc5NC4=O)Br)C
decoy,C33035686,c1ccc(cc1)NC(=O)N2CCC[C@H](C2)c3cccc(c3)C(=O)NCc4ccco4
decoy,C53646236,CCCCS(=O)(=O)N1CCC[C@H](C1)c2nnc3n2cc(cc3)C(F)(F)F
decoy,C38707391,CCCN1c2ccc(cc2OCC(C1=O)(C)C)NC(=O)CC3CCCCC3
decoy,C38520241,Cn1c2c(c(n1)NC(=O)C3c4ccccc4Oc5c3cccc5)[C@@H](CC(=O)N2)c6cccs6
decoy,C63165325,Cc1ccc(cc1)N2[C@@H](NN[C@@H]2SCC3[NH+]=c4ccccc4=[NH+]3)c5cccc(c5)Cl
decoy,C33897395,CCc1ccc(cc1)N2C(=O)[C@H]3[C@@H]([NH2+][C@@]([C@@H]3C2=O)(CC4CCCCC4)C(=O)[O-])c5ccc(cc5)N(C)C
decoy,C12589279,CC[NH+](CCn1cccn1)Cc2c(oc(n2)c3ccc(cc3)c4ccccc4)C
decoy,C35710481,CCCN1C(=C([C@H](NC1=O)c2ccc(cc2)NC(=O)/C=C/c3ccc(cc3)[N+](=O)[O-])C(=O)OCC(C)C)C
decoy,C64735019,c1ccc2=[NH+]CC(=c2c1)C[C@@H](C(=O)NC3CCCCC3)NC(=O)c4ccc(cc4)F
decoy,C66396691,CC(C)(C)c1ccc(cc1)[C@H](C#N)NC(=O)CCCc2nc(no2)C(C)(C)C
decoy,C06408532,Cc1ccc2c(c1)cc(c(=O)[nH]2)[C@@H](c3nnnn3C(C)(C)C)[NH+](Cc4ccc(cc4)F)Cc5ccco5
decoy,C09235404,CC(C)(C)[C@@H]1CCc2c(sc(c2C#N)NC(=O)CSc3[nH]nc(n3)c4ccc(cc4)OC)C1
decoy,C09310130,CC(C)c1ccc(cc1)N2C(=O)[C@@H](C(=O)NC2=O)/C=N/C3CC[NH+](CC3)Cc4ccccc4
decoy,C20876866,CCCCCC[NH2+]Cc1cc(c(c(c1)Br)OCc2ccc3c(c2)OCCO3)OC
decoy,C42318524,CCC1CCC(CC1)N(C)[C@@H](C[NH3+])c2ccc(s2)Br
decoy,C28350737,Cc1ccc(s1)S(=O)(=O)N2CCC[C@H](C2)C(=O)Nc3nc(cs3)c4ccc5c(c4)CCO5
decoy,C48261991,c1cc(ccc1CNC(=O)NCc2cc[nH]n2)N3CCSCC3
decoy,C22224411,Cc1cc2c(cc1C(C)C)c(cc(=O)o2)CN3C(=O)[C@](NC3=O)(C)c4cc(ccc4F)F
decoy,C01886702,CC1(CC2=C(C(=O)C1)[C@](C(=O)N2Cc3cc(cc(c3)OC)OC)(C(F)(F)F)NC(=O)CCc4ccc(cc4)OC)C
decoy,C39678231,CC(=O)Oc1ccccc1C(=O)N2C[C@H](C3(C2)CC[NH2+]CC3)C(=O)NCc4ccccc4N5CCCCC5
decoy,C01202427,CC1=C([C@@H](C2=C(N1)C[C@H](CC2=O)c3ccccc3)c4cccc(c4)[N+](=O)[O-])C(=O)OC5CCCC5
decoy,C23683898,Cc1cccc(c1)O[C@@H](C)C(=O)N(CCC(C)C)c2c(n(c(=O)[nH]c2=O)Cc3ccccc3)N
decoy,C41124176,CC(C)(C)[C@@H](c1nc(on1)c2ccc(cc2)S(=O)(=O)C)[NH3+]
decoy,C36027121,C[C@H]1C(=O)N(C2([NH2+]1)CCN(CC2)S(=O)(=O)c3cccc(c3)Cl)Cc4ccccc4
decoy,C39355138,c1ccc(cc1)[C@H]2C(=c3ccccc3=[NH+]2)/C=N/N=C/4\NC(=O)[C@@H](S4)CC(=O)Nc5ccc(cc5)Cl
decoy,C00339952,CC(C)(C)C(=O)N[C@@H](C(Cl)(Cl)Cl)[NH+]1CCCCCC1
decoy,C45599671,c1ccc2c(c1)c3c(o2)c(=O)n(cn3)CC(=O)OCc4nc(c5c6c(sc5n4)CCCCC6)N
decoy,C64565643,C[C@H]1CCCC[NH+]1CCNC(=O)CCC(=O)N2CCc3c(c(nn3C)C(=O)Nc4ccccc4)C2
decoy,C62893374,CCC[C@]1(CC[NH2+]C1)C(=O)Nc2ccc(cc2[N+](=O)[O-])Br
decoy,C28165348,Cc1nc2c(c3c(s2)CCC3)c(n1)SCc4cc([nH]n4)[O-]
decoy,C36500854,C/C=C\[C@H](C(=O)NCS(=O)(=O)c1ccc(cc1)C)N(Cc2ccco2)C(=O)c3cccc(c3O)O
decoy,C40987366,Cc1ccc(cc1)[C@@H](CNC(=O)c2cc(on2)c3ccc(c(c3)F)F)[NH+]4CCCCC4
decoy,C11515432,Cc1ccc(cc1C)n2c(nnc2SCCC(=O)Nc3cc(on3)C)c4ccccc4
decoy,C09404328,C=CCN(CC=C)S(=O)(=O)c1ccc(cc1)C(=O)/C(=C\2/Nc3ccccc3S2)/C#N
decoy,C39688730,C[C@@H](Cc1ccc(cc1)F)NC(=O)[C@@H]2CN(CC23CC[NH2+]CC3)C(=O)c4ccc(o4)c5ccccc5F
decoy,C65892594,Cc1ccc(c(c1)OCC(F)(F)F)NC(=O)CNc2ccccc2[N+](=O)[O-]
decoy,C45555044,c1cc2cccc3c2c(c1)N(S3(=O)=O)Cc4ccc(cc4[N+](=O)[O-])C(=O)N
decoy,C59385120,CC1=C([C@H](NC(=S)N1)c2ccccc2O)C(=O)N/N=C/c3ccccc3
decoy,C48183312,Cc1cc(ccc1NC(=O)N[C@@H](c2ccc3c(c2)OCCO3)C(C)C)C(=O)NC
decoy,C56206904,CC[C@H](C)c1ccccc1NC(=O)[C@@H](C)Nc2ccc(cc2C)OCC(=O)N
decoy,C63961737,Cc1ccc(cc1NC(=O)c2ccc(s2)NC(=O)c3ccco3)C#N
decoy,C38597967,Cc1ccc(c(c1)[N+](=O)[O-])NC(=O)C(=O)NC[C@@H](c2ccco2)[NH+]3CCN(CC3)c4ccc(cc4)F
decoy,C08922867,CC(C)(C)c1ccc2c(c1)O[C@@H](CO2)C(=O)NN=Cc3ccc4c(c3)OCO4
decoy,C00917055,COc1ccc2cc(c(=O)[nH]c2c1)CN(Cc3ccc4c(c3)OCO4)S(=O)(=O)c5ccccc5C(F)(F)F
decoy,C63974723,C[C@H]1C(=c2ccccc2=[NH+]1)C3=CCN(CC3)C(=O)NC4=NN[C@@H](S4)C
decoy,C49211752,Cc1c[nH]/c(=N/C(=O)NCCc2cc(ccc2F)Br)/s1
decoy,C23228391,C[C@@]1(C(=O)N(C(=O)N1)CC(=O)N2CCCSc3c2cccc3)C4CC4
decoy,C38660051,CCCCOc1ccc(cc1OC)[C@H]2c3ccc(cc3OC(=C2C#N)N)OC(=O)c4cccc(c4)C
decoy,C25570750,Cc1cc(c(n1c2nccs2)C)C(=O)CSc3nnc(n3N)COc4cccc(c4)OC
decoy,C58017095,C[C@@H](C(=O)OCC(C)C)Sc1ccc(cc1)C(=O)C2CC2
decoy,C35829408,CCCN(Cc1cccn1Cc2ccc(o2)C(=O)NCCC[NH+]3CCCC[C@@H]3C)C(=O)c4ccccc4C
decoy,C40317097,CCCOc1ccc(cc1)C[NH+](Cc2ccco2)C[C@@H](COc3ccccc3Br)O
decoy,C35545253,Cc1ccc(cc1)N2CCN3c4ccc(cc4C[C@@H]([C@@H]3C2)C(=O)NCc5ccncc5)C(F)(F)F
decoy,C39942171,C[C@@H](C(=O)NCc1ccco1)S[C@@H]2NN=C(N2C3CC3)C4=c5ccccc5=[NH+]C4
decoy,C18103943,CN1CCc2c(s/c(=N\C(=O)c3cc4c(s3)-c5ccccc5CC4)/[nH]2)C1
decoy,C04789083,CC(C)Cn1cc(c2c3ccccc3n(c2c1=O)C)C(=O)NCC[NH+](C)Cc4ccccc4
decoy,C20033372,c1ccc(cc1)[C@@H]2CCN3CC[C@H](c4c3c2cc(c4)/N=C/c5ccccc5O)c6ccccc6
decoy,C67312961,Cc1ccc(cc1C(=O)N)NC(=O)N[C@@H](c2cccs2)C3CCCC3
decoy,C35696743,Cc1ccc(cc1)Cc2nc(no2)c3ccc(cc3)N
decoy,C39597549,Cc1cccc(c1)C(=O)N2C[C@@H](C3(C2)CC[NH2+]CC3)C(=O)NCCc4c[nH]c5c4cccc5
decoy,C36601010,Cc1ccc(o1)CN([C@@H](c2ccc(cc2)N(C)C)C(=O)NC3CCCCC3)C(=O)CNC(=O)c4ccccc4
decoy,C44924225,c1ccc(cc1)C[C@@H](c2ccccc2)C(=O)N3CCN(CC3)c4ccc5c(c4)[nH]c(=O)[nH]5
decoy,C36205617,Cc1ccc(cc1)c2csc3c2c(=O)[nH]c(n3)C[NH+](C[C@H](COCc4ccccc4)O)C(C)C
decoy,C13065525,Cc1cccc2c1[nH]c(=O)c(c2)C[NH+](Cc3ccc(cc3)OC)Cc4nnnn4Cc5ccc(cc5)F
decoy,C05469663,CCC[C@@H]1CCc2c(sc(c2C(=O)N)NC(=O)c3cccc(c3)[N+](=O)[O-])C1
decoy,C11997789,Cc1ccc(cc1S(=O)(=O)NC[C@@H](c2ccc(cc2)OC)[NH+](C)C)N3C(=O)CCS3(=O)=O
decoy,C67392661,C[C@H]1CCC[NH+](C1)C(C)(C)CNC(=O)C(=O)N2CCc3c2cccc3
decoy,C39709145,Cc1ccc2=[NH+][C@@H]([NH+]=c2c1)/C(=C/c3cccn3c4ccc(cc4)S(=O)(=O)N)/C#N
decoy,C14746838,CC(C)Cn1c2c(c(n1)C(=O)N3CCOCC3)C[C@H](CC2)[NH2+]CCCc4ccncc4
decoy,C35778368,CC(C)[C@@H](C[NH+](Cc1c(nn(c1Oc2ccc(cc2)F)C)c3ccccc3)C[C@@H]4CCCO4)O
decoy,C09125614,C[C@@H](C(=O)Nc1ccc(cn1)Cl)Sc2nnc(n2c3ccccc3OC)c4cccs4
decoy,C10002451,CCc1ccccc1NC(=O)CSc2nnc(n2C)[C@@H](C(C)C)NC(=O)c3ccc4c(c3)OCO4
decoy,C02265252,CC(=O)c1ccc(cc1)NC(=O)CSc2nnc3n2c(nc4c3c5c(s4)COC(C5)(C)C)N
decoy,C05175361,C[C@H]1C(=O)Nc2cc(ccc2O1)C(=O)[C@H](C)Cl
decoy,C01213592,CCOc1ccccc1[C@@H]2C3=C(C[C@H](CC3=O)c4ccc5c(c4)OCO5)Nc6ccccc6N2
decoy,C19225938,C[C@]1(C(=O)N(C(=O)N1)Cc2ccc(cc2)F)C3CCN(CC3)C(=O)CCc4c[nH]c5c4cccc5
decoy,C11348265,Cc1cc(cc(c1)CSc2nnc(o2)c3c[nH]c4c3cccc4)C
decoy,C06135154,CCc1ccc2c(c1)cc(c(=O)[nH]2)[C@@H](c3nnnn3C(C)(C)C)[NH+]4CCN(CC4)c5ccc(cc5)OC
decoy,C54644401,Cc1ccc(c(c1)C)NC(=O)C2=C(Nc3nc(nn3[C@H]2c4cccc(c4)OC)SCc5ccccc5)C
decoy,C12875943,Cc1cccc(c1C)NC(=O)CNC(=O)c2cc3c(s2)CC[C@@H](C3)C
decoy,C63830630,CCCn1c2ccc(cc2nc1CCC(=O)NC[C@H]3C(=CC(=NC3=O)C)C)S(=O)(=O)N4CCCC4
decoy,C43596899,C[NH2+]C[C@@H]1CCCN(C1)c2ccc(cc2Br)[N+](=O)[O-]
decoy,C39685866,CC(C)[C@@H](C(=O)NC(C)(C)C)NC(=O)[C@@H]1CN(CC12CC[NH2+]CC2)C(=O)c3csc4c3cccc4
decoy,C56231211,c1cc2c(cc1[N+](=O)[O-])cc([nH]2)C(=O)OCCc3c[nH]nc3C(F)(F)F
decoy,C00083131,c1ccc2c(c1)N[C@H](C(=O)N2)CC(=O)Nc3ccccc3OC(F)F
decoy,C67629551,C[C@H](c1ccccc1[N+](=O)[O-])OC(=O)CNC(=O)NCc2ccc(cc2)Cl
decoy,C36654293,c1cc(ccc1[C@H](C(=O)N)N2CCN(CC2)c3ccc(cc3[N+](=O)[O-])C(F)(F)F)Cl
decoy,C50769212,Cc1ccc(cc1)C[C@@H]2CCCN(C2)C(=O)[C@@H](C)NC(=O)N
decoy,C17665340,c1ccc(cc1)[C@@H]2CSc3ccccc3N2C(=O)CSc4nnc(n4N)c5ccccc5F
decoy,C64609372,Cc1ccc(cc1NC(=O)[C@H](C)Nc2ccc3c(c2)n(c(=O)n3C)C)F
decoy,C34907208,c1ccc2c(c1)[nH+]c(n2C3CCCC3)N4CC[C@@H](C4)NC(=O)COc5ccc(cc5)Cl
decoy,C36083329,CC[NH+](CC)CCN(CC(=O)N1CCCN(CC1)c2ccc(nn2)c3ccc(cc3)F)C(=O)NC(C)C
decoy,C59475529,C=CCn1c(nnc1SCC(=O)N/N=C/c2cccc3c2cccc3)CNc4cccc5c4cccc5
decoy,C12660157,C[C@H](C(=O)OC)[NH2+]Cc1c(cco1)CC[C@H]2C(=C)CC[C@H]3[C@@]2(CCC[C@]3(C)C(=O)OC)C
decoy,C20969016,CC(C)Cn1c(c(c(=O)[nH]c1=O)N(CC(C)C)C(=O)c2c(ccc(n2)Cl)Cl)N
decoy,C35576224,c1cc(ccc1c2c(sc(n2)N)C(=O)Nc3cc(ccc3Cl)C(F)(F)F)[N+](=O)[O-]
decoy,C00024301,CCc1cccc(c1CNc2cc(cn3c2nc(c3C)C)C(=O)N)C
decoy,C36063044,CC[NH+](CC)[C@H](CNC(=O)CN1C(=O)[C@@](NC1=O)(C)c2ccc(cc2)C)c3ccccc3
decoy,C14633994,CC(C)[NH+](CCn1c(=O)c2ccccc2nc1SCC(=O)Nc3cc(no3)C(C)(C)C)C(C)C
decoy,C22399370,CS(=O)(=O)N(CC(=O)N1CC(=O)Nc2c1cccc2)c3ccccc3Oc4ccccc4
decoy,C11854623,CCc1cc(=O)[nH]c(n1)n2c(cc(n2)c3cccs3)NC(=O)C(c4ccccc4)c5ccccc5
decoy,C09828976,COc1ccc(cc1)N2CC[NH+](CC2)[C@@H](CNC(=O)C(=O)NCCc3ccccc3OC)c4ccco4
decoy,C39792165,C[C@@]12C[C@@H](CC(C1)(C)C)[NH+](C2)Cc3cccc(c3)C(=O)[O-]
decoy,C38650617,CCCOc1ccc(cc1)[C@@H]2c3ccc(cc3OC(=C2C#N)N)OC(=O)COc4ccccc4[N+](=O)[O-]
decoy,C14241794,c1ccc(cc1)C(=O)NNC(=O)C[C@](c2ccccc2)(C(F)(F)F)O
decoy,C13098034,CCN(CC)S(=O)(=O)c1ccc(c(c1)NC(=O)C[NH2+]Cc2ccc3c(c2)OCO3)N4CCCCC4
decoy,C25041830,Cc1ccc(cc1)c2cnc(n2c3ccccc3)SCc4nc(nc(n4)N(C)C)N
decoy,C18355815,CCCN(Cc1nnc(o1)c2cccs2)C(=O)CSc3nnc(n3N)c4ccccc4Cl
decoy,C13750240,CCOc1ccc(cc1OC)/C=C\2/C(=O)N/C(=N\c3ccc(cc3C)C)/S2
decoy,C44145072,CCC[C@@H](C(=O)NCC[NH+](C)C)n1c(c(cc1c2ccc3c(c2)C(CCC3(C)C)(C)C)C(=O)N)C
decoy,C01341899,Cn1c2ccccc2nc1[C@@H](C(=O)NC[C@@H]3CCCO3)N(c4ccc5c(c4)OCO5)C(=O)Cn6c7ccccc7nn6
decoy,C63161403,C[NH+](C)[C@H](CNC(=O)Nc1cc(c[nH]c1=O)C(F)(F)F)c2ccc(cc2)F
decoy,C00590240,CCc1cc2c(cc1CC)CC(C2)[NH2+]C[C@H](c3ccc(c4c3ccc(=O)[nH]4)[O-])O
decoy,C36501102,Cc1ccc(c(c1)C)[C@@H](C(=O)NC(C)(C)CC(C)(C)C)N(Cc2ccco2)C(=O)CCc3ccc(cc3)OC
decoy,C18190885,c1cc(ccc1/C=N/NC(=[NH2+])S[C@H]2CC(=O)N(C2=O)c3cc(ccc3Cl)Cl)Cl
decoy,C23369522,c1cc(oc1)Cn2c(nnc2SCC(=O)Nc3c(cc(cn3)C(F)(F)F)Cl)CCC(=O)N
decoy,C04082258,COc1ccc(cc1OC)[C@@H]2CC3=C([C@H](Nc4ccccc4N3)c5cc(c(cc5OC)OC)OC)C(=O)C2
decoy,C63785074,c1ccc(cc1)S(=O)(=O)N2CCNC(=O)[C@H]2CC(=O)NCCC3=c4ccccc4=[NH+]C3
decoy,C12098648,c1ccc(cc1)C(=O)N[C@@H]2c3ccccc3C4([C@H]2O)CC[NH+](CC4)C5C6CC7CC(C6)CC5C7
decoy,C07789525,CC[NH+](CC(=O)NC(C)C)CC(=O)NC(=O)NC12CC3CC(C1)CC(C3)C2
decoy,C59284269,Cc1ccc(cc1NC(=O)CC23C[C@H]4C[C@@H](C2)CC(C4)(C3)Br)n5cnnn5
decoy,C39667267,COc1ccc(c(c1)OC)C(=O)N2C[C@H](C3(C2)CC[NH2+]CC3)C(=O)NCc4ccc(cc4)SC
decoy,C09958881,C[NH+](Cc1ccc(cc1)SC)Cc2nc(no2)c3cccc(c3)C(F)(F)F
decoy,C23118686,Cc1ccc(cc1)S(=O)(=O)N(C[C@H](CN2CC[NH+](CC2)Cc3ccccc3)O)c4ccc(cc4)OC
decoy,C62578538,Cc1cc2cc(ccc2[nH]c1=O)CCNC(=O)Cc3c[nH]c4c3cccc4
decoy,C39198079,Cc1ccc(cc1)S(=O)(=O)n2cc(c3c2cccc3)/C=C/C(=O)N4CCC(CC4)[NH+]5CCC(=O)NCC5
decoy,C11055791,c1ccc(c(c1)C(F)(F)F)n2c(=O)c3c4c(sc3nc2SCC(=O)NC(=O)N)CCCC4
decoy,C38785219,CC(C)c1ccc(cc1)C2=C3C(=NC(=NC3=O)SCC(=O)N/N=C/c4ccc(c(c4)OC)O)SC2
decoy,C13063803,CC[C@@H](c1nnnn1C(C)(C)CC)[NH+](CCc2ccc(c(c2)OC)OC)Cc3cc4ccc(cc4[nH]c3=O)C
decoy,C12038473,CC(C)CCn1cc(c(=O)c(c1)C(=O)N2CCC(CC2)[C@H](C)[NH+]3CCCC3)C(=O)NC(C)(C)C
decoy,C09359353,CC(C)C[C@@H](C(=O)Nc1nc(cs1)c2ccccc2)N3C(=O)c4ccccc4C3=O
decoy,C63383579,CC[C@@H](C)[C@@H](C(=O)NCCCOC)NC(=O)[C@@H]1CC2=c3ccccc3=[NH+][C@H]2[C@@H]4N1C(=O)c5c4cccc5
decoy,C07505245,c1ccc(c(c1)C(=O)Nc2ccc(cc2)F)[N-]S(=O)(=O)c3ccccc3F
decoy,C00658900,CC(C)NC(=O)c1c(c2c(cc(nc2s1)c3cccs3)c4ccc(cc4)F)N
decoy,C39674374,C[C@@H]1C(=C(N=N1)C)[C@@H](C)NC(=O)[C@@H]2CN(CC23CC[NH2+]CC3)C(=O)COc4cccc(c4)Cl
decoy,C14808746,Cc1ccc(cc1)c2c(sc3c2c(=O)[nH]c(n3)CSc4nnc(s4)NCc5ccco5)C
decoy,C05085298,CCCCC(=O)N(c1ccc(cc1)Nc2c3ccccc3[nH+]c4c2ccc(c4)[N+](=O)[O-])S(=O)(=O)C
decoy,C14840441,CC(C)(C)[C@H]1CCc2c(cc(s2)C(=O)NNC(=S)NC3CC3)C1
decoy,C09238358,c1ccc(cc1)c2nnc3n2N[C@@H]([C@H](S3)C(=O)Nc4ccccc4C(F)(F)F)c5ccc(cc5)F
decoy,C22011945,c1cc(c(cc1Cl)N)Sc2ccc(cc2[N+](=O)[O-])Cl
decoy,C20917792,Cc1ccc(cc1)/C=N/Nc2nnc(n2N)SCC(=O)OC3CCCCC3
decoy,C38704798,Cc1cc(c(c(c1)O)c2c3c([nH]n2)C(=O)N([C@H]3c4ccc(c(c4)Cl)Cl)C[C@@H]5CCCO5)C
decoy,C03158305,CC1=C([C@@H](C2=C(N1)CC(CC2=O)(C)C)c3ccc(cc3)Br)C(=O)OC4CCCCC4
decoy,C12441900,CC1(Cc2c(cnc(n2)C(C)(C)C)[C@H](C1)NC(=O)c3ccco3)C
decoy,C01137474,Cc1ccccc1NS(=O)(=O)c2ccc(cc2)NS(=O)(=O)c3ccccc3
decoy,C45727405,c1cc(sc1)[C@H](CNC(=O)CCNc2ccc(cc2[N+](=O)[O-])C(F)(F)F)[NH+]3CCCC3
decoy,C14665658,Cc1cc(cc(c1)OCC(=O)NNC(=O)[C@H](C)Oc2ccc(cc2)C(C)(C)C)C
decoy,C39325229,Cc1ccc(c2=[NH+]C(=O)[C@@H](C=c12)CN(Cc3ccccc3)S(=O)(=O)c4ccc(cc4)Br)C
decoy,C21169331,CCCOC(=O)c1ccc(cc1)N2[C@H](Nc3c4c(cc(nc4sc3C2=O)C)COC)C
decoy,C40169898,Cc1ccc(cc1)c2csc(c2C(=O)N)NC(=O)CCSc3nnc4n3c5ccccc5cc4
decoy,C61676570,CC[C@@H](C(=O)N)Nc1c(cc(cc1Br)C)Br
decoy,C10355088,Cc1cc(no1)NC(=O)C2=C(N(C(=S)N[C@H]2c3ccc(cc3OC)OC)c4ccccc4OC)C
decoy,C49962811,CCc1ccc(cc1)Cn2cc(c(n2)[N+](=O)[O-])Br
decoy,C35759047,Cc1ccc(cc1)C(=O)N2CCC3(CC2)C(=O)N(CN3c4ccccc4)CC(=O)NC5CCCCC5
decoy,C44981830,CCOc1c(ccc(n1)NC[C@H]2CCCOC2)N
decoy,C66076817,Cc1ccccc1c2nc(nn2CN3CCO[C@@H]4[C@@H]3CCCC4)C
decoy,C05452134,CCCC(=O)Nc1c(c(=O)c2cccc(c2o1)C)c3ccc(cc3)Cl
decoy,C35746698,Cc1c2c(=O)[nH]c(nc2sc1C(=O)OCC=C)C[NH+](C[C@@H](Cc3ccccc3)O)C4CC4
decoy,C12572362,c1ccc2c(c1)CCN2S(=O)(=O)c3ccc(cc3)/N=C\4/c5ccccc5NC4=O
decoy,C60031972,Cc1cc(c(n1c2cccc(c2)Cl)C)C(=O)Nc3c(n(n(c3=O)c4ccccc4)C)C
decoy,C07684049,C[C@@H](CNC(=O)C1CCN(CC1)S(=O)(=O)c2ccc3ccccc3c2)C[NH+](C)C
decoy,C13430169,CCC1=C(C(=Nc2ccccc2N1)N/C=C/3\c4ccccc4C(=O)N(C3=O)c5ccc(cc5)C)C(=O)OCC
decoy,C13122227,CC1=C([C@H](n2c(nc(n2)c3cccs3)N1)c4ccc(cc4)OC)C(=O)Nc5cccnc5
decoy,C02062681,CC(C)(C)c1ccc(c(c1)[C@H]2Nc3c(c4c(s3)CCCC4)C(=O)N2)O
decoy,C52121111,c1cc2c(c(c1)N)CCN(C2)c3cc(ccc3[N+](=O)[O-])F
decoy,C13917353,c1cc(c(cc1[N+](=O)[O-])Cl)N2C3=C([C@H](C(=C2N)C#N)c4cc(cs4)Br)C(=O)CCC3
decoy,C23576328,Cc1c(c(n(n1)c2ccccc2)C)NC(=O)COC(=O)c3ccc(s3)NC(=O)c4ccco4
decoy,C11307420,c1ccc(cc1)n2c(nc(n2)C(=O)OCC(=O)c3c[nH]c4c3cccc4)c5cccs5
decoy,C09789683,c1ccc2cc(ccc2c1)S(=O)(=O)N3CCC(CC3)C(=O)NC[C@@H](c4ccco4)[NH+]5CCCCC5
decoy,C23788863,C[C@]1(C(=O)N(C(=O)N1)CC(=O)NC[C@H](c2ccccc2Cl)[NH+](C)C)c3ccc(cc3)OC
decoy,C63671410,CCn1ccc2c1ccc(c2)S(=O)(=O)N3CCC(CC3)C(=O)NCCC4=c5ccccc5=[NH+]C4
decoy,C23337908,CCCCc1[nH]cc([nH+]1)CN2CCC[C@H](C2)C(=O)Nc3ccc(cc3)c4ccco4
decoy,C67585306,CCCC(=O)Nc1cccc(c1C)NC(=O)N[C@@H](C)Cc2ccc(cc2)O
decoy,C53123550,Cc1cc(cc(c1C)NC(=O)C[NH2+]C(C)(C)CC(C)(C)C)S(=O)(=O)N
decoy,C11350721,CCCCn1c(c(c(=O)[nH]c1=O)N(CCC)CC(=O)Nc2ccc(cc2)N3CCCC3=O)N
decoy,C38915295,Cc1ccc(cc1)SCC2=C3[C@@H](C(=C(O[C@@H]3N=N2)N)C#N)c4ccc(cc4)Cl
decoy,C06410154,Cc1ccc2cc(c(=O)[nH]c2c1C)CN(C3CCCCC3)S(=O)(=O)c4cccc5c4nsn5
decoy,C24527655,c1cc(ccc1[C@H](C(=O)N)[NH+]2CCN(CC2)c3ccc(cn3)S(=O)(=O)N4CCCC4)Cl
decoy,C63920246,c1ccc(cc1)C[C@H](C(=O)NC[C@H](c2ccccc2Cl)C3=c4ccccc4=[NH+]C3)NC(=O)N
decoy,C04508359,Cc1ccc(cc1C)C(=O)[C@@H](C)OC(=O)c2ccc(c(c2)[N+](=O)[O-])N(C)C
decoy,C23131312,c1cc2c(cc1[N+](=O)[O-])cc(s2)C(=O)Nc3ccc(cc3Cl)F
decoy,C24988917,C[C@@H](C(=O)Nc1ccccc1F)[NH+]2CCC(CC2)NS(=O)(=O)c3cccs3
decoy,C58924795,c1ccc(cc1)S(=O)(=O)N(CC(=O)N/N=C/c2cccnc2)c3ccc(c(c3)C(F)(F)F)Cl
decoy,C14539575,CC(C)(C)NS(=O)(=O)c1cc(cc(c1)NC[C@@H]2CCC=CC2)C(=O)NC[C@H]3CCC[NH+](C3)C
decoy,C29050003,CC(C)(C)c1ccc2cc([nH]c2c1)C(=O)NNC(=S)NC3CCCC3
decoy,C07724673,CCCCN(c1c(n(c(=O)[nH]c1=O)CC(C)C)N)C(=O)c2cc(cc(c2)C)C
decoy,C62875088,CC[C@@]1(CCCN(C1)C(=O)Nc2nc(c(s2)C)C)C(=O)[O-]
decoy,C32623076,CCc1ccc(cc1)[C@@H](CNC(=O)c2cc(on2)c3ccc(cc3)OC)[NH+]4CCCC4
decoy,C40386468,CCCC[C@@H](CC)C(=O)N1CCN(CC1)c2[nH]c(=O)cc(n2)C[NH+]3CCN(CC3)Cc4ccccc4
decoy,C21110241,Cc1cc(n(n1)c2nc3c(cnn3c4ccccc4)c(n2)[O-])NC(=O)C(C)C
decoy,C08747803,c1ccc(cc1)C[C@H](c2[nH]c3ccccc3n2)NC(=O)CCN4C(=O)C5(CCCC5)NC4=O
decoy,C21298084,Cc1cccc(c1C)NC(=S)NNC(=O)c2c(cco2)C
decoy,C19893213,C[C@@]12CCCN3[C@@H]1c4c(c5cc(ccc5n4C(=C2)C(=O)OCCO)S(=O)(=O)NCCCOC)CC3
decoy,C66396321,CCCC[C@H](C(=O)Nc1nc(cs1)c2ccc(cc2)OC(C)C)NC(=O)N
decoy,C67332890,c1cc([nH]c(=O)c1C(=O)NC[C@H]2CCC[NH+]2CC3CCCCC3)c4ccncc4
decoy,C35424534,C[NH+]1C[C@H](C[C@H]1c2nc(no2)c3ccc(cc3)OC)NCc4ccc(cc4)OC
decoy,C25586107,CCc1ccccc1NC(=O)/C(=N\NC(=S)NN)/CC(=O)/C=C/c2cccc(c2)[N+](=O)[O-]
decoy,C20210064,C[C@@H](c1nnc2n1CC[NH+](CC2)Cc3ccc(cc3)C(C)C)NC(=O)CCc4ccccc4
decoy,C06135234,CCc1ccc2c(c1)cc(c(=O)[nH]2)[C@@H](c3nnnn3C[C@@H]4CCCO4)[NH+]5CCN(CC5)c6ccccc6F
decoy,C39371217,CC1=C([C@@H](NC(=S)N1)c2ccccc2)C(=O)N/N=C/c3ccccc3O
decoy,C48605316,CC1(CC(CC([NH2+]1)(C)C)NC(=O)C(=O)Nc2ccc(cc2)N3CCNC3=O)C
decoy,C55334367,Cc1ccc(cc1F)c2c(c(on2)N)c3ccccc3Br
decoy,C37328330,c1ccc(cc1)N2CCN(CC2)[C@@H](C[NH3+])c3ccc(s3)Cl
decoy,C00319977,Cc1ccsc1c2c(n3cc(ccc3n2)Cl)NC4CCCCC4
decoy,C47340747,Cc1c(c(on1)C)CC(=O)NNC(=S)N[C@H]2CCCC[C@H]2C
decoy,C04219524,Cc1ccccc1CN(C)C(=O)COC(=O)CSc2ccc(cc2)[N+](=O)[O-]
decoy,C64428204,Cc1c(c(n(n1)Cc2cc(ccc2OC)[C@H]3[C@H]4C(=c5cc(ccc5=[NH+]4)OC)CCN3)C)Br
decoy,C13637734,CC(C)Oc1ccc2c(c1)[C@H]3C=CC[C@H]3[C@@H](N2)c4ccc(cc4)O
decoy,C33428995,Cc1ccc(cc1)N2C(=O)[C@]3(Cc4cc(ccc4N5[C@@H]3CN(CC5)c6cccc[nH+]6)Br)C(=N2)C
decoy,C06162457,CCCOc1ccc(cc1)[C@H]2c3c(n[nH]c3OC(=C2C#N)N)c4cccs4
decoy,C09123780,CCc1ccc(cc1)[C@H]2c3c(n[nH]c3C(=O)N2CCc4ccc(c(c4)OC)OC)c5cc(cc(c5O)C)C
decoy,C65882725,Cc1c2c([nH]c1C(=O)Nc3ccc(cc3)c4nc(on4)C(C)(C)C)CCCC2=O
decoy,C16231252,Cn1c(=O)c2ccccc2c(n1)C(=O)NNC(=O)/C=C/c3csc(n3)c4ccc(cc4)F
decoy,C65475712,c1ccc(cc1)Cn\2cc[nH]/c2=N\C(=O)c3c4ccccc4ccn3
decoy,C00841911,Cc1c2c(n(n1)c3ccc(cc3)Br)OC(=C([C@@H]2c4ccc(cc4Cl)Cl)C#N)N
decoy,C09227607,CC[C@@H]1CCCC[NH+]1Cc2ccc(o2)CNC(=O)Nc3cn(c(=O)c4c3cccc4)CC(C)C
decoy,C34835409,CCCN(Cc1c(nn(c1N2CC[NH+](CC2)C(C)C)c3ccc(cc3)F)CC)C(=O)CCC4CCCC4
decoy,C17156186,c1cc(ccc1NC(=O)CSc2ncc(c(n2)N)S(=O)(=O)c3ccc(s3)Cl)Cl
decoy,C65479686,Cc1cc(ccc1NC(=O)N[C@H](C)Cc2ccc(cc2)O)C(=O)NC3CCCC3
decoy,C11789528,Cc1ccc2c(c1)C[NH+](C[C@@H](O2)C)CC(=O)NCc3cc([nH]n3)c4ccccc4
decoy,C05748509,C[C@H]1CCCC[C@H]1NS(=O)(=O)N(C)C
decoy,C32753384,CCC[NH+](CC(=O)Nc1ccc(c(c1F)F)F)CC(=O)N[C@@H]2CCOc3c2cccc3
decoy,C09529811,CCN(CCCNC(=O)CCCCCn1c(=O)c2ccc(cc2[nH]c1=O)C(=O)OC)c3cccc(c3)C
decoy,C10624774,Cc1cc(c(n1c2ccc(cc2)S(=O)(=O)N)C)C(=O)COC(=O)CCCc3c[nH]c4c3cccc4
decoy,C49464211,Cc1cc(cc(c1OC)C)S(=O)(=O)Nc2ccc3c(c2)C(=O)N4CCCC[C@H]4CCO3
decoy,C09347113,CC[C@@H](C(=O)Nc1nnc(s1)c2ccc(cc2Cl)Cl)Sc3nncn3C
decoy,C62766424,c1[nH]c2c(n1)ncnc2S[C@@H]3CCCCC[C@@H]3C(=O)[O-]
decoy,C29767763,Cc1c(sc(n1)c2ccccc2)C(=O)N3C[C@@H](Oc4c3cccc4)C(=O)NC
decoy,C39668430,C[C@@H](CNC(=O)[C@H]1CN(CC12CC[NH2+]CC2)C(=O)c3ccccc3OC(=O)C)Oc4cccnc4
decoy,C66675396,CCOC(=O)N[C@H](C(C)C)C(=O)N(C)CC(=O)Nc1cc(cc(c1)F)F
decoy,C37289618,CC[C@@H](C)NC(=O)[C@@H](C)Oc1ccc(cc1C(=O)[O-])N
decoy,C63152159,COC(=O)[C@@H](CC1=c2ccccc2=[NH+]C1)NC(=O)[C@H](CCSC)NC(=O)OCc3ccccc3
decoy,C43119707,C[C@H]([C@@H](c1ccsc1)[NH+](C)Cc2ccccc2Br)[NH3+]
decoy,C39364668,Cc1cc2c(c(c1)Cl)O[C@H]([C@@H]2C)C(=O)NCC3=C(N=N[C@@H]3C)C
decoy,C39793619,c1cc(ccc1/C=C\2/C(=O)N(C(=S)S2)CCC(=O)Nc3nc4c(s3)CCCC4)OC5CCCCC5
decoy,C14739343,CCn1c2ccc(cc2nc1CCC(=O)Nc3c(cccc3C(C)C)C)S(=O)(=O)N(C)C
decoy,C40313383,Cc1cccc(c1)OC[C@H](C[NH+](Cc2cc(c(c(c2)OC)OC)OC)[C@@H]3CCS(=O)(=O)C3)O
decoy,C04176432,COc1ccc(cc1OC)c2cc(no2)C(=O)Nc3c(c4c(s3)CCCC4)C(=O)N
decoy,C10125583,Cn1cc(c2c1cccc2)C(=O)NNC(=O)C[C@H](c3cccs3)NC(=O)N
decoy,C63664055,C[C@@H]1C(=c2cc(ccc2=[NH+]1)Cl)CCNC(=S)Nc3ccc(cc3)OC(F)(F)F
decoy,C12683503,c1ccc2c(c1)C(=O)c3ccc(c(c3C2=O)Cl)C(=O)OCC(=O)Nc4c(ccs4)C(=O)N
decoy,C39460348,Cc1ccccc1Nc2nc(nc(n2)N)CSCC3=NC(=O)C4=C([C@@H](SC4=N3)C)C
decoy,C04217317,CC1([C@@H](N2[C@H](S1)[C@@H](C2=O)NC(=O)[C@@H](c3ccccc3)NC(=O)CNC(=[NH2+])c4ccncc4)C(=O)[O-])C
decoy,C16074791,CC(C)C[NH+](CC(C)C)Cn1c(=S)n2c3ccccc3c(=O)n(c2n1)CC=C
decoy,C10698964,CCNS(=O)(=O)c1ccc(c(c1)C(=O)NC[C@@H](c2ccccc2)c3c[nH]c4c3cccc4)C
decoy,C39637345,C[C@@H]1CCC[C@@H]([C@@H]1C)NC(=O)[C@@H]2CN(CC23CC[NH2+]CC3)C(=O)c4cccc(c4)N(C)C
decoy,C35361452,CC(=O)[C@]1(CC[C@H]2[C@@]1(CC[C@H]3[C@@H]2CCC4=C/C(=N\OCC(=O)NCCc5c[nH]c[nH+]5)/CC[C@]34C)C)O
decoy,C35523525,C[C@H](CCc1ccccc1)NC(=O)c2ccc(o2)C[NH+]3CCn4cccc4[C@@H]3c5ccc(cc5F)F
decoy,C09090678,C=CCNC(=S)N1CC[NH+](CC1)[C@H]2c3cccc4c3c(ccc4)[C@H]2NS(=O)(=O)c5ccccc5
decoy,C28678045,C[C@H](C(=O)Nc1ccccc1OC)Sc2nnc(n2C[C@@H]3CCCO3)c4ccc(cc4)OC
decoy,C16653015,Cc1cccc(c1C)NC(=O)N(C[C@H]2CCCO2)CC(=O)N(Cc3ccc4c(c3)OCO4)Cc5ccco5
decoy,C32603007,CC1(OC[C@H](O1)[C@H]2[C@H]([C@H]3[C@@H](O2)OC(O3)(C)C)OC(=O)c4ccc(cc4)/N=N/c5ccc(cc5)N(C)C)C
decoy,C25415561,Cc1ccc(cc1)c2c(sc3c2c(=O)[nH]c(n3)C[NH+]4CCC[C@H]4c5ccc(cc5)OC)C
decoy,C66250809,c1ccc(cc1)S(=O)(=O)/N=c\2/[nH]c(cs2)C[NH+]3CCCCCC3
decoy,C14255200,C[C@@H](C(=O)Nc1ccc(cc1)S(=O)(=O)N2CCCC2)[NH+]3CCC(CC3)CCc4ccc(cc4)O
decoy,C01477630,COc1ccc(cc1)c2nnc(n2c3ccc(cc3)OC)SCC(=O)N/N=C/c4c[nH]c5c4cccc5
decoy,C14988957,c1cc(sc1)CNC(=O)c2cc3cc(ccc3o2)C4(CC[NH+](CC4)C[C@H]5CCC=CC5)O
decoy,C09189913,CCOC(=O)C1=C(Oc2cc([nH]c(=O)c2[C@]13c4ccccc4N(C3=O)Cc5ccc(cc5)Cl)C)N
decoy,C39593002,c1cc(ccc1C2=C[C@H](N=N2)c3nnc4n3N[C@@H](S4)c5ccc(o5)Br)Cl
decoy,C12007914,CC(C)c1cc(=O)[nH]c(n1)n2c(cc(n2)c3ccco3)NC(=O)C(=O)c4c[nH]c5c4cccc5
decoy,C58474757,C1C[C@@H](CN(C1)C(=O)N)C(=O)NCC(=O)NCC(F)(F)F
decoy,C60363281,Cc1ccc(c(c1)Sc2ccc(cc2)NC(=O)C[NH+]3CCC[C@H](C3)C4OCCO4)C
decoy,C38914972,CCCC1=C2[C@H](C(=C(O[C@@H]2N=N1)N)C#N)c3ccnc4c3cccc4
decoy,C08709514,CC(=O)c1cccc(c1)S(=O)(=O)N2CCC(CC2)C(=O)NC[C@H](c3ccco3)[NH+]4CCCCC4
decoy,C49060132,Cc1ccc(cc1)c2ccc(=O)n(n2)[C@H](C)C(=O)Nc3nc4c(s3)CCCC4
decoy,C08742555,c1ccc2c(c1)NC(=O)CN2C(=O)NCCC(=O)NCCc3ccc(cc3)Cl
decoy,C36502225,C[C@H](c1ccccc1)[C@@H](C(=O)NC(C)(C)C)N(Cc2ccco2)C(=O)C(c3ccccc3)(c4ccccc4)O
decoy,C65967103,COc1cccc(c1OC)c2nc(cs2)C[NH+]3CC4C[C@H]5C[C@@H](C4)CC3C5
decoy,C12703038,Cc1c(sc(n1)CNC(=O)C[C@@H]2C(=O)NCC[NH+]2Cc3ccc4ccccc4c3)C
decoy,C09052042,COc1ccc(cc1)[C@H](CNC(=O)CN2C(=O)CC3(C2=O)CCCC3)c4c[nH]c5c4cccc5
decoy,C08811462,CC[C@H]1CCCC[NH+]1CCCNC(=O)c2ccc(c(c2)NC(=O)C)Sc3ccc(cc3)C
decoy,C38806115,CCOC(=O)c1c2c(sc1NC(=O)/C=C/c3cc(c(c(c3)OC)OC)OC)C([NH2+]C(C2)(C)C)(C)C
decoy,C03289129,Cc1c(n2ccccc2n1)C(=O)NNC(=C)c3ccc(cc3)Cl
decoy,C08876618,Cc1ccc(cc1)C(=O)[C@@H]2[C@H]3CCC[NH+]3[C@]4([C@]25c6ccccc6NC5=O)c7ccccc7NC4=O
decoy,C39110391,Cc1ccn(c1CC[C@@]2(COC(=O)N2)C)C
decoy,C18249795,c1ccc2c(c1)cccc2N3C(=O)[C@H]4[C@@H](OC5([C@@H]4C3=O)C(=O)c6ccccc6C5=O)c7ccccc7Cl
decoy,C13915021,CCOc1cc(cc(c1OCC(=O)N)Br)/C=C\2/C(=O)NC(=O)N(C2=O)c3cccc(c3)C
decoy,C67231210,c1ccc(cc1)OS(=O)(=O)CC[NH+]2CCC[C@H]2c3cccc4c3OCCO4
decoy,C36642524,CC[NH+](CC)CCN(c1nc2c(cccc2s1)OCC)C(=O)c3c[nH]c4c3cccc4
decoy,C59804821,CCNC(=O)c1ccc(cc1NCC(=O)Nc2cc(ccc2Cl)C(F)(F)F)Cl
decoy,C65200164,Cc1ccc2cc([nH]c2c1)C(=O)NNC(=O)NCCc3cccs3
decoy,C65298388,CC[NH+]1CCC2(CC1)N[C@@H](CC(=N2)c3ccc(cc3)OCC)c4cccc(c4O)OCC
decoy,C36156564,COCC[NH+](Cc1[nH]c(=O)c2c3c(sc2n1)CCCC3)C[C@H](COCc4ccccc4)O
decoy,C36122264,CCCNC(=O)N(C[C@@H]1CCCO1)CC(=O)N2CCc3c(ccs3)[C@@H]2COc4ccc(cc4)C(C)C
decoy,C45602183,CCOC(=O)c1c(c2c(nc(nc2s1)COC(=O)c3csc(n3)c4ccc(cc4)Cl)N)C
decoy,C39709157,c1ccc(cc1)[C@H]2C(=c3ccccc3=[NH+]2)C(=O)CSc4[nH]c(=O)cc(n4)N
decoy,C19221786,Cc1ccc2cc([nH]c2c1)C(=O)N[C@@H](C)c3cc(=O)n4c([nH]3)cc(n4)C5CCOCC5
decoy,C05896427,Cc1ccc(cc1)S(=O)(=O)NNC(=S)Nc2ccccc2C
decoy,C13134091,CC(C)[C@H](C(=O)OCC(=O)O/N=C(/c1ccc(cc1)F)\N)NC(=O)c2ccccc2Br
decoy,C64215319,C[C@@H]1C(=O)Nc2cc(ccc2S1)C(=O)N[C@@H](CC3=c4ccccc4=[NH+]C3)C(=O)OC
decoy,C06142737,CCC(C)(C)[C@@H]1CC[C@H]2[C@@H](C1)c3cc(ccc3O2)NS(=O)(=O)c4cccc(c4)[N+](=O)[O-]
decoy,C36316055,CCC[NH+](Cc1c(nn(c1Oc2ccc(cc2)C)C)c3ccccc3)C[C@H](COc4ccccc4C)O
decoy,C15988690,c1ccc(cc1)S(=O)(=O)Cc2ccc(o2)C(=O)NC[C@@H](c3ccco3)[NH+]4CCCCC4
decoy,C35486713,Cc1cc2c(cc1C)oc3c(c2=O)[C@H](N(C3=O)CC[NH+](C)C)c4cc(c(c(c4)Br)O)OC
decoy,C39769050,C[C@@H](C(=O)N[C@](C)(C#N)C(C)C)S[C@@H]1NN=C(N1C2CC2)C3=c4ccccc4=[NH+]C3
decoy,C64653807,COc1ccc(cc1)/C=C\2/C(=O)N(C(=S)S2)CCC(=O)NCCC3=c4ccc(cc4=[NH+]C3)OC
decoy,C00828288,c1ccc2c(c1)nc(n2S(=O)(=O)c3ccc(c(c3)Cl)Cl)CNS(=O)(=O)c4ccc(c(c4)Cl)Cl
decoy,C10244910,CC[C@H](C)Sc1nc2c3ccccc3[nH]c2c(=O)n1c4ccc(c(c4)OC)OC
decoy,C21962702,CN(Cc1cnn(c1)c2ccccc2)C(=O)[C@H](Cc3c[nH]c4c3cccc4)NC(=O)c5cccs5
decoy,C12531465,C[C@@]1(CC[C@]2([C@@H](C1)C(C[C@@H]2[NH2+]C3CCN(CC3)C)(C)C)CCC(=O)NCCN4CCOCC4)O
decoy,C63752779,Cc1ccc2=[NH+][C@H](C(=c2c1)NC(=O)c3ccc(cc3)F)C(=O)NCc4c(nn(c4C)C)C
decoy,C06506953,c1ccc2c(c1)[nH]c3n2c(nn3)SCc4ccc(cc4)C#N
decoy,C12523502,c1ccc(c(c1)N2CC[NH+](CC2)CCCc3nc(no3)c4cccc(c4)C(F)(F)F)O
decoy,C34618050,c1cc(ccc1[C@@H](C(F)(F)F)O)[N+](=O)[O-]
decoy,C15277516,CCc1ccccc1Nc2nc(nc(n2)N)CSc3nc4ccccc4c(=O)n3c5cc(ccn5)C
decoy,C35744170,Cc1ccccc1OC[C@@H](C[NH+](Cc2ccccc2)Cc3c(noc3N4CCCC4)c5ccccc5)O
decoy,C19192936,Cc1ccc(c(c1)OCC(=O)NC[C@H](c2ccc(cc2)OC)c3c[nH]c4c3cccc4)[N+](=O)[O-]
decoy,C58236560,Cc1ccc(cc1)c2nc(cs2)CC(=O)N[C@H](C)c3ccc(cc3)NC(=O)N
decoy,C02329037,Cc1ccc(cc1)[C@H]2C(=C(NC3=C2C(=O)CCC3)SCC(=O)Nc4ccc(c(c4)C)C)C#N
decoy,C59287141,Cc1ccc(cc1)[C@@]2(C(=O)N(C(=O)N2)CC(=O)N[C@@H](C[NH+]3CCc4ccccc4C3)C(C)(C)C)C
decoy,C15218244,CC(C)(C)[C@H]1CC=C2[C@H](C1)[C@H](C(C(=C2C#N)N)(C#N)C#N)c3c[nH]c4c3cccc4
decoy,C01294390,C[C@@H](Cc1ccccc1)NC(=O)CSc2nnc3n2c4c(c5c(s4)COC(C5)(C)C)c(=O)n3c6ccccc6
decoy,C59146706,Cc1ccc(c(c1)C)n2c(c(c(n2)C)/C=N/NC(=O)C3CCCCC3)C
decoy,C20190312,CCS(=O)(=O)C(=C(Sc1ccccc1)Sc2ccccc2)S(=O)(=O)CC
decoy,C40043554,Cc1cc(c2c(c1)c(=O)c3c(o2)C(=O)N([C@H]3c4ccc(cc4)OCC(=O)N)CCc5ccc(cc5)OC)C
decoy,C13064685,CC[C@@H](c1nnnn1CCc2ccccc2)[NH+](Cc3ccc(cc3)C)Cc4cc5cc(c(cc5[nH]c4=O)C)C
decoy,C16647604,CCCCCc1ccc(cc1)C(=O)N2CCC3(CC2)C(=O)N(CN3c4ccccc4)CC(=O)NC[C@H](C)CC
decoy,C64808592,C[C@@H](c1ccccc1)N(C)C(=O)C[NH+](C2CCCC2)C3CC3
decoy,C13065090,CC[C@H](c1nnnn1CC(=O)OCC)[NH+](Cc2cccs2)Cc3cc4ccc(c(c4[nH]c3=O)C)C
decoy,C20418870,CC1=C([C@@H](C2=C(N1)C[C@@H](CC2=O)c3ccc(cc3)N(C)C)c4ccc5c(c4)OCO5)C(=O)OC[C@@H]6CCCO6
decoy,C35778715,CC[C@H](C[NH+](CCC(C)C)CC(=O)N1CCc2c(ccs2)[C@@H]1COc3ccc(cc3)C)O
decoy,C21707766,C[C@H]1C[C@@]2(CC(C1)(C)C)C(=O)N(C(=O)N2)CC(=O)Nc3ccccc3SCc4ccsc4
decoy,C20352598,Cc1cc(ccc1N[C@@H](C)C(=O)N/N=C/c2ccc(s2)[N+](=O)[O-])I
decoy,C35777194,Cc1c(c(n(n1)c2ccc(cc2)Cl)Oc3ccccc3)C[NH+](CC4CC4)C[C@@H](COC(C)(C)C)O
decoy,C02241486,Cc1cc(c(cc1Cl)c2c3c([nH]n2)C(=O)N([C@@H]3c4cccc(c4)Oc5ccccc5)CCCO)O
decoy,C12194583,CCC[C@]1(C(=O)N(C(=O)N1)CC[C@@H]2CCC[NH+]2C)C3CCN(CC3)C(=O)c4coc5c4C(=O)CCC5
decoy,C14605463,Cc1ccc(cc1)[C@@H]2C3=C(CC(CC3=O)(C)C)Nc4ccccc4N2CC(=O)NCC(C)C
decoy,C22986759,CC[C@@H](CNC(=O)CSc1nnc(n1N)c2ccc(cc2)C)c3ccccc3
decoy,C37136694,Cn1c2c(cn1)[C@@H](CCC2)Nc3ccc(cc3)NC(=O)N
decoy,C36156826,COCC[NH+](Cc1[nH]c(=O)c2c3c(sc2n1)CCCC3)C[C@H](COCc4ccco4)O
decoy,C15911006,Cc1ccc(cc1C)Nc2nnc(s2)SCc3[nH]c(=O)c4c5c(sc4n3)C[C@@H](CC5)C
decoy,C58247739,Cc1c([nH]c2c1cc(cc2)CNC(=O)N[C@@H](C)C(=O)NCc3ccco3)C
decoy,C04571588,C[C@@H]1CCc2c(sc3c2C(=N[C@H](N3)c4cccn4C)O)C1
decoy,C38661346,Cc1ccc(cc1)OC[C@H](CSC2=NC(=O)C3=C4CC[C@@H](C[C@@H]4SC3=N2)C)O
decoy,C02151836,CC1(CC(CC([NH2+]1)(C)C)N2CC(=O)N3[C@H](C2=O)Cc4c5ccccc5[nH]c4[C@@H]3c6ccccc6)C
decoy,C06198480,C[NH+](C)CCCN(Cc1cc2ccc(cc2[nH]c1=O)OC)C(=S)NC[C@H]3CCCO3
decoy,C39693523,CC(C)(C)OC(=O)NCCNC(=O)[C@H]1CN(CC12CC[NH2+]CC2)C(=O)[C@@H]3COc4ccccc4O3
decoy,C40110787,CCCCN1[C@@H](C(=C(C1=O)[O-])C(=O)c2ccc(cc2)S(=O)(=O)N(C)C)c3ccc(cc3)[N+](=O)[O-]
decoy,C36660351,CC[NH+](CC)CCN(c1nc2c(cccc2s1)C)C(=O)[C@H]3CCCN3S(=O)(=O)c4ccc(cc4)F
decoy,C63165372,Cc1c(n2c(n1)S[C@H](C2)C)/C=C/C(=O)NCCC3=c4ccccc4=[NH+]C3
decoy,C65190361,CCNC(=O)NNC(=O)CCc1ncc(o1)c2ccc(cc2Cl)Cl
decoy,C37332138,c1cc(c(c(c1)F)[C@H](c2cc3c(cc2Cl)OCCO3)[NH3+])F
decoy,C11224075,Cc1ccccc1N2C(=O)c3ccc(cc3C2=O)C(=O)O[C@H](C)C(=O)NCC4CCCCC4
decoy,C06148933,CC1CC[NH+](CC1)[C@@H](c2cc3cc(ccc3[nH]c2=O)OC)c4nnnn4Cc5ccc(cc5)OC
decoy,C36003053,Cc1c2c(nc(nc2n(n1)c3ccccc3)C4CCCCC4)NC5CCC(CC5)NC(=O)C(C)C
decoy,C36284355,Cc1ccc(cc1)c2nc3c(cccc3n2C(C)C)N
decoy,C39684159,Cc1cccc2c1[nH]cc2CCNC(=O)[C@@H]3CN(CC34CC[NH2+]CC4)C(=O)c5cccc(c5)N(C)C
decoy,C33258510,Cc1c(cn(n1)c2ccc(cc2)c3nc(on3)C)C(=O)Nc4cccc5c4CCCC5
decoy,C09272745,CCc1ccc(cc1)[C@@H]2C(=C(C(=O)N2CC[NH+](CC)CC)O)C(=O)c3ccc(cc3C)OCC(C)C
decoy,C18113945,Cc1cc(c(c(c1)C)N[S@@]2=NC(=NC(=N2)C(Cl)(Cl)Cl)C(Cl)(Cl)Cl)C
decoy,C20513342,c1ccc2c(c1)[C@@]3([C@@H](C[C@@H]4[NH+]3CCC4)C(=O)Nc5c(cc(cc5Br)F)F)C(=O)N2
decoy,C41583845,Cc1c2ccc(c(c2oc(=O)c1c3ccccc3)C[NH+]4C[C@@H](C[C@H](C4)C)C)O
decoy,C36028065,CCCNC(=S)N1CCC2(CC1)[NH2+][C@H](C(=O)N2C3CC[NH+](CC3)Cc4ccccc4)[C@H](C)CC
decoy,C63652893,C[C@H]1C(=C(NN1c2ccc(nn2)N3CCCCC3)C)CCC(=O)NCCC4=c5ccccc5=[NH+]C4
decoy,C01362051,Cc1ccc(cc1N2CCN(CC2)[C@@H](c3cc4cc(cc(c4[nH]c3=O)C)C)c5nnnn5Cc6ccco6)Cl
decoy,C20644861,CC[C@@H](C(=O)NC[C@H]1CCCO1)Sc2nc3c(c(c(s3)C(=O)Nc4ccc(cc4C)C)C)c(=O)n2N
decoy,C42561287,C[C@H](C(=O)NC)Nc1ccc2c(c1N)ncs2
decoy,C38631948,C[C@H]1CC(=C(N1CCOC)C)C(=O)CSc2[nH]nc(n2)c3ccc(cc3)Br
decoy,C12934129,Cc1c(c(n2c(n1)nc(n2)N)C)CCC(=O)NCCc3ccc(cc3)C(F)(F)F
decoy,C43772526,C[C@H](CCCC(C)(C)O)[C@@H]1CC[C@@H]\2[C@]1(CCC/C2=C\C=C/3\C[C@@H](C[C@@H](C3=C)O)O)C
decoy,C62845498,CCCC1(CCN(CC1)C(=O)C2(CCCC2)[NH3+])C(=O)[O-]
decoy,C34830170,CCCC[C@@H](CC)C(=O)N1CCN(C[C@@H]1C)C(=O)CC[NH+]2CCc3c(ccs3)[C@@H]2c4ccc(cc4)C
decoy,C27531781,Cc1c2c(=O)n(c(=O)n(c2sc1C(=O)[O-])CC(=C)C)c3ccc(cc3)Cl
decoy,C39692638,Cc1ccc(cc1C)N2[C@H](N[NH2+]N2)SCC(=O)N[C@@H](Cc3c[nH]c4c3cccc4)C(=O)[O-]
decoy,C46710012,CC(C)[C@@H](C(=O)N1CCC[NH+](CC1)Cc2cccs2)NS(=O)(=O)c3ccc(cc3)OC
decoy,C31038511,C[NH+](CC(=O)Nc1ccccc1SC)CC(=O)NC(=O)Nc2ccc3c(c2)OCCCO3
decoy,C20442216,CC1(Cc2c(c(nc3c2c4c(s3)c(nc(n4)SC)NCC[NH3+])N5CCOCC5)CO1)C
decoy,C06193801,CC[NH+](Cc1ccccc1)[C@H](c2cc3cccc(c3[nH]c2=O)C)c4nnnn4Cc5ccc(cc5)OC
decoy,C60427162,c1ccc2c(c1)c(=O)n(nn2)Cc3ccc(cc3)OC(F)F
decoy,C09271232,CC[NH+](CC)CCN1[C@H](/C(=C(/c2c(nc(s2)C)C)\O)/C(=O)C1=O)c3ccc(cc3)C(=O)OC
decoy,C32446731,CC[C@@H](CNC(=O)c1c(nn(c1Cl)Cc2ccc(cc2)C)C)[NH+]3CCc4ccccc4C3
decoy,C11854828,CCCc1cc(=O)[nH]c(n1)n2c(cc(n2)c3cccs3)NC(=O)[C@H]4CC(=O)N(C4)c5ccc(cc5)F
decoy,C09502944,C[NH+](Cc1ccc(o1)c2ccc(cc2)Cl)CC(=O)Nc3ccccc3SCC#N
decoy,C39686649,Cc1ccc(cc1C)C(=O)N2C[C@H](C3(C2)CC[NH2+]CC3)C(=O)N[C@H](C)Cc4ccccc4OC
decoy,C36519091,CCCCCCN([C@@H](c1ccc(cc1)C)C(=O)NC2CCCCC2)C(=O)CNC(=O)c3ccccc3
decoy,C47168495,C[C@]1(C(=O)NC(=O)N1)c2cccc(c2)NC(=O)c3cc4ccccc4s3
decoy,C24899324,Cc1ccc2c(c1)S(=O)(=O)N=C(N2)CN3CCC[NH+](CC3)C[C@H](COc4ccccc4)O
decoy,C49464304,Cc1cc(c(cc1C(=O)NC[C@@H]2C[C@@H]2C)S(=O)(=O)N)C
decoy,C36601890,Cc1ccc(cc1)S(=O)(=O)CNC(=O)[C@H](c2ccc3c(c2)OCO3)N(Cc4ccc(o4)C)C(=O)C(=C)C
decoy,C53632978,COC(=O)c1ccc2c(c1)N[C@H](N(C2=O)CCc3c[nH]c[nH+]3)SCc4ccccc4
decoy,C05953571,CCOc1ccc(cc1)/C=N/N=c\2/[nH]c(cs2)c3ccc(cc3)C
decoy,C33810556,CCCSc1[nH]c(=O)c2c(n1)NC3=C([C@H]2c4ccc(cc4)CC)C(=O)CC(C3)(C)C
decoy,C20497254,CC1CCN(CC1)c2ccc(cc2C(=O)Nc3cc(ccc3N4CCN(CC4)C(=O)C(C)C)Cl)[N+](=O)[O-]
decoy,C31835543,CC(C)c1c(cnn1c2ccc(cn2)C(F)(F)F)C(=O)Nc3nc(cs3)C(C)(C)C
decoy,C57933002,C[C@@H](C(=O)NC(=O)NC(C)C)Nc1ccc(cc1)CC[NH+]2CCSCC2
decoy,C35462892,C[NH2+][C@@H](c1ccc(cc1)Br)c2ccccc2C(F)(F)F
decoy,C15956621,CCc1cccc2c1NC(=O)[C@@]23[C@H]4[C@@H]([C@H](N3)CC(=O)N)C(=O)N(C4=O)Cc5ccccc5OC
decoy,C13500577,CCC(C)(C)n1c(nnn1)[C@@H](C(C)C)[NH+](CCCO)Cc2cc3cc(ccc3[nH]c2=O)OCC
decoy,C63732971,c1ccc2=[NH+]CC(=c2c1)CCNC(=O)c3cccc(c3)S(=O)(=O)NC[C@@H]4CCCO4
decoy,C16478521,c1ccc(cc1)[C@@H]2c3ccccc3NC(=[NH+]2)NNS(=O)(=O)c4ccc(cc4)Br
decoy,C64042780,c1ccc2c(c1)C[C@@H](OC2=O)C(=O)NC[C@@H](c3ccccc3Cl)C4=c5ccccc5=[NH+]C4
decoy,C40408644,CCCCOC[C@@H](C[NH+](Cc1ccco1)Cc2c(nn(c2Oc3cccc(c3)C)c4ccccc4)C)O
decoy,C63557057,c1cc2=[NH+]CC(=c2cc1Cl)CCN3C[C@H](CC3=O)C(=O)N[C@@H]4NN[C@@H](S4)C5CCCCC5
decoy,C39688762,Cc1c(c(on1)C)C(=O)N2C[C@@H](C3(C2)CC[NH2+]CC3)C(=O)N[C@@H](C)Cc4ccc(cc4)F
decoy,C36066426,C[C@@H]1CCCC[C@H]1NC(=O)[C@@H]2[C@@]34C=C[C@@H](O3)[C@@H]([C@@H]4C(=O)N2CCC(C)C)C(=O)Nc5cccc(c5)OC
decoy,C54163298,CC[C@H](C/C(=N/O)/N)NC(=O)c1cc(ccc1Cl)Br
decoy,C02457860,CCc1ccc(cc1)N2C(=O)Nc3ccc(cc3[C@]2(C(=O)N[C@@H](C)CC)O)Br
decoy,C19806344,CCOC(=O)/C(=C\1/CCc2c3cc(ccc3[nH]c2C1=O)C4CCCCC4)/[O-]
decoy,C10908762,c1ccc(cc1)n2cc(c(n2)c3ccc(cc3)F)CNC(=O)CCc4nc(no4)c5ccsc5
decoy,C02396428,Cc1ccc(cc1)S(=O)(=O)c2c3c(nc4ccccc4n3)n(c2N)/N=C/c5ccncc5
decoy,C40636081,CO[C@@H]1C[C@H]([NH2+]C1)C(=O)N2CCC(CC2)N3CCNC3=O
decoy,C39595362,C[C@@H](CNC(=O)[C@@H]1CN(CC12CC[NH2+]CC2)C(=O)c3ccc(cc3Cl)Cl)Oc4ccc(cc4)F
decoy,C01373419,c1ccc(c(c1)NC(=O)CSc2nnc3n2cnc4c3c(cs4)c5ccc(cc5)Cl)Br
decoy,C37866349,CC(=O)/[NH+]=c\1/ccc-2c(cc(oc2c1)O)COC(=O)C[C@@H]3C(=O)Nc4ccccc4S3
decoy,C39700611,CCN(CC)S(=O)(=O)C1=CC=C2C(=C(C=N2)/C=C/[C@@H]3Nc4ccccc4C(=O)N3c5ccccc5)C1
decoy,C11705754,Cc1cc(no1)C(=O)NC[C@H]2CCC[NH+](C2)Cc3ccc(s3)C#CC(C)(C)O
decoy,C67211611,C[C@H](C(=O)N[C@H](c1ccc(c(c1)F)F)C(=O)NC)NC(=O)OC(C)(C)C
decoy,C07049270,Cc1ccc2cc(c(nc2c1C)Cl)CSc3nc(cc(n3)N)C
decoy,C45329773,CCOC(=O)C[C@H](C[C@@H](/C=C/c1c(nc(nc1C(C)C)N(C)S(=O)(=O)C)c2ccc(cc2)F)O)O
decoy,C12090163,CC[NH+]1[C@H]([C@H](C[C@@]1(C)CO)C[NH2+]CC2CC2)c3ccc(cc3)Cl
decoy,C36694867,C[C@H]1C[C@@]2(CC(C1)(C)C)C(=O)N(C(=O)N2)CC(=O)N3CCCc4c3cccc4
decoy,C41262316,CNC(=O)C1CCN(CC1)C(=O)C2CCCCC2
decoy,C12860729,c1cc(c(cc1[N+](=O)[O-])C(=O)NC(=S)Nc2c(c3c(s2)CCC3)C#N)N4CCOCC4
decoy,C63694186,C[C@@H]1[C@H]([C@@H](N(N1)c2ccccc2)[NH+]3CCC(CC3)C(=O)NCCC4=c5ccccc5=[NH+]C4)NC(=O)C
decoy,C43746583,C[C@@H](C(=O)NCCC1=CCCCC1)NC(=O)[C@H]2Cc3c4ccccc4[nH]c3[C@H]5N2C(=O)c6c5cccc6
decoy,C52879865,C[C@@](c1ccccc1)(C(=O)[O-])Nc2nc3ccccc3o2
decoy,C38701981,Cc1ccc(c(c1)c2c3c([nH]n2)C(=O)N([C@@H]3c4ccc(cc4)C(C)C)[C@@H]5CCS(=O)(=O)C5)O
decoy,C09783893,CC[C@@H](C)OC(=O)C[C@@H]1C(=O)NCCN1C(=S)NC(=O)c2ccc(c(c2)Br)OC(C)C
decoy,C39664968,C[C@H](CNC(=O)[C@@H]1CN(CC12CC[NH2+]CC2)C(=O)c3ccc(cc3Cl)Cl)Oc4ccccc4
decoy,C08891699,CC[C@]1(C(=O)N(C(=O)N1)CC(=O)N(CC)c2cccc3c2cccc3)c4ccc(cc4)F
decoy,C40529618,c1cc(c(c(c1)Cl)[C@@H]2c3ccc(cc3OC(=C2C#N)N)OC(=O)COc4ccc(cc4)[N+](=O)[O-])Cl
decoy,C28679171,CCOC(=O)[NH+]=c1ccc-2c(cc(oc2c1)O)COC(=O)CNC(=O)c3cc(cc(c3)C)C
decoy,C28864152,Cc1c2ccccc2sc1C[NH+]3CCc4c(c(=O)n(c(n4)[O-])CC[NH+](C)CCc5ccccn5)C3
decoy,C13064623,CC[C@H](c1nnnn1C[C@@H]2CCCO2)[NH+](Cc3ccc4c(c3)OCO4)Cc5cc6cc(c(cc6[nH]c5=O)C)C
decoy,C36556352,CCCCNC(=O)[C@H](c1ccc(cc1)C(F)(F)F)N(Cc2ccc(o2)C)C(=O)[C@H](c3ccccc3)OC
decoy,C43301624,CCC[NH+]1CCN(CC1)Cc2[nH]c(=O)c3c4c(sc3n2)CCCC4
decoy,C09019224,c1ccc(cc1)C(c2ccccc2)[NH+]3CCN(CC3)c4c(nc5ccccc5n4)[C@H](C#N)C(=O)NC6CC6
decoy,C08920594,CCC[NH+]1CCc2c(sc(c2C(=O)NC)NC(=O)c3ccc(cc3)S(=O)(=O)N4CCC[C@@H](C4)C)C1
decoy,C33115985,C[C@H]1CCCC[NH+]1CCN/C(=C/C2CCN(CC2)C(=O)c3ccc4c(c3)oc(n4)c5ccccc5)/[O-]
decoy,C01375443,CC[C@@H](c1nnnn1Cc2ccc(cc2)OC)N(Cc3ccc4c(c3)OCO4)Cc5cc6ccc(c(c6[nH]c5=O)C)C
decoy,C38595959,C[C@@H]([C@H](c1cccs1)N2CC[NH+](CC2)Cc3ccccc3)NC(=O)CN4C(=O)c5ccccc5C4=O
decoy,C40023891,C[C@H](C(C)C)NC(=O)Nc1cc2c(cc1Cl)OCO2
decoy,C17749652,C[C@H](C(=O)Nc1cc(ccc1Cl)[N+](=O)[O-])Sc2[nH]c(cn2)c3ccc(cc3)F
decoy,C09309420,[H]/N=C\1/C(=C/c2cc(n(c2C)c3cc(ccc3OC)C)C)/C(=O)N=C4N1N=C(S4)c5ccccc5
decoy,C33122862,Cc1ccc(cc1)S(=O)(=O)Nc2ccc(cc2)c3nc(on3)Cc4cccs4
decoy,C41600422,CC[C@@H]1CNc2cc(ccc2O1)S(=O)(=O)NC(C)(C)C
decoy,C42909941,Cc1cc(n(n1)C[C@@H](C)CNC(=O)NC2CC([NH2+]C(C2)(C)C)(C)C)C
decoy,C08591019,Cc1cccc(c1)C(=O)N[C@@]2(C(=O)N(C(=[NH+]2)c3ccccc3)C4CCCCC4)C(F)(F)F
decoy,C35167360,Cc1ccc(c(c1)Cl)NC(=O)CSc2nnc(o2)c3ccccc3Br
decoy,C35933506,CC(C)NC(=O)c1c2c([nH]n1)CCN(C2)C(=O)C(C)(C)C
decoy,C09361158,Cc1ccc2nc(c(c(=O)n2c1)/C=C/3\C(=O)N(C(=S)S3)[C@H](C)c4ccccc4)N5C[C@H](C[C@@H](C5)C)C
decoy,C40376300,CN(CC/C(=N/O)/N)S(=O)(=O)c1cc(sc1Cl)Cl
decoy,C39674607,Cc1ccccc1C(=O)N2C[C@H](C3(C2)CC[NH2+]CC3)C(=O)NCCC4=c5cc(ccc5=[NH+][C@H]4C)C#N
decoy,C08978292,CCCCc1nnc(n1N)SCC(=O)Nc2c(c3c(s2)C[C@H](CC3)C)C(=O)OCC
decoy,C40900545,Cc1ccc(cc1)CCNC(=O)[C@H]2CCCN(C2)c3ccc(cc3F)c4nc(on4)c5ccc6c(c5)OCO6
decoy,C09009303,CC1(CC2=C([C@@H](C(=C(N2c3cccc(c3)[N+](=O)[O-])N)C#N)c4c(cccc4Cl)F)C(=O)C1)C
decoy,C09545852,CCCCCn1c(=O)c2ccccc2c(n1)C(=O)Nc3cccc(c3)S(=O)(=O)NC4=[NH+]CCC4
decoy,C39636680,Cc1ccc(c(c1)CNC(=O)[C@H]2CN(CC23CC[NH2+]CC3)C(=O)c4cnc5c(c4Cl)c(nn5C)C)C
decoy,C02923141,Cc1ccc(cc1)Sc2ccc(cc2NC(=O)C)C(=O)N3CCN(CC3)c4cccc[nH+]4
decoy,C44021336,Cc1cc(c(c(c1)C)Nc2cc(=O)n(c(=O)[nH]2)C34CC5CC(C3)CC(C5)C4)C
decoy,C33040257,C[C@H](CCc1ccccc1)NC(=O)[C@@H](C)[NH+]2CCN(CC2)c3ccc(cc3)[N+](=O)[O-]
decoy,C62990948,c1cc(c(cc1Br)C(F)(F)F)/N=C(/C2CCCCC2)\N
decoy,C22373393,c1ccc2c(c1)c(c[nH]2)c3cs/c(=N\C(=O)C[NH+](Cc4cccs4)C[C@H]5CCCO5)/[nH]3
decoy,C50274431,CC(C)c1ccc(cc1)CCNC(=O)CN2Cc3ccccc3C[C@H]2C(=O)N
decoy,C52094694,CCC[NH2+][C@H](CC(F)(F)F)c1cc2c(cc1Br)[nH]c(=O)[nH]2
decoy,C09391511,CCOC(=O)c1c2c(sc1NC(=O)c3ccc(cc3)S(=O)(=O)N4CCCCC4)C([NH2+]C(C2)(C)C)(C)C
decoy,C39929029,Cc1cccc(c1C)N(C[C@@H]2C=c3cc(ccc3=[NH+]C2=O)OC)C(=O)c4cc(c(c(c4)OC)OC)OC
decoy,C02957647,Cc1cc(cc(c1)n2c(c(nn2)C(=O)NCCc3ccc(cc3)Cl)N)C
decoy,C04798523,c1ccc2c(c1)ccc(c2Cl)N/N=C/3\c4ccccc4C=CC3=O
decoy,C09432021,CCCOc1ccc(cc1)[C@@H]2c3c(nn(c3NC(=O)CS2)[C@H]4CCOC(C4)(C)C)O
decoy,C04537326,c1cc(sc1)c2nnc(n2N)SCC(=O)Nc3ccc(cc3)Cl
decoy,C03668419,CCOC(=O)c1c2c(sc1N3C4=C([C@@H](C(=C3N)C#N)c5cccc(c5)[N+](=O)[O-])C(=O)CCC4)CCCC2
decoy,C49987589,Cc1ccc(c(c1)C)N(C)c2c(n3ccsc3n2)CO
decoy,C15670278,CCc1ccc(cc1)[C@@H]2CC(=O)Nc3c2c(nn3c4nc(cnn4)c5ccccc5)C
decoy,C63515159,CCN\1C(=O)C[C@@H](S/C1=N\c2ccc(cc2)CC3[NH+]=c4ccccc4=[NH+]3)C(=O)Nc5ccccc5
decoy,C20755828,Cc1ccc(c(c1)C)NS(=O)(=O)c2cccc(c2)C(=O)N/N=C/c3c(cccc3Cl)F
decoy,C39940113,C[C@H]1C(=c2ccccc2=[NH+]1)C(=O)[C@H](C)S[C@@H]3NN=C(N3CC=C)[C@@H]4COc5ccccc5O4
decoy,C28057641,Cc1ccc2c(c1)C3=C([C@H](n4c(nnn4)N3)c5ccccc5F)[C@@H](O2)c6cccs6
decoy,C05137081,Cc1cc(ccc1[N+](=O)[O-])C(=O)NCCc2c(nc(s2)c3cccc(c3)F)C
decoy,C63426811,C/C(=C/1\C(=O)NC(=O)N(C1=O)c2ccccc2)/N[C@@H](CC3=c4ccccc4=[NH+]C3)C(=O)OC
decoy,C05522875,c1ccc(cc1)N(c2ccccc2)C(=O)CSc3[nH]nc(n3)c4ccccc4O
decoy,C15829682,CCc1cccc(c1NC(=O)CSc2nnc3n2cnc4c3c5c(s4)CCCC5)C
decoy,C45047151,CC1(CCCCC1)NC(=O)[C@@H]2CCc3ccccc3N2
decoy,C40562324,C[C@H](C(=O)Nc1c2ccccc2oc1C(=O)c3ccc4c(c3)OCCO4)Oc5ccc(cc5)Cl
decoy,C60380091,C[C@@H](CNc1c2c(csc2nc(n1)CN3CCOCC3)c4ccccc4)Cn5cc[nH+]c5
decoy,C09429122,C[C@H]1Cc2cc(ccc2N1C(=O)C)S(=O)(=O)N[C@H](C(C)C)C(=O)NC3CCCCCCC3
decoy,C04860316,CCOC(=O)c1c(c2cc(ccc2[nH]1)F)NC(=O)[C@@H](C)[NH+]3C[C@@H](C[C@@H](C3)C)C
decoy,C06546494,CCOC(=O)CNC(=O)CN(c1cc(cc(c1)C)C)C(=O)c2c(c(ns2)C(=O)N)N
decoy,C36577993,CCCN([C@@H](c1ccccc1O)C(=O)NC2CCCCC2)C(=O)c3ccc(cc3)[N+](=O)[O-]
decoy,C38891919,Cc1ccc(cc1)c2nc(on2)C[NH+]3CCC[C@H](C3)C(=O)NCCSCc4ccc(cc4)F
decoy,C35747639,C=CC[NH+](Cc1[nH]c(=O)c2c(csc2n1)c3cccc(c3)Cl)C[C@H](COc4ccccc4)O
decoy,C12583439,Cc1cc(c(c(c1)C)NS(=O)(=O)c2ccc(cc2)NS(=O)(=O)c3ccccc3[N+](=O)[O-])C
decoy,C08788487,CC[C@H]1CCCC[NH+]1Cc2c(ccc3c2oc(c(c3=O)Oc4ccc(cc4)C)C(F)(F)F)O
decoy,C22626081,Cc1cccc(c1)[C@@H](c2c(n3c(s2)nc(n3)C)[O-])[NH+]4CCC[C@@H](C4)C
decoy,C64053002,C[C@H]1NN=C(N1C2CCCCC2)S[C@H](c3ccccc3)C(=O)C4=c5ccccc5=[NH+]C4
decoy,C20593947,c1cc(ccc1n2c(c(cn2)Br)C(F)(F)F)[N+](=O)[O-]
decoy,C31159791,C/C=C/c1ccc2c(c1)cc(o2)c3ccc(cc3O)O
decoy,C46841128,Cc1c(c2ccccc2[nH]1)CC(=O)NCc3ccc([nH+]c3)N4C[C@H](O[C@@H](C4)C)C
decoy,C01789604,c1ccc(cc1)n2c(=O)c3ccccc3nc2SCc4[nH]c(=O)c5c(n4)-c6ccccc6CC57CCCCC7
decoy,C28791180,c1ccc(c(c1)F)S(=O)(=O)Nc2ccc3c(c2)OC4(O3)CCCCC4
decoy,C13096522,CC[NH+](Cc1[nH]c(=O)c2c(c(sc2n1)C)c3ccccc3)CC(=O)Nc4ccccc4C(F)(F)F
decoy,C03482527,C[C@H](C(=O)NC(=O)N)Sc1nnc(n1c2ccccc2C(C)C)c3ccc(cc3)Cl
decoy,C10339238,CCCCCN1c2ccccc2[C@@]3(C1=O)C4=C(CCCC4=O)OC(=C3C(=O)OCC)N
decoy,C10066897,CC[NH+](CC)CCN(c1nc2cc3c(cc2s1)OCO3)C(=O)/C=C/c4ccc(s4)[N+](=O)[O-]
decoy,C63588800,Cc1ccc(n1c2ccc(cc2)C(=O)/N=C(/NCCC3=c4ccccc4=[NH+]C3)\Nc5ccccc5)C
decoy,C03387657,C[NH+](Cc1ccc(cc1)OC(F)F)Cn2c(=S)n(c(n2)[C@H]3COc4ccccc4O3)c5ccccc5
decoy,C29209798,c1ccc2cc(ccc2c1)CO[C@H]3C[NH2+]CC[C@@H]3c4ccc(cc4)OCc5nc(no5)c6cccnc6
decoy,C39664776,CC[C@H](c1ccccc1)C(=O)N2C[C@@H](C3(C2)CC[NH2+]CC3)C(=O)N[C@@H](C[NH+](C)C)c4ccccc4
decoy,C19790685,C[C@@H]1CC[C@H]([C@H](C1)OC[C@H](CN2CC[NH+](CC2)CCN3C(=O)c4cccc5c4c(ccc5)C3=O)O)C(C)C
decoy,C03667192,CC[C@H](C(=O)Nc1c(c2c(s1)CCCC2)C(=O)OCC)OC(=O)/C=C/c3ccc(cc3)[N+](=O)[O-]
decoy,C25213333,C1CCC(CC1)NC(=O)NC(=O)COC(=O)[C@H]2CCCN2C(=O)C34CC5CC(C3)CC(C5)C4
decoy,C63375946,CC(C)CNC(=O)[C@@H]1CC2=c3ccccc3=[NH+][C@@H]2[C@H]4N1C(=O)c5c4cccc5
decoy,C23951797,CCC(C)(C)C1CCC2(CC1)C(=O)N(C(=O)N2)CC(=O)N[C@@H](C)c3cc4ccccc4o3
decoy,C34750218,CC(C)C[NH+]1CCN(CC1)c2c3c4c(sc3nc(n2)SCC(=O)N5CCOCC5)COC(C4)(C)C
decoy,C39673877,CCC[C@H](C)NC(=O)[C@H]1CN(CC12CC[NH2+]CC2)C(=O)c3cnc4c(c3Cl)c(nn4C)C
decoy,C06300606,Cc1cc(c2c(c1)cc(c(=O)[nH]2)[C@@H](c3nnnn3C(C)(C)C)[NH+]4CCC(=CC4)c5ccc(cc5)F)C
decoy,C25443647,C[NH+](C)C1(CCCCCC1)CNC(=O)CCn2c(=O)c3ccccc3[nH]c2=S
decoy,C44714209,Cc1c(c(n[nH]1)C)[C@H](C)NC(=O)[C@@H]2CN(CC23CC[NH2+]CC3)C(=O)c4ccc(o4)c5ccccc5F
decoy,C39687282,CCCCCCC(=O)N1C[C@@H](C2(C1)CC[NH2+]CC2)C(=O)N[C@@H](Cc3ccccc3)C(=O)N4CCCCC4
decoy,C08791476,Cc1cc(c2c(c1)[C@@]3([C@H]4[C@@H]([C@H]([NH2+]3)Cc5c[nH]c6c5cccc6)C(=O)N(C4=O)CCOC)C(=O)N2)C
decoy,C32856417,CCOC(=O)c1c2c(sc1NC(=O)COc3ccc(cc3OC)C=O)C([NH2+]C(C2)(C)C)(C)C
decoy,C60324152,CC(C)(C)OC(=O)NC1(CCCCCC1)CNC(=O)CCc2[nH]c3c(=O)[nH]c(=O)n(c3n2)C
decoy,C36142404,Cc1cc(cc2c1OC(C[C@]2(C(=O)OC)N)(C)C)Cl
decoy,C38002513,C[C@@H](c1ccc(s1)Br)Nc2cc(ccc2Cl)C(=O)N
decoy,C27145531,CCc1ccc(cc1)[C@H](CNC(=O)c2cccc(c2)S(=O)(=O)N(C)c3ccccc3)[NH+](C)C
decoy,C36205679,Cc1ccccc1c2csc3c2c(=O)[nH]c(n3)C[NH+](CCN4CCOCC4)C[C@H](COC(C)(C)C)O
decoy,C05523951,CCOC(=O)[C@H]1[C@@H](NC(=O)N[C@@]1(C(F)(F)F)O)c2ccc(cc2Cl)Cl
decoy,C01381887,Cc1cc2cc(c(=O)[nH]c2cc1C)[C@H](c3nnnn3Cc4ccco4)N5CCN(CC5)Cc6ccc7c(c6)OCO7
decoy,C39775226,CC(=O)N[C@@H]1NN[C@@H](S1)CC(=O)N/N=C/C2=c3ccccc3=[NH+]C2
decoy,C03865677,CCc1ccc(cc1)/C=C\2/C(=O)N(C(=S)S2)CC(=O)Nc3ccc(cc3O)[N+](=O)[O-]
decoy,C39457900,Cc1c(c2c(n1SC)-c3c(c(ccn3)c4ccccc4O)C(=O)CC2)OC
decoy,C16947778,Cc1ccc(c(c1)NC(=O)[C@H](C)OC(=O)CCNS(=O)(=O)c2c(c(c(c(c2C)C)C)C)C)OC
decoy,C11374999,CC1CCN(CC1)c2nnc(n2Cc3ccco3)SCc4nc(nc(n4)Nc5ccc(cc5)F)N
decoy,C59489428,C/C(=N\NC(=[NH2+])S[C@H]1CC(=O)N(C1=O)c2ccccc2OC)/c3ccc4ccccc4c3
decoy,C35137464,CCCCN(CC(=O)Nc1cc(nn1c2ccccc2)C(C)(C)C)C(=O)Nc3c(cccc3C)C
decoy,C10210893,CC(C)[C@H](C(=O)NC(=O)N)OC(=O)c1ccccc1NS(=O)(=O)c2ccc3c(c2)OCCO3
decoy,C00412207,Cc1cc(c2cc3c(c(sc3nc2c1)C(=O)N4CCCC4)N)C
decoy,C06370832,C[C@@H]1CCCC[C@H]1NC(=O)[C@@H](C)OC(=O)c2c3ccccc3n[nH]2
decoy,C06381902,C[C@@H]1CC=C2[C@H](C1)[C@@H](C(C(=C2C#N)N)(C#N)C#N)C(C)C
decoy,C63270263,c1ccc2c(c1)C[C@@H](C(=O)O2)c3cccc(c3)C(=O)NCCC4=c5ccccc5=[NH+]C4
decoy,C40826018,Cc1c\2c(oc1C(=O)Nc3ccccc3F)CCC/C2=N\NS(=O)(=O)c4ccc(cc4)F
decoy,C49072655,c1ccc2c(c1)nc(o2)C[NH+](Cc3ccc(cc3)C[NH2+]Cc4ccccn4)[C@H]5CCCc6c5nccc6
decoy,C05272375,Cc1c2ccc(cc2oc(=O)c1CC(=O)NC3CC([NH2+]C(C3)(C)C)(C)C)O
decoy,C62038612,C[C@H](C(=O)Nc1cc(ccc1O)Cl)Sc2[nH]c3c(c(cs3)c4ccco4)c(=O)n2
decoy,C03101239,CCc1ccccc1NC(=O)C(=O)N/N=C/c2cccc(c2)[N+](=O)[O-]
decoy,C15004984,Cc1ccc2c(c1)cc(c(n2)N3CCC(CC3)O)CN(C[C@@H]4COc5ccccc5O4)C(=O)C6CCCCC6
decoy,C12716247,Cc1ccc(o1)c2nnn(n2)CC(=O)N(Cc3ccc(cc3)OC)[C@@H](c4ccco4)C(=O)NC(C)(C)C
decoy,C24987771,CCCNC(=O)NC(=O)CSc1nc(c(c(n1)N)c2ccc(cc2)Cl)CC
decoy,C46841873,Cc1ccc(cc1C(=O)NCc2ccc([nH+]c2)N3C[C@@H](O[C@H](C3)C)C)S(=O)(=O)NCCOC
decoy,C34758705,Cc1ccc(c(c1)C[NH+]2CCN(CC2)c3c4c(c(sc4nc(n3)SCC(C)C)C)C)C
decoy,C36242315,CC(C)([C@H]1OC[C@H]([C@@H](O1)c2cccnc2)C/C=C\CCC(=O)[O-])Oc3ccccc3SC
decoy,C12402825,CC1=NC2=C([C@@H](C1C(=O)OC(C)C)c3cc(c(c(c3)OC)[O-])[N+](=O)[O-])C(=O)C[C@H](C2)c4ccccc4OC
decoy,C08553728,c1ccc(cc1)NC(=O)c\2cc3cc4c5c(c3o/c2=N\c6cccc(c6)C(=O)N)CCCN5CCC4
decoy,C07907557,CC[NH+](CC(=O)Nc1ccccc1C(F)(F)F)CC(=O)NC(=O)NC(C)C
decoy,C39359649,c1ccc2=[NH+]CC(=c2c1)/C=N/NC(=O)CNC(=O)c3ccc(cc3)S(=O)(=O)N4CCCC4
decoy,C28928232,C[NH+](CC(=O)N1C[C@@H](Oc2c1cccc2)C(=O)N)C(c3ccccc3)c4ccccc4
decoy,C15135153,CC(C)[C@@H](C(=O)N[C@@H](C(C)C)C(=O)NN)NC(=O)[C@H](C(C)C)NC(=O)OC(C)(C)C
decoy,C04353219,c1ccc(cc1)NC(=O)OC[C@H]2C([C@@H](OCO2)COC(=O)Nc3ccccc3)OC(=O)Nc4ccccc4
decoy,C39674566,Cc1cccc(c1)CC(=O)N2C[C@@H](C3(C2)CC[NH2+]CC3)C(=O)N[C@H](C)C4=C(N=N[C@@H]4C)C
decoy,C15551527,Cc1ccc(c(c1)C)N(Cc2cc(on2)c3ccco3)S(=O)(=O)c4ccc(c(c4)[N+](=O)[O-])Cl
decoy,C28000499,CS(=O)(=O)Nc1c(ccn(c1=O)CC(=O)N[C@H]2CCCN([C@@H]2O)C(=[NH2+])N)CCC3CCCCC3
decoy,C03670533,CCOCCCNC(=O)[C@@]1(c2cc(ccc2NC(=O)N1c3ccc(cc3OC)OC)Br)O
decoy,C37929751,CCCCC[C@H](C)NS(=O)(=O)c1cc(ccc1N)Br
decoy,C39757541,C=CCn1c(nnc1SCC(=O)c2ccc(c(c2)[N+](=O)[O-])Cl)CCNC(=O)c3ccccc3F
decoy,C15733315,Cc1cc(ccc1NC(=O)c2c3c(on2)-c4ccsc4CC3)Cl
decoy,C67463507,Cc1ccc(c2c1c(c(o2)C(=O)NNC(=S)NC3CCCC3)C)C
decoy,C10543671,C[C@H](C(=O)NC(=O)NC1CC1)OC(=O)c2c3ccccc3nc4c2CCCCC4
decoy,C65128909,Cc1cc(c(c(c1)C)[N-]S(=O)(=O)c2cc(cs2)c3ccc(=O)n(n3)C)C
decoy,C15860461,Cc1ccc(o1)[C@@H](CNC(=O)c2c(c3c(s2)cccc3Cl)Cl)[NH+]4CCCC4
decoy,C59015263,Cc1ccc(c(c1)Br)NC(=O)CSc2nc([nH]n2)N/N=C/c3ccc(cc3)Cl
decoy,C16612792,CC[C@@H](C)NC(=O)CN1CN(C2(C1=O)CCN(CC2)C(=O)c3ccccc3Br)c4ccccc4
decoy,C38576816,CCOC(=O)[C@H]1[C@H](SC(=C1C)C)NC(=O)C2=NN=C(C2)c3cc(cc(c3O)C)C
decoy,C01567818,CC(C)(C)NC(=O)OCc1c2n(c(c1COC(=O)NC(C)(C)C)c3ccc(c(c3)Cl)Cl)CCC2
decoy,C20082452,CCc1ccc2c(c1)cc(c(=O)[nH]2)[C@H](c3nnnn3C4CCCCC4)N(Cc5cccs5)C[C@@H]6CCCO6
decoy,C32830944,CC(C)CC[NH+](Cc1[nH]c2cc(ccc2c(=O)n1)Cl)Cc3[nH]c(=O)c4ccc(cc4n3)Cl
decoy,C01097112,CN(C)c1ccc(cc1)n2cccc2/C=N/NC(=O)c3ccccc3Br
decoy,C37220626,C[C@@H](c1ccc(c(c1)Cl)Cl)[NH2+][C@@H](C)C2CCCCC2
decoy,C08591610,CC1=C([C@@H](n2c(nc(n2)SCc3ccccc3F)N1)c4ccccc4)C(=O)Nc5cccnc5
decoy,C64502345,Cc1ccc2=[NH+]CC(=c2c1)CCNC(=O)c3ccc(cc3)Cn4c5ccccc5nc(c4=O)C
decoy,C09349353,CCCn1c2c(c(nc(n2)C(C)C)SCC(=O)NC[C@@H]3COc4ccccc4O3)c(=O)n(c1=O)C
decoy,C27165035,Cc1c2ccc(cc2oc(=O)c1CCC(=O)N(C)[C@H](C)c3cccs3)OC
decoy,C12343012,C/C(=N\N=C/1\NC(=O)[C@H](S1)CC(=O)Nc2ccccc2C(F)(F)F)/c3ccc(cc3)[N+](=O)[O-]
decoy,C03091955,Cc1ccc(c(c1)C)N[C@H](C(Cl)(Cl)Cl)NC(=O)c2ccccc2[N+](=O)[O-]
decoy,C39657112,CCCC[C@H](C)C(=O)N1C[C@H](C2(C1)CC[NH2+]CC2)C(=O)N[C@@H](C)c3ccc(cc3)Br
decoy,C03333260,CCOC(=O)c1c(c(sc1NC(=O)CN2C(=O)C3(CCCCCC3)NC2=O)C)c4ccc(cc4)C
decoy,C18159007,c1ccc2c(c1)[C@H](OC2=O)/C(=C\Nc3ccc(cc3)OC(F)(F)F)/[N+](=O)[O-]
decoy,C00641267,Cc1cccc(c1C)NC(=O)C2=C(NC(=O)N[C@@H]2c3cccc(c3)OC)C
decoy,C14429558,CCC1CCC2(CC1)C(=O)N(C(=O)N2)CC(=O)Nc3ccccc3I
decoy,C00654214,Cc1c(c2ccccc2[nH]1)/C=N/NC(=O)c3cc(nc4c3cccc4)c5ccncc5
decoy,C37016239,C[C@]12CC[C@H](C1(C)C)C[C@H]2NC(=O)c3ccc(cc3)N
decoy,C63230045,c1ccc2cc(ccc2c1)C(=O)NC[C@@H]([C@H]3CC=CS3)C4=c5ccccc5=[NH+]C4
decoy,C33279540,Cc1ccc(cc1NC(=O)CNS(=O)(=O)c2cc(cs2)c3nc(on3)C4CCC4)Cl
decoy,C37517978,C[C@H]1CCc2c(sc(c2C#N)NC(=O)[C@@H]3C[C@@H]3C(=O)[O-])C1
decoy,C19354154,Cc1nc(cs1)COc2ccc(cc2)[C@H]3[NH+]=C(Nc4n3c5cc6c(cc5n4)OCCCO6)N
decoy,C00669084,Cc1c(sc(c1C(=O)N)NC(=O)[C@H](c2ccccc2)Sc3ccccc3)C
decoy,C38683653,CCc1ccc(cc1)O[C@H](C)C(=O)Oc2ccc3c(c2)OC(=C([C@@H]3c4ccc(cc4)C(=O)OC)C#N)N
decoy,C37512093,Cc1cc(ccc1OCC(=O)c2ccc3c(c2)N(C(=O)CO3)CC(=O)NC4CCCCC4)F
decoy,C12490029,COc1ccccc1N([C@@H](c2ccccc2)C(=O)NC[C@@H]3CCCO3)C(=O)CNC(=O)c4cccs4
decoy,C45739454,C[C@@H]1c2ccsc2CCN1C(=O)NC3CCN(CC3)C(=O)C4CCCCC4
decoy,C06193197,CC[NH+](CC)CCCNC(=S)N(Cc1ccc2c(c1)OCO2)Cc3cc4cc(c(cc4[nH]c3=O)C)C
decoy,C63272532,CC\1=C(C(=O)N(C(=O)/C1=C\Nc2cccc(c2)NC(=O)C)CCC3=c4ccccc4=[NH+]C3)C#N
decoy,C04028886,CC1CC[NH+](CC1)Cc2c(cco2)CC[C@H]3C(=C)CC[C@@H]4[C@@]3(CCC[C@]4(C)C(=O)OC)C
decoy,C63683241,c1ccc(cc1)c2c(oc(n2)NC(=O)CSC3=NC(=O)CC(=N3)c4ccccc4)c5ccccc5
decoy,C40151434,CCC[NH+](CC(=O)N1CCc2c1ccc(c2)S(=O)(=O)N)[C@@H](C)c3ccc(c(c3)Cl)Cl
decoy,C21801737,c1cc(c(c(c1)Cl)[C@@H](c2cc(cc(c2)Cl)[N+](=O)[O-])N)Cl
decoy,C39597906,CC[C@@H](C)CC(=O)N1C[C@@H](C2(C1)CC[NH2+]CC2)C(=O)NCCc3c[nH]c4c3cccc4
decoy,C07615738,Cc1ccc(cc1)n2c(c(nn2)c3nc(no3)c4ccccc4Cl)C
decoy,C04916645,Cc1ccc(nc1)N2[C@@H](c3ccccc3C2=O)Nc4cccc(c4C)C
decoy,C35777338,Cc1c(c(n(n1)c2ccccc2)Oc3ccccc3OC)C[NH+](CC4CC4)C[C@H](COCc5ccco5)O
decoy,C09328775,CCCOc1cccc(c1)[C@@H]2/C(=C(/c3ccc4c(c3)C[C@H](O4)C)\O)/C(=O)C(=O)N2CC[NH+](C)C
decoy,C12733869,Cc1ccc(cc1C)S(=O)(=O)Nc2ccc(cc2)CS(=O)(=O)N
decoy,C21517370,CC[C@H](c1cc(ccc1O)Br)Nc2ccc(cc2C)C
decoy,C38659840,CC(C)Oc1ccc(cc1)C(=O)Oc2ccc3c(c2)OC(=C([C@H]3c4cc(ccc4OC)OC)C#N)N
decoy,C01058881,c1ccc(cc1)n2c(nnc2SCC(=O)Nc3nccs3)c4ccccc4O
decoy,C33051525,CCc1ccccc1NC(=O)N2Cc3c(nn(c3-n4cccc4[C@H]2c5ccc(cc5)C(C)C)c6ccccc6)C
decoy,C08789395,CCOC(=O)c1ccc(cc1)N2C(=O)[C@@H]3[C@@H]([NH2+][C@]4([C@@H]3C2=O)c5ccc(c(c5NC4=O)C)Cl)CC(=O)N
decoy,C08655303,c1ccc2c(c1)[C@](C(=O)N2)(C/C(=N\NC(=O)C(=O)NN)/c3ccc(cc3Cl)Cl)O
decoy,C36302987,CCc1c(c(n(n1)c2ccccc2)Oc3ccccc3)C[NH+](C[C@@H]4CCCO4)C[C@@H](Cc5ccccc5)O
decoy,C38666275,Cc1ccc(c(c1)NC(=O)C(=O)NC[C@@H](c2ccc(cc2)N(C)C)N3CCN(CC3)c4ccc(cc4)F)C
decoy,C09805621,c1ccc(cc1)c2ncc(o2)COC(=O)[C@H](CCCCNC(=O)c3ccccc3)NC(=O)c4ccccc4
decoy,C63350743,Cc1ccc(cc1)S(=O)(=O)N2CCC(CC2)C(=O)N[C@@H](C)C(=O)NCCC3=c4ccccc4=[NH+]C3
decoy,C23716703,COc1ccc(cc1)CN2C(=O)c3ccccc3/C(=C/NNC(=O)c4cc5c(s4)CCCC5)/C2=O
decoy,C48289781,c1ccc(cc1)CC[C@@H]2CCC[NH+]2CC(=O)N(CCC#N)c3ccccc3F
decoy,C66934740,CCOCCN(Cc1ccc(o1)C(=O)OC)S(=O)(=O)C2CCCC2
decoy,C15103906,C[NH+](Cc1ccccc1N2CCCCC2)CC(=O)Nc3ccccc3C(=O)NCc4ccco4
decoy,C13739141,c1ccc(cc1)C(=O)c2cc[n+](cc2)c3c(sc(=O)[nH]3)/C=N/NC(=O)c4ccccc4O
decoy,C35290842,CC(C)(C)NC(=O)N1CCC[C@@H](C1)c2nc(no2)c3ccccc3
decoy,C09581359,COC(=O)CCn\1c2ccc(cc2s/c1=N\C(=O)c3ccc(s3)Cl)S(=O)(=O)N
decoy,C56984453,Cc1ccc(c2c1c(c(o2)C(=O)N[C@H](C)C(=O)N3CCCCC3)C)C
decoy,C12488510,CCC(C)(C)NC(=O)[C@@H](c1cccc(c1)OC)N(c2cccc(c2C)C)C(=O)CNC(=O)c3cccs3
decoy,C31042713,C[NH+](CC(=O)Nc1ccccc1SC)CC(=O)N2CCN(CC2)c3ccc(cc3)F
decoy,C67595583,C[C@@H]1CC(=O)Nc2ccccc2N1C(=O)C(=O)N(C)C[C@@H](C)c3ccccc3
decoy,C44877759,Cc1ccc(cc1)S(=O)(=O)N(CC(=O)NCc2ccc(cc2)C[NH+]3CCC[C@@H](C3)C)c4ccccc4C
decoy,C09789443,CCc1ccc2c(cc(=O)oc2c1)COC(=O)c3cccc(c3)S(=O)(=O)NC(C)C
decoy,C37004538,c1cc(sc1)[C@@H](C2CCCC2)NC(=O)[C@H]3CCCC[NH2+]3
decoy,C63623030,c1ccc(cc1)C(=O)COC(=O)[C@H](CC2=c3ccccc3=[NH+]C2)NC(=O)c4ccc(cc4)Br
decoy,C36129345,CCCCC[C@@H](C)NS(=O)(=O)c1c(cc(cc1Br)Br)N
decoy,C48081283,c1cc(ccc1CNC(=O)Nc2ccc(nc2)OCC(F)(F)F)[N+](=O)[O-]
decoy,C38667066,Cc1ccc(cc1NC(=O)C(=O)NC[C@@H](c2ccc(cc2)N(C)C)N3CCc4ccccc4C3)[N+](=O)[O-]
decoy,C64727756,COC(=O)[C@H](CC1=c2ccccc2=[NH+]C1)NC(=O)C[C@H]3C(=O)Nc4ccccc4S3
decoy,C12183729,Cc1ccc2c(cc(=O)oc2c1)CC(=O)N3CCC4(CC[C@@H](O4)CNC(=O)c5ccccc5F)CC3
decoy,C14780903,CC(=CCc1cc2c(c(c1O)CC=C(C)C)OC[C@H](C2=O)c3ccc(cc3O)O)C
decoy,C21219479,CC[C@H](C)Oc1ccc(cc1)[C@@H]2C3=C(C[C@@H](CC3=O)c4ccc(cc4)N(C)C)Nc5ccccc5N2
decoy,C66682139,CCc1ccccc1NC(=O)CNC(=O)Nc2ccc(c(c2)C)C(=O)NC(C)C
decoy,C63814522,Cc1cc(c(n1Cc2ccccc2)C)C(=O)COC(=O)[C@H](CC3=c4ccccc4=[NH+]C3)NC(=O)C
decoy,C00844390,CC1=C([C@H](NC(=O)N1)c2ccc(cc2)Br)C(=O)OCC(Cl)(Cl)Cl
decoy,C02305295,c1cc(ccc1[C@H]2C[C@H](n3c(c(c(n3)C(=O)Nc4ccc(cc4)Cl)Cl)N2)C(F)(F)F)Cl
decoy,C12001555,C[C@@H](c1cccs1)NC(=O)c2ccc([nH]c2=O)C[NH+]3CCC(=CC3)c4ccc(cc4)F
decoy,C45844847,C[C@H]1c2ccsc2CCN1C(=O)NCc3ccc([nH+]c3)N4CCCC4
decoy,C09298511,CCOC(=O)NC(=O)c1c2c(sc1NC(=O)[C@@H]3COc4ccccc4O3)CCCCC2
decoy,C35965123,CN1C2=C([C@H](NC1=O)c3cccc(c3)[N+](=O)[O-])C(=O)N(C2)[C@H](Cc4ccccc4)C(=O)NC[C@@H]5CCCO5
decoy,C09223707,Cc1ccc(cc1)N2C3=NC(=O)[C@@H]([C@H](C3=C(N2)C)c4ccc(cc4)C#N)NC(=O)c5ccccc5
decoy,C63294388,COC(=O)[C@H](Cc1ccccc1)NC(=O)[C@@H]2CCCN(C2)C(=O)[C@H]3C=c4ccccc4=[NH+]3
decoy,C40917148,COc1cc(cc(c1OCc2ccccc2F)Br)[C@H]3C4=C(CCCC4=O)Nc5n3nnn5
decoy,C39362917,c1cc(c(c(c1)Cl)CSC2=NN[C@H](N2c3ccc(cc3)F)Cc4cc(=O)[nH]c(=O)[nH]4)F
decoy,C45513223,CCc1cccc(c1NC(=O)C[NH+]2CCC(CC2)n3c4ccccc4[nH]c3=O)CC
decoy,C08951299,Cc1ccc(cc1)S(=O)(=O)N[C@@H](C)C(=O)Oc2ccc3c(c2)oc(c(c3=O)c4ccc(cc4)F)C
decoy,C01819377,COc1ccccc1n2c(=O)c3ccccc3nc2SCc4[nH]c(=O)c5c(n4)-c6ccccc6CC57CCCCC7
decoy,C20732819,C[NH+](CCCNC(=O)C[C@@H]1C(=O)Nc2ccccc2N1)C3CCCCC3
decoy,C38685138,CCCCOc1cccc(c1)[C@@H]2c3ccc(cc3OC(=C2C#N)N)OC(=O)/C=C/c4ccc(cc4)C(C)(C)C
decoy,C01467374,CC1=C([C@H](n2c(nc(n2)c3ccco3)N1)c4ccccc4)C(=O)Nc5ccccc5
decoy,C03314425,c1cc(ccc1NC(=O)COC(=O)[C@H]2C[C@H]3C[C@@H]2C=C3)S(=O)(=O)N4CCCC4
decoy,C27023785,CCOc1cc(ccc1OC(=O)c2ccc(cc2)C)C3C(=C(NC(=C3C(=O)OCC=C)C)C)C(=O)OCC=C
decoy,C57658137,Cc1ccc(c(c1)C)NC(=O)[C@H](c2ccc3c(c2)OCCO3)O
decoy,C17130865,COc1cccc2c1o/c(=[NH+]\c3c(c4c(s3)CCCC4)C(=O)N)/c(c2)C(=O)Nc5ccc(cc5)F
decoy,C05125645,CC(=O)NC(=O)c\1cc2cc(cc(c2o/c1=N\c3ccccc3F)Cl)Cl
decoy,C39610146,c1cc2c(cc1CNC(=O)[C@@H]3CN(CC34CC[NH2+]CC4)C(=O)c5ccc(c(c5)F)C(F)(F)F)OCO2
decoy,C12770579,c1ccc(cc1)[C@@H]2c3ccsc3CCN2S(=O)(=O)c4ccc5c(c4)[nH]c(=O)[nH]5
decoy,C12452785,c1cc(ccc1C2=CC[NH+](CC2)Cc3ccc(c(=O)[nH]3)C(=O)NC4C5CC6CC(C5)CC4C6)F
decoy,C39652885,C[C@H](C(=O)N1C[C@H](C2(C1)CC[NH2+]CC2)C(=O)NCCc3ccc(cc3)Br)Oc4ccccc4
decoy,C06196796,CCOc1ccc2c(c1)cc(c(=O)[nH]2)[C@@H](c3nnnn3C4CCCCC4)[NH+]5CCCC6(C5)CCCCC6
decoy,C11716899,COc1ccc(cc1OC)C[NH+]2CCNC(=O)[C@H]2CC(=O)N3CCCC3(CC=C)CC=C
decoy,C20080057,Cc1ccc(c(c1)N2CCN(CC2)[C@H](c3cc4cc(ccc4[nH]c3=O)OC)c5nnnn5C6CCCCC6)C
decoy,C39684549,CC[C@@H](c1ccccc1)C(=O)N2C[C@H](C3(C2)CC[NH2+]CC3)C(=O)N[C@@H](C)C(C)(C)C
decoy,C64986684,Cc1ccc2c(c1)NC(=O)c3cc(c(cc3O2)N4CCN(CC4)c5ccccc5)S(=O)(=O)N(C)C
decoy,C38736223,Cc1c(sc(n1)c2cccc(c2)F)CCNC(=O)c3ccc(cc3Cl)[N+](=O)[O-]
decoy,C38688537,c1ccc2c(c1)cccc2[C@@H]3c4ccc(cc4OC(=C3C#N)N)OC(=O)[C@@H]5COc6ccccc6O5
decoy,C18024420,CN(C)c1ccc(cc1)/C=N/NC(=[NH2+])S[C@H]2CC(=O)N(C2=O)c3ccc(cc3)Br
decoy,C12513300,Cc1ccc(cc1C)n2c(nnc2SCC(=O)Nc3ccccc3N4CCCC4)c5ccncc5
decoy,C12530498,c1cc(sc1)CNC(=O)CC[C@@H]2CNC(=O)[C@H]3[NH+]2C[C@H](C3)NS(=O)(=O)c4cccs4
decoy,C36249684,C#CCOC[C@@H](C[NH+](Cc1ccco1)Cc2c(noc2N3CCOCC3)c4ccc(cc4)F)O
decoy,C65460696,Cc1nccn1c2ccccc2Cn3cnc4c(c3=O)c5c(s4)CNCC5
decoy,C02912149,CCCSc1nc2c(nn1)-c3ccccc3N[C@@H](O2)c4ccc(cc4)F
decoy,C39970635,C[C@@H]1CCC[C@H](N1S(=O)(=O)c2ccc(cc2)NC(=S)N3CC[NH+](CC3)C/C=C/c4ccccc4)C
decoy,C20416402,CCn1c(nnc1S[C@H](C)C(=O)Nc2nccs2)CN(c3ccc(cc3)F)S(=O)(=O)C
decoy,C40849171,C[C@@H](CCc1ccccc1)NC(=O)CNc2c3nnc(n3c4ccccc4n2)c5ccccc5
decoy,C08820745,C=CCOc1ccccc1/C=C\2/C(=O)N/C(=N/c3ccc(cc3C(F)(F)F)Cl)/S2
decoy,C55188952,CC(C)(C)c1csc(n1)NC(=O)c2csc(n2)N
decoy,C16434014,CCCCCc1ccc(cc1)C(=O)N(CC(C)C)CC(=O)Nc2cc(nn2c3ccc(cc3)C)C(C)(C)C
decoy,C06239098,COCCn1c(nnn1)[C@@H](c2cc3cc(ccc3[nH]c2=O)OC)[NH+](Cc4ccco4)Cc5cccs5
decoy,C66612536,CCN(CC)C(=O)N1CCN(CC1)C(=O)c2csc(n2)c3ccccc3C
decoy,C38805676,CC(=O)N1CCc2c(sc(c2C(=O)N)NC(=O)c3c[nH]c4c3cccc4)C1
decoy,C14544855,c1ccc2c(c1)c(c[nH]2)[C@@H]3[C@@H]4CC=C[C@@H]4c5c(ccc(c5N3)Cl)Cl
decoy,C12450388,c1cscc1CC(=O)N(CCC2=CCCCC2)Cc3cc4cc5c(cc4[nH+]c3N6CCOCC6)OCO5
decoy,C43209070,Cc1ccc(cc1)S(=O)(=O)N(CC=C)C[C@@H]([C@@H](c2ccc(cc2)Br)[NH2+]CC=C)C(=O)[O-]
decoy,C52213570,C1CCCC(CC1)(/C(=N\O)/N)C(=O)NC2CCC2
decoy,C13506740,CCOc1ccc(cc1)N([C@@H](c2cccs2)C(=O)NC3CCCC3)C(=O)CNC(=O)c4ccco4
decoy,C65319663,CCCn1c(=O)c2c(nc1SCC(=O)Nc3cccc(c3)C(=O)C)nc(s2)N4CCC(CC4)C
decoy,C60304152,c1cc(oc1)c2ccc(c(=O)[nH]2)C(=O)Nc3ccc(cc3)N4CCc5c(ccs5)C4
decoy,C39436234,CCOC(=O)[C@H]1[C@H](SC(=C1C)C)NC(=O)CSc2[nH]nc(n2)c3ccc(cc3)Cl
decoy,C62221013,Cc1ccccc1c2nc(c(o2)C)CC(=O)N3C[C@H]([NH+]([C@H](C3)C)CCCOC)C
decoy,C40859201,CC(=C)c1cccc(c1)C(C)(C)NC(=O)N/N=C\c2c[nH]c3c2cccc3
decoy,C04149389,Cc1ccccc1[C@H]2c3c(n[nH]c3OC(=C2C#N)N)C
decoy,C24351505,CC(C)(C)c1ccc(cc1)C(=O)NNC(=O)CCn2c(=O)oc(n2)c3cccs3
decoy,C35743136,CCCC(=O)OC[C@@H](C[NH+](Cc1cccc(c1)C(F)(F)F)C[C@@H]2CC(=NO2)c3ccc4c(c3)OCO4)O
decoy,C30981437,CN(C1CCCCC1)C(=O)NC[C@H]2COc3ccccc3O2
decoy,C20565412,CC(C)(C)c1nc(on1)c2ccc(c(c2)N)Cl
decoy,C12635583,CC[NH+]1CCC[C@H]1CN(Cc2cc3ccc(c(c3[nH]c2=O)C)C)C(=S)Nc4cc(ccc4C)C
decoy,C58895156,CCOc1ccc(cc1)[C@@H](CCC(=O)N/N=C\c2ccc(c(c2)CC=C)OCc3cccc4c3cccc4)O
decoy,C36296517,Cc1ccc(cc1[N-]S(=O)(=O)c2c([nH]c(=O)s2)C)N
decoy,C06341550,c1ccc(cc1)n2ccc(cc2=O)/N=C/3\CCCN3
decoy,C06979101,CCCn1c2ccc(cc2nc1SCc3cn4cccc(c4n3)C)S(=O)(=O)N
decoy,C15859307,CC1CC[NH+](CC1)[C@H](c2ccc(cc2)OC)c3c(c4ccccc4o3)NC(=O)c5ccco5
decoy,C44320726,c1ccc2c(c1)-c3ccccc3C2COC(=O)N[C@H](Cc4ccc(c(c4)[N+](=O)[O-])N5CCOCC5)C(=O)[O-]
decoy,C12489038,CCC(C)(C)NC(=O)[C@@H](c1ccc(cc1)C)N(c2cc(cc(c2)C)C)C(=O)CNC(=O)c3cccs3
decoy,C27400506,C1CCC(CC1)(CNC(=O)CCN2C(=O)C3(CCCCC3)NC2=O)[NH+]4CCCCC4
decoy,C62396736,CCc1nn2c(c(nc2s1)c3cc(ccc3OC)C)CO
decoy,C64079261,C[C@H]1C[C@@H]1C(=O)NCC(=O)NC[C@@H](c2cccc(c2OC)OC)C3=c4ccccc4=[NH+]C3
decoy,C64789115,CC[NH+](CC)c1ccc(cc1)[C@H]2C/C(=C/3\C(=O)NC(=O)N(C3=O)c4cccc(c4)Cl)/NN2C(=O)C
decoy,C60042706,COc1ccc2c(c1)CCC[C@]23C(=O)N(C(=O)N3)C[C@H](C[NH+]4CCc5ccccc5C4)O
decoy,C62811450,CCCCCN(C(C)C)C(=O)c1c(c[nH]n1)N
decoy,C10751655,CCc1cccc2c1nc(s2)N(CC[NH+](C)C)C(=O)[C@H]3CCCN(C3)S(=O)(=O)c4cccs4
decoy,C38975052,Cc1ccc(cc1)/N=C/2\N[C@@H]([NH+]=C(N2)CSc3nnc(o3)c4ccncc4)N
decoy,C67039167,c1ccc2c(c1)nc(s2)CNC(=O)NNC(=O)CC3CCCCC3
decoy,C57562772,Cc1ccc(o1)[C@@H](CNC(=O)NCc2ccc([nH+]c2)N3CCCCCC3)N4CCOCC4
decoy,C08800274,CCC(=O)Nc1ccc(c(c1)C)S(=O)(=O)NC[C@H](c2ccc3c(c2)CCCN3C)[NH+]4CCCCC4
decoy,C06300982,Cc1cc(c2c(c1)cc(c(=O)[nH]2)[C@H](c3nnnn3C4CCCCC4)[NH+](C)C5CCCCC5)C
decoy,C63384059,CC(C)CCNC(=O)[C@H](CCSC)NC(=O)[C@@H]1CC2=c3ccccc3=[NH+][C@H]2[C@H]4N1C(=O)c5c4cccc5
decoy,C16038958,CC(C)Cc1ccc(cc1)C(=O)[C@@H]2[C@H]([NH+]3C=Cc4ccccc4[C@@H]3[C@]25c6ccccc6NC5=O)C(=O)C(C)(C)C
decoy,C63655351,C[C@H]1C(=c2cc(ccc2=[NH+]1)OC)CCN(Cc3cc(c(c(c3)OC)OC)OC)C(=S)NCCOC
decoy,C12605593,Cc1ccc(cc1S(=O)(=O)N2CCCCCC2)NS(=O)(=O)c3ccc4c(c3)ccc(=O)o4
decoy,C29403818,Cn1cc[nH+]c1[C@H](c2ccc(cc2)OC)Nc3cnn(c(=O)c3Cl)c4ccccc4C(=O)OC
decoy,C36955815,c1ccc(c(c1)CN2C(=O)c3cccc(c3C2=O)N)O
decoy,C21188293,Cc1ccc(o1)[C@@H](C)NS(=O)(=O)c2ccc(cc2)C#N
decoy,C19941546,Cc1cccc2c1[nH]c(=O)c(c2)[C@H](c3nnnn3C4CCCCC4)N(CCc5ccccc5)Cc6ccccc6
decoy,C20745885,COC(=O)CC[C@@H](C(=O)OC)NC(=O)N1CCc2c([nH+]c[nH]2)[C@H]1c3ccc(cc3F)F
decoy,C04571641,C[C@@H]1CCc2c(sc3c2C(=N[C@H](N3)c4ccc(cc4)C(C)C)O)C1
decoy,C64138763,C[C@@H](C1CC1)NC(=O)CS[C@@H]2NN=C(N2Cc3ccco3)C4=c5ccccc5=[NH+]C4
decoy,C06142202,CCOC(=O)c1c(c(sc1NC(=O)CCCCC(=O)Nc2c(c(c(s2)C)C)C(=O)OCC)C)C
decoy,C02247337,c1cc(cc(c1)F)/C=C/2\C(=O)N/C(=N\c3cccc(c3Cl)Cl)/S2
decoy,C36206550,CC(C)COC[C@@H](C[NH+](Cc1[nH]c(=O)c2c(csc2n1)c3ccccc3OC)C(C)C)O
decoy,C21858483,Cc1ccc(cc1)CN2C(=O)c3cc4ccccc4n3C[C@@]2(C)C(=O)NCCC(C)C
decoy,C43615923,CCOC(=O)[C@H](C)C[S@@](=O)c1ccc(cc1)C(C)(C)C
decoy,C50896052,Cc1nc([nH]n1)c2ccc(cc2)NC(=O)c3cc(ccc3NC(=O)[C@H]4C[C@H]4C)F
decoy,C52094583,CC[NH2+][C@@H](c1ccc(s1)Br)c2cc3c(cc2Br)[nH]c(=O)[nH]3
decoy,C35679220,c1cc(sc1CC[NH3+])S(=O)(=O)[N-]c2cc(c(cc2Cl)Cl)Cl
decoy,C18222265,Cc1ccccc1[C@H]2CC3=C(C(=Nc4ccccc4N3)C)C(=O)C2
decoy,C13811119,CCOc1ccc(cc1)[C@@H]2C3=C(c4ccccc4O2)N=C5[NH+]=CNN5[C@H]3c6ccc(c(c6)OC)OCC
decoy,C12698138,C=CCn1c(=O)c2ccc(cc2[nH]c1=S)C(=O)NNC(=O)c3cc4c(s3)CCCCCC4
decoy,C15722843,CCOc1ccc(cc1)NS(=O)(=O)c2ccc(cc2)N/C=C\3/C(=O)NC(=O)N(C3=O)c4ccccc4
decoy,C36278095,C[C@H]1CCc2c(sc3c2c(nc(n3)Cl)NC[C@H](C)O)C1
decoy,C05709868,C[C@@H](C12CC3CC(C1)CC(C3)C2)NC(=O)COC(=O)c4ccc(c(c4)[N+](=O)[O-])N
decoy,C37359341,Cn1c(c2c(nc(nc2n1)N3CC[NH+](CC3)CC(=O)N4CCOCC4)c5ccc(cc5)C(F)(F)F)N
decoy,C35842497,CC(C)(C)c1ccc(cc1)CN(CCc2c[nH]c3c2cccc3)C(=O)CN(CCCOC)C(=O)C4CCCC4
decoy,C36500605,c1cc(c(c(c1)O)C(=O)N(Cc2ccco2)[C@H](c3ccc(cc3)[N+](=O)[O-])C(=O)NC4CCCCC4)O
decoy,C17306239,Cc1cc(cc(c1C)NC(=O)C[NH+](C)[C@@H](C)c2ccc(cc2)n3cncn3)S(=O)(=O)N
decoy,C35968370,CC(C)[C@@H](C(=O)NCc1ccco1)N2CC3=C(C2=O)[C@@H](NC(=O)N3C)c4cccc(c4)Oc5ccccc5
decoy,C15547317,CC[C@@H]1c2ccsc2CC[NH+]1CC(=O)N(CC(C)C)c3c(n(c(=O)[nH]c3=O)Cc4ccccc4)N
decoy,C04272979,c1ccc(cc1)COC(=O)NC[C@H](c2ccco2)[NH+]3CCN(CC3)c4ccc(cc4)F
decoy,C66600228,CC1(CCCC1)CNC(=O)NCC(=O)NC2CC2
decoy,C36504751,CC(C)(C)CC(C)(C)NC(=O)[C@@H](c1cccc(c1)O)N(Cc2ccco2)C(=O)c3cccc(c3)[N+](=O)[O-]
decoy,C14731859,c1cc(ccc1c2cnc(o2)CCC(=O)Nc3ccc(cc3)S(=O)(=O)Nc4nccs4)Cl
decoy,C39362574,CCOc1ccc(cc1)N2[C@@H](NN=C2SCC(=O)NC[C@H]3CCCO3)Cc4cc(=O)[nH]c(=O)[nH]4
decoy,C64600382,CC[C@H]1CC2=c3ccccc3=[NH+][C@@H]2[C@@H](N1)[C@@H]4C(=N[C@@H](N(C4=O)Cc5ccc(cc5)OC)O)O
decoy,C45340108,c1cc(ccc1C(c2ccc(cc2)F)c3nc(c(s3)CC(=O)[O-])c4ccc(nc4)N)F
decoy,C34786861,Cc1cc(n(n1)c2nc(c3c4c(sc3n2)CCC4)N(Nc5ccccc5)Nc6ccccc6)C
decoy,C22680499,CCCn1c2ccccc2n(c1=O)CC(=O)NC[C@@H](c3ccccc3OC)[NH+]4CCCC4
decoy,C13063805,CC[C@H](c1nnnn1C2CCCC2)[NH+](Cc3ccc(cc3)F)Cc4cc5ccc(cc5[nH]c4=O)C
decoy,C04787575,Cc1ccc(cc1)N2CCN(C[C@@H]2C)S(=O)(=O)c3ccc4c(c3)CCC(=O)N4
decoy,C18142675,COc1ccc(cc1OC)[C@@H]2CC3=C([C@@H](Nc4ccccc4N3)c5cc(c(c(c5)OC)OC)OC)C(=O)C2
decoy,C19632603,c1ccc2c(c1)[nH]c(=O)n2CCC[NH+]3CCC(CC3)n4c5ccc(cc5[nH]c4=O)Cl
decoy,C35052796,Cc1cc(oc-2c/c(=[NH+]\C(=O)[C@@H]3[C@H]4[C@@H]([C@@H]5[C@@H](O3)OC(O5)(C)C)OC(O4)(C)C)/ccc12)O
decoy,C24702294,CC[C@@]1(C(=O)N(C(=O)N1)CCCN2C(=O)c3ccccc3C2=O)c4ccc(cc4)F
decoy,C16828578,C[C@H](C(=O)NCC(C)C)Sc1nc2ccccc2c(=O)n1CCc3ccc(cc3)S(=O)(=O)N
decoy,C12818616,CC[NH+](CC(=O)Nc1ccc(cc1)NC(=O)C)[C@@H](C)c2[nH]c(=O)c3c(csc3n2)c4cccs4
decoy,C39637499,C[C@@H]1CCC[C@H]([C@@H]1C)NC(=O)[C@@H]2CN(CC23CC[NH2+]CC3)C(=O)CCc4ccc(cc4)OC
decoy,C06996470,CCCCn1c2ccc(cc2nc1C[NH2+][C@@H](C)c3ccccc3Cl)S(=O)(=O)N
decoy,C52882435,C[C@@](c1ccccc1)(C(=O)N2CCN(CC2)S(=O)(=O)N)N
decoy,C59270412,c1cc2c(cc1C(=O)/C=C/c3cc4c(c(c3)Cl)OCO4)CCC(=O)N2
decoy,C08739132,c1cc(ccc1c2c3c(n[nH]2)CCN(C3)C(=O)c4ccc(o4)Br)F
decoy,C20836866,C/C(=N\Nc1[nH]nc(n1)SCC(=O)NNC(=O)C(F)(F)F)/c2ccc(cc2)N
decoy,C65623770,Cc1ccc(cc1S(=O)(=O)N)C(=O)NNC(=O)NCCc2cccs2
decoy,C53650699,CCOC(=O)N[C@H](C(C)C)C(=O)Nc1nc(c(s1)SCC#N)C
decoy,C35955858,C[C@@H]1C[C@@H]2[C@H]([NH+]=C([NH+]=C2/C(=C/c3cc(c(c(c3)OC)OC)OC)/C1)[S-])c4cc(c(c(c4)OC)OC)OC
decoy,C43223661,Cc1c(cc(n1CCc2ccccc2Cl)c3cccc(c3)[N+](=O)[O-])C(=O)N
decoy,C67408012,Cc1ccsc1C(=O)NNC(=O)NC[C@@]2(CCC[C@H](C2)C)[NH+](C)C
decoy,C33170602,Cc1ccc(cc1S(=O)(=O)NCc2ccc(o2)C)/C=C\c3c(c(no3)C)NC(=O)C
decoy,C64760757,Cc1ccc(c(c1)C)NC(=O)c2cc(n3c(n2)ccn3)C(C)C
decoy,C07357107,c1ccc(c(c1)c2nnc(o2)SCc3nc(no3)c4ccsc4)F
decoy,C35667416,Cc1ccc(cc1)n\2cc([nH]/c2=N\C(=O)C[NH2+]C[C@@H]3CCCO3)c4ccc(cc4)OC
decoy,C24943432,C[C@H]1CCC[C@@H]([C@H]1C)n2c(=O)c3ccc(cc3[nH]c2=O)C(=O)OC
decoy,C12369314,COCCCNC(=S)Nc1ccc([nH+]c1)N2CCN(CC2)c3ccc(c[nH+]3)C(F)(F)F
decoy,C38551101,CCOc1ccc(cc1)[C@@H](c2c3c(sc2NC(=O)c4ccco4)CCCC3)Nc5cccc([nH+]5)C
decoy,C39589308,C[C@@H]1CCCC[C@@H]1NC(=O)[C@@H](C)OC(=O)c2cccc(c2)S(=O)(=O)N3CCCCCC3
decoy,C15957033,C[C@@]12CCC(=O)C=C1CC[C@@H]3[C@@H]2CC[C@]4([C@@H]3CC[C@]4(C(=O)COC(=O)CCC(=O)NCc5ccccn5)O)C
decoy,C66586627,CCc1ccc(s1)[C@@H]2Nc3ccc(cc3C(=O)N2)Cl
decoy,C08757693,c1ccc(cc1)N/C(=C\2/C(=O)NC(=O)N(C2=O)c3ccc(cc3)Br)/NCc4ccccc4C(F)(F)F
decoy,C27668439,COc1ccc(cc1)[C@@H](CNC(=O)CNC(=O)c2ccc(o2)Br)[NH+]3CCCCC3
decoy,C47359904,C[C@]1(C(=O)N(C(=O)N1)Cc2cccc(c2)C(=O)N)c3ccc(cc3)C(F)(F)F
decoy,C67497298,Cc1cc(c2c(c1)N(CCC2)C(=O)C(=O)NCc3ccc[nH+]c3N(C)C)C
decoy,C38627249,Cc1ccc2=[NH+][C@@H](C(=c2c1)NC(=O)[C@@H]3CC=CC[C@@H]3Cc4ccccc4)C(=O)OC
decoy,C16113069,COC(=O)[C@@H]1CCCN(C1)S(=O)(=O)c2ccc(cc2)NC(=O)CCCc3c[nH]c4c3cccc4
decoy,C00657073,Cc1ccc(cc1)CNC(=O)CN(c2c(n(n(c2=O)c3ccccc3)C)C)S(=O)(=O)c4ccccc4
decoy,C08788932,CCCN1CC(=O)N2C[C@@H](c3c4ccccc4[nH]c3[C@]2(C1=O)C)c5ccc(c(c5)OCC)OCCC
decoy,C63234621,COc1cccc(c1OC)[C@@H](C[NH2+]C[C@H](CO[C@@H]2CCCc3c2cccc3)O)C4=c5ccccc5=[NH+]C4
decoy,C36569684,COc1ccc(c(c1)F)[C@@H]2c3c([nH]c[nH+]3)CCN2C(=O)N[C@H](CCSC)C(=O)OC
decoy,C13063751,CCc1ccc2c(c1)cc(c(=O)[nH]2)C[NH+](Cc3cccs3)[C@@H](CC)c4nnnn4Cc5ccco5
decoy,C36000344,Cc1c2c(nc(nc2n(n1)c3ccccc3Cl)C)NCCNC(=O)c4ccc(cc4)C(F)(F)F
decoy,C10613191,CC(C)(C)NC(=O)CSc1[nH]c(=O)c2cnn(c2n1)c3ccc(cc3)Cl
decoy,C35965104,CCN1C2=C([C@H](NC1=O)c3cccc(c3)C)C(=O)N(C2)[C@H](c4ccccc4)C(=O)NC5CC5
decoy,C53457964,CC(C)(C(=O)N(C)Cc1ccc(cc1)C#N)NC(=O)NC
decoy,C59351815,CC[C@H](c1ccc(cc1)C)NC(=O)[C@@H](CC)Oc2ccc(cc2)C(C)(C)C
decoy,C31158241,CC(C)([C@H]1Cc2c(cc3c(c2OC)c(=O)cc(o3)CO[C@H]4[C@@H]([C@H]([C@@H]([C@H](O4)CO)O)O)O)O1)O
decoy,C59402847,c1ccc(cc1)[C@@H]2c3cccn3CCN2CC(=O)Nc4c(c5c(s4)CCCC5)C#N
decoy,C09406356,Cc1ccc(cc1)c2cn3c4ccc(cc4sc3n2)C(=O)NCCC[NH+]5CCCC[C@H]5C
decoy,C39672682,Cc1cc(c(c(c1C)S(=O)(=O)N2CCC(CC2)C(=O)Nc3nc(cs3)C4=NC=CC4)C)C
decoy,C05444699,CCOc1ccc2ccc(c(c2c1)[C@@H]3c4c(n[nH]c4OC(=C3C#N)N)C)OCC
decoy,C58689736,CCCn1c2ccc(cc2nc1CCC(=O)NCc3ccc(cc3C)C)S(=O)(=O)N4CCCC4
decoy,C04042275,c1cc(ccc1c2ccc(cc2)N[C@@H]3C[C@@H]([C@@H](O3)CO)O)N[C@@H]4C[C@H]([C@@H](O4)CO)O
decoy,C63786510,CC(=O)Nc1ccccc1OC[C@@H]2N[C@@H](ON2)C(=O)NCCC3=c4cc(ccc4=[NH+]C3)F
decoy,C36826193,Cc1cccc(c1S(=O)(=O)N2CCC[C@H]3[C@@H]2CCCC3)N
decoy,C45970098,c1cc(ccc1c2nnc(o2)SCC(=O)NNc3ccc(cc3)F)Cl
decoy,C25337000,Cc1ccc(cc1)c2csc(n2)/C(=C/3\CCCCCN3)/C#N
decoy,C09033500,Cc1cc(c(c(c1CC[C@@](C)(C#C[C@@H]2c3c(cc4c(c3OC)OCO4)CC[NH+]2C)O)C)C)OC
decoy,C54068011,Cc1ccccc1C(=O)NNC(=O)N[C@@H](C)c2ccc(cc2F)F
decoy,C06523255,C[C@@H]1CCc2c(c(no2)C(=O)N[C@H]3CCCC[C@@H]3C)C1
decoy,C05409187,c1cc(cc(c1)Cl)[C@H]2[C@@H]3C(=NN=C3OC(=C2C#N)N)c4cccs4
decoy,C42107858,Cc1ccc(c2c1[C@H](C(=O)N2)[NH2+]Cc3ccc(s3)Br)C
decoy,C14551879,CSc1ccc(cc1)[C@@H]2[C@H]3CC=C[C@@H]3c4c(ccc(c4N2)F)[N+](=O)[O-]
decoy,C60211590,CC[NH+](CC)Cc1ccc(o1)C(=O)NNC(=O)[C@@H]2CCCN2S(=O)(=O)c3ccc(cc3)F
decoy,C47438959,Cc1ccc(cc1)n2c(nnc2SCc3cccc(c3)C(=O)N)N4CCCCC4
decoy,C05678345,C[C@@H]1CCCC[C@H]1NC(=O)NC(=O)CSc2[nH]nc(n2)c3ccccc3F
decoy,C15979940,CC(C)[NH+](CCN\1C(=O)/C(=C/c2ccc(cc2)OC(F)F)/S/C1=N\c3ccc(cc3)OC)C(C)C
decoy,C01973074,Cc1cccc(c1)CSc2[nH]c(=O)c3c4c(sc3n2)C[C@H](CC4)C
decoy,C10694018,C[C@@H]1CCCC[C@@]12C(=O)N(C(=O)N2)CC(=O)OCC(=O)Nc3ccccc3C(=O)c4ccccc4
decoy,C65500600,c1ccc(cc1)[C@H]2[C@H]([NH+](CN2)C[C@@H]3C4=C(CCC4)N=N3)[C@@H]5CCOC5
decoy,C21078398,Cc1c(cccc1Cl)NC(=O)CSc2nc([nH]n2)N/N=C/c3cccc(c3Cl)Cl
decoy,C49404484,Cc1ccc(cc1)S(=O)(=O)N2CCCC[C@H]2CCNS(=O)(=O)Cc3ccc(cc3)F
decoy,C39683321,CC(C)COCCCNC(=O)[C@@H]1CN(CC12CC[NH2+]CC2)C(=O)c3cc(ccc3OC)OC
decoy,C52566261,Cc1cc(oc1C)[C@H]2c3cc(ccc3NC2=O)c4cc(cnc4)OC[C@H](CC5=c6ccccc6=[NH+]C5)[NH3+]
decoy,C16699338,Cc1cccc(c1C)NC(=O)NC(=O)COC(=O)C2=Cc3cc(ccc3OC2)Cl
decoy,C39737875,Cc1c(c([nH]c1C(=O)[C@@H](C)S[C@@H]2NN=C(N2c3ccc(cc3)F)c4cc[nH+]cc4)C)C(=O)C
decoy,C64503204,Cc1ccccc1C2=NO[C@H](N2)[C@@H]3C=C(N=N3)c4ccc(cc4)C(C)C
decoy,C15839178,CC1(Cc2ccccc2-c3c1c(=O)n4c(n3)n(nc4SC)CC(=O)NCCc5ccccc5)C
decoy,C02217822,CCOC(=O)C1=c2n(c(=O)/c(=C/c3ccc(cc3)F)/s2)C(=C([C@H]1c4ccc(cc4)F)C(=O)OCC)N
decoy,C07098942,c1ccc2c(c1)ccc3c2N[C@@H]([C@@H]4[C@@H]3C=CC4)c5ccccc5[N+](=O)[O-]
decoy,C09909542,c1cc(ccc1C(=O)N[C@H](C(=O)Nc2nccs2)C34CC5CC(C3)CC(C5)C4)Cl
decoy,C09060294,Cc1c2cc(c(cc2oc(=O)c1CC(=O)NCCc3c[nH+]c[nH]3)OCC(=C)C)Cl
decoy,C13506004,Cc1ccc(o1)[C@@H](C(=O)NC2CCCC2)N(Cc3ccccc3)C(=O)CNC(=O)c4cccs4
decoy,C36493405,CCCCC(=O)N(C1CCCCC1)[C@@H](c2ccc(cc2C)C)C(=O)NCS(=O)(=O)c3ccc(cc3)C
decoy,C09330119,CCCN1c2ccccc2[C@]3(C1=O)/C(=C(/c4cc5ccccc5o4)\O)/C(=O)C(=O)N3CC[NH+]6CCOCC6
decoy,C36895226,C[C@H]1C[C@@]2(CC(C1)(C)C)C(=O)N(C(=O)N2)CC(=O)NNC(=O)c3cccc(c3)Cl
decoy,C66938957,c1cc(ccc1[C@@H](C(=O)N)NNC(=O)c2cc3c(s2)CCCCC3)F
decoy,C59006590,CCOC(=O)c1c2c(sc1NC(=O)CSc3nc([nH]n3)N/N=C/c4c[nH]c5c4cccc5)CCC2
decoy,C13271888,Cc1cc(c(n1c2cc(on2)C)C)C(=O)CSc3nnc(n3[C@@H](C(C)C)C(=O)[O-])c4cccs4
decoy,C23038235,CCC[NH+](Cc1nc(c2c3c(sc2n1)CCCCC3)N)CC(=O)Nc4ccccc4C
decoy,C39575892,c1ccc2c(c1)[nH]c(n2)CSC3=NN[C@@H](N3c4ccc(cc4)Br)c5cccnc5
decoy,C39988952,c1ccc(cc1)C2=c3cc(ccc3=[NH+]C(=O)[C@H]2C4=NN([C@H](C4)c5ccco5)C(=O)c6ccccc6F)Cl
decoy,C39630742,CC(C)(CNC(=O)[C@@H]1CN(CC12CC[NH2+]CC2)C(=O)Cc3ccc(cc3)Cl)C[NH+](C)C
decoy,C02425481,CCSc1nc(c2c3c(sc2n1)COC(C3)(C)C)N4CCOCC4
decoy,C04544520,CCOc1ccc(cc1)/N=C\2/NC(=O)/C(=C\c3ccc(cc3)OCC(=O)N)/S2
decoy,C07530510,Cc1cc(n(n1)c2nnc(n2N)SCC(=O)N[C@@H](C)C34CC5CC(C3)CC(C5)C4)C
decoy,C08939355,Cc1cc(c(c(c1C)C)C)C(=O)CN2C(=O)[C@]3(CCCC[C@@H]3C)NC2=O
decoy,C33260170,CC[C@@H]1CCCC[NH+]1CCNC(=O)C2CCN(CC2)c3ccc4nnc(n4n3)c5ccc(cc5)Cl
decoy,C08757822,CCn1cc(c2c1cccc2)/C=C(/C(=O)NCCc3c[nH]c4c3cc(cc4)OC)\NC(=O)c5ccccc5OC
decoy,C13249209,c1cc(c(c(c1)Cl)S(=O)(=O)Nc2ccc(cc2)NC(=O)[C@@H]3CC=CC[C@@H]3C(=O)[O-])Cl
decoy,C01432612,CC1(CC2=C([C@H]([NH+]=C(N2)Nc3nc4ccccc4o3)c5ccc(cc5)F)C(=O)C1)C
decoy,C39665907,Cc1ccc(cc1)O[C@H](C)CNC(=O)[C@H]2CN(CC23CC[NH2+]CC3)C(=O)c4ccccc4F
decoy,C29145134,C[C@H](c1nnc(n1c2ccc(cc2)F)S[C@H](C)C(=O)NC(=O)Nc3ccccc3)[NH+](C)C
decoy,C56955949,C[C@@H]1C=CC2=CCC[C@H]([C@@H]2[C@@H]1CC[C@@H]3C[C@@H](CC(=O)O3)O)[C@@H](C)[C@@H](C)C(=O)[O-]
decoy,C66596765,Cc1ccc(c(c1)C)C[C@H](C)NC(=O)NC2CC[NH+](CC2)CC(=O)NC
decoy,C43763814,C[C@@]12CCCC([C@H]1[C@@H](C[C@]3([C@H]2C(=O)C[C@@](O3)(C)C=C)C)O)(C)C
decoy,C39726998,c1ccc(cc1)N2C(=O)[C@@H]([C@H](C=N2)N3CC[NH+](CC3)CC(=O)NCCc4c[nH]c5c4cccc5)Cl
decoy,C20906152,CCOc1ccc2c(c1)sc(n2)NC(=O)CSc3nc([nH]n3)N/N=C/c4ccc(cc4)C(=O)OC
decoy,C41585202,Cc1cc(=O)oc2c1cc(c(c2C[NH+]3CCN(CC3)c4ccccc4)O)CCC(=O)OC(C)C
decoy,C19221074,Cc1ccc2c(c1)cc(c(=O)[nH]2)C[NH+](Cc3ccc4c(c3)OCO4)Cc5nnnn5Cc6ccco6
decoy,C01882150,CCOc1ccc(cc1)n2c(nnc2SCC(=O)N/N=C/c3ccc(c(c3)[N+](=O)[O-])Cl)c4ccc(cc4)Cl
decoy,C36026270,CC[C@@H](C)CN1C(=O)[C@@H]([NH2+]C12CCN(CC2)C(=O)c3cccs3)C
decoy,C10338932,Cc1c(c2[nH]c(cc(=O)n2n1)CSc3nnc(s3)N)c4ccc(cc4)Br
decoy,C67538413,CCOc1cc2c(cc1NC(=O)N[C@H](C)C(=O)N3CCCC[C@@H]3C)O[C@@H](C2)C
decoy,C36205601,CCCC(=O)OC[C@@H](C[NH+](CCOC)Cc1[nH]c(=O)c2c(csc2n1)c3ccc(cc3)C)O
decoy,C16747960,c1cc2c(cc1S(=O)(=O)N)CCN2C(=O)COC(=O)c3cc(cc(c3)Cl)Cl
decoy,C65974415,c1c2c(cc(c1S(=O)(=O)N3CC4C[C@H]5C[C@@H](C4)CC3C5)F)NC(=O)CC2
decoy,C03010976,COc1ccc(c(c1)NC(=O)C2=CC3=[NH+][C@@H](C[C@@H](N3N2)C(F)(F)F)c4ccc(c(c4)OC)OC)OC
decoy,C01876719,Cc1c2c(n(n1)c3ccccc3)N=C4C(=Nc5ccccc5N4[C@H]2c6cccc(c6)[N+](=O)[O-])Nc7ccc(cc7)Cl
decoy,C08793530,Cc1ccc(c(c1)C)NC(=O)CSc2nnc(n2C3CCCCC3)CNC(=O)C45CC6CC(C4)CC(C6)C5
decoy,C35575223,CCOC(=O)CNC(=O)N(C)Cc1c2c(n(n1)c3ccc(cc3)C)CC[NH+](C2)Cc4ccc(cc4)F
decoy,C09190779,c1ccc(cc1)C(=O)c2ccc3c(c2)[nH]c(n3)SCC(=O)N
decoy,C08345956,c1ccc(cc1)c2c3cc(cnn3c(=S)[nH]2)C(=O)c4ccccc4O
decoy,C14752379,COc1cccc(c1C[NH+]2CCc3c(cc(c(=O)n3CC4CC4)c5cccc(c5)n6cccn6)C2)O
decoy,C18363530,Cc1c(c([nH]c1C(=O)[C@H](C)OC(=O)c2ccc(cc2)S(=O)(=O)N3CCCC[C@@H]3C)C)C(=O)C
decoy,C64220444,c1ccc2=[NH+]CC(=c2c1)C[C@@H](C(=O)NCC3=CN4CC=CC=C4N3)NC(=O)c5cccs5
decoy,C14992541,COc1cccc(c1OC)C[NH+]2CCOc3ccc(cc3C2)C4(CCN(CC4)c5ccccc5F)O
decoy,C28958909,CCC[NH+](CC(=O)Nc1ccccc1N2CCCC2=O)CC(=O)Nc3ccc(cc3Cl)Cl
decoy,C02381558,c1ccc2c(c1)c(c[nH]2)/C=N/n3c(c(c4c3nc5ccccc5n4)C(=O)NC6CCCCC6)N
decoy,C06420271,COc1cc(cc(c1O)OC)[C@@H]2c3c(=O)[nH]c(nc3NC4=C2C(=O)CCC4)SC
decoy,C05516548,Cc1ccc2c(c1)C3=C([C@H](O2)c4cccc(c4)F)[C@H](N5C(=N3)NC=N5)c6cccnc6
decoy,C33057848,Cc1c2c(c(n(n2)c3ccccc3)n4cccc4)c(=O)n(n1)[C@@H](C)C(=O)Nc5ccccc5Cl
decoy,C20683096,CN(C1CCCCC1)S(=O)(=O)c2ccc3c(c2)[C@@H]4C=CC[C@H]4[C@@H](N3)c5cc(c(c(c5)OC)OC)OC
decoy,C12503373,Cc1cc(ccc1OCC(=O)NC(=S)NNC(=O)c2ccc(cc2Cl)Cl)Cl
decoy,C63780723,COc1ccc(cc1)[C@H]([C@H](C(=O)C2=c3ccccc3=[NH+]C2)O)N4CCN(CC4)c5ccc(cc5)OC
decoy,C64813635,CC1=C(C(=O)N2[C@H](N1CC=C)NC(=N2)c3ccccc3)CC(=O)NC4[NH+]=c5ccccc5=[NH+]4
decoy,C24176155,Cc1ccc(cc1C)[C@H](C)NC(=O)CSc2c3c(nc(n2)C(C)(C)C)n(c(=O)n(c3=O)C)C
decoy,C64870468,COc1ccccc1Cn2c(=O)c3ccc(cc3[nH]c2=O)[C@H]4N[C@@H](NO4)c5ccc6c(c5)OCO6
decoy,C00659131,CCc1ccccc1NC(=O)c2cc3n(n2)[C@H](C[C@H](N3)c4ccc5c(c4)OCO5)C(F)(F)F
decoy,C49683162,Cc1cc(ccc1NC(=O)c2cc(n(n2)[C@H]3CCS(=O)(=O)C3)C)Cl
decoy,C36969328,C[C@H]1CCCC[C@H]1Nc2ccc3c(c2)NC(=O)[C@@H](O3)C
decoy,C39653538,CCOc1cc(ccc1OC)CCNC(=O)[C@H]2CN(CC23CC[NH2+]CC3)C(=O)CCc4ccc(cc4)OC
decoy,C34900499,Cc1ccccc1C(=O)N[C@@H]2CCCC[C@@H]2NC(=O)[C@@H]3CCCN(C3)C(=O)C4CCCC4
decoy,C35060083,CC[C@H](c1nc2ccccc2c(=O)n1CCOC)N(CCC(C)C)C(=O)Nc3ccccc3Br
decoy,C14158141,Cc1cc(nc(n1)N/C(=N/C(=S)Nc2ccc(cc2)C(F)(F)F)/NCCc3c[nH]c4c3cccc4)C
decoy,C12628161,CN(C)S(=O)(=O)c1ccc2c(c1)nc([nH]2)C[NH+]3CCCCC[C@H]3c4ccc(cc4)OC
decoy,C12859605,CC[C@@]1(C(=O)N(C(=O)N1)NC(=O)NC(C)(C)c2cccc(c2)C(=C)C)C
decoy,C35777327,Cc1c(c(n(n1)c2ccccc2)Oc3ccccc3OC)C[NH+](C[C@H]4CCCO4)C[C@@H](COC(C)C)O
decoy,C35548338,CC(C)[C@@H](C[NH+](Cc1c2c(n(n1)c3ccccc3)CCN(C2)Cc4ccccc4F)CC5CC5)O
decoy,C04331863,CN(C)c1ccc(cc1)N2[C@H](Nc3ccccc3C2=O)c4cccc(c4)[N+](=O)[O-]
decoy,C12913493,CC(C)[C@H](c1ccc2c(c1)OCCCO2)[NH2+]Cc3csc(n3)c4ccc(c(c4)OC)OC
decoy,C60199737,Cc1cccc(c1)C(=O)N[C@@H](C(C)C)C(=O)N[C@H](C)c2[nH]cc([nH+]2)c3ccccc3
decoy,C65170511,c1ccc2c(c1)CC[NH+](C2)C[C@H](CN3C(=O)C4(CCCCCCC4)NC3=O)O
decoy,C11289143,c1cc(c(cc1[N+](=O)[O-])Cl)NC(=O)COC(=O)CC23C[C@@H]4C[C@H](C2)CC(C4)(C3)Br
decoy,C15280264,CCn1c2ccc(cc2nc1SCC(=O)N(C)[C@@H]3CCS(=O)(=O)C3)S(=O)(=O)N(CC)CC
decoy,C06300602,Cc1cc(c2c(c1)cc(c(=O)[nH]2)[C@@H](c3nnnn3C(C)(C)C)[NH+](Cc4ccccc4Cl)Cc5ccco5)C
decoy,C24986464,c1ccc(cc1)C[C@H](C(=O)N2CCC3(CC2)c4c([nH]c[nH+]4)CCN3)NC(=O)Cc5ccccc5
decoy,C14940651,Cc1c(c(n(n1)c2ccccc2)Cl)C(=O)NNC(=O)c3cc4c(s3)CCCCC4
decoy,C62042164,Cc1cccn2c1[nH+]c(c2CC(=O)Nc3ccc(c(c3F)F)F)c4ccc(c(c4)C)C
decoy,C09722403,c1ccc2c(c1)[nH]c(=O)n2C3CC[NH+](CC3)CC(=O)NN4C(=O)C5(CCCCC5)NC4=O
decoy,C35397824,c1ccc(cc1)S(=O)(=O)[N-]c2cc(c([nH+]c2)N3CCC[C@@H](C3)C[NH+]4CCCC4)C(=O)[O-]
decoy,C21852964,CCc1ccc(cc1)c2cc3n(n2)C[C@@](N(C3=O)CC[NH+](CC)CC)(C)C(=O)NC4CCCCC4
decoy,C39942256,C[C@@H](C(=O)NCc1ccc2c(c1)OCO2)S[C@H]3NN=C(N3C4CC4)C5=c6ccccc6=[NH+]C5
decoy,C42334069,Cc1ccc(cc1NC(=O)[C@H](C)N[C@H](C)c2cccc(c2)Cl)[N+](=O)[O-]
decoy,C53857092,c1ccc(c(c1)c2cc3c(s2)c(=O)[nH]c(n3)c4cccc(c4)C(=O)N)Cl
decoy,C20574648,CC[C@@H]1CCCC[NH+]1CCCNC(=O)CCn2cnc3c(c2=O)c(no3)c4ccc(cc4)F
decoy,C43078846,CC(C)(C)OC(=O)NNC(=O)NC[C@@H](c1ccccc1)c2c[nH]c3c2cccc3
decoy,C36601345,Cc1ccc(o1)CN([C@@H](c2ccc(cc2)C(F)(F)F)C(=O)NC(C)(C)C)C(=O)c3cccc(c3)[N+](=O)[O-]
decoy,C36581866,CCCCC/C=C\C(=O)N([C@@H](c1cccc(c1)O)C(=O)NCS(=O)(=O)c2ccc(cc2)C)C(C)(C)C
decoy,C40762777,c1cc(ccc1c2ccc3c(c2)cnn(c3=O)c4ccc([nH+]c4)N5CC[C@H](C5)NN6CCOCC6)Cl
decoy,C16825111,C[C@H](C(=O)NC(=O)NC(C)(C)C)SC1=N/C(=C\c2ccccc2)/C(=O)N1c3ccc(cc3)F
decoy,C07006540,c1cc(ccc1CCNC(=O)c2ccc(cc2)C(F)(F)F)S(=O)(=O)N
decoy,C06195275,Cc1ccc(c(c1)C)N([C@H](c2ccncc2)C(=O)NCc3ccccc3)C(=O)c4c(c(ns4)C(=O)N)N
decoy,C12766922,Cc1ccc(cc1)N2[C@H]([C@@H](CCC2=O)C(=O)NCCC(C)C)c3ccc(c(c3)OC)OC
decoy,C40322062,CC[NH+](CC)[C@H](CNC(=O)c1ccc(o1)S(=O)(=O)c2ccc(cc2)Cl)c3ccccc3Cl
decoy,C05798633,C[C@H]1C[C@H](c2ccccc2N1C(=O)Nc3ccncc3)Nc4ccccc4
decoy,C03336209,Cc1ccc(cc1)C2=C[C@@H](N(N2)C(=O)CN3C(=O)[C@]4(CCCc5c4cccc5)NC3=O)c6ccco6
decoy,C50029855,C[C@H]([C@@H]1CCCO1)Nc2cc(c(cc2F)N)C(=O)N
decoy,C12186354,CC(C)(C)c1c2cc(c(=O)[nH]c2n(n1)c3ccccc3)C[NH2+]C4CC4
decoy,C34428559,c1cc(nnc1N[C@H]2CCCC[C@@H]2O)Cl
decoy,C51728798,Cc1c(c(n[nH]1)C(=O)N2CC[C@@H](C[C@H]2C)C)N
decoy,C44895079,c1csc2c1CN(CC2)C(=O)NCCCN3CCCCCC3=O
decoy,C15150531,Cc1cc(c(c(c1)Cl)NC(=S)NNC(=O)c2ccc3c(c2)OCO3)C
decoy,C06031900,C[C@@H]1[C@](c2c(cc3c(c2O1)C(=O)C(=C(C3=O)OC)C)O)(C)CCC=C(C)C
decoy,C36278792,Cc1ccc(cc1C)c2csc3c2c(nc(n3)Cl)NC(C)C
decoy,C36503613,CC(C)(C)NC(=O)[C@H](c1ccc(cc1)[N+](=O)[O-])N(Cc2ccco2)C(=O)C(c3ccccc3)c4ccccc4
decoy,C09328284,CCn1c(nnc1SCC(=O)c2ccc(cc2)C#N)[C@@H](C)NC(=O)c3ccc(cc3)Cl
decoy,C45648090,C[C@@H](C(=O)Nc1nncs1)Oc2ccc(c(c2)Cl)Cl
decoy,C37140101,Cc1cc(cc(c1O)C)CNc2ccc(cc2[N+](=O)[O-])Br
decoy,C17078000,Cc1c(c(sc1C(=O)N)NC(=O)C[NH+]2CCC[C@H](C2)C)C(=O)OC(C)C
decoy,C38546132,CSc1ccc(cc1)[C@@H](c2c3c(sc2NC(=O)c4ccco4)CCCC3)[NH+]5CCCCC5
decoy,C14775288,CCCOc1ccc(cc1Br)C(=O)NC(=S)N2CCNC(=O)[C@H]2CC(=O)OCCC(C)C
decoy,C03410439,C[C@@H]1C[C@]2(CC(C1)(C)C)C(=O)N(C(=O)N2)CC(=O)NCCc3c[nH]c4c3cccc4
decoy,C49147402,C[C@@H](c1ccc(s1)Cl)NS(=O)(=O)c2cc(cnc2NN)Br
decoy,C18230170,Cc1cccc([nH+]1)N/C=C/2\c3ccccc3C(=O)N(C2=O)c4cccc(c4)S(=O)(=O)NCc5ccco5
decoy,C64668424,CC(C)(C)Nc1c(nc2n1c3ccccc3s2)c4ccc(cc4)C#N
decoy,C08670695,c1ccc(cc1)n2cc(c(n2)c3cccs3)[C@@H]4[C@@H]([C@@](NC(=O)N4)(C(F)(F)F)O)C(=O)c5cccnc5
decoy,C34979259,CC[C@H](C)[C@@H](C(=O)N1CCN([C@@H](C1)C)C(=O)CCC2CCCC2)NC(=O)/C=C/c3ccc(cc3)[N+](=O)[O-]
decoy,C35073289,Cc1nc2n(n1)c(c(s2)[C@@H](c3cccc(c3)Cl)[NH+]4C[C@@H](C[C@@H](C4)C)C)[O-]
decoy,C36186848,CCOc1cccc2c1O[C@]3([C@H]([C@@H]2NC(=S)N3c4ccc(cc4)C)C(=O)Nc5ccc(cc5C)C)C
decoy,C63896743,c1ccc2=[NH+]CC(=c2c1)[C@@H](CNC(=O)c3ccc(cc3)N4CCCS4(=O)=O)c5ccccc5Cl
decoy,C04056877,C[C@@H]([C@@H](c1cccs1)[NH+]2CCN(CC2)c3ccccc3)NS(=O)(=O)c4ccccc4
decoy,C13063976,CC[C@@H](c1nnnn1CCc2ccccc2)[NH+](Cc3cc4ccc(cc4[nH]c3=O)C)C5CCCCC5
decoy,C14333193,Cc1cc(c(o1)C)c2cc(c3c(noc3n2)C)C(=O)NNC(=O)C45CC6CC(C4)CC(C6)C5
decoy,C57855321,CCn1c(nnc1SCC(=O)c2ccc(cc2C(C)C)C(C)C)C3CC3
decoy,C20905341,CCOC(=O)c1c(c(c(s1)NC(=O)CSc2nc([nH]n2)N/N=C/c3cccc4c3cccc4)C#N)C
decoy,C16041162,c1ccc2c(c1)C=C[C@@H]3N2[C@@H]([C@@H]4[C@H]3C(=O)N(C4=O)c5ccc6c(c5)OCO6)C(=O)N
decoy,C39664745,Cc1ccc(c(c1F)F)C(=O)N2C[C@@H](C3(C2)CC[NH2+]CC3)C(=O)N[C@H](C[NH+](C)C)c4ccccc4
decoy,C10041804,CC(C)[C@@H](C(=O)N/N=C\c1ccc(o1)c2ccc(cc2[N+](=O)[O-])Cl)NC(=O)c3cccc(c3)Cl
decoy,C01382425,CCc1ccc2c(c1)cc(c(=O)[nH]2)[C@@H](c3nnnn3Cc4ccco4)N(Cc5cccnc5)Cc6ccccc6Cl
decoy,C02245956,CCCCCn1c(c(c2c1nc3ccccc3n2)C(=O)NC4CCCC4)N
decoy,C29401123,c1ccc2c(c1)[nH]c(=O)n2C3CC[NH+](CC3)CC(=O)N[C@@H]4CCc5cc(ccc5[C@H]4Cc6cccnc6)F
decoy,C58828583,C[C@@H](c1ccc(cc1)S(=O)(=O)N)N(C)C(=O)Nc2ccccc2C(F)(F)F
decoy,C01070695,Cc1ccc(cc1)c2cc(n3c(n2)c(cn3)C(=O)Nc4c(c5c(s4)CCC5)C#N)C(F)F
decoy,C39481867,CC(C)Cc1ccc(c(c1)N2CCN[C@@H](C2)S(=O)(=O)C(C)C)NS(=O)(=O)Cc3ccccc3
decoy,C13203811,CCOC(=O)CN(c1ccc(cc1)F)C(=O)CSc2nnc(n2CC(=O)[O-])c3cccs3
decoy,C12285399,COc1ccc(cc1OC)[C@@H]2c3cc(c(cc3CC(=O)N2NC(=O)c4ccc(cc4)[N+](=O)[O-])OC)OC
decoy,C02299272,CCC[NH+]1CCc2c(sc3c2c(=O)n(c(n3)SCC(=O)c4ccc(cc4)Cl)c5ccc(cc5)C)C1
decoy,C36502114,CCCCNC(=O)[C@@H](c1c(cccc1Cl)Cl)N(Cc2ccco2)C(=O)Cc3ccc4c(c3)OCO4
decoy,C09125524,CC[C@@]1(C(=O)N(C(=O)N1)CC(=O)c2cc(n(c2C)CC(F)(F)F)C)c3ccc(cc3)OC
decoy,C39532318,CCc1ccc(cc1)[C@H](CNc2ccccc2O)N3CCN[C@@H](C3)Cl
decoy,C35034909,CC[C@@H](c1nc2ccccc2c(=O)n1Cc3ccccc3)[NH+]4CCN(CC4)C(=O)NCC
decoy,C40426493,CC(C)C[C@@H](C(=O)NC1CC[NH+](CC1)C)N2CC3=C(C2=O)[C@@H](NC(=O)N3C)c4ccccc4C(F)(F)F
decoy,C17982574,COCCCN(c1c(n(c(=O)[nH]c1=O)Cc2ccccc2)N)C(=O)CSc3ccc(c(c3)F)F
decoy,C18467947,CC(C)CN(c1c(n(c(=O)[nH]c1=O)Cc2ccccc2)N)C(=O)COC(=O)c3cc4c(s3)CCC4
decoy,C36065906,CC(C)CNC(=O)c1coc(n1)C[NH+](Cc2ccc3c(c2)OCO3)Cc4ccc(cc4F)F
decoy,C02780231,CC1(CC(CC([NH2+]1)(C)C)NC(=O)c2c(c(nn2C)C(F)(F)F)Br)C
decoy,C09045311,CC[NH+](CC)CCCN1[C@@H](/C(=C(/c2ccc(o2)C)\O)/C(=O)C1=O)c3ccc(cc3)OCC
decoy,C11448894,Cc1ccc(cc1C)S(=O)(=O)NCC(=O)NCC(=O)Nc2nc3c(s2)C[C@@H](CC3)C
decoy,C08713663,Cc1cc(nc(n1)SCC(=O)N(Cc2ccc(cc2)Cl)[C@@H](c3ccc(cc3)Cl)C(=O)Nc4ccc5c(c4)OCO5)C
decoy,C43313972,CC[C@H](CO)NC(=O)/N=c/1\[nH]c2ccc(cc2s1)C
decoy,C38546638,c1cc[nH+]c(c1)N2CC[NH+](CC2)[C@@H](c3ccccn3)c4c5c(sc4NC(=O)c6ccco6)CCCC5
decoy,C05284669,CC(C)Cc1ccc(cc1)[C@@H]2C3=C(CC(CC3=O)(C)C)Nc4ccccc4N2
decoy,C39545791,c1ccc(cc1)OS(=O)(=O)N(C(=O)[C@@H]2CC(=C3[NH+]2Cc4ccccc4N3)c5ccccc5O)Cl
decoy,C38636655,CCCOc1ccc(cc1)S(=O)(=O)NC[C@H](c2ccc(cc2)N(C)C)N3CC[NH+](CC3)C
decoy,C01836236,Cc1ccc(cc1)c2nnc(n2c3ccc(cc3)OC)SCC(=O)NNC(=C)c4ccc(cc4)Br
decoy,C36556995,Cc1ccc(o1)CN([C@H](c2c(cc(cc2O)O)O)C(=O)NC3CCCCC3)C(=O)CCC4CCCCC4
decoy,C09951434,COc1cccc(c1OC)[C@H]2C=C(Nc3n2nc(n3)C(F)(F)F)c4cccc(c4)O
decoy,C42842203,CCCC[C@@H](CC)CNC(=O)NNC(=O)Cc1c[nH]c2c1cccc2
decoy,C17157288,Cc1ccc(cc1C)S(=O)(=O)N2CCC(CC2)C(=O)NNC(=O)C34CC5CC(C3)CC(C5)C4
decoy,C14458903,CC(=O)c1ccc2c(c1)[C@H]3C=CC[C@H]3[C@@H](N2)c4ccc(c(c4)OC)O
decoy,C65197909,c1ccc2cc(ccc2c1)SCC(=O)NNC(=O)NCC3CC3
decoy,C15947635,C[C@@H]1CCc2c(sc3c2C(=N[C@@H](N3)c4ccc(c(c4)OC)OC(=O)c5cccs5)O)C1
decoy,C24506941,C1C[C@H](OC1)CNc2nnc(s2)SCc3nc(nc(n3)N)N
decoy,C35593641,CCCNC(=O)N(CC(=O)N1CCn2cccc2[C@@H]1c3ccc(cc3)Cl)C(C)(C)C
decoy,C49317005,CCCn1cc(ccc1=O)NC(=O)c2cc(cn2C)Cl
decoy,C14511807,c1cc(ccc1c2ccc(s2)C(=O)NNC(=O)CCc3ncc(o3)c4ccc(cc4)F)F
decoy,C47172881,Cc1c(c(on1)C(C)C)C(=O)N[C@@H]2CCCCNC2=O
decoy,C39498848,CC(C)S(=O)(=O)c1c(ccc(c1S(=O)(=O)c2ccccc2)c3ccccc3O)[C@@H](CC=O)NC=O
decoy,C10785039,Cc1ccc(cc1)c2nnc(n2N)SCC(=O)Nc3ccc(cc3Br)[N+](=O)[O-]
decoy,C08298704,c1cc(ccc1CNC(=O)[C@H]2C[NH+]3CC[C@@H]2C[C@@H]3Cn4cc(nn4)C5(CCCCC5)O)F
decoy,C50347221,CC[C@H](/C(=N/O)/N)[NH+]1CCC(CC1)C(C)(C)C
decoy,C40426495,CC(C)C[C@@H](C(=O)NC1CC[NH+](CC1)C)N2CC3=C(C2=O)[C@H](NC(=O)N3C)c4ccccc4C(F)(F)F
decoy,C63351001,CC(C)(C)OC(=O)N[C@@H](CC1=c2ccccc2=[NH+]C1)C(=O)Oc3ccc4c(c3)OC(=O)[C@H]5[C@H]4CCCC5
decoy,C39653536,CCOc1cc(ccc1OC)CCNC(=O)[C@@H]2CN(CC23CC[NH2+]CC3)C(=O)CCc4ccc(cc4)OC
decoy,C62826103,Cc1cc(c(c(c1)C(=O)[O-])NC(=O)N(C)[C@H](C)C2CC2)C
decoy,C09378907,Cc1cc(c(n1c2ccc3c(c2)OCO3)C)C(=O)CN4C(=O)[C@](NC4=O)(C)c5ccccc5Cl
decoy,C40860303,c1cc(cc(c1)F)/[NH+]=c/2\c3ccsc3[nH]cc2C(=O)[O-]
decoy,C36494889,Cc1ccc(cc1)S(=O)(=O)CNC(=O)[C@@H](c2ccc3c(c2)OCO3)N(Cc4ccco4)C(=O)CC(C)C
decoy,C00644710,CC(C)(C)N(Cc1ccccc1)C(=O)CC[C@@H]2CCCC[C@]2(c3ccccc3)O
decoy,C00818061,Cc1cc(c2c(c1)-c3cc(nn3[C@H](N2)c4cc(c(c(c4)OC)OC)OC)C)C
decoy,C33270923,Cc1ccc(cc1)c2nc([nH]n2)SCc3nc(on3)CCC(=O)Nc4cc(ccc4C)Cl
decoy,C19836399,Cc1ccc(cc1NC(=O)c2cc(c(c(c2F)[O-])F)F)N
decoy,C39769316,CCn1c(c(c(c(c1=O)C#N)C)/C=C/2\C(=O)N(C(=S)S2)Cc3ccc(cc3)C)N4CCC[C@@H](C4)C
decoy,C20284357,CCOc1ccc(cc1)NC(=O)[C@H](CC(C)C)NS(=O)(=O)c2ccc3c(c2)oc(=O)n3C
decoy,C63375763,CCc1cc(=O)oc2c1cc(c(c2)O[C@@H](C)C(=O)NCCC3=c4ccccc4=[NH+]C3)Cl
decoy,C05782503,CCCCCn1c(=O)c2ccc(cc2nc1SCC#N)Cl
decoy,C20737671,CC[NH+]1CCC[C@H]1CNC(=O)c2ccc3c(c2)N(C(=O)/C(=C/c4ccccc4)/S3)Cc5cccc(c5)C
decoy,C02258154,CCOC(=O)c1c(c2cc(c(cc2[nH]1)OC)OC)NC(=O)C[NH+]3C[C@]4(C[C@@H]3CC(C4)(C)C)C
decoy,C34856464,CC(C)(C)[NH+]1C[C@H]2CCC[C@@]3(C1)C2=NC4(CCCCC4)NC3=O
decoy,C14818186,Cc1ccc(cc1)Oc2ccccc2NC(=O)[C@H](C)SCc3[nH]c(=O)c4c(c(sc4n3)C)C
decoy,C12219039,c1cc(oc1)C[NH+]2CCC(CC2)(c3ccc4c(c3)cc(o4)C(=O)NCc5ccc6c(c5)OCO6)O
decoy,C22461337,CCOC(=O)c1c(oc2c1c(c(c3c2cccc3)O)[C@H](c4ccccn4)N5CC[NH+](CC5)C)C
decoy,C51235485,Cc1ccc(o1)C(=O)NC2CCN(CC2)C(=O)NCC3CCCC3
decoy,C49178442,CCCC[C@@H](C(=O)N1CCCC[C@@H]1C)NC(=O)N
decoy,C39655951,Cc1ccc2c(c1)c(c[nH]2)CCNC(=O)[C@@H]3CN(CC34CC[NH2+]CC4)C(=O)[C@H](C)Oc5ccccc5
decoy,C08719404,c1ccc(cc1)C(=O)c2ccccc2NC(=O)CSc3nnc(n3N)c4ccccc4Cl
decoy,C35929987,c1ccc(cc1)OCCNc2nc(c3c(n(nc3n2)c4ccccc4Cl)N)c5ccc(cc5)F
decoy,C15859308,CC1CC[NH+](CC1)[C@@H](c2ccc(cc2)OC)c3c(c4ccccc4o3)NC(=O)c5ccco5
decoy,C09419148,c1cc(ccc1CC(=O)Nc2c(non2)c3ccc4c(c3)CCCC4)Cl
decoy,C19808240,C/C(=N\NC(=O)c1c(nnn1c2c(non2)N)C[NH+]3CCCCC3)/c4cccc(c4)[N+](=O)[O-]
decoy,C37440365,CCn1c2ccc(cc2nc1c3ccc(c(c3)N)Cl)Cl
decoy,C35415735,[H]/N=C\1/[C@@H](C2(CCCCC2)[C@H](C(=O)N1)C#N)c3nc(cs3)c4ccccc4
decoy,C46867820,Cc1cc(cc(c1O[C@H](C)C(=O)NNC(=O)CNC(=O)N)C)Cl
decoy,C16975064,c1cc(ccc1C2(CCOCC2)CNC(=O)C(=O)Nc3ccc(cc3)[N+](=O)[O-])Cl
decoy,C38547938,CCc1cc(c(s1)NC(=O)c2ccco2)[C@@H](c3cccs3)Nc4cc(cc[nH+]4)C
decoy,C57314611,CCc1ncc(s1)/C(=C(\C#N)/C(=O)NC2CCCC2)/[O-]
decoy,C43218785,CC(=O)c1ccc(cc1)N2C(=O)[C@H]3[C@@H]([NH2+][C@@]([C@@H]3C2=O)(c4ccccc4)C(=O)[O-])c5ccc(cc5)C(=O)OC
decoy,C41813445,Cc1c(sc(n1)NC(=O)/C=C/c2ccc(cc2)[N+](=O)[O-])SCC(=O)N
decoy,C44321281,c1ccc2c(c1)-c3ccccc3C2COC(=O)N[C@H](Cc4c(ccc(c4O)F)F)C(=O)[O-]
decoy,C39933039,Cc1cc(cc(c1)Oc2cc(nc(n2)SC)n3c(c(c(n3)SC)C#N)N)C
decoy,C13568120,CCn1c(nnc1S[C@H](C)C(=O)Nc2ccc3c(c2)OCO3)[C@H](C)NC(=O)c4ccccc4
decoy,C12887602,CC[C@H](C)[C@@H](C(=O)N[C@H](C)CC)NC(=O)[C@@H]1Cc2c3ccccc3[nH]c2[C@@H]4N1C(=O)c5c4cccc5
decoy,C60347010,Cc1ccc(cc1)C(=O)N2CCC[C@H](C2)C(=O)Nc3ccc(cc3C)Sc4nc(cs4)C
decoy,C09884367,C[NH+](C)[C@@H](CNC(=O)c1cc(ccc1Cl)S(=O)(=O)N(C)c2ccc(cc2)F)c3ccco3
decoy,C05559506,CC(C)[C@@H]1C(=O)N/C(=N\N=C\c2c3ccccc3cc4c2cccc4)/S1
decoy,C04931698,c1cc(ccc1N2CCN(CC2)c3nc(nc(n3)N4CCCC4)NCCO)F
decoy,C08343761,COc1ccc(cc1)[C@@H](CNC(=O)C[C@H]2c3ccccc3C(=O)O2)[NH+]4CCOCC4
decoy,C16384181,C[C@@H]1CCc2c(cc(s2)C(=O)NNC(=S)Nc3ccc(cc3F)F)C1
decoy,C12155048,Cc1ccccc1C(=O)Nc2c3ccc(nc3sc2C(=O)OC)C[NH+](C)Cc4c([nH]nc4C)C
decoy,C35925329,c1ccc(cc1)N2CC[NH+](CC2)Cc3cc(=O)[nH]c(n3)N4CCN(CC4)C(=O)CSc5ccccc5
decoy,C09386329,CC[C@@]1(C(=O)N(C(=O)N1)NC(=O)C[NH+]2CCC(CC2)n3c4ccccc4[nH]c3=O)c5ccccc5
decoy,C06239662,COc1ccc(c(c1)c2c3c([nH]n2)OC(=C([C@@H]3c4ccc(cc4)C(F)(F)F)C#N)N)OC
decoy,C32891924,CC(C)[C@H](C(=O)/N=c\1/n(ccs1)C)NC(=O)C23CC4CC(C2)CC(C4)C3
decoy,C43221560,CCCOc1ccc(cc1)[C@@H]2[C@H]3[C@@H](C(=O)N(C3=O)c4cccc(c4)[N+](=O)[O-])[C@@]([NH2+]2)([C@@H](C)CC)C(=O)[O-]
decoy,C37933873,CS(=O)(=O)c1ccc(cc1)c2nc(co2)CCl
decoy,C15860472,Cc1ccc(o1)[C@H](CNC(=O)c2c(c3cc(c(cc3o2)C)Cl)C)[NH+]4CCCC4
decoy,C39688608,C[C@@H](Cc1ccc(cc1)F)NC(=O)[C@H]2CN(CC23CC[NH2+]CC3)C(=O)COc4cccc(c4)Cl
decoy,C03953782,c1cc(ccc1N2C=NC(=NC23CCCCC3)N)Br
decoy,C38546967,Cc1cc[nH+]c(c1)N[C@H](c2ccc(cc2)F)c3cc(sc3NC(=O)c4ccco4)C
decoy,C39518357,CCCC1=C[C@@H](N=N1)CN(C)C(=O)C[C@H]2C(=O)NCC[NH+]2Cc3cccc4c3cccc4
decoy,C02360843,CCOC(=O)c1c(nc(s1)NC(=O)CSc2nc3c(c4c(s3)CCC4)c(=O)n2c5ccccc5)C
decoy,C35699989,CCCCc1ccc(cc1)C(=O)N(CC(C)C)CC(=O)Nc2cc(nn2c3ccc(cc3C)C)C(C)(C)C
decoy,C00203556,CC(C)c1ccc(cc1)[C@H]2c3cc4c(cc3OC(=C2C#N)N)OCO4
decoy,C64755884,C[C@@H]1CCCC[NH+]1CCNS(=O)(=O)c2ccc(s2)c3nc(cs3)C(C)C
decoy,C24640142,CCOC(=O)c1c(c(c(s1)N)C#N)CSc2nc3c(c(c(s3)C)C)c(=O)n2C
decoy,C65464072,Cc1cc(cc(c1C)S(=O)(=O)N)C(=O)NCC2(CCC2)CO
decoy,C06301146,Cc1cc(c2c(c1)cc(c(=O)[nH]2)[C@H](c3nnnn3Cc4ccc(cc4)F)[NH+]5CCC(CC5)C)C
decoy,C63513883,C[C@@H]1C(=c2ccccc2=[NH+]1)CCNC(=O)/C(=C/c3cccc(c3)[N+](=O)[O-])/NC(=O)c4ccc(cc4)OC
decoy,C04691095,c1ccc(c(c1)c2ccc(o2)C(=O)Nc3ccccc3Br)[N+](=O)[O-]
decoy,C35564723,c1ccc(cc1)CC[NH+]2CCN(CC2)Cc3cc(=O)[nH]c(n3)N4CCCN(CC4)C(=O)c5cccs5
decoy,C36316106,CC(C)C[NH+](Cc1c(nn(c1Oc2ccc(cc2F)F)C)c3ccccc3)C[C@@H](COCC(C)C)O
decoy,C56768146,Cc1ccc(c(c1)NC(=O)N2CCC[C@H]2C3CCCC3)S(=O)(=O)C
decoy,C14274318,Cc1ccc(c(c1)[N+](=O)[O-])NC(=S)NC(=O)c2cc(cc(c2OC)Br)Br
decoy,C36613783,CCn1c(ccn1)CNc2nc(cc(n2)C(F)F)c3ccc(cc3)Br
decoy,C34829779,Cc1ccc(cc1)[C@H]2c3ccsc3CC[NH+]2CC(=O)N4CCN([C@@H](C4)C)C(=O)CSc5ccccc5
decoy,C39571242,c1ccc2cc(ccc2c1)C3=C[C@H](N=N3)C(=O)N/N=C/c4ccccc4Cl
decoy,C63941240,CCCCC[C@H]1NN[C@@H](S1)NC(=O)[C@@H]2CC(=O)N(C2)CCC3=c4cc(ccc4=[NH+]C3)C
decoy,C15756954,CN(C)S(=O)(=O)c1ccc(cc1)S(=O)(=O)Nc2ccccc2Oc3ccccc3Cl
decoy,C14458127,Cc1cc(c(c(c1)C)[C@H]2[C@H]3CC=C[C@@H]3c4cc(ccc4N2)NC(=O)C(C)C)C
decoy,C66926244,Cc1csc(n1)[C@@H](C)NC(=O)NNC(=O)Cc2ccccc2F
decoy,C39302090,CCC[C@H]1[C@@H](NN([C@@H]1C)c2ccc(cc2)C(=O)NCCn3c4ccccc4[nH]c3=O)C
decoy,C44608075,CCCCOC(=O)/C=C/c1cn(c(=O)[nH]c1=O)[C@H]2[C@@H]([C@@H]([C@H](O2)COC(=O)C)OC(=O)C)OC(=O)C
decoy,C09425035,CC[NH+](CC)CCN1[C@@H](C(=C(C1=O)O)C(=O)c2ccc3c(c2)C[C@@H](O3)C)c4ccc(cc4)C(=O)OC
decoy,C09813353,CCCCn1c(c(c(=O)[nH]c1=O)N(C2CCCC2)C(=O)c3ccc(s3)c4ccc(cc4)F)N
decoy,C67417970,CC[C@@H](c1[nH]c2ccccc2n1)NC(=O)NC(C)(C)c3ccc4c(c3)OCCO4
decoy,C35907990,c1cc2c(cc1C(F)(F)F)C[C@@H]([C@@H]3N2CC[NH+](C3)C4CCCCC4)C(=O)NC[C@@H]5CCCO5
decoy,C39711161,CCC(C)(C)N1[C@@H](NN=N1)[C@H]([C@@H]2C=c3c(cc(cc3=[NH+]C2=O)C)C)[NH+](Cc4ccccc4)Cc5cccs5
decoy,C13395427,CC(C)CCn1c(=O)c2c3c(sc2nc1SCC(=O)N4CCC(CC4)C(=O)[O-])CCCC3
decoy,C03516643,C[C@H]1CCc2c(sc3c2c(=O)n(c(n3)S[C@H](C)C(=O)NCc4ccc5c(c4)OCO5)CC=C)C1
decoy,C06207039,CCO[C@H]1/C(=C\Nc2nccs2)/C(=O)c3cc(ccc3O1)Cl
decoy,C35674766,CCCNC(=O)N1CCc2cc(c(cc2[C@H]1[C@H](CC)NC(=O)NCC)OC)OC
decoy,C34920059,COc1cc(cc(c1)OC)[C@@H](CC(=O)NCc2ccco2)c3c[nH+]c4n3CCCC4
decoy,C02192378,Cc1ccc(cc1)n2c3c(c(=O)[nH]c2=O)[C@](C(=O)N3)(C(F)(F)F)NC(=O)c4cccc(c4)Cl
decoy,C39127702,Cc1c(c(c(c2c1nc(s2)NCc3ccc(cc3)NS(=O)(=O)C)C)O)C
decoy,C35612808,Cc1ccc(cc1Nc2nc(cs2)C(=O)N[C@@H](C)C(=O)NC(C)C)Cl
decoy,C63234610,Cc1cccc(c1)n2c(nnc2SC/C(=C\3/[C@@H](N(C(=O)N(C3=O)C)C)N)/[O-])C4=c5ccccc5=[NH+]C4
decoy,C37351088,CC(C)c1ccc(cc1)c2c(noc2N)c3ccco3
decoy,C66246938,Cc1cc(c2c(c1)s/c(=N\S(=O)(=O)c3cc(cnc3)F)/[nH]2)C
decoy,C27517101,CCC[C@]12C[NH+]3C[C@](C1=O)(CN(C2)[C@@H]3c4ccc(cc4O)O)CC
decoy,C24830159,CCCc1ccc(cc1)[C@@H](C(C)C)[NH2+]Cc2nc3cc(ccc3n2CC)S(=O)(=O)N4CCOCC4
decoy,C09505935,C[C@@H]1CCc2c(sc(c2C(=O)OC)NC(=O)[C@H]3CCCN3S(=O)(=O)c4cccs4)C1
decoy,C33812728,CCCCn1c(c(c(c(c1=O)C#N)C)/C=C/2\C(=O)N(C(=S)S2)CCCC(=O)[O-])N3CC[NH+](CC3)C
decoy,C49668346,CCn1c(c(c(=O)n1c2cccc(c2)F)N)C(C)(C)C
decoy,C08733507,c1cc(ccc1CON/C=N\C(=O)C2CCN(CC2)c3c(cc(c[nH+]3)C(F)(F)F)Cl)[N+](=O)[O-]
decoy,C36531503,CN([C@H](c1ccc2c(c1)OCO2)C(=O)NC3CCCCC3)C(=O)c4cccc(c4O)O
decoy,C63514874,CC[C@]1([C@@](N(C(=O)O1)CCC2=c3cccc(c3=[NH+][C@@H]2C)C(F)(F)F)(C)O)C
decoy,C39710936,CCC(C)(C)N1[C@@H](N=NN1)[C@@H]([C@@H]2C=c3cccc(c3=[NH+]C2=O)C)[NH+](Cc4ccc(cc4)Cl)Cc5ccco5
decoy,C20764317,CCOc1ccc(cc1)C2=N[C@@H]([NH2+][C@H](C2)c3cccc(c3O)OCC)c4ccc(c(c4)Br)F
decoy,C09102164,c1ccc2c(c1)c(=O)cc(o2)C(=O)NC[C@@H]3CN(C(=O)O3)c4ccc(c(c4)Cl)Cl
decoy,C02659917,Cc1cc(c(c(c1C)S(=O)(=O)N2CCC(CC2)C(=O)O[C@H](C)C(=O)Nc3ccc4c(c3)OCCO4)C)C
decoy,C08914539,Cc1ccc(o1)[C@H]2/C(=C(/c3ccc(cc3)S(=O)(=O)N(C)C)\O)/C(=O)C(=O)N2CCC[NH+](C)C
decoy,C30978042,C[C@@H](c1ccc(cc1)S(=O)(=O)C)NC(=O)C2CC[NH+](CC2)Cc3nc(no3)c4ccc(cc4)C(C)(C)C
decoy,C39666644,Cc1ccc(cc1)CC(=O)N2C[C@H](C3(C2)CC[NH2+]CC3)C(=O)NC[C@H](C)Oc4ccccc4Cl
decoy,C02361511,c1ccc(cc1)c2nnc3n2c(=O)/c(=C/c4ccccc4Br)/s3
decoy,C13064962,CC[C@H](c1nnnn1Cc2ccco2)[NH+](Cc3ccccc3OC)Cc4cc5c(cc(cc5[nH]c4=O)C)C
decoy,C09778674,C[C@@H](C(=O)Nc1c(c2c(s1)CCCCC2)C#N)[NH+]3CCN(CC3)S(=O)(=O)c4ccccc4
decoy,C16916844,CNC(=O)c1c2c(sc1NC(=O)c3cc(nc4c3cccc4)c5ccccc5)CCC2
decoy,C09390412,c1ccc2c(c1)c(c3c(n2)/C(=C\c4ccco4)/CCC3)C(=O)OCC(=O)NC(=O)NCc5ccco5
decoy,C35697754,CC1=C([C@@H](N2C(=CSC2=N1)/C=C(/NCc3ccco3)\[O-])c4ccc(c(c4)OC)OC)C(=O)OC
decoy,C38546308,CC1CC[NH+](CC1)[C@H](c2ccccc2)c3c4c(sc3NC(=O)c5ccco5)CCCC4
decoy,C39674129,C[C@H]1C(=C(N=N1)C)[C@H](C)NC(=O)[C@@H]2CN(CC23CC[NH2+]CC3)C(=O)c4ccccc4Cl
decoy,C33268856,Cc1cn2c(=O)cc([nH+]c2s1)CN(CCOC)Cc3ccc(cc3)C(C)C
decoy,C00906458,Cc1ccc(o1)[C@@H](C(=O)NC2CCCCC2)N(Cc3ccc(cc3)F)C(=O)Cn4nc(nn4)c5ccc(cc5)OC
decoy,C02154830,C[NH+]1CCc2cc3c(c(c2[C@H]1c4c(=O)[nH]c(=S)n(c4O)c5ccccc5OC)OC)OCO3
decoy,C43093023,C[C@H]([C@@H](c1ccccc1Br)N(C)Cc2cc(sc2)Br)[NH3+]
decoy,C47136268,c1ccc2c(c1)[C@@H](OC2=O)Nc3c(non3)c4ccc(cc4)Cl
decoy,C04691436,c1cc(c(c(c1)Cl)[C@H]2C[C@@H](Nc3n2ncn3)c4ccc(cc4)Cl)Cl
decoy,C40352326,COc1cc(cc(c1OC[C@H](c2ccc(cc2)C3CCCCC3)O)N)CO
decoy,C04469396,Cc1cc(c(c(c1)C)NC(=O)CNC(=O)CN2C(=O)C3(CCCCCC3)NC2=O)C
decoy,C25382921,CCc1ccc(cc1)[C@H](CNC(=O)CN2C(=O)[C@@]3(CCCc4c3cccc4)NC2=O)[NH+](C)C
decoy,C63259001,C[C@@H]1C2=C(NC3=C([C@H]2C4=c5ccccc5=[NH+]C4)C(=O)CC(C3)(C)C)N(N1)c6cccc(c6)Cl
decoy,C09266823,c1ccn2c(c1)[nH+]c3c(c2=O)C[C@@]4([C@@H]5N3CCCCC5)C(=O)NC(=O)N(C4=O)C6CCCCC6
decoy,C36069370,C[C@H]1CCc2c(sc3c2c(=O)n(c(n3)C[NH+](C)C)CC(=O)OCC(C)C)C1
decoy,C39684223,Cc1cccc2c1[nH]cc2CCNC(=O)[C@@H]3CN(CC34CC[NH2+]CC4)C(=O)c5ccc(o5)c6ccc(cc6)F
decoy,C33761341,CCCN1C(=C([C@H](NC1=O)c2cccc(c2)NC(=O)Nc3cc(cc(c3)OC)OC)C(=O)OCCOC)C
decoy,C41585155,Cc1ccccc1/C=C\2/C(=O)c3ccc(c(c3O2)CN4CCN(CC4)c5ccccc5)O
decoy,C02359432,c1c(oc(c1)Br)/C=N/NC(=O)CCCC(=O)N/N=C/c2oc(cc2)Br
decoy,C62244997,CC(C)Cc1c(nnn1c2ccc(cc2)S(=O)(=O)N)C[NH3+]
decoy,C67382827,CCc1ccc(cc1)[C@@H](CNC(=O)NNC(=O)c2c(ccs2)C)[NH+](C)C
decoy,C12516455,C[C@@H](c1nnc(n1c2ccc(cc2)F)SCC(=O)NN3C(=O)C4(CCCCC4)NC3=O)[NH+](C)C
decoy,C36123680,CCNC(=O)N(C[C@@H]1CCCO1)CC(=O)N2CCc3c(ccs3)[C@H]2COc4ccc(cc4)F
decoy,C45830135,C[C@H](C(=O)Nc1ccc(cc1[N+](=O)[O-])Cl)Sc2nnc(n2c3ccccc3)C[NH+]4CCCC4
decoy,C02501761,Cc1cc(c(s1)SC)[C@@H]2C(=C(N(C3=C2C(=O)CCC3)c4cccc(c4)[N+](=O)[O-])N)C#N
decoy,C53146138,c1cc(ccc1c2nnc3n2cc(cc3)N)OC(F)F
decoy,C28615401,CC\1=NNC(=O)/C1=c/2\n(c(=O)/c(=C/3\N(c4ccccc4S3)C)/s2)CC=C
decoy,C39325050,Cc1cccc2=C[C@H](C(=O)[NH+]=c12)CN(Cc3ccc4c(c3)OCO4)S(=O)(=O)c5ccc6c(c5)OCCO6
decoy,C09684726,c1ccc(cc1)CS(=O)(=O)N2CC[NH+](CC2)[C@H](c3ccccc3)c4c([nH]c(=O)[nH]c4=O)N
decoy,C33936811,Cc1ccc2cc(c(=O)[nH]c2c1)[C@@H](c3nnnn3C4CCCC4)N(Cc5ccc(cc5)OC)C[C@@H]6CCCO6
decoy,C39431393,C[C@@]12CC[C@@H](C1(C)C)C(=O)N(C2=O)c3ccc(cc3)C(=O)OC
decoy,C19941607,Cc1cc(c2c(c1)cc(c(=O)[nH]2)[C@@H](c3nnnn3C4CCCCC4)N5CC[NH+](CC5)C6CCCCC6)C
decoy,C13815401,CCOc1ccccc1[C@@H]2[C@@H]3CCCC[C@]3(CC[NH+]2CC(=O)Nc4c(c5c(s4)CCCC5)C(=O)OC)O
decoy,C13368714,CC1CCN(CC1)S(=O)(=O)c2ccc3c(c2)N(C(=O)CO3)CC(=O)N[C@H](C)C45CC6CC(C4)CC(C6)C5
decoy,C00888569,Cc1ccc(o1)c2nnn(n2)CC(=O)N(c3ccc(cc3)C4CCCCC4)[C@H](c5cccs5)C(=O)NC6CCCCC6
decoy,C09478765,CC[C@@H](C)NC(=O)C[NH+]1CCN(CC1)S(=O)(=O)c2ccc(s2)Br
decoy,C37006579,Cc1ccc(cc1)CN2C(=O)c3cc4ccc(cc4n3C[C@]2(C)C(=O)NCCC[NH+]5C[C@H](C[C@@H](C5)C)C)OC
decoy,C04552446,c1ccc2c(c1)C(=O)C(=C(C2=O)O)CC[C@H]3CC[C@H]4CCCC[C@@H]4C3
decoy,C36553493,COC(=O)[C@H]1[C@H](CC2=C(C1=O)[C@@H](c3c4ccccc4ccc3N2)c5ccc(cc5)O)c6ccc7c(c6)OCO7
decoy,C65995266,CCN([C@H](C)c1ccc(cc1)F)C(=O)N[C@@H](C)c2cccc(c2)N3CCOC3=O
decoy,C39597402,COc1ccccc1CNC(=O)[C@@H]2CN(CC23CC[NH2+]CC3)C(=O)[C@@H]4COc5ccccc5O4
decoy,C39328012,CC(C)c1ccc(cc1)[C@@H]2C(=C(OC(=C2C(=O)OC)CSc3c(cc4c(n3)CCN(C4)C)C#N)N)C#N
decoy,C39693453,C[C@H](C(=O)N1C[C@H](C2(C1)CC[NH2+]CC2)C(=O)NCCNC(=O)OC(C)(C)C)Oc3ccccc3
decoy,C12624512,c1cc(ccc1NC(=O)CCCC[C@@H]2[C@@H]3[C@H](CS2)NC(=O)N3)F
decoy,C13298383,C[C@@H](CCCC(C)C)[C@H]1CC[C@@H]2[C@@]1(CC[C@@H]3[C@H]2C[C@H]([C@@]4([C@@]3(CC[C@@H](C4)O)C)O)O)C
decoy,C08815955,Cc1ccc(c(c1)[C@@H]2C(=C(NC(=O)N2)CSc3cc(ccc3Cl)Cl)C(=O)OC)C
decoy,C14794019,CN(C)S(=O)(=O)c1ccc(c(c1)C(=O)NC[C@@H](c2ccccc2)c3c[nH]c4c3cccc4)Cl
decoy,C05379301,Cc1cc(c[nH+]c1N)[C@H](C(c2ccccc2)(c3ccccc3)O)n4c5ccccc5nn4
decoy,C15867139,Cc1ccc(s1)[C@@H]2CCCCCN2C(=O)Nc3ccc4c(c3)OCO4
decoy,C18345479,CCOC(=O)C1=C(NC(=O)N[C@@H]1c2ccco2)COC(=O)CN(C)S(=O)(=O)c3ccc(cc3)C
decoy,C06703835,CC(C)(C)c1ccc(cc1)c2nnc(o2)c3ccc(cc3)N
decoy,C51989506,C[C@@H]1C[C@@H]1C(=O)N[C@@H]2CCCC[C@@H]2O
decoy,C36091457,Cc1ccc(c(c1)CN2c3cc(ccc3[S@](=O)c4ccccc4C2=O)C(=O)NCC[NH+]5CCCC[C@@H]5C)C
decoy,C39015747,Cc1ccc(c(c1)O)C2=NN=C(C2)C(=O)N[C@H]3[C@H]([C@@H]4CCCC[C@@H]4S3)C(=O)NCCOC
decoy,C39229640,c1ccc(cc1)[C@H]2CN(CC[NH2+]2)c3ccc(cn3)C(=O)NCCc4ccc5c(c4)OCO5
decoy,C03227169,c1ccc(cc1)[C@]2(C(=C3N(c4ccccc4S3)C(=O)N2)C#N)C(F)(F)F
decoy,C35266772,CC[C@@H](C)[C@H](C(=O)Nc1nnc(s1)c2ccc(cc2)Cl)NC(=O)c3cccc(c3)[N+](=O)[O-]
decoy,C38926026,c1ccc2=N/C(=N/S(=O)(=O)c3ccc(cc3)N/C=C\C(=O)c4ccc(c(c4)Cl)Cl)/C[NH+]=c2c1
decoy,C09611435,C[C@H]1CCC[C@H]([C@@H]1C)NC(=O)[C@@H](Cc2ccccc2)NS(=O)(=O)c3ccc4c(c3)CCC(=O)N4
decoy,C10376533,CC(C)[C@H](c1cccs1)NC(=O)c2ccc(cc2)S(=O)(=O)Nc3cc(ccc3OC)[N+](=O)[O-]
decoy,C65074809,Cc1ccc(c(c1)C)S(=O)(=O)N2CCC3(CC2)C(=[NH+]CCN3)NC(C)(C)C
decoy,C37034016,C[C@H]1CC[C@H]([C@@H](C1)[NH2+]Cc2cc(cs2)Br)C(C)C
decoy,C02211399,Cc1ccc(cc1C)n2c(c(c3c2nc4ccccc4n3)C(=O)OCC=C)N
decoy,C52473020,CCC(CC)C(=O)N1CCC(CC1)Nc2nn3cc(nc3s2)C(C)(C)C
decoy,C01017574,Cc1c(c(=O)n(n1C)c2ccccc2)NC(=O)CSc3c4c5c(sc4ncn3)C[C@H](CC5)C
decoy,C49497562,c1cnc(c(n1)C(=O)NCC(=O)NCC2CCCC2)N
decoy,C19857957,CC1=C([C@@H](C2=C(N1)C[C@@H]([C@@H](C2=O)C(=O)OC)c3cccs3)c4cc(c(c(c4)OC)OC)OC)C(=O)OC
decoy,C13064816,CC[C@H](c1nnnn1C2CCCC2)[NH+](Cc3cc4c(cc(cc4[nH]c3=O)C)C)C[C@@H]5CCCO5
decoy,C00565681,COc1ccc(c(c1)[C@@H]2Nc3c(c4c(s3)CCCC4)C(=O)N2)OC
decoy,C06442908,Cc1cccc(c1C)N2CC[NH+](CC2)[C@@H](c3cc4cc(c(cc4[nH]c3=O)C)C)c5nnnn5C[C@@H]6CCCO6
decoy,C37192837,Cc1ccc(c(c1)N)SCc2nc(on2)c3ccco3
decoy,C04885826,C[C@@]12[C@H]([C@@H](c3cccc(c3O1)OC)NC(=S)N2c4cccc(c4)OC)C(=O)OC
decoy,C45631920,CC[C@]1(C(=O)N(C(=O)N1)CC2=C([C@@H](NC(=O)N2)c3ccccc3)C(=O)OCC)c4ccc(cc4)F
decoy,C14625038,c1ccc2c(c1)n(c(=O)o2)CC(=O)Nc3nc(c(s3)c4cccs4)c5cccs5
decoy,C39361788,Cc1cccc(c1)CSC2=NN[C@H](N2c3cccc(c3)C)Cc4cc(=O)[nH]c(=O)[nH]4
decoy,C01383858,Cc1cc(nc2c1c(c(s2)C(=O)NNS(=O)(=O)c3ccc(cc3)F)n4cccc4)C
decoy,C01719085,COC(=O)C1(CCCC1)NC(=O)C2(CCCC2)NC(=O)C3(CCCC3)N4C(=O)c5ccccc5C4=O
decoy,C12635356,C[C@H]1CCCC[C@@H]1NC(=O)NC(=O)COC(=O)c2ccc(cc2)S(=O)(=O)N3CCCc4c3cccc4
decoy,C17215969,Cc1cc(cc(c1C)S(=O)(=O)N2CCC(CC2)C)C(=O)OCC(=O)NC(=O)NC3CCCC3
decoy,C02085596,Cc1ccc(cc1)c2cc(c3ccccc3n2)C(=O)Nc4c(c5c(s4)C[C@@H](CC5)C(C)(C)C)C(=O)N
decoy,C25677458,Cc1ccc(c(c1)C)S(=O)(=O)N2CC[NH+](CC2)[C@@H](C)C(=O)Nc3c(ccs3)C(=O)N
decoy,C02505823,Cc1ccc(cc1)c2ccc3c(c(sc3n2)C(=O)c4ccc(cc4Cl)Cl)N
decoy,C12979765,c1ccc(cc1)C2=NC[C@H](O2)CSc3nnc(n3C[C@H]4CCCO4)c5c[nH]c6c5cccc6
decoy,C16567844,C[C@@H](c1nnc(n1c2ccc(cc2)[N+](=O)[O-])SCc3ccc(cc3)F)NC(=O)Nc4cccc(c4)F
decoy,C13358309,CCc1ccc(cc1[N+](=O)[O-])/C=C/C(=O)c2ccc(cc2)S(=O)(=O)N3CCCC[C@@H]3C(=O)[O-]
decoy,C35756837,Cc1ccccc1CN2[C@@H]([C@@H](OC2=O)c3ccc(cc3)NC(=O)c4ccco4)C(=O)Nc5ccccc5
decoy,C12412765,CCOC(=O)C1=C(OC2=C([C@]13c4ccccc4NC3=O)C(=O)C[C@H](C2)c5cccc(c5)Cl)N
decoy,C63949198,Cc1ccc(cc1NC(=O)CSc2nccn2c3cc(cc(c3)C)C)C(=O)N
decoy,C16434074,CCCCN(CC(=O)Nc1cc(nn1c2ccc(cc2)C)C(C)(C)C)C(=O)c3ccc(cc3)c4ccccc4
decoy,C38486871,Cc1ccc(cc1F)NC(=O)CSc2nnc3n2ccn4c3cc(n4)c5ccc(cc5)F
decoy,C00631010,Cc1cc2c(cc1C)NC3=C([C@H](N2)c4ccc(cc4)C(=O)OC)C(=O)CC(C3)(C)C
decoy,C35705805,c1ccc2c(c1)c(c[nH]2)CC[NH+](Cc3ccc4c(c3)OCO4)Cc5nc(co5)C(=O)NCC6CC6
decoy,C09295107,CCCc1nnc2n1N[C@H]([C@H](S2)C(=O)Nc3ccccc3Cl)c4ccc(cc4)CC
decoy,C20414353,C[NH+]1CCN(CC1)CN2c3ccccc3[C@](C2=O)(CC(=O)c4ccc5c(c4)CCCC5)O
decoy,C43742990,CC1=C(O[C@@H]2[C@H]1[C@@]3(CC[C@H]4[C@@H]([C@H]3C2)CC=C5[C@]4(CC[C@H](C5)O)C)C)CC[C@H](C)CO
decoy,C64491160,Cc1ccc2=[NH+][C@@H]([NH+]=c2c1)CCc3ccc(cc3)NC(=O)CN4c5cc(ccc5OCC4=O)C(C)(C)C
decoy,C11854934,Cc1c(nc([nH]c1=O)n2c(cc(n2)c3cccs3)NC(=O)c4ccccc4C(F)(F)F)C
decoy,C05256177,COc1ccc(cc1)[C@@H]2c3cccn3CCN2C(=O)Nc4cccs4
decoy,C35938594,CC[C@@H](c1ccccc1)C(=O)N2CCN(C[C@H]2C)C(=O)CC[NH+]3CCc4c(ccs4)[C@@H]3c5ccccc5
decoy,C41585407,Cc1cc(c(c2c1C(=O)/C(=C/C=C/c3ccccc3)/O2)C[NH+]4CCN(CC4)c5ccccc5F)O
decoy,C08779731,CCN(Cc1ccc2c(c1)OCCO2)C(=O)CSc3nnc(n3c4ccc(cc4)F)[C@H](C)[NH+](C)C
decoy,C02435620,c1ccc(cc1)N2CN3C(=O)C[C@@H](C(=C3SC2)C#N)c4ccc(cc4)Cl
decoy,C36730594,C[C@@H](c1ccc(cc1)C(C)C)NC(=O)CN2C(=O)C3(CCC(CC3)C(C)(C)C)NC2=O
decoy,C06282815,COc1ccc2cc(c(=O)[nH]c2c1)C[NH+](Cc3cccs3)Cc4nnnn4C[C@H]5CCCO5
decoy,C10980429,Cc1ccc(cc1O)C(=O)O[C@H](C)C(=O)Nc2cc(ccc2Cl)S(=O)(=O)N3CCCCC3
decoy,C09433322,CC(C)CN1[C@H]([C@H](c2ccccc2C1=O)C(=O)NCCC[NH+](Cc3ccco3)C4CCCC4)c5cccs5
decoy,C12467518,CCOC(=O)c1c(c(c(s1)NC(=O)[C@H]2CCCN2S(=O)(=O)c3ccc(s3)Cl)C(=O)N)C
decoy,C38790628,CCOC(=O)c1c([nH]c(c1c2cc(ccc2OC)OC)C(=O)C(=O)Nc3ccc(cc3C)[N+](=O)[O-])C
decoy,C13036331,c1ccc2c(c1)[C@@H]3C/C(=C/4\C=C(C=CC4=O)O)/NN3[C@H](O2)c5ccsc5
decoy,C05362380,C[C@H]1CCC[C@H]([C@@H]1C)NC(=O)COC(=O)c2ccc(c(c2)[N+](=O)[O-])NC3CC3
decoy,C05097535,CC[C@H](C)NC(=O)c1cc(nn1c2cc(ccc2C)C)c3ccccc3F
decoy,C36028117,CC[C@H](C)[C@H]1C(=O)N(C2([NH2+]1)CCN(CC2)S(=O)(=O)c3ccc(cc3)C)CCc4ccc(c(c4)OC)OC
decoy,C14912166,CC[C@]1(C(=O)N(C(=O)N1)CC(=O)Nc2cc(ccc2N3CCCCC3)Cl)c4ccccc4
decoy,C16033233,CC(C)C[C@H]1[C@@H]2[C@@H](C(=O)N(C2=O)CC=C)[C@]3([NH2+]1)c4cc(ccc4NC3=O)Cl
decoy,C25467055,c1ccc(cc1)c2csc3c2c(=O)n(cn3)NC(=O)[C@H]4CC4(Cl)Cl
decoy,C06780436,Cc1cc(nc2c1c(c(s2)C(=O)N3C[C@H](C[C@@H](C3)C)C)n4cccc4)C
decoy,C44783018,C[C@H](C(C)C)NC(=O)C1(CCCC1)/C(=N/O)/N
decoy,C63361841,C[C@@H](C(=O)NCCc1ccc(cc1Cl)Cl)N2C(=O)[C@@]3([C@H]4C(=c5ccccc5=[NH+]4)CCN3C2=O)C
decoy,C13568118,CCn1c(nnc1S[C@H](C)C(=O)Nc2ccc3c(c2)OCO3)[C@@H](C)NC(=O)c4ccccc4
decoy,C42356081,C[C@H](C(=O)Nc1ccc2c(c1)OCCCO2)[NH+]3CCC[C@@H]3c4cccs4
decoy,C07247230,CCNc1nnc(s1)SCC(=O)NC(=O)NC23CC4CC(C2)CC(C4)C3
decoy,C63426904,C[C@H]1C/C(=C\c2cc(c(c(c2)OC)OC)OC)/C3=C(C1)[C@H](NC(=S)N3)c4cc(c(c(c4)OC)OC)OC
decoy,C43424727,CC(C)Oc1c(ccc(n1)N2CCO[C@H]3[C@@H]2CCCC3)N
decoy,C20478362,c1cc(ccc1NC(=O)[C@@H]2CCCC[C@@H]2C(=O)[O-])S(=O)(=O)Nc3ccc(c(c3)Cl)Cl
decoy,C06464479,CCOc1cc(ccc1O)/C=C\2/C(=N/C(=N\c3cccc(c3C)C)/S2)O
decoy,C35520253,C[C@]12CC[C@](C1(C)C)(c3c2nc4cc(c(cc4n3)Cl)Cl)C(=O)NNC(=O)c5cccc(c5)[N+](=O)[O-]
decoy,C63270935,c1ccc2=[NH+]CC(=c2c1)CCNC(=O)CCNC(=O)CN3CNc4ccccc4C3=O
decoy,C09646890,Cc1ccc(cc1C(=O)NC[C@H](c2ccc(cc2)OC)[NH+]3CCCCC3)S(=O)(=O)N4CCCC4
decoy,C41313895,Cc1cccc2c1oc(c2)C(=O)Nc3c(c4c(s3)C[C@H](CC4)C)C(=O)N[C@H]5CCS(=O)(=O)C5
decoy,C12485671,CC(C)(C)c1ccc(cc1)C2=Nc3c4ccccc4ccc3C(=NN2)c5ccc(cc5)N(C)C
decoy,C63374902,C[C@@]12[C@@H]3C(=c4ccccc4=[NH+]3)[C@@H](CN1C(=O)CN(C2=O)Cc5ccccc5)c6ccc(cc6)Br
decoy,C20257588,Cc1ccc(cc1NS(=O)(=O)N2CCCC[C@@H]2C)N
decoy,C40824993,Cc1c\2c(oc1C(=O)Oc3cccnc3)CCC/C2=N\NC(=[NH2+])N
decoy,C58905795,Cc1ccc(cc1NC(=O)c2cc3cc(ccc3o2)Cl)S(=O)(=O)NC
decoy,C29956583,c1ccc(cc1)[C@H](c2ccc3c(c2)[nH]c(n3)C(F)(F)F)NC(=O)C[C@@H]4C(=O)Nc5ccccc5O4
decoy,C23505993,c1ccc(cc1)c2ccc(cc2)C[NH+]3CCNC(=O)[C@H]3CC(=O)N4CCc5c(c[nH]n5)C4
decoy,C40010982,Cc1ccc(c2=[NH+]C(=O)[C@@H](C=c12)[C@@H]3c4cc(c(cc4CCN3C(=S)NCCOC)OC)OC)C
decoy,C57309817,CC[NH+](CC)CCC[C@@H](C)NC(=O)c1cc(nc2c1c(nn2[C@@H]3CCS(=O)(=O)C3)C)c4ccco4
decoy,C39939985,c1ccc(cc1)c2cc(n(n2)[C@@H]3N=[NH+]C(=S)N3/N=C/c4ccc(cc4)Br)c5ccccc5
decoy,C63671324,Cn1cc(c2c1cccc2)C3=C[C@@H]4N(N3)CCC(=O)N4CC(=O)NCCC5=c6cc(ccc6=[NH+]C5)OC
decoy,C39671083,Cc1c(c(no1)c2ccccc2)C(=O)N3C[C@H](C4(C3)CC[NH2+]CC4)C(=O)NCCc5ccco5
decoy,C60280644,C#CCN1C(=[NH2+])[C@H]([NH+]=C1C2CC2)c3cccc(c3)F
decoy,C13500104,CCC[C@@H](c1nnnn1Cc2ccc(cc2)F)[NH+](Cc3cc4cccc(c4[nH]c3=O)C)C5CCCC5
decoy,C12814535,Cc1cc(c(n1C2CC2)C)C(=O)N3CC[C@@H]4CCCC[C@H]4C3
decoy,C21234894,CCCOc1ccc(cc1)[C@H]2CC3=C([C@@H](Nc4ccccc4N3)c5cc(c(c(c5)OC)OC)OC)C(=O)C2
decoy,C35911922,Cc1cc(nn1c2ccc(cc2)C(C)C)c3c(nc4n(c3=O)c(cs4)CC(=O)NC(C)C)C
decoy,C15947547,C[C@@H]1CCc2c(sc3c2C(=N[C@@H](N3)c4ccccc4OC(=O)c5cc(c(c(c5)OC)OC)OC)O)C1
decoy,C12757192,C[C@H](C(=O)Nc1ccnn1C(C)C)Sc2nc3cc(ccc3c(=O)n2C[C@H]4CCCO4)C(=O)OC
decoy,C22890996,Cc1ccc(cc1C)S(=O)(=O)C2(CCCC2)C(=O)Nc3ccc4c(c3)NC(=O)[C@@H](O4)C
decoy,C00883768,Cn1c(nnc1SCC(=O)Nc2ccccc2C(F)(F)F)c3ccc(cc3)S(=O)(=O)N4CCOCC4
decoy,C43218916,CCc1ccc(cc1)N2C(=O)[C@H]3[C@H]([NH2+][C@@]([C@@H]3C2=O)(c4ccccc4)C(=O)[O-])c5ccccc5O
decoy,C08410502,Cc1ccc(c(c1)C)C2=NN=C3[C@@H]2[C@@H](C(=C(O3)N)C#N)c4cc(c(c(c4)C(C)(C)C)O)C(C)(C)C
decoy,C12642571,Cc1cc(no1)NC(=O)[C@H]2[C@@H]3C(=O)N([C@@H]([C@@]34C=C[C@@]2(O4)C)C(=O)NC(C)(C)C)CCC(C)C
decoy,C43215780,c1ccc(cc1)C[C@@H](c2ccccc2)NC(=O)c3coc(n3)c4ccc(cc4)N
decoy,C36207407,Cc1c2c(=O)[nH]c(nc2sc1C(=O)OC(C)C)C[NH+](C[C@H](COc3ccccc3)O)C(C)C
decoy,C09763683,c1cc(cnc1)C=NNC(=O)c2cc(n[nH]2)c3cc(cc(c3)Cl)Cl
decoy,C16007123,c1ccc2c(c1)C=C[NH+]3[C@H]2[C@]4(c5ccccc5NC4=O)[C@H]([C@H]3C(=O)c6ccco6)C(=O)c7ccc(cc7)Cl
decoy,C08854980,CCCCOc1ccc(cc1)C2=NN=C3[C@H]2[C@H](C(=C(O3)N)C#N)c4cc5c(cc4Br)OCO5
decoy,C18204027,Cc1cc(no1)NC(=O)CSc2[nH]c(=O)c(c(n2)N)NC(=O)c3ccccc3
decoy,C22910900,CC(C)(C[NH2+]C1CCN(CC1)c2ccc(cc2)C(=O)NCc3ccc4c(c3)OCO4)N5CCOCC5
decoy,C19283837,CCC(CC)(C#C)NC(=O)CSc1nnc(n1c2ccccc2Cl)N3CCCC3
decoy,C23644725,C[C@@H]1CCc2c(sc3c2c(=O)[nH]c(n3)[C@@H](C)Sc4nnnn4c5ccc(cc5)O)C1
decoy,C24709199,c1ccc(cc1)[C@H](c2cc3ccccc3o2)NC(=O)Cn4c(=O)c5ccccc5c(n4)C(=O)N
decoy,C67397697,C[C@@H]1CCC[NH+](C1)C[C@@H](C)NC(=O)C(=O)N2CCCc3c2cc(cc3)F
decoy,C18350890,Cc1cc(ccc1NC(=O)CN2C(=O)[C@](NC2=O)(C)c3ccc(cc3)C(C)(C)C)N4CCCC4
decoy,C67202478,C[C@@]1(C(=O)N(C(=O)N1)CC(=O)NC[C@H]2CCC[NH+]2CC3CCCCC3)C4CC4
decoy,C14994430,CC(C)(C)NC(=O)c1cn(cc(c1=O)C(=O)NC[C@@H]2CCC[NH+](C2)C)C3CCCCC3
decoy,C06312658,C/C(=N\Nc1ccccn1)/c2ccc3c(c2)Nc4ccccc4S3
decoy,C09117776,CSCC[C@@H](C(=O)Nc1ccc(cc1)n2cnc3c2cccc3)NS(=O)(=O)c4ccccc4F
decoy,C37358874,Cc1cccc(c1)n2c(c3c(nc(nc3n2)NCC(C)C)c4cccs4)N
decoy,C13654256,C[C@@H]1C[C@@H](C[NH+](C1)Cc2c(ccc3c2O/C(=C/c4cn(c5c4cc(cc5)OC)C)/C3=O)[O-])C
decoy,C21660736,Cc1c2c(n(n1)c3[nH]c4ccccc4n3)NC(=O)C[C@H]2c5ccc(cc5)C(F)(F)F
decoy,C38576712,Cc1cc(c(c(c1)C2=NN=C(C2)C(=O)N[C@H]3[C@H]([C@@H]4CCC[C@@H]4S3)C(=O)NCc5ccco5)O)C
decoy,C24709239,c1ccc(cc1)[C@@H](c2cc3ccccc3o2)NC(=O)CCN4C(=O)C5(CCCC5)NC4=O
decoy,C60037411,C[C@@H]1CCC[C@@H]([C@@H]1C)n2c(=O)c3ccccc3nc2SCCCN4CCCC4=O
decoy,C39344630,CC(C)CC[C@H]1N=C([C@H]2N1CC[NH+](C2)C[C@@H]3C=CN=N3)Cc4ccc(cc4)OC
decoy,C59890681,C[C@@H]1CCC[C@@](C1)(CNC(=O)C2CCN(CC2)S(=O)(=O)c3ccc4c(c3)CCC4)[NH+](C)C
decoy,C25057712,Cc1ccccc1[C@H](C)[NH2+]Cc2[nH]c(=O)c3c(csc3n2)c4ccccc4Cl
decoy,C39421761,CCc1cccc2=C(C[NH+]=c12)C(=O)[C@@H](c3ccccc3)OC(=O)CN4C=N[C@H]5[C@@H]4C(=O)N(C(=O)N5C)C
decoy,C57866277,c1ccc(c(c1)NC(=O)N2CCC[C@@H](C2)c3nnc4n3cccc4)N5CCCCCC5
decoy,C67042730,CC(C)(C)C(=O)N1CCCN(CC1)C(=O)N[C@@H]2CCC[C@@H](C2)C(F)(F)F
decoy,C06843952,C[C@@H](c1nnc(o1)c2cccs2)Sc3nc(n(n3)c4ccccc4)C5CC5
decoy,C46913040,CN(C)c1ccc(cc1)[C@@H](CNC(=O)CN(C)S(=O)(=O)c2cccnc2)c3c[nH]c4c3cccc4
decoy,C19961788,CCc1ccccc1NC(=O)C[C@H]2C(=O)NCCN2C(=O)C[NH+]3CCN(CC3)c4ccccc4
decoy,C20933388,COc1ccccc1/C=C/C=N/NC(=O)c2c(c(c(c(n2)Cl)Cl)N)Cl
decoy,C20719627,CCN(c1ccccc1)C(=O)c2ccc3c(c2)[C@H]4C=CC[C@@H]4[C@H](N3)c5c6ccccc6ccc5OC
decoy,C14995554,COC(=O)c1ccc(cc1)C[NH2+]CC[C@@H]2CCC(=O)N2C[C@@H](c3ccncc3)N4CCOCC4
decoy,C15839320,CC[C@]1(Cc2ccccc2-c3c1c(=O)n4c(n3)n(nc4SCC(=O)NCc5ccccc5)CC)C
decoy,C20755152,Cc1c(ccc2c1N[C@H]([C@H]3[C@H]2C=CC3)c4cccc(c4)OC)[N+](=O)[O-]
decoy,C01062379,CCOC(=O)C1=C(N(C2=C([C@H]1c3cc(c(c(c3)OC)OC)OC)C(=O)CC(C2)(C)C)c4cccc(c4)C)N
decoy,C06197743,CCc1ccc2c(c1)cc(c(=O)[nH]2)CN(CC[NH+]3CCOCC3)C(=S)NC[C@@H]4CCCO4
decoy,C56782036,CCCCC[C@@H](C)NC(=O)N1CCC(CC1)C(=O)Nc2cc(ccn2)C
decoy,C34683712,Cc1ccccc1S(=O)(=O)N(c2ccc(cc2)F)C3CC[NH+](CC3)Cc4ccc(cc4)C(F)(F)F
decoy,C39686601,C[C@H](Cc1ccccc1OC)NC(=O)[C@H]2CN(CC23CC[NH2+]CC3)C(=O)c4cccn4C
decoy,C39227396,CC(C)(C#C)NC(=O)c1cccc(c1)c2ccc3c(c2)[C@H](CC4(O3)CC[NH+](CC4)C)O
decoy,C04569006,Cc1ccccc1NC(=O)[C@@H]2[C@@H]3c4ccccc4O[C@@]5([C@@H]3CCCC5)N(C2=O)C
decoy,C13032756,Cc1ccc2cc(c(=O)[nH]c2c1C)C[NH+](Cc3ccc(cc3)F)Cc4nnnn4Cc5ccc(cc5)F
decoy,C64215349,Cc1c(sc2c1c(ncn2)SCC(=O)N[C@@H](CC3=c4ccccc4=[NH+]C3)C(=O)OC)C
decoy,C03841359,CC(=O)Nc1ccc(cc1)S(=O)(=O)Nc2ccc3n(c2=O)C[C@H]4C[C@@H]3C[NH+](C4)CCCc5ccccc5
decoy,C19296833,Cc1cc(cc(c1)n2c(nnc2S[C@@H](C)C(=O)NC)c3ccc(cc3)Br)C
decoy,C59170581,c1ccc2c(c1)cc(/c(=[NH+]/c3ccc(cc3)S(=O)(=O)N)/o2)C(=O)Nc4ccccc4Br
decoy,C14474216,C=CCNS(=O)(=O)c1ccc2c(c1)[C@@H]3C=CC[C@H]3[C@@H](N2)c4ccccc4O
decoy,C00863528,CC1=C([C@H](C2=C(N1)C[C@H](CC2=O)c3ccc(c(c3)OC)OC)c4cccc(c4)[N+](=O)[O-])C(=O)OC5CCCC5
decoy,C15770415,c1ccc(cc1)C2=NN3C(=[NH+]C(=C[C@]3(C2)c4ccccc4)c5ccccc5)c6ccc(cc6)[N+](=O)[O-]
decoy,C35002060,Cc1c(sc(n1)N2[C@H](c3c(=O)c4ccccc4oc3C2=O)c5ccc(cc5)O)C(=O)C
decoy,C19757941,CCN(CC)C(=O)CN1CC(Oc2c1cc(cc2)N)(C)C
decoy,C38702817,CCc1ccc2c(c1)c(=O)c3c(o2)C(=O)N[C@H]3c4ccc(c(c4)Cl)Cl
decoy,C39237562,Cc1cc(nc2c1[C@H]3[C@H](S2)C(=O)N[C@@H](N3)[C@@H]4C=NN=C4c5ccc(cc5)OC)C(F)(F)F
decoy,C13063928,CC[C@H](c1nnnn1Cc2ccc(cc2)F)[NH+](Cc3ccccc3)Cc4cc5ccc(cc5[nH]c4=O)C
decoy,C35097890,CC[C@@H](C)[C@H](C(=O)N1CCN([C@@H](C1)C)C(=O)NC(C)C)NC(=O)c2ccccc2F
decoy,C14479336,Cc1ccc(c(c1)C)NS(=O)(=O)c2ccc3c(c2)[C@@H]4C=CC[C@H]4[C@@H](N3)c5ccc(c(c5)OC)OC
decoy,C12872228,CCC(C)(C)NC(=O)[C@H](c1ccccc1)N(Cc2ccc(cc2)C)C(=O)c3csnn3
decoy,C40376889,CCC[C@H](/C(=N/O)/N)NS(=O)(=O)c1cc(cc(c1)Cl)Cl
decoy,C09712562,Cc1c(c(n(n1)c2ccccc2)C)C[NH+](C)Cc3[nH]c(=O)c4c(csc4n3)c5ccccc5
decoy,C20465631,Cc1ccc(cc1)S(=O)(=O)NC[C@@H]2[C@@H]([C@@H]([C@@H](O2)CO)O)N3CCN(CC3)c4cccc[nH+]4
decoy,C02518742,Cc1cc(ccc1O[C@@H](C)c2nnc(n2CC=C)S)Cl
decoy,C13070729,CC1CC[NH+](CC1)[C@@H](CNC(=O)c2ccc3c(c2)S(=O)(=O)c4ccccc4C3=O)c5cccs5
decoy,C39666144,CCSc1c(cccn1)C(=O)N2C[C@@H](C3(C2)CC[NH2+]CC3)C(=O)NC[C@@H](C)Oc4ccc(cc4)C
decoy,C09729744,C[C@@H](c1nnc(n1c2ccc(cc2)F)SCC(=O)NCc3ccc4c(c3)OCO4)[NH+]5CCCCC5
decoy,C64714628,C[C@H]1C(=C(N=C1C(=O)N2CCC(CC2)CC(=O)NCC[C@H](C)[NH+]3CCCCCC3)C)C(=O)OC
decoy,C39361709,Cc1cccc(c1)N2[C@@H](NN=C2SCC(=O)Nc3ccccc3F)Cc4cc(=O)[nH]c(=O)[nH]4
decoy,C14151958,CCc1ccccc1NC(=O)COC(=O)c2c(c3c(cc(nc3s2)C)C)N
decoy,C37211505,C[C@@H]1CCCC[C@@H]1[NH2+][C@@H](c2cccs2)c3ccc(s3)Cl
decoy,C08994418,CC[NH+]1CCc2c3ccccc3[nH]c2[C@H]1c4c(=O)[nH]c(=O)n(c4O)c5cccc6c5cccc6
decoy,C66629042,Cc1ccn2cc([nH+]c2c1)CNC(=O)C[C@@H](C)NC(=O)C3CCCCC3
decoy,C11730283,c1cc2c(c3c1-c4c(sc(n4)N)C5(O3)CCCCC5)OCCO2
decoy,C63280739,CC(=O)Nc1ccc(cc1)S(=O)(=O)N2CCC(CC2)C(=O)NCCC3=c4cc(ccc4=[NH+]C3)OC
decoy,C17101642,CCc1cc(c(s1)NC(=S)NNC(=O)c2csc3c2CC[C@@H](C3)C)C(=O)OC
decoy,C19402855,c1ccnc(c1)c2[nH]c(=O)cc(n2)[C@@H]3CC[NH+](C3)C[C@@H]4CCC=CC4
decoy,C29481548,[H]/N=C/1\CN(C(=O)N1C)CCOCC\2=NC(=C([C@@H](/C2=C(\[O-])/OCC)c3ccccc3Cl)C(=O)OC)C
decoy,C58952774,CCCCCn1c(=O)c2ccccc2c(n1)C(=O)NCc3ccc([nH+]c3)N4CCO[C@@H](C4)C
decoy,C49935037,CC(C)[C@H](C(=O)N1CCN(CC1)c2cccc[nH+]2)NC(=O)c3ccccc3
decoy,C11106760,c1cc(cc(c1)S(=O)(=O)/N=C/2\CCCN2)NC(=O)CSc3nncn3CCc4cccs4
decoy,C02645160,c1ccc2c(c1)CN(C2=[NH2+])c3ccc(cc3)c4ccc(cc4)N5Cc6ccccc6C5=[NH2+]
decoy,C12925347,CCCC(=O)Nc1ccc(cc1)C(=O)[C@H](C)OC(=O)[C@@]23CCC(=O)N2c4ccccc4S3
decoy,C20928823,Cc1ccc(c(c1)C)N2C(=O)CN(C[C@]2(C)C(=O)NC3CCCCC3)S(=O)(=O)c4ccccc4
decoy,C09868393,Cc1nnc(n1N)Sc2c3c4c(sc3nc(n2)CSc5ccc(cc5)Cl)CCC4
decoy,C40172713,Cc1c(sc(c1C(=O)N)NC(=O)[C@H](C)n2c(nnc2SCCc3ccccc3)N)C
decoy,C65010139,Cc1cccc2c1oc(c2C)c3nc(on3)C(=O)NCCc4c(ccs4)C
decoy,C65959212,Cc1cccn2c1[nH+]c(cc2=O)CN(CCCc3ccccc3)CCOC
decoy,C66782048,CCCC[C@H](C(=O)Nc1cccc(c1)c2c(ccs2)C)NC(=O)N
decoy,C22381550,C[NH+](C)[C@H](CNC(=O)CCc1nc(c(o1)c2ccccc2)c3ccccc3)c4ccco4
decoy,C39227374,CC(C)[NH+]1CCC2(CC1)CC(=O)c3cc(ccc3O2)c4cccc(c4)C(=O)NC(C)(C)C#C
decoy,C14378977,CC(=O)c1ccccc1NC(=O)CSc2ccc(cc2)[N+](=O)[O-]
decoy,C01445557,CCOC(=O)C1=C(N(C2=C([C@H]1c3ccc4c(c3)OCO4)C(=O)CCC2)c5ccccc5C(F)(F)F)N
decoy,C09173753,CC(C)COc1ccc(cc1)S(=O)(=O)Nc2ccc3c(c2)NC(=O)C(CO3)(C)C
decoy,C13064445,CC[C@@H](c1nnnn1C2CCCC2)[NH+](Cc3ccc(cc3)C)Cc4cc5cc6c(cc5[nH]c4=O)OCCO6
decoy,C39943065,C[C@H]1Nc2c(c(cs2)c3cccs3)C(=O)N1CC(=O)NCCCc4c(c(n[nH]4)N)C#N
decoy,C15761613,C[C@@H]1CCC[C@H]([C@@H]1C)NC(=S)NNC(=O)c2c(ccc(n2)Cl)Cl
decoy,C63387249,Cc1cc(cc(c1)NC(=O)CC[C@@H]2C(=O)N(C(=N2)O)CCC3=c4cc(ccc4=[NH+]C3)OC)C
decoy,C13500126,CCC[C@@H](c1nnnn1CC(=O)OCC)[NH+](Cc2cc3cccc(c3[nH]c2=O)C)C4CCCCC4
decoy,C22398422,CC(C)C[C@@H](c1ccc(cc1)OC)NC(=O)CN(c2cccc(c2)F)S(=O)(=O)c3ccc(cc3)SC
decoy,C10603437,CCOC(=O)C1=C(NC(=O)N[C@@H]1c2ccc(cc2)OC)CSc3ccc4c(c3)OCCCO4
decoy,C38875994,Cc1cc2c(cc1C)s/c(=N\C(=O)c3c(nc(s3)C)C)/n2CC#C
decoy,C59076301,Cc1ccc(cc1)S(=O)(=O)/N=C(/N(Cc2ccc(cc2)OC)Cc3ccc(c(c3OC)OC)OC)\[O-]
decoy,C64600387,Cc1cc(c2c(c1)OC(=O)[C@@H]([C@@H]2C)CC(=O)NCCC3=c4cc(ccc4=[NH+]C3)Cl)O
decoy,C23118791,CCc1ccccc1NS(=O)(=O)c2ccc(cc2)CN3C(=O)c4ccccc4C3=O
decoy,C64050837,c1ccc(cc1)c2ccccc2NC(=O)COC(=O)CCC3=NC(=O)C4=C5CCCC[C@@H]5SC4=N3
decoy,C33502044,CC[C@@H]1C(=O)N(c2cc(ccc2O1)[C@H](C3CC3)[NH3+])CC(=O)N
decoy,C63385327,Cc1c(oc2c1cc3c(c2)OC(=O)[C@@H]([C@H]3C)CCC(=O)NCCC4=c5cc(ccc5=[NH+]C4)OC)C
decoy,C38687948,Cc1c2ccccc2oc1C(=O)Oc3ccc4c(c3)OC(=C([C@@H]4c5ccccc5F)C#N)N
decoy,C12889543,Cc1cccc2c1NC(=O)[C@@]23[C@]4(c5ccccc5NC4=O)[C@@H]([C@@H]6[NH+]3CCC6)C(=O)c7ccccc7
decoy,C09165012,c1ccc2c(c1)NC(=O)CN2C(=O)NCC(=O)Nc3ccc(cc3)C(F)(F)F
decoy,C27751337,Cc1cc(cc(c1)NC(=O)C2=C(NC(=O)N[C@@H]2c3cc(c(cc3Br)OC)OC)C)C
decoy,C15675588,Cc1ccc(cc1)CN2Cc3c([nH]c[nH+]3)C[C@H]2c4nc(no4)c5ccc(cc5)OC(F)(F)F
decoy,C13206076,Cc1ccc(cc1)c2nnc(n2CC(=O)[O-])SCC(=O)N3Cc4ccccc4C[C@H]3C(=O)OC
decoy,C35427433,CC[NH+]1CCc2c(sc-3c2CN([C@H](c4n3ccc4)c5ccccc5)C(=O)Nc6ccccc6C)C1
decoy,C16725013,Cc1ccc(c(c1)NC(=O)[C@@H](C)Sc2nnc(n2N)c3ccc(cc3)C(C)(C)C)OC
decoy,C60372042,CC(C)Oc1cc(ccc1C(=O)NCc2cn3c([nH+]2)CCCC3)Br
decoy,C16040123,C[C@H]1CCCC[NH+]1Cc2c(cco2)CC[C@H]3C(=C)CC[C@H]4[C@@]3(CCC[C@@]4(C)C(=O)OC)C
decoy,C34790948,[H]/N=C/1\N(CC(=O)N1c2ccccc2)c3nc(nc(n3)Cl)N(C)C
decoy,C51363723,CCn1c2ccc(cc2oc1=O)[C@@H](c3ccsc3)Cl
decoy,C03414654,c1ccc2c(c1)c(c[nH]2)C[C@H](C(=O)OCC(=O)Nc3ccc4c(c3)OCCO4)NC(=O)c5cccs5
decoy,C62851373,Cc1c(cccc1[N+](=O)[O-])CC2(CC[NH2+]CC2)C(=O)[O-]
decoy,C19661496,CC(C)(C)[C@H]1CCc2c(c(n[nH]2)C(=O)NCc3ccc(cc3)S(=O)(=O)N(C)C)C1
decoy,C12949397,Cc1c(c(=O)n(n1C)c2ccccc2)NC(=O)[C@H](C)OC(=O)[C@H](C(C)C)NC(=O)OCc3ccccc3
decoy,C06193740,Cc1cc(c2cc(c(=O)[nH]c2c1)[C@H](c3nnnn3C4CCCCC4)[NH+](Cc5cccnc5)Cc6ccco6)C
decoy,C20080923,Cc1ccc(c(c1)N2CCN(CC2)[C@H](c3cc4cc5c(cc4[nH]c3=O)OCO5)c6nnnn6C7CCCC7)C
decoy,C63557292,Cc1ccc(cc1C)NC(=O)[C@@H]2CC(=O)N(C2)CCC3=c4cc(ccc4=[NH+]C3)Cl
decoy,C13064513,CC[C@@H](c1nnnn1CCOC)[NH+](Cc2ccc(cc2)C)Cc3cc4cc(c(cc4[nH]c3=O)OC)OC
decoy,C66343325,C[C@@H]1CCCCN1C(=O)NC[C@@H]2CCN(C2)c3ccc(cc3)F
decoy,C09403374,C[C@H]1Cc2cc(ccc2O1)C(=O)C3=C(C(=O)N([C@H]3c4ccc(cc4)OC)CCC[NH+](C)C)[O-]
decoy,C41652342,Cc1ccc(cc1N)c2c3cc(cc(c3on2)Cl)Cl
decoy,C06443593,Cc1cccc2c1[nH]c(=O)c(c2)[C@@H](c3nnnn3C(C)(C)C)[NH+]4CCN(CC4)c5cccc(c5)C(F)(F)F
decoy,C01375202,CC[C@@H](c1nnnn1C(C)(C)C)N(Cc2ccc(cc2)F)Cc3cc4c(cc(cc4[nH]c3=O)C)C
decoy,C67101458,Cc1cccc(c1)C(=O)NNC(=O)NCc2c(nc(s2)c3ccccc3)C
decoy,C09969142,c1ccc(cc1)N2CC[NH+](CC2)Cc3nc(nc(n3)Nc4cccc5c4cccc5)N
decoy,C39736578,C[C@H](c1nnc(n1c2ccc(cc2)OC)S[C@@H](C)C(=O)C3=c4ccccc4=[NH+]C3)[NH+]5CCCCC5
decoy,C44452921,CC(=O)NNC(=O)c1c2c(sc1NC(=O)c3cc(ccc3[N+](=O)[O-])Cl)CCCCC2
decoy,C27231993,Cc1ccc(cc1)c2c(cn(n2)c3ccccc3)C(=O)c4nc(ns4)CC(=O)C
decoy,C21808570,CC1CCC(CC1)NC(=O)[C@]2(Cn3c4ccsc4cc3C(=O)N2CCc5ccccc5)C
decoy,C66239105,c1ccc2c(c1)cccc2CSc3nnc(s3)SC[C@@H](CCC#N)C#N
decoy,C65882705,CC(C)(C)c1nc(no1)c2ccc(cc2)NC(=O)[C@@H]3CC(=O)N(C3)C4CCCC4
decoy,C40568163,Cc1cc2c(c(=O)n1CC[NH+](C)C)[C@H](C(=C(O2)N)C(=O)OC)c3cc(ccc3OC)OC
decoy,C37420770,CC1(O[C@@H]2C[C@](C[C@@H]([C@@H]2O1)OCC=C)(C(=O)NC[C@H]3CCCO3)OCc4cccc(c4)C(F)(F)F)C
decoy,C00927352,Cc1cc(c2cc(c(=O)[nH]c2c1)CN(Cc3cccs3)Cc4nnnn4C5CCCCC5)C
decoy,C50307507,CCc1c(c(n[nH]1)C(=O)N2CCC[C@H]2C3CCCCC3)N
decoy,C49763116,C[C@H](c1ccccc1Cl)[NH2+]CC(=O)/N=c\2/[nH]c(cs2)c3ccc(cc3)OC
decoy,C00305800,CCC(=O)NC1=C(C2(CCCCC2)Cc3c1cccc3)C#N
decoy,C50603353,c1ccc2c(c1)CC[C@H](N2)C(=O)NC[C@@H]3CCS(=O)(=O)C3
decoy,C39937985,CC(C)[C@@H](C(=O)N/N=C/C1=c2ccccc2=[NH+]C1)NC(=O)c3ccc(cc3Cl)Cl
decoy,C39669190,c1ccc(cc1)c2ccc(o2)C(=O)N3C[C@@H](C4(C3)CC[NH2+]CC4)C(=O)NC[C@H]5c6ccccc6CCO5
decoy,C04848048,Cc1nc2c(c3c(s2)C[C@@H](CC3)C)c4n1c(nn4)SCC(=O)NC5CCCC5
decoy,C63135279,CCCCC1=[NH+][C@H](ON1)[C@H](C)Sc2nnc(n2C[C@@H]3CCCO3)C4=c5ccccc5=[NH+]C4
decoy,C11691940,c1ccc(cc1)N2CCN(CC2)C3=C(Nc4ccccc4N3)Cl
decoy,C67177337,CC(C)c1ccc(c(c1)O)C(=O)N2CCO[C@@H](C2)c3cccc(c3)F
decoy,C43510519,C/C=C(/C)\C(=O)O[C@H]1C[C@@]2([C@H](O2)C/C=C(/[C@@H]([C@@H]3[C@@H]1C(=C)C(=O)O3)O)\C)C
decoy,C13212284,CCOc1cc2c(cc1CNc3ccc(cc3[N+](=O)[O-])C(=O)[O-])O[C@H](C2)C
decoy,C36585002,Cc1ccc(cc1)S(=O)(=O)CNC(=O)[C@H](c2ccc(cc2)Cl)N(C(=O)c3ccco3)C(C)(C)C
decoy,C57945367,Cc1cccc(c1OC[C@H](C[NH+](C)[C@@H](C)c2ccc(cc2)S(=O)(=O)N)O)C
decoy,C05905178,Cc1cc(=O)[nH]c(n1)SCC(=O)N2c3ccccc3[C@H](CC2(C)C)C
decoy,C05291004,C[C@@H](c1ccc(cc1)S(=O)(=O)N)/[NH+]=C/c2cc(cc(c2O)Cl)Cl
decoy,C12894046,CN(C)S(=O)(=O)c1ccc(cc1)C(=O)Nc2c(nc(s2)SCC(=O)NC3CC3)c4ccccc4
decoy,C12131802,c1ccc(cc1)[C@H]2C[NH+](Cc3ccccc3O2)CCC(=O)NC[C@@H]4CCCN(C4)c5ncccn5
decoy,C39761339,CCc1c(sc(n1)NC(=O)CSc2nnc(n2c3ccccc3)CC(=O)Nc4ccc(cc4)F)C
decoy,C27603057,Cc1c(sc2c1c(=O)[nH]c(n2)CS[C@@H](C)C(=O)NC[C@H](c3cccs3)[NH+]4CCCC4)C
decoy,C32614496,CSc1ccc(cc1)/C=N\NC(=O)[C@@H]2COc3cc4ccccc4cc3O2
decoy,C54094471,C[C@H]1CCCC[C@@H]1NC(=O)N(C)Cc2ccc3c(c2)OCO3
decoy,C10342442,c1cc(cc(c1)Cl)N2CCN(CC2)C3=NC(=O)[C@H](C4(N3)CCCCCC4)C#N
decoy,C23372368,C[C@H]1C[C@H](CN(C1)C(=O)CN2CC[NH+](CC2)CC(=O)Nc3ccccc3C(=O)NCc4ccco4)C
decoy,C22504408,CC(C)C(=O)N1CCCc2c1ccc(c2)NC(=O)Nc3ccc4c(c3)OCO4
decoy,C12848535,Cn1ccc(n1)NC(=O)Cc2csc(n2)c3ccc(cc3)Cl
decoy,C13064180,CC[C@@H](c1nnnn1Cc2ccco2)[NH+](Cc3ccco3)Cc4cc5cc(ccc5[nH]c4=O)OC
decoy,C19927053,C/C(=N\NC(=O)c1c(nnn1c2c(non2)N)C[NH+]3CCCCC3)/c4ccc(cc4)Cl
decoy,C09891539,CS(=O)(=O)NCCc1ccc(s1)C(=O)NCCNc2ccc(cc2[N+](=O)[O-])C(F)(F)F
decoy,C08760701,c1ccc2c(c1)c3nc4ccccc4n3c(n2)SCC(=O)NC(=O)NCc5ccco5
decoy,C12246296,CCCCc1[nH]cc(n1)C[NH+]2CCC(CC2)[C@@]3(C(=O)N(C(=O)N3)CCc4ccc(cc4)OC)CC
decoy,C35671861,Cc1ccc(cc1C)n2cc(nc2NC(=O)CN(CC=C)C(=O)NC(C)C)c3ccc(cc3)Cl
decoy,C39672963,Cc1ccsc1C(=O)N2C[C@H](C3(C2)CC[NH2+]CC3)C(=O)NCC4(CCCCC4)N5CCOCC5
decoy,C57956057,Cc1c(c([nH]c1C(=O)[C@@H](C)OC(=O)c2cc(c(cc2NC(=O)[C@H]3C[C@@H]3C)OC)OC)C)C(=O)C
decoy,C19314688,CCOC(=O)C1=C(NC2=C([C@H]1c3ccccc3[N+](=O)[O-])C(=O)CC(C2)(C)C)C
decoy,C22144605,CCOc1ccccc1n2c(nnn2)SCc3csc(n3)CC(=O)Nc4ccc(cc4)C
decoy,C09797688,Cc1ccccc1C(=O)NNC(=O)N[C@H]2CCCC[C@@H]2C
decoy,C05367518,CCOc1c(cc(cc1Cl)C(=O)OCC(=O)c2ccc3c(c2)OCO3)OC
decoy,C01326666,Cc1ccc(cc1)C(=O)NNC(=O)c2cc3n(n2)[C@H](C[C@@H](N3)c4ccc5c(c4)OCO5)C(F)(F)F
decoy,C66367412,CC[C@H](C(C)C)NC(=O)NCC(=O)NC(C)C
decoy,C20877125,COc1cc(cc(c1OC[C@H](c2ccc3c(c2)OCCO3)O)Br)C[NH2+]C4CCCC4
decoy,C35842575,CCC[NH+](C[C@H](COC(C)C)O)CC(=O)N(CCc1c[nH]c2c1cccc2)Cc3ccc(cc3)C(C)(C)C
decoy,C32747660,CS(=O)(=O)CC[C@H](C(=O)NCc1ccc2c(c1)OCO2)NC(=O)c3ccc(cc3Cl)Cl
decoy,C43262815,CC[C@H]([C@H](c1ccc(s1)Br)[NH+](CCO)C2CCCCC2)N
decoy,C43414384,C1CCC(CC1)(CC(=O)[O-])CNC(=O)N2C[C@@H]3CC[C@H]2C3
decoy,C62038499,Cc1ccc(c(c1)NC(=O)CSc2[nH]c3c(c(cs3)c4ccc(c(c4)C)OC)c(=O)n2)O
decoy,C43254386,CC[C@@H]([C@H](c1ccc(s1)Cl)n2cnc3c2cccc3)[NH3+]
decoy,C59852315,CCN(CC)S(=O)(=O)c1cccc(c1)C(=O)N[C@@H](c2ccc3c(c2)OCCO3)C4CC4
decoy,C55283824,Cc1cc2c(cc1NC(=O)c3c(nc(s3)C(C)C)C)c(cc(=O)o2)C
decoy,C63996730,C[C@H](C1CC1)N(Cc2ccccc2)C(=O)CN3C(=O)[C@@H](NC3=O)CC4=c5ccccc5=[NH+]C4
decoy,C05048242,COc1cc(c(c(c1)OC)/C=N\NC(=S)NC23CC4CC(C2)CC(C4)C3)OC
decoy,C22658910,C[C@@H](C(=O)Nc1cccc(c1)S(=O)(=O)NC(C)(C)C)Sc2ccc(cc2)[N+](=O)[O-]
decoy,C63258757,Cc1ccc2=[NH+][C@@H](C(=c2c1)c3ccccc3)C(=O)N/N=C/c4ccc(c(c4C(=O)[O-])OC)OC
decoy,C61669833,C[C@@H](C(=O)N)NC1c2ccccc2Cc3c1cccc3
decoy,C61095109,CC(C)c1cc(c2c(n1)c(cc(c2F)F)F)NN
decoy,C15607235,CC[NH+](CC)CCn\1c2ccccc2[nH]/c1=N\C(=O)c3ccc(cc3F)Br
decoy,C39635737,C[C@@H]1CCCC[C@H]1NC(=O)[C@@H]2CN(CC23CC[NH2+]CC3)C(=O)c4c(cccc4Cl)Cl
decoy,C08800174,CN1CCCc2c1ccc(c2)[C@H](CNS(=O)(=O)c3cc(ccc3F)F)[NH+]4CCCCC4
decoy,C34762029,CCc1c(sc2c1c(nc(n2)SCc3cc(ccc3C)C)N4CC[NH+](CC4)CCc5ccccc5)C
decoy,C19209086,Cc1ccc(cc1)[C@H]2[C@@H]3[C@H](C(=O)N(C3=O)c4ccc(cc4)C)[C@](N2)(C)C(=O)OC
decoy,C54197073,CC[C@H](C)[C@@H](C(=O)NCCc1ccccc1C(F)(F)F)NC(=O)N
decoy,C50389797,C[C@H](C/C(=N/O)/N)NS(=O)(=O)c1ccccc1Br
decoy,C12531457,Cc1cc(c(n1c2ccc(cc2)OC(F)F)C)C(=O)[C@H](C)OC(=O)C34C[C@H]5C[C@@H](C3)CC(C5)(C4)O
decoy,C09450062,Cc1cc(ccc1NC(=O)CSc2nnc(n2N)c3cc(n[nH]3)c4ccc(cc4)Cl)Cl
decoy,C00759064,c1cc(c(c(c1)Cl)COc2ccc(cc2)[C@H]3c4c(n[nH]c4OC(=C3C#N)N)c5ccncc5)F
decoy,C02177748,CCCNC(=O)[C@@]12CC[C@@](C1(C)C)(c3c2nc4cc(c(cc4n3)C)C)C
decoy,C38556149,c1ccc(cc1)C2=C[C@@H](N=N2)[C@H]3NN[C@@H](N3/N=C/c4ccccc4O)S
decoy,C36252649,Cc1c(ccc2n1c(nn2)CCC3CCCCC3)N
decoy,C63731199,CCN([C@@H]1[C@@H](N(C(=NC1=O)[O-])Cc2ccccc2)N)C(=O)CSC3[NH+]=c4ccccc4=[NH+]3
decoy,C58282003,CC(C)NC(=O)c1ccc(cc1NC(=O)CN2C(=O)[C@]3(CCc4c3cccc4)NC2=O)Cl
decoy,C13984727,c1ccc2c(c1)cc3ccccc3c2/C=N/NC(=O)CNC(=O)C4CCCCC4
decoy,C39344674,CC(C)(C)CNc1cc2c([nH+]c1)N([C@@H]([C@@H]2NC(=O)[C@@H]3CCOC3)C(=O)OC)CCc4c[nH]c5c4cccc5
decoy,C15109936,COc1c(cc2c(c1OC)OCO2)[C@@H]3C(=C(OC4=C3C(=O)CCC4)N)C#N
decoy,C64870135,COc1ccc(cc1)n2c(=O)c3ccc(cc3[nH]c2=O)[C@H]4N[C@@H](NO4)c5ccc(cc5)Br
decoy,C12243048,C[NH+](Cc1ccc2c(c(sc2n1)C(=O)OC)NC(=O)C3CC3)Cc4cc5ccccc5s4
decoy,C59489262,C/C(=N\NC(=[NH2+])S[C@H]1CC(=O)N(C1=O)c2ccc(cc2)C(=O)[O-])/c3ccc(cc3)Br
decoy,C38789709,CC(C)(C)c1ccc2=[NH+]C(=O)[C@@H](C=c2c1)CNc3ccc[nH]c3=O
decoy,C34975685,Cc1ccc(cc1[N+](=O)[O-])C(=O)N[C@H](C(C)C)C(=O)N2CCN([C@H](C2)C)C(=O)c3ccccc3
decoy,C62129024,CC(C)c1[nH+]ccn1CC2CCN(CC2)C(=O)Cc3ccc(cc3)SC(C)C
decoy,C12121927,CCC(=O)N(CCc1ccc(cc1)F)Cc2cc3cccc(c3[nH+]c2N4CCC[C@H](C4)O)C
decoy,C61845114,c1cc(c(cc1c2nc(no2)c3ccc(cc3Cl)F)N)F
decoy,C24209631,Cc1csc(n1)NC(=O)CSc2nc3ccccc3c(=O)n2CCCc4ccccc4
decoy,C38806383,CCOC(=O)c1c2c(sc1NC(=O)c3ccc4c(c3)nccn4)C([NH2+]C(C2)(C)C)(C)C
decoy,C07776830,Cc1ccc(c(c1)C)NC(=O)[C@@H](C)Sc2nnc(n2C)c3ccc(cc3)OC
decoy,C36053967,Cc1ccc(c(c1)C)C[NH+](Cc2cccc(c2)C(F)(F)F)Cc3[nH+]c(co3)C(=O)[O-]
decoy,C21190960,Cc1ccc(cc1[N+](=O)[O-])/C=C(/c2[nH]c3c(c(c(s3)C)c4ccccc4)c(=O)n2)\Cl
decoy,C64589156,Cc1cccc(c1)[C@@H]2CCN(C2)c3ccc(c(c3)C(=O)[O-])NC(=O)C4CCC4
decoy,C20842243,CC(C)(C)c1nnc(n1N)SCC(=O)Nc2ccc(cc2)S(=O)(=O)Nc3ccc(cc3)F
decoy,C13500106,CCC[C@@H](c1nnnn1C[C@@H]2CCCO2)[NH+](Cc3cc4cccc(c4[nH]c3=O)C)C5CCCC5
decoy,C67102456,Cc1ccsc1C(=O)NNC(=O)NCCC2=CCCCC2
decoy,C00708157,CCOc1ccc(cc1OC)[C@@H]2C3=C(C[C@H](CC3=O)c4ccc(cc4)OC)NC(=C2C(=O)OC5CCCC5)C
decoy,C38621662,Cc1c(cccc1Cl)S(=O)(=O)NC[C@@H](c2cccc3c2cccc3)[NH+]4CCCC4
decoy,C38966570,COc1ccc(cc1)S(=O)(=O)/N=C\2/[C@H]([NH+]=c3ccccc3=[NH+]2)Nc4ccc(cc4)OC(F)(F)F
decoy,C08801625,CN1CCc2c1ccc(c2)[C@H](CNS(=O)(=O)c3ccc4c(c3)CCCC4)[NH+]5CCCCC5
decoy,C54910849,CC[C@H]1CCCCN1c2nc3c(s2)[C@@H](CC(C3)(C)C)O
decoy,C12709984,CC[NH+](CC)CCN(Cc1cc2cc3c(cc2[nH]c1=O)OCCO3)C(=O)Nc4ccccc4OC
decoy,C17087832,Cc1cc(cc(c1)C(=O)NC(=S)Nc2ccc(cc2Br)[N+](=O)[O-])C
decoy,C62871745,CCC[C@@]1(CCCN(C1)C(=O)Nc2nccs2)C(=O)[O-]
decoy,C53625674,CC[C@H](C)[C@@H](C(=O)NNC(=O)c1ccc2c(c1)OCCO2)NC(=O)N
decoy,C46578706,CC[C@@H](CNC(=O)c1ccc(cc1)S(=O)(=O)N)[NH+]2CCc3ccccc3C2
decoy,C49213333,c1cc2c(cc1Cl)C=C(CO2)/C=C/C(=O)N3CCSCC3
decoy,C35877104,Cc1ccc(cc1)N2C(=O)[C@H]3[C@H]4C[C@@H]([C@@H]3C2=O)[C@@H]5[C@@H]4[C@@H](c6c([nH]c(=O)s6)S5)c7ccc(cc7)O
decoy,C39684537,Cc1c(cccc1OC(=O)C)C(=O)N2C[C@@H](C3(C2)CC[NH2+]CC3)C(=O)N[C@H](C)C(C)(C)C
decoy,C28256320,CC(C)(C(=O)N[C@H](CCC1CCCCC1)C(=O)N2CCC3(CC2)CS(=O)(=O)c4c3cccc4)[NH3+]
decoy,C39595836,C[C@@H](CNC(=O)[C@H]1CN(CC12CC[NH2+]CC2)C(=O)c3cc(cc(c3)F)C(F)(F)F)Oc4ccc(cc4)F
decoy,C63784130,Cc1cccc(c1)C(=O)/N=C(/Nc2nc(cc(n2)C)C)\[N-]CCC3=c4cc(ccc4=[NH+]C3)Cl
decoy,C41022810,CCCCOc1ccc(cc1)[C@@H]2C(=C(Nc3n2nc(n3)SCC)C)C(=O)Nc4cccc(c4C)C
decoy,C63430272,C[C@@H](c1ccccc1Cl)S[C@H](C)C(=O)Nc2ccc3c(c2)[nH]c(=O)[nH]3
decoy,C39655896,Cc1ccc2c(c1)c(c[nH]2)CCNC(=O)[C@H]3CN(CC34CC[NH2+]CC4)C(=O)c5ccc(cc5)OC(F)(F)F
decoy,C02457857,CC[C@@H](C)NC(=O)[C@@]1(c2cc(ccc2NC(=O)N1c3ccc(cc3)OCC)Br)O
decoy,C28868964,CCc1c(c2c(s1)nc(n(c2=O)Cc3ccc(cc3)C)SCC(=O)NC(=O)NCC=C)C
decoy,C39672682,Cc1cc(c(c(c1C)S(=O)(=O)N2CCC(CC2)C(=O)Nc3nc(cs3)C4=[NH+]C=CC4)C)C
decoy,C22920463,Cc1c(sc2c1c(=O)[nH]c(n2)CS[C@H](C)C(=O)Nc3nc4ccc(cc4s3)OC)C
decoy,C36313702,CCCCOC[C@H](C[NH+](Cc1c(nn(c1Oc2cccc(c2)F)c3ccccc3)CC)C[C@@H]4CCCO4)O
decoy,C22561312,Cc1c(c([nH]c1C(=O)CSc2nnc(n2c3ccc(cc3)F)[C@@H](C)[NH+](C)C)C)C(=O)OC
decoy,C18157427,CC(C)COc1ccc(cc1)c2[nH]c(=O)c3c4c(sc3n2)CCCC4
decoy,C38665891,Cc1ccc(cc1C)N2C[C@H](CC2=O)C(=O)NC[C@@H](c3ccc(cc3)N(C)C)N4CCN(CC4)c5ccccc5
decoy,C42191607,c1ccc2c(c1)C[C@@H]([C@@H]2NS(=O)(=O)N3CCCCCC3)O
decoy,C39683066,COc1ccc(c(c1)CNC(=O)[C@H]2CN(CC23CC[NH2+]CC3)C(=O)[C@@H]4COc5ccccc5O4)OC
decoy,C05187428,Cc1ccc(cc1C)N2C[C@@H](CC2=O)NC(=O)N3C[C@@H](C[C@@H](C3)C)C
decoy,C39710574,CCc1ccc2=[NH+]C(=O)[C@@H](C=c2c1)[C@H]([C@@H]3N=NNN3C(C)(C)C)[NH+](Cc4ccc(cc4)F)Cc5ccco5
decoy,C59990107,C[C@H]1C[C@@H](C[NH+](C1)C(C)(C)CNC(=O)CNC(=O)C23CC4CC(C2)CC(C4)C3)C
decoy,C01876049,CC(C)OC(=O)c1c2c(sc1NC(=O)c3cnn4c3N[C@@H](C[C@H]4C(F)(F)F)c5ccc(cc5)OC)CCCC2
decoy,C64661386,c1ccc2=[NH+]CC(=c2c1)CCNC(=O)CCN3C=N[C@@H]4C(=CNN4c5ccc(cc5)F)C3=O
decoy,C25257998,CC(C)[C@H](C(=O)NNC(=O)c1ccc(cc1)C(C)(C)C)NC(=O)c2c(cccc2F)F
decoy,C02136490,C[C@@H](C(=O)N[C@H](Cc1c[nH]c2c1cc(cc2)O)C(=O)[O-])Oc3cc4c(cc3Cl)c5c(c(=O)o4)CCCC5
decoy,C13573825,c1cc(ccc1C\2=NN(C(=O)/C2=N\Nc3ccc(cc3)S(=O)(=O)N)C(=S)N)[N+](=O)[O-]
decoy,C12443411,c1ccc(cc1)C[C@@H](C(=O)N)NC(=O)CC2c3ccccc3CCc4c2cccc4
decoy,C02153688,c1cc(ccc1S(=O)(=O)Nc2cc(sc2C(=O)N)c3ccsc3)Cl
decoy,C42554120,CC[C@@H](C)[C@@H](C)[NH2+]C1CCN(CC1)C(=O)N
decoy,C12323818,Cc1cc(nc(n1)SCc2nc3cc(ccc3n2C)NC(=S)N[C@@H]4C[C@H]5CC[C@@H]4C5)C
decoy,C62805521,c1cc\2c(cc1OCC(F)F)OC/C2=N\O
decoy,C15613986,CCCC1(C(=O)N(C(=O)N1)CC(=O)N(CC)Cc2[nH]c(=O)c3ccc(cc3n2)Cl)CCC
decoy,C13506838,Cc1cc(cc(c1)N([C@@H](c2ccccc2)C(=O)NC3CCCC3)C(=O)CNC(=O)c4ccco4)C
decoy,C67049609,C[C@@H](C(=O)Nc1ccc(cc1)NCC2CCCC2)NC(=O)Nc3ccccc3
decoy,C41310975,c1cc(oc1)CNC(=O)c2c3c(sc2NC(=O)c4cc5cc(ccc5o4)Cl)CCC3
decoy,C51152649,CCCc1cc(nc(n1)c2ccncc2)NN
decoy,C06757074,CCc1cc(=O)oc2c1cc(c(c2C[NH2+]C[C@H]3CCCO3)O)Cl
decoy,C14038052,C[C@H](C(=O)NNC(=O)COc1ccc(cc1Br)C(C)C)Oc2ccc(cc2)[N+](=O)[O-]
decoy,C16646902,CCCCCc1ccc(cc1)C(=O)N2CCC3(CC2)C(=O)N(CN3c4ccccc4)CC(=O)N[C@@H](C)CC
decoy,C08559725,Cc1cc(nc(n1)n2c(=O)c(c([nH]2)C)Cc3ccc(cc3)Br)C
decoy,C14992295,Cc1cnc(nc1c2cccs2)n3c(c(cn3)C(=O)NCC4(CCCC4)[NH+]5CCCCC5)COC
decoy,C49056936,c1cc(ccc1C2(CCC2)NC(=O)Nc3nncs3)F
decoy,C15890402,CC[C@@H]1CCCC[NH+]1CCCNC(=O)[C@@H]2CCCN(C2)S(=O)(=O)N3C[C@@H](C[C@@H](C3)C)C
decoy,C02707268,COc1cccc(c1)[C@@H]2C3=C(c4ccccc4O2)N=C5N=CNN5[C@H]3c6cccs6
decoy,C36205578,Cc1ccc(cc1)c2csc3c2c(=O)[nH]c(n3)C[NH+](CCOC)C[C@@H](COC(C)C)O
decoy,C00861486,CC1=C([C@H](C2=C(N1)C[C@H](CC2=O)c3ccc(cc3)OC)c4cc(c(c(c4)OC)OC)OC)C(=O)OC5CCCCC5
decoy,C02652639,CCOC(=O)c1cc(sc1NC(=O)[C@H](C)OC(=O)Cc2coc3c2cc4c(c3)CCC4)c5ccccc5
decoy,C08757662,COc1ccc(cc1)N2C(=O)/C(=C(/NCc3ccccc3C(F)(F)F)\Nc4ccccc4)/C(=O)NC2=O
decoy,C07988983,CCCCn1c(c(c(=O)[nH]c1=O)N(C)C(=O)c2ccsc2n3c(ccc3C)C)N
decoy,C36586233,CCCCNC(=O)[C@@H](/C=C\C)N(C(=O)C#Cc1ccccc1)C(C)(C)C
decoy,C39754567,COc1cccc(c1)/C=C\2/C(=O)c3ccc(cc3O2)OCC(=O)OCC=C
decoy,C63281447,C[C@@H](C(=O)N[C@H]1Nc2ccccc2S1)NC(=O)[C@@H]3C=c4cc(c(cc4=[NH+]3)OC)OC
decoy,C13128955,C[C@H]([C@@H](C(=O)OCC(=O)Nc1ccccc1OC(F)F)NS(=O)(=O)c2ccc3ccccc3c2)O
decoy,C09018902,Cc1ccccc1n2c3c(cn2)c(nc(n3)SCc4cccnc4)O
decoy,C22732309,CSc1ccccc1NC(=O)C[C@H]2CCCCN2S(=O)(=O)c3cccs3
decoy,C09495059,c1c(cc(c2c1OCCCO2)Cl)CNC(=O)CCc3[nH]c(=O)c4c5c(sc4n3)CCCC5
decoy,C12530994,c1ccc2c(c1)c(n[nH]2)C(=O)OCC(=O)N3c4ccccc4Sc5c3cccc5
decoy,C48759844,c1c(cnc(c1[N+](=O)[O-])NC23CC4CC(C2)CC(C4)C3)Br
decoy,C64202262,C[C@@H]1C(=C(NO1)C)CSc2c(cccn2)C(=O)N3CCC(CC3)C4=c5ccccc5=[NH+]C4
decoy,C50776172,CCNc1ccc(nn1)C(=O)N(C)[C@H]2CCC[C@@H](C2)C
decoy,C65219188,c1cc(ccc1c2nc(on2)c3c(ccs3)NC(=O)[C@@H]4CCCO4)Cl
decoy,C09056416,CC1CCC2(CC1)C(=O)N(C(=O)N2)NC(=O)CSc3cccc4c3c(ccc4)Cl
decoy,C25003067,c1ccc(cc1)n2c(nnc2SCc3nc4ccccc4c(=O)n3CC(=O)N)C[NH+]5CCCCC5
decoy,C23244681,Cc1ccc(cc1)c2ccc(=O)n(n2)CC[NH+]3CCN(CC3)S(=O)(=O)c4ccc(cc4)OC(F)(F)F
decoy,C17670479,C[C@@H](c1nnc(o1)c2ccc(cc2)[N+](=O)[O-])Sc3nc4cc(ccc4c(=O)n3CCC(C)C)Cl
decoy,C12104067,Cc1ccc(c(c1C)NC(=O)CSc2[nH]nc(n2)C3CCCC3)[N+](=O)[O-]
decoy,C37332134,c1c(cc(cc1F)F)[C@H](c2cc3c(cc2Cl)OCCO3)[NH3+]
decoy,C36246074,CCC[NH+](Cc1c(noc1N(CC)CC)c2ccccc2)C[C@@H](COc3ccccc3C)O
decoy,C14458068,CCOCCOc1cccc2c1N[C@@H]([C@@H]3[C@@H]2C=CC3)c4c(cc(cc4C)C)C
decoy,C44014767,CC(=O)N1[C@H](C[C@@]2([C@@H]1NC(=O)C2)C)c3ccccc3OC(=O)c4conc4c5ccccc5Cl
decoy,C66890212,Cc1c(cco1)C(=O)NC2CC[NH+](CC2)CC(=O)NC3(CCC3)c4ccccc4
decoy,C66730140,C[C@H](c1ccc2c(c1)NC(=O)CO2)OC(=O)[C@H](C(C)C)NC(=O)OC
decoy,C59252024,C[C@H]1CC[C@H]([C@@H](C1)NC(=O)c2ccc(cc2)S(=O)(=O)N3CCNC(=O)C3)C(C)C
decoy,C24115945,CC[NH+](CC)CCN1[C@H](C(=C(C1=O)[O-])C(=O)c2ccc(cc2C)OCC=C)c3ccc(cc3)Br
decoy,C64746116,CCc1ccc(cc1)c2c(n3c(n2)sc(n3)N4CC[NH+](CC4)C5CCCCC5)NC(C)(C)C
decoy,C37285963,c1cc(c(cc1[N+](=O)[O-])C(=O)NC2CCC(CC2)O)F
decoy,C45899053,CC(C)CNC(=O)CCCCn1c(=O)c2ccccc2n(c1=O)CC(=O)NCc3ccccc3Cl
decoy,C17078723,Cc1ccc(cc1)N[C@@H]2C[C@H](N(c3c2cc(cc3)C)C(=O)c4ccccc4N)C
decoy,C02231536,CCCCc1c2c(c3c4c(c(nc(n4)SC)NN)sc3n1)CCCC2
decoy,C14161020,Cc1cc(nc(n1)N/C(=N/C(=S)NC[C@@H]2CCCO2)/N3CCN(CC3)Cc4ccc5c(c4)OCO5)C
decoy,C50016645,c1c(c(cc(c1F)F)N)C(=O)NCC2CCCC2
decoy,C20424788,Cc1ccc(cc1)NC(=O)CCSc2nc([nH]n2)N/N=C/c3ccc(o3)OCc4ccc(cc4)OC
decoy,C49871937,C[C@@H](c1c([nH]c(=O)[nH]c1=O)[O-])N/C=C/C2=CCCCC2
decoy,C39677746,Cc1ccsc1C(=O)N2C[C@@H](C3(C2)CC[NH2+]CC3)C(=O)NCc4ccc(s4)c5ccccn5
decoy,C63187739,c1ccc2=[NH+]CC(=c2c1)C[C@H]3C(=O)N(C(=O)N3)CC(=O)N[C@H](c4ccc(cc4)F)c5cccs5
decoy,C08636189,Cn1c(cc(n1)C2CCCC2)[C@H]3C[NH+]4CC[C@H]3C[C@@H]4CNC(=S)Nc5cccc(c5)C(=O)OC
decoy,C04523713,CC(C)(C)c1ccc2c(c1)O[C@H](CO2)C(=O)N/N=C\c3cccc(c3Cl)Cl
decoy,C33126290,CC(C)C[NH+](Cc1ccc(c(c1)OC)OC)Cc2cc(=O)n3c(n2)cc([nH]3)c4ccc(cc4)Cl
decoy,C64890714,CC(C)[C@@H]([C@H]1[NH+]=C(NO1)c2ccc3c(c2)[nH]c(=O)c(=O)n3C(C)C)NS(=O)(=O)c4ccccc4
decoy,C39359132,c1cc(sc1)[C@H]2CC3=C([C@@H](C4=C(N=N[C@H]4N3)O)c5ccc(c(c5)O)O)C(=O)C2
decoy,C20830745,CC1(CC(CC([NH2+]1)(C)C)NC(=O)CSc2nnc(n2c3ccccc3)c4cccc(c4)[N+](=O)[O-])C
decoy,C60241022,Cc1cccc(c1)C(=O)N[C@@H](C(C)C)C(=O)N2CCC[C@@H](C2)C(=O)NCCNC(=O)OC(C)(C)C
decoy,C09642131,Cc1ccc(c(c1)OCC(=O)Nc2c(ccs2)C(=O)N)C(C)C
decoy,C39710317,Cc1ccc2=[NH+]C(=O)[C@H](C=c2c1)[C@@H]([C@@H]3N=NNN3C(C)(C)C)[NH+](Cc4ccc(cc4)Cl)Cc5ccco5
decoy,C37442681,CCn1c2cccc(c2nc1c3ccc(c(c3)N)C)F
decoy,C06149156,CCC(C)(C)n1c(nnn1)[C@@H](c2cc3cc(ccc3[nH]c2=O)C)[NH+](Cc4ccccc4)Cc5ccco5
decoy,C35760748,CN(c1c(c(no1)c2ccccc2)C[NH+](CCCOC)C[C@@H](COCc3ccccc3)O)C4CCCCC4
decoy,C33366410,Cc1ccc(cc1)S(=O)(=O)NNC(=O)[C@]23CC[C@](C2(C)C)(c4c3nc5cc(c(cc5n4)Cl)Cl)C
decoy,C02645918,CC[C@@H](C)[C@@H](C(=O)Nc1ccc(cc1)Sc2cc(ccc2C)C)NC(=O)N
decoy,C59157068,Cc1cc(c(c(c1)C)OCC(=O)N/N=C/c2cc(cc(c2O)Cl)Cl)C
decoy,C12586439,CC[NH+](CCn1cccn1)Cc2c(oc(n2)c3ccc(cc3)C(F)(F)F)C
decoy,C08791064,CC(C)[C@@H](C(=O)NC1CCCCC1)NC(=O)[C@@H]2Cc3c4ccccc4[nH]c3[C@H]5N2C(=O)c6c5cccc6
decoy,C18043362,c1ccc\2c(c1)C=CC(=O)/C2=N\Nc3ccccc3O
decoy,C14546016,COc1ccccc1[C@@H]2[C@@H]3CC=C[C@@H]3c4cccc(c4N2)O
decoy,C66464924,Cc1nc2c3ccccc3nc(n2n1)NC[C@@H]4CCN(C4)c5ccc(cc5)F
decoy,C01224012,Cc1cc2cc(c(nc2cc1Cl)Cl)[C@H]3Nc4ccccc4C(=O)N3
decoy,C64218781,COc1cccc(c1OC)[C@@H](CNC(=O)c2ccc(cc2)CS(=O)(=O)C)C3=c4ccccc4=[NH+]C3
decoy,C11506552,c1ccc2c(c1)c(cc(n2)c3ccc(cc3)F)C(=O)NNC(=S)NCCc4cccs4
decoy,C33058373,Cc1ccc(cc1)C(=O)c2c(c(c(s2)Nc3ccccc3F)S(=O)(=O)c4ccc(cc4)C)N
decoy,C10891668,Cc1cccn2c1nc(c2)COc3cccc(c3)C(=O)NNC(=O)c4c[nH]c5c4cccc5
decoy,C07692710,C[C@@H]1CCC[C@H]([C@@H]1C)NC(=O)[C@@H](C)Sc2nc(cc(n2)N)N
decoy,C19955132,CC1=C([C@@H](C2=C(N1)C[C@H](CC2=O)c3cccs3)c4coc5ccccc5c4=O)C(=O)OC[C@H]6CCCO6
decoy,C09606988,C[C@H](C(=O)Nc1ccc(cc1)[N+](=O)[O-])OC(=O)c2ccc(s2)Br
decoy,C01777817,C=C(/C=N/NC(=O)c1cc2ccccc2o1)NNC(=O)c3cc4ccccc4o3
decoy,C07455643,c1ccc(cc1)C(=O)c2cc(ccc2NC(=O)CSc3ccccc3N)Cl
decoy,C08901708,CCOc1c(cc(cc1C)S(=O)(=O)NC[C@@H](c2ccsc2)[NH+]3CCCCCC3)C
decoy,C39012416,Cc1cccc(c1C)NC(=O)CS[C@H]2NN[C@H](O2)[C@H](Cc3c[nH]c4c3cccc4)[NH3+]
decoy,C09593822,COCCNC(=O)[C@@H]1[C@@H](Nn2c(nnc2S1)c3ccccc3)c4ccc(cc4)Cl
decoy,C18281072,C[C@H](c1cccc2c1cccc2)NC(=O)CN3C(=O)[C@](NC3=O)(C)c4ccc(cc4)OC
decoy,C36316054,CCC[NH+](Cc1c(nn(c1Oc2ccc(cc2)C)C)c3ccccc3)C[C@@H](COc4ccccc4C)O
decoy,C02725468,CC[C@@H](C)NC(=O)NC1(Oc2cc(c(cc2O1)Cl)Cl)C(F)(F)F
decoy,C33033301,C[C@H]1CCCN(C1)C(=O)c2ccc(c(c2)NS(=O)(=O)c3cccs3)N4CC[NH2+]CC4
decoy,C18193091,c1c(cc2c(c1)COC2=O)c3oc(cc3)/C=N\NC(=O)N/N=C\c4oc(cc4)c5cc6c(cc5)COC6=O
decoy,C13610052,c1ccc(cc1)S(=O)(=O)N2CCCc3c2ccc(c3)C(=O)NC4CCCCCCC4
decoy,C16346378,Cc1ccc(cc1)CSc2[nH]c(=O)c3c(n2)NC4=C([C@@H]3c5ccc(cc5)N(C)C)C(=O)CCC4
decoy,C40323093,CCOc1ccc(cc1)[C@H](CNC(=O)c2ccc(o2)S(=O)(=O)c3ccc(cc3)Br)[NH+](C)C
decoy,C40019638,CCCC[NH+](CCCC)CCCN1[C@H](C(=C(C1=O)[O-])C(=O)c2ccc(cc2)F)c3cc(c(c(c3)C)O)C
decoy,C45231078,COc1ccc2ccc(c(c2n1)CC(=O)N3CCO[C@H](C3)C[NH2+]Cc4cccc(n4)c5ccc(cc5)F)F
decoy,C45026158,C[C@@H](c1nnc(n1c2ccc(cc2)F)Sc3cc(nc(n3)N)Cl)[NH+](C)C
decoy,C59790228,c1cc(ccc1c2nnc(n2N)SCC(=O)Nc3ccc(cc3)I)[N+](=O)[O-]
decoy,C33766796,CCCCCN1C(=O)/C(=C\c2c(nc3ccc(cn3c2=O)C)NCC(C)C)/SC1=S
decoy,C63187715,C[C@@H]1CC(=C(N1c2ccc(cc2)F)C)C(=O)CN3C(=O)[C@@H](NC3=O)CC4=c5ccccc5=[NH+]C4
decoy,C25880228,CCc1ccc(cc1)N2C[C@@H](CC2=O)C(=O)Nc3ccc(cc3)NC(=O)N
decoy,C39676550,CCCCC(=O)N1C[C@@H](C2(C1)CC[NH2+]CC2)C(=O)NC(c3ccc(cc3)OC)c4ccc(cc4)OC
decoy,C23339005,CCCn1c(c(cn1)CN(CCOC)C[C@@H]2CCC[NH+](C2)C3Cc4ccccc4C3)C
decoy,C04763826,C[C@@H]1CC2=C([C@H](C(=C(N2)C)C(=O)OC(C)C)c3ccc(cc3)Cl)C(=O)[C@@H]1C(=O)OC
decoy,C16286145,c1ccc2c(c1)CC[NH+](C2)CC(=O)Nc3ccc(cc3C(=O)Nc4ccccc4F)[N+](=O)[O-]
decoy,C58444582,c1ccc(c(c1)C#N)Sc2ccccc2C(=O)NNC(=O)c3ccc4c(c3)OCCO4
decoy,C02504260,Cc1ccc(c(c1)NC(=O)c2cnn3c2nc(cc3C(F)(F)F)c4ccco4)C
decoy,C06443789,Cc1cccc2c1[nH]c(=O)c(c2)[C@H](c3nnnn3C4CCCCC4)[NH+](Cc5ccccc5)Cc6cccnc6
decoy,C64055208,CCCc1cc(nc(n1)S[C@@H](C)C2=NC(=O)C3=C([C@H](SC3=N2)C)C)[O-]
decoy,C29315125,Cc1ccc(c(=O)n1CC(=O)NCC2CCN(CC2)C(=[NH2+])N)NC(=O)CC(c3ccccc3)c4ccccc4
decoy,C08598801,Cc1ccc(c(c1)N2CCN(CC2)C(=O)[C@@H](CC(C)C)NS(=O)(=O)c3ccc4c(c3)sc(n4)C)C
decoy,C09142565,Cc1ccc(cc1)S(=O)(=O)NCCc2nnc(s2)NC(=O)[C@@H]3CC(=O)N(C3)c4ccccc4C
decoy,C42777002,CCOc1ccccc1C(=O)CN(CC(F)(F)F)C(C)C
decoy,C16976523,c1ccc(cc1)C2=Nc3nc(nn3[C@H](C2)c4ccc(cc4)Cl)NC(=O)c5ccccc5
decoy,C09277203,c1ccc2c(c1)c(cn2CCNC(=O)c3c(cccc3F)F)SCC(=O)Nc4ccc(cc4)[N+](=O)[O-]
decoy,C06016083,C=C(c1cccs1)NOCC(=O)/N=N/c2c3ccccc3n(c2O)C[NH+]4CCOCC4
decoy,C04641177,CCOC(=O)[C@H]1[C@@H](CC2=C(C1=O)[C@@H](C(=C(N2)C)C(=O)OCC)c3c(ccs3)C)c4cccc(c4)OC
decoy,C12311195,Cc1ccccc1n2c(nnn2)C3(CCCCC3)[NH+](Cc4ccccc4)Cc5ccccc5
decoy,C13499193,CCOC(=O)Cn1c(nnn1)[C@H](C(C)C)N(Cc2ccccc2OC)Cc3cc4c(ccc(c4[nH]c3=O)C)C
decoy,C02256489,c1cc2c(c[nH]c2cc1)/C=N/NC(=O)CCCCC(=O)N/N=C/c3c4c([nH]c3)cccc4
decoy,C06077779,CCC(C)(C)n1c(nnn1)[C@H](c2cc3cc4c(cc3[nH]c2=O)OCO4)[NH+]5CCN(CC5)c6ccccc6F
decoy,C58794699,CC(C)(C)[C@H]1CCc2c(cc(s2)C(=O)N[C@@H]3CCCCNC3=O)C1
decoy,C65227652,Cc1nc(no1)c2ccc[nH+]c2N3CCC(CC3)C(=O)NCc4ccc(cc4)C(C)C
decoy,C13898017,[H]/N=C\1/C(=C/c2ccc(cc2)OCCOc3ccc(cc3C)C)/C(=O)N=C4N1N=C(S4)CCCC
decoy,C67584637,CCCC(=O)Nc1cccc(c1C)NC(=O)NCCSCc2ccc(cc2)C
decoy,C36782177,c1c(cc(c(c1Cl)S(=O)(=O)NCC(=O)NC2CC2)Cl)N
decoy,C44714407,Cc1c(c2cc(ccc2[nH]1)C#N)CCNC(=O)[C@H]3CN(CC34CC[NH2+]CC4)C(=O)c5cc(cc(c5)OC)OC
decoy,C63110956,CC(=O)N[C@H](CC1=c2ccccc2=[NH+]C1)C(=O)NC[C@H](c3ccccc3Cl)[NH+](C)C
decoy,C04038561,Cc1ccccc1Nc2c(nc3n2ccnc3)c4ccc(o4)C
decoy,C14475915,C=CCN(CC=C)S(=O)(=O)c1ccc2c(c1)[C@@H]3C=CC[C@H]3[C@@H](N2)c4cc(ccc4O)[N+](=O)[O-]
decoy,C40801519,CCOC(=O)c1c(csc1NC(=O)C[C@H]2C(=O)Nc3cc(ccc3O2)C)c4ccc(cc4)OC
decoy,C37599493,CC(C)(C)n1c2ccccc2nc1c3ccc(c(c3)N)F
decoy,C35354262,c1ccc(c(c1)NN)S(=O)(=O)N2CCCCCCC2
decoy,C39666219,Cc1ccc(cc1)O[C@H](C)CNC(=O)[C@H]2CN(CC23CC[NH2+]CC3)C(=O)c4ccc(nc4)Oc5ccccc5
decoy,C42412300,Cc1ccc(o1)[C@H](c2cc3cccc(c3o2)Br)[NH3+]
decoy,C22842081,Cc1ccc(cc1)c2nc(on2)CN3CC[NH+](CC3)[C@@H](C)C(=O)NC[C@H](C)c4ccccc4
decoy,C59921967,CC(C)(C(=O)Nc1nnc(s1)[N-]S(=O)(=O)C)Oc2ccc(cc2)Cl
decoy,C66557168,Cc1ccsc1C(=O)NNC(=O)c2ccc3c(c2)CCO3
decoy,C12905273,C[C@H](C(=O)Nc1ccc2c(c1)OC(O2)(F)F)Oc3ccc(cc3)C#N
decoy,C65133371,CC(C)CCNC(=O)NNC(=O)C1(CCCCC1)NC(=O)C
decoy,C29315453,CCn1c(nnc1S[C@H](C)C(=O)NC(=O)Nc2ccc(cc2C)C)c3ccncc3
decoy,C04989608,CC1(CC(=CC(=C1)NNC(=O)c2cccc3c2[nH]c(c3)c4cccs4)O)C
decoy,C02641614,C[C@H]1CCc2c(sc3c2c(=O)[nH]c(n3)CSc4nc5ccccc5c(=O)n4CCC[NH+](C)C)C1
decoy,C16537630,C[C@@H](C(=O)Nc1ccc2c(c1)OCO2)OC(=O)c3c(cco3)c4ccccc4
decoy,C31874448,Cc1ccc(cc1NC(=O)c2cn(nn2)c3ccccc3Br)S(=O)(=O)N(C)C
decoy,C67479008,CCc1nc(cs1)CCNC(=O)NC[C@H](c2ccc3ccccc3c2)O
decoy,C59489317,Cc1ccc(cc1)/C(=N/NC(=[NH2+])S[C@H]2CC(=O)N(C2=O)c3ccc(cc3)F)/C
decoy,C43265343,c1ccc(c(c1)O[C@@H](C[NH3+])c2ccc(s2)Br)I
decoy,C44169480,c1ccc(cc1)C(CNC(=O)[C@@H]2CSC[C@@H]([NH2+]2)c3ccc(cc3)N4CCCC4)c5ccccc5
decoy,C08686706,Cc1ccc(cc1)/N=C(/N(CC[NH+](C)C)Cc2cc3cc(cc(c3nc2O)C)C)\S
decoy,C64061429,C[C@@H]1C(=N[C@@H](O1)c2ccccc2NC(=O)c3ccccn3)CNC(=O)CC4=c5ccccc5=[NH+]C4
decoy,C14263171,C[NH+](C)[C@@H](CNC(=O)[C@@H]1CCCN(C1)S(=O)(=O)c2ccc(cc2)Br)c3ccccc3
decoy,C20708867,Cc1cc(c2c(c1)[C@H]3C=CC[C@@H]3[C@H](N2)c4cc(ccc4O)[N+](=O)[O-])C
decoy,C08747579,c1cc(ccc1c2ccc(o2)CNc3ccc(cc3[N+](=O)[O-])S(=O)(=O)N)Br
decoy,C10187808,c1cc(cc(c1)[N+](=O)[O-])Cn2cccc(c2=O)C(=O)Nc3ccc(cc3)C(F)(F)F
decoy,C54613677,CCOc1cc(cc(c1OC)Br)[C@@H]2C(=C(Nc3n2nnn3)C)C(=O)Nc4cccc(c4C)C
decoy,C39486968,CC1(CN(C(=O)N1CC2(CCN(CC2)F)C3CCCCC3)Cl)C
decoy,C01182311,c1ccc2c(c1)N[C@H](C3=C(N2)CCCC3=O)c4ccc(cc4Cl)Cl
decoy,C20644313,CC(C)(C)c1ccc(cc1)CSc2nc3cc(ccc3c(=O)n2Cc4ccco4)C(=O)NC[C@H]5CCCO5
decoy,C10321722,C[C@H](C(=O)Nc1ccc(cc1)c2cn3ccccc3n2)NC(=O)c4cc(c(c(c4)OC)OC)OC
decoy,C15905857,CCCCCC[NH+](CCCCCC)CC(=O)[C@H](C#N)c1nc(cs1)c2ccc(cc2)Br
decoy,C44924228,c1ccc(cc1)C[C@H](c2ccccc2)C(=O)N3CCN(CC3)c4ccc5c(c4)[nH]c(=O)[nH]5
decoy,C09137960,Cc1ccccc1OCC(=O)NC[C@H](c2ccc3c(c2)CCCN3C)[NH+]4CCCCC4
decoy,C59516497,COc1ccc(c(c1)/C=N/c2cc(ccc2Oc3ccc(c(c3)Cl)Cl)C(F)(F)F)O
decoy,C52788582,CC(C)(C)c1cc(nc(n1)CS(=O)(=O)C)Cl
decoy,C63686640,CCN1[C@@H](NN[C@@H]1SCc2cc(=O)c3cccc(c3[nH]2)F)COc4ccc(c(c4)C)Cl
decoy,C66201673,CC[C@@H](C)OC(=O)C[C@@H]1C(=O)NCCN1C(=S)NC(=O)C(C)(C)CCCOc2cc(ccc2C)C
decoy,C19791535,C[C@H]1CCCC[NH+]1Cc2c(ccc3c2oc(c(c3=O)c4ccccc4)C(F)(F)F)O
decoy,C11488048,Cc1ccc(cc1)S(=O)(=O)N[C@@H](C(C)C)C(=O)OCC(=O)N2CCc3ccccc3C2
decoy,C57288303,C[C@@H](C(=O)NC[C@H](c1cccs1)[NH+]2CCCC2)NC(=O)N
decoy,C50227382,CS(=O)(=O)c1ccc2c(c1)[nH]c(n2)c3ccc(c(c3)O)N
decoy,C34792482,CC(C)(C)c1ccc(cc1)[C@H]2C3=C(CN(C3=O)CC(=O)NCC[NH+]4CCCCC4)N(C(=O)N2)C
decoy,C66410270,c1cc(c(cc1Br)F)[N-]S(=O)(=O)c2ccc(s2)[N+](=O)[O-]
decoy,C40019654,CCCC[NH+](CCCC)CCCN1[C@H](C(=C(C1=O)[O-])C(=O)c2ccc3c(c2)OCCO3)c4ccc(cc4)CC
decoy,C08961279,CCCc1ccc(cc1)S(=O)(=O)Nc2ccc3c(c2)C(=O)Nc4cc(ccc4O3)C
decoy,C22937069,c1c2c(n3c(n1)c(cn3)C(=O)NCCCN4CC[NH+](CC4)C5CCCCC5)CCCCCC2
decoy,C63743874,c1cc(ccc1[C@@H]2C=c3cc(ccc3=[NH+]2)Cl)NC(=O)Nc4ccc5c(c4)OCO5
decoy,C40270221,Cc1ccc(cc1F)[C@H](c2ccc3c(c2)[nH]c(=O)[nH]3)Cl
decoy,C39559739,CC[C@H](C)[C@H]([C@@](C)(/C=C/C1=CC2=C(C(=O)[C@@]([C@@H](C2=CO1)O)(C)O)O)O)O
decoy,C00678549,CC[C@@H](C)Sc1nc2c(n1C[C@@H](COc3ccc(cc3)Cl)O)c(=O)[nH]c(=O)n2C
decoy,C35057168,C[C@@H](C(=O)[O-])O[C@H]1[C@@H]([C@@H](O[C@@H]2[C@@H]1O[C@@H](OC2)c3ccccc3)Oc4ccc5ccccc5c4)NC(=O)C
decoy,C12980820,C[C@@H]1CCc2c(sc3c2c(=O)[nH]c(n3)[C@H](C)[NH+]4CCC(CC4)C(=O)Nc5ccccc5O)C1
decoy,C27017117,CCOc1ccccc1NC(=O)C[C@@H]2C(=O)Nc3ccccc3N2C(=O)c4ccc(cc4)Br
decoy,C08590000,Cc1cccc(c1)NS(=O)(=O)c2ccc3c(c2)[C@@H]4C=CC[C@@H]4[C@@H](N3)c5ccc(cc5)C(=O)OC
decoy,C40000332,CCSc1nnc(s1)N2[C@@H](C(=C(C2=O)[O-])C(=O)c3ccc4c(c3)C[C@@H](O4)C)c5ccc(cc5)C
decoy,C12721033,CCOC(=O)C1=C(NC(=O)N[C@@H]1c2cccs2)COC(=O)COc3cccc4c3OC(C4)(C)C
decoy,C17306002,CCc1ccc2c(cc(=O)oc2c1)CN(C)[C@@H](C)c3ccc(cc3)n4cncn4
decoy,C64702779,CCc1ccc(cc1)C2=C[C@H]3C(=O)N=N[C@@H](N3N2)SCC(=O)Nc4ccc(cc4)Cl
decoy,C67446755,c1cc(cc(c1)O)[C@H]2c3c([nH]cn3)CC[NH+]2Cc4cc(cs4)C#CCO
decoy,C13065484,Cc1ccc(cc1)C[NH+](Cc2cc3cccc(c3[nH]c2=O)C)Cc4nnnn4Cc5ccc(cc5)F
decoy,C09049521,c1ccn(c1)c2nc3ccc(cc3s2)C(=O)NCCc4ccc(cc4)S(=O)(=O)N
decoy,C35313475,Cc1cc(c2c(c1)cc(c(=O)[nH]2)[C@@H]3c4cc(c(cc4CCN3C(=O)c5ccco5)OC)OC)C
decoy,C39637462,C[C@H]1CCC[C@@H]([C@@H]1C)NC(=O)[C@@H]2CN(CC23CC[NH2+]CC3)C(=O)c4csc5c4cccc5
decoy,C65249282,Cc1ccc(cc1)CNC(=O)N2CC[C@@]3(C2)c4ccccc4N(C3=O)C
decoy,C11267531,CC1CCC2(CC1)C(=O)N(C(=O)N2)NC(=O)CN3C(=O)[C@](NC3=O)(C)c4cccc5c4cccc5
decoy,C38902726,Cc1cc(cc2c1nc(s2)N(CCn3c(cc(n3)C)C)C(=O)c4ccc(s4)Br)Cl
decoy,C39676985,Cc1ccc(c(c1)CCNC(=O)[C@H]2CN(CC23CC[NH2+]CC3)C(=O)C4CCN(CC4)C(=O)C)C
decoy,C06244817,Cc1ccc(c2c1cc(c(=O)[nH]2)[C@@H](c3nnnn3C[C@@H]4CCCO4)[NH+]5CCN(CC5)c6ccc(cc6)F)C
decoy,C67382381,C[C@H](c1ccc2ccccc2c1)NC(=O)NCc3cccc(c3)C(=O)NC(C)C
decoy,C66055304,CCOC(=O)C(C)(c1ccc(c(c1)[N+](=O)[O-])C(F)(F)F)C(=O)OCC
decoy,C63315535,CC(C)[C@H](C(=O)NCc1ccco1)NC(=O)N2CCN(CC2)C(=O)[C@@H]3C=c4ccccc4=[NH+]3
decoy,C35747247,Cc1ccccc1c2csc3c2c(=O)[nH]c(n3)C[NH+](CCCOC)C[C@@H](COc4ccc(cc4)Cl)O
decoy,C03319290,CC(C)CSc1nnc(n1c2ccccc2Cl)Cn3cnc4c3cccc4
decoy,C00679488,c1ccc(cc1)C2=C([C@@H](NC(=S)N2)c3cc(c(c(c3)Br)O)Cl)C(=O)c4ccccc4
decoy,C22751295,CC(C)c1nc(on1)CSc2nnc(n2C3CC3)c4c[nH]c5c4cccc5
decoy,C33266852,Cc1ccc(cc1)CNC(=O)N2Cc3c(nn(c3-n4cccc4[C@@H]2c5ccc(cc5)N(C)C)c6ccccc6)C
decoy,C02063181,CC1=C([C@@H](C2=C(N1)C[C@H](CC2=O)c3ccc(cc3)Cl)c4ccc(cc4)OC(=O)C)C(=O)OCCOC
decoy,C06442556,Cc1ccc2cc(c(=O)[nH]c2c1C)[C@H](c3nnnn3Cc4ccc(cc4)F)[NH+]5CCC[C@@H](C5)C
decoy,C63541087,CC(C)c1ccc(cc1)C2=N[C@@H]3C(=CNN3C(=C2)C(F)(F)F)C(=O)NCCC4=c5ccccc5=[NH+]C4
decoy,C08413599,Cc1ccc(nc1)NC(=O)C2=C(NC3=C([C@@H]2c4cccc(c4)Oc5ccccc5)C(=O)CCC3)C
decoy,C13318065,CCc1cc(sc1C)C(=O)NNC(=O)COc2ccc(cc2C(=O)[O-])S(=O)(=O)N3CCCC3
decoy,C46311026,CC[C@H](CNC(=O)NNC(=O)N)[NH+]1CCc2ccccc2C1
decoy,C09468608,c1ccc(cc1)c2ccc(cc2)NC(=O)CNc3ccccc3C(=O)NC[C@H]4CCCO4
decoy,C32593966,Cc1ccc(cc1)[C@@H](CNC(=O)c2cc(on2)c3ccc4c(c3)OCCO4)[NH+]5CCCC5
decoy,C06134078,CCOc1ccc2c(c1)cc(c(=O)[nH]2)[C@H](c3nnnn3C4CCCC4)[NH+]5CCN(CC5)c6ccccc6
decoy,C13389362,Cc1ccc(c2c1[C@H]3C=CC[C@H]3[C@H](N2)c4ccc(cc4)[N+](=O)[O-])OC
decoy,C12186383,CC(C)(C)c1c2cc(c(=O)[nH]c2n(n1)c3ccccc3)C[NH2+]C[C@@H]4COCCO4
decoy,C09472974,c1ccc2c(c1)c(=O)n(c(n2)SCC(=O)NCCC3=CCCCC3)CCCC(=O)NCc4ccco4
decoy,C40008161,CCCC[NH+](CCCC)CCCN1[C@@H](c2c(=O)c3cc(ccc3oc2C1=O)C)c4ccc(cc4)C(C)(C)C
decoy,C48414296,c1ccn2cc(nc2c1)CCNC(=O)NCC3(CCCC3)[NH+]4CCSCC4
decoy,C34944388,c1ccc(cc1)C[NH+]2CCC3(CC2)[C@H]4CN(CC=C4C(=C(C3(C#N)C#N)N)C#N)Cc5ccccc5
decoy,C30223874,CC[C@@H]1c2ccsc2CC[NH+]1CC(=O)N3c4ccc(cc4C[C@@H]3C)S(=O)(=O)N
decoy,C42010836,C[C@@](c1ccc(cc1)F)(C(=O)[O-])Sc2[nH]c(=O)cc(n2)N
decoy,C49508693,CN1CCCc2c1ccc(c2)[C@@H](CNC(=O)C(=O)Nc3cc4c5c(c3)CCN5C(=O)CC4)[NH+]6CCCCC6
decoy,C49605872,C[C@@H](c1ccc(cc1)S(=O)(=O)N)[NH2+]CC(=O)N(Cc2ccco2)[C@H]3CCS(=O)(=O)C3
decoy,C09256406,CC[NH+](CC)Cc1nc(c2c(c(sc2n1)C)C)N3CCC(CC3)NS(=O)(=O)c4cccs4
decoy,C64218782,COc1cccc(c1OC)[C@H](CNC(=O)c2ccc(cc2)CS(=O)(=O)C)C3=c4ccccc4=[NH+]C3
decoy,C08900396,CC[NH+](CC)c1ccc(c(c1)C)n2nc3cc(c(cc3n2)NC(=O)c4ccc(c(c4)[N+](=O)[O-])Cl)C
decoy,C02720986,CC1(CC2=C([C@@H](NC(=S)N2)C3CCCCC3)C(=O)C1)C
decoy,C04872891,CC[C@H](C)[n+]1c(c(cc2c1nc3ccccn3c2=O)C(=O)NC)N
decoy,C06240158,c1cc([nH]c1)/C=N/c2ccc(cc2)NC(=O)c3ccco3
decoy,C04171438,Cc1ccccc1NC(=O)C2=C(NC(=O)N[C@H]2c3ccc(cc3)C(C)C)C
decoy,C34990997,Cc1c(sc(n1)N2[C@H](c3c(=O)c4ccccc4oc3C2=O)c5ccc(cc5)I)C
decoy,C24807736,Cc1c(c(=O)n(n1C)c2ccccc2)NC(=O)[C@@H](C)[NH2+][C@@H](C)c3ccc(cc3Cl)Cl
decoy,C64600493,COc1ccc2=[NH+]CC(=c2c1)CCNC(=O)C(=O)Nc3ccccc3C(=O)N4CCCCC4
decoy,C06442587,Cc1ccc2cc(c(=O)[nH]c2c1C)[C@H](c3nnnn3Cc4ccccc4)[NH+]5CCC(CC5)C
decoy,C47128961,C[C@@H]1c2ccsc2CCN1C(=O)N[C@@H](C)c3ccc(cc3)NC(=O)NC4CC4
decoy,C00931432,Cc1c(cn(n1)C)[C@H](C(=O)NC2CCCCC2)N(c3cccc4c3cccc4)C(=O)[C@H]5COc6ccccc6O5
decoy,C06465594,Cc1nnc(s1)S[C@@H](C)c2[nH]c(=O)c3c4c(sc3n2)C[C@H](CC4)C
decoy,C39527842,CC(C)S(=O)(=O)N1[C@H](CCC[C@@]12CCC[C@@H](C2)c3ccccc3O)F
decoy,C09835598,c1cnc(cn1)C(=O)Nc2nc(cs2)C34CC5CC(C3)CC(C5)C4
decoy,C36049392,Cc1ccc(cc1C)n2cc(nc2NC(=O)CN(Cc3ccco3)C(=O)Cc4ccccc4)c5ccccc5
decoy,C36050691,Cc1ccccc1[C@H]2C(=C(N=C3N2C(=CS3)/C=C(/NC[C@H]4CCCO4)\[O-])C)C(=O)OC
decoy,C53517393,CC(C)Cc1ccc(cc1)[C@H](c2cccs2)NCC(=O)Nc3ccc4c(c3)[nH]c(=O)[nH]4
decoy,C13941007,CCN\1C(=O)/C(=C\c2ccccc2O)/S/C1=N\c3ccc(cc3)C
decoy,C22068942,CCCNc1nnc(s1)SCC(=O)N2CCN(CC2)S(=O)(=O)c3ccc4c(c3)OCCO4
decoy,C22909236,Cc1ccccc1NC(=O)CNc2ccc(cc2)S(=O)(=O)N3C[C@@H](O[C@H](C3)C)C
decoy,C41170002,C[C@]1(CC[C@H](C1(C)C)C(=O)Nc2ccccc2/N=C/c3ccccc3)C(=O)[O-]
decoy,C22184837,COc1cccc(c1OC)[C@H]2C3=C(Nc4ccccc4N=C3NC(=O)N2)c5ccccc5
decoy,C67410210,CC[C@@H](c1[nH]c2ccccc2n1)NC(=O)NC[C@@H]3CCC=CC3
decoy,C06546244,CCOC(=O)CN([C@@H](c1ccc(o1)C)C(=O)NC2CCCC2)C(=O)Cn3nc(nn3)c4ccc(cc4)Cl
decoy,C39687190,C[C@@H](Cc1ccccc1F)NC(=O)[C@@H]2CN(CC23CC[NH2+]CC3)C(=O)c4ccc5ccccc5n4
decoy,C23040474,C[C@H]1C(=O)N(c2ccccc2O1)CC(=O)N[C@@H](C)C3CC3
decoy,C24295218,CCC(C)(C)C1CCC2(CC1)C(=O)N(C(=O)N2)CC(=O)NNC(=O)[C@@H](C)Oc3ccc(cc3)F
decoy,C08828697,CCc1cc2c(=O)c(c(oc2c(c1O)C[NH+]3CCCCC3)C)c4cnn(c4)c5ccccc5
decoy,C14718757,CC[C@@H](C)C(=O)c1c(c(c(c2c1oc(=O)cc2[C@H](CC)OC(=O)C)O)C/C=C(\C)/CCC=C(C)C)O
decoy,C00695772,c1c(oc(c1)C(=O)N/N=C/C2CCCCC2)C(=O)N/N=C/C3CCCCC3
decoy,C12636144,CCOc1ccc(cc1)S(=O)(=O)NN/C=C\2/c3ccccc3C(=O)N(C2=O)Cc4ccc(cc4)OC
decoy,C64735082,CCOc1ccc(cc1OC)[C@H](CNC(=O)[C@H]2Cc3ccccc3O2)C4=c5ccccc5=[NH+]C4
decoy,C13064952,CC[C@H](c1nnnn1Cc2ccc(cc2)F)[NH+](Cc3cc4c(cc(cc4[nH]c3=O)C)C)C5CCCCC5
decoy,C32623114,COc1ccc(c(c1)[C@@H](CNC(=O)c2cc(on2)c3ccc4c(c3)OCCO4)[NH+]5CCCCC5)OC
decoy,C36050964,CCOC(=O)C1=C(N=C2N([C@@H]1c3cc(cc(c3)OC)OC)C(=CS2)/C=C(/NC[C@H]4CCCO4)\[O-])C
decoy,C08791347,Cc1cccc2c1NC(=O)[C@@]23[C@H]4[C@@H]([C@@H]([NH2+]3)Cc5c[nH]c6c5cccc6)C(=O)N(C4=O)CCCOC
decoy,C06134081,CCOc1ccc2c(c1)cc(c(=O)[nH]2)[C@H](c3nnnn3C4CCCC4)[NH+]5CCN(CC5)c6ccccc6F
decoy,C05821192,CCCCN(CCCC)P(=S)(N(CCCC)CCCC)N(CCCC)CCCC
decoy,C39687603,CC[C@H](C)C(=O)N1C[C@@H](C2(C1)CC[NH2+]CC2)C(=O)NC3CCN(CC3)c4c(ccc[nH+]4)C
decoy,C39686643,C[C@H](Cc1ccccc1OC)NC(=O)[C@@H]2CN(CC23CC[NH2+]CC3)C(=O)c4ccc(c(c4)C(F)(F)F)OC
decoy,C02368123,c1ccc2c(c1)nc3c(c(n(c3n2)Cc4ccco4)N)S(=O)(=O)c5ccc(cc5)Cl
decoy,C48521135,Cc1c(cnn1C)[C@H](C)NC(=O)Nc2ccc(cc2)SC(F)(F)F
decoy,C63172472,COc1ccc2=[NH+][C@@H]3[C@@H](NCCC3=c2c1)c4ccc(c(c4)COc5ccccc5F)OC
decoy,C38903677,Cc1ccc(cc1)CSCCCNC(=O)[C@H]2CCC[NH+](C2)Cc3nc(no3)c4ccc(cc4)C(C)(C)C
decoy,C17701020,Cc1ccc(o1)[C@@H](C/[NH+]=C/c2c3ccccc3ccc2O)N4CCOCC4
decoy,C04691337,Cc1cccc(c1)c2nnc(n2/N=C/c3cc(c(c(c3)C)O)C)S
decoy,C34923229,CCC1=C([C@H](N2C(=CSC2=N1)/C=C(/NCCCN3CCCC3=O)\[O-])c4cccc(c4)OC)C(=O)OC
decoy,C64219041,CC(=O)N[C@H](CC1=c2ccccc2=[NH+]C1)C(=O)Nc3cccc(c3)S(=O)(=O)N4CCCCC4
decoy,C39694537,c1cc(c(c(c1)Cl)Cl)C(=O)N2C[C@H](C3(C2)CC[NH2+]CC3)C(=O)NCCn4cccn4
decoy,C15606069,COCCCN(c1c(n(c(=O)[nH]c1=O)Cc2ccccc2)N)C(=O)[C@@H]3Cc4cc(ccc4OC3)Cl
decoy,C10748450,CC[C@@H](C)c1ccccc1NC(=O)[C@@H](C)OC(=O)CN2C(=O)[C@@]3(CCCC[C@@H]3C)NC2=O
decoy,C38570422,Cc1c(oc2c1cc3c(c2)OC(=O)[C@@H]([C@@H]3C)CC(=O)NCCc4c[nH]c5c4cccc5)C
decoy,C49281927,CCC(C)(C)NC(=O)CN1c2ccc(cc2CC1=O)N
decoy,C18129725,c1cc2c(cc1/C=N/NC(=[NH2+])S[C@H]3CC(=O)N(C3=O)c4cc(ccc4Cl)Cl)OCO2
decoy,C59117955,CN(CCCC(=O)NCc1ccc([nH+]c1)N2CCCCCC2)S(=O)(=O)c3ccc(cc3)F
decoy,C36245730,CCC(C)(C)C1CCC2(CC1)C(=O)N(C(=O)N2)CC(=O)Nc3ccc4c(c3)CCC4
decoy,C44865383,CCC[C@H](/C(=N/O)/N)C(=O)N1CCCCCCC1
decoy,C13494299,Cc1cccc2c1[nH]c(=O)c(c2)C[NH+](Cc3nnnn3CCc4ccccc4)C5CCCCC5
decoy,C66119107,C[C@@H](c1ccccc1Cl)NC(=O)N2CCC[C@@H](C2)CCC(=O)N
decoy,C60350331,C1CCc2c(c(c(n2C[C@H]3CCCO3)NC(=O)CN4C(=O)C(NC4=O)(C5CC5)C6CC6)C#N)C1
decoy,C56077709,Cc1c2ccccc2oc1[C@H](C)NC(=O)[C@H](C)NC(=O)N
decoy,C08924210,C[C@H](C(=O)Nc1c(c2c(s1)CCC2)C(=O)N)[NH+]3CCC[C@@H]3c4ccc5c(c4)OCCO5
decoy,C15548600,c1cc(sc1)[C@H]2c3ccsc3CC[NH+]2CC(=O)Nc4c(cc(cc4Cl)Cl)Cl
decoy,C59038452,CCNC(=O)c1ccc(c(c1)NC(=O)N[C@H](C)c2cc3ccccc3o2)C
decoy,C35665070,CCCNC(=O)N1CCC2(CC1)[NH2+][C@H](C(=O)N2Cc3ccc4c(c3)OCO4)Cc5ccccc5
decoy,C12054764,CCC[C@@]1(C(=O)N(C(=O)N1)CC[C@@H]2CCC[NH+]2C)C3CCN(CC3)C(=O)c4cc(sc4)C(=O)C
decoy,C12850974,c1cc(oc1)[C@@H]2C[C@H](n3c(cc(n3)C(=O)N4CCN(CC4)c5ccc(cc5)F)N2)C(F)(F)F
decoy,C39696863,CN1CCO[C@H](C1)CNC(=O)[C@@H]2CN(CC23CC[NH2+]CC3)C(=O)c4ccc(o4)c5ccc(cc5)F
decoy,C27583204,Cc1cc(c2c(c(oc2c1)C(=O)NC[C@H](c3ccc(cc3)OC)[NH+]4CCCCCC4)C)C
decoy,C63679315,CC(C)(C)OC(=O)NNC(=O)c1csc(n1)c2ccccc2F
decoy,C57997811,COc1ccc(cc1C(=O)NCCc2ccc3c(c2)OCO3)S(=O)(=O)N
decoy,C59112817,CCCCc1ccc(cc1)NC(=S)NCC(C)(C)CNC(=S)Nc2ccc(cc2)CCCC
decoy,C09469741,CC[NH+](CC)Cc1ccc(cc1)CNC(=O)NCCNc2ccc(cc2[N+](=O)[O-])S(=O)(=O)C
decoy,C35894863,c1cc(sc1)CCNC(=O)[C@@H]2Cc3cc(ccc3N4[C@@H]2C[NH+](CC4)C5CCCC5)[N+](=O)[O-]
decoy,C63472728,c1ccc2=[NH+]CC(=c2c1)C[C@H]3[C@@H]4[C@@H](C(=O)N(C4=O)C5CCCCC5)[C@]6(N3)c7cc(ccc7NC6=O)F
decoy,C39982705,C[C@H](C(=O)N1c2ccccc2NC(=O)C1(C)C)S[C@H]3NN=C(O3)C4=c5ccccc5=[NH+]C4
decoy,C37309223,c1cc(c(cc1S(=O)(=O)N)C(=O)[O-])NC2CCCCC2
decoy,C24715494,Cc1nc(cs1)c2ccc(s2)CCNC(=O)[C@@H]3[C@@H](C3(C)C)C=C(C)C
decoy,C06442396,Cc1ccc2cc(c(=O)[nH]c2c1C)[C@@H](c3nnnn3Cc4ccccc4)[NH+](C)C5CCCCC5
decoy,C39367236,CC1=C2[C@H](C3=C(CC(CC3=O)(C)C)N[C@@H]2N=N1)c4ccc(cc4)N(C)C
decoy,C04926237,CC(C)(C)n1c(nnn1)[C@@H](c2ccccn2)[NH+](Cc3ccccc3)Cc4cccs4
decoy,C36788201,c1csc(c1C(=O)N)NC(=O)CSc2nnc(n2N)C(F)(F)F
decoy,C36206498,Cc1ccc(c(c1)c2csc3c2c(=O)[nH]c(n3)C[NH+](CCOC)C[C@H](COC(C)C)O)C
decoy,C40137527,Cc1ccc(cc1)OCCN2c3ccccc3/C(=N/NC(=O)c4cc(c(c(c4)OC)OC)OC)/C2=O
decoy,C39665703,Cc1ccc(c(c1F)C(=O)N2C[C@H](C3(C2)CC[NH2+]CC3)C(=O)NC[C@H](C)Oc4ccc(cc4)OC)Cl
decoy,C66925113,Cc1cc2c(o1)CC(C[C@@H]2NC(=O)NNC(=O)Cc3ccccc3F)(C)C
decoy,C13327999,CCc1c(c(on1)C)C(=O)Nc2c(c(c(s2)C)c3ccc(cc3)F)C(=O)N
decoy,C03285052,c1ccc(c(c1)[N+](=O)[O-])S(=O)(=O)N2CC[NH+](CC2)CC(=O)Nc3c(c4c(s3)CCC4)C(=O)N
decoy,C44728479,Cc1cccc2c1[nH]cc2CCNC(=O)[C@@H]3CN(CC34CC[NH2+]CC4)C(=O)c5c(noc5c6cc(on6)C)C
decoy,C14889099,COc1ccccc1CCNC(=O)[C@@H]2CC23CC[NH+](CC3)Cc4cc5ccccc5o4
decoy,C13498759,CC(C)[C@H](c1nnnn1Cc2ccco2)N(Cc3cccnc3)Cc4cc5ccc(cc5[nH]c4=O)OC
decoy,C00710728,COc1ccccc1/C=N/NC(=O)c2c(n(nn2)c3c(non3)N)C[NH+]4CCc5ccccc5C4
decoy,C46025270,CC(C)(C)[C@@H]1CCCC[C@H]1NC(=O)NNC(=S)NC2CCCC2
decoy,C34750022,CC(=C)CSc1nc(c2c3c(sc2n1)COC(C3)(C)C)N4CC[NH+](CC4)CCCc5ccccc5
decoy,C21517811,Cc1cc(nc(n1)SCC(=O)Nc2ccc(cc2N)F)[O-]
decoy,C17299991,Cc1ccc(cc1)n2c(cc(c2C)/C=C/3\C(=O)NC(=O)N(C3=O)C4CCCCC4)C
decoy,C09430597,C[C@H]1Cc2cc(ccc2N1C(=O)C)S(=O)(=O)NCC3CCC(CC3)C(=O)N4CCc5c4cccc5
decoy,C38710753,CC(C)CN1c2cc(ccc2OCC(C1=O)(C)C)NS(=O)(=O)c3ccc(cc3)OC(F)(F)F
decoy,C09876204,Cc1ccc(c(c1)C)NC(=O)NC(=O)CSc2nnc(n2c3ccccc3)C[NH+]4CCCCC4
decoy,C44944195,c1ccc(cc1)CO[C@H]2CCCC[C@@H]2NC(=O)[C@@H]3CC=CC[C@H]3C(=O)N4CCN(CC4)c5cccc[nH+]5
decoy,C35448879,Cc1c(c(=O)n2c(n1C)cc(n2)c3ccc(cc3)OC)CCC(=O)NCc4ccc(cc4)SC
decoy,C35398195,Cc1ccc(cc1)c2ccc(nn2)N3CCC[C@H](C3)C(=O)NCc4ccc(cc4)C(C)C
decoy,C16267260,Cc1cc(c(c(c1)C)NC(=O)NC[C@H]2C[C@H](C2(C)C)CNC(=O)Nc3c(cc(cc3C)C)C)C
decoy,C63119347,CCCc1cc2cc(ccc2nc1NN)S(=O)(=O)C
decoy,C17176181,CC1=CC[C@@]23CC[C@@H]([C@@]2(CC1)OC(=O)C)[C@@](OC3=O)(C)/C=C\C=C(\C)/C(=O)[O-]
decoy,C39675353,C[C@H](CCc1ccc(cc1)OC)NC(=O)[C@H]2CN(CC23CC[NH2+]CC3)C(=O)COc4cccc(c4)Cl
decoy,C53631893,C[C@@H]1C=C2[C@H]([C@@H](C(=C(O2)N)C#N)c3cc(c(c(c3)Br)OC)OC)C(=O)N1CCc4c[nH]c[nH+]4
decoy,C35378826,Cc1ccc(c(c1)C)NC(=O)[C@@H]2CCCN(C2)S(=O)(=O)c3cc4c(cc3C)NC(=O)CO4
decoy,C00649197,CC1=C([C@H](C2=C(N1)C[C@H](CC2=O)c3ccc(c(c3)OC)OC)c4cc(c(c(c4)Br)OC)OC)C(=O)OC
decoy,C22063386,c1ccc2c(c1)C[C@H]([NH+](C2)CC(=O)Nc3cc4c(cc3Br)OCCO4)C(=O)N
decoy,C62495252,Cc1ccc(c(c1)C[C@@H]2C(=O)Nc3cc(ccc3O2)N)OC
decoy,C14932715,CN(Cc1[nH]c(=O)c2ccccc2n1)C(=O)c3cn(nc3c4ccc(cc4)Cl)c5ccccc5
decoy,C09863379,CC[C@@]1(C(=O)N(C(=O)N1)CC(=O)N2CCC[C@H]2c3ccc4c(c3)OCCCO4)c5ccccc5
decoy,C16936195,Cc1ccc(c(c1)O)/N=C\2/N(C(=O)/C(=C/c3cccc(c3)OCCC(=O)[O-])/S2)C
decoy,C02838024,Cn1c(nnc1SCC(=O)Nc2c(c3c(s2)CCCC3)C#N)CNC(=O)c4cccc(c4)[N+](=O)[O-]
decoy,C22972879,Cc1c(sc(n1)NC(=O)CCCN(C)S(=O)(=O)c2cccs2)c3nnc(n3CC=C)[S-]
decoy,C59208341,C[C@@H](c1nnc2n1cccc2)[NH2+]Cc3ccc(c(c3)Br)O
decoy,C65181452,CN(CCC1=NO[C@@H](N1)[C@H]2C=c3ccccc3=[NH+]2)C(=O)c4ccsc4
decoy,C40043670,CCc1ccc2c(c1)c(=O)c3c(o2)C(=O)N([C@H]3c4ccc(cc4)[N+](=O)[O-])CCc5ccc(c(c5)OC)OC
decoy,C20682299,CC[C@H](C)Oc1ccc2c(c1)[C@H]3C=CC[C@H]3[C@H](N2)c4ccc(cc4O)O
decoy,C09042811,CCc1cccc2c1NC(=O)[C@]23[C@@]4(c5ccccc5NC4=O)[C@@H]([C@@H]6[NH+]3CCC6)C(=O)c7ccccc7
decoy,C00928798,c1ccc(c(c1)NC(=O)CSc2nnc(n2Cc3ccco3)c4ccc(cc4)O)N5CCOCC5
decoy,C44353564,Cc1c(cc(cc1Cl)S(=O)(=O)N(C)[C@@H](C)C(C)(C)C)N
decoy,C63472726,c1ccc2=[NH+]CC(=c2c1)C[C@@H]3[C@@H]4[C@@H](C(=O)N(C4=O)C5CCCCC5)[C@]6(N3)c7cc(ccc7NC6=O)F
decoy,C45864179,C[C@H]1Cc2ccccc2N1C(=O)c3ccc(s3)NC(=O)c4ccco4
decoy,C36249814,C=CCOC[C@@H](C[NH+](Cc1ccc(cc1)F)Cc2c(noc2N3CCOCC3)c4ccccc4)O
decoy,C11004399,Cc1ccc(cc1)n2c(=O)c3c4c(sc3nc2S[C@H](C)C(=O)Nc5cc(no5)C)CCC4
decoy,C38966447,CCCCc1ccc(cc1)N[C@H]2/C(=N/S(=O)(=O)c3cccc4c3nsn4)/[NH+]=c5ccccc5=[NH+]2
decoy,C06667041,CCn\1c(c(s/c1=N\S(=O)(=O)c2ccc(cc2)C)C=O)Cl
decoy,C39676584,CCCC[C@@H](C)C(=O)N1C[C@@H](C2(C1)CC[NH2+]CC2)C(=O)NC(c3ccc(cc3)OC)c4ccc(cc4)OC
decoy,C27902294,C[C@@H](C(=O)Nc1ccccc1Sc2ccc(cc2)Cl)N3CC[NH+](CC3)CC(=O)NCC=C
decoy,C39637017,CCCCCCC(=O)N1C[C@@H](C2(C1)CC[NH2+]CC2)C(=O)NCc3cc(c(c(c3)OC)OC)OC
decoy,C13496066,Cc1ccc(cc1)[C@@H](C(=O)NCc2ccc3c(c2)OCO3)N(C4CCCC4)C(=O)c5ccc6c(c5)OCCO6
decoy,C09135565,CN1CCCc2c1ccc(c2)[C@@H](CNC(=O)C(=O)NCc3ccc4c(c3)OCO4)[NH+]5CCCC5
decoy,C04180755,c1ccc(cc1)NC(=S)N/N=C/2\CCCc3c2[nH]c4c3cc(cc4)C5CCCCC5
decoy,C30577712,Cc1ccc(cc1S(=O)(=O)N2CC[NH+](CC2)CC(=O)NC(=O)NCCC3=CCCCC3)[N+](=O)[O-]
decoy,C45912503,CCOC(=O)N[C@@H](CC(C)C)CNC(=O)C1CCN(CC1)C(=O)N(C)C
decoy,C22242727,C=CCNC(=O)C[NH+]1CCN(CC1)CC(=O)N2c3ccccc3NC(=O)C[C@H]2C(F)(F)F
decoy,C38903029,Cc1ccc(c(c1)[C@H](C)NC(=O)[C@H]2CCC[NH+](C2)Cc3nc(no3)c4ccc(cc4)C(C)(C)C)C
decoy,C36552922,CCCCNC(=O)[C@H](c1cc(ccc1Cl)[N+](=O)[O-])N(c2cccc(c2)Cl)C(=O)[C@@H]3CCC(=O)N3
decoy,C08909085,CCOc1ccccc1NC(=O)CSc2nnc(s2)NC(=O)[C@H]3CC(=O)N(C3)c4ccc(c(c4)C)C
decoy,C19300994,C[NH+](C)CCN(C)C(=O)[C@@H]1CCCN(C1)c2c3c(nc(n2)c4ccccc4)CCC3
decoy,C54197075,CC[C@H](C)[C@H](C(=O)NCCc1ccccc1C(F)(F)F)NC(=O)N
decoy,C04954770,C[C@@H]1CCCC[C@@]12C(=O)N(C(=O)N2)Cc3cc4c(cc3Br)OCO4
decoy,C62516477,CC(C)(C)c1nc(c2n1cccc2)C(=O)N3CCC[C@H](C3)CO
decoy,C28297159,CC1([C@H]2CC[C@@]1(/C(=C/OC[C@H](CN3CCN(CC3)C[C@H](CO/N=C/4\C[C@@H]5CC[C@]4(C5(C)C)C)O)O)/C2)C)C
decoy,C06409809,Cc1ccc2cc(c(=O)[nH]c2c1)[C@@H](c3nnnn3C4CCCC4)[NH+](CCc5ccccc5)Cc6cccs6
decoy,C09591044,Cc1csc(n1)[C@H](C#N)C(=O)COC(=O)/C=C/c2c(nn(c2Cl)[C@@H]3CCS(=O)(=O)C3)C
decoy,C32916315,c1cc(c2c(c1)N(CCC2)Cc3nc(no3)c4ccc(cc4)F)C(=O)N
decoy,C66389522,CC[C@H](C(=O)Nc1cc(on1)C)Nc2ccc(cc2)C(=O)NC3CCCCC3
decoy,C38890415,CCCN1[C@H]2CCCC[C@H]2C(=C(C1=O)C(=O)Nc3nc(cs3)C)[O-]
decoy,C09060041,Cc1c2cc3c(cc2oc(=O)c1CCC(=O)NCCc4c[nH+]c[nH]4)occ3c5ccc(cc5)Cl
decoy,C06074133,CC(=O)c1ccc(cc1)NC(=O)CSc2nc3c(c4c(s3)CCC4)c(=O)n2CCOC
decoy,C14957858,Cc1c2cc(ccc2[nH]n1)c3cc(cnc3)OC[C@H](Cc4cc5ccccc5nc4)[NH3+]
decoy,C09913727,c1ccc2c(c1)cc3ccccc3c2/C=N/NC(=O)C[C@H]4C(=O)NN=C5N4C=Nc6c5cccc6
decoy,C22681454,CC1CC[NH+](CC1)[C@H](CNC(=O)C[C@H](C)NC(=O)c2ccccc2)c3cccs3
decoy,C39559757,C/C=C/C=C/C=C\C(=O)N[C@H]([C@H](C)[NH3+])C(=O)O[C@@H]([C@@H]1C(=O)NCC(=O)N1)C2=C3C=CC(=C[C@@H]3N=C2)Cl
decoy,C16652759,COCCN(CC(=O)N(Cc1ccc2c(c1)OCO2)Cc3ccco3)C(=O)c4cccc(c4)[N+](=O)[O-]
decoy,C63557520,COC(=O)c1ccc(cc1)NC(=O)[C@@H]2CC(=O)N(C2)CCC3=c4cc(ccc4=[NH+]C3)F
decoy,C62617527,CC(C)Oc1ccc(cc1)S(=O)(=O)N2CCc3cc4c(cc3C2)OCCO4
decoy,C59892332,CC[C@@H](C)c1ccc(cc1)S(=O)(=O)N2CCN(CC2)C(=O)[C@@H](C)NC(=O)C3CCCCC3
decoy,C02646122,C/C(=C/Cc1ccc2c(c1)OCO2)/NNC(=O)c3cc4c5ccccc5n(c4s3)C
decoy,C35547937,CC[NH2+][C@H](c1cc(cc(c1)Cl)Cl)c2c(cc(cc2C)C)C
decoy,C39676765,C[C@H](c1cccc(c1)OC)NC(=O)[C@H]2CN(CC23CC[NH2+]CC3)C(=O)c4ccc(c(c4)C(F)(F)F)OC
decoy,C03297645,c1cc(ccc1CSc2nnc(s2)NC(=O)[C@H]3CC(=O)N(C3)c4ccc5c(c4)OCCO5)F
decoy,C33371017,Cc1c(sc(n1)N2[C@@H](C(=C(C2=O)[O-])C(=O)c3ccncc3)c4cccc(c4)OCC=C)C(=O)OCC=C
decoy,C36217578,Cc1cccc(c1)CN2[C@@H]([C@@H](OC2=O)c3ccc(cc3)NC(=O)CC(C)C)C(=O)NC[C@@H]4CCCO4
decoy,C04065708,CCCOc1ccc(cc1)[C@H]2C(=C(NC(=O)N2)C)C(=O)OC3CCCCCC3
decoy,C23245169,c1ccc(cc1)c2ccc(cc2)S(=O)(=O)N3CC[NH+](CC3)CCn4c(=O)ccc(n4)c5ccc(cc5)F
decoy,C54689922,C[C@H]1CCC[C@@H](C1)SCC(=O)Nc2c(cc(cc2Cl)N)Cl
decoy,C39710275,Cc1ccc2=[NH+]C(=O)[C@H](C=c2c1)[C@H]([C@@H]3N=NNN3C4CCCC4)[NH+](Cc5ccc(cc5)OC)Cc6ccco6
decoy,C38688357,Cc1ccc2c(c1)sc(c2Cl)C(=O)Oc3ccc4c(c3)OC(=C([C@@H]4c5cccs5)C#N)N
decoy,C35528203,C[C@@H]1CCCC[C@@H]1NC(=O)[C@@]2(Cn3c4ccsc4cc3C(=O)N2c5ccc(c(c5)OC)OC)C
decoy,C06282670,COc1ccc2c(c1)cc(c(=O)[nH]2)[C@H](c3nnnn3C4CCCC4)[NH+]5CCC(CC5)Cc6ccccc6
decoy,C39446511,C[C@H]1C(=C2C(=N[C@@H](N(C2=O)c3ccccc3)SCc4[nH]c5ccccc5n4)S1)C
decoy,C01670457,CCCc1cc2c(cc1NC(=O)[C@@H]3[C@@H](C3(C)C)C=C(C)C)OCO2
decoy,C39710354,Cc1ccc2=[NH+]C(=O)[C@@H](C=c2c1)[C@H](c3nnnn3CCOC)[NH+](Cc4ccccc4)Cc5ccc(cc5)F
decoy,C63376028,Cc1ccccc1[C@@H]2[C@H]3C(=c4ccccc4=[NH+]3)C[C@@H]5N2C(=O)N(C5=O)c6ccccc6C(=O)NCC(C)C
decoy,C40813084,Cc1c\2c(oc1C(=O)NC3CC([NH2+]C(C3)(C)C)(C)C)CCC/C2=N\NC(=O)c4cccc(c4)[N+](=O)[O-]
decoy,C35747129,Cc1c2c(=O)[nH]c(nc2sc1C(=O)OC)C[NH+](C[C@@H](COc3ccc(cc3)Cl)O)C4CC4
decoy,C39657731,c1ccc(c(c1)CNC(=O)[C@@H]2CN(CC23CC[NH2+]CC3)C(=O)c4ccccn4)Sc5ccccc5CO
decoy,C24350253,Cc1nc2cc(ccc2n1c3ccccc3)C(=O)NNC(=O)c4ccc(cc4)CSc5nncn5C
decoy,C00646589,Cc1cc(no1)NC(=O)[C@@H](C)Sc2nc(cc(n2)C(F)(F)F)c3ccccc3
decoy,C09135672,Cc1cc(c2ccccc2n1)NC(=O)C(=O)NC[C@@H](c3ccc4c(c3)CCCN4C)[NH+]5CCCC5
decoy,C09135791,Cc1cc(ccc1NC(=O)C(=O)NC[C@@H](c2ccc3c(c2)CCCN3C)[NH+]4CCCC4)[N+](=O)[O-]
decoy,C13065301,CC[C@@H](c1nnnn1CC(=O)OCC)[NH+](Cc2ccc(cc2)C)Cc3cc4c(ccc(c4[nH]c3=O)C)C
decoy,C64626062,CC[C@@H](C)C(=O)N1CCC(CC1)C(=O)Nc2ccc(cc2)[C@H]3C=c4ccccc4=[NH+]3
decoy,C45324681,Cc1cccc(n1)c2c([nH+]c([nH]2)NCc3ccc(cc3)C#N)C4=CC=C5[C@@H](C4)OCO5
decoy,C32944631,CC(C)CCn1c(=O)c2ccc(cc2nc1SCC(=O)c3ccc(cc3)OC)C(=O)NC4CCCCC4
decoy,C64002342,C[C@H]1c2c(ncnc2S[C@@H]1C(=O)N[C@@H]3CCOC(C3)(C)C)NCCC4=c5ccccc5=[NH+]C4
decoy,C36155103,Cc1ccccc1OC[C@H](C[NH2+][C@@H](Cc2ccccc2)c3nc(no3)c4ccc(cc4)[N+](=O)[O-])O
decoy,C64693637,c1cc(ccc1CSc2[nH]c(=O)cc(n2)N)CSC3=NC(=O)CC(=N3)N
decoy,C66084465,CC[C@H](C)NC(=O)c1cccc(c1)NCC(=O)Nc2cccc(c2C)C
decoy,C39985645,Cc1cccc(c1OC[C@H](CSc2nnc(s2)N)O)C
decoy,C23576153,c1cc(oc1)C(=O)Nc2ccc(s2)C(=O)OCC(=O)Nc3ccc4c(c3)OC(O4)(F)F
decoy,C42870174,C[C@H]1CCCC[C@@H]1CNC(=O)N2CCC(CC2)C(=O)[O-]
decoy,C48820255,Cc1cccc2c1NC(=O)[C@@H]2[NH2+]Cc3ccccc3Br
decoy,C53491598,CC(C)c1ccc(cc1)[C@@H](c2cccs2)NC(=O)N3CCC(CC3)C(=O)N
decoy,C20345399,Cc1cc(cc(c1)NC(=S)Nc2ccc(cc2)S(=O)(=O)N3c4ccc(cc4CC[C@H]3C)F)C
decoy,C12588955,c1ccc(c(c1)N2CCN(CC2)CC(=O)NCC3(CCCC3)c4ccc5c(c4)OCCO5)O
decoy,C34721336,c1cc(ccc1C[NH+](Cc2ccc(o2)C(=O)N[C@H]3CCCCNC3=O)C4CCCCC4)Br
decoy,C33069311,Cc1c(c(n(n1)c2ccccc2)N3CCC(CC3)C(=O)NCC[C@@H](C)[NH+]4CCCC4)NC(=O)C
decoy,C33256695,Cc1cc(cc(c1)NC(=O)CSc2nnc3n2c4cc(ccc4c(=O)n3CC(C)C)C(=O)NC(C)C)C
decoy,C59887889,Cc1c(c(n(n1)CCO)C)/C=N/Nc2[nH]nc(n2)SCC(=O)N3CCc4cc(c(cc4C3)OC)OC
decoy,C12971212,CC(C)[C@H](C(=O)N/N=C/c1ccc(cc1)[N+](=O)[O-])Sc2[nH]c(c(n2)c3ccccc3)c4ccccc4
decoy,C09010783,COC(=O)C(=C1Nc2ccccc2N1)C(=O)CSc3nc4ccccc4c(=O)n3Cc5ccco5
decoy,C35782470,Cc1ccc(cc1)Oc2c(c(nn2C)c3ccccc3)C[NH+](Cc4ccco4)C[C@@H](C)O
decoy,C09138386,CN1CCCc2c1ccc(c2)[C@@H](CNC(=O)C(=O)NCc3ccco3)[NH+]4CCCCC4
decoy,C57779997,Cc1ccccc1n2c(nnc2S[C@@H](C)C(=O)NCCc3cccs3)c4cccnc4
decoy,C39687839,CCCC[C@H](C)C(=O)N1C[C@H](C2(C1)CC[NH2+]CC2)C(=O)NC3CCN(CC3)c4c(cccn4)Cl
decoy,C06964839,CCOc1cccc(c1)NC(=O)C2=C(NC(=O)N[C@@H]2c3ccccc3F)C
decoy,C36502056,CC(C)(C)CC(C)(C)NC(=O)[C@@H](c1ccccc1O)N(Cc2ccco2)C(=O)Cc3ccc4c(c3)OCO4
decoy,C50374433,CCn1c(c(c(=O)[nH]c1=O)N[C@H]2CCC[C@@H]2OC)N
decoy,C59438000,Cc1c(s/c(=N\C(=S)NC(=O)c2cc(c(c(c2)Cl)OC)Cl)/[nH]1)C(=O)OC
decoy,C00309745,Cc1ccc(cc1Cl)N2[C@@H](Nc3ccccc3C2=O)c4ccccc4
decoy,C27204622,c1cc(ccc1[C@H]2[C@H](Sc3cc(ccc3O2)O)c4ccc(cc4)O)C5=CC[NH2+]CC5
decoy,C35246267,CCCCN1C(=C([C@H](NC1=O)c2cccc(c2)NC(=O)c3cccc(c3)[N+](=O)[O-])C(=O)OCCOC)C
decoy,C66591767,Cc1c2ccccc2oc1C(=O)NNC(=O)C[C@H](C)NC(=O)C3CCCCC3
decoy,C19425299,CC[C@@H]1CCCC[C@@H]1Oc2ccc(cn2)/C(=N/O)/N
decoy,C20312742,CC(C)(C(=O)N1CC(=O)Nc2c1cccc2)C(=O)N3CC(=O)Nc4c3cccc4
decoy,C63117876,C[C@H](C(=O)N1CC(=O)Nc2c1cccc2)OC(=O)[C@@H](CC3=c4ccccc4=[NH+]C3)NC(=O)C
decoy,C43111668,CCNC(=O)CN1CCN(CC1)C(=O)NCC2(CCCCC2)[NH+]3CCCCC3
decoy,C39697328,c1ccc(cc1)c2ccccc2NC(=O)CSC3=N[C@H]4C(=c5ccccc5=[NH+]4)N=N3
decoy,C10426518,CC(C)CN1[C@H](NC(=O)CC1=O)SCC(=O)Nc2cccc(c2)S(=O)(=O)N3CCCCCC3
decoy,C05041044,C[C@H]1CCCC[C@]12C(=O)N(C(=O)N2)CC(=O)O[C@@H](C)C(=O)Nc3ccc(cc3)Cl
decoy,C40245064,c1cc(oc1)[C@@H](c2ccc3c(c2)OCCCO3)O
decoy,C11424156,CC[C@@H](C)n1c(=O)c2c3c(sc2nc1SCC(=O)NC(=O)c4cccn4C)CCCCC3
decoy,C63254413,c1ccc(cc1)C\2=NN(C(=O)/C2=C\NCCC3=c4ccccc4=[NH+]C3)[C@@H]5Nc6ccccc6S5
decoy,C44235148,CCCCCc1ccc(cc1)C(=O)c2cc3cc(ccc3o2)[C@H](CCO)[NH3+]
decoy,C06194339,Cc1cc(ccc1NC(=S)N[C@@H](C(Cl)(Cl)Cl)NC(=O)OC)[N+](=O)[O-]
decoy,C53200638,Cc1ccccc1c2nc(on2)Cc3ccccc3N
decoy,C63204344,c1ccc2=[NH+]CC(=c2c1)C[C@@H](C(=O)Nc3ccc4c(c3)OCCCO4)NC(=O)c5ccccc5Cl
decoy,C25467050,Cc1cc(c(n1c2ccccc2F)C)C(=O)Nn3cnc4c(c3=O)c(cs4)c5ccccc5
decoy,C09187729,CC/C(=N\[C@@H](Cc1c[nH]c2c1cccc2)C(=O)OC)/C3C(=O)NC(=O)N(C3=O)Cc4ccccc4
decoy,C16576824,Cc1ccc(cc1NC(=O)[C@@H](C)NC(=O)c2ccco2)c3cnc4ccccc4n3
decoy,C00937277,Cc1ccc(cc1)CSc2[nH]c(=O)c3c(n2)NC4=C([C@H]3c5ccc(cc5)C#N)C(=O)CC(C4)(C)C
decoy,C09042839,Cc1ccc(c(c1)C)NC(=O)CSC2=NC(=C([C@@H](C2C#N)c3ccco3)C(=O)Nc4ccccc4C)C
decoy,C64202776,CCCNC(=O)C1CCN(CC1)C(=O)NC[C@@H]([C@H]2CC=CS2)C3=c4ccccc4=[NH+]C3
decoy,C12805179,c1cc(oc1)C(=O)Nc2ccc(s2)C(=O)Nc3nc4c(s3)CCCCC4
decoy,C01332402,c1cc(ccc1C(=O)N2CCN(CC2)c3c4c5c(sc4ncn3)CCCC5)S(=O)(=O)NC[C@@H]6CCCO6
decoy,C19758805,CN1CCc2c(sc3c2c(nc(n3)SC)NN)C1
decoy,C14639203,Cc1cccc(c1O[C@H](C)C(=O)NNC(=O)c2ccc(c(c2)I)OC)C
decoy,C25589169,CCc1c(c(nc(n1)S[C@@H](C)C(=O)N2CCNC2=O)N)c3ccc(cc3)Cl
decoy,C01372088,C[C@H]1CCc2c(sc3c2c(nc(n3)C(C)C)N4CCN(CC4)C(=O)CCCC(=O)N5CC(=O)Nc6c5cccc6)C1
decoy,C39095263,CC[C@@H]1CNC(=S)N1
decoy,C06162580,CC[NH+](CC)CCCN(Cc1cc2c(cc(cc2[nH]c1=O)C)C)C(=S)NCCc3ccc(c(c3)OC)OC
decoy,C19850513,c1cc(ccc1C=NNC(=O)C[NH+]2CCN(CC2)S(=O)(=O)c3ccc(cc3)Br)Cl
decoy,C44148963,CC(C)NC(=O)Cc1ccc(cc1)NC(=O)NC[C@H]2Cc3ccccc3O2
decoy,C63098799,CN1C[C@@H](c2c1cccc2)/C=C(/C(=O)NCCC3=c4ccccc4=[NH+]C3)\NC(=O)c5ccccc5
decoy,C14476124,CCCCOc1cccc2c1N[C@@H]([C@H]3[C@@H]2C=CC3)c4cc(ccc4O)[N+](=O)[O-]
decoy,C02885555,c1ccc2c(c1)/C(=N/N[C@H](COCC(=O)N/N=C\3/c4ccccc4N=C3O)O)/C(=N2)O
decoy,C10069844,c1cc(ccc1N2CCN(CC2)S(=O)(=O)CCNC(=O)c3cc(ccc3Cl)[N+](=O)[O-])F
decoy,C63374905,C[C@@]12[C@H]3C(=c4ccccc4=[NH+]3)[C@H](CN1C(=O)CN(C2=O)Cc5ccccc5)c6ccc(cc6)Br
decoy,C39388829,Cc1ccc(cc1)N2CCN3[C@H]2NN=C(C3=O)C(=O)NCCc4c[nH]c5c4cccc5
decoy,C08890172,COC(=O)c1ccc(cc1)NC(=O)COC(=O)CCc2[nH]c(=O)c3c4c(sc3n2)CCCC4
decoy,C20384202,c1c(c(cc2c1OCCO2)NC[C@@H]3CCCO3)N
decoy,C39542884,C[C@@H]1CCc2c(sc3c2c(=O)n(c(n3)SCC(=O)c4cccn4C)CC=C)C1
decoy,C12549652,CCOc1c(cc(cc1Cl)[C@H]2NC(=[NH2+])Nc3n2c4cc5c(cc4n3)OCCCO5)OC
decoy,C51017749,c1ccc(c(c1)c2nnnn2Cc3ccc(cc3F)F)N
decoy,C64703907,CC(C)(C)Nc1c(nc2n1nc(s2)N(C)CC(=O)NCCC3=CCCCC3)c4ccc(cc4)F
decoy,C05255403,COc1ccc(cc1[N+](=O)[O-])C(=O)C[C@]2(c3c(cc(cc3Cl)Cl)NC2=O)O
decoy,C13984833,COc1ccc2c(n1)sc(n2)NC(=O)[C@H](CC3CCCC3)c4ccc(cc4)S(=O)(=O)N5CCCCC5
decoy,C30850407,Cc1ccc(c(c1)C)NS(=O)(=O)c2cc(ccc2C)C(=O)NCc3ccccc3n4ccnc4C
decoy,C02969669,Cc1ccc(cc1NC(=O)CSc2nc3ccccc3c4n2nc(n4)CCc5c([nH]nc5C)C)Cl
decoy,C63831623,COc1ccc(cc1)[C@H](CNC(=O)CN2C(=O)C3(CCCCC3)NC2=O)C4=c5ccccc5=[NH+]C4
decoy,C01362272,CC[C@H]1C(=O)N(c2cc(ccc2O1)C)CC(=O)N3c4ccccc4C[C@@H]3C
decoy,C01374833,CC[C@H](c1nnnn1Cc2ccc(cc2)F)N(Cc3ccccc3)Cc4cc5cc6c(cc5[nH]c4=O)OCCO6
decoy,C20294931,Cc1c(c(sc1C(=O)N)NC(=O)C[NH+]2CCN(CC2)C(=O)c3ccco3)C(=O)OC(C)C
decoy,C09503884,c1c(nc(s1)NC(=O)C2=COCCO2)C34CC5CC(C3)CC(C5)C4
decoy,C63695056,c1ccc2c(c1)[nH]c([nH+]2)N3CCC(CC3)C(=O)NCCC4=c5cc(ccc5=[NH+]C4)Cl
decoy,C13069291,CCn1c(nn(c1=S)C[NH+](C)CC(=O)Nc2ccc(cc2)Cl)c3ccc(cc3)Cl
decoy,C20853372,CCCCn1c2ccc(cc2nc1SCC(=O)NC(=O)NC(C)(C)C)S(=O)(=O)N(CC)CC
decoy,C65474532,CN(C1CCCCC1)C(=O)CNc2ccc(cc2C(=O)N)Cl
decoy,C36054050,c1ccc(cc1)Oc2cccc(c2)C[NH+](CCc3c[nH]c4c3cccc4)Cc5[nH+]c(co5)C(=O)[O-]
decoy,C58470925,c1ccc(cc1)Nc2nc(cs2)COC(=O)c3ccc(cc3)N4CCCS4(=O)=O
decoy,C36253905,c1cc(ccc1OCC(=O)N2CCN(CC2)[C@@H](C3CCCC3)C(=O)NC[C@@H]4CCCO4)Cl
decoy,C39380865,Cc1ccccc1[C@@H]2CC[NH+](C2)CCNC(=O)CC[C@@]3(CCC(=O)N3)Cc4cccs4
decoy,C63744051,Cc1cc(nc(n1)N/C(=N\C(=O)c2ccc(cc2)OC)/[N-]CCC3=c4ccccc4=[NH+]C3)C
decoy,C43525879,CC(=O)Nc1ccc(cc1)S(=O)(=O)NC[C@H]2C[C@H]3CC[NH+]2C[C@@H]3c4cc(nn4C)C5CCCCC5
decoy,C39426586,CCc1ccc(cc1)c2c(c(nc(c2C#N)S[C@@H](C)C(=O)Nc3cc(on3)C)N)C#N
decoy,C26138697,C[C@H](C(=O)NCCc1c[nH]c2c1cccc2)[NH+]3CCN(CC3)S(=O)(=O)c4ccc(c(c4)F)F
decoy,C09602459,C[C@H]1CCCC[C@H]1NC(=S)Nc2ccnn2C3CCCCC3
decoy,C28579343,C[C@@H]1CCc2c(sc(c2C#N)NC(=O)Nc3ccccc3Cl)C1
decoy,C09343811,C[NH+](C)CCCN(c1nc2ccc(cc2s1)[N+](=O)[O-])C(=O)CCSc3ccc(cc3)Cl
decoy,C19290371,Cn1cc(c2c1cccc2)[C@@H](C[NH+]3CCC4(CC3)C[C@H](c5ccc6ccccc6c5O4)O)O
decoy,C38501805,CC(C)n1c(ccn1)C(=O)Nc2nc3c4cccc5c4c(cc3s2)CC5
decoy,C21148512,CCCC[NH+](CCCNC(=O)[C@@H]1CCCN(C1)c2nn3c(=O)cc(nc3s2)C)Cc4ccccc4
decoy,C66929064,c1ccc2c(c1)CCC[C@@]2(CNC(=O)c3cccc4c3OCO4)O
decoy,C64644838,C[C@H](c1nc(no1)c2ccc(cc2)F)NC(=O)NCCc3c(cccc3F)F
decoy,C64340166,CN(C)S(=O)(=O)c1cccc(c1)NC(=O)[C@H](CC2=c3ccccc3=[NH+]C2)NC(=O)c4cccs4
decoy,C16605229,Cc1ccc(c(c1)C)n2c(cc(n2)c3cccs3)C(=O)NCCC[NH+]4CCCC[C@H]4C
decoy,C13759919,Cc1ccc(cc1)S(=O)(=O)NCCCC[NH+]2CCCC[C@]23Cc4c(cccc4OC)OC3
decoy,C09587925,CCCn1c2ccc(cc2nc1SCC(=O)Nc3cc4c(cc3Br)[nH]c(=O)[nH]4)Cl
decoy,C62613763,CS(=O)(=O)c1ccc(c(c1)[N+](=O)[O-])NCCNC(=O)C23C[C@@H]4C[C@H](C2)CC(C4)(C3)c5ccccc5
decoy,C38814956,c1cc(cc(c1)[N+](=O)[O-])C2=C[C@H](N=N2)C(=O)N/N=C/c3cccs3
decoy,C04736099,Cc1cc(ccc1NC(=O)CSc2nnc(n2C(C)C)c3ccco3)Cl
decoy,C39684355,C[C@@H](C(C)(C)C)NC(=O)[C@@H]1CN(CC12CC[NH2+]CC2)C(=O)c3ccccc3OC
decoy,C02459748,Cc1c2cc(ccc2oc1C(=O)N[C@H]3CCCC[C@@H]3C)S(=O)(=O)N4CCC(CC4)C
decoy,C01392722,CC(C)(C)C(=O)Cn1c(=O)c(c(cn1)Cl)Cl
decoy,C36051395,Cc1ccc(cc1)n2cc(nc2NC(=O)CN(CCOC)C(=O)Cc3ccccc3)c4ccc(cc4)Cl
decoy,C02568557,Cc1c(ccc2c1nc(cc2C(=O)NN)c3ccc(cc3)CC(C)C)Cl
decoy,C03906261,Cc1ccccc1Nc2c(nc3n2cc(cc3)Cl)c4ccco4
decoy,C02791381,c1ccc(cc1)Cn2c(n[nH]c2=S)C3=CC4=[NH+][C@@H](C[C@@H](N4N3)C(F)(F)F)c5ccc(cc5)Cl
decoy,C09416269,Cc1ccccc1Nc2nc(nc(n2)N)CSc3nn(c(=S)s3)c4ccc(cc4)F
decoy,C35171047,Cc1cccc(c1Nc2c(nc3n2cccn3)c4c(ccs4)C)C
decoy,C63573592,Cc1ccc(cc1)[C@@H]2[C@H]3C(=c4cc(ccc4=[NH+]3)OC)CCN2C(=O)NC(C)C
decoy,C44942325,c1ccc(cc1)CC2(CCN(CC2)C(=O)[C@@H]3CCCC[C@H]3C(=O)N4CCN(CC4)c5cccc[nH+]5)O
decoy,C40323618,C[C@@H](c1ccccc1Cl)NS(=O)(=O)c2ccc(c(c2)N)O
decoy,C09237181,Cc1ccc(cc1)[C@@H]2[C@H](Sc3nnc(n3N2)c4ccccc4)C(=O)Nc5ccccc5C
decoy,C12856466,CC[C@@]1(C(=O)N(C(=O)N1)NC(=O)CSc2nnc(n2CCOC)c3ccccc3)c4ccccc4
decoy,C22607027,CCCOc1ccc(cc1)[C@@H]2c3c([nH]c(nc3=O)N4CCCCC4)NC5=C2C(=O)CCC5
decoy,C00739076,CCCN(CC(=O)Nc1c(c(nn1c2ccc(cc2)OC)C)c3ccccc3)C(=O)NC4CCCCC4
decoy,C08800376,CN1CCCc2c1ccc(c2)[C@H](CNS(=O)(=O)Cc3ccc(cc3)F)[NH+]4CCCCC4
decoy,C46772225,Cc1ccc(cc1C)NC(=S)NNC(=O)c2c(c3cccc(c3o2)F)C
decoy,C29787690,CC1(CC(CC([NH2+]1)(C)C)NC(=O)CCc2ccc(cc2)S(=O)(=O)NC)C
decoy,C22888459,C[C@H](C(=O)N1CC(=O)Nc2c1ccc(c2)C(F)(F)F)OC(=O)c3c(ccs3)n4cccc4
decoy,C06301791,Cc1cc(c2cc(c(=O)[nH]c2c1)[C@H](c3nnnn3C4CCCC4)[NH+]5CCC(CC5)Cc6ccccc6)C
decoy,C12105440,c1ccc(cc1)Cc2nnc(n2c3ccccc3)SCC(=O)NNC(=O)c4cccc(c4)[N+](=O)[O-]
decoy,C12986696,CCOc1ccc(cc1)c2nc(on2)CCC(=O)Nc3ccc(cc3C)C
decoy,C39358632,c1cc(c(cc1[C@@H]2C3=C(N=N[C@H]3NC4=C2C(=O)CCC4)O)Cl)Cl
decoy,C46772906,c1cc(c(cc1F)Br)C(=O)NNC(=S)Nc2ccc(cc2Cl)Cl
decoy,C43573238,CC[C@H]1c2ccsc2CCN1C(=O)Nc3ccc(cc3)N4CCCC4=O
decoy,C11791511,Cc1cc(n(n1)CCNC(=O)c2cc(cc3c2n(c(n3)[C@H]4CCCO4)C)NC(=O)CC5CCCC5)C
decoy,C19520600,CC[C@@H]1C[C@@H](n2c(cc(n2)C(=O)Nc3ccc4c(c3)NC(=O)[C@H](O4)C)N1)C(F)(F)F
decoy,C42052019,Cc1cc(c(c(c1)C)NC(=O)CNC(=O)[C@H](C(C)C)NC(=O)N)C
decoy,C54503588,Cc1ccc(cc1)N2C(=O)[C@H](NC2=O)C3CC3
decoy,C14528565,C[C@H]1C[C@@H](C[NH+](C1)Cc2csc(n2)NC(=O)CCc3[nH]c(=O)c4c5c(sc4n3)CCCC5)C
decoy,C06601074,CCOc1ccc(cc1)N([C@H](c2ccco2)C(=O)NC[C@H]3CCCO3)C(=O)c4c(c(ns4)C(=O)N)N
decoy,C06239429,CC(C)c1ccc(cc1)c2c3c(c(c(c2C#N)N)C#N)-c4ccccc4SC3
decoy,C09309951,[H]/N=C\1/C(=C/c2ccc(c(c2)OCC)OCCOc3cc(ccc3C(C)C)C)/C(=O)N=C4N1N=C(S4)CC
decoy,C36309844,CC(C)CC[NH+](C[C@@H](COCC=C)O)CC(=O)N1CCc2c(ccs2)[C@@H]1COc3ccc(cc3)F
decoy,C44442012,Cn1c(c2ccccc2n1)C(=O)NCC3CCC(CC3)c4[nH]c5ccccc5n4
decoy,C01875405,c1ccc2c(c1)c(c[nH]2)CCN3CC(=O)N4[C@H](C3=O)Cc5c6ccccc6[nH]c5[C@H]4c7cccc(c7)[N+](=O)[O-]
decoy,C63537911,c1cc(ccc1[C@H]2C[C@@H](N3[C@@H](N2)C[C@@H](N3)C(=O)NC[C@@H]4C=c5cc(ccc5=[NH+]4)Cl)C(F)(F)F)Cl
decoy,C40814960,Cc1c\2c(oc1C(=O)NC3CCCC3)CCC/C2=N\NS(=O)(=O)c4ccccc4
decoy,C39393547,c1ccc(c(c1)c2nc(on2)c3ccc(nc3)N4CCCC[C@H]4CC(=O)N)F
decoy,C57933926,CC(C)[C@@H]1C(=O)N(c2cc(c(cc2N1)Cl)Cl)CCCO
decoy,C58491756,Cc1ccc(cc1)n2c(nnn2)SCCC(=O)N[C@@H](c3ccccc3)c4cccs4
decoy,C13064705,CC[C@@H](c1nnnn1Cc2ccco2)[NH+](Cc3ccccc3)Cc4cc5cc(c(cc5[nH]c4=O)C)C
decoy,C29165464,CC[NH+](CC)[C@H](CNC(=O)CN1C(=O)[C@@](NC1=O)(C)c2ccc(cc2)OC)c3ccccc3
decoy,C02107585,c1ccc2c(c1)cccc2n3c(=O)c(c([nH]c3=S)O)[C@@H]4c5c(c6ccccc6[nH]5)CC[NH2+]4
decoy,C02329054,c1ccc(cc1)[C@H]2CC(=Nc3n2nc(n3)NC(=O)c4ccccc4)c5ccccc5
decoy,C64980973,CCOC(=O)c1c2c(sc1NC(=O)C[C@@H]3C(=O)N4CCCN=C4S3)C[C@@H](CC2)C(C)(C)C
decoy,C38701975,CCCOc1ccc(cc1OCC)[C@H]2c3c(n[nH]c3C(=O)N2[C@@H]4CCS(=O)(=O)C4)c5cc(ccc5O)C
decoy,C08880283,Cc1ccc(cc1)[C@@H](C[NH+]2CCOCC2)NC(=O)Cn3cnc4c(c3=O)cc(s4)c5ccccc5
decoy,C43735689,C[C@@]12CC[C@@H](C([C@@H]1CC[C@]3([C@H]2C=CC4=C5C[C@](CC(=O)[C@]5(CC[C@@]43C)C)(C)C(=O)OCC[NH3+])C)(C)C)O
decoy,C09377657,C[C@@H](c1nnc(n1c2ccc(cc2)F)S[C@@H](c3ccccc3)C(=O)c4c[nH]c5c4cccc5)[NH+](C)C
decoy,C34683905,c1ccc(c(c1)C[NH+]2CCC(CC2)N(c3ccc(cc3)F)S(=O)(=O)c4ccc(cc4)Cl)O
decoy,C37691160,c1cc2c(cc1N[C@H]3CCCC[C@H]3O)OC(O2)(F)F
decoy,C64392566,CCCCCn1c(=O)c2ccc(cc2[nH]c1=O)[C@@H]3N[C@@H](NO3)c4ccc(c(c4)C)C
decoy,C35231503,CCCCN(CC(=O)N1c2ccccc2-n3cccc3[C@H]1c4ccco4)C(=O)NC(C)(C)C
decoy,C45991701,CCc1ccccc1NC(=O)[C@H](C)Oc2cc(c3c(nn(c3n2)c4ccccc4)C)C
decoy,C15188288,CC(=O)[C@]12[C@H]([NH2+]1)C[C@H]3[C@@]2(CC[C@@H]4[C@H]3CC=C5[C@@]4(CC[C@@H](C5)O)C)C
decoy,C12155164,Cc1cc(nc(n1)S[C@H]2C[C@H]([NH+](C2)CC3=CC[C@H](CC3)C(=C)C)C(=O)NC(C)C)C
decoy,C64713895,CCc1ccc(cc1)C2=C[C@@H]3C(=O)N=N[C@H](N3N2)SCc4cccc(c4)Br
decoy,C12006923,CCc1cc(=O)[nH]c(n1)n2c(cc(n2)c3ccco3)NC(=O)c4ccc(cc4)S(=O)(=O)N5CCCCC5
decoy,C36589129,CC(=CC(=O)N([C@H](c1c(cc(cc1O)O)O)C(=O)NC2CCCCC2)C(C)(C)C)C
decoy,C36332424,CCc1ccc(cc1)[C@H](CNC(=O)c2cccc(c2)S(=O)(=O)N3C[C@H](O[C@@H](C3)C)C)[NH+](C)C
decoy,C27240260,Cc1ccc(cc1)[C@](CC=C)([C@H](CN2CCOCC2)c3ccc(cc3)Cl)O
decoy,C42015413,Cc1ccc(cc1N)c2nnnn2c3c(cccc3F)F
decoy,C01405497,Cc1ccc(cc1)[C@@H](C(=O)Nc2ccc3c(c2)OCO3)N(Cc4cccnc4)C(=O)CSc5nc(cc(n5)C)C
decoy,C12636169,CCOC(=O)c1c(nc(s1)NC(=O)CSc2c3c4c(sc3nc(n2)C5CC5)CCCC4)C
decoy,C08677256,c1cc2c(cc1Br)c3cc(ccc3n2C[C@@H](C[NH2+]C[C@H]4CCCO4)O)Br
decoy,C22058511,C[C@]1(C(=O)N(C(=O)N1)CC(=O)Nc2cc3c(cc2Cl)OCCO3)c4ccc(cc4)Cl
decoy,C39675477,CCOc1cccc(c1)C(=O)N2C[C@H](C3(C2)CC[NH2+]CC3)C(=O)N[C@H](C)CCc4ccc(cc4)OC
decoy,C63362118,C[C@@H](CCc1ccccc1)NC(=O)c2ccccc2N3C(=O)[C@@]4([C@H]5C(=c6ccccc6=[NH+]5)CCN4C3=O)C
decoy,C42953148,CC[C@H]([C@@H](c1ccc(cc1)Br)[NH+](C)Cc2ccco2)[NH3+]
decoy,C22284915,CC[NH+](CC)CCn\1c2ccccc2[nH]/c1=N\C(=O)CN3C(=O)[C@]4(CCCC[C@H]4C)NC3=O
decoy,C19313476,CCCCc1ccc(cc1)n2c(nnn2)SCC(=O)NN3C(=O)[C@@](NC3=O)(CC)c4ccccc4
decoy,C19352133,CC(C)[C@@H](c1ccc2c(c1)OCCCO2)NC(=O)CSc3nnc(s3)SCC(=O)N
decoy,C36595727,Cc1ccc(cc1)S(=O)(=O)CNC(=O)[C@@H](c2ccc(cc2)O)N(Cc3ccc(o3)C)C(=O)c4ccco4
decoy,C19566306,Cc1c2ccccc2oc1C(=O)N[C@@H](C)CNc3[nH]c(=O)c4c(n3)CCCC4
decoy,C59256179,CC(=C)CN1c2ccccc2[C@]3(C1=O)[C@H]4[C@@H]([C@@H](N3)Cc5ccccc5)C(=O)N(C4=O)c6nccs6
decoy,C02676990,CC(C)(C)c1cc(cc(c1O)C(C)(C)C)c2csc([n+]2c3ccc(cc3)Cl)Nc4ccc(cc4)Cl
decoy,C09171662,c1cc2c(cc1NC(=O)C34CC5CC(C3)CC(C5)C4)C(=O)NCCO2
decoy,C20337707,c1ccnc(c1)/C=C/2\C(=O)N(c3ccc(cc3O2)N)C[C@H](CO)O
decoy,C33706400,C[C@H](CCCC(C)C)[C@@H]1CC[C@@H]2[C@@]1(CC[C@@H]3[C@@H]2[C@@H](C=C4[C@@]3(CC[C@@H](C4)OC(=O)C)C)[NH2+]C5CCCCC5)C
decoy,C64502785,Cc1ccc2=[NH+][C@@H]([NH+]=c2c1)CNC(=O)c3ccc(cc3)N4[C@@H]([C@@H]([C@@H](N4)C)c5ccccc5)NC(=O)C
decoy,C00438312,Cc1ccc(cc1)S(=O)(=O)N/N=C/c2ccc(o2)C
decoy,C20413336,Cc1c2c(ccc3c2[C@H](CC4(O3)CCCCC4)O)oc1C(=O)N[C@@H](C)CCc5ccccc5
decoy,C50001328,c1ccc(c(c1)CNC(=O)c2ccc(c(c2)[N+](=O)[O-])N3CCCC3)N4CCCC4
decoy,C37037275,c1cc(c(cc1Cl)N)SCc2cc3c(c(c2)Cl)OCO3
decoy,C11204681,Cc1cc(no1)NC(=O)C2=C(N(C(=S)N[C@H]2c3ccc(c(c3)[N+](=O)[O-])Br)C)C
decoy,C13064855,CC[C@@H](c1nnnn1C[C@@H]2CCCO2)[NH+](Cc3ccc(cc3)F)Cc4cc5c(cc(cc5[nH]c4=O)C)C
decoy,C04576695,c1ccc(cc1)N(C[C@H](C[NH+]2CCCCC2)O)S(=O)(=O)c3ccc4ccccc4c3
decoy,C09670210,Cc1c2cc(ccc2oc1C(=O)OCC(=O)Nc3c(c4c(s3)C[C@@H](CC4)C)C(=O)N)OC
decoy,C09427688,Cc1cccn2c1nc(c(c2=O)/C=C/3\C(=O)N(C(=S)S3)[C@H](C)c4ccccc4)N5C[C@H](C[C@@H](C5)C)C
decoy,C12486382,c1ccc(cc1)[C@H](C(=O)NC[C@@H]2CCCO2)N(c3ccccc3Cl)C(=O)CNC(=O)c4ccco4
decoy,C51121299,c1cc(nnc1C(=O)Nc2nc3c(s2)CCC3)NN
decoy,C40046569,CC(C)(C)c1cc(cc(c1O)C(C)(C)C)[C@@H]2C(=C(C(=O)N2CCCO)[O-])C(=O)c3ccco3
decoy,C06601583,CCOc1ccc(cc1)[C@H](C(=O)NC2CCCCC2)N(C(=O)Cn3nc(nn3)c4ccc(cc4)C)C(C)(C)C
decoy,C19450342,CC(C)Nc1ncc(c(n1)C2CC[NH+](CC2)Cc3ccccc3OCC#C)c4cccnc4
decoy,C36510984,CCCCCCN([C@@H]([C@@H](C)c1ccccc1)C(=O)NC(C)(C)CC(C)(C)C)C(=O)[C@@H](CC)c2ccccc2
decoy,C10555283,C[C@@H]1CCCC[C@]12C(=O)N(C(=O)N2)CC(=O)Nc3nc(cs3)c4ccc(cc4)SC
decoy,C17307577,CCOc1ccc(cc1)[C@@H]2c3c(=O)[nH]c(nc3NC4=C2C(=O)CC(C4)(C)C)SCc5ccccc5F
decoy,C40020089,c1ccc(cc1)n2c(cc(n2)C3CCCC3)NC(=O)CN4C(=O)C5(CCCC5)NC4=O
decoy,C15329664,Cc1cc(c(c(c1)C)NC(=O)CNS(=O)(=O)c2cc(cc(c2C)C)[N+](=O)[O-])C
decoy,C22800232,C[C@]1(C(=O)N(C(=O)N1)NC(=O)CN2CC[NH+](CC2)Cc3ccc4c(c3)OCO4)CCc5ccccc5
decoy,C36810319,C1CC[C@@H]2CN(CC[C@H]2C1)C(=O)NC(=O)CCC(=O)[O-]
decoy,C56709336,Cc1cc(c(c(c1)C)CCNC(=O)Nc2ccc(cc2C)OCC(=O)N)C
decoy,C40149853,c1cc(ncc1Cl)NC(=O)[C@@H]2CCCN(C2)S(=O)(=O)c3ccc(s3)Cl
decoy,C01443427,Cc1ccccc1C(=O)NNC(=O)CSC2=N[C@@H](c3ccccc3C2)c4ccc(cc4)Cl
decoy,C00334700,c1ccc(c(c1)C(=O)Nc2c(c3c(s2)CCCC3)C#N)[N+](=O)[O-]
decoy,C63588654,Cc1cccc(c1)C(=O)/N=C(/NCCC2=c3ccccc3=[NH+]C2)\Nc4ccccc4C
decoy,C35957632,CC[C@@H](c1ccccc1)C(=O)N[C@H]2CCN(C2)c3[nH+]c4ccccc4n3C5CCCC5
decoy,C59368086,CCCc1c(c([nH]c1C(=O)N(C)CC(=O)N2c3ccccc3NC(=O)C[C@@H]2C)C)C(=O)OC
decoy,C12863037,Cc1ccc2c(c1)c(c[nH]2)CCN3C[C@H](CC3=O)C(=O)Nc4nnc(s4)Cc5ccc(cc5)OC
decoy,C09124621,Cc1cc(c(c(c1)C2=NN=C3[C@H]2[C@H](N(C3=O)CCCOC)c4cc(c(c(c4)Br)O)OC)O)C
decoy,C20876879,Cn1c(nnn1)SCC[NH2+]Cc2cc(c(c(c2)Br)OCc3ccc4c(c3)OCCO4)OC
decoy,C26106739,C[C@@H]1C[C@H](CN(C1)c2ccc(cc2[N+](=O)[O-])C(=O)N(Cc3ccc(cc3)C(=O)NC4CC4)C5CC5)C
decoy,C22089989,CCC[C@H](CNC(=O)C[NH+]1CCN(CC1)CC(=O)N2CCOCC2)c3ccc(cc3Cl)Cl
decoy,C32945166,Cc1ccccc1[C@H](C)NC(=O)CSc2nnc(n2N)c3ccccc3
decoy,C66262570,c1c2c(cc(c1SCc3nc(nc(n3)N)N)Cl)OCCO2
decoy,C35694430,CCOC(=O)C1=C(N=C2N([C@H]1c3cc(ccc3OC)OC)C(=CS2)/C=C(/NCC[NH+](C)C)\[O-])C
decoy,C38673069,C[NH+]1CCN(CC1)[C@H](CNC(=O)c2cc(cc(c2)C(F)(F)F)C(F)(F)F)c3ccc4c(c3)CCCN4C
decoy,C13065237,CC[C@@H](c1nnnn1Cc2ccccc2)[NH+](CCc3ccccc3)Cc4cc5c(ccc(c5[nH]c4=O)C)C
decoy,C24829761,CC(C)[C@H](c1ccc2c(c1)OCCCO2)NC(=O)C[NH+]3CCC(CC3)NC(=O)c4ccccc4
decoy,C14775297,CCOc1ccc(cc1C(=O)NC(=S)N2CCNC(=O)[C@@H]2CC(=O)OCCC(C)C)Br
decoy,C02139532,COc1ccc(cc1OC)C2=C([C@H](c3ccccc3O2)c4ccccc4)/C=[NH+]/CCc5c[nH]c6c5cccc6
decoy,C09727175,c1ccc2c(c1)c(c[nH]2)c3csc(n3)NC(=O)CCn4cnc5c(c4=O)c6c(s5)CCCC6
decoy,C38654597,c1ccc(cc1)/C=C/C(=O)Oc2ccc3c(c2)OC(=C([C@H]3c4ccc(cc4)[N+](=O)[O-])C#N)N
decoy,C04821978,c1ccc2c(c1)N/C(=C\C(=O)c3ccc(cc3)C4CCCCC4)/C(=O)N2
decoy,C36492787,CC(C)(C)CC(C)(C)NC(=O)[C@H](c1ccc(c(c1)OC)O)N(C2CCCCC2)C(=O)c3ccc(cc3)[N+](=O)[O-]
decoy,C10751896,C[NH+]1CCc2c(sc(c2C(=O)N)NC(=O)[C@@H]3CCCN(C3)S(=O)(=O)c4ccc(s4)Cl)C1
decoy,C67471033,CC(C)(c1ccc(cc1)Cl)NC(=O)N2CCN(CC2)C(=O)c3ccsc3
decoy,C38665869,CN(C)c1ccc(cc1)[C@H](CNC(=O)CCS(=O)(=O)c2ccccc2)N3CCN(CC3)c4ccccc4
decoy,C24967295,C[C@H](c1nc(nc(n1)Nc2ccccc2)N)Sc3nnc(s3)NC4CCCCC4
decoy,C11904190,Cc1ccc(cc1)[C@H](CNS(=O)(=O)c2cc(ccc2OC)N3C(=O)CCS3(=O)=O)[NH+](C)C
decoy,C34928933,C1CC1[C@H]2C[C@H](n3c(c(c(n3)C(=O)[O-])Cl)N2)C(F)(F)F
decoy,C63384450,c1ccc2=[NH+]CC(=c2c1)C[C@@H]3[C@H]4[C@H](C(=O)N(C4=O)C[C@@H]5CCCO5)[C@]6(N3)c7ccccc7NC6=O
decoy,C39352894,Cc1ccc(c(c1)N2[C@@H](N=N[C@@H]2S[C@@H]3C(=c4cc(ccc4=[NH+]C3=O)Cl)c5ccccc5)C6CC6)C
decoy,C27662939,Cc1ccc2c(c1)sc(c2Cl)C(=O)Nc3c4c(no3)CCCC4
decoy,C39037776,c1ccc2c(c1)c(c[nH]2)C[C@H](C(=O)NCCCO)N3[C@@H](Nc4ccccc4C3=O)O
decoy,C09315445,CC1CC[NH+](CC1)Cc2nc3c(c(cs3)c4cccs4)c(=O)n2CC(=O)NCc5ccco5
decoy,C54558565,Cc1nc(n(n1)[C@@H]2C[C@H](CC[C@@H]2O)C(C)C)C
decoy,C04108834,CC(C)(C)c1ccc(cc1)[C@H]2[C@H]3C(=Nc4ccccc4N2)C[C@@H](CC3=O)c5ccc(cc5)OC
decoy,C42086513,CCC[C@H](C)NC(=O)[C@H](C)Sc1nc2nc(cc(n2n1)C)C
decoy,C01375159,CC[C@H](c1nnnn1Cc2ccco2)N(Cc3ccc4c(c3)OCO4)Cc5cc6cc(c(cc6[nH]c5=O)C)C
decoy,C39638884,C[C@H](C(=O)N1C[C@H](C2(C1)CC[NH2+]CC2)C(=O)NCCc3ccccc3F)Oc4ccccc4
decoy,C09453418,Cc1cccn2c1[nH+]c3c(c2=O)C[C@@]4([C@H]5N3CCc6c5cccc6)C(=O)NC(=O)N(C4=O)CC(C)C
decoy,C38672582,C[NH+]1CCN(CC1)[C@H](CNC(=O)c2ccc(cc2)S(=O)(=O)N3CCCCC3)c4ccc5c(c4)CCN5C
decoy,C14258314,Cc1cc(c(cc1NC(=O)C(Cl)(Cl)Cl)Cl)[N+](=O)[O-]
decoy,C65116179,CCc1c(c(on1)NC(=O)C)c2ccc(c(c2)S(=O)(=O)Nc3c(cc(cc3C)C)C)OC
decoy,C14475466,c1ccc(cc1)OCCOc2cccc3c2N[C@H]([C@@H]4[C@@H]3C=CC4)c5ccc6ccccc6c5
decoy,C06134064,CCOc1ccc2c(c1)cc(c(=O)[nH]2)[C@H](c3nnnn3C4CCCC4)[NH+]5CCN(CC5)c6ccc(cc6)O
decoy,C64411232,CCOC(=O)Cc1csc(n1)NC(=O)c2csc(n2)[C@@H]3C=c4ccccc4=[NH+]3
decoy,C34829836,Cc1ccccc1[C@@H]2c3ccsc3CC[NH+]2CC(=O)N4CCN([C@@H](C4)C)C(=O)c5cc(cc(c5)OC)OC
decoy,C39675323,C[C@H](CCc1ccc(cc1)OC)NC(=O)[C@@H]2CN(CC23CC[NH2+]CC3)C(=O)c4cccc(c4Cl)Cl
decoy,C66908541,C[C@H](CCc1ccc(cc1)O)NC(=O)NC[C@@]2(CCCc3c2cccc3)O
decoy,C26891775,Cn1c(nc2ccccc2c1=O)CSc3[nH]c4cc(ccc4n3)Cl
decoy,C02301926,CC(=O)N1[C@@H](C=C(N1)c2c(c3cc(ccc3[nH]c2=O)Br)c4ccccc4)c5cccc(c5)[N+](=O)[O-]
decoy,C36027300,CC[C@@H](C)N1C(=O)[C@H]([NH2+]C12CCN(CC2)S(=O)(=O)c3ccc(cc3)OC)Cc4ccccc4
decoy,C47133552,CCc1ccc(c(c1)c2c(non2)NC(=O)[C@@H](C)Oc3ccc(cc3)F)CC
decoy,C00171591,CN(c1ccc(cc1F)F)C(=O)c2cc3cccc(c3[nH]2)[N+](=O)[O-]
decoy,C39689085,CCCCC(=O)N1C[C@H](C2(C1)CC[NH2+]CC2)C(=O)NCC3CC[NH+](CC3)C4CCCC4
decoy,C57415226,CCc1ccc(cc1)[C@H]2C(=C(NC(=O)N2)CN3CCN(CC3)c4ccccc4OC)C(=O)OC
decoy,C47371784,c1ccc(cc1)c2nc([nH]n2)c3ccccc3NC(=O)c4cccs4
decoy,C39487338,CCC[C@]1(CN(C(=O)N1CC2(CC[NH+](CC2)Cc3ccccc3)C4CCCCC4)SC)C
decoy,C35882664,CC[C@H]1C(=O)N(Cc2cc(ccc2O1)NC(=O)c3ccccc3)[C@H]4CCCc5c4cccc5
decoy,C49271047,C[C@@H]1C[C@@H]1CNC(=O)/C(=N/c2nnc(s2)C(C)(C)C)/[O-]
decoy,C22984140,Cc1ccc(cc1)c2csc3c2c(=O)n(cn3)CC(=O)NC(=O)Nc4ccc(cc4C)C
decoy,C06408763,Cc1ccc2c(c1)cc(c(=O)[nH]2)[C@@H](c3nnnn3C[C@@H]4CCCO4)[NH+](Cc5ccco5)C[C@@H]6CCCO6
decoy,C38597749,c1ccc(c(c1)C(=O)NC[C@@H](c2ccco2)[NH+]3CCN(CC3)c4ccc(cc4)F)I
decoy,C61857388,Cc1c(cccc1N)c2nc(no2)Cc3cccs3
decoy,C46833892,Cc1ccc(c(c1)NC(=O)[C@@H](C)Nc2ccc3c(c2)nc(o3)C4CC4)C
decoy,C06321212,Cc1cc2cc(c(=O)[nH]c2cc1C)[C@H](c3nnnn3C4CCCC4)[NH+](CCc5ccccc5)Cc6ccccc6
decoy,C08298407,c1csc(n1)NC(=O)[C@H]2C[NH+]3CC[C@H]2C[C@@H]3Cn4cc(nn4)CC5CCCCC5
decoy,C35545030,C[C@H](c1ccccc1)NC(=O)[C@@H]2Cc3cc(ccc3N4[C@@H]2CN(CC4)c5cccc[nH+]5)C(F)(F)F
decoy,C14961604,c1ccc(cc1)C[C@@H](COc2cc(cnc2)c3ccc4c(c3)/C(=C\c5ccco5)/C(=O)N4)[NH3+]
decoy,C36203681,CC(C)[NH+](Cc1ccc(o1)C(c2ccc(cc2)OC)(c3ccc(cc3)OC)O)Cc4cc(cc(c4)OC)OC
decoy,C62960543,CCC1(CCN(CC1)C(=O)[C@H](C)/C(=N/O)/N)C
decoy,C04947185,CCCCCc1ccc(cc1)/C(=N/Nc2cc(ncn2)n3cc(cn3)C)/C
decoy,C03050968,Cc1cc2c(cc1C)n(c(n2)c3ccc(=O)[nH]c3)Cc4ccc(cc4)Cl
decoy,C20727734,CC(C)(C)c1ccc2c(c1)N(C(=O)/C(=C\c3ccc(cc3)Cl)/O2)CC(=O)NCC(OC)OC
decoy,C35747458,COCCC[NH+](Cc1[nH]c(=O)c2c(csc2n1)c3ccc(cc3)OC)C[C@H](COc4ccccc4)O
decoy,C00214081,Cc1c(c(n(n1)C)c2nnc(s2)NCC(C)C)Cl
decoy,C25446959,CCCC[C@]1(C(=O)N(C(=O)N1)CC(=O)Nc2c(c3c(s2)C[C@@H](CC3)C)C(=O)OC)c4ccccc4
decoy,C10561798,C[C@@H]1Cc2ccccc2N1C(=O)COC(=O)c3c(ccs3)S(=O)(=O)NC4CC4
decoy,C13477009,c1ccc(cc1)N2C(=O)/C(=C\c3ccc(o3)c4ccc(cc4)C(=O)[O-])/SC2=O
decoy,C36346293,Cc1c(c(n(n1)c2ccccc2)Oc3cccc(c3)F)C[NH+](C[C@@H](Cc4ccccc4)O)C(C)C
decoy,C64871202,c1cc(cc(c1)C(F)(F)F)[C@@H]2N[C@@H](ON2)c3ccc4c(c3)[nH]c(=O)n(c4=O)Cc5ccc(cc5)Cl
decoy,C38597536,c1ccc(c(c1)CC(=O)NC[C@@H](c2ccco2)[NH+]3CCN(CC3)c4ccc(cc4)F)Cl
decoy,C09233969,c1ccc(cc1)C(=O)[C@H]2[C@@H]([C@@H]3CSC[NH+]3[C@]24c5cc(ccc5NC4=O)F)c6cccc(c6)[N+](=O)[O-]
decoy,C19219612,Cc1ccc2c(c1)[nH]c(c2[C@@H](C[NH+]3CCC4(CC3)C[C@@H](c5cc(ccc5O4)Cl)O)O)C
decoy,C12891133,CCSc1nc(c(s1)NC(=O)c2cccc(c2C)[N+](=O)[O-])c3ccccc3
decoy,C16431192,c1cc2c(cc1Cl)oc(=O)n2CCC(=O)NC34CC5CC(C3)CC(C5)C4
decoy,C04553465,CCC(C)(C)[C@H]1CCc2c(sc3c2C(=N[C@H](N3)c4ccc(o4)C)O)C1
decoy,C33352297,CCNc1c(c(=O)n2cccc(c2n1)C)/C=C/3\C(=O)N(C(=S)S3)Cc4ccc5c(c4)OCO5
decoy,C41006249,CCc1ccc(cc1)[C@@H]2[C@H](C(=O)C[C@@]([C@@H]2C(=O)Nc3ccccc3OC)(C)O)C(=O)Nc4ccccc4OC
decoy,C12643139,C=CCn1c(=O)c2c(ccs2)nc1SCC(=O)NCC(=O)Nc3ccccc3Br
decoy,C40813641,CCCOC(=O)c1c(c\2c(o1)CCC/C2=N\NC(=O)c3cccc4c3cccc4)C
decoy,C36876098,CC[C@@]1(C(=O)N(C(=O)N1)CC(=O)Nc2cc(c(cc2Cl)Cl)Cl)c3ccc(cc3)Cl
decoy,C56157787,C[C@@H](C(=O)Nc1ccc(cc1)OC(F)F)Nc2cccc(c2)N3CCNC3=O
decoy,C39082208,C1CN2C(=C(SC2=N1)C#N)N
decoy,C44042933,Cc1ncc(o1)c2ccc(cc2)NC(=O)N(Cc3ccc(o3)[C@H]4C[C@H]4C)C5CC5
decoy,C12634786,CC(C)COC(=O)Nc1nc(cs1)CC(=O)N2CCN(CC2)c3ccc(cc3)Cl
decoy,C34774715,c1ccc(cc1)c2csc3c2c(nc(n3)SCC(=O)N)N4CC[NH+](CC4)CC(=O)N5CCCCC5
decoy,C49124288,CCC1CCC(CC1)NC(=O)N(CC(=O)[O-])C2CCCC2
decoy,C06076935,CC(C)CCNC(=O)[C@@H](c1ccncc1)N(c2ccccc2)C(=O)c3c(c(ns3)C(=O)N)N
decoy,C33059085,CCN(CC[NH+](C)C)C(=O)[C@@H]1CCCN(C1)S(=O)(=O)c2c(noc2/C=C/c3ccc(cc3)C)C
decoy,C12494291,c1cc(oc1)c2c(nnc(n2)SCC(=O)NNC(=O)c3ccc(cc3)Cl)c4ccco4
decoy,C49435742,CC(C)(C)[C@@H]1CCc2c(cc(s2)C(=O)[C@@H](C#N)c3nc(nc(n3)N)N)C1
decoy,C42667492,Cc1cc(ccc1NC(=O)[C@H](C)Nc2ccc(cc2)NC(=O)NC3CC3)Cl
decoy,C50362251,C[C@H](c1cccs1)[NH+](C)[C@@H](C[NH3+])c2cc(c(o2)Br)Br
decoy,C36737159,c1cscc1C(=O)Nc2cc3c(cc2N)OCO3
decoy,C11616418,CC1=C(N2[C@H]([C@@H](C2=O)NC(=O)/C(=N\OC)/c3csc(n3)N)SC1)C(=O)OCOC(=O)C(C)(C)C
decoy,C63270971,c1ccc2=[NH+]CC(=c2c1)CCNC(=O)CCCNC(=O)N3CC[C@@H]4[C@H](C3)N=C5[C@@H]4C=C(C=C5)Cl
decoy,C22119420,C[C@]1(C(=O)N(C(=O)N1)CC(=O)NC2(CCCCC2)C#N)c3ccc(cc3)C(C)(C)C
decoy,C36495520,C[C@H]1[C@@H](C[C@@H]2C[C@H]1C2(C)C)C(=O)N(Cc3ccco3)[C@H](c4ccc(c(c4)OC)O)C(=O)NC(C)(C)C
decoy,C63927586,c1ccc(cc1)c2cc(no2)CS(=O)(=O)c3ccc(cc3)O
decoy,C36205514,CCOC[C@@H](C[NH+](Cc1[nH]c(=O)c2c(csc2n1)c3ccccc3)C4CCCCC4)O
decoy,C08696032,Cc1c(c2ccccc2[nH]1)[C@H]3[C@H](C3(C)C)CC(=O)N(Cc4cccnc4)C5(CCCC5)C(=O)NC67CC8CC(C6)CC(C8)C7
decoy,C14067786,c1ccc(cc1)C[C@H](C(=O)Nc2cccc(c2)S(=O)(=O)/N=C\3/CCCN3)NC(=O)c4ccccc4
decoy,C42729748,CC[NH2+][C@H](c1ccc(cc1Br)F)c2c(ccs2)C
decoy,C14532763,CC(C)(C)NS(=O)(=O)c1cc(cc(c1)NCc2ccsc2)C(=O)NC[C@H]3CCC[NH+](C3)C
decoy,C12513092,CN(C)c1c(cc2cc3c(cc2[nH+]1)OCO3)CN(C[C@@H]4CCCO4)C(=O)C5(CC5)c6ccc(cc6)Cl
decoy,C52869418,CN([C@H]1CCCc2c1cccc2)C(=O)C[NH+](CC=C)CC=C
decoy,C37313576,CCc1ccc(cc1[N+](=O)[O-])N[C@@H](C)c2c(ccs2)Br
decoy,C35934671,CN1C2=C([C@H](NC1=O)c3ccccc3Cl)C(=O)N(C2)CC(=O)NCc4ccccc4c5ccccc5
decoy,C49242483,CC[C@@H](C)NC(=O)CCNC(=O)NCc1cc(cs1)Br
decoy,C64120629,c1ccc(cc1)CCNC(=O)N2CCC[C@@H](C2)CNC(=O)[C@@H]3C=c4ccccc4=[NH+]3
decoy,C04171697,Cc1c(c2ccccc2[nH]1)CC/N=C/C3=C(C[C@@H](CC3=O)c4ccc(cc4)OC)[O-]
decoy,C22878811,c1ccc2c(c1)C3C[C@@H](C2c4c3cccc4)CNC(=O)CCc5nc(no5)c6cccs6
decoy,C11393240,C=CCNc1nnc(s1)SCC(=O)N2[C@@H](CC(=N2)c3cccs3)c4cccs4
decoy,C34747576,Cc1ccc(cc1)NC(=O)C[NH+]2CCN(CC2)c3nc4c(c5c(s4)CCCC5)c(=O)n3Cc6ccccc6
decoy,C09128192,CC(C)CN([C@@H]1CCS(=O)(=O)C1)C(=O)COC(=O)c2c3ccccc3c(=O)n(n2)c4ccccc4
decoy,C63708521,c1ccc2=[NH+]CC(=c2c1)CCC(=O)NN3[C@@H](Nc4ccccc4C3=O)SCC(=O)c5ccc(cc5)Cl
decoy,C12833252,Cc1cc(c2cc(c(=O)[nH]c2c1)C[NH+](Cc3ccc4c(c3)OCO4)Cc5nnnn5C6CCCCC6)C
decoy,C39835040,Cc1ccc(cc1)Nc2[n+](c(cs2)c3ccc(cc3)S(=O)(=O)N4CCCCC4)CCc5ccccc5
decoy,C39549837,Cc1ccc(cc1)c2cc(n(n2)c3ccccc3)NC(=O)COC(=O)c4ccccc4NCc5ccco5
decoy,C08635407,CC(=O)Nc1ccc(cc1)S(=O)(=O)NC[C@H]2C[C@@H]3CC[NH+]2C[C@@H]3c4cc(nn4C)c5ccco5
decoy,C05954262,CC\1=CC[C@H](C/C1=N\NC(=O)CCC(=O)N/N=C/2\C[C@@H](CC=C2C)C(=C)C)C(=C)C
decoy,C04150007,C[C@@H]1c2c(sc(n2)NS(=O)(=O)c3ccc(cc3)Cl)C[C@]4([C@H]1[C@H]([C@H](CC4)[C@H](C)C(=O)N(C)CC#C)O)C
decoy,C54050458,c1c(cc(c(c1N)Cl)Cl)C(=O)OCCC(=O)NC2CC2
decoy,C03460389,C[C@@H](c1ccc(cc1Cl)Cl)NC(=O)CN2C(=O)[C@](NC2=O)(C)c3ccccc3
decoy,C48872241,Cn1ccnc1CSc2nnc(n2N)c3cccs3
decoy,C38670521,CN1CCCc2c1ccc(c2)[C@H](CNC(=O)C3c4ccccc4Oc5c3cccc5)[NH+]6CCCC6
decoy,C11867433,Cc1c(oc2c1cc3c(c(c(=O)oc3c2C)CC(=O)NCc4cccc(c4)Cl)C)C
decoy,C44900413,Cc1[nH+]ccn1c2ccccc2CNC(=O)[C@@H]3CCCN(C3)S(=O)(=O)Cc4ccc(cc4Cl)Cl
decoy,C47029705,c1cc(ccc1C2(CCCC2)CNC(=O)NNC(=S)NC3CCCC3)F
decoy,C19233360,Cc1c[nH]/c(=N\S(=O)(=O)c2ccc(nc2)NN)/s1
decoy,C36569685,COc1ccc(c(c1)F)[C@H]2c3c([nH]c[nH+]3)CCN2C(=O)N[C@H](CCSC)C(=O)OC
decoy,C05413147,c1ccc2c(c1)c(c[nH]2)C[NH2+][C@H]3CO[C@H]4[C@@H]3OC[C@@H]4n5cc(nn5)CC6CCCCC6
decoy,C60371525,CC1CC[NH+](CC1)[C@@H](CNC(=O)CCNC(=O)c2c3ccccc3[nH]n2)C(C)C
decoy,C38705797,CCCOc1ccc(cc1OCC)[C@@H]2c3c(n[nH]c3C(=O)N2CCOC)c4c(cc(cc4O)C)C
decoy,C40291403,Cc1ccccc1Oc2c(c(c(nn2)C)C)C(=S)N
decoy,C08869638,c1cc2c(cc1Cl)c(=O)cc(o2)C(=O)Nc3c(c4c(s3)CCCC4)C(=O)NC[C@H]5CCCO5
decoy,C02196920,c1cc(ccc1NC(=O)NC(=O)N(c2ccc(cc2)Cl)C(=O)NC3=[NH+][C@@H]4CCCC[C@@H]4N3)Cl
decoy,C43527967,Cc1nc(cc(n1)[C@H]2C[NH+]3CC[C@@H]2C[C@@H]3CNC(=O)NC(C)C)c4cccs4
decoy,C44783236,CCCNC(=O)C1(CCCCC1)/C(=N/O)/N
decoy,C23158086,Cc1nc2n(n1)c(c(s2)[C@H](c3ccco3)[NH+]4C[C@@H](C[C@H](C4)C)C)[O-]
decoy,C49481296,c1ccc(cc1)c2nc(on2)C3CN(C3)C(=O)c4ccc(cc4)Cl
decoy,C13778983,CC(C)(C)c1ccc(cc1)c2nc(no2)c3cc4ccccc4[nH]c3=O
decoy,C46817376,Cc1ccc(c(c1)Cl)NC(=O)[C@@H](C)Nc2cccc(c2)N3CCOC3=O
decoy,C05363479,C[C@H]1CCCC[C@H]1NC(=O)COC(=O)c2ccc(c(c2)[N+](=O)[O-])NC
decoy,C49545111,CC(C)c1cc(n(n1)C)c2nn3c(nnc3s2)Cc4ccc(cc4)F
decoy,C09691845,Cc1c(cco1)c2nnc(n2C)SCC(=O)Nc3ccccc3C(=O)NC4CCCC4
decoy,C39467501,CCOC1=C[C@@H]2C[C@@H]3CO[P@@](=O)(N[NH+]3C[C@@H]2C=C1F)c4ccccc4O
decoy,C43043385,C[C@@H]1CCC[C@@H]([C@@H]1C)NC(=O)NNC(=O)c2ccc3ccccc3n2
decoy,C54080705,Cc1cccc2c1oc(c2C)C(=O)N(C)Cc3ccccc3O
decoy,C40441766,c1ccc(cc1)c2c(c3ccccc3[nH]2)/C=N/N=C/4\NC(=O)[C@H](S4)CC(=O)c5ccc(cc5)Cl
decoy,C23635237,C[C@H](c1[nH]c(=O)c2ccccc2n1)Sc3nc4ccccc4c(=O)n3CC[NH+](C(C)C)C(C)C
decoy,C48814656,CCc1ccc(cc1)c2nc(on2)c3ccc(cc3Cl)N
decoy,C21864297,CC(C)CCN1C(=O)c2ccc(n2C[C@]1(C)C(=O)NC3CCCCCC3)c4ccco4
decoy,C07390281,Cc1c(cccc1[N+](=O)[O-])NC(=S)NC(=O)c2ccccc2OCC(C)C
decoy,C39640567,C[C@@H]1CCCC[C@@H]1NC(=O)NC(=O)COC(=O)CNC(=O)C23CC4CC(C2)CC(C4)C3
decoy,C05883257,c1ccc2c(c1)/c(=N\S(=O)(=O)c3ccc(cc3F)F)/c4c([nH]2)CCCC4
decoy,C39844250,Cc1ccc(cc1)c2nc(c(o2)NC3CCCCC3)S(=O)(=O)c4ccccc4
decoy,C17070731,CSc1nc2n(n1)[C@H](C=C(N2)c3ccccc3O)c4ccccc4
decoy,C00917765,CCc1nnc(s1)NC(=O)CSc2nnc(n2c3ccc(cc3)OC)c4ccc(cc4)Br
decoy,C32899383,c1ccc(cc1)/C=C/c2[nH]c(=S)n(n2)C[NH+]3CCN(CC3)c4ccccc4O
decoy,C34750152,CCCC[NH+]1CCN(CC1)c2c3c4c(sc3nc(n2)SCC(=O)N)COC(C4)(C)C
decoy,C35929762,Cn1c(c2c(nc(nc2n1)N3CCCC3)c4ccccc4Cl)N
decoy,C40322221,c1ccc(c(c1)[C@H](CNC(=O)c2ccc(o2)S(=O)(=O)c3ccc(cc3)Cl)[NH+]4CCCCCC4)Cl
decoy,C00715184,CC1=C([C@H](NC(=O)N1)c2ccc(c(c2)Cl)Cl)C(=O)OC3CCCCC3
decoy,C03600898,c1ccc2c(c1)CCC[C@@]23C(=O)N(C(=O)N3)CC(=O)NCc4ccc(cc4Cl)Cl
decoy,C64520859,C[C@H]1C(=C(NO1)C)S(=O)(=O)N2CCC(CC2)[C@H](C)C(=O)NCCC3=c4cc(ccc4=[NH+]C3)OC
decoy,C39352738,C=CCn1c2c(c(n1)C(=O)N3CCSCC3)C[C@H](CC2)[NH2+]CC4(CCCCC4)[NH+]5CCCCC5
decoy,C06797561,C[C@H]1CCC[C@H]([C@@H]1C)NC(=O)CCCn2c3c(cccn3)n4cccc4c2=O
decoy,C40010923,Cc1cccc2=C[C@H](C(=O)[NH+]=c12)[C@@H]3c4cc(c(cc4CCN3C(=S)NC)OC)OC
decoy,C64613190,Cc1ccccc1C2=NO[C@@H](N2)[C@@H]3C=C(N=N3)c4ccc(cc4)Cl
decoy,C56268652,CC1CCC(CC1)CNC(=O)c2cc3c([nH]c2=O)CCCC3=O
decoy,C24831406,c1ccc2c(c1)CCC[C@]23C(=O)N(C(=O)N3)CC(=O)Nc4nc(cs4)C56CC7CC(C5)CC(C7)C6
decoy,C17113592,CC(C)Sc1[nH]c(=O)c2c(n1)NC3=C([C@@H]2c4ccc(c(c4)OC)OC)C(=O)CC(C3)(C)C
decoy,C02697479,Cc1ccccc1NC(=O)C2=C(N=c3n(c(=O)/c(=C/c4cccc(c4O)OC)/s3)[C@H]2c5cccs5)C
decoy,C19912438,c1ccc(cc1)c2c(c(=O)nc([nH]2)N)CCCCC(=O)[O-]
decoy,C64450344,CC1=C2[C@H](CC(=O)N[C@H]2N(N1)C3[NH+]=c4ccccc4=[NH+]3)c5cc(ccc5OC)Br
decoy,C39637285,C[C@@H]1CCC[C@@H]([C@@H]1C)NC(=O)[C@@H]2CN(CC23CC[NH2+]CC3)C(=O)C4(CCCCC4)C
decoy,C32572035,C[C@H](C(=O)NC(=O)NC12CC3CC(C1)CC(C3)C2)Sc4ccc5c(c4)OCCCO5
decoy,C22917942,C#CC1(CCCCC1)OC[C@H](CN2CC[NH+](CC2)CCN3C(=O)c4cccc5c4c(ccc5)C3=O)O
decoy,C09272327,CC1(Cc2c(c([nH+]c3c2c(c(s3)C(=O)Nc4ccccc4[N+](=O)[O-])N)N5CCOCC5)CO1)C
decoy,C10211746,Cc1cc(c(c(c1)C)S(=O)(=O)Nc2ccccc2C(=O)OCC(=O)NC(=O)NCc3ccco3)C
decoy,C03447642,CC(=CC(=O)Nc1c(c(cs1)c2ccccc2)C(=O)OCC(=O)C(=C3Nc4ccccc4N3)C#N)C
decoy,C64087678,CCCC[C@@H](C(=O)N1CCC(=CC1)C2=c3c(cccc3=[NH+]C2)C)NC4=NS(=O)(=O)c5c4cccc5
decoy,C09429123,CCCCN1C(=O)[C@@H]2[C@@H]([NH2+][C@]3([C@@H]2C1=O)c4cc(ccc4NC3=O)Cl)Cc5ccc(cc5)O
decoy,C36760263,Cc1ccccc1[C@H](C)NC(=O)Cc2csc(n2)Cc3cccc(c3)Cl
decoy,C35702463,Cc1ccc2c(c1)c3c(n2Cc4ccccc4F)nc(nn3)S[C@H](C)C(=O)NCC[NH+]5CCCCC5
decoy,C40823526,Cc1c\2c(oc1C(=O)Nc3ccccc3Br)CCC/C2=N\NC(=O)c4ccoc4C
decoy,C35917922,Cc1ccc(cc1)[C@@H]2CN(C[C@@H]2CN(CCOC)C(=O)C)Cc3c(ccs3)C
decoy,C02250174,Cc1ccc(cc1)[C@H]2C3=C(c4ccccc4O2)N=C5N=CNN5[C@@H]3c6ccc(cc6)OC
decoy,C04814180,c1ccc(c(c1)[C@@H]2C3=C(C[C@@H](CC3=O)c4cccc(c4)Cl)Nc5n2ncn5)F
decoy,C39763835,C[C@H](c1nnc(n1CC(C)C)S[C@@H](C)C(=O)NC2CCCCC2)NC(=O)c3ccc(cc3)Cl
decoy,C35938503,Cc1ccccc1[C@H]2c3ccsc3CC[NH+]2CC(=O)N4CCN([C@@H](C4)C)C(=O)c5cccc6c5cccc6
decoy,C63383624,CCCNC(=O)[C@H](CC(C)C)NC(=O)[C@@H]1CC2=c3ccccc3=[NH+][C@H]2[C@H]4N1C(=O)c5c4cccc5
decoy,C58971285,Cc1ccc(cc1)n2c(c(cn2)C(=O)NCCCC[NH+]3C[C@@H](C[C@H](C3)C)C)C(F)(F)F
decoy,C16025803,CC(C)C[C@@H](C(=O)NCc1cccc(c1)OC)NC(=O)[C@H]2C(S[C@@H]3N2C(=O)c4c3cccc4)(C)C
decoy,C09302085,C[NH+]1CCc2c(sc3c2C(=N[C@@H](N3)c4cccc(c4)OC(=O)c5cccs5)O)C1
decoy,C39726892,CCN1[C@H](NN=C1S[C@H](c2ccccc2)C(=O)C3=c4ccccc4=[NH+]C3)CCC(=O)N
decoy,C66120578,c1cc(c(c(c1)F)CCNC(=O)N2CCC[C@H](C2)CCC(=O)N)F
decoy,C08868956,Cc1cc(c2c(c1)sc(n2)N(CC[NH+](C)C)C(=O)[C@@H]3CCCN3S(=O)(=O)c4ccc(cc4)F)C
decoy,C46661245,Cc1ccc2c(c1)sc(n2)NC(=O)[C@@H]3CC(=NO3)c4cccc(c4)F
decoy,C36517637,CCCCCCN([C@@H](c1ccc(cc1)[N+](=O)[O-])C(=O)NC(C)(C)C)C(=O)C(c2ccccc2)c3ccccc3
decoy,C12623347,C[C@H](C(=O)Nc1ccc(cc1)NC(=O)C)OC(=O)c2c3ccccc3nc\4c2CCC/C4=C\c5ccco5
decoy,C43375029,CC(C)Cc1nnc(s1)NC(=O)N2CCc3ccccc3C2
decoy,C09416493,c1ccc(cc1)c2c(c3ccccc3[nH]2)SCCNC(=O)C45CC6CC(C4)CC(C6)C5
decoy,C28792950,CCn1c(nnc1SCC(=O)NNC(=O)c2cc(on2)c3ccccc3)c4cccs4
decoy,C40152315,CC(C)(C)[C@H](c1cccs1)NC(=O)Nc2ccccc2N3CCC(CC3)O
decoy,C02334744,CCCCN(CCCC)C(=O)c1c(c2c3c(c([nH+]c2s1)N4CCOCC4)COC(C3)(C)C)N
decoy,C43526568,C[NH+](CC=C)C[C@H]1C[NH+]2CC[C@@H]1C[C@@H]2CNC(=S)Nc3cc(cc(c3)OC)OC
decoy,C34974932,C[C@@H]1CN(CCN1C(=O)C2CCCCC2)C(=O)[C@@H](C(C)C)NC(=O)Nc3ccc(cc3)Cl
decoy,C35564488,c1ccc(c(c1)N2CC[NH+](CC2)Cc3cc(=O)[nH]c(n3)N4CCN(CC4)C(=O)CCC5CCCC5)F
decoy,C02130248,CCc1ccc(cc1)[C@@H]2CN3C(=O)CNC(=O)[C@]3(c4c2c5ccccc5[nH]4)C
decoy,C13131429,CCOc1ccccc1[C@@H]2C[C@H](Nc3n2nc(n3)N)c4ccc(cc4)Cl
decoy,C33428823,COc1ccc(cc1)c2cs/c(=N\N=C/c3ccc(cc3O)O)/[nH]2
decoy,C06184257,Cc1c(c(c(s1)NC(=O)[C@@H]2CCCC[C@@H]2C(=O)[O-])C#N)c3ccccc3
decoy,C39710793,Cc1cccc2=C[C@H](C(=O)[NH+]=c12)[C@H](c3nnnn3CCOC)N4CC[NH+](CC4)[C@@H]5Nc6ccccc6S5
decoy,C39280316,c1ccc(cc1)C2=NN=C[C@H]2/C=N/NC(=O)CS[C@@H]3N[NH2+]NN3c4ccc(cc4)Cl
decoy,C64002574,c1ccc(cc1)[C@H](C(=O)C2=c3ccccc3=[NH+]C2)OC(=O)CCNC(=O)CCC(=O)c4ccccc4
decoy,C42435347,CC[NH+](CC)CCN(CC(C)C)S(=O)(=O)c1ccc(s1)Br
decoy,C35745914,CC(C)COC[C@@H](C[NH+](Cc1[nH]c(=O)c2c(csc2n1)c3ccc(c(c3)OC)OC)C(C)C)O
decoy,C38083612,CN1c2ccccc2[C@@H](CC1=O)[NH2+]C[C@H]3CCS(=O)(=O)C3
decoy,C38806056,CC1(Cc2c(c(sc2C([NH2+]1)(C)C)NC(=O)c3ccc4c(c3)OCCO4)C(=O)OC)C
decoy,C40035948,CCC[C@]1(Cc2ccccc2-c3c1c(=O)n(c(n3)N/N=C/c4ccc(cc4)C(C)C)c5ccc(cc5)OCC)C
decoy,C04593911,Cc1cccc(c1n2c(nnn2)C3(CCCC3)[NH2+]CCc4c([nH]c5c4cccc5)C)C
decoy,C39064994,C1C[C@@H]2C[C@H]1C[C@@H]2C(=O)NO
decoy,C66633282,CCCNC(=O)NNC(=O)[C@H]1C[C@H]2CCCC[C@@H]2N1C(=O)c3ccccc3
decoy,C05993461,Cc1ccc(cc1C)n2c(=O)c3ccccc3nc2S[C@H]4CCCCC4=O
decoy,C08903373,CC[NH+](CC)CCN1[C@@H](/C(=C(/c2c(nc3n2cccc3)C)\O)/C(=O)C1=O)c4ccc(cc4)Cl
decoy,C64352978,CC(=O)N[C@H](CC1=c2ccccc2=[NH+]C1)C(=O)NCCc3cc4c(c(c3)Cl)OCCO4
decoy,C09226289,CC(=O)Nc1ccc(cc1)c2nnc(o2)SCC(=O)Nc3c(c4c(s3)CCCC4)C#N
decoy,C39973384,CC(C)(C)[C@@H]1CCCC[C@@H]1NS(=O)(=O)c2cccc3c2nsn3
decoy,C20076438,CCN(CC)C(=O)[C@H]1CCCCN1S(=O)(=O)c2cc(ccc2N/N=C/c3ccc(cc3)N(C)C)[N+](=O)[O-]
decoy,C25406730,CC[C@@H](C)[C@@H](C(=O)Nc1cccc(c1)S(=O)(=O)/N=C/2\CCCCCN2)NC(=O)N
decoy,C48547577,c1cc(ccc1c2csc(n2)[C@H](C#N)C(=O)C(=O)Nc3ccc(cc3[N+](=O)[O-])C(F)(F)F)[N+](=O)[O-]
decoy,C41001607,CCC(CC)C(=O)Nc1nc(c(s1)c2nc(no2)c3ccc(cc3)C)C
decoy,C38672870,C[NH+]1CCN(CC1)[C@H](CNC(=O)c2cc(=O)c3ccccc3o2)c4ccc5c(c4)CCCN5C
decoy,C00984994,Cc1cc-2c(cc1C)NC(c3c2c(=S)n(s3)c4ccccc4OC)(C)C
decoy,C36684813,CCc1ccc(cc1)[C@@H](CNC(=O)CN2C(=O)C3(CCC(CC3)C)NC2=O)[NH+](C)C
decoy,C00711768,CC(C)N1[C@@H](C(SC1=S)(C)C)N(C(=O)Nc2ccc(cc2Cl)Cl)O
decoy,C33270594,CCc1c(c(no1)C)[C@H]2CCCN2C(=O)NC3CCCCC3
decoy,C19431922,c1cc(c(cc1F)c2cc([nH]n2)N)Br
decoy,C32979157,C[C@H]1C[C@H]1C(=O)Nc2cccc(c2)C(=O)NCCN3C(=O)/C(=C/c4ccc(cc4)Cl)/SC3=O
decoy,C42016450,Cc1cccc(c1C)n2c(nnn2)c3ccc(cc3N)N
decoy,C01045331,CCC(=O)N1C(=O)C(NC1=O)(c2ccccc2)c3ccccc3
decoy,C35428893,C[C@@H]1CCCCN1S(=O)(=O)c2ccc3c(c2)CCC(=O)N3CC(=O)NCc4ccc5c(c4)OCO5
decoy,C13064689,CC[C@@H](c1nnnn1C2CCCCC2)[NH+](CCCO)Cc3cc4cc(c(cc4[nH]c3=O)C)C
decoy,C35442675,CC1=C[C@H]([C@@H](C[C@H]1Cc2nnc(o2)c3ccc(cc3)N(C)C)C(C)C)C[NH+]4CCN(CC4)CCO
decoy,C16780426,CC[NH+](CC)Cc1ccc(cc1)CNC(=O)[C@H](C)NS(=O)(=O)c2ccc(cc2)Br
decoy,C14457691,Cc1ccc(c2c1N[C@@H]([C@@H]3[C@@H]2C=CC3)c4c(cc(cc4C)C)C)[N+](=O)[O-]
decoy,C40019228,CCCC[NH+](CCCC)CCCN1[C@H](C(=C(C1=O)[O-])C(=O)c2ccc(cc2)Br)c3ccc(o3)C
decoy,C41350506,Cc1cc2c(c(c1Cl)C)c(cc(=O)o2)CNC(=O)[C@H](C)Oc3c(c(c(c(c3F)F)F)F)F
decoy,C08880817,CC[C@H](c1nnc(n1Cc2ccccc2)SCc3ccc(cc3)n4cccn4)[NH+](C)C
decoy,C21030713,c1ccc2c(c1)CCN2C(=O)CN(Cc3ccco3)S(=O)(=O)c4ccccc4F
decoy,C66328540,C[C@@H](CC(=O)Nc1nnc(s1)c2ccccn2)NC(=O)C3CCCCC3
decoy,C13976378,CC(C)(C)c1ccc(cc1)OCC(=O)NC(=S)NNC(=O)c2ccc(cc2Cl)Cl
decoy,C01834218,C=C(c1ccccc1)NOCc2nc3ccccc3c(=O)n2/N=C/c4c[nH]nc4c5ccc(cc5)Br
decoy,C36024894,CCc1nc(c2c(nn(c2n1)c3ccc(cc3)C)C)NC4CCC(CC4)NC(=O)C5CCCC5
decoy,C63613218,Cc1ccc2=[NH+]CC(=c2c1)CCNC(=O)c3ccc4c(c3)NC(=O)/C(=C/c5ccccc5OC)/O4
decoy,C25790247,C[C@H](C(=O)N1CC(=O)Nc2c1ccc(c2)C(F)(F)F)OC(=O)c3ccc4cn[nH]c4c3
decoy,C08770134,c1ccc2c(c1)c(c[nH]2)CC[NH2+]C[C@H](Cn3cc(c4c3cccc4)/C=C/C(=O)c5ccc(cc5)Br)O
decoy,C39674468,CCCC[C@@H](C)C(=O)N1C[C@@H](C2(C1)CC[NH2+]CC2)C(=O)N[C@@H](C)C3=C(N=N[C@@H]3C)C
decoy,C12887088,COCCN1C(=O)[C@@H]2[C@H]([NH2+][C@@]3([C@@H]2C1=O)c4cc(ccc4NC3=O)Cl)Cc5c[nH]c6c5cccc6
decoy,C33250913,CC[C@@H](C)NC(=O)[C@H]1CCCN(C1)S(=O)(=O)c2c(noc2/C=C/c3c(cc(cc3C)C)C)C
decoy,C39312546,c1cc(ccc1C2=C3C(=NC(=NC3=O)NC4CCCCC4)SC2)Cl
decoy,C38965893,c1ccc(cc1)c2ccc(cc2)/C=N/N3[C@H](NN[C@@H]3S)[C@@H]4C=C(N=N4)c5ccccc5
decoy,C08603862,Cc1ccc(cc1C)n2c(=O)c3c(c4ccccc4s3)n(c2=O)CC(=O)NC5CCCC5
decoy,C09469245,Cc1ccc(cc1)NC(=O)[C@H](c2ccccc2)Sc3nnc(n3c4ccc(cc4)F)[C@@H](C)[NH+](C)C
decoy,C63303124,COC(=O)[C@H](CC1=c2ccccc2=[NH+]C1)NC(=O)[C@@H]3CC(=O)N(C3)c4ccc(cc4)Cl
decoy,C63698413,c1ccc(cc1)S(=O)(=O)N2CCC[C@H]2CNC(=O)C(=O)NCCC3=c4ccccc4=[NH+]C3
decoy,C09908196,Cc1ccc(c(c1)C)NC(=O)C2=C(Nc3ncnn3[C@@H]2c4ccc(cc4)OCc5ccccc5C)C
decoy,C17077157,Cc1ccc(cc1)[C@H]2C[C@H]2C(=O)NNC(=O)Nc3ccccc3C(F)(F)F
decoy,C36142660,CCc1cc2c(c(c1)N)O[C@H](CC2=O)c3ccc(cc3)C(C)C
decoy,C39628306,CCC[C@@H](C)C(=O)N1C[C@H](C2(C1)CC[NH2+]CC2)C(=O)NCCC[NH+]3CCCC[C@@H]3C
decoy,C60751483,Cc1ccc(c(c1)C)OC(=O)CN2CCCC2=O
decoy,C03227093,COc1ccccc1/C=N/n2cnnc2S[C@H]3c4cccc5c4c(ccc5)[C@@H]3NS(=O)(=O)c6ccc(cc6)Cl
decoy,C06196840,CCOc1ccc2c(c1)cc(c(=O)[nH]2)[C@@H](c3nnnn3C[C@H]4CCCO4)[NH+]5CCC(=CC5)c6ccc(cc6)F
decoy,C04036139,COc1cc(cc(c1OC)OC)[C@H]2CC3=C([C@H](Nc4ccccc4N3)c5cccc(c5)F)C(=O)C2
decoy,C09777225,CCCCN1[C@H]([C@@]23C=C[C@@H](O2)[C@@H]([C@@H]3C1=O)C(=O)Nc4ccc(cc4)OC)C(=O)N[C@@H]5CCC[C@@H]([C@@H]5C)C
decoy,C43527841,CCC(CC)c1cc(nc(n1)c2ccncc2)[C@H]3C[NH+]4CC[C@@H]3C[C@@H]4CNC(=O)C(C)(C)C
decoy,C22137874,Cc1c(c([nH]c1C(=O)CSc2nc3ccccc3c(=O)n2CC[NH+](C(C)C)C(C)C)C)C(=O)OC
decoy,C39654560,CCc1ccc(cc1)CCNC(=O)[C@@H]2CN(CC23CC[NH2+]CC3)C(=O)COc4cccc5c4oc(=O)cc5C
decoy,C55769689,Cc1cc(ccc1NC(=O)c2c(noc2C)C)OC(C)C
decoy,C12333467,CCC(CC)C(=O)N(Cc1ccc(cc1)OC)Cc2cc3ccc(cc3[nH+]c2N4CCC(CC4)O)F
decoy,C12979208,c1ccc(cc1)c2nc(co2)Cn3c(=O)c4ccccc4cn3
decoy,C08735996,CCC(CC)C(=O)Nc1c(nc2cccc(n2c1=O)C)C
decoy,C54771195,C[C@@H](c1ccc2c(c1)[nH]c(=O)[nH]2)NCc3cncs3
decoy,C09561020,CCOc1ccccc1NC(=O)[C@@H]2c3ccccc3C(=O)N([C@H]2c4cn(c5c4cccc5)C)CCOC
decoy,C31897609,CC[NH+](CC)Cc1nc2c(c(c(s2)C)C)c(=O)n1Cc3ccc(cc3)F
decoy,C43263113,CC[C@H]([C@@H](c1ccc(s1)Br)N2CCc3c(ccs3)[C@@H]2C)[NH3+]
decoy,C49201328,c1ccc(cc1)[C@@H]2CC(=NN2c3ccccc3)/C(=C(/C#N)\C(=O)c4ccco4)/[O-]
decoy,C63127535,CC(C)[C@H]1C(=CNN1c2cccc(c2)Cl)C(=O)NNC(=O)C3=c4ccccc4=[NH+]C3
decoy,C63117885,C[C@H](C(=O)N1CC(=O)Nc2c1cccc2)OC(=O)[C@H](CC3=c4ccccc4=[NH+]C3)NC(=O)C
decoy,C03285874,Cc1c2cc(sc2n(n1)c3ccc(cc3)Cl)C(=O)Nc4nc(cs4)c5cc(ccc5OC)OC
decoy,C02340399,Cc1ccc2c(c1)C([C@@]3(N2CC(=O)N3)/C=C/c4ccc(cc4)Cl)(C)C
decoy,C60183666,CCOc1cccc(c1)[C@H](C)NC(=O)CN2C(=O)[C@]3(C[C@@H](CC(C3)(C)C)C)NC2=O
decoy,C27145594,CCCn1c(=O)c2ccccc2c(n1)C(=O)NC[C@@H](c3ccc(cc3)CC)[NH+](C)C
decoy,C37034019,c1c2c(cc(c1NC(=O)[C@@H]3CCC[NH2+]3)Br)[nH]c(=O)[nH]2
decoy,C01791041,C[C@H](C(=O)Nc1ccccc1)Sc2nnc3n2c4c(c5c(s4)CO[C@H](C5)C(C)C)c(=O)n3Cc6ccccc6
decoy,C08916583,CCCOc1ccc(cc1OCC)[C@H]2c3ccc(cc3OC(=C2C#N)N)O
decoy,C14920820,CN(C)c1ccc(cc1/C=N/NC(=O)CNc2ccccc2I)[N+](=O)[O-]
decoy,C51148740,CC(C)(C)c1ccc(cc1)OCc2c(snn2)NN
decoy,C12379233,C/C(=N/O)/[C@H]1CC[C@@H]2[C@]1(CC[C@@H]3[C@@H]2CC=C4[C@@]3(CC[C@@H](C4)OC(=O)C)C)C
decoy,C36253861,Cc1ccc(cc1)Cn\2ccs/c2=N\C(=O)CN3C(=O)[C@]4(CCc5c4cccc5)NC3=O
decoy,C03226506,Cc1ccc(c(c1)C)C(=O)NNC2=CC[C@H](CC2)C(C)(C)C
decoy,C12367939,c1ccc(cc1)c2ccc(cc2)C(=O)/C(=C\c3cccc(c3)[N+](=O)[O-])/C(=O)c4ccc(cc4)N
decoy,C60371419,Cc1c(cccc1[N+](=O)[O-])NC(=O)CC[NH+](CCc2ccccn2)Cc3ccc(cc3)F
decoy,C12042928,CC[C@@H](C)C[NH+]1CCC(CC1)[C@]2(C(=O)N(C(=O)N2)CCc3ccc(cc3)OC)CC
decoy,C08867245,c1cc(cc(c1)F)C(=O)NC(C(F)(F)F)(C(F)(F)F)[NH2+]CCC23CC4CC(C2)CC(C4)C3
decoy,C24543578,Cc1ccc(cc1)S(=O)(=O)N/[NH+]=c\2/c(cc3ccccc3o2)C(=O)N
decoy,C39280318,c1ccc(cc1)C2=NN=C[C@H]2/C=N/NC(=O)CS[C@H]3N[NH2+]NN3c4ccc(cc4)Cl
decoy,C58161895,Cn1c(nn(c1=S)C[NH2+]C2(CCCCC2)c3ccc(cc3)Cl)C[C@@H]4CCS(=O)(=O)C4
decoy,C63732007,c1ccc2=[NH+]CC(=c2c1)C[C@H](C(=O)NC3CCCCCC3)NS(=O)(=O)c4ccc5c(c4)CCC(=O)N5
decoy,C12428478,c1cc(c(cc1Cl)/C=[NH+]/NC(=O)c2c(n(nn2)c3c(non3)N)C[NH+]4CCCCCC4)[O-]
decoy,C36206834,Cc1c2c(=O)[nH]c(nc2sc1C(=O)OC(C)C)C[NH+](Cc3ccccc3)C[C@@H](COC(C)(C)C)O
decoy,C05556228,C=CCN1[C@@H](c2c(=O)c3ccccc3oc2C1=O)c4ccc(cc4)Cl
decoy,C38990431,c1ccc(cc1)C2=C[C@@H](N=N2)[C@H]3NN[C@@H](N3N)SCC(=O)NC4CCCCC4
decoy,C36032531,CC(C)C[C@H]1C(=O)N(C2([NH2+]1)CCN(CC2)C(=O)c3ccccc3)Cc4cccc(c4)C(F)(F)F
decoy,C59057776,C[C@H]1C[C@@H](C[NH+](C1)Cc2ccc(cc2)CNC(=O)CN(C)S(=O)(=O)c3ccc(cc3)C#N)C
decoy,C64870184,COc1ccc(cc1)n2c(=O)c3ccc(cc3[nH]c2=O)[C@H]4N[C@H](NO4)c5cccc(c5)C(F)(F)F
decoy,C57992246,C[C@H]1CCCC[NH+]1CCNC(=O)[C@@H]2C[C@@H]3CCCN3[C@@]24c5ccccc5NC4=O
decoy,C05865498,c1ccc2c(c1)OC[C@@H](O2)C(=O)N/N=C/3\CCCC[C@@H]3C4CCCCC4
decoy,C20546378,CC[C@H](c1cc(ccc1O)Br)[NH2+]Cc2ccc(cc2)Cl
decoy,C02739841,CC[C@H]1CCc2c(sc(c2C(=O)N)NC(=O)[C@H](CC)c3ccccc3)C1
decoy,C01897914,CCOc1ccc(cc1)n2c(nnc2SCC(=O)NNC(=C)c3cccc(c3)[N+](=O)[O-])c4ccc(cc4)Cl
decoy,C19285968,CC[C@@]1(C(=O)N(C(=O)N1)NC(=O)CSc2nc3cc(sc3c(=O)n2CC=C)c4ccccc4)C
decoy,C66801206,Cc1ccc(cc1)O[C@@H](C)C(=O)Nc2ccccc2S[C@H](C)CC#N
decoy,C06409198,Cc1ccc2c(c1)cc(c(=O)[nH]2)[C@H](c3nnnn3C[C@@H]4CCCO4)[NH+](Cc5ccccc5)Cc6cccs6
decoy,C63385623,C[C@@H]1c2ccc(c(c2OC(=O)[C@@H]1CC(=O)NCCC3=c4cc(ccc4=[NH+]C3)OC)OC(=O)C)OC(=O)C
decoy,C21721968,Cc1cc(ccc1NC(=O)CN2c3ccccc3NC4=C([C@@H]2c5ccco5)C(=O)CCC4)Cl
decoy,C31173732,CCN(CC(=O)Nc1c(cccc1F)F)C(=O)CSCc2[nH]c(=O)c3c4c(sc3n2)CCC4
decoy,C57432639,CCCCNC(=O)NC1(CCCCC1)C(=O)N[C@H]2CCCCNC2=O
decoy,C36442627,Cc1c(c(n(n1)c2ccccc2)C)NC(=O)CN3CCc4c(ccs4)[C@@H]3c5cccs5
decoy,C54624400,CCCCOc1cccc(c1)[C@@H]2C(=C(Nc3n2nc(n3)SCc4ccccc4Cl)C)C(=O)OCC
decoy,C19627968,C=CCN(c1nc(cs1)c2ccccc2)C(=O)Cn3c(=O)c4ccccc4c(n3)C(=O)N
decoy,C45540963,c1cc(ccc1c2nc([nH]n2)SCc3nc(nc(n3)Nc4ccc(cc4)F)N)Cl
decoy,C12645013,C[C@@H](C(=O)Nc1ccc(cc1)C#N)Sc2nnc(n2c3ccc(cc3)Cl)c4c[nH]c5c4cccc5
decoy,C53110870,Cc1c(nc2ccccc2n1)N[C@]3(CCC[C@H](C3)C)CO
decoy,C44254587,Cc1csc(c1c2ccc(o2)[C@@H](CC(=O)N)[NH3+])C(=O)OC
decoy,C39669774,CC(C)(CNC(=O)[C@@H]1CN(CC12CC[NH2+]CC2)C(=O)c3ccc(o3)c4ccccc4F)N5CCOCC5
decoy,C36024453,CC[C@@H](C)[C@@H]1C(=O)N(C2([NH2+]1)CCN(CC2)S(=O)(=O)c3cccc(c3)C(F)(F)F)Cc4ccc(cc4)F
decoy,C35747350,COCC[NH+](Cc1[nH]c(=O)c2c(csc2n1)c3ccc(cc3)Cl)C[C@@H](COc4ccccc4)O
decoy,C38604042,Cc1ccc(cc1)C2=NN=C[C@@H]2/C=N/N3[C@H](Nc4ccccc4C3=O)C
decoy,C08020942,CC1([C@@H](N2[C@@H](S1)[C@@H](C2=O)Nc3cc(nc(n3)SC)c4ccccc4)C(=O)[O-])C
decoy,C13255496,Cc1cc(cc(c1O[C@@H](C)C(=O)NNC(=O)C[C@@](C)(c2ccccc2)C(=O)[O-])C)Cl
decoy,C04276755,c1cc(ccc1[N+](=O)[O-])Oc2c(cc(cc2Cl)S(=O)(=O)NC(=[NH2+])CCl)Cl
decoy,C14548460,c1cc(sc1)[C@@H]2[C@H]3CC=C[C@@H]3c4cc(ccc4N2)C(=O)N
decoy,C20591101,CCCC(=O)N1CCN(CC1)c2c(c3c(c(n2)C)CCCC3)C#N
decoy,C14990129,CCC[C@@]1(C(=O)N(C(=O)N1)CCc2ccccn2)C3CC[NH+](CC3)Cc4ccc5c(c4)CCO5
decoy,C00709395,CC1(CC2(CC([NH2+]1)(C)C)[C@](N(C(=O)O2)CCNC(=O)CCc3cc(c(c(c3)C(C)(C)C)O)C(C)(C)C)(C)O)C
decoy,C11591727,C[C@@H](c1ccc2ccccc2c1)NC(=O)CSc3nnc(n3N)c4cccs4
decoy,C13506497,c1ccc(c(c1)[C@@H](C(=O)NC2CCCCC2)N(c3cccnc3)C(=O)CNC(=O)c4cccs4)F
decoy,C22239437,C[C@H](C(=O)c1ccc2c(c1)CCC2)Sc3nnc(n3C4CC4)N5CCOCC5
decoy,C06194782,Cc1cc2cc(c(=O)[nH]c2cc1C)[C@@H](c3nnnn3C4CCCC4)[NH+]5CCN(CC5)c6ccc(cc6)OC
decoy,C13063718,CCc1ccc2c(c1)cc(c(=O)[nH]2)C[NH+](Cc3ccc(cc3)C)[C@H](CC)c4nnnn4C5CCCC5
decoy,C02625793,CC[NH+](c1ccc(cc1)NC(=O)CN2C(=O)[C@]3(CCOc4c3cccc4)NC2=O)C(C)C
decoy,C64407879,CC(C)C1=NC(=NC(=O)C1)n2c(cc(n2)c3cccs3)NC(=O)Cc4ccc(cc4)Cl
decoy,C24089792,CC(C)(c1ccccc1)c2ccc(cc2)OC[C@H](CN3C(=O)C4(CCCCCC4)NC3=O)O
decoy,C03945127,c1cc(ccc1C=NNc2nc(cnn2)[O-])C(F)(F)F
decoy,C35326985,CCCCOC(=O)[C@@H](Cc1c[nH]c2c1cccc2)NC(=O)c3coc(n3)[C@H]4CCC[NH2+]C4
decoy,C44714429,Cc1c(c2cc(ccc2[nH]1)C#N)CCNC(=O)[C@@H]3CN(CC34CC[NH2+]CC4)C(=O)c5ccccc5OC
decoy,C39766970,CC[C@@H](C(=O)Nc1nnc(s1)C)Sc2nnc(n2c3ccccc3)CC(=O)Nc4ccc(cc4C)C
decoy,C12492875,Cc1cc(c(cc1Br)C(C)C)OCC(=O)NNC(=O)c2ccc(c(c2)[N+](=O)[O-])Cl
decoy,C24106052,CCC[NH+](Cc1[nH]c(=O)c2c(csc2n1)c3ccco3)Cc4nnc(o4)c5cccs5
decoy,C28402837,CCc1ccc(cc1)[C@H](CNC(=O)c2cc(=O)c3cc(c(cc3o2)C)Cl)[NH+]4CCCCC4
decoy,C22345129,CC[C@H]1CCCC[NH+]1CCCNC(=O)CN(c2ccc(cc2)C)S(=O)(=O)c3ccc(cc3)SC
decoy,C35226226,Cc1ccc(cc1)n2c(nnc2SCc3ccccc3)[C@@H](C)NC(=O)NC4CCCCC4
decoy,C42438879,Cc1c(nnc(c1C#N)N(CC(=O)N)C2CCCC2)C
decoy,C62541546,c1c(c(c2c(c1Cl)nc(o2)C3CCCC3)Cl)N
decoy,C11817701,c1ccc2c(c1)CCN(C2)C(=O)C[C@@H]3C(=O)NCC[NH+]3Cc4cccc(c4F)F
decoy,C23460724,CCn1c(nnc1SCc2cc(oc-3c/c(=[NH+]\C(=O)C)/ccc23)O)Cc4ccccc4
decoy,C02074252,Cc1ccc(cc1)NCc2nnc(n2c3ccccc3)SCC(=O)Nc4c(c5c(s4)CCCC5)C#N
decoy,C21079605,C/C(=N\Nc1[nH]nc(n1)SCC(=O)NC(c2ccccc2)c3ccccc3)/c4ccc5c(c4)OCO5
decoy,C39765855,CC[C@H](C(=O)Nc1nccs1)Sc2nnc(n2C)[C@@H](C)NC(=O)c3ccc(c(c3)Cl)Cl
decoy,C06149411,CCC(C)(C)n1c(nnn1)[C@H](c2cc3cc(cc(c3[nH]c2=O)C)C)[NH+]4CCC(=CC4)c5ccc(cc5)F
decoy,C14548383,COc1ccc(cc1)NS(=O)(=O)c2ccc3c(c2)[C@H]4C=CC[C@H]4[C@@H](N3)c5cccs5
decoy,C63439091,c1cc(oc1)c2nc(cs2)/C=C/3\C(=O)OC(=N3)c4ccsc4
decoy,C08937650,c1c(cn2c(c1Cl)nnc2SCC(=O)N3CC(=O)NC(=O)C34CCCCC4)C(F)(F)F
decoy,C44792119,C[C@@H]1CCCC[C@@H]1N(C)C(=O)C2(CCCC2)/C(=N/O)/N
decoy,C59022142,Cc1cc(ccc1NC(=O)CSc2nc([nH]n2)N/N=C(/C)\c3ccc4ccccc4c3)Cl
decoy,C09353461,CCN(CC)S(=O)(=O)c1ccc(c(c1)NC(=O)CN2C(=O)C3(CCCC3)NC2=O)N4CCCC4
decoy,C64977050,c1ccc2cc(ccc2c1)S(=O)(=O)NCc3ccc4c(c3)CCN4C(=O)c5ccc(cc5)F
decoy,C40744525,CCOc1cc(cc(c1OCc2ccccc2C)Br)C[NH2+]CCNC(=O)c3c(non3)N
decoy,C20905625,COC(=O)c1ccc(cc1)/C=N/Nc2[nH]nc(n2)SCC(=O)Nc3ccccc3Br
decoy,C03547745,C[C@H](c1ccc(cc1Cl)Cl)NC(=O)[C@H](C)OC(=O)c2ccc3c(c2)OCO3
decoy,C05106536,CCn1c(=O)c2c(c3ccccc3[nH]2)nc1SCC(=O)Nc4nc(cs4)C
decoy,C63229077,CC(=O)N[C@@H](CC1=c2ccccc2=[NH+]C1)C(=O)Nc3cccc(c3)S(=O)(=O)/N=C\4/CCCN4
decoy,C21256105,COc1ccc(cc1OC)[C@@H]2CC(=O)NC3=C2C(=O)C[C@@H](C3)c4ccc(c(c4)Cl)Cl
decoy,C09843463,CCCn1c2cccnc2c(=O)n(c1=O)Cc3ccc(cc3)C
decoy,C60030526,c1ccc(cc1)CCc2ccccc2C(=O)NC[C@H]3CCN(C3)c4ccc(cc4)F
decoy,C15203270,c1ccc2c(c1)c(c[nH]2)[C@H]3C[C@](N(N3)C(=O)N)(C(F)(F)F)O
decoy,C09487658,Cc1cccc2c1NC(=O)[C@@]23[C@]4(c5ccccc5NC4=O)[C@@H]([C@H]6[NH+]3CCC6)C(=O)c7ccccc7Cl
decoy,C44881666,Cc1c(c(c([nH]1)c2ccc(cc2)Br)O)C(=O)OC(C)(C)C
decoy,C39741320,c1ccc2=[NH+]CC(=c2c1)C3=NN[C@@H](O3)SCC(=O)NC45CC6CC(C4)CC(C6)C5
decoy,C43218820,CC(C)(C)N1C(=O)[C@H]2[C@H]([NH2+][C@@]([C@@H]2C1=O)(c3ccccc3)C(=O)[O-])c4cccc(c4)OC(F)(F)F
decoy,C64028803,C[C@H]1C(=c2ccccc2=[NH+]1)CC(=O)Nc3ccc(cc3)[C@@H]4C=N[C@@H](O4)C
decoy,C33034404,Cc1ccccc1S(=O)(=O)Nc2cc(ccc2N3CC[NH2+]CC3)C(=O)NCc4ccccc4F
decoy,C11979848,Cc1cc(n(n1)C)NC(=O)CSc2nnc(n2C3CCCCC3)Cc4cccs4
decoy,C04525602,C[C@H]1CCc2c(sc3c2C(=O)N[C@@H](N3)c4ccc(cc4OC)OC)C1
decoy,C37892081,CCNC(=O)C[NH2+][C@@H]1CCCCC[C@H]1O
decoy,C21263926,CC1(CC(CC([NH2+]1)(C)C)NC(=S)N(Cc2ccncc2)C3CC([NH2+]C(C3)(C)C)(C)C)C
decoy,C13023325,Cc1cc(c2cc(c(=O)[nH]c2c1)[C@H](c3nnnn3Cc4ccco4)[NH+]5CCN(CC5)c6ccccc6OC)C
decoy,C20283820,CCOC(=O)C1=C(NC(=O)N[C@H]1c2cccc(c2OC)OC)CN3CCN(CC3)c4ccc(cc4)[N+](=O)[O-]
decoy,C64600229,C[C@H]1c2cc(c(cc2OC(=O)[C@H]1CC(=O)N[C@@H](C)CC3=c4ccccc4=[NH+]C3)O)Cl
decoy,C05298022,c1ccc(cc1)c2c(n3c(n2)SC=C(N3)c4ccc(cc4)Oc5ccccc5)Br
decoy,C39466782,CC1=C([C@H](N(N1)C)Cl)C[NH+]2CCc3c4ccccc4[nH]c3[C@@H]2c5ccc(cc5)F
decoy,C19075009,C[C@@H]1CCCCN1C(=O)NCCCCCCNC(=O)N2CCCC[C@H]2C
decoy,C17048410,Cc1ccc(c(c1)C)NC(=O)[C@@H](C)OC(=O)CN2C(=O)C3(CCC(CC3)C(C)(C)C)NC2=O
decoy,C37316724,C[C@H](C1CCCCC1)Nc2ccc(cc2)S(=O)(=O)NC
decoy,C35871003,C=CCNC(=O)[C@H]1Cc2cc(ccc2N3[C@@H]1C[NH+](CC3)Cc4ccc(cc4)F)[N+](=O)[O-]
decoy,C65519628,CCOc1cc2c(cc1NC(=O)NC[C@H]3CC[NH+](C3)C(C)C)O[C@H](C2)C
decoy,C63485916,C[C@@H]1c2ccc(cc2OC(=O)[C@H]1CC(=O)NCCC3=c4cc(ccc4=[NH+]C3)Cl)OCC(=C)C
decoy,C05351864,CC(C)C[C@@H]1[C@@H]2[C@@H](C(=O)N(C2=O)C(C)(C)C)[C@]3([NH2+]1)c4cccc(c4NC3=O)Cl
decoy,C19805014,c1ccc2c(c1)C=CN3[C@@H]2C([C@H]([C@@H]3C(=O)N)c4cccc(c4)I)(C#N)C#N
decoy,C14621684,c1ccc(cc1)OCc2ccc(o2)C(=O)NCCN3C(=O)/C(=C/c4ccccc4F)/SC3=O
decoy,C31057666,CC[C@H](Cc1ccccc1)CNC(=O)[C@H]2CCC[NH+](C2)Cc3nc(no3)c4cccs4
decoy,C03359362,Cc1cc(cc(c1)n2c(nnc2SCC[NH2+]CCO)c3ccc(cc3)Br)C
decoy,C17329589,CSCC[C@H](C(=O)NNC(=O)c1cccc(c1)[N+](=O)[O-])NC(=O)c2ccccc2Br
decoy,C01432437,c1c2c(cc(c1N3CCCCCC3)F)nc(c(n2)N)C#N
decoy,C09713033,CCC(CC)c1nnc(s1)NC(=O)c2cccc(c2)N3C(=O)c4ccccc4C3=O
decoy,C39696245,CCc1ccc(cc1)[C@H](C)NC(=O)[C@H]2CN(CC23CC[NH2+]CC3)C(=O)COc4cccc5c4oc(=O)cc5C
decoy,C19940906,Cc1ccc(c2c1cc(c(=O)[nH]2)[C@H](c3nnnn3C[C@@H]4CCCO4)N5CCN(CC5)c6ccccc6OC)C
decoy,C56953484,C[C@@H]1c2ccsc2CCN1C(=O)NCc3ccccc3N4CCCC4
decoy,C14532123,CC[C@H](C)C[NH+]1CCC2(CC1)C(=O)N(C(=O)N2CC)CCCc3cccnc3
decoy,C12635731,CC[NH+]1CCC[C@H]1CN(Cc2cc3ccc(c(c3[nH]c2=O)C)C)C(=S)NCCc4ccc(c(c4)OC)OC
decoy,C00887279,Cc1ccc(cc1)c2nnn(n2)CC(=O)N(CCc3ccccc3)[C@@H](c4ccc(o4)C)C(=O)NC5CCCC5
decoy,C63137126,COc1ccc(cc1)CCN2CC(=O)N3[C@H](C2=O)CC4=c5ccccc5=[NH+][C@H]4[C@@H]3c6cccc(c6OC)OC
decoy,C62856352,Cc1c(cccc1S(=O)(=O)N)NC(=O)[C@@]2(CCC[NH2+]C2)C
decoy,C13132575,c1ccc(cc1)n2cc(c(n2)c3cccs3)[C@@H]4[C@@H]([C@](NC(=O)N4)(C(F)(F)F)O)C(=O)c5cccnc5
decoy,C36490435,CC(C)(C)NC(=O)[C@@H](c1ccc(cc1)C(F)(F)F)N(C2CCCCC2)C(=O)CNC(=O)c3ccccc3
decoy,C33033599,CCN(CC)C(=O)c1ccc(c(c1)NS(=O)(=O)c2cc(c(cc2C)C)C)N3CC[NH2+]CC3
decoy,C01898165,Cc1c2cc3c(cc2oc(=O)c1CCC(=O)N4CC[C@@]5(CCCC[C@@H]5C4)O)occ3c6ccc(cc6)c7ccccc7
decoy,C08164265,CCn1c2ccc(cc2nc1C[NH2+][C@H](C)c3ccccc3OC)S(=O)(=O)N(C)C
decoy,C22567248,CC(C)c1ccc(cc1)[C@H]2CC3=C([C@H](n4c5ccccc5[nH+]c4N3)/C=C/c6ccccc6)C(=O)C2
decoy,C09250795,CCCCc1c(nn(c1C)c2nc(c(s2)C(=O)Nc3ccccc3C)C)C
decoy,C29509191,c1ccc2c(c1)C[C@H](N(C2)C(=O)c3ccco3)C(=O)Nc4ccc(cc4)Cl
decoy,C01790623,Cc1ccccc1NC(=O)CSc2nnc3n2c(nc4c3c5c(s4)COC(C5)(C)C)SCc6ccccc6
decoy,C06016911,Cc1cc(cc(c1c2c(c([nH]n2)C)Oc3ccccc3)O)OCc4cnn(c4)c5ccccc5
decoy,C45074574,CC(=CC[C@](C)(COC(=O)[C@@]12CC[C@@H](C1(C)C)CC2=O)c3ccccc3)C
decoy,C44784901,CC(C)CN(C)C(=O)C1(CCCCCC1)/C(=N/O)/N
decoy,C64871211,CCOc1ccc(cc1)[C@H]2N[C@@H](ON2)c3ccc4c(c3)[nH]c(=O)n(c4=O)Cc5ccc(cc5)Cl
decoy,C03047716,CC[NH+](CC)C[C@H](C)CNC(=O)c1c(c2cc(ccc2o1)S(=O)(=O)N3C[C@@H](C[C@@H](C3)C)C)C
decoy,C20667034,CCN(c1ccccc1)S(=O)(=O)c2ccc(c(c2)[N+](=O)[O-])Sc3nnc(o3)c4ccccc4
decoy,C58057531,CCc1ccc(cc1N)c2cc(=O)[nH]c(n2)c3ccccn3
decoy,C54456885,C[C@H]1[C@@H](Oc2ccccc2O1)C(=O)NCC3(CCCCC3)[NH+](C)C
decoy,C64890537,Cc1ccc(cc1)S(=O)(=O)N[C@H]([C@@H]2[NH+]=C(NO2)c3ccc4c(c3)[nH]c(=O)c(=O)n4C)C(C)C
decoy,C19809867,CCCCOC(=O)c1ccc(cc1)N2C(=O)C[C@@H](C2=O)[NH2+]CCc3ccc(cc3)S(=O)(=O)N
decoy,C14475892,CN1CCN(CC1)S(=O)(=O)c2ccc3c(c2)[C@@H]4C=CC[C@@H]4[C@@H](N3)c5cc(ccc5O)[N+](=O)[O-]
decoy,C05066285,COc1ccc(cc1)N2CN=c3n(c(=O)/c(=C/c4cccs4)/s3)C2
decoy,C12477282,Cc1ccc(o1)c2nnn(n2)CC(=O)N(c3cccc(c3)O)[C@@H](c4ccc(cc4)Cl)C(=O)NC(C)(C)C
decoy,C14744032,Cn1c2c(c(n1)C(=O)N3CCCCC3)C[C@@H](CC2)[NH2+]CC(c4ccccc4)c5ccccc5
decoy,C30904037,c1ccc(cc1)CN2C(=O)C[C@@H](C2=O)[NH+]3CCc4c5cc(ccc5[nH]c4C3)Cl
decoy,C08918079,Cc1cc2c(c(c(c(=O)o2)C)C)c(c1)O[C@@H](C)C(=O)NCCCCCC(=O)N3CC[C@]4(CCCC[C@H]4C3)O
decoy,C40322161,CCOc1ccc(cc1)[C@@H](CNC(=O)c2ccc(o2)S(=O)(=O)c3ccc(cc3)Cl)[NH+]4CCCC4
decoy,C06149062,CCC(C)(C)n1c(nnn1)[C@@H](c2cc3cc(c(cc3[nH]c2=O)C)C)[NH+](CCc4ccccc4)Cc5ccccc5
decoy,C20576435,CC1CCN(CC1)c2nnc(s2)n3cccc3CNCCC[NH+](C)C4CCCCC4
decoy,C12532756,C[C@H](C(=O)Nc1cc(ccc1Cl)S(=O)(=O)N2CCCCC2)OC(=O)/C=C/c3ccc4c(c3)OCO4
decoy,C12485994,c1ccc(cc1)[C@@H](C(=O)NC[C@H]2CCCO2)N(c3cccc4c3cccc4)C(=O)CNC(=O)c5ccco5
decoy,C38672989,C[NH+]1CCN(CC1)[C@H](CNC(=O)c2cc(ccc2Br)OC)c3ccc4c(c3)CCCN4C
decoy,C16763444,C[C@H](C(=O)NC1CCCCCC1)Sc2nnc3n2c4ccccc4s3
decoy,C08791762,C[C@]12CCC(=O)C=C1CC[C@H]3[C@@H]2CC[C@]4([C@@H]3CC[C@@]4(C(=O)COC(=O)CCC(=O)NCC5CCCCC5)O)C
decoy,C63735679,C[C@H]1C[C@H]1C(=O)Nc2ccc(cc2C(=O)N3CCC4(CC3)OCCO4)F
decoy,C12756567,CCN(c1ccccc1)S(=O)(=O)c2ccc(cc2)S(=O)(=O)N3CCCCC3
decoy,C36013993,CCN1C(=C([C@@H](NC1=O)c2ccc(cc2)Cl)C(=O)OCC)CN3CCN([C@@H](C3)C)C(=O)NC(C)(C)C
decoy,C63374819,CCOc1c(cccc1OC)[C@H]2CN3C(=O)CN(C(=O)[C@@]3([C@@H]4C2=c5ccccc5=[NH+]4)C)Cc6ccc(cc6)C
decoy,C20154437,c1cc(c(cc1c2nc3cc(ccc3o2)Cl)Cl)C(=O)N
decoy,C64061256,c1ccc2cc(ccc2c1)C[NH+]3CCNC(=O)[C@H]3CC(=O)NCCC4=c5ccccc5=[NH+]C4
decoy,C11121065,CC(C)(C)NC(=O)C[NH+]1CCN(CC1)C(=O)CSc2nc3ccccc3c(=O)n2Cc4ccco4
decoy,C05057491,CC[NH+](CC)CCSc1nnc(s1)NC(=O)[C@H]2CC(=O)N(C2)c3ccccc3
decoy,C39554905,c1cc2c(cc1C(=O)Nc3nc(cs3)c4cc([nH]c4)C(=O)N)NC(=O)CS2
decoy,C64117927,c1ccc2=[NH+][C@H](C(=c2c1)Cl)C(=O)Nc3ccc(cc3)NC(=O)NC4CC4
decoy,C38684609,CCOc1ccccc1C(=O)Oc2ccc3c(c2)OC(=C([C@@H]3c4cccc(c4)OCC=C)C#N)N
decoy,C40323889,C[C@@]12CC[C@@H](C1(C)C)C[C@H]2NS(=O)(=O)c3c[nH]nc3N
decoy,C20895461,Cc1cc2c(cc(=O)oc2cc1C)CN3C(=O)[C@@]4(CCCCc5c4cccc5)NC3=O
decoy,C04164119,c1ccc(cc1)c2nnc3n2nc(cc3)SCC(=O)Nc4ccc(cc4F)F
decoy,C26728357,c1ccc2c(c1)cc(o2)C(=O)N3CC[NH+](CC3)CC(=O)Nc4c(c5c(s4)CCCC5)C(=O)N
decoy,C09408990,CCCOc1ccc(cc1)[C@H]2C3=C(N=N[C@H]3C(=O)N2Cc4ccco4)c5ccccc5O
decoy,C35971623,CC(C)[C@@H](C(=O)NC[C@H]1CCCO1)N2CC3=C(C2=O)[C@@H](NC(=O)N3CC=C)c4ccccc4C(F)(F)F
decoy,C13636986,c1cc(ccc1[C@@H]2[C@H]3CC=C[C@@H]3c4c(ccc(c4N2)F)[N+](=O)[O-])O
decoy,C14542567,CCN(CC)C(=O)CO[C@@H]1CN(CC(=O)N(C1)Cc2ccc(cc2)OC)C(=O)c3ccc(o3)OC
decoy,C40207996,c1ccc2c(c1)nc(n2CC(=O)N(C3CCCCC3)C4CCCCC4)CCCNC(=O)c5ccc(cc5)F
decoy,C08619120,CC[NH+]1CCc2c(sc(c2[C@H](C)NC(=O)Nc3ccc(cc3)Br)n4cccc4)C1
decoy,C55393790,CCc1cc(=O)oc2c1ccc3c2CN(CO3)Cc4ccco4
decoy,C46550028,CCCNC(=O)CN(C)c1c2c3c(sc2nc(n1)CN4CCOCC4)CCCC3
decoy,C35734371,Cc1ccc(c(c1S(=O)(=O)N[C@H](C)[C@H]2CCCO2)C)N
decoy,C38659794,COc1ccc(c(c1)[C@H]2c3ccc(cc3OC(=C2C#N)N)OC(=O)c4cc(c(c(c4)OC)OC)OC)OC
decoy,C56956944,CC(C)COc1cccc(c1)CNC(=O)NNC(=S)NC2CCCC2
decoy,C05299775,CN(C1CCCCC1)C(=O)Nc2c[nH]c3c2cccc3
decoy,C66390443,C[C@H](C(=O)NC(=O)N)[NH2+]CC1(CCOCC1)c2ccc(cc2)F
decoy,C07754879,Cc1ccc(cc1C)Nc2nnc(s2)S[C@H](C)C(=O)N[C@@](C)(C#N)C(C)C
decoy,C34830606,Cc1ccc(cc1)[C@H]2c3ccsc3CC[NH+]2CCC(=O)N4CCN([C@@H](C4)C)S(=O)(=O)c5ccccc5
decoy,C46728398,c1ccc2c(c1)OC[C@@H](O2)CNC(=O)N3CCC[C@H](C3)C(F)(F)F
decoy,C04481710,c1ccc(cc1)C(c2ccccc2)[NH+]3CC(C3)SCC(=O)NNC(=O)Nc4ccccc4
decoy,C01894479,C=C(c1cccc2c1cccc2)NNC(=O)CSc3nnc(n3c4ccc(cc4)Cl)c5ccc(cc5)Cl
decoy,C09494064,c1ccc(cc1)c2cc3c(=O)[nH]c(nc3s2)CSc4nnc(s4)NC[C@H]5CCCO5
decoy,C38663887,CC(C)(C)OC(=O)N[C@@H](Cc1c[nH]c2c1cccc2)[C@H]3N=N[C@H](O3)SCc4ccc(c(c4)Cl)Cl
decoy,C13204903,Cc1ccc(cc1)c2nnc(n2CC(=O)[O-])SCC(=O)Nc3ccc(cc3C)C
decoy,C02737666,CC[C@H]1CCc2c(sc(c2C(=O)N)NC(=O)COc3ccc(cc3)Cl)C1
decoy,C39488196,C[C@]1(CN(C(=O)N1CC2(CCN(CC2)F)C3CCCCC3)c4ccccc4O)c5ccccc5O
decoy,C09056296,C[C@@H](C(=O)c1c[nH]c2c1cccc2)Sc3nnc(n3CC=C)[C@@H]4COc5ccccc5O4
decoy,C61555586,C[C@H](c1ccccn1)[NH2+]Cc2cn(nc2c3ccc(cc3)[N+](=O)[O-])c4ccccc4
decoy,C27663600,Cc1ccc(cc1)[C@H](CNC(=O)c2c(c3cc(ccc3o2)Cl)C)[NH+]4CCCCCC4
decoy,C08623444,CC(=O)c1ccc(cc1)NC(=O)OC[C@H]2C[C@@H]3CC[NH+]2C[C@@H]3c4cc(nc(n4)c5ccncc5)C6CCCC6
decoy,C16631012,c1ccc(cc1)Cn2c(nnc2SCC(=O)c3c(n(c(=O)[nH]c3=O)C4CC4)N)c5ccc(cc5)F
decoy,C20182164,C[C@]12C[C@H](c3cccc(c3O1)OC)NC(=O)N2c4cccc(c4)C(=O)NCc5cccs5
decoy,C06134080,CC(C)CCNC(=O)[C@@H](CC(C)C)N(Cc1ccc2c(c1)OCO2)C(=O)c3c(c(ns3)C(=O)N)N
decoy,C35972994,CCc1c(c(n(n1)c2ccc(cc2)OC)Oc3ccc(cc3F)F)CN(C[C@@H]4CCCO4)C(=O)NCC
decoy,C12916915,CCc1ccc(cc1)[C@H](c2cccs2)N[C@H](C)C(=O)Nc3ccc4c(c3)[nH]c(=O)[nH]4
decoy,C15670100,CCOc1ccc(cc1OC)[C@@H]2CC(=O)Nc3c2c(nn3c4nc(cnn4)c5ccc(cc5)C)C
decoy,C36594064,Cc1ccc(cc1)S(=O)(=O)CNC(=O)[C@H](c2ccc(cc2)OC)N(C(=O)Cc3ccccc3)C(C)(C)C
decoy,C35344387,Cc1ccc(cc1)c2nnc(s2)NC(=O)[C@@H](C(C)C)NS(=O)(=O)C[C@@]34CC[C@@H](C3(C)C)CC4=O
decoy,C16022099,CC[C@H](C)N1C(=O)[C@H]2[C@H]([NH2+][C@]3([C@H]2C1=O)c4cc(ccc4NC3=O)Cl)CC(C)C
decoy,C63295612,c1ccc2=[NH+][C@H]3CN(CCC3=c2c1)C(=O)NCCC(=O)N4CCN(CC4)c5cccc(c5)C(F)(F)F
decoy,C00783156,Cc1ccccc1NC(=O)C(=CNc2ccccn2)C(=O)Nc3ccccc3C
decoy,C13063998,CC[C@@H](c1nnnn1CCOC)[NH+](CCc2ccc(c(c2)OC)OC)Cc3cc4ccc(cc4[nH]c3=O)C
decoy,C39636931,CCC[C@@H](C)C(=O)N1C[C@H](C2(C1)CC[NH2+]CC2)C(=O)NCc3cc(c(c(c3)OC)OC)OC
decoy,C64369810,c1cc(sc1)C2=CCC(=O)N(N2)CC(=O)NCCC3=c4cc(ccc4=[NH+]C3)Cl
decoy,C61658490,Cc1cccc(c1OCc2cccnc2/C(=N/O)/N)C
decoy,C06192991,CC[NH+](CC)CCCN(Cc1cc2cc3c(cc2[nH]c1=O)OCCO3)C(=S)NCCOC
decoy,C39898854,CCCCCOc1ccc(cc1)[C@H]2c3c(n[nH]c3C(=O)N2Cc4ccccc4)c5cc(ccc5O)Cl
decoy,C50310000,CC(C)c1c(c(n[nH]1)C(=O)N2CC[C@@H]3CCCC[C@H]3C2)N
decoy,C36598862,Cc1ccc(o1)CN([C@@H](c2c(cc(cc2O)O)O)C(=O)NC(C)(C)C)C(=O)Cc3ccc4c(c3)OCO4
decoy,C20257622,Cc1ccc(c(c1NS(=O)(=O)N(C)C)C)N
decoy,C15874676,c1cc(c(cc1Cl)Cl)C(=O)NNC(=S)NC2CCCCC2
decoy,C36147588,c1cc(ccc1[C@H](CNC(=O)C23CC4CC(C2)CC(C4)C3)O)[N+](=O)[O-]
decoy,C39686541,C[C@H](Cc1ccccc1OC)NC(=O)[C@H]2CN(CC23CC[NH2+]CC3)C(=O)[C@@H](C)Oc4ccccc4
decoy,C01306053,C[C@@H](C(=O)Nc1ccccc1)Sc2nnc3n2c4c(c5c(s4)CCCC5)c(=O)n3C
decoy,C03600259,CC(C)CNC(=O)CSc1nc2c(c3c(s2)CCCC3)c(=O)n1C4CCCC4
decoy,C36146366,c1ccc(cc1)COC[C@@H](C[NH+](Cc2ccc(cc2)F)C[C@@H]3CC(=NO3)c4ccc(c(c4)Cl)Cl)O
decoy,C15841527,CC[C@]1(Cc2ccccc2C(=C1C#N)NC(=O)Nc3ccccc3F)C
decoy,C39944297,CCOC(=O)CCC1=C(C(=N[C@@H]1C(=O)OCC)C)C(=O)OC(C)(C)C
decoy,C11872242,Cc1ccsc1C(=O)N(CC[NH+](C)C)Cc2cc3ccc(cc3[nH+]c2N4CCC[C@H](C4)CO)F
decoy,C39227614,CC1CCC(CC1)NC(=O)c2cccc(c2)c3ccc4c(c3)CCC5(O4)CC[NH+](CC5)C
decoy,C06504622,Cc1ccccc1C(=O)NC(=S)NNC(=O)Cc2ccccc2
decoy,C63372760,C[C@@]12[C@H]3C(=c4ccccc4=[NH+]3)[C@H](CN1C(=O)CN(C2=O)CCCCCO)c5ccc(cc5)Br
decoy,C15531823,C[C@H]1CCC[C@H]([C@@H]1C)NC(=S)NNC(=O)c2cccc(c2)OC(F)F
decoy,C08705575,c1ccc2c(c1)c(c[nH]2)CCNC(=O)c3c[nH]nc3c4ccc(cc4)F
decoy,C45915193,CCn1c(nnc1SCc2nnc(s2)C(=O)NCc3ccc(cc3)C)c4ccc(cc4)Cl
decoy,C14482748,CC[C@]1(C(=O)N(C(=O)N1)CC(=O)N[C@H](C)c2ccc3c(c2)OCO3)c4ccccc4
decoy,C39652789,CCOc1ccccc1CCNC(=O)[C@H]2CN(CC23CC[NH2+]CC3)C(=O)[C@H](C(C)C)Oc4ccccc4
decoy,C63623003,c1ccc2=[NH+]CC(=c2c1)C[C@@H](C(=O)OCC(=O)c3ccc(cc3)Br)NC(=O)c4ccco4
decoy,C14478335,CC[C@@H](C)Oc1ccc2c(c1)[C@H]3C=CC[C@@H]3[C@@H](N2)c4ccccc4[N+](=O)[O-]
decoy,C35788949,CCCC[C@H](C[NH+](CCN(C)C)Cc1c(nn(c1Oc2cccc(c2)C)c3ccccc3)C)O
decoy,C24765560,CCCCn1c(c(c(=O)[nH]c1=O)N(CCC(C)C)C(=O)[C@H]2CC(=O)N(C2)c3cccc(c3)SC)N
decoy,C33557720,c1cc(c(cc1NC(=O)NC23CC4CC(C2)CC(C4)C3)C(=O)NC[C@H]5CCCO5)N6CCCC6
decoy,C06800797,CCCCn1c2c(cc3cccc(c3n2)C)c(n1)NS(=O)(=O)c4ccccc4
decoy,C09714100,CC(C)Cn1c(c(c(=O)[nH]c1=O)N(CC(C)C)C(=O)C[NH+]2CCN(CC2)c3ccc(cc3)C(=O)C)N
decoy,C45344271,CC(C)[C@H](c1ccc(cc1)F)NC(=O)CSc2nc(cn2N)c3ccccc3
decoy,C04237155,c1cc(sc1)c2ccc3n(c2=O)C[C@H]4C[C@@H]3CN(C4)C(=O)NC5CCCCC5
decoy,C32885688,Cc1c(c([nH]c(=O)c1C#N)C)CCC(=O)Nc2nc(cs2)C[NH+]3C[C@H](C[C@@H](C3)C)C
decoy,C36205952,CCOC[C@H](C[NH+](Cc1[nH]c(=O)c2c(csc2n1)c3ccc(c(c3)OC)OC)C(C)C)O
decoy,C08299197,c1ccc(cc1)c2ccc(cc2)c3cn(nn3)C[C@H]4C[C@H]5CC[NH+]4C[C@@H]5C(=O)N6CCC(CC6)C(=O)N
decoy,C63376113,C[C@@H](C(=O)NCC(C)C)NC(=O)[C@@H]1CC2=c3ccccc3=[NH+][C@H]2[C@H]4N1C(=O)c5c4cccc5
decoy,C35268304,CC[C@H](C)[C@@H](C(=O)Nc1nnc(s1)c2ccc(cc2)C)NC(=O)Nc3ccccc3F
decoy,C39699464,CC[NH+](CC)CCCN([C@@H](c1ccc(cc1)C)C(=O)NC2CCCCC2)C(=O)[C@@H]3C=CC(=N3)c4ccccc4
decoy,C13498571,Cc1ccc2cc(c(=O)[nH]c2c1)C[NH+](CCCO)[C@@H](c3nnnn3Cc4ccccc4)C(C)C
decoy,C15275315,Cc1cccc(c1)n2c(nnc2SCC(=O)Nc3ccccc3C)c4c[nH]c5c4cccc5
decoy,C14546623,Cc1cc(cc2c1N[C@H]([C@@H]3[C@@H]2C=CC3)c4c(cccc4Cl)Cl)[N+](=O)[O-]
decoy,C41804776,C[C@H](C(=O)N)[NH2+][C@](C)(c1ccc2c(c1)OCO2)C(=O)[O-]
decoy,C04179026,c1ccc2cc(c(cc2c1)C(=O)N3[C@@](CC(=N3)C(F)F)(C(F)F)O)O
decoy,C33672188,Cc1ccc(c(c1)C)NC(=O)C[C@@H]2C(=O)N(C(=S)N2NC(=O)c3cccs3)c4ccc(cc4)OC
decoy,C35182976,c1ccc2c(c1)c3c([nH]2)[C@H]([NH2+][C@H](C3)C(=O)[O-])CCC[C@@H]4c5c(c6ccccc6[nH]5)C[C@H]([NH2+]4)C(=O)[O-]
decoy,C08685664,c1cc(ccc1c2nnc(s2)NC(=O)C3CCN(CC3)S(=O)(=O)c4ccc(cc4)Cl)F
decoy,C14732825,COc1cc(cc2c1OCO2)C[NH+]3C[C@H](CN(C(=O)C3)CCc4ccccc4)OCc5ccncc5
decoy,C55081630,CCC[C@@H]1CCC(=O)[C@H](C1)CN2CC[NH+](CC2)CC(C)C
decoy,C57933411,c1c2c(cc(c1F)F)N(C(=O)CN2)CC(=O)NC3CCCCC3
decoy,C35696745,c1cc(ccc1c2nc(on2)c3cc4c(s3)CCCC4)N
decoy,C00619609,Cn1c2ccc(cc2nn1)C(=O)NCCC3=CCCCC3
decoy,C63623006,c1ccc2=[NH+]CC(=c2c1)C[C@H](C(=O)OCC(=O)c3ccc(cc3)Br)NC(=O)c4ccco4
decoy,C45773949,C[C@H]1CCc2c(sc(c2C(=O)OC)NC(=O)CN3CC[NH+](CC3)CC(=O)Nc4ccccc4)C1
decoy,C11905516,C1CCc2c(c(=O)[nH]c(n2)SCC(=O)Nc3c(c4c(s3)CCCC4)C(=O)N)C1
decoy,C63746941,c1ccc2=[NH+][C@H](C=c2c1)c3ccccc3NC(=O)Nc4ccc5c(c4)OCO5
decoy,C45155703,C[C@H]1CCCN(C1)C(=O)N[C@H](c2ccccc2)c3ccco3
decoy,C46526969,CCc1ccccc1Nc2nc(nc(n2)N)CN(C)Cc3ccc(cc3)C#N
decoy,C38690707,C[C@@H](C(=O)NC1=c2c(=[NH+][C@@H]1C(=O)OC)cccc2OC)N3CCN(CC3)c4cccc(c4)C(F)(F)F
decoy,C13134184,Cc1ccc(cc1)S(=O)(=O)N(C)c2ccc(cc2)OCC(=O)Nc3ccc(cc3C)N4CC[NH+](CC4)C
decoy,C14365638,c1ccc(cc1)S(=O)(=O)C2(CCCC2)C(=O)OCC(=O)NC3(CCCCC3)C#N
decoy,C00955961,c1ccc(cc1)Oc2cccc(c2)[C@H]3[C@@H]([C@@](NC(=O)N3)(C(F)(F)F)O)C(=O)c4ccc(cc4)Cl
decoy,C65192510,c1cc(ccc1C2(CCCC2)C(=O)NNC(=O)NCC3CC3)F
decoy,C39659804,COc1cc(cc(c1OC)OC)C(=O)N2C[C@H](C3(C2)CC[NH2+]CC3)C(=O)NC4CCCCCCC4
decoy,C49283962,CCOc1ccc2c(c1)s/c(=N\C(=O)NCC(=C)Br)/[nH]2
decoy,C11909601,CC(C)[C@H](c1nnc2n1CC[NH+](CC2)Cc3cnc(s3)c4ccccc4)NC(=O)COC
decoy,C13515952,CCCC(=O)Nc1[nH]c(=O)c2c(n1)n(cn2)[C@H]3[C@@H]([C@H]4[C@H](O3)CO[P@@](=O)(O4)[O-])OC(=O)CCC
decoy,C63896768,c1ccc2=[NH+]CC(=c2c1)c3nnc(n3C4CC4)SCC(=O)N[C@H]5C(=C6CCCC[C@@H]6S5)C(=O)N
decoy,C20583332,CCCCOC(=O)C1=C(Nc2ccc(cc2[C@@]13C(=C(OC3=O)C)C(=O)OCCOC)Br)N
decoy,C04192162,Cc1ccccc1[C@H]2C[C@@]3(CC(NC(=[NH+]3)SCC=C)(C)C)Oc4c2c(cc(c4)O)C
decoy,C36260717,CC(C)(C)SCC(=O)N[C@H]1CC[NH2+]C2(C1)CCCCC2
decoy,C04920452,CN(c1ccc(cc1)Cl)C(=O)Cc2c3cc(ccc3[nH]c2C(=O)[O-])Cl
decoy,C43221760,CC[C@@H](C)[C@]1([C@@H]2[C@@H]([C@@H]([NH2+]1)c3cc(c(c(c3)C)O)C)C(=O)N(C2=O)c4cccc(c4)[N+](=O)[O-])C(=O)[O-]
decoy,C36220671,CC(C)(C)c1c(n2cc(ccc2n1)N)CC(=O)N
decoy,C09242519,CC[NH+](CC)CCN1[C@H](/C(=C(/c2ccc3c(c2)OCCO3)\O)/C(=O)C1=O)c4cccc(c4)Cl
decoy,C22282548,CCOC(=O)Cc1csc(n1)NC(=O)[C@@H](CCSC)NS(=O)(=O)c2ccc(cc2)Cl
decoy,C20243884,Cc1ccccc1n2c(c(c(c2C)Br)/C=N/NC(=O)c3ccccc3O)C
decoy,C36039575,Cc1ccc(cc1F)n\2cc([nH]/c2=N\C(=O)C[NH2+]C[C@H]3CCCO3)c4ccccc4
decoy,C39738699,C[C@H](C(=O)NCc1ccc2c(c1)OCO2)[NH2+]C[C@H](c3c[nH]c4c3cccc4)[C@@H]5CC=CS5
decoy,C35743744,C[C@@H](c1nc2cc(ccc2c(=O)n1C)Cl)N(CCCCCC[NH3+])C(=O)C3CCCCC3
decoy,C10013317,CC[NH+](CCCNC(=O)c1c(c2c(s1)ncn(c2=O)CC(=O)N3CCCC[C@H]3C)C)Cc4ccccc4
decoy,C16807747,Cc1cc(c(c(c1O)Cl)Cl)N/C(=N/S(=O)(=O)c2ccccc2)/c3ccccc3
decoy,C59039297,CC1CCN(CC1)c2ccc(c[nH+]2)CNC(=O)N[C@H](C)c3ccc4c(c3)OCCO4
decoy,C36588399,CC(C)(C)NC(=O)[C@@H](C(c1ccccc1)c2ccccc2)N(C(=O)Cc3ccc4c(c3)OCO4)C(C)(C)C
decoy,C20792420,C[C@@H]1C=C2C(=C(C([C@@H]([C@@]2(CN1C)C)c3ccc(cc3)F)(C#N)C#N)N)C#N
decoy,C61887464,c1cc(c(cc1Br)Cl)C(=O)N[C@H]2CCC[C@@H]2/C(=N\O)/N
decoy,C11859248,CCN(CC)c1ccc(cc1)[C@H]2[C@H]([C@](NC(=O)N2)(C(F)(F)F)O)C(=O)c3ccccc3
decoy,C14461369,CCN(CC)c1ccc(cc1)[C@H]2[C@@H]3CC=C[C@@H]3c4cc(ccc4N2)O
decoy,C25643312,Cc1c(sc(c1C(=O)OCc2cc(oc-3cc(=[NH+]C(=O)C)ccc23)O)NC(=O)C(C)(C)C)C
decoy,C14540093,CCn1c2c(c(n1)C(=O)N3CCCCCC3)C[C@@H](CC2)[NH2+]CCc4cccc(c4)Cl
decoy,C09102572,Cc1c(c([nH]c1C(=O)[C@H](C)Sc2nnc(n2c3ccc(cc3)Cl)[C@H](C)[NH+](C)C)C)C(=O)OC
