role,ident,smiles,label,model_score,ecfp_score
active,CHEMBL268868,O=c3[nH]c(=O)c4cc(Nc1ccccc1)c(Nc2ccccc2)cc34,1,11.284513,0.279070
active,CHEMBL470011,Fc5ccc(Nc3ncnc4nc(Nc2ccc(CN1CCCCC1)cc2)sc34)cc5Cl,1,12.695122,0.981481
active,CHEMBL7827,Oc3cc(O)c2c(=O)c(c1cccc(Cl)c1)coc2c3,1,11.794482,0.412698
active,CHEMBL337026,CN[C@H]1C[C@@H]4O[C@](C)([C@H]1OC)n3c2ccccc2c8c3c6n4c5ccccc5c6c7c(=O)[nH]c(=O)c78,1,13.214447,0.791045
active,CHEMBL193544,CN5CCC(Oc3cccc4ncnc(Nc2ccc(OCc1ccccn1)c(Cl)c2)c34)CC5,1,14.563855,0.774648
active,CHEMBL26641,COc3cc2c(Nc1ccc(Br)cc1F)ncnc2cc3OCCC4CCNCC4,1,11.091473,0.619718
active,CHEMBL372523,CCc5c(NC(=O)OCc1ccccc1)cn6ncnc(Nc4ccc3n(Cc2ccccc2)ncc3c4)c56,1,12.529114,0.617978
active,CHEMBL565714,CCC5=C1C(N=CN=C1Nc4ccc3n(Cc2ccccc2)ncc3c4)N=C5NC(=O)OCCN6CCNCC6,1,12.161240,0.855422
active,CHEMBL379001,COc4cc3CNc2c(N[C@H](C)c1ccccc1)ncnc2Nc3cc4OC,1,10.826624,0.408451
active,CHEMBL470219,Fc5ccc(Nc3ncnc4nc(Nc2ccc(CN1CCCC1)cc2)sc34)cc5Cl,1,14.136031,0.981481
active,CHEMBL433305,C1CCc3c(C1)[nH]c4ncnc(Nc2ccccc2)c34,1,10.700108,0.410714
active,CHEMBL1090357,CN(C)CCc6ccc(Nc5nccc(c3c(c2cccc(NC(=O)c1c(F)cccc1F)c2)nc4sccn34)n5)cc6,1,14.037254,0.214953
active,CHEMBL516979,COC[C@H]4Oc3cc2ncnc(Nc1cccc(I)c1)c2cc3O[C@@H]4COC,1,14.457502,0.411765
active,CHEMBL116547,COc3cc(\C=C(/C#N)C(=O)c1ccc(O)c(O)c1)cc(CSCc2ccccc2)c3O,1,11.056007,0.400000
active,CHEMBL508760,Clc5cc(Nc3ncnc4cc(C#C[C@@H]2C[C@@H](OC(=O)N1CCOCC1)CN2)sc34)ccc5OCc6cscn6,1,12.881674,0.744681
active,CHEMBL45827,CCN(CC)CCCCNc3ncc2cc(c1c(Cl)cccc1Cl)c(NC(=O)NC(C)(C)C)nc2n3,1,12.667224,0.529412
active,CHEMBL90541,COc4cc3ncnc(Nc2nnc1ccccc1n2)c3cc4OC,1,11.694683,0.666667
active,CHEMBL592466,Oc3ccc(CN(Cc1cccc(Cl)c1O)C(=S)Nc2ccccc2)cc3,1,13.314181,0.240000
active,CHEMBL522134,Cc3cccc(Cc1ncnc2ccc(NC(=O)C=C)cc12)c3,1,11.100569,0.484375
active,CHEMBL168366,Oc3ccc(O)c(CNc2ccc(O)c(C(=O)OCCc1ccccc1)c2)c3,1,11.665554,0.625000
active,CHEMBL53203,C=CC(=O)Nc4ccc3ncnc(Nc2ccc(Oc1ccccc1)cc2)c3c4,1,11.172199,0.500000
active,CHEMBL63356,Oc3cc2cc(c1cccnc1)cnc2cc3O,1,10.721868,0.250000
active,CHEMBL566337,CCC5=C1C(N=CN=C1Nc4ccc3n(Cc2ccccc2)ncc3c4)N=C5NC(=O)OCCn6ccnc6,1,11.529774,0.770115
active,CHEMBL1173655,CN(C)C/C=C/C(=O)Nc3cc2c(Nc1ccc(F)c(Cl)c1)ncnc2cc3O[C@H]4CCOC4,1,14.053029,0.537634
active,CHEMBL245996,COc5cc4ncc(C#N)c(N[C@@H]1C[C@H]1c3ccc(Oc2ccccc2)cc3)c4cc5OC,1,11.983594,0.746032
active,CHEMBL186580,COc4cc3ncnc(Nc2cc(NC(=O)c1ccccc1)c(F)cc2F)c3cc4OC,1,13.118299,0.475410
active,CHEMBL246687,N[C@H]6CCN(Cc4ccn5ncnc(Nc3ccc2n(Cc1cccc(F)c1)ncc2c3)c45)C6,1,12.638962,0.826667
active,CHEMBL135853,COc3cc2ncnc(Oc1cccc(Cl)c1)c2cc3OC,1,12.793272,0.418182
active,CHEMBL162981,Brc4cccc(Nc2ncnc3cnc(NCCCn1ccnc1)cc23)c4,1,12.762933,0.712121
active,CHEMBL312753,OCc5ccc(c4cc3ncnc(Nc2ccc1[nH]ccc1c2)c3s4)cc5,1,12.305615,0.661972
active,CHEMBL251125,CCOc4cc3ncnc(C#Cc1c[nH]nc1c2ccc(F)cc2)c3cc4OCC,1,12.215425,0.454545
active,CHEMBL387187,FC(F)(F)c4cccc(Nc3cc(Nc2cccc(NC(=O)C1CC1)c2)ncn3)c4,1,12.233989,0.355932
active,CHEMBL293749,Oc2ccc(\C=C(/C#N)C(=O)NCCc1ccccc1)cc2O,1,11.734571,0.869565
active,CHEMBL231875,Fc6cccc(Cn4ncc5cc(Nc2ncnn3ccc(CN1CCNCC1)c23)ccc45)c6,1,12.571061,0.851351
active,CHEMBL304442,O=C(CCCC(=O)Oc1ccc(/C=C/N(=O)=O)cc1)Oc2ccccc2,1,11.425460,0.666667
active,CHEMBL169390,Nc3ncnc4n(C1CCCC1)cc(c2cccc(O)c2)c34,1,11.542561,0.955556
active,CHEMBL138940,Fc4ccc(Nc2ncnc3cnc(NC(=O)/C=C/C(=O)NCCCN1CCOCC1)cc23)cc4Cl,1,13.413971,0.679487
active,CHEMBL24133,COc3cc2c(Nc1ccc(Cl)cc1F)ncnc2cc3OCCCN4CCCC4,1,12.933713,0.809524
active,CHEMBL417478,Fc4ccc(Nc2ncnc3cc(\C=C\CCN1CCOCC1)c(NC(=O)C=C)nc23)cc4Cl,1,14.404493,0.772152
active,CHEMBL97162,COc4nccc(c2c(c1ccc(F)cc1)ncn2C3CCC(O)CC3)n4,1,12.591795,0.260274
active,CHEMBL202556,Fc4ccc(Nc2ncnc3cnc(NC(=O)C#CCN1CCOCC1)cc23)cc4Cl,1,11.971662,0.726027
active,CHEMBL56731,Oc2ccc(\C=C(/C#N)C(=O)Nc1ccccc1)cc2O,1,11.970560,0.651163
active,CHEMBL475768,CS(=O)(=O)CCNCc5ccc(c4cc3ncnc(Nc2ccc(OCc1cccc(F)c1)c(Cl)c2)c3s4)o5,1,14.686191,0.819277
active,CHEMBL513418,NS(=O)(=O)c4ccc(Nc3nc2ncnc(Nc1cccc(Cl)c1)c2s3)cc4,1,14.378883,0.478261
active,CHEMBL195204,CN5CCC(Oc3cccc4ncnc(Nc2ccc(OCc1cscn1)c(Cl)c2)c34)CC5,1,12.717965,0.774648
active,CHEMBL204420,COc3cc2ncnc(Nc1cccc(Cl)c1F)c2cc3CN4CCN(C)CC4C(N)=O,1,13.798096,0.782051
active,CHEMBL204268,COc4cc(OC1CCOC1)c3c(Nc2ccc(F)c(Cl)c2)ncnc3c4,1,14.683264,0.690141
active,CHEMBL293584,Oc2cc1CCC(=C(C#N)C#N)c1cc2O,1,10.792953,0.250000
active,CHEMBL217090,Clc2ccc1OCOc1c2Nc5ncnc6cc(OCCCN3CCCC3)cc(OC4CCOCC4)c56,1,12.235112,0.604651
active,CHEMBL205776,CN5CCN(CCCOc4cc(OC1CCOCC1)c3c(Nc2ccc(F)c(Cl)c2)ncnc3c4)CC5,1,13.708413,0.666667
active,CHEMBL506414,Fc5cccc(COc4ccc(Nc2ncnc3sc(c1cccs1)cc23)cc4Cl)c5,1,14.298319,0.784615
active,CHEMBL55729,Nc2ccc1cncnc1c2,1,10.718938,0.250000
active,CHEMBL574738,CCN4CCN(Cc3ccc(NC(=O)Nc2ccc(Oc1cc(NC)ncn1)cc2)cc3C(F)(F)F)CC4,1,11.969469,0.287234
active,CHEMBL247916,NC6CCN(Cc4ccn5ncnc(Nc3ccc2n(Cc1ccncc1)ncc2c3)c45)CC6,1,11.630487,0.805556
active,CHEMBL291514,COc3cc2ncnc(Nc1ccc(F)c(Cl)c1)c2cc3OCCCN4CCCCC4,1,11.663610,0.982759
active,CHEMBL489058,CCN5CCN(CC/C=C/c4ccc3c(Nc2ccc(Sc1nccn1C)c(Cl)c2)c(C#N)cnc3c4)CC5,1,14.120629,0.530000
active,CHEMBL456758,COC[C@@H]1CCCN1/N=C/c2c(N)ncnc2Nc5ccc4n(Cc3cccc(F)c3)ncc4c5,1,13.001244,0.690476
active,CHEMBL94109,Brc5cccc(Nc3ncnc4ccc(NC(=O)\C=C\CN2CCC(N1CCCCC1)CC2)cc34)c5,1,13.059928,0.750000
active,CHEMBL278041,Oc4ccc(c3nc(c1ccc(F)cc1)c(c2ccncc2)[nH]3)cc4,1,11.654729,0.338983
active,CHEMBL399373,CCOc4cc3ncnc(C#C[C@@](C)(Cc1ccccc1)N2CCC(C(O)=O)CC2)c3cc4OCC,1,11.711910,0.445946
active,CHEMBL370934,CCOC(=O)c3cn2ncnc(Nc1cccc(Br)c1)c2c3CC,1,14.851114,0.656716
active,CHEMBL203599,CN4CCN(CCC#CC(=O)Nc3cc2c(Nc1ccc(F)c(Cl)c1)ncnc2cn3)CC4,1,12.062624,0.867647
active,CHEMBL1095761,Nc4nc(Nc1cccc(Br)c1)c3cc(Cc2ccc(Cl)cc2Cl)[nH]c3n4,1,12.394583,0.616667
active,CHEMBL473553,COc5cc4ncnc(Nc3ccc(c2nc1ccccc1s2)c(OC)c3)c4cc5OC,1,13.429790,0.746269
active,CHEMBL258694,CC(C)c4c(c1nnc(C)o1)cn5ncnc(Nc3cnc2[nH]ccc2c3)c45,1,12.426957,0.318182
active,CHEMBL169514,Oc4ccc(O)c(CNc3ccc(O)c(C(=O)Oc2ccc1ccccc1c2)c3)c4,1,11.607282,0.703704
active,CHEMBL81712,O=C(c1ccccc1)c5cc4ncnc(Nc3ccc2[nH]ccc2c3)c4s5,1,12.900547,0.596491
active,CHEMBL255866,CO/N=C/c1c(N)ncnc1Nc3ccc2[nH]ncc2c3,1,12.038177,0.492958
active,CHEMBL408683,NC(=O)CN4CCC(n2cc(c1cccc(O)c1)c3c(N)ncnc23)C4,1,11.694446,0.666667
active,CHEMBL166307,CN4CCN(NCCCNc3cc2c(Nc1cccc(Br)c1)ncnc2cn3)CC4,1,12.755488,0.696970
active,CHEMBL1421,Cc4nc(Nc2ncc(C(=O)Nc1c(C)cccc1Cl)s2)cc(N3CCN(CCO)CC3)n4,1,11.268098,0.266667
active,CHEMBL80540,C6CN(CCNCc5ccc(c4cc3nccc(Nc2ccc1[nH]ccc1c2)c3s4)cc5)CCN6,1,12.026357,0.506494
active,CHEMBL207674,COc3cc2ncnc(Nc1cccc(Cl)c1F)c2cc3CN4CCOCC4C(N)=O,1,13.800335,0.782051
active,CHEMBL207037,COc3cc2ncnc(Nc1cccc(Cl)c1F)c2cc3CN4CC(C(N)=O)C4,1,13.677011,0.746667
active,CHEMBL178265,CCOc4cc3ncc(C#N)c(Nc2ccc(Oc1ccncc1)c(Cl)c2)c3cc4NC(=O)\C=C\CN(C)C,1,12.230918,0.777778
active,CHEMBL258940,CN4CCC(Nc3ncc2ncnc(Nc1ccc(F)c(Cl)c1)c2n3)CC4,1,11.379091,0.456790
active,CHEMBL398960,CCN(CC)C(C)(Cc1ccncc1)C#Cc2ncnc3cc(OC)c(OC)cc23,1,11.282986,0.516129
active,CHEMBL328977,Brc4cccc(Nc2ncnc3ccc(NC(=O)C#CCN1CCSCC1)cc23)c4,1,10.987194,0.843750
active,CHEMBL939,COc3cc2ncnc(Nc1ccc(F)c(Cl)c1)c2cc3OCCCN4CCOCC4,1,13.554596,0.857143
active,CHEMBL455433,O=C(O[C@H]5CN[C@H](C#Cc4cc3ncnc(NCc2cccc(Oc1ccccc1)c2)c3s4)C5)N6CCOCC6,1,11.086615,0.612245
active,CHEMBL180175,COc4cc3ncc(C#N)c(Nc2ccc(Sc1nccn1C)c(Cl)c2)c3cc4NC(=O)\C=C\CN(C)C,1,13.594148,0.766667
active,CHEMBL606403,CC(C)c4nsc(C(=O)Nc3ccc2ncnc(Nc1cccc(Br)c1)c2c3)n4,1,11.946857,0.561644
active,CHEMBL193368,CCc5c(C(=O)OCCCn1ccnc1)cn6ncnc(Nc4ccc3n(Cc2ccccc2)ncc3c4)c56,1,11.949934,0.809524
active,CHEMBL472581,CS(=O)(=O)CCNCc6nc(c5ccc4ncnc(Nc3ccc2n(Cc1ccccc1)ncc2c3)c4c5)cs6,1,12.168242,0.702381
active,CHEMBL583218,CCC5=C1C(N=CN=C1Nc4ccc3n(Cc2ccccc2)ncc3c4)N=C5NC(=O)OCC6CCNCC6,1,11.735834,0.811765
active,CHEMBL366580,Brc4cccc(Nc2ncnc3cc1c[nH]nc1cc23)c4,1,12.335567,0.695652
active,CHEMBL138125,Brc4cccc(Nc2ncnc3ccc(NN=NCc1ccccn1)cc23)c4,1,11.201524,0.771930
active,CHEMBL372112,CCOC(=O)c4cn3ncnc(Nc2ccc1[nH]ncc1c2)c3c4CC,1,12.120044,0.656716
active,CHEMBL346863,Brc4cccc(Nc1ncnc3c1sc2ncsc23)c4,1,13.556047,0.660000
active,CHEMBL90595,Brc4cccc(Nc2ncnc3ccc(NC(=O)C#CCN1CCCCC1)cc23)c4,1,10.875931,0.843750
active,CHEMBL453398,Clc5cc(Nc3ncnc4cc(C#C[C@@H]2C[C@@H](OC(=O)N1CCOCC1)CN2)sc34)ccc5Oc6ccccn6,1,14.147100,0.744681
active,CHEMBL216048,COc4cc3CNc2c(Oc1cccc(Br)c1)ncnc2Oc3cc4OC,1,11.192977,0.655738
active,CHEMBL511623,Fc4ccc(Nc2ncnc3nc(NCCN1CCOCC1)sc23)cc4Cl,1,13.893597,0.626866
active,CHEMBL480349,CS(=O)(=O)CCNCc5ccc(c4cc3c(Nc2ccc(OCc1cccc(F)c1)c(Cl)c2)ncnc3s4)o5,1,14.366103,0.819277
active,CHEMBL178199,CCOc4cc3ncc(C#N)c(Nc2ccc(OCCc1ccccc1)c(Cl)c2)c3cc4NC(=O)\C=C\CN(C)C,1,12.811838,0.802326
active,CHEMBL137364,Brc4cccc(Nc2ncnc3ccc(NN=NCCN1CCOCC1)cc23)c4,1,10.634077,0.656250
active,CHEMBL246492,Fc6cccc(Cn4ncc5cc(Nc2ncnn3ccc(COC[C@@H]1COCCN1)c23)ccc45)c6,1,11.958218,0.823529
active,CHEMBL213560,Oc3ccc(\C=c2\n(CCc1ccccc1)c(=O)[nH]c2=O)cc3,1,11.851210,0.269841
active,CHEMBL325589,Cn3c(=O)c(c1c(Cl)cccc1Cl)cc4cnc(Nc2cccnc2)nc34,1,11.605027,0.736842
active,CHEMBL471058,CCc1nccn1Cc5ccc(Nc4nc3ncnc(Nc2ccc(F)c(Cl)c2)c3s4)cc5,1,14.175693,0.671642
active,CHEMBL206955,COc3cc2ncnc(Nc1ccc(F)c(Cl)c1)c2cc3CN4CCC[C@@H]4C(N)=O,1,13.997550,0.675000
active,CHEMBL294475,Brc4cccc(Nc2ncnc3cnc(NCCN1CCOCC1)nc23)c4,1,11.695543,0.898305
active,CHEMBL120069,Cc4cccc(Nc2[nH]cnc3nnc(Nc1cccc(Cl)c1)c23)c4,1,11.256371,0.615385
active,CHEMBL51028,CN5CCN(CCCNc4ncc3cc(c1c(Cl)cccc1Cl)c(NC(=O)NC2CCCCC2)nc3n4)CC5,1,13.049642,0.529412
active,CHEMBL28418,Fc3ccc(Nc1ncnc2ccc(NC(=O)C=C)nc12)cc3Cl,1,12.049057,0.578947
active,CHEMBL281543,Fc4ccc(Nc2ncnc3cc(CCCCN1CCOCC1)c(NC(=O)C=C)nc23)cc4Cl,1,12.506349,0.737500
active,CHEMBL569880,COCCOc3cc2ncnc(Nc1ccc(F)c(Cl)c1F)c2cc3NC(=O)[C@@H]4CCCN4C(=O)C=C,1,14.199597,0.444444
active,CHEMBL1082012,CN5CCN(CCNC(=O)c4[nH]c3cnnc(Nc2ccc(OCc1cccc(F)c1)c(Cl)c2)c3c4C)CC5,1,14.032905,0.456311
active,CHEMBL30432,CN(C)c5cc4c(Nc3ccc2n(Cc1ccccc1)ncc2c3)ncnc4cn5,1,12.370977,0.532258
active,CHEMBL473944,Brc4cccc(Cc2ncnc3cc(OCCCn1ccnc1)c(NC(=O)C=C)cc23)c4,1,11.894671,0.700000
active,CHEMBL319620,OC(=O)c2cc(NCc1cc(O)ccc1O)ccc2O,1,11.655170,0.625000
active,CHEMBL519757,Fc6cccc(COc5ccc(Nc3ncnc4sc(c2ccc(CNCc1ccccc1)o2)cc34)cc5Cl)c6,1,14.162554,0.790123
active,CHEMBL65376,O=C(CCCC(=O)Oc1ccc(/C=C/N(=O)=O)cc1)OCc2ccco2,1,11.394751,0.666667
active,CHEMBL474343,C=CC(=O)NC3=CC=C4N=CN=C(Nc2ccc(Oc1ccccc1)cc2)C34,1,11.717599,0.655172
active,CHEMBL144842,Oc2ccc(\C=C(/C#N)C(=O)NCCCCCNC(=O)C(=C/c1ccc(O)c(O)c1)/C#N)cc2O,1,11.738758,0.868421
active,CHEMBL246284,Fc6cccc(Cn4ncc5cc(Nc2ncnn3ccc(COC[C@@H]1CNCCO1)c23)ccc45)c6,1,12.417991,0.823529
active,CHEMBL332906,Nc4ccc(c2[nH]nc3ncnc(Nc1cccc(Cl)c1)c23)cc4,1,12.787479,0.553571
active,CHEMBL368702,CCOc4cc3ncc(C#N)c(Nc2ccc(OCc1ccccc1)c(Cl)c2)c3cc4NC(=O)\C=C\CN5CCC5,1,13.459657,0.975000
active,CHEMBL256297,CO/N=C/c1c(N)ncnc1Nc3ccc(OCc2cccc(F)c2)c(Cl)c3,1,14.001761,0.546667
active,CHEMBL207869,Fc4cccc(COc3ccc(Nc1ncncc1C#Cc2ncccn2)cc3Cl)c4,1,12.345970,0.757576
active,CHEMBL553137,Cn3c1ccccc1c4ncnc(Nc2cccc(Br)c2)c34,1,14.732433,0.547170
active,CHEMBL304271,CCN(CC)CC(O)CNC(=O)c4cc(C)c(\C=c2/c(=O)[nH]c3ncnc(Nc1ccc(F)c(Cl)c1)c23)[nH]4,1,12.555756,0.622222
active,CHEMBL250924,COc4cc3ncnc(C#Cc1ccccc1c2ccccc2)c3cc4OC,1,12.805293,0.545455
active,CHEMBL515082,CS(=O)(=O)CCNCc5nc(c4ccc3ncnc(Nc2ccc(OCc1ccccc1)c(Cl)c2)c3c4)cs5,1,14.202980,0.702381
active,CHEMBL248391,COc4cc3c(N[C@@H]1C[C@H]1c2ccccc2)c(C#N)cnc3cc4OCCCc5cccnc5,1,11.417902,0.753623
active,CHEMBL593860,COc5cc4c(Nc3ccc(c2nc1ccccc1s2)c(OC)c3)ncnc4cc5OCCCN6CCN(C)CC6,1,12.956402,0.746269
active,CHEMBL162622,Brc4cccc(Nc2ncnc3cnc(NCCN1CCOCC1)cc23)c4,1,12.638196,0.896552
active,CHEMBL179164,CCOc5cc4ncc(C#N)c(Nc3ccc2n(S(=O)(=O)c1ccccc1)ccc2c3)c4cc5NC(=O)\C=C\CN(C)C,1,11.908714,0.777778
active,CHEMBL381604,Nc4nccc(C#Cc1cncnc1Nc3ccc(OCc2cccc(F)c2)c(Cl)c3)n4,1,12.508121,0.750000
active,CHEMBL125920,CCOc4cc3ncnc(Nc2cccc(c1cc[nH]n1)c2)c3cc4OCC,1,13.605865,0.701754
active,CHEMBL257859,Clc4cc(Nc2ncnc3[nH]nc(OCCCN1CCOCC1)c23)ccc4OCc5ccccn5,1,14.091383,0.753247
active,CHEMBL460722,Brc4cccc(Nc2ncnc3cnc(CC(=O)\C=C\C(=O)NCCCN1CCOCC1)cc23)c4,1,13.905743,0.721519
active,CHEMBL40130,Brc5cccc(Nc3ncnc4cc2n(CCN1CCOCC1)ccc2cc34)c5,1,14.122103,0.701493
active,CHEMBL281467,Brc3cccc(Nc1c(C#N)cnc2ncc(NC(=O)C=C)cc12)c3,1,10.650310,0.520548
active,CHEMBL446250,COc1ccccc1Cc8nc7ccc(c5nn(C4CCC(N3CCN(CC2CC2)CC3)CC4)c6ncnc(N)c56)cc7[nH]8,1,13.670694,0.761905
active,CHEMBL179652,CCOc5cc4ncc(C#N)c(Nc3ccc2n(Cc1ccccc1)ccc2c3)c4cc5NC(=O)\C=C\CN(C)C,1,12.518594,0.777778
active,CHEMBL251700,Fc4ccc(Nc2ncnc3ccc(C#CCN1CCCCC1)cc23)cc4Cl,1,10.858932,0.833333
active,CHEMBL461114,Nc3ncnc(Nc2ccc(OCc1ccccc1)c(Cl)c2)c3C(=O)Nc4ccccc4,1,11.970761,0.625000
active,CHEMBL245799,N#Cc4cnc3ccc(c2cccc(CN1CCOCC1)c2)cc3c4N[C@@H]5C[C@H]5c6ccccc6,1,11.814850,0.771429
active,CHEMBL426051,CCOc4cc3ncc(C#N)c(Nc2ccc(OCc1cccs1)c(Cl)c2)c3cc4NC(=O)\C=C\CN(C)C,1,13.148747,0.784091
active,CHEMBL144908,Oc2ccc(\C=C(/C#N)C(=O)NCCNC(=O)C(=C/c1ccc(O)c(O)c1)/C#N)cc2O,1,11.413363,0.868421
active,CHEMBL485320,Nc4nc(Nc1cccc(Br)c1)c3cc(CCc2ccccc2)[nH]c3n4,1,12.646956,0.616667
active,CHEMBL173498,Brc4cccc(Nc2ncnc3cc1nccnc1cc23)c4,1,12.004750,0.714286
active,CHEMBL193681,CCc5c(C(=O)NCCCn1ccnc1)cn6ncnc(Nc4ccc3n(Cc2ccccc2)ncc3c4)c56,1,11.705911,0.809524
active,CHEMBL119977,Clc4cccc(Nc2[nH]cnc3nnc(c1ccccc1)c23)c4,1,12.575516,0.615385
active,CHEMBL330668,COc4cc3ncnc(Nc2cnc1ccccc1n2)c3cc4OC,1,12.245787,0.739130
active,CHEMBL233325,O[C@H]6CNCCN(Cc4ccn5ncnc(Nc3ccc2n(Cc1cccc(F)c1)ncc2c3)c45)C6,1,12.841513,0.851351
active,CHEMBL105436,COc4cccc(c2cn(c1ccc(CCN(C)CCO)cc1)c3ncnc(N)c23)c4,1,11.178394,0.373333
active,CHEMBL542891,CCOC(=O)C3CCN(CCC(=O)c2ccc(OCc1ccccc1)cc2)CC3,1,11.501779,0.282353
active,CHEMBL203779,CCCN4CCC(Oc2cc(OC)cc3ncnc(Nc1ccc(F)c(Cl)c1)c23)CC4,1,14.141470,0.690141
active,CHEMBL473437,CN(C)Cc5ccc(c4cc3ncnc(Nc2ccc(OCc1cccc(F)c1)c(Cl)c2)c3s4)[nH]5,1,14.444789,0.675676
active,CHEMBL246072,Fc6cccc(Cn4ncc5cc(Nc2ncnn3ccc(COCC1CCNCC1)c23)ccc45)c6,1,12.020564,0.807229
active,CHEMBL442749,N(c2ccc1[nH]ccc1c2)c3ncnc4ccsc34,1,12.447269,0.596491
active,CHEMBL248114,Cc6cncc(Cn4ncc5cc(Nc2ncnn3ccc(CN1CCC(N)CC1)c23)ccc45)c6,1,11.626040,0.805556
active,CHEMBL589588,COc2ccc(NC(=O)c1ccc(N(CCCl)CCCl)cc1)cc2,1,11.732511,0.520000
active,CHEMBL52882,CNC3=CC2N=CN(C)C(=N/c1cccc(Br)c1)\C2C=N3,1,10.624907,0.236111
active,CHEMBL139307,Brc4cccc(Nc2ncnc3ccc(N(CCCN1CCOCC1)C(=O)C=C)cc23)c4,1,13.731857,0.629630
active,CHEMBL359630,CCOc4cc3ncc(C#N)c(Nc2ccc(OCc1ccccc1)c(Cl)c2)c3cc4NC(=O)\C=C\Cc5c[nH]cn5,1,11.524220,0.739130
active,CHEMBL225721,COc4ccc(N(CCNN=Nc3ccc2ncnc(Nc1cccc(Cl)c1)c2c3)CC(C)Cl)cc4,1,12.965223,0.580247
active,CHEMBL395591,Fc6cccc(Cn4ncc5cc(Nc2ncnn3ccc(COCC1CNCCOC1)c23)ccc45)c6,1,12.701719,0.823529
active,CHEMBL355982,Brc3cccc(Nc1ncnc2sccc12)c3,1,14.475856,0.565217
active,CHEMBL201307,COc4cc3c(Nc2ncc(CC(=O)Nc1cccc(F)c1)s2)ncnc3cc4OCCCN5CCC(CO)CC5,1,11.058185,0.463158
active,CHEMBL248220,COc4cc3ncc(C#N)c(N[C@@H]1C[C@H]1c2ccccc2)c3cc4OCc5ccccc5,1,11.866549,0.753623
active,CHEMBL399438,N#Cc4cnc3cc(c2ccc(CN1CCOCC1)cc2)ccc3c4N[C@@H]5C[C@H]5c6ccccc6,1,11.835924,0.771429
active,CHEMBL509914,Brc4cccc(Nc2ncnc3cnc(CC(=O)\C=C\c1ccccc1)cc23)c4,1,14.396275,0.592105
active,CHEMBL447331,Brc4cccc(Nc2ncnc3cc1NCc1cc23)c4,1,13.851549,0.659574
active,CHEMBL599863,Brc4cccc(Nc2ncnc3ccc(NC(=O)CNC(=O)Oc1ccccc1)cc23)c4,1,12.476751,0.651515
active,CHEMBL420059,COc4cc3ncnc(NC1CC1c2ccccc2)c3cc4OCCN5CCOCC5,1,11.678205,0.525641
active,CHEMBL555797,COc4cc3ncnc(Nc2ccc1CCCc1c2)c3cc4OC,1,14.358682,0.516667
active,CHEMBL590109,NCCn5cc(c4cc(c2cc1ccccc1s2)c3[nH]ncc3c4)c6nc(N)ncc56,1,11.781077,0.168675
active,CHEMBL57758,COc3cc2ncnc(Nc1ccc(F)c(Cl)c1)c2cc3OCCN4CCCC4,1,13.452192,0.915254
active,CHEMBL75177,Clc4cccc(Nc2[nH]cnc3nc1CCCCc1c23)c4,1,10.829561,0.545455
active,CHEMBL215973,COc5cc4CNc3c(Nc2ccc1ccccc1c2)ncnc3Oc4cc5OC,1,13.849657,0.728814
active,CHEMBL332333,N(c1ccccc1)c3nc[nH]c4nnc(Nc2ccccc2)c34,1,10.173944,0.377358
active,CHEMBL94019,COc4cc3ncnc(NC1CCc2ccccc12)c3cc4OC,1,10.404889,0.491228
active,CHEMBL93386,Brc4cccc(Nc2ncnc3ccc(NC(=O)C#CCN1CCOCC1)cc23)c4,1,10.937281,0.843750
active,CHEMBL399372,CCOc4cc3ncnc(C#Cc1nccn1c2ccccc2)c3cc4OCC,1,11.354394,0.454545
active,CHEMBL172652,Brc4cccc(Nc2ncnc3cc1[nH]nnc1cc23)c4,1,12.149261,0.659574
active,CHEMBL39355,Brc5cccc(Nc3ncnc4cc2n(CCCN1CCOCC1)ncc2cc34)c5,1,13.314941,0.701493
active,CHEMBL355330,Nc3ncnc4n(C1CCC1)cc(c2cccc(O)c2)c34,1,11.664782,0.955556
active,CHEMBL248322,NC5CCN(Cc3ccn4ncnc(Nc2ccc(OCc1ccccn1=O)c(Cl)c2)c34)CC5,1,12.420953,0.679012
active,CHEMBL219557,COc5cc(Nc3c(C#N)cnc4cc(c2coc(CN1CCN(C)CC1)c2)c(OC)cc34)c(Cl)cc5Cl,1,12.649160,0.372093
active,CHEMBL53898,Oc2ccc(\C=C(/C#N)C(=O)NCCCc1ccccc1)cc2O,1,11.689969,0.869565
active,CHEMBL304971,CN5CCN(C(=O)c4c[nH]c(\C=c2/c(=O)[nH]c3ncnc(Nc1ccc(F)c(Cl)c1)c23)c4C)CC5,1,12.110556,0.654762
active,CHEMBL462162,COc3cc(Nc1ncnc2[nH]ccc12)ccc3c5nc4ccccc4s5,1,11.820826,0.745763
active,CHEMBL253292,CCN(CC)CCOc3ccc(Nc2cc(NC(=O)Nc1c(Cl)cccc1Cl)ncn2)cc3,1,12.771698,0.328767
active,CHEMBL122245,COc4ccc(CNc2[nH]nc3ncnc(Nc1cccc(Cl)c1)c23)cc4,1,14.905557,0.523810
active,CHEMBL234580,Fc6cccc(Cn4ncc5cc(Nc2ncnn3ccc(CN1CCNCC(=O)C1)c23)ccc45)c6,1,12.810308,0.857143
active,CHEMBL338049,CN[C@H]1C[C@@H]5O[C@](C)([C@H]1OC)n7c2ccccc2c8c3[C@@H](O)NC(=O)c3c6c4ccccc4n5c6c78,1,13.387547,0.791045
active,CHEMBL165574,Brc4cccc(Nc2ncnc3cnc(NCCCN1CCOCC1)cc23)c4,1,12.449607,0.896552
active,CHEMBL182254,Fc5cccc(COc4ccc(Nc2ncnc3nn1ccccc1c23)cc4Cl)c5,1,14.678478,0.546667
active,CHEMBL53711,CN(C)c3cc2c(Nc1cccc(Br)c1)ncnc2cn3,1,14.353411,0.604167
active,CHEMBL179458,COc4cc3ncc(C#N)c(Nc2ccc(n1ccnc1)c(Cl)c2)c3cc4NC(=O)\C=C\CN(C)C,1,12.297426,0.714286
active,CHEMBL168915,Oc4ccc(O)c(CNc3ccc(O)c(C(=O)Oc1cccc2ccccc12)c3)c4,1,11.609290,0.703704
active,CHEMBL179363,CCOc4cc3ncc(C#N)c(Nc2ccc(OCc1cccc(Cl)c1)c(Cl)c2)c3cc4NC(=O)\C=C\CN(C)C,1,13.183233,0.802326
active,CHEMBL245800,NCc5ccc(c4ccc3ncc(C#N)c(N[C@@H]1C[C@H]1c2ccccc2)c3c4)cc5,1,11.568825,0.681159
active,CHEMBL149512,Brc4cccc(Nc2ncnc3c1ccccc1oc23)c4,1,14.763260,0.547170
active,CHEMBL316127,Brc4cccc(Nc2ncnc3ccc(NC(=O)\C=C\CN1CCOCC1)cc23)c4,1,14.041236,0.750000
active,CHEMBL127223,CCOc4cc3ncnc(Nc2cccc(c1cscn1)c2)c3cc4OCC,1,11.626139,0.701754
active,CHEMBL516365,CC4CCN(CCCOc3cc2ncnc(Cc1cccc(Br)c1)c2cc3NC(=O)C=C)CC4,1,11.461056,0.700000
active,CHEMBL474147,Cc3cccc(NC1=NC=NC2=CC=C(NC(=O)C=C)C12)c3,1,11.976851,0.727273
active,CHEMBL179577,CCOc4cc3ncc(C#N)c(Nc2ccc(NCc1ccccc1)c(Cl)c2)c3cc4NC(=O)\C=C\CN(C)C,1,12.420354,0.800000
active,CHEMBL22978,CN4CCC(O)(c3nc(c1ccc(F)cc1)c(c2ccncc2)o3)CC4,1,10.965660,0.338983
active,CHEMBL572881,CC4(C)CNc3cc(NC(=O)c1cccnc1NCc2ccncc2)ccc34,1,10.582072,0.219780
active,CHEMBL132466,COc4cc3cc2ncc(C#N)c(Nc1ccc(F)c(Cl)c1)c2cc3cc4OC,1,11.415576,0.525641
active,CHEMBL1171792,Cc2ccc(Br)c3c(C#N)cc(C(=O)C1CC1)n23,1,10.725839,0.206897
active,CHEMBL111197,COc4cccc(Nc3ncc2cc(c1c(Cl)cccc1Cl)c(=O)n(C)c2n3)c4,1,11.919641,0.736842
active,CHEMBL153525,Brc4cccc(Nc2ncnc3ccc1cc[nH]c1c23)c4,1,13.752100,0.529412
active,CHEMBL475761,CN6CCN(Cc5ccc(c4cc3ncnc(Nc2ccc(OCc1cccc(F)c1)c(Cl)c2)c3s4)o5)CC6,1,14.453859,0.681818
active,CHEMBL597200,Fc4ccc(OCC(=O)Nc3ccc2ncnc(Nc1cccc(Br)c1)c2c3)cc4,1,11.217089,0.651515
active,CHEMBL460723,Brc4cccc(Nc2ncnc3cnc(CC(=O)\C=C\C(=O)NCCCn1ccnc1)cc23)c4,1,14.051641,0.721519
active,CHEMBL122068,Nc3nc(N)c2c(Nc1cccc(Cl)c1)[nH]nc2n3,1,12.438946,0.456140
active,CHEMBL489313,Brc5cccc(Nc3ncnc4cc2N(CCC(=O)N1CCOCC1)Cc2cc34)c5,1,14.042478,0.526316
active,CHEMBL212965,Clc5cc(Nc3ncnc4ccc(c2ccc(CN1CCS(=O)CC1)o2)cc34)ccc5OCc6ccccc6,1,13.830646,0.516129
active,CHEMBL251498,Fc4ccc(Nc2ncnc3ccc(C#CCN1CCOCC1)cc23)cc4Cl,1,13.547580,0.833333
active,CHEMBL311129,Cc3c(c1ccccc1)[nH]c4ncnc(Nc2cccc(Cl)c2)c34,1,12.416633,0.720000
active,CHEMBL92902,CN4CCC=C(C(=O)Nc3ccc2ncnc(Nc1cccc(Br)c1)c2c3)C4,1,11.405959,0.561644
active,CHEMBL1173814,COc3ccc(C2CC(c1ccc(C)c(C)c1)=NN2C(N)=S)cc3,1,10.421048,0.190476
active,CHEMBL270448,Clc4cc(Nc2ncnc3[nH]nc(OCCN1CCCCCO1)c23)ccc4OCc5ccccn5,1,14.952454,0.743590
active,CHEMBL250132,C[C@H](CN(C)C(=O)CO)Oc3cccc4ncnc(Nc2ccc(OCc1ccccn1)c(Cl)c2)c34,1,14.751314,0.566265
active,CHEMBL1098120,NC1CCc4c(C1)c3cc(OCCc2ccc(O)cc2)ccc3n4CCCCCc5ccccc5,1,11.642750,0.233766
active,CHEMBL554983,Brc4cccc(Nc2[nH]cnc3c1ccccc1nc23)c4,1,10.595238,0.433962
active,CHEMBL516022,Cc3cccc(NC1=NC=NC2=CN=C(NC(=O)C=C)C12)c3,1,11.812944,0.727273
active,CHEMBL7866,COC(=O)Cn2cc(c1cccc(Cl)c1)c(=O)c3c(O)cc(OC)cc23,1,10.772395,0.412698
active,CHEMBL179572,COc4cc3ncc(C#N)c(Nc2ccc(Sc1nccs1)c(Cl)c2)c3cc4NC(=O)\C=C\CN(C)C,1,12.690186,0.766667
active,CHEMBL473427,Fc5cccc(COc4ccc(Nc2ncnc3cc(c1cccs1)sc23)cc4Cl)c5,1,14.702843,0.784615
active,CHEMBL67027,COc2ccc(\C=C(/C#N)c1cccnc1)cc2OC,1,11.948282,0.280000
active,CHEMBL179123,CCOc4cc3ncc(C#N)c(Nc2ccc(OCC1CCCCC1)c(Cl)c2)c3cc4NC(=O)\C=C\CN(C)C,1,13.052769,0.759036
active,CHEMBL31276,CN(C)C/C=C/C(=O)Nc3cc2c(Nc1cccc(Br)c1)c(C#N)cnc2cn3,1,12.511579,0.535714
active,CHEMBL204467,OCc4ccc(C#Cc1cncnc1Nc3ccc(OCc2cccc(F)c2)c(Cl)c3)o4,1,13.925144,0.714286
active,CHEMBL415738,Cc2cccc(Nc1cc(NCCO)ncn1)c2,1,12.736862,0.355932
active,CHEMBL69960,Cc2cc(C(=O)N1CCOCC1)[nH]c2\C=c4/c(=O)[nH]c5ncnc(Nc3ccc(F)c(Cl)c3)c45,1,11.604139,0.654762
active,CHEMBL360958,CCOc4cc3ncc(C#N)c(Nc2ccc(OCc1ccccc1)c(Cl)c2)c3cc4NC(=O)\C=C\CN5CCCCC5,1,11.520308,0.987500
active,CHEMBL53426,Brc4cccc(Nc2ncnc3cnc(NCCc1c[nH]cn1)nc23)c4,1,12.024994,0.626866
active,CHEMBL417420,Brc4cccc(Nc2ncnc3cnc(NCCCN1CCOCC1)nc23)c4,1,12.559068,0.898305
active,CHEMBL461113,Nc3ncnc(Nc2ccc(OCc1ccccc1)c(Cl)c2)c3C(=O)OCCN4CCOCC4,1,13.925058,0.625000
active,CHEMBL51228,Brc4cccc(Nc2ncnc3cnc(NCCCn1ccnc1)nc23)c4,1,12.536863,0.712121
active,CHEMBL578255,CCC5=C1C(N=CN=C1Nc4ccc3n(Cc2ccccc2)ncc3c4)N=C5NC(=O)OCCN6CCOCC6,1,12.319860,0.855422
active,CHEMBL250923,COc3cc2ncnc(\C=C\CCc1ccccc1)c2cc3OC,1,11.604134,0.693878
active,CHEMBL155100,Brc4cccc(Nc1ncnc3c1ccc2[nH]cnc23)c4,1,14.858612,0.509804
active,CHEMBL180227,COc5cc4ncc(C#N)c(Nc3ccc2n(Cc1ccccc1)ncc2c3)c4cc5NC(=O)\C=C\CN(C)C,1,11.967784,0.725275
active,CHEMBL247127,C6CO[C@H](COCc4ccn5ncnc(Nc3ccc2n(Cc1cccnc1)ncc2c3)c45)CN6,1,11.322882,0.821429
active,CHEMBL378370,COc3cc2ncnc(Nc1cccc(Cl)c1F)c2cc3CN(C)C4CCNC4=O,1,13.815948,0.580247
active,CHEMBL251123,CCOc3cc2ncnc(\C=C\CCCc1ccccc1)c2cc3OCC,1,11.801816,0.693878
active,CHEMBL1173718,Cc1ncc(N(=O)=O)n1CCOC(=O)\C=C\c3ccc(c2ccccc2)cc3,1,10.946354,0.294118
active,CHEMBL76444,CN(c1cccc(Cl)c1)c2[nH]cnc3nc(C)c(C)c23,1,10.660245,0.354839
active,CHEMBL243410,CCOc3cc2ncnc(Nc1cc(=O)c(OC(CF)CF)cc1=O)c2cc3NC(=O)\C=C\CN(C)C,1,13.290195,0.719512
active,CHEMBL265629,Fc6cccc(Cn4ncc5cc(Nc2ncnn3ccc(CN1CCNC(=O)C1)c23)ccc45)c6,1,13.091217,0.857143
active,CHEMBL250524,COc3cc2ncnc(C#CC(C)(C)N(C)c1ccccc1)c2cc3OC,1,12.191833,0.545455
active,CHEMBL510597,Brc4cccc(Nc2ncnc3cnc(C(CCCN1CCOCC1)C(=O)C=C)cc23)c4,1,14.163683,0.629630
active,CHEMBL178312,CCOc4cc3ncc(C#N)c(Nc2ccc(OCc1ccccc1)c(Cl)c2)c3cc4NC(=O)\C=C\CN5CCCC5,1,13.197457,0.987500
active,CHEMBL490496,Fc4ccc(Cc2ncnc3cc(\C=C\CCN1CCOCC1)c(NC(=O)C=C)nc23)cc4Cl,1,12.501543,0.772152
active,CHEMBL461967,COc3cc2ncnc(Nc1ccc(F)c(Cl)c1)c2cc3CNC(=O)[C@H]4CCCCN4C,1,13.417773,0.675000
active,CHEMBL153419,C(Nc2ncnc3c1ccccc1sc23)c4ccccc4,1,12.673900,0.344828
active,CHEMBL126192,CCOc4cc3ncnc(Nc2cccc(c1nccs1)c2)c3cc4OCC,1,11.954705,0.661017
active,CHEMBL279334,CS(=O)(=O)CNCCCCOc4ccc3ncnc(Nc2ccc(S(=O)(=O)c1ccccc1)cc2)c3c4,1,13.618660,0.410959
active,CHEMBL213007,COc3cc2ncnc(Nc1cc(Cl)ccc1F)c2cc3OC4CCN(S(C)(=O)=O)CC4,1,13.494665,0.519481
active,CHEMBL380972,COc4cc3CNc2c(Nc1cccc(Br)c1)ncnc2Oc3cc4OC,1,14.023979,0.728814
active,CHEMBL91428,COc4cc3ncnc(Nc2cc1ccccc1cn2)c3cc4OC,1,12.663875,0.739130
active,CHEMBL327023,Brc4cccc(Nc2c(C#N)cnc3ccc(NC(=O)C#CCN1CCSCC1)cc23)c4,1,10.086402,0.712329
active,CHEMBL299672,COc3cc2ncnc(Nc1ccc(F)c(Cl)c1)c2cc3OCCCN4CCCC4,1,13.314746,0.982759
active,CHEMBL444619,COc5cc(ON1CCC(C)CC1)c4c(Nc3ccc(OCc2ccccn2)c(Cl)c3)ncnc4c5,1,14.256332,0.600000
active,CHEMBL474524,COc4cc3ncnc(c1c[nH]c2cc(F)c(Cl)cc12)c3cc4OCCCN5CCOCC5,1,11.984562,0.597403
active,CHEMBL396079,C6CO[C@H](COCc4ccn5ncnc(Nc3ccc2n(Cc1ccccn1)ncc2c3)c45)CN6,1,12.484395,0.797619
active,CHEMBL428741,CCOc4cc3ncnc(Nc2cc(=O)c(OCc1cccc(F)c1)cc2=O)c3cc4NC(=O)\C=C\CN(C)C,1,13.501120,0.719512
active,CHEMBL583403,CCC5=C1C(N=CN=C1Nc4ccc3n(Cc2cccc(F)c2)ncc3c4)N=C5NC(=O)OC[C@@H]6COCCN6,1,12.053609,0.673469
active,CHEMBL248115,Cc5cncc(COc4ccc(Nc2ncnn3ccc(CN1CCC(N)CC1)c23)cc4Cl)c5,1,11.629397,0.687500
active,CHEMBL225929,ClCCN(CCNN=Nc3ccc2ncnc(Nc1cccc(Cl)c1)c2c3)Cc4ccccc4,1,12.449537,0.580247
active,CHEMBL391778,NCC6CCN(Cc4ccn5ncnc(Nc3ccc2n(Cc1cccc(F)c1)ncc2c3)c45)CC6,1,12.176774,0.826667
active,CHEMBL92356,CCN4CCN(CC#CC(=O)Nc3ccc2ncnc(Nc1cccc(Br)c1)c2c3)CC4,1,11.591455,0.843750
active,CHEMBL205059,Fc4ccc(Nc2ncnc3cnc(NC(=O)C#CCCN1CCCCC1)cc23)cc4Cl,1,11.960016,0.867647
active,CHEMBL153409,Brc4cccc(Nc2ncnc3c1cccnc1sc23)c4,1,14.451972,0.660000
active,CHEMBL179310,CCOc5cc4ncc(C#N)c(Nc3ccc2N(Cc1ccccc1)CCc2c3)c4cc5NC(=O)\C=C\CN(C)C,1,13.452722,0.728261
active,CHEMBL178096,COc4cc3ncc(C#N)c(Nc2ccc(NCNc1ccccc1)c(Cl)c2)c3cc4NC(=O)\C=C\CN(C)C,1,11.649158,0.755814
active,CHEMBL404405,OC5CCN(CCOc3n[nH]c4ncnc(Nc2ccc(OCc1ccccn1)c(Cl)c2)c34)CC5,1,14.608276,0.753247
active,CHEMBL448172,CC4CCN(CCCOc3cc2ncnc(Cc1ccc(F)c(Cl)c1)c2nc3NC(=O)C=C)CC4,1,12.099491,0.613636
active,CHEMBL306732,CN(C)c4ccc(Nc2ncnc3cc(c1ccccc1)sc23)cc4,1,11.943501,0.453125
active,CHEMBL39320,Cn3ncc4cc2c(Nc1cccc(Br)c1)ncnc2cc34,1,13.673195,0.653061
active,CHEMBL63786,Brc4cccc(Nc2ncnc3cc1ccccc1cc23)c4,1,14.555509,0.714286
active,CHEMBL1077305,COc1ccccc1Cc7nc6ccc(c4nn(C3CCC(C2CCN(C)CC2)CC3)c5ncnc(N)c45)cc6[nH]7,1,12.368094,0.761905
active,CHEMBL436137,Cc1cccc(C)c1c5cc(C)c4nc(Nc3ccc(OCCN2CCCC2)cc3)nnc4c5,1,12.158738,0.321429
active,CHEMBL356324,Oc2ccc(\C=C(/C#N)S(=O)(=O)C(=C/c1ccc(O)c(O)c1)/C#N)cc2O,1,10.854371,0.500000
active,CHEMBL175556,CCOc4cc3ncc(C#N)c(Nc2ccc(OCc1ccccc1)c(Cl)c2)c3cc4NC(=O)\C=C\CN5CCOCC5,1,11.805311,0.894118
active,CHEMBL311109,NC(=O)C6CCN(Cc5ccc(c4cc3ncnc(Nc2ccc1[nH]ccc1c2)c3s4)cc5)CC6,1,13.409803,0.661972
active,CHEMBL1172843,OC[C@H](Nc3ncnc4oc(c1ccccc1)c(c2cccc(NC(=O)C=C)c2)c34)c5ccccc5,1,12.003914,0.354430
active,CHEMBL372246,CN4CCN(c3cc2ncnc(Nc1cc(Cl)c(Cl)cc1F)c2cc3NC(=O)C=C)CC4,1,11.893700,0.419753
active,CHEMBL176582,Cn3cnc4cc2ncnc(Nc1cccc(Br)c1)c2cc34,1,14.586412,0.645833
active,CHEMBL424093,Brc4cccc(Nc2ncnc3ccc(NN=NCc1ccccc1)cc23)c4,1,11.639145,0.771930
active,CHEMBL74722,Cc3[nH]c2ncnc(Nc1cccc(Br)c1)c2c3C,1,13.194812,0.528302
active,CHEMBL308593,Cc3[nH]c2ncnc(Nc1cccc(Cl)c1)c2c3c4ccccc4,1,13.437483,0.720000
active,CHEMBL28148,COc3cc2c(Nc1ccc(Cl)cc1F)ncnc2cc3OC/C=C/CN4CCCC4,1,13.150702,0.746269
active,CHEMBL602728,ClCCN(CCCl)c3ccc(C(=O)Nc1cccc2ccccc12)cc3,1,11.645739,0.520000
active,CHEMBL125086,CCOc4cc3ncnc(Nc2cccc(c1ccco1)c2)c3cc4OCC,1,14.515572,0.655172
active,CHEMBL607707,CCOc3cc2ncc(C#N)c(Nc1ccc(F)c(Cl)c1)c2cc3NC(=O)\C=C\CN(C)C,1,13.024989,0.777778
active,CHEMBL498133,Nc4ncnc(Nc3ccc2n(Cc1cccc(F)c1)ncc2c3)c4\C=N\N5CCOCC5,1,12.547388,0.690476
active,CHEMBL283088,COc3cc2c(Nc1ccc(Cl)cc1F)ncnc2cc3OCCN4CCN(C)CC4,1,13.561498,0.809524
active,CHEMBL213874,COc3cc2ncnc(Nc1cccc(Cl)c1F)c2cc3OCC4CCN(C)CC4,1,10.544589,0.600000
active,CHEMBL205284,Fc4cccc(COc3ccc(Nc1ncncc1C#Cc2cc[nH]n2)cc3Cl)c4,1,13.190353,0.757576
active,CHEMBL281872,COc3cc2c(Nc1ccc(Br)cc1F)ncnc2cc3OCCn4ccnn4,1,12.486594,0.619718
active,CHEMBL592457,Oc1ccc(Br)cc1\C=N\NC2=NC(=O)CS2,1,11.736176,0.204819
decoy,C09963331,Cc1ccc(c(c1)NC(=O)COC(=O)C2CCN(CC2)c3ccc(c[nH+]3)C(F)(F)F)OC,0,11.435882,0.238636
decoy,C01898749,CC(C)(C)c1ccc(cc1)c2nnc(n2c3ccccc3)SCC(=O)NNC(=C)c4ccc5ccccc5c4,0,12.222147,0.195402
decoy,C13567652,Cc1ccc(cc1)N2C3=C(C(=O)CC(C3)(C)C)[C@]4(c5ccccc5N(C4=O)CC#C)C(=C2N)C#N,0,10.623754,0.147727
decoy,C13507534,Cc1ccc(c(c1)C)N([C@@H](c2ccc(o2)C)C(=O)NC3CCCCC3)C(=O)CNC(=O)c4ccco4,0,11.865564,0.189189
decoy,C38872855,c1cc(sc1)c2nc(on2)C[NH+]3CCC(CC3)C(=O)NC45CC6CC(C4)CC(C6)C5,0,11.253510,0.178571
decoy,C40231287,CC(C)c1ccccc1OCCCn2c3ccccc3nc2C(C)C,0,10.116501,0.229885
decoy,C39313499,Cc1cc(nc(n1)N/C(=N/C(=O)CS[C@H]2N[NH2+]NN2C)/NCCc3c[nH]c4c3cc(cc4)Cl)C,0,11.492624,0.179487
decoy,C10908286,c1ccc(cc1)n2cc(c(n2)c3ccc(cc3)F)CNC(=O)c4ccc(c(c4)[N+](=O)[O-])N,0,11.353269,0.211111
decoy,C38714729,CCOc1ccc(cc1OCC)[C@@H]2c3c(=O)c4cc(c(cc4oc3C(=O)N2CCC[NH+](C)C)C)Cl,0,10.845436,0.197802
decoy,C13150992,CCC[C@H](C(=O)NC(C)(C)CC)N(C[C@@H]1CCCO1)C(=O)CNS(=O)(=O)c2ccc(cc2)F,0,10.916831,0.162162
decoy,C10575451,c1ccc2c(c1)CCCN2C(=O)COC(=O)C3(CCCCC3)O,0,10.657865,0.181818
decoy,C09124607,CCc1ccc(cc1)[C@@H]2C3=C(N=N[C@H]3C(=O)N2Cc4cccnc4)c5cc(cc(c5O)C)C,0,11.279516,0.210526
decoy,C04109065,CCC(C)(C)[C@H]1CCc2c(sc3c2C(=N[C@H](N3)c4ccccn4)O)C1,0,11.593675,0.175258
decoy,C21135427,Cc1cc(c(n1C[C@H]2COc3ccccc3O2)C)C(=O)COC(=O)c4cc(c(cc4OC)N)Cl,0,10.933380,0.235294
decoy,C02387673,CCn1c(nnc1SCC(=O)Nc2c(cc(cc2Cl)C)C)c3ccco3,0,11.583309,0.237113
decoy,C17014323,C[C@@H]1CCCC[C@H]1N2CNC(=NC2)Nc3nc4ccccc4s3,0,11.919979,0.231707
decoy,C36495372,Cc1ccccc1CC(=O)N(Cc2ccco2)[C@H](c3ccc4c(c3)OCO4)C(=O)NC(C)(C)CC(C)(C)C,0,10.893194,0.166667
decoy,C23946925,C[C@]1(C(=O)N(C(=O)N1)NC(=O)c2ccc(c(c2)NC(=O)c3cccs3)Cl)CCc4ccccc4,0,10.959011,0.222222
decoy,C00114173,c1cc(ccc1[C@H]2[NH2+][C@@H](CS2)C(=O)[O-])Cl,0,11.818891,0.152778
decoy,C39413348,C[NH+](C)CCN1C(=O)C[C@](C1=O)(CC(=O)N(C)C[C@@H]2C3=C(CCCC3)N=N2)c4ccccc4Cl,0,11.472589,0.176000
decoy,C08462813,CC[NH+](CC)CCN1[C@H](/C(=C(\c2ccc(cc2)Cl)/O)/C(=O)C1=O)c3ccc(cc3)C,0,10.949038,0.182927
decoy,C29641314,COc1cc(c(c(c1)OC)C2=CC[NH+](CC2)CC(=O)NC(=O)NCCc3cccs3)OC,0,11.639791,0.188034
decoy,C62811381,Cc1ccsc1CN(C)C(=O)c2c(c[nH]n2)N,0,10.633690,0.153846
decoy,C08436133,c1ccc(cc1)N2C(=O)[C@@H](SC2=O)Nc3ccc(cc3)[N+](=O)[O-],0,11.816586,0.185185
decoy,C37443898,C[C@H]1CCCC[C@@H]1NC(=O)[C@@]2(Cn3c4ccccc4nc3C(=O)N2Cc5ccc6c(c5)OCO6)C,0,11.345787,0.194690
decoy,C39635919,Cc1ccc(c(c1F)C(=O)N2C[C@@H](C3(C2)CC[NH2+]CC3)C(=O)N[C@@H]4CCCC[C@@H]4C)Cl,0,10.660685,0.185185
decoy,C18527096,C[C@@H](c1cccc2c1cccc2)NC(=O)CSc3nnc(n3N)c4ccco4,0,11.948145,0.238095
decoy,C06648358,CCc1c(c(c2ccccc2n1)C)C(=O)OCC(=O)NC3(CCCCC3)C#N,0,11.943233,0.205357
decoy,C18355934,CC(C)[C@H](c1ccc2c(c1)OCCCO2)NC(=O)CSc3nnc(n3N)c4ccccc4Cl,0,10.564997,0.196429
decoy,C23125435,Cc1ccc(cc1)c2nc(on2)c3c[nH]nc3c4ccccc4,0,11.041089,0.211268
decoy,C36587483,CC(C)(C)CC(C)(C)NC(=O)[C@@H](c1ccc(c(c1)OC)OC)N(C(=O)CCc2ccc(cc2)OC)C(C)(C)C,0,10.815752,0.226667
decoy,C14456863,CCCC(=O)Nc1ccc2c(c1)[C@H]3C=CC[C@@H]3[C@@H](N2)c4ccc(s4)C,0,11.894947,0.210526
decoy,C15867874,Cc1cccc(c1)N2C(=O)NC3(N2)CCCCC3,0,11.377870,0.205882
decoy,C37254889,C[C@@H](c1ccc(cc1)I)[NH2+]CC2CCCC2,0,11.522316,0.130435
decoy,C03537236,CCn1c(nnc1SCC(=O)c2ccc3c(c2)NC(=O)CO3)c4ccc(cc4)Cl,0,11.311324,0.173913
decoy,C40019609,CCCC[NH+](CCCC)CCCN1[C@@H](C(=C(C1=O)[O-])C(=O)c2ccc(cc2)F)c3cccc(c3)OCC=C,0,11.256330,0.191919
decoy,C63384361,CCCNC(=O)[C@H](Cc1ccccc1)NC(=O)[C@@H]2CC3=c4ccccc4=[NH+][C@H]3[C@@H]5N2C(=O)c6c5cccc6,0,11.349382,0.173469
decoy,C37928838,CCN(C1CCCCC1)S(=O)(=O)c2cc(ccc2N)Cl,0,11.874613,0.192771
decoy,C59427667,c1ccc(cc1)c2cc(c(n2c3ccc(cc3)[N+](=O)[O-])c4ccccc4)/C=N/NC(=O)c5ccc(cc5)O,0,12.344008,0.209302
decoy,C16460974,CCCNC(=O)c1csc(n1)CSc2nnc(n2c3ccccc3C)c4ccco4,0,12.010168,0.222222
decoy,C35279263,Cc1ccc(c(c1)O)NS(=O)(=O)N2CCCC[C@@H]2C,0,11.757595,0.194030
decoy,C33937119,CC[C@@H](c1nnnn1C[C@H]2CCCO2)[NH+](Cc3ccc4c(c3)OCO4)Cc5cc6cc(cc(c6[nH]c5=O)C)C,0,11.111904,0.154472
decoy,C42294529,c1cc(c(cc1N)F)c2cs/c(=N\S(=O)(=O)CC(=O)[O-])/[nH]2,0,11.309393,0.186441
decoy,C39635384,Cc1cc(=O)oc2c1cccc2OCC(=O)N3C[C@H](C4(C3)CC[NH2+]CC4)C(=O)NC5CCC5,0,10.911482,0.205357
decoy,C01418921,c1ccc2c(c1)nnn2CC(=O)N(Cc3ccc(cc3)F)[C@@H]([C@@H]4CCC=CC4)C(=O)Nc5ccc6c(c5)OCO6,0,13.227330,0.207547
decoy,C39676511,CC(C)[C@H](C(=O)N1C[C@@H](C2(C1)CC[NH2+]CC2)C(=O)NCCc3c[nH]c4c3cc(cc4)Cl)Oc5ccccc5,0,10.687965,0.183333
decoy,C09358981,C/C(=C\c1ccco1)/C=N/NC(=O)CSc2nnc(n2c3ccc(cc3)OC)c4ccc(cc4)C(C)(C)C,0,11.894934,0.188889
decoy,C39667178,Cc1ccc(c(c1)C)CCNC(=O)[C@@H]2CN(CC23CC[NH2+]CC3)C(=O)c4c(noc4C)C,0,10.818903,0.159292
decoy,C62977224,CC[NH+](CC)c1ccc(cc1)/C=C/2\C(=O)c3c(cc(c(c3O2)C[NH+]4CCN(CC4)c5ccc(cc5)OC)O)C,0,10.946733,0.193548
decoy,C12325049,c1ccc(cc1)c2csc3c2c(nc(n3)SCC(=O)NCc4ccco4)N,0,11.819069,0.197674
decoy,C52566133,CN(C)c1c2cc(ccc2[nH]n1)c3cc(cnc3)OC[C@H](CC4=c5ccccc5=[NH+]C4)[NH3+],0,11.872932,0.158537
decoy,C63480010,Cc1ccc(cc1)N2C(=O)[C@@H]3[C@H](N[C@]4([C@@H]3C2=O)c5cc(ccc5NC4=O)F)CC6=c7ccccc7=[NH+]C6,0,11.676437,0.141732
decoy,C06659059,c1ccc2c(c1)C(=O)/C(=N/Nc3ccc(cc3)Br)/C(=O)O2,0,11.787149,0.217391
decoy,C67080408,CC[C@@H](c1[nH]c2ccccc2n1)NC(=O)NCc3c(c(c(cn3)C)OC)C,0,11.803622,0.215190
decoy,C12620128,Cc1ccc(o1)/C=C/2\C[C@H]3[C@H]4CC=C5C[C@H](CC[C@]5([C@@H]4CC[C@]3([C@@H]2O)C)C)O,0,10.854901,0.116279
decoy,C14022329,COc1ccc(cc1)S(=O)(=O)N2CCC[C@H](C2)C(=O)Nc3nc4c(s3)cccc4SC,0,11.805214,0.220930
decoy,C14882220,CC[C@]1(C(=O)N(C(=O)N1)Cc2ccc3c(c2)OCO3)C4CC[NH+](CC4)C[C@@H]5CCC=CC5,0,10.729450,0.161017
decoy,C64664465,Cc1ccc(cc1)c2csc(n2)c3c(n(nn3)c4cccc(c4C)Cl)N,0,11.983286,0.208333
decoy,C39678561,c1cc(cc(c1)OC(F)F)CNC(=O)[C@H]2CN(CC23CC[NH2+]CC3)C(=O)[C@@H]4CCC=CC4,0,10.750143,0.203390
decoy,C34979193,CC[C@H](C)[C@H](C(=O)N1CCN([C@@H](C1)C)C(=O)CCC2CCCC2)NC(=O)C(c3ccccc3)c4ccccc4,0,10.297750,0.202247
decoy,C12565519,c1ccc(cc1)C[NH+](Cc2ccccc2)CC(=O)Nc3cccc4c3C(=O)c5ccccc5C4=O,0,10.929068,0.218750
decoy,C00327160,CC[C@H](C)Sc1nc2c(n1CCC(C)C)c(=O)[nH]c(=O)n2C,0,11.050574,0.134615
decoy,C09600940,Cc1ccc(o1)[C@H]2C3=C(C[C@H](CC3=O)c4cccs4)NC(=C2C(=O)OCCOc5ccccc5)C,0,11.311636,0.212766
decoy,C15016650,Cc1cc[nH+]c(c1)N[C@@H](c2ccc3ccc(nc3c2O)C)c4c(cccc4Cl)F,0,10.725197,0.174419
decoy,C48288032,CCCCN(C)S(=O)(=O)NCc1cc[nH+]c(c1)N2CCN(CC2)c3ccc(cc3)F,0,11.122010,0.177570
decoy,C36065889,CCNC(=O)c1coc(n1)C[NH+](Cc2ccc3c(c2)OCO3)Cc4cc(ccc4C)C,0,10.586255,0.177778
decoy,C12487582,CCN([C@H]1CCS(=O)(=O)C1)C(=O)COC(=O)c2ccc(cc2)S(=O)(=O)NCc3ccco3,0,10.713657,0.211111
decoy,C58980029,c1ccc(cc1)Cc2c(sc(n2)NC(=O)Cc3c4ccccc4c(=O)[nH]n3)c5ccccc5,0,11.210173,0.228571
decoy,C36308132,Cn1c(c(c(n1)c2ccccc2)C[NH+](Cc3ccco3)C[C@@H](Cc4ccccc4)O)Oc5ccccc5,0,11.414159,0.191011
decoy,C49205170,Cc1c(sc(n1)NC(=O)N[C@H]2CCC[C@@H]([C@@H]2C)C)C,0,11.759274,0.175824
decoy,C09483398,CC1(CC2=C([C@@H](N(c3ccccc3N2)CC(=O)NCCC[NH+](C)C)c4ccc(cc4)Cl)C(=O)C1)C,0,12.682312,0.180180
decoy,C63411818,COc1ccc(c(c1)N2C(=O)/C(=C/N[C@H](CC3=c4ccccc4=[NH+]C3)C(=O)OC)/C(=O)NC2=S)OC,0,11.190432,0.210000
decoy,C24986374,C[C@H](c1nc(nc(n1)N(C)C)N)Sc2nc3ccccc3c(=O)n2CC[NH+](C(C)C)C(C)C,0,11.596561,0.170213
decoy,C23648551,CC[C@H](C)c1ccccc1NC(=O)[C@@H](C)Sc2nnc(n2N)c3ccc(cc3)OC(F)F,0,10.268961,0.173913
decoy,C36718396,c1ccc2c(c1)C[C@H](N(C2)C(=O)c3ccco3)C(=O)Oc4ccc(cc4)NC(=O)c5cccs5,0,11.817852,0.200000
decoy,C13065100,CC[C@H](c1nnnn1CCc2ccccc2)[NH+](Cc3ccc(cc3)C)Cc4cc5ccc(c(c5[nH]c4=O)C)C,0,10.952817,0.195402
decoy,C39933409,C[C@@H](C(=O)Nc1ccc(cc1)NC(=O)C)S[C@@H]2NN=C(N2c3ccccc3)C4=c5ccccc5=[NH+]C4,0,11.213967,0.186813
decoy,C36206968,Cc1c2c(=O)[nH]c(nc2sc1C(=O)OC)C[NH+](C[C@@H](COC(C)(C)C)O)C3CCCCC3,0,11.405457,0.141593
decoy,C64741070,Cc1ccccc1CSC2=NC(=O)[C@@H]3[C@@H](CC(=O)NC3=N2)C(=O)Nc4ccccc4C,0,11.384406,0.180723
decoy,C15401521,C[C@@H]1C[C@@H](CN(C1)C(=O)Nc2c[nH]c3c2cccc3)C,0,11.463723,0.202532
decoy,C07748265,c1ccc(cc1)[C@H](c2cccs2)[NH2+]CC(=O)NN3C(=O)C4(CCCCC4)NC3=O,0,11.893921,0.181818
decoy,C01158668,Cc1ccc(c(c1)C)NC(=O)C2=C(NC(=S)N[C@@H]2c3ccc(c(c3)[N+](=O)[O-])Cl)C,0,11.427556,0.186047
decoy,C36068017,CC[C@H](C(=O)OC(C)C)n1c(nc2c(c1=O)c3c(s2)CCCC3)C[NH+](C)C,0,11.229965,0.137931
decoy,C22455144,Cc1ccccc1Nc2c3c([nH]n2)C[C@H](CC3=O)C,0,10.669122,0.209677
decoy,C31250415,C[C@H](c1ccc(cc1)C(C)C)NC(=O)[C@H]2CCCN2S(=O)(=O)c3ccc4c(c3)OCCO4,0,10.870897,0.198113
decoy,C45696281,C[C@H](c1ccc(c(c1)Cl)Cl)NC(=O)Nc2ccccc2SCC(=O)N,0,11.584574,0.204819
decoy,C13352346,c1cc(ccc1/C=N/NC(=S)Nc2cc(ccc2Cl)C(F)(F)F)OCC(=O)[O-],0,11.792814,0.225000
decoy,C19236988,Cc1ccccc1[C@H]2[C@@H]3[C@H](C(=O)N(C3=O)c4ccc(cc4)F)[C@](N2)(C)C(=O)OC,0,10.940352,0.175824
decoy,C30689385,C=CCn1c(n[nH]c1=S)Cc2csc(n2)NC(=O)c3c(cco3)c4ccccc4,0,11.656188,0.196078
decoy,C06900119,CCCn1c2ccccc2c3c1c(=O)n(nc3)CC(=O)NCC[NH+]4CCCC[C@H]4C,0,11.201310,0.201835
decoy,C39456407,CC(C)S(=O)(=O)[C@@H]1CC(=O)c2c(c3c(cc4c(n3)cccc4SC)c(=O)n2S(=O)(=O)C(C)C)N1,0,10.865697,0.168675
decoy,C08765435,CC(=O)c1ccc(cc1)N2C(=O)C[C@H](C2=O)[NH+]3CCc4c(c5ccccc5[nH]4)C3,0,10.786819,0.168831
decoy,C01204161,Cc1ccc(c(c1)NC(=O)c2cnn3c2nc(cc3C(F)(F)F)c4cccs4)O,0,11.946263,0.201835
decoy,C67132943,c1ccc(cc1)[C@H](c2ccco2)[NH2+]Cc3csc(n3)c4cccs4,0,11.187434,0.172414
decoy,C20289262,C[C@H]([C@H](c1cccs1)N2CCN(CC2)c3ccc(cc3)OC)NC(=O)C(=O)NCC[NH+](C)C,0,11.240078,0.200000
decoy,C63201984,c1cc(c(cc1F)NC(=O)c2cc3c(s2)CCC3)N,0,11.479577,0.181818
decoy,C04017469,c1cc(cc(c1)[N+](=O)[O-])C(=O)N[C@H](C(Cl)(Cl)Cl)NC(=S)Nc2ccc(cc2)[N+](=O)[O-],0,11.133015,0.200000
decoy,C06077709,CCC(C)(C)n1c(nnn1)[C@H](c2cc3cc(cc(c3[nH]c2=O)C)C)[NH+]4CCN(CC4)c5ccc(cc5)OC,0,11.106635,0.200000
decoy,C13008200,C[C@H]1CC(=O)Nc2ccccc2N1C(=O)C[NH+](C)Cc3c4ccccc4ccc3O,0,11.940928,0.204819
decoy,C10064231,CCOC(=O)Cn\1c2ccc(cc2s/c1=N\C(=O)Cc3ccc(c(c3)C)C)S(=O)(=O)N,0,12.213276,0.177778
decoy,C39671069,c1ccc(cc1)c2ccc(o2)C(=O)N3C[C@H](C4(C3)CC[NH2+]CC4)C(=O)NCCc5ccco5,0,10.676527,0.195402
decoy,C20678926,CCOCCOc1cccc2c1N[C@@H]([C@@H]3[C@H]2C=CC3)c4ccc(cc4)OC,0,11.884293,0.195402
decoy,C33551463,CCOc1ccc2c(c1)sc(n2)N3[C@@H](C(=C(C3=O)[O-])C(=O)c4cccs4)c5cccs5,0,11.036074,0.198020
decoy,C14994711,COc1ccc(cc1)C2(CCCC2)C(=O)NC[C@H]3Cc4cc(ccc4O3)c5ccc(nn5)OC,0,10.844800,0.235294
decoy,C02256969,CC(C)Cc1c2c(c3c(c(oc3n1)C(=O)c4ccc(cc4)Cl)N)CC(OC2)(C)C,0,10.477423,0.158537
decoy,C12039847,c1ccc(cc1)CCCn2cnc3c(c2=O)c4c(s3)C[C@@H](CC4)[NH2+]Cc5ccc(cc5)n6cccn6,0,12.031850,0.240000
decoy,C39762619,C[C@@H](c1nnc(n1CC(C)C)SCC(=O)Nc2ccccc2C(C)C)NC(=O)c3ccc(cc3)Cl,0,10.362183,0.225000
decoy,C22000893,C[C@H]1C[C@@]2(CC(C1)(C)C)C(=O)N(C(=O)N2)CC(=O)OCC(=O)Nc3ccccc3C(C)(C)C,0,11.040425,0.177083
decoy,C20928976,Cc1ccc(c(c1)N2C(=O)CN(C[C@]2(C)C(=O)NC3CCCC3)S(=O)(=O)c4ccccc4)C,0,10.470585,0.203883
decoy,C35246361,CCCCN1C(=C([C@@H](NC1=O)c2cccc(c2)NC(=O)c3ccc4c(c3)OCO4)C(=O)OC(C)C)C,0,11.716434,0.207921
decoy,C62198656,CC(C)(C)n1c(cc(n1)C(=O)N2CCc3ccccc3C2)N,0,10.823612,0.200000
decoy,C09428498,CC1(C[C@H]2C[C@@](C1)(C[NH+]2CN3c4ccccc4/C(=N/NC(=O)CO/N=C/c5ccc(cc5)OC)/C3=O)C)C,0,11.337433,0.182692
decoy,C21364784,CCCC[NH+](CC)CCN1C(=O)c2ccc(n2C[C@@]1(C)C(=O)NC3CCCC3)c4ccco4,0,10.787951,0.224299
decoy,C43547783,C[C@@]1(CC[C@@]2([C@@H](C1)C(C[C@@H]2[NH2+]C3CCC3)(C)C)CCC(=O)NCCc4c[nH]c5c4cccc5)O,0,11.143163,0.161290
decoy,C38679227,CCCOc1ccc(cc1)C(=O)Oc2ccc3c(c2)OC(=C([C@H]3c4ccc(c(c4)OCC)OCC)C#N)N,0,10.927963,0.222222
decoy,C06082908,C[C@@H](c1ccc(cc1)Cl)OC[C@@H](C[NH+](Cc2ccccc2O)C3CCCCC3)O,0,11.383534,0.160920
decoy,C16656445,CCS(=O)(=O)N1Cc2ccccc2C[C@H]1C(=O)OCC(=O)NC(=O)Nc3cccc(c3C)C,0,11.737095,0.220930
decoy,C09467755,Cc1cccc2n1cc(n2)C(=O)Nc3[nH]nc(n3)SCc4ccc(cc4)Cl,0,11.817949,0.220930
decoy,C13722516,CC1(CC(CC([NH2+]1)(C)C)N2Cc3c(ccc4c3occ(c4=O)c5ccccc5OC)OC2)C,0,11.293338,0.191489
decoy,C16833026,CSc1ccc(cc1)NC(=O)CCNC(=O)NC23CC4CC(C2)CC(C4)C3,0,10.833017,0.194030
decoy,C39866005,C/C(=C/1\C(=O)N(/C(=N\c2nc(cs2)c3ccccc3)/S1)c4ccccc4)/c5ccc(cc5)N,0,11.593727,0.200000
decoy,C39856156,CCCCOc1ccc(cc1)NC(=O)c2c(c\3c(o2)CC(C/C3=N\NC(=S)N)(C)C)C,0,11.888061,0.227848
decoy,C06879832,Cc1csc(n1)N(c2ccccc2)C(=O)Cn3cnc4c(c3=O)ccs4,0,11.807329,0.208333
decoy,C14546651,c1cc2c(c(c1)O)N[C@H]([C@@H]3[C@@H]2C=CC3)c4c(cccc4Cl)Cl,0,10.627228,0.159420
decoy,C08700768,CCOc1ccc(cc1)/N=C\2/N(C(=O)/C(=C/3\c4ccccc4NC3=O)/S2)c5ccc(cc5)OCC,0,12.236680,0.188235
decoy,C36540909,CCC(CC)[C@@H](C(=O)NCS(=O)(=O)c1ccc(cc1)C)N(c2ccccc2Cl)C(=O)C3CCCCC3,0,10.801048,0.191011
decoy,C16492687,c1ccc(cc1)c2cc(n(n2)c3nnc4n3NC(=CS4)c5ccc(cc5)N)c6ccccc6,0,11.361181,0.194805
decoy,C08820993,CCc1ccccc1/N=C\2/NC(=O)/C(=C\c3ccc(o3)c4ccc(c(c4)Cl)Cl)/S2,0,11.729829,0.194175
decoy,C33729282,C[C@]12CCCC[C@@H]1CC[C@@H]3[C@@H]2CC[C@@]4([C@@H]3CC[C@@]4(CSCC[NH3+])O)C,0,10.786909,0.101124
decoy,C28783576,c1cc2c(cc1NS(=O)(=O)c3cc(cc(c3)F)F)OC4(O2)CCCCC4,0,11.619620,0.170455
decoy,C06300500,Cc1cc(c2c(c1)cc(c(=O)[nH]2)C[NH+](Cc3ccccc3)Cc4nnnn4C[C@H]5CCCO5)C,0,11.119200,0.184874
decoy,C16495552,CC(C)[C@H](c1ccc2c(c1)OCCO2)NC(=O)Cc3csc(n3)NC(=O)c4ccco4,0,11.734794,0.182609
decoy,C36287816,CN(CC(=O)N1CCNCC1)C(=O)NC2CCCCC2,0,11.315128,0.206897
decoy,C05867364,Cc1ccc(cc1)c2nc([nH]n2)S[C@@H](C)C(=O)N3CCCC3,0,10.196073,0.175676
decoy,C44917576,Cc1c2c(oc1C(=O)N[C@H](C)c3cccnc3)CC(CC2=O)(C)C,0,11.369193,0.193182
decoy,C21659003,Cc1ccc(cc1)c2c3c(c4n2-c5ccccc5N[C@H]4c6cccc(c6O)O)n(c(=O)n(c3=O)C)C,0,11.415039,0.160494
decoy,C12507682,c1cc(c(cc1OCCO)Br)[C@H]2NC(=[NH+]c3n2c4cc5c(cc4n3)OCCCO5)N,0,11.178949,0.221053
decoy,C06053332,Cc1ccc(c(c1)C)NC(=O)C2=C(NC(=O)N[C@H]2c3ccc(o3)C)C,0,11.326524,0.192308
decoy,C13612613,CN(C)c1ccc(cc1)c2c(c(nc(c2C#N)SCCO)N)C#N,0,12.206136,0.180556
decoy,C39677607,CCC[C@H](C)C(=O)N1C[C@H](C2(C1)CC[NH2+]CC2)C(=O)NCc3ccc(s3)c4ccccn4,0,10.745131,0.177419
decoy,C45681162,CC[C@@]1(C(=O)N(C(=O)N1)C[NH+]2CCC(CC2)CCc3ccc(cc3)OC)c4ccc(cc4)Cl,0,10.830375,0.224719
decoy,C35757929,CCNC(=O)[C@@H]1[C@H](OC(=O)N1Cc2ccc(cc2)C)c3cccc(c3)NC(=O)c4ccccc4OC,0,11.404081,0.222222
decoy,C21518660,c1c(c(cc2c1OCCO2)Oc3cc(c(cc3Cl)Cl)Cl)N,0,11.309111,0.172840
decoy,C64497871,CC(C)c1nc(c(o1)NNC(=O)[C@H]2C[C@H]2c3cccc(c3)Cl)C#N,0,11.074115,0.208791
decoy,C63486180,C[C@H]1c2cc(c(cc2OC(=O)[C@H]1CC(=O)NCCC3=c4cc(ccc4=[NH+]C3)Cl)O)Cl,0,10.964483,0.191489
decoy,C44270344,c1ccc(c(c1)Cn2cccn2)NC(=O)NC[C@@H](c3ccco3)[NH+]4CCCCC4,0,11.109141,0.175439
decoy,C10645678,Cc1cc(on1)NC(=O)[C@@H](C)Sc2nnc(n2c3ccc(cc3)Cl)Cc4ccccc4,0,11.679898,0.195652
decoy,C12871869,c1ccc(c(c1)CN([C@H](c2ccccn2)C(=O)NC3CCCC3)C(=O)c4csnn4)F,0,11.038047,0.188679
decoy,C36206790,Cc1c2c(=O)[nH]c(nc2sc1C(=O)OCC=C)C[NH+](C[C@H](COC(C)(C)C)O)C3CCCCC3,0,11.468648,0.134454
decoy,C58930012,Cc1ccccc1N2[C@H](NC(=CC2=O)C)Nc3nc(cc(n3)C)C,0,11.228317,0.175439
decoy,C14244365,CC(C)[C@@H](C(=O)NNC(=O)c1ccc2c(c1)OCO2)NC(=O)C34CC5CC(C3)CC(C5)C4,0,11.028145,0.144737
decoy,C09526586,CCOC(=O)c1c(c2cc(ccc2o1)S(=O)(=O)Nc3cc4c(cc3C)n(c(=O)n4C)C)C,0,11.341700,0.202247
decoy,C01029450,Cn1c(c(c(n1)C(F)(F)F)c2ccc(cc2)F)NC(=O)Nc3ccc(cc3F)F,0,11.175117,0.216216
decoy,C21819656,Cc1cc(cc(c1)N[C@H](C)C(=O)NC2(CCCCC2)C#N)C,0,10.595724,0.196970
decoy,C02480043,CCSc1ccsc1[C@H]2C(=C(N(C3=C2C(=O)CC(C3)(C)C)c4cccc(c4)[N+](=O)[O-])N)C#N,0,11.329358,0.139535
decoy,C39930494,Cc1c(sc(n1)[S-])CC(=O)Nc2nc(cs2)C3=C(N([C@@H](C3)C)CC=C)C,0,10.698580,0.180180
decoy,C64143958,c1ccc2=[NH+]CC(=c2c1)c3csc(n3)NC(=O)CC[C@H]4NC(=NO4)c5cccs5,0,11.787194,0.174757
decoy,C09435709,Cc1c(c(n(n1)c2ccc(cc2)F)Cl)/C=C/C(=O)O[C@@H](C)C(=O)N[C@@](C)(C#N)C(C)C,0,10.803872,0.183486
decoy,C36207083,Cc1ccc(c(c1)c2csc3c2c(=O)[nH]c(n3)C[NH+](CCOC)C[C@H](COCC#C)O)C,0,11.839414,0.152000
decoy,C63686426,Cc1ccc(c2c1c(=O)cc([nH]2)CS[C@@H]3NN[C@@H](N3C)c4cccc(c4)F)C,0,11.369424,0.181818
decoy,C46767622,c1ccc2c(c1)c(c([nH]2)C(=O)OCC(=O)N3C[C@H](Oc4c3cccc4)C(=O)N)Cl,0,11.351130,0.212766
decoy,C14022521,CC(C)c1cccc2c1nc(s2)NC(=O)[C@H]3CCCN(C3)S(=O)(=O)c4ccc(cc4)OC,0,11.893912,0.209877
decoy,C24831540,C[C@@H](c1ccc(cc1)Cl)[NH2+]CC(=O)N2c3ccccc3NC(=O)C[C@@H]2C(F)(F)F,0,11.744104,0.172043
decoy,C13499417,CCC[C@H](c1nnnn1CCOC)N(Cc2cccs2)Cc3cc4cc5c(cc4[nH]c3=O)OCCO5,0,11.715074,0.184000
decoy,C38660209,CCCCOc1ccc(cc1OC)[C@@H]2c3ccc(cc3OC(=C2C#N)N)OC(=O)c4cccc(c4)[N+](=O)[O-],0,11.171500,0.213592
decoy,C22188011,Cc1ccc(cc1)n2c(nnc2SCc3[nH]c(=O)c4cc(ccc4n3)Cl)N5CCOCC5,0,10.955503,0.210000
decoy,C21397278,Cc1ccc(cc1)c2nnc(n2c3ccc(cc3)Cl)SCC(=O)NC(=O)NCc4ccco4,0,11.772681,0.188889
decoy,C00056866,Cc1cc(cc(c1O)C)S(=O)(=O)c2cc(c(c(c2)C)O)C,0,14.575592,0.200000
decoy,C13063725,CCc1ccc2c(c1)cc(c(=O)[nH]2)C[NH+](Cc3ccc(cc3)C)[C@@H](CC)c4nnnn4Cc5ccco5,0,11.313938,0.166667
decoy,C09252225,CCc1ccccc1NC(=O)C(=O)NC[C@@H](c2cccnc2)[NH+]3CCN(CC3)c4ccccc4,0,11.713571,0.207207
decoy,C38191162,C/C/1=C/CC[C@@]2([C@H](O2)[C@@H]([C@@H]([C@@H](C1)OC(=O)c3cc(c(c(c3)OC)OC)OC)C(C)C)O)C,0,10.814161,0.144578
decoy,C30977949,Cc1ccc2c(c1)[C@@H](CC(O2)(C)C)NC(=O)C3CC[NH+](CC3)Cc4nc(no4)c5ccc(cc5)C(C)(C)C,0,10.861704,0.178947
decoy,C37021886,c1cc(sc1)C(=O)NNC(=O)CSc2nnc(s2)N,0,11.701177,0.175000
decoy,C65390709,c1ccc2c(c1)CCCN2C(=O)NCCCn3cccn3,0,11.827031,0.222222
decoy,C39966183,Cn1c(nnc1SCC(=O)Nc2c(c3c(s2)CCC3)C(=O)OC)c4csc5c4CCCCC5,0,11.525741,0.177570
decoy,C65503924,COc1cc(cc(c1OCC=C)Cl)[C@H]2CC(=O)NCc3c2sc(n3)N,0,10.702358,0.213592
decoy,C15675830,c1cc(ccc1c2nc(on2)[C@@H]3Cc4c([nH]c[nH+]4)CN3C(=O)Nc5ccc(cc5)Cl)OC(F)(F)F,0,10.481263,0.196262
decoy,C67105182,CC1CCC2(CC1)C(=O)N(C(=O)N2)NC(=O)C[C@@H](C)NC(=O)C3CCCCC3,0,10.885394,0.158416
decoy,C06480150,Cc1ccc(cc1)c2ccc(o2)[C@H]3c4c(=O)[nH]c(=O)[nH]c4OC(=C3C#N)N,0,11.748972,0.155844
decoy,C38965655,COc1ccc(cc1OC)CCN[C@H]2/C(=N/S(=O)(=O)c3cccs3)/[NH+]=c4ccccc4=[NH+]2,0,11.871682,0.195122
decoy,C01050667,c1cc(cc(c1)[N+](=O)[O-])c2ccc(o2)C(=O)NC(=S)Nc3cccc(c3N4CCCC4)Cl,0,11.174052,0.207547
decoy,C22861624,Cc1cc([nH+]c2c1cccc2)NCC/N=C\3/CCCC(=C3)[O-],0,11.650601,0.171429
decoy,C08455910,CCOc1ccc(cc1)[C@H]2C(=C(N(C3=C2C(=O)CC(C3)(C)C)c4ccccc4[N+](=O)[O-])N)C#N,0,10.748628,0.191489
decoy,C12927740,C[C@@]1(C(=O)NC(=O)N1)CSc2ccccc2C(=O)N[C@@H]3CC[NH+](C3)Cc4ccccc4,0,11.528036,0.204301
decoy,C00120580,C[C@@H]1CCc2c(sc(c2C(=O)N)NC(=O)Nc3ccccc3)C1,0,12.055694,0.208955
decoy,C03315732,CCOC(=O)Cc1csc(n1)NC(=O)CSc2nnc(n2c3ccccc3)c4ccc(cc4)Cl,0,11.333199,0.200000
decoy,C39919005,Cc1cc2c(c(=O)n1CC[NH+](C)C)[C@]3(c4ccccc4N(C3=O)CC(C)C)C(=C(O2)N)C#N,0,10.455341,0.157303
decoy,C14105972,CC(C)c1ccccc1NC(=O)[C@@H]2CCCN(C2)S(=O)(=O)c3ccc(cc3)Br,0,10.512640,0.202247
decoy,C61684145,CC(C)n1cc(cn1)NC(=O)C2(CCCCC2)/C(=N/O)/N,0,11.021772,0.166667
decoy,C36126090,Cc1nc2ccccc2n1CCCNS(=O)(=O)c3ccc4c(c3)oc(n4)[O-],0,11.087026,0.213483
decoy,C59267043,CCOC(=O)C1=C(NC(=O)N[C@@H]1c2ccc(cc2OC)Oc3ccc(cc3[N+](=O)[O-])C(F)(F)F)C,0,11.264712,0.190476
decoy,C19847862,Cc1cc(nc(n1)SC2=C/C(=C(/N)\N=O)/C=CN2)[O-],0,11.321581,0.139241
decoy,C39672079,COc1ccc(cc1)CCC(=O)N2C[C@H](C3(C2)CC[NH2+]CC3)C(=O)NCc4cn5ccccc5n4,0,10.677009,0.193182
decoy,C05351929,CCCCN1C(=O)[C@H]2[C@@H](C1=O)[C@]3(c4cc(ccc4NC3=O)Cl)[NH2+][C@H]2C(C)C,0,11.844141,0.161616
decoy,C21222571,CCOc1ccc(cc1OC)[C@H]2CC3=C([C@H](Nc4ccccc4N3)c5ccc(c(c5)OC)OC)C(=O)C2,0,12.451984,0.216867
decoy,C40982233,CCCOc1ccccc1[C@@H]2C(=C(Nc3n2nc(n3)SCCC)C)C(=O)Nc4ccccc4C,0,11.240095,0.215054
decoy,C15546812,Cc1cc(c(c(c1)C)NC(=O)CNC(=O)CN2C[C@@H](Oc3c2cccc3)C(=O)NC)C,0,10.720879,0.186813
decoy,C13065409,COc1ccc(cc1)Cn2c(nnn2)C[NH+](CCc3ccccc3)Cc4cc5cc6c(cc5[nH]c4=O)OCO6,0,11.715822,0.218487
decoy,C08659312,c1cc(ccc1c2nnc(n2N)SCC(=O)Nc3cc(ccc3n4cncn4)Cl)Cl,0,10.412468,0.189474
decoy,C40741678,CCOc1cc(cc(c1OCc2ccc(c(c2)Cl)Cl)Br)C[NH2+]C3CCCCCC3,0,11.019196,0.209524
decoy,C67190414,Cc1ccsc1c2cccc(c2)NC(=O)[C@H](CC(C)C)NC(=O)N,0,11.091160,0.237113
decoy,C60168639,c1cc(oc1)/C=C/[C@@H]2Nc3cc(c(cc3S(=O)(=O)N2)S(=O)(=O)N)Cl,0,12.086159,0.164706
decoy,C10103145,Cc1cccc(c1)Cn2c3c(=O)[nH]c(=O)n(c3nc2N/N=C/4\c5cc(ccc5NC4=O)Br)C,0,12.193228,0.202128
decoy,C33035686,c1ccc(cc1)NC(=O)N2CCC[C@H](C2)c3cccc(c3)C(=O)NCc4ccco4,0,11.692918,0.202532
decoy,C53646236,CCCCS(=O)(=O)N1CCC[C@H](C1)c2nnc3n2cc(cc3)C(F)(F)F,0,11.132978,0.168675
decoy,C38707391,CCCN1c2ccc(cc2OCC(C1=O)(C)C)NC(=O)CC3CCCCC3,0,11.087393,0.224299
decoy,C38520241,Cn1c2c(c(n1)NC(=O)C3c4ccccc4Oc5c3cccc5)[C@@H](CC(=O)N2)c6cccs6,0,11.550191,0.178947
decoy,C63165325,Cc1ccc(cc1)N2[C@@H](NN[C@@H]2SCC3[NH+]=c4ccccc4=[NH+]3)c5cccc(c5)Cl,0,11.965181,0.223684
decoy,C33897395,CCc1ccc(cc1)N2C(=O)[C@H]3[C@@H]([NH2+][C@@]([C@@H]3C2=O)(CC4CCCCC4)C(=O)[O-])c5ccc(cc5)N(C)C,0,11.413911,0.169492
decoy,C12589279,CC[NH+](CCn1cccn1)Cc2c(oc(n2)c3ccc(cc3)c4ccccc4)C,0,10.471036,0.209877
decoy,C35710481,CCCN1C(=C([C@H](NC1=O)c2ccc(cc2)NC(=O)/C=C/c3ccc(cc3)[N+](=O)[O-])C(=O)OCC(C)C)C,0,11.139234,0.271739
decoy,C64735019,c1ccc2=[NH+]CC(=c2c1)C[C@@H](C(=O)NC3CCCCC3)NC(=O)c4ccc(cc4)F,0,10.705620,0.197368
decoy,C66396691,CC(C)(C)c1ccc(cc1)[C@H](C#N)NC(=O)CCCc2nc(no2)C(C)(C)C,0,10.807938,0.160494
decoy,C06408532,Cc1ccc2c(c1)cc(c(=O)[nH]2)[C@@H](c3nnnn3C(C)(C)C)[NH+](Cc4ccc(cc4)F)Cc5ccco5,0,11.297295,0.170000
decoy,C09235404,CC(C)(C)[C@@H]1CCc2c(sc(c2C#N)NC(=O)CSc3[nH]nc(n3)c4ccc(cc4)OC)C1,0,11.532510,0.229885
decoy,C09310130,CC(C)c1ccc(cc1)N2C(=O)[C@@H](C(=O)NC2=O)/C=N/C3CC[NH+](CC3)Cc4ccccc4,0,10.652117,0.195402
decoy,C20876866,CCCCCC[NH2+]Cc1cc(c(c(c1)Br)OCc2ccc3c(c2)OCCO3)OC,0,10.882483,0.208791
decoy,C42318524,CCC1CCC(CC1)N(C)[C@@H](C[NH3+])c2ccc(s2)Br,0,11.509362,0.141176
decoy,C28350737,Cc1ccc(s1)S(=O)(=O)N2CCC[C@H](C2)C(=O)Nc3nc(cs3)c4ccc5c(c4)CCO5,0,11.668523,0.196429
decoy,C48261991,c1cc(ccc1CNC(=O)NCc2cc[nH]n2)N3CCSCC3,0,11.939326,0.217949
decoy,C22224411,Cc1cc2c(cc1C(C)C)c(cc(=O)o2)CN3C(=O)[C@](NC3=O)(C)c4cc(ccc4F)F,0,10.631050,0.175926
decoy,C01886702,CC1(CC2=C(C(=O)C1)[C@](C(=O)N2Cc3cc(cc(c3)OC)OC)(C(F)(F)F)NC(=O)CCc4ccc(cc4)OC)C,0,10.946400,0.206522
decoy,C39678231,CC(=O)Oc1ccccc1C(=O)N2C[C@H](C3(C2)CC[NH2+]CC3)C(=O)NCc4ccccc4N5CCCCC5,0,10.825718,0.209091
decoy,C01202427,CC1=C([C@@H](C2=C(N1)C[C@H](CC2=O)c3ccccc3)c4cccc(c4)[N+](=O)[O-])C(=O)OC5CCCC5,0,10.977921,0.193548
decoy,C23683898,Cc1cccc(c1)O[C@@H](C)C(=O)N(CCC(C)C)c2c(n(c(=O)[nH]c2=O)Cc3ccccc3)N,0,11.601840,0.191011
decoy,C41124176,CC(C)(C)[C@@H](c1nc(on1)c2ccc(cc2)S(=O)(=O)C)[NH3+],0,10.445234,0.140845
decoy,C36027121,C[C@H]1C(=O)N(C2([NH2+]1)CCN(CC2)S(=O)(=O)c3cccc(c3)Cl)Cc4ccccc4,0,11.841068,0.197802
decoy,C39355138,c1ccc(cc1)[C@H]2C(=c3ccccc3=[NH+]2)/C=N/N=C/4\NC(=O)[C@@H](S4)CC(=O)Nc5ccc(cc5)Cl,0,11.824359,0.197917
decoy,C00339952,CC(C)(C)C(=O)N[C@@H](C(Cl)(Cl)Cl)[NH+]1CCCCCC1,0,11.145501,0.118644
decoy,C45599671,c1ccc2c(c1)c3c(o2)c(=O)n(cn3)CC(=O)OCc4nc(c5c6c(sc5n4)CCCCC6)N,0,11.744518,0.211111
decoy,C64565643,C[C@H]1CCCC[NH+]1CCNC(=O)CCC(=O)N2CCc3c(c(nn3C)C(=O)Nc4ccccc4)C2,0,11.682217,0.203540
decoy,C62893374,CCC[C@]1(CC[NH2+]C1)C(=O)Nc2ccc(cc2[N+](=O)[O-])Br,0,11.204510,0.238636
decoy,C28165348,Cc1nc2c(c3c(s2)CCC3)c(n1)SCc4cc([nH]n4)[O-],0,10.809358,0.153061
decoy,C36500854,C/C=C\[C@H](C(=O)NCS(=O)(=O)c1ccc(cc1)C)N(Cc2ccco2)C(=O)c3cccc(c3O)O,0,10.668804,0.197802
decoy,C40987366,Cc1ccc(cc1)[C@@H](CNC(=O)c2cc(on2)c3ccc(c(c3)F)F)[NH+]4CCCCC4,0,10.452465,0.201835
decoy,C11515432,Cc1ccc(cc1C)n2c(nnc2SCCC(=O)Nc3cc(on3)C)c4ccccc4,0,11.273030,0.185567
decoy,C09404328,C=CCN(CC=C)S(=O)(=O)c1ccc(cc1)C(=O)/C(=C\2/Nc3ccccc3S2)/C#N,0,12.118463,0.186813
decoy,C39688730,C[C@@H](Cc1ccc(cc1)F)NC(=O)[C@@H]2CN(CC23CC[NH2+]CC3)C(=O)c4ccc(o4)c5ccccc5F,0,10.785115,0.172043
decoy,C65892594,Cc1ccc(c(c1)OCC(F)(F)F)NC(=O)CNc2ccccc2[N+](=O)[O-],0,11.644557,0.214286
decoy,C45555044,c1cc2cccc3c2c(c1)N(S3(=O)=O)Cc4ccc(cc4[N+](=O)[O-])C(=O)N,0,11.642146,0.178082
decoy,C59385120,CC1=C([C@H](NC(=S)N1)c2ccccc2O)C(=O)N/N=C/c3ccccc3,0,12.072571,0.200000
decoy,C48183312,Cc1cc(ccc1NC(=O)N[C@@H](c2ccc3c(c2)OCCO3)C(C)C)C(=O)NC,0,11.755626,0.162791
decoy,C56206904,CC[C@H](C)c1ccccc1NC(=O)[C@@H](C)Nc2ccc(cc2C)OCC(=O)N,0,11.591882,0.195402
decoy,C63961737,Cc1ccc(cc1NC(=O)c2ccc(s2)NC(=O)c3ccco3)C#N,0,11.117577,0.200000
decoy,C38597967,Cc1ccc(c(c1)[N+](=O)[O-])NC(=O)C(=O)NC[C@@H](c2ccco2)[NH+]3CCN(CC3)c4ccc(cc4)F,0,11.831858,0.200000
decoy,C08922867,CC(C)(C)c1ccc2c(c1)O[C@@H](CO2)C(=O)NN=Cc3ccc4c(c3)OCO4,0,11.832102,0.160494
decoy,C00917055,COc1ccc2cc(c(=O)[nH]c2c1)CN(Cc3ccc4c(c3)OCO4)S(=O)(=O)c5ccccc5C(F)(F)F,0,11.320014,0.188679
decoy,C63974723,C[C@H]1C(=c2ccccc2=[NH+]1)C3=CCN(CC3)C(=O)NC4=NN[C@@H](S4)C,0,11.713248,0.178571
decoy,C49211752,Cc1c[nH]/c(=N/C(=O)NCCc2cc(ccc2F)Br)/s1,0,11.869466,0.208333
decoy,C23228391,C[C@@]1(C(=O)N(C(=O)N1)CC(=O)N2CCCSc3c2cccc3)C4CC4,0,10.521815,0.181818
decoy,C38660051,CCCCOc1ccc(cc1OC)[C@H]2c3ccc(cc3OC(=C2C#N)N)OC(=O)c4cccc(c4)C,0,11.273114,0.224490
decoy,C25570750,Cc1cc(c(n1c2nccs2)C)C(=O)CSc3nnc(n3N)COc4cccc(c4)OC,0,11.166863,0.205882
decoy,C58017095,C[C@@H](C(=O)OCC(C)C)Sc1ccc(cc1)C(=O)C2CC2,0,10.476117,0.241935
decoy,C35829408,CCCN(Cc1cccn1Cc2ccc(o2)C(=O)NCCC[NH+]3CCCC[C@@H]3C)C(=O)c4ccccc4C,0,11.041182,0.190476
decoy,C40317097,CCCOc1ccc(cc1)C[NH+](Cc2ccco2)C[C@@H](COc3ccccc3Br)O,0,11.521315,0.214286
decoy,C35545253,Cc1ccc(cc1)N2CCN3c4ccc(cc4C[C@@H]([C@@H]3C2)C(=O)NCc5ccncc5)C(F)(F)F,0,10.720324,0.215909
decoy,C39942171,C[C@@H](C(=O)NCc1ccco1)S[C@@H]2NN=C(N2C3CC3)C4=c5ccccc5=[NH+]C4,0,10.569542,0.178947
decoy,C18103943,CN1CCc2c(s/c(=N\C(=O)c3cc4c(s3)-c5ccccc5CC4)/[nH]2)C1,0,11.470068,0.184783
decoy,C04789083,CC(C)Cn1cc(c2c3ccccc3n(c2c1=O)C)C(=O)NCC[NH+](C)Cc4ccccc4,0,11.755173,0.242991
decoy,C20033372,c1ccc(cc1)[C@@H]2CCN3CC[C@H](c4c3c2cc(c4)/N=C/c5ccccc5O)c6ccccc6,0,11.540828,0.188406
decoy,C67312961,Cc1ccc(cc1C(=O)N)NC(=O)N[C@@H](c2cccs2)C3CCCC3,0,11.887636,0.223529
decoy,C35696743,Cc1ccc(cc1)Cc2nc(no2)c3ccc(cc3)N,0,11.261682,0.183673
decoy,C39597549,Cc1cccc(c1)C(=O)N2C[C@@H](C3(C2)CC[NH2+]CC3)C(=O)NCCc4c[nH]c5c4cccc5,0,10.553243,0.188889
decoy,C36601010,Cc1ccc(o1)CN([C@@H](c2ccc(cc2)N(C)C)C(=O)NC3CCCCC3)C(=O)CNC(=O)c4ccccc4,0,11.111051,0.202381
decoy,C44924225,c1ccc(cc1)C[C@@H](c2ccccc2)C(=O)N3CCN(CC3)c4ccc5c(c4)[nH]c(=O)[nH]5,0,11.872066,0.217391
decoy,C36205617,Cc1ccc(cc1)c2csc3c2c(=O)[nH]c(n3)C[NH+](C[C@H](COCc4ccccc4)O)C(C)C,0,11.752645,0.209091
decoy,C13065525,Cc1cccc2c1[nH]c(=O)c(c2)C[NH+](Cc3ccc(cc3)OC)Cc4nnnn4Cc5ccc(cc5)F,0,11.176262,0.210526
decoy,C05469663,CCC[C@@H]1CCc2c(sc(c2C(=O)N)NC(=O)c3cccc(c3)[N+](=O)[O-])C1,0,11.034686,0.180723
decoy,C11997789,Cc1ccc(cc1S(=O)(=O)NC[C@@H](c2ccc(cc2)OC)[NH+](C)C)N3C(=O)CCS3(=O)=O,0,11.078005,0.214286
decoy,C67392661,C[C@H]1CCC[NH+](C1)C(C)(C)CNC(=O)C(=O)N2CCc3c2cccc3,0,10.466591,0.191489
decoy,C39709145,Cc1ccc2=[NH+][C@@H]([NH+]=c2c1)/C(=C/c3cccn3c4ccc(cc4)S(=O)(=O)N)/C#N,0,11.620014,0.242424
decoy,C14746838,CC(C)Cn1c2c(c(n1)C(=O)N3CCOCC3)C[C@H](CC2)[NH2+]CCCc4ccncc4,0,11.228063,0.190000
decoy,C35778368,CC(C)[C@@H](C[NH+](Cc1c(nn(c1Oc2ccc(cc2)F)C)c3ccccc3)C[C@@H]4CCCO4)O,0,11.634522,0.219780
decoy,C09125614,C[C@@H](C(=O)Nc1ccc(cn1)Cl)Sc2nnc(n2c3ccccc3OC)c4cccs4,0,12.358495,0.197674
decoy,C10002451,CCc1ccccc1NC(=O)CSc2nnc(n2C)[C@@H](C(C)C)NC(=O)c3ccc4c(c3)OCO4,0,10.795985,0.198276
decoy,C02265252,CC(=O)c1ccc(cc1)NC(=O)CSc2nnc3n2c(nc4c3c5c(s4)COC(C5)(C)C)N,0,12.250644,0.170455
decoy,C05175361,C[C@H]1C(=O)Nc2cc(ccc2O1)C(=O)[C@H](C)Cl,0,10.881626,0.153846
decoy,C01213592,CCOc1ccccc1[C@@H]2C3=C(C[C@H](CC3=O)c4ccc5c(c4)OCO5)Nc6ccccc6N2,0,12.817039,0.191919
decoy,C19225938,C[C@]1(C(=O)N(C(=O)N1)Cc2ccc(cc2)F)C3CCN(CC3)C(=O)CCc4c[nH]c5c4cccc5,0,11.279443,0.180851
decoy,C11348265,Cc1cc(cc(c1)CSc2nnc(o2)c3c[nH]c4c3cccc4)C,0,11.831692,0.200000
decoy,C06135154,CCc1ccc2c(c1)cc(c(=O)[nH]2)[C@@H](c3nnnn3C(C)(C)C)[NH+]4CCN(CC4)c5ccc(cc5)OC,0,11.154394,0.168224
decoy,C54644401,Cc1ccc(c(c1)C)NC(=O)C2=C(Nc3nc(nn3[C@H]2c4cccc(c4)OC)SCc5ccccc5)C,0,11.309855,0.206186
decoy,C12875943,Cc1cccc(c1C)NC(=O)CNC(=O)c2cc3c(s2)CC[C@@H](C3)C,0,10.627903,0.232558
decoy,C63830630,CCCn1c2ccc(cc2nc1CCC(=O)NC[C@H]3C(=CC(=NC3=O)C)C)S(=O)(=O)N4CCCC4,0,10.685833,0.214286
decoy,C43596899,C[NH2+]C[C@@H]1CCCN(C1)c2ccc(cc2Br)[N+](=O)[O-],0,11.252932,0.197183
decoy,C39685866,CC(C)[C@@H](C(=O)NC(C)(C)C)NC(=O)[C@@H]1CN(CC12CC[NH2+]CC2)C(=O)c3csc4c3cccc4,0,10.962998,0.142857
decoy,C56231211,c1cc2c(cc1[N+](=O)[O-])cc([nH]2)C(=O)OCCc3c[nH]nc3C(F)(F)F,0,11.678377,0.195122
decoy,C00083131,c1ccc2c(c1)N[C@H](C(=O)N2)CC(=O)Nc3ccccc3OC(F)F,0,11.215042,0.206897
decoy,C67629551,C[C@H](c1ccccc1[N+](=O)[O-])OC(=O)CNC(=O)NCc2ccc(cc2)Cl,0,11.871680,0.211268
decoy,C36654293,c1cc(ccc1[C@H](C(=O)N)N2CCN(CC2)c3ccc(cc3[N+](=O)[O-])C(F)(F)F)Cl,0,10.256511,0.187500
decoy,C50769212,Cc1ccc(cc1)C[C@@H]2CCCN(C2)C(=O)[C@@H](C)NC(=O)N,0,10.310252,0.193548
decoy,C17665340,c1ccc(cc1)[C@@H]2CSc3ccccc3N2C(=O)CSc4nnc(n4N)c5ccccc5F,0,10.872639,0.175824
decoy,C64609372,Cc1ccc(cc1NC(=O)[C@H](C)Nc2ccc3c(c2)n(c(=O)n3C)C)F,0,10.792030,0.183673
decoy,C34907208,c1ccc2c(c1)[nH+]c(n2C3CCCC3)N4CC[C@@H](C4)NC(=O)COc5ccc(cc5)Cl,0,11.513922,0.215909
decoy,C36083329,CC[NH+](CC)CCN(CC(=O)N1CCCN(CC1)c2ccc(nn2)c3ccc(cc3)F)C(=O)NC(C)C,0,10.477401,0.175824
decoy,C59475529,C=CCn1c(nnc1SCC(=O)N/N=C/c2cccc3c2cccc3)CNc4cccc5c4cccc5,0,12.064883,0.240506
decoy,C12660157,C[C@H](C(=O)OC)[NH2+]Cc1c(cco1)CC[C@H]2C(=C)CC[C@H]3[C@@]2(CCC[C@]3(C)C(=O)OC)C,0,10.638154,0.166667
decoy,C20969016,CC(C)Cn1c(c(c(=O)[nH]c1=O)N(CC(C)C)C(=O)c2c(ccc(n2)Cl)Cl)N,0,10.649397,0.165138
decoy,C35576224,c1cc(ccc1c2c(sc(n2)N)C(=O)Nc3cc(ccc3Cl)C(F)(F)F)[N+](=O)[O-],0,11.840940,0.209877
decoy,C00024301,CCc1cccc(c1CNc2cc(cn3c2nc(c3C)C)C(=O)N)C,0,11.684248,0.226190
decoy,C36063044,CC[NH+](CC)[C@H](CNC(=O)CN1C(=O)[C@@](NC1=O)(C)c2ccc(cc2)C)c3ccccc3,0,11.217565,0.197368
decoy,C14633994,CC(C)[NH+](CCn1c(=O)c2ccccc2nc1SCC(=O)Nc3cc(no3)C(C)(C)C)C(C)C,0,10.733459,0.184466
decoy,C22399370,CS(=O)(=O)N(CC(=O)N1CC(=O)Nc2c1cccc2)c3ccccc3Oc4ccccc4,0,11.320980,0.190476
decoy,C11854623,CCc1cc(=O)[nH]c(n1)n2c(cc(n2)c3cccs3)NC(=O)C(c4ccccc4)c5ccccc5,0,11.129134,0.184211
decoy,C09828976,COc1ccc(cc1)N2CC[NH+](CC2)[C@@H](CNC(=O)C(=O)NCCc3ccccc3OC)c4ccco4,0,10.971566,0.195122
decoy,C39792165,C[C@@]12C[C@@H](CC(C1)(C)C)[NH+](C2)Cc3cccc(c3)C(=O)[O-],0,10.791173,0.179487
decoy,C38650617,CCCOc1ccc(cc1)[C@@H]2c3ccc(cc3OC(=C2C#N)N)OC(=O)COc4ccccc4[N+](=O)[O-],0,11.134111,0.238095
decoy,C14241794,c1ccc(cc1)C(=O)NNC(=O)C[C@](c2ccccc2)(C(F)(F)F)O,0,11.294183,0.217391
decoy,C13098034,CCN(CC)S(=O)(=O)c1ccc(c(c1)NC(=O)C[NH2+]Cc2ccc3c(c2)OCO3)N4CCCCC4,0,10.657238,0.188119
decoy,C25041830,Cc1ccc(cc1)c2cnc(n2c3ccccc3)SCc4nc(nc(n4)N(C)C)N,0,12.056805,0.193182
decoy,C18355815,CCCN(Cc1nnc(o1)c2cccs2)C(=O)CSc3nnc(n3N)c4ccccc4Cl,0,11.687204,0.208333
decoy,C13750240,CCOc1ccc(cc1OC)/C=C\2/C(=O)N/C(=N\c3ccc(cc3C)C)/S2,0,11.788432,0.210526
decoy,C44145072,CCC[C@@H](C(=O)NCC[NH+](C)C)n1c(c(cc1c2ccc3c(c2)C(CCC3(C)C)(C)C)C(=O)N)C,0,10.494524,0.175258
decoy,C01341899,Cn1c2ccccc2nc1[C@@H](C(=O)NC[C@@H]3CCCO3)N(c4ccc5c(c4)OCO5)C(=O)Cn6c7ccccc7nn6,0,12.068472,0.186047
decoy,C63161403,C[NH+](C)[C@H](CNC(=O)Nc1cc(c[nH]c1=O)C(F)(F)F)c2ccc(cc2)F,0,11.731640,0.189873
decoy,C00590240,CCc1cc2c(cc1CC)CC(C2)[NH2+]C[C@H](c3ccc(c4c3ccc(=O)[nH]4)[O-])O,0,11.103464,0.136364
decoy,C36501102,Cc1ccc(c(c1)C)[C@@H](C(=O)NC(C)(C)CC(C)(C)C)N(Cc2ccco2)C(=O)CCc3ccc(cc3)OC,0,10.726828,0.225806
decoy,C18190885,c1cc(ccc1/C=N/NC(=[NH2+])S[C@H]2CC(=O)N(C2=O)c3cc(ccc3Cl)Cl)Cl,0,11.818890,0.181818
decoy,C23369522,c1cc(oc1)Cn2c(nnc2SCC(=O)Nc3c(cc(cn3)C(F)(F)F)Cl)CCC(=O)N,0,12.023586,0.194444
decoy,C04082258,COc1ccc(cc1OC)[C@@H]2CC3=C([C@H](Nc4ccccc4N3)c5cc(c(cc5OC)OC)OC)C(=O)C2,0,12.514671,0.223684
decoy,C63785074,c1ccc(cc1)S(=O)(=O)N2CCNC(=O)[C@H]2CC(=O)NCCC3=c4ccccc4=[NH+]C3,0,11.346618,0.176471
decoy,C12098648,c1ccc(cc1)C(=O)N[C@@H]2c3ccccc3C4([C@H]2O)CC[NH+](CC4)C5C6CC7CC(C6)CC5C7,0,10.661597,0.166667
decoy,C07789525,CC[NH+](CC(=O)NC(C)C)CC(=O)NC(=O)NC12CC3CC(C1)CC(C3)C2,0,11.831235,0.115942
decoy,C59284269,Cc1ccc(cc1NC(=O)CC23C[C@H]4C[C@@H](C2)CC(C4)(C3)Br)n5cnnn5,0,10.828485,0.180000
decoy,C39667267,COc1ccc(c(c1)OC)C(=O)N2C[C@H](C3(C2)CC[NH2+]CC3)C(=O)NCc4ccc(cc4)SC,0,10.990519,0.201835
decoy,C09958881,C[NH+](Cc1ccc(cc1)SC)Cc2nc(no2)c3cccc(c3)C(F)(F)F,0,11.393765,0.207792
decoy,C23118686,Cc1ccc(cc1)S(=O)(=O)N(C[C@H](CN2CC[NH+](CC2)Cc3ccccc3)O)c4ccc(cc4)OC,0,11.838717,0.229885
decoy,C62578538,Cc1cc2cc(ccc2[nH]c1=O)CCNC(=O)Cc3c[nH]c4c3cccc4,0,11.691372,0.236842
decoy,C39198079,Cc1ccc(cc1)S(=O)(=O)n2cc(c3c2cccc3)/C=C/C(=O)N4CCC(CC4)[NH+]5CCC(=O)NCC5,0,12.021572,0.195122
decoy,C11055791,c1ccc(c(c1)C(F)(F)F)n2c(=O)c3c4c(sc3nc2SCC(=O)NC(=O)N)CCCC4,0,11.458152,0.194175
decoy,C38785219,CC(C)c1ccc(cc1)C2=C3C(=NC(=NC3=O)SCC(=O)N/N=C/c4ccc(c(c4)OC)O)SC2,0,11.642364,0.238636
decoy,C13063803,CC[C@@H](c1nnnn1C(C)(C)CC)[NH+](CCc2ccc(c(c2)OC)OC)Cc3cc4ccc(cc4[nH]c3=O)C,0,11.474651,0.166667
decoy,C12038473,CC(C)CCn1cc(c(=O)c(c1)C(=O)N2CCC(CC2)[C@H](C)[NH+]3CCCC3)C(=O)NC(C)(C)C,0,11.510956,0.173077
decoy,C09359353,CC(C)C[C@@H](C(=O)Nc1nc(cs1)c2ccccc2)N3C(=O)c4ccccc4C3=O,0,11.553684,0.200000
decoy,C63383579,CC[C@@H](C)[C@@H](C(=O)NCCCOC)NC(=O)[C@@H]1CC2=c3ccccc3=[NH+][C@H]2[C@@H]4N1C(=O)c5c4cccc5,0,10.847881,0.161905
decoy,C07505245,c1ccc(c(c1)C(=O)Nc2ccc(cc2)F)[N-]S(=O)(=O)c3ccccc3F,0,11.643868,0.222222
decoy,C00658900,CC(C)NC(=O)c1c(c2c(cc(nc2s1)c3cccs3)c4ccc(cc4)F)N,0,11.928109,0.241758
decoy,C39674374,C[C@@H]1C(=C(N=N1)C)[C@@H](C)NC(=O)[C@@H]2CN(CC23CC[NH2+]CC3)C(=O)COc4cccc(c4)Cl,0,10.848943,0.224490
decoy,C14808746,Cc1ccc(cc1)c2c(sc3c2c(=O)[nH]c(n3)CSc4nnc(s4)NCc5ccco5)C,0,11.490170,0.152174
decoy,C05085298,CCCCC(=O)N(c1ccc(cc1)Nc2c3ccccc3[nH+]c4c2ccc(c4)[N+](=O)[O-])S(=O)(=O)C,0,11.330367,0.223404
decoy,C14840441,CC(C)(C)[C@H]1CCc2c(cc(s2)C(=O)NNC(=S)NC3CC3)C1,0,10.917551,0.151515
decoy,C09238358,c1ccc(cc1)c2nnc3n2N[C@@H]([C@H](S3)C(=O)Nc4ccccc4C(F)(F)F)c5ccc(cc5)F,0,11.572131,0.188235
decoy,C22011945,c1cc(c(cc1Cl)N)Sc2ccc(cc2[N+](=O)[O-])Cl,0,11.082406,0.169492
decoy,C20917792,Cc1ccc(cc1)/C=N/Nc2nnc(n2N)SCC(=O)OC3CCCCC3,0,11.887589,0.200000
decoy,C38704798,Cc1cc(c(c(c1)O)c2c3c([nH]n2)C(=O)N([C@H]3c4ccc(c(c4)Cl)Cl)C[C@@H]5CCCO5)C,0,11.288261,0.180180
decoy,C03158305,CC1=C([C@@H](C2=C(N1)CC(CC2=O)(C)C)c3ccc(cc3)Br)C(=O)OC4CCCCC4,0,10.866280,0.181818
decoy,C12441900,CC1(Cc2c(cnc(n2)C(C)(C)C)[C@H](C1)NC(=O)c3ccco3)C,0,11.634436,0.193182
decoy,C01137474,Cc1ccccc1NS(=O)(=O)c2ccc(cc2)NS(=O)(=O)c3ccccc3,0,11.925629,0.228571
decoy,C45727405,c1cc(sc1)[C@H](CNC(=O)CCNc2ccc(cc2[N+](=O)[O-])C(F)(F)F)[NH+]3CCCC3,0,11.866043,0.191011
decoy,C14665658,Cc1cc(cc(c1)OCC(=O)NNC(=O)[C@H](C)Oc2ccc(cc2)C(C)(C)C)C,0,11.449674,0.227848
decoy,C39325229,Cc1ccc(c2=[NH+]C(=O)[C@@H](C=c12)CN(Cc3ccccc3)S(=O)(=O)c4ccc(cc4)Br)C,0,11.167070,0.150538
decoy,C21169331,CCCOC(=O)c1ccc(cc1)N2[C@H](Nc3c4c(cc(nc4sc3C2=O)C)COC)C,0,11.144336,0.178947
decoy,C40169898,Cc1ccc(cc1)c2csc(c2C(=O)N)NC(=O)CCSc3nnc4n3c5ccccc5cc4,0,11.406378,0.163636
decoy,C61676570,CC[C@@H](C(=O)N)Nc1c(cc(cc1Br)C)Br,0,10.913307,0.183333
decoy,C10355088,Cc1cc(no1)NC(=O)C2=C(N(C(=S)N[C@H]2c3ccc(cc3OC)OC)c4ccccc4OC)C,0,11.406345,0.206522
decoy,C49962811,CCc1ccc(cc1)Cn2cc(c(n2)[N+](=O)[O-])Br,0,11.698897,0.194444
decoy,C35759047,Cc1ccc(cc1)C(=O)N2CCC3(CC2)C(=O)N(CN3c4ccccc4)CC(=O)NC5CCCCC5,0,10.603248,0.223301
decoy,C44981830,CCOc1c(ccc(n1)NC[C@H]2CCCOC2)N,0,11.707490,0.186047
decoy,C66076817,Cc1ccccc1c2nc(nn2CN3CCO[C@@H]4[C@@H]3CCCC4)C,0,10.251747,0.175258
decoy,C05452134,CCCC(=O)Nc1c(c(=O)c2cccc(c2o1)C)c3ccc(cc3)Cl,0,10.931039,0.212500
decoy,C35746698,Cc1c2c(=O)[nH]c(nc2sc1C(=O)OCC=C)C[NH+](C[C@@H](Cc3ccccc3)O)C4CC4,0,11.637973,0.195876
decoy,C12572362,c1ccc2c(c1)CCN2S(=O)(=O)c3ccc(cc3)/N=C\4/c5ccccc5NC4=O,0,11.966740,0.180328
decoy,C60031972,Cc1cc(c(n1c2cccc(c2)Cl)C)C(=O)Nc3c(n(n(c3=O)c4ccccc4)C)C,0,10.763361,0.228261
decoy,C07684049,C[C@@H](CNC(=O)C1CCN(CC1)S(=O)(=O)c2ccc3ccccc3c2)C[NH+](C)C,0,11.149567,0.219780
decoy,C13430169,CCC1=C(C(=Nc2ccccc2N1)N/C=C/3\c4ccccc4C(=O)N(C3=O)c5ccc(cc5)C)C(=O)OCC,0,12.052097,0.223404
decoy,C13122227,CC1=C([C@H](n2c(nc(n2)c3cccs3)N1)c4ccc(cc4)OC)C(=O)Nc5cccnc5,0,11.715886,0.250000
decoy,C02062681,CC(C)(C)c1ccc(c(c1)[C@H]2Nc3c(c4c(s3)CCCC4)C(=O)N2)O,0,11.894101,0.166667
decoy,C52121111,c1cc2c(c(c1)N)CCN(C2)c3cc(ccc3[N+](=O)[O-])F,0,10.948046,0.168421
decoy,C13917353,c1cc(c(cc1[N+](=O)[O-])Cl)N2C3=C([C@H](C(=C2N)C#N)c4cc(cs4)Br)C(=O)CCC3,0,11.577980,0.159091
decoy,C23576328,Cc1c(c(n(n1)c2ccccc2)C)NC(=O)COC(=O)c3ccc(s3)NC(=O)c4ccco4,0,10.854163,0.195402
decoy,C11307420,c1ccc(cc1)n2c(nc(n2)C(=O)OCC(=O)c3c[nH]c4c3cccc4)c5cccs5,0,11.826874,0.187500
decoy,C09789683,c1ccc2cc(ccc2c1)S(=O)(=O)N3CCC(CC3)C(=O)NC[C@@H](c4ccco4)[NH+]5CCCCC5,0,11.364434,0.195402
decoy,C23788863,C[C@]1(C(=O)N(C(=O)N1)CC(=O)NC[C@H](c2ccccc2Cl)[NH+](C)C)c3ccc(cc3)OC,0,10.670642,0.227273
decoy,C63671410,CCn1ccc2c1ccc(c2)S(=O)(=O)N3CCC(CC3)C(=O)NCCC4=c5ccccc5=[NH+]C4,0,10.796044,0.216667
decoy,C23337908,CCCCc1[nH]cc([nH+]1)CN2CCC[C@H](C2)C(=O)Nc3ccc(cc3)c4ccco4,0,12.535976,0.217391
decoy,C67585306,CCCC(=O)Nc1cccc(c1C)NC(=O)N[C@@H](C)Cc2ccc(cc2)O,0,11.795137,0.214286
decoy,C53123550,Cc1cc(cc(c1C)NC(=O)C[NH2+]C(C)(C)CC(C)(C)C)S(=O)(=O)N,0,11.550612,0.150000
decoy,C11350721,CCCCn1c(c(c(=O)[nH]c1=O)N(CCC)CC(=O)Nc2ccc(cc2)N3CCCC3=O)N,0,11.189814,0.215190
decoy,C38915295,Cc1ccc(cc1)SCC2=C3[C@@H](C(=C(O[C@@H]3N=N2)N)C#N)c4ccc(cc4)Cl,0,11.592033,0.135802
decoy,C06410154,Cc1ccc2cc(c(=O)[nH]c2c1C)CN(C3CCCCC3)S(=O)(=O)c4cccc5c4nsn5,0,11.006302,0.174312
decoy,C24527655,c1cc(ccc1[C@H](C(=O)N)[NH+]2CCN(CC2)c3ccc(cn3)S(=O)(=O)N4CCCC4)Cl,0,10.943010,0.195876
decoy,C63920246,c1ccc(cc1)C[C@H](C(=O)NC[C@H](c2ccccc2Cl)C3=c4ccccc4=[NH+]C3)NC(=O)N,0,10.751420,0.193182
decoy,C04508359,Cc1ccc(cc1C)C(=O)[C@@H](C)OC(=O)c2ccc(c(c2)[N+](=O)[O-])N(C)C,0,10.919057,0.170732
decoy,C23131312,c1cc2c(cc1[N+](=O)[O-])cc(s2)C(=O)Nc3ccc(cc3Cl)F,0,11.504463,0.217949
decoy,C24988917,C[C@@H](C(=O)Nc1ccccc1F)[NH+]2CCC(CC2)NS(=O)(=O)c3cccs3,0,11.572087,0.172414
decoy,C58924795,c1ccc(cc1)S(=O)(=O)N(CC(=O)N/N=C/c2cccnc2)c3ccc(c(c3)C(F)(F)F)Cl,0,11.661716,0.184783
decoy,C14539575,CC(C)(C)NS(=O)(=O)c1cc(cc(c1)NC[C@@H]2CCC=CC2)C(=O)NC[C@H]3CCC[NH+](C3)C,0,11.573961,0.150442
decoy,C29050003,CC(C)(C)c1ccc2cc([nH]c2c1)C(=O)NNC(=S)NC3CCCC3,0,10.841375,0.210526
decoy,C07724673,CCCCN(c1c(n(c(=O)[nH]c1=O)CC(C)C)N)C(=O)c2cc(cc(c2)C)C,0,11.163301,0.153061
decoy,C62875088,CC[C@@]1(CCCN(C1)C(=O)Nc2nc(c(s2)C)C)C(=O)[O-],0,10.756267,0.193548
decoy,C32623076,CCc1ccc(cc1)[C@@H](CNC(=O)c2cc(on2)c3ccc(cc3)OC)[NH+]4CCCC4,0,10.771350,0.240000
decoy,C40386468,CCCC[C@@H](CC)C(=O)N1CCN(CC1)c2[nH]c(=O)cc(n2)C[NH+]3CCN(CC3)Cc4ccccc4,0,11.511742,0.205128
decoy,C21110241,Cc1cc(n(n1)c2nc3c(cnn3c4ccccc4)c(n2)[O-])NC(=O)C(C)C,0,11.741844,0.200000
decoy,C08747803,c1ccc(cc1)C[C@H](c2[nH]c3ccccc3n2)NC(=O)CCN4C(=O)C5(CCCC5)NC4=O,0,11.677577,0.217949
decoy,C21298084,Cc1cccc(c1C)NC(=S)NNC(=O)c2c(cco2)C,0,11.962651,0.200000
decoy,C19893213,C[C@@]12CCCN3[C@@H]1c4c(c5cc(ccc5n4C(=C2)C(=O)OCCO)S(=O)(=O)NCCCOC)CC3,0,10.424635,0.181818
decoy,C66396321,CCCC[C@H](C(=O)Nc1nc(cs1)c2ccc(cc2)OC(C)C)NC(=O)N,0,11.621352,0.186667
decoy,C67332890,c1cc([nH]c(=O)c1C(=O)NC[C@H]2CCC[NH+]2CC3CCCCC3)c4ccncc4,0,11.625062,0.186813
decoy,C35424534,C[NH+]1C[C@H](C[C@H]1c2nc(no2)c3ccc(cc3)OC)NCc4ccc(cc4)OC,0,11.292129,0.216867
decoy,C25586107,CCc1ccccc1NC(=O)/C(=N\NC(=S)NN)/CC(=O)/C=C/c2cccc(c2)[N+](=O)[O-],0,11.527172,0.217391
decoy,C20210064,C[C@@H](c1nnc2n1CC[NH+](CC2)Cc3ccc(cc3)C(C)C)NC(=O)CCc4ccccc4,0,11.169108,0.191011
decoy,C06135234,CCc1ccc2c(c1)cc(c(=O)[nH]2)[C@@H](c3nnnn3C[C@@H]4CCCO4)[NH+]5CCN(CC5)c6ccccc6F,0,11.121046,0.167939
decoy,C39371217,CC1=C([C@@H](NC(=S)N1)c2ccccc2)C(=O)N/N=C/c3ccccc3O,0,12.300885,0.225352
decoy,C48605316,CC1(CC(CC([NH2+]1)(C)C)NC(=O)C(=O)Nc2ccc(cc2)N3CCNC3=O)C,0,10.498793,0.204819
decoy,C55334367,Cc1ccc(cc1F)c2c(c(on2)N)c3ccccc3Br,0,11.542800,0.166667
decoy,C37328330,c1ccc(cc1)N2CCN(CC2)[C@@H](C[NH3+])c3ccc(s3)Cl,0,11.216163,0.172414
decoy,C00319977,Cc1ccsc1c2c(n3cc(ccc3n2)Cl)NC4CCCCC4,0,11.520111,0.204819
decoy,C47340747,Cc1c(c(on1)C)CC(=O)NNC(=S)N[C@H]2CCCC[C@H]2C,0,10.821295,0.141414
decoy,C04219524,Cc1ccccc1CN(C)C(=O)COC(=O)CSc2ccc(cc2)[N+](=O)[O-],0,11.504713,0.219512
decoy,C64428204,Cc1c(c(n(n1)Cc2cc(ccc2OC)[C@H]3[C@H]4C(=c5cc(ccc5=[NH+]4)OC)CCN3)C)Br,0,10.735546,0.197802
decoy,C13637734,CC(C)Oc1ccc2c(c1)[C@H]3C=CC[C@H]3[C@@H](N2)c4ccc(cc4)O,0,11.923415,0.181818
decoy,C33428995,Cc1ccc(cc1)N2C(=O)[C@]3(Cc4cc(ccc4N5[C@@H]3CN(CC5)c6cccc[nH+]6)Br)C(=N2)C,0,10.781785,0.190000
decoy,C06162457,CCCOc1ccc(cc1)[C@H]2c3c(n[nH]c3OC(=C2C#N)N)c4cccs4,0,11.602992,0.195652
decoy,C09123780,CCc1ccc(cc1)[C@H]2c3c(n[nH]c3C(=O)N2CCc4ccc(c(c4)OC)OC)c5cc(cc(c5O)C)C,0,10.836550,0.202247
decoy,C65882725,Cc1c2c([nH]c1C(=O)Nc3ccc(cc3)c4nc(on4)C(C)(C)C)CCCC2=O,0,11.447162,0.210526
decoy,C16231252,Cn1c(=O)c2ccccc2c(n1)C(=O)NNC(=O)/C=C/c3csc(n3)c4ccc(cc4)F,0,11.810903,0.202381
decoy,C65475712,c1ccc(cc1)Cn\2cc[nH]/c2=N\C(=O)c3c4ccccc4ccn3,0,10.568765,0.214286
decoy,C00841911,Cc1c2c(n(n1)c3ccc(cc3)Br)OC(=C([C@@H]2c4ccc(cc4Cl)Cl)C#N)N,0,11.732718,0.209302
decoy,C09227607,CC[C@@H]1CCCC[NH+]1Cc2ccc(o2)CNC(=O)Nc3cn(c(=O)c4c3cccc4)CC(C)C,0,11.912417,0.168539
decoy,C34835409,CCCN(Cc1c(nn(c1N2CC[NH+](CC2)C(C)C)c3ccc(cc3)F)CC)C(=O)CCC4CCCC4,0,10.652412,0.185841
decoy,C17156186,c1cc(ccc1NC(=O)CSc2ncc(c(n2)N)S(=O)(=O)c3ccc(s3)Cl)Cl,0,11.452462,0.220930
decoy,C65479686,Cc1cc(ccc1NC(=O)N[C@H](C)Cc2ccc(cc2)O)C(=O)NC3CCCC3,0,11.240209,0.239583
decoy,C11789528,Cc1ccc2c(c1)C[NH+](C[C@@H](O2)C)CC(=O)NCc3cc([nH]n3)c4ccccc4,0,10.430685,0.192982
decoy,C05748509,C[C@H]1CCCC[C@H]1NS(=O)(=O)N(C)C,0,11.132259,0.108696
decoy,C32753384,CCC[NH+](CC(=O)Nc1ccc(c(c1F)F)F)CC(=O)N[C@@H]2CCOc3c2cccc3,0,11.443583,0.203704
decoy,C09529811,CCN(CCCNC(=O)CCCCCn1c(=O)c2ccc(cc2[nH]c1=O)C(=O)OC)c3cccc(c3)C,0,11.265645,0.202247
decoy,C10624774,Cc1cc(c(n1c2ccc(cc2)S(=O)(=O)N)C)C(=O)COC(=O)CCCc3c[nH]c4c3cccc4,0,11.414251,0.195652
decoy,C49464211,Cc1cc(cc(c1OC)C)S(=O)(=O)Nc2ccc3c(c2)C(=O)N4CCCC[C@H]4CCO3,0,11.465929,0.206186
decoy,C09347113,CC[C@@H](C(=O)Nc1nnc(s1)c2ccc(cc2Cl)Cl)Sc3nncn3C,0,11.651217,0.200000
decoy,C62766424,c1[nH]c2c(n1)ncnc2S[C@@H]3CCCCC[C@@H]3C(=O)[O-],0,11.511539,0.178082
decoy,C29767763,Cc1c(sc(n1)c2ccccc2)C(=O)N3C[C@@H](Oc4c3cccc4)C(=O)NC,0,11.205728,0.178571
decoy,C39668430,C[C@@H](CNC(=O)[C@H]1CN(CC12CC[NH2+]CC2)C(=O)c3ccccc3OC(=O)C)Oc4cccnc4,0,11.036016,0.181034
decoy,C66675396,CCOC(=O)N[C@H](C(C)C)C(=O)N(C)CC(=O)Nc1cc(cc(c1)F)F,0,11.144249,0.192771
decoy,C37289618,CC[C@@H](C)NC(=O)[C@@H](C)Oc1ccc(cc1C(=O)[O-])N,0,10.853106,0.227273
decoy,C63152159,COC(=O)[C@@H](CC1=c2ccccc2=[NH+]C1)NC(=O)[C@H](CCSC)NC(=O)OCc3ccccc3,0,11.355843,0.215909
decoy,C43119707,C[C@H]([C@@H](c1ccsc1)[NH+](C)Cc2ccccc2Br)[NH3+],0,11.641407,0.135135
decoy,C39364668,Cc1cc2c(c(c1)Cl)O[C@H]([C@@H]2C)C(=O)NCC3=C(N=N[C@@H]3C)C,0,10.475731,0.195876
decoy,C39793619,c1cc(ccc1/C=C\2/C(=O)N(C(=S)S2)CCC(=O)Nc3nc4c(s3)CCCC4)OC5CCCCC5,0,10.963686,0.173913
decoy,C14739343,CCn1c2ccc(cc2nc1CCC(=O)Nc3c(cccc3C(C)C)C)S(=O)(=O)N(C)C,0,10.543828,0.224138
decoy,C40313383,Cc1cccc(c1)OC[C@H](C[NH+](Cc2cc(c(c(c2)OC)OC)OC)[C@@H]3CCS(=O)(=O)C3)O,0,11.432222,0.200000
decoy,C04176432,COc1ccc(cc1OC)c2cc(no2)C(=O)Nc3c(c4c(s3)CCCC4)C(=O)N,0,10.974309,0.212121
decoy,C10125583,Cn1cc(c2c1cccc2)C(=O)NNC(=O)C[C@H](c3cccs3)NC(=O)N,0,11.696578,0.166667
decoy,C63664055,C[C@@H]1C(=c2cc(ccc2=[NH+]1)Cl)CCNC(=S)Nc3ccc(cc3)OC(F)(F)F,0,11.646691,0.197368
decoy,C12683503,c1ccc2c(c1)C(=O)c3ccc(c(c3C2=O)Cl)C(=O)OCC(=O)Nc4c(ccs4)C(=O)N,0,11.444874,0.185185
decoy,C39460348,Cc1ccccc1Nc2nc(nc(n2)N)CSCC3=NC(=O)C4=C([C@@H](SC4=N3)C)C,0,11.637270,0.157303
decoy,C04217317,CC1([C@@H](N2[C@H](S1)[C@@H](C2=O)NC(=O)[C@@H](c3ccccc3)NC(=O)CNC(=[NH2+])c4ccncc4)C(=O)[O-])C,0,10.587006,0.165049
decoy,C16074791,CC(C)C[NH+](CC(C)C)Cn1c(=S)n2c3ccccc3c(=O)n(c2n1)CC=C,0,11.142379,0.163043
decoy,C10698964,CCNS(=O)(=O)c1ccc(c(c1)C(=O)NC[C@@H](c2ccccc2)c3c[nH]c4c3cccc4)C,0,11.580466,0.178571
decoy,C39637345,C[C@@H]1CCC[C@@H]([C@@H]1C)NC(=O)[C@@H]2CN(CC23CC[NH2+]CC3)C(=O)c4cccc(c4)N(C)C,0,11.042117,0.162791
decoy,C35361452,CC(=O)[C@]1(CC[C@H]2[C@@]1(CC[C@H]3[C@@H]2CCC4=C/C(=N\OCC(=O)NCCc5c[nH]c[nH+]5)/CC[C@]34C)C)O,0,10.810770,0.127273
decoy,C35523525,C[C@H](CCc1ccccc1)NC(=O)c2ccc(o2)C[NH+]3CCn4cccc4[C@@H]3c5ccc(cc5F)F,0,10.882570,0.205128
decoy,C09090678,C=CCNC(=S)N1CC[NH+](CC1)[C@H]2c3cccc4c3c(ccc4)[C@H]2NS(=O)(=O)c5ccccc5,0,11.413968,0.170732
decoy,C28678045,C[C@H](C(=O)Nc1ccccc1OC)Sc2nnc(n2C[C@@H]3CCCO3)c4ccc(cc4)OC,0,11.461575,0.224719
decoy,C16653015,Cc1cccc(c1C)NC(=O)N(C[C@H]2CCCO2)CC(=O)N(Cc3ccc4c(c3)OCO4)Cc5ccco5,0,11.546204,0.181818
decoy,C32603007,CC1(OC[C@H](O1)[C@H]2[C@H]([C@H]3[C@@H](O2)OC(O3)(C)C)OC(=O)c4ccc(cc4)/N=N/c5ccc(cc5)N(C)C)C,0,11.744764,0.164557
decoy,C25415561,Cc1ccc(cc1)c2c(sc3c2c(=O)[nH]c(n3)C[NH+]4CCC[C@H]4c5ccc(cc5)OC)C,0,11.322365,0.223529
decoy,C66250809,c1ccc(cc1)S(=O)(=O)/N=c\2/[nH]c(cs2)C[NH+]3CCCCCC3,0,11.437281,0.149254
decoy,C14255200,C[C@@H](C(=O)Nc1ccc(cc1)S(=O)(=O)N2CCCC2)[NH+]3CCC(CC3)CCc4ccc(cc4)O,0,11.784830,0.212500
decoy,C01477630,COc1ccc(cc1)c2nnc(n2c3ccc(cc3)OC)SCC(=O)N/N=C/c4c[nH]c5c4cccc5,0,12.075950,0.200000
decoy,C14988957,c1cc(sc1)CNC(=O)c2cc3cc(ccc3o2)C4(CC[NH+](CC4)C[C@H]5CCC=CC5)O,0,10.641113,0.166667
decoy,C09189913,CCOC(=O)C1=C(Oc2cc([nH]c(=O)c2[C@]13c4ccccc4N(C3=O)Cc5ccc(cc5)Cl)C)N,0,11.788392,0.206186
decoy,C39593002,c1cc(ccc1C2=C[C@H](N=N2)c3nnc4n3N[C@@H](S4)c5ccc(o5)Br)Cl,0,11.752873,0.135802
decoy,C12007914,CC(C)c1cc(=O)[nH]c(n1)n2c(cc(n2)c3ccco3)NC(=O)C(=O)c4c[nH]c5c4cccc5,0,11.697272,0.175258
decoy,C58474757,C1C[C@@H](CN(C1)C(=O)N)C(=O)NCC(=O)NCC(F)(F)F,0,10.774155,0.166667
decoy,C60363281,Cc1ccc(c(c1)Sc2ccc(cc2)NC(=O)C[NH+]3CCC[C@H](C3)C4OCCO4)C,0,11.843601,0.181818
decoy,C38914972,CCCC1=C2[C@H](C(=C(O[C@@H]2N=N1)N)C#N)c3ccnc4c3cccc4,0,10.410084,0.193182
decoy,C08709514,CC(=O)c1cccc(c1)S(=O)(=O)N2CCC(CC2)C(=O)NC[C@H](c3ccco3)[NH+]4CCCCC4,0,11.372085,0.194444
decoy,C49060132,Cc1ccc(cc1)c2ccc(=O)n(n2)[C@H](C)C(=O)Nc3nc4c(s3)CCCC4,0,11.668815,0.168317
decoy,C08742555,c1ccc2c(c1)NC(=O)CN2C(=O)NCCC(=O)NCCc3ccc(cc3)Cl,0,10.555387,0.226667
decoy,C36502225,C[C@H](c1ccccc1)[C@@H](C(=O)NC(C)(C)C)N(Cc2ccco2)C(=O)C(c3ccccc3)(c4ccccc4)O,0,10.640430,0.192771
decoy,C65967103,COc1cccc(c1OC)c2nc(cs2)C[NH+]3CC4C[C@H]5C[C@@H](C4)CC3C5,0,11.056690,0.182927
decoy,C12703038,Cc1c(sc(n1)CNC(=O)C[C@@H]2C(=O)NCC[NH+]2Cc3ccc4ccccc4c3)C,0,11.886710,0.206897
decoy,C09052042,COc1ccc(cc1)[C@H](CNC(=O)CN2C(=O)CC3(C2=O)CCCC3)c4c[nH]c5c4cccc5,0,11.747695,0.204819
decoy,C08811462,CC[C@H]1CCCC[NH+]1CCCNC(=O)c2ccc(c(c2)NC(=O)C)Sc3ccc(cc3)C,0,11.209517,0.166667
decoy,C38806115,CCOC(=O)c1c2c(sc1NC(=O)/C=C/c3cc(c(c(c3)OC)OC)OC)C([NH2+]C(C2)(C)C)(C)C,0,10.659349,0.194444
decoy,C03289129,Cc1c(n2ccccc2n1)C(=O)NNC(=C)c3ccc(cc3)Cl,0,10.849534,0.202899
decoy,C08876618,Cc1ccc(cc1)C(=O)[C@@H]2[C@H]3CCC[NH+]3[C@]4([C@]25c6ccccc6NC5=O)c7ccccc7NC4=O,0,11.474685,0.176471
decoy,C39110391,Cc1ccn(c1CC[C@@]2(COC(=O)N2)C)C,0,10.648106,0.169231
decoy,C18249795,c1ccc2c(c1)cccc2N3C(=O)[C@H]4[C@@H](OC5([C@@H]4C3=O)C(=O)c6ccccc6C5=O)c7ccccc7Cl,0,11.469449,0.175676
decoy,C13915021,CCOc1cc(cc(c1OCC(=O)N)Br)/C=C\2/C(=O)NC(=O)N(C2=O)c3cccc(c3)C,0,11.542280,0.213483
decoy,C67231210,c1ccc(cc1)OS(=O)(=O)CC[NH+]2CCC[C@H]2c3cccc4c3OCCO4,0,11.539042,0.168224
decoy,C36642524,CC[NH+](CC)CCN(c1nc2c(cccc2s1)OCC)C(=O)c3c[nH]c4c3cccc4,0,11.910200,0.209877
decoy,C59804821,CCNC(=O)c1ccc(cc1NCC(=O)Nc2cc(ccc2Cl)C(F)(F)F)Cl,0,10.529829,0.207792
decoy,C65200164,Cc1ccc2cc([nH]c2c1)C(=O)NNC(=O)NCCc3cccs3,0,11.882565,0.214286
decoy,C65298388,CC[NH+]1CCC2(CC1)N[C@@H](CC(=N2)c3ccc(cc3)OCC)c4cccc(c4O)OCC,0,11.189441,0.195402
decoy,C36156564,COCC[NH+](Cc1[nH]c(=O)c2c3c(sc2n1)CCCC3)C[C@H](COCc4ccccc4)O,0,11.891740,0.186047
decoy,C36122264,CCCNC(=O)N(C[C@@H]1CCCO1)CC(=O)N2CCc3c(ccs3)[C@@H]2COc4ccc(cc4)C(C)C,0,11.692695,0.188119
decoy,C45602183,CCOC(=O)c1c(c2c(nc(nc2s1)COC(=O)c3csc(n3)c4ccc(cc4)Cl)N)C,0,11.981016,0.174312
decoy,C39709157,c1ccc(cc1)[C@H]2C(=c3ccccc3=[NH+]2)C(=O)CSc4[nH]c(=O)cc(n4)N,0,11.264297,0.172414
decoy,C19221786,Cc1ccc2cc([nH]c2c1)C(=O)N[C@@H](C)c3cc(=O)n4c([nH]3)cc(n4)C5CCOCC5,0,12.346489,0.189189
decoy,C05896427,Cc1ccc(cc1)S(=O)(=O)NNC(=S)Nc2ccccc2C,0,12.018036,0.171875
decoy,C13134091,CC(C)[C@H](C(=O)OCC(=O)O/N=C(/c1ccc(cc1)F)\N)NC(=O)c2ccccc2Br,0,11.142084,0.202247
decoy,C64215319,C[C@@H]1C(=O)Nc2cc(ccc2S1)C(=O)N[C@@H](CC3=c4ccccc4=[NH+]C3)C(=O)OC,0,10.805281,0.195652
decoy,C06142737,CCC(C)(C)[C@@H]1CC[C@H]2[C@@H](C1)c3cc(ccc3O2)NS(=O)(=O)c4cccc(c4)[N+](=O)[O-],0,11.671683,0.170000
decoy,C36316055,CCC[NH+](Cc1c(nn(c1Oc2ccc(cc2)C)C)c3ccccc3)C[C@H](COc4ccccc4C)O,0,10.934563,0.195652
decoy,C15988690,c1ccc(cc1)S(=O)(=O)Cc2ccc(o2)C(=O)NC[C@@H](c3ccco3)[NH+]4CCCCC4,0,11.286827,0.172414
decoy,C35486713,Cc1cc2c(cc1C)oc3c(c2=O)[C@H](N(C3=O)CC[NH+](C)C)c4cc(c(c(c4)Br)O)OC,0,10.812949,0.168317
decoy,C39769050,C[C@@H](C(=O)N[C@](C)(C#N)C(C)C)S[C@@H]1NN=C(N1C2CC2)C3=c4ccccc4=[NH+]C3,0,11.041337,0.180952
decoy,C64653807,COc1ccc(cc1)/C=C\2/C(=O)N(C(=S)S2)CCC(=O)NCCC3=c4ccc(cc4=[NH+]C3)OC,0,10.992420,0.200000
decoy,C00828288,c1ccc2c(c1)nc(n2S(=O)(=O)c3ccc(c(c3)Cl)Cl)CNS(=O)(=O)c4ccc(c(c4)Cl)Cl,0,10.700559,0.200000
decoy,C10244910,CC[C@H](C)Sc1nc2c3ccccc3[nH]c2c(=O)n1c4ccc(c(c4)OC)OC,0,11.563007,0.202532
decoy,C21962702,CN(Cc1cnn(c1)c2ccccc2)C(=O)[C@H](Cc3c[nH]c4c3cccc4)NC(=O)c5cccs5,0,11.803295,0.172131
decoy,C12531465,C[C@@]1(CC[C@]2([C@@H](C1)C(C[C@@H]2[NH2+]C3CCN(CC3)C)(C)C)CCC(=O)NCCN4CCOCC4)O,0,11.043282,0.186916
decoy,C63752779,Cc1ccc2=[NH+][C@H](C(=c2c1)NC(=O)c3ccc(cc3)F)C(=O)NCc4c(nn(c4C)C)C,0,11.265570,0.209524
decoy,C06506953,c1ccc2c(c1)[nH]c3n2c(nn3)SCc4ccc(cc4)C#N,0,11.366617,0.158537
decoy,C12523502,c1ccc(c(c1)N2CC[NH+](CC2)CCCc3nc(no3)c4cccc(c4)C(F)(F)F)O,0,10.984631,0.204819
decoy,C34618050,c1cc(ccc1[C@@H](C(F)(F)F)O)[N+](=O)[O-],0,10.991823,0.166667
decoy,C15277516,CCc1ccccc1Nc2nc(nc(n2)N)CSc3nc4ccccc4c(=O)n3c5cc(ccn5)C,0,11.587776,0.195402
decoy,C35744170,Cc1ccccc1OC[C@@H](C[NH+](Cc2ccccc2)Cc3c(noc3N4CCCC4)c5ccccc5)O,0,11.909193,0.200000
decoy,C19192936,Cc1ccc(c(c1)OCC(=O)NC[C@H](c2ccc(cc2)OC)c3c[nH]c4c3cccc4)[N+](=O)[O-],0,11.690260,0.216867
decoy,C58236560,Cc1ccc(cc1)c2nc(cs2)CC(=O)N[C@H](C)c3ccc(cc3)NC(=O)N,0,11.814344,0.227848
decoy,C02329037,Cc1ccc(cc1)[C@H]2C(=C(NC3=C2C(=O)CCC3)SCC(=O)Nc4ccc(c(c4)C)C)C#N,0,11.849847,0.188889
decoy,C59287141,Cc1ccc(cc1)[C@@]2(C(=O)N(C(=O)N2)CC(=O)N[C@@H](C[NH+]3CCc4ccccc4C3)C(C)(C)C)C,0,11.084892,0.173913
decoy,C15218244,CC(C)(C)[C@H]1CC=C2[C@H](C1)[C@H](C(C(=C2C#N)N)(C#N)C#N)c3c[nH]c4c3cccc4,0,11.841025,0.161290
decoy,C01294390,C[C@@H](Cc1ccccc1)NC(=O)CSc2nnc3n2c4c(c5c(s4)COC(C5)(C)C)c(=O)n3c6ccccc6,0,10.913762,0.161017
decoy,C59146706,Cc1ccc(c(c1)C)n2c(c(c(n2)C)/C=N/NC(=O)C3CCCCC3)C,0,11.919996,0.191919
decoy,C20190312,CCS(=O)(=O)C(=C(Sc1ccccc1)Sc2ccccc2)S(=O)(=O)CC,0,11.043854,0.171875
decoy,C40043554,Cc1cc(c2c(c1)c(=O)c3c(o2)C(=O)N([C@H]3c4ccc(cc4)OCC(=O)N)CCc5ccc(cc5)OC)C,0,10.787671,0.252874
decoy,C13064685,CC[C@@H](c1nnnn1CCc2ccccc2)[NH+](Cc3ccc(cc3)C)Cc4cc5cc(c(cc5[nH]c4=O)C)C,0,11.534303,0.200000
decoy,C16647604,CCCCCc1ccc(cc1)C(=O)N2CCC3(CC2)C(=O)N(CN3c4ccccc4)CC(=O)NC[C@H](C)CC,0,10.606378,0.187500
decoy,C64808592,C[C@@H](c1ccccc1)N(C)C(=O)C[NH+](C2CCCC2)C3CC3,0,11.240145,0.208333
decoy,C13065090,CC[C@H](c1nnnn1CC(=O)OCC)[NH+](Cc2cccs2)Cc3cc4ccc(c(c4[nH]c3=O)C)C,0,11.135004,0.190476
decoy,C20418870,CC1=C([C@@H](C2=C(N1)C[C@@H](CC2=O)c3ccc(cc3)N(C)C)c4ccc5c(c4)OCO5)C(=O)OC[C@@H]6CCCO6,0,11.058314,0.166667
decoy,C35778715,CC[C@H](C[NH+](CCC(C)C)CC(=O)N1CCc2c(ccs2)[C@@H]1COc3ccc(cc3)C)O,0,11.517690,0.208791
decoy,C21707766,C[C@H]1C[C@@]2(CC(C1)(C)C)C(=O)N(C(=O)N2)CC(=O)Nc3ccccc3SCc4ccsc4,0,11.158943,0.173469
decoy,C20352598,Cc1cc(ccc1N[C@@H](C)C(=O)N/N=C/c2ccc(s2)[N+](=O)[O-])I,0,11.868135,0.170455
decoy,C35777194,Cc1c(c(n(n1)c2ccc(cc2)Cl)Oc3ccccc3)C[NH+](CC4CC4)C[C@@H](COC(C)(C)C)O,0,11.397307,0.186275
decoy,C02241486,Cc1cc(c(cc1Cl)c2c3c([nH]n2)C(=O)N([C@@H]3c4cccc(c4)Oc5ccccc5)CCCO)O,0,10.990104,0.208696
decoy,C12194583,CCC[C@]1(C(=O)N(C(=O)N1)CC[C@@H]2CCC[NH+]2C)C3CCN(CC3)C(=O)c4coc5c4C(=O)CCC5,0,10.828812,0.169492
decoy,C14605463,Cc1ccc(cc1)[C@@H]2C3=C(CC(CC3=O)(C)C)Nc4ccccc4N2CC(=O)NCC(C)C,0,12.568356,0.177083
decoy,C22986759,CC[C@@H](CNC(=O)CSc1nnc(n1N)c2ccc(cc2)C)c3ccccc3,0,11.264875,0.219780
decoy,C37136694,Cn1c2c(cn1)[C@@H](CCC2)Nc3ccc(cc3)NC(=O)N,0,10.728808,0.212121
decoy,C36156826,COCC[NH+](Cc1[nH]c(=O)c2c3c(sc2n1)CCCC3)C[C@H](COCc4ccco4)O,0,11.870604,0.180000
decoy,C15911006,Cc1ccc(cc1C)Nc2nnc(s2)SCc3[nH]c(=O)c4c5c(sc4n3)C[C@@H](CC5)C,0,11.769136,0.190476
decoy,C58247739,Cc1c([nH]c2c1cc(cc2)CNC(=O)N[C@@H](C)C(=O)NCc3ccco3)C,0,11.849455,0.190476
decoy,C04571588,C[C@@H]1CCc2c(sc3c2C(=N[C@H](N3)c4cccn4C)O)C1,0,11.366034,0.168317
decoy,C38661346,Cc1ccc(cc1)OC[C@H](CSC2=NC(=O)C3=C4CC[C@@H](C[C@@H]4SC3=N2)C)O,0,10.930592,0.173913
decoy,C02151836,CC1(CC(CC([NH2+]1)(C)C)N2CC(=O)N3[C@H](C2=O)Cc4c5ccccc5[nH]c4[C@@H]3c6ccccc6)C,0,10.828780,0.168421
decoy,C06198480,C[NH+](C)CCCN(Cc1cc2ccc(cc2[nH]c1=O)OC)C(=S)NC[C@H]3CCCO3,0,11.544473,0.197674
decoy,C39693523,CC(C)(C)OC(=O)NCCNC(=O)[C@H]1CN(CC12CC[NH2+]CC2)C(=O)[C@@H]3COc4ccccc4O3,0,10.453612,0.156250
decoy,C40110787,CCCCN1[C@@H](C(=C(C1=O)[O-])C(=O)c2ccc(cc2)S(=O)(=O)N(C)C)c3ccc(cc3)[N+](=O)[O-],0,10.410596,0.166667
decoy,C36660351,CC[NH+](CC)CCN(c1nc2c(cccc2s1)C)C(=O)[C@H]3CCCN3S(=O)(=O)c4ccc(cc4)F,0,11.830358,0.180180
decoy,C63165372,Cc1c(n2c(n1)S[C@H](C2)C)/C=C/C(=O)NCCC3=c4ccccc4=[NH+]C3,0,11.351392,0.177570
decoy,C65190361,CCNC(=O)NNC(=O)CCc1ncc(o1)c2ccc(cc2Cl)Cl,0,11.675901,0.214286
decoy,C37332138,c1cc(c(c(c1)F)[C@H](c2cc3c(cc2Cl)OCCO3)[NH3+])F,0,11.136993,0.189873
decoy,C11224075,Cc1ccccc1N2C(=O)c3ccc(cc3C2=O)C(=O)O[C@H](C)C(=O)NCC4CCCCC4,0,11.382428,0.204545
decoy,C06148933,CC1CC[NH+](CC1)[C@@H](c2cc3cc(ccc3[nH]c2=O)OC)c4nnnn4Cc5ccc(cc5)OC,0,11.386525,0.196262
decoy,C36003053,Cc1c2c(nc(nc2n(n1)c3ccccc3)C4CCCCC4)NC5CCC(CC5)NC(=O)C(C)C,0,11.202566,0.225490
decoy,C36284355,Cc1ccc(cc1)c2nc3c(cccc3n2C(C)C)N,0,10.987216,0.202703
decoy,C39684159,Cc1cccc2c1[nH]cc2CCNC(=O)[C@@H]3CN(CC34CC[NH2+]CC4)C(=O)c5cccc(c5)N(C)C,0,10.728640,0.184783
decoy,C33258510,Cc1c(cn(n1)c2ccc(cc2)c3nc(on3)C)C(=O)Nc4cccc5c4CCCC5,0,10.428591,0.212500
decoy,C09272745,CCc1ccc(cc1)[C@@H]2C(=C(C(=O)N2CC[NH+](CC)CC)O)C(=O)c3ccc(cc3C)OCC(C)C,0,10.683865,0.208791
decoy,C18113945,Cc1cc(c(c(c1)C)N[S@@]2=NC(=NC(=N2)C(Cl)(Cl)Cl)C(Cl)(Cl)Cl)C,0,10.599966,0.134328
decoy,C20513342,c1ccc2c(c1)[C@@]3([C@@H](C[C@@H]4[NH+]3CCC4)C(=O)Nc5c(cc(cc5Br)F)F)C(=O)N2,0,12.822014,0.170455
decoy,C41583845,Cc1c2ccc(c(c2oc(=O)c1c3ccccc3)C[NH+]4C[C@@H](C[C@H](C4)C)C)O,0,11.157754,0.162500
decoy,C36028065,CCCNC(=S)N1CCC2(CC1)[NH2+][C@H](C(=O)N2C3CC[NH+](CC3)Cc4ccccc4)[C@H](C)CC,0,10.935731,0.215054
decoy,C63652893,C[C@H]1C(=C(NN1c2ccc(nn2)N3CCCCC3)C)CCC(=O)NCCC4=c5ccccc5=[NH+]C4,0,10.935986,0.178571
decoy,C01362051,Cc1ccc(cc1N2CCN(CC2)[C@@H](c3cc4cc(cc(c4[nH]c3=O)C)C)c5nnnn5Cc6ccco6)Cl,0,10.483496,0.164062
decoy,C20644861,CC[C@@H](C(=O)NC[C@H]1CCCO1)Sc2nc3c(c(c(s3)C(=O)Nc4ccc(cc4C)C)C)c(=O)n2N,0,11.553051,0.166667
decoy,C42561287,C[C@H](C(=O)NC)Nc1ccc2c(c1N)ncs2,0,10.982979,0.178082
decoy,C38631948,C[C@H]1CC(=C(N1CCOC)C)C(=O)CSc2[nH]nc(n2)c3ccc(cc3)Br,0,10.592862,0.184783
decoy,C12934129,Cc1c(c(n2c(n1)nc(n2)N)C)CCC(=O)NCCc3ccc(cc3)C(F)(F)F,0,10.342605,0.202532
decoy,C43772526,C[C@H](CCCC(C)(C)O)[C@@H]1CC[C@@H]\2[C@]1(CCC/C2=C\C=C/3\C[C@@H](C[C@@H](C3=C)O)O)C,0,10.844790,0.095238
decoy,C62845498,CCCC1(CCN(CC1)C(=O)C2(CCCC2)[NH3+])C(=O)[O-],0,10.547670,0.146341
decoy,C34830170,CCCC[C@@H](CC)C(=O)N1CCN(C[C@@H]1C)C(=O)CC[NH+]2CCc3c(ccs3)[C@@H]2c4ccc(cc4)C,0,11.023478,0.148515
decoy,C27531781,Cc1c2c(=O)n(c(=O)n(c2sc1C(=O)[O-])CC(=C)C)c3ccc(cc3)Cl,0,11.212091,0.190476
decoy,C39692638,Cc1ccc(cc1C)N2[C@H](N[NH2+]N2)SCC(=O)N[C@@H](Cc3c[nH]c4c3cccc4)C(=O)[O-],0,11.776041,0.168421
decoy,C46710012,CC(C)[C@@H](C(=O)N1CCC[NH+](CC1)Cc2cccs2)NS(=O)(=O)c3ccc(cc3)OC,0,10.974046,0.227848
decoy,C31038511,C[NH+](CC(=O)Nc1ccccc1SC)CC(=O)NC(=O)Nc2ccc3c(c2)OCCCO3,0,12.181925,0.200000
decoy,C20442216,CC1(Cc2c(c(nc3c2c4c(s3)c(nc(n4)SC)NCC[NH3+])N5CCOCC5)CO1)C,0,11.807310,0.204082
decoy,C06193801,CC[NH+](Cc1ccccc1)[C@H](c2cc3cccc(c3[nH]c2=O)C)c4nnnn4Cc5ccc(cc5)OC,0,11.473319,0.204082
decoy,C60427162,c1ccc2c(c1)c(=O)n(nn2)Cc3ccc(cc3)OC(F)F,0,11.682120,0.189873
decoy,C09271232,CC[NH+](CC)CCN1[C@H](/C(=C(/c2c(nc(s2)C)C)\O)/C(=O)C1=O)c3ccc(cc3)C(=O)OC,0,10.893231,0.186813
decoy,C32446731,CC[C@@H](CNC(=O)c1c(nn(c1Cl)Cc2ccc(cc2)C)C)[NH+]3CCc4ccccc4C3,0,10.675296,0.203540
decoy,C11854828,CCCc1cc(=O)[nH]c(n1)n2c(cc(n2)c3cccs3)NC(=O)[C@H]4CC(=O)N(C4)c5ccc(cc5)F,0,11.075888,0.190909
decoy,C09502944,C[NH+](Cc1ccc(o1)c2ccc(cc2)Cl)CC(=O)Nc3ccccc3SCC#N,0,11.822999,0.192308
decoy,C39686649,Cc1ccc(cc1C)C(=O)N2C[C@H](C3(C2)CC[NH2+]CC3)C(=O)N[C@H](C)Cc4ccccc4OC,0,10.734325,0.200000
decoy,C36519091,CCCCCCN([C@@H](c1ccc(cc1)C)C(=O)NC2CCCCC2)C(=O)CNC(=O)c3ccccc3,0,10.930062,0.204545
decoy,C47168495,C[C@]1(C(=O)NC(=O)N1)c2cccc(c2)NC(=O)c3cc4ccccc4s3,0,11.486694,0.240964
decoy,C24899324,Cc1ccc2c(c1)S(=O)(=O)N=C(N2)CN3CCC[NH+](CC3)C[C@H](COc4ccccc4)O,0,11.645020,0.216495
decoy,C49464304,Cc1cc(c(cc1C(=O)NC[C@@H]2C[C@@H]2C)S(=O)(=O)N)C,0,10.452614,0.183333
decoy,C36601890,Cc1ccc(cc1)S(=O)(=O)CNC(=O)[C@H](c2ccc3c(c2)OCO3)N(Cc4ccc(o4)C)C(=O)C(=C)C,0,10.569249,0.142857
decoy,C53632978,COC(=O)c1ccc2c(c1)N[C@H](N(C2=O)CCc3c[nH]c[nH+]3)SCc4ccccc4,0,11.074961,0.231579
decoy,C05953571,CCOc1ccc(cc1)/C=N/N=c\2/[nH]c(cs2)c3ccc(cc3)C,0,11.835337,0.177215
decoy,C33810556,CCCSc1[nH]c(=O)c2c(n1)NC3=C([C@H]2c4ccc(cc4)CC)C(=O)CC(C3)(C)C,0,11.174142,0.137931
decoy,C20497254,CC1CCN(CC1)c2ccc(cc2C(=O)Nc3cc(ccc3N4CCN(CC4)C(=O)C(C)C)Cl)[N+](=O)[O-],0,10.943859,0.218750
decoy,C31835543,CC(C)c1c(cnn1c2ccc(cn2)C(F)(F)F)C(=O)Nc3nc(cs3)C(C)(C)C,0,11.693234,0.190476
decoy,C57933002,C[C@@H](C(=O)NC(=O)NC(C)C)Nc1ccc(cc1)CC[NH+]2CCSCC2,0,10.931732,0.179775
decoy,C35462892,C[NH2+][C@@H](c1ccc(cc1)Br)c2ccccc2C(F)(F)F,0,11.592070,0.152542
decoy,C15956621,CCc1cccc2c1NC(=O)[C@@]23[C@H]4[C@@H]([C@H](N3)CC(=O)N)C(=O)N(C4=O)Cc5ccccc5OC,0,11.912232,0.207921
decoy,C13500577,CCC(C)(C)n1c(nnn1)[C@@H](C(C)C)[NH+](CCCO)Cc2cc3cc(ccc3[nH]c2=O)OCC,0,11.628575,0.180952
decoy,C63732971,c1ccc2=[NH+]CC(=c2c1)CCNC(=O)c3cccc(c3)S(=O)(=O)NC[C@@H]4CCCO4,0,10.809780,0.172414
decoy,C16478521,c1ccc(cc1)[C@@H]2c3ccccc3NC(=[NH+]2)NNS(=O)(=O)c4ccc(cc4)Br,0,11.659642,0.189655
decoy,C64042780,c1ccc2c(c1)C[C@@H](OC2=O)C(=O)NC[C@@H](c3ccccc3Cl)C4=c5ccccc5=[NH+]C4,0,10.553200,0.158879
decoy,C40408644,CCCCOC[C@@H](C[NH+](Cc1ccco1)Cc2c(nn(c2Oc3cccc(c3)C)c4ccccc4)C)O,0,10.430655,0.193878
decoy,C63557057,c1cc2=[NH+]CC(=c2cc1Cl)CCN3C[C@H](CC3=O)C(=O)N[C@@H]4NN[C@@H](S4)C5CCCCC5,0,11.128113,0.184211
decoy,C39688762,Cc1c(c(on1)C)C(=O)N2C[C@@H](C3(C2)CC[NH2+]CC3)C(=O)N[C@@H](C)Cc4ccc(cc4)F,0,10.761377,0.188889
decoy,C36066426,C[C@@H]1CCCC[C@H]1NC(=O)[C@@H]2[C@@]34C=C[C@@H](O3)[C@@H]([C@@H]4C(=O)N2CCC(C)C)C(=O)Nc5cccc(c5)OC,0,13.039041,0.216495
decoy,C54163298,CC[C@H](C/C(=N/O)/N)NC(=O)c1cc(ccc1Cl)Br,0,11.353414,0.215190
decoy,C02457860,CCc1ccc(cc1)N2C(=O)Nc3ccc(cc3[C@]2(C(=O)N[C@@H](C)CC)O)Br,0,10.952738,0.211765
decoy,C19806344,CCOC(=O)/C(=C\1/CCc2c3cc(ccc3[nH]c2C1=O)C4CCCCC4)/[O-],0,11.177797,0.186047
decoy,C10908762,c1ccc(cc1)n2cc(c(n2)c3ccc(cc3)F)CNC(=O)CCc4nc(no4)c5ccsc5,0,10.699593,0.202247
decoy,C02396428,Cc1ccc(cc1)S(=O)(=O)c2c3c(nc4ccccc4n3)n(c2N)/N=C/c5ccncc5,0,11.773224,0.175824
decoy,C40636081,CO[C@@H]1C[C@H]([NH2+]C1)C(=O)N2CCC(CC2)N3CCNC3=O,0,10.639839,0.151163
decoy,C39595362,C[C@@H](CNC(=O)[C@@H]1CN(CC12CC[NH2+]CC2)C(=O)c3ccc(cc3Cl)Cl)Oc4ccc(cc4)F,0,10.712193,0.198198
decoy,C01373419,c1ccc(c(c1)NC(=O)CSc2nnc3n2cnc4c3c(cs4)c5ccc(cc5)Cl)Br,0,11.413051,0.180851
decoy,C37866349,CC(=O)/[NH+]=c\1/ccc-2c(cc(oc2c1)O)COC(=O)C[C@@H]3C(=O)Nc4ccccc4S3,0,12.063797,0.202128
decoy,C39700611,CCN(CC)S(=O)(=O)C1=CC=C2C(=C(C=N2)/C=C/[C@@H]3Nc4ccccc4C(=O)N3c5ccccc5)C1,0,11.643745,0.144330
decoy,C11705754,Cc1cc(no1)C(=O)NC[C@H]2CCC[NH+](C2)Cc3ccc(s3)C#CC(C)(C)O,0,11.644636,0.173077
decoy,C67211611,C[C@H](C(=O)N[C@H](c1ccc(c(c1)F)F)C(=O)NC)NC(=O)OC(C)(C)C,0,10.556827,0.184783
decoy,C07049270,Cc1ccc2cc(c(nc2c1C)Cl)CSc3nc(cc(n3)N)C,0,11.027012,0.160714
decoy,C45329773,CCOC(=O)C[C@H](C[C@@H](/C=C/c1c(nc(nc1C(C)C)N(C)S(=O)(=O)C)c2ccc(cc2)F)O)O,0,11.117229,0.219780
decoy,C12090163,CC[NH+]1[C@H]([C@H](C[C@@]1(C)CO)C[NH2+]CC2CC2)c3ccc(cc3)Cl,0,11.438727,0.138298
decoy,C36694867,C[C@H]1C[C@@]2(CC(C1)(C)C)C(=O)N(C(=O)N2)CC(=O)N3CCCc4c3cccc4,0,10.793879,0.168831
decoy,C41262316,CNC(=O)C1CCN(CC1)C(=O)C2CCCCC2,0,10.491052,0.185185
decoy,C12860729,c1cc(c(cc1[N+](=O)[O-])C(=O)NC(=S)Nc2c(c3c(s2)CCC3)C#N)N4CCOCC4,0,11.057011,0.176000
decoy,C63694186,C[C@@H]1[C@H]([C@@H](N(N1)c2ccccc2)[NH+]3CCC(CC3)C(=O)NCCC4=c5ccccc5=[NH+]C4)NC(=O)C,0,10.952987,0.166667
decoy,C43746583,C[C@@H](C(=O)NCCC1=CCCCC1)NC(=O)[C@H]2Cc3c4ccccc4[nH]c3[C@H]5N2C(=O)c6c5cccc6,0,10.616836,0.163636
decoy,C52879865,C[C@@](c1ccccc1)(C(=O)[O-])Nc2nc3ccccc3o2,0,11.100096,0.202703
decoy,C38701981,Cc1ccc(c(c1)c2c3c([nH]n2)C(=O)N([C@@H]3c4ccc(cc4)C(C)C)[C@@H]5CCS(=O)(=O)C5)O,0,11.520256,0.153846
decoy,C09783893,CC[C@@H](C)OC(=O)C[C@@H]1C(=O)NCCN1C(=S)NC(=O)c2ccc(c(c2)Br)OC(C)C,0,11.424167,0.171171
decoy,C39664968,C[C@H](CNC(=O)[C@@H]1CN(CC12CC[NH2+]CC2)C(=O)c3ccc(cc3Cl)Cl)Oc4ccccc4,0,10.721693,0.212766
decoy,C08891699,CC[C@]1(C(=O)N(C(=O)N1)CC(=O)N(CC)c2cccc3c2cccc3)c4ccc(cc4)F,0,11.193317,0.210526
decoy,C40529618,c1cc(c(c(c1)Cl)[C@@H]2c3ccc(cc3OC(=C2C#N)N)OC(=O)COc4ccc(cc4)[N+](=O)[O-])Cl,0,10.614056,0.227848
decoy,C28679171,CCOC(=O)[NH+]=c1ccc-2c(cc(oc2c1)O)COC(=O)CNC(=O)c3cc(cc(c3)C)C,0,11.857631,0.197802
decoy,C28864152,Cc1c2ccccc2sc1C[NH+]3CCc4c(c(=O)n(c(n4)[O-])CC[NH+](C)CCc5ccccn5)C3,0,11.252975,0.181818
decoy,C13064623,CC[C@H](c1nnnn1C[C@@H]2CCCO2)[NH+](Cc3ccc4c(c3)OCO4)Cc5cc6cc(c(cc6[nH]c5=O)C)C,0,11.362837,0.162602
decoy,C36556352,CCCCNC(=O)[C@H](c1ccc(cc1)C(F)(F)F)N(Cc2ccc(o2)C)C(=O)[C@H](c3ccccc3)OC,0,10.767829,0.168421
decoy,C43301624,CCC[NH+]1CCN(CC1)Cc2[nH]c(=O)c3c4c(sc3n2)CCCC4,0,11.051674,0.172414
decoy,C09019224,c1ccc(cc1)C(c2ccccc2)[NH+]3CCN(CC3)c4c(nc5ccccc5n4)[C@H](C#N)C(=O)NC6CC6,0,11.400858,0.184466
decoy,C08920594,CCC[NH+]1CCc2c(sc(c2C(=O)NC)NC(=O)c3ccc(cc3)S(=O)(=O)N4CCC[C@@H](C4)C)C1,0,11.159954,0.179775
decoy,C33115985,C[C@H]1CCCC[NH+]1CCN/C(=C/C2CCN(CC2)C(=O)c3ccc4c(c3)oc(n4)c5ccccc5)/[O-],0,11.880940,0.188034
decoy,C01375443,CC[C@@H](c1nnnn1Cc2ccc(cc2)OC)N(Cc3ccc4c(c3)OCO4)Cc5cc6ccc(c(c6[nH]c5=O)C)C,0,11.258599,0.179688
decoy,C38595959,C[C@@H]([C@H](c1cccs1)N2CC[NH+](CC2)Cc3ccccc3)NC(=O)CN4C(=O)c5ccccc5C4=O,0,11.108652,0.177778
decoy,C40023891,C[C@H](C(C)C)NC(=O)Nc1cc2c(cc1Cl)OCO2,0,10.855267,0.189873
decoy,C17749652,C[C@H](C(=O)Nc1cc(ccc1Cl)[N+](=O)[O-])Sc2[nH]c(cn2)c3ccc(cc3)F,0,11.013983,0.188889
decoy,C09309420,[H]/N=C\1/C(=C/c2cc(n(c2C)c3cc(ccc3OC)C)C)/C(=O)N=C4N1N=C(S4)c5ccccc5,0,11.392236,0.193182
decoy,C33122862,Cc1ccc(cc1)S(=O)(=O)Nc2ccc(cc2)c3nc(on3)Cc4cccs4,0,11.696438,0.185185
decoy,C41600422,CC[C@@H]1CNc2cc(ccc2O1)S(=O)(=O)NC(C)(C)C,0,10.963080,0.156627
decoy,C42909941,Cc1cc(n(n1)C[C@@H](C)CNC(=O)NC2CC([NH2+]C(C2)(C)C)(C)C)C,0,11.803709,0.195876
decoy,C08591019,Cc1cccc(c1)C(=O)N[C@@]2(C(=O)N(C(=[NH+]2)c3ccccc3)C4CCCCC4)C(F)(F)F,0,10.731462,0.234568
decoy,C35167360,Cc1ccc(c(c1)Cl)NC(=O)CSc2nnc(o2)c3ccccc3Br,0,10.902119,0.215909
decoy,C35933506,CC(C)NC(=O)c1c2c([nH]n1)CCN(C2)C(=O)C(C)(C)C,0,10.954290,0.147059
decoy,C09361158,Cc1ccc2nc(c(c(=O)n2c1)/C=C/3\C(=O)N(C(=S)S3)[C@H](C)c4ccccc4)N5C[C@H](C[C@@H](C5)C)C,0,10.968589,0.136364
decoy,C40376300,CN(CC/C(=N/O)/N)S(=O)(=O)c1cc(sc1Cl)Cl,0,10.681041,0.157895
decoy,C39674607,Cc1ccccc1C(=O)N2C[C@H](C3(C2)CC[NH2+]CC3)C(=O)NCCC4=c5cc(ccc5=[NH+][C@H]4C)C#N,0,10.928599,0.200000
decoy,C08978292,CCCCc1nnc(n1N)SCC(=O)Nc2c(c3c(s2)C[C@H](CC3)C)C(=O)OCC,0,11.403730,0.180328
decoy,C40900545,Cc1ccc(cc1)CCNC(=O)[C@H]2CCCN(C2)c3ccc(cc3F)c4nc(on4)c5ccc6c(c5)OCO6,0,10.674381,0.196581
decoy,C09009303,CC1(CC2=C([C@@H](C(=C(N2c3cccc(c3)[N+](=O)[O-])N)C#N)c4c(cccc4Cl)F)C(=O)C1)C,0,11.482066,0.173077
decoy,C09545852,CCCCCn1c(=O)c2ccccc2c(n1)C(=O)Nc3cccc(c3)S(=O)(=O)NC4=[NH+]CCC4,0,12.063184,0.247423
decoy,C39636680,Cc1ccc(c(c1)CNC(=O)[C@H]2CN(CC23CC[NH2+]CC3)C(=O)c4cnc5c(c4Cl)c(nn5C)C)C,0,10.793380,0.208696
decoy,C02923141,Cc1ccc(cc1)Sc2ccc(cc2NC(=O)C)C(=O)N3CCN(CC3)c4cccc[nH+]4,0,10.404061,0.181818
decoy,C44021336,Cc1cc(c(c(c1)C)Nc2cc(=O)n(c(=O)[nH]2)C34CC5CC(C3)CC(C5)C4)C,0,11.446998,0.168421
decoy,C33040257,C[C@H](CCc1ccccc1)NC(=O)[C@@H](C)[NH+]2CCN(CC2)c3ccc(cc3)[N+](=O)[O-],0,10.949114,0.202703
decoy,C62990948,c1cc(c(cc1Br)C(F)(F)F)/N=C(/C2CCCCC2)\N,0,11.367576,0.191176
decoy,C22373393,c1ccc2c(c1)c(c[nH]2)c3cs/c(=N\C(=O)C[NH+](Cc4cccs4)C[C@H]5CCCO5)/[nH]3,0,11.973060,0.144000
decoy,C50274431,CC(C)c1ccc(cc1)CCNC(=O)CN2Cc3ccccc3C[C@H]2C(=O)N,0,10.699217,0.226667
decoy,C52094694,CCC[NH2+][C@H](CC(F)(F)F)c1cc2c(cc1Br)[nH]c(=O)[nH]2,0,11.714907,0.139535
decoy,C09391511,CCOC(=O)c1c2c(sc1NC(=O)c3ccc(cc3)S(=O)(=O)N4CCCCC4)C([NH2+]C(C2)(C)C)(C)C,0,10.544402,0.207317
decoy,C39929029,Cc1cccc(c1C)N(C[C@@H]2C=c3cc(ccc3=[NH+]C2=O)OC)C(=O)c4cc(c(c(c4)OC)OC)OC,0,11.059576,0.200000
decoy,C02957647,Cc1cc(cc(c1)n2c(c(nn2)C(=O)NCCc3ccc(cc3)Cl)N)C,0,11.822821,0.219178
decoy,C04798523,c1ccc2c(c1)ccc(c2Cl)N/N=C/3\c4ccccc4C=CC3=O,0,11.311067,0.215385
decoy,C09432021,CCCOc1ccc(cc1)[C@@H]2c3c(nn(c3NC(=O)CS2)[C@H]4CCOC(C4)(C)C)O,0,11.773058,0.191489
decoy,C04537326,c1cc(sc1)c2nnc(n2N)SCC(=O)Nc3ccc(cc3)Cl,0,12.094861,0.220930
decoy,C03668419,CCOC(=O)c1c2c(sc1N3C4=C([C@@H](C(=C3N)C#N)c5cccc(c5)[N+](=O)[O-])C(=O)CCC4)CCCC2,0,11.647764,0.185185
decoy,C49987589,Cc1ccc(c(c1)C)N(C)c2c(n3ccsc3n2)CO,0,11.632689,0.247312
decoy,C15670278,CCc1ccc(cc1)[C@@H]2CC(=O)Nc3c2c(nn3c4nc(cnn4)c5ccccc5)C,0,11.397800,0.185185
decoy,C63515159,CCN\1C(=O)C[C@@H](S/C1=N\c2ccc(cc2)CC3[NH+]=c4ccccc4=[NH+]3)C(=O)Nc5ccccc5,0,11.568344,0.192771
decoy,C20755828,Cc1ccc(c(c1)C)NS(=O)(=O)c2cccc(c2)C(=O)N/N=C/c3c(cccc3Cl)F,0,11.727571,0.214286
decoy,C39940113,C[C@H]1C(=c2ccccc2=[NH+]1)C(=O)[C@H](C)S[C@@H]3NN=C(N3CC=C)[C@@H]4COc5ccccc5O4,0,10.657352,0.155963
decoy,C28057641,Cc1ccc2c(c1)C3=C([C@H](n4c(nnn4)N3)c5ccccc5F)[C@@H](O2)c6cccs6,0,11.885203,0.133333
decoy,C05137081,Cc1cc(ccc1[N+](=O)[O-])C(=O)NCCc2c(nc(s2)c3cccc(c3)F)C,0,11.313883,0.207207
decoy,C63426811,C/C(=C/1\C(=O)NC(=O)N(C1=O)c2ccccc2)/N[C@@H](CC3=c4ccccc4=[NH+]C3)C(=O)OC,0,11.318447,0.185185
decoy,C05522875,c1ccc(cc1)N(c2ccccc2)C(=O)CSc3[nH]nc(n3)c4ccccc4O,0,11.532615,0.191176
decoy,C15829682,CCc1cccc(c1NC(=O)CSc2nnc3n2cnc4c3c5c(s4)CCCC5)C,0,10.992997,0.235294
decoy,C45047151,CC1(CCCCC1)NC(=O)[C@@H]2CCc3ccccc3N2,0,10.902623,0.200000
decoy,C40562324,C[C@H](C(=O)Nc1c2ccccc2oc1C(=O)c3ccc4c(c3)OCCO4)Oc5ccc(cc5)Cl,0,10.643485,0.187500
decoy,C60380091,C[C@@H](CNc1c2c(csc2nc(n1)CN3CCOCC3)c4ccccc4)Cn5cc[nH+]c5,0,11.923659,0.224490
decoy,C09429122,C[C@H]1Cc2cc(ccc2N1C(=O)C)S(=O)(=O)N[C@H](C(C)C)C(=O)NC3CCCCCCC3,0,10.595694,0.207921
decoy,C04860316,CCOC(=O)c1c(c2cc(ccc2[nH]1)F)NC(=O)[C@@H](C)[NH+]3C[C@@H](C[C@@H](C3)C)C,0,11.013145,0.212766
decoy,C06546494,CCOC(=O)CNC(=O)CN(c1cc(cc(c1)C)C)C(=O)c2c(c(ns2)C(=O)N)N,0,11.384801,0.204545
decoy,C36577993,CCCN([C@@H](c1ccccc1O)C(=O)NC2CCCCC2)C(=O)c3ccc(cc3)[N+](=O)[O-],0,11.226865,0.192308
decoy,C38891919,Cc1ccc(cc1)c2nc(on2)C[NH+]3CCC[C@H](C3)C(=O)NCCSCc4ccc(cc4)F,0,11.024722,0.187500
decoy,C35747639,C=CC[NH+](Cc1[nH]c(=O)c2c(csc2n1)c3cccc(c3)Cl)C[C@H](COc4ccccc4)O,0,11.724944,0.252632
decoy,C12583439,Cc1cc(c(c(c1)C)NS(=O)(=O)c2ccc(cc2)NS(=O)(=O)c3ccccc3[N+](=O)[O-])C,0,11.895868,0.182927
decoy,C08788487,CC[C@H]1CCCC[NH+]1Cc2c(ccc3c2oc(c(c3=O)Oc4ccc(cc4)C)C(F)(F)F)O,0,11.235633,0.173077
decoy,C22626081,Cc1cccc(c1)[C@@H](c2c(n3c(s2)nc(n3)C)[O-])[NH+]4CCC[C@@H](C4)C,0,11.096728,0.166667
decoy,C64053002,C[C@H]1NN=C(N1C2CCCCC2)S[C@H](c3ccccc3)C(=O)C4=c5ccccc5=[NH+]C4,0,10.493724,0.178571
decoy,C20593947,c1cc(ccc1n2c(c(cn2)Br)C(F)(F)F)[N+](=O)[O-],0,11.655665,0.178082
decoy,C31159791,C/C=C/c1ccc2c(c1)cc(o2)c3ccc(cc3O)O,0,12.217637,0.203704
decoy,C46841128,Cc1c(c2ccccc2[nH]1)CC(=O)NCc3ccc([nH+]c3)N4C[C@H](O[C@@H](C4)C)C,0,11.250870,0.195402
decoy,C01789604,c1ccc(cc1)n2c(=O)c3ccccc3nc2SCc4[nH]c(=O)c5c(n4)-c6ccccc6CC57CCCCC7,0,11.115161,0.188235
decoy,C28791180,c1ccc(c(c1)F)S(=O)(=O)Nc2ccc3c(c2)OC4(O3)CCCCC4,0,11.819182,0.179775
decoy,C13096522,CC[NH+](Cc1[nH]c(=O)c2c(c(sc2n1)C)c3ccccc3)CC(=O)Nc4ccccc4C(F)(F)F,0,11.445964,0.191011
decoy,C03482527,C[C@H](C(=O)NC(=O)N)Sc1nnc(n1c2ccccc2C(C)C)c3ccc(cc3)Cl,0,10.490976,0.189873
decoy,C10339238,CCCCCN1c2ccccc2[C@@]3(C1=O)C4=C(CCCC4=O)OC(=C3C(=O)OCC)N,0,10.939572,0.195652
decoy,C10066897,CC[NH+](CC)CCN(c1nc2cc3c(cc2s1)OCO3)C(=O)/C=C/c4ccc(s4)[N+](=O)[O-],0,11.699756,0.200000
decoy,C63588800,Cc1ccc(n1c2ccc(cc2)C(=O)/N=C(/NCCC3=c4ccccc4=[NH+]C3)\Nc5ccccc5)C,0,11.755237,0.178571
decoy,C03387657,C[NH+](Cc1ccc(cc1)OC(F)F)Cn2c(=S)n(c(n2)[C@H]3COc4ccccc4O3)c5ccccc5,0,11.651001,0.159574
decoy,C29209798,c1ccc2cc(ccc2c1)CO[C@H]3C[NH2+]CC[C@@H]3c4ccc(cc4)OCc5nc(no5)c6cccnc6,0,11.469872,0.217949
decoy,C39664776,CC[C@H](c1ccccc1)C(=O)N2C[C@@H](C3(C2)CC[NH2+]CC3)C(=O)N[C@@H](C[NH+](C)C)c4ccccc4,0,10.864799,0.166667
decoy,C19790685,C[C@@H]1CC[C@H]([C@H](C1)OC[C@H](CN2CC[NH+](CC2)CCN3C(=O)c4cccc5c4c(ccc5)C3=O)O)C(C)C,0,11.403636,0.168142
decoy,C03667192,CC[C@H](C(=O)Nc1c(c2c(s1)CCCC2)C(=O)OCC)OC(=O)/C=C/c3ccc(cc3)[N+](=O)[O-],0,11.184114,0.277778
decoy,C25213333,C1CCC(CC1)NC(=O)NC(=O)COC(=O)[C@H]2CCCN2C(=O)C34CC5CC(C3)CC(C5)C4,0,11.343206,0.206186
decoy,C63375946,CC(C)CNC(=O)[C@@H]1CC2=c3ccccc3=[NH+][C@@H]2[C@H]4N1C(=O)c5c4cccc5,0,10.816635,0.153846
decoy,C23951797,CCC(C)(C)C1CCC2(CC1)C(=O)N(C(=O)N2)CC(=O)N[C@@H](C)c3cc4ccccc4o3,0,11.749454,0.200000
decoy,C34750218,CC(C)C[NH+]1CCN(CC1)c2c3c4c(sc3nc(n2)SCC(=O)N5CCOCC5)COC(C4)(C)C,0,10.641667,0.163636
decoy,C39673877,CCC[C@H](C)NC(=O)[C@H]1CN(CC12CC[NH2+]CC2)C(=O)c3cnc4c(c3Cl)c(nn4C)C,0,10.874118,0.173913
decoy,C06300606,Cc1cc(c2c(c1)cc(c(=O)[nH]2)[C@@H](c3nnnn3C(C)(C)C)[NH+]4CCC(=CC4)c5ccc(cc5)F)C,0,11.105152,0.164948
decoy,C25443647,C[NH+](C)C1(CCCCCC1)CNC(=O)CCn2c(=O)c3ccccc3[nH]c2=S,0,11.255480,0.194805
decoy,C44714209,Cc1c(c(n[nH]1)C)[C@H](C)NC(=O)[C@@H]2CN(CC23CC[NH2+]CC3)C(=O)c4ccc(o4)c5ccccc5F,0,10.759963,0.165289
decoy,C39687282,CCCCCCC(=O)N1C[C@@H](C2(C1)CC[NH2+]CC2)C(=O)N[C@@H](Cc3ccccc3)C(=O)N4CCCCC4,0,11.159550,0.202128
decoy,C08791476,Cc1cc(c2c(c1)[C@@]3([C@H]4[C@@H]([C@H]([NH2+]3)Cc5c[nH]c6c5cccc6)C(=O)N(C4=O)CCOC)C(=O)N2)C,0,11.297189,0.151786
decoy,C32856417,CCOC(=O)c1c2c(sc1NC(=O)COc3ccc(cc3OC)C=O)C([NH2+]C(C2)(C)C)(C)C,0,11.002527,0.195402
decoy,C60324152,CC(C)(C)OC(=O)NC1(CCCCCC1)CNC(=O)CCc2[nH]c3c(=O)[nH]c(=O)n(c3n2)C,0,11.670107,0.134454
decoy,C36142404,Cc1cc(cc2c1OC(C[C@]2(C(=O)OC)N)(C)C)Cl,0,10.669830,0.182796
decoy,C38002513,C[C@@H](c1ccc(s1)Br)Nc2cc(ccc2Cl)C(=O)N,0,11.430093,0.177215
decoy,C27145531,CCc1ccc(cc1)[C@H](CNC(=O)c2cccc(c2)S(=O)(=O)N(C)c3ccccc3)[NH+](C)C,0,11.778153,0.192308
decoy,C36205679,Cc1ccccc1c2csc3c2c(=O)[nH]c(n3)C[NH+](CCN4CCOCC4)C[C@H](COC(C)(C)C)O,0,11.793863,0.211382
decoy,C05523951,CCOC(=O)[C@H]1[C@@H](NC(=O)N[C@@]1(C(F)(F)F)O)c2ccc(cc2Cl)Cl,0,10.835387,0.202381
decoy,C01381887,Cc1cc2cc(c(=O)[nH]c2cc1C)[C@H](c3nnnn3Cc4ccco4)N5CCN(CC5)Cc6ccc7c(c6)OCO7,0,11.564518,0.184000
decoy,C39775226,CC(=O)N[C@@H]1NN[C@@H](S1)CC(=O)N/N=C/C2=c3ccccc3=[NH+]C2,0,11.865343,0.160494
decoy,C03865677,CCc1ccc(cc1)/C=C\2/C(=O)N(C(=S)S2)CC(=O)Nc3ccc(cc3O)[N+](=O)[O-],0,11.232740,0.197531
decoy,C39457900,Cc1c(c2c(n1SC)-c3c(c(ccn3)c4ccccc4O)C(=O)CC2)OC,0,10.309502,0.188235
decoy,C16947778,Cc1ccc(c(c1)NC(=O)[C@H](C)OC(=O)CCNS(=O)(=O)c2c(c(c(c(c2C)C)C)C)C)OC,0,12.065511,0.204819
decoy,C11374999,CC1CCN(CC1)c2nnc(n2Cc3ccco3)SCc4nc(nc(n4)Nc5ccc(cc5)F)N,0,12.573161,0.205357
decoy,C59489428,C/C(=N\NC(=[NH2+])S[C@H]1CC(=O)N(C1=O)c2ccccc2OC)/c3ccc4ccccc4c3,0,11.370273,0.211111
decoy,C35137464,CCCCN(CC(=O)Nc1cc(nn1c2ccccc2)C(C)(C)C)C(=O)Nc3c(cccc3C)C,0,11.196704,0.204082
decoy,C10210893,CC(C)[C@H](C(=O)NC(=O)N)OC(=O)c1ccccc1NS(=O)(=O)c2ccc3c(c2)OCCO3,0,10.603274,0.177570
decoy,C00412207,Cc1cc(c2cc3c(c(sc3nc2c1)C(=O)N4CCCC4)N)C,0,10.762772,0.178571
decoy,C06370832,C[C@@H]1CCCC[C@H]1NC(=O)[C@@H](C)OC(=O)c2c3ccccc3n[nH]2,0,11.392982,0.177215
decoy,C06381902,C[C@@H]1CC=C2[C@H](C1)[C@@H](C(C(=C2C#N)N)(C#N)C#N)C(C)C,0,10.555497,0.162500
decoy,C63270263,c1ccc2c(c1)C[C@@H](C(=O)O2)c3cccc(c3)C(=O)NCCC4=c5ccccc5=[NH+]C4,0,10.930379,0.207317
decoy,C40826018,Cc1c\2c(oc1C(=O)Nc3ccccc3F)CCC/C2=N\NS(=O)(=O)c4ccc(cc4)F,0,12.173854,0.191011
decoy,C49072655,c1ccc2c(c1)nc(o2)C[NH+](Cc3ccc(cc3)C[NH2+]Cc4ccccn4)[C@H]5CCCc6c5nccc6,0,11.616416,0.198020
decoy,C05272375,Cc1c2ccc(cc2oc(=O)c1CC(=O)NC3CC([NH2+]C(C3)(C)C)(C)C)O,0,11.287569,0.188406
decoy,C62038612,C[C@H](C(=O)Nc1cc(ccc1O)Cl)Sc2[nH]c3c(c(cs3)c4ccco4)c(=O)n2,0,11.681465,0.214286
decoy,C03101239,CCc1ccccc1NC(=O)C(=O)N/N=C/c2cccc(c2)[N+](=O)[O-],0,12.039569,0.217391
decoy,C15004984,Cc1ccc2c(c1)cc(c(n2)N3CCC(CC3)O)CN(C[C@@H]4COc5ccccc5O4)C(=O)C6CCCCC6,0,10.455599,0.203540
decoy,C12716247,Cc1ccc(o1)c2nnn(n2)CC(=O)N(Cc3ccc(cc3)OC)[C@@H](c4ccco4)C(=O)NC(C)(C)C,0,11.968059,0.204545
decoy,C24987771,CCCNC(=O)NC(=O)CSc1nc(c(c(n1)N)c2ccc(cc2)Cl)CC,0,11.772695,0.177083
decoy,C46841873,Cc1ccc(cc1C(=O)NCc2ccc([nH+]c2)N3C[C@@H](O[C@H](C3)C)C)S(=O)(=O)NCCOC,0,11.226638,0.168421
decoy,C34758705,Cc1ccc(c(c1)C[NH+]2CCN(CC2)c3c4c(c(sc4nc(n3)SCC(C)C)C)C)C,0,10.829810,0.150943
decoy,C36242315,CC(C)([C@H]1OC[C@H]([C@@H](O1)c2cccnc2)C/C=C\CCC(=O)[O-])Oc3ccccc3SC,0,11.648032,0.190909
decoy,C12402825,CC1=NC2=C([C@@H](C1C(=O)OC(C)C)c3cc(c(c(c3)OC)[O-])[N+](=O)[O-])C(=O)C[C@H](C2)c4ccccc4OC,0,10.928179,0.206522
decoy,C08553728,c1ccc(cc1)NC(=O)c\2cc3cc4c5c(c3o/c2=N\c6cccc(c6)C(=O)N)CCCN5CCC4,0,11.619970,0.188235
decoy,C07907557,CC[NH+](CC(=O)Nc1ccccc1C(F)(F)F)CC(=O)NC(=O)NC(C)C,0,10.562983,0.218391
decoy,C39359649,c1ccc2=[NH+]CC(=c2c1)/C=N/NC(=O)CNC(=O)c3ccc(cc3)S(=O)(=O)N4CCCC4,0,12.065663,0.185185
decoy,C28928232,C[NH+](CC(=O)N1C[C@@H](Oc2c1cccc2)C(=O)N)C(c3ccccc3)c4ccccc4,0,11.975792,0.202247
decoy,C15135153,CC(C)[C@@H](C(=O)N[C@@H](C(C)C)C(=O)NN)NC(=O)[C@H](C(C)C)NC(=O)OC(C)(C)C,0,10.334002,0.098361
decoy,C04353219,c1ccc(cc1)NC(=O)OC[C@H]2C([C@@H](OCO2)COC(=O)Nc3ccccc3)OC(=O)Nc4ccccc4,0,11.054317,0.239130
decoy,C39674566,Cc1cccc(c1)CC(=O)N2C[C@@H](C3(C2)CC[NH2+]CC3)C(=O)N[C@H](C)C4=C(N=N[C@@H]4C)C,0,10.773608,0.217391
decoy,C15551527,Cc1ccc(c(c1)C)N(Cc2cc(on2)c3ccco3)S(=O)(=O)c4ccc(c(c4)[N+](=O)[O-])Cl,0,11.404436,0.184783
decoy,C28000499,CS(=O)(=O)Nc1c(ccn(c1=O)CC(=O)N[C@H]2CCCN([C@@H]2O)C(=[NH2+])N)CCC3CCCCC3,0,11.076921,0.169643
decoy,C03670533,CCOCCCNC(=O)[C@@]1(c2cc(ccc2NC(=O)N1c3ccc(cc3OC)OC)Br)O,0,11.469332,0.214286
decoy,C37929751,CCCCC[C@H](C)NS(=O)(=O)c1cc(ccc1N)Br,0,11.117908,0.200000
decoy,C39757541,C=CCn1c(nnc1SCC(=O)c2ccc(c(c2)[N+](=O)[O-])Cl)CCNC(=O)c3ccccc3F,0,11.392241,0.190000
decoy,C15733315,Cc1cc(ccc1NC(=O)c2c3c(on2)-c4ccsc4CC3)Cl,0,10.870154,0.185567
decoy,C67463507,Cc1ccc(c2c1c(c(o2)C(=O)NNC(=S)NC3CCCC3)C)C,0,10.929352,0.180851
decoy,C10543671,C[C@H](C(=O)NC(=O)NC1CC1)OC(=O)c2c3ccccc3nc4c2CCCCC4,0,10.508852,0.220000
decoy,C65128909,Cc1cc(c(c(c1)C)[N-]S(=O)(=O)c2cc(cs2)c3ccc(=O)n(n3)C)C,0,11.243477,0.160000
decoy,C15860461,Cc1ccc(o1)[C@@H](CNC(=O)c2c(c3c(s2)cccc3Cl)Cl)[NH+]4CCCC4,0,11.301551,0.202020
decoy,C59015263,Cc1ccc(c(c1)Br)NC(=O)CSc2nc([nH]n2)N/N=C/c3ccc(cc3)Cl,0,11.808940,0.195122
decoy,C16612792,CC[C@@H](C)NC(=O)CN1CN(C2(C1=O)CCN(CC2)C(=O)c3ccccc3Br)c4ccccc4,0,10.629234,0.178218
decoy,C38576816,CCOC(=O)[C@H]1[C@H](SC(=C1C)C)NC(=O)C2=NN=C(C2)c3cc(cc(c3O)C)C,0,10.989215,0.195402
decoy,C01567818,CC(C)(C)NC(=O)OCc1c2n(c(c1COC(=O)NC(C)(C)C)c3ccc(c(c3)Cl)Cl)CCC2,0,11.711778,0.204082
decoy,C20082452,CCc1ccc2c(c1)cc(c(=O)[nH]2)[C@H](c3nnnn3C4CCCCC4)N(Cc5cccs5)C[C@@H]6CCCO6,0,11.678840,0.157895
decoy,C32830944,CC(C)CC[NH+](Cc1[nH]c2cc(ccc2c(=O)n1)Cl)Cc3[nH]c(=O)c4ccc(cc4n3)Cl,0,11.161881,0.188235
decoy,C01097112,CN(C)c1ccc(cc1)n2cccc2/C=N/NC(=O)c3ccccc3Br,0,12.379911,0.194444
decoy,C37220626,C[C@@H](c1ccc(c(c1)Cl)Cl)[NH2+][C@@H](C)C2CCCCC2,0,11.614939,0.174419
decoy,C08591610,CC1=C([C@@H](n2c(nc(n2)SCc3ccccc3F)N1)c4ccccc4)C(=O)Nc5cccnc5,0,11.704891,0.216495
decoy,C64502345,Cc1ccc2=[NH+]CC(=c2c1)CCNC(=O)c3ccc(cc3)Cn4c5ccccc5nc(c4=O)C,0,11.614366,0.210526
decoy,C09349353,CCCn1c2c(c(nc(n2)C(C)C)SCC(=O)NC[C@@H]3COc4ccccc4O3)c(=O)n(c1=O)C,0,11.200135,0.165138
decoy,C27165035,Cc1c2ccc(cc2oc(=O)c1CCC(=O)N(C)[C@H](C)c3cccs3)OC,0,11.434711,0.189873
decoy,C12343012,C/C(=N\N=C/1\NC(=O)[C@H](S1)CC(=O)Nc2ccccc2C(F)(F)F)/c3ccc(cc3)[N+](=O)[O-],0,11.774908,0.176471
decoy,C03091955,Cc1ccc(c(c1)C)N[C@H](C(Cl)(Cl)Cl)NC(=O)c2ccccc2[N+](=O)[O-],0,11.362860,0.183099
decoy,C39657112,CCCC[C@H](C)C(=O)N1C[C@H](C2(C1)CC[NH2+]CC2)C(=O)N[C@@H](C)c3ccc(cc3)Br,0,10.887421,0.171717
decoy,C03333260,CCOC(=O)c1c(c(sc1NC(=O)CN2C(=O)C3(CCCCCC3)NC2=O)C)c4ccc(cc4)C,0,10.752564,0.185567
decoy,C18159007,c1ccc2c(c1)[C@H](OC2=O)/C(=C\Nc3ccc(cc3)OC(F)(F)F)/[N+](=O)[O-],0,10.534537,0.211268
decoy,C00641267,Cc1cccc(c1C)NC(=O)C2=C(NC(=O)N[C@@H]2c3cccc(c3)OC)C,0,11.737948,0.228571
decoy,C14429558,CCC1CCC2(CC1)C(=O)N(C(=O)N2)CC(=O)Nc3ccccc3I,0,11.810732,0.191781
decoy,C00654214,Cc1c(c2ccccc2[nH]1)/C=N/NC(=O)c3cc(nc4c3cccc4)c5ccncc5,0,12.501205,0.212500
decoy,C37016239,C[C@]12CC[C@H](C1(C)C)C[C@H]2NC(=O)c3ccc(cc3)N,0,11.039004,0.190476
decoy,C63230045,c1ccc2cc(ccc2c1)C(=O)NC[C@@H]([C@H]3CC=CS3)C4=c5ccccc5=[NH+]C4,0,10.477313,0.195122
decoy,C33279540,Cc1ccc(cc1NC(=O)CNS(=O)(=O)c2cc(cs2)c3nc(on3)C4CCC4)Cl,0,11.383876,0.192308
decoy,C37517978,C[C@H]1CCc2c(sc(c2C#N)NC(=O)[C@@H]3C[C@@H]3C(=O)[O-])C1,0,10.513141,0.178082
decoy,C19354154,Cc1nc(cs1)COc2ccc(cc2)[C@H]3[NH+]=C(Nc4n3c5cc6c(cc5n4)OCCCO6)N,0,11.834727,0.188119
decoy,C00669084,Cc1c(sc(c1C(=O)N)NC(=O)[C@H](c2ccccc2)Sc3ccccc3)C,0,10.294261,0.172840
decoy,C38683653,CCc1ccc(cc1)O[C@H](C)C(=O)Oc2ccc3c(c2)OC(=C([C@@H]3c4ccc(cc4)C(=O)OC)C#N)N,0,11.334027,0.185567
decoy,C37512093,Cc1cc(ccc1OCC(=O)c2ccc3c(c2)N(C(=O)CO3)CC(=O)NC4CCCCC4)F,0,10.824350,0.211009
decoy,C12490029,COc1ccccc1N([C@@H](c2ccccc2)C(=O)NC[C@@H]3CCCO3)C(=O)CNC(=O)c4cccs4,0,11.221686,0.200000
decoy,C45739454,C[C@@H]1c2ccsc2CCN1C(=O)NC3CCN(CC3)C(=O)C4CCCCC4,0,11.611250,0.234043
decoy,C06193197,CC[NH+](CC)CCCNC(=S)N(Cc1ccc2c(c1)OCO2)Cc3cc4cc(c(cc4[nH]c3=O)C)C,0,11.535768,0.209302
decoy,C63272532,CC\1=C(C(=O)N(C(=O)/C1=C\Nc2cccc(c2)NC(=O)C)CCC3=c4ccccc4=[NH+]C3)C#N,0,11.320678,0.207317
decoy,C04028886,CC1CC[NH+](CC1)Cc2c(cco2)CC[C@H]3C(=C)CC[C@@H]4[C@@]3(CCC[C@]4(C)C(=O)OC)C,0,10.503943,0.168142
decoy,C63683241,c1ccc(cc1)c2c(oc(n2)NC(=O)CSC3=NC(=O)CC(=N3)c4ccccc4)c5ccccc5,0,10.956817,0.223684
decoy,C40151434,CCC[NH+](CC(=O)N1CCc2c1ccc(c2)S(=O)(=O)N)[C@@H](C)c3ccc(c(c3)Cl)Cl,0,11.753949,0.183673
decoy,C21801737,c1cc(c(c(c1)Cl)[C@@H](c2cc(cc(c2)Cl)[N+](=O)[O-])N)Cl,0,11.723375,0.180328
decoy,C39597906,CC[C@@H](C)CC(=O)N1C[C@@H](C2(C1)CC[NH2+]CC2)C(=O)NCCc3c[nH]c4c3cccc4,0,10.884970,0.177778
decoy,C07615738,Cc1ccc(cc1)n2c(c(nn2)c3nc(no3)c4ccccc4Cl)C,0,11.666216,0.166667
decoy,C04916645,Cc1ccc(nc1)N2[C@@H](c3ccccc3C2=O)Nc4cccc(c4C)C,0,11.765624,0.205128
decoy,C35777338,Cc1c(c(n(n1)c2ccccc2)Oc3ccccc3OC)C[NH+](CC4CC4)C[C@H](COCc5ccco5)O,0,10.820427,0.186916
decoy,C09328775,CCCOc1cccc(c1)[C@@H]2/C(=C(/c3ccc4c(c3)C[C@H](O4)C)\O)/C(=O)C(=O)N2CC[NH+](C)C,0,11.251383,0.195876
decoy,C12733869,Cc1ccc(cc1C)S(=O)(=O)Nc2ccc(cc2)CS(=O)(=O)N,0,11.840421,0.200000
decoy,C21517370,CC[C@H](c1cc(ccc1O)Br)Nc2ccc(cc2C)C,0,11.317072,0.218750
decoy,C38659840,CC(C)Oc1ccc(cc1)C(=O)Oc2ccc3c(c2)OC(=C([C@H]3c4cc(ccc4OC)OC)C#N)N,0,11.339797,0.205128
decoy,C01058881,c1ccc(cc1)n2c(nnc2SCC(=O)Nc3nccs3)c4ccccc4O,0,11.456492,0.189189
decoy,C33051525,CCc1ccccc1NC(=O)N2Cc3c(nn(c3-n4cccc4[C@H]2c5ccc(cc5)C(C)C)c6ccccc6)C,0,11.800679,0.170000
decoy,C08789395,CCOC(=O)c1ccc(cc1)N2C(=O)[C@@H]3[C@@H]([NH2+][C@]4([C@@H]3C2=O)c5ccc(c(c5NC4=O)C)Cl)CC(=O)N,0,11.945201,0.178947
decoy,C08655303,c1ccc2c(c1)[C@](C(=O)N2)(C/C(=N\NC(=O)C(=O)NN)/c3ccc(cc3Cl)Cl)O,0,11.845850,0.197674
decoy,C36302987,CCc1c(c(n(n1)c2ccccc2)Oc3ccccc3)C[NH+](C[C@@H]4CCCO4)C[C@@H](Cc5ccccc5)O,0,11.681269,0.196581
decoy,C38666275,Cc1ccc(c(c1)NC(=O)C(=O)NC[C@@H](c2ccc(cc2)N(C)C)N3CCN(CC3)c4ccc(cc4)F)C,0,11.217585,0.171717
decoy,C09805621,c1ccc(cc1)c2ncc(o2)COC(=O)[C@H](CCCCNC(=O)c3ccccc3)NC(=O)c4ccccc4,0,11.147712,0.202381
decoy,C63350743,Cc1ccc(cc1)S(=O)(=O)N2CCC(CC2)C(=O)N[C@@H](C)C(=O)NCCC3=c4ccccc4=[NH+]C3,0,10.707327,0.193548
decoy,C23716703,COc1ccc(cc1)CN2C(=O)c3ccccc3/C(=C/NNC(=O)c4cc5c(s4)CCCC5)/C2=O,0,11.601497,0.240506
decoy,C48289781,c1ccc(cc1)CC[C@@H]2CCC[NH+]2CC(=O)N(CCC#N)c3ccccc3F,0,11.395325,0.215190
decoy,C66934740,CCOCCN(Cc1ccc(o1)C(=O)OC)S(=O)(=O)C2CCCC2,0,10.690130,0.194444
decoy,C15103906,C[NH+](Cc1ccccc1N2CCCCC2)CC(=O)Nc3ccccc3C(=O)NCc4ccco4,0,11.082902,0.202128
decoy,C13739141,c1ccc(cc1)C(=O)c2cc[n+](cc2)c3c(sc(=O)[nH]3)/C=N/NC(=O)c4ccccc4O,0,11.882467,0.200000
decoy,C35290842,CC(C)(C)NC(=O)N1CCC[C@@H](C1)c2nc(no2)c3ccccc3,0,11.476986,0.213483
decoy,C09581359,COC(=O)CCn\1c2ccc(cc2s/c1=N\C(=O)c3ccc(s3)Cl)S(=O)(=O)N,0,11.677258,0.220930
decoy,C56984453,Cc1ccc(c2c1c(c(o2)C(=O)N[C@H](C)C(=O)N3CCCCC3)C)C,0,10.640109,0.160920
decoy,C12488510,CCC(C)(C)NC(=O)[C@@H](c1cccc(c1)OC)N(c2cccc(c2C)C)C(=O)CNC(=O)c3cccs3,0,11.857332,0.190000
decoy,C31042713,C[NH+](CC(=O)Nc1ccccc1SC)CC(=O)N2CCN(CC2)c3ccc(cc3)F,0,10.880624,0.195402
decoy,C67595583,C[C@@H]1CC(=O)Nc2ccccc2N1C(=O)C(=O)N(C)C[C@@H](C)c3ccccc3,0,11.942089,0.191781
decoy,C44877759,Cc1ccc(cc1)S(=O)(=O)N(CC(=O)NCc2ccc(cc2)C[NH+]3CCC[C@@H](C3)C)c4ccccc4C,0,11.326164,0.161290
decoy,C09789443,CCc1ccc2c(cc(=O)oc2c1)COC(=O)c3cccc(c3)S(=O)(=O)NC(C)C,0,10.979222,0.197674
decoy,C37004538,c1cc(sc1)[C@@H](C2CCCC2)NC(=O)[C@H]3CCCC[NH2+]3,0,11.967065,0.180556
decoy,C63623030,c1ccc(cc1)C(=O)COC(=O)[C@H](CC2=c3ccccc3=[NH+]C2)NC(=O)c4ccc(cc4)Br,0,10.819940,0.204819
decoy,C36129345,CCCCC[C@@H](C)NS(=O)(=O)c1c(cc(cc1Br)Br)N,0,10.438557,0.148649
decoy,C48081283,c1cc(ccc1CNC(=O)Nc2ccc(nc2)OCC(F)(F)F)[N+](=O)[O-],0,11.811357,0.238636
decoy,C38667066,Cc1ccc(cc1NC(=O)C(=O)NC[C@@H](c2ccc(cc2)N(C)C)N3CCc4ccccc4C3)[N+](=O)[O-],0,11.658912,0.190083
decoy,C64727756,COC(=O)[C@H](CC1=c2ccccc2=[NH+]C1)NC(=O)C[C@H]3C(=O)Nc4ccccc4S3,0,12.009471,0.195652
decoy,C12183729,Cc1ccc2c(cc(=O)oc2c1)CC(=O)N3CCC4(CC[C@@H](O4)CNC(=O)c5ccccc5F)CC3,0,11.058686,0.194690
decoy,C14780903,CC(=CCc1cc2c(c(c1O)CC=C(C)C)OC[C@H](C2=O)c3ccc(cc3O)O)C,0,13.388510,0.189189
decoy,C21219479,CC[C@H](C)Oc1ccc(cc1)[C@@H]2C3=C(C[C@@H](CC3=O)c4ccc(cc4)N(C)C)Nc5ccccc5N2,0,11.955035,0.154639
decoy,C66682139,CCc1ccccc1NC(=O)CNC(=O)Nc2ccc(c(c2)C)C(=O)NC(C)C,0,11.871469,0.253012
decoy,C63814522,Cc1cc(c(n1Cc2ccccc2)C)C(=O)COC(=O)[C@H](CC3=c4ccccc4=[NH+]C3)NC(=O)C,0,10.982738,0.208791
decoy,C00844390,CC1=C([C@H](NC(=O)N1)c2ccc(cc2)Br)C(=O)OCC(Cl)(Cl)Cl,0,11.193098,0.185185
decoy,C02305295,c1cc(ccc1[C@H]2C[C@H](n3c(c(c(n3)C(=O)Nc4ccc(cc4)Cl)Cl)N2)C(F)(F)F)Cl,0,10.957105,0.200000
decoy,C12001555,C[C@@H](c1cccs1)NC(=O)c2ccc([nH]c2=O)C[NH+]3CCC(=CC3)c4ccc(cc4)F,0,12.028078,0.168675
decoy,C45844847,C[C@H]1c2ccsc2CCN1C(=O)NCc3ccc([nH+]c3)N4CCCC4,0,11.605145,0.174419
decoy,C09298511,CCOC(=O)NC(=O)c1c2c(sc1NC(=O)[C@@H]3COc4ccccc4O3)CCCCC2,0,11.398193,0.188889
decoy,C35965123,CN1C2=C([C@H](NC1=O)c3cccc(c3)[N+](=O)[O-])C(=O)N(C2)[C@H](Cc4ccccc4)C(=O)NC[C@@H]5CCCO5,0,11.154881,0.190476
decoy,C09223707,Cc1ccc(cc1)N2C3=NC(=O)[C@@H]([C@H](C3=C(N2)C)c4ccc(cc4)C#N)NC(=O)c5ccccc5,0,11.559184,0.186813
decoy,C63294388,COC(=O)[C@H](Cc1ccccc1)NC(=O)[C@@H]2CCCN(C2)C(=O)[C@H]3C=c4ccccc4=[NH+]3,0,11.540554,0.241379
decoy,C40917148,COc1cc(cc(c1OCc2ccccc2F)Br)[C@H]3C4=C(CCCC4=O)Nc5n3nnn5,0,11.192187,0.215686
decoy,C39362917,c1cc(c(c(c1)Cl)CSC2=NN[C@H](N2c3ccc(cc3)F)Cc4cc(=O)[nH]c(=O)[nH]4)F,0,11.492820,0.179245
decoy,C45513223,CCc1cccc(c1NC(=O)C[NH+]2CCC(CC2)n3c4ccccc4[nH]c3=O)CC,0,12.070951,0.207547
decoy,C08951299,Cc1ccc(cc1)S(=O)(=O)N[C@@H](C)C(=O)Oc2ccc3c(c2)oc(c(c3=O)c4ccc(cc4)F)C,0,10.038963,0.180851
decoy,C01819377,COc1ccccc1n2c(=O)c3ccccc3nc2SCc4[nH]c(=O)c5c(n4)-c6ccccc6CC57CCCCC7,0,11.240664,0.203540
decoy,C20732819,C[NH+](CCCNC(=O)C[C@@H]1C(=O)Nc2ccccc2N1)C3CCCCC3,0,11.273149,0.191919
decoy,C38685138,CCCCOc1cccc(c1)[C@@H]2c3ccc(cc3OC(=C2C#N)N)OC(=O)/C=C/c4ccc(cc4)C(C)(C)C,0,11.461685,0.238095
decoy,C01467374,CC1=C([C@H](n2c(nc(n2)c3ccco3)N1)c4ccccc4)C(=O)Nc5ccccc5,0,11.577271,0.207317
decoy,C03314425,c1cc(ccc1NC(=O)COC(=O)[C@H]2C[C@H]3C[C@@H]2C=C3)S(=O)(=O)N4CCCC4,0,11.010915,0.195402
decoy,C27023785,CCOc1cc(ccc1OC(=O)c2ccc(cc2)C)C3C(=C(NC(=C3C(=O)OCC=C)C)C)C(=O)OCC=C,0,11.087650,0.200000
decoy,C57658137,Cc1ccc(c(c1)C)NC(=O)[C@H](c2ccc3c(c2)OCCO3)O,0,11.756783,0.189189
decoy,C17130865,COc1cccc2c1o/c(=[NH+]\c3c(c4c(s3)CCCC4)C(=O)N)/c(c2)C(=O)Nc5ccc(cc5)F,0,11.855161,0.230769
decoy,C05125645,CC(=O)NC(=O)c\1cc2cc(cc(c2o/c1=N\c3ccccc3F)Cl)Cl,0,10.803642,0.192771
decoy,C39610146,c1cc2c(cc1CNC(=O)[C@@H]3CN(CC34CC[NH2+]CC4)C(=O)c5ccc(c(c5)F)C(F)(F)F)OCO2,0,10.884823,0.175439
decoy,C12770579,c1ccc(cc1)[C@@H]2c3ccsc3CCN2S(=O)(=O)c4ccc5c(c4)[nH]c(=O)[nH]5,0,11.757598,0.156250
decoy,C12452785,c1cc(ccc1C2=CC[NH+](CC2)Cc3ccc(c(=O)[nH]3)C(=O)NC4C5CC6CC(C5)CC4C6)F,0,11.841735,0.166667
decoy,C39652885,C[C@H](C(=O)N1C[C@H](C2(C1)CC[NH2+]CC2)C(=O)NCCc3ccc(cc3)Br)Oc4ccccc4,0,10.814030,0.214286
decoy,C06196796,CCOc1ccc2c(c1)cc(c(=O)[nH]2)[C@@H](c3nnnn3C4CCCCC4)[NH+]5CCCC6(C5)CCCCC6,0,11.407677,0.175000
decoy,C11716899,COc1ccc(cc1OC)C[NH+]2CCNC(=O)[C@H]2CC(=O)N3CCCC3(CC=C)CC=C,0,12.023029,0.205607
decoy,C20080057,Cc1ccc(c(c1)N2CCN(CC2)[C@H](c3cc4cc(ccc4[nH]c3=O)OC)c5nnnn5C6CCCCC6)C,0,11.107587,0.200000
decoy,C39684549,CC[C@@H](c1ccccc1)C(=O)N2C[C@H](C3(C2)CC[NH2+]CC3)C(=O)N[C@@H](C)C(C)(C)C,0,10.925525,0.175258
decoy,C64986684,Cc1ccc2c(c1)NC(=O)c3cc(c(cc3O2)N4CCN(CC4)c5ccccc5)S(=O)(=O)N(C)C,0,11.812878,0.212121
decoy,C38736223,Cc1c(sc(n1)c2cccc(c2)F)CCNC(=O)c3ccc(cc3Cl)[N+](=O)[O-],0,11.322405,0.236364
decoy,C38688537,c1ccc2c(c1)cccc2[C@@H]3c4ccc(cc4OC(=C3C#N)N)OC(=O)[C@@H]5COc6ccccc6O5,0,11.229465,0.206897
decoy,C18024420,CN(C)c1ccc(cc1)/C=N/NC(=[NH2+])S[C@H]2CC(=O)N(C2=O)c3ccc(cc3)Br,0,11.822548,0.220779
decoy,C12513300,Cc1ccc(cc1C)n2c(nnc2SCC(=O)Nc3ccccc3N4CCCC4)c5ccncc5,0,11.127841,0.201923
decoy,C12530498,c1cc(sc1)CNC(=O)CC[C@@H]2CNC(=O)[C@H]3[NH+]2C[C@H](C3)NS(=O)(=O)c4cccs4,0,11.987715,0.150000
decoy,C36249684,C#CCOC[C@@H](C[NH+](Cc1ccco1)Cc2c(noc2N3CCOCC3)c4ccc(cc4)F)O,0,11.051675,0.195876
decoy,C65460696,Cc1nccn1c2ccccc2Cn3cnc4c(c3=O)c5c(s4)CNCC5,0,11.081966,0.172727
decoy,C02912149,CCCSc1nc2c(nn1)-c3ccccc3N[C@@H](O2)c4ccc(cc4)F,0,11.923168,0.177215
decoy,C39970635,C[C@@H]1CCC[C@H](N1S(=O)(=O)c2ccc(cc2)NC(=S)N3CC[NH+](CC3)C/C=C/c4ccccc4)C,0,10.141934,0.192771
decoy,C20416402,CCn1c(nnc1S[C@H](C)C(=O)Nc2nccs2)CN(c3ccc(cc3)F)S(=O)(=O)C,0,11.655734,0.172414
decoy,C40849171,C[C@@H](CCc1ccccc1)NC(=O)CNc2c3nnc(n3c4ccccc4n2)c5ccccc5,0,12.054589,0.196078
decoy,C08820745,C=CCOc1ccccc1/C=C\2/C(=O)N/C(=N/c3ccc(cc3C(F)(F)F)Cl)/S2,0,11.770095,0.191919
decoy,C55188952,CC(C)(C)c1csc(n1)NC(=O)c2csc(n2)N,0,11.840560,0.166667
decoy,C16434014,CCCCCc1ccc(cc1)C(=O)N(CC(C)C)CC(=O)Nc2cc(nn2c3ccc(cc3)C)C(C)(C)C,0,11.085970,0.171429
decoy,C06239098,COCCn1c(nnn1)[C@@H](c2cc3cc(ccc3[nH]c2=O)OC)[NH+](Cc4ccco4)Cc5cccs5,0,11.797056,0.186275
decoy,C66612536,CCN(CC)C(=O)N1CCN(CC1)C(=O)c2csc(n2)c3ccccc3C,0,11.313798,0.195652
decoy,C38805676,CC(=O)N1CCc2c(sc(c2C(=O)N)NC(=O)c3c[nH]c4c3cccc4)C1,0,11.267000,0.169811
decoy,C14544855,c1ccc2c(c1)c(c[nH]2)[C@@H]3[C@@H]4CC=C[C@@H]4c5c(ccc(c5N3)Cl)Cl,0,11.925320,0.150538
decoy,C12450388,c1cscc1CC(=O)N(CCC2=CCCCC2)Cc3cc4cc5c(cc4[nH+]c3N6CCOCC6)OCO5,0,11.187970,0.174603
decoy,C43209070,Cc1ccc(cc1)S(=O)(=O)N(CC=C)C[C@@H]([C@@H](c2ccc(cc2)Br)[NH2+]CC=C)C(=O)[O-],0,11.776670,0.160920
decoy,C52213570,C1CCCC(CC1)(/C(=N\O)/N)C(=O)NC2CCC2,0,11.058242,0.164706
decoy,C13506740,CCOc1ccc(cc1)N([C@@H](c2cccs2)C(=O)NC3CCCC3)C(=O)CNC(=O)c4ccco4,0,10.953331,0.225806
decoy,C65319663,CCCn1c(=O)c2c(nc1SCC(=O)Nc3cccc(c3)C(=O)C)nc(s2)N4CCC(CC4)C,0,10.923413,0.247863
decoy,C60304152,c1cc(oc1)c2ccc(c(=O)[nH]2)C(=O)Nc3ccc(cc3)N4CCc5c(ccs5)C4,0,11.835889,0.185567
decoy,C39436234,CCOC(=O)[C@H]1[C@H](SC(=C1C)C)NC(=O)CSc2[nH]nc(n2)c3ccc(cc3)Cl,0,10.580023,0.188889
decoy,C62221013,Cc1ccccc1c2nc(c(o2)C)CC(=O)N3C[C@H]([NH+]([C@H](C3)C)CCCOC)C,0,10.658146,0.175824
decoy,C40859201,CC(=C)c1cccc(c1)C(C)(C)NC(=O)N/N=C\c2c[nH]c3c2cccc3,0,11.575739,0.178571
decoy,C04149389,Cc1ccccc1[C@H]2c3c(n[nH]c3OC(=C2C#N)N)C,0,11.604097,0.176471
decoy,C24351505,CC(C)(C)c1ccc(cc1)C(=O)NNC(=O)CCn2c(=O)oc(n2)c3cccs3,0,11.142550,0.186047
decoy,C35743136,CCCC(=O)OC[C@@H](C[NH+](Cc1cccc(c1)C(F)(F)F)C[C@@H]2CC(=NO2)c3ccc4c(c3)OCO4)O,0,11.356300,0.208333
decoy,C30981437,CN(C1CCCCC1)C(=O)NC[C@H]2COc3ccccc3O2,0,11.568265,0.171429
decoy,C20565412,CC(C)(C)c1nc(on1)c2ccc(c(c2)N)Cl,0,11.028230,0.164384
decoy,C12635583,CC[NH+]1CCC[C@H]1CN(Cc2cc3ccc(c(c3[nH]c2=O)C)C)C(=S)Nc4cc(ccc4C)C,0,11.500828,0.168539
decoy,C58895156,CCOc1ccc(cc1)[C@@H](CCC(=O)N/N=C\c2ccc(c(c2)CC=C)OCc3cccc4c3cccc4)O,0,11.630947,0.221053
decoy,C36296517,Cc1ccc(cc1[N-]S(=O)(=O)c2c([nH]c(=O)s2)C)N,0,11.402471,0.169811
decoy,C06341550,c1ccc(cc1)n2ccc(cc2=O)/N=C/3\CCCN3,0,10.541418,0.200000
decoy,C06979101,CCCn1c2ccc(cc2nc1SCc3cn4cccc(c4n3)C)S(=O)(=O)N,0,11.596734,0.191011
decoy,C15859307,CC1CC[NH+](CC1)[C@H](c2ccc(cc2)OC)c3c(c4ccccc4o3)NC(=O)c5ccco5,0,11.062613,0.215909
decoy,C44320726,c1ccc2c(c1)-c3ccccc3C2COC(=O)N[C@H](Cc4ccc(c(c4)[N+](=O)[O-])N5CCOCC5)C(=O)[O-],0,10.813614,0.230769
decoy,C12489038,CCC(C)(C)NC(=O)[C@@H](c1ccc(cc1)C)N(c2cc(cc(c2)C)C)C(=O)CNC(=O)c3cccs3,0,11.443605,0.184783
decoy,C27400506,C1CCC(CC1)(CNC(=O)CCN2C(=O)C3(CCCCC3)NC2=O)[NH+]4CCCCC4,0,10.857471,0.154930
decoy,C62396736,CCc1nn2c(c(nc2s1)c3cc(ccc3OC)C)CO,0,11.121351,0.185185
decoy,C64079261,C[C@H]1C[C@@H]1C(=O)NCC(=O)NC[C@@H](c2cccc(c2OC)OC)C3=c4ccccc4=[NH+]C3,0,10.753810,0.202128
decoy,C64789115,CC[NH+](CC)c1ccc(cc1)[C@H]2C/C(=C/3\C(=O)NC(=O)N(C3=O)c4cccc(c4)Cl)/NN2C(=O)C,0,11.020209,0.208791
decoy,C60042706,COc1ccc2c(c1)CCC[C@]23C(=O)N(C(=O)N3)C[C@H](C[NH+]4CCc5ccccc5C4)O,0,11.768283,0.178571
decoy,C62811450,CCCCCN(C(C)C)C(=O)c1c(c[nH]n1)N,0,10.552801,0.153846
decoy,C10751655,CCc1cccc2c1nc(s2)N(CC[NH+](C)C)C(=O)[C@H]3CCCN(C3)S(=O)(=O)c4cccs4,0,11.716331,0.192982
decoy,C38975052,Cc1ccc(cc1)/N=C/2\N[C@@H]([NH+]=C(N2)CSc3nnc(o3)c4ccncc4)N,0,11.853014,0.178571
decoy,C67039167,c1ccc2c(c1)nc(s2)CNC(=O)NNC(=O)CC3CCCCC3,0,11.849138,0.200000
decoy,C57562772,Cc1ccc(o1)[C@@H](CNC(=O)NCc2ccc([nH+]c2)N3CCCCCC3)N4CCOCC4,0,11.668303,0.192308
decoy,C08800274,CCC(=O)Nc1ccc(c(c1)C)S(=O)(=O)NC[C@H](c2ccc3c(c2)CCCN3C)[NH+]4CCCCC4,0,11.285223,0.190476
decoy,C06300982,Cc1cc(c2c(c1)cc(c(=O)[nH]2)[C@H](c3nnnn3C4CCCCC4)[NH+](C)C5CCCCC5)C,0,10.891232,0.142857
decoy,C63384059,CC(C)CCNC(=O)[C@H](CCSC)NC(=O)[C@@H]1CC2=c3ccccc3=[NH+][C@H]2[C@H]4N1C(=O)c5c4cccc5,0,10.846878,0.153846
decoy,C16038958,CC(C)Cc1ccc(cc1)C(=O)[C@@H]2[C@H]([NH+]3C=Cc4ccccc4[C@@H]3[C@]25c6ccccc6NC5=O)C(=O)C(C)(C)C,0,10.651833,0.153061
decoy,C63655351,C[C@H]1C(=c2cc(ccc2=[NH+]1)OC)CCN(Cc3cc(c(c(c3)OC)OC)OC)C(=S)NCCOC,0,11.109881,0.197531
decoy,C12605593,Cc1ccc(cc1S(=O)(=O)N2CCCCCC2)NS(=O)(=O)c3ccc4c(c3)ccc(=O)o4,0,11.826664,0.206897
decoy,C29403818,Cn1cc[nH+]c1[C@H](c2ccc(cc2)OC)Nc3cnn(c(=O)c3Cl)c4ccccc4C(=O)OC,0,11.983345,0.225806
decoy,C36955815,c1ccc(c(c1)CN2C(=O)c3cccc(c3C2=O)N)O,0,11.696183,0.200000
decoy,C21188293,Cc1ccc(o1)[C@@H](C)NS(=O)(=O)c2ccc(cc2)C#N,0,10.815150,0.169231
decoy,C19941546,Cc1cccc2c1[nH]c(=O)c(c2)[C@H](c3nnnn3C4CCCCC4)N(CCc5ccccc5)Cc6ccccc6,0,11.569659,0.182796
decoy,C20745885,COC(=O)CC[C@@H](C(=O)OC)NC(=O)N1CCc2c([nH+]c[nH]2)[C@H]1c3ccc(cc3F)F,0,11.788277,0.201835
decoy,C04571641,C[C@@H]1CCc2c(sc3c2C(=N[C@H](N3)c4ccc(cc4)C(C)C)O)C1,0,11.449061,0.144231
decoy,C64138763,C[C@@H](C1CC1)NC(=O)CS[C@@H]2NN=C(N2Cc3ccco3)C4=c5ccccc5=[NH+]C4,0,10.737709,0.185567
decoy,C06142202,CCOC(=O)c1c(c(sc1NC(=O)CCCCC(=O)Nc2c(c(c(s2)C)C)C(=O)OCC)C)C,0,11.214453,0.191781
decoy,C02247337,c1cc(cc(c1)F)/C=C/2\C(=O)N/C(=N\c3cccc(c3Cl)Cl)/S2,0,11.823078,0.183908
decoy,C36206550,CC(C)COC[C@@H](C[NH+](Cc1[nH]c(=O)c2c(csc2n1)c3ccccc3OC)C(C)C)O,0,11.421777,0.187500
decoy,C21858483,Cc1ccc(cc1)CN2C(=O)c3cc4ccccc4n3C[C@@]2(C)C(=O)NCCC(C)C,0,10.892788,0.191011
decoy,C43615923,CCOC(=O)[C@H](C)C[S@@](=O)c1ccc(cc1)C(C)(C)C,0,11.401933,0.183099
decoy,C50896052,Cc1nc([nH]n1)c2ccc(cc2)NC(=O)c3cc(ccc3NC(=O)[C@H]4C[C@H]4C)F,0,10.391237,0.241379
decoy,C52094583,CC[NH2+][C@@H](c1ccc(s1)Br)c2cc3c(cc2Br)[nH]c(=O)[nH]3,0,11.934166,0.144928
decoy,C35679220,c1cc(sc1CC[NH3+])S(=O)(=O)[N-]c2cc(c(cc2Cl)Cl)Cl,0,11.481299,0.178947
decoy,C18222265,Cc1ccccc1[C@H]2CC3=C(C(=Nc4ccccc4N3)C)C(=O)C2,0,12.181719,0.162162
decoy,C13811119,CCOc1ccc(cc1)[C@@H]2C3=C(c4ccccc4O2)N=C5[NH+]=CNN5[C@H]3c6ccc(c(c6)OC)OCC,0,11.906847,0.210526
decoy,C12698138,C=CCn1c(=O)c2ccc(cc2[nH]c1=S)C(=O)NNC(=O)c3cc4c(s3)CCCCCC4,0,11.848984,0.168421
decoy,C15722843,CCOc1ccc(cc1)NS(=O)(=O)c2ccc(cc2)N/C=C\3/C(=O)NC(=O)N(C3=O)c4ccccc4,0,12.062181,0.222222
decoy,C36278095,C[C@H]1CCc2c(sc3c2c(nc(n3)Cl)NC[C@H](C)O)C1,0,11.580917,0.170000
decoy,C05709868,C[C@@H](C12CC3CC(C1)CC(C3)C2)NC(=O)COC(=O)c4ccc(c(c4)[N+](=O)[O-])N,0,11.574100,0.171053
decoy,C37359341,Cn1c(c2c(nc(nc2n1)N3CC[NH+](CC3)CC(=O)N4CCOCC4)c5ccc(cc5)C(F)(F)F)N,0,10.771862,0.203883
decoy,C35842497,CC(C)(C)c1ccc(cc1)CN(CCc2c[nH]c3c2cccc3)C(=O)CN(CCCOC)C(=O)C4CCCC4,0,11.819807,0.193182
decoy,C36500605,c1cc(c(c(c1)O)C(=O)N(Cc2ccco2)[C@H](c3ccc(cc3)[N+](=O)[O-])C(=O)NC4CCCCC4)O,0,11.083516,0.229885
decoy,C17306239,Cc1cc(cc(c1C)NC(=O)C[NH+](C)[C@@H](C)c2ccc(cc2)n3cncn3)S(=O)(=O)N,0,11.700563,0.161290
decoy,C35968370,CC(C)[C@@H](C(=O)NCc1ccco1)N2CC3=C(C2=O)[C@@H](NC(=O)N3C)c4cccc(c4)Oc5ccccc5,0,10.941251,0.241379
decoy,C15547317,CC[C@@H]1c2ccsc2CC[NH+]1CC(=O)N(CC(C)C)c3c(n(c(=O)[nH]c3=O)Cc4ccccc4)N,0,11.915599,0.185567
decoy,C04272979,c1ccc(cc1)COC(=O)NC[C@H](c2ccco2)[NH+]3CCN(CC3)c4ccc(cc4)F,0,10.901748,0.224490
decoy,C66600228,CC1(CCCC1)CNC(=O)NCC(=O)NC2CC2,0,11.461652,0.174419
decoy,C36504751,CC(C)(C)CC(C)(C)NC(=O)[C@@H](c1cccc(c1)O)N(Cc2ccco2)C(=O)c3cccc(c3)[N+](=O)[O-],0,10.821988,0.230769
decoy,C14731859,c1cc(ccc1c2cnc(o2)CCC(=O)Nc3ccc(cc3)S(=O)(=O)Nc4nccs4)Cl,0,11.785995,0.215909
decoy,C39362574,CCOc1ccc(cc1)N2[C@@H](NN=C2SCC(=O)NC[C@H]3CCCO3)Cc4cc(=O)[nH]c(=O)[nH]4,0,11.579725,0.186275
decoy,C64600382,CC[C@H]1CC2=c3ccccc3=[NH+][C@@H]2[C@@H](N1)[C@@H]4C(=N[C@@H](N(C4=O)Cc5ccc(cc5)OC)O)O,0,11.529353,0.186047
decoy,C45340108,c1cc(ccc1C(c2ccc(cc2)F)c3nc(c(s3)CC(=O)[O-])c4ccc(nc4)N)F,0,11.338526,0.202899
decoy,C34786861,Cc1cc(n(n1)c2nc(c3c4c(sc3n2)CCC4)N(Nc5ccccc5)Nc6ccccc6)C,0,11.889363,0.236111
decoy,C22680499,CCCn1c2ccccc2n(c1=O)CC(=O)NC[C@@H](c3ccccc3OC)[NH+]4CCCC4,0,11.639691,0.196078
decoy,C13063805,CC[C@H](c1nnnn1C2CCCC2)[NH+](Cc3ccc(cc3)F)Cc4cc5ccc(cc5[nH]c4=O)C,0,11.356309,0.184874
decoy,C04787575,Cc1ccc(cc1)N2CCN(C[C@@H]2C)S(=O)(=O)c3ccc4c(c3)CCC(=O)N4,0,10.806389,0.157895
decoy,C18142675,COc1ccc(cc1OC)[C@@H]2CC3=C([C@@H](Nc4ccccc4N3)c5cc(c(c(c5)OC)OC)OC)C(=O)C2,0,11.637772,0.209877
decoy,C19632603,c1ccc2c(c1)[nH]c(=O)n2CCC[NH+]3CCC(CC3)n4c5ccc(cc5[nH]c4=O)Cl,0,11.831351,0.197802
decoy,C35052796,Cc1cc(oc-2c/c(=[NH+]\C(=O)[C@@H]3[C@H]4[C@@H]([C@@H]5[C@@H](O3)OC(O5)(C)C)OC(O4)(C)C)/ccc12)O,0,11.152882,0.132075
decoy,C24702294,CC[C@@]1(C(=O)N(C(=O)N1)CCCN2C(=O)c3ccccc3C2=O)c4ccc(cc4)F,0,10.994452,0.194030
decoy,C16828578,C[C@H](C(=O)NCC(C)C)Sc1nc2ccccc2c(=O)n1CCc3ccc(cc3)S(=O)(=O)N,0,10.786637,0.202381
decoy,C12818616,CC[NH+](CC(=O)Nc1ccc(cc1)NC(=O)C)[C@@H](C)c2[nH]c(=O)c3c(csc3n2)c4cccs4,0,11.975291,0.175000
decoy,C39637499,C[C@@H]1CCC[C@H]([C@@H]1C)NC(=O)[C@@H]2CN(CC23CC[NH2+]CC3)C(=O)CCc4ccc(cc4)OC,0,10.554996,0.222222
decoy,C06996470,CCCCn1c2ccc(cc2nc1C[NH2+][C@@H](C)c3ccccc3Cl)S(=O)(=O)N,0,11.416636,0.220930
decoy,C52882435,C[C@@](c1ccccc1)(C(=O)N2CCN(CC2)S(=O)(=O)N)N,0,10.828057,0.205128
decoy,C59270412,c1cc2c(cc1C(=O)/C=C/c3cc4c(c(c3)Cl)OCO4)CCC(=O)N2,0,10.793045,0.153846
decoy,C08739132,c1cc(ccc1c2c3c(n[nH]2)CCN(C3)C(=O)c4ccc(o4)Br)F,0,11.307293,0.223684
decoy,C20836866,C/C(=N\Nc1[nH]nc(n1)SCC(=O)NNC(=O)C(F)(F)F)/c2ccc(cc2)N,0,10.686970,0.166667
decoy,C65623770,Cc1ccc(cc1S(=O)(=O)N)C(=O)NNC(=O)NCCc2cccs2,0,11.682118,0.207547
decoy,C53650699,CCOC(=O)N[C@H](C(C)C)C(=O)Nc1nc(c(s1)SCC#N)C,0,11.025383,0.188889
decoy,C35955858,C[C@@H]1C[C@@H]2[C@H]([NH+]=C([NH+]=C2/C(=C/c3cc(c(c(c3)OC)OC)OC)/C1)[S-])c4cc(c(c(c4)OC)OC)OC,0,11.027812,0.186047
decoy,C43223661,Cc1c(cc(n1CCc2ccccc2Cl)c3cccc(c3)[N+](=O)[O-])C(=O)N,0,11.703591,0.259259
decoy,C67408012,Cc1ccsc1C(=O)NNC(=O)NC[C@@]2(CCC[C@H](C2)C)[NH+](C)C,0,11.720675,0.178082
decoy,C33170602,Cc1ccc(cc1S(=O)(=O)NCc2ccc(o2)C)/C=C\c3c(c(no3)C)NC(=O)C,0,10.479380,0.179775
decoy,C64760757,Cc1ccc(c(c1)C)NC(=O)c2cc(n3c(n2)ccn3)C(C)C,0,10.914395,0.204301
decoy,C07357107,c1ccc(c(c1)c2nnc(o2)SCc3nc(no3)c4ccsc4)F,0,11.849239,0.138889
decoy,C35667416,Cc1ccc(cc1)n\2cc([nH]/c2=N\C(=O)C[NH2+]C[C@@H]3CCCO3)c4ccc(cc4)OC,0,11.560372,0.220930
decoy,C24943432,C[C@H]1CCC[C@@H]([C@H]1C)n2c(=O)c3ccc(cc3[nH]c2=O)C(=O)OC,0,11.070194,0.189474
decoy,C12369314,COCCCNC(=S)Nc1ccc([nH+]c1)N2CCN(CC2)c3ccc(c[nH+]3)C(F)(F)F,0,11.031053,0.191489
decoy,C38551101,CCOc1ccc(cc1)[C@@H](c2c3c(sc2NC(=O)c4ccco4)CCCC3)Nc5cccc([nH+]5)C,0,11.197743,0.208333
decoy,C39589308,C[C@@H]1CCCC[C@@H]1NC(=O)[C@@H](C)OC(=O)c2cccc(c2)S(=O)(=O)N3CCCCCC3,0,11.819767,0.207921
decoy,C15957033,C[C@@]12CCC(=O)C=C1CC[C@@H]3[C@@H]2CC[C@]4([C@@H]3CC[C@]4(C(=O)COC(=O)CCC(=O)NCc5ccccn5)O)C,0,11.062627,0.190476
decoy,C66586627,CCc1ccc(s1)[C@@H]2Nc3ccc(cc3C(=O)N2)Cl,0,11.529382,0.184615
decoy,C08757693,c1ccc(cc1)N/C(=C\2/C(=O)NC(=O)N(C2=O)c3ccc(cc3)Br)/NCc4ccccc4C(F)(F)F,0,11.216812,0.215385
decoy,C27668439,COc1ccc(cc1)[C@@H](CNC(=O)CNC(=O)c2ccc(o2)Br)[NH+]3CCCCC3,0,10.816547,0.253521
decoy,C47359904,C[C@]1(C(=O)N(C(=O)N1)Cc2cccc(c2)C(=O)N)c3ccc(cc3)C(F)(F)F,0,10.622286,0.223684
decoy,C67497298,Cc1cc(c2c(c1)N(CCC2)C(=O)C(=O)NCc3ccc[nH+]c3N(C)C)C,0,11.902665,0.175439
decoy,C38627249,Cc1ccc2=[NH+][C@@H](C(=c2c1)NC(=O)[C@@H]3CC=CC[C@@H]3Cc4ccccc4)C(=O)OC,0,11.426771,0.223529
decoy,C16113069,COC(=O)[C@@H]1CCCN(C1)S(=O)(=O)c2ccc(cc2)NC(=O)CCCc3c[nH]c4c3cccc4,0,11.095734,0.203704
decoy,C00657073,Cc1ccc(cc1)CNC(=O)CN(c2c(n(n(c2=O)c3ccccc3)C)C)S(=O)(=O)c4ccccc4,0,10.833114,0.172414
decoy,C08788932,CCCN1CC(=O)N2C[C@@H](c3c4ccccc4[nH]c3[C@]2(C1=O)C)c5ccc(c(c5)OCC)OCCC,0,10.544660,0.227723
decoy,C63234621,COc1cccc(c1OC)[C@@H](C[NH2+]C[C@H](CO[C@@H]2CCCc3c2cccc3)O)C4=c5ccccc5=[NH+]C4,0,11.018652,0.222222
decoy,C36569684,COc1ccc(c(c1)F)[C@@H]2c3c([nH]c[nH+]3)CCN2C(=O)N[C@H](CCSC)C(=O)OC,0,11.707891,0.206186
decoy,C13063751,CCc1ccc2c(c1)cc(c(=O)[nH]2)C[NH+](Cc3cccs3)[C@@H](CC)c4nnnn4Cc5ccco5,0,11.368872,0.161765
decoy,C36000344,Cc1c2c(nc(nc2n(n1)c3ccccc3Cl)C)NCCNC(=O)c4ccc(cc4)C(F)(F)F,0,10.838942,0.224490
decoy,C10613191,CC(C)(C)NC(=O)CSc1[nH]c(=O)c2cnn(c2n1)c3ccc(cc3)Cl,0,11.269363,0.200000
decoy,C35965104,CCN1C2=C([C@H](NC1=O)c3cccc(c3)C)C(=O)N(C2)[C@H](c4ccccc4)C(=O)NC5CC5,0,10.968657,0.191011
decoy,C53457964,CC(C)(C(=O)N(C)Cc1ccc(cc1)C#N)NC(=O)NC,0,11.808876,0.190476
decoy,C59351815,CC[C@H](c1ccc(cc1)C)NC(=O)[C@@H](CC)Oc2ccc(cc2)C(C)(C)C,0,11.728769,0.196970
decoy,C31158241,CC(C)([C@H]1Cc2c(cc3c(c2OC)c(=O)cc(o3)CO[C@H]4[C@@H]([C@H]([C@@H]([C@H](O4)CO)O)O)O)O1)O,0,9.623209,0.145631
decoy,C59402847,c1ccc(cc1)[C@@H]2c3cccn3CCN2CC(=O)Nc4c(c5c(s4)CCCC5)C#N,0,11.490208,0.200000
decoy,C09406356,Cc1ccc(cc1)c2cn3c4ccc(cc4sc3n2)C(=O)NCCC[NH+]5CCCC[C@H]5C,0,11.717749,0.196581
decoy,C39672682,Cc1cc(c(c(c1C)S(=O)(=O)N2CCC(CC2)C(=O)Nc3nc(cs3)C4=NC=CC4)C)C,0,11.343801,0.210000
decoy,C05444699,CCOc1ccc2ccc(c(c2c1)[C@@H]3c4c(n[nH]c4OC(=C3C#N)N)C)OCC,0,11.632879,0.243902
decoy,C58689736,CCCn1c2ccc(cc2nc1CCC(=O)NCc3ccc(cc3C)C)S(=O)(=O)N4CCCC4,0,11.755988,0.235849
decoy,C04042275,c1cc(ccc1c2ccc(cc2)N[C@@H]3C[C@@H]([C@@H](O3)CO)O)N[C@@H]4C[C@H]([C@@H](O4)CO)O,0,11.123336,0.169014
decoy,C63786510,CC(=O)Nc1ccccc1OC[C@@H]2N[C@@H](ON2)C(=O)NCCC3=c4cc(ccc4=[NH+]C3)F,0,10.538384,0.201754
decoy,C36826193,Cc1cccc(c1S(=O)(=O)N2CCC[C@H]3[C@@H]2CCCC3)N,0,11.133634,0.192308
decoy,C45970098,c1cc(ccc1c2nnc(o2)SCC(=O)NNc3ccc(cc3)F)Cl,0,11.908770,0.219512
decoy,C25337000,Cc1ccc(cc1)c2csc(n2)/C(=C/3\CCCCCN3)/C#N,0,11.320563,0.159420
decoy,C09033500,Cc1cc(c(c(c1CC[C@@](C)(C#C[C@@H]2c3c(cc4c(c3OC)OCO4)CC[NH+]2C)O)C)C)OC,0,10.843148,0.173077
decoy,C54068011,Cc1ccccc1C(=O)NNC(=O)N[C@@H](C)c2ccc(cc2F)F,0,11.929147,0.197368
decoy,C06523255,C[C@@H]1CCc2c(c(no2)C(=O)N[C@H]3CCCC[C@@H]3C)C1,0,11.753481,0.147368
decoy,C05409187,c1cc(cc(c1)Cl)[C@H]2[C@@H]3C(=NN=C3OC(=C2C#N)N)c4cccs4,0,11.855271,0.202703
decoy,C42107858,Cc1ccc(c2c1[C@H](C(=O)N2)[NH2+]Cc3ccc(s3)Br)C,0,11.677446,0.130435
decoy,C14551879,CSc1ccc(cc1)[C@@H]2[C@H]3CC=C[C@@H]3c4c(ccc(c4N2)F)[N+](=O)[O-],0,11.193354,0.126214
decoy,C60211590,CC[NH+](CC)Cc1ccc(o1)C(=O)NNC(=O)[C@@H]2CCCN2S(=O)(=O)c3ccc(cc3)F,0,11.739765,0.215686
decoy,C47438959,Cc1ccc(cc1)n2c(nnc2SCc3cccc(c3)C(=O)N)N4CCCCC4,0,10.945726,0.200000
decoy,C05678345,C[C@@H]1CCCC[C@H]1NC(=O)NC(=O)CSc2[nH]nc(n2)c3ccccc3F,0,11.747063,0.203883
decoy,C15979940,CC(C)[NH+](CCN\1C(=O)/C(=C/c2ccc(cc2)OC(F)F)/S/C1=N\c3ccc(cc3)OC)C(C)C,0,10.728153,0.179487
decoy,C01973074,Cc1cccc(c1)CSc2[nH]c(=O)c3c4c(sc3n2)C[C@H](CC4)C,0,11.401859,0.214286
decoy,C10694018,C[C@@H]1CCCC[C@@]12C(=O)N(C(=O)N2)CC(=O)OCC(=O)Nc3ccccc3C(=O)c4ccccc4,0,10.867321,0.222222
decoy,C65500600,c1ccc(cc1)[C@H]2[C@H]([NH+](CN2)C[C@@H]3C4=C(CCC4)N=N3)[C@@H]5CCOC5,0,11.542704,0.175258
decoy,C21078398,Cc1c(cccc1Cl)NC(=O)CSc2nc([nH]n2)N/N=C/c3cccc(c3Cl)Cl,0,11.804560,0.210000
decoy,C49404484,Cc1ccc(cc1)S(=O)(=O)N2CCCC[C@H]2CCNS(=O)(=O)Cc3ccc(cc3)F,0,11.057596,0.193878
decoy,C39683321,CC(C)COCCCNC(=O)[C@@H]1CN(CC12CC[NH2+]CC2)C(=O)c3cc(ccc3OC)OC,0,10.933987,0.198198
decoy,C52566261,Cc1cc(oc1C)[C@H]2c3cc(ccc3NC2=O)c4cc(cnc4)OC[C@H](CC5=c6ccccc6=[NH+]C5)[NH3+],0,12.071042,0.163636
decoy,C16699338,Cc1cccc(c1C)NC(=O)NC(=O)COC(=O)C2=Cc3cc(ccc3OC2)Cl,0,11.680653,0.202020
decoy,C39737875,Cc1c(c([nH]c1C(=O)[C@@H](C)S[C@@H]2NN=C(N2c3ccc(cc3)F)c4cc[nH+]cc4)C)C(=O)C,0,10.457786,0.172840
decoy,C64503204,Cc1ccccc1C2=NO[C@H](N2)[C@@H]3C=C(N=N3)c4ccc(cc4)C(C)C,0,11.485668,0.157895
decoy,C15839178,CC1(Cc2ccccc2-c3c1c(=O)n4c(n3)n(nc4SC)CC(=O)NCCc5ccccc5)C,0,10.601483,0.220930
decoy,C02217822,CCOC(=O)C1=c2n(c(=O)/c(=C/c3ccc(cc3)F)/s2)C(=C([C@H]1c4ccc(cc4)F)C(=O)OCC)N,0,11.934785,0.195402
decoy,C07098942,c1ccc2c(c1)ccc3c2N[C@@H]([C@@H]4[C@@H]3C=CC4)c5ccccc5[N+](=O)[O-],0,11.206145,0.164384
decoy,C09909542,c1cc(ccc1C(=O)N[C@H](C(=O)Nc2nccs2)C34CC5CC(C3)CC(C5)C4)Cl,0,11.569895,0.178571
decoy,C09060294,Cc1c2cc(c(cc2oc(=O)c1CC(=O)NCCc3c[nH+]c[nH]3)OCC(=C)C)Cl,0,11.333518,0.176471
decoy,C13506004,Cc1ccc(o1)[C@@H](C(=O)NC2CCCC2)N(Cc3ccccc3)C(=O)CNC(=O)c4cccs4,0,10.878723,0.195652
decoy,C36493405,CCCCC(=O)N(C1CCCCC1)[C@@H](c2ccc(cc2C)C)C(=O)NCS(=O)(=O)c3ccc(cc3)C,0,11.053001,0.175824
decoy,C09330119,CCCN1c2ccccc2[C@]3(C1=O)/C(=C(/c4cc5ccccc5o4)\O)/C(=O)C(=O)N3CC[NH+]6CCOCC6,0,11.009310,0.181818
decoy,C36895226,C[C@H]1C[C@@]2(CC(C1)(C)C)C(=O)N(C(=O)N2)CC(=O)NNC(=O)c3cccc(c3)Cl,0,10.850286,0.247059
decoy,C66938957,c1cc(ccc1[C@@H](C(=O)N)NNC(=O)c2cc3c(s2)CCCCC3)F,0,11.788411,0.178571
decoy,C59006590,CCOC(=O)c1c2c(sc1NC(=O)CSc3nc([nH]n3)N/N=C/c4c[nH]c5c4cccc5)CCC2,0,11.741159,0.185841
decoy,C13271888,Cc1cc(c(n1c2cc(on2)C)C)C(=O)CSc3nnc(n3[C@@H](C(C)C)C(=O)[O-])c4cccs4,0,10.437976,0.149533
decoy,C23038235,CCC[NH+](Cc1nc(c2c3c(sc2n1)CCCCC3)N)CC(=O)Nc4ccccc4C,0,11.712344,0.182927
decoy,C39575892,c1ccc2c(c1)[nH]c(n2)CSC3=NN[C@@H](N3c4ccc(cc4)Br)c5cccnc5,0,11.837507,0.178082
decoy,C39988952,c1ccc(cc1)C2=c3cc(ccc3=[NH+]C(=O)[C@H]2C4=NN([C@H](C4)c5ccco5)C(=O)c6ccccc6F)Cl,0,11.136011,0.182692
decoy,C39630742,CC(C)(CNC(=O)[C@@H]1CN(CC12CC[NH2+]CC2)C(=O)Cc3ccc(cc3)Cl)C[NH+](C)C,0,10.723225,0.172727
decoy,C02425481,CCSc1nc(c2c3c(sc2n1)COC(C3)(C)C)N4CCOCC4,0,10.275988,0.166667
decoy,C04544520,CCOc1ccc(cc1)/N=C\2/NC(=O)/C(=C\c3ccc(cc3)OCC(=O)N)/S2,0,11.783493,0.228571
decoy,C07530510,Cc1cc(n(n1)c2nnc(n2N)SCC(=O)N[C@@H](C)C34CC5CC(C3)CC(C5)C4)C,0,10.608223,0.159091
decoy,C08939355,Cc1cc(c(c(c1C)C)C)C(=O)CN2C(=O)[C@]3(CCCC[C@@H]3C)NC2=O,0,11.517501,0.160920
decoy,C33260170,CC[C@@H]1CCCC[NH+]1CCNC(=O)C2CCN(CC2)c3ccc4nnc(n4n3)c5ccc(cc5)Cl,0,11.173773,0.203704
decoy,C08757822,CCn1cc(c2c1cccc2)/C=C(/C(=O)NCCc3c[nH]c4c3cc(cc4)OC)\NC(=O)c5ccccc5OC,0,11.445940,0.207921
decoy,C13249209,c1cc(c(c(c1)Cl)S(=O)(=O)Nc2ccc(cc2)NC(=O)[C@@H]3CC=CC[C@@H]3C(=O)[O-])Cl,0,12.143412,0.225352
decoy,C01432612,CC1(CC2=C([C@H]([NH+]=C(N2)Nc3nc4ccccc4o3)c5ccc(cc5)F)C(=O)C1)C,0,11.546278,0.190476
decoy,C39665907,Cc1ccc(cc1)O[C@H](C)CNC(=O)[C@H]2CN(CC23CC[NH2+]CC3)C(=O)c4ccccc4F,0,10.707159,0.180851
decoy,C29145134,C[C@H](c1nnc(n1c2ccc(cc2)F)S[C@H](C)C(=O)NC(=O)Nc3ccccc3)[NH+](C)C,0,11.605864,0.188889
decoy,C56955949,C[C@@H]1C=CC2=CCC[C@H]([C@@H]2[C@@H]1CC[C@@H]3C[C@@H](CC(=O)O3)O)[C@@H](C)[C@@H](C)C(=O)[O-],0,10.925525,0.135135
decoy,C66596765,Cc1ccc(c(c1)C)C[C@H](C)NC(=O)NC2CC[NH+](CC2)CC(=O)NC,0,11.912408,0.180000
decoy,C43763814,C[C@@]12CCCC([C@H]1[C@@H](C[C@]3([C@H]2C(=O)C[C@@](O3)(C)C=C)C)O)(C)C,0,11.027044,0.126316
decoy,C39726998,c1ccc(cc1)N2C(=O)[C@@H]([C@H](C=N2)N3CC[NH+](CC3)CC(=O)NCCc4c[nH]c5c4cccc5)Cl,0,11.206692,0.178947
decoy,C20906152,CCOc1ccc2c(c1)sc(n2)NC(=O)CSc3nc([nH]n3)N/N=C/c4ccc(cc4)C(=O)OC,0,11.772162,0.182692
decoy,C41585202,Cc1cc(=O)oc2c1cc(c(c2C[NH+]3CCN(CC3)c4ccccc4)O)CCC(=O)OC(C)C,0,11.063962,0.191489
decoy,C19221074,Cc1ccc2c(c1)cc(c(=O)[nH]2)C[NH+](Cc3ccc4c(c3)OCO4)Cc5nnnn5Cc6ccco6,0,11.273088,0.164179
decoy,C01882150,CCOc1ccc(cc1)n2c(nnc2SCC(=O)N/N=C/c3ccc(c(c3)[N+](=O)[O-])Cl)c4ccc(cc4)Cl,0,12.218429,0.232323
decoy,C36026270,CC[C@@H](C)CN1C(=O)[C@@H]([NH2+]C12CCN(CC2)C(=O)c3cccs3)C,0,10.762073,0.164706
decoy,C10338932,Cc1c(c2[nH]c(cc(=O)n2n1)CSc3nnc(s3)N)c4ccc(cc4)Br,0,11.050663,0.164557
decoy,C67538413,CCOc1cc2c(cc1NC(=O)N[C@H](C)C(=O)N3CCCC[C@@H]3C)O[C@@H](C2)C,0,10.678475,0.229358
decoy,C36205601,CCCC(=O)OC[C@@H](C[NH+](CCOC)Cc1[nH]c(=O)c2c(csc2n1)c3ccc(cc3)C)O,0,11.773108,0.156863
decoy,C16747960,c1cc2c(cc1S(=O)(=O)N)CCN2C(=O)COC(=O)c3cc(cc(c3)Cl)Cl,0,10.868444,0.212500
decoy,C65974415,c1c2c(cc(c1S(=O)(=O)N3CC4C[C@H]5C[C@@H](C4)CC3C5)F)NC(=O)CC2,0,11.327449,0.142857
decoy,C03010976,COc1ccc(c(c1)NC(=O)C2=CC3=[NH+][C@@H](C[C@@H](N3N2)C(F)(F)F)c4ccc(c(c4)OC)OC)OC,0,11.140537,0.222222
decoy,C01876719,Cc1c2c(n(n1)c3ccccc3)N=C4C(=Nc5ccccc5N4[C@H]2c6cccc(c6)[N+](=O)[O-])Nc7ccc(cc7)Cl,0,11.602108,0.184783
decoy,C08793530,Cc1ccc(c(c1)C)NC(=O)CSc2nnc(n2C3CCCCC3)CNC(=O)C45CC6CC(C4)CC(C6)C5,0,10.536664,0.178571
decoy,C35575223,CCOC(=O)CNC(=O)N(C)Cc1c2c(n(n1)c3ccc(cc3)C)CC[NH+](C2)Cc4ccc(cc4)F,0,11.774321,0.178218
decoy,C09190779,c1ccc(cc1)C(=O)c2ccc3c(c2)[nH]c(n3)SCC(=O)N,0,11.043365,0.263889
decoy,C08345956,c1ccc(cc1)c2c3cc(cnn3c(=S)[nH]2)C(=O)c4ccccc4O,0,11.463832,0.209677
decoy,C14752379,COc1cccc(c1C[NH+]2CCc3c(cc(c(=O)n3CC4CC4)c5cccc(c5)n6cccn6)C2)O,0,11.824221,0.220000
decoy,C18363530,Cc1c(c([nH]c1C(=O)[C@H](C)OC(=O)c2ccc(cc2)S(=O)(=O)N3CCCC[C@@H]3C)C)C(=O)C,0,10.461552,0.191011
decoy,C64220444,c1ccc2=[NH+]CC(=c2c1)C[C@@H](C(=O)NCC3=CN4CC=CC=C4N3)NC(=O)c5cccs5,0,11.726556,0.165049
decoy,C14992541,COc1cccc(c1OC)C[NH+]2CCOc3ccc(cc3C2)C4(CCN(CC4)c5ccccc5F)O,0,10.770335,0.208791
decoy,C28958909,CCC[NH+](CC(=O)Nc1ccccc1N2CCCC2=O)CC(=O)Nc3ccc(cc3Cl)Cl,0,11.608497,0.209091
decoy,C02381558,c1ccc2c(c1)c(c[nH]2)/C=N/n3c(c(c4c3nc5ccccc5n4)C(=O)NC6CCCCC6)N,0,11.936333,0.209524
decoy,C06420271,COc1cc(cc(c1O)OC)[C@@H]2c3c(=O)[nH]c(nc3NC4=C2C(=O)CCC4)SC,0,11.874392,0.187500
decoy,C05516548,Cc1ccc2c(c1)C3=C([C@H](O2)c4cccc(c4)F)[C@H](N5C(=N3)NC=N5)c6cccnc6,0,11.797020,0.184783
decoy,C33057848,Cc1c2c(c(n(n2)c3ccccc3)n4cccc4)c(=O)n(n1)[C@@H](C)C(=O)Nc5ccccc5Cl,0,11.176485,0.193878
decoy,C20683096,CN(C1CCCCC1)S(=O)(=O)c2ccc3c(c2)[C@@H]4C=CC[C@H]4[C@@H](N3)c5cc(c(c(c5)OC)OC)OC,0,11.355892,0.157407
decoy,C12503373,Cc1cc(ccc1OCC(=O)NC(=S)NNC(=O)c2ccc(cc2Cl)Cl)Cl,0,10.885383,0.225000
decoy,C63780723,COc1ccc(cc1)[C@H]([C@H](C(=O)C2=c3ccccc3=[NH+]C2)O)N4CCN(CC4)c5ccc(cc5)OC,0,11.101288,0.186667
decoy,C64813635,CC1=C(C(=O)N2[C@H](N1CC=C)NC(=N2)c3ccccc3)CC(=O)NC4[NH+]=c5ccccc5=[NH+]4,0,11.771526,0.193548
decoy,C24176155,Cc1ccc(cc1C)[C@H](C)NC(=O)CSc2c3c(nc(n2)C(C)(C)C)n(c(=O)n(c3=O)C)C,0,10.988018,0.164835
decoy,C64870468,COc1ccccc1Cn2c(=O)c3ccc(cc3[nH]c2=O)[C@H]4N[C@@H](NO4)c5ccc6c(c5)OCO6,0,11.817373,0.225490
decoy,C00659131,CCc1ccccc1NC(=O)c2cc3n(n2)[C@H](C[C@H](N3)c4ccc5c(c4)OCO5)C(F)(F)F,0,11.039614,0.203883
decoy,C49683162,Cc1cc(ccc1NC(=O)c2cc(n(n2)[C@H]3CCS(=O)(=O)C3)C)Cl,0,12.305901,0.211111
decoy,C36969328,C[C@H]1CCCC[C@H]1Nc2ccc3c(c2)NC(=O)[C@@H](O3)C,0,10.732764,0.178571
decoy,C39653538,CCOc1cc(ccc1OC)CCNC(=O)[C@H]2CN(CC23CC[NH2+]CC3)C(=O)CCc4ccc(cc4)OC,0,11.022966,0.201923
decoy,C34900499,Cc1ccccc1C(=O)N[C@@H]2CCCC[C@@H]2NC(=O)[C@@H]3CCCN(C3)C(=O)C4CCCC4,0,11.622972,0.212766
decoy,C35060083,CC[C@H](c1nc2ccccc2c(=O)n1CCOC)N(CCC(C)C)C(=O)Nc3ccccc3Br,0,12.561370,0.228916
decoy,C14158141,Cc1cc(nc(n1)N/C(=N/C(=S)Nc2ccc(cc2)C(F)(F)F)/NCCc3c[nH]c4c3cccc4)C,0,11.764520,0.190476
decoy,C12628161,CN(C)S(=O)(=O)c1ccc2c(c1)nc([nH]2)C[NH+]3CCCCC[C@H]3c4ccc(cc4)OC,0,11.606765,0.200000
decoy,C12859605,CC[C@@]1(C(=O)N(C(=O)N1)NC(=O)NC(C)(C)c2cccc(c2)C(=C)C)C,0,11.039648,0.186047
decoy,C35777327,Cc1c(c(n(n1)c2ccccc2)Oc3ccccc3OC)C[NH+](C[C@H]4CCCO4)C[C@@H](COC(C)C)O,0,11.631959,0.177570
decoy,C35548338,CC(C)[C@@H](C[NH+](Cc1c2c(n(n1)c3ccccc3)CCN(C2)Cc4ccccc4F)CC5CC5)O,0,11.718033,0.182692
decoy,C04331863,CN(C)c1ccc(cc1)N2[C@H](Nc3ccccc3C2=O)c4cccc(c4)[N+](=O)[O-],0,11.454123,0.197368
decoy,C12913493,CC(C)[C@H](c1ccc2c(c1)OCCCO2)[NH2+]Cc3csc(n3)c4ccc(c(c4)OC)OC,0,11.484191,0.179775
decoy,C60199737,Cc1cccc(c1)C(=O)N[C@@H](C(C)C)C(=O)N[C@H](C)c2[nH]cc([nH+]2)c3ccccc3,0,10.650703,0.205128
decoy,C65170511,c1ccc2c(c1)CC[NH+](C2)C[C@H](CN3C(=O)C4(CCCCCCC4)NC3=O)O,0,11.447428,0.180556
decoy,C11289143,c1cc(c(cc1[N+](=O)[O-])Cl)NC(=O)COC(=O)CC23C[C@@H]4C[C@H](C2)CC(C4)(C3)Br,0,11.239939,0.180851
decoy,C15280264,CCn1c2ccc(cc2nc1SCC(=O)N(C)[C@@H]3CCS(=O)(=O)C3)S(=O)(=O)N(CC)CC,0,11.455150,0.181818
decoy,C06300602,Cc1cc(c2c(c1)cc(c(=O)[nH]2)[C@@H](c3nnnn3C(C)(C)C)[NH+](Cc4ccccc4Cl)Cc5ccco5)C,0,11.202306,0.166667
decoy,C24986464,c1ccc(cc1)C[C@H](C(=O)N2CCC3(CC2)c4c([nH]c[nH+]4)CCN3)NC(=O)Cc5ccccc5,0,11.608077,0.187500
decoy,C14940651,Cc1c(c(n(n1)c2ccccc2)Cl)C(=O)NNC(=O)c3cc4c(s3)CCCCC4,0,11.134406,0.212121
decoy,C62042164,Cc1cccn2c1[nH+]c(c2CC(=O)Nc3ccc(c(c3F)F)F)c4ccc(c(c4)C)C,0,10.389894,0.180723
decoy,C09722403,c1ccc2c(c1)[nH]c(=O)n2C3CC[NH+](CC3)CC(=O)NN4C(=O)C5(CCCCC5)NC4=O,0,11.098524,0.170213
decoy,C35397824,c1ccc(cc1)S(=O)(=O)[N-]c2cc(c([nH+]c2)N3CCC[C@@H](C3)C[NH+]4CCCC4)C(=O)[O-],0,11.088850,0.178218
decoy,C21852964,CCc1ccc(cc1)c2cc3n(n2)C[C@@](N(C3=O)CC[NH+](CC)CC)(C)C(=O)NC4CCCCC4,0,10.594338,0.228571
decoy,C39942256,C[C@@H](C(=O)NCc1ccc2c(c1)OCO2)S[C@H]3NN=C(N3C4CC4)C5=c6ccccc6=[NH+]C5,0,10.617281,0.168067
decoy,C42334069,Cc1ccc(cc1NC(=O)[C@H](C)N[C@H](C)c2cccc(c2)Cl)[N+](=O)[O-],0,10.777056,0.197368
decoy,C53857092,c1ccc(c(c1)c2cc3c(s2)c(=O)[nH]c(n3)c4cccc(c4)C(=O)N)Cl,0,11.842029,0.258065
decoy,C20574648,CC[C@@H]1CCCC[NH+]1CCCNC(=O)CCn2cnc3c(c2=O)c(no3)c4ccc(cc4)F,0,11.260024,0.229167
decoy,C43078846,CC(C)(C)OC(=O)NNC(=O)NC[C@@H](c1ccccc1)c2c[nH]c3c2cccc3,0,11.817648,0.183486
decoy,C36601345,Cc1ccc(o1)CN([C@@H](c2ccc(cc2)C(F)(F)F)C(=O)NC(C)(C)C)C(=O)c3cccc(c3)[N+](=O)[O-],0,11.008445,0.177778
decoy,C36581866,CCCCC/C=C\C(=O)N([C@@H](c1cccc(c1)O)C(=O)NCS(=O)(=O)c2ccc(cc2)C)C(C)(C)C,0,11.250185,0.177083
decoy,C40762777,c1cc(ccc1c2ccc3c(c2)cnn(c3=O)c4ccc([nH+]c4)N5CC[C@H](C5)NN6CCOCC6)Cl,0,11.027311,0.225490
decoy,C16825111,C[C@H](C(=O)NC(=O)NC(C)(C)C)SC1=N/C(=C\c2ccccc2)/C(=O)N1c3ccc(cc3)F,0,11.585240,0.175000
decoy,C07006540,c1cc(ccc1CCNC(=O)c2ccc(cc2)C(F)(F)F)S(=O)(=O)N,0,10.490716,0.250000
decoy,C06195275,Cc1ccc(c(c1)C)N([C@H](c2ccncc2)C(=O)NCc3ccccc3)C(=O)c4c(c(ns4)C(=O)N)N,0,11.747501,0.191919
decoy,C12766922,Cc1ccc(cc1)N2[C@H]([C@@H](CCC2=O)C(=O)NCCC(C)C)c3ccc(c(c3)OC)OC,0,11.001664,0.214286
decoy,C40322062,CC[NH+](CC)[C@H](CNC(=O)c1ccc(o1)S(=O)(=O)c2ccc(cc2)Cl)c3ccccc3Cl,0,10.649651,0.185185
decoy,C05798633,C[C@H]1C[C@H](c2ccccc2N1C(=O)Nc3ccncc3)Nc4ccccc4,0,11.737927,0.207317
decoy,C03336209,Cc1ccc(cc1)C2=C[C@@H](N(N2)C(=O)CN3C(=O)[C@]4(CCCc5c4cccc5)NC3=O)c6ccco6,0,11.689765,0.144444
decoy,C50029855,C[C@H]([C@@H]1CCCO1)Nc2cc(c(cc2F)N)C(=O)N,0,12.226268,0.182796
decoy,C12186354,CC(C)(C)c1c2cc(c(=O)[nH]c2n(n1)c3ccccc3)C[NH2+]C4CC4,0,11.268948,0.211111
decoy,C34428559,c1cc(nnc1N[C@H]2CCCC[C@@H]2O)Cl,0,10.723899,0.153846
decoy,C51728798,Cc1c(c(n[nH]1)C(=O)N2CC[C@@H](C[C@H]2C)C)N,0,10.609691,0.163043
decoy,C44895079,c1csc2c1CN(CC2)C(=O)NCCCN3CCCCCC3=O,0,11.520300,0.208333
decoy,C15150531,Cc1cc(c(c(c1)Cl)NC(=S)NNC(=O)c2ccc3c(c2)OCO3)C,0,10.842449,0.204301
decoy,C06031900,C[C@@H]1[C@](c2c(cc3c(c2O1)C(=O)C(=C(C3=O)OC)C)O)(C)CCC=C(C)C,0,10.753920,0.186047
decoy,C36278792,Cc1ccc(cc1C)c2csc3c2c(nc(n3)Cl)NC(C)C,0,11.509233,0.191781
decoy,C36503613,CC(C)(C)NC(=O)[C@H](c1ccc(cc1)[N+](=O)[O-])N(Cc2ccco2)C(=O)C(c3ccccc3)c4ccccc4,0,10.973456,0.243902
decoy,C09328284,CCn1c(nnc1SCC(=O)c2ccc(cc2)C#N)[C@@H](C)NC(=O)c3ccc(cc3)Cl,0,10.729859,0.181818
decoy,C45648090,C[C@@H](C(=O)Nc1nncs1)Oc2ccc(c(c2)Cl)Cl,0,11.003709,0.220779
decoy,C37140101,Cc1cc(cc(c1O)C)CNc2ccc(cc2[N+](=O)[O-])Br,0,11.713747,0.196970
decoy,C17078000,Cc1c(c(sc1C(=O)N)NC(=O)C[NH+]2CCC[C@H](C2)C)C(=O)OC(C)C,0,10.487720,0.166667
decoy,C38546132,CSc1ccc(cc1)[C@@H](c2c3c(sc2NC(=O)c4ccco4)CCCC3)[NH+]5CCCCC5,0,11.008836,0.144578
decoy,C14775288,CCCOc1ccc(cc1Br)C(=O)NC(=S)N2CCNC(=O)[C@H]2CC(=O)OCCC(C)C,0,11.479342,0.194915
decoy,C03410439,C[C@@H]1C[C@]2(CC(C1)(C)C)C(=O)N(C(=O)N2)CC(=O)NCCc3c[nH]c4c3cccc4,0,10.919714,0.176471
decoy,C49147402,C[C@@H](c1ccc(s1)Cl)NS(=O)(=O)c2cc(cnc2NN)Br,0,10.742019,0.217949
decoy,C18230170,Cc1cccc([nH+]1)N/C=C/2\c3ccccc3C(=O)N(C2=O)c4cccc(c4)S(=O)(=O)NCc5ccco5,0,12.127862,0.168421
decoy,C64668424,CC(C)(C)Nc1c(nc2n1c3ccccc3s2)c4ccc(cc4)C#N,0,12.812095,0.200000
decoy,C08670695,c1ccc(cc1)n2cc(c(n2)c3cccs3)[C@@H]4[C@@H]([C@@](NC(=O)N4)(C(F)(F)F)O)C(=O)c5cccnc5,0,11.206970,0.177778
decoy,C34979259,CC[C@H](C)[C@@H](C(=O)N1CCN([C@@H](C1)C)C(=O)CCC2CCCC2)NC(=O)/C=C/c3ccc(cc3)[N+](=O)[O-],0,10.143397,0.216495
decoy,C35073289,Cc1nc2n(n1)c(c(s2)[C@@H](c3cccc(c3)Cl)[NH+]4C[C@@H](C[C@@H](C4)C)C)[O-],0,10.810354,0.191919
decoy,C36186848,CCOc1cccc2c1O[C@]3([C@H]([C@@H]2NC(=S)N3c4ccc(cc4)C)C(=O)Nc5ccc(cc5C)C)C,0,10.886243,0.191919
decoy,C63896743,c1ccc2=[NH+]CC(=c2c1)[C@@H](CNC(=O)c3ccc(cc3)N4CCCS4(=O)=O)c5ccccc5Cl,0,10.488411,0.195122
decoy,C04056877,C[C@@H]([C@@H](c1cccs1)[NH+]2CCN(CC2)c3ccccc3)NS(=O)(=O)c4ccccc4,0,11.658010,0.146067
decoy,C13063976,CC[C@@H](c1nnnn1CCc2ccccc2)[NH+](Cc3cc4ccc(cc4[nH]c3=O)C)C5CCCCC5,0,11.562680,0.200000
decoy,C14333193,Cc1cc(c(o1)C)c2cc(c3c(noc3n2)C)C(=O)NNC(=O)C45CC6CC(C4)CC(C6)C5,0,11.057165,0.144330
decoy,C57855321,CCn1c(nnc1SCC(=O)c2ccc(cc2C(C)C)C(C)C)C3CC3,0,10.169291,0.184783
decoy,C20905341,CCOC(=O)c1c(c(c(s1)NC(=O)CSc2nc([nH]n2)N/N=C/c3cccc4c3cccc4)C#N)C,0,11.814988,0.208000
decoy,C16041162,c1ccc2c(c1)C=C[C@@H]3N2[C@@H]([C@@H]4[C@H]3C(=O)N(C4=O)c5ccc6c(c5)OCO6)C(=O)N,0,10.521717,0.163265
decoy,C39664745,Cc1ccc(c(c1F)F)C(=O)N2C[C@@H](C3(C2)CC[NH2+]CC3)C(=O)N[C@H](C[NH+](C)C)c4ccccc4,0,10.944443,0.168142
decoy,C10041804,CC(C)[C@@H](C(=O)N/N=C\c1ccc(o1)c2ccc(cc2[N+](=O)[O-])Cl)NC(=O)c3cccc(c3)Cl,0,12.137257,0.190476
decoy,C01382425,CCc1ccc2c(c1)cc(c(=O)[nH]2)[C@@H](c3nnnn3Cc4ccco4)N(Cc5cccnc5)Cc6ccccc6Cl,0,11.771144,0.211538
decoy,C02245956,CCCCCn1c(c(c2c1nc3ccccc3n2)C(=O)NC4CCCC4)N,0,10.767313,0.268817
decoy,C29401123,c1ccc2c(c1)[nH]c(=O)n2C3CC[NH+](CC3)CC(=O)N[C@@H]4CCc5cc(ccc5[C@H]4Cc6cccnc6)F,0,11.838446,0.218487
decoy,C58828583,C[C@@H](c1ccc(cc1)S(=O)(=O)N)N(C)C(=O)Nc2ccccc2C(F)(F)F,0,11.203110,0.189873
decoy,C01070695,Cc1ccc(cc1)c2cc(n3c(n2)c(cn3)C(=O)Nc4c(c5c(s4)CCC5)C#N)C(F)F,0,11.278113,0.211765
decoy,C39481867,CC(C)Cc1ccc(c(c1)N2CCN[C@@H](C2)S(=O)(=O)C(C)C)NS(=O)(=O)Cc3ccccc3,0,11.479698,0.187500
decoy,C13203811,CCOC(=O)CN(c1ccc(cc1)F)C(=O)CSc2nnc(n2CC(=O)[O-])c3cccs3,0,10.965430,0.206186
decoy,C12285399,COc1ccc(cc1OC)[C@@H]2c3cc(c(cc3CC(=O)N2NC(=O)c4ccc(cc4)[N+](=O)[O-])OC)OC,0,10.940658,0.220930
decoy,C02299272,CCC[NH+]1CCc2c(sc3c2c(=O)n(c(n3)SCC(=O)c4ccc(cc4)Cl)c5ccc(cc5)C)C1,0,11.452623,0.160000
decoy,C36502114,CCCCNC(=O)[C@@H](c1c(cccc1Cl)Cl)N(Cc2ccco2)C(=O)Cc3ccc4c(c3)OCO4,0,11.064635,0.200000
decoy,C09125524,CC[C@@]1(C(=O)N(C(=O)N1)CC(=O)c2cc(n(c2C)CC(F)(F)F)C)c3ccc(cc3)OC,0,10.956485,0.202247
decoy,C39532318,CCc1ccc(cc1)[C@H](CNc2ccccc2O)N3CCN[C@@H](C3)Cl,0,11.666718,0.186916
decoy,C35034909,CC[C@@H](c1nc2ccccc2c(=O)n1Cc3ccccc3)[NH+]4CCN(CC4)C(=O)NCC,0,11.907759,0.222222
decoy,C40426493,CC(C)C[C@@H](C(=O)NC1CC[NH+](CC1)C)N2CC3=C(C2=O)[C@@H](NC(=O)N3C)c4ccccc4C(F)(F)F,0,10.864012,0.172043
decoy,C17982574,COCCCN(c1c(n(c(=O)[nH]c1=O)Cc2ccccc2)N)C(=O)CSc3ccc(c(c3)F)F,0,11.548607,0.221154
decoy,C18467947,CC(C)CN(c1c(n(c(=O)[nH]c1=O)Cc2ccccc2)N)C(=O)COC(=O)c3cc4c(s3)CCC4,0,11.674099,0.196721
decoy,C36065906,CC(C)CNC(=O)c1coc(n1)C[NH+](Cc2ccc3c(c2)OCO3)Cc4ccc(cc4F)F,0,10.357014,0.173228
decoy,C02780231,CC1(CC(CC([NH2+]1)(C)C)NC(=O)c2c(c(nn2C)C(F)(F)F)Br)C,0,11.610750,0.168421
decoy,C09045311,CC[NH+](CC)CCCN1[C@@H](/C(=C(/c2ccc(o2)C)\O)/C(=O)C1=O)c3ccc(cc3)OCC,0,11.032678,0.235294
decoy,C11448894,Cc1ccc(cc1C)S(=O)(=O)NCC(=O)NCC(=O)Nc2nc3c(s2)C[C@@H](CC3)C,0,10.481730,0.186275
decoy,C08713663,Cc1cc(nc(n1)SCC(=O)N(Cc2ccc(cc2)Cl)[C@@H](c3ccc(cc3)Cl)C(=O)Nc4ccc5c(c4)OCO5)C,0,12.116538,0.194175
decoy,C43313972,CC[C@H](CO)NC(=O)/N=c/1\[nH]c2ccc(cc2s1)C,0,11.787702,0.202381
decoy,C38546638,c1cc[nH+]c(c1)N2CC[NH+](CC2)[C@@H](c3ccccn3)c4c5c(sc4NC(=O)c6ccco6)CCCC5,0,10.808132,0.175439
decoy,C05284669,CC(C)Cc1ccc(cc1)[C@@H]2C3=C(CC(CC3=O)(C)C)Nc4ccccc4N2,0,10.752549,0.169014
decoy,C39545791,c1ccc(cc1)OS(=O)(=O)N(C(=O)[C@@H]2CC(=C3[NH+]2Cc4ccccc4N3)c5ccccc5O)Cl,0,11.170712,0.154930
decoy,C38636655,CCCOc1ccc(cc1)S(=O)(=O)NC[C@H](c2ccc(cc2)N(C)C)N3CC[NH+](CC3)C,0,11.769991,0.197802
decoy,C01836236,Cc1ccc(cc1)c2nnc(n2c3ccc(cc3)OC)SCC(=O)NNC(=C)c4ccc(cc4)Br,0,11.498260,0.233766
decoy,C36556995,Cc1ccc(o1)CN([C@H](c2c(cc(cc2O)O)O)C(=O)NC3CCCCC3)C(=O)CCC4CCCCC4,0,10.979077,0.188679
decoy,C09951434,COc1cccc(c1OC)[C@H]2C=C(Nc3n2nc(n3)C(F)(F)F)c4cccc(c4)O,0,11.113114,0.204819
decoy,C42842203,CCCC[C@@H](CC)CNC(=O)NNC(=O)Cc1c[nH]c2c1cccc2,0,11.802281,0.200000
decoy,C17157288,Cc1ccc(cc1C)S(=O)(=O)N2CCC(CC2)C(=O)NNC(=O)C34CC5CC(C3)CC(C5)C4,0,10.627575,0.195122
decoy,C14458903,CC(=O)c1ccc2c(c1)[C@H]3C=CC[C@H]3[C@@H](N2)c4ccc(c(c4)OC)O,0,11.460266,0.202247
decoy,C65197909,c1ccc2cc(ccc2c1)SCC(=O)NNC(=O)NCC3CC3,0,11.803409,0.250000
decoy,C15947635,C[C@@H]1CCc2c(sc3c2C(=N[C@@H](N3)c4ccc(c(c4)OC)OC(=O)c5cccs5)O)C1,0,11.606217,0.198347
decoy,C24506941,C1C[C@H](OC1)CNc2nnc(s2)SCc3nc(nc(n3)N)N,0,11.654210,0.136364
decoy,C35593641,CCCNC(=O)N(CC(=O)N1CCn2cccc2[C@@H]1c3ccc(cc3)Cl)C(C)(C)C,0,11.684711,0.181818
decoy,C49317005,CCCn1cc(ccc1=O)NC(=O)c2cc(cn2C)Cl,0,11.553123,0.250000
decoy,C14511807,c1cc(ccc1c2ccc(s2)C(=O)NNC(=O)CCc3ncc(o3)c4ccc(cc4)F)F,0,11.883765,0.197674
decoy,C47172881,Cc1c(c(on1)C(C)C)C(=O)N[C@@H]2CCCCNC2=O,0,10.849834,0.145833
decoy,C39498848,CC(C)S(=O)(=O)c1c(ccc(c1S(=O)(=O)c2ccccc2)c3ccccc3O)[C@@H](CC=O)NC=O,0,10.578972,0.215909
decoy,C10785039,Cc1ccc(cc1)c2nnc(n2N)SCC(=O)Nc3ccc(cc3Br)[N+](=O)[O-],0,11.144675,0.218391
decoy,C08298704,c1cc(ccc1CNC(=O)[C@H]2C[NH+]3CC[C@@H]2C[C@@H]3Cn4cc(nn4)C5(CCCCC5)O)F,0,11.000310,0.189189
decoy,C50347221,CC[C@H](/C(=N/O)/N)[NH+]1CCC(CC1)C(C)(C)C,0,11.323589,0.113924
decoy,C40426495,CC(C)C[C@@H](C(=O)NC1CC[NH+](CC1)C)N2CC3=C(C2=O)[C@H](NC(=O)N3C)c4ccccc4C(F)(F)F,0,10.863867,0.172043
decoy,C63351001,CC(C)(C)OC(=O)N[C@@H](CC1=c2ccccc2=[NH+]C1)C(=O)Oc3ccc4c(c3)OC(=O)[C@H]5[C@H]4CCCC5,0,11.482598,0.168317
decoy,C39653536,CCOc1cc(ccc1OC)CCNC(=O)[C@@H]2CN(CC23CC[NH2+]CC3)C(=O)CCc4ccc(cc4)OC,0,11.028225,0.201923
decoy,C62826103,Cc1cc(c(c(c1)C(=O)[O-])NC(=O)N(C)[C@H](C)C2CC2)C,0,10.615208,0.157895
decoy,C09378907,Cc1cc(c(n1c2ccc3c(c2)OCO3)C)C(=O)CN4C(=O)[C@](NC4=O)(C)c5ccccc5Cl,0,10.668408,0.197917
decoy,C40860303,c1cc(cc(c1)F)/[NH+]=c/2\c3ccsc3[nH]cc2C(=O)[O-],0,11.372663,0.183908
decoy,C36494889,Cc1ccc(cc1)S(=O)(=O)CNC(=O)[C@@H](c2ccc3c(c2)OCO3)N(Cc4ccco4)C(=O)CC(C)C,0,10.901127,0.177083
decoy,C00644710,CC(C)(C)N(Cc1ccccc1)C(=O)CC[C@@H]2CCCC[C@]2(c3ccccc3)O,0,11.471198,0.230769
decoy,C00818061,Cc1cc(c2c(c1)-c3cc(nn3[C@H](N2)c4cc(c(c(c4)OC)OC)OC)C)C,0,11.285698,0.186667
decoy,C33270923,Cc1ccc(cc1)c2nc([nH]n2)SCc3nc(on3)CCC(=O)Nc4cc(ccc4C)Cl,0,10.395695,0.175824
decoy,C19836399,Cc1ccc(cc1NC(=O)c2cc(c(c(c2F)[O-])F)F)N,0,10.954042,0.219178
decoy,C39769316,CCn1c(c(c(c(c1=O)C#N)C)/C=C/2\C(=O)N(C(=S)S2)Cc3ccc(cc3)C)N4CCC[C@@H](C4)C,0,10.866371,0.163043
decoy,C20284357,CCOc1ccc(cc1)NC(=O)[C@H](CC(C)C)NS(=O)(=O)c2ccc3c(c2)oc(=O)n3C,0,11.913647,0.219298
decoy,C63375763,CCc1cc(=O)oc2c1cc(c(c2)O[C@@H](C)C(=O)NCCC3=c4ccccc4=[NH+]C3)Cl,0,10.891036,0.203704
decoy,C05782503,CCCCCn1c(=O)c2ccc(cc2nc1SCC#N)Cl,0,10.812447,0.223529
decoy,C20737671,CC[NH+]1CCC[C@H]1CNC(=O)c2ccc3c(c2)N(C(=O)/C(=C/c4ccccc4)/S3)Cc5cccc(c5)C,0,11.816935,0.214286
decoy,C02258154,CCOC(=O)c1c(c2cc(c(cc2[nH]1)OC)OC)NC(=O)C[NH+]3C[C@]4(C[C@@H]3CC(C4)(C)C)C,0,11.123181,0.196581
decoy,C34856464,CC(C)(C)[NH+]1C[C@H]2CCC[C@@]3(C1)C2=NC4(CCCCC4)NC3=O,0,10.653009,0.101266
decoy,C14818186,Cc1ccc(cc1)Oc2ccccc2NC(=O)[C@H](C)SCc3[nH]c(=O)c4c(c(sc4n3)C)C,0,11.966444,0.195652
decoy,C12219039,c1cc(oc1)C[NH+]2CCC(CC2)(c3ccc4c(c3)cc(o4)C(=O)NCc5ccc6c(c5)OCO6)O,0,11.354100,0.180851
decoy,C22461337,CCOC(=O)c1c(oc2c1c(c(c3c2cccc3)O)[C@H](c4ccccn4)N5CC[NH+](CC5)C)C,0,10.813698,0.215909
decoy,C51235485,Cc1ccc(o1)C(=O)NC2CCN(CC2)C(=O)NCC3CCCC3,0,11.857044,0.230769
decoy,C49178442,CCCC[C@@H](C(=O)N1CCCC[C@@H]1C)NC(=O)N,0,10.543241,0.166667
decoy,C39655951,Cc1ccc2c(c1)c(c[nH]2)CCNC(=O)[C@@H]3CN(CC34CC[NH2+]CC4)C(=O)[C@H](C)Oc5ccccc5,0,10.474917,0.177083
decoy,C08719404,c1ccc(cc1)C(=O)c2ccccc2NC(=O)CSc3nnc(n3N)c4ccccc4Cl,0,10.818991,0.213333
decoy,C35929987,c1ccc(cc1)OCCNc2nc(c3c(n(nc3n2)c4ccccc4Cl)N)c5ccc(cc5)F,0,11.925496,0.212766
decoy,C15859308,CC1CC[NH+](CC1)[C@@H](c2ccc(cc2)OC)c3c(c4ccccc4o3)NC(=O)c5ccco5,0,11.060332,0.215909
decoy,C09419148,c1cc(ccc1CC(=O)Nc2c(non2)c3ccc4c(c3)CCCC4)Cl,0,11.604079,0.221053
decoy,C19808240,C/C(=N\NC(=O)c1c(nnn1c2c(non2)N)C[NH+]3CCCCC3)/c4cccc(c4)[N+](=O)[O-],0,10.905794,0.157407
decoy,C37440365,CCn1c2ccc(cc2nc1c3ccc(c(c3)N)Cl)Cl,0,11.566310,0.200000
decoy,C35415735,[H]/N=C\1/[C@@H](C2(CCCCC2)[C@H](C(=O)N1)C#N)c3nc(cs3)c4ccccc4,0,11.936621,0.161905
decoy,C46867820,Cc1cc(cc(c1O[C@H](C)C(=O)NNC(=O)CNC(=O)N)C)Cl,0,11.361243,0.184783
decoy,C16975064,c1cc(ccc1C2(CCOCC2)CNC(=O)C(=O)Nc3ccc(cc3)[N+](=O)[O-])Cl,0,11.711708,0.221053
decoy,C38547938,CCc1cc(c(s1)NC(=O)c2ccco2)[C@@H](c3cccs3)Nc4cc(cc[nH+]4)C,0,11.141535,0.186813
decoy,C57314611,CCc1ncc(s1)/C(=C(\C#N)/C(=O)NC2CCCC2)/[O-],0,10.673288,0.215054
decoy,C43218785,CC(=O)c1ccc(cc1)N2C(=O)[C@H]3[C@@H]([NH2+][C@@]([C@@H]3C2=O)(c4ccccc4)C(=O)[O-])c5ccc(cc5)C(=O)OC,0,10.643849,0.166667
decoy,C41813445,Cc1c(sc(n1)NC(=O)/C=C/c2ccc(cc2)[N+](=O)[O-])SCC(=O)N,0,11.052837,0.271605
decoy,C44321281,c1ccc2c(c1)-c3ccccc3C2COC(=O)N[C@H](Cc4c(ccc(c4O)F)F)C(=O)[O-],0,11.114733,0.180723
decoy,C39933039,Cc1cc(cc(c1)Oc2cc(nc(n2)SC)n3c(c(c(n3)SC)C#N)N)C,0,13.249515,0.139535
decoy,C13568120,CCn1c(nnc1S[C@H](C)C(=O)Nc2ccc3c(c2)OCO3)[C@H](C)NC(=O)c4ccccc4,0,10.626799,0.210000
decoy,C12887602,CC[C@H](C)[C@@H](C(=O)N[C@H](C)CC)NC(=O)[C@@H]1Cc2c3ccccc3[nH]c2[C@@H]4N1C(=O)c5c4cccc5,0,10.676198,0.160377
decoy,C60347010,Cc1ccc(cc1)C(=O)N2CCC[C@H](C2)C(=O)Nc3ccc(cc3C)Sc4nc(cs4)C,0,11.112351,0.201923
decoy,C09884367,C[NH+](C)[C@@H](CNC(=O)c1cc(ccc1Cl)S(=O)(=O)N(C)c2ccc(cc2)F)c3ccco3,0,11.093975,0.194690
decoy,C05559506,CC(C)[C@@H]1C(=O)N/C(=N\N=C\c2c3ccccc3cc4c2cccc4)/S1,0,11.769516,0.192982
decoy,C04931698,c1cc(ccc1N2CCN(CC2)c3nc(nc(n3)N4CCCC4)NCCO)F,0,10.959100,0.229508
decoy,C08343761,COc1ccc(cc1)[C@@H](CNC(=O)C[C@H]2c3ccccc3C(=O)O2)[NH+]4CCOCC4,0,11.068352,0.207792
decoy,C16384181,C[C@@H]1CCc2c(cc(s2)C(=O)NNC(=S)Nc3ccc(cc3F)F)C1,0,11.973576,0.190909
decoy,C12155048,Cc1ccccc1C(=O)Nc2c3ccc(nc3sc2C(=O)OC)C[NH+](C)Cc4c([nH]nc4C)C,0,11.444871,0.209524
decoy,C35925329,c1ccc(cc1)N2CC[NH+](CC2)Cc3cc(=O)[nH]c(n3)N4CCN(CC4)C(=O)CSc5ccccc5,0,11.133328,0.176991
decoy,C09386329,CC[C@@]1(C(=O)N(C(=O)N1)NC(=O)C[NH+]2CCC(CC2)n3c4ccccc4[nH]c3=O)c5ccccc5,0,11.100566,0.184211
decoy,C06239662,COc1ccc(c(c1)c2c3c([nH]n2)OC(=C([C@@H]3c4ccc(cc4)C(F)(F)F)C#N)N)OC,0,11.832592,0.233333
decoy,C32891924,CC(C)[C@H](C(=O)/N=c\1/n(ccs1)C)NC(=O)C23CC4CC(C2)CC(C4)C3,0,11.646773,0.133333
decoy,C43221560,CCCOc1ccc(cc1)[C@@H]2[C@H]3[C@@H](C(=O)N(C3=O)c4cccc(c4)[N+](=O)[O-])[C@@]([NH2+]2)([C@@H](C)CC)C(=O)[O-],0,10.811269,0.188119
decoy,C37933873,CS(=O)(=O)c1ccc(cc1)c2nc(co2)CCl,0,10.821916,0.164835
decoy,C15860472,Cc1ccc(o1)[C@H](CNC(=O)c2c(c3cc(c(cc3o2)C)Cl)C)[NH+]4CCCC4,0,10.657554,0.194444
decoy,C39688608,C[C@@H](Cc1ccc(cc1)F)NC(=O)[C@H]2CN(CC23CC[NH2+]CC3)C(=O)COc4cccc(c4)Cl,0,10.800179,0.216495
decoy,C03953782,c1cc(ccc1N2C=NC(=NC23CCCCC3)N)Br,0,11.011900,0.150000
decoy,C38546967,Cc1cc[nH+]c(c1)N[C@H](c2ccc(cc2)F)c3cc(sc3NC(=O)c4ccco4)C,0,10.940558,0.179775
decoy,C39518357,CCCC1=C[C@@H](N=N1)CN(C)C(=O)C[C@H]2C(=O)NCC[NH+]2Cc3cccc4c3cccc4,0,11.962749,0.216981
decoy,C02360843,CCOC(=O)c1c(nc(s1)NC(=O)CSc2nc3c(c4c(s3)CCC4)c(=O)n2c5ccccc5)C,0,11.027604,0.187500
decoy,C35699989,CCCCc1ccc(cc1)C(=O)N(CC(C)C)CC(=O)Nc2cc(nn2c3ccc(cc3C)C)C(C)(C)C,0,11.238624,0.180851
decoy,C00203556,CC(C)c1ccc(cc1)[C@H]2c3cc4c(cc3OC(=C2C#N)N)OCO4,0,11.468910,0.169014
decoy,C64755884,C[C@@H]1CCCC[NH+]1CCNS(=O)(=O)c2ccc(s2)c3nc(cs3)C(C)C,0,11.462514,0.158879
decoy,C24640142,CCOC(=O)c1c(c(c(s1)N)C#N)CSc2nc3c(c(c(s3)C)C)c(=O)n2C,0,11.101490,0.183673
decoy,C65464072,Cc1cc(cc(c1C)S(=O)(=O)N)C(=O)NCC2(CCC2)CO,0,11.527319,0.176471
decoy,C06301146,Cc1cc(c2c(c1)cc(c(=O)[nH]2)[C@H](c3nnnn3Cc4ccc(cc4)F)[NH+]5CCC(CC5)C)C,0,11.063452,0.194690
decoy,C63513883,C[C@@H]1C(=c2ccccc2=[NH+]1)CCNC(=O)/C(=C/c3cccc(c3)[N+](=O)[O-])/NC(=O)c4ccc(cc4)OC,0,10.893064,0.253012
decoy,C04691095,c1ccc(c(c1)c2ccc(o2)C(=O)Nc3ccccc3Br)[N+](=O)[O-],0,11.060385,0.208955
decoy,C35564723,c1ccc(cc1)CC[NH+]2CCN(CC2)Cc3cc(=O)[nH]c(n3)N4CCCN(CC4)C(=O)c5cccs5,0,10.489199,0.191667
decoy,C36316106,CC(C)C[NH+](Cc1c(nn(c1Oc2ccc(cc2F)F)C)c3ccccc3)C[C@@H](COCC(C)C)O,0,10.625871,0.172043
decoy,C56768146,Cc1ccc(c(c1)NC(=O)N2CCC[C@H]2C3CCCC3)S(=O)(=O)C,0,10.822037,0.202020
decoy,C14274318,Cc1ccc(c(c1)[N+](=O)[O-])NC(=S)NC(=O)c2cc(cc(c2OC)Br)Br,0,11.796702,0.174419
decoy,C36613783,CCn1c(ccn1)CNc2nc(cc(n2)C(F)F)c3ccc(cc3)Br,0,11.715330,0.197368
decoy,C34829779,Cc1ccc(cc1)[C@H]2c3ccsc3CC[NH+]2CC(=O)N4CCN([C@@H](C4)C)C(=O)CSc5ccccc5,0,10.709044,0.164948
decoy,C39571242,c1ccc2cc(ccc2c1)C3=C[C@H](N=N3)C(=O)N/N=C/c4ccccc4Cl,0,12.061230,0.189873
decoy,C63941240,CCCCC[C@H]1NN[C@@H](S1)NC(=O)[C@@H]2CC(=O)N(C2)CCC3=c4cc(ccc4=[NH+]C3)C,0,10.635332,0.170940
decoy,C15756954,CN(C)S(=O)(=O)c1ccc(cc1)S(=O)(=O)Nc2ccccc2Oc3ccccc3Cl,0,11.990554,0.193182
decoy,C14458127,Cc1cc(c(c(c1)C)[C@H]2[C@H]3CC=C[C@@H]3c4cc(ccc4N2)NC(=O)C(C)C)C,0,11.224878,0.195402
decoy,C66926244,Cc1csc(n1)[C@@H](C)NC(=O)NNC(=O)Cc2ccccc2F,0,11.754866,0.179487
decoy,C39302090,CCC[C@H]1[C@@H](NN([C@@H]1C)c2ccc(cc2)C(=O)NCCn3c4ccccc4[nH]c3=O)C,0,11.950412,0.191011
decoy,C44608075,CCCCOC(=O)/C=C/c1cn(c(=O)[nH]c1=O)[C@H]2[C@@H]([C@@H]([C@H](O2)COC(=O)C)OC(=O)C)OC(=O)C,0,11.036446,0.195652
decoy,C09425035,CC[NH+](CC)CCN1[C@@H](C(=C(C1=O)O)C(=O)c2ccc3c(c2)C[C@@H](O3)C)c4ccc(cc4)C(=O)OC,0,10.664179,0.168421
decoy,C09813353,CCCCn1c(c(c(=O)[nH]c1=O)N(C2CCCC2)C(=O)c3ccc(s3)c4ccc(cc4)F)N,0,11.091499,0.197802
decoy,C67417970,CC[C@@H](c1[nH]c2ccccc2n1)NC(=O)NC(C)(C)c3ccc4c(c3)OCCO4,0,11.432624,0.181818
decoy,C35907990,c1cc2c(cc1C(F)(F)F)C[C@@H]([C@@H]3N2CC[NH+](C3)C4CCCCC4)C(=O)NC[C@@H]5CCCO5,0,10.678190,0.213483
decoy,C39711161,CCC(C)(C)N1[C@@H](NN=N1)[C@H]([C@@H]2C=c3c(cc(cc3=[NH+]C2=O)C)C)[NH+](Cc4ccccc4)Cc5cccs5,0,11.300465,0.157895
decoy,C13395427,CC(C)CCn1c(=O)c2c3c(sc2nc1SCC(=O)N4CCC(CC4)C(=O)[O-])CCCC3,0,10.907036,0.172727
decoy,C03516643,C[C@H]1CCc2c(sc3c2c(=O)n(c(n3)S[C@H](C)C(=O)NCc4ccc5c(c4)OCO5)CC=C)C1,0,11.042694,0.214876
decoy,C06207039,CCO[C@H]1/C(=C\Nc2nccs2)/C(=O)c3cc(ccc3O1)Cl,0,11.564690,0.214286
decoy,C35674766,CCCNC(=O)N1CCc2cc(c(cc2[C@H]1[C@H](CC)NC(=O)NCC)OC)OC,0,11.828968,0.205128
decoy,C34920059,COc1cc(cc(c1)OC)[C@@H](CC(=O)NCc2ccco2)c3c[nH+]c4n3CCCC4,0,11.840199,0.213483
decoy,C02192378,Cc1ccc(cc1)n2c3c(c(=O)[nH]c2=O)[C@](C(=O)N3)(C(F)(F)F)NC(=O)c4cccc(c4)Cl,0,10.701077,0.240506
decoy,C39127702,Cc1c(c(c(c2c1nc(s2)NCc3ccc(cc3)NS(=O)(=O)C)C)O)C,0,11.195997,0.234375
decoy,C35612808,Cc1ccc(cc1Nc2nc(cs2)C(=O)N[C@@H](C)C(=O)NC(C)C)Cl,0,11.752946,0.204301
decoy,C63234610,Cc1cccc(c1)n2c(nnc2SC/C(=C\3/[C@@H](N(C(=O)N(C3=O)C)C)N)/[O-])C4=c5ccccc5=[NH+]C4,0,10.983858,0.165217
decoy,C37351088,CC(C)c1ccc(cc1)c2c(noc2N)c3ccco3,0,10.153243,0.214286
decoy,C66246938,Cc1cc(c2c(c1)s/c(=N\S(=O)(=O)c3cc(cnc3)F)/[nH]2)C,0,11.817429,0.128571
decoy,C27517101,CCC[C@]12C[NH+]3C[C@](C1=O)(CN(C2)[C@@H]3c4ccc(cc4O)O)CC,0,11.433308,0.183099
decoy,C24830159,CCCc1ccc(cc1)[C@@H](C(C)C)[NH2+]Cc2nc3cc(ccc3n2CC)S(=O)(=O)N4CCOCC4,0,11.073454,0.183486
decoy,C09505935,C[C@@H]1CCc2c(sc(c2C(=O)OC)NC(=O)[C@H]3CCCN3S(=O)(=O)c4cccs4)C1,0,10.908267,0.203540
decoy,C33812728,CCCCn1c(c(c(c(c1=O)C#N)C)/C=C/2\C(=O)N(C(=S)S2)CCCC(=O)[O-])N3CC[NH+](CC3)C,0,10.777958,0.141304
decoy,C49668346,CCn1c(c(c(=O)n1c2cccc(c2)F)N)C(C)(C)C,0,10.063589,0.212500
decoy,C08733507,c1cc(ccc1CON/C=N\C(=O)C2CCN(CC2)c3c(cc(c[nH+]3)C(F)(F)F)Cl)[N+](=O)[O-],0,11.440913,0.195652
decoy,C36531503,CN([C@H](c1ccc2c(c1)OCO2)C(=O)NC3CCCCC3)C(=O)c4cccc(c4O)O,0,10.921678,0.205882
decoy,C63514874,CC[C@]1([C@@](N(C(=O)O1)CCC2=c3cccc(c3=[NH+][C@@H]2C)C(F)(F)F)(C)O)C,0,10.842855,0.175258
decoy,C39710936,CCC(C)(C)N1[C@@H](N=NN1)[C@@H]([C@@H]2C=c3cccc(c3=[NH+]C2=O)C)[NH+](Cc4ccc(cc4)Cl)Cc5ccco5,0,10.572104,0.142857
decoy,C20764317,CCOc1ccc(cc1)C2=N[C@@H]([NH2+][C@H](C2)c3cccc(c3O)OCC)c4ccc(c(c4)Br)F,0,11.107089,0.224719
decoy,C09102164,c1ccc2c(c1)c(=O)cc(o2)C(=O)NC[C@@H]3CN(C(=O)O3)c4ccc(c(c4)Cl)Cl,0,10.797357,0.204545
decoy,C02659917,Cc1cc(c(c(c1C)S(=O)(=O)N2CCC(CC2)C(=O)O[C@H](C)C(=O)Nc3ccc4c(c3)OCCO4)C)C,0,11.211922,0.202247
decoy,C08914539,Cc1ccc(o1)[C@H]2/C(=C(/c3ccc(cc3)S(=O)(=O)N(C)C)\O)/C(=O)C(=O)N2CCC[NH+](C)C,0,10.998446,0.153846
decoy,C30978042,C[C@@H](c1ccc(cc1)S(=O)(=O)C)NC(=O)C2CC[NH+](CC2)Cc3nc(no3)c4ccc(cc4)C(C)(C)C,0,11.012218,0.177778
decoy,C39666644,Cc1ccc(cc1)CC(=O)N2C[C@H](C3(C2)CC[NH2+]CC3)C(=O)NC[C@H](C)Oc4ccccc4Cl,0,10.895226,0.211009
decoy,C02361511,c1ccc(cc1)c2nnc3n2c(=O)/c(=C/c4ccccc4Br)/s3,0,11.848733,0.213333
decoy,C13064962,CC[C@H](c1nnnn1Cc2ccco2)[NH+](Cc3ccccc3OC)Cc4cc5c(cc(cc5[nH]c4=O)C)C,0,11.409337,0.193548
decoy,C09778674,C[C@@H](C(=O)Nc1c(c2c(s1)CCCCC2)C#N)[NH+]3CCN(CC3)S(=O)(=O)c4ccccc4,0,11.039387,0.210526
decoy,C16916844,CNC(=O)c1c2c(sc1NC(=O)c3cc(nc4c3cccc4)c5ccccc5)CCC2,0,12.195647,0.197674
decoy,C09390412,c1ccc2c(c1)c(c3c(n2)/C(=C\c4ccco4)/CCC3)C(=O)OCC(=O)NC(=O)NCc5ccco5,0,11.783637,0.212766
decoy,C35697754,CC1=C([C@@H](N2C(=CSC2=N1)/C=C(/NCc3ccco3)\[O-])c4ccc(c(c4)OC)OC)C(=O)OC,0,11.184775,0.216667
decoy,C38546308,CC1CC[NH+](CC1)[C@H](c2ccccc2)c3c4c(sc3NC(=O)c5ccco5)CCCC4,0,10.678769,0.177570
decoy,C39674129,C[C@H]1C(=C(N=N1)C)[C@H](C)NC(=O)[C@@H]2CN(CC23CC[NH2+]CC3)C(=O)c4ccccc4Cl,0,10.642551,0.192661
decoy,C33268856,Cc1cn2c(=O)cc([nH+]c2s1)CN(CCOC)Cc3ccc(cc3)C(C)C,0,11.497516,0.168831
decoy,C00906458,Cc1ccc(o1)[C@@H](C(=O)NC2CCCCC2)N(Cc3ccc(cc3)F)C(=O)Cn4nc(nn4)c5ccc(cc5)OC,0,11.883379,0.218750
decoy,C02154830,C[NH+]1CCc2cc3c(c(c2[C@H]1c4c(=O)[nH]c(=S)n(c4O)c5ccccc5OC)OC)OCO3,0,11.113110,0.182796
decoy,C43093023,C[C@H]([C@@H](c1ccccc1Br)N(C)Cc2cc(sc2)Br)[NH3+],0,11.207582,0.146667
decoy,C47136268,c1ccc2c(c1)[C@@H](OC2=O)Nc3c(non3)c4ccc(cc4)Cl,0,11.946574,0.188406
decoy,C04691436,c1cc(c(c(c1)Cl)[C@H]2C[C@@H](Nc3n2ncn3)c4ccc(cc4)Cl)Cl,0,11.063371,0.190476
decoy,C40352326,COc1cc(cc(c1OC[C@H](c2ccc(cc2)C3CCCCC3)O)N)CO,0,12.135536,0.207792
decoy,C04469396,Cc1cc(c(c(c1)C)NC(=O)CNC(=O)CN2C(=O)C3(CCCCCC3)NC2=O)C,0,10.402922,0.162791
decoy,C25382921,CCc1ccc(cc1)[C@H](CNC(=O)CN2C(=O)[C@@]3(CCCc4c3cccc4)NC2=O)[NH+](C)C,0,11.874447,0.178571
decoy,C63259001,C[C@@H]1C2=C(NC3=C([C@H]2C4=c5ccccc5=[NH+]C4)C(=O)CC(C3)(C)C)N(N1)c6cccc(c6)Cl,0,11.723746,0.186047
decoy,C09266823,c1ccn2c(c1)[nH+]c3c(c2=O)C[C@@]4([C@@H]5N3CCCCC5)C(=O)NC(=O)N(C4=O)C6CCCCC6,0,10.734716,0.151163
decoy,C36069370,C[C@H]1CCc2c(sc3c2c(=O)n(c(n3)C[NH+](C)C)CC(=O)OCC(C)C)C1,0,10.882905,0.154545
decoy,C39684223,Cc1cccc2c1[nH]cc2CCNC(=O)[C@@H]3CN(CC34CC[NH2+]CC4)C(=O)c5ccc(o5)c6ccc(cc6)F,0,10.586058,0.178295
decoy,C33761341,CCCN1C(=C([C@H](NC1=O)c2cccc(c2)NC(=O)Nc3cc(cc(c3)OC)OC)C(=O)OCCOC)C,0,11.928245,0.220000
decoy,C41585155,Cc1ccccc1/C=C\2/C(=O)c3ccc(c(c3O2)CN4CCN(CC4)c5ccccc5)O,0,10.924596,0.191919
decoy,C02359432,c1c(oc(c1)Br)/C=N/NC(=O)CCCC(=O)N/N=C/c2oc(cc2)Br,0,12.133072,0.196721
decoy,C62244997,CC(C)Cc1c(nnn1c2ccc(cc2)S(=O)(=O)N)C[NH3+],0,10.718130,0.186667
decoy,C67382827,CCc1ccc(cc1)[C@@H](CNC(=O)NNC(=O)c2c(ccs2)C)[NH+](C)C,0,11.871610,0.176471
decoy,C12516455,C[C@@H](c1nnc(n1c2ccc(cc2)F)SCC(=O)NN3C(=O)C4(CCCCC4)NC3=O)[NH+](C)C,0,11.012459,0.166667
decoy,C36123680,CCNC(=O)N(C[C@@H]1CCCO1)CC(=O)N2CCc3c(ccs3)[C@H]2COc4ccc(cc4)F,0,11.275339,0.195876
decoy,C45830135,C[C@H](C(=O)Nc1ccc(cc1[N+](=O)[O-])Cl)Sc2nnc(n2c3ccccc3)C[NH+]4CCCC4,0,11.552814,0.203883
decoy,C02501761,Cc1cc(c(s1)SC)[C@@H]2C(=C(N(C3=C2C(=O)CCC3)c4cccc(c4)[N+](=O)[O-])N)C#N,0,11.390578,0.153846
decoy,C53146138,c1cc(ccc1c2nnc3n2cc(cc3)N)OC(F)F,0,10.821594,0.176471
decoy,C28615401,CC\1=NNC(=O)/C1=c/2\n(c(=O)/c(=C/3\N(c4ccccc4S3)C)/s2)CC=C,0,10.755535,0.179775
decoy,C39325050,Cc1cccc2=C[C@H](C(=O)[NH+]=c12)CN(Cc3ccc4c(c3)OCO4)S(=O)(=O)c5ccc6c(c5)OCCO6,0,11.286413,0.154545
decoy,C09684726,c1ccc(cc1)CS(=O)(=O)N2CC[NH+](CC2)[C@H](c3ccccc3)c4c([nH]c(=O)[nH]c4=O)N,0,11.740490,0.180556
decoy,C33936811,Cc1ccc2cc(c(=O)[nH]c2c1)[C@@H](c3nnnn3C4CCCC4)N(Cc5ccc(cc5)OC)C[C@@H]6CCCO6,0,11.820592,0.180000
decoy,C39431393,C[C@@]12CC[C@@H](C1(C)C)C(=O)N(C2=O)c3ccc(cc3)C(=O)OC,0,11.264895,0.200000
decoy,C19941607,Cc1cc(c2c(c1)cc(c(=O)[nH]2)[C@@H](c3nnnn3C4CCCCC4)N5CC[NH+](CC5)C6CCCCC6)C,0,10.913656,0.145455
decoy,C13815401,CCOc1ccccc1[C@@H]2[C@@H]3CCCC[C@]3(CC[NH+]2CC(=O)Nc4c(c5c(s4)CCCC5)C(=O)OC)O,0,10.606367,0.185484
decoy,C13368714,CC1CCN(CC1)S(=O)(=O)c2ccc3c(c2)N(C(=O)CO3)CC(=O)N[C@H](C)C45CC6CC(C4)CC(C6)C5,0,10.856391,0.198198
decoy,C00888569,Cc1ccc(o1)c2nnn(n2)CC(=O)N(c3ccc(cc3)C4CCCCC4)[C@H](c5cccs5)C(=O)NC6CCCCC6,0,11.080553,0.194915
decoy,C09478765,CC[C@@H](C)NC(=O)C[NH+]1CCN(CC1)S(=O)(=O)c2ccc(s2)Br,0,11.083567,0.163043
decoy,C37006579,Cc1ccc(cc1)CN2C(=O)c3cc4ccc(cc4n3C[C@]2(C)C(=O)NCCC[NH+]5C[C@H](C[C@@H](C5)C)C)OC,0,11.203490,0.202020
decoy,C04552446,c1ccc2c(c1)C(=O)C(=C(C2=O)O)CC[C@H]3CC[C@H]4CCCC[C@@H]4C3,0,11.653953,0.169014
decoy,C36553493,COC(=O)[C@H]1[C@H](CC2=C(C1=O)[C@@H](c3c4ccccc4ccc3N2)c5ccc(cc5)O)c6ccc7c(c6)OCO7,0,11.580672,0.222222
decoy,C65995266,CCN([C@H](C)c1ccc(cc1)F)C(=O)N[C@@H](C)c2cccc(c2)N3CCOC3=O,0,10.772440,0.177570
decoy,C39597402,COc1ccccc1CNC(=O)[C@@H]2CN(CC23CC[NH2+]CC3)C(=O)[C@@H]4COc5ccccc5O4,0,11.062424,0.212963
decoy,C39328012,CC(C)c1ccc(cc1)[C@@H]2C(=C(OC(=C2C(=O)OC)CSc3c(cc4c(n3)CCN(C4)C)C#N)N)C#N,0,10.422903,0.206897
decoy,C39693453,C[C@H](C(=O)N1C[C@H](C2(C1)CC[NH2+]CC2)C(=O)NCCNC(=O)OC(C)(C)C)Oc3ccccc3,0,10.196094,0.172043
decoy,C12624512,c1cc(ccc1NC(=O)CCCC[C@@H]2[C@@H]3[C@H](CS2)NC(=O)N3)F,0,11.652524,0.219512
decoy,C13298383,C[C@@H](CCCC(C)C)[C@H]1CC[C@@H]2[C@@]1(CC[C@@H]3[C@H]2C[C@H]([C@@]4([C@@]3(CC[C@@H](C4)O)C)O)O)C,0,10.914890,0.077778
decoy,C08815955,Cc1ccc(c(c1)[C@@H]2C(=C(NC(=O)N2)CSc3cc(ccc3Cl)Cl)C(=O)OC)C,0,11.536373,0.193182
decoy,C14794019,CN(C)S(=O)(=O)c1ccc(c(c1)C(=O)NC[C@@H](c2ccccc2)c3c[nH]c4c3cccc4)Cl,0,11.750447,0.189189
decoy,C05379301,Cc1cc(c[nH+]c1N)[C@H](C(c2ccccc2)(c3ccccc3)O)n4c5ccccc5nn4,0,11.852743,0.157303
decoy,C15867139,Cc1ccc(s1)[C@@H]2CCCCCN2C(=O)Nc3ccc4c(c3)OCO4,0,11.948398,0.208333
decoy,C18345479,CCOC(=O)C1=C(NC(=O)N[C@@H]1c2ccco2)COC(=O)CN(C)S(=O)(=O)c3ccc(cc3)C,0,11.817894,0.211111
decoy,C06703835,CC(C)(C)c1ccc(cc1)c2nnc(o2)c3ccc(cc3)N,0,11.108646,0.186047
decoy,C51989506,C[C@@H]1C[C@@H]1C(=O)N[C@@H]2CCCC[C@@H]2O,0,10.679802,0.144578
decoy,C36091457,Cc1ccc(c(c1)CN2c3cc(ccc3[S@](=O)c4ccccc4C2=O)C(=O)NCC[NH+]5CCCC[C@@H]5C)C,0,11.185835,0.173913
decoy,C39015747,Cc1ccc(c(c1)O)C2=NN=C(C2)C(=O)N[C@H]3[C@H]([C@@H]4CCCC[C@@H]4S3)C(=O)NCCOC,0,11.306965,0.192661
decoy,C39229640,c1ccc(cc1)[C@H]2CN(CC[NH2+]2)c3ccc(cn3)C(=O)NCCc4ccc5c(c4)OCO5,0,11.052650,0.206897
decoy,C03227169,c1ccc(cc1)[C@]2(C(=C3N(c4ccccc4S3)C(=O)N2)C#N)C(F)(F)F,0,11.042763,0.169492
decoy,C35266772,CC[C@@H](C)[C@H](C(=O)Nc1nnc(s1)c2ccc(cc2)Cl)NC(=O)c3cccc(c3)[N+](=O)[O-],0,10.971130,0.197674
decoy,C38926026,c1ccc2=N/C(=N/S(=O)(=O)c3ccc(cc3)N/C=C\C(=O)c4ccc(c(c4)Cl)Cl)/C[NH+]=c2c1,0,11.408940,0.186813
decoy,C09611435,C[C@H]1CCC[C@H]([C@@H]1C)NC(=O)[C@@H](Cc2ccccc2)NS(=O)(=O)c3ccc4c(c3)CCC(=O)N4,0,10.873766,0.174419
decoy,C10376533,CC(C)[C@H](c1cccs1)NC(=O)c2ccc(cc2)S(=O)(=O)Nc3cc(ccc3OC)[N+](=O)[O-],0,11.332472,0.213483
decoy,C65074809,Cc1ccc(c(c1)C)S(=O)(=O)N2CCC3(CC2)C(=[NH+]CCN3)NC(C)(C)C,0,11.040133,0.168317
decoy,C37034016,C[C@H]1CC[C@H]([C@@H](C1)[NH2+]Cc2cc(cs2)Br)C(C)C,0,10.517130,0.136842
decoy,C02211399,Cc1ccc(cc1C)n2c(c(c3c2nc4ccccc4n3)C(=O)OCC=C)N,0,10.844783,0.195876
decoy,C52473020,CCC(CC)C(=O)N1CCC(CC1)Nc2nn3cc(nc3s2)C(C)(C)C,0,11.113247,0.182796
decoy,C01017574,Cc1c(c(=O)n(n1C)c2ccccc2)NC(=O)CSc3c4c5c(sc4ncn3)C[C@H](CC5)C,0,11.665507,0.216216
decoy,C49497562,c1cnc(c(n1)C(=O)NCC(=O)NCC2CCCC2)N,0,11.243952,0.188406
decoy,C19857957,CC1=C([C@@H](C2=C(N1)C[C@@H]([C@@H](C2=O)C(=O)OC)c3cccs3)c4cc(c(c(c4)OC)OC)OC)C(=O)OC,0,11.523582,0.179775
decoy,C13064816,CC[C@H](c1nnnn1C2CCCC2)[NH+](Cc3cc4c(cc(cc4[nH]c3=O)C)C)C[C@@H]5CCCO5,0,11.312221,0.154472
decoy,C00565681,COc1ccc(c(c1)[C@@H]2Nc3c(c4c(s3)CCCC4)C(=O)N2)OC,0,11.598208,0.197368
decoy,C06442908,Cc1cccc(c1C)N2CC[NH+](CC2)[C@@H](c3cc4cc(c(cc4[nH]c3=O)C)C)c5nnnn5C[C@@H]6CCCO6,0,10.921744,0.188679
decoy,C37192837,Cc1ccc(c(c1)N)SCc2nc(on2)c3ccco3,0,11.615974,0.210526
decoy,C04885826,C[C@@]12[C@H]([C@@H](c3cccc(c3O1)OC)NC(=S)N2c4cccc(c4)OC)C(=O)OC,0,10.944013,0.204545
decoy,C45631920,CC[C@]1(C(=O)N(C(=O)N1)CC2=C([C@@H](NC(=O)N2)c3ccccc3)C(=O)OCC)c4ccc(cc4)F,0,11.241706,0.215909
decoy,C14625038,c1ccc2c(c1)n(c(=O)o2)CC(=O)Nc3nc(c(s3)c4cccs4)c5cccs5,0,11.217010,0.186813
decoy,C39361788,Cc1cccc(c1)CSC2=NN[C@H](N2c3cccc(c3)C)Cc4cc(=O)[nH]c(=O)[nH]4,0,11.725371,0.204819
decoy,C01383858,Cc1cc(nc2c1c(c(s2)C(=O)NNS(=O)(=O)c3ccc(cc3)F)n4cccc4)C,0,11.587775,0.178218
decoy,C01719085,COC(=O)C1(CCCC1)NC(=O)C2(CCCC2)NC(=O)C3(CCCC3)N4C(=O)c5ccccc5C4=O,0,10.787413,0.179487
decoy,C12635356,C[C@H]1CCCC[C@@H]1NC(=O)NC(=O)COC(=O)c2ccc(cc2)S(=O)(=O)N3CCCc4c3cccc4,0,11.805676,0.219780
decoy,C17215969,Cc1cc(cc(c1C)S(=O)(=O)N2CCC(CC2)C)C(=O)OCC(=O)NC(=O)NC3CCCC3,0,10.490541,0.240000
decoy,C02085596,Cc1ccc(cc1)c2cc(c3ccccc3n2)C(=O)Nc4c(c5c(s4)C[C@@H](CC5)C(C)(C)C)C(=O)N,0,11.860811,0.181818
decoy,C25677458,Cc1ccc(c(c1)C)S(=O)(=O)N2CC[NH+](CC2)[C@@H](C)C(=O)Nc3c(ccs3)C(=O)N,0,11.268583,0.168317
decoy,C02505823,Cc1ccc(cc1)c2ccc3c(c(sc3n2)C(=O)c4ccc(cc4Cl)Cl)N,0,11.871356,0.207317
decoy,C12979765,c1ccc(cc1)C2=NC[C@H](O2)CSc3nnc(n3C[C@H]4CCCO4)c5c[nH]c6c5cccc6,0,12.213478,0.168224
decoy,C16567844,C[C@@H](c1nnc(n1c2ccc(cc2)[N+](=O)[O-])SCc3ccc(cc3)F)NC(=O)Nc4cccc(c4)F,0,11.700068,0.216495
decoy,C13358309,CCc1ccc(cc1[N+](=O)[O-])/C=C/C(=O)c2ccc(cc2)S(=O)(=O)N3CCCC[C@@H]3C(=O)[O-],0,11.050406,0.227273
decoy,C35756837,Cc1ccccc1CN2[C@@H]([C@@H](OC2=O)c3ccc(cc3)NC(=O)c4ccco4)C(=O)Nc5ccccc5,0,11.861808,0.241379
decoy,C12412765,CCOC(=O)C1=C(OC2=C([C@]13c4ccccc4NC3=O)C(=O)C[C@H](C2)c5cccc(c5)Cl)N,0,11.850960,0.195876
decoy,C63949198,Cc1ccc(cc1NC(=O)CSc2nccn2c3cc(cc(c3)C)C)C(=O)N,0,10.561698,0.195122
decoy,C16434074,CCCCN(CC(=O)Nc1cc(nn1c2ccc(cc2)C)C(C)(C)C)C(=O)c3ccc(cc3)c4ccccc4,0,11.264787,0.195652
decoy,C38486871,Cc1ccc(cc1F)NC(=O)CSc2nnc3n2ccn4c3cc(n4)c5ccc(cc5)F,0,11.056210,0.225806
decoy,C00631010,Cc1cc2c(cc1C)NC3=C([C@H](N2)c4ccc(cc4)C(=O)OC)C(=O)CC(C3)(C)C,0,11.255671,0.192308
decoy,C35705805,c1ccc2c(c1)c(c[nH]2)CC[NH+](Cc3ccc4c(c3)OCO4)Cc5nc(co5)C(=O)NCC6CC6,0,11.573068,0.173469
decoy,C09295107,CCCc1nnc2n1N[C@H]([C@H](S2)C(=O)Nc3ccccc3Cl)c4ccc(cc4)CC,0,11.205364,0.200000
decoy,C20414353,C[NH+]1CCN(CC1)CN2c3ccccc3[C@](C2=O)(CC(=O)c4ccc5c(c4)CCCC5)O,0,11.481332,0.209302
decoy,C43742990,CC1=C(O[C@@H]2[C@H]1[C@@]3(CC[C@H]4[C@@H]([C@H]3C2)CC=C5[C@]4(CC[C@H](C5)O)C)C)CC[C@H](C)CO,0,11.018183,0.102041
decoy,C64491160,Cc1ccc2=[NH+][C@@H]([NH+]=c2c1)CCc3ccc(cc3)NC(=O)CN4c5cc(ccc5OCC4=O)C(C)(C)C,0,11.838835,0.177083
decoy,C11854934,Cc1c(nc([nH]c1=O)n2c(cc(n2)c3cccs3)NC(=O)c4ccccc4C(F)(F)F)C,0,11.238046,0.212766
decoy,C05256177,COc1ccc(cc1)[C@@H]2c3cccn3CCN2C(=O)Nc4cccs4,0,11.084300,0.225352
decoy,C35938594,CC[C@@H](c1ccccc1)C(=O)N2CCN(C[C@H]2C)C(=O)CC[NH+]3CCc4c(ccs4)[C@@H]3c5ccccc5,0,11.139518,0.177083
decoy,C41585407,Cc1cc(c(c2c1C(=O)/C(=C/C=C/c3ccccc3)/O2)C[NH+]4CCN(CC4)c5ccccc5F)O,0,11.180399,0.176991
decoy,C08779731,CCN(Cc1ccc2c(c1)OCCO2)C(=O)CSc3nnc(n3c4ccc(cc4)F)[C@H](C)[NH+](C)C,0,11.256097,0.158333
decoy,C02435620,c1ccc(cc1)N2CN3C(=O)C[C@@H](C(=C3SC2)C#N)c4ccc(cc4)Cl,0,10.625135,0.172043
decoy,C36730594,C[C@@H](c1ccc(cc1)C(C)C)NC(=O)CN2C(=O)C3(CCC(CC3)C(C)(C)C)NC2=O,0,11.592785,0.164706
decoy,C06282815,COc1ccc2cc(c(=O)[nH]c2c1)C[NH+](Cc3cccs3)Cc4nnnn4C[C@H]5CCCO5,0,11.612665,0.180328
decoy,C10980429,Cc1ccc(cc1O)C(=O)O[C@H](C)C(=O)Nc2cc(ccc2Cl)S(=O)(=O)N3CCCCC3,0,11.196402,0.182609
decoy,C09433322,CC(C)CN1[C@H]([C@H](c2ccccc2C1=O)C(=O)NCCC[NH+](Cc3ccco3)C4CCCC4)c5cccs5,0,11.250381,0.200000
decoy,C12467518,CCOC(=O)c1c(c(c(s1)NC(=O)[C@H]2CCCN2S(=O)(=O)c3ccc(s3)Cl)C(=O)N)C,0,11.001678,0.233010
decoy,C38790628,CCOC(=O)c1c([nH]c(c1c2cc(ccc2OC)OC)C(=O)C(=O)Nc3ccc(cc3C)[N+](=O)[O-])C,0,11.570120,0.190476
decoy,C13036331,c1ccc2c(c1)[C@@H]3C/C(=C/4\C=C(C=CC4=O)O)/NN3[C@H](O2)c5ccsc5,0,11.688061,0.134146
decoy,C05362380,C[C@H]1CCC[C@H]([C@@H]1C)NC(=O)COC(=O)c2ccc(c(c2)[N+](=O)[O-])NC3CC3,0,11.786098,0.168539
decoy,C05097535,CC[C@H](C)NC(=O)c1cc(nn1c2cc(ccc2C)C)c3ccccc3F,0,11.024755,0.186047
decoy,C36028117,CC[C@H](C)[C@H]1C(=O)N(C2([NH2+]1)CCN(CC2)S(=O)(=O)c3ccc(cc3)C)CCc4ccc(c(c4)OC)OC,0,11.055822,0.184466
decoy,C14912166,CC[C@]1(C(=O)N(C(=O)N1)CC(=O)Nc2cc(ccc2N3CCCCC3)Cl)c4ccccc4,0,10.595974,0.223404
decoy,C16033233,CC(C)C[C@H]1[C@@H]2[C@@H](C(=O)N(C2=O)CC=C)[C@]3([NH2+]1)c4cc(ccc4NC3=O)Cl,0,12.039568,0.152174
decoy,C25467055,c1ccc(cc1)c2csc3c2c(=O)n(cn3)NC(=O)[C@H]4CC4(Cl)Cl,0,11.624949,0.179775
decoy,C06780436,Cc1cc(nc2c1c(c(s2)C(=O)N3C[C@H](C[C@@H](C3)C)C)n4cccc4)C,0,11.517003,0.166667
decoy,C44783018,C[C@H](C(C)C)NC(=O)C1(CCCC1)/C(=N/O)/N,0,10.583355,0.102941
decoy,C63361841,C[C@@H](C(=O)NCCc1ccc(cc1Cl)Cl)N2C(=O)[C@@]3([C@H]4C(=c5ccccc5=[NH+]4)CCN3C2=O)C,0,10.849997,0.221239
decoy,C13568118,CCn1c(nnc1S[C@H](C)C(=O)Nc2ccc3c(c2)OCO3)[C@@H](C)NC(=O)c4ccccc4,0,10.600413,0.210000
decoy,C42356081,C[C@H](C(=O)Nc1ccc2c(c1)OCCCO2)[NH+]3CCC[C@@H]3c4cccs4,0,12.272342,0.180851
decoy,C07247230,CCNc1nnc(s1)SCC(=O)NC(=O)NC23CC4CC(C2)CC(C4)C3,0,11.419246,0.136842
decoy,C63426904,C[C@H]1C/C(=C\c2cc(c(c(c2)OC)OC)OC)/C3=C(C1)[C@H](NC(=S)N3)c4cc(c(c(c4)OC)OC)OC,0,11.039657,0.162162
decoy,C43424727,CC(C)Oc1c(ccc(n1)N2CCO[C@H]3[C@@H]2CCCC3)N,0,11.287065,0.160000
decoy,C20478362,c1cc(ccc1NC(=O)[C@@H]2CCCC[C@@H]2C(=O)[O-])S(=O)(=O)Nc3ccc(c(c3)Cl)Cl,0,11.680014,0.230769
decoy,C06464479,CCOc1cc(ccc1O)/C=C\2/C(=N/C(=N\c3cccc(c3C)C)/S2)O,0,12.434005,0.220779
decoy,C35520253,C[C@]12CC[C@](C1(C)C)(c3c2nc4cc(c(cc4n3)Cl)Cl)C(=O)NNC(=O)c5cccc(c5)[N+](=O)[O-],0,11.547496,0.188119
decoy,C63270935,c1ccc2=[NH+]CC(=c2c1)CCNC(=O)CCNC(=O)CN3CNc4ccccc4C3=O,0,10.893674,0.168675
decoy,C09646890,Cc1ccc(cc1C(=O)NC[C@H](c2ccc(cc2)OC)[NH+]3CCCCC3)S(=O)(=O)N4CCCC4,0,11.285236,0.236842
decoy,C41313895,Cc1cccc2c1oc(c2)C(=O)Nc3c(c4c(s3)C[C@H](CC4)C)C(=O)N[C@H]5CCS(=O)(=O)C5,0,10.672176,0.198198
decoy,C12485671,CC(C)(C)c1ccc(cc1)C2=Nc3c4ccccc4ccc3C(=NN2)c5ccc(cc5)N(C)C,0,11.837111,0.200000
decoy,C63374902,C[C@@]12[C@@H]3C(=c4ccccc4=[NH+]3)[C@@H](CN1C(=O)CN(C2=O)Cc5ccccc5)c6ccc(cc6)Br,0,10.951616,0.165217
decoy,C20257588,Cc1ccc(cc1NS(=O)(=O)N2CCCC[C@@H]2C)N,0,10.971301,0.187500
decoy,C40824993,Cc1c\2c(oc1C(=O)Oc3cccnc3)CCC/C2=N\NC(=[NH2+])N,0,11.649085,0.200000
decoy,C58905795,Cc1ccc(cc1NC(=O)c2cc3cc(ccc3o2)Cl)S(=O)(=O)NC,0,11.497876,0.215190
decoy,C29956583,c1ccc(cc1)[C@H](c2ccc3c(c2)[nH]c(n3)C(F)(F)F)NC(=O)C[C@@H]4C(=O)Nc5ccccc5O4,0,11.588031,0.178947
decoy,C23505993,c1ccc(cc1)c2ccc(cc2)C[NH+]3CCNC(=O)[C@H]3CC(=O)N4CCc5c(c[nH]n5)C4,0,12.008476,0.200000
decoy,C40010982,Cc1ccc(c2=[NH+]C(=O)[C@@H](C=c12)[C@@H]3c4cc(c(cc4CCN3C(=S)NCCOC)OC)OC)C,0,10.764034,0.204545
decoy,C57309817,CC[NH+](CC)CCC[C@@H](C)NC(=O)c1cc(nc2c1c(nn2[C@@H]3CCS(=O)(=O)C3)C)c4ccco4,0,10.827084,0.173077
decoy,C39939985,c1ccc(cc1)c2cc(n(n2)[C@@H]3N=[NH+]C(=S)N3/N=C/c4ccc(cc4)Br)c5ccccc5,0,11.672797,0.160920
decoy,C63671324,Cn1cc(c2c1cccc2)C3=C[C@@H]4N(N3)CCC(=O)N4CC(=O)NCCC5=c6cc(ccc6=[NH+]C5)OC,0,10.958661,0.228571
decoy,C39671083,Cc1c(c(no1)c2ccccc2)C(=O)N3C[C@H](C4(C3)CC[NH2+]CC4)C(=O)NCCc5ccco5,0,10.711184,0.180000
decoy,C60280644,C#CCN1C(=[NH2+])[C@H]([NH+]=C1C2CC2)c3cccc(c3)F,0,11.804305,0.180851
decoy,C13500104,CCC[C@@H](c1nnnn1Cc2ccc(cc2)F)[NH+](Cc3cc4cccc(c4[nH]c3=O)C)C5CCCC5,0,11.369033,0.194915
decoy,C12814535,Cc1cc(c(n1C2CC2)C)C(=O)N3CC[C@@H]4CCCC[C@H]4C3,0,11.016911,0.196970
decoy,C21234894,CCCOc1ccc(cc1)[C@H]2CC3=C([C@@H](Nc4ccccc4N3)c5cc(c(c(c5)OC)OC)OC)C(=O)C2,0,11.673854,0.206522
decoy,C35911922,Cc1cc(nn1c2ccc(cc2)C(C)C)c3c(nc4n(c3=O)c(cs4)CC(=O)NC(C)C)C,0,10.969419,0.164835
decoy,C15947547,C[C@@H]1CCc2c(sc3c2C(=N[C@@H](N3)c4ccccc4OC(=O)c5cc(c(c(c5)OC)OC)OC)O)C1,0,11.905677,0.213483
decoy,C12757192,C[C@H](C(=O)Nc1ccnn1C(C)C)Sc2nc3cc(ccc3c(=O)n2C[C@H]4CCCO4)C(=O)OC,0,11.227776,0.182540
decoy,C22890996,Cc1ccc(cc1C)S(=O)(=O)C2(CCCC2)C(=O)Nc3ccc4c(c3)NC(=O)[C@@H](O4)C,0,11.093977,0.211111
decoy,C00883768,Cn1c(nnc1SCC(=O)Nc2ccccc2C(F)(F)F)c3ccc(cc3)S(=O)(=O)N4CCOCC4,0,11.064738,0.201835
decoy,C43218916,CCc1ccc(cc1)N2C(=O)[C@H]3[C@H]([NH2+][C@@]([C@@H]3C2=O)(c4ccccc4)C(=O)[O-])c5ccccc5O,0,11.133774,0.179487
decoy,C08410502,Cc1ccc(c(c1)C)C2=NN=C3[C@@H]2[C@@H](C(=C(O3)N)C#N)c4cc(c(c(c4)C(C)(C)C)O)C(C)(C)C,0,11.728512,0.160494
decoy,C12642571,Cc1cc(no1)NC(=O)[C@H]2[C@@H]3C(=O)N([C@@H]([C@@]34C=C[C@@]2(O4)C)C(=O)NC(C)(C)C)CCC(C)C,0,10.806977,0.150538
decoy,C43215780,c1ccc(cc1)C[C@@H](c2ccccc2)NC(=O)c3coc(n3)c4ccc(cc4)N,0,11.605400,0.256410
decoy,C36207407,Cc1c2c(=O)[nH]c(nc2sc1C(=O)OC(C)C)C[NH+](C[C@H](COc3ccccc3)O)C(C)C,0,11.251661,0.180851
decoy,C09763683,c1cc(cnc1)C=NNC(=O)c2cc(n[nH]2)c3cc(cc(c3)Cl)Cl,0,12.435452,0.218750
decoy,C16007123,c1ccc2c(c1)C=C[NH+]3[C@H]2[C@]4(c5ccccc5NC4=O)[C@H]([C@H]3C(=O)c6ccco6)C(=O)c7ccc(cc7)Cl,0,11.343149,0.151163
decoy,C08854980,CCCCOc1ccc(cc1)C2=NN=C3[C@H]2[C@H](C(=C(O3)N)C#N)c4cc5c(cc4Br)OCO5,0,11.688538,0.201835
decoy,C18204027,Cc1cc(no1)NC(=O)CSc2[nH]c(=O)c(c(n2)N)NC(=O)c3ccccc3,0,12.094032,0.223529
decoy,C22910900,CC(C)(C[NH2+]C1CCN(CC1)c2ccc(cc2)C(=O)NCc3ccc4c(c3)OCO4)N5CCOCC5,0,10.991097,0.190909
decoy,C19283837,CCC(CC)(C#C)NC(=O)CSc1nnc(n1c2ccccc2Cl)N3CCCC3,0,10.788889,0.207207
decoy,C23644725,C[C@@H]1CCc2c(sc3c2c(=O)[nH]c(n3)[C@@H](C)Sc4nnnn4c5ccc(cc5)O)C1,0,11.505720,0.154762
decoy,C24709199,c1ccc(cc1)[C@H](c2cc3ccccc3o2)NC(=O)Cn4c(=O)c5ccccc5c(n4)C(=O)N,0,11.313331,0.212766
decoy,C67397697,C[C@@H]1CCC[NH+](C1)C[C@@H](C)NC(=O)C(=O)N2CCCc3c2cc(cc3)F,0,11.790378,0.183486
decoy,C18350890,Cc1cc(ccc1NC(=O)CN2C(=O)[C@](NC2=O)(C)c3ccc(cc3)C(C)(C)C)N4CCCC4,0,10.618577,0.180851
decoy,C67202478,C[C@@]1(C(=O)N(C(=O)N1)CC(=O)NC[C@H]2CCC[NH+]2CC3CCCCC3)C4CC4,0,10.549989,0.142857
decoy,C14994430,CC(C)(C)NC(=O)c1cn(cc(c1=O)C(=O)NC[C@@H]2CCC[NH+](C2)C)C3CCCCC3,0,11.293630,0.176471
decoy,C06312658,C/C(=N\Nc1ccccn1)/c2ccc3c(c2)Nc4ccccc4S3,0,11.730433,0.209877
decoy,C09117776,CSCC[C@@H](C(=O)Nc1ccc(cc1)n2cnc3c2cccc3)NS(=O)(=O)c4ccccc4F,0,11.294206,0.209091
decoy,C37358874,Cc1cccc(c1)n2c(c3c(nc(nc3n2)NCC(C)C)c4cccs4)N,0,11.770162,0.205128
decoy,C13654256,C[C@@H]1C[C@@H](C[NH+](C1)Cc2c(ccc3c2O/C(=C/c4cn(c5c4cc(cc5)OC)C)/C3=O)[O-])C,0,11.293693,0.171717
decoy,C21660736,Cc1c2c(n(n1)c3[nH]c4ccccc4n3)NC(=O)C[C@H]2c5ccc(cc5)C(F)(F)F,0,11.627557,0.164706
decoy,C38576712,Cc1cc(c(c(c1)C2=NN=C(C2)C(=O)N[C@H]3[C@H]([C@@H]4CCC[C@@H]4S3)C(=O)NCc5ccco5)O)C,0,10.730482,0.180000
decoy,C24709239,c1ccc(cc1)[C@@H](c2cc3ccccc3o2)NC(=O)CCN4C(=O)C5(CCCC5)NC4=O,0,11.677444,0.194805
decoy,C60037411,C[C@@H]1CCC[C@@H]([C@@H]1C)n2c(=O)c3ccccc3nc2SCCCN4CCCC4=O,0,10.792509,0.196078
decoy,C39344630,CC(C)CC[C@H]1N=C([C@H]2N1CC[NH+](C2)C[C@@H]3C=CN=N3)Cc4ccc(cc4)OC,0,11.586105,0.179775
decoy,C59890681,C[C@@H]1CCC[C@@](C1)(CNC(=O)C2CCN(CC2)S(=O)(=O)c3ccc4c(c3)CCC4)[NH+](C)C,0,11.276732,0.188679
decoy,C25057712,Cc1ccccc1[C@H](C)[NH2+]Cc2[nH]c(=O)c3c(csc3n2)c4ccccc4Cl,0,10.959295,0.180000
decoy,C39421761,CCc1cccc2=C(C[NH+]=c12)C(=O)[C@@H](c3ccccc3)OC(=O)CN4C=N[C@H]5[C@@H]4C(=O)N(C(=O)N5C)C,0,11.039708,0.173913
decoy,C57866277,c1ccc(c(c1)NC(=O)N2CCC[C@@H](C2)c3nnc4n3cccc4)N5CCCCCC5,0,10.869518,0.180000
decoy,C67042730,CC(C)(C)C(=O)N1CCCN(CC1)C(=O)N[C@@H]2CCC[C@@H](C2)C(F)(F)F,0,11.250033,0.148936
decoy,C06843952,C[C@@H](c1nnc(o1)c2cccs2)Sc3nc(n(n3)c4ccccc4)C5CC5,0,10.832136,0.178947
decoy,C46913040,CN(C)c1ccc(cc1)[C@@H](CNC(=O)CN(C)S(=O)(=O)c2cccnc2)c3c[nH]c4c3cccc4,0,11.856238,0.191667
decoy,C19961788,CCc1ccccc1NC(=O)C[C@H]2C(=O)NCCN2C(=O)C[NH+]3CCN(CC3)c4ccccc4,0,10.894145,0.194690
decoy,C20933388,COc1ccccc1/C=C/C=N/NC(=O)c2c(c(c(c(n2)Cl)Cl)N)Cl,0,11.940007,0.207317
decoy,C20719627,CCN(c1ccccc1)C(=O)c2ccc3c(c2)[C@H]4C=CC[C@@H]4[C@H](N3)c5c6ccccc6ccc5OC,0,11.219075,0.223529
decoy,C14995554,COC(=O)c1ccc(cc1)C[NH2+]CC[C@@H]2CCC(=O)N2C[C@@H](c3ccncc3)N4CCOCC4,0,11.810789,0.194690
decoy,C15839320,CC[C@]1(Cc2ccccc2-c3c1c(=O)n4c(n3)n(nc4SCC(=O)NCc5ccccc5)CC)C,0,10.871762,0.178571
decoy,C20755152,Cc1c(ccc2c1N[C@H]([C@H]3[C@H]2C=CC3)c4cccc(c4)OC)[N+](=O)[O-],0,11.313641,0.183908
decoy,C01062379,CCOC(=O)C1=C(N(C2=C([C@H]1c3cc(c(c(c3)OC)OC)OC)C(=O)CC(C2)(C)C)c4cccc(c4)C)N,0,10.869554,0.200000
decoy,C06197743,CCc1ccc2c(c1)cc(c(=O)[nH]2)CN(CC[NH+]3CCOCC3)C(=S)NC[C@@H]4CCCO4,0,11.559840,0.180952
decoy,C56782036,CCCCC[C@@H](C)NC(=O)N1CCC(CC1)C(=O)Nc2cc(ccn2)C,0,11.748569,0.263158
decoy,C34683712,Cc1ccccc1S(=O)(=O)N(c2ccc(cc2)F)C3CC[NH+](CC3)Cc4ccc(cc4)C(F)(F)F,0,11.182170,0.170732
decoy,C39686601,C[C@H](Cc1ccccc1OC)NC(=O)[C@H]2CN(CC23CC[NH2+]CC3)C(=O)c4cccn4C,0,10.774119,0.190476
decoy,C39227396,CC(C)(C#C)NC(=O)c1cccc(c1)c2ccc3c(c2)[C@H](CC4(O3)CC[NH+](CC4)C)O,0,11.320088,0.170455
decoy,C04569006,Cc1ccccc1NC(=O)[C@@H]2[C@@H]3c4ccccc4O[C@@]5([C@@H]3CCCC5)N(C2=O)C,0,10.901607,0.170455
decoy,C13032756,Cc1ccc2cc(c(=O)[nH]c2c1C)C[NH+](Cc3ccc(cc3)F)Cc4nnnn4Cc5ccc(cc5)F,0,11.035098,0.175439
decoy,C64215349,Cc1c(sc2c1c(ncn2)SCC(=O)N[C@@H](CC3=c4ccccc4=[NH+]C3)C(=O)OC)C,0,11.263808,0.189474
decoy,C03841359,CC(=O)Nc1ccc(cc1)S(=O)(=O)Nc2ccc3n(c2=O)C[C@H]4C[C@@H]3C[NH+](C4)CCCc5ccccc5,0,11.720692,0.182796
decoy,C19296833,Cc1cc(cc(c1)n2c(nnc2S[C@@H](C)C(=O)NC)c3ccc(cc3)Br)C,0,11.610226,0.226190
decoy,C59170581,c1ccc2c(c1)cc(/c(=[NH+]/c3ccc(cc3)S(=O)(=O)N)/o2)C(=O)Nc4ccccc4Br,0,12.237362,0.222222
decoy,C14474216,C=CCNS(=O)(=O)c1ccc2c(c1)[C@@H]3C=CC[C@H]3[C@@H](N2)c4ccccc4O,0,12.429539,0.170455
decoy,C00863528,CC1=C([C@H](C2=C(N1)C[C@H](CC2=O)c3ccc(c(c3)OC)OC)c4cccc(c4)[N+](=O)[O-])C(=O)OC5CCCC5,0,11.030070,0.191489
decoy,C15770415,c1ccc(cc1)C2=NN3C(=[NH+]C(=C[C@]3(C2)c4ccccc4)c5ccccc5)c6ccc(cc6)[N+](=O)[O-],0,10.912203,0.207317
decoy,C35002060,Cc1c(sc(n1)N2[C@H](c3c(=O)c4ccccc4oc3C2=O)c5ccc(cc5)O)C(=O)C,0,10.673935,0.172840
decoy,C19757941,CCN(CC)C(=O)CN1CC(Oc2c1cc(cc2)N)(C)C,0,11.032547,0.160377
decoy,C38702817,CCc1ccc2c(c1)c(=O)c3c(o2)C(=O)N[C@H]3c4ccc(c(c4)Cl)Cl,0,11.395019,0.164948
decoy,C39237562,Cc1cc(nc2c1[C@H]3[C@H](S2)C(=O)N[C@@H](N3)[C@@H]4C=NN=C4c5ccc(cc5)OC)C(F)(F)F,0,11.526339,0.202247
decoy,C13063928,CC[C@H](c1nnnn1Cc2ccc(cc2)F)[NH+](Cc3ccccc3)Cc4cc5ccc(cc5[nH]c4=O)C,0,11.501827,0.203390
decoy,C35097890,CC[C@@H](C)[C@H](C(=O)N1CCN([C@@H](C1)C)C(=O)NC(C)C)NC(=O)c2ccccc2F,0,10.575079,0.174757
decoy,C14479336,Cc1ccc(c(c1)C)NS(=O)(=O)c2ccc3c(c2)[C@@H]4C=CC[C@H]4[C@@H](N3)c5ccc(c(c5)OC)OC,0,11.464128,0.174757
decoy,C12872228,CCC(C)(C)NC(=O)[C@H](c1ccccc1)N(Cc2ccc(cc2)C)C(=O)c3csnn3,0,10.736063,0.183673
decoy,C40376889,CCC[C@H](/C(=N/O)/N)NS(=O)(=O)c1cc(cc(c1)Cl)Cl,0,10.478578,0.175676
decoy,C09712562,Cc1c(c(n(n1)c2ccccc2)C)C[NH+](C)Cc3[nH]c(=O)c4c(csc4n3)c5ccccc5,0,10.574248,0.168142
decoy,C20465631,Cc1ccc(cc1)S(=O)(=O)NC[C@@H]2[C@@H]([C@@H]([C@@H](O2)CO)O)N3CCN(CC3)c4cccc[nH+]4,0,10.843167,0.175824
decoy,C02518742,Cc1cc(ccc1O[C@@H](C)c2nnc(n2CC=C)S)Cl,0,10.509547,0.195402
decoy,C13070729,CC1CC[NH+](CC1)[C@@H](CNC(=O)c2ccc3c(c2)S(=O)(=O)c4ccccc4C3=O)c5cccs5,0,11.418972,0.162162
decoy,C39666144,CCSc1c(cccn1)C(=O)N2C[C@@H](C3(C2)CC[NH2+]CC3)C(=O)NC[C@@H](C)Oc4ccc(cc4)C,0,11.047309,0.180952
decoy,C09729744,C[C@@H](c1nnc(n1c2ccc(cc2)F)SCC(=O)NCc3ccc4c(c3)OCO4)[NH+]5CCCCC5,0,10.956299,0.166667
decoy,C64714628,C[C@H]1C(=C(N=C1C(=O)N2CCC(CC2)CC(=O)NCC[C@H](C)[NH+]3CCCCCC3)C)C(=O)OC,0,11.004756,0.165138
decoy,C39361709,Cc1cccc(c1)N2[C@@H](NN=C2SCC(=O)Nc3ccccc3F)Cc4cc(=O)[nH]c(=O)[nH]4,0,11.577915,0.204301
decoy,C14151958,CCc1ccccc1NC(=O)COC(=O)c2c(c3c(cc(nc3s2)C)C)N,0,11.717511,0.206522
decoy,C37211505,C[C@@H]1CCCC[C@@H]1[NH2+][C@@H](c2cccs2)c3ccc(s3)Cl,0,11.010332,0.139535
decoy,C08994418,CC[NH+]1CCc2c3ccccc3[nH]c2[C@H]1c4c(=O)[nH]c(=O)n(c4O)c5cccc6c5cccc6,0,11.879872,0.181818
decoy,C66629042,Cc1ccn2cc([nH+]c2c1)CNC(=O)C[C@@H](C)NC(=O)C3CCCCC3,0,10.590304,0.196078
decoy,C11730283,c1cc2c(c3c1-c4c(sc(n4)N)C5(O3)CCCCC5)OCCO2,0,11.697596,0.131579
decoy,C63280739,CC(=O)Nc1ccc(cc1)S(=O)(=O)N2CCC(CC2)C(=O)NCCC3=c4cc(ccc4=[NH+]C3)OC,0,10.439896,0.231707
decoy,C17101642,CCc1cc(c(s1)NC(=S)NNC(=O)c2csc3c2CC[C@@H](C3)C)C(=O)OC,0,11.527120,0.170940
decoy,C19402855,c1ccnc(c1)c2[nH]c(=O)cc(n2)[C@@H]3CC[NH+](C3)C[C@@H]4CCC=CC4,0,11.055192,0.162162
decoy,C29481548,[H]/N=C/1\CN(C(=O)N1C)CCOCC\2=NC(=C([C@@H](/C2=C(\[O-])/OCC)c3ccccc3Cl)C(=O)OC)C,0,10.502740,0.236364
decoy,C58952774,CCCCCn1c(=O)c2ccccc2c(n1)C(=O)NCc3ccc([nH+]c3)N4CCO[C@@H](C4)C,0,11.848167,0.198198
decoy,C49935037,CC(C)[C@H](C(=O)N1CCN(CC1)c2cccc[nH+]2)NC(=O)c3ccccc3,0,10.715441,0.197368
decoy,C11106760,c1cc(cc(c1)S(=O)(=O)/N=C/2\CCCN2)NC(=O)CSc3nncn3CCc4cccs4,0,11.310450,0.201613
decoy,C02645160,c1ccc2c(c1)CN(C2=[NH2+])c3ccc(cc3)c4ccc(cc4)N5Cc6ccccc6C5=[NH2+],0,10.755380,0.162162
decoy,C12925347,CCCC(=O)Nc1ccc(cc1)C(=O)[C@H](C)OC(=O)[C@@]23CCC(=O)N2c4ccccc4S3,0,10.810718,0.197531
decoy,C20928823,Cc1ccc(c(c1)C)N2C(=O)CN(C[C@]2(C)C(=O)NC3CCCCC3)S(=O)(=O)c4ccccc4,0,10.919706,0.213592
decoy,C09868393,Cc1nnc(n1N)Sc2c3c4c(sc3nc(n2)CSc5ccc(cc5)Cl)CCC4,0,11.805343,0.147368
decoy,C40172713,Cc1c(sc(c1C(=O)N)NC(=O)[C@H](C)n2c(nnc2SCCc3ccccc3)N)C,0,10.360134,0.211111
decoy,C65010139,Cc1cccc2c1oc(c2C)c3nc(on3)C(=O)NCCc4c(ccs4)C,0,11.506680,0.189873
decoy,C65959212,Cc1cccn2c1[nH+]c(cc2=O)CN(CCCc3ccccc3)CCOC,0,11.099776,0.202703
decoy,C66782048,CCCC[C@H](C(=O)Nc1cccc(c1)c2c(ccs2)C)NC(=O)N,0,11.086012,0.256410
decoy,C22381550,C[NH+](C)[C@H](CNC(=O)CCc1nc(c(o1)c2ccccc2)c3ccccc3)c4ccco4,0,11.101213,0.204301
decoy,C39227374,CC(C)[NH+]1CCC2(CC1)CC(=O)c3cc(ccc3O2)c4cccc(c4)C(=O)NC(C)(C)C#C,0,10.788578,0.168539
decoy,C14378977,CC(=O)c1ccccc1NC(=O)CSc2ccc(cc2)[N+](=O)[O-],0,10.993017,0.212121
decoy,C01445557,CCOC(=O)C1=C(N(C2=C([C@H]1c3ccc4c(c3)OCO4)C(=O)CCC2)c5ccccc5C(F)(F)F)N,0,11.458401,0.200000
decoy,C09173753,CC(C)COc1ccc(cc1)S(=O)(=O)Nc2ccc3c(c2)NC(=O)C(CO3)(C)C,0,11.826776,0.202247
decoy,C13064445,CC[C@@H](c1nnnn1C2CCCC2)[NH+](Cc3ccc(cc3)C)Cc4cc5cc6c(cc5[nH]c4=O)OCCO6,0,11.644154,0.172131
decoy,C39943065,C[C@H]1Nc2c(c(cs2)c3cccs3)C(=O)N1CC(=O)NCCCc4c(c(n[nH]4)N)C#N,0,10.619212,0.185567
decoy,C15761613,C[C@@H]1CCC[C@H]([C@@H]1C)NC(=S)NNC(=O)c2c(ccc(n2)Cl)Cl,0,11.609223,0.200000
decoy,C63387249,Cc1cc(cc(c1)NC(=O)CC[C@@H]2C(=O)N(C(=N2)O)CCC3=c4cc(ccc4=[NH+]C3)OC)C,0,11.083171,0.208333
decoy,C13500126,CCC[C@@H](c1nnnn1CC(=O)OCC)[NH+](Cc2cc3cccc(c3[nH]c2=O)C)C4CCCCC4,0,11.454989,0.186992
decoy,C22398422,CC(C)C[C@@H](c1ccc(cc1)OC)NC(=O)CN(c2cccc(c2)F)S(=O)(=O)c3ccc(cc3)SC,0,10.928849,0.222222
decoy,C10603437,CCOC(=O)C1=C(NC(=O)N[C@@H]1c2ccc(cc2)OC)CSc3ccc4c(c3)OCCCO4,0,11.623934,0.223529
decoy,C38875994,Cc1cc2c(cc1C)s/c(=N\C(=O)c3c(nc(s3)C)C)/n2CC#C,0,11.570471,0.166667
decoy,C59076301,Cc1ccc(cc1)S(=O)(=O)/N=C(/N(Cc2ccc(cc2)OC)Cc3ccc(c(c3OC)OC)OC)\[O-],0,11.547691,0.205479
decoy,C64600387,Cc1cc(c2c(c1)OC(=O)[C@@H]([C@@H]2C)CC(=O)NCCC3=c4cc(ccc4=[NH+]C3)Cl)O,0,10.973785,0.191489
decoy,C23118791,CCc1ccccc1NS(=O)(=O)c2ccc(cc2)CN3C(=O)c4ccccc4C3=O,0,11.693357,0.181818
decoy,C64050837,c1ccc(cc1)c2ccccc2NC(=O)COC(=O)CCC3=NC(=O)C4=C5CCCC[C@@H]5SC4=N3,0,11.290328,0.189474
decoy,C33502044,CC[C@@H]1C(=O)N(c2cc(ccc2O1)[C@H](C3CC3)[NH3+])CC(=O)N,0,11.108377,0.206897
decoy,C63385327,Cc1c(oc2c1cc3c(c2)OC(=O)[C@@H]([C@H]3C)CCC(=O)NCCC4=c5cc(ccc5=[NH+]C4)OC)C,0,11.070428,0.186441
decoy,C38687948,Cc1c2ccccc2oc1C(=O)Oc3ccc4c(c3)OC(=C([C@@H]4c5ccccc5F)C#N)N,0,11.485228,0.184783
decoy,C12889543,Cc1cccc2c1NC(=O)[C@@]23[C@]4(c5ccccc5NC4=O)[C@@H]([C@@H]6[NH+]3CCC6)C(=O)c7ccccc7,0,10.347387,0.166667
decoy,C09165012,c1ccc2c(c1)NC(=O)CN2C(=O)NCC(=O)Nc3ccc(cc3)C(F)(F)F,0,10.626324,0.226667
decoy,C27751337,Cc1cc(cc(c1)NC(=O)C2=C(NC(=O)N[C@@H]2c3cc(c(cc3Br)OC)OC)C)C,0,11.322074,0.217391
decoy,C15675588,Cc1ccc(cc1)CN2Cc3c([nH]c[nH+]3)C[C@H]2c4nc(no4)c5ccc(cc5)OC(F)(F)F,0,11.561461,0.175824
decoy,C13206076,Cc1ccc(cc1)c2nnc(n2CC(=O)[O-])SCC(=O)N3Cc4ccccc4C[C@H]3C(=O)OC,0,10.524337,0.193548
decoy,C35427433,CC[NH+]1CCc2c(sc-3c2CN([C@H](c4n3ccc4)c5ccccc5)C(=O)Nc6ccccc6C)C1,0,11.450099,0.168224
decoy,C16725013,Cc1ccc(c(c1)NC(=O)[C@@H](C)Sc2nnc(n2N)c3ccc(cc3)C(C)(C)C)OC,0,12.051597,0.204545
decoy,C60372042,CC(C)Oc1cc(ccc1C(=O)NCc2cn3c([nH+]2)CCCC3)Br,0,10.330066,0.229885
decoy,C16040123,C[C@H]1CCCC[NH+]1Cc2c(cco2)CC[C@H]3C(=C)CC[C@H]4[C@@]3(CCC[C@@]4(C)C(=O)OC)C,0,10.721863,0.175439
decoy,C34790948,[H]/N=C/1\N(CC(=O)N1c2ccccc2)c3nc(nc(n3)Cl)N(C)C,0,11.148696,0.179487
decoy,C51363723,CCn1c2ccc(cc2oc1=O)[C@@H](c3ccsc3)Cl,0,10.769829,0.140000
decoy,C03414654,c1ccc2c(c1)c(c[nH]2)C[C@H](C(=O)OCC(=O)Nc3ccc4c(c3)OCCO4)NC(=O)c5cccs5,0,11.875356,0.204301
decoy,C62851373,Cc1c(cccc1[N+](=O)[O-])CC2(CC[NH2+]CC2)C(=O)[O-],0,11.067008,0.210526
decoy,C19661496,CC(C)(C)[C@H]1CCc2c(c(n[nH]2)C(=O)NCc3ccc(cc3)S(=O)(=O)N(C)C)C1,0,11.842675,0.186813
decoy,C12949397,Cc1c(c(=O)n(n1C)c2ccccc2)NC(=O)[C@H](C)OC(=O)[C@H](C(C)C)NC(=O)OCc3ccccc3,0,10.701353,0.235294
decoy,C06193740,Cc1cc(c2cc(c(=O)[nH]c2c1)[C@H](c3nnnn3C4CCCCC4)[NH+](Cc5cccnc5)Cc6ccco6)C,0,11.974774,0.175000
decoy,C20080923,Cc1ccc(c(c1)N2CCN(CC2)[C@H](c3cc4cc5c(cc4[nH]c3=O)OCO5)c6nnnn6C7CCCC7)C,0,10.747534,0.162602
decoy,C63557292,Cc1ccc(cc1C)NC(=O)[C@@H]2CC(=O)N(C2)CCC3=c4cc(ccc4=[NH+]C3)Cl,0,10.979024,0.211765
decoy,C13064513,CC[C@@H](c1nnnn1CCOC)[NH+](Cc2ccc(cc2)C)Cc3cc4cc(c(cc4[nH]c3=O)OC)OC,0,11.784242,0.173554
decoy,C66343325,C[C@@H]1CCCCN1C(=O)NC[C@@H]2CCN(C2)c3ccc(cc3)F,0,11.268373,0.212766
decoy,C09403374,C[C@H]1Cc2cc(ccc2O1)C(=O)C3=C(C(=O)N([C@H]3c4ccc(cc4)OC)CCC[NH+](C)C)[O-],0,10.757259,0.229885
decoy,C41652342,Cc1ccc(cc1N)c2c3cc(cc(c3on2)Cl)Cl,0,10.754791,0.194030
decoy,C06443593,Cc1cccc2c1[nH]c(=O)c(c2)[C@@H](c3nnnn3C(C)(C)C)[NH+]4CCN(CC4)c5cccc(c5)C(F)(F)F,0,11.061180,0.182796
decoy,C01375202,CC[C@@H](c1nnnn1C(C)(C)C)N(Cc2ccc(cc2)F)Cc3cc4c(cc(cc4[nH]c3=O)C)C,0,11.625826,0.165049
decoy,C67101458,Cc1cccc(c1)C(=O)NNC(=O)NCc2c(nc(s2)c3ccccc3)C,0,11.187644,0.263158
decoy,C09969142,c1ccc(cc1)N2CC[NH+](CC2)Cc3nc(nc(n3)Nc4cccc5c4cccc5)N,0,11.271545,0.228571
decoy,C39736578,C[C@H](c1nnc(n1c2ccc(cc2)OC)S[C@@H](C)C(=O)C3=c4ccccc4=[NH+]C3)[NH+]5CCCCC5,0,10.790204,0.178571
decoy,C44452921,CC(=O)NNC(=O)c1c2c(sc1NC(=O)c3cc(ccc3[N+](=O)[O-])Cl)CCCCC2,0,11.618549,0.180723
decoy,C27231993,Cc1ccc(cc1)c2c(cn(n2)c3ccccc3)C(=O)c4nc(ns4)CC(=O)C,0,10.784735,0.186047
decoy,C21808570,CC1CCC(CC1)NC(=O)[C@]2(Cn3c4ccsc4cc3C(=O)N2CCc5ccccc5)C,0,10.775437,0.240506
decoy,C66239105,c1ccc2c(c1)cccc2CSc3nnc(s3)SC[C@@H](CCC#N)C#N,0,11.227793,0.164384
decoy,C65882705,CC(C)(C)c1nc(no1)c2ccc(cc2)NC(=O)[C@@H]3CC(=O)N(C3)C4CCCC4,0,10.892655,0.227848
decoy,C40568163,Cc1cc2c(c(=O)n1CC[NH+](C)C)[C@H](C(=C(O2)N)C(=O)OC)c3cc(ccc3OC)OC,0,10.506209,0.207547
decoy,C37420770,CC1(O[C@@H]2C[C@](C[C@@H]([C@@H]2O1)OCC=C)(C(=O)NC[C@H]3CCCO3)OCc4cccc(c4)C(F)(F)F)C,0,10.388240,0.214286
decoy,C00927352,Cc1cc(c2cc(c(=O)[nH]c2c1)CN(Cc3cccs3)Cc4nnnn4C5CCCCC5)C,0,11.520221,0.169643
decoy,C50307507,CCc1c(c(n[nH]1)C(=O)N2CCC[C@H]2C3CCCCC3)N,0,10.549932,0.182796
decoy,C49763116,C[C@H](c1ccccc1Cl)[NH2+]CC(=O)/N=c\2/[nH]c(cs2)c3ccc(cc3)OC,0,11.489206,0.213333
decoy,C00305800,CCC(=O)NC1=C(C2(CCCCC2)Cc3c1cccc3)C#N,0,11.455276,0.203883
decoy,C50603353,c1ccc2c(c1)CC[C@H](N2)C(=O)NC[C@@H]3CCS(=O)(=O)C3,0,10.875718,0.173333
decoy,C39937985,CC(C)[C@@H](C(=O)N/N=C/C1=c2ccccc2=[NH+]C1)NC(=O)c3ccc(cc3Cl)Cl,0,11.754735,0.163043
decoy,C39669190,c1ccc(cc1)c2ccc(o2)C(=O)N3C[C@@H](C4(C3)CC[NH2+]CC4)C(=O)NC[C@H]5c6ccccc6CCO5,0,11.023531,0.159574
decoy,C04848048,Cc1nc2c(c3c(s2)C[C@@H](CC3)C)c4n1c(nn4)SCC(=O)NC5CCCC5,0,10.516254,0.200000
decoy,C63135279,CCCCC1=[NH+][C@H](ON1)[C@H](C)Sc2nnc(n2C[C@@H]3CCCO3)C4=c5ccccc5=[NH+]C4,0,11.271311,0.131579
decoy,C11691940,c1ccc(cc1)N2CCN(CC2)C3=C(Nc4ccccc4N3)Cl,0,10.877236,0.175439
decoy,C67177337,CC(C)c1ccc(c(c1)O)C(=O)N2CCO[C@@H](C2)c3cccc(c3)F,0,11.580984,0.181818
decoy,C43510519,C/C=C(/C)\C(=O)O[C@H]1C[C@@]2([C@H](O2)C/C=C(/[C@@H]([C@@H]3[C@@H]1C(=C)C(=O)O3)O)\C)C,0,11.762691,0.145631
decoy,C13212284,CCOc1cc2c(cc1CNc3ccc(cc3[N+](=O)[O-])C(=O)[O-])O[C@H](C2)C,0,11.733976,0.204082
decoy,C36585002,Cc1ccc(cc1)S(=O)(=O)CNC(=O)[C@H](c2ccc(cc2)Cl)N(C(=O)c3ccco3)C(C)(C)C,0,10.559443,0.168539
decoy,C57945367,Cc1cccc(c1OC[C@H](C[NH+](C)[C@@H](C)c2ccc(cc2)S(=O)(=O)N)O)C,0,11.306477,0.205128
decoy,C05905178,Cc1cc(=O)[nH]c(n1)SCC(=O)N2c3ccccc3[C@H](CC2(C)C)C,0,11.045843,0.175824
decoy,C05291004,C[C@@H](c1ccc(cc1)S(=O)(=O)N)/[NH+]=C/c2cc(cc(c2O)Cl)Cl,0,10.723710,0.229730
decoy,C12894046,CN(C)S(=O)(=O)c1ccc(cc1)C(=O)Nc2c(nc(s2)SCC(=O)NC3CC3)c4ccccc4,0,10.664960,0.222222
decoy,C12131802,c1ccc(cc1)[C@H]2C[NH+](Cc3ccccc3O2)CCC(=O)NC[C@@H]4CCCN(C4)c5ncccn5,0,12.080574,0.182692
decoy,C39761339,CCc1c(sc(n1)NC(=O)CSc2nnc(n2c3ccccc3)CC(=O)Nc4ccc(cc4)F)C,0,11.323647,0.226087
decoy,C27603057,Cc1c(sc2c1c(=O)[nH]c(n2)CS[C@@H](C)C(=O)NC[C@H](c3cccs3)[NH+]4CCCC4)C,0,11.417621,0.154472
decoy,C32614496,CSc1ccc(cc1)/C=N\NC(=O)[C@@H]2COc3cc4ccccc4cc3O2,0,11.585994,0.178082
decoy,C54094471,C[C@H]1CCCC[C@@H]1NC(=O)N(C)Cc2ccc3c(c2)OCO3,0,11.885642,0.189474
decoy,C10342442,c1cc(cc(c1)Cl)N2CCN(CC2)C3=NC(=O)[C@H](C4(N3)CCCCCC4)C#N,0,10.677504,0.192308
decoy,C23372368,C[C@H]1C[C@H](CN(C1)C(=O)CN2CC[NH+](CC2)CC(=O)Nc3ccccc3C(=O)NCc4ccco4)C,0,11.310568,0.193548
decoy,C22504408,CC(C)C(=O)N1CCCc2c1ccc(c2)NC(=O)Nc3ccc4c(c3)OCO4,0,10.125749,0.227273
decoy,C12848535,Cn1ccc(n1)NC(=O)Cc2csc(n2)c3ccc(cc3)Cl,0,11.454563,0.216495
decoy,C13064180,CC[C@@H](c1nnnn1Cc2ccco2)[NH+](Cc3ccco3)Cc4cc5cc(ccc5[nH]c4=O)OC,0,11.447382,0.187500
decoy,C19927053,C/C(=N\NC(=O)c1c(nnn1c2c(non2)N)C[NH+]3CCCCC3)/c4ccc(cc4)Cl,0,10.773561,0.166667
decoy,C09891539,CS(=O)(=O)NCCc1ccc(s1)C(=O)NCCNc2ccc(cc2[N+](=O)[O-])C(F)(F)F,0,11.738335,0.172414
decoy,C08760701,c1ccc2c(c1)c3nc4ccccc4n3c(n2)SCC(=O)NC(=O)NCc5ccco5,0,11.875251,0.200000
decoy,C12246296,CCCCc1[nH]cc(n1)C[NH+]2CCC(CC2)[C@@]3(C(=O)N(C(=O)N3)CCc4ccc(cc4)OC)CC,0,10.651554,0.197674
decoy,C35671861,Cc1ccc(cc1C)n2cc(nc2NC(=O)CN(CC=C)C(=O)NC(C)C)c3ccc(cc3)Cl,0,11.559028,0.179487
decoy,C39672963,Cc1ccsc1C(=O)N2C[C@H](C3(C2)CC[NH2+]CC3)C(=O)NCC4(CCCCC4)N5CCOCC5,0,10.742843,0.185841
decoy,C57956057,Cc1c(c([nH]c1C(=O)[C@@H](C)OC(=O)c2cc(c(cc2NC(=O)[C@H]3C[C@@H]3C)OC)OC)C)C(=O)C,0,10.830703,0.191011
decoy,C19314688,CCOC(=O)C1=C(NC2=C([C@H]1c3ccccc3[N+](=O)[O-])C(=O)CC(C2)(C)C)C,0,11.042064,0.209302
decoy,C22144605,CCOc1ccccc1n2c(nnn2)SCc3csc(n3)CC(=O)Nc4ccc(cc4)C,0,11.887653,0.255556
decoy,C09797688,Cc1ccccc1C(=O)NNC(=O)N[C@H]2CCCC[C@@H]2C,0,11.890560,0.191781
decoy,C05367518,CCOc1c(cc(cc1Cl)C(=O)OCC(=O)c2ccc3c(c2)OCO3)OC,0,10.626691,0.241758
decoy,C01326666,Cc1ccc(cc1)C(=O)NNC(=O)c2cc3n(n2)[C@H](C[C@@H](N3)c4ccc5c(c4)OCO5)C(F)(F)F,0,10.949360,0.163043
decoy,C66367412,CC[C@H](C(C)C)NC(=O)NCC(=O)NC(C)C,0,10.277876,0.125000
decoy,C20877125,COc1cc(cc(c1OC[C@H](c2ccc3c(c2)OCCO3)O)Br)C[NH2+]C4CCCC4,0,11.152053,0.197917
decoy,C35842575,CCC[NH+](C[C@H](COC(C)C)O)CC(=O)N(CCc1c[nH]c2c1cccc2)Cc3ccc(cc3)C(C)(C)C,0,11.695084,0.163043
decoy,C32747660,CS(=O)(=O)CC[C@H](C(=O)NCc1ccc2c(c1)OCO2)NC(=O)c3ccc(cc3Cl)Cl,0,10.557715,0.190476
decoy,C43262815,CC[C@H]([C@H](c1ccc(s1)Br)[NH+](CCO)C2CCCCC2)N,0,11.526136,0.160000
decoy,C43414384,C1CCC(CC1)(CC(=O)[O-])CNC(=O)N2C[C@@H]3CC[C@H]2C3,0,11.654020,0.138298
decoy,C62038499,Cc1ccc(c(c1)NC(=O)CSc2[nH]c3c(c(cs3)c4ccc(c(c4)C)OC)c(=O)n2)O,0,11.686705,0.221053
decoy,C43254386,CC[C@@H]([C@H](c1ccc(s1)Cl)n2cnc3c2cccc3)[NH3+],0,11.107166,0.171053
decoy,C59852315,CCN(CC)S(=O)(=O)c1cccc(c1)C(=O)N[C@@H](c2ccc3c(c2)OCCO3)C4CC4,0,11.129037,0.164706
decoy,C55283824,Cc1cc2c(cc1NC(=O)c3c(nc(s3)C(C)C)C)c(cc(=O)o2)C,0,11.228860,0.195402
decoy,C63996730,C[C@H](C1CC1)N(Cc2ccccc2)C(=O)CN3C(=O)[C@@H](NC3=O)CC4=c5ccccc5=[NH+]C4,0,10.538423,0.197802
decoy,C05048242,COc1cc(c(c(c1)OC)/C=N\NC(=S)NC23CC4CC(C2)CC(C4)C3)OC,0,11.958754,0.189189
decoy,C22658910,C[C@@H](C(=O)Nc1cccc(c1)S(=O)(=O)NC(C)(C)C)Sc2ccc(cc2)[N+](=O)[O-],0,10.536901,0.187500
decoy,C63258757,Cc1ccc2=[NH+][C@@H](C(=c2c1)c3ccccc3)C(=O)N/N=C/c4ccc(c(c4C(=O)[O-])OC)OC,0,11.631573,0.206522
decoy,C61669833,C[C@@H](C(=O)N)NC1c2ccccc2Cc3c1cccc3,0,10.500588,0.206349
decoy,C61095109,CC(C)c1cc(c2c(n1)c(cc(c2F)F)F)NN,0,10.172807,0.152778
decoy,C15607235,CC[NH+](CC)CCn\1c2ccccc2[nH]/c1=N\C(=O)c3ccc(cc3F)Br,0,11.223139,0.195652
decoy,C39635737,C[C@@H]1CCCC[C@H]1NC(=O)[C@@H]2CN(CC23CC[NH2+]CC3)C(=O)c4c(cccc4Cl)Cl,0,10.683621,0.207921
decoy,C08800174,CN1CCCc2c1ccc(c2)[C@H](CNS(=O)(=O)c3cc(ccc3F)F)[NH+]4CCCCC4,0,11.125381,0.189474
decoy,C34762029,CCc1c(sc2c1c(nc(n2)SCc3cc(ccc3C)C)N4CC[NH+](CC4)CCc5ccccc5)C,0,11.446099,0.177083
decoy,C19209086,Cc1ccc(cc1)[C@H]2[C@@H]3[C@H](C(=O)N(C3=O)c4ccc(cc4)C)[C@](N2)(C)C(=O)OC,0,12.521397,0.166667
decoy,C54197073,CC[C@H](C)[C@@H](C(=O)NCCc1ccccc1C(F)(F)F)NC(=O)N,0,11.134007,0.191781
decoy,C50389797,C[C@H](C/C(=N/O)/N)NS(=O)(=O)c1ccccc1Br,0,11.180294,0.150685
decoy,C12531457,Cc1cc(c(n1c2ccc(cc2)OC(F)F)C)C(=O)[C@H](C)OC(=O)C34C[C@H]5C[C@@H](C3)CC(C5)(C4)O,0,10.832262,0.166667
decoy,C09450062,Cc1cc(ccc1NC(=O)CSc2nnc(n2N)c3cc(n[nH]3)c4ccc(cc4)Cl)Cl,0,10.562912,0.202381
decoy,C00759064,c1cc(c(c(c1)Cl)COc2ccc(cc2)[C@H]3c4c(n[nH]c4OC(=C3C#N)N)c5ccncc5)F,0,11.059158,0.198020
decoy,C02177748,CCCNC(=O)[C@@]12CC[C@@](C1(C)C)(c3c2nc4cc(c(cc4n3)C)C)C,0,10.871151,0.170732
decoy,C38556149,c1ccc(cc1)C2=C[C@@H](N=N2)[C@H]3NN[C@@H](N3/N=C/c4ccccc4O)S,0,11.386565,0.173333
decoy,C36252649,Cc1c(ccc2n1c(nn2)CCC3CCCCC3)N,0,11.127284,0.188406
decoy,C63731199,CCN([C@@H]1[C@@H](N(C(=NC1=O)[O-])Cc2ccccc2)N)C(=O)CSC3[NH+]=c4ccccc4=[NH+]3,0,11.952760,0.206186
decoy,C58282003,CC(C)NC(=O)c1ccc(cc1NC(=O)CN2C(=O)[C@]3(CCc4c3cccc4)NC2=O)Cl,0,10.381311,0.208791
decoy,C13984727,c1ccc2c(c1)cc3ccccc3c2/C=N/NC(=O)CNC(=O)C4CCCCC4,0,11.753204,0.217391
decoy,C39344674,CC(C)(C)CNc1cc2c([nH+]c1)N([C@@H]([C@@H]2NC(=O)[C@@H]3CCOC3)C(=O)OC)CCc4c[nH]c5c4cccc5,0,11.772550,0.195122
decoy,C15109936,COc1c(cc2c(c1OC)OCO2)[C@@H]3C(=C(OC4=C3C(=O)CCC4)N)C#N,0,12.017697,0.150000
decoy,C64870135,COc1ccc(cc1)n2c(=O)c3ccc(cc3[nH]c2=O)[C@H]4N[C@@H](NO4)c5ccc(cc5)Br,0,11.142914,0.197531
decoy,C12243048,C[NH+](Cc1ccc2c(c(sc2n1)C(=O)OC)NC(=O)C3CC3)Cc4cc5ccccc5s4,0,11.887407,0.253012
decoy,C59489262,C/C(=N\NC(=[NH2+])S[C@H]1CC(=O)N(C1=O)c2ccc(cc2)C(=O)[O-])/c3ccc(cc3)Br,0,11.469188,0.177215
decoy,C38789709,CC(C)(C)c1ccc2=[NH+]C(=O)[C@@H](C=c2c1)CNc3ccc[nH]c3=O,0,11.969435,0.177419
decoy,C34975685,Cc1ccc(cc1[N+](=O)[O-])C(=O)N[C@H](C(C)C)C(=O)N2CCN([C@H](C2)C)C(=O)c3ccccc3,0,10.436075,0.186813
decoy,C62129024,CC(C)c1[nH+]ccn1CC2CCN(CC2)C(=O)Cc3ccc(cc3)SC(C)C,0,11.998198,0.171429
decoy,C12121927,CCC(=O)N(CCc1ccc(cc1)F)Cc2cc3cccc(c3[nH+]c2N4CCC[C@H](C4)O)C,0,11.139542,0.189655
decoy,C61845114,c1cc(c(cc1c2nc(no2)c3ccc(cc3Cl)F)N)F,0,10.787082,0.184211
decoy,C24209631,Cc1csc(n1)NC(=O)CSc2nc3ccccc3c(=O)n2CCCc4ccccc4,0,11.335037,0.219512
decoy,C38806383,CCOC(=O)c1c2c(sc1NC(=O)c3ccc4c(c3)nccn4)C([NH2+]C(C2)(C)C)(C)C,0,10.660461,0.206522
decoy,C07776830,Cc1ccc(c(c1)C)NC(=O)[C@@H](C)Sc2nnc(n2C)c3ccc(cc3)OC,0,10.748065,0.246753
decoy,C36053967,Cc1ccc(c(c1)C)C[NH+](Cc2cccc(c2)C(F)(F)F)Cc3[nH+]c(co3)C(=O)[O-],0,10.307551,0.219512
decoy,C21190960,Cc1ccc(cc1[N+](=O)[O-])/C=C(/c2[nH]c3c(c(c(s3)C)c4ccccc4)c(=O)n2)\Cl,0,11.707925,0.241379
decoy,C64589156,Cc1cccc(c1)[C@@H]2CCN(C2)c3ccc(c(c3)C(=O)[O-])NC(=O)C4CCC4,0,10.556650,0.225000
decoy,C20842243,CC(C)(C)c1nnc(n1N)SCC(=O)Nc2ccc(cc2)S(=O)(=O)Nc3ccc(cc3)F,0,11.776084,0.215909
decoy,C13500106,CCC[C@@H](c1nnnn1C[C@@H]2CCCO2)[NH+](Cc3cc4cccc(c4[nH]c3=O)C)C5CCCC5,0,11.314640,0.158879
decoy,C67102456,Cc1ccsc1C(=O)NNC(=O)NCCC2=CCCCC2,0,11.675407,0.188406
decoy,C00708157,CCOc1ccc(cc1OC)[C@@H]2C3=C(C[C@H](CC3=O)c4ccc(cc4)OC)NC(=C2C(=O)OC5CCCC5)C,0,11.009607,0.238636
decoy,C38621662,Cc1c(cccc1Cl)S(=O)(=O)NC[C@@H](c2cccc3c2cccc3)[NH+]4CCCC4,0,11.480698,0.239437
decoy,C38966570,COc1ccc(cc1)S(=O)(=O)/N=C\2/[C@H]([NH+]=c3ccccc3=[NH+]2)Nc4ccc(cc4)OC(F)(F)F,0,10.571625,0.219178
decoy,C08801625,CN1CCc2c1ccc(c2)[C@H](CNS(=O)(=O)c3ccc4c(c3)CCCC4)[NH+]5CCCCC5,0,11.131626,0.172840
decoy,C54910849,CC[C@H]1CCCCN1c2nc3c(s2)[C@@H](CC(C3)(C)C)O,0,10.977863,0.170732
decoy,C12709984,CC[NH+](CC)CCN(Cc1cc2cc3c(cc2[nH]c1=O)OCCO3)C(=O)Nc4ccccc4OC,0,12.106798,0.220183
decoy,C17087832,Cc1cc(cc(c1)C(=O)NC(=S)Nc2ccc(cc2Br)[N+](=O)[O-])C,0,10.869547,0.175000
decoy,C62871745,CCC[C@@]1(CCCN(C1)C(=O)Nc2nccs2)C(=O)[O-],0,11.200592,0.204301
decoy,C53625674,CC[C@H](C)[C@@H](C(=O)NNC(=O)c1ccc2c(c1)OCCO2)NC(=O)N,0,11.829497,0.169014
decoy,C46578706,CC[C@@H](CNC(=O)c1ccc(cc1)S(=O)(=O)N)[NH+]2CCc3ccccc3C2,0,11.256166,0.205479
decoy,C49213333,c1cc2c(cc1Cl)C=C(CO2)/C=C/C(=O)N3CCSCC3,0,10.761110,0.166667
decoy,C35877104,Cc1ccc(cc1)N2C(=O)[C@H]3[C@H]4C[C@@H]([C@@H]3C2=O)[C@@H]5[C@@H]4[C@@H](c6c([nH]c(=O)s6)S5)c7ccc(cc7)O,0,11.691131,0.148148
decoy,C39684537,Cc1c(cccc1OC(=O)C)C(=O)N2C[C@@H](C3(C2)CC[NH2+]CC3)C(=O)N[C@H](C)C(C)(C)C,0,10.865088,0.162162
decoy,C28256320,CC(C)(C(=O)N[C@H](CCC1CCCCC1)C(=O)N2CCC3(CC2)CS(=O)(=O)c4c3cccc4)[NH3+],0,10.479243,0.207547
decoy,C39595836,C[C@@H](CNC(=O)[C@H]1CN(CC12CC[NH2+]CC2)C(=O)c3cc(cc(c3)F)C(F)(F)F)Oc4ccc(cc4)F,0,10.737828,0.182796
decoy,C63784130,Cc1cccc(c1)C(=O)/N=C(/Nc2nc(cc(n2)C)C)\[N-]CCC3=c4cc(ccc4=[NH+]C3)Cl,0,11.216141,0.218391
decoy,C41022810,CCCCOc1ccc(cc1)[C@@H]2C(=C(Nc3n2nc(n3)SCC)C)C(=O)Nc4cccc(c4C)C,0,11.190288,0.218750
decoy,C63430272,C[C@@H](c1ccccc1Cl)S[C@H](C)C(=O)Nc2ccc3c(c2)[nH]c(=O)[nH]3,0,12.429159,0.207317
decoy,C39655896,Cc1ccc2c(c1)c(c[nH]2)CCNC(=O)[C@H]3CN(CC34CC[NH2+]CC4)C(=O)c5ccc(cc5)OC(F)(F)F,0,10.908433,0.171171
decoy,C02457857,CC[C@@H](C)NC(=O)[C@@]1(c2cc(ccc2NC(=O)N1c3ccc(cc3)OCC)Br)O,0,11.275137,0.215909
decoy,C28868964,CCc1c(c2c(s1)nc(n(c2=O)Cc3ccc(cc3)C)SCC(=O)NC(=O)NCC=C)C,0,11.725323,0.181818
decoy,C39672682,Cc1cc(c(c(c1C)S(=O)(=O)N2CCC(CC2)C(=O)Nc3nc(cs3)C4=[NH+]C=CC4)C)C,0,11.579447,0.220000
decoy,C22920463,Cc1c(sc2c1c(=O)[nH]c(n2)CS[C@H](C)C(=O)Nc3nc4ccc(cc4s3)OC)C,0,11.779117,0.190476
decoy,C36313702,CCCCOC[C@H](C[NH+](Cc1c(nn(c1Oc2cccc(c2)F)c3ccccc3)CC)C[C@@H]4CCCO4)O,0,11.686587,0.191176
decoy,C22561312,Cc1c(c([nH]c1C(=O)CSc2nnc(n2c3ccc(cc3)F)[C@@H](C)[NH+](C)C)C)C(=O)OC,0,10.128836,0.201754
decoy,C18157427,CC(C)COc1ccc(cc1)c2[nH]c(=O)c3c4c(sc3n2)CCCC4,0,11.415821,0.197183
decoy,C38665891,Cc1ccc(cc1C)N2C[C@H](CC2=O)C(=O)NC[C@@H](c3ccc(cc3)N(C)C)N4CCN(CC4)c5ccccc5,0,10.753999,0.183486
decoy,C42191607,c1ccc2c(c1)C[C@@H]([C@@H]2NS(=O)(=O)N3CCCCCC3)O,0,11.696044,0.173913
decoy,C39683066,COc1ccc(c(c1)CNC(=O)[C@H]2CN(CC23CC[NH2+]CC3)C(=O)[C@@H]4COc5ccccc5O4)OC,0,10.937105,0.225225
decoy,C05187428,Cc1ccc(cc1C)N2C[C@@H](CC2=O)NC(=O)N3C[C@@H](C[C@@H](C3)C)C,0,10.401337,0.202703
decoy,C39710574,CCc1ccc2=[NH+]C(=O)[C@@H](C=c2c1)[C@H]([C@@H]3N=NNN3C(C)(C)C)[NH+](Cc4ccc(cc4)F)Cc5ccco5,0,11.137625,0.161290
decoy,C59990107,C[C@H]1C[C@@H](C[NH+](C1)C(C)(C)CNC(=O)CNC(=O)C23CC4CC(C2)CC(C4)C3)C,0,10.814770,0.116279
decoy,C01876049,CC(C)OC(=O)c1c2c(sc1NC(=O)c3cnn4c3N[C@@H](C[C@H]4C(F)(F)F)c5ccc(cc5)OC)CCCC2,0,10.998027,0.211111
decoy,C64661386,c1ccc2=[NH+]CC(=c2c1)CCNC(=O)CCN3C=N[C@@H]4C(=CNN4c5ccc(cc5)F)C3=O,0,11.654667,0.161290
decoy,C25257998,CC(C)[C@H](C(=O)NNC(=O)c1ccc(cc1)C(C)(C)C)NC(=O)c2c(cccc2F)F,0,11.560429,0.194805
decoy,C02136490,C[C@@H](C(=O)N[C@H](Cc1c[nH]c2c1cc(cc2)O)C(=O)[O-])Oc3cc4c(cc3Cl)c5c(c(=O)o4)CCCC5,0,11.687584,0.200000
decoy,C13573825,c1cc(ccc1C\2=NN(C(=O)/C2=N\Nc3ccc(cc3)S(=O)(=O)N)C(=S)N)[N+](=O)[O-],0,11.951599,0.216867
decoy,C12443411,c1ccc(cc1)C[C@@H](C(=O)N)NC(=O)CC2c3ccccc3CCc4c2cccc4,0,10.661400,0.214286
decoy,C02153688,c1cc(ccc1S(=O)(=O)Nc2cc(sc2C(=O)N)c3ccsc3)Cl,0,11.460780,0.220779
decoy,C42554120,CC[C@@H](C)[C@@H](C)[NH2+]C1CCN(CC1)C(=O)N,0,11.347010,0.157143
decoy,C12323818,Cc1cc(nc(n1)SCc2nc3cc(ccc3n2C)NC(=S)N[C@@H]4C[C@H]5CC[C@@H]4C5)C,0,11.999290,0.183486
decoy,C62805521,c1cc\2c(cc1OCC(F)F)OC/C2=N\O,0,10.994137,0.160494
decoy,C15613986,CCCC1(C(=O)N(C(=O)N1)CC(=O)N(CC)Cc2[nH]c(=O)c3ccc(cc3n2)Cl)CCC,0,10.558918,0.200000
decoy,C13506838,Cc1cc(cc(c1)N([C@@H](c2ccccc2)C(=O)NC3CCCC3)C(=O)CNC(=O)c4ccco4)C,0,10.620201,0.202247
decoy,C67049609,C[C@@H](C(=O)Nc1ccc(cc1)NCC2CCCC2)NC(=O)Nc3ccccc3,0,11.469040,0.215385
decoy,C41310975,c1cc(oc1)CNC(=O)c2c3c(sc2NC(=O)c4cc5cc(ccc5o4)Cl)CCC3,0,11.708798,0.191489
decoy,C51152649,CCCc1cc(nc(n1)c2ccncc2)NN,0,11.717803,0.189655
decoy,C06757074,CCc1cc(=O)oc2c1cc(c(c2C[NH2+]C[C@H]3CCCO3)O)Cl,0,11.603217,0.163636
decoy,C14038052,C[C@H](C(=O)NNC(=O)COc1ccc(cc1Br)C(C)C)Oc2ccc(cc2)[N+](=O)[O-],0,11.698373,0.204545
decoy,C16646902,CCCCCc1ccc(cc1)C(=O)N2CCC3(CC2)C(=O)N(CN3c4ccccc4)CC(=O)N[C@@H](C)CC,0,10.634778,0.191489
decoy,C08559725,Cc1cc(nc(n1)n2c(=O)c(c([nH]2)C)Cc3ccc(cc3)Br)C,0,11.060426,0.191176
decoy,C14992295,Cc1cnc(nc1c2cccs2)n3c(c(cn3)C(=O)NCC4(CCCC4)[NH+]5CCCCC5)COC,0,11.118701,0.194690
decoy,C49056936,c1cc(ccc1C2(CCC2)NC(=O)Nc3nncs3)F,0,11.694593,0.197183
decoy,C15890402,CC[C@@H]1CCCC[NH+]1CCCNC(=O)[C@@H]2CCCN(C2)S(=O)(=O)N3C[C@@H](C[C@@H](C3)C)C,0,11.100616,0.149533
decoy,C02707268,COc1cccc(c1)[C@@H]2C3=C(c4ccccc4O2)N=C5N=CNN5[C@H]3c6cccs6,0,11.812885,0.178947
decoy,C36205578,Cc1ccc(cc1)c2csc3c2c(=O)[nH]c(n3)C[NH+](CCOC)C[C@@H](COC(C)C)O,0,11.687080,0.154762
decoy,C00861486,CC1=C([C@H](C2=C(N1)C[C@H](CC2=O)c3ccc(cc3)OC)c4cc(c(c(c4)OC)OC)OC)C(=O)OC5CCCCC5,0,11.038723,0.250000
decoy,C02652639,CCOC(=O)c1cc(sc1NC(=O)[C@H](C)OC(=O)Cc2coc3c2cc4c(c3)CCC4)c5ccccc5,0,11.207632,0.210000
decoy,C08757662,COc1ccc(cc1)N2C(=O)/C(=C(/NCc3ccccc3C(F)(F)F)\Nc4ccccc4)/C(=O)NC2=O,0,11.895393,0.242105
decoy,C07988983,CCCCn1c(c(c(=O)[nH]c1=O)N(C)C(=O)c2ccsc2n3c(ccc3C)C)N,0,10.809320,0.149425
decoy,C36586233,CCCCNC(=O)[C@@H](/C=C\C)N(C(=O)C#Cc1ccccc1)C(C)(C)C,0,10.896895,0.240000
decoy,C39754567,COc1cccc(c1)/C=C\2/C(=O)c3ccc(cc3O2)OCC(=O)OCC=C,0,10.583244,0.228916
decoy,C63281447,C[C@@H](C(=O)N[C@H]1Nc2ccccc2S1)NC(=O)[C@@H]3C=c4cc(c(cc4=[NH+]3)OC)OC,0,11.737864,0.204545
decoy,C13128955,C[C@H]([C@@H](C(=O)OCC(=O)Nc1ccccc1OC(F)F)NS(=O)(=O)c2ccc3ccccc3c2)O,0,10.789968,0.211111
decoy,C09018902,Cc1ccccc1n2c3c(cn2)c(nc(n3)SCc4cccnc4)O,0,11.922472,0.212121
decoy,C22732309,CSc1ccccc1NC(=O)C[C@H]2CCCCN2S(=O)(=O)c3cccs3,0,11.089956,0.198020
decoy,C09495059,c1c(cc(c2c1OCCCO2)Cl)CNC(=O)CCc3[nH]c(=O)c4c5c(sc4n3)CCCC5,0,10.964902,0.175439
decoy,C12530994,c1ccc2c(c1)c(n[nH]2)C(=O)OCC(=O)N3c4ccccc4Sc5c3cccc5,0,11.870812,0.189873
decoy,C48759844,c1c(cnc(c1[N+](=O)[O-])NC23CC4CC(C2)CC(C4)C3)Br,0,10.708564,0.171053
decoy,C64202262,C[C@@H]1C(=C(NO1)C)CSc2c(cccn2)C(=O)N3CCC(CC3)C4=c5ccccc5=[NH+]C4,0,10.852221,0.180000
decoy,C50776172,CCNc1ccc(nn1)C(=O)N(C)[C@H]2CCC[C@@H](C2)C,0,11.876565,0.176471
decoy,C65219188,c1cc(ccc1c2nc(on2)c3c(ccs3)NC(=O)[C@@H]4CCCO4)Cl,0,11.158147,0.180180
decoy,C09056416,CC1CCC2(CC1)C(=O)N(C(=O)N2)NC(=O)CSc3cccc4c3c(ccc4)Cl,0,11.694548,0.196078
decoy,C25003067,c1ccc(cc1)n2c(nnc2SCc3nc4ccccc4c(=O)n3CC(=O)N)C[NH+]5CCCCC5,0,11.425256,0.175258
decoy,C23244681,Cc1ccc(cc1)c2ccc(=O)n(n2)CC[NH+]3CCN(CC3)S(=O)(=O)c4ccc(cc4)OC(F)(F)F,0,11.408754,0.191489
decoy,C17670479,C[C@@H](c1nnc(o1)c2ccc(cc2)[N+](=O)[O-])Sc3nc4cc(ccc4c(=O)n3CCC(C)C)Cl,0,10.648346,0.173469
decoy,C12104067,Cc1ccc(c(c1C)NC(=O)CSc2[nH]nc(n2)C3CCCC3)[N+](=O)[O-],0,10.787714,0.177778
decoy,C37332134,c1c(cc(cc1F)F)[C@H](c2cc3c(cc2Cl)OCCO3)[NH3+],0,11.100301,0.158537
decoy,C36246074,CCC[NH+](Cc1c(noc1N(CC)CC)c2ccccc2)C[C@@H](COc3ccccc3C)O,0,10.804327,0.166667
decoy,C14458068,CCOCCOc1cccc2c1N[C@@H]([C@@H]3[C@@H]2C=CC3)c4c(cc(cc4C)C)C,0,11.374119,0.176471
decoy,C44014767,CC(=O)N1[C@H](C[C@@]2([C@@H]1NC(=O)C2)C)c3ccccc3OC(=O)c4conc4c5ccccc5Cl,0,10.437628,0.181818
decoy,C66890212,Cc1c(cco1)C(=O)NC2CC[NH+](CC2)CC(=O)NC3(CCC3)c4ccccc4,0,11.575431,0.192771
decoy,C66730140,C[C@H](c1ccc2c(c1)NC(=O)CO2)OC(=O)[C@H](C(C)C)NC(=O)OC,0,10.981645,0.195122
decoy,C59252024,C[C@H]1CC[C@H]([C@@H](C1)NC(=O)c2ccc(cc2)S(=O)(=O)N3CCNC(=O)C3)C(C)C,0,11.224107,0.159091
decoy,C24115945,CC[NH+](CC)CCN1[C@H](C(=C(C1=O)[O-])C(=O)c2ccc(cc2C)OCC=C)c3ccc(cc3)Br,0,11.031091,0.191489
decoy,C64746116,CCc1ccc(cc1)c2c(n3c(n2)sc(n3)N4CC[NH+](CC4)C5CCCCC5)NC(C)(C)C,0,10.920877,0.182692
decoy,C37285963,c1cc(c(cc1[N+](=O)[O-])C(=O)NC2CCC(CC2)O)F,0,11.879617,0.175824
decoy,C45899053,CC(C)CNC(=O)CCCCn1c(=O)c2ccccc2n(c1=O)CC(=O)NCc3ccccc3Cl,0,10.792768,0.179775
decoy,C17078723,Cc1ccc(cc1)N[C@@H]2C[C@H](N(c3c2cc(cc3)C)C(=O)c4ccccc4N)C,0,12.747258,0.215190
decoy,C02231536,CCCCc1c2c(c3c4c(c(nc(n4)SC)NN)sc3n1)CCCC2,0,12.431298,0.164384
decoy,C14161020,Cc1cc(nc(n1)N/C(=N/C(=S)NC[C@@H]2CCCO2)/N3CCN(CC3)Cc4ccc5c(c4)OCO5)C,0,11.150001,0.209524
decoy,C50016645,c1c(c(cc(c1F)F)N)C(=O)NCC2CCCC2,0,11.221726,0.214286
decoy,C20424788,Cc1ccc(cc1)NC(=O)CCSc2nc([nH]n2)N/N=C/c3ccc(o3)OCc4ccc(cc4)OC,0,11.991490,0.229885
decoy,C49871937,C[C@@H](c1c([nH]c(=O)[nH]c1=O)[O-])N/C=C/C2=CCCCC2,0,11.590552,0.128571
decoy,C39677746,Cc1ccsc1C(=O)N2C[C@@H](C3(C2)CC[NH2+]CC3)C(=O)NCc4ccc(s4)c5ccccn5,0,10.753320,0.174603
decoy,C63187739,c1ccc2=[NH+]CC(=c2c1)C[C@H]3C(=O)N(C(=O)N3)CC(=O)N[C@H](c4ccc(cc4)F)c5cccs5,0,11.217350,0.156863
decoy,C08636189,Cn1c(cc(n1)C2CCCC2)[C@H]3C[NH+]4CC[C@H]3C[C@@H]4CNC(=S)Nc5cccc(c5)C(=O)OC,0,11.650604,0.192982
decoy,C04523713,CC(C)(C)c1ccc2c(c1)O[C@H](CO2)C(=O)N/N=C\c3cccc(c3Cl)Cl,0,11.968014,0.197531
decoy,C33126290,CC(C)C[NH+](Cc1ccc(c(c1)OC)OC)Cc2cc(=O)n3c(n2)cc([nH]3)c4ccc(cc4)Cl,0,11.713503,0.190000
decoy,C64890714,CC(C)[C@@H]([C@H]1[NH+]=C(NO1)c2ccc3c(c2)[nH]c(=O)c(=O)n3C(C)C)NS(=O)(=O)c4ccccc4,0,10.412561,0.164384
decoy,C39359132,c1cc(sc1)[C@H]2CC3=C([C@@H](C4=C(N=N[C@H]4N3)O)c5ccc(c(c5)O)O)C(=O)C2,0,12.116245,0.158537
decoy,C20830745,CC1(CC(CC([NH2+]1)(C)C)NC(=O)CSc2nnc(n2c3ccccc3)c4cccc(c4)[N+](=O)[O-])C,0,10.918409,0.228261
decoy,C60241022,Cc1cccc(c1)C(=O)N[C@@H](C(C)C)C(=O)N2CCC[C@@H](C2)C(=O)NCCNC(=O)OC(C)(C)C,0,10.394472,0.191489
decoy,C09642131,Cc1ccc(c(c1)OCC(=O)Nc2c(ccs2)C(=O)N)C(C)C,0,11.480376,0.195122
decoy,C39710317,Cc1ccc2=[NH+]C(=O)[C@H](C=c2c1)[C@@H]([C@@H]3N=NNN3C(C)(C)C)[NH+](Cc4ccc(cc4)Cl)Cc5ccco5,0,10.724939,0.155340
decoy,C37442681,CCn1c2cccc(c2nc1c3ccc(c(c3)N)C)F,0,11.209556,0.209877
decoy,C06149156,CCC(C)(C)n1c(nnn1)[C@@H](c2cc3cc(ccc3[nH]c2=O)C)[NH+](Cc4ccccc4)Cc5ccco5,0,11.520963,0.172727
decoy,C35760748,CN(c1c(c(no1)c2ccccc2)C[NH+](CCCOC)C[C@@H](COCc3ccccc3)O)C4CCCCC4,0,11.857753,0.185567
decoy,C33366410,Cc1ccc(cc1)S(=O)(=O)NNC(=O)[C@]23CC[C@](C2(C)C)(c4c3nc5cc(c(cc5n4)Cl)Cl)C,0,10.933072,0.171717
decoy,C02645918,CC[C@@H](C)[C@@H](C(=O)Nc1ccc(cc1)Sc2cc(ccc2C)C)NC(=O)N,0,11.391167,0.205128
decoy,C59157068,Cc1cc(c(c(c1)C)OCC(=O)N/N=C/c2cc(cc(c2O)Cl)Cl)C,0,11.529336,0.200000
decoy,C12586439,CC[NH+](CCn1cccn1)Cc2c(oc(n2)c3ccc(cc3)C(F)(F)F)C,0,11.462941,0.187500
decoy,C08791064,CC(C)[C@@H](C(=O)NC1CCCCC1)NC(=O)[C@@H]2Cc3c4ccccc4[nH]c3[C@H]5N2C(=O)c6c5cccc6,0,10.571510,0.189189
decoy,C18043362,c1ccc\2c(c1)C=CC(=O)/C2=N\Nc3ccccc3O,0,11.387046,0.204082
decoy,C14546016,COc1ccccc1[C@@H]2[C@@H]3CC=C[C@@H]3c4cccc(c4N2)O,0,12.145603,0.211268
decoy,C66464924,Cc1nc2c3ccccc3nc(n2n1)NC[C@@H]4CCN(C4)c5ccc(cc5)F,0,11.857271,0.230769
decoy,C01224012,Cc1cc2cc(c(nc2cc1Cl)Cl)[C@H]3Nc4ccccc4C(=O)N3,0,10.952154,0.192982
decoy,C64218781,COc1cccc(c1OC)[C@@H](CNC(=O)c2ccc(cc2)CS(=O)(=O)C)C3=c4ccccc4=[NH+]C3,0,10.577574,0.208791
decoy,C11506552,c1ccc2c(c1)c(cc(n2)c3ccc(cc3)F)C(=O)NNC(=S)NCCc4cccs4,0,11.339425,0.207317
decoy,C33058373,Cc1ccc(cc1)C(=O)c2c(c(c(s2)Nc3ccccc3F)S(=O)(=O)c4ccc(cc4)C)N,0,10.274347,0.192771
decoy,C10891668,Cc1cccn2c1nc(c2)COc3cccc(c3)C(=O)NNC(=O)c4c[nH]c5c4cccc5,0,11.874891,0.223301
decoy,C07692710,C[C@@H]1CCC[C@H]([C@@H]1C)NC(=O)[C@@H](C)Sc2nc(cc(n2)N)N,0,10.704324,0.175676
decoy,C19955132,CC1=C([C@@H](C2=C(N1)C[C@H](CC2=O)c3cccs3)c4coc5ccccc5c4=O)C(=O)OC[C@H]6CCCO6,0,11.381323,0.160377
decoy,C09606988,C[C@H](C(=O)Nc1ccc(cc1)[N+](=O)[O-])OC(=O)c2ccc(s2)Br,0,11.312280,0.191176
decoy,C01777817,C=C(/C=N/NC(=O)c1cc2ccccc2o1)NNC(=O)c3cc4ccccc4o3,0,11.847442,0.191176
decoy,C07455643,c1ccc(cc1)C(=O)c2cc(ccc2NC(=O)CSc3ccccc3N)Cl,0,11.276646,0.230769
decoy,C08901708,CCOc1c(cc(cc1C)S(=O)(=O)NC[C@@H](c2ccsc2)[NH+]3CCCCCC3)C,0,11.358857,0.174419
decoy,C39012416,Cc1cccc(c1C)NC(=O)CS[C@H]2NN[C@H](O2)[C@H](Cc3c[nH]c4c3cccc4)[NH3+],0,11.498830,0.195122
decoy,C09593822,COCCNC(=O)[C@@H]1[C@@H](Nn2c(nnc2S1)c3ccccc3)c4ccc(cc4)Cl,0,11.237571,0.227273
decoy,C18281072,C[C@H](c1cccc2c1cccc2)NC(=O)CN3C(=O)[C@](NC3=O)(C)c4ccc(cc4)OC,0,10.517886,0.229730
decoy,C36316054,CCC[NH+](Cc1c(nn(c1Oc2ccc(cc2)C)C)c3ccccc3)C[C@@H](COc4ccccc4C)O,0,10.949457,0.195652
decoy,C02725468,CC[C@@H](C)NC(=O)NC1(Oc2cc(c(cc2O1)Cl)Cl)C(F)(F)F,0,11.810561,0.183673
decoy,C33033301,C[C@H]1CCCN(C1)C(=O)c2ccc(c(c2)NS(=O)(=O)c3cccs3)N4CC[NH2+]CC4,0,10.340113,0.168317
decoy,C18193091,c1c(cc2c(c1)COC2=O)c3oc(cc3)/C=N\NC(=O)N/N=C\c4oc(cc4)c5cc6c(cc5)COC6=O,0,11.966966,0.183099
decoy,C13610052,c1ccc(cc1)S(=O)(=O)N2CCCc3c2ccc(c3)C(=O)NC4CCCCCCC4,0,10.598343,0.247312
decoy,C16346378,Cc1ccc(cc1)CSc2[nH]c(=O)c3c(n2)NC4=C([C@@H]3c5ccc(cc5)N(C)C)C(=O)CCC4,0,11.569468,0.133929
decoy,C40323093,CCOc1ccc(cc1)[C@H](CNC(=O)c2ccc(o2)S(=O)(=O)c3ccc(cc3)Br)[NH+](C)C,0,11.120606,0.193548
decoy,C40019638,CCCC[NH+](CCCC)CCCN1[C@H](C(=C(C1=O)[O-])C(=O)c2ccc(cc2)F)c3cc(c(c(c3)C)O)C,0,11.217201,0.172414
decoy,C45231078,COc1ccc2ccc(c(c2n1)CC(=O)N3CCO[C@H](C3)C[NH2+]Cc4cccc(n4)c5ccc(cc5)F)F,0,12.080827,0.226804
decoy,C45026158,C[C@@H](c1nnc(n1c2ccc(cc2)F)Sc3cc(nc(n3)N)Cl)[NH+](C)C,0,11.556138,0.162500
decoy,C59790228,c1cc(ccc1c2nnc(n2N)SCC(=O)Nc3ccc(cc3)I)[N+](=O)[O-],0,11.535574,0.202381
decoy,C33766796,CCCCCN1C(=O)/C(=C\c2c(nc3ccc(cn3c2=O)C)NCC(C)C)/SC1=S,0,10.845501,0.147368
decoy,C63187715,C[C@@H]1CC(=C(N1c2ccc(cc2)F)C)C(=O)CN3C(=O)[C@@H](NC3=O)CC4=c5ccccc5=[NH+]C4,0,10.448975,0.156250
decoy,C25880228,CCc1ccc(cc1)N2C[C@@H](CC2=O)C(=O)Nc3ccc(cc3)NC(=O)N,0,12.099910,0.215190
decoy,C39676550,CCCCC(=O)N1C[C@@H](C2(C1)CC[NH2+]CC2)C(=O)NC(c3ccc(cc3)OC)c4ccc(cc4)OC,0,10.854763,0.223684
decoy,C23339005,CCCn1c(c(cn1)CN(CCOC)C[C@@H]2CCC[NH+](C2)C3Cc4ccccc4C3)C,0,10.828800,0.188034
decoy,C04763826,C[C@@H]1CC2=C([C@H](C(=C(N2)C)C(=O)OC(C)C)c3ccc(cc3)Cl)C(=O)[C@@H]1C(=O)OC,0,11.105361,0.180723
decoy,C16286145,c1ccc2c(c1)CC[NH+](C2)CC(=O)Nc3ccc(cc3C(=O)Nc4ccccc4F)[N+](=O)[O-],0,11.608780,0.191011
decoy,C58444582,c1ccc(c(c1)C#N)Sc2ccccc2C(=O)NNC(=O)c3ccc4c(c3)OCCO4,0,11.573669,0.191781
decoy,C02504260,Cc1ccc(c(c1)NC(=O)c2cnn3c2nc(cc3C(F)(F)F)c4ccco4)C,0,11.445822,0.188235
decoy,C06443789,Cc1cccc2c1[nH]c(=O)c(c2)[C@H](c3nnnn3C4CCCCC4)[NH+](Cc5ccccc5)Cc6cccnc6,0,11.842116,0.189189
decoy,C64055208,CCCc1cc(nc(n1)S[C@@H](C)C2=NC(=O)C3=C([C@H](SC3=N2)C)C)[O-],0,11.137189,0.111111
decoy,C29315125,Cc1ccc(c(=O)n1CC(=O)NCC2CCN(CC2)C(=[NH2+])N)NC(=O)CC(c3ccccc3)c4ccccc4,0,11.255004,0.186813
decoy,C08598801,Cc1ccc(c(c1)N2CCN(CC2)C(=O)[C@@H](CC(C)C)NS(=O)(=O)c3ccc4c(c3)sc(n4)C)C,0,10.768632,0.209524
decoy,C09142565,Cc1ccc(cc1)S(=O)(=O)NCCc2nnc(s2)NC(=O)[C@@H]3CC(=O)N(C3)c4ccccc4C,0,10.361944,0.209524
decoy,C42777002,CCOc1ccccc1C(=O)CN(CC(F)(F)F)C(C)C,0,11.058270,0.220588
decoy,C16976523,c1ccc(cc1)C2=Nc3nc(nn3[C@H](C2)c4ccc(cc4)Cl)NC(=O)c5ccccc5,0,11.580014,0.219178
decoy,C09277203,c1ccc2c(c1)c(cn2CCNC(=O)c3c(cccc3F)F)SCC(=O)Nc4ccc(cc4)[N+](=O)[O-],0,11.328547,0.203704
decoy,C06016083,C=C(c1cccs1)NOCC(=O)/N=N/c2c3ccccc3n(c2O)C[NH+]4CCOCC4,0,11.289696,0.176471
decoy,C04641177,CCOC(=O)[C@H]1[C@@H](CC2=C(C1=O)[C@@H](C(=C(N2)C)C(=O)OCC)c3c(ccs3)C)c4cccc(c4)OC,0,11.257935,0.211111
decoy,C12311195,Cc1ccccc1n2c(nnn2)C3(CCCCC3)[NH+](Cc4ccccc4)Cc5ccccc5,0,11.558842,0.192308
decoy,C13499193,CCOC(=O)Cn1c(nnn1)[C@H](C(C)C)N(Cc2ccccc2OC)Cc3cc4c(ccc(c4[nH]c3=O)C)C,0,11.320656,0.184874
decoy,C02256489,c1cc2c(c[nH]c2cc1)/C=N/NC(=O)CCCCC(=O)N/N=C/c3c4c([nH]c3)cccc4,0,11.858322,0.193548
decoy,C06077779,CCC(C)(C)n1c(nnn1)[C@H](c2cc3cc4c(cc3[nH]c2=O)OCO4)[NH+]5CCN(CC5)c6ccccc6F,0,11.374005,0.156250
decoy,C58794699,CC(C)(C)[C@H]1CCc2c(cc(s2)C(=O)N[C@@H]3CCCCNC3=O)C1,0,10.694865,0.148515
decoy,C65227652,Cc1nc(no1)c2ccc[nH+]c2N3CCC(CC3)C(=O)NCc4ccc(cc4)C(C)C,0,11.052084,0.211111
decoy,C13898017,[H]/N=C\1/C(=C/c2ccc(cc2)OCCOc3ccc(cc3C)C)/C(=O)N=C4N1N=C(S4)CCCC,0,11.084929,0.186275
decoy,C67584637,CCCC(=O)Nc1cccc(c1C)NC(=O)NCCSCc2ccc(cc2)C,0,12.100982,0.205128
decoy,C36782177,c1c(cc(c(c1Cl)S(=O)(=O)NCC(=O)NC2CC2)Cl)N,0,10.804328,0.202703
decoy,C44714407,Cc1c(c2cc(ccc2[nH]1)C#N)CCNC(=O)[C@H]3CN(CC34CC[NH2+]CC4)C(=O)c5cc(cc(c5)OC)OC,0,11.040876,0.182692
decoy,C63110956,CC(=O)N[C@H](CC1=c2ccccc2=[NH+]C1)C(=O)NC[C@H](c3ccccc3Cl)[NH+](C)C,0,10.576814,0.166667
decoy,C04038561,Cc1ccccc1Nc2c(nc3n2ccnc3)c4ccc(o4)C,0,11.199100,0.210526
decoy,C14475915,C=CCN(CC=C)S(=O)(=O)c1ccc2c(c1)[C@@H]3C=CC[C@H]3[C@@H](N2)c4cc(ccc4O)[N+](=O)[O-],0,12.796198,0.153846
decoy,C40801519,CCOC(=O)c1c(csc1NC(=O)C[C@H]2C(=O)Nc3cc(ccc3O2)C)c4ccc(cc4)OC,0,11.553671,0.200000
decoy,C37599493,CC(C)(C)n1c2ccccc2nc1c3ccc(c(c3)N)F,0,10.904375,0.185185
decoy,C35354262,c1ccc(c(c1)NN)S(=O)(=O)N2CCCCCCC2,0,11.824422,0.195652
decoy,C39666219,Cc1ccc(cc1)O[C@H](C)CNC(=O)[C@H]2CN(CC23CC[NH2+]CC3)C(=O)c4ccc(nc4)Oc5ccccc5,0,10.639051,0.214286
decoy,C42412300,Cc1ccc(o1)[C@H](c2cc3cccc(c3o2)Br)[NH3+],0,11.075967,0.174603
decoy,C22842081,Cc1ccc(cc1)c2nc(on2)CN3CC[NH+](CC3)[C@@H](C)C(=O)NC[C@H](C)c4ccccc4,0,11.344596,0.192982
decoy,C59921967,CC(C)(C(=O)Nc1nnc(s1)[N-]S(=O)(=O)C)Oc2ccc(cc2)Cl,0,10.861445,0.185714
decoy,C66557168,Cc1ccsc1C(=O)NNC(=O)c2ccc3c(c2)CCO3,0,11.629374,0.196970
decoy,C12905273,C[C@H](C(=O)Nc1ccc2c(c1)OC(O2)(F)F)Oc3ccc(cc3)C#N,0,10.799018,0.213483
decoy,C65133371,CC(C)CCNC(=O)NNC(=O)C1(CCCCC1)NC(=O)C,0,10.239202,0.141304
decoy,C29315453,CCn1c(nnc1S[C@H](C)C(=O)NC(=O)Nc2ccc(cc2C)C)c3ccncc3,0,11.469345,0.188235
decoy,C04989608,CC1(CC(=CC(=C1)NNC(=O)c2cccc3c2[nH]c(c3)c4cccs4)O)C,0,11.946467,0.208791
decoy,C02641614,C[C@H]1CCc2c(sc3c2c(=O)[nH]c(n3)CSc4nc5ccccc5c(=O)n4CCC[NH+](C)C)C1,0,11.187654,0.188679
decoy,C16537630,C[C@@H](C(=O)Nc1ccc2c(c1)OCO2)OC(=O)c3c(cco3)c4ccccc4,0,11.474407,0.206522
decoy,C31874448,Cc1ccc(cc1NC(=O)c2cn(nn2)c3ccccc3Br)S(=O)(=O)N(C)C,0,10.995171,0.194805
decoy,C67479008,CCc1nc(cs1)CCNC(=O)NC[C@H](c2ccc3ccccc3c2)O,0,11.862977,0.205128
decoy,C59489317,Cc1ccc(cc1)/C(=N/NC(=[NH2+])S[C@H]2CC(=O)N(C2=O)c3ccc(cc3)F)/C,0,11.474497,0.164706
decoy,C43265343,c1ccc(c(c1)O[C@@H](C[NH3+])c2ccc(s2)Br)I,0,11.435229,0.150685
decoy,C44169480,c1ccc(cc1)C(CNC(=O)[C@@H]2CSC[C@@H]([NH2+]2)c3ccc(cc3)N4CCCC4)c5ccccc5,0,10.699098,0.175258
decoy,C08686706,Cc1ccc(cc1)/N=C(/N(CC[NH+](C)C)Cc2cc3cc(cc(c3nc2O)C)C)\S,0,11.930877,0.153846
decoy,C64061429,C[C@@H]1C(=N[C@@H](O1)c2ccccc2NC(=O)c3ccccn3)CNC(=O)CC4=c5ccccc5=[NH+]C4,0,11.197254,0.186047
decoy,C14263171,C[NH+](C)[C@@H](CNC(=O)[C@@H]1CCCN(C1)S(=O)(=O)c2ccc(cc2)Br)c3ccccc3,0,11.344987,0.197674
decoy,C20708867,Cc1cc(c2c(c1)[C@H]3C=CC[C@@H]3[C@H](N2)c4cc(ccc4O)[N+](=O)[O-])C,0,11.491828,0.144578
decoy,C08747579,c1cc(ccc1c2ccc(o2)CNc3ccc(cc3[N+](=O)[O-])S(=O)(=O)N)Br,0,12.191092,0.195876
decoy,C10187808,c1cc(cc(c1)[N+](=O)[O-])Cn2cccc(c2=O)C(=O)Nc3ccc(cc3)C(F)(F)F,0,11.282601,0.244186
decoy,C54613677,CCOc1cc(cc(c1OC)Br)[C@@H]2C(=C(Nc3n2nnn3)C)C(=O)Nc4cccc(c4C)C,0,11.010851,0.227273
decoy,C39486968,CC1(CN(C(=O)N1CC2(CCN(CC2)F)C3CCCCC3)Cl)C,0,10.790758,0.163043
decoy,C01182311,c1ccc2c(c1)N[C@H](C3=C(N2)CCCC3=O)c4ccc(cc4Cl)Cl,0,11.767688,0.194444
decoy,C20644313,CC(C)(C)c1ccc(cc1)CSc2nc3cc(ccc3c(=O)n2Cc4ccco4)C(=O)NC[C@H]5CCCO5,0,11.202670,0.185841
decoy,C10321722,C[C@H](C(=O)Nc1ccc(cc1)c2cn3ccccc3n2)NC(=O)c4cc(c(c(c4)OC)OC)OC,0,10.554402,0.247059
decoy,C15905857,CCCCCC[NH+](CCCCCC)CC(=O)[C@H](C#N)c1nc(cs1)c2ccc(cc2)Br,0,11.799666,0.173077
decoy,C44924228,c1ccc(cc1)C[C@H](c2ccccc2)C(=O)N3CCN(CC3)c4ccc5c(c4)[nH]c(=O)[nH]5,0,11.867415,0.217391
decoy,C09137960,Cc1ccccc1OCC(=O)NC[C@H](c2ccc3c(c2)CCCN3C)[NH+]4CCCCC4,0,11.236383,0.197917
decoy,C59516497,COc1ccc(c(c1)/C=N/c2cc(ccc2Oc3ccc(c(c3)Cl)Cl)C(F)(F)F)O,0,11.558307,0.189189
decoy,C52788582,CC(C)(C)c1cc(nc(n1)CS(=O)(=O)C)Cl,0,10.471581,0.164557
decoy,C63686640,CCN1[C@@H](NN[C@@H]1SCc2cc(=O)c3cccc(c3[nH]2)F)COc4ccc(c(c4)C)Cl,0,10.754231,0.193878
decoy,C66201673,CC[C@@H](C)OC(=O)C[C@@H]1C(=O)NCCN1C(=S)NC(=O)C(C)(C)CCCOc2cc(ccc2C)C,0,11.569875,0.181818
decoy,C19791535,C[C@H]1CCCC[NH+]1Cc2c(ccc3c2oc(c(c3=O)c4ccccc4)C(F)(F)F)O,0,11.088849,0.162500
decoy,C11488048,Cc1ccc(cc1)S(=O)(=O)N[C@@H](C(C)C)C(=O)OCC(=O)N2CCc3ccccc3C2,0,10.869573,0.188235
decoy,C57288303,C[C@@H](C(=O)NC[C@H](c1cccs1)[NH+]2CCCC2)NC(=O)N,0,10.855218,0.151515
decoy,C50227382,CS(=O)(=O)c1ccc2c(c1)[nH]c(n2)c3ccc(c(c3)O)N,0,11.171053,0.225806
decoy,C34792482,CC(C)(C)c1ccc(cc1)[C@H]2C3=C(CN(C3=O)CC(=O)NCC[NH+]4CCCCC4)N(C(=O)N2)C,0,10.798380,0.165138
decoy,C66410270,c1cc(c(cc1Br)F)[N-]S(=O)(=O)c2ccc(s2)[N+](=O)[O-],0,11.231807,0.168675
decoy,C40019654,CCCC[NH+](CCCC)CCCN1[C@H](C(=C(C1=O)[O-])C(=O)c2ccc3c(c2)OCCO3)c4ccc(cc4)CC,0,11.095704,0.173913
decoy,C08961279,CCCc1ccc(cc1)S(=O)(=O)Nc2ccc3c(c2)C(=O)Nc4cc(ccc4O3)C,0,12.001046,0.206349
decoy,C22937069,c1c2c(n3c(n1)c(cn3)C(=O)NCCCN4CC[NH+](CC4)C5CCCCC5)CCCCCC2,0,11.587571,0.275510
decoy,C63743874,c1cc(ccc1[C@@H]2C=c3cc(ccc3=[NH+]2)Cl)NC(=O)Nc4ccc5c(c4)OCO5,0,11.386708,0.195652
decoy,C40270221,Cc1ccc(cc1F)[C@H](c2ccc3c(c2)[nH]c(=O)[nH]3)Cl,0,11.854586,0.170213
decoy,C39559739,CC[C@H](C)[C@H]([C@@](C)(/C=C/C1=CC2=C(C(=O)[C@@]([C@@H](C2=CO1)O)(C)O)O)O)O,0,11.834567,0.113208
decoy,C00678549,CC[C@@H](C)Sc1nc2c(n1C[C@@H](COc3ccc(cc3)Cl)O)c(=O)[nH]c(=O)n2C,0,11.416647,0.197802
decoy,C35057168,C[C@@H](C(=O)[O-])O[C@H]1[C@@H]([C@@H](O[C@@H]2[C@@H]1O[C@@H](OC2)c3ccccc3)Oc4ccc5ccccc5c4)NC(=O)C,0,10.718208,0.200000
decoy,C12980820,C[C@@H]1CCc2c(sc3c2c(=O)[nH]c(n3)[C@H](C)[NH+]4CCC(CC4)C(=O)Nc5ccccc5O)C1,0,11.448532,0.200000
decoy,C27017117,CCOc1ccccc1NC(=O)C[C@@H]2C(=O)Nc3ccccc3N2C(=O)c4ccc(cc4)Br,0,11.694064,0.206897
decoy,C08590000,Cc1cccc(c1)NS(=O)(=O)c2ccc3c(c2)[C@@H]4C=CC[C@@H]4[C@@H](N3)c5ccc(cc5)C(=O)OC,0,11.758360,0.238636
decoy,C40000332,CCSc1nnc(s1)N2[C@@H](C(=C(C2=O)[O-])C(=O)c3ccc4c(c3)C[C@@H](O4)C)c5ccc(cc5)C,0,10.830570,0.154639
decoy,C12721033,CCOC(=O)C1=C(NC(=O)N[C@@H]1c2cccs2)COC(=O)COc3cccc4c3OC(C4)(C)C,0,11.643314,0.210526
decoy,C17306002,CCc1ccc2c(cc(=O)oc2c1)CN(C)[C@@H](C)c3ccc(cc3)n4cncn4,0,11.832705,0.153846
decoy,C64702779,CCc1ccc(cc1)C2=C[C@H]3C(=O)N=N[C@@H](N3N2)SCC(=O)Nc4ccc(cc4)Cl,0,11.089399,0.181818
decoy,C67446755,c1cc(cc(c1)O)[C@H]2c3c([nH]cn3)CC[NH+]2Cc4cc(cs4)C#CCO,0,11.908134,0.172414
decoy,C13065484,Cc1ccc(cc1)C[NH+](Cc2cc3cccc(c3[nH]c2=O)C)Cc4nnnn4Cc5ccc(cc5)F,0,11.235788,0.190909
decoy,C09049521,c1ccn(c1)c2nc3ccc(cc3s2)C(=O)NCCc4ccc(cc4)S(=O)(=O)N,0,11.686634,0.243902
decoy,C35313475,Cc1cc(c2c(c1)cc(c(=O)[nH]2)[C@@H]3c4cc(c(cc4CCN3C(=O)c5ccco5)OC)OC)C,0,11.213051,0.191011
decoy,C39637462,C[C@H]1CCC[C@@H]([C@@H]1C)NC(=O)[C@@H]2CN(CC23CC[NH2+]CC3)C(=O)c4csc5c4cccc5,0,11.077898,0.166667
decoy,C65249282,Cc1ccc(cc1)CNC(=O)N2CC[C@@]3(C2)c4ccccc4N(C3=O)C,0,11.560138,0.197531
decoy,C11267531,CC1CCC2(CC1)C(=O)N(C(=O)N2)NC(=O)CN3C(=O)[C@](NC3=O)(C)c4cccc5c4cccc5,0,10.583523,0.202532
decoy,C38902726,Cc1cc(cc2c1nc(s2)N(CCn3c(cc(n3)C)C)C(=O)c4ccc(s4)Br)Cl,0,11.217603,0.220000
decoy,C39676985,Cc1ccc(c(c1)CCNC(=O)[C@H]2CN(CC23CC[NH2+]CC3)C(=O)C4CCN(CC4)C(=O)C)C,0,11.026022,0.174419
decoy,C06244817,Cc1ccc(c2c1cc(c(=O)[nH]2)[C@@H](c3nnnn3C[C@@H]4CCCO4)[NH+]5CCN(CC5)c6ccc(cc6)F)C,0,11.019519,0.166667
decoy,C67382381,C[C@H](c1ccc2ccccc2c1)NC(=O)NCc3cccc(c3)C(=O)NC(C)C,0,11.732440,0.250000
decoy,C66055304,CCOC(=O)C(C)(c1ccc(c(c1)[N+](=O)[O-])C(F)(F)F)C(=O)OCC,0,11.230660,0.216867
decoy,C63315535,CC(C)[C@H](C(=O)NCc1ccco1)NC(=O)N2CCN(CC2)C(=O)[C@@H]3C=c4ccccc4=[NH+]3,0,10.915114,0.191011
decoy,C35747247,Cc1ccccc1c2csc3c2c(=O)[nH]c(n3)C[NH+](CCCOC)C[C@@H](COc4ccc(cc4)Cl)O,0,11.718256,0.186992
decoy,C03319290,CC(C)CSc1nnc(n1c2ccccc2Cl)Cn3cnc4c3cccc4,0,11.335930,0.173913
decoy,C00679488,c1ccc(cc1)C2=C([C@@H](NC(=S)N2)c3cc(c(c(c3)Br)O)Cl)C(=O)c4ccccc4,0,12.902831,0.178571
decoy,C22751295,CC(C)c1nc(on1)CSc2nnc(n2C3CC3)c4c[nH]c5c4cccc5,0,11.860167,0.185567
decoy,C33266852,Cc1ccc(cc1)CNC(=O)N2Cc3c(nn(c3-n4cccc4[C@@H]2c5ccc(cc5)N(C)C)c6ccccc6)C,0,11.772591,0.177778
decoy,C02063181,CC1=C([C@@H](C2=C(N1)C[C@H](CC2=O)c3ccc(cc3)Cl)c4ccc(cc4)OC(=O)C)C(=O)OCCOC,0,11.153183,0.197674
decoy,C06442556,Cc1ccc2cc(c(=O)[nH]c2c1C)[C@H](c3nnnn3Cc4ccc(cc4)F)[NH+]5CCC[C@@H](C5)C,0,10.810588,0.169355
decoy,C63541087,CC(C)c1ccc(cc1)C2=N[C@@H]3C(=CNN3C(=C2)C(F)(F)F)C(=O)NCCC4=c5ccccc5=[NH+]C4,0,11.202267,0.166667
decoy,C08413599,Cc1ccc(nc1)NC(=O)C2=C(NC3=C([C@@H]2c4cccc(c4)Oc5ccccc5)C(=O)CCC3)C,0,12.293691,0.241379
decoy,C13318065,CCc1cc(sc1C)C(=O)NNC(=O)COc2ccc(cc2C(=O)[O-])S(=O)(=O)N3CCCC3,0,11.427628,0.214286
decoy,C46311026,CC[C@H](CNC(=O)NNC(=O)N)[NH+]1CCc2ccccc2C1,0,11.865047,0.170732
decoy,C09468608,c1ccc(cc1)c2ccc(cc2)NC(=O)CNc3ccccc3C(=O)NC[C@H]4CCCO4,0,11.342170,0.232877
decoy,C32593966,Cc1ccc(cc1)[C@@H](CNC(=O)c2cc(on2)c3ccc4c(c3)OCCO4)[NH+]5CCCC5,0,10.511520,0.169643
decoy,C06134078,CCOc1ccc2c(c1)cc(c(=O)[nH]2)[C@H](c3nnnn3C4CCCC4)[NH+]5CCN(CC5)c6ccccc6,0,11.181740,0.209524
decoy,C13389362,Cc1ccc(c2c1[C@H]3C=CC[C@H]3[C@H](N2)c4ccc(cc4)[N+](=O)[O-])OC,0,11.283071,0.175000
decoy,C12186383,CC(C)(C)c1c2cc(c(=O)[nH]c2n(n1)c3ccccc3)C[NH2+]C[C@@H]4COCCO4,0,11.190006,0.183486
decoy,C09472974,c1ccc2c(c1)c(=O)n(c(n2)SCC(=O)NCCC3=CCCCC3)CCCC(=O)NCc4ccco4,0,10.911024,0.178218
decoy,C40008161,CCCC[NH+](CCCC)CCCN1[C@@H](c2c(=O)c3cc(ccc3oc2C1=O)C)c4ccc(cc4)C(C)(C)C,0,11.311291,0.145631
decoy,C48414296,c1ccn2cc(nc2c1)CCNC(=O)NCC3(CCCC3)[NH+]4CCSCC4,0,11.680687,0.172840
decoy,C34944388,c1ccc(cc1)C[NH+]2CCC3(CC2)[C@H]4CN(CC=C4C(=C(C3(C#N)C#N)N)C#N)Cc5ccccc5,0,11.192720,0.195876
decoy,C30223874,CC[C@@H]1c2ccsc2CC[NH+]1CC(=O)N3c4ccc(cc4C[C@@H]3C)S(=O)(=O)N,0,11.304680,0.175824
decoy,C42010836,C[C@@](c1ccc(cc1)F)(C(=O)[O-])Sc2[nH]c(=O)cc(n2)N,0,11.088696,0.200000
decoy,C49508693,CN1CCCc2c1ccc(c2)[C@@H](CNC(=O)C(=O)Nc3cc4c5c(c3)CCN5C(=O)CC4)[NH+]6CCCCC6,0,11.863998,0.190083
decoy,C49605872,C[C@@H](c1ccc(cc1)S(=O)(=O)N)[NH2+]CC(=O)N(Cc2ccco2)[C@H]3CCS(=O)(=O)C3,0,11.237998,0.186813
decoy,C09256406,CC[NH+](CC)Cc1nc(c2c(c(sc2n1)C)C)N3CCC(CC3)NS(=O)(=O)c4cccs4,0,11.698027,0.163265
decoy,C64218782,COc1cccc(c1OC)[C@H](CNC(=O)c2ccc(cc2)CS(=O)(=O)C)C3=c4ccccc4=[NH+]C3,0,10.573833,0.208791
decoy,C08900396,CC[NH+](CC)c1ccc(c(c1)C)n2nc3cc(c(cc3n2)NC(=O)c4ccc(c(c4)[N+](=O)[O-])Cl)C,0,11.135846,0.197802
decoy,C02720986,CC1(CC2=C([C@@H](NC(=S)N2)C3CCCCC3)C(=O)C1)C,0,10.777655,0.123596
decoy,C04872891,CC[C@H](C)[n+]1c(c(cc2c1nc3ccccn3c2=O)C(=O)NC)N,0,11.762381,0.182796
decoy,C06240158,c1cc([nH]c1)/C=N/c2ccc(cc2)NC(=O)c3ccco3,0,12.116584,0.220779
decoy,C04171438,Cc1ccccc1NC(=O)C2=C(NC(=O)N[C@H]2c3ccc(cc3)C(C)C)C,0,11.308213,0.217391
decoy,C34990997,Cc1c(sc(n1)N2[C@H](c3c(=O)c4ccccc4oc3C2=O)c5ccc(cc5)I)C,0,11.379424,0.179487
decoy,C24807736,Cc1c(c(=O)n(n1C)c2ccccc2)NC(=O)[C@@H](C)[NH2+][C@@H](C)c3ccc(cc3Cl)Cl,0,10.811524,0.183908
decoy,C64600493,COc1ccc2=[NH+]CC(=c2c1)CCNC(=O)C(=O)Nc3ccccc3C(=O)N4CCCCC4,0,11.575319,0.227848
decoy,C06442587,Cc1ccc2cc(c(=O)[nH]c2c1C)[C@H](c3nnnn3Cc4ccccc4)[NH+]5CCC(CC5)C,0,10.943825,0.219298
decoy,C47128961,C[C@@H]1c2ccsc2CCN1C(=O)N[C@@H](C)c3ccc(cc3)NC(=O)NC4CC4,0,10.841150,0.222222
decoy,C00931432,Cc1c(cn(n1)C)[C@H](C(=O)NC2CCCCC2)N(c3cccc4c3cccc4)C(=O)[C@H]5COc6ccccc6O5,0,10.640999,0.214286
decoy,C06465594,Cc1nnc(s1)S[C@@H](C)c2[nH]c(=O)c3c4c(sc3n2)C[C@H](CC4)C,0,11.228580,0.118182
decoy,C39527842,CC(C)S(=O)(=O)N1[C@H](CCC[C@@]12CCC[C@@H](C2)c3ccccc3O)F,0,11.070738,0.153846
decoy,C09835598,c1cnc(cn1)C(=O)Nc2nc(cs2)C34CC5CC(C3)CC(C5)C4,0,12.030747,0.173913
decoy,C36049392,Cc1ccc(cc1C)n2cc(nc2NC(=O)CN(Cc3ccco3)C(=O)Cc4ccccc4)c5ccccc5,0,10.494875,0.191489
decoy,C36050691,Cc1ccccc1[C@H]2C(=C(N=C3N2C(=CS3)/C=C(/NC[C@H]4CCCO4)\[O-])C)C(=O)OC,0,11.239811,0.192661
decoy,C53517393,CC(C)Cc1ccc(cc1)[C@H](c2cccs2)NCC(=O)Nc3ccc4c(c3)[nH]c(=O)[nH]4,0,11.819466,0.208791
decoy,C13941007,CCN\1C(=O)/C(=C\c2ccccc2O)/S/C1=N\c3ccc(cc3)C,0,12.099490,0.202899
decoy,C22068942,CCCNc1nnc(s1)SCC(=O)N2CCN(CC2)S(=O)(=O)c3ccc4c(c3)OCCO4,0,10.522643,0.193878
decoy,C22909236,Cc1ccccc1NC(=O)CNc2ccc(cc2)S(=O)(=O)N3C[C@@H](O[C@H](C3)C)C,0,10.822803,0.203704
decoy,C41170002,C[C@]1(CC[C@H](C1(C)C)C(=O)Nc2ccccc2/N=C/c3ccccc3)C(=O)[O-],0,11.462208,0.180556
decoy,C22184837,COc1cccc(c1OC)[C@H]2C3=C(Nc4ccccc4N=C3NC(=O)N2)c5ccccc5,0,11.434946,0.202381
decoy,C67410210,CC[C@@H](c1[nH]c2ccccc2n1)NC(=O)NC[C@@H]3CCC=CC3,0,11.849865,0.174419
decoy,C06546244,CCOC(=O)CN([C@@H](c1ccc(o1)C)C(=O)NC2CCCC2)C(=O)Cn3nc(nn3)c4ccc(cc4)Cl,0,10.658257,0.205357
decoy,C39687190,C[C@@H](Cc1ccccc1F)NC(=O)[C@@H]2CN(CC23CC[NH2+]CC3)C(=O)c4ccc5ccccc5n4,0,10.963701,0.185185
decoy,C23040474,C[C@H]1C(=O)N(c2ccccc2O1)CC(=O)N[C@@H](C)C3CC3,0,10.898876,0.177215
decoy,C24295218,CCC(C)(C)C1CCC2(CC1)C(=O)N(C(=O)N2)CC(=O)NNC(=O)[C@@H](C)Oc3ccc(cc3)F,0,10.929054,0.184783
decoy,C08828697,CCc1cc2c(=O)c(c(oc2c(c1O)C[NH+]3CCCCC3)C)c4cnn(c4)c5ccccc5,0,10.949150,0.196262
decoy,C14718757,CC[C@@H](C)C(=O)c1c(c(c(c2c1oc(=O)cc2[C@H](CC)OC(=O)C)O)C/C=C(\C)/CCC=C(C)C)O,0,10.919353,0.135922
decoy,C00695772,c1c(oc(c1)C(=O)N/N=C/C2CCCCC2)C(=O)N/N=C/C3CCCCC3,0,11.604637,0.169492
decoy,C12636144,CCOc1ccc(cc1)S(=O)(=O)NN/C=C\2/c3ccccc3C(=O)N(C2=O)Cc4ccc(cc4)OC,0,11.449728,0.218391
decoy,C64735082,CCOc1ccc(cc1OC)[C@H](CNC(=O)[C@H]2Cc3ccccc3O2)C4=c5ccccc5=[NH+]C4,0,10.695479,0.225806
decoy,C13064952,CC[C@H](c1nnnn1Cc2ccc(cc2)F)[NH+](Cc3cc4c(cc(cc4[nH]c3=O)C)C)C5CCCCC5,0,11.438157,0.178862
decoy,C32623114,COc1ccc(c(c1)[C@@H](CNC(=O)c2cc(on2)c3ccc4c(c3)OCCO4)[NH+]5CCCCC5)OC,0,10.782234,0.204819
decoy,C36050964,CCOC(=O)C1=C(N=C2N([C@@H]1c3cc(cc(c3)OC)OC)C(=CS2)/C=C(/NC[C@H]4CCCO4)\[O-])C,0,11.187857,0.190909
decoy,C08791347,Cc1cccc2c1NC(=O)[C@@]23[C@H]4[C@@H]([C@@H]([NH2+]3)Cc5c[nH]c6c5cccc6)C(=O)N(C4=O)CCCOC,0,11.435784,0.162162
decoy,C06134081,CCOc1ccc2c(c1)cc(c(=O)[nH]2)[C@H](c3nnnn3C4CCCC4)[NH+]5CCN(CC5)c6ccccc6F,0,11.234962,0.195122
decoy,C05821192,CCCCN(CCCC)P(=S)(N(CCCC)CCCC)N(CCCC)CCCC,0,10.944911,0.082192
decoy,C39687603,CC[C@H](C)C(=O)N1C[C@@H](C2(C1)CC[NH2+]CC2)C(=O)NC3CCN(CC3)c4c(ccc[nH+]4)C,0,11.106361,0.164948
decoy,C39686643,C[C@H](Cc1ccccc1OC)NC(=O)[C@@H]2CN(CC23CC[NH2+]CC3)C(=O)c4ccc(c(c4)C(F)(F)F)OC,0,10.798944,0.203704
decoy,C02368123,c1ccc2c(c1)nc3c(c(n(c3n2)Cc4ccco4)N)S(=O)(=O)c5ccc(cc5)Cl,0,11.428893,0.180723
decoy,C48521135,Cc1c(cnn1C)[C@H](C)NC(=O)Nc2ccc(cc2)SC(F)(F)F,0,11.649862,0.215909
decoy,C63172472,COc1ccc2=[NH+][C@@H]3[C@@H](NCCC3=c2c1)c4ccc(c(c4)COc5ccccc5F)OC,0,11.122574,0.216495
decoy,C38903677,Cc1ccc(cc1)CSCCCNC(=O)[C@H]2CCC[NH+](C2)Cc3nc(no3)c4ccc(cc4)C(C)(C)C,0,11.218232,0.159664
decoy,C17701020,Cc1ccc(o1)[C@@H](C/[NH+]=C/c2c3ccccc3ccc2O)N4CCOCC4,0,11.138921,0.197531
decoy,C04691337,Cc1cccc(c1)c2nnc(n2/N=C/c3cc(c(c(c3)C)O)C)S,0,11.770848,0.205479
decoy,C34923229,CCC1=C([C@H](N2C(=CSC2=N1)/C=C(/NCCCN3CCCC3=O)\[O-])c4cccc(c4)OC)C(=O)OC,0,11.538674,0.201550
decoy,C64219041,CC(=O)N[C@H](CC1=c2ccccc2=[NH+]C1)C(=O)Nc3cccc(c3)S(=O)(=O)N4CCCCC4,0,12.402882,0.216495
decoy,C39694537,c1cc(c(c(c1)Cl)Cl)C(=O)N2C[C@H](C3(C2)CC[NH2+]CC3)C(=O)NCCn4cccn4,0,10.842314,0.183486
decoy,C15606069,COCCCN(c1c(n(c(=O)[nH]c1=O)Cc2ccccc2)N)C(=O)[C@@H]3Cc4cc(ccc4OC3)Cl,0,11.393315,0.223214
decoy,C10748450,CC[C@@H](C)c1ccccc1NC(=O)[C@@H](C)OC(=O)CN2C(=O)[C@@]3(CCCC[C@@H]3C)NC2=O,0,10.742461,0.173077
decoy,C38570422,Cc1c(oc2c1cc3c(c2)OC(=O)[C@@H]([C@@H]3C)CC(=O)NCCc4c[nH]c5c4cccc5)C,0,11.681810,0.209302
decoy,C49281927,CCC(C)(C)NC(=O)CN1c2ccc(cc2CC1=O)N,0,11.433356,0.175000
decoy,C18129725,c1cc2c(cc1/C=N/NC(=[NH2+])S[C@H]3CC(=O)N(C3=O)c4cc(ccc4Cl)Cl)OCO2,0,11.853790,0.181818
decoy,C59117955,CN(CCCC(=O)NCc1ccc([nH+]c1)N2CCCCCC2)S(=O)(=O)c3ccc(cc3)F,0,11.338771,0.168224
decoy,C36245730,CCC(C)(C)C1CCC2(CC1)C(=O)N(C(=O)N2)CC(=O)Nc3ccc4c(c3)CCC4,0,10.914949,0.230769
decoy,C44865383,CCC[C@H](/C(=N/O)/N)C(=O)N1CCCCCCC1,0,11.385470,0.160920
decoy,C13494299,Cc1cccc2c1[nH]c(=O)c(c2)C[NH+](Cc3nnnn3CCc4ccccc4)C5CCCCC5,0,11.313287,0.204819
decoy,C66119107,C[C@@H](c1ccccc1Cl)NC(=O)N2CCC[C@@H](C2)CCC(=O)N,0,11.499552,0.237500
decoy,C60350331,C1CCc2c(c(c(n2C[C@H]3CCCO3)NC(=O)CN4C(=O)C(NC4=O)(C5CC5)C6CC6)C#N)C1,0,10.860995,0.151163
decoy,C56077709,Cc1c2ccccc2oc1[C@H](C)NC(=O)[C@H](C)NC(=O)N,0,10.818264,0.196970
decoy,C08924210,C[C@H](C(=O)Nc1c(c2c(s1)CCC2)C(=O)N)[NH+]3CCC[C@@H]3c4ccc5c(c4)OCCO5,0,10.695087,0.159292
decoy,C15548600,c1cc(sc1)[C@H]2c3ccsc3CC[NH+]2CC(=O)Nc4c(cc(cc4Cl)Cl)Cl,0,11.178540,0.192661
decoy,C59038452,CCNC(=O)c1ccc(c(c1)NC(=O)N[C@H](C)c2cc3ccccc3o2)C,0,11.754841,0.239437
decoy,C35665070,CCCNC(=O)N1CCC2(CC1)[NH2+][C@H](C(=O)N2Cc3ccc4c(c3)OCO4)Cc5ccccc5,0,11.798175,0.250000
decoy,C12054764,CCC[C@@]1(C(=O)N(C(=O)N1)CC[C@@H]2CCC[NH+]2C)C3CCN(CC3)C(=O)c4cc(sc4)C(=O)C,0,10.809721,0.155172
decoy,C12850974,c1cc(oc1)[C@@H]2C[C@H](n3c(cc(n3)C(=O)N4CCN(CC4)c5ccc(cc5)F)N2)C(F)(F)F,0,11.311308,0.172727
decoy,C39696863,CN1CCO[C@H](C1)CNC(=O)[C@@H]2CN(CC23CC[NH2+]CC3)C(=O)c4ccc(o4)c5ccc(cc5)F,0,10.932920,0.235955
decoy,C27583204,Cc1cc(c2c(c(oc2c1)C(=O)NC[C@H](c3ccc(cc3)OC)[NH+]4CCCCCC4)C)C,0,11.232237,0.240000
decoy,C63679315,CC(C)(C)OC(=O)NNC(=O)c1csc(n1)c2ccccc2F,0,11.880402,0.210526
decoy,C57997811,COc1ccc(cc1C(=O)NCCc2ccc3c(c2)OCO3)S(=O)(=O)N,0,10.924313,0.207792
decoy,C59112817,CCCCc1ccc(cc1)NC(=S)NCC(C)(C)CNC(=S)Nc2ccc(cc2)CCCC,0,12.684069,0.271186
decoy,C09469741,CC[NH+](CC)Cc1ccc(cc1)CNC(=O)NCCNc2ccc(cc2[N+](=O)[O-])S(=O)(=O)C,0,11.890252,0.172727
decoy,C35894863,c1cc(sc1)CCNC(=O)[C@@H]2Cc3cc(ccc3N4[C@@H]2C[NH+](CC4)C5CCCC5)[N+](=O)[O-],0,11.027283,0.175439
decoy,C63472728,c1ccc2=[NH+]CC(=c2c1)C[C@H]3[C@@H]4[C@@H](C(=O)N(C4=O)C5CCCCC5)[C@]6(N3)c7cc(ccc7NC6=O)F,0,11.627036,0.159574
decoy,C39982705,C[C@H](C(=O)N1c2ccccc2NC(=O)C1(C)C)S[C@H]3NN=C(O3)C4=c5ccccc5=[NH+]C4,0,11.245594,0.165138
decoy,C37309223,c1cc(c(cc1S(=O)(=O)N)C(=O)[O-])NC2CCCCC2,0,11.132917,0.211268
decoy,C24715494,Cc1nc(cs1)c2ccc(s2)CCNC(=O)[C@@H]3[C@@H](C3(C)C)C=C(C)C,0,11.185007,0.164706
decoy,C06442396,Cc1ccc2cc(c(=O)[nH]c2c1C)[C@@H](c3nnnn3Cc4ccccc4)[NH+](C)C5CCCCC5,0,11.139693,0.219298
decoy,C39367236,CC1=C2[C@H](C3=C(CC(CC3=O)(C)C)N[C@@H]2N=N1)c4ccc(cc4)N(C)C,0,11.011855,0.168831
decoy,C04926237,CC(C)(C)n1c(nnn1)[C@@H](c2ccccn2)[NH+](Cc3ccccc3)Cc4cccs4,0,11.816683,0.166667
decoy,C36788201,c1csc(c1C(=O)N)NC(=O)CSc2nnc(n2N)C(F)(F)F,0,10.594251,0.166667
decoy,C36206498,Cc1ccc(c(c1)c2csc3c2c(=O)[nH]c(n3)C[NH+](CCOC)C[C@H](COC(C)C)O)C,0,11.736490,0.157025
decoy,C40137527,Cc1ccc(cc1)OCCN2c3ccccc3/C(=N/NC(=O)c4cc(c(c(c4)OC)OC)OC)/C2=O,0,10.638448,0.229885
decoy,C39665703,Cc1ccc(c(c1F)C(=O)N2C[C@H](C3(C2)CC[NH2+]CC3)C(=O)NC[C@H](C)Oc4ccc(cc4)OC)Cl,0,10.709918,0.209302
decoy,C66925113,Cc1cc2c(o1)CC(C[C@@H]2NC(=O)NNC(=O)Cc3ccccc3F)(C)C,0,11.710926,0.171717
decoy,C13327999,CCc1c(c(on1)C)C(=O)Nc2c(c(c(s2)C)c3ccc(cc3)F)C(=O)N,0,10.482145,0.187500
decoy,C03285052,c1ccc(c(c1)[N+](=O)[O-])S(=O)(=O)N2CC[NH+](CC2)CC(=O)Nc3c(c4c(s3)CCC4)C(=O)N,0,11.201586,0.166667
decoy,C44728479,Cc1cccc2c1[nH]cc2CCNC(=O)[C@@H]3CN(CC34CC[NH2+]CC4)C(=O)c5c(noc5c6cc(on6)C)C,0,10.730247,0.158730
decoy,C14889099,COc1ccccc1CCNC(=O)[C@@H]2CC23CC[NH+](CC3)Cc4cc5ccccc5o4,0,11.090245,0.206897
decoy,C13498759,CC(C)[C@H](c1nnnn1Cc2ccco2)N(Cc3cccnc3)Cc4cc5ccc(cc5[nH]c4=O)OC,0,11.794078,0.198413
decoy,C00710728,COc1ccccc1/C=N/NC(=O)c2c(n(nn2)c3c(non3)N)C[NH+]4CCc5ccccc5C4,0,11.979991,0.188119
decoy,C46025270,CC(C)(C)[C@@H]1CCCC[C@H]1NC(=O)NNC(=S)NC2CCCC2,0,11.571856,0.183908
decoy,C34750022,CC(=C)CSc1nc(c2c3c(sc2n1)COC(C3)(C)C)N4CC[NH+](CC4)CCCc5ccccc5,0,10.670605,0.160377
decoy,C21517811,Cc1cc(nc(n1)SCC(=O)Nc2ccc(cc2N)F)[O-],0,10.673173,0.190476
decoy,C17299991,Cc1ccc(cc1)n2c(cc(c2C)/C=C/3\C(=O)NC(=O)N(C3=O)C4CCCCC4)C,0,10.779128,0.195876
decoy,C09430597,C[C@H]1Cc2cc(ccc2N1C(=O)C)S(=O)(=O)NCC3CCC(CC3)C(=O)N4CCc5c4cccc5,0,10.841194,0.196581
decoy,C38710753,CC(C)CN1c2cc(ccc2OCC(C1=O)(C)C)NS(=O)(=O)c3ccc(cc3)OC(F)(F)F,0,11.535162,0.176471
decoy,C09876204,Cc1ccc(c(c1)C)NC(=O)NC(=O)CSc2nnc(n2c3ccccc3)C[NH+]4CCCCC4,0,11.224442,0.173913
decoy,C44944195,c1ccc(cc1)CO[C@H]2CCCC[C@@H]2NC(=O)[C@@H]3CC=CC[C@H]3C(=O)N4CCN(CC4)c5cccc[nH+]5,0,10.734023,0.238636
decoy,C35448879,Cc1c(c(=O)n2c(n1C)cc(n2)c3ccc(cc3)OC)CCC(=O)NCc4ccc(cc4)SC,0,10.718337,0.204545
decoy,C35398195,Cc1ccc(cc1)c2ccc(nn2)N3CCC[C@H](C3)C(=O)NCc4ccc(cc4)C(C)C,0,10.861613,0.201923
decoy,C16267260,Cc1cc(c(c(c1)C)NC(=O)NC[C@H]2C[C@H](C2(C)C)CNC(=O)Nc3c(cc(cc3C)C)C)C,0,11.863934,0.189189
decoy,C63119347,CCCc1cc2cc(ccc2nc1NN)S(=O)(=O)C,0,11.193113,0.240000
decoy,C17176181,CC1=CC[C@@]23CC[C@@H]([C@@]2(CC1)OC(=O)C)[C@@](OC3=O)(C)/C=C\C=C(\C)/C(=O)[O-],0,11.376391,0.129032
decoy,C39675353,C[C@H](CCc1ccc(cc1)OC)NC(=O)[C@H]2CN(CC23CC[NH2+]CC3)C(=O)COc4cccc(c4)Cl,0,10.788489,0.263158
decoy,C53631893,C[C@@H]1C=C2[C@H]([C@@H](C(=C(O2)N)C#N)c3cc(c(c(c3)Br)OC)OC)C(=O)N1CCc4c[nH]c[nH+]4,0,10.642797,0.175824
decoy,C35378826,Cc1ccc(c(c1)C)NC(=O)[C@@H]2CCCN(C2)S(=O)(=O)c3cc4c(cc3C)NC(=O)CO4,0,11.181422,0.194690
decoy,C00649197,CC1=C([C@H](C2=C(N1)C[C@H](CC2=O)c3ccc(c(c3)OC)OC)c4cc(c(c(c4)Br)OC)OC)C(=O)OC,0,11.269999,0.214286
decoy,C22063386,c1ccc2c(c1)C[C@H]([NH+](C2)CC(=O)Nc3cc4c(cc3Br)OCCO4)C(=O)N,0,12.143825,0.186275
decoy,C62495252,Cc1ccc(c(c1)C[C@@H]2C(=O)Nc3cc(ccc3O2)N)OC,0,11.815657,0.204301
decoy,C14932715,CN(Cc1[nH]c(=O)c2ccccc2n1)C(=O)c3cn(nc3c4ccc(cc4)Cl)c5ccccc5,0,10.742896,0.188889
decoy,C09863379,CC[C@@]1(C(=O)N(C(=O)N1)CC(=O)N2CCC[C@H]2c3ccc4c(c3)OCCCO4)c5ccccc5,0,10.741682,0.190000
decoy,C16936195,Cc1ccc(c(c1)O)/N=C\2/N(C(=O)/C(=C/c3cccc(c3)OCCC(=O)[O-])/S2)C,0,12.017280,0.212500
decoy,C02838024,Cn1c(nnc1SCC(=O)Nc2c(c3c(s2)CCCC3)C#N)CNC(=O)c4cccc(c4)[N+](=O)[O-],0,11.648729,0.198276
decoy,C22972879,Cc1c(sc(n1)NC(=O)CCCN(C)S(=O)(=O)c2cccs2)c3nnc(n3CC=C)[S-],0,11.018622,0.177083
decoy,C59208341,C[C@@H](c1nnc2n1cccc2)[NH2+]Cc3ccc(c(c3)Br)O,0,11.422686,0.160920
decoy,C65181452,CN(CCC1=NO[C@@H](N1)[C@H]2C=c3ccccc3=[NH+]2)C(=O)c4ccsc4,0,11.378771,0.156627
decoy,C40043670,CCc1ccc2c(c1)c(=O)c3c(o2)C(=O)N([C@H]3c4ccc(cc4)[N+](=O)[O-])CCc5ccc(c(c5)OC)OC,0,10.923457,0.197674
decoy,C20682299,CC[C@H](C)Oc1ccc2c(c1)[C@H]3C=CC[C@H]3[C@H](N2)c4ccc(cc4O)O,0,12.958504,0.200000
decoy,C09042811,CCc1cccc2c1NC(=O)[C@]23[C@@]4(c5ccccc5NC4=O)[C@@H]([C@@H]6[NH+]3CCC6)C(=O)c7ccccc7,0,10.813473,0.175824
decoy,C00928798,c1ccc(c(c1)NC(=O)CSc2nnc(n2Cc3ccco3)c4ccc(cc4)O)N5CCOCC5,0,11.079967,0.198113
decoy,C44353564,Cc1c(cc(cc1Cl)S(=O)(=O)N(C)[C@@H](C)C(C)(C)C)N,0,11.012333,0.149254
decoy,C63472726,c1ccc2=[NH+]CC(=c2c1)C[C@@H]3[C@@H]4[C@@H](C(=O)N(C4=O)C5CCCCC5)[C@]6(N3)c7cc(ccc7NC6=O)F,0,11.622578,0.159574
decoy,C45864179,C[C@H]1Cc2ccccc2N1C(=O)c3ccc(s3)NC(=O)c4ccco4,0,12.088807,0.175926
decoy,C36249814,C=CCOC[C@@H](C[NH+](Cc1ccc(cc1)F)Cc2c(noc2N3CCOCC3)c4ccccc4)O,0,11.381914,0.207547
decoy,C11004399,Cc1ccc(cc1)n2c(=O)c3c4c(sc3nc2S[C@H](C)C(=O)Nc5cc(no5)C)CCC4,0,11.750497,0.162162
decoy,C38966447,CCCCc1ccc(cc1)N[C@H]2/C(=N/S(=O)(=O)c3cccc4c3nsn4)/[NH+]=c5ccccc5=[NH+]2,0,11.257868,0.181818
decoy,C06667041,CCn\1c(c(s/c1=N\S(=O)(=O)c2ccc(cc2)C)C=O)Cl,0,11.085450,0.153846
decoy,C39676584,CCCC[C@@H](C)C(=O)N1C[C@@H](C2(C1)CC[NH2+]CC2)C(=O)NC(c3ccc(cc3)OC)c4ccc(cc4)OC,0,10.838923,0.217949
decoy,C27902294,C[C@@H](C(=O)Nc1ccccc1Sc2ccc(cc2)Cl)N3CC[NH+](CC3)CC(=O)NCC=C,0,10.539472,0.192771
decoy,C39637017,CCCCCCC(=O)N1C[C@@H](C2(C1)CC[NH2+]CC2)C(=O)NCc3cc(c(c(c3)OC)OC)OC,0,10.900928,0.209524
decoy,C13496066,Cc1ccc(cc1)[C@@H](C(=O)NCc2ccc3c(c2)OCO3)N(C4CCCC4)C(=O)c5ccc6c(c5)OCCO6,0,11.185081,0.183486
decoy,C09135565,CN1CCCc2c1ccc(c2)[C@@H](CNC(=O)C(=O)NCc3ccc4c(c3)OCO4)[NH+]5CCCC5,0,11.868985,0.168317
decoy,C04180755,c1ccc(cc1)NC(=S)N/N=C/2\CCCc3c2[nH]c4c3cc(cc4)C5CCCCC5,0,11.648573,0.232877
decoy,C30577712,Cc1ccc(cc1S(=O)(=O)N2CC[NH+](CC2)CC(=O)NC(=O)NCCC3=CCCCC3)[N+](=O)[O-],0,11.897720,0.165049
decoy,C45912503,CCOC(=O)N[C@@H](CC(C)C)CNC(=O)C1CCN(CC1)C(=O)N(C)C,0,11.201682,0.217949
decoy,C22242727,C=CCNC(=O)C[NH+]1CCN(CC1)CC(=O)N2c3ccccc3NC(=O)C[C@H]2C(F)(F)F,0,11.851855,0.158416
decoy,C38903029,Cc1ccc(c(c1)[C@H](C)NC(=O)[C@H]2CCC[NH+](C2)Cc3nc(no3)c4ccc(cc4)C(C)(C)C)C,0,10.854162,0.168421
decoy,C36552922,CCCCNC(=O)[C@H](c1cc(ccc1Cl)[N+](=O)[O-])N(c2cccc(c2)Cl)C(=O)[C@@H]3CCC(=O)N3,0,11.134039,0.182796
decoy,C08909085,CCOc1ccccc1NC(=O)CSc2nnc(s2)NC(=O)[C@H]3CC(=O)N(C3)c4ccc(c(c4)C)C,0,10.465492,0.218182
decoy,C19300994,C[NH+](C)CCN(C)C(=O)[C@@H]1CCCN(C1)c2c3c(nc(n2)c4ccccc4)CCC3,0,10.732589,0.200000
decoy,C54197075,CC[C@H](C)[C@H](C(=O)NCCc1ccccc1C(F)(F)F)NC(=O)N,0,11.105001,0.191781
decoy,C04954770,C[C@@H]1CCCC[C@@]12C(=O)N(C(=O)N2)Cc3cc4c(cc3Br)OCO4,0,11.825903,0.160000
decoy,C62516477,CC(C)(C)c1nc(c2n1cccc2)C(=O)N3CCC[C@H](C3)CO,0,11.184590,0.197802
decoy,C28297159,CC1([C@H]2CC[C@@]1(/C(=C/OC[C@H](CN3CCN(CC3)C[C@H](CO/N=C/4\C[C@@H]5CC[C@]4(C5(C)C)C)O)O)/C2)C)C,0,10.862042,0.145631
decoy,C06409809,Cc1ccc2cc(c(=O)[nH]c2c1)[C@@H](c3nnnn3C4CCCC4)[NH+](CCc5ccccc5)Cc6cccs6,0,11.566562,0.166667
decoy,C09591044,Cc1csc(n1)[C@H](C#N)C(=O)COC(=O)/C=C/c2c(nn(c2Cl)[C@@H]3CCS(=O)(=O)C3)C,0,11.038144,0.188119
decoy,C32916315,c1cc(c2c(c1)N(CCC2)Cc3nc(no3)c4ccc(cc4)F)C(=O)N,0,10.550032,0.212500
decoy,C66389522,CC[C@H](C(=O)Nc1cc(on1)C)Nc2ccc(cc2)C(=O)NC3CCCCC3,0,11.957042,0.237113
decoy,C38890415,CCCN1[C@H]2CCCC[C@H]2C(=C(C1=O)C(=O)Nc3nc(cs3)C)[O-],0,11.453703,0.188119
decoy,C09060041,Cc1c2cc3c(cc2oc(=O)c1CCC(=O)NCCc4c[nH+]c[nH]4)occ3c5ccc(cc5)Cl,0,11.398160,0.211765
decoy,C06074133,CC(=O)c1ccc(cc1)NC(=O)CSc2nc3c(c4c(s3)CCC4)c(=O)n2CCOC,0,11.702757,0.234568
decoy,C14957858,Cc1c2cc(ccc2[nH]n1)c3cc(cnc3)OC[C@H](Cc4cc5ccccc5nc4)[NH3+],0,11.822656,0.205479
decoy,C09913727,c1ccc2c(c1)cc3ccccc3c2/C=N/NC(=O)C[C@H]4C(=O)NN=C5N4C=Nc6c5cccc6,0,11.749862,0.177778
decoy,C22681454,CC1CC[NH+](CC1)[C@H](CNC(=O)C[C@H](C)NC(=O)c2ccccc2)c3cccs3,0,10.922070,0.183908
decoy,C39559757,C/C=C/C=C/C=C\C(=O)N[C@H]([C@H](C)[NH3+])C(=O)O[C@@H]([C@@H]1C(=O)NCC(=O)N1)C2=C3C=CC(=C[C@@H]3N=C2)Cl,0,10.642645,0.135922
decoy,C16652759,COCCN(CC(=O)N(Cc1ccc2c(c1)OCO2)Cc3ccco3)C(=O)c4cccc(c4)[N+](=O)[O-],0,11.275379,0.223404
decoy,C63557520,COC(=O)c1ccc(cc1)NC(=O)[C@@H]2CC(=O)N(C2)CCC3=c4cc(ccc4=[NH+]C3)F,0,10.872859,0.212500
decoy,C62617527,CC(C)Oc1ccc(cc1)S(=O)(=O)N2CCc3cc4c(cc3C2)OCCO4,0,10.857758,0.155556
decoy,C59892332,CC[C@@H](C)c1ccc(cc1)S(=O)(=O)N2CCN(CC2)C(=O)[C@@H](C)NC(=O)C3CCCCC3,0,10.273964,0.190000
decoy,C02646122,C/C(=C/Cc1ccc2c(c1)OCO2)/NNC(=O)c3cc4c5ccccc5n(c4s3)C,0,11.700488,0.190476
decoy,C35547937,CC[NH2+][C@H](c1cc(cc(c1)Cl)Cl)c2c(cc(cc2C)C)C,0,10.811563,0.158730
decoy,C39676765,C[C@H](c1cccc(c1)OC)NC(=O)[C@H]2CN(CC23CC[NH2+]CC3)C(=O)c4ccc(c(c4)C(F)(F)F)OC,0,10.765415,0.193878
decoy,C03297645,c1cc(ccc1CSc2nnc(s2)NC(=O)[C@H]3CC(=O)N(C3)c4ccc5c(c4)OCCO5)F,0,10.870201,0.175824
decoy,C33371017,Cc1c(sc(n1)N2[C@@H](C(=C(C2=O)[O-])C(=O)c3ccncc3)c4cccc(c4)OCC=C)C(=O)OCC=C,0,10.935043,0.173077
decoy,C36217578,Cc1cccc(c1)CN2[C@@H]([C@@H](OC2=O)c3ccc(cc3)NC(=O)CC(C)C)C(=O)NC[C@@H]4CCCO4,0,11.197841,0.234043
decoy,C04065708,CCCOc1ccc(cc1)[C@H]2C(=C(NC(=O)N2)C)C(=O)OC3CCCCCC3,0,11.078594,0.227848
decoy,C23245169,c1ccc(cc1)c2ccc(cc2)S(=O)(=O)N3CC[NH+](CC3)CCn4c(=O)ccc(n4)c5ccc(cc5)F,0,11.712811,0.187500
decoy,C54689922,C[C@H]1CCC[C@@H](C1)SCC(=O)Nc2c(cc(cc2Cl)N)Cl,0,11.044126,0.211111
decoy,C39710275,Cc1ccc2=[NH+]C(=O)[C@H](C=c2c1)[C@H]([C@@H]3N=NNN3C4CCCC4)[NH+](Cc5ccc(cc5)OC)Cc6ccco6,0,11.170134,0.182692
decoy,C38688357,Cc1ccc2c(c1)sc(c2Cl)C(=O)Oc3ccc4c(c3)OC(=C([C@@H]4c5cccs5)C#N)N,0,11.775080,0.200000
decoy,C35528203,C[C@@H]1CCCC[C@@H]1NC(=O)[C@@]2(Cn3c4ccsc4cc3C(=O)N2c5ccc(c(c5)OC)OC)C,0,11.179088,0.181818
decoy,C06282670,COc1ccc2c(c1)cc(c(=O)[nH]2)[C@H](c3nnnn3C4CCCC4)[NH+]5CCC(CC5)Cc6ccccc6,0,11.353768,0.220339
decoy,C39446511,C[C@H]1C(=C2C(=N[C@@H](N(C2=O)c3ccccc3)SCc4[nH]c5ccccc5n4)S1)C,0,11.434795,0.186916
decoy,C01670457,CCCc1cc2c(cc1NC(=O)[C@@H]3[C@@H](C3(C)C)C=C(C)C)OCO2,0,10.862549,0.174757
decoy,C39710354,Cc1ccc2=[NH+]C(=O)[C@@H](C=c2c1)[C@H](c3nnnn3CCOC)[NH+](Cc4ccccc4)Cc5ccc(cc5)F,0,10.959235,0.180328
decoy,C63376028,Cc1ccccc1[C@@H]2[C@H]3C(=c4ccccc4=[NH+]3)C[C@@H]5N2C(=O)N(C5=O)c6ccccc6C(=O)NCC(C)C,0,10.841988,0.145631
decoy,C40813084,Cc1c\2c(oc1C(=O)NC3CC([NH2+]C(C3)(C)C)(C)C)CCC/C2=N\NC(=O)c4cccc(c4)[N+](=O)[O-],0,12.016095,0.209091
decoy,C35747129,Cc1c2c(=O)[nH]c(nc2sc1C(=O)OC)C[NH+](C[C@@H](COc3ccc(cc3)Cl)O)C4CC4,0,11.310396,0.195876
decoy,C39657731,c1ccc(c(c1)CNC(=O)[C@@H]2CN(CC23CC[NH2+]CC3)C(=O)c4ccccn4)Sc5ccccc5CO,0,11.111438,0.174312
decoy,C24350253,Cc1nc2cc(ccc2n1c3ccccc3)C(=O)NNC(=O)c4ccc(cc4)CSc5nncn5C,0,11.498056,0.209091
decoy,C00646589,Cc1cc(no1)NC(=O)[C@@H](C)Sc2nc(cc(n2)C(F)(F)F)c3ccccc3,0,11.746696,0.200000
decoy,C09135672,Cc1cc(c2ccccc2n1)NC(=O)C(=O)NC[C@@H](c3ccc4c(c3)CCCN4C)[NH+]5CCCC5,0,11.676317,0.218487
decoy,C09135791,Cc1cc(ccc1NC(=O)C(=O)NC[C@@H](c2ccc3c(c2)CCCN3C)[NH+]4CCCC4)[N+](=O)[O-],0,11.479442,0.184466
decoy,C13065301,CC[C@@H](c1nnnn1CC(=O)OCC)[NH+](Cc2ccc(cc2)C)Cc3cc4c(ccc(c4[nH]c3=O)C)C,0,11.334278,0.175258
decoy,C64626062,CC[C@@H](C)C(=O)N1CCC(CC1)C(=O)Nc2ccc(cc2)[C@H]3C=c4ccccc4=[NH+]3,0,11.099040,0.225000
decoy,C45324681,Cc1cccc(n1)c2c([nH+]c([nH]2)NCc3ccc(cc3)C#N)C4=CC=C5[C@@H](C4)OCO5,0,11.798263,0.173469
decoy,C32944631,CC(C)CCn1c(=O)c2ccc(cc2nc1SCC(=O)c3ccc(cc3)OC)C(=O)NC4CCCCC4,0,12.030223,0.243902
decoy,C64002342,C[C@H]1c2c(ncnc2S[C@@H]1C(=O)N[C@@H]3CCOC(C3)(C)C)NCCC4=c5ccccc5=[NH+]C4,0,11.713059,0.186992
decoy,C36155103,Cc1ccccc1OC[C@H](C[NH2+][C@@H](Cc2ccccc2)c3nc(no3)c4ccc(cc4)[N+](=O)[O-])O,0,10.964947,0.241758
decoy,C64693637,c1cc(ccc1CSc2[nH]c(=O)cc(n2)N)CSC3=NC(=O)CC(=N3)N,0,11.103969,0.155844
decoy,C66084465,CC[C@H](C)NC(=O)c1cccc(c1)NCC(=O)Nc2cccc(c2C)C,0,11.521770,0.211268
decoy,C39985645,Cc1cccc(c1OC[C@H](CSc2nnc(s2)N)O)C,0,10.280182,0.185185
decoy,C23576153,c1cc(oc1)C(=O)Nc2ccc(s2)C(=O)OCC(=O)Nc3ccc4c(c3)OC(O4)(F)F,0,11.733103,0.222222
decoy,C42870174,C[C@H]1CCCC[C@@H]1CNC(=O)N2CCC(CC2)C(=O)[O-],0,11.793566,0.168539
decoy,C48820255,Cc1cccc2c1NC(=O)[C@@H]2[NH2+]Cc3ccccc3Br,0,11.274063,0.164179
decoy,C53491598,CC(C)c1ccc(cc1)[C@@H](c2cccs2)NC(=O)N3CCC(CC3)C(=O)N,0,11.771297,0.228261
decoy,C20345399,Cc1cc(cc(c1)NC(=S)Nc2ccc(cc2)S(=O)(=O)N3c4ccc(cc4CC[C@H]3C)F)C,0,11.340523,0.188889
decoy,C12588955,c1ccc(c(c1)N2CCN(CC2)CC(=O)NCC3(CCCC3)c4ccc5c(c4)OCCO5)O,0,10.631710,0.178218
decoy,C34721336,c1cc(ccc1C[NH+](Cc2ccc(o2)C(=O)N[C@H]3CCCCNC3=O)C4CCCCC4)Br,0,10.628381,0.166667
decoy,C33069311,Cc1c(c(n(n1)c2ccccc2)N3CCC(CC3)C(=O)NCC[C@@H](C)[NH+]4CCCC4)NC(=O)C,0,10.889871,0.224719
decoy,C33256695,Cc1cc(cc(c1)NC(=O)CSc2nnc3n2c4cc(ccc4c(=O)n3CC(C)C)C(=O)NC(C)C)C,0,11.406967,0.190476
decoy,C59887889,Cc1c(c(n(n1)CCO)C)/C=N/Nc2[nH]nc(n2)SCC(=O)N3CCc4cc(c(cc4C3)OC)OC,0,11.726230,0.194444
decoy,C12971212,CC(C)[C@H](C(=O)N/N=C/c1ccc(cc1)[N+](=O)[O-])Sc2[nH]c(c(n2)c3ccccc3)c4ccccc4,0,12.084350,0.241379
decoy,C09010783,COC(=O)C(=C1Nc2ccccc2N1)C(=O)CSc3nc4ccccc4c(=O)n3Cc5ccco5,0,11.616706,0.197802
decoy,C35782470,Cc1ccc(cc1)Oc2c(c(nn2C)c3ccccc3)C[NH+](Cc4ccco4)C[C@@H](C)O,0,10.339993,0.193182
decoy,C09138386,CN1CCCc2c1ccc(c2)[C@@H](CNC(=O)C(=O)NCc3ccco3)[NH+]4CCCCC4,0,11.703623,0.188889
decoy,C57779997,Cc1ccccc1n2c(nnc2S[C@@H](C)C(=O)NCCc3cccs3)c4cccnc4,0,11.866229,0.192308
decoy,C39687839,CCCC[C@H](C)C(=O)N1C[C@H](C2(C1)CC[NH2+]CC2)C(=O)NC3CCN(CC3)c4c(cccn4)Cl,0,11.030460,0.225225
decoy,C06964839,CCOc1cccc(c1)NC(=O)C2=C(NC(=O)N[C@@H]2c3ccccc3F)C,0,11.601264,0.247525
decoy,C36502056,CC(C)(C)CC(C)(C)NC(=O)[C@@H](c1ccccc1O)N(Cc2ccco2)C(=O)Cc3ccc4c(c3)OCO4,0,10.957034,0.168224
decoy,C50374433,CCn1c(c(c(=O)[nH]c1=O)N[C@H]2CCC[C@@H]2OC)N,0,10.914990,0.158416
decoy,C59438000,Cc1c(s/c(=N\C(=S)NC(=O)c2cc(c(c(c2)Cl)OC)Cl)/[nH]1)C(=O)OC,0,11.639385,0.197183
decoy,C00309745,Cc1ccc(cc1Cl)N2[C@@H](Nc3ccccc3C2=O)c4ccccc4,0,10.784796,0.200000
decoy,C27204622,c1cc(ccc1[C@H]2[C@H](Sc3cc(ccc3O2)O)c4ccc(cc4)O)C5=CC[NH2+]CC5,0,12.125505,0.151899
decoy,C35246267,CCCCN1C(=C([C@H](NC1=O)c2cccc(c2)NC(=O)c3cccc(c3)[N+](=O)[O-])C(=O)OCCOC)C,0,11.796895,0.214286
decoy,C66591767,Cc1c2ccccc2oc1C(=O)NNC(=O)C[C@H](C)NC(=O)C3CCCCC3,0,11.254016,0.204819
decoy,C19425299,CC[C@@H]1CCCC[C@@H]1Oc2ccc(cn2)/C(=N/O)/N,0,10.278887,0.181818
decoy,C20312742,CC(C)(C(=O)N1CC(=O)Nc2c1cccc2)C(=O)N3CC(=O)Nc4c3cccc4,0,10.725845,0.183673
decoy,C63117876,C[C@H](C(=O)N1CC(=O)Nc2c1cccc2)OC(=O)[C@@H](CC3=c4ccccc4=[NH+]C3)NC(=O)C,0,10.987871,0.154639
decoy,C43111668,CCNC(=O)CN1CCN(CC1)C(=O)NCC2(CCCCC2)[NH+]3CCCCC3,0,11.241537,0.142857
decoy,C39697328,c1ccc(cc1)c2ccccc2NC(=O)CSC3=N[C@H]4C(=c5ccccc5=[NH+]4)N=N3,0,11.759363,0.168831
decoy,C10426518,CC(C)CN1[C@H](NC(=O)CC1=O)SCC(=O)Nc2cccc(c2)S(=O)(=O)N3CCCCCC3,0,10.931086,0.212121
decoy,C05041044,C[C@H]1CCCC[C@]12C(=O)N(C(=O)N2)CC(=O)O[C@@H](C)C(=O)Nc3ccc(cc3)Cl,0,11.149620,0.213592
decoy,C40245064,c1cc(oc1)[C@@H](c2ccc3c(c2)OCCCO3)O,0,11.632702,0.157143
decoy,C11424156,CC[C@@H](C)n1c(=O)c2c3c(sc2nc1SCC(=O)NC(=O)c4cccn4C)CCCCC3,0,11.280529,0.180180
decoy,C63254413,c1ccc(cc1)C\2=NN(C(=O)/C2=C\NCCC3=c4ccccc4=[NH+]C3)[C@@H]5Nc6ccccc6S5,0,11.821070,0.147727
decoy,C44235148,CCCCCc1ccc(cc1)C(=O)c2cc3cc(ccc3o2)[C@H](CCO)[NH3+],0,11.088119,0.177215
decoy,C06194339,Cc1cc(ccc1NC(=S)N[C@@H](C(Cl)(Cl)Cl)NC(=O)OC)[N+](=O)[O-],0,11.064658,0.180723
decoy,C53200638,Cc1ccccc1c2nc(on2)Cc3ccccc3N,0,11.498135,0.163043
decoy,C63204344,c1ccc2=[NH+]CC(=c2c1)C[C@@H](C(=O)Nc3ccc4c(c3)OCCCO4)NC(=O)c5ccccc5Cl,0,10.874304,0.191489
decoy,C25467050,Cc1cc(c(n1c2ccccc2F)C)C(=O)Nn3cnc4c(c3=O)c(cs4)c5ccccc5,0,10.801162,0.201835
decoy,C09187729,CC/C(=N\[C@@H](Cc1c[nH]c2c1cccc2)C(=O)OC)/C3C(=O)NC(=O)N(C3=O)Cc4ccccc4,0,11.816357,0.219298
decoy,C16576824,Cc1ccc(cc1NC(=O)[C@@H](C)NC(=O)c2ccco2)c3cnc4ccccc4n3,0,11.303835,0.217949
decoy,C00937277,Cc1ccc(cc1)CSc2[nH]c(=O)c3c(n2)NC4=C([C@H]3c5ccc(cc5)C#N)C(=O)CC(C4)(C)C,0,11.287165,0.150000
decoy,C09042839,Cc1ccc(c(c1)C)NC(=O)CSC2=NC(=C([C@@H](C2C#N)c3ccco3)C(=O)Nc4ccccc4C)C,0,11.434585,0.188034
decoy,C64202776,CCCNC(=O)C1CCN(CC1)C(=O)NC[C@@H]([C@H]2CC=CS2)C3=c4ccccc4=[NH+]C3,0,11.614465,0.204301
decoy,C12805179,c1cc(oc1)C(=O)Nc2ccc(s2)C(=O)Nc3nc4c(s3)CCCCC4,0,11.560344,0.189474
decoy,C01332402,c1cc(ccc1C(=O)N2CCN(CC2)c3c4c5c(sc4ncn3)CCCC5)S(=O)(=O)NC[C@@H]6CCCO6,0,10.176354,0.178571
decoy,C19758805,CN1CCc2c(sc3c2c(nc(n3)SC)NN)C1,0,11.778811,0.139535
decoy,C14639203,Cc1cccc(c1O[C@H](C)C(=O)NNC(=O)c2ccc(c(c2)I)OC)C,0,11.302822,0.233766
decoy,C25589169,CCc1c(c(nc(n1)S[C@@H](C)C(=O)N2CCNC2=O)N)c3ccc(cc3)Cl,0,10.806356,0.178571
decoy,C01372088,C[C@H]1CCc2c(sc3c2c(nc(n3)C(C)C)N4CCN(CC4)C(=O)CCCC(=O)N5CC(=O)Nc6c5cccc6)C1,0,10.726199,0.173913
decoy,C39095263,CC[C@@H]1CNC(=S)N1,0,11.114148,0.093750
decoy,C06162580,CC[NH+](CC)CCCN(Cc1cc2c(cc(cc2[nH]c1=O)C)C)C(=S)NCCc3ccc(c(c3)OC)OC,0,11.227255,0.189189
decoy,C19850513,c1cc(ccc1C=NNC(=O)C[NH+]2CCN(CC2)S(=O)(=O)c3ccc(cc3)Br)Cl,0,11.763471,0.200000
decoy,C44148963,CC(C)NC(=O)Cc1ccc(cc1)NC(=O)NC[C@H]2Cc3ccccc3O2,0,11.643353,0.208333
decoy,C63098799,CN1C[C@@H](c2c1cccc2)/C=C(/C(=O)NCCC3=c4ccccc4=[NH+]C3)\NC(=O)c5ccccc5,0,10.841465,0.211765
decoy,C14476124,CCCCOc1cccc2c1N[C@@H]([C@H]3[C@@H]2C=CC3)c4cc(ccc4O)[N+](=O)[O-],0,11.831667,0.185185
decoy,C02885555,c1ccc2c(c1)/C(=N/N[C@H](COCC(=O)N/N=C\3/c4ccccc4N=C3O)O)/C(=N2)O,0,11.547001,0.158537
decoy,C10069844,c1cc(ccc1N2CCN(CC2)S(=O)(=O)CCNC(=O)c3cc(ccc3Cl)[N+](=O)[O-])F,0,10.646997,0.200000
decoy,C63374905,C[C@@]12[C@H]3C(=c4ccccc4=[NH+]3)[C@H](CN1C(=O)CN(C2=O)Cc5ccccc5)c6ccc(cc6)Br,0,10.947079,0.165217
decoy,C39388829,Cc1ccc(cc1)N2CCN3[C@H]2NN=C(C3=O)C(=O)NCCc4c[nH]c5c4cccc5,0,11.443205,0.182609
decoy,C08890172,COC(=O)c1ccc(cc1)NC(=O)COC(=O)CCc2[nH]c(=O)c3c4c(sc3n2)CCCC4,0,11.924330,0.222222
decoy,C20384202,c1c(c(cc2c1OCCO2)NC[C@@H]3CCCO3)N,0,11.797111,0.153846
decoy,C39542884,C[C@@H]1CCc2c(sc3c2c(=O)n(c(n3)SCC(=O)c4cccn4C)CC=C)C1,0,11.138311,0.198198
decoy,C12549652,CCOc1c(cc(cc1Cl)[C@H]2NC(=[NH2+])Nc3n2c4cc5c(cc4n3)OCCCO5)OC,0,11.110142,0.213592
decoy,C51017749,c1ccc(c(c1)c2nnnn2Cc3ccc(cc3F)F)N,0,11.637397,0.175824
decoy,C64703907,CC(C)(C)Nc1c(nc2n1nc(s2)N(C)CC(=O)NCCC3=CCCCC3)c4ccc(cc4)F,0,11.794666,0.206522
decoy,C05255403,COc1ccc(cc1[N+](=O)[O-])C(=O)C[C@]2(c3c(cc(cc3Cl)Cl)NC2=O)O,0,12.167820,0.211765
decoy,C13984833,COc1ccc2c(n1)sc(n2)NC(=O)[C@H](CC3CCCC3)c4ccc(cc4)S(=O)(=O)N5CCCCC5,0,11.536448,0.222222
decoy,C30850407,Cc1ccc(c(c1)C)NS(=O)(=O)c2cc(ccc2C)C(=O)NCc3ccccc3n4ccnc4C,0,11.529111,0.175824
decoy,C02969669,Cc1ccc(cc1NC(=O)CSc2nc3ccccc3c4n2nc(n4)CCc5c([nH]nc5C)C)Cl,0,10.988637,0.198198
decoy,C63831623,COc1ccc(cc1)[C@H](CNC(=O)CN2C(=O)C3(CCCCC3)NC2=O)C4=c5ccccc5=[NH+]C4,0,11.990089,0.207317
decoy,C01362272,CC[C@H]1C(=O)N(c2cc(ccc2O1)C)CC(=O)N3c4ccccc4C[C@@H]3C,0,11.058267,0.174419
decoy,C01374833,CC[C@H](c1nnnn1Cc2ccc(cc2)F)N(Cc3ccccc3)Cc4cc5cc6c(cc5[nH]c4=O)OCCO6,0,11.721998,0.228814
decoy,C20294931,Cc1c(c(sc1C(=O)N)NC(=O)C[NH+]2CCN(CC2)C(=O)c3ccco3)C(=O)OC(C)C,0,10.458368,0.175926
decoy,C09503884,c1c(nc(s1)NC(=O)C2=COCCO2)C34CC5CC(C3)CC(C5)C4,0,11.795932,0.135802
decoy,C63695056,c1ccc2c(c1)[nH]c([nH+]2)N3CCC(CC3)C(=O)NCCC4=c5cc(ccc5=[NH+]C4)Cl,0,11.607599,0.196262
decoy,C13069291,CCn1c(nn(c1=S)C[NH+](C)CC(=O)Nc2ccc(cc2)Cl)c3ccc(cc3)Cl,0,11.860808,0.195652
decoy,C20853372,CCCCn1c2ccc(cc2nc1SCC(=O)NC(=O)NC(C)(C)C)S(=O)(=O)N(CC)CC,0,11.287401,0.232323
decoy,C65474532,CN(C1CCCCC1)C(=O)CNc2ccc(cc2C(=O)N)Cl,0,12.294421,0.222222
decoy,C36054050,c1ccc(cc1)Oc2cccc(c2)C[NH+](CCc3c[nH]c4c3cccc4)Cc5[nH+]c(co5)C(=O)[O-],0,11.439861,0.241071
decoy,C58470925,c1ccc(cc1)Nc2nc(cs2)COC(=O)c3ccc(cc3)N4CCCS4(=O)=O,0,11.979926,0.212121
decoy,C36253905,c1cc(ccc1OCC(=O)N2CCN(CC2)[C@@H](C3CCCC3)C(=O)NC[C@@H]4CCCO4)Cl,0,10.607239,0.213592
decoy,C39380865,Cc1ccccc1[C@@H]2CC[NH+](C2)CCNC(=O)CC[C@@]3(CCC(=O)N3)Cc4cccs4,0,10.576077,0.156250
decoy,C63744051,Cc1cc(nc(n1)N/C(=N\C(=O)c2ccc(cc2)OC)/[N-]CCC3=c4ccccc4=[NH+]C3)C,0,11.157434,0.243590
decoy,C43525879,CC(=O)Nc1ccc(cc1)S(=O)(=O)NC[C@H]2C[C@H]3CC[NH+]2C[C@@H]3c4cc(nn4C)C5CCCCC5,0,11.223182,0.185841
decoy,C39426586,CCc1ccc(cc1)c2c(c(nc(c2C#N)S[C@@H](C)C(=O)Nc3cc(on3)C)N)C#N,0,12.026610,0.178947
decoy,C26138697,C[C@H](C(=O)NCCc1c[nH]c2c1cccc2)[NH+]3CCN(CC3)S(=O)(=O)c4ccc(c(c4)F)F,0,11.390526,0.209524
decoy,C09602459,C[C@H]1CCCC[C@H]1NC(=S)Nc2ccnn2C3CCCCC3,0,10.746286,0.180556
decoy,C28579343,C[C@@H]1CCc2c(sc(c2C#N)NC(=O)Nc3ccccc3Cl)C1,0,11.312977,0.237624
decoy,C09343811,C[NH+](C)CCCN(c1nc2ccc(cc2s1)[N+](=O)[O-])C(=O)CCSc3ccc(cc3)Cl,0,11.828596,0.164948
decoy,C19290371,Cn1cc(c2c1cccc2)[C@@H](C[NH+]3CCC4(CC3)C[C@H](c5ccc6ccccc6c5O4)O)O,0,11.361547,0.163462
decoy,C38501805,CC(C)n1c(ccn1)C(=O)Nc2nc3c4cccc5c4c(cc3s2)CC5,0,11.645014,0.226804
decoy,C21148512,CCCC[NH+](CCCNC(=O)[C@@H]1CCCN(C1)c2nn3c(=O)cc(nc3s2)C)Cc4ccccc4,0,10.937460,0.216495
decoy,C66929064,c1ccc2c(c1)CCC[C@@]2(CNC(=O)c3cccc4c3OCO4)O,0,10.937993,0.194444
decoy,C64644838,C[C@H](c1nc(no1)c2ccc(cc2)F)NC(=O)NCCc3c(cccc3F)F,0,11.768178,0.205128
decoy,C64340166,CN(C)S(=O)(=O)c1cccc(c1)NC(=O)[C@H](CC2=c3ccccc3=[NH+]C2)NC(=O)c4cccs4,0,11.131291,0.216216
decoy,C16605229,Cc1ccc(c(c1)C)n2c(cc(n2)c3cccs3)C(=O)NCCC[NH+]4CCCC[C@H]4C,0,11.217923,0.186047
decoy,C13759919,Cc1ccc(cc1)S(=O)(=O)NCCCC[NH+]2CCCC[C@]23Cc4c(cccc4OC)OC3,0,10.862177,0.166667
decoy,C09587925,CCCn1c2ccc(cc2nc1SCC(=O)Nc3cc4c(cc3Br)[nH]c(=O)[nH]4)Cl,0,11.393387,0.197917
decoy,C62613763,CS(=O)(=O)c1ccc(c(c1)[N+](=O)[O-])NCCNC(=O)C23C[C@@H]4C[C@H](C2)CC(C4)(C3)c5ccccc5,0,11.294201,0.195876
decoy,C38814956,c1cc(cc(c1)[N+](=O)[O-])C2=C[C@H](N=N2)C(=O)N/N=C/c3cccs3,0,11.993339,0.193182
decoy,C04736099,Cc1cc(ccc1NC(=O)CSc2nnc(n2C(C)C)c3ccco3)Cl,0,11.438574,0.211765
decoy,C39684355,C[C@@H](C(C)(C)C)NC(=O)[C@@H]1CN(CC12CC[NH2+]CC2)C(=O)c3ccccc3OC,0,10.878038,0.181818
decoy,C02459748,Cc1c2cc(ccc2oc1C(=O)N[C@H]3CCCC[C@@H]3C)S(=O)(=O)N4CCC(CC4)C,0,11.732336,0.205882
decoy,C01392722,CC(C)(C)C(=O)Cn1c(=O)c(c(cn1)Cl)Cl,0,11.341881,0.176471
decoy,C36051395,Cc1ccc(cc1)n2cc(nc2NC(=O)CN(CCOC)C(=O)Cc3ccccc3)c4ccc(cc4)Cl,0,10.674070,0.202128
decoy,C02568557,Cc1c(ccc2c1nc(cc2C(=O)NN)c3ccc(cc3)CC(C)C)Cl,0,11.252269,0.190476
decoy,C03906261,Cc1ccccc1Nc2c(nc3n2cc(cc3)Cl)c4ccco4,0,11.885926,0.207792
decoy,C02791381,c1ccc(cc1)Cn2c(n[nH]c2=S)C3=CC4=[NH+][C@@H](C[C@@H](N4N3)C(F)(F)F)c5ccc(cc5)Cl,0,10.853197,0.153846
decoy,C09416269,Cc1ccccc1Nc2nc(nc(n2)N)CSc3nn(c(=S)s3)c4ccc(cc4)F,0,12.046342,0.170455
decoy,C35171047,Cc1cccc(c1Nc2c(nc3n2cccn3)c4c(ccs4)C)C,0,10.698020,0.213483
decoy,C63573592,Cc1ccc(cc1)[C@@H]2[C@H]3C(=c4cc(ccc4=[NH+]3)OC)CCN2C(=O)NC(C)C,0,11.297592,0.222222
decoy,C44942325,c1ccc(cc1)CC2(CCN(CC2)C(=O)[C@@H]3CCCC[C@H]3C(=O)N4CCN(CC4)c5cccc[nH+]5)O,0,10.752285,0.227848
decoy,C40323618,C[C@@H](c1ccccc1Cl)NS(=O)(=O)c2ccc(c(c2)N)O,0,11.118024,0.219178
decoy,C09237181,Cc1ccc(cc1)[C@@H]2[C@H](Sc3nnc(n3N2)c4ccccc4)C(=O)Nc5ccccc5C,0,11.421731,0.186047
decoy,C12856466,CC[C@@]1(C(=O)N(C(=O)N1)NC(=O)CSc2nnc(n2CCOC)c3ccccc3)c4ccccc4,0,11.420442,0.230769
decoy,C22607027,CCCOc1ccc(cc1)[C@@H]2c3c([nH]c(nc3=O)N4CCCCC4)NC5=C2C(=O)CCC5,0,10.919912,0.225806
decoy,C00739076,CCCN(CC(=O)Nc1c(c(nn1c2ccc(cc2)OC)C)c3ccccc3)C(=O)NC4CCCCC4,0,11.975234,0.243902
decoy,C08800376,CN1CCCc2c1ccc(c2)[C@H](CNS(=O)(=O)Cc3ccc(cc3)F)[NH+]4CCCCC4,0,11.098592,0.178571
decoy,C46772225,Cc1ccc(cc1C)NC(=S)NNC(=O)c2c(c3cccc(c3o2)F)C,0,11.819227,0.215190
decoy,C29787690,CC1(CC(CC([NH2+]1)(C)C)NC(=O)CCc2ccc(cc2)S(=O)(=O)NC)C,0,10.811623,0.168675
decoy,C22888459,C[C@H](C(=O)N1CC(=O)Nc2c1ccc(c2)C(F)(F)F)OC(=O)c3c(ccs3)n4cccc4,0,11.148565,0.183908
decoy,C06301791,Cc1cc(c2cc(c(=O)[nH]c2c1)[C@H](c3nnnn3C4CCCC4)[NH+]5CCC(CC5)Cc6ccccc6)C,0,11.162096,0.190476
decoy,C12105440,c1ccc(cc1)Cc2nnc(n2c3ccccc3)SCC(=O)NNC(=O)c4cccc(c4)[N+](=O)[O-],0,11.324684,0.186813
decoy,C12986696,CCOc1ccc(cc1)c2nc(on2)CCC(=O)Nc3ccc(cc3C)C,0,10.414134,0.216867
decoy,C39358632,c1cc(c(cc1[C@@H]2C3=C(N=N[C@H]3NC4=C2C(=O)CCC4)O)Cl)Cl,0,11.867318,0.150000
decoy,C46772906,c1cc(c(cc1F)Br)C(=O)NNC(=S)Nc2ccc(cc2Cl)Cl,0,10.889809,0.220779
decoy,C43573238,CC[C@H]1c2ccsc2CCN1C(=O)Nc3ccc(cc3)N4CCCC4=O,0,10.675076,0.191489
decoy,C11791511,Cc1cc(n(n1)CCNC(=O)c2cc(cc3c2n(c(n3)[C@H]4CCCO4)C)NC(=O)CC5CCCC5)C,0,11.637159,0.205357
decoy,C19520600,CC[C@@H]1C[C@@H](n2c(cc(n2)C(=O)Nc3ccc4c(c3)NC(=O)[C@H](O4)C)N1)C(F)(F)F,0,10.694139,0.242105
decoy,C42052019,Cc1cc(c(c(c1)C)NC(=O)CNC(=O)[C@H](C(C)C)NC(=O)N)C,0,10.769269,0.175000
decoy,C54503588,Cc1ccc(cc1)N2C(=O)[C@H](NC2=O)C3CC3,0,11.288479,0.166667
decoy,C14528565,C[C@H]1C[C@@H](C[NH+](C1)Cc2csc(n2)NC(=O)CCc3[nH]c(=O)c4c5c(sc4n3)CCCC5)C,0,11.708923,0.150000
decoy,C06601074,CCOc1ccc(cc1)N([C@H](c2ccco2)C(=O)NC[C@H]3CCCO3)C(=O)c4c(c(ns4)C(=O)N)N,0,11.431244,0.198020
decoy,C06239429,CC(C)c1ccc(cc1)c2c3c(c(c(c2C#N)N)C#N)-c4ccccc4SC3,0,11.391088,0.168675
decoy,C09309951,[H]/N=C\1/C(=C/c2ccc(c(c2)OCC)OCCOc3cc(ccc3C(C)C)C)/C(=O)N=C4N1N=C(S4)CC,0,11.100950,0.179245
decoy,C36309844,CC(C)CC[NH+](C[C@@H](COCC=C)O)CC(=O)N1CCc2c(ccs2)[C@@H]1COc3ccc(cc3)F,0,11.166380,0.166667
decoy,C44442012,Cn1c(c2ccccc2n1)C(=O)NCC3CCC(CC3)c4[nH]c5ccccc5n4,0,11.955824,0.204301
decoy,C01875405,c1ccc2c(c1)c(c[nH]2)CCN3CC(=O)N4[C@H](C3=O)Cc5c6ccccc6[nH]c5[C@H]4c7cccc(c7)[N+](=O)[O-],0,11.456442,0.148148
decoy,C63537911,c1cc(ccc1[C@H]2C[C@@H](N3[C@@H](N2)C[C@@H](N3)C(=O)NC[C@@H]4C=c5cc(ccc5=[NH+]4)Cl)C(F)(F)F)Cl,0,11.121503,0.192661
decoy,C40814960,Cc1c\2c(oc1C(=O)NC3CCCC3)CCC/C2=N\NS(=O)(=O)c4ccccc4,0,11.089012,0.229167
decoy,C39393547,c1ccc(c(c1)c2nc(on2)c3ccc(nc3)N4CCCC[C@H]4CC(=O)N)F,0,11.032209,0.239130
decoy,C57933926,CC(C)[C@@H]1C(=O)N(c2cc(c(cc2N1)Cl)Cl)CCCO,0,10.990603,0.155556
decoy,C58491756,Cc1ccc(cc1)n2c(nnn2)SCCC(=O)N[C@@H](c3ccccc3)c4cccs4,0,11.177818,0.163043
decoy,C13064705,CC[C@@H](c1nnnn1Cc2ccco2)[NH+](Cc3ccccc3)Cc4cc5cc(c(cc5[nH]c4=O)C)C,0,11.248321,0.181818
decoy,C29165464,CC[NH+](CC)[C@H](CNC(=O)CN1C(=O)[C@@](NC1=O)(C)c2ccc(cc2)OC)c3ccccc3,0,11.088969,0.207792
decoy,C02107585,c1ccc2c(c1)cccc2n3c(=O)c(c([nH]c3=S)O)[C@@H]4c5c(c6ccccc6[nH]5)CC[NH2+]4,0,11.431642,0.160494
decoy,C02329054,c1ccc(cc1)[C@H]2CC(=Nc3n2nc(n3)NC(=O)c4ccccc4)c5ccccc5,0,11.357749,0.217949
decoy,C64980973,CCOC(=O)c1c2c(sc1NC(=O)C[C@@H]3C(=O)N4CCCN=C4S3)C[C@@H](CC2)C(C)(C)C,0,11.409179,0.183673
decoy,C38701975,CCCOc1ccc(cc1OCC)[C@H]2c3c(n[nH]c3C(=O)N2[C@@H]4CCS(=O)(=O)C4)c5cc(ccc5O)C,0,10.755318,0.212121
decoy,C08880283,Cc1ccc(cc1)[C@@H](C[NH+]2CCOCC2)NC(=O)Cn3cnc4c(c3=O)cc(s4)c5ccccc5,0,11.496460,0.213592
decoy,C43735689,C[C@@]12CC[C@@H](C([C@@H]1CC[C@]3([C@H]2C=CC4=C5C[C@](CC(=O)[C@]5(CC[C@@]43C)C)(C)C(=O)OCC[NH3+])C)(C)C)O,0,10.795206,0.125000
decoy,C09377657,C[C@@H](c1nnc(n1c2ccc(cc2)F)S[C@@H](c3ccccc3)C(=O)c4c[nH]c5c4cccc5)[NH+](C)C,0,10.966667,0.157895
decoy,C34683905,c1ccc(c(c1)C[NH+]2CCC(CC2)N(c3ccc(cc3)F)S(=O)(=O)c4ccc(cc4)Cl)O,0,11.285107,0.179487
decoy,C37691160,c1cc2c(cc1N[C@H]3CCCC[C@H]3O)OC(O2)(F)F,0,10.546364,0.159420
decoy,C64392566,CCCCCn1c(=O)c2ccc(cc2[nH]c1=O)[C@@H]3N[C@@H](NO3)c4ccc(c(c4)C)C,0,11.479659,0.166667
decoy,C35231503,CCCCN(CC(=O)N1c2ccccc2-n3cccc3[C@H]1c4ccco4)C(=O)NC(C)(C)C,0,12.184940,0.184466
decoy,C45991701,CCc1ccccc1NC(=O)[C@H](C)Oc2cc(c3c(nn(c3n2)c4ccccc4)C)C,0,11.756986,0.224490
decoy,C15188288,CC(=O)[C@]12[C@H]([NH2+]1)C[C@H]3[C@@]2(CC[C@@H]4[C@H]3CC=C5[C@@]4(CC[C@@H](C5)O)C)C,0,10.945363,0.132653
decoy,C12155164,Cc1cc(nc(n1)S[C@H]2C[C@H]([NH+](C2)CC3=CC[C@H](CC3)C(=C)C)C(=O)NC(C)C)C,0,11.327187,0.155963
decoy,C64713895,CCc1ccc(cc1)C2=C[C@@H]3C(=O)N=N[C@H](N3N2)SCc4cccc(c4)Br,0,11.394883,0.215909
decoy,C12006923,CCc1cc(=O)[nH]c(n1)n2c(cc(n2)c3ccco3)NC(=O)c4ccc(cc4)S(=O)(=O)N5CCCCC5,0,11.751904,0.191011
decoy,C36589129,CC(=CC(=O)N([C@H](c1c(cc(cc1O)O)O)C(=O)NC2CCCCC2)C(C)(C)C)C,0,11.027802,0.189474
decoy,C36332424,CCc1ccc(cc1)[C@H](CNC(=O)c2cccc(c2)S(=O)(=O)N3C[C@H](O[C@@H](C3)C)C)[NH+](C)C,0,10.855796,0.180851
decoy,C27240260,Cc1ccc(cc1)[C@](CC=C)([C@H](CN2CCOCC2)c3ccc(cc3)Cl)O,0,11.922894,0.231579
decoy,C42015413,Cc1ccc(cc1N)c2nnnn2c3c(cccc3F)F,0,10.646127,0.205882
decoy,C01405497,Cc1ccc(cc1)[C@@H](C(=O)Nc2ccc3c(c2)OCO3)N(Cc4cccnc4)C(=O)CSc5nc(cc(n5)C)C,0,12.076241,0.208333
decoy,C12636169,CCOC(=O)c1c(nc(s1)NC(=O)CSc2c3c4c(sc3nc(n2)C5CC5)CCCC4)C,0,10.892729,0.154545
decoy,C08677256,c1cc2c(cc1Br)c3cc(ccc3n2C[C@@H](C[NH2+]C[C@H]4CCCO4)O)Br,0,11.712407,0.206897
decoy,C22058511,C[C@]1(C(=O)N(C(=O)N1)CC(=O)Nc2cc3c(cc2Cl)OCCO3)c4ccc(cc4)Cl,0,10.590694,0.244898
decoy,C39675477,CCOc1cccc(c1)C(=O)N2C[C@H](C3(C2)CC[NH2+]CC3)C(=O)N[C@H](C)CCc4ccc(cc4)OC,0,10.768244,0.209302
decoy,C63362118,C[C@@H](CCc1ccccc1)NC(=O)c2ccccc2N3C(=O)[C@@]4([C@H]5C(=c6ccccc6=[NH+]5)CCN4C3=O)C,0,10.861732,0.195402
decoy,C42953148,CC[C@H]([C@@H](c1ccc(cc1)Br)[NH+](C)Cc2ccco2)[NH3+],0,11.447769,0.178082
decoy,C22284915,CC[NH+](CC)CCn\1c2ccccc2[nH]/c1=N\C(=O)CN3C(=O)[C@]4(CCCC[C@H]4C)NC3=O,0,11.460589,0.177083
decoy,C19313476,CCCCc1ccc(cc1)n2c(nnn2)SCC(=O)NN3C(=O)[C@@](NC3=O)(CC)c4ccccc4,0,11.149186,0.188235
decoy,C19352133,CC(C)[C@@H](c1ccc2c(c1)OCCCO2)NC(=O)CSc3nnc(s3)SCC(=O)N,0,10.280147,0.158879
decoy,C36595727,Cc1ccc(cc1)S(=O)(=O)CNC(=O)[C@@H](c2ccc(cc2)O)N(Cc3ccc(o3)C)C(=O)c4ccco4,0,10.577538,0.173913
decoy,C19566306,Cc1c2ccccc2oc1C(=O)N[C@@H](C)CNc3[nH]c(=O)c4c(n3)CCCC4,0,11.561662,0.214286
decoy,C59256179,CC(=C)CN1c2ccccc2[C@]3(C1=O)[C@H]4[C@@H]([C@@H](N3)Cc5ccccc5)C(=O)N(C4=O)c6nccs6,0,11.575698,0.186047
decoy,C02676990,CC(C)(C)c1cc(cc(c1O)C(C)(C)C)c2csc([n+]2c3ccc(cc3)Cl)Nc4ccc(cc4)Cl,0,11.853958,0.177215
decoy,C09171662,c1cc2c(cc1NC(=O)C34CC5CC(C3)CC(C5)C4)C(=O)NCCO2,0,10.604796,0.206897
decoy,C20337707,c1ccnc(c1)/C=C/2\C(=O)N(c3ccc(cc3O2)N)C[C@H](CO)O,0,11.565631,0.180851
decoy,C33706400,C[C@H](CCCC(C)C)[C@@H]1CC[C@@H]2[C@@]1(CC[C@@H]3[C@@H]2[C@@H](C=C4[C@@]3(CC[C@@H](C4)OC(=O)C)C)[NH2+]C5CCCCC5)C,0,10.882990,0.141414
decoy,C64502785,Cc1ccc2=[NH+][C@@H]([NH+]=c2c1)CNC(=O)c3ccc(cc3)N4[C@@H]([C@@H]([C@@H](N4)C)c5ccccc5)NC(=O)C,0,11.092671,0.178571
decoy,C00438312,Cc1ccc(cc1)S(=O)(=O)N/N=C/c2ccc(o2)C,0,11.775530,0.140845
decoy,C20413336,Cc1c2c(ccc3c2[C@H](CC4(O3)CCCCC4)O)oc1C(=O)N[C@@H](C)CCc5ccccc5,0,10.906008,0.177778
decoy,C50001328,c1ccc(c(c1)CNC(=O)c2ccc(c(c2)[N+](=O)[O-])N3CCCC3)N4CCCC4,0,11.075551,0.215054
decoy,C37037275,c1cc(c(cc1Cl)N)SCc2cc3c(c(c2)Cl)OCO3,0,11.389986,0.197368
decoy,C11204681,Cc1cc(no1)NC(=O)C2=C(N(C(=S)N[C@H]2c3ccc(c(c3)[N+](=O)[O-])Br)C)C,0,10.918288,0.195122
decoy,C13064855,CC[C@@H](c1nnnn1C[C@@H]2CCCO2)[NH+](Cc3ccc(cc3)F)Cc4cc5c(cc(cc5[nH]c4=O)C)C,0,11.383825,0.173228
decoy,C04576695,c1ccc(cc1)N(C[C@H](C[NH+]2CCCCC2)O)S(=O)(=O)c3ccc4ccccc4c3,0,11.718123,0.213333
decoy,C09670210,Cc1c2cc(ccc2oc1C(=O)OCC(=O)Nc3c(c4c(s3)C[C@@H](CC4)C)C(=O)N)OC,0,10.437435,0.206612
decoy,C09427688,Cc1cccn2c1nc(c(c2=O)/C=C/3\C(=O)N(C(=S)S3)[C@H](C)c4ccccc4)N5C[C@H](C[C@@H](C5)C)C,0,10.970080,0.134831
decoy,C12486382,c1ccc(cc1)[C@H](C(=O)NC[C@@H]2CCCO2)N(c3ccccc3Cl)C(=O)CNC(=O)c4ccco4,0,11.553805,0.191667
decoy,C51121299,c1cc(nnc1C(=O)Nc2nc3c(s2)CCC3)NN,0,12.085786,0.188889
decoy,C40046569,CC(C)(C)c1cc(cc(c1O)C(C)(C)C)[C@@H]2C(=C(C(=O)N2CCCO)[O-])C(=O)c3ccco3,0,11.255889,0.176471
decoy,C06601583,CCOc1ccc(cc1)[C@H](C(=O)NC2CCCCC2)N(C(=O)Cn3nc(nn3)c4ccc(cc4)C)C(C)(C)C,0,10.587840,0.225806
decoy,C19450342,CC(C)Nc1ncc(c(n1)C2CC[NH+](CC2)Cc3ccccc3OCC#C)c4cccnc4,0,11.318760,0.233766
decoy,C36510984,CCCCCCN([C@@H]([C@@H](C)c1ccccc1)C(=O)NC(C)(C)CC(C)(C)C)C(=O)[C@@H](CC)c2ccccc2,0,10.902391,0.212766
decoy,C10555283,C[C@@H]1CCCC[C@]12C(=O)N(C(=O)N2)CC(=O)Nc3nc(cs3)c4ccc(cc4)SC,0,11.780915,0.172727
decoy,C17307577,CCOc1ccc(cc1)[C@@H]2c3c(=O)[nH]c(nc3NC4=C2C(=O)CC(C4)(C)C)SCc5ccccc5F,0,11.592621,0.173469
decoy,C40020089,c1ccc(cc1)n2c(cc(n2)C3CCCC3)NC(=O)CN4C(=O)C5(CCCC5)NC4=O,0,10.642038,0.180180
decoy,C15329664,Cc1cc(c(c(c1)C)NC(=O)CNS(=O)(=O)c2cc(cc(c2C)C)[N+](=O)[O-])C,0,10.835766,0.158537
decoy,C22800232,C[C@]1(C(=O)N(C(=O)N1)NC(=O)CN2CC[NH+](CC2)Cc3ccc4c(c3)OCO4)CCc5ccccc5,0,10.449976,0.214286
decoy,C36810319,C1CC[C@@H]2CN(CC[C@H]2C1)C(=O)NC(=O)CCC(=O)[O-],0,10.499212,0.157303
decoy,C56709336,Cc1cc(c(c(c1)C)CCNC(=O)Nc2ccc(cc2C)OCC(=O)N)C,0,11.798397,0.200000
decoy,C40149853,c1cc(ncc1Cl)NC(=O)[C@@H]2CCCN(C2)S(=O)(=O)c3ccc(s3)Cl,0,12.755034,0.250000
decoy,C01443427,Cc1ccccc1C(=O)NNC(=O)CSC2=N[C@@H](c3ccccc3C2)c4ccc(cc4)Cl,0,10.917840,0.188119
decoy,C00334700,c1ccc(c(c1)C(=O)Nc2c(c3c(s2)CCCC3)C#N)[N+](=O)[O-],0,10.821810,0.183099
decoy,C63588654,Cc1cccc(c1)C(=O)/N=C(/NCCC2=c3ccccc3=[NH+]C2)\Nc4ccccc4C,0,11.910476,0.197674
decoy,C35957632,CC[C@@H](c1ccccc1)C(=O)N[C@H]2CCN(C2)c3[nH+]c4ccccc4n3C5CCCC5,0,11.459060,0.193182
decoy,C59368086,CCCc1c(c([nH]c1C(=O)N(C)CC(=O)N2c3ccccc3NC(=O)C[C@@H]2C)C)C(=O)OC,0,11.735370,0.168421
decoy,C12863037,Cc1ccc2c(c1)c(c[nH]2)CCN3C[C@H](CC3=O)C(=O)Nc4nnc(s4)Cc5ccc(cc5)OC,0,11.132944,0.195876
decoy,C09124621,Cc1cc(c(c(c1)C2=NN=C3[C@H]2[C@H](N(C3=O)CCCOC)c4cc(c(c(c4)Br)O)OC)O)C,0,11.333941,0.177570
decoy,C20876879,Cn1c(nnn1)SCC[NH2+]Cc2cc(c(c(c2)Br)OCc3ccc4c(c3)OCCO4)OC,0,10.975586,0.212121
decoy,C26106739,C[C@@H]1C[C@H](CN(C1)c2ccc(cc2[N+](=O)[O-])C(=O)N(Cc3ccc(cc3)C(=O)NC4CC4)C5CC5)C,0,10.475925,0.175926
decoy,C22089989,CCC[C@H](CNC(=O)C[NH+]1CCN(CC1)CC(=O)N2CCOCC2)c3ccc(cc3Cl)Cl,0,11.019876,0.230769
decoy,C32945166,Cc1ccccc1[C@H](C)NC(=O)CSc2nnc(n2N)c3ccccc3,0,10.532979,0.195122
decoy,C66262570,c1c2c(cc(c1SCc3nc(nc(n3)N)N)Cl)OCCO2,0,12.024487,0.180556
decoy,C35694430,CCOC(=O)C1=C(N=C2N([C@H]1c3cc(ccc3OC)OC)C(=CS2)/C=C(/NCC[NH+](C)C)\[O-])C,0,12.094112,0.207921
decoy,C38673069,C[NH+]1CCN(CC1)[C@H](CNC(=O)c2cc(cc(c2)C(F)(F)F)C(F)(F)F)c3ccc4c(c3)CCCN4C,0,10.794165,0.170455
decoy,C13065237,CC[C@@H](c1nnnn1Cc2ccccc2)[NH+](CCc3ccccc3)Cc4cc5c(ccc(c5[nH]c4=O)C)C,0,11.281419,0.201754
decoy,C24829761,CC(C)[C@H](c1ccc2c(c1)OCCCO2)NC(=O)C[NH+]3CCC(CC3)NC(=O)c4ccccc4,0,11.443663,0.186813
decoy,C14775297,CCOc1ccc(cc1C(=O)NC(=S)N2CCNC(=O)[C@@H]2CC(=O)OCCC(C)C)Br,0,11.408086,0.229167
decoy,C02139532,COc1ccc(cc1OC)C2=C([C@H](c3ccccc3O2)c4ccccc4)/C=[NH+]/CCc5c[nH]c6c5cccc6,0,11.180990,0.226190
decoy,C09727175,c1ccc2c(c1)c(c[nH]2)c3csc(n3)NC(=O)CCn4cnc5c(c4=O)c6c(s5)CCCC6,0,11.877147,0.193182
decoy,C38654597,c1ccc(cc1)/C=C/C(=O)Oc2ccc3c(c2)OC(=C([C@H]3c4ccc(cc4)[N+](=O)[O-])C#N)N,0,11.815390,0.280000
decoy,C04821978,c1ccc2c(c1)N/C(=C\C(=O)c3ccc(cc3)C4CCCCC4)/C(=O)N2,0,11.684087,0.181818
decoy,C36492787,CC(C)(C)CC(C)(C)NC(=O)[C@H](c1ccc(c(c1)OC)O)N(C2CCCCC2)C(=O)c3ccc(cc3)[N+](=O)[O-],0,10.792252,0.210000
decoy,C10751896,C[NH+]1CCc2c(sc(c2C(=O)N)NC(=O)[C@@H]3CCCN(C3)S(=O)(=O)c4ccc(s4)Cl)C1,0,10.890731,0.192661
decoy,C67471033,CC(C)(c1ccc(cc1)Cl)NC(=O)N2CCN(CC2)C(=O)c3ccsc3,0,10.419744,0.204301
decoy,C38665869,CN(C)c1ccc(cc1)[C@H](CNC(=O)CCS(=O)(=O)c2ccccc2)N3CCN(CC3)c4ccccc4,0,11.061069,0.187500
decoy,C24967295,C[C@H](c1nc(nc(n1)Nc2ccccc2)N)Sc3nnc(s3)NC4CCCCC4,0,11.372217,0.216216
decoy,C11904190,Cc1ccc(cc1)[C@H](CNS(=O)(=O)c2cc(ccc2OC)N3C(=O)CCS3(=O)=O)[NH+](C)C,0,10.928411,0.180000
decoy,C34928933,C1CC1[C@H]2C[C@H](n3c(c(c(n3)C(=O)[O-])Cl)N2)C(F)(F)F,0,10.849668,0.158416
decoy,C63384450,c1ccc2=[NH+]CC(=c2c1)C[C@@H]3[C@H]4[C@H](C(=O)N(C4=O)C[C@@H]5CCCO5)[C@]6(N3)c7ccccc7NC6=O,0,12.229185,0.131868
decoy,C39352894,Cc1ccc(c(c1)N2[C@@H](N=N[C@@H]2S[C@@H]3C(=c4cc(ccc4=[NH+]C3=O)Cl)c5ccccc5)C6CC6)C,0,11.220861,0.177778
decoy,C27662939,Cc1ccc2c(c1)sc(c2Cl)C(=O)Nc3c4c(no3)CCCC4,0,11.799552,0.220779
decoy,C39037776,c1ccc2c(c1)c(c[nH]2)C[C@H](C(=O)NCCCO)N3[C@@H](Nc4ccccc4C3=O)O,0,11.779704,0.176471
decoy,C09315445,CC1CC[NH+](CC1)Cc2nc3c(c(cs3)c4cccs4)c(=O)n2CC(=O)NCc5ccco5,0,11.340543,0.193878
decoy,C54558565,Cc1nc(n(n1)[C@@H]2C[C@H](CC[C@@H]2O)C(C)C)C,0,10.489001,0.140845
decoy,C04108834,CC(C)(C)c1ccc(cc1)[C@H]2[C@H]3C(=Nc4ccccc4N2)C[C@@H](CC3=O)c5ccc(cc5)OC,0,11.621470,0.209877
decoy,C42086513,CCC[C@H](C)NC(=O)[C@H](C)Sc1nc2nc(cc(n2n1)C)C,0,10.594729,0.170455
decoy,C01375159,CC[C@H](c1nnnn1Cc2ccco2)N(Cc3ccc4c(c3)OCO4)Cc5cc6cc(c(cc6[nH]c5=O)C)C,0,11.560172,0.171875
decoy,C39638884,C[C@H](C(=O)N1C[C@H](C2(C1)CC[NH2+]CC2)C(=O)NCCc3ccccc3F)Oc4ccccc4,0,10.697946,0.183908
decoy,C09453418,Cc1cccn2c1[nH+]c3c(c2=O)C[C@@]4([C@H]5N3CCc6c5cccc6)C(=O)NC(=O)N(C4=O)CC(C)C,0,10.888425,0.170213
decoy,C38672582,C[NH+]1CCN(CC1)[C@H](CNC(=O)c2ccc(cc2)S(=O)(=O)N3CCCCC3)c4ccc5c(c4)CCN5C,0,11.702768,0.178571
decoy,C14258314,Cc1cc(c(cc1NC(=O)C(Cl)(Cl)Cl)Cl)[N+](=O)[O-],0,11.184519,0.177215
decoy,C65116179,CCc1c(c(on1)NC(=O)C)c2ccc(c(c2)S(=O)(=O)Nc3c(cc(cc3C)C)C)OC,0,12.069492,0.192771
decoy,C14475466,c1ccc(cc1)OCCOc2cccc3c2N[C@H]([C@@H]4[C@@H]3C=CC4)c5ccc6ccccc6c5,0,11.902893,0.202381
decoy,C06134064,CCOc1ccc2c(c1)cc(c(=O)[nH]2)[C@H](c3nnnn3C4CCCC4)[NH+]5CCN(CC5)c6ccc(cc6)O,0,11.301052,0.191919
decoy,C64411232,CCOC(=O)Cc1csc(n1)NC(=O)c2csc(n2)[C@@H]3C=c4ccccc4=[NH+]3,0,11.719821,0.192308
decoy,C34829836,Cc1ccccc1[C@@H]2c3ccsc3CC[NH+]2CC(=O)N4CCN([C@@H](C4)C)C(=O)c5cc(cc(c5)OC)OC,0,10.584309,0.185567
decoy,C39675323,C[C@H](CCc1ccc(cc1)OC)NC(=O)[C@@H]2CN(CC23CC[NH2+]CC3)C(=O)c4cccc(c4Cl)Cl,0,10.797034,0.228916
decoy,C66908541,C[C@H](CCc1ccc(cc1)O)NC(=O)NC[C@@]2(CCCc3c2cccc3)O,0,11.892550,0.225352
decoy,C26891775,Cn1c(nc2ccccc2c1=O)CSc3[nH]c4cc(ccc4n3)Cl,0,11.414022,0.229730
decoy,C02301926,CC(=O)N1[C@@H](C=C(N1)c2c(c3cc(ccc3[nH]c2=O)Br)c4ccccc4)c5cccc(c5)[N+](=O)[O-],0,11.617537,0.225806
decoy,C36027300,CC[C@@H](C)N1C(=O)[C@H]([NH2+]C12CCN(CC2)S(=O)(=O)c3ccc(cc3)OC)Cc4ccccc4,0,11.799552,0.220930
decoy,C47133552,CCc1ccc(c(c1)c2c(non2)NC(=O)[C@@H](C)Oc3ccc(cc3)F)CC,0,10.965247,0.232558
decoy,C00171591,CN(c1ccc(cc1F)F)C(=O)c2cc3cccc(c3[nH]2)[N+](=O)[O-],0,11.771564,0.171429
decoy,C39689085,CCCCC(=O)N1C[C@H](C2(C1)CC[NH2+]CC2)C(=O)NCC3CC[NH+](CC3)C4CCCC4,0,10.910360,0.137615
decoy,C57415226,CCc1ccc(cc1)[C@H]2C(=C(NC(=O)N2)CN3CCN(CC3)c4ccccc4OC)C(=O)OC,0,11.114985,0.218750
decoy,C47371784,c1ccc(cc1)c2nc([nH]n2)c3ccccc3NC(=O)c4cccs4,0,10.601146,0.238806
decoy,C39487338,CCC[C@]1(CN(C(=O)N1CC2(CC[NH+](CC2)Cc3ccccc3)C4CCCCC4)SC)C,0,10.974881,0.179775
decoy,C35882664,CC[C@H]1C(=O)N(Cc2cc(ccc2O1)NC(=O)c3ccccc3)[C@H]4CCCc5c4cccc5,0,10.999037,0.227848
decoy,C49271047,C[C@@H]1C[C@@H]1CNC(=O)/C(=N/c2nnc(s2)C(C)(C)C)/[O-],0,10.826801,0.133333
decoy,C22984140,Cc1ccc(cc1)c2csc3c2c(=O)n(cn3)CC(=O)NC(=O)Nc4ccc(cc4C)C,0,11.544875,0.188889
decoy,C06408763,Cc1ccc2c(c1)cc(c(=O)[nH]2)[C@@H](c3nnnn3C[C@@H]4CCCO4)[NH+](Cc5ccco5)C[C@@H]6CCCO6,0,11.446044,0.153846
decoy,C38597749,c1ccc(c(c1)C(=O)NC[C@@H](c2ccco2)[NH+]3CCN(CC3)c4ccc(cc4)F)I,0,10.538078,0.162500
decoy,C61857388,Cc1c(cccc1N)c2nc(no2)Cc3cccs3,0,10.909863,0.152778
decoy,C46833892,Cc1ccc(c(c1)NC(=O)[C@@H](C)Nc2ccc3c(c2)nc(o3)C4CC4)C,0,10.612788,0.219512
decoy,C06321212,Cc1cc2cc(c(=O)[nH]c2cc1C)[C@H](c3nnnn3C4CCCC4)[NH+](CCc5ccccc5)Cc6ccccc6,0,11.431688,0.189655
decoy,C08298407,c1csc(n1)NC(=O)[C@H]2C[NH+]3CC[C@H]2C[C@@H]3Cn4cc(nn4)CC5CCCCC5,0,11.414493,0.160714
decoy,C35545030,C[C@H](c1ccccc1)NC(=O)[C@@H]2Cc3cc(ccc3N4[C@@H]2CN(CC4)c5cccc[nH+]5)C(F)(F)F,0,10.763629,0.213483
decoy,C14961604,c1ccc(cc1)C[C@@H](COc2cc(cnc2)c3ccc4c(c3)/C(=C\c5ccco5)/C(=O)N4)[NH3+],0,12.325999,0.190476
decoy,C36203681,CC(C)[NH+](Cc1ccc(o1)C(c2ccc(cc2)OC)(c3ccc(cc3)OC)O)Cc4cc(cc(c4)OC)OC,0,10.969081,0.216216
decoy,C62960543,CCC1(CCN(CC1)C(=O)[C@H](C)/C(=N/O)/N)C,0,10.631751,0.121622
decoy,C04947185,CCCCCc1ccc(cc1)/C(=N/Nc2cc(ncn2)n3cc(cn3)C)/C,0,11.692378,0.236111
decoy,C03050968,Cc1cc2c(cc1C)n(c(n2)c3ccc(=O)[nH]c3)Cc4ccc(cc4)Cl,0,11.505959,0.193878
decoy,C20727734,CC(C)(C)c1ccc2c(c1)N(C(=O)/C(=C\c3ccc(cc3)Cl)/O2)CC(=O)NCC(OC)OC,0,10.788799,0.206522
decoy,C35747458,COCCC[NH+](Cc1[nH]c(=O)c2c(csc2n1)c3ccc(cc3)OC)C[C@H](COc4ccccc4)O,0,11.765189,0.188034
decoy,C00214081,Cc1c(c(n(n1)C)c2nnc(s2)NCC(C)C)Cl,0,10.986937,0.148148
decoy,C25446959,CCCC[C@]1(C(=O)N(C(=O)N1)CC(=O)Nc2c(c3c(s2)C[C@@H](CC3)C)C(=O)OC)c4ccccc4,0,10.668297,0.204918
decoy,C10561798,C[C@@H]1Cc2ccccc2N1C(=O)COC(=O)c3c(ccs3)S(=O)(=O)NC4CC4,0,10.959469,0.179775
decoy,C13477009,c1ccc(cc1)N2C(=O)/C(=C\c3ccc(o3)c4ccc(cc4)C(=O)[O-])/SC2=O,0,11.928761,0.173469
decoy,C36346293,Cc1c(c(n(n1)c2ccccc2)Oc3cccc(c3)F)C[NH+](C[C@@H](Cc4ccccc4)O)C(C)C,0,10.581173,0.195876
decoy,C64871202,c1cc(cc(c1)C(F)(F)F)[C@@H]2N[C@@H](ON2)c3ccc4c(c3)[nH]c(=O)n(c4=O)Cc5ccc(cc5)Cl,0,11.387140,0.181818
decoy,C38597536,c1ccc(c(c1)CC(=O)NC[C@@H](c2ccco2)[NH+]3CCN(CC3)c4ccc(cc4)F)Cl,0,10.619636,0.200000
decoy,C09233969,c1ccc(cc1)C(=O)[C@H]2[C@@H]([C@@H]3CSC[NH+]3[C@]24c5cc(ccc5NC4=O)F)c6cccc(c6)[N+](=O)[O-],0,11.707766,0.158416
decoy,C19219612,Cc1ccc2c(c1)[nH]c(c2[C@@H](C[NH+]3CCC4(CC3)C[C@@H](c5cc(ccc5O4)Cl)O)O)C,0,11.549474,0.166667
decoy,C12891133,CCSc1nc(c(s1)NC(=O)c2cccc(c2C)[N+](=O)[O-])c3ccccc3,0,10.970848,0.240964
decoy,C16431192,c1cc2c(cc1Cl)oc(=O)n2CCC(=O)NC34CC5CC(C3)CC(C5)C4,0,11.869102,0.192771
decoy,C04553465,CCC(C)(C)[C@H]1CCc2c(sc3c2C(=N[C@H](N3)c4ccc(o4)C)O)C1,0,11.503969,0.131868
decoy,C33352297,CCNc1c(c(=O)n2cccc(c2n1)C)/C=C/3\C(=O)N(C(=S)S3)Cc4ccc5c(c4)OCO5,0,11.616882,0.168067
decoy,C41006249,CCc1ccc(cc1)[C@@H]2[C@H](C(=O)C[C@@]([C@@H]2C(=O)Nc3ccccc3OC)(C)O)C(=O)Nc4ccccc4OC,0,12.940773,0.200000
decoy,C12643139,C=CCn1c(=O)c2c(ccs2)nc1SCC(=O)NCC(=O)Nc3ccccc3Br,0,11.372922,0.210526
decoy,C40813641,CCCOC(=O)c1c(c\2c(o1)CCC/C2=N\NC(=O)c3cccc4c3cccc4)C,0,11.633810,0.243590
decoy,C36876098,CC[C@@]1(C(=O)N(C(=O)N1)CC(=O)Nc2cc(c(cc2Cl)Cl)Cl)c3ccc(cc3)Cl,0,10.859184,0.209877
decoy,C56157787,C[C@@H](C(=O)Nc1ccc(cc1)OC(F)F)Nc2cccc(c2)N3CCNC3=O,0,10.516325,0.216216
decoy,C39082208,C1CN2C(=C(SC2=N1)C#N)N,0,11.487200,0.135802
decoy,C44042933,Cc1ncc(o1)c2ccc(cc2)NC(=O)N(Cc3ccc(o3)[C@H]4C[C@H]4C)C5CC5,0,11.877438,0.218750
decoy,C12634786,CC(C)COC(=O)Nc1nc(cs1)CC(=O)N2CCN(CC2)c3ccc(cc3)Cl,0,10.837973,0.214286
decoy,C34774715,c1ccc(cc1)c2csc3c2c(nc(n3)SCC(=O)N)N4CC[NH+](CC4)CC(=O)N5CCCCC5,0,10.547079,0.191919
decoy,C49124288,CCC1CCC(CC1)NC(=O)N(CC(=O)[O-])C2CCCC2,0,11.840755,0.155556
decoy,C06076935,CC(C)CCNC(=O)[C@@H](c1ccncc1)N(c2ccccc2)C(=O)c3c(c(ns3)C(=O)N)N,0,10.561523,0.166667
decoy,C33059085,CCN(CC[NH+](C)C)C(=O)[C@@H]1CCCN(C1)S(=O)(=O)c2c(noc2/C=C/c3ccc(cc3)C)C,0,10.579915,0.163265
decoy,C12494291,c1cc(oc1)c2c(nnc(n2)SCC(=O)NNC(=O)c3ccc(cc3)Cl)c4ccco4,0,11.508239,0.222222
decoy,C49435742,CC(C)(C)[C@@H]1CCc2c(cc(s2)C(=O)[C@@H](C#N)c3nc(nc(n3)N)N)C1,0,11.915865,0.166667
decoy,C42667492,Cc1cc(ccc1NC(=O)[C@H](C)Nc2ccc(cc2)NC(=O)NC3CC3)Cl,0,10.284908,0.225806
decoy,C50362251,C[C@H](c1cccs1)[NH+](C)[C@@H](C[NH3+])c2cc(c(o2)Br)Br,0,10.536355,0.149254
decoy,C36737159,c1cscc1C(=O)Nc2cc3c(cc2N)OCO3,0,12.499449,0.205479
decoy,C11616418,CC1=C(N2[C@H]([C@@H](C2=O)NC(=O)/C(=N\OC)/c3csc(n3)N)SC1)C(=O)OCOC(=O)C(C)(C)C,0,11.350035,0.135593
decoy,C63270971,c1ccc2=[NH+]CC(=c2c1)CCNC(=O)CCCNC(=O)N3CC[C@@H]4[C@H](C3)N=C5[C@@H]4C=C(C=C5)Cl,0,11.820004,0.169492
decoy,C22119420,C[C@]1(C(=O)N(C(=O)N1)CC(=O)NC2(CCCCC2)C#N)c3ccc(cc3)C(C)(C)C,0,10.768646,0.164835
decoy,C36495520,C[C@H]1[C@@H](C[C@@H]2C[C@H]1C2(C)C)C(=O)N(Cc3ccco3)[C@H](c4ccc(c(c4)OC)O)C(=O)NC(C)(C)C,0,10.729706,0.172727
decoy,C63927586,c1ccc(cc1)c2cc(no2)CS(=O)(=O)c3ccc(cc3)O,0,10.670210,0.209677
decoy,C36205514,CCOC[C@@H](C[NH+](Cc1[nH]c(=O)c2c(csc2n1)c3ccccc3)C4CCCCC4)O,0,11.788408,0.179775
decoy,C08696032,Cc1c(c2ccccc2[nH]1)[C@H]3[C@H](C3(C)C)CC(=O)N(Cc4cccnc4)C5(CCCC5)C(=O)NC67CC8CC(C6)CC(C8)C7,0,11.676376,0.200000
decoy,C14067786,c1ccc(cc1)C[C@H](C(=O)Nc2cccc(c2)S(=O)(=O)/N=C\3/CCCN3)NC(=O)c4ccccc4,0,11.240746,0.204082
decoy,C42729748,CC[NH2+][C@H](c1ccc(cc1Br)F)c2c(ccs2)C,0,11.206367,0.173333
decoy,C14532763,CC(C)(C)NS(=O)(=O)c1cc(cc(c1)NCc2ccsc2)C(=O)NC[C@H]3CCC[NH+](C3)C,0,11.619062,0.166667
decoy,C12513092,CN(C)c1c(cc2cc3c(cc2[nH+]1)OCO3)CN(C[C@@H]4CCCO4)C(=O)C5(CC5)c6ccc(cc6)Cl,0,11.178856,0.181818
decoy,C52869418,CN([C@H]1CCCc2c1cccc2)C(=O)C[NH+](CC=C)CC=C,0,11.661547,0.208333
decoy,C37313576,CCc1ccc(cc1[N+](=O)[O-])N[C@@H](C)c2c(ccs2)Br,0,10.919418,0.196970
decoy,C35934671,CN1C2=C([C@H](NC1=O)c3ccccc3Cl)C(=O)N(C2)CC(=O)NCc4ccccc4c5ccccc5,0,10.823852,0.195652
decoy,C49242483,CC[C@@H](C)NC(=O)CCNC(=O)NCc1cc(cs1)Br,0,11.779981,0.175000
decoy,C64120629,c1ccc(cc1)CCNC(=O)N2CCC[C@@H](C2)CNC(=O)[C@@H]3C=c4ccccc4=[NH+]3,0,11.840763,0.243590
decoy,C04171697,Cc1c(c2ccccc2[nH]1)CC/N=C/C3=C(C[C@@H](CC3=O)c4ccc(cc4)OC)[O-],0,11.382901,0.200000
decoy,C22878811,c1ccc2c(c1)C3C[C@@H](C2c4c3cccc4)CNC(=O)CCc5nc(no5)c6cccs6,0,11.185868,0.168539
decoy,C11393240,C=CCNc1nnc(s1)SCC(=O)N2[C@@H](CC(=N2)c3cccs3)c4cccs4,0,11.153728,0.181818
decoy,C34747576,Cc1ccc(cc1)NC(=O)C[NH+]2CCN(CC2)c3nc4c(c5c(s4)CCCC5)c(=O)n3Cc6ccccc6,0,11.840702,0.216667
decoy,C09128192,CC(C)CN([C@@H]1CCS(=O)(=O)C1)C(=O)COC(=O)c2c3ccccc3c(=O)n(n2)c4ccccc4,0,11.150972,0.195652
decoy,C63708521,c1ccc2=[NH+]CC(=c2c1)CCC(=O)NN3[C@@H](Nc4ccccc4C3=O)SCC(=O)c5ccc(cc5)Cl,0,11.177876,0.178947
decoy,C12833252,Cc1cc(c2cc(c(=O)[nH]c2c1)C[NH+](Cc3ccc4c(c3)OCO4)Cc5nnnn5C6CCCCC6)C,0,11.168459,0.182609
decoy,C39835040,Cc1ccc(cc1)Nc2[n+](c(cs2)c3ccc(cc3)S(=O)(=O)N4CCCCC4)CCc5ccccc5,0,11.906794,0.230769
decoy,C39549837,Cc1ccc(cc1)c2cc(n(n2)c3ccccc3)NC(=O)COC(=O)c4ccccc4NCc5ccco5,0,10.972164,0.211111
decoy,C08635407,CC(=O)Nc1ccc(cc1)S(=O)(=O)NC[C@H]2C[C@@H]3CC[NH+]2C[C@@H]3c4cc(nn4C)c5ccco5,0,11.512308,0.180000
decoy,C05954262,CC\1=CC[C@H](C/C1=N\NC(=O)CCC(=O)N/N=C/2\C[C@@H](CC=C2C)C(=C)C)C(=C)C,0,11.251939,0.162162
decoy,C04150007,C[C@@H]1c2c(sc(n2)NS(=O)(=O)c3ccc(cc3)Cl)C[C@]4([C@H]1[C@H]([C@H](CC4)[C@H](C)C(=O)N(C)CC#C)O)C,0,10.249857,0.173077
decoy,C54050458,c1c(cc(c(c1N)Cl)Cl)C(=O)OCCC(=O)NC2CC2,0,10.482224,0.232558
decoy,C03460389,C[C@@H](c1ccc(cc1Cl)Cl)NC(=O)CN2C(=O)[C@](NC2=O)(C)c3ccccc3,0,10.572994,0.228916
decoy,C48872241,Cn1ccnc1CSc2nnc(n2N)c3cccs3,0,11.490237,0.176471
decoy,C38670521,CN1CCCc2c1ccc(c2)[C@H](CNC(=O)C3c4ccccc4Oc5c3cccc5)[NH+]6CCCC6,0,10.899755,0.188889
decoy,C11867433,Cc1c(oc2c1cc3c(c(c(=O)oc3c2C)CC(=O)NCc4cccc(c4)Cl)C)C,0,11.160113,0.216867
decoy,C44900413,Cc1[nH+]ccn1c2ccccc2CNC(=O)[C@@H]3CCCN(C3)S(=O)(=O)Cc4ccc(cc4Cl)Cl,0,11.678549,0.250000
decoy,C47029705,c1cc(ccc1C2(CCCC2)CNC(=O)NNC(=S)NC3CCCC3)F,0,11.176868,0.191489
decoy,C19233360,Cc1c[nH]/c(=N\S(=O)(=O)c2ccc(nc2)NN)/s1,0,11.810907,0.184211
decoy,C36569685,COc1ccc(c(c1)F)[C@H]2c3c([nH]c[nH+]3)CCN2C(=O)N[C@H](CCSC)C(=O)OC,0,11.701572,0.206186
decoy,C05413147,c1ccc2c(c1)c(c[nH]2)C[NH2+][C@H]3CO[C@H]4[C@@H]3OC[C@@H]4n5cc(nn5)CC6CCCCC6,0,12.044263,0.131868
decoy,C60371525,CC1CC[NH+](CC1)[C@@H](CNC(=O)CCNC(=O)c2c3ccccc3[nH]n2)C(C)C,0,11.697324,0.180952
decoy,C38705797,CCCOc1ccc(cc1OCC)[C@@H]2c3c(n[nH]c3C(=O)N2CCOC)c4c(cc(cc4O)C)C,0,10.219873,0.212766
decoy,C40291403,Cc1ccccc1Oc2c(c(c(nn2)C)C)C(=S)N,0,10.512188,0.196970
decoy,C08869638,c1cc2c(cc1Cl)c(=O)cc(o2)C(=O)Nc3c(c4c(s3)CCCC4)C(=O)NC[C@H]5CCCO5,0,11.107815,0.187500
decoy,C02196920,c1cc(ccc1NC(=O)NC(=O)N(c2ccc(cc2)Cl)C(=O)NC3=[NH+][C@@H]4CCCC[C@@H]4N3)Cl,0,11.487043,0.242857
decoy,C43527967,Cc1nc(cc(n1)[C@H]2C[NH+]3CC[C@@H]2C[C@@H]3CNC(=O)NC(C)C)c4cccs4,0,10.988591,0.181818
decoy,C44783236,CCCNC(=O)C1(CCCCC1)/C(=N/O)/N,0,11.424828,0.126437
decoy,C23158086,Cc1nc2n(n1)c(c(s2)[C@H](c3ccco3)[NH+]4C[C@@H](C[C@H](C4)C)C)[O-],0,10.868345,0.154545
decoy,C49481296,c1ccc(cc1)c2nc(on2)C3CN(C3)C(=O)c4ccc(cc4)Cl,0,11.115703,0.191176
decoy,C13778983,CC(C)(C)c1ccc(cc1)c2nc(no2)c3cc4ccccc4[nH]c3=O,0,11.305982,0.172414
decoy,C46817376,Cc1ccc(c(c1)Cl)NC(=O)[C@@H](C)Nc2cccc(c2)N3CCOC3=O,0,10.361768,0.219780
decoy,C05363479,C[C@H]1CCCC[C@H]1NC(=O)COC(=O)c2ccc(c(c2)[N+](=O)[O-])NC,0,11.805528,0.176471
decoy,C49545111,CC(C)c1cc(n(n1)C)c2nn3c(nnc3s2)Cc4ccc(cc4)F,0,10.644979,0.166667
decoy,C09691845,Cc1c(cco1)c2nnc(n2C)SCC(=O)Nc3ccccc3C(=O)NC4CCCC4,0,10.603743,0.242718
decoy,C39467501,CCOC1=C[C@@H]2C[C@@H]3CO[P@@](=O)(N[NH+]3C[C@@H]2C=C1F)c4ccccc4O,0,11.748592,0.177778
decoy,C43043385,C[C@@H]1CCC[C@@H]([C@@H]1C)NC(=O)NNC(=O)c2ccc3ccccc3n2,0,11.802082,0.200000
decoy,C54080705,Cc1cccc2c1oc(c2C)C(=O)N(C)Cc3ccccc3O,0,10.175588,0.219178
decoy,C40441766,c1ccc(cc1)c2c(c3ccccc3[nH]2)/C=N/N=C/4\NC(=O)[C@H](S4)CC(=O)c5ccc(cc5)Cl,0,11.930612,0.188235
decoy,C23635237,C[C@H](c1[nH]c(=O)c2ccccc2n1)Sc3nc4ccccc4c(=O)n3CC[NH+](C(C)C)C(C)C,0,10.982487,0.184211
decoy,C48814656,CCc1ccc(cc1)c2nc(on2)c3ccc(cc3Cl)N,0,11.214917,0.211538
decoy,C21864297,CC(C)CCN1C(=O)c2ccc(n2C[C@]1(C)C(=O)NC3CCCCCC3)c4ccco4,0,10.944068,0.237624
decoy,C07390281,Cc1c(cccc1[N+](=O)[O-])NC(=S)NC(=O)c2ccccc2OCC(C)C,0,11.336464,0.213333
decoy,C39640567,C[C@@H]1CCCC[C@@H]1NC(=O)NC(=O)COC(=O)CNC(=O)C23CC4CC(C2)CC(C4)C3,0,11.791201,0.141176
decoy,C05883257,c1ccc2c(c1)/c(=N\S(=O)(=O)c3ccc(cc3F)F)/c4c([nH]2)CCCC4,0,11.177501,0.261538
decoy,C39844250,Cc1ccc(cc1)c2nc(c(o2)NC3CCCCC3)S(=O)(=O)c4ccccc4,0,10.854837,0.186047
decoy,C17070731,CSc1nc2n(n1)[C@H](C=C(N2)c3ccccc3O)c4ccccc4,0,11.749115,0.154930
decoy,C00917765,CCc1nnc(s1)NC(=O)CSc2nnc(n2c3ccc(cc3)OC)c4ccc(cc4)Br,0,10.985270,0.215190
decoy,C32899383,c1ccc(cc1)/C=C/c2[nH]c(=S)n(n2)C[NH+]3CCN(CC3)c4ccccc4O,0,11.706392,0.178082
decoy,C34750152,CCCC[NH+]1CCN(CC1)c2c3c4c(sc3nc(n2)SCC(=O)N)COC(C4)(C)C,0,10.732714,0.132743
decoy,C35929762,Cn1c(c2c(nc(nc2n1)N3CCCC3)c4ccccc4Cl)N,0,10.449280,0.193548
decoy,C40322221,c1ccc(c(c1)[C@H](CNC(=O)c2ccc(o2)S(=O)(=O)c3ccc(cc3)Cl)[NH+]4CCCCCC4)Cl,0,10.704224,0.202532
decoy,C00715184,CC1=C([C@H](NC(=O)N1)c2ccc(c(c2)Cl)Cl)C(=O)OC3CCCCC3,0,11.060065,0.184466
decoy,C03600898,c1ccc2c(c1)CCC[C@@]23C(=O)N(C(=O)N3)CC(=O)NCc4ccc(cc4Cl)Cl,0,11.101511,0.206897
decoy,C64520859,C[C@H]1C(=C(NO1)C)S(=O)(=O)N2CCC(CC2)[C@H](C)C(=O)NCCC3=c4cc(ccc4=[NH+]C3)OC,0,11.056140,0.176471
decoy,C39352738,C=CCn1c2c(c(n1)C(=O)N3CCSCC3)C[C@H](CC2)[NH2+]CC4(CCCCC4)[NH+]5CCCCC5,0,11.503245,0.142857
decoy,C06797561,C[C@H]1CCC[C@H]([C@@H]1C)NC(=O)CCCn2c3c(cccn3)n4cccc4c2=O,0,11.627227,0.201923
decoy,C40010923,Cc1cccc2=C[C@H](C(=O)[NH+]=c12)[C@@H]3c4cc(c(cc4CCN3C(=S)NC)OC)OC,0,10.782921,0.214286
decoy,C64613190,Cc1ccccc1C2=NO[C@@H](N2)[C@@H]3C=C(N=N3)c4ccc(cc4)Cl,0,11.614754,0.189189
decoy,C56268652,CC1CCC(CC1)CNC(=O)c2cc3c([nH]c2=O)CCCC3=O,0,11.336172,0.166667
decoy,C24831406,c1ccc2c(c1)CCC[C@]23C(=O)N(C(=O)N3)CC(=O)Nc4nc(cs4)C56CC7CC(C5)CC(C7)C6,0,11.745004,0.159292
decoy,C17113592,CC(C)Sc1[nH]c(=O)c2c(n1)NC3=C([C@@H]2c4ccc(c(c4)OC)OC)C(=O)CC(C3)(C)C,0,11.181950,0.202247
decoy,C02697479,Cc1ccccc1NC(=O)C2=C(N=c3n(c(=O)/c(=C/c4cccc(c4O)OC)/s3)[C@H]2c5cccs5)C,0,11.835878,0.204082
decoy,C19912438,c1ccc(cc1)c2c(c(=O)nc([nH]2)N)CCCCC(=O)[O-],0,11.687338,0.217391
decoy,C64450344,CC1=C2[C@H](CC(=O)N[C@H]2N(N1)C3[NH+]=c4ccccc4=[NH+]3)c5cc(ccc5OC)Br,0,11.651163,0.206897
decoy,C39637285,C[C@@H]1CCC[C@@H]([C@@H]1C)NC(=O)[C@@H]2CN(CC23CC[NH2+]CC3)C(=O)C4(CCCCC4)C,0,10.512312,0.123810
decoy,C32572035,C[C@H](C(=O)NC(=O)NC12CC3CC(C1)CC(C3)C2)Sc4ccc5c(c4)OCCCO5,0,11.389573,0.133929
decoy,C22917942,C#CC1(CCCCC1)OC[C@H](CN2CC[NH+](CC2)CCN3C(=O)c4cccc5c4c(ccc5)C3=O)O,0,11.782285,0.174312
decoy,C09272327,CC1(Cc2c(c([nH+]c3c2c(c(s3)C(=O)Nc4ccccc4[N+](=O)[O-])N)N5CCOCC5)CO1)C,0,12.521296,0.176991
decoy,C10211746,Cc1cc(c(c(c1)C)S(=O)(=O)Nc2ccccc2C(=O)OCC(=O)NC(=O)NCc3ccco3)C,0,11.854358,0.218391
decoy,C03447642,CC(=CC(=O)Nc1c(c(cs1)c2ccccc2)C(=O)OCC(=O)C(=C3Nc4ccccc4N3)C#N)C,0,11.806355,0.202532
decoy,C64087678,CCCC[C@@H](C(=O)N1CCC(=CC1)C2=c3c(cccc3=[NH+]C2)C)NC4=NS(=O)(=O)c5c4cccc5,0,11.117760,0.187500
decoy,C09429123,CCCCN1C(=O)[C@@H]2[C@@H]([NH2+][C@]3([C@@H]2C1=O)c4cc(ccc4NC3=O)Cl)Cc5ccc(cc5)O,0,11.992401,0.212500
decoy,C36760263,Cc1ccccc1[C@H](C)NC(=O)Cc2csc(n2)Cc3cccc(c3)Cl,0,10.769247,0.234568
decoy,C35702463,Cc1ccc2c(c1)c3c(n2Cc4ccccc4F)nc(nn3)S[C@H](C)C(=O)NCC[NH+]5CCCCC5,0,11.542071,0.187500
decoy,C40823526,Cc1c\2c(oc1C(=O)Nc3ccccc3Br)CCC/C2=N\NC(=O)c4ccoc4C,0,11.918309,0.200000
decoy,C35917922,Cc1ccc(cc1)[C@@H]2CN(C[C@@H]2CN(CCOC)C(=O)C)Cc3c(ccs3)C,0,13.652117,0.179487
decoy,C02250174,Cc1ccc(cc1)[C@H]2C3=C(c4ccccc4O2)N=C5N=CNN5[C@@H]3c6ccc(cc6)OC,0,11.698694,0.207317
decoy,C04814180,c1ccc(c(c1)[C@@H]2C3=C(C[C@@H](CC3=O)c4cccc(c4)Cl)Nc5n2ncn5)F,0,10.834481,0.208791
decoy,C39763835,C[C@H](c1nnc(n1CC(C)C)S[C@@H](C)C(=O)NC2CCCCC2)NC(=O)c3ccc(cc3)Cl,0,10.262385,0.235294
decoy,C35938503,Cc1ccccc1[C@H]2c3ccsc3CC[NH+]2CC(=O)N4CCN([C@@H](C4)C)C(=O)c5cccc6c5cccc6,0,10.567584,0.181818
decoy,C63383624,CCCNC(=O)[C@H](CC(C)C)NC(=O)[C@@H]1CC2=c3ccccc3=[NH+][C@H]2[C@H]4N1C(=O)c5c4cccc5,0,10.881817,0.151515
decoy,C58971285,Cc1ccc(cc1)n2c(c(cn2)C(=O)NCCCC[NH+]3C[C@@H](C[C@H](C3)C)C)C(F)(F)F,0,11.151740,0.201835
decoy,C16025803,CC(C)C[C@@H](C(=O)NCc1cccc(c1)OC)NC(=O)[C@H]2C(S[C@@H]3N2C(=O)c4c3cccc4)(C)C,0,10.513746,0.218750
decoy,C09302085,C[NH+]1CCc2c(sc3c2C(=N[C@@H](N3)c4cccc(c4)OC(=O)c5cccs5)O)C1,0,11.354509,0.175824
decoy,C39726892,CCN1[C@H](NN=C1S[C@H](c2ccccc2)C(=O)C3=c4ccccc4=[NH+]C3)CCC(=O)N,0,11.012790,0.182796
decoy,C66120578,c1cc(c(c(c1)F)CCNC(=O)N2CCC[C@H](C2)CCC(=O)N)F,0,11.796389,0.212766
decoy,C08868956,Cc1cc(c2c(c1)sc(n2)N(CC[NH+](C)C)C(=O)[C@@H]3CCCN3S(=O)(=O)c4ccc(cc4)F)C,0,11.875914,0.190909
decoy,C46661245,Cc1ccc2c(c1)sc(n2)NC(=O)[C@@H]3CC(=NO3)c4cccc(c4)F,0,11.675108,0.231481
decoy,C36517637,CCCCCCN([C@@H](c1ccc(cc1)[N+](=O)[O-])C(=O)NC(C)(C)C)C(=O)C(c2ccccc2)c3ccccc3,0,10.887890,0.225806
decoy,C12623347,C[C@H](C(=O)Nc1ccc(cc1)NC(=O)C)OC(=O)c2c3ccccc3nc\4c2CCC/C4=C\c5ccco5,0,11.830733,0.200000
decoy,C43375029,CC(C)Cc1nnc(s1)NC(=O)N2CCc3ccccc3C2,0,10.743569,0.193548
decoy,C09416493,c1ccc(cc1)c2c(c3ccccc3[nH]2)SCCNC(=O)C45CC6CC(C4)CC(C6)C5,0,11.156071,0.181818
decoy,C28792950,CCn1c(nnc1SCC(=O)NNC(=O)c2cc(on2)c3ccccc3)c4cccs4,0,11.836449,0.197802
decoy,C40152315,CC(C)(C)[C@H](c1cccs1)NC(=O)Nc2ccccc2N3CCC(CC3)O,0,11.692981,0.173913
decoy,C02334744,CCCCN(CCCC)C(=O)c1c(c2c3c(c([nH+]c2s1)N4CCOCC4)COC(C3)(C)C)N,0,10.880898,0.157407
decoy,C43526568,C[NH+](CC=C)C[C@H]1C[NH+]2CC[C@@H]1C[C@@H]2CNC(=S)Nc3cc(cc(c3)OC)OC,0,10.969828,0.168539
decoy,C34974932,C[C@@H]1CN(CCN1C(=O)C2CCCCC2)C(=O)[C@@H](C(C)C)NC(=O)Nc3ccc(cc3)Cl,0,11.234550,0.220000
decoy,C35564488,c1ccc(c(c1)N2CC[NH+](CC2)Cc3cc(=O)[nH]c(n3)N4CCN(CC4)C(=O)CCC5CCCC5)F,0,11.133870,0.180952
decoy,C02130248,CCc1ccc(cc1)[C@@H]2CN3C(=O)CNC(=O)[C@]3(c4c2c5ccccc5[nH]4)C,0,11.115696,0.176471
decoy,C13131429,CCOc1ccccc1[C@@H]2C[C@H](Nc3n2nc(n3)N)c4ccc(cc4)Cl,0,11.528610,0.203883
decoy,C33428823,COc1ccc(cc1)c2cs/c(=N\N=C/c3ccc(cc3O)O)/[nH]2,0,11.723836,0.197368
decoy,C06184257,Cc1c(c(c(s1)NC(=O)[C@@H]2CCCC[C@@H]2C(=O)[O-])C#N)c3ccccc3,0,10.777798,0.205479
decoy,C39710793,Cc1cccc2=C[C@H](C(=O)[NH+]=c12)[C@H](c3nnnn3CCOC)N4CC[NH+](CC4)[C@@H]5Nc6ccccc6S5,0,12.240716,0.181818
decoy,C39280316,c1ccc(cc1)C2=NN=C[C@H]2/C=N/NC(=O)CS[C@@H]3N[NH2+]NN3c4ccc(cc4)Cl,0,11.733054,0.177083
decoy,C64002574,c1ccc(cc1)[C@H](C(=O)C2=c3ccccc3=[NH+]C2)OC(=O)CCNC(=O)CCC(=O)c4ccccc4,0,10.962527,0.202381
decoy,C42435347,CC[NH+](CC)CCN(CC(C)C)S(=O)(=O)c1ccc(s1)Br,0,11.092598,0.132353
decoy,C35745914,CC(C)COC[C@@H](C[NH+](Cc1[nH]c(=O)c2c(csc2n1)c3ccc(c(c3)OC)OC)C(C)C)O,0,11.427248,0.184211
decoy,C38083612,CN1c2ccccc2[C@@H](CC1=O)[NH2+]C[C@H]3CCS(=O)(=O)C3,0,11.006033,0.162500
decoy,C38806056,CC1(Cc2c(c(sc2C([NH2+]1)(C)C)NC(=O)c3ccc4c(c3)OCCO4)C(=O)OC)C,0,10.678514,0.197368
decoy,C40035948,CCC[C@]1(Cc2ccccc2-c3c1c(=O)n(c(n3)N/N=C/c4ccc(cc4)C(C)C)c5ccc(cc5)OCC)C,0,11.785243,0.173077
decoy,C04593911,Cc1cccc(c1n2c(nnn2)C3(CCCC3)[NH2+]CCc4c([nH]c5c4cccc5)C)C,0,11.589478,0.173913
decoy,C39064994,C1C[C@@H]2C[C@H]1C[C@@H]2C(=O)NO,0,10.874345,0.135593
decoy,C66633282,CCCNC(=O)NNC(=O)[C@H]1C[C@H]2CCCC[C@@H]2N1C(=O)c3ccccc3,0,11.288530,0.227848
decoy,C05993461,Cc1ccc(cc1C)n2c(=O)c3ccccc3nc2S[C@H]4CCCCC4=O,0,10.871665,0.189873
decoy,C08903373,CC[NH+](CC)CCN1[C@@H](/C(=C(/c2c(nc3n2cccc3)C)\O)/C(=O)C1=O)c4ccc(cc4)Cl,0,10.647288,0.165217
decoy,C64352978,CC(=O)N[C@H](CC1=c2ccccc2=[NH+]C1)C(=O)NCCc3cc4c(c(c3)Cl)OCCO4,0,10.846541,0.197674
decoy,C09226289,CC(=O)Nc1ccc(cc1)c2nnc(o2)SCC(=O)Nc3c(c4c(s3)CCCC4)C#N,0,11.517918,0.179245
decoy,C39973384,CC(C)(C)[C@@H]1CCCC[C@@H]1NS(=O)(=O)c2cccc3c2nsn3,0,10.594860,0.164835
decoy,C20076438,CCN(CC)C(=O)[C@H]1CCCCN1S(=O)(=O)c2cc(ccc2N/N=C/c3ccc(cc3)N(C)C)[N+](=O)[O-],0,11.733575,0.173913
decoy,C25406730,CC[C@@H](C)[C@@H](C(=O)Nc1cccc(c1)S(=O)(=O)/N=C/2\CCCCCN2)NC(=O)N,0,11.612507,0.204545
decoy,C48547577,c1cc(ccc1c2csc(n2)[C@H](C#N)C(=O)C(=O)Nc3ccc(cc3[N+](=O)[O-])C(F)(F)F)[N+](=O)[O-],0,11.742745,0.193182
decoy,C41001607,CCC(CC)C(=O)Nc1nc(c(s1)c2nc(no2)c3ccc(cc3)C)C,0,10.908783,0.166667
decoy,C38672870,C[NH+]1CCN(CC1)[C@H](CNC(=O)c2cc(=O)c3ccccc3o2)c4ccc5c(c4)CCCN5C,0,11.593485,0.188525
decoy,C00984994,Cc1cc-2c(cc1C)NC(c3c2c(=S)n(s3)c4ccccc4OC)(C)C,0,11.252909,0.185185
decoy,C36684813,CCc1ccc(cc1)[C@@H](CNC(=O)CN2C(=O)C3(CCC(CC3)C)NC2=O)[NH+](C)C,0,11.924523,0.166667
decoy,C00711768,CC(C)N1[C@@H](C(SC1=S)(C)C)N(C(=O)Nc2ccc(cc2Cl)Cl)O,0,11.107659,0.180952
decoy,C33270594,CCc1c(c(no1)C)[C@H]2CCCN2C(=O)NC3CCCCC3,0,11.541815,0.217391
decoy,C19431922,c1cc(c(cc1F)c2cc([nH]n2)N)Br,0,11.172715,0.187500
decoy,C32979157,C[C@H]1C[C@H]1C(=O)Nc2cccc(c2)C(=O)NCCN3C(=O)/C(=C/c4ccc(cc4)Cl)/SC3=O,0,10.591924,0.206897
decoy,C42016450,Cc1cccc(c1C)n2c(nnn2)c3ccc(cc3N)N,0,11.211963,0.192308
decoy,C01045331,CCC(=O)N1C(=O)C(NC1=O)(c2ccccc2)c3ccccc3,0,10.547399,0.228070
decoy,C35428893,C[C@@H]1CCCCN1S(=O)(=O)c2ccc3c(c2)CCC(=O)N3CC(=O)NCc4ccc5c(c4)OCO5,0,10.563782,0.194690
decoy,C13064689,CC[C@@H](c1nnnn1C2CCCCC2)[NH+](CCCO)Cc3cc4cc(c(cc4[nH]c3=O)C)C,0,11.341166,0.179487
decoy,C35442675,CC1=C[C@H]([C@@H](C[C@H]1Cc2nnc(o2)c3ccc(cc3)N(C)C)C(C)C)C[NH+]4CCN(CC4)CCO,0,11.250799,0.174312
decoy,C16780426,CC[NH+](CC)Cc1ccc(cc1)CNC(=O)[C@H](C)NS(=O)(=O)c2ccc(cc2)Br,0,11.121799,0.166667
decoy,C14457691,Cc1ccc(c2c1N[C@@H]([C@@H]3[C@@H]2C=CC3)c4c(cc(cc4C)C)C)[N+](=O)[O-],0,10.910761,0.139241
decoy,C40019228,CCCC[NH+](CCCC)CCCN1[C@H](C(=C(C1=O)[O-])C(=O)c2ccc(cc2)Br)c3ccc(o3)C,0,11.085675,0.172414
decoy,C41350506,Cc1cc2c(c(c1Cl)C)c(cc(=O)o2)CNC(=O)[C@H](C)Oc3c(c(c(c(c3F)F)F)F)F,0,11.405259,0.183908
decoy,C08880817,CC[C@H](c1nnc(n1Cc2ccccc2)SCc3ccc(cc3)n4cccn4)[NH+](C)C,0,11.964480,0.178571
decoy,C21030713,c1ccc2c(c1)CCN2C(=O)CN(Cc3ccco3)S(=O)(=O)c4ccccc4F,0,10.797609,0.190476
decoy,C66328540,C[C@@H](CC(=O)Nc1nnc(s1)c2ccccn2)NC(=O)C3CCCCC3,0,11.653668,0.215190
decoy,C13976378,CC(C)(C)c1ccc(cc1)OCC(=O)NC(=S)NNC(=O)c2ccc(cc2Cl)Cl,0,11.196946,0.214286
decoy,C01834218,C=C(c1ccccc1)NOCc2nc3ccccc3c(=O)n2/N=C/c4c[nH]nc4c5ccc(cc5)Br,0,11.485255,0.223529
decoy,C36024894,CCc1nc(c2c(nn(c2n1)c3ccc(cc3)C)C)NC4CCC(CC4)NC(=O)C5CCCC5,0,11.024146,0.240000
decoy,C63613218,Cc1ccc2=[NH+]CC(=c2c1)CCNC(=O)c3ccc4c(c3)NC(=O)/C(=C/c5ccccc5OC)/O4,0,11.682031,0.200000
decoy,C25790247,C[C@H](C(=O)N1CC(=O)Nc2c1ccc(c2)C(F)(F)F)OC(=O)c3ccc4cn[nH]c4c3,0,11.640617,0.214286
decoy,C08770134,c1ccc2c(c1)c(c[nH]2)CC[NH2+]C[C@H](Cn3cc(c4c3cccc4)/C=C/C(=O)c5ccc(cc5)Br)O,0,11.420022,0.173469
decoy,C39674468,CCCC[C@@H](C)C(=O)N1C[C@@H](C2(C1)CC[NH2+]CC2)C(=O)N[C@@H](C)C3=C(N=N[C@@H]3C)C,0,10.853468,0.125000
decoy,C12887088,COCCN1C(=O)[C@@H]2[C@H]([NH2+][C@@]3([C@@H]2C1=O)c4cc(ccc4NC3=O)Cl)Cc5c[nH]c6c5cccc6,0,11.984975,0.172727
decoy,C33250913,CC[C@@H](C)NC(=O)[C@H]1CCCN(C1)S(=O)(=O)c2c(noc2/C=C/c3c(cc(cc3C)C)C)C,0,10.603374,0.163793
decoy,C39312546,c1cc(ccc1C2=C3C(=NC(=NC3=O)NC4CCCCC4)SC2)Cl,0,11.326233,0.166667
decoy,C38965893,c1ccc(cc1)c2ccc(cc2)/C=N/N3[C@H](NN[C@@H]3S)[C@@H]4C=C(N=N4)c5ccccc5,0,11.470329,0.185185
decoy,C08603862,Cc1ccc(cc1C)n2c(=O)c3c(c4ccccc4s3)n(c2=O)CC(=O)NC5CCCC5,0,11.576681,0.211538
decoy,C09469245,Cc1ccc(cc1)NC(=O)[C@H](c2ccccc2)Sc3nnc(n3c4ccc(cc4)F)[C@@H](C)[NH+](C)C,0,10.912570,0.180851
decoy,C63303124,COC(=O)[C@H](CC1=c2ccccc2=[NH+]C1)NC(=O)[C@@H]3CC(=O)N(C3)c4ccc(cc4)Cl,0,10.749844,0.219780
decoy,C63698413,c1ccc(cc1)S(=O)(=O)N2CCC[C@H]2CNC(=O)C(=O)NCCC3=c4ccccc4=[NH+]C3,0,11.925763,0.212500
decoy,C09908196,Cc1ccc(c(c1)C)NC(=O)C2=C(Nc3ncnn3[C@@H]2c4ccc(cc4)OCc5ccccc5C)C,0,11.139001,0.219780
decoy,C17077157,Cc1ccc(cc1)[C@H]2C[C@H]2C(=O)NNC(=O)Nc3ccccc3C(F)(F)F,0,11.356175,0.219178
decoy,C36142660,CCc1cc2c(c(c1)N)O[C@H](CC2=O)c3ccc(cc3)C(C)C,0,11.332322,0.159574
decoy,C39628306,CCC[C@@H](C)C(=O)N1C[C@H](C2(C1)CC[NH2+]CC2)C(=O)NCCC[NH+]3CCCC[C@@H]3C,0,10.961103,0.132743
decoy,C60751483,Cc1ccc(c(c1)C)OC(=O)CN2CCCC2=O,0,11.434468,0.189873
decoy,C03227093,COc1ccccc1/C=N/n2cnnc2S[C@H]3c4cccc5c4c(ccc5)[C@@H]3NS(=O)(=O)c6ccc(cc6)Cl,0,11.452553,0.213592
decoy,C06196840,CCOc1ccc2c(c1)cc(c(=O)[nH]2)[C@@H](c3nnnn3C[C@H]4CCCO4)[NH+]5CCC(=CC5)c6ccc(cc6)F,0,11.324587,0.196262
decoy,C04036139,COc1cc(cc(c1OC)OC)[C@H]2CC3=C([C@H](Nc4ccccc4N3)c5cccc(c5)F)C(=O)C2,0,11.976115,0.190000
decoy,C09777225,CCCCN1[C@H]([C@@]23C=C[C@@H](O2)[C@@H]([C@@H]3C1=O)C(=O)Nc4ccc(cc4)OC)C(=O)N[C@@H]5CCC[C@@H]([C@@H]5C)C,0,14.211668,0.244186
decoy,C43527841,CCC(CC)c1cc(nc(n1)c2ccncc2)[C@H]3C[NH+]4CC[C@@H]3C[C@@H]4CNC(=O)C(C)(C)C,0,11.295920,0.173077
decoy,C22137874,Cc1c(c([nH]c1C(=O)CSc2nc3ccccc3c(=O)n2CC[NH+](C(C)C)C(C)C)C)C(=O)OC,0,10.761062,0.187500
decoy,C39654560,CCc1ccc(cc1)CCNC(=O)[C@@H]2CN(CC23CC[NH2+]CC3)C(=O)COc4cccc5c4oc(=O)cc5C,0,11.146700,0.190476
decoy,C55769689,Cc1cc(ccc1NC(=O)c2c(noc2C)C)OC(C)C,0,10.790273,0.218750
decoy,C12333467,CCC(CC)C(=O)N(Cc1ccc(cc1)OC)Cc2cc3ccc(cc3[nH+]c2N4CCC(CC4)O)F,0,11.146215,0.217391
decoy,C12979208,c1ccc(cc1)c2nc(co2)Cn3c(=O)c4ccccc4cn3,0,12.192870,0.253333
decoy,C08735996,CCC(CC)C(=O)Nc1c(nc2cccc(n2c1=O)C)C,0,10.613269,0.197674
decoy,C54771195,C[C@@H](c1ccc2c(c1)[nH]c(=O)[nH]2)NCc3cncs3,0,11.989214,0.164706
decoy,C09561020,CCOc1ccccc1NC(=O)[C@@H]2c3ccccc3C(=O)N([C@H]2c4cn(c5c4cccc5)C)CCOC,0,11.416769,0.215517
decoy,C31897609,CC[NH+](CC)Cc1nc2c(c(c(s2)C)C)c(=O)n1Cc3ccc(cc3)F,0,11.676620,0.204545
decoy,C43263113,CC[C@H]([C@@H](c1ccc(s1)Br)N2CCc3c(ccs3)[C@@H]2C)[NH3+],0,11.137381,0.132530
decoy,C49201328,c1ccc(cc1)[C@@H]2CC(=NN2c3ccccc3)/C(=C(/C#N)\C(=O)c4ccco4)/[O-],0,10.883271,0.210526
decoy,C63127535,CC(C)[C@H]1C(=CNN1c2cccc(c2)Cl)C(=O)NNC(=O)C3=c4ccccc4=[NH+]C3,0,10.948277,0.229885
decoy,C63117885,C[C@H](C(=O)N1CC(=O)Nc2c1cccc2)OC(=O)[C@H](CC3=c4ccccc4=[NH+]C3)NC(=O)C,0,11.014586,0.154639
decoy,C03285874,Cc1c2cc(sc2n(n1)c3ccc(cc3)Cl)C(=O)Nc4nc(cs4)c5cc(ccc5OC)OC,0,11.616538,0.219048
decoy,C02340399,Cc1ccc2c(c1)C([C@@]3(N2CC(=O)N3)/C=C/c4ccc(cc4)Cl)(C)C,0,10.632523,0.170000
decoy,C60183666,CCOc1cccc(c1)[C@H](C)NC(=O)CN2C(=O)[C@]3(C[C@@H](CC(C3)(C)C)C)NC2=O,0,11.508101,0.191489
decoy,C27145594,CCCn1c(=O)c2ccccc2c(n1)C(=O)NC[C@@H](c3ccc(cc3)CC)[NH+](C)C,0,11.301655,0.200000
decoy,C37034019,c1c2c(cc(c1NC(=O)[C@@H]3CCC[NH2+]3)Br)[nH]c(=O)[nH]2,0,10.844543,0.179104
decoy,C01791041,C[C@H](C(=O)Nc1ccccc1)Sc2nnc3n2c4c(c5c(s4)CO[C@H](C5)C(C)C)c(=O)n3Cc6ccccc6,0,12.253304,0.188525
decoy,C08916583,CCCOc1ccc(cc1OCC)[C@H]2c3ccc(cc3OC(=C2C#N)N)O,0,11.212939,0.219512
decoy,C14920820,CN(C)c1ccc(cc1/C=N/NC(=O)CNc2ccccc2I)[N+](=O)[O-],0,13.002631,0.195402
decoy,C51148740,CC(C)(C)c1ccc(cc1)OCc2c(snn2)NN,0,10.393055,0.194805
decoy,C12379233,C/C(=N/O)/[C@H]1CC[C@@H]2[C@]1(CC[C@@H]3[C@@H]2CC=C4[C@@]3(CC[C@@H](C4)OC(=O)C)C)C,0,10.810956,0.126437
decoy,C36253861,Cc1ccc(cc1)Cn\2ccs/c2=N\C(=O)CN3C(=O)[C@]4(CCc5c4cccc5)NC3=O,0,11.654771,0.168675
decoy,C03226506,Cc1ccc(c(c1)C)C(=O)NNC2=CC[C@H](CC2)C(C)(C)C,0,11.812224,0.179487
decoy,C12367939,c1ccc(cc1)c2ccc(cc2)C(=O)/C(=C\c3cccc(c3)[N+](=O)[O-])/C(=O)c4ccc(cc4)N,0,11.380268,0.270270
decoy,C60371419,Cc1c(cccc1[N+](=O)[O-])NC(=O)CC[NH+](CCc2ccccn2)Cc3ccc(cc3)F,0,11.323027,0.206522
decoy,C12042928,CC[C@@H](C)C[NH+]1CCC(CC1)[C@]2(C(=O)N(C(=O)N2)CCc3ccc(cc3)OC)CC,0,10.589803,0.223684
decoy,C08867245,c1cc(cc(c1)F)C(=O)NC(C(F)(F)F)(C(F)(F)F)[NH2+]CCC23CC4CC(C2)CC(C4)C3,0,11.387091,0.194805
decoy,C24543578,Cc1ccc(cc1)S(=O)(=O)N/[NH+]=c\2/c(cc3ccccc3o2)C(=O)N,0,11.969110,0.189873
decoy,C39280318,c1ccc(cc1)C2=NN=C[C@H]2/C=N/NC(=O)CS[C@H]3N[NH2+]NN3c4ccc(cc4)Cl,0,11.730749,0.177083
decoy,C58161895,Cn1c(nn(c1=S)C[NH2+]C2(CCCCC2)c3ccc(cc3)Cl)C[C@@H]4CCS(=O)(=O)C4,0,11.751595,0.157407
decoy,C63732007,c1ccc2=[NH+]CC(=c2c1)C[C@H](C(=O)NC3CCCCCC3)NS(=O)(=O)c4ccc5c(c4)CCC(=O)N5,0,10.947443,0.196429
decoy,C12428478,c1cc(c(cc1Cl)/C=[NH+]/NC(=O)c2c(n(nn2)c3c(non3)N)C[NH+]4CCCCCC4)[O-],0,12.211844,0.177570
decoy,C36206834,Cc1c2c(=O)[nH]c(nc2sc1C(=O)OC(C)C)C[NH+](Cc3ccccc3)C[C@@H](COC(C)(C)C)O,0,11.645553,0.170455
decoy,C05556228,C=CCN1[C@@H](c2c(=O)c3ccccc3oc2C1=O)c4ccc(cc4)Cl,0,11.691844,0.172414
decoy,C38990431,c1ccc(cc1)C2=C[C@@H](N=N2)[C@H]3NN[C@@H](N3N)SCC(=O)NC4CCCCC4,0,11.331194,0.203883
decoy,C36032531,CC(C)C[C@H]1C(=O)N(C2([NH2+]1)CCN(CC2)C(=O)c3ccccc3)Cc4cccc(c4)C(F)(F)F,0,10.775574,0.238095
decoy,C59057776,C[C@H]1C[C@@H](C[NH+](C1)Cc2ccc(cc2)CNC(=O)CN(C)S(=O)(=O)c3ccc(cc3)C#N)C,0,11.310363,0.175000
decoy,C64870184,COc1ccc(cc1)n2c(=O)c3ccc(cc3[nH]c2=O)[C@H]4N[C@H](NO4)c5cccc(c5)C(F)(F)F,0,11.175431,0.179775
decoy,C57992246,C[C@H]1CCCC[NH+]1CCNC(=O)[C@@H]2C[C@@H]3CCCN3[C@@]24c5ccccc5NC4=O,0,10.941122,0.174312
decoy,C05865498,c1ccc2c(c1)OC[C@@H](O2)C(=O)N/N=C/3\CCCC[C@@H]3C4CCCCC4,0,11.479310,0.154930
decoy,C20546378,CC[C@H](c1cc(ccc1O)Br)[NH2+]Cc2ccc(cc2)Cl,0,11.544230,0.203125
decoy,C02739841,CC[C@H]1CCc2c(sc(c2C(=O)N)NC(=O)[C@H](CC)c3ccccc3)C1,0,11.194377,0.188235
decoy,C01897914,CCOc1ccc(cc1)n2c(nnc2SCC(=O)NNC(=C)c3cccc(c3)[N+](=O)[O-])c4ccc(cc4)Cl,0,11.627040,0.210000
decoy,C19285968,CC[C@@]1(C(=O)N(C(=O)N1)NC(=O)CSc2nc3cc(sc3c(=O)n2CC=C)c4ccccc4)C,0,11.630733,0.264368
decoy,C66801206,Cc1ccc(cc1)O[C@@H](C)C(=O)Nc2ccccc2S[C@H](C)CC#N,0,12.132621,0.186667
decoy,C06409198,Cc1ccc2c(c1)cc(c(=O)[nH]2)[C@H](c3nnnn3C[C@@H]4CCCO4)[NH+](Cc5ccccc5)Cc6cccs6,0,11.626818,0.162791
decoy,C63385623,C[C@@H]1c2ccc(c(c2OC(=O)[C@@H]1CC(=O)NCCC3=c4cc(ccc4=[NH+]C3)OC)OC(=O)C)OC(=O)C,0,10.986533,0.176471
decoy,C21721968,Cc1cc(ccc1NC(=O)CN2c3ccccc3NC4=C([C@@H]2c5ccco5)C(=O)CCC4)Cl,0,12.749643,0.193277
decoy,C31173732,CCN(CC(=O)Nc1c(cccc1F)F)C(=O)CSCc2[nH]c(=O)c3c4c(sc3n2)CCC4,0,11.742305,0.189189
decoy,C57432639,CCCCNC(=O)NC1(CCCCC1)C(=O)N[C@H]2CCCCNC2=O,0,11.677188,0.183673
decoy,C36442627,Cc1c(c(n(n1)c2ccccc2)C)NC(=O)CN3CCc4c(ccs4)[C@@H]3c5cccs5,0,11.171175,0.188889
decoy,C54624400,CCCCOc1cccc(c1)[C@@H]2C(=C(Nc3n2nc(n3)SCc4ccccc4Cl)C)C(=O)OCC,0,10.965178,0.234694
decoy,C19627968,C=CCN(c1nc(cs1)c2ccccc2)C(=O)Cn3c(=O)c4ccccc4c(n3)C(=O)N,0,11.715710,0.203704
decoy,C45540963,c1cc(ccc1c2nc([nH]n2)SCc3nc(nc(n3)Nc4ccc(cc4)F)N)Cl,0,12.202282,0.250000
decoy,C12645013,C[C@@H](C(=O)Nc1ccc(cc1)C#N)Sc2nnc(n2c3ccc(cc3)Cl)c4c[nH]c5c4cccc5,0,12.016541,0.190476
decoy,C53110870,Cc1c(nc2ccccc2n1)N[C@]3(CCC[C@H](C3)C)CO,0,11.063650,0.191176
decoy,C44254587,Cc1csc(c1c2ccc(o2)[C@@H](CC(=O)N)[NH3+])C(=O)OC,0,11.126915,0.191176
decoy,C39669774,CC(C)(CNC(=O)[C@@H]1CN(CC12CC[NH2+]CC2)C(=O)c3ccc(o3)c4ccccc4F)N5CCOCC5,0,10.903148,0.191304
decoy,C36024453,CC[C@@H](C)[C@@H]1C(=O)N(C2([NH2+]1)CCN(CC2)S(=O)(=O)c3cccc(c3)C(F)(F)F)Cc4ccc(cc4)F,0,11.741858,0.202247
decoy,C35747350,COCC[NH+](Cc1[nH]c(=O)c2c(csc2n1)c3ccc(cc3)Cl)C[C@@H](COc4ccccc4)O,0,11.717753,0.193878
decoy,C38604042,Cc1ccc(cc1)C2=NN=C[C@@H]2/C=N/N3[C@H](Nc4ccccc4C3=O)C,0,11.211016,0.149425
decoy,C08020942,CC1([C@@H](N2[C@@H](S1)[C@@H](C2=O)Nc3cc(nc(n3)SC)c4ccccc4)C(=O)[O-])C,0,11.689228,0.173469
decoy,C13255496,Cc1cc(cc(c1O[C@@H](C)C(=O)NNC(=O)C[C@@](C)(c2ccccc2)C(=O)[O-])C)Cl,0,10.736687,0.204082
decoy,C04276755,c1cc(ccc1[N+](=O)[O-])Oc2c(cc(cc2Cl)S(=O)(=O)NC(=[NH2+])CCl)Cl,0,11.591736,0.188406
decoy,C14548460,c1cc(sc1)[C@@H]2[C@H]3CC=C[C@@H]3c4cc(ccc4N2)C(=O)N,0,11.995123,0.147727
decoy,C20591101,CCCC(=O)N1CCN(CC1)c2c(c3c(c(n2)C)CCCC3)C#N,0,10.396967,0.183099
decoy,C14990129,CCC[C@@]1(C(=O)N(C(=O)N1)CCc2ccccn2)C3CC[NH+](CC3)Cc4ccc5c(c4)CCO5,0,10.534479,0.201835
decoy,C00709395,CC1(CC2(CC([NH2+]1)(C)C)[C@](N(C(=O)O2)CCNC(=O)CCc3cc(c(c(c3)C(C)(C)C)O)C(C)(C)C)(C)O)C,0,11.164101,0.156522
decoy,C11591727,C[C@@H](c1ccc2ccccc2c1)NC(=O)CSc3nnc(n3N)c4cccs4,0,10.936643,0.188235
decoy,C13506497,c1ccc(c(c1)[C@@H](C(=O)NC2CCCCC2)N(c3cccnc3)C(=O)CNC(=O)c4cccs4)F,0,11.788710,0.198198
decoy,C22239437,C[C@H](C(=O)c1ccc2c(c1)CCC2)Sc3nnc(n3C4CC4)N5CCOCC5,0,10.546148,0.195876
decoy,C06194782,Cc1cc2cc(c(=O)[nH]c2cc1C)[C@@H](c3nnnn3C4CCCC4)[NH+]5CCN(CC5)c6ccc(cc6)OC,0,11.285413,0.206522
decoy,C13063718,CCc1ccc2c(c1)cc(c(=O)[nH]2)C[NH+](Cc3ccc(cc3)C)[C@H](CC)c4nnnn4C5CCCC5,0,11.416945,0.177966
decoy,C02625793,CC[NH+](c1ccc(cc1)NC(=O)CN2C(=O)[C@]3(CCOc4c3cccc4)NC2=O)C(C)C,0,10.932318,0.192982
decoy,C64407879,CC(C)C1=NC(=NC(=O)C1)n2c(cc(n2)c3cccs3)NC(=O)Cc4ccc(cc4)Cl,0,11.549389,0.190000
decoy,C24089792,CC(C)(c1ccccc1)c2ccc(cc2)OC[C@H](CN3C(=O)C4(CCCCCC4)NC3=O)O,0,10.934175,0.207317
decoy,C03945127,c1cc(ccc1C=NNc2nc(cnn2)[O-])C(F)(F)F,0,11.957878,0.164179
decoy,C35326985,CCCCOC(=O)[C@@H](Cc1c[nH]c2c1cccc2)NC(=O)c3coc(n3)[C@H]4CCC[NH2+]C4,0,11.803850,0.195122
decoy,C44714429,Cc1c(c2cc(ccc2[nH]1)C#N)CCNC(=O)[C@@H]3CN(CC34CC[NH2+]CC4)C(=O)c5ccccc5OC,0,10.992647,0.193878
decoy,C39766970,CC[C@@H](C(=O)Nc1nnc(s1)C)Sc2nnc(n2c3ccccc3)CC(=O)Nc4ccc(cc4C)C,0,10.697916,0.180180
decoy,C12492875,Cc1cc(c(cc1Br)C(C)C)OCC(=O)NNC(=O)c2ccc(c(c2)[N+](=O)[O-])Cl,0,11.436149,0.204545
decoy,C24106052,CCC[NH+](Cc1[nH]c(=O)c2c(csc2n1)c3ccco3)Cc4nnc(o4)c5cccs5,0,11.690599,0.177083
decoy,C28402837,CCc1ccc(cc1)[C@H](CNC(=O)c2cc(=O)c3cc(c(cc3o2)C)Cl)[NH+]4CCCCC4,0,10.680289,0.207207
decoy,C22345129,CC[C@H]1CCCC[NH+]1CCCNC(=O)CN(c2ccc(cc2)C)S(=O)(=O)c3ccc(cc3)SC,0,11.462822,0.151163
decoy,C35226226,Cc1ccc(cc1)n2c(nnc2SCc3ccccc3)[C@@H](C)NC(=O)NC4CCCCC4,0,11.787704,0.237624
decoy,C42438879,Cc1c(nnc(c1C#N)N(CC(=O)N)C2CCCC2)C,0,10.509823,0.194030
decoy,C62541546,c1c(c(c2c(c1Cl)nc(o2)C3CCCC3)Cl)N,0,11.694502,0.164179
decoy,C11817701,c1ccc2c(c1)CCN(C2)C(=O)C[C@@H]3C(=O)NCC[NH+]3Cc4cccc(c4F)F,0,11.955219,0.196078
decoy,C23460724,CCn1c(nnc1SCc2cc(oc-3c/c(=[NH+]\C(=O)C)/ccc23)O)Cc4ccccc4,0,11.615458,0.195876
decoy,C02074252,Cc1ccc(cc1)NCc2nnc(n2c3ccccc3)SCC(=O)Nc4c(c5c(s4)CCCC5)C#N,0,11.869808,0.195122
decoy,C21079605,C/C(=N\Nc1[nH]nc(n1)SCC(=O)NC(c2ccccc2)c3ccccc3)/c4ccc5c(c4)OCO5,0,11.197124,0.177083
decoy,C39765855,CC[C@H](C(=O)Nc1nccs1)Sc2nnc(n2C)[C@@H](C)NC(=O)c3ccc(c(c3)Cl)Cl,0,11.199897,0.198113
decoy,C06149411,CCC(C)(C)n1c(nnn1)[C@H](c2cc3cc(cc(c3[nH]c2=O)C)C)[NH+]4CCC(=CC4)c5ccc(cc5)F,0,11.133187,0.170000
decoy,C14548383,COc1ccc(cc1)NS(=O)(=O)c2ccc3c(c2)[C@H]4C=CC[C@H]4[C@@H](N3)c5cccs5,0,11.730540,0.197917
decoy,C63439091,c1cc(oc1)c2nc(cs2)/C=C/3\C(=O)OC(=N3)c4ccsc4,0,11.732277,0.187500
decoy,C08937650,c1c(cn2c(c1Cl)nnc2SCC(=O)N3CC(=O)NC(=O)C34CCCCC4)C(F)(F)F,0,11.313296,0.161905
decoy,C44792119,C[C@@H]1CCCC[C@@H]1N(C)C(=O)C2(CCCC2)/C(=N/O)/N,0,10.460505,0.108696
decoy,C59022142,Cc1cc(ccc1NC(=O)CSc2nc([nH]n2)N/N=C(/C)\c3ccc4ccccc4c3)Cl,0,11.015425,0.204819
decoy,C09353461,CCN(CC)S(=O)(=O)c1ccc(c(c1)NC(=O)CN2C(=O)C3(CCCC3)NC2=O)N4CCCC4,0,10.545403,0.185567
decoy,C64977050,c1ccc2cc(ccc2c1)S(=O)(=O)NCc3ccc4c(c3)CCN4C(=O)c5ccc(cc5)F,0,10.469709,0.204819
decoy,C40744525,CCOc1cc(cc(c1OCc2ccccc2C)Br)C[NH2+]CCNC(=O)c3c(non3)N,0,11.673367,0.234043
decoy,C20905625,COC(=O)c1ccc(cc1)/C=N/Nc2[nH]nc(n2)SCC(=O)Nc3ccccc3Br,0,11.919917,0.197531
decoy,C03547745,C[C@H](c1ccc(cc1Cl)Cl)NC(=O)[C@H](C)OC(=O)c2ccc3c(c2)OCO3,0,11.615968,0.180000
decoy,C05106536,CCn1c(=O)c2c(c3ccccc3[nH]2)nc1SCC(=O)Nc4nc(cs4)C,0,11.595478,0.175824
decoy,C63229077,CC(=O)N[C@@H](CC1=c2ccccc2=[NH+]C1)C(=O)Nc3cccc(c3)S(=O)(=O)/N=C\4/CCCN4,0,12.002282,0.177570
decoy,C21256105,COc1ccc(cc1OC)[C@@H]2CC(=O)NC3=C2C(=O)C[C@@H](C3)c4ccc(c(c4)Cl)Cl,0,11.398456,0.202128
decoy,C09843463,CCCn1c2cccnc2c(=O)n(c1=O)Cc3ccc(cc3)C,0,11.775767,0.202703
decoy,C60030526,c1ccc(cc1)CCc2ccccc2C(=O)NC[C@H]3CCN(C3)c4ccc(cc4)F,0,10.521002,0.217949
decoy,C15203270,c1ccc2c(c1)c(c[nH]2)[C@H]3C[C@](N(N3)C(=O)N)(C(F)(F)F)O,0,11.889058,0.159574
decoy,C09487658,Cc1cccc2c1NC(=O)[C@@]23[C@]4(c5ccccc5NC4=O)[C@@H]([C@H]6[NH+]3CCC6)C(=O)c7ccccc7Cl,0,10.898617,0.163636
decoy,C44881666,Cc1c(c(c([nH]1)c2ccc(cc2)Br)O)C(=O)OC(C)(C)C,0,11.076120,0.180328
decoy,C39741320,c1ccc2=[NH+]CC(=c2c1)C3=NN[C@@H](O3)SCC(=O)NC45CC6CC(C4)CC(C6)C5,0,11.389492,0.156522
decoy,C43218820,CC(C)(C)N1C(=O)[C@H]2[C@H]([NH2+][C@@]([C@@H]2C1=O)(c3ccccc3)C(=O)[O-])c4cccc(c4)OC(F)(F)F,0,11.799588,0.175000
decoy,C64028803,C[C@H]1C(=c2ccccc2=[NH+]1)CC(=O)Nc3ccc(cc3)[C@@H]4C=N[C@@H](O4)C,0,10.784740,0.195402
decoy,C33034404,Cc1ccccc1S(=O)(=O)Nc2cc(ccc2N3CC[NH2+]CC3)C(=O)NCc4ccccc4F,0,11.153741,0.198113
decoy,C11979848,Cc1cc(n(n1)C)NC(=O)CSc2nnc(n2C3CCCCC3)Cc4cccs4,0,11.344268,0.205607
decoy,C04525602,C[C@H]1CCc2c(sc3c2C(=O)N[C@@H](N3)c4ccc(cc4OC)OC)C1,0,11.614845,0.202532
decoy,C37892081,CCNC(=O)C[NH2+][C@@H]1CCCCC[C@H]1O,0,11.798374,0.137931
decoy,C21263926,CC1(CC(CC([NH2+]1)(C)C)NC(=S)N(Cc2ccncc2)C3CC([NH2+]C(C3)(C)C)(C)C)C,0,11.401017,0.230769
decoy,C13023325,Cc1cc(c2cc(c(=O)[nH]c2c1)[C@H](c3nnnn3Cc4ccco4)[NH+]5CCN(CC5)c6ccccc6OC)C,0,11.193932,0.176991
decoy,C20283820,CCOC(=O)C1=C(NC(=O)N[C@H]1c2cccc(c2OC)OC)CN3CCN(CC3)c4ccc(cc4)[N+](=O)[O-],0,11.131977,0.202020
decoy,C64600229,C[C@H]1c2cc(c(cc2OC(=O)[C@H]1CC(=O)N[C@@H](C)CC3=c4ccccc4=[NH+]C3)O)Cl,0,10.969378,0.180180
decoy,C05298022,c1ccc(cc1)c2c(n3c(n2)SC=C(N3)c4ccc(cc4)Oc5ccccc5)Br,0,11.443347,0.200000
decoy,C39466782,CC1=C([C@H](N(N1)C)Cl)C[NH+]2CCc3c4ccccc4[nH]c3[C@@H]2c5ccc(cc5)F,0,11.094882,0.154639
decoy,C19075009,C[C@@H]1CCCCN1C(=O)NCCCCCCNC(=O)N2CCCC[C@H]2C,0,11.671515,0.196429
decoy,C17048410,Cc1ccc(c(c1)C)NC(=O)[C@@H](C)OC(=O)CN2C(=O)C3(CCC(CC3)C(C)(C)C)NC2=O,0,10.813527,0.170000
decoy,C37316724,C[C@H](C1CCCCC1)Nc2ccc(cc2)S(=O)(=O)NC,0,11.498185,0.163934
decoy,C35871003,C=CCNC(=O)[C@H]1Cc2cc(ccc2N3[C@@H]1C[NH+](CC3)Cc4ccc(cc4)F)[N+](=O)[O-],0,11.118213,0.196078
decoy,C65519628,CCOc1cc2c(cc1NC(=O)NC[C@H]3CC[NH+](C3)C(C)C)O[C@H](C2)C,0,10.627781,0.216216
decoy,C63485916,C[C@@H]1c2ccc(cc2OC(=O)[C@H]1CC(=O)NCCC3=c4cc(ccc4=[NH+]C3)Cl)OCC(=C)C,0,11.004049,0.188119
decoy,C05351864,CC(C)C[C@@H]1[C@@H]2[C@@H](C(=O)N(C2=O)C(C)(C)C)[C@]3([NH2+]1)c4cccc(c4NC3=O)Cl,0,12.098120,0.162791
decoy,C19805014,c1ccc2c(c1)C=CN3[C@@H]2C([C@H]([C@@H]3C(=O)N)c4cccc(c4)I)(C#N)C#N,0,10.425070,0.166667
decoy,C14621684,c1ccc(cc1)OCc2ccc(o2)C(=O)NCCN3C(=O)/C(=C/c4ccccc4F)/SC3=O,0,10.950439,0.213483
decoy,C31057666,CC[C@H](Cc1ccccc1)CNC(=O)[C@H]2CCC[NH+](C2)Cc3nc(no3)c4cccs4,0,11.201798,0.208333
decoy,C03359362,Cc1cc(cc(c1)n2c(nnc2SCC[NH2+]CCO)c3ccc(cc3)Br)C,0,11.784128,0.181818
decoy,C17329589,CSCC[C@H](C(=O)NNC(=O)c1cccc(c1)[N+](=O)[O-])NC(=O)c2ccccc2Br,0,11.730864,0.191011
decoy,C01432437,c1c2c(cc(c1N3CCCCCC3)F)nc(c(n2)N)C#N,0,11.117459,0.197368
decoy,C09713033,CCC(CC)c1nnc(s1)NC(=O)c2cccc(c2)N3C(=O)c4ccccc4C3=O,0,11.299750,0.210526
decoy,C39696245,CCc1ccc(cc1)[C@H](C)NC(=O)[C@H]2CN(CC23CC[NH2+]CC3)C(=O)COc4cccc5c4oc(=O)cc5C,0,11.031897,0.174312
decoy,C19940906,Cc1ccc(c2c1cc(c(=O)[nH]2)[C@H](c3nnnn3C[C@@H]4CCCO4)N5CCN(CC5)c6ccccc6OC)C,0,11.074898,0.190909
decoy,C56953484,C[C@@H]1c2ccsc2CCN1C(=O)NCc3ccccc3N4CCCC4,0,11.657345,0.193878
decoy,C14532123,CC[C@H](C)C[NH+]1CCC2(CC1)C(=O)N(C(=O)N2CC)CCCc3cccnc3,0,11.776381,0.210000
decoy,C12635731,CC[NH+]1CCC[C@H]1CN(Cc2cc3ccc(c(c3[nH]c2=O)C)C)C(=S)NCCc4ccc(c(c4)OC)OC,0,11.189243,0.189655
decoy,C00887279,Cc1ccc(cc1)c2nnn(n2)CC(=O)N(CCc3ccccc3)[C@@H](c4ccc(o4)C)C(=O)NC5CCCC5,0,10.582230,0.208333
decoy,C63137126,COc1ccc(cc1)CCN2CC(=O)N3[C@H](C2=O)CC4=c5ccccc5=[NH+][C@H]4[C@@H]3c6cccc(c6OC)OC,0,10.618425,0.171429
decoy,C62856352,Cc1c(cccc1S(=O)(=O)N)NC(=O)[C@@]2(CCC[NH2+]C2)C,0,10.650171,0.200000
decoy,C13132575,c1ccc(cc1)n2cc(c(n2)c3cccs3)[C@@H]4[C@@H]([C@](NC(=O)N4)(C(F)(F)F)O)C(=O)c5cccnc5,0,11.217065,0.177778
decoy,C36490435,CC(C)(C)NC(=O)[C@@H](c1ccc(cc1)C(F)(F)F)N(C2CCCCC2)C(=O)CNC(=O)c3ccccc3,0,10.500976,0.209877
decoy,C33033599,CCN(CC)C(=O)c1ccc(c(c1)NS(=O)(=O)c2cc(c(cc2C)C)C)N3CC[NH2+]CC3,0,11.438595,0.174419
decoy,C01898165,Cc1c2cc3c(cc2oc(=O)c1CCC(=O)N4CC[C@@]5(CCCC[C@@H]5C4)O)occ3c6ccc(cc6)c7ccccc7,0,10.858636,0.186813
decoy,C08164265,CCn1c2ccc(cc2nc1C[NH2+][C@H](C)c3ccccc3OC)S(=O)(=O)N(C)C,0,11.038183,0.214286
decoy,C22567248,CC(C)c1ccc(cc1)[C@H]2CC3=C([C@H](n4c5ccccc5[nH+]c4N3)/C=C/c6ccccc6)C(=O)C2,0,11.147881,0.161616
decoy,C09250795,CCCCc1c(nn(c1C)c2nc(c(s2)C(=O)Nc3ccccc3C)C)C,0,11.435246,0.222222
decoy,C29509191,c1ccc2c(c1)C[C@H](N(C2)C(=O)c3ccco3)C(=O)Nc4ccc(cc4)Cl,0,10.896544,0.222222
decoy,C01790623,Cc1ccccc1NC(=O)CSc2nnc3n2c(nc4c3c5c(s4)COC(C5)(C)C)SCc6ccccc6,0,11.287349,0.194690
decoy,C06016911,Cc1cc(cc(c1c2c(c([nH]n2)C)Oc3ccccc3)O)OCc4cnn(c4)c5ccccc5,0,10.774043,0.206897
decoy,C45074574,CC(=CC[C@](C)(COC(=O)[C@@]12CC[C@@H](C1(C)C)CC2=O)c3ccccc3)C,0,11.179960,0.204819
decoy,C44784901,CC(C)CN(C)C(=O)C1(CCCCCC1)/C(=N/O)/N,0,10.812943,0.120879
decoy,C64871211,CCOc1ccc(cc1)[C@H]2N[C@@H](ON2)c3ccc4c(c3)[nH]c(=O)n(c4=O)Cc5ccc(cc5)Cl,0,11.486185,0.188889
decoy,C03047716,CC[NH+](CC)C[C@H](C)CNC(=O)c1c(c2cc(ccc2o1)S(=O)(=O)N3C[C@@H](C[C@@H](C3)C)C)C,0,11.236052,0.161017
decoy,C20667034,CCN(c1ccccc1)S(=O)(=O)c2ccc(c(c2)[N+](=O)[O-])Sc3nnc(o3)c4ccccc4,0,10.862448,0.209302
decoy,C58057531,CCc1ccc(cc1N)c2cc(=O)[nH]c(n2)c3ccccn3,0,11.642915,0.200000
decoy,C54456885,C[C@H]1[C@@H](Oc2ccccc2O1)C(=O)NCC3(CCCCC3)[NH+](C)C,0,10.917348,0.188406
decoy,C64890537,Cc1ccc(cc1)S(=O)(=O)N[C@H]([C@@H]2[NH+]=C(NO2)c3ccc4c(c3)[nH]c(=O)c(=O)n4C)C(C)C,0,10.627823,0.141304
decoy,C19809867,CCCCOC(=O)c1ccc(cc1)N2C(=O)C[C@@H](C2=O)[NH2+]CCc3ccc(cc3)S(=O)(=O)N,0,10.763212,0.200000
decoy,C14475892,CN1CCN(CC1)S(=O)(=O)c2ccc3c(c2)[C@@H]4C=CC[C@@H]4[C@@H](N3)c5cc(ccc5O)[N+](=O)[O-],0,12.090209,0.154545
decoy,C05066285,COc1ccc(cc1)N2CN=c3n(c(=O)/c(=C/c4cccs4)/s3)C2,0,10.764925,0.178082
decoy,C12477282,Cc1ccc(o1)c2nnn(n2)CC(=O)N(c3cccc(c3)O)[C@@H](c4ccc(cc4)Cl)C(=O)NC(C)(C)C,0,10.853122,0.214286
decoy,C14744032,Cn1c2c(c(n1)C(=O)N3CCCCC3)C[C@@H](CC2)[NH2+]CC(c4ccccc4)c5ccccc5,0,11.880683,0.208791
decoy,C30904037,c1ccc(cc1)CN2C(=O)C[C@@H](C2=O)[NH+]3CCc4c5cc(ccc5[nH]c4C3)Cl,0,10.952821,0.193548
decoy,C08918079,Cc1cc2c(c(c(c(=O)o2)C)C)c(c1)O[C@@H](C)C(=O)NCCCCCC(=O)N3CC[C@]4(CCCC[C@H]4C3)O,0,10.691357,0.164062
decoy,C40322161,CCOc1ccc(cc1)[C@@H](CNC(=O)c2ccc(o2)S(=O)(=O)c3ccc(cc3)Cl)[NH+]4CCCC4,0,10.624517,0.188889
decoy,C06149062,CCC(C)(C)n1c(nnn1)[C@@H](c2cc3cc(c(cc3[nH]c2=O)C)C)[NH+](CCc4ccccc4)Cc5ccccc5,0,11.541586,0.184466
decoy,C20576435,CC1CCN(CC1)c2nnc(s2)n3cccc3CNCCC[NH+](C)C4CCCCC4,0,11.528893,0.169811
decoy,C12532756,C[C@H](C(=O)Nc1cc(ccc1Cl)S(=O)(=O)N2CCCCC2)OC(=O)/C=C/c3ccc4c(c3)OCO4,0,10.650664,0.198198
decoy,C12485994,c1ccc(cc1)[C@@H](C(=O)NC[C@H]2CCCO2)N(c3cccc4c3cccc4)C(=O)CNC(=O)c5ccco5,0,11.993774,0.228916
decoy,C38672989,C[NH+]1CCN(CC1)[C@H](CNC(=O)c2cc(ccc2Br)OC)c3ccc4c(c3)CCCN4C,0,11.025946,0.219512
decoy,C16763444,C[C@H](C(=O)NC1CCCCCC1)Sc2nnc3n2c4ccccc4s3,0,11.934671,0.231579
decoy,C08791762,C[C@]12CCC(=O)C=C1CC[C@H]3[C@@H]2CC[C@]4([C@@H]3CC[C@@]4(C(=O)COC(=O)CCC(=O)NCC5CCCCC5)O)C,0,10.862783,0.153061
decoy,C63735679,C[C@H]1C[C@H]1C(=O)Nc2ccc(cc2C(=O)N3CCC4(CC3)OCCO4)F,0,10.209486,0.216495
decoy,C12756567,CCN(c1ccccc1)S(=O)(=O)c2ccc(cc2)S(=O)(=O)N3CCCCC3,0,11.335392,0.178082
decoy,C36013993,CCN1C(=C([C@@H](NC1=O)c2ccc(cc2)Cl)C(=O)OCC)CN3CCN([C@@H](C3)C)C(=O)NC(C)(C)C,0,10.734225,0.227723
decoy,C63374819,CCOc1c(cccc1OC)[C@H]2CN3C(=O)CN(C(=O)[C@@]3([C@@H]4C2=c5ccccc5=[NH+]4)C)Cc6ccc(cc6)C,0,10.829074,0.191919
decoy,C20154437,c1cc(c(cc1c2nc3cc(ccc3o2)Cl)Cl)C(=O)N,0,11.737044,0.219178
decoy,C64061256,c1ccc2cc(ccc2c1)C[NH+]3CCNC(=O)[C@H]3CC(=O)NCCC4=c5ccccc5=[NH+]C4,0,12.021681,0.188889
decoy,C11121065,CC(C)(C)NC(=O)C[NH+]1CCN(CC1)C(=O)CSc2nc3ccccc3c(=O)n2Cc4ccco4,0,11.673847,0.188679
decoy,C05057491,CC[NH+](CC)CCSc1nnc(s1)NC(=O)[C@H]2CC(=O)N(C2)c3ccccc3,0,10.839450,0.186275
decoy,C39554905,c1cc2c(cc1C(=O)Nc3nc(cs3)c4cc([nH]c4)C(=O)N)NC(=O)CS2,0,11.711724,0.169811
decoy,C64117927,c1ccc2=[NH+][C@H](C(=c2c1)Cl)C(=O)Nc3ccc(cc3)NC(=O)NC4CC4,0,10.627017,0.222222
decoy,C38684609,CCOc1ccccc1C(=O)Oc2ccc3c(c2)OC(=C([C@@H]3c4cccc(c4)OCC=C)C#N)N,0,11.014051,0.235294
decoy,C40323889,C[C@@]12CC[C@@H](C1(C)C)C[C@H]2NS(=O)(=O)c3c[nH]nc3N,0,10.586589,0.151163
decoy,C20895461,Cc1cc2c(cc(=O)oc2cc1C)CN3C(=O)[C@@]4(CCCCc5c4cccc5)NC3=O,0,11.215117,0.159420
decoy,C04164119,c1ccc(cc1)c2nnc3n2nc(cc3)SCC(=O)Nc4ccc(cc4F)F,0,11.536019,0.214286
decoy,C26728357,c1ccc2c(c1)cc(o2)C(=O)N3CC[NH+](CC3)CC(=O)Nc4c(c5c(s4)CCCC5)C(=O)N,0,10.303395,0.187500
decoy,C09408990,CCCOc1ccc(cc1)[C@H]2C3=C(N=N[C@H]3C(=O)N2Cc4ccco4)c5ccccc5O,0,10.865337,0.224719
decoy,C35971623,CC(C)[C@@H](C(=O)NC[C@H]1CCCO1)N2CC3=C(C2=O)[C@@H](NC(=O)N3CC=C)c4ccccc4C(F)(F)F,0,10.893950,0.157895
decoy,C13636986,c1cc(ccc1[C@@H]2[C@H]3CC=C[C@@H]3c4c(ccc(c4N2)F)[N+](=O)[O-])O,0,11.210330,0.154930
decoy,C14542567,CCN(CC)C(=O)CO[C@@H]1CN(CC(=O)N(C1)Cc2ccc(cc2)OC)C(=O)c3ccc(o3)OC,0,10.720361,0.215190
decoy,C40207996,c1ccc2c(c1)nc(n2CC(=O)N(C3CCCCC3)C4CCCCC4)CCCNC(=O)c5ccc(cc5)F,0,11.400162,0.212500
decoy,C08619120,CC[NH+]1CCc2c(sc(c2[C@H](C)NC(=O)Nc3ccc(cc3)Br)n4cccc4)C1,0,11.611359,0.212766
decoy,C55393790,CCc1cc(=O)oc2c1ccc3c2CN(CO3)Cc4ccco4,0,12.248086,0.168675
decoy,C46550028,CCCNC(=O)CN(C)c1c2c3c(sc2nc(n1)CN4CCOCC4)CCCC3,0,11.197359,0.198113
decoy,C35734371,Cc1ccc(c(c1S(=O)(=O)N[C@H](C)[C@H]2CCCO2)C)N,0,12.598352,0.147059
decoy,C38659794,COc1ccc(c(c1)[C@H]2c3ccc(cc3OC(=C2C#N)N)OC(=O)c4cc(c(c(c4)OC)OC)OC)OC,0,11.337493,0.202532
decoy,C56956944,CC(C)COc1cccc(c1)CNC(=O)NNC(=S)NC2CCCC2,0,11.765968,0.239583
decoy,C05299775,CN(C1CCCCC1)C(=O)Nc2c[nH]c3c2cccc3,0,11.337340,0.234375
decoy,C66390443,C[C@H](C(=O)NC(=O)N)[NH2+]CC1(CCOCC1)c2ccc(cc2)F,0,11.436913,0.186667
decoy,C07754879,Cc1ccc(cc1C)Nc2nnc(s2)S[C@H](C)C(=O)N[C@@](C)(C#N)C(C)C,0,10.817529,0.195402
decoy,C34830606,Cc1ccc(cc1)[C@H]2c3ccsc3CC[NH+]2CCC(=O)N4CCN([C@@H](C4)C)S(=O)(=O)c5ccccc5,0,11.090152,0.189474
decoy,C46728398,c1ccc2c(c1)OC[C@@H](O2)CNC(=O)N3CCC[C@H](C3)C(F)(F)F,0,11.252576,0.178218
decoy,C04481710,c1ccc(cc1)C(c2ccccc2)[NH+]3CC(C3)SCC(=O)NNC(=O)Nc4ccccc4,0,11.814168,0.235294
decoy,C01894479,C=C(c1cccc2c1cccc2)NNC(=O)CSc3nnc(n3c4ccc(cc4)Cl)c5ccc(cc5)Cl,0,11.851515,0.233766
decoy,C09494064,c1ccc(cc1)c2cc3c(=O)[nH]c(nc3s2)CSc4nnc(s4)NC[C@H]5CCCO5,0,11.696955,0.179775
decoy,C38663887,CC(C)(C)OC(=O)N[C@@H](Cc1c[nH]c2c1cccc2)[C@H]3N=N[C@H](O3)SCc4ccc(c(c4)Cl)Cl,0,11.811728,0.210526
decoy,C13204903,Cc1ccc(cc1)c2nnc(n2CC(=O)[O-])SCC(=O)Nc3ccc(cc3C)C,0,10.545053,0.197531
decoy,C02737666,CC[C@H]1CCc2c(sc(c2C(=O)N)NC(=O)COc3ccc(cc3)Cl)C1,0,11.269414,0.215909
decoy,C39488196,C[C@]1(CN(C(=O)N1CC2(CCN(CC2)F)C3CCCCC3)c4ccccc4O)c5ccccc5O,0,10.632915,0.161905
decoy,C09056296,C[C@@H](C(=O)c1c[nH]c2c1cccc2)Sc3nnc(n3CC=C)[C@@H]4COc5ccccc5O4,0,11.370400,0.168224
decoy,C61555586,C[C@H](c1ccccn1)[NH2+]Cc2cn(nc2c3ccc(cc3)[N+](=O)[O-])c4ccccc4,0,10.719841,0.223529
decoy,C27663600,Cc1ccc(cc1)[C@H](CNC(=O)c2c(c3cc(ccc3o2)Cl)C)[NH+]4CCCCCC4,0,10.845793,0.194444
decoy,C08623444,CC(=O)c1ccc(cc1)NC(=O)OC[C@H]2C[C@@H]3CC[NH+]2C[C@@H]3c4cc(nc(n4)c5ccncc5)C6CCCC6,0,11.609196,0.211864
decoy,C16631012,c1ccc(cc1)Cn2c(nnc2SCC(=O)c3c(n(c(=O)[nH]c3=O)C4CC4)N)c5ccc(cc5)F,0,12.011489,0.208791
decoy,C20182164,C[C@]12C[C@H](c3cccc(c3O1)OC)NC(=O)N2c4cccc(c4)C(=O)NCc5cccs5,0,11.201056,0.194690
decoy,C06134080,CC(C)CCNC(=O)[C@@H](CC(C)C)N(Cc1ccc2c(c1)OCO2)C(=O)c3c(c(ns3)C(=O)N)N,0,10.947649,0.156522
decoy,C35972994,CCc1c(c(n(n1)c2ccc(cc2)OC)Oc3ccc(cc3F)F)CN(C[C@@H]4CCCO4)C(=O)NCC,0,11.126061,0.215517
decoy,C12916915,CCc1ccc(cc1)[C@H](c2cccs2)N[C@H](C)C(=O)Nc3ccc4c(c3)[nH]c(=O)[nH]4,0,12.934239,0.211111
decoy,C15670100,CCOc1ccc(cc1OC)[C@@H]2CC(=O)Nc3c2c(nn3c4nc(cnn4)c5ccc(cc5)C)C,0,11.711267,0.191489
decoy,C36594064,Cc1ccc(cc1)S(=O)(=O)CNC(=O)[C@H](c2ccc(cc2)OC)N(C(=O)Cc3ccccc3)C(C)(C)C,0,10.952534,0.223684
decoy,C35344387,Cc1ccc(cc1)c2nnc(s2)NC(=O)[C@@H](C(C)C)NS(=O)(=O)C[C@@]34CC[C@@H](C3(C)C)CC4=O,0,10.230031,0.160714
decoy,C16022099,CC[C@H](C)N1C(=O)[C@H]2[C@H]([NH2+][C@]3([C@H]2C1=O)c4cc(ccc4NC3=O)Cl)CC(C)C,0,13.059940,0.146341
decoy,C63295612,c1ccc2=[NH+][C@H]3CN(CCC3=c2c1)C(=O)NCCC(=O)N4CCN(CC4)c5cccc(c5)C(F)(F)F,0,11.810380,0.229885
decoy,C00783156,Cc1ccccc1NC(=O)C(=CNc2ccccn2)C(=O)Nc3ccccc3C,0,12.186419,0.233333
decoy,C13063998,CC[C@@H](c1nnnn1CCOC)[NH+](CCc2ccc(c(c2)OC)OC)Cc3cc4ccc(cc4[nH]c3=O)C,0,11.519874,0.174603
decoy,C39636931,CCC[C@@H](C)C(=O)N1C[C@H](C2(C1)CC[NH2+]CC2)C(=O)NCc3cc(c(c(c3)OC)OC)OC,0,10.854599,0.211538
decoy,C64369810,c1cc(sc1)C2=CCC(=O)N(N2)CC(=O)NCCC3=c4cc(ccc4=[NH+]C3)Cl,0,10.959916,0.200000
decoy,C61658490,Cc1cccc(c1OCc2cccnc2/C(=N/O)/N)C,0,11.823018,0.179487
decoy,C06192991,CC[NH+](CC)CCCN(Cc1cc2cc3c(cc2[nH]c1=O)OCCO3)C(=S)NCCOC,0,11.496146,0.166667
decoy,C39898854,CCCCCOc1ccc(cc1)[C@H]2c3c(n[nH]c3C(=O)N2Cc4ccccc4)c5cc(ccc5O)Cl,0,11.332753,0.226804
decoy,C50310000,CC(C)c1c(c(n[nH]1)C(=O)N2CC[C@@H]3CCCC[C@H]3C2)N,0,10.301673,0.161290
decoy,C36598862,Cc1ccc(o1)CN([C@@H](c2c(cc(cc2O)O)O)C(=O)NC(C)(C)C)C(=O)Cc3ccc4c(c3)OCO4,0,10.913671,0.160494
decoy,C20257622,Cc1ccc(c(c1NS(=O)(=O)N(C)C)C)N,0,11.111884,0.137931
decoy,C15874676,c1cc(c(cc1Cl)Cl)C(=O)NNC(=S)NC2CCCCC2,0,11.375175,0.244186
decoy,C36147588,c1cc(ccc1[C@H](CNC(=O)C23CC4CC(C2)CC(C4)C3)O)[N+](=O)[O-],0,11.257003,0.181818
decoy,C39686541,C[C@H](Cc1ccccc1OC)NC(=O)[C@H]2CN(CC23CC[NH2+]CC3)C(=O)[C@@H](C)Oc4ccccc4,0,10.761518,0.192308
decoy,C01306053,C[C@@H](C(=O)Nc1ccccc1)Sc2nnc3n2c4c(c5c(s4)CCCC5)c(=O)n3C,0,11.551576,0.217949
decoy,C03600259,CC(C)CNC(=O)CSc1nc2c(c3c(s2)CCCC3)c(=O)n1C4CCCC4,0,10.838838,0.158879
decoy,C36146366,c1ccc(cc1)COC[C@@H](C[NH+](Cc2ccc(cc2)F)C[C@@H]3CC(=NO3)c4ccc(c(c4)Cl)Cl)O,0,11.222799,0.215686
decoy,C15841527,CC[C@]1(Cc2ccccc2C(=C1C#N)NC(=O)Nc3ccccc3F)C,0,11.115990,0.217391
decoy,C39944297,CCOC(=O)CCC1=C(C(=N[C@@H]1C(=O)OCC)C)C(=O)OC(C)(C)C,0,10.575577,0.202703
decoy,C11872242,Cc1ccsc1C(=O)N(CC[NH+](C)C)Cc2cc3ccc(cc3[nH+]c2N4CCC[C@H](C4)CO)F,0,11.060904,0.182540
decoy,C39227614,CC1CCC(CC1)NC(=O)c2cccc(c2)c3ccc4c(c3)CCC5(O4)CC[NH+](CC5)C,0,11.799123,0.196078
decoy,C06504622,Cc1ccccc1C(=O)NC(=S)NNC(=O)Cc2ccccc2,0,11.537979,0.223881
decoy,C63372760,C[C@@]12[C@H]3C(=c4ccccc4=[NH+]3)[C@H](CN1C(=O)CN(C2=O)CCCCCO)c5ccc(cc5)Br,0,10.792138,0.161905
decoy,C15531823,C[C@H]1CCC[C@H]([C@@H]1C)NC(=S)NNC(=O)c2cccc(c2)OC(F)F,0,10.461622,0.191781
decoy,C08705575,c1ccc2c(c1)c(c[nH]2)CCNC(=O)c3c[nH]nc3c4ccc(cc4)F,0,11.187199,0.272727
decoy,C45915193,CCn1c(nnc1SCc2nnc(s2)C(=O)NCc3ccc(cc3)C)c4ccc(cc4)Cl,0,11.771881,0.174757
decoy,C14482748,CC[C@]1(C(=O)N(C(=O)N1)CC(=O)N[C@H](C)c2ccc3c(c2)OCO3)c4ccccc4,0,10.655595,0.206897
decoy,C39652789,CCOc1ccccc1CCNC(=O)[C@H]2CN(CC23CC[NH2+]CC3)C(=O)[C@H](C(C)C)Oc4ccccc4,0,10.859400,0.210526
decoy,C63623003,c1ccc2=[NH+]CC(=c2c1)C[C@@H](C(=O)OCC(=O)c3ccc(cc3)Br)NC(=O)c4ccco4,0,11.079990,0.204545
decoy,C14478335,CC[C@@H](C)Oc1ccc2c(c1)[C@H]3C=CC[C@@H]3[C@@H](N2)c4ccccc4[N+](=O)[O-],0,11.299880,0.194805
decoy,C35788949,CCCC[C@H](C[NH+](CCN(C)C)Cc1c(nn(c1Oc2cccc(c2)C)c3ccccc3)C)O,0,10.976588,0.184466
decoy,C24765560,CCCCn1c(c(c(=O)[nH]c1=O)N(CCC(C)C)C(=O)[C@H]2CC(=O)N(C2)c3cccc(c3)SC)N,0,11.436388,0.191304
decoy,C33557720,c1cc(c(cc1NC(=O)NC23CC4CC(C2)CC(C4)C3)C(=O)NC[C@H]5CCCO5)N6CCCC6,0,11.694706,0.208333
decoy,C06800797,CCCCn1c2c(cc3cccc(c3n2)C)c(n1)NS(=O)(=O)c4ccccc4,0,11.738274,0.244186
decoy,C09714100,CC(C)Cn1c(c(c(=O)[nH]c1=O)N(CC(C)C)C(=O)C[NH+]2CCN(CC2)c3ccc(cc3)C(=O)C)N,0,11.202436,0.163043
decoy,C45344271,CC(C)[C@H](c1ccc(cc1)F)NC(=O)CSc2nc(cn2N)c3ccccc3,0,10.379375,0.191489
decoy,C04237155,c1cc(sc1)c2ccc3n(c2=O)C[C@H]4C[C@@H]3CN(C4)C(=O)NC5CCCCC5,0,11.826946,0.210000
decoy,C32885688,Cc1c(c([nH]c(=O)c1C#N)C)CCC(=O)Nc2nc(cs2)C[NH+]3C[C@H](C[C@@H](C3)C)C,0,11.219461,0.159091
decoy,C36205952,CCOC[C@H](C[NH+](Cc1[nH]c(=O)c2c(csc2n1)c3ccc(c(c3)OC)OC)C(C)C)O,0,11.527032,0.184211
decoy,C08299197,c1ccc(cc1)c2ccc(cc2)c3cn(nn3)C[C@H]4C[C@H]5CC[NH+]4C[C@@H]5C(=O)N6CCC(CC6)C(=O)N,0,10.836701,0.219048
decoy,C63376113,C[C@@H](C(=O)NCC(C)C)NC(=O)[C@@H]1CC2=c3ccccc3=[NH+][C@H]2[C@H]4N1C(=O)c5c4cccc5,0,10.806845,0.144330
decoy,C35268304,CC[C@H](C)[C@@H](C(=O)Nc1nnc(s1)c2ccc(cc2)C)NC(=O)Nc3ccccc3F,0,11.350411,0.190476
decoy,C39699464,CC[NH+](CC)CCCN([C@@H](c1ccc(cc1)C)C(=O)NC2CCCCC2)C(=O)[C@@H]3C=CC(=N3)c4ccccc4,0,10.623477,0.198198
decoy,C13498571,Cc1ccc2cc(c(=O)[nH]c2c1)C[NH+](CCCO)[C@@H](c3nnnn3Cc4ccccc4)C(C)C,0,11.457472,0.206897
decoy,C15275315,Cc1cccc(c1)n2c(nnc2SCC(=O)Nc3ccccc3C)c4c[nH]c5c4cccc5,0,11.771667,0.218391
decoy,C14546623,Cc1cc(cc2c1N[C@H]([C@@H]3[C@@H]2C=CC3)c4c(cccc4Cl)Cl)[N+](=O)[O-],0,10.596486,0.162500
decoy,C41804776,C[C@H](C(=O)N)[NH2+][C@](C)(c1ccc2c(c1)OCO2)C(=O)[O-],0,11.040007,0.159091
decoy,C04179026,c1ccc2cc(c(cc2c1)C(=O)N3[C@@](CC(=N3)C(F)F)(C(F)F)O)O,0,10.945964,0.222222
decoy,C33672188,Cc1ccc(c(c1)C)NC(=O)C[C@@H]2C(=O)N(C(=S)N2NC(=O)c3cccs3)c4ccc(cc4)OC,0,10.474798,0.214286
decoy,C35182976,c1ccc2c(c1)c3c([nH]2)[C@H]([NH2+][C@H](C3)C(=O)[O-])CCC[C@@H]4c5c(c6ccccc6[nH]5)C[C@H]([NH2+]4)C(=O)[O-],0,10.682743,0.180723
decoy,C08685664,c1cc(ccc1c2nnc(s2)NC(=O)C3CCN(CC3)S(=O)(=O)c4ccc(cc4)Cl)F,0,11.481721,0.233333
decoy,C14732825,COc1cc(cc2c1OCO2)C[NH+]3C[C@H](CN(C(=O)C3)CCc4ccccc4)OCc5ccncc5,0,11.566586,0.213483
decoy,C55081630,CCC[C@@H]1CCC(=O)[C@H](C1)CN2CC[NH+](CC2)CC(C)C,0,11.800467,0.138889
decoy,C57933411,c1c2c(cc(c1F)F)N(C(=O)CN2)CC(=O)NC3CCCCC3,0,10.970635,0.217391
decoy,C35696745,c1cc(ccc1c2nc(on2)c3cc4c(s3)CCCC4)N,0,11.314173,0.188679
decoy,C00619609,Cn1c2ccc(cc2nn1)C(=O)NCCC3=CCCCC3,0,11.286690,0.193182
decoy,C63623006,c1ccc2=[NH+]CC(=c2c1)C[C@H](C(=O)OCC(=O)c3ccc(cc3)Br)NC(=O)c4ccco4,0,11.010044,0.204545
decoy,C45773949,C[C@H]1CCc2c(sc(c2C(=O)OC)NC(=O)CN3CC[NH+](CC3)CC(=O)Nc4ccccc4)C1,0,11.411837,0.228070
decoy,C11905516,C1CCc2c(c(=O)[nH]c(n2)SCC(=O)Nc3c(c4c(s3)CCCC4)C(=O)N)C1,0,10.991119,0.187500
decoy,C63746941,c1ccc2=[NH+][C@H](C=c2c1)c3ccccc3NC(=O)Nc4ccc5c(c4)OCO5,0,11.675134,0.182796
decoy,C45155703,C[C@H]1CCCN(C1)C(=O)N[C@H](c2ccccc2)c3ccco3,0,11.909916,0.205128
decoy,C46526969,CCc1ccccc1Nc2nc(nc(n2)N)CN(C)Cc3ccc(cc3)C#N,0,11.958390,0.196262
decoy,C38690707,C[C@@H](C(=O)NC1=c2c(=[NH+][C@@H]1C(=O)OC)cccc2OC)N3CCN(CC3)c4cccc(c4)C(F)(F)F,0,10.817048,0.244186
decoy,C13134184,Cc1ccc(cc1)S(=O)(=O)N(C)c2ccc(cc2)OCC(=O)Nc3ccc(cc3C)N4CC[NH+](CC4)C,0,11.459929,0.212766
decoy,C14365638,c1ccc(cc1)S(=O)(=O)C2(CCCC2)C(=O)OCC(=O)NC3(CCCCC3)C#N,0,11.936914,0.189189
decoy,C00955961,c1ccc(cc1)Oc2cccc(c2)[C@H]3[C@@H]([C@@](NC(=O)N3)(C(F)(F)F)O)C(=O)c4ccc(cc4)Cl,0,11.388819,0.212963
decoy,C65192510,c1cc(ccc1C2(CCCC2)C(=O)NNC(=O)NCC3CC3)F,0,11.708883,0.183099
decoy,C39659804,COc1cc(cc(c1OC)OC)C(=O)N2C[C@H](C3(C2)CC[NH2+]CC3)C(=O)NC4CCCCCCC4,0,10.810555,0.198020
decoy,C49283962,CCOc1ccc2c(c1)s/c(=N\C(=O)NCC(=C)Br)/[nH]2,0,11.989286,0.235294
decoy,C11909601,CC(C)[C@H](c1nnc2n1CC[NH+](CC2)Cc3cnc(s3)c4ccccc4)NC(=O)COC,0,10.839871,0.198347
decoy,C13515952,CCCC(=O)Nc1[nH]c(=O)c2c(n1)n(cn2)[C@H]3[C@@H]([C@H]4[C@H](O3)CO[P@@](=O)(O4)[O-])OC(=O)CCC,0,11.793959,0.157025
decoy,C63896768,c1ccc2=[NH+]CC(=c2c1)c3nnc(n3C4CC4)SCC(=O)N[C@H]5C(=C6CCCC[C@@H]6S5)C(=O)N,0,11.949121,0.163793
decoy,C20583332,CCCCOC(=O)C1=C(Nc2ccc(cc2[C@@]13C(=C(OC3=O)C)C(=O)OCCOC)Br)N,0,11.431479,0.193548
decoy,C04192162,Cc1ccccc1[C@H]2C[C@@]3(CC(NC(=[NH+]3)SCC=C)(C)C)Oc4c2c(cc(c4)O)C,0,11.627444,0.146789
decoy,C36260717,CC(C)(C)SCC(=O)N[C@H]1CC[NH2+]C2(C1)CCCCC2,0,10.579306,0.148936
decoy,C04920452,CN(c1ccc(cc1)Cl)C(=O)Cc2c3cc(ccc3[nH]c2C(=O)[O-])Cl,0,11.758216,0.185714
decoy,C43221760,CC[C@@H](C)[C@]1([C@@H]2[C@@H]([C@@H]([NH2+]1)c3cc(c(c(c3)C)O)C)C(=O)N(C2=O)c4cccc(c4)[N+](=O)[O-])C(=O)[O-],0,10.465344,0.164948
decoy,C36220671,CC(C)(C)c1c(n2cc(ccc2n1)N)CC(=O)N,0,11.285287,0.196078
decoy,C09242519,CC[NH+](CC)CCN1[C@H](/C(=C(/c2ccc3c(c2)OCCO3)\O)/C(=O)C1=O)c4cccc(c4)Cl,0,10.705393,0.182927
decoy,C22282548,CCOC(=O)Cc1csc(n1)NC(=O)[C@@H](CCSC)NS(=O)(=O)c2ccc(cc2)Cl,0,11.393957,0.172043
decoy,C20243884,Cc1ccccc1n2c(c(c(c2C)Br)/C=N/NC(=O)c3ccccc3O)C,0,12.377378,0.194444
decoy,C36039575,Cc1ccc(cc1F)n\2cc([nH]/c2=N\C(=O)C[NH2+]C[C@H]3CCCO3)c4ccccc4,0,11.417376,0.182796
decoy,C39738699,C[C@H](C(=O)NCc1ccc2c(c1)OCO2)[NH2+]C[C@H](c3c[nH]c4c3cccc4)[C@@H]5CC=CS5,0,11.717996,0.163265
decoy,C35743744,C[C@@H](c1nc2cc(ccc2c(=O)n1C)Cl)N(CCCCCC[NH3+])C(=O)C3CCCCC3,0,11.113571,0.219048
decoy,C10013317,CC[NH+](CCCNC(=O)c1c(c2c(s1)ncn(c2=O)CC(=O)N3CCCC[C@H]3C)C)Cc4ccccc4,0,11.540744,0.223140
decoy,C16807747,Cc1cc(c(c(c1O)Cl)Cl)N/C(=N/S(=O)(=O)c2ccccc2)/c3ccccc3,0,12.149206,0.210526
decoy,C59039297,CC1CCN(CC1)c2ccc(c[nH+]2)CNC(=O)N[C@H](C)c3ccc4c(c3)OCCO4,0,11.969667,0.203704
decoy,C36588399,CC(C)(C)NC(=O)[C@@H](C(c1ccccc1)c2ccccc2)N(C(=O)Cc3ccc4c(c3)OCO4)C(C)(C)C,0,11.011348,0.212766
decoy,C20792420,C[C@@H]1C=C2C(=C(C([C@@H]([C@@]2(CN1C)C)c3ccc(cc3)F)(C#N)C#N)N)C#N,0,10.309187,0.164557
decoy,C61887464,c1cc(c(cc1Br)Cl)C(=O)N[C@H]2CCC[C@@H]2/C(=N\O)/N,0,11.395378,0.200000
decoy,C11859248,CCN(CC)c1ccc(cc1)[C@H]2[C@H]([C@](NC(=O)N2)(C(F)(F)F)O)C(=O)c3ccccc3,0,11.430990,0.211268
decoy,C14461369,CCN(CC)c1ccc(cc1)[C@H]2[C@@H]3CC=C[C@@H]3c4cc(ccc4N2)O,0,12.460252,0.152778
decoy,C25643312,Cc1c(sc(c1C(=O)OCc2cc(oc-3cc(=[NH+]C(=O)C)ccc23)O)NC(=O)C(C)(C)C)C,0,11.698175,0.191489
decoy,C14540093,CCn1c2c(c(n1)C(=O)N3CCCCCC3)C[C@@H](CC2)[NH2+]CCc4cccc(c4)Cl,0,10.552962,0.205607
decoy,C09102572,Cc1c(c([nH]c1C(=O)[C@H](C)Sc2nnc(n2c3ccc(cc3)Cl)[C@H](C)[NH+](C)C)C)C(=O)OC,0,11.254696,0.192982
