molecule_chembl_id,smiles,pchembl,standard_type
CHEMBL68920,Cc1cc(C)c(/C=C2\C(=O)Nc3ncnc(Nc4ccc(F)c(Cl)c4)c32)[nH]1,7.39,IC50
CHEMBL304271,CCN(CC)CC(O)CNC(=O)c1cc(C)c(/C=C2\C(=O)Nc3ncnc(Nc4ccc(F)c(Cl)c4)c32)[nH]1,9.35,IC50
CHEMBL136491,CN(C)/N=N/c1ccc2ncnc(Nc3cccc(Cl)c3)c2c1,7.85,IC50
CHEMBL133024,C/N=N/Nc1ccc2ncnc(Nc3cccc(Cl)c3)c2c1,7.0,IC50
CHEMBL137364,Brc1cccc(Nc2ncnc3ccc(N/N=N/CCN4CCOCC4)cc23)c1,7.19,IC50
CHEMBL302552,O=C1Nc2ncnc(Nc3ccc(F)c(Cl)c3)c2/C1=C/c1ccc(C(=O)NCCN2CCOCC2)[nH]1,7.66,IC50
CHEMBL67057,Cc1cc(C(=O)N2CCOCC2)[nH]c1/C=C1\C(=O)Nc2ncnc(Nc3ccc4c(ccn4Cc4ccccc4)c3)c21,8.35,IC50
CHEMBL69629,Cc1cc(C(=O)NCCN2CCOCC2)[nH]c1/C=C1\C(=O)Nc2ncnc(Nc3ccc(F)c(Cl)c3)c21,8.19,IC50
CHEMBL66570,CCN1CCN(C(=O)c2cc(C)c(/C=C3\C(=O)Nc4ncnc(Nc5ccc(F)c(Cl)c5)c43)[nH]2)CC1,7.89,IC50
CHEMBL305194,Cc1cc(C(=O)O)[nH]c1/C=C1\C(=O)Nc2ncnc(Nc3ccc(F)c(Cl)c3)c21,7.54,IC50
CHEMBL52765,Nc1ccc2ncnc(Nc3cccc(Br)c3)c2c1,9.11,IC50
CHEMBL308645,Cc1cc(CCC(=O)O)[nH]c1/C=C1\C(=O)Nc2ncnc(Nc3ccc(F)c(Cl)c3)c21,8.33,IC50
CHEMBL67003,Cc1cc(C(=O)N2CCOCC2)[nH]c1/C=C1\C(=O)Nc2ncnc(Nc3ccc4c(cnn4Cc4ccccc4)c3)c21,8.74,IC50
CHEMBL134312,CN(C)/N=N/c1ccc2ncnc(Nc3cccc(Br)c3)c2c1,7.96,IC50
CHEMBL305246,Cc1cc(C(=O)N2CCN(C)CC2)[nH]c1/C=C1\C(=O)Nc2ncnc(Nc3ccc(F)c(Cl)c3)c21,8.55,IC50
CHEMBL69966,C#Cc1cccc(Nc2ncnc3c2/C(=C/c2[nH]c(C(=O)NCCN4CCOCC4)cc2C)C(=O)N3)c1,7.75,IC50
CHEMBL69358,CCN(CC)CCNC(=O)c1cc(C)c(/C=C2\C(=O)Nc3ncnc(Nc4ccc(F)c(Cl)c4)c32)[nH]1,8.92,IC50
CHEMBL137617,C/N=N/Nc1ccc2ncnc(Nc3cccc(Br)c3)c2c1,7.41,IC50
CHEMBL69071,Cc1cc(C(=O)N2CC(C)NC(C)C2)[nH]c1/C=C1\C(=O)Nc2ncnc(Nc3ccc(F)c(Cl)c3)c21,8.23,IC50
CHEMBL137534,CN(C)CC/N=N/Nc1ccc2ncnc(Nc3cccc(Br)c3)c2c1,7.42,IC50
CHEMBL424093,Brc1cccc(Nc2ncnc3ccc(N/N=N/Cc4ccccc4)cc23)c1,7.6,IC50
CHEMBL264382,Cc1cc(C(=O)NCCN2CCOCC2)[nH]c1/C=C1\C(=O)Nc2ncnc(Nc3ccc4c(ccn4Cc4ccccc4)c3)c21,8.96,IC50
CHEMBL133023,Cc1cccc(Nc2ncnc3ccc(/N=N/N(C)C)cc23)c1,7.62,IC50
CHEMBL136674,COCC/N=N/Nc1ccc2ncnc(Nc3cccc(Br)c3)c2c1,7.15,IC50
CHEMBL138691,C=CC(=O)N(CCN(C)C)c1cc2c(Nc3cccc(Br)c3)ncnc2cn1,8.38,IC50
CHEMBL139307,C=CC(=O)N(CCCN1CCOCC1)c1ccc2ncnc(Nc3cccc(Br)c3)c2c1,8.48,IC50
CHEMBL111197,COc1cccc(Nc2ncc3cc(-c4c(Cl)cccc4Cl)c(=O)n(C)c3n2)c1,7.52,IC50
CHEMBL136058,O=C(/C=C/C(=O)Nc1cc2c(Nc3cccc(Br)c3)ncnc2cn1)NCCCN1CCOCC1,9.09,IC50
CHEMBL545315,C=CC(=O)Nc1cc2c(Nc3ccc(F)c(Cl)c3)ncnc2cc1OCCCN1CCOCC1.Cl.Cl,9.1,IC50
CHEMBL422292,CCOC(=O)/C=C/C(=O)Nc1cc2c(Nc3cccc(Br)c3)ncnc2cn1,8.82,IC50
CHEMBL327127,Cn1c(=O)c(-c2c(Cl)cccc2Cl)cc2cnc(Nc3cccc(CO)c3)nc21,7.09,IC50
CHEMBL285063,C=CC(=O)Nc1ccc2ncnc(Nc3cccc(Br)c3)c2c1,10.1,IC50
CHEMBL136404,C/C=C/C(=O)Nc1cc2c(Nc3cccc(Br)c3)ncnc2cn1,9.3,IC50
CHEMBL334697,C=CC(=O)N(C)c1cc2c(Nc3cccc(Br)c3)ncnc2cn1,9.77,IC50
CHEMBL434827,CCN(CC)CCCNC(=O)/C=C/C(=O)Nc1cc2c(Nc3cccc(Br)c3)ncnc2cn1,9.14,IC50
CHEMBL137082,C=CC(=O)N(CCCN1CCOCC1)c1cc2c(Nc3cccc(Br)c3)ncnc2cn1,8.57,IC50
CHEMBL138363,C=C(C)C(=O)Nc1cc2c(Nc3cccc(Br)c3)ncnc2cn1,8.8,IC50
CHEMBL93464,C/C=C/C(=O)Nc1ccc2ncnc(Nc3cccc(Br)c3)c2c1,9.26,IC50
CHEMBL31965,C=CC(=O)Nc1cc2c(Nc3ccc(F)c(Cl)c3)ncnc2cc1OCCCN1CCOCC1,10.4,IC50
CHEMBL344486,CCOC(=O)/C=C/C(=O)Nc1ccc2ncnc(Nc3cccc(Br)c3)c2c1,8.57,IC50
CHEMBL138940,O=C(/C=C/C(=O)Nc1cc2c(Nc3ccc(F)c(Cl)c3)ncnc2cn1)NCCCN1CCOCC1,9.22,IC50
CHEMBL344177,O=C(/C=C/Cl)Nc1cc2c(Nc3cccc(Br)c3)ncnc2cn1,9.16,IC50
CHEMBL136178,CC(=O)/C=C/C(=O)Nc1ccc2ncnc(Nc3cccc(Br)c3)c2c1,8.92,IC50
CHEMBL136511,C=CS(=O)(=O)Nc1ccc2ncnc(Nc3cccc(Br)c3)c2c1,8.85,IC50
CHEMBL136102,CN(C)CCCNC(=O)/C=C/C(=O)N(C)c1cc2c(Nc3cccc(Br)c3)ncnc2cn1,8.84,IC50
CHEMBL336264,C=CS(=O)(=O)c1cc2c(Nc3cccc(Br)c3)ncnc2cn1,9.37,IC50
CHEMBL95774,C=CC(=O)Nc1cc2c(Nc3ccc(F)c(Cl)c3)c(C#N)cnc2cc1OCCCN1CCOCC1,7.1,IC50
CHEMBL335440,O=S(=O)(CCO)c1cc2c(Nc3cccc(Br)c3)ncnc2cn1,7.03,IC50
CHEMBL320705,COc1ccccc1Nc1ncc2cc(-c3c(Cl)cccc3Cl)c(=O)n(C)c2n1,7.18,IC50
CHEMBL92086,C=C(C)C(=O)Nc1ccc2ncnc(Nc3cccc(Br)c3)c2c1,8.92,IC50
CHEMBL334801,CN(C)CCCNC(=O)/C=C/C(=O)Nc1cc2c(Nc3cccc(Br)c3)ncnc2cn1,8.96,IC50
CHEMBL434828,O=C(/C=C/c1ccccc1)Nc1cc2c(Nc3cccc(Br)c3)ncnc2cn1,8.04,IC50
CHEMBL51659,C=CC(=O)Nc1cc2c(Nc3cccc(Br)c3)ncnc2cn1,9.04,IC50
CHEMBL135142,O=C(/C=C/C(F)(F)F)Nc1ccc2ncnc(Nc3cccc(Br)c3)c2c1,8.76,IC50
CHEMBL343722,C=C=CC(=O)Nc1ccc2ncnc(Nc3cccc(Br)c3)c2c1,8.8,IC50
CHEMBL140561,CN(C)CCCOC(=O)/C=C/C(=O)Nc1ccc2ncnc(Nc3cccc(Br)c3)c2c1,8.62,IC50
CHEMBL345077,C=C[S+]([O-])c1cc2c(Nc3cccc(Br)c3)ncnc2cn1,8.34,IC50
CHEMBL139044,C=C/C=C/C(=O)Nc1cc2c(Nc3cccc(Br)c3)ncnc2cn1,8.96,IC50
CHEMBL139095,C=CS(=O)(=O)Nc1cc2c(Nc3cccc(Br)c3)ncnc2cn1,9.12,IC50
CHEMBL113070,Cn1c(=O)c(-c2c(Cl)cccc2Cl)cc2cnc(Nc3ccc(CCCC(=O)O)cc3)nc21,7.1,IC50
CHEMBL134371,O=C(O)/C=C/C(=O)Nc1ccc2ncnc(Nc3cccc(Br)c3)c2c1,9.43,IC50
CHEMBL342828,O=C(/C=C/C(=O)Nc1cc2c(Nc3cccc(Br)c3)ncnc2cn1)NCCCn1ccnc1,9.25,IC50
CHEMBL345109,CN(C)CCCNC(=O)/C=C/C(=O)Nc1ccc2ncnc(Nc3cccc(Br)c3)c2c1,9.36,IC50
CHEMBL607707,CCOc1cc2ncc(C#N)c(Nc3ccc(F)c(Cl)c3)c2cc1NC(=O)/C=C/CN(C)C,9.64,KD
CHEMBL14932,Oc1ccc2ncnc(Nc3ccc(OCc4ccccc4)cc3)c2c1,7.01,IC50
CHEMBL38199,Brc1cccc(Nc2ncnc3cc4c(cnn4CCN4CCOCC4)cc23)c1,8.43,IC50
CHEMBL553,C#Cc1cccc(Nc2ncnc3cc(OCCOC)c(OCCOC)cc23)c1,10.54,IC50
CHEMBL939,COc1cc2ncnc(Nc3ccc(F)c(Cl)c3)c2cc1OCCCN1CCOCC1,10.0,IC50
CHEMBL29197,COc1cc2ncnc(Nc3cccc(Br)c3)c2cc1OC,10.6,IC50
CHEMBL287007,CN(C)Cc1c[nH]c2cc3ncnc(Nc4cccc(Br)c4)c3cc12,8.59,IC50
CHEMBL15346,CS(=O)(=O)CCNCCCCOc1ccc2ncnc(Nc3ccc(OCc4ccccc4)cc3)c2c1,7.13,IC50
CHEMBL15202,COc1ccc2ncnc(Nc3ccc(OCc4ccccc4)cc3)c2c1,7.17,IC50
CHEMBL554,CS(=O)(=O)CCNCc1ccc(-c2ccc3ncnc(Nc4ccc(OCc5cccc(F)c5)c(Cl)c4)c3c2)o1,10.22,IC50
CHEMBL36819,O=C(O)Cn1ncc2cc3c(Nc4cccc(Br)c4)ncnc3cc21,7.28,IC50
CHEMBL40130,Brc1cccc(Nc2ncnc3cc4c(ccn4CCN4CCOCC4)cc23)c1,8.43,IC50
CHEMBL14627,O=C(NCCCCOc1ccc2ncnc(Nc3ccc(OCc4ccccc4)cc3)c2c1)C(F)(F)F,7.13,IC50
CHEMBL290096,Brc1cccc(Nc2ncnc3ccccc23)c1,7.57,IC50
CHEMBL460731,CS(=O)(=O)CCNCCCCOc1ccc2ncnc(Nc3ccc(F)c(Cl)c3)c2c1,7.7,IC50
CHEMBL37543,OCC(O)Cn1ncc2cc3c(Nc4cccc(Br)c4)ncnc3cc21,7.92,IC50
CHEMBL287289,CN(C)CCCn1ccc2cc3c(Nc4cccc(Br)c4)ncnc3cc21,7.68,IC50
CHEMBL514436,CS(=O)(=O)CCNCCCCOc1ccc2ncnc(Nc3ccc(OCc4cccc(F)c4)c(Cl)c3)c2c1,7.57,IC50
CHEMBL39320,Cn1ncc2cc3c(Nc4cccc(Br)c4)ncnc3cc21,9.43,IC50
CHEMBL289162,O=C(O)Cn1ccc2cc3c(Nc4cccc(Br)c4)ncnc3cc21,8.29,IC50
CHEMBL37373,CN(C)CCn1ccc2cc3c(Nc4cccc(Br)c4)ncnc3cc21,7.39,IC50
CHEMBL39715,COC(=O)CN(C)Cc1c[nH]c2cc3ncnc(Nc4cccc(Br)c4)c3cc12,8.47,IC50
CHEMBL289213,CN(CC(=O)O)Cc1c[nH]c2cc3ncnc(Nc4cccc(Br)c4)c3cc12,9.14,IC50
CHEMBL517907,C#Cc1cccc(Nc2ncnc3ccc(OCCCCNCCS(C)(=O)=O)cc23)c1,7.96,IC50
CHEMBL460732,CS(=O)(=O)CCNCCCCOc1ccc2ncnc(Nc3ccc(S(=O)(=O)c4ccccc4)cc3)c2c1,7.03,IC50
CHEMBL540701,C=CCOc1ccc2ncnc(Nc3ccc(OCc4ccccc4)cc3)c2c1,7.1,IC50
CHEMBL287832,CN(C)CCn1ncc2cc3c(Nc4cccc(Br)c4)ncnc3cc21,7.4,IC50
CHEMBL39337,Brc1cccc(Nc2ncnc3cc4[nH]ncc4cc23)c1,9.36,IC50
CHEMBL40734,Brc1cccc(Nc2ncnc3cc4[nH]ccc4cc23)c1,9.41,IC50
CHEMBL39811,CN(C)CCN(C)Cc1c[nH]c2cc3ncnc(Nc4cccc(Br)c4)c3cc12,8.12,IC50
CHEMBL36727,Cn1ccc2cc3c(Nc4cccc(Br)c4)ncnc3cc21,9.1,IC50
CHEMBL39355,Brc1cccc(Nc2ncnc3cc4c(cnn4CCCN4CCOCC4)cc23)c1,8.06,IC50
CHEMBL493428,CS(=O)(=O)CCNCCCCOc1ccc2ncnc(Nc3ccc4c(cnn4Cc4cccc(F)c4)c3)c2c1,7.62,IC50
CHEMBL416611,OCC(O)Cn1ccc2cc3c(Nc4cccc(Br)c4)ncnc3cc21,8.8,IC50
CHEMBL36967,Brc1cccc(Nc2ncnc3cc4[nH]cc(CN5CCOCC5)c4cc23)c1,8.32,IC50
CHEMBL36164,OCCN(CCO)Cc1c[nH]c2cc3ncnc(Nc4cccc(Br)c4)c3cc12,8.46,IC50
CHEMBL160846,CS(=O)(=O)CCNc1nc(-c2ccc3ncnc(Nc4ccc(OCc5ccccc5)c(Cl)c4)c3c2)cs1,8.1,IC50
CHEMBL422347,CS(=O)(=O)CCNc1nc(-c2ccc3ncnc(Nc4ccc(OCc5ccccc5)cc4)c3c2)cs1,7.09,IC50
CHEMBL160303,CS(=O)(=O)CCNc1nc(-c2ccc3ncnc(Nc4ccc5c(cnn5Cc5ccccc5)c4)c3c2)cs1,7.15,IC50
CHEMBL132348,CO[C@H]1[C@@H](N(C)CC(=O)O)C[C@@H]2O[C@@]1(C)n1c3ccccc3c3c4c(c5c6ccccc6n2c5c31)C(=O)NC4,7.51,IC50
CHEMBL335648,CO[C@H]1[C@@H]([N+](C)(C)C)C[C@@H]2O[C@@]1(C)n1c3ccccc3c3c4c(c5c6ccccc6n2c5c31)C(=O)NC4,7.72,IC50
CHEMBL155761,CS(=O)(=O)CCNc1nc(-c2ccc3ncnc(Nc4ccc(OCc5cccc(F)c5)c(Cl)c4)c3c2)cs1,8.0,IC50
CHEMBL157084,CS(=O)(=O)CCNc1nc(-c2ccc3ncnc(Nc4ccc(F)c(Cl)c4)c3c2)cs1,7.46,IC50
CHEMBL388978,CN[C@@H]1C[C@H]2O[C@@](C)([C@@H]1OC)n1c3ccccc3c3c4c(c5c6ccccc6n2c5c31)C(=O)NC4,9.54,IC50
CHEMBL340611,CC[N+](C)(C)[C@H]1C[C@@H]2O[C@](C)([C@H]1OC)n1c3ccccc3c3c4c(c5c6ccccc6n2c5c31)C(=O)NC4,7.37,IC50
CHEMBL338049,CN[C@H]1C[C@@H]2O[C@](C)([C@H]1OC)n1c3ccccc3c3c4c(c5c6ccccc6n2c5c31)C(=O)N[C@@H]4O,7.77,IC50
CHEMBL1907763,COc1cc2c(Nc3ccc(Cl)cc3F)ncnc2cc1OC[C@@H]1CCCN(C)C1,7.0,IC50
CHEMBL24137,COc1cc2c(Nc3ccc(Cl)cc3F)ncnc2cc1OCCCN1CCOCC1,7.0,IC50
CHEMBL1744349,COc1cc2c(Nc3ccc(Cl)cc3F)ncnc2cc1OC/C=C/CN1CCCC1.Cl,7.05,IC50
CHEMBL2448067,COc1cc2c(Nc3ccc(Cl)cc3F)ncnc2cc1OCCCN1CCCC1.Cl,7.0,IC50
CHEMBL1202477,COc1cc2c(Nc3ccc(Br)cc3F)ncnc2cc1OCCCN1CCN(C)CC1.Cl,7.0,IC50
CHEMBL1907944,COc1cc2c(Nc3ccc(Br)cc3F)ncnc2cc1OC[C@H]1CCCN(C)C1,7.0,IC50
CHEMBL1744347,COc1cc2c(Nc3ccc(Cl)cc3F)ncnc2cc1OCCCN1CCN(C)CC1.Cl,7.12,IC50
CHEMBL286160,COCCOc1cc2ncnc(Nc3ccc(Cl)cc3F)c2cc1OC,7.0,IC50
CHEMBL2448066,COc1cc2c(Nc3cc(O)c(Cl)cc3F)ncnc2cc1OCC1CCN(C)CC1.Cl,7.0,IC50
CHEMBL1202478,COc1cc2c(Nc3ccc(Br)cc3F)ncnc2cc1OC/C=C/CN1CCCC1.Cl,7.0,IC50
CHEMBL126384,Brc1cccc(Nc2ncnc3cc(NCCCCN4CCOCC4)ncc23)c1,8.27,IC50
CHEMBL129509,Cc1cccc(Nc2ncnc3cc(NCCCN4CCOCC4)ncc23)c1,8.03,IC50
CHEMBL126137,CN(C)CCN(C)c1cc2ncnc(Nc3cccc(Br)c3)c2cn1,7.4,IC50
CHEMBL128987,Brc1cccc(Nc2ncnc3cc(NCCN4CCOCC4)ncc23)c1,8.49,IC50
CHEMBL435993,OCCN(CCO)CCNc1cc2ncnc(Nc3cccc(Br)c3)c2cn1,8.04,IC50
CHEMBL340898,Cc1cccc(Nc2ncnc3cc(NCCCn4ccnc4)ncc23)c1,8.46,IC50
CHEMBL338215,Cc1cccc(Nc2ncnc3cc(NCCCCN(C)C)ncc23)c1,8.27,IC50
CHEMBL340484,CN1CCN(CCCNc2cc3ncnc(Nc4cccc(Br)c4)c3cn2)CC1,8.31,IC50
CHEMBL127058,OCCN(CCO)CCCNc1cc2ncnc(Nc3cccc(Br)c3)c2cn1,8.92,IC50
CHEMBL128467,O=S(=O)(O)CCNc1cc2ncnc(Nc3cccc(Br)c3)c2cn1,8.85,IC50
CHEMBL340700,CN(CC(O)CO)c1cc2ncnc(Nc3cccc(Br)c3)c2cn1,8.49,IC50
CHEMBL338114,Brc1cccc(Nc2ncnc3cc(NCCc4c[nH]cn4)ncc23)c1,9.04,IC50
CHEMBL341319,CN(CCO)c1cc2ncnc(Nc3cccc(Br)c3)c2cn1,8.59,IC50
CHEMBL340508,NNc1cc2ncnc(Nc3cccc(Br)c3)c2cn1,8.15,IC50
CHEMBL127041,OCCNc1cc2ncnc(Nc3cccc(Br)c3)c2cn1,9.62,IC50
CHEMBL126791,Brc1cccc(Nc2ncnc3cc(NCCCn4ccnc4)ncc23)c1,9.29,IC50
CHEMBL54400,CNc1cc2ncnc(Nc3cccc(Br)c3)c2cn1,9.89,IC50
CHEMBL128468,O=C(O)CCCNc1cc2ncnc(Nc3cccc(Br)c3)c2cn1,9.55,IC50
CHEMBL341522,Cc1cccc(Nc2ncnc3cc(NCCCN4CCN(C)CC4)ncc23)c1,8.25,IC50
CHEMBL339416,[O-][N+]1(CCCNc2cc3ncnc(Nc4cccc(Br)c4)c3cn2)CCOCC1,9.13,IC50
CHEMBL92812,CNc1ccc2c(Nc3cccc(Br)c3)ncnc2c1,8.4,IC50
CHEMBL129825,CN(C)CCCCNc1cc2ncnc(Nc3cccc(Br)c3)c2cn1,8.13,IC50
CHEMBL420624,Nc1ccc2c(Nc3cccc(Br)c3)ncnc2c1,10.0,IC50
CHEMBL129579,OCC(O)C(O)C(O)C(O)CNc1cc2ncnc(Nc3cccc(Br)c3)c2cn1,8.32,IC50
CHEMBL126893,CN(C)CCCNc1cc2ncnc(Nc3cccc(Br)c3)c2cn1,8.06,IC50
CHEMBL127082,CNc1cc2ncnc(Nc3cccc(C)c3)c2cn1,8.85,IC50
CHEMBL128759,OCCN(CCO)c1cc2ncnc(Nc3cccc(Br)c3)c2cn1,7.92,IC50
CHEMBL126372,OCC(O)CNc1cc2ncnc(Nc3cccc(Br)c3)c2cn1,9.04,IC50
CHEMBL116853,COc1cc2ncc(C#N)c(Nc3cccc(Br)c3)c2cc1NC(=O)C#CCN(C)C,7.05,IC50
CHEMBL53428,CN(C)c1cc2ncnc(Nc3cccc(Br)c3)c2cn1,10.05,IC50
CHEMBL125568,OCC(CO)Nc1cc2ncnc(Nc3cccc(Br)c3)c2cn1,7.85,IC50
CHEMBL129824,CN(C)CCCCCNc1cc2ncnc(Nc3cccc(Br)c3)c2cn1,8.08,IC50
CHEMBL128432,CN(C)CCNc1cc2ncnc(Nc3cccc(Br)c3)c2cn1,7.35,IC50
CHEMBL94061,CN(C)C/C=C/C(=O)Nc1ccc2ncnc(Nc3cccc(Br)c3)c2c1,9.66,IC50
CHEMBL340399,Cc1cccc(Nc2ncnc3cc(NCCc4c[nH]cn4)ncc23)c1,8.14,IC50
CHEMBL52076,Nc1cc2ncnc(Nc3cccc(Br)c3)c2cn1,8.0,IC50
CHEMBL127611,CN(CC(O)C(O)C(O)C(O)CO)c1cc2ncnc(Nc3cccc(Br)c3)c2cn1,8.49,IC50
CHEMBL126623,Brc1cccc(Nc2ncnc3cc(NCCCN4CCOCC4)ncc23)c1,8.72,IC50
CHEMBL126903,CN(CC(=O)O)c1cc2ncnc(Nc3cccc(Br)c3)c2cn1,7.8,IC50
CHEMBL127086,O=C(O)CCNc1cc2ncnc(Nc3cccc(Br)c3)c2cn1,9.22,IC50
CHEMBL338175,O=C(O)CNc1cc2ncnc(Nc3cccc(Br)c3)c2cn1,8.82,IC50
CHEMBL153525,Brc1cccc(Nc2ncnc3ccc4cc[nH]c4c23)c1,8.91,IC50
CHEMBL152905,Nc1ccc2sc3c(Nc4cccc(Br)c4)ncnc3c2c1,9.57,IC50
CHEMBL544867,Cc1cccc(Nc2ncnc3c2sc2ccc([N+](=O)[O-])cc23)c1.Cl,7.96,IC50
CHEMBL542755,COc1cccc2sc3c(Nc4cccc(Br)c4)ncnc3c12.Cl,7.7,IC50
CHEMBL153206,COc1ccc2[nH]c3ncnc(Nc4cccc(Br)c4)c3c2c1,8.92,IC50
CHEMBL346846,COc1ccc2c(c1)sc1c(Nc3cccc(Br)c3)ncnc12,7.1,IC50
CHEMBL153739,CN(C)c1ccc2sc3c(Nc4cccc(Br)c4)ncnc3c2c1,7.7,IC50
CHEMBL553351,Cl.O=[N+]([O-])c1ccc2sc3c(Nc4cccc(Br)c4)ncnc3c2c1,7.91,IC50
CHEMBL423224,Brc1cccc(Nc2[nH]cnc3nc4ccccc4c2-3)c1,7.51,IC50
CHEMBL347282,Nc1ccc2sc3c(Nc4cccc(C(F)(F)F)c4)ncnc3c2c1,7.33,IC50
CHEMBL346863,Brc1cccc(Nc2ncnc3c2sc2ncsc23)c1.CO,7.4,IC50
CHEMBL415738,Cc1cccc(Nc2cc(NCCO)ncn2)c1,9.0,IC50
CHEMBL329672,Clc1cccc(Nc2ncnc3ccccc23)c1,7.64,IC50
CHEMBL169390,Nc1ncnc2c1c(-c1cccc(O)c1)cn2C1CCCC1,7.1,IC50
CHEMBL153170,Brc1cccc(Nc2ncnc3ccc4[nH]cnc4c23)c1,7.54,IC50
CHEMBL355982,Brc1cccc(Nc2ncnc3sccc23)c1,7.46,IC50
CHEMBL544868,Cl.O=[N+]([O-])c1ccc2sc3c(Nc4ccccc4)ncnc3c2c1,7.24,IC50
CHEMBL97162,COc1nccc(-c2c(-c3ccc(F)cc3)ncn2[C@H]2CC[C@H](O)CC2)n1,7.08,IC50
CHEMBL345294,Brc1cccc(Nc2ncnc3ccsc23)c1,7.96,IC50
CHEMBL155278,Cc1cccc(Nc2ncnc3c2sc2ccc(N)cc23)c1,8.68,IC50
CHEMBL539822,Cl.Nc1ccc2c(c1)sc1c(Nc3cccc(Br)c3)ncnc12,9.33,IC50
CHEMBL356850,Brc1cccc(Nc2ncnc3c2sc2ccccc23)c1,8.74,IC50
CHEMBL357367,CCO.Nc1ccc2sc3c(Nc4ccccc4)ncnc3c2c1,8.03,IC50
CHEMBL151593,CO.Nc1cccc2c1sc1c(Nc3cccc(Br)c3)ncnc12,8.57,IC50
CHEMBL153573,Nc1cc2sc3c(Nc4cccc(Br)c4)ncnc3c2cc1F,9.0,IC50
CHEMBL357570,CCNc1cc2sc3c(Nc4cccc(Br)c4)ncnc3c2cc1F.CCO,8.1,IC50
CHEMBL6195771,Brc1cccc(Nc2ncnc3c2[nH]c2ccccc23)c1.Cl,7.14,IC50
CHEMBL358934,CCO.CNc1ccc2sc3c(Nc4cccc(Br)c4)ncnc3c2c1,8.96,IC50
CHEMBL540590,Cl.O=[N+]([O-])c1ccc2c(c1)sc1c(Nc3cccc(Br)c3)ncnc12,7.32,IC50
CHEMBL555921,COc1cccc2c1sc1c(Nc3cccc(Br)c3)ncnc12.Cl,7.9,IC50
CHEMBL545541,COc1cc2ncnc(NCc3ccccc3)c2cc1OC.Cl,8.4,IC50
CHEMBL541586,COc1cc2ncnc(Nc3cccc(F)c3)c2cc1OC.Cl,7.6,IC50
CHEMBL540068,COc1cc2ncnc(Nc3cccc(Cl)c3)c2cc1OC.Cl,8.9,IC50
CHEMBL135853,COc1cc2ncnc(Oc3cccc(Cl)c3)c2cc1OC,7.7,IC50
CHEMBL555201,COc1cc2ncnc(Nc3ccc(O)cc3)c2cc1OC.Cl,7.0,IC50
CHEMBL542484,COc1cc2ncnc(Nc3ccccc3)c2cc1OC.Cl,7.3,IC50
CHEMBL135902,COc1cc2ncnc(Sc3cccc(Cl)c3)c2cc1OC,8.0,IC50
CHEMBL542729,COc1ccc2ncnc(Nc3cc(OC)c(OC)c(OC)c3)c2c1.Cl,7.0,IC50
CHEMBL555321,Cl.Clc1cccc(Nc2ncnc3ccccc23)c1,7.3,IC50
CHEMBL56505,COc1cc2ncnc(Nc3ccc(F)c(Cl)c3)c2cc1OCCN(CCO)CCO,7.46,IC50
CHEMBL56802,COc1cc2ncnc(Nc3cccc(C)c3)c2cc1OC,8.34,IC50
CHEMBL57990,COc1cc2ncnc(Nc3ccc(F)c(Cl)c3)c2cc1OCCCN(C)C,7.31,IC50
CHEMBL294395,COCCN(CCOC)CCOc1cc2c(Nc3ccc(F)c(Cl)c3)ncnc2cc1OC,7.21,IC50
CHEMBL301018,COc1cc2ncnc(Nc3ccc(F)c(Cl)c3)c2cc1OC,9.0,IC50
CHEMBL7917,COc1cc2ncnc(Nc3cccc(Cl)c3)c2cc1OC,9.51,IC50
CHEMBL299672,COc1cc2ncnc(Nc3ccc(F)c(Cl)c3)c2cc1OCCCN1CCCC1,7.15,IC50
CHEMBL1788321,COc1cc2ncnc(Nc3ccc(F)c(Cl)c3)c2cc1OC[C@H](O)CN1CCOCC1,7.17,IC50
CHEMBL7827,O=c1c(-c2cccc(Cl)c2)coc2cc(O)cc(O)c12,7.02,IC50
CHEMBL56936,COc1cc2ncnc(Nc3ccc(F)c(Cl)c3)c2cc1OCCNCCN(C)C,8.7,IC50
CHEMBL60826,COc1cc2ncnc(Nc3ccc(F)c(Cl)c3)c2cc1OCC(O)Cn1ccnc1,8.1,IC50
CHEMBL440453,COc1cc(O)c2c(O)c(-c3cccc(Cl)c3)cnc2c1,7.42,IC50
CHEMBL14699,COc1cc2ncnc(Nc3ccc(F)c(Cl)c3)c2cc1OCCN1CCOCC1,8.0,IC50
CHEMBL281300,C=CC(=O)Nc1ccc2ncc(C#N)c(Nc3cccc(Br)c3)c2c1,8.01,IC50
CHEMBL56912,COCCNCCOc1cc2c(Nc3ccc(F)c(Cl)c3)ncnc2cc1OC,8.1,IC50
CHEMBL55425,CCN(CC)CCCOc1cc2c(Nc3ccc(F)c(Cl)c3)ncnc2cc1OC,7.24,IC50
CHEMBL31276,CN(C)C/C=C/C(=O)Nc1cc2c(Nc3cccc(Br)c3)c(C#N)cnc2cn1,8.72,IC50
CHEMBL56027,COc1cc2ncnc(Nc3ccc(F)c(Cl)c3)c2cc1OCCNC(C)(CO)CO,7.16,IC50
CHEMBL294034,COc1cc2ncnc(Nc3ccc(F)c(Cl)c3)c2cc1OCCn1ccnc1,7.22,IC50
CHEMBL7866,COC(=O)Cn1cc(-c2cccc(Cl)c2)c(=O)c2c(O)cc(OC)cc21,7.19,IC50
CHEMBL30973,CN(C)C/C=C/C(=O)Nc1ccc2ncc(C#N)c(Nc3cccc(Br)c3)c2c1,7.43,IC50
CHEMBL293090,CNCCOc1cc2c(Nc3ccc(F)c(Cl)c3)ncnc2cc1OC,8.1,IC50
CHEMBL56142,COc1cc2ncnc(Nc3ccc(F)c(Cl)c3)c2cc1OCCN1CCCCC1,7.01,IC50
CHEMBL293064,CCN(CC)CCOc1cc2c(Nc3ccc(F)c(Cl)c3)ncnc2cc1OC,7.03,IC50
CHEMBL56502,COc1cc2ncnc(Nc3ccc(F)c(Cl)c3)c2cc1OCC(O)CN,8.22,IC50
CHEMBL291514,COc1cc2ncnc(Nc3ccc(F)c(Cl)c3)c2cc1OCCCN1CCCCC1,7.1,IC50
CHEMBL1744086,COc1cc2ncnc(Nc3ccc(F)c(Cl)c3)c2cc1OC[C@@H](O)CN1CCOCC1,7.02,IC50
CHEMBL57759,COc1cc2ncnc(Nc3ccc(F)c(Cl)c3)c2cc1OCCN(C)C,8.15,IC50
CHEMBL300791,COc1cc2ncnc(Nc3ccc(F)c(Cl)c3)c2cc1OCCN1CCN(C)CC1,8.0,IC50
CHEMBL57892,COc1cc2ncnc(Nc3ccc(F)c(Cl)c3)c2cc1OCCNC(C)(C)C,7.0,IC50
CHEMBL57758,COc1cc2ncnc(Nc3ccc(F)c(Cl)c3)c2cc1OCCN1CCCC1,7.06,IC50
CHEMBL56266,CNCC(O)COc1cc2c(Nc3ccc(F)c(Cl)c3)ncnc2cc1OC,8.3,IC50
CHEMBL266995,Oc1cc(O)c2c(O)c(-c3cccc(Cl)c3)cnc2c1,8.1,IC50
CHEMBL299893,COc1cc2ncnc(Nc3ccc(F)c(Cl)c3)c2cc1OCC(O)CN(CCO)CCO,8.3,IC50
CHEMBL30432,CN(C)c1cc2c(Nc3ccc4c(cnn4Cc4ccccc4)c3)ncnc2cn1,9.0,IC50
CHEMBL76432,c1ccc(-c2cc3ncnc(Nc4ccc5[nH]ccc5c4)c3s2)cc1,8.52,IC50
CHEMBL312818,c1ccc(CCCN(c2cc3ncnc(Nc4ccc5[nH]ccc5c4)c3s2)n2ccnc2)cc1,9.0,IC50
CHEMBL80540,c1cc(Nc2ccc3[nH]ccc3c2)c2sc(-c3ccc(CNCCN4CCNCC4)cc3)cc2n1,8.52,IC50
CHEMBL312753,OCc1ccc(-c2cc3ncnc(Nc4ccc5[nH]ccc5c4)c3s2)cc1,9.0,IC50
CHEMBL80809,CC(=O)NCCNCc1ccc(-c2cc3ncnc(Nc4ccc5[nH]ccc5c4)c3s2)cc1,8.3,IC50
CHEMBL310740,OCCNCc1ccc(-c2cc3nccc(Nc4ccc5[nH]ccc5c4)c3s2)cc1,8.7,IC50
CHEMBL308498,CC(C)(CO)NCc1ccc(-c2cc3ncnc(Nc4ccc5[nH]ccc5c4)c3s2)cc1,9.0,IC50
CHEMBL78018,NCc1ccc(-c2cc3ncnc(Nc4ccc5[nH]ccc5c4)c3s2)cc1,8.4,IC50
CHEMBL421326,OCCOCCNCc1ccc(-c2cc3nccc(Nc4ccc5[nH]ccc5c4)c3s2)cc1,8.4,IC50
CHEMBL56543,N#C/C(=C\c1ccc(O)c(O)c1)C(=O)NCc1ccccc1,7.0,IC50
CHEMBL79206,CN(CCO)Cc1ccc(-c2cc3nccc(Nc4ccc5[nH]ccc5c4)c3s2)cc1,8.52,IC50
CHEMBL76751,c1csc(-c2cc3ncnc(Nc4ccc5[nH]ccc5c4)c3s2)c1,9.0,IC50
CHEMBL311109,NC(=O)C1CCN(Cc2ccc(-c3cc4ncnc(Nc5ccc6[nH]ccc6c5)c4s3)cc2)CC1,8.15,IC50
CHEMBL312482,c1cc(Nc2ccc3[nH]ccc3c2)c2sc(-c3ccc(CN4CCOCC4)cc3)cc2n1,7.52,IC50
CHEMBL79215,c1ccc(NCCN(c2cc3ncnc(Nc4ccc5[nH]ccc5c4)c3s2)n2cccc2)cc1,9.0,IC50
CHEMBL431977,NC(=O)C1CCN(Cc2ccc(-c3cc4nccc(Nc5ccc6[nH]ccc6c5)c4s3)cc2)CC1,9.0,IC50
CHEMBL81712,O=C(c1ccccc1)c1cc2ncnc(Nc3ccc4[nH]ccc4c3)c2s1,8.05,IC50
CHEMBL310853,c1csc(-c2cc3nccc(Nc4ccc5[nH]ccc5c4)c3s2)c1,9.0,IC50
CHEMBL80302,Cc1cc2cc(Nc3ncnc4cc(-c5ccccc5)sc34)ccc2[nH]1,7.0,IC50
CHEMBL310827,Cc1c[nH]c2ccc(Nc3ncnc4cc(-c5ccccc5)sc34)cc12,8.3,IC50
CHEMBL77782,CN(C)CCc1ccc(-c2cc3ncnc(Nc4ccc5[nH]ccc5c4)c3s2)cc1,8.3,IC50
CHEMBL306732,CN(C)c1ccc(Nc2ncnc3cc(-c4ccccc4)sc23)cc1,7.03,IC50
CHEMBL418909,CC(=O)NCCNCc1ccc(-c2cc3nccc(Nc4ccc5[nH]ccc5c4)c3s2)cc1,8.7,IC50
CHEMBL77452,OCCCNCc1ccc(-c2cc3nccc(Nc4ccc5[nH]ccc5c4)c3s2)cc1,8.05,IC50
CHEMBL161956,CN(CCO)c1cc2c(Nc3cccc(Br)c3)ncnc2cn1,9.66,IC50
CHEMBL351629,CN(CC(=O)O)c1cc2c(Nc3cccc(Br)c3)ncnc2cn1,9.36,IC50
CHEMBL165731,Cc1cccc(Nc2ncnc3cnc(NCCN4CCOCC4)cc23)c1,8.82,IC50
CHEMBL166255,CN(CCO)CCNc1cc2c(Nc3cccc(Br)c3)ncnc2cn1,8.77,IC50
CHEMBL165630,OCCN(CCO)CCNc1cc2c(Nc3cccc(Br)c3)ncnc2cn1,9.03,IC50
CHEMBL165495,Cc1cccc(Nc2ncnc3cnc(N)cc23)c1,8.51,IC50
CHEMBL163369,OCCN(CCO)CCCNc1cc2c(Nc3cccc(Br)c3)ncnc2cn1,9.46,IC50
CHEMBL166307,CN1CCN(NCCCNc2cc3c(Nc4cccc(Br)c4)ncnc3cn2)CC1,8.41,IC50
CHEMBL162223,Brc1cccc(Nc2ncnc3cnc(NCCc4ccccn4)cc23)c1,8.92,IC50
CHEMBL162719,CN1CCN(c2cc3c(Nc4cccc(Br)c4)ncnc3cn2)CC1,8.19,IC50
CHEMBL162821,CNc1cc2c(Nc3cccc(C)c3)ncnc2cn1,9.35,IC50
CHEMBL162053,CN(C)CCN(C)c1cc2c(Nc3cccc(Br)c3)ncnc2cn1,8.09,IC50
CHEMBL165574,Brc1cccc(Nc2ncnc3cnc(NCCCN4CCOCC4)cc23)c1,9.0,IC50
CHEMBL53940,CNc1cc2c(Nc3ccccc3)ncnc2cn1,8.05,IC50
CHEMBL165788,CNc1cc2c(Nc3cccc(C(F)(F)F)c3)ncnc2cn1,8.96,IC50
CHEMBL166093,OCC(O)CNc1cc2c(Nc3cccc(Br)c3)ncnc2cn1,9.74,IC50
CHEMBL349070,CN(C)CCCCNc1cc2c(Nc3cccc(Br)c3)ncnc2cn1,8.74,IC50
CHEMBL162142,Brc1cccc(Nc2ncnc3cnc(NCCc4c[nH]cn4)cc23)c1,9.11,IC50
CHEMBL165508,Brc1cccc(Nc2ncnc3cnc(NCc4cccnc4)cc23)c1,8.82,IC50
CHEMBL165547,CN(CC(O)CO)c1cc2c(Nc3cccc(Br)c3)ncnc2cn1,9.25,IC50
CHEMBL165864,OCCNc1cc2c(Nc3cccc(Br)c3)ncnc2cn1,9.72,IC50
CHEMBL161895,Cc1cccc(Nc2ncnc3cnc(NCCc4c[nH]cn4)cc23)c1,8.89,IC50
CHEMBL433520,CCN(CC)CC(O)CNc1cc2c(Nc3cccc(Br)c3)ncnc2cn1,8.34,IC50
CHEMBL355816,O=C(O)CNc1cc2c(Nc3cccc(Br)c3)ncnc2cn1,9.55,IC50
CHEMBL166154,CNc1cc2c(Nc3cccc(Cl)c3)ncnc2cn1,9.72,IC50
CHEMBL163188,Cc1cccc(Nc2ncnc3cnc(N(C)C)cc23)c1,8.55,IC50
CHEMBL163168,O=C(O)CCNc1cc2c(Nc3cccc(Br)c3)ncnc2cn1,7.57,IC50
CHEMBL162508,Cc1cccc(Nc2ncnc3cnc(NCCCN4CCOCC4)cc23)c1,8.74,IC50
CHEMBL166358,CN(C)CCCNc1cc2c(Nc3cccc(Br)c3)ncnc2cn1,8.92,IC50
CHEMBL162981,Brc1cccc(Nc2ncnc3cnc(NCCCn4ccnc4)cc23)c1,8.77,IC50
CHEMBL51853,Nc1cc2c(Nc3cccc(Br)c3)ncnc2cn1,9.89,IC50
CHEMBL162034,CN(C)CCNc1cc2c(Nc3cccc(Br)c3)ncnc2cn1,8.96,IC50
CHEMBL162622,Brc1cccc(Nc2ncnc3cnc(NCCN4CCOCC4)cc23)c1,9.19,IC50
CHEMBL449093,O=C(O)c1ccc(S(=O)(=O)Oc2ccc(/C=C/[N+](=O)[O-])cc2)cc1O,7.3,IC50
CHEMBL286343,C=CC(=O)Nc1cc2c(Nc3cccc(Br)c3)ncnc2cc1OCCCn1ccnc1,8.52,IC50
CHEMBL27685,C=CC(=O)Nc1cc2c(Nc3ccc(F)c(Br)c3)ncnc2cc1OCCCN1CCOCC1,8.74,IC50
CHEMBL31630,C=CC(=O)N(C)c1nc2c(Nc3ccc(F)c(Cl)c3)ncnc2cc1OCCCN1CCOCC1,7.7,IC50
CHEMBL27688,C=CC(=O)Nc1cc2c(Nc3cccc(C)c3)ncnc2cc1OCCCN1CCOCC1,8.82,IC50
CHEMBL31373,C=CC(=O)Nc1ccc2ncnc(Nc3ccc(F)c(Cl)c3)c2c1,9.12,IC50
CHEMBL31816,C=CC(=O)Nc1nc2c(Nc3ccc(F)c(Cl)c3)ncnc2cc1OC,9.02,IC50
CHEMBL417478,C=CC(=O)Nc1nc2c(Nc3ccc(F)c(Cl)c3)ncnc2cc1/C=C/CCN1CCOCC1,9.8,IC50
CHEMBL32844,C=CC(=O)Nc1cc2c(Nc3cccc(Br)c3)ncnc2cc1OCCCN1CCN(C)CC1,8.77,IC50
CHEMBL31588,C=CC(=O)Nc1cc2c(Nc3cccc(Br)c3)ncnc2cc1OCCCCN(C)C,8.41,IC50
CHEMBL31656,C=CC(=O)Nc1nc2c(Nc3ccc(F)c(Cl)c3)ncnc2cc1OCCCN1CCOCC1,8.82,IC50
CHEMBL31419,C=CC(=O)Nc1cc2c(Nc3cccc(Br)c3)ncnc2cc1OCCCN1CCOCC1,8.44,IC50
CHEMBL31326,C=CC(=O)Nc1cc2c(Nc3cccc(Br)c3)ncnc2cc1SCCCN(CC)CC,9.11,IC50
CHEMBL31815,C=CC(=O)Nc1ccc2ncnc(Nc3cccc(C)c3)c2c1,9.38,IC50
CHEMBL280757,C=CC(=O)Nc1ccc2ncnc(Nc3ccc(F)c(Br)c3)c2c1,9.16,IC50
CHEMBL28418,C=CC(=O)Nc1ccc2ncnc(Nc3ccc(F)c(Cl)c3)c2n1,9.12,IC50
CHEMBL281543,C=CC(=O)Nc1nc2c(Nc3ccc(F)c(Cl)c3)ncnc2cc1CCCCN1CCOCC1,8.57,IC50
CHEMBL284326,C=CC(=O)Nc1nc2c(Nc3ccc(F)c(Cl)c3)ncnc2cc1OCCCN1CCN(C)CC1,8.18,IC50
CHEMBL32079,C=CC(=O)Nc1cc2c(Nc3ccc(F)c(Cl)c3)ncnc2cc1OCCOCCCCO,8.77,IC50
CHEMBL31622,C=CC(=O)Nc1cc2c(Nc3cccc(C)c3)ncnc2cc1OCCCN1CCN(C)CC1,8.7,IC50
CHEMBL31570,C=CC(=O)Nc1nc2c(Nc3ccc(F)c(Cl)c3)ncnc2cc1OCCOC,9.01,IC50
CHEMBL283201,C=CC(=O)Nc1ccc2ncnc(Nc3ccc(CN(C)C)c(Br)c3)c2c1,7.35,IC50
CHEMBL31369,C=CC(=O)Nc1ccc2ncnc(Nc3ccc(OCCN(C)C)c(Br)c3)c2c1,7.57,IC50
CHEMBL53690,C=CC(=O)Nc1ccc2ncnc(Nc3cccc(C(F)(F)F)c3)c2c1,9.04,IC50
CHEMBL297968,C=CC(=O)Nc1ccc2c(Nc3cccc(C)c3)ncnc2c1,8.8,IC50
CHEMBL126192,CCOc1cc2ncnc(Nc3cccc(-c4nccs4)c3)c2cc1OCC,8.7,IC50
CHEMBL328216,Nc1cc2ncnc(Nc3cccc(Br)c3)c2cc1N,9.92,IC50
CHEMBL93032,Oc1cc2ncnc(Nc3cccc(Br)c3)c2cc1O,9.77,IC50
CHEMBL326596,COc1ccc2c(NCc3ccccc3)ncnc2c1,7.24,IC50
CHEMBL430571,C=CC(=O)Nc1ccc2ncnc(Nc3ccc(OCc4ccccc4)cc3)c2c1,8.44,IC50
CHEMBL52913,C=CC(=O)Nc1ccc2c(Nc3cccc(Cl)c3)ncnc2c1,9.6,IC50
CHEMBL92825,Ic1cccc(Nc2ncnc3ccccc23)c1,7.1,IC50
CHEMBL54091,C=CC(=O)Nc1cc2c(Nc3ccc(F)c(Br)c3)ncnc2cn1,9.14,IC50
CHEMBL53665,C=CC(=O)Nc1ccc2ncnc(Nc3ccc(F)c(Br)c3)c2n1,8.92,IC50
CHEMBL93181,COc1ccc2c(Nc3cccc(Br)c3)ncnc2c1,8.0,IC50
CHEMBL296168,C=CC(=O)Nc1ccc2ncnc(Nc3cccc(Br)c3)c2n1,8.96,IC50
CHEMBL51741,C=CC(=O)Nc1ccc2ncnc(N3CCc4ccc(Br)cc43)c2c1,9.4,IC50
CHEMBL325245,COc1cc2ncnc(NCc3ccccc3)c2cc1OC,8.0,IC50
CHEMBL340862,CCOc1cc2ncnc(Nc3cccc(-c4cncs4)c3)c2cc1OCC,7.96,IC50
CHEMBL115745,COc1cc2ncnc(NCc3ccccc3)c2cc1O,7.25,IC50
CHEMBL49986,C=CC(=O)Nc1cc2ncnc(Nc3cccc(Br)c3)c2cn1,9.27,IC50
CHEMBL443523,C=CC(=O)Nc1ccc2c(Nc3cccc(Br)c3)ncnc2c1,9.6,IC50
CHEMBL125920,CCOc1cc2ncnc(Nc3cccc(-c4cc[nH]n4)c3)c2cc1OCC,7.96,IC50
CHEMBL65250,C#Cc1cc(Nc2ncnc3cc(OC)c(OC)cc23)ccc1F,8.4,IC50
CHEMBL54088,C=CC(=O)Nc1cc2c(Nc3cccc(C)c3)ncnc2cn1,9.32,IC50
CHEMBL53555,C=CC(=O)Nc1cc2c(Nc3ccc(F)c(Cl)c3)ncnc2cn1,9.11,IC50
CHEMBL53637,C=CC(=O)Nc1ccc2ncnc(Nc3cccc(Cl)c3)c2c1,8.8,IC50
CHEMBL125086,CCOc1cc2ncnc(Nc3cccc(-c4ccco4)c3)c2cc1OCC,8.52,IC50
CHEMBL127223,CCOc1cc2ncnc(Nc3cccc(-c4cscn4)c3)c2cc1OCC,7.75,IC50
CHEMBL53203,C=CC(=O)Nc1ccc2ncnc(Nc3ccc(Oc4ccccc4)cc3)c2c1,8.32,IC50
CHEMBL329867,COc1cc2ncnc(Nc3cncc4ccccc34)c2cc1OC,8.19,IC50
CHEMBL419137,COc1cc2ncnc(NC3CC3c3ccccc3)c2cc1OC,8.0,IC50
CHEMBL91484,COc1cc2ncnc(NC3CC3c3ccccc3)c2cc1OCCCN(C)C,7.57,IC50
CHEMBL90540,COc1cc2ncnc(NC3CC3c3ccccc3)c2cc1OC(C)=O,7.08,IC50
CHEMBL328106,COc1cc2ncnc(Nc3ccc(Br)cc3)c2cc1OC,10.14,IC50
CHEMBL316064,COc1cc2ncnc(Nc3cccc(C(F)(F)F)c3)c2cc1OC,9.62,IC50
CHEMBL93302,Oc1ccc2c(Nc3cccc(Br)c3)ncnc2c1,8.33,IC50
CHEMBL418967,CCCOc1cc2ncnc(Nc3cccc(Br)c3)c2cc1OCCC,9.77,IC50
CHEMBL94191,COc1cc2ncnc(Nc3ccccc3)c2cc1OC,7.54,IC50
CHEMBL328879,COc1ccc2ncnc(Nc3ccccc3)c2c1,7.26,IC50
CHEMBL96780,COc1cc2ncnc(Nc3cccc(Br)c3)c2cc1N,8.42,IC50
CHEMBL90013,CN(C)c1ccc2c(Nc3cccc(Br)c3)ncnc2c1,7.96,IC50
CHEMBL433205,Nc1ccc2c(Nc3cccc(C(F)(F)F)c3)ncnc2c1,8.48,IC50
CHEMBL52197,COc1ccc2ncnc(Nc3cccc(Br)c3)c2c1,7.52,IC50
CHEMBL91980,Nc1ccc2c(Nc3cccc(I)c3)ncnc2c1,9.46,IC50
CHEMBL93051,Brc1cccc(Nc2ncnc3cc4c(cc23)OCO4)c1,7.82,IC50
CHEMBL93966,Nc1ccc2c(Nc3cccc(F)c3)ncnc2c1,8.7,IC50
CHEMBL328955,Nc1ccc2c(Nc3cccc(Cl)c3)ncnc2c1,9.6,IC50
CHEMBL93461,CC(=O)Nc1ccc2c(Nc3cccc(Br)c3)ncnc2c1,7.4,IC50
CHEMBL420254,CCNc1ccc2c(Nc3cccc(Br)c3)ncnc2c1,7.92,IC50
CHEMBL63469,Nc1cc2c(Nc3cccc(Br)c3)ncnc2cc1Cl,8.19,IC50
CHEMBL52015,CN(C)c1ccc2ncnc(Nc3cccc(Br)c3)c2c1,7.08,IC50
CHEMBL93734,CC(=O)Nc1cc2ncnc(Nc3cccc(Br)c3)c2cc1[N+](=O)[O-],7.55,IC50
CHEMBL92985,Fc1cccc(Nc2ncnc3ccccc23)c1,7.25,IC50
CHEMBL330224,Nc1ccc2c(Nc3ccccc3)ncnc2c1,7.0,IC50
CHEMBL66409,O=[N+]([O-])c1cc2c(Nc3cccc(Br)c3)ncnc2cc1Cl,7.6,IC50
CHEMBL94431,COc1cc2ncnc(Nc3cccc(F)c3)c2cc1OC,8.42,IC50
CHEMBL92936,CNc1cc2ncnc(Nc3cccc(Br)c3)c2cc1[N+](=O)[O-],7.17,IC50
CHEMBL92937,CNc1cc2ncnc(Nc3cccc(Br)c3)c2cc1N,9.16,IC50
CHEMBL50344,CNc1ccc2ncnc(Nc3cccc(Br)c3)c2c1,8.4,IC50
CHEMBL93545,Nc1cc2ncnc(Nc3cccc(Br)c3)c2cc1[N+](=O)[O-],7.28,IC50
CHEMBL96065,COc1cc2ncnc(Nc3cccc(I)c3)c2cc1OC,9.05,IC50
CHEMBL328691,COC(=O)Nc1ccc2ncnc(Nc3cccc(Br)c3)c2c1,7.92,IC50
CHEMBL65038,COc1cc2ncnc(Nc3cccc(Br)c3)c2cc1[N+](=O)[O-],7.82,IC50
CHEMBL317925,COc1cc2ncnc(Nc3cccc(Br)c3)c2c(OC)c1OC,9.17,IC50
CHEMBL327307,COc1cc2ncnc(Nc3ccc(Br)c(Br)c3)c2cc1OC,10.14,IC50
CHEMBL93783,CN(C/C=C/C(=O)Nc1ccc2ncnc(Nc3cccc(Br)c3)c2c1)CCO,7.85,IC50
CHEMBL177053,Brc1cccc(Nc2ncnc3cc4ncsc4cc23)c1,7.36,IC50
CHEMBL426580,Cc1nc2cc3c(Nc4cccc(Br)c4)ncnc3cc2[nH]1,9.54,IC50
CHEMBL327838,COCCOCC#CC(=O)Nc1ccc2ncnc(Nc3cccc(Br)c3)c2c1,7.19,IC50
CHEMBL328704,CCN(CC)CC#CC(=O)Nc1ccc2ncnc(Nc3cccc(Br)c3)c2c1,7.92,IC50
CHEMBL172652,Brc1cccc(Nc2ncnc3cc4[nH]nnc4cc23)c1,8.39,IC50
CHEMBL366580,Brc1cccc(Nc2ncnc3cc4c[nH]nc4cc23)c1,9.47,IC50
CHEMBL92356,CCN1CCN(CC#CC(=O)Nc2ccc3ncnc(Nc4cccc(Br)c4)c3c2)CC1,7.19,IC50
CHEMBL94062,O=C(C#CCO)Nc1ccc2ncnc(Nc3cccc(Br)c3)c2c1,8.7,IC50
CHEMBL93784,COCC1CCCN1CC#CC(=O)Nc1ccc2ncnc(Nc3cccc(Br)c3)c2c1,7.19,IC50
CHEMBL176582,Cn1cnc2cc3ncnc(Nc4cccc(Br)c4)c3cc21,11.0,IC50
CHEMBL93386,O=C(C#CCN1CCOCC1)Nc1ccc2ncnc(Nc3cccc(Br)c3)c2c1,7.7,IC50
CHEMBL92731,CCCN(C/C=C/C(=O)Nc1ccc2ncnc(Nc3cccc(Br)c3)c2c1)CCC,7.05,IC50
CHEMBL93049,COCOCC#CC(=O)Nc1ccc2ncnc(Nc3cccc(Br)c3)c2c1,7.23,IC50
CHEMBL92961,CC(C)N(CC#CC(=O)Nc1ccc2ncnc(Nc3cccc(Br)c3)c2c1)C(C)C,7.01,IC50
CHEMBL175101,CN(C)CCn1cnc2cc3c(Nc4cccc(Br)c4)ncnc3cc21,7.66,IC50
CHEMBL328245,CCCN(CC#CC(=O)Nc1ccc2ncnc(Nc3cccc(Br)c3)c2c1)CCC,7.21,IC50
CHEMBL91925,CCN(CC)C/C=C/C(=O)Nc1ccc2ncnc(Nc3cccc(Br)c3)c2c1,7.14,IC50
CHEMBL316127,O=C(/C=C/CN1CCOCC1)Nc1ccc2ncnc(Nc3cccc(Br)c3)c2c1,7.13,IC50
CHEMBL174426,Cn1cnc2cc3c(Nc4cccc(Br)c4)ncnc3cc21,10.6,IC50
CHEMBL91009,COCC#CC(=O)Nc1ccc2ncnc(Nc3cccc(Br)c3)c2c1,8.05,IC50
CHEMBL173498,Brc1cccc(Nc2ncnc3cc4nccnc4cc23)c1,8.77,IC50
CHEMBL90595,O=C(C#CCN1CCCCC1)Nc1ccc2ncnc(Nc3cccc(Br)c3)c2c1,7.24,IC50
CHEMBL419501,COC[C@H]1CCCN1C/C=C/C(=O)Nc1ccc2ncnc(Nc3cccc(Br)c3)c2c1,7.07,IC50
CHEMBL91811,CC(C)N(C)CC#CC(=O)Nc1ccc2ncnc(Nc3cccc(Br)c3)c2c1,7.07,IC50
CHEMBL328977,O=C(C#CCN1CCSCC1)Nc1ccc2ncnc(Nc3cccc(Br)c3)c2c1,7.02,IC50
CHEMBL329856,CN(C)CC#CC(=O)Nc1ccc2ncnc(Nc3cccc(Br)c3)c2c1,8.22,IC50
CHEMBL442754,COCCN(C)C/C=C/C(=O)Nc1ccc2ncnc(Nc3cccc(Br)c3)c2c1,7.21,IC50
CHEMBL94109,O=C(/C=C/CN1CCC(N2CCCCC2)CC1)Nc1ccc2ncnc(Nc3cccc(Br)c3)c2c1,7.17,IC50
CHEMBL91867,CC#CC(=O)Nc1ccc2ncnc(Nc3cccc(Br)c3)c2c1,9.7,IC50
CHEMBL176891,CN(C)CCn1cnc2cc3ncnc(Nc4cccc(Br)c4)c3cc21,8.88,IC50
CHEMBL414220,C=CCN(C)CC#CC(=O)Nc1ccc2ncnc(Nc3cccc(Br)c3)c2c1,7.15,IC50
CHEMBL301359,c1ccc2ncncc2c1,7.57,IC50
CHEMBL53375,COc1cc2ncnc(Nc3cccc(Br)c3)c2cn1,7.41,IC50
CHEMBL52472,COc1ccc2ncncc2c1,7.52,IC50
CHEMBL53796,CN(C)c1ccc2ncnc(Nc3cccc(Br)c3)c2n1,8.02,IC50
CHEMBL53299,COc1ccc(CNc2cc3c(Nc4cccc(Br)c4)ncnc3cn2)cc1,8.64,IC50
CHEMBL298637,CNc1ccc2c(Nc3cccc(Br)c3)ncnc2n1,7.28,IC50
CHEMBL50519,COc1ccc2ncnc(Nc3cccc(Br)c3)c2n1,8.37,IC50
CHEMBL53062,COc1cc2c(Nc3cccc(Br)c3)ncnc2cn1,8.59,IC50
CHEMBL54805,Brc1cccc(Nc2ncnc3cccnc23)c1,7.47,IC50
CHEMBL53300,Nc1ccc2ncncc2c1,9.1,IC50
CHEMBL53711,CN(C)c1cc2c(Nc3cccc(Br)c3)ncnc2cn1,7.68,IC50
CHEMBL291496,Clc1ccc2ncnc(Nc3cccc(Br)c3)c2n1,7.75,IC50
CHEMBL52418,CC(=O)Nc1cc2ncnc(Nc3cccc(Br)c3)c2cn1,7.54,IC50
CHEMBL53156,CNc1ccc2ncnc(Nc3cccc(Br)c3)c2n1,8.51,IC50
CHEMBL296377,Clc1cc2c(Nc3cccc(Br)c3)ncnc2cn1,7.4,IC50
CHEMBL53753,CNc1cc2c(Nc3cccc(Br)c3)ncnc2cn1,7.82,IC50
CHEMBL52882,CNC1=CC2N=CN(C)/C(=N\c3cccc(Br)c3)C2C=N1,8.51,IC50
CHEMBL51265,Brc1cccc(Nc2ncnc3cnccc23)c1,7.29,IC50
CHEMBL53850,CNc1ccc2ncncc2c1,8.15,IC50
CHEMBL55729,Nc1ccc2cncnc2c1,10.0,IC50
CHEMBL52784,CN(C)c1ccc2cncnc2c1,7.96,IC50
CHEMBL51707,Fc1cc2ncnc(Nc3cccc(Br)c3)c2cn1,7.89,IC50
CHEMBL295961,CNc1ccc2cncnc2c1,8.4,IC50
CHEMBL52665,Brc1cccc(Nc2ncnc3ccncc23)c1,7.46,IC50
CHEMBL300217,Nc1ccc2ncnc(Nc3cccc(Br)c3)c2n1,8.12,IC50
CHEMBL300491,COc1ccc2cncnc2c1,8.0,IC50
CHEMBL53404,CC(=O)Nc1cc2ncnc(NCc3ccccc3)c2cn1,7.0,IC50
CHEMBL54788,Fc1ccc2ncnc(Nc3cccc(Br)c3)c2n1,7.36,IC50
CHEMBL332612,Nc1ccc(Nc2[nH]nc3ncnc(Nc4cccc(Cl)c4)c23)cc1,8.3,IC50
CHEMBL332333,c1ccc(Nc2nc[nH]c3nnc(Nc4ccccc4)c2-3)cc1,7.24,IC50
CHEMBL332882,Nc1cccc(-c2[nH]nc3ncnc(Nc4cccc(Cl)c4)c23)c1,8.3,IC50
CHEMBL120979,COc1cccc(Nc2[nH]nc3ncnc(Nc4cccc(Cl)c4)c23)c1,8.1,IC50
CHEMBL301612,Cn1c(=O)c(-c2c(Cl)cccc2Cl)cc2cnc(Nc3ccccc3)nc21,7.11,IC50
CHEMBL122245,COc1ccc(CNc2[nH]nc3ncnc(Nc4cccc(Cl)c4)c23)cc1,8.15,IC50
CHEMBL332765,CN(C)c1ccc(Nc2[nH]nc3ncnc(Nc4cccc(Cl)c4)c23)cc1,7.54,IC50
CHEMBL121796,Clc1cccc(Nc2[nH]cnc3nnc(NCc4ccccc4)c2-3)c1,8.15,IC50
CHEMBL331906,Oc1cccc(-c2[nH]nc3ncnc(Nc4cccc(Cl)c4)c23)c1,7.58,IC50
CHEMBL332906,Nc1ccc(-c2[nH]nc3ncnc(Nc4cccc(Cl)c4)c23)cc1,8.7,IC50
CHEMBL333231,Clc1cccc(CNc2[nH]nc3ncnc(Nc4cccc(Cl)c4)c23)c1,7.58,IC50
CHEMBL332971,COc1ccc(-c2[nH]nc3ncnc(Nc4cccc(Cl)c4)c23)cc1,7.02,IC50
CHEMBL123189,COc1cccc(CNc2[nH]nc3ncnc(Nc4cccc(Cl)c4)c23)c1,8.1,IC50
CHEMBL121260,Clc1cccc(Nc2[nH]nc3ncnc(Nc4ccccc4)c23)c1,7.08,IC50
CHEMBL121954,Oc1cccc(Nc2[nH]nc3ncnc(Nc4cccc(Cl)c4)c23)c1,9.0,IC50
CHEMBL24828,COc1cc2/c(=N/c3ccc(Br)cc3F)nc[nH]c2cc1OCC1CCN(C)CC1,8.32,KD
CHEMBL122411,COc1ccc(Nc2[nH]nc3ncnc(Nc4cccc(Cl)c4)c23)cc1,7.52,IC50
CHEMBL122182,Oc1ccc(Nc2[nH]nc3ncnc(Nc4cccc(Cl)c4)c23)cc1,8.1,IC50
CHEMBL119977,Clc1cccc(Nc2[nH]cnc3nnc(-c4ccccc4)c2-3)c1,7.72,IC50
CHEMBL118130,Oc1ccc(-c2[nH]nc3ncnc(Nc4cccc(Cl)c4)c23)cc1,8.22,IC50
CHEMBL306315,Clc1cccc(Nc2ncnc3[nH]c4ccccc4c23)c1,8.22,IC50
CHEMBL307209,Clc1cccc(Nc2ncnc3[nH]c(-c4ccccc4)c(-c4ccccc4)c23)c1,7.02,IC50
CHEMBL72393,Brc1cccc(Nc2ncnc3[nH]c4c(c23)CCCC4)c1,7.34,IC50
CHEMBL75177,Clc1cccc(Nc2ncnc3[nH]c4c(c23)CCCC4)c1,7.54,IC50
CHEMBL306081,Cc1[nH]c2ncnc(Nc3cccc(Cl)c3)c2c1C,7.57,IC50
CHEMBL74722,Cc1[nH]c2ncnc(Nc3cccc(Br)c3)c2c1C,7.6,IC50
CHEMBL311129,Cc1c(-c2ccccc2)[nH]c2ncnc(Nc3cccc(Cl)c3)c12,8.0,IC50
CHEMBL182254,Fc1cccc(COc2ccc(Nc3ncnc4nn5ccccc5c34)cc2Cl)c1,7.5,IC50
CHEMBL181742,Clc1cc(Nc2ncnc3nn4ccccc4c23)ccc1OCc1ccccc1,7.3,IC50
CHEMBL181617,ClCCNc1ccc2ncnc(Nc3cccc(Br)c3)c2c1,8.0,IC50
CHEMBL179451,ClCCNc1ccc2ncnc(Nc3cccc(Cl)c3)c2c1,7.58,IC50
CHEMBL188304,Cc1ccn2ncnc(Nc3ccc(F)c(Cl)c3)c12,7.0,IC50
CHEMBL275762,O=C(CCl)Nc1ccc2ncnc(Nc3cc(Cl)c(Cl)cc3F)c2c1,10.15,IC50
CHEMBL193159,O=C(CCl)Nc1ccc2ncnc(Nc3cccc(Br)c3)c2c1,8.0,IC50
CHEMBL193160,O=C(CCl)Nc1ccc2ncnc(Nc3cccc(I)c3)c2c1,9.92,IC50
CHEMBL190094,CN(C)C/C=C/C(=O)Nc1ccc2ncnc(Nc3cc(Cl)c(Cl)cc3F)c2c1,9.96,IC50
CHEMBL189779,CN(C)C/C=C/C(=O)Nc1ccc2ncnc(Nc3cccc(I)c3)c2c1,9.03,IC50
CHEMBL437879,COc1cc2ncnc(Nc3cc(Cl)c(Cl)cc3F)c2cc1OC,9.68,IC50
CHEMBL363815,C=CC(=O)Nc1ccc2ncnc(Nc3cc(Cl)c(Cl)cc3F)c2c1,10.43,IC50
CHEMBL196018,CCOC(=O)c1cn2ncnc(Nc3ccc(F)c(Cl)c3)c2c1CC,7.05,IC50
CHEMBL370934,CCOC(=O)c1cn2ncnc(Nc3cccc(Br)c3)c2c1CC,7.22,IC50
CHEMBL372112,CCOC(=O)c1cn2ncnc(Nc3ccc4[nH]ncc4c3)c2c1CC,7.3,IC50
CHEMBL196438,CCc1c(C(=O)O)cn2ncnc(Nc3ccc4c(cnn4Cc4ccccc4)c3)c12,7.7,IC50
CHEMBL197689,CCc1c(C(=O)NC)cn2ncnc(Nc3ccc4c(cnn4Cc4ccccc4)c3)c12,7.16,IC50
CHEMBL193681,CCc1c(C(=O)NCCCn2ccnc2)cn2ncnc(Nc3ccc4c(cnn4Cc4ccccc4)c3)c12,7.4,IC50
CHEMBL412367,CCc1c(NC(=O)OCCn2ccnc2)cn2ncnc(Nc3ccc4c(cnn4Cc4ccccc4)c3)c12,7.4,IC50
CHEMBL371888,COc1cc2ncnc(Nc3ccc(OCc4ccccn4)c(C)c3)c2cc1OC,7.23,IC50
CHEMBL444619,COc1cc(ON2CCC(C)CC2)c2c(Nc3ccc(OCc4ccccn4)c(Cl)c3)ncnc2c1,8.3,IC50
CHEMBL197640,CN1CCC(Oc2cccc3ncnc(Nc4ccc(OCc5cccc(F)c5)c(Cl)c4)c23)CC1,8.3,IC50
CHEMBL437890,CN1CCN(CCC#CC(=O)Nc2cc3c(Nc4ccc(F)c(Br)c4)ncnc3cn2)CC1,8.96,IC50
CHEMBL203599,CN1CCN(CCC#CC(=O)Nc2cc3c(Nc4ccc(F)c(Cl)c4)ncnc3cn2)CC1,9.3,IC50
CHEMBL205059,O=C(C#CCCN1CCCCC1)Nc1cc2c(Nc3ccc(F)c(Cl)c3)ncnc2cn1,9.05,IC50
CHEMBL204638,O=C(C#CCCN1CCOCC1)Nc1cc2c(Nc3ccc(F)c(Br)c3)ncnc2cn1,8.82,IC50
CHEMBL203661,O=C(C#CCCN1CCOCC1)Nc1cc2c(Nc3ccc(F)c(Cl)c3)ncnc2cn1,8.89,IC50
CHEMBL202556,O=C(C#CCN1CCOCC1)Nc1cc2c(Nc3ccc(F)c(Cl)c3)ncnc2cn1,8.51,IC50
CHEMBL202421,CCCCN(CC#CC(=O)Nc1cc2c(Nc3ccc(F)c(Cl)c3)ncnc2cn1)CCCC,7.77,IC50
CHEMBL383499,CC(C)N(CC#CC(=O)Nc1cc2c(Nc3ccc(F)c(Cl)c3)ncnc2cn1)C(C)C,7.36,IC50
CHEMBL202425,CCN(CC)CC#CC(=O)Nc1cc2c(Nc3ccc(F)c(Cl)c3)ncnc2cn1,7.82,IC50
CHEMBL202424,CCCCC#CC(=O)Nc1cc2c(Nc3ccc(F)c(Cl)c3)ncnc2cn1,7.82,IC50
CHEMBL203645,CCCC#CC(=O)Nc1cc2c(Nc3ccc(F)c(Cl)c3)ncnc2cn1,8.77,IC50
CHEMBL203644,CC#CC(=O)Nc1cc2c(Nc3ccc(F)c(Cl)c3)ncnc2cn1,9.52,IC50
CHEMBL378144,C#CC(=O)Nc1cc2c(Nc3cccc(Br)c3)ncnc2cn1,9.22,IC50
CHEMBL204085,O=C(C#CCCN1CCOCC1)Nc1ccc2ncnc(Nc3ccc(F)c(Cl)c3)c2c1,8.77,IC50
CHEMBL382073,CCN(CC)CCC#CC(=O)Nc1ccc2ncnc(Nc3ccc(F)c(Cl)c3)c2c1,8.74,IC50
CHEMBL202621,O=C(C#CCN1CCOCC1)Nc1ccc2ncnc(Nc3ccc(F)c(Cl)c3)c2c1,7.07,IC50
CHEMBL202398,CCCCN(CC#CC(=O)Nc1ccc2ncnc(Nc3ccc(F)c(Cl)c3)c2c1)CCCC,7.4,IC50
CHEMBL380669,CC(C)N(CC#CC(=O)Nc1ccc2ncnc(Nc3ccc(F)c(Cl)c3)c2c1)C(C)C,8.38,IC50
CHEMBL373207,CCN(CC)CC#CC(=O)Nc1ccc2ncnc(Nc3ccc(F)c(Cl)c3)c2c1,8.51,IC50
CHEMBL202411,O=C(C#CCO)Nc1ccc2ncnc(Nc3ccc(F)c(Cl)c3)c2c1,8.85,IC50
CHEMBL202360,C#CC(=O)Nc1ccc2ncnc(Nc3cccc(Br)c3)c2c1,8.8,IC50
CHEMBL203295,COc1cc(OC2CCN(C)CC2)c2c(Nc3ccc(F)c(Cl)c3)ncnc2c1,7.68,IC50
CHEMBL205776,CN1CCN(CCCOc2cc(OC3CCOCC3)c3c(Nc4ccc(F)c(Cl)c4)ncnc3c2)CC1,7.18,IC50
CHEMBL205149,COc1cc(OC2CCNCC2)c2c(Nc3ccc(F)c(Cl)c3)ncnc2c1,8.0,IC50
CHEMBL203725,CN1CCC(Oc2cccc3ncnc(Nc4ccc(F)c(Cl)c4)c23)CC1,8.52,IC50
CHEMBL206029,CS(=O)(=O)CCNC(=O)NCc1cccc(C#Cc2cncnc2Nc2ccc(OCc3cccc(F)c3)c(Cl)c2)n1,7.82,IC50
CHEMBL380078,CNC(=O)NCc1cccc(C#Cc2cncnc2Nc2ccc(OCc3cccc(F)c3)c(Cl)c2)n1,7.64,IC50
CHEMBL206003,NCc1cccc(C#Cc2cncnc2Nc2ccc(OCc3cccc(F)c3)c(Cl)c2)n1,7.68,IC50
CHEMBL204570,OCc1cccc(C#Cc2cncnc2Nc2ccc(OCc3cccc(F)c3)c(Cl)c2)n1,7.4,IC50
CHEMBL204467,OCc1ccc(C#Cc2cncnc2Nc2ccc(OCc3cccc(F)c3)c(Cl)c2)o1,7.48,IC50
CHEMBL205047,OCc1nc(C#Cc2cncnc2Nc2ccc(OCc3cccc(F)c3)c(Cl)c2)cs1,7.12,IC50
CHEMBL205765,CC(=O)Nc1cccc(C#Cc2cncnc2Nc2ccc(OCc3cccc(F)c3)c(Cl)c2)n1,7.04,IC50
CHEMBL381604,Nc1nccc(C#Cc2cncnc2Nc2ccc(OCc3cccc(F)c3)c(Cl)c2)n1,7.5,IC50
CHEMBL205284,Fc1cccc(COc2ccc(Nc3ncncc3C#Cc3cc[nH]n3)cc2Cl)c1,7.38,IC50
CHEMBL207869,Fc1cccc(COc2ccc(Nc3ncncc3C#Cc3ncccn3)cc2Cl)c1,7.11,IC50
CHEMBL205045,Fc1cccc(COc2ccc(Nc3ncncc3C#Cc3ccccn3)cc2Cl)c1,7.77,IC50
CHEMBL438440,Fc1cccc(COc2ccc(Nc3ncncc3C#Cc3cccnc3)cc2Cl)c1,7.13,IC50
CHEMBL206782,COC(=O)CCCC(=O)Nc1cccc(C#Cc2cncnc2Nc2ccc(OCc3cccc(F)c3)c(Cl)c2)c1,7.51,IC50
CHEMBL381080,CS(=O)(=O)CCC(=O)Nc1cccc(C#Cc2cncnc2Nc2ccc(OCc3cccc(F)c3)c(Cl)c2)c1,7.3,IC50
CHEMBL207247,CC(=O)NCc1cccc(C#Cc2cncnc2Nc2ccc(OCc3cccc(F)c3)c(Cl)c2)c1,7.22,IC50
CHEMBL207410,CNC(=O)c1cccc(C#Cc2cncnc2Nc2ccc(OCc3cccc(F)c3)c(Cl)c2)c1,7.1,IC50
CHEMBL205798,CC(=O)Nc1cccc(C#Cc2cncnc2Nc2ccc(OCc3cccc(F)c3)c(Cl)c2)c1,7.92,IC50
CHEMBL205966,Nc1ccc(C#Cc2cncnc2Nc2ccc(OCc3cccc(F)c3)c(Cl)c2)cc1,7.52,IC50
CHEMBL205235,Nc1cccc(C#Cc2cncnc2Nc2ccc(OCc3cccc(F)c3)c(Cl)c2)c1,7.38,IC50
CHEMBL204625,Nc1ccccc1C#Cc1cncnc1Nc1ccc(OCc2cccc(F)c2)c(Cl)c1,7.2,IC50
CHEMBL379093,Fc1cccc(COc2ccc(Nc3ncncc3C#Cc3ccccc3)cc2Cl)c1,7.1,IC50
CHEMBL205870,C#Cc1cncnc1Nc1ccc(OCc2cccc(F)c2)c(Cl)c1,7.07,IC50
CHEMBL207815,COCCN1CC(C(N)=O)(N(C)Cc2cc3c(Nc4cccc(Cl)c4F)ncnc3cc2OC)C1,8.22,IC50
CHEMBL425601,COc1cc2ncnc(Nc3cccc(Cl)c3F)c2cc1CN(C)C1(C(N)=O)CN(C(C)C)C1,8.05,IC50
CHEMBL207718,COc1cc2ncnc(Nc3cccc(Cl)c3F)c2cc1CN(C)C1(C(N)=O)CN(C)C1,7.7,IC50
CHEMBL383246,COc1cc2ncnc(Nc3cccc(Cl)c3F)c2cc1CN(C)C1(C(N)=O)CCN(C(C)C)CC1,7.6,IC50
CHEMBL207130,COc1cc2ncnc(Nc3cccc(Cl)c3F)c2cc1CN(C)C1(C(N)=O)CCN(C)CC1,8.05,IC50
CHEMBL380889,COc1cc2ncnc(Nc3cccc(Cl)c3F)c2cc1CN(C)[C@@H](CN(C)C)C(N)=O,7.3,IC50
CHEMBL207445,COCC[C@@H](C(N)=O)N(C)Cc1cc2c(Nc3cccc(Cl)c3F)ncnc2cc1OC,8.0,IC50
CHEMBL379905,COC[C@@H](C(N)=O)N(C)Cc1cc2c(Nc3cccc(Cl)c3F)ncnc2cc1OC,7.52,IC50
CHEMBL208286,COc1cc2ncnc(Nc3cccc(Cl)c3F)c2cc1CN(C)[C@@H](CO)C(N)=O,7.7,IC50
CHEMBL382823,COCCN(Cc1cc2c(Nc3cccc(Cl)c3F)ncnc2cc1OC)[C@@H](C)C(N)=O,8.0,IC50
CHEMBL378370,COc1cc2ncnc(Nc3cccc(Cl)c3F)c2cc1CN(C)C1CCNC1=O,7.7,IC50
CHEMBL380006,COc1cc2ncnc(Nc3cccc(Cl)c3F)c2cc1CN(C)[C@H](C)C(=O)N(C)C,7.4,IC50
CHEMBL211003,CNC(=O)[C@@H](C)N(C)Cc1cc2c(Nc3cccc(Cl)c3F)ncnc2cc1OC,7.52,IC50
CHEMBL207687,COc1cc2ncnc(Nc3cccc(Cl)c3F)c2cc1CN(C)[C@@H](C)C(N)=O,8.1,IC50
CHEMBL208118,COc1cc2ncnc(Nc3cccc(Cl)c3F)c2cc1CN(C)[C@H](C)C(N)=O,8.05,IC50
CHEMBL379601,COc1cc2ncnc(Nc3cccc(Cl)c3F)c2cc1CN(C)CC(N)=O,7.7,IC50
CHEMBL207037,COc1cc2ncnc(Nc3cccc(Cl)c3F)c2cc1CN1CC(C(N)=O)C1,7.3,IC50
CHEMBL207246,COc1cc2ncnc(Nc3cccc(Cl)c3F)c2cc1CN1CCC1C(N)=O,7.16,IC50
CHEMBL207674,COc1cc2ncnc(Nc3cccc(Cl)c3F)c2cc1CN1CCOCC1C(N)=O,7.3,IC50
CHEMBL206783,COc1cc2ncnc(Nc3cccc(Cl)c3F)c2cc1CN1CCCC[C@@H]1C(N)=O,8.1,IC50
CHEMBL204420,COc1cc2ncnc(Nc3cccc(Cl)c3F)c2cc1CN1CCN(C)CC1C(N)=O,7.52,IC50
CHEMBL380454,COc1cc2ncnc(Nc3cccc(Cl)c3F)c2cc1CN1CC[C@H](C(N)=O)C1,7.1,IC50
CHEMBL383760,CNC(=O)[C@H]1CCCN1Cc1cc2c(Nc3cccc(Cl)c3F)ncnc2cc1OC,7.3,IC50
CHEMBL207235,COc1cc2ncnc(Nc3cccc(Cl)c3F)c2cc1CN1C[C@H](OC)C[C@@H]1C(N)=O,8.0,IC50
CHEMBL208292,COc1cc2ncnc(Nc3cccc(Cl)c3F)c2cc1CN1CCC[C@@H]1C(N)=O,8.0,IC50
CHEMBL207584,COc1cc2ncnc(Nc3cccc(Cl)c3F)c2cc1CN1CCC[C@H]1C(N)=O,7.52,IC50
CHEMBL382638,COc1cc2ncnc(Nc3ccc(F)c(Cl)c3)c2cc1CN1CCC[C@H]1C(N)=O,7.7,IC50
CHEMBL206955,COc1cc2ncnc(Nc3ccc(F)c(Cl)c3)c2cc1CN1CCC[C@@H]1C(N)=O,8.22,IC50
CHEMBL210660,O=NN(CCCl)C(=O)Nc1ccc2ncnc(Nc3cccc(Br)c3)c2c1,7.33,IC50
CHEMBL210659,O=NN(CCCl)C(=O)Nc1ccc2ncnc(Nc3cccc(Cl)c3)c2c1,7.17,IC50
CHEMBL208144,CN(CCCl)C(=O)Nc1ccc2ncnc(Nc3cccc(Cl)c3)c2c1,7.09,IC50
CHEMBL207009,O=C(NCCCl)Nc1ccc2ncnc(Nc3cccc(Br)c3)c2c1,7.75,IC50
CHEMBL210444,O=C(NCCCl)Nc1ccc2ncnc(Nc3cccc(Cl)c3)c2c1,7.66,IC50
CHEMBL209343,CNc1ccc2ncnc(Nc3cccc(Cl)c3)c2c1,8.4,IC50
CHEMBL208594,CNc1ccc2ncnc(Nc3cccc(C)c3)c2c1,7.96,IC50
CHEMBL212965,[O-][S+]1CCN(Cc2ccc(-c3ccc4ncnc(Nc5ccc(OCc6ccccc6)c(Cl)c5)c4c3)o2)CC1,7.92,IC50
CHEMBL215716,[O-][S+]1CCN(Cc2ccc(-c3ccc4ncnc(Nc5ccc(OCc6ccccc6)c(F)c5)c4c3)o2)CC1,7.8,IC50
CHEMBL212954,[O-][S+]1CCN(Cc2ccc(-c3ccc4ncnc(Nc5ccc(OCc6cccc(F)c6)c(Cl)c5)c4c3)o2)CC1,7.55,IC50
CHEMBL377250,[O-][S+]1CCN(Cc2ccc(-c3ccc4ncnc(Nc5ccc(OCc6cccc(F)c6)c(C(F)(F)F)c5)c4c3)o2)CC1,7.05,IC50
CHEMBL445572,CS(=O)(=O)CCN(Cc1ccccc1)Cc1ccc(-c2ccc3ncnc(Nc4ccc(OCc5cccc(F)c5)c(Cl)c4)c3c2)o1,7.05,IC50
CHEMBL384407,CS(=O)(=O)CCN(CC#N)Cc1ccc(-c2ccc3ncnc(Nc4ccc(OCc5cccc(F)c5)c(Cl)c4)c3c2)o1,7.57,IC50
CHEMBL212251,CCCN(CCS(C)(=O)=O)Cc1ccc(-c2ccc3ncnc(Nc4ccc(OCc5cccc(F)c5)c(Cl)c4)c3c2)o1,7.07,IC50
CHEMBL212201,O=S(=O)(CCCCNCc1ccc(-c2ccc3ncnc(Nc4ccc(OCc5ccccc5)c(Cl)c4)c3c2)o1)c1ccccc1,7.3,IC50
CHEMBL212250,O=S(=O)(CCOCc1ccc(-c2ccc3ncnc(Nc4ccc(OCc5cccc(F)c5)c(Cl)c4)c3c2)o1)c1ccccc1,7.6,IC50
CHEMBL215171,CS(=O)(=O)CCOCc1ccc(-c2ccc3ncnc(Nc4ccc(OCc5cccc(F)c5)c(Cl)c4)c3c2)o1,7.58,IC50
CHEMBL265367,Cn1ccnc1S(=O)(=O)CCNCc1ccc(-c2ccc3ncnc(Nc4ccc(OCc5cccc(F)c5)c(C(F)(F)F)c4)c3c2)o1,7.77,IC50
CHEMBL214023,O=S(=O)(CCNCc1ccc(-c2ccc3ncnc(Nc4ccc(OCc5cccc(F)c5)c(C(F)(F)F)c4)c3c2)o1)c1ccccn1,7.72,IC50
CHEMBL1794063,O=S(=O)(CCNCc1ccc(-c2ccc3ncnc(Nc4ccc(OCc5cccc(F)c5)c(Cl)c4)c3c2)o1)c1ccccc1,7.72,IC50
CHEMBL214487,CC(C)S(=O)(=O)CCNCc1ccc(-c2ccc3ncnc(Nc4ccc(OCc5cccc(F)c5)c(Cl)c4)c3c2)o1,7.75,IC50
CHEMBL383965,CCCS(=O)(=O)CCNCc1ccc(-c2ccc3ncnc(Nc4ccc(OCc5cccc(F)c5)c(Cl)c4)c3c2)o1,7.68,IC50
CHEMBL215814,CS(=O)(=O)CCNCc1ccc(-c2ccc3ncnc(Nc4ccc(OCc5cccc(F)c5)c(C(F)(F)F)c4)c3c2)o1,7.1,IC50
CHEMBL215033,COc1cc(Nc2ncnc3ccc(-c4ccc(CNCCS(C)(=O)=O)o4)cc23)ccc1OCc1cccc(F)c1,7.0,IC50
CHEMBL214689,CS(=O)(=O)CCNCc1ccc(-c2ccc3ncnc(Nc4ccc(OCc5ccccc5)c(Br)c4)c3c2)o1,7.6,IC50
CHEMBL380247,CS(=O)(=O)CCNCc1ccc(-c2ccc3ncnc(Nc4ccc(OCc5ccccc5)c(Cl)c4)c3c2)o1,7.75,IC50
CHEMBL214419,CS(=O)(=O)CCNCc1ccc(-c2ccc3ncnc(Nc4ccc(OCc5cccc(C(F)(F)F)c5)cc4)c3c2)o1,7.04,IC50
CHEMBL384711,CS(=O)(=O)CCNCc1ccc(-c2ccc3ncnc(Nc4ccc(OCc5cccc(Br)c5)cc4)c3c2)o1,7.37,IC50
CHEMBL213818,CS(=O)(=O)CCNCc1ccc(-c2ccc3ncnc(Nc4ccc(OCc5cccc(F)c5)cc4)c3c2)o1,7.62,IC50
CHEMBL213342,CS(=O)(=O)CCNCc1ccc(-c2ccc3ncnc(Nc4ccc(OCc5ccccc5)cc4)c3c2)o1,7.57,IC50
CHEMBL385479,COc1cc2ncnc(Nc3cccc(Cl)c3F)c2cc1OCCCN1CCOCC1,7.75,IC50
CHEMBL384699,COc1cc2ncnc(Nc3cc(Cl)ccc3F)c2cc1OCCCN1CCOCC1,7.29,IC50
CHEMBL213874,COc1cc2ncnc(Nc3cccc(Cl)c3F)c2cc1OCC1CCN(C)CC1,8.7,IC50
CHEMBL385471,COc1cc2ncnc(Nc3cc(Cl)ccc3F)c2cc1OCC1CCN(C)CC1,8.05,IC50
CHEMBL276154,COc1cc2ncnc(Nc3ccc(F)c(Cl)c3)c2cc1OC1CCN(C)CC1,8.0,IC50
CHEMBL215786,COc1cc2ncnc(Nc3ccc(F)c(Cl)c3)c2cc1OCC1CCN(C)CC1,8.52,IC50
CHEMBL214798,COc1cc2ncnc(Nc3cccc(Cl)c3F)c2cc1OC1CCN(C)CC1,8.7,IC50
CHEMBL213007,COc1cc2ncnc(Nc3cc(Cl)ccc3F)c2cc1OC1CCN(S(C)(=O)=O)CC1,9.0,IC50
CHEMBL214478,COc1cc2ncnc(Nc3cc(Cl)ccc3F)c2cc1OC1CCN(CC(N)=O)CC1,8.05,IC50
CHEMBL387265,COc1cc2ncnc(Nc3cccc(Cl)c3F)c2cc1OC1CCN(S(C)(=O)=O)CC1,8.7,IC50
CHEMBL218677,COc1cc2ncnc(Nc3cccc(Cl)c3F)c2cc1OC1CCN(CC(N)=O)CC1,8.7,IC50
CHEMBL214857,COCCN1CCC(Oc2cc3c(Nc4cccc(Cl)c4F)ncnc3cc2OC)CC1,8.52,IC50
CHEMBL217536,O=C(Nc1ccc2ncnc(Nc3cccc(Br)c3)c2c1)C1CCSS1,7.22,IC50
CHEMBL387187,O=C(Nc1cccc(Nc2cc(Nc3cccc(C(F)(F)F)c3)ncn2)c1)C1CC1,8.4,IC50
CHEMBL1204261,CCOc1cc2ncnc(Nc3cccc(F)c3)c2cc1OCC.Cl,8.09,IC50
CHEMBL1203934,COc1cc2ncnc(Nc3ccc(F)cc3)c2cc1OC.Cl,7.29,IC50
CHEMBL1204360,COc1cc2ncnc(Nc3ccccc3F)c2cc1OC.Cl,7.49,IC50
CHEMBL1203940,CCOc1cc2ncnc(Nc3ccc(F)cc3)c2cc1OCC.Cl,7.8,IC50
CHEMBL1203939,CCOc1cc2ncnc(Nc3ccccc3F)c2cc1OCC.Cl,8.03,IC50
CHEMBL1203938,COc1cc2ncnc(NCc3ccc(F)cc3)c2cc1OC.Cl,7.32,IC50
CHEMBL1203937,CCOc1cc2ncnc(NCc3ccc(F)cc3)c2cc1OCC.Cl,7.77,IC50
CHEMBL1203936,COc1cc2ncnc(Nc3cc(F)cc(C(F)(F)F)c3)c2cc1OC.Cl,7.7,IC50
CHEMBL1203935,CCOc1cc2ncnc(Nc3cc(F)cc(C(F)(F)F)c3)c2cc1OCC.Cl,8.05,IC50
CHEMBL1204305,COc1cc2ncnc(Nc3cccc(I)c3)c2cc1OC.Cl,8.98,IC50
CHEMBL1204168,COc1cc2ncnc(Nc3cccc(Br)c3)c2cc1OC.Cl,9.18,IC50
CHEMBL1204262,CCOc1cc2ncnc(Nc3cccc(I)c3)c2cc1OCC.Cl,9.19,IC50
CHEMBL1204199,CCOc1cc2ncnc(Nc3cccc(Br)c3)c2cc1OCC.Cl,9.39,IC50
CHEMBL2447950,CCOc1cc2ncnc(Nc3cccc(Cl)c3)c2cc1OCC.Cl,9.42,IC50
CHEMBL225720,CN(C)CCN/N=N/c1ccc2ncnc(Nc3cccc(Cl)c3)c2c1,7.43,IC50
CHEMBL225929,ClCCN(CCN/N=N/c1ccc2ncnc(Nc3cccc(Cl)c3)c2c1)Cc1ccccc1,7.15,IC50
CHEMBL225928,CN(CCCl)CCN/N=N/c1ccc2ncnc(Nc3cccc(Cl)c3)c2c1,8.36,IC50
CHEMBL241919,CCOc1cc2ncnc(NC3=CC(=O)C(OCc4cccc(C)c4)=CC3=O)c2cc1NC(=O)/C=C/CN(C)C,7.6,IC50
CHEMBL243839,CCOc1cc2ncnc(NC3=CC(=O)C(OCc4cccs4)=CC3=O)c2cc1NC(=O)/C=C/CN(C)C,7.32,IC50
CHEMBL243837,CCOc1cc2ncnc(NC3=CC(=O)C(OCc4cccc(Cl)c4)=CC3=O)c2cc1NC(=O)/C=C/CN(C)C,7.91,IC50
CHEMBL398154,CCOc1cc2ncnc(NC3=CC(=O)C(OCc4ccccn4)=CC3=O)c2cc1NC(=O)/C=C/CN(C)C,7.04,IC50
CHEMBL243629,CCOc1cc2ncnc(NC3=CC(=O)C(OCc4ccccc4)=CC3=O)c2cc1NC(=O)/C=C/CN(C)C,7.73,IC50
CHEMBL428741,CCOc1cc2ncnc(NC3=CC(=O)C(OCc4cccc(F)c4)=CC3=O)c2cc1NC(=O)/C=C/CN(C)C,8.39,IC50
CHEMBL180022,CCOc1cc2ncc(C#N)c(Nc3ccc(OCc4ccccn4)c(Cl)c3)c2cc1NC(=O)/C=C/CN(C)C,10.7,IC50
CHEMBL427671,Cc1ccn2ncnc(Nc3ccc4c(cnn4Cc4cccc(F)c4)c3)c12,7.09,IC50
CHEMBL233325,O[C@H]1CNCCN(Cc2ccn3ncnc(Nc4ccc5c(cnn5Cc5cccc(F)c5)c4)c23)C1,7.58,IC50
CHEMBL392273,Fc1cccc(Cn2ncc3cc(Nc4ncnn5ccc(CN6CCCNCC6)c45)ccc32)c1,7.48,IC50
CHEMBL231875,Fc1cccc(Cn2ncc3cc(Nc4ncnn5ccc(CN6CCNCC6)c45)ccc32)c1,7.05,IC50
CHEMBL401443,OC1CCN(Cc2ccn3ncnc(Nc4ccc5c(cnn5Cc5cccc(F)c5)c4)c23)CC1,7.17,IC50
CHEMBL391321,OCCNCc1ccn2ncnc(Nc3ccc4c(cnn4Cc4cccc(F)c4)c3)c12,7.35,IC50
CHEMBL220037,N#Cc1cnc2ccc(NCc3c[nH]cn3)cc2c1Nc1ccc(F)c(Cl)c1,7.52,IC50
CHEMBL429827,Cc1ccn2ncnc(Nc3ccc4c(cnn4Cc4ccccc4)c3)c12,7.07,IC50
CHEMBL428046,Fc1cccc(Cn2ncc3cc(Nc4ncnn5ccc(COC[C@H]6CNCCO6)c45)ccc32)c1,7.08,IC50
CHEMBL246284,Fc1cccc(Cn2ncc3cc(Nc4ncnn5ccc(COC[C@@H]6CNCCO6)c45)ccc32)c1,7.21,IC50
CHEMBL245869,Fc1cccc(Cn2ncc3cc(Nc4ncnn5ccc(COC6CCNCC6)c45)ccc32)c1,7.14,IC50
CHEMBL245667,NCCCOCc1ccn2ncnc(Nc3ccc4c(cnn4Cc4cccc(F)c4)c3)c12,7.19,IC50
CHEMBL394333,NCCOCc1ccn2ncnc(Nc3ccc4c(cnn4Cc4cccc(F)c4)c3)c12,7.05,IC50
CHEMBL394057,O=C(O)COCc1ccn2ncnc(Nc3ccc4c(cnn4Cc4cccc(F)c4)c3)c12,7.52,IC50
CHEMBL245278,C[C@H](c1cccc(F)c1)n1ncc2cc(Nc3ncnn4ccc(COC[C@@H]5CNCCO5)c34)ccc21,7.17,IC50
CHEMBL248322,NC1CCN(Cc2ccn3ncnc(Nc4ccc(OCc5cccc[n+]5[O-])c(Cl)c4)c23)CC1,7.16,IC50
CHEMBL248321,NC1CCN(Cc2ccn3ncnc(Nc4ccc(OCc5cnccn5)c(Cl)c4)c23)CC1,7.5,IC50
CHEMBL248116,NC1CCN(Cc2ccn3ncnc(Nc4ccc(OCc5ccccn5)c(Cl)c4)c23)CC1,7.44,IC50
CHEMBL248115,Cc1cncc(COc2ccc(Nc3ncnn4ccc(CN5CCC(N)CC5)c34)cc2Cl)c1,7.07,IC50
CHEMBL248114,Cc1cncc(Cn2ncc3cc(Nc4ncnn5ccc(CN6CCC(N)CC6)c45)ccc32)c1,7.72,IC50
CHEMBL247914,NC1CCN(Cc2ccn3ncnc(Nc4ccc5c(cnn5Cc5ccccn5)c4)c23)CC1,7.33,IC50
CHEMBL391181,COc1cn2ncnc(Nc3ccc4c(cnn4Cc4cccc(F)c4)c3)c2c1CN1CCC(N)CC1,7.4,IC50
CHEMBL247710,NC1CCN(Cc2ccn3ncnc(Nc4ccc(OCc5cccc(F)c5)c(Cl)c4)c23)CC1,7.42,IC50
CHEMBL247709,Fc1cccc(COc2ccc(Nc3ncnn4ccc(CN5CCCNCC5)c34)cc2Cl)c1,7.32,IC50
CHEMBL393264,CC1(N)CCN(Cc2ccn3ncnc(Nc4ccc5c(cnn5Cc5cccc(F)c5)c4)c23)CC1,7.3,IC50
CHEMBL247309,CN(C)C1CCN(Cc2ccn3ncnc(Nc4ccc5c(cnn5Cc5cccc(F)c5)c4)c23)CC1,7.0,IC50
CHEMBL247104,OCCNC1CCN(Cc2ccn3ncnc(Nc4ccc5c(cnn5Cc5cccc(F)c5)c4)c23)CC1,7.32,IC50
CHEMBL391779,CNC1CCN(Cc2ccn3ncnc(Nc4ccc5c(cnn5Cc5cccc(F)c5)c4)c23)CC1,7.2,IC50
CHEMBL391778,NCC1CCN(Cc2ccn3ncnc(Nc4ccc5c(cnn5Cc5cccc(F)c5)c4)c23)CC1,7.46,IC50
CHEMBL246687,N[C@H]1CCN(Cc2ccn3ncnc(Nc4ccc5c(cnn5Cc5cccc(F)c5)c4)c23)C1,7.3,IC50
CHEMBL393848,N[C@@H]1CCN(Cc2ccn3ncnc(Nc4ccc5c(cnn5Cc5cccc(F)c5)c4)c23)C1,7.22,IC50
CHEMBL248108,NC1CCN(Cc2ccn3ncnc(Nc4ccc5c(cnn5Cc5cccc(F)c5)c4)c23)CC1,7.46,IC50
CHEMBL248044,COc1cc2ncc(C#N)c(N[C@@H]3C[C@H]3c3ccccc3)c2cc1OC,7.62,KI
CHEMBL246419,COc1cc2ncc(C#N)c(N[C@@H]3C[C@H]3c3ccccc3F)c2cc1OC,7.44,KI
CHEMBL248425,COc1cc2ncc(C#N)c(N[C@@H]3C[C@H]3c3cccc(Br)c3)c2cc1OC,7.28,KI
CHEMBL245996,COc1cc2ncc(C#N)c(N[C@@H]3C[C@H]3c3ccc(Oc4ccccc4)cc3)c2cc1OC,7.1,KI
CHEMBL247196,COc1cc2ncc(C#N)c(N[C@@H]3C[C@H]3c3ccc(Cl)cc3)c2cc1OC,7.36,KI
CHEMBL399438,N#Cc1cnc2cc(-c3ccc(CN4CCOCC4)cc3)ccc2c1N[C@@H]1C[C@H]1c1ccccc1,7.1,KI
CHEMBL245800,N#Cc1cnc2ccc(-c3ccc(CN)cc3)cc2c1N[C@@H]1C[C@H]1c1ccccc1,7.4,KI
CHEMBL248393,COc1cc2c(N[C@@H]3C[C@H]3c3ccccc3)c(C#N)cnc2cc1OCCCN1CCN(C)CC1,8.52,KI
CHEMBL248392,COc1cc2c(N[C@@H]3C[C@H]3c3ccccc3)c(C#N)cnc2cc1OCCCN1CCOCC1,8.3,IC50
CHEMBL401251,COCCOc1cc2ncc(C#N)c(N[C@@H]3C[C@H]3c3ccccc3)c2cc1OC,7.28,IC50
CHEMBL248222,COc1cc2ncc(C#N)c(N[C@@H]3C[C@H]3c3ccccc3)c2cc1OCCCc1cccnc1,7.17,KI
CHEMBL248221,COc1cc2ncc(C#N)c(N[C@@H]3C[C@H]3c3ccccc3)c2cc1OCCCN1CCOCC1,7.28,KI
CHEMBL401054,COc1cc2ncc(C#N)c(N[C@@H]3C[C@H]3c3ccccc3)c2cc1OCCN1CCOCC1,7.19,KI
CHEMBL399373,CCOc1cc2ncnc(C#C[C@@](C)(Cc3ccccc3)N3CCC(C(=O)O)CC3)c2cc1OCC,8.38,IC50
CHEMBL251314,CCOc1cc2ncnc(C#CC(C)(Cc3ccccc3)N3CCC(C(=O)O)CC3)c2cc1OCC,7.93,IC50
CHEMBL251125,CCOc1cc2ncnc(C#Cc3c[nH]nc3-c3ccc(F)cc3)c2cc1OCC,8.74,IC50
CHEMBL399372,CCOc1cc2ncnc(C#Cc3nccn3-c3ccccc3)c2cc1OCC,7.92,IC50
CHEMBL251124,CCOc1cc2ncnc(C#Cc3[nH]ccc3-c3ccccc3)c2cc1OCC,8.0,IC50
CHEMBL399371,CCOc1cc2ncnc(/C=C/CCc3ccccc3)c2cc1OCC,8.3,IC50
CHEMBL250925,CCOc1cc2ncnc(/C=C/c3ccccc3)c2cc1OCC,7.82,IC50
CHEMBL250924,COc1cc2ncnc(C#Cc3ccccc3-c3ccccc3)c2cc1OC,7.58,IC50
CHEMBL250923,COc1cc2ncnc(/C=C/CCc3ccccc3)c2cc1OC,8.4,IC50
CHEMBL3085376,CCN(CC)[C@@](C)(C#Cc1ncnc2cc(OC)c(OC)cc12)Cc1ccccc1,8.52,IC50
CHEMBL3085375,COc1cc2ncnc(C#C[C@@](C)(Cc3ccccc3)N3CCC(C(=O)O)CC3)c2cc1OC,7.48,IC50
CHEMBL3085374,COc1cc2ncnc(C#C[C@](C)(O)Cc3ccccc3)c2cc1OC,8.05,IC50
CHEMBL250524,COc1cc2ncnc(C#CC(C)(C)N(C)c3ccccc3)c2cc1OC,7.1,IC50
CHEMBL399953,COc1cc2ncnc(C#CC(C)(C)Cc3ccccc3)c2cc1OC,7.89,IC50
CHEMBL250523,COc1cc2ncnc(C#CCOc3ccccc3)c2cc1OC,7.82,IC50
CHEMBL250318,COc1cc2ncnc(C#CCCc3ccccc3)c2cc1OC,7.85,IC50
CHEMBL249927,O=C(CO)N1CCC[C@@H]1COc1cccc2ncnc(Nc3ccc(OCc4ccccn4)c(Cl)c3)c12,7.01,IC50
CHEMBL250132,C[C@H](CN(C)C(=O)CO)Oc1cccc2ncnc(Nc3ccc(OCc4ccccn4)c(Cl)c3)c12,8.7,IC50
CHEMBL250130,C[C@H](COc1cccc2ncnc(Nc3ccc(OCc4ccccn4)c(Cl)c3)c12)N(C)C(=O)CO,8.52,IC50
CHEMBL249928,CN(CCOc1cccc2ncnc(Nc3ccc(OCc4ccccn4)c(Cl)c3)c12)C(=O)CO,7.46,IC50
CHEMBL304929,C#Cc1cccc(Nc2ncnc3cc(OC)c(OC)cc23)c1,9.26,KD
CHEMBL251700,Fc1ccc(Nc2ncnc3ccc(C#CCN4CCCCC4)cc23)cc1Cl,7.05,IC50
CHEMBL251498,Fc1ccc(Nc2ncnc3ccc(C#CCN4CCOCC4)cc23)cc1Cl,7.3,IC50
CHEMBL399928,CC(O)C#Cc1ccc2ncnc(Nc3ccc(F)c(Cl)c3)c2c1,7.03,IC50
CHEMBL249919,OCC#Cc1ccc2ncnc(Nc3ccc(F)c(Cl)c3)c2c1,7.85,IC50
CHEMBL257411,C[C@@H](Oc1cccc2ncnc(Nc3ccc4c(cnn4Cc4nccs4)c3)c12)C(=O)N1CCOCC1,8.8,KI
CHEMBL428777,C[C@@H](Oc1cccc2ncnc(Nc3ccc(OCc4ccccn4)c(Cl)c3)c12)C(=O)N(C)C,7.66,IC50
CHEMBL272935,CN1CCN(CCCOc2n[nH]c3ncnc(Nc4ccc(OCc5ccccn5)c(Cl)c4)c23)CC1,7.85,IC50
CHEMBL257860,OC1CCN(CCCOc2n[nH]c3ncnc(Nc4ccc(OCc5ccccn5)c(Cl)c4)c23)CC1,8.05,IC50
CHEMBL257859,Clc1cc(Nc2ncnc3[nH]nc(OCCCN4CCOCC4)c23)ccc1OCc1ccccn1,7.8,IC50
CHEMBL257861,OCCOc1n[nH]c2ncnc(Nc3ccc(OCc4ccccn4)c(Cl)c3)c12,7.8,IC50
CHEMBL271705,Clc1cc(Nc2ncnc3[nH]nc(OCCN4CCOCC4)c23)ccc1OCc1ccccn1,9.0,IC50
CHEMBL411897,COC1CCN(CCOc2n[nH]c3ncnc(Nc4ccc(OCc5ccccn5)c(Cl)c4)c23)CC1,7.55,IC50
CHEMBL257430,Clc1cc(Nc2ncnc3[nH]nc(OCCN4CCNCC4)c23)ccc1OCc1ccccn1,8.1,IC50
CHEMBL402553,Clc1cc(Nc2ncnc3[nH]nc(OCCN4CCCC4)c23)ccc1OCc1ccccn1,8.1,IC50
CHEMBL258270,CC(=O)N1CCN(CCOc2n[nH]c3ncnc(Nc4ccc(OCc5ccccn5)c(Cl)c4)c23)CC1,8.52,IC50
CHEMBL258282,CN1CCN(CCOc2n[nH]c3ncnc(Nc4ccc(OCc5ccccn5)c(Cl)c4)c23)CC1,8.3,IC50
CHEMBL255135,CNCCOc1n[nH]c2ncnc(Nc3ccc(OCc4ccccn4)c(Cl)c3)c12,7.77,IC50
CHEMBL402339,COc1cc(Nc2ncnc3[nH]nc(OCCN4CCC(O)CC4)c23)ccc1OCc1cccc(F)c1,7.89,IC50
CHEMBL403435,Cc1cc(Nc2ncnc3[nH]nc(OCCN4CCC(O)CC4)c23)ccc1OCc1ccccn1,7.75,IC50
CHEMBL255170,Cc1ccc(Oc2ccc(Nc3ncnc4[nH]nc(OCCN5CCC(O)CC5)c34)cc2Cl)cn1,8.15,IC50
CHEMBL404405,OC1CCN(CCOc2n[nH]c3ncnc(Nc4ccc(OCc5ccccn5)c(Cl)c4)c23)CC1,7.89,IC50
CHEMBL271408,Cc1cccc(Nc2ncnc3ccncc23)c1NCCCn1ccnc1,8.45,IC50
CHEMBL410253,Cc1cccc(Nc2ncnc3ccncc23)c1NCCCN1CCN(C)CC1,8.25,IC50
CHEMBL271410,Cc1cccc(Nc2ncnc3ccncc23)c1NCCCN1CCOCC1,8.03,IC50
CHEMBL271587,Cc1cccc(Nc2ncnc3ccncc23)c1NCCCCN(C)C,8.26,IC50
CHEMBL270895,O=S(=O)(O)CCNc1c(Br)cccc1Nc1ncnc2ccncc12,8.85,IC50
CHEMBL271113,CN(CC(=O)O)c1c(Br)cccc1Nc1ncnc2ccncc12,7.79,IC50
CHEMBL271122,O=C(O)CCCNc1c(Br)cccc1Nc1ncnc2ccncc12,9.55,IC50
CHEMBL408399,O=C(O)CCNc1c(Br)cccc1Nc1ncnc2ccncc12,9.21,IC50
CHEMBL405771,O=C(O)CNc1c(Br)cccc1Nc1ncnc2ccncc12,8.82,IC50
CHEMBL272187,Brc1cccc(Nc2ncnc3ccncc23)c1NCCc1c[nH]cn1,9.04,IC50
CHEMBL272865,Brc1cccc(Nc2ncnc3ccncc23)c1NCCCn1ccnc1,9.29,IC50
CHEMBL272634,NNc1c(Br)cccc1Nc1ncnc2ccncc12,8.14,IC50
CHEMBL427832,OCCN(CCO)CCCNc1c(Br)cccc1Nc1ncnc2ccncc12,8.92,IC50
CHEMBL271623,OCCN(CCO)CCNc1c(Br)cccc1Nc1ncnc2ccncc12,8.03,IC50
CHEMBL271532,CN1CCN(CCCNc2c(Br)cccc2Nc2ncnc3ccncc23)CC1,8.3,IC50
CHEMBL272895,Brc1cccc(Nc2ncnc3ccncc23)c1NCCCCN1CCOCC1,8.26,IC50
CHEMBL271334,Brc1cccc(Nc2ncnc3ccncc23)c1NCCCN1CCOCC1,8.72,IC50
CHEMBL405398,Brc1cccc(Nc2ncnc3ccncc23)c1NCCN1CCOCC1,8.49,IC50
CHEMBL270966,CN(C)CCN(C)c1c(Br)cccc1Nc1ncnc2ccncc12,7.39,IC50
CHEMBL411243,CN(C)CCCCCNc1c(Br)cccc1Nc1ncnc2ccncc12,8.07,IC50
CHEMBL270501,CN(C)CCCCNc1c(Br)cccc1Nc1ncnc2ccncc12,8.13,IC50
CHEMBL408647,CN(C)CCCNc1c(Br)cccc1Nc1ncnc2ccncc12,8.05,IC50
CHEMBL270713,CN(C)CCNc1c(Br)cccc1Nc1ncnc2ccncc12,7.34,IC50
CHEMBL406004,OCCN(CCO)c1c(Br)cccc1Nc1ncnc2ccncc12,7.92,IC50
CHEMBL272477,OCN(CO)c1c(Br)cccc1Nc1ncnc2ccncc12,7.85,IC50
CHEMBL410635,CN(CC(O)CO)c1c(Br)cccc1Nc1ncnc2ccncc12,8.49,IC50
CHEMBL270695,OCC(O)CNc1c(Br)cccc1Nc1ncnc2ccncc12,9.03,IC50
CHEMBL408397,CN(CCO)c1c(Br)cccc1Nc1ncnc2ccncc12,8.58,IC50
CHEMBL270696,OCCNc1c(Br)cccc1Nc1ncnc2ccncc12,9.61,IC50
CHEMBL416307,Cc1cccc(Nc2ncnc3cnc(NCCc4c[nH]cn4)nc23)c1,8.52,IC50
CHEMBL299881,Cc1cccc(Nc2ncnc3cnc(NCCN4CCOCC4)nc23)c1,8.63,IC50
CHEMBL52829,Cc1cccc(Nc2ncnc3cnc(N(C)C)nc23)c1,8.39,IC50
CHEMBL52591,CNc1ncc2ncnc(Nc3cccc(C)c3)c2n1,8.36,IC50
CHEMBL298931,Cc1cccc(Nc2ncnc3cnc(N)nc23)c1,7.76,IC50
CHEMBL271328,Brc1cccc(Nc2ncnc3cnc(NCCn4ccnc4)nc23)c1,8.63,IC50
CHEMBL53426,Brc1cccc(Nc2ncnc3cnc(NCCc4c[nH]cn4)nc23)c1,9.6,IC50
CHEMBL417420,Brc1cccc(Nc2ncnc3cnc(NCCCN4CCOCC4)nc23)c1,8.53,IC50
CHEMBL294475,Brc1cccc(Nc2ncnc3cnc(NCCN4CCOCC4)nc23)c1,9.09,IC50
CHEMBL51854,COc1ncc2ncnc(Nc3cccc(Br)c3)c2n1,8.42,IC50
CHEMBL53777,CN(C)c1ncc2ncnc(Nc3cccc(Br)c3)c2n1,9.02,IC50
CHEMBL299622,CNc1ncc2ncnc(Nc3cccc(Br)c3)c2n1,9.11,IC50
CHEMBL53831,Nc1ncc2ncnc(Nc3cccc(Br)c3)c2n1,8.82,IC50
CHEMBL53311,Clc1ncc2ncnc(Nc3cccc(Br)c3)c2n1,7.08,IC50
CHEMBL53310,CNc1ncc2ncnc(Nc3ccccc3)c2n1,7.88,IC50
CHEMBL405772,Cc1cccc(Nc2ncnc3ccncc23)c1N,7.39,IC50
CHEMBL402452,Nc1c(O)cccc1Nc1ncnc2ccncc12,7.15,IC50
CHEMBL271617,Nc1cc(Br)ccc1Nc1ncnc2ccncc12,7.59,IC50
CHEMBL258598,Nc1c(Br)cccc1Nc1ncnc2ccncc12,8.0,IC50
CHEMBL441332,Nc1c(Nc2ncnc3ccncc23)cccc1[N+](=O)[O-],7.39,IC50
CHEMBL441333,COc1c(Br)cccc1Nc1ncnc2ccncc12,7.4,IC50
CHEMBL269889,Fc1c(Br)cccc1Nc1ncnc2ccncc12,7.88,IC50
CHEMBL270921,CC(=O)Nc1c(Br)cccc1Nc1ncnc2ccncc12,7.53,IC50
CHEMBL258940,CN1CCC(Nc2ncc3ncnc(Nc4ccc(F)c(Cl)c4)c3n2)CC1,8.52,IC50
CHEMBL3545252,CC(=O)O[C@@]12CO[C@@H]1C[C@H](O)[C@@]1(C)C(=O)[C@H](O)C3=C(C)[C@@H](OC(=O)[C@H](O)[C@@H](NC(=O)OC(C)(C)C)c4ccccc4)C[C@@](O)([C@@H](OC(=O)c4ccccc4)[C@H]21)C3(C)C.O.O.O,9.09,KD
CHEMBL437469,CC[C@H](NC(=O)[C@H](CC(C)C)NC(=O)[C@@H](NC(=O)[C@H](CCCCN)NC(=O)[C@H](Cc1cnc[nH]1)NC(=O)[C@H](Cc1ccc(C)cc1)NC(=O)[C@H](CCCCNC(=N)N)NC(=O)[C@H](C)NC(=O)[C@@H](NC(=O)[C@H](Cc1ccc(Cl)cc1)NC(=O)[C@@H](NC(=O)[C@H](C)NC(=O)[C@H](CC(=O)O)NC(=O)[C@@H](CCCNC(=N)N)NC(=O)[C@H](Cc1ccc(O)cc1)NC(=O)Cc1ccccc1)[C@@H](C)CC)[C@@H](C)O)C(C)C)C(=O)N[C@@H](CCC(N)=O)C(=O)N[C@@H](CC(C)C)C(=O)N[C@@H](CO)C(=O)N[C@@H](C)C(=O)N[C@@H](Cc1cnc[nH]1)C(=O)N[C@@H](CCCCN)C(=O)N[C@@H](CC(C)C)C(=O)N[C@@H](CC(C)C)C(=O)N[C@@H](CCC(N)=O)C(=O)N[C@@H](CC(=O)O)C(=O)N[C@H](C(=O)N[C@H](C(=O)N[C@H](CCCNC(=N)N)C(=O)N[C@@H](CCCCNC(=N)N)C(N)=O)[C@@H](C)CC)[C@@H](C)CC,9.03,KD
CHEMBL255871,CO/N=C/c1c(N)ncnc1Nc1ccc2c(cnn2Cc2cccc(F)c2)c1,8.1,IC50
CHEMBL255237,COCCO/N=C/c1c(N)ncnc1Nc1ccc2c(cnn2Cc2cccc(F)c2)c1,7.85,IC50
CHEMBL255236,COc1ccccc1CO/N=C/c1c(N)ncnc1Nc1ccc2c(cnn2Cc2cccc(F)c2)c1,7.33,IC50
CHEMBL255438,Nc1ncnc(Nc2ccc3c(cnn3Cc3cccc(F)c3)c2)c1/C=N/OCc1ccccc1,7.64,IC50
CHEMBL402293,CC(C)O/N=C/c1c(N)ncnc1Nc1ccc2c(cnn2Cc2cccc(F)c2)c1,7.85,IC50
CHEMBL430031,CC(C)CO/N=C/c1c(N)ncnc1Nc1ccc2c(cnn2Cc2cccc(F)c2)c1,7.5,IC50
CHEMBL402294,CCO/N=C/c1c(N)ncnc1Nc1ccc2c(cnn2Cc2cccc(F)c2)c1,8.3,IC50
CHEMBL256295,Nc1ncnc(Nc2ccc3c(cnn3Cc3cccc(F)c3)c2)c1/C=N/O,7.92,IC50
CHEMBL256297,CO/N=C/c1c(N)ncnc1Nc1ccc(OCc2cccc(F)c2)c(Cl)c1,7.92,IC50
CHEMBL257815,CO/N=C/c1c(N)ncnc1Nc1ccc(OCc2ccccc2)c(Cl)c1,7.8,IC50
CHEMBL257814,CO/N=C/c1c(N)ncnc1Nc1ccc2c(c1)CCN2Cc1cccc(F)c1,7.24,IC50
CHEMBL402316,CO/N=C/c1c(N)ncnc1Nc1ccc2[nH]c(Cc3cccc(F)c3)nc2c1,7.32,IC50
CHEMBL257816,CO/N=C/c1c(N)ncnc1Nc1ccc2c(ccn2Cc2cccc(F)c2)c1,7.89,IC50
CHEMBL256529,CO/N=C/c1c(N)ncnc1Nc1ccc(OCc2cc(F)cc(F)c2)c(Cl)c1,7.48,IC50
CHEMBL255865,CO/N=C/c1c(N)ncnc1Nc1ccc2c(cnn2Cc2cccc(C#N)c2)c1,7.7,IC50
CHEMBL255656,CO/N=C/c1c(N)ncnc1Nc1ccc2c(cnn2Cc2cccc(Cl)c2)c1,7.64,IC50
CHEMBL402113,CO/N=C/c1c(N)ncnc1Nc1ccc2c(cnn2Cc2ccccc2)c1,7.36,IC50
CHEMBL402149,CO/N=C/c1c(N)ncnc1Nc1cccc(Br)c1,7.62,IC50
CHEMBL255490,CO/N=C/c1c(N)ncnc1Nc1ccc(F)c(Cl)c1,7.16,IC50
CHEMBL188762,CCC(=O)Nc1ccc2ncnc(Nc3cccc(Br)c3)c2c1,10.0,IC50
CHEMBL490577,N#C/C(=C/c1ccc(O)c(O)c1)C(=O)NCCCCc1ccccc1,7.0,IC50
CHEMBL76589,N#CC(C#N)=C(N)/C(C#N)=C/c1ccc(O)cc1,7.0,IC50
CHEMBL461311,Nc1ncnc(Nc2ccc(OCc3ccccc3)c(Cl)c2)c1C=O,7.12,IC50
CHEMBL472545,Nc1ncnc(Nc2ccc(OCc3ccccc3)c(Cl)c2)c1-c1nnc(CCN2CCOCC2)o1,7.52,IC50
CHEMBL500591,N#Cc1c(N)ncnc1Nc1ccc(OCc2ccccc2)c(Cl)c1,7.57,IC50
CHEMBL461114,Nc1ncnc(Nc2ccc(OCc3ccccc3)c(Cl)c2)c1C(=O)Nc1ccccc1,7.12,IC50
CHEMBL516487,COC(=O)c1c(N)ncnc1Nc1ccc(OCc2ccccc2)c(Cl)c1,7.27,IC50
CHEMBL512391,Nc1ncnc(Nc2ccc(OCc3ccccc3)c(Cl)c2)c1C(=O)O,7.39,IC50
CHEMBL461426,NC(=O)O[C@H]1CN[C@H](C#Cc2cc3ncnc(Nc4ccc(OCc5cccc(F)c5)c(Cl)c4)c3s2)C1,7.4,IC50
CHEMBL466586,CNC(=O)O[C@H]1CN[C@H](C#Cc2cc3ncnc(Nc4ccc(OCc5cccc(F)c5)c(Cl)c4)c3s2)C1,7.3,IC50
CHEMBL512076,CCNC(=O)O[C@H]1CN[C@H](C#Cc2cc3ncnc(Nc4ccc(OCc5cccc(F)c5)c(Cl)c4)c3s2)C1,7.5,IC50
CHEMBL517123,CN(C)C(=O)O[C@H]1CN[C@H](C#Cc2cc3ncnc(Nc4ccc(OCc5cccc(F)c5)c(Cl)c4)c3s2)C1,7.55,IC50
CHEMBL517585,CCN(C)C(=O)O[C@H]1CN[C@H](C#Cc2cc3ncnc(Nc4ccc(OCc5cccc(F)c5)c(Cl)c4)c3s2)C1,7.3,IC50
CHEMBL507329,O=C(O[C@H]1CN[C@H](C#Cc2cc3ncnc(Nc4ccc(OCc5cccc(F)c5)c(Cl)c4)c3s2)C1)N1CCOCC1,7.19,IC50
CHEMBL499534,O=C(O[C@H]1CN[C@H](C#Cc2cc3ncnc(Nc4ccc(OCc5cccc(F)c5)c(Cl)c4)c3s2)C1)N1CCNCC1,7.2,IC50
CHEMBL504034,CS(=O)(=O)CCNC(=O)O[C@H]1CN[C@H](C#Cc2cc3ncnc(Nc4ccc(OCc5cccc(F)c5)c(Cl)c4)c3s2)C1,7.4,IC50
CHEMBL461869,CCNC(=O)O[C@@H]1CN[C@@H](C#Cc2cc3ncnc(Nc4ccc(OCc5cccc(F)c5)c(Cl)c4)c3s2)C1,7.3,IC50
CHEMBL466412,CN(C)C(=O)O[C@@H]1CN[C@@H](C#Cc2cc3ncnc(Nc4ccc(OCc5cccc(F)c5)c(Cl)c4)c3s2)C1,7.4,IC50
CHEMBL450109,O=C(O[C@@H]1CN[C@@H](C#Cc2cc3ncnc(Nc4ccc(OCc5cccc(F)c5)c(Cl)c4)c3s2)C1)N1CCOCC1,7.4,IC50
CHEMBL466615,CN(C)C(=O)O[C@@H]1CN[C@H](C#Cc2cc3ncnc(Nc4ccc(OCc5cccc(F)c5)c(Cl)c4)c3s2)C1,7.1,IC50
CHEMBL447365,O=C(O[C@@H]1CN[C@H](C#Cc2cc3ncnc(Nc4ccc(OCc5cccc(F)c5)c(Cl)c4)c3s2)C1)N1CCOCC1,7.1,IC50
CHEMBL466174,CCNC(=O)O[C@H]1CN[C@@H](C#Cc2cc3ncnc(Nc4ccc(OCc5cccc(F)c5)c(Cl)c4)c3s2)C1,7.5,IC50
CHEMBL466175,CN(C)C(=O)O[C@H]1CN[C@@H](C#Cc2cc3ncnc(Nc4ccc(OCc5cccc(F)c5)c(Cl)c4)c3s2)C1,7.1,IC50
CHEMBL450396,O=C(O[C@H]1CN[C@@H](C#Cc2cc3ncnc(Nc4ccc(OCc5cccc(F)c5)c(Cl)c4)c3s2)C1)N1CCOCC1,7.3,IC50
CHEMBL1201179,CS(=O)(=O)CCNCc1ccc(-c2ccc3ncnc(Nc4ccc(OCc5cccc(F)c5)c(Cl)c4)c3c2)o1.Cc1ccc(S(=O)(=O)O)cc1.Cc1ccc(S(=O)(=O)O)cc1.O,8.3,IC50
CHEMBL1173655,CN(C)C/C=C/C(=O)Nc1cc2c(Nc3ccc(F)c(Cl)c3)ncnc2cc1O[C@H]1CCOC1,10.21,IC50
CHEMBL505626,CCN(CC)C(=O)O[C@H]1CN[C@H](C#Cc2cc3ncnc(Nc4ccc(OCc5cccc(F)c5)c(Cl)c4)c3s2)C1,7.2,IC50
CHEMBL451513,O=C(O[C@H]1CN[C@H](C#Cc2cc3ncnc(Nc4ccc(OCc5cccc(F)c5)c(Cl)c4)c3s2)C1)N1CCCC1,7.0,IC50
CHEMBL496174,Fc1cccc(COc2ccc(Nc3ncnc4cc(C#C[C@H]5CCCN5)sc34)cc2Cl)c1,8.15,IC50
CHEMBL495734,CC(=O)N1CCC[C@@H]1C#Cc1cc2ncnc(Nc3ccc(OCc4cccc(F)c4)c(Cl)c3)c2s1,7.24,IC50
CHEMBL497804,O[C@H]1CN[C@H](C#Cc2cc3ncnc(Nc4ccc(OCc5cccc(F)c5)c(Cl)c4)c3s2)C1,7.85,IC50
CHEMBL500115,CS(=O)(=O)O[C@H]1CN[C@H](C#Cc2cc3ncnc(Nc4ccc(OCc5cccc(F)c5)c(Cl)c4)c3s2)C1,7.09,IC50
CHEMBL500381,CCC(=O)O[C@H]1CN[C@H](C#Cc2cc3ncnc(Nc4ccc(OCc5cccc(F)c5)c(Cl)c4)c3s2)C1,7.2,IC50
CHEMBL525805,CCOC(=O)N[C@H]1CN[C@H](C#Cc2cc3ncnc(Nc4ccc(OCc5cccc(F)c5)c(Cl)c4)c3s2)C1,7.22,IC50
CHEMBL501705,CCS(=O)(=O)N[C@H]1CN[C@H](C#Cc2cc3ncnc(Nc4ccc(OCc5cccc(F)c5)c(Cl)c4)c3s2)C1,7.3,IC50
CHEMBL504117,O=C(O[C@H]1CN[C@H](C#Cc2cc3ncnc(Nc4ccc(OCc5ccccn5)c(Cl)c4)c3s2)C1)N1CCOCC1,7.3,IC50
CHEMBL507821,O=C(O[C@H]1CN[C@H](C#Cc2cc3ncnc(Nc4ccc5c(cnn5Cc5ccccc5)c4)c3s2)C1)N1CCOCC1,7.1,IC50
CHEMBL510845,O=C(O[C@H]1CN[C@H](C#Cc2cc3ncnc(Nc4ccc5c(cnn5Cc5cccc(F)c5)c4)c3s2)C1)N1CCOCC1,7.52,IC50
CHEMBL500072,O=C(O[C@H]1CN[C@H](C#Cc2cc3ncnc(Nc4ccc5c(cnn5Cc5cc(F)ccc5F)c4)c3s2)C1)N1CCOCC1,7.48,IC50
CHEMBL500217,O=C(O[C@H]1CN[C@H](C#Cc2cc3ncnc(Nc4ccc5c(ccn5Cc5ccccc5)c4)c3s2)C1)N1CCOCC1,7.05,IC50
CHEMBL473553,COc1cc2ncnc(Nc3ccc(-c4nc5ccccc5s4)c(OC)c3)c2cc1OC,7.2,IC50
CHEMBL251732,Nc1ncnc2c1c(-c1ccc3nc(Cc4ccccc4Cl)[nH]c3c1)nn2[C@H]1CC[C@H](N2CCOCC2)CC1,7.19,IC50
CHEMBL437584,COc1ccccc1Cc1nc2ccc(-c3nn([C@H]4CC[C@H](N5CCOCC5)CC4)c4ncnc(N)c34)cc2[nH]1,7.24,IC50
CHEMBL455208,COc1ccccc1Cc1nc2ccc(-c3nn([C@H]4CC[C@H](N5CCNCC5)CC4)c4ncnc(N)c34)cc2[nH]1,7.52,IC50
CHEMBL503638,CCOC(=O)N1CCN([C@H]2CC[C@H](n3nc(-c4ccc5nc(Cc6ccccc6OC)[nH]c5c4)c4c(N)ncnc43)CC2)CC1,7.52,IC50
CHEMBL448628,COc1ccccc1Cc1nc2ccc(-c3nn([C@H]4CC[C@H](N5CCN(C(=O)N(C)C)CC5)CC4)c4ncnc(N)c34)cc2[nH]1,7.6,IC50
CHEMBL443098,COCCCN1CCN([C@H]2CC[C@H](n3nc(-c4ccc5nc(Cc6ccccc6OC)[nH]c5c4)c4c(N)ncnc43)CC2)CC1,7.24,IC50
CHEMBL446250,COc1ccccc1Cc1nc2ccc(-c3nn([C@H]4CC[C@H](N5CCN(CC6CC6)CC5)CC4)c4ncnc(N)c34)cc2[nH]1,8.52,IC50
CHEMBL516375,CS(=O)(=O)CCNCc1nc(-c2ccc3ncnc(Nc4ccc(F)c(Cl)c4)c3c2)cs1,7.46,IC50
CHEMBL473543,CS(=O)(=O)CCNCc1nc(-c2ccc3ncnc(Nc4ccc(OCc5ccccc5)cc4)c3c2)cs1,7.09,IC50
CHEMBL472581,CS(=O)(=O)CCNCc1nc(-c2ccc3ncnc(Nc4ccc5c(cnn5Cc5ccccc5)c4)c3c2)cs1,7.15,IC50
CHEMBL515082,CS(=O)(=O)CCNCc1nc(-c2ccc3ncnc(Nc4ccc(OCc5ccccc5)c(Cl)c4)c3c2)cs1,8.1,IC50
CHEMBL453376,CS(=O)(=O)CCNCc1nc(-c2ccc3ncnc(Nc4ccc(OCc5cccc(F)c5)c(Cl)c4)c3c2)cs1,8.0,IC50
CHEMBL454383,C=CC(=O)Nc1ccc2ncnc(Cc3cccc(Br)c3)c2c1,9.15,IC50
CHEMBL510155,C=CC(=O)Nc1ccc2ncnc(Cc3ccc(CN(C)C)c(Br)c3)c2c1,7.35,IC50
CHEMBL510357,C=CC(=O)Nc1ccc2ncnc(Cc3ccc(OCCN(C)C)c(Br)c3)c2c1,7.57,IC50
CHEMBL516365,C=CC(=O)Nc1cc2c(Cc3cccc(Br)c3)ncnc2cc1OCCCN1CCC(C)CC1,8.77,IC50
CHEMBL473747,C=CC(=O)Nc1cc2c(Cc3cccc(Br)c3)ncnc2cc1OCCCN1CCOCC1,8.44,IC50
CHEMBL473748,C=CC(=O)Nc1cc2c(Cc3cccc(Br)c3)ncnc2cc1OCCCCN(C)C,8.41,IC50
CHEMBL473944,C=CC(=O)Nc1cc2c(Cc3cccc(Br)c3)ncnc2cc1OCCCn1ccnc1,8.52,IC50
CHEMBL491676,C=CC(=O)Nc1cc2c(Cc3cccc(Br)c3)ncnc2cc1SCCCN(CC)CC,9.11,IC50
CHEMBL522134,C=CC(=O)Nc1ccc2ncnc(Cc3cccc(C)c3)c2c1,9.38,IC50
CHEMBL492077,C=CC(=O)Nc1cc2c(Cc3cccc(C)c3)ncnc2cc1OCCCN1CCC(C)CC1,8.7,IC50
CHEMBL489111,C=CC(=O)Nc1cc2c(Cc3cccc(C)c3)ncnc2cc1OCCCN1CCOCC1,8.82,IC50
CHEMBL521571,C=CC(=O)Nc1ccc2ncnc(Cc3ccc(F)c(Br)c3)c2c1,9.16,IC50
CHEMBL489107,C=CC(=O)Nc1cc2c(Cc3ccc(F)c(Br)c3)ncnc2cc1OCCCN1CCOCC1,8.74,IC50
CHEMBL447223,C=CC(=O)Nc1ccc2ncnc(Cc3ccc(F)c(Cl)c3)c2c1,9.12,IC50
CHEMBL489306,C=CC(=O)Nc1cc2c(Cc3ccc(F)c(Cl)c3)ncnc2cc1OCCCN1CCOCC1,8.82,IC50
CHEMBL522928,C=CC(=O)Nc1cc2c(Cc3ccc(F)c(Cl)c3)ncnc2cc1OCCOCCCCO,8.77,IC50
CHEMBL524117,C=CC(=O)Nc1ccc2ncnc(Cc3ccc(F)c(Cl)c3)c2n1,9.12,IC50
CHEMBL490496,C=CC(=O)Nc1nc2c(Cc3ccc(F)c(Cl)c3)ncnc2cc1/C=C/CCN1CCOCC1,9.8,IC50
CHEMBL521601,C=CC(=O)Nc1nc2c(Cc3ccc(F)c(Cl)c3)ncnc2cc1CCCCN1CCOCC1,8.57,IC50
CHEMBL490497,C=CC(=O)Nc1nc2c(Cc3ccc(F)c(Cl)c3)ncnc2cc1OC,9.02,IC50
CHEMBL490498,C=CC(=O)Nc1nc2c(Cc3ccc(F)c(Cl)c3)ncnc2cc1OCCOC,9.01,IC50
CHEMBL489897,C=CC(=O)Nc1nc2c(Cc3ccc(F)c(Cl)c3)ncnc2cc1OCCCN1CCOCC1,8.82,IC50
CHEMBL490093,C=CC(=O)N(C)c1nc2c(Cc3ccc(F)c(Cl)c3)ncnc2cc1OCCCN1CCOCC1,7.7,IC50
CHEMBL448172,C=CC(=O)Nc1nc2c(Cc3ccc(F)c(Cl)c3)ncnc2cc1OCCCN1CCC(C)CC1,8.18,IC50
CHEMBL524115,C=CC(=O)Cc1cc2c(Nc3cccc(Br)c3)ncnc2cn1,9.04,IC50
CHEMBL491083,C=CC(=O)C(C)c1cc2c(Nc3cccc(Br)c3)ncnc2cn1,9.77,IC50
CHEMBL508481,C=C(C)C(=O)Cc1cc2c(Nc3cccc(Br)c3)ncnc2cn1,8.8,IC50
CHEMBL524132,C=C(C)C(=O)Cc1ccc2ncnc(Nc3cccc(Br)c3)c2c1,8.92,IC50
CHEMBL501618,C/C=C/C(=O)Cc1cc2c(Nc3cccc(Br)c3)ncnc2cn1,9.3,IC50
CHEMBL491085,C/C=C/C(=O)Cc1ccc2ncnc(Nc3cccc(Br)c3)c2c1,9.26,IC50
CHEMBL522623,O=C(/C=C\Cl)Cc1cc2c(Nc3cccc(Br)c3)ncnc2cn1,9.16,IC50
CHEMBL507827,O=C(/C=C/C(F)(F)F)Cc1ccc2ncnc(Nc3cccc(Br)c3)c2c1,8.76,IC50
CHEMBL454370,C=C/C=C/C(=O)Cc1cc2c(Nc3cccc(Br)c3)ncnc2cn1,8.96,IC50
CHEMBL454371,C=C=CC(=O)Cc1ccc2ncnc(Nc3cccc(Br)c3)c2c1,8.8,IC50
CHEMBL509914,O=C(/C=C/c1ccccc1)Cc1cc2c(Nc3cccc(Br)c3)ncnc2cn1,8.04,IC50
CHEMBL455174,CC(=O)/C=C/C(=O)Cc1ccc2ncnc(Nc3cccc(Br)c3)c2c1,8.92,IC50
CHEMBL510396,O=C(O)/C=C/C(=O)Cc1ccc2ncnc(Nc3cccc(Br)c3)c2c1,9.43,IC50
CHEMBL454384,CCOC(=O)/C=C/C(=O)Cc1ccc2ncnc(Nc3cccc(Br)c3)c2c1,8.57,IC50
CHEMBL453378,CCOC(=O)/C=C/C(=O)Cc1cc2c(Nc3cccc(Br)c3)ncnc2cn1,8.82,IC50
CHEMBL453379,C=CC(=O)C(CCN(C)C)c1cc2c(Nc3cccc(Br)c3)ncnc2cn1,8.38,IC50
CHEMBL510597,C=CC(=O)C(CCCN1CCOCC1)c1cc2c(Nc3cccc(Br)c3)ncnc2cn1,8.57,IC50
CHEMBL517127,C=CC(=O)C(CCCN1CCOCC1)c1ccc2ncnc(Nc3cccc(Br)c3)c2c1,8.48,IC50
CHEMBL461796,CN(C)CCCOC(=O)/C=C/C(=O)Cc1ccc2ncnc(Nc3cccc(Br)c3)c2c1,8.62,IC50
CHEMBL461797,CN(C)CCCNC(=O)/C=C/C(=O)Cc1ccc2ncnc(Nc3cccc(Br)c3)c2c1,9.36,IC50
CHEMBL460743,CN(C)CCCNC(=O)/C=C/C(=O)Cc1cc2c(Nc3cccc(Br)c3)ncnc2cn1,8.96,IC50
CHEMBL460721,CCN(CC)CCCNC(=O)/C=C/C(=O)Cc1cc2c(Nc3cccc(Br)c3)ncnc2cn1,9.14,IC50
CHEMBL460722,O=C(/C=C/C(=O)NCCCN1CCOCC1)Cc1cc2c(Nc3cccc(Br)c3)ncnc2cn1,9.09,IC50
CHEMBL460723,O=C(/C=C/C(=O)NCCCn1ccnc1)Cc1cc2c(Nc3cccc(Br)c3)ncnc2cn1,9.25,IC50
CHEMBL460894,CC(C(=O)/C=C/C(=O)NCCCN(C)C)c1cc2c(Nc3cccc(Br)c3)ncnc2cn1,8.84,IC50
CHEMBL503755,O=S(=O)(CO)Nc1cc2c(Nc3cccc(Br)c3)ncnc2cn1,7.03,IC50
CHEMBL511874,C/C=C/C(=O)Nc1ccc2c(Nc3cccc(Br)c3)ncnc2c1,9.17,IC50
CHEMBL447850,O=C(/C=C/CC(=O)Nc1ccc2ncnc(Nc3cccc(Br)c3)c2c1)Nc1ccc2c(Nc3cccc(Br)c3)ncnc2c1,9.35,IC50
CHEMBL446019,C=CC(=O)Nc1cc2ncnc(Nc3cccc(Cl)c3)c2cn1,9.27,IC50
CHEMBL460735,C=CC(=O)NC1=CC=C2N=CN=C(Nc3cccc(Cl)c3)C21,8.8,IC50
CHEMBL474147,C=CC(=O)NC1=CC=C2N=CN=C(Nc3cccc(C)c3)C21,9.38,IC50
CHEMBL474342,C=CC(=O)NC1=CC=C2N=CN=C(Nc3cccc(C(F)(F)F)c3)C21,9.04,IC50
CHEMBL474343,C=CC(=O)NC1=CC=C2N=CN=C(Nc3ccc(Oc4ccccc4)cc3)C21,8.24,IC50
CHEMBL472746,C=CC(=O)NC1=CC=C2N=CN=C(Nc3ccc(OCc4ccccc4)cc3)C21,8.44,IC50
CHEMBL516022,C=CC(=O)NC1=NC=C2N=CN=C(Nc3cccc(C)c3)C21,9.32,IC50
CHEMBL474141,C=CC(=O)NC1=NC=C2N=CN=C(Nc3ccc(F)c(Br)c3)C21,9.14,IC50
CHEMBL516373,C=CC(=O)NC1=NC=C2N=CN=C(Nc3ccc(F)c(Cl)c3)C21,9.11,IC50
CHEMBL474142,C=CC(=O)Nc1cc2ncnc(Nc3cccc(Br)c3)c2[nH]1,8.96,IC50
CHEMBL474143,C=CC(=O)Nc1cc2ncnc(Nc3ccc(F)c(Br)c3)c2[nH]1,8.92,IC50
CHEMBL474341,O=C(CCn1ncc2cc3c(Nc4cccc(Br)c4)ncnc3cc21)N1CCOCC1,8.43,IC50
CHEMBL447331,Brc1cccc(Nc2ncnc3cc4c(cc23)CN4)c1,9.36,IC50
CHEMBL489112,CN1Cc2cc3c(Nc4cccc(Br)c4)ncnc3cc21,9.1,IC50
CHEMBL521572,OCC(O)CN1Cc2cc3c(Nc4cccc(Br)c4)ncnc3cc21,8.8,IC50
CHEMBL489117,CN(C)CCN1Cc2cc3c(Nc4cccc(Br)c4)ncnc3cc21,7.39,IC50
CHEMBL489312,CN(C)CCCN1Cc2cc3c(Nc4cccc(Br)c4)ncnc3cc21,7.68,IC50
CHEMBL489313,O=C(CCN1Cc2cc3c(Nc4cccc(Br)c4)ncnc3cc21)N1CCOCC1,8.43,IC50
CHEMBL489307,O=C(CCCN1Cc2cc3c(Nc4cccc(Br)c4)ncnc3cc21)N1CCOCC1,8.06,IC50
CHEMBL489308,O=C(O)CN1Cc2cc3c(Nc4cccc(Br)c4)ncnc3cc21,8.29,IC50
CHEMBL489501,O=C(Cc1c[nH]c2cc3ncnc(Nc4cccc(Br)c4)c3cc12)N1CCOCC1,8.32,IC50
CHEMBL461792,COC[C@H]1Oc2cc3ncnc(Nc4cccc(Cl)c4)c3cc2O[C@@H]1COC,8.0,IC50
CHEMBL516979,COC[C@H]1Oc2cc3ncnc(Nc4cccc(I)c4)c3cc2O[C@@H]1COC,8.78,IC50
CHEMBL460736,CN(N)C/C=C/C(=O)Nc1cc2c(Nc3cccc(Br)c3)ccnc2cn1,8.07,IC50
CHEMBL461795,COc1cc2ncnc(Nc3ccc(F)c(Cl)c3)c2cc1CN1CC[C@@H](C(N)=O)C1,8.22,IC50
CHEMBL461967,COc1cc2ncnc(Nc3ccc(F)c(Cl)c3)c2cc1CNC(=O)[C@H]1CCCCN1C,8.1,IC50
CHEMBL517130,COc1cc2ncnc(Nc3ccc(F)c(Cl)c3)c2cc1CN(C)[C@H](C)C(N)=O,8.05,IC50
CHEMBL461968,COc1cc2ncnc(Nc3ccc(F)c(Cl)c3)c2cc1CN(C)[C@@H](C)C(N)=O,8.1,IC50
CHEMBL470219,Fc1ccc(Nc2ncnc3nc(Nc4ccc(CN5CCCC5)cc4)sc23)cc1Cl,8.4,IC50
CHEMBL471058,CCc1nccn1Cc1ccc(Nc2nc3ncnc(Nc4ccc(F)c(Cl)c4)c3s2)cc1,8.22,IC50
CHEMBL513418,NS(=O)(=O)c1ccc(Nc2nc3ncnc(Nc4cccc(Cl)c4)c3s2)cc1,8.15,IC50
CHEMBL469355,NS(=O)(=O)c1ccc(Nc2nc3ncnc(Nc4ccc(F)c(Cl)c4)c3s2)cc1,8.05,IC50
CHEMBL503418,CN1CCN(Cc2ccc(Nc3nc4ncnc(Nc5ccc(OCc6cccc(F)c6)c(Cl)c5)c4s3)cc2)CC1,8.05,IC50
CHEMBL469354,NS(=O)(=O)c1ccc(Nc2nc3ncnc(Nc4cccc(Br)c4)c3s2)cc1,8.0,IC50
CHEMBL470011,Fc1ccc(Nc2ncnc3nc(Nc4ccc(CN5CCCCC5)cc4)sc23)cc1Cl,8.0,IC50
CHEMBL511990,OC[C@@H]1CCCN1Cc1ccc(Nc2nc3ncnc(Nc4ccc(F)c(Cl)c4)c3s2)cc1,7.96,IC50
CHEMBL513208,CN(C)Cc1ccc(Nc2nc3ncnc(Nc4ccc(F)c(Cl)c4)c3s2)cc1,7.92,IC50
CHEMBL511637,Fc1ccc(Nc2ncnc3nc(Nc4ccc(CN5CCOCC5)cc4)sc23)cc1Cl,7.92,IC50
CHEMBL470218,CN(C)CCc1ccc(Nc2nc3ncnc(Nc4ccc(F)c(Cl)c4)c3s2)cc1,7.89,IC50
CHEMBL513362,Cc1cccc(Nc2ncnc3nc(Nc4ccc(S(N)(=O)=O)cc4)sc23)c1,7.85,IC50
CHEMBL470012,Fc1ccc(Nc2ncnc3nc(Nc4ccc(CCN5CCOCC5)cc4)sc23)cc1Cl,7.82,IC50
CHEMBL470010,COCCN(CCOC)S(=O)(=O)c1ccc(Nc2nc3ncnc(Nc4ccc(F)c(Cl)c4)c3s2)cc1,7.6,IC50
CHEMBL470003,Clc1cccc(Nc2ncnc3nc(Nc4ccccc4)sc23)c1,7.57,IC50
CHEMBL470391,C#Cc1cccc(Nc2ncnc3nc(Nc4ccc(CN5CCOCC5)cc4)sc23)c1,7.37,IC50
CHEMBL469997,Fc1ccc(Nc2ncnc3nc(Nc4ccccc4)sc23)cc1Cl,7.23,IC50
CHEMBL511839,NS(=O)(=O)c1ccc(Nc2nc3ncnc(Nc4ccccc4)c3s2)cc1,7.09,IC50
CHEMBL489058,CCN1CCN(CC/C=C/c2ccc3c(Nc4ccc(Sc5nccn5C)c(Cl)c4)c(C#N)cnc3c2)CC1,8.0,IC50
CHEMBL448929,CCc1cc(Nc2nccc(-c3c(-c4cccc(C(=O)Nc5c(F)cccc5F)c4)nc4ccccn34)n2)c(OC)cc1N1CCC(N2CCN(S(C)(=O)=O)CC2)CC1,7.66,IC50
CHEMBL507714,COc1cc(N2CCC(N3CCN(S(C)(=O)=O)CC3)CC2)ccc1Nc1nccc(-c2c(-c3cccc(C(=O)Nc4c(F)cccc4F)c3)nc3ccccn23)n1,7.24,IC50
CHEMBL479800,Fc1cccc(COc2ccc(Nc3ncnc4cc(-c5ccco5)sc34)cc2Cl)c1,8.0,IC50
CHEMBL475594,CN(C)Cc1ccc(-c2cc3ncnc(Nc4ccc(OCc5cccc(F)c5)c(Cl)c4)c3s2)o1,8.7,IC50
CHEMBL475761,CN1CCN(Cc2ccc(-c3cc4ncnc(Nc5ccc(OCc6cccc(F)c6)c(Cl)c5)c4s3)o2)CC1,8.3,IC50
CHEMBL473428,OCc1ccc(-c2cc3ncnc(Nc4ccc(OCc5cccc(F)c5)c(Cl)c4)c3s2)o1,8.52,IC50
CHEMBL473429,N#CCNCc1ccc(-c2cc3ncnc(Nc4ccc(OCc5cccc(F)c5)c(Cl)c4)c3s2)o1,8.52,IC50
CHEMBL475768,CS(=O)(=O)CCNCc1ccc(-c2cc3ncnc(Nc4ccc(OCc5cccc(F)c5)c(Cl)c4)c3s2)o1,9.0,IC50
CHEMBL475769,CS(=O)(=O)CCNCc1cc(-c2cc3ncnc(Nc4ccc(OCc5cccc(F)c5)c(Cl)c4)c3s2)co1,8.4,IC50
CHEMBL473427,Fc1cccc(COc2ccc(Nc3ncnc4cc(-c5cccs5)sc34)cc2Cl)c1,8.1,IC50
CHEMBL474431,CS(=O)(=O)CCNCc1cc(-c2cc3ncnc(Nc4ccc(OCc5cccc(F)c5)c(Cl)c4)c3s2)cs1,8.52,IC50
CHEMBL473436,Fc1cccc(COc2ccc(Nc3ncnc4cc(-c5ccc[nH]5)sc34)cc2Cl)c1,7.17,IC50
CHEMBL473437,CN(C)Cc1ccc(-c2cc3ncnc(Nc4ccc(OCc5cccc(F)c5)c(Cl)c4)c3s2)[nH]1,8.4,IC50
CHEMBL473438,CCNCc1ccc(-c2cc3ncnc(Nc4ccc(OCc5cccc(F)c5)c(Cl)c4)c3s2)[nH]1,8.22,IC50
CHEMBL475446,CS(=O)(=O)CCNCc1ccc(-c2cc3ncnc(Nc4ccc(OCc5cccc(F)c5)c(Cl)c4)c3s2)[nH]1,8.15,IC50
CHEMBL514938,Fc1cccc(COc2ccc(Nc3ncnc4sc(-c5ccco5)cc34)cc2Cl)c1,7.82,IC50
CHEMBL519757,Fc1cccc(COc2ccc(Nc3ncnc4sc(-c5ccc(CNCc6ccccc6)o5)cc34)cc2Cl)c1,7.27,IC50
CHEMBL480349,CS(=O)(=O)CCNCc1ccc(-c2cc3c(Nc4ccc(OCc5cccc(F)c5)c(Cl)c4)ncnc3s2)o1,7.92,IC50
CHEMBL506414,Fc1cccc(COc2ccc(Nc3ncnc4sc(-c5cccs5)cc34)cc2Cl)c1,8.05,IC50
CHEMBL481324,CS(=O)(=O)CCNCc1ccc(-c2cc3c(Nc4ccc(OCc5cccc(F)c5)c(Cl)c4)ncnc3s2)s1,7.02,IC50
CHEMBL475767,CN(C)Cc1ccc(-c2cc3c(Nc4ccc(OCc5cccc(F)c5)c(Cl)c4)ncnc3s2)[nH]1,7.17,IC50
CHEMBL525725,COc1ccc(/N=C/c2c(N)ncnc2Nc2ccc3c(cnn3Cc3cccc(F)c3)c2)cc1,7.31,IC50
CHEMBL497863,Nc1ncnc(Nc2ccc3c(cnn3Cc3cccc(F)c3)c2)c1/C=N/NCC(F)(F)F,7.28,IC50
CHEMBL497697,CN/N=C/c1c(N)ncnc1Nc1ccc2c(cnn2Cc2cccc(F)c2)c1,7.92,IC50
CHEMBL515664,COC[C@H]1CCCN1/N=C/c1c(N)ncnc1Nc1ccc2c(cnn2Cc2cccc(F)c2)c1,7.51,IC50
CHEMBL456758,COC[C@@H]1CCCN1/N=C/c1c(N)ncnc1Nc1ccc2c(cnn2Cc2cccc(F)c2)c1,7.58,IC50
CHEMBL514566,Nc1ncnc(Nc2ccc3c(cnn3Cc3cccc(F)c3)c2)c1/C=N/N1CCN(CCO)CC1,8.05,IC50
CHEMBL498134,CN1CCN(/N=C/c2c(N)ncnc2Nc2ccc3c(cnn3Cc3cccc(F)c3)c2)CC1,7.8,IC50
CHEMBL524457,Nc1ncnc(Nc2ccc3c(cnn3Cc3cccc(F)c3)c2)c1/C=N/N1CCCCC1,7.52,IC50
CHEMBL498133,Nc1ncnc(Nc2ccc3c(cnn3Cc3cccc(F)c3)c2)c1/C=N/N1CCOCC1,7.8,IC50
CHEMBL497459,CN(C)/N=C/c1c(N)ncnc1Nc1ccc2c(cnn2Cc2cccc(F)c2)c1,8.1,IC50
CHEMBL572881,CC1(C)CNc2cc(NC(=O)c3cccnc3NCc3ccncc3)ccc21,7.82,KD
CHEMBL483321,COCC(=O)NC/C=C/c1ccc2ncnc(Nc3ccc(Oc4ccc(C)nc4)c(C)c3)c2c1,8.19,IC50
CHEMBL5416410,Cc1nc(Nc2ncc(C(=O)Nc3c(C)cccc3Cl)s2)cc(N2CCN(CCO)CC2)n1.O,7.7,IC50
CHEMBL565714,CCC1=C2C(Nc3ccc4c(cnn4Cc4ccccc4)c3)=NC=NC2N=C1NC(=O)OCCN1CCNCC1,7.68,IC50
CHEMBL565467,CCC1=C2C(Nc3ccc4c(cnn4Cc4ccccc4)c3)=NC=NC2N=C1NC(=O)O[C@H]1CC[C@H](N)CC1,7.64,IC50
CHEMBL583403,CCC1=C2C(Nc3ccc4c(cnn4Cc4cccc(F)c4)c3)=NC=NC2N=C1NC(=O)OC[C@@H]1COCCN1,7.64,IC50
CHEMBL583218,CCC1=C2C(Nc3ccc4c(cnn4Cc4ccccc4)c3)=NC=NC2N=C1NC(=O)OCC1CCNCC1,7.52,IC50
CHEMBL1645462,Cc1c(NC(=O)OC[C@@H]2COCCN2)cn2ncnc(Nc3ccc4c(cnn4Cc4cccc(F)c4)c3)c12,8.52,KD
CHEMBL567873,CCC1=C2C(Nc3ccc4c(cnn4Cc4ccccc4)c3)=NC=NC2N=C1NC(=O)OC[C@@H]1COCCN1,7.48,IC50
CHEMBL566350,CCC1=C2C(Nc3ccc4c(cnn4Cc4ccccc4)c3)=NC=NC2N=C1NC(=O)OCCN1CCCCC1,7.42,IC50
CHEMBL584714,CCC1=C2C(Nc3ccc4c(cnn4Cc4ccccc4)c3)=NC=NC2N=C1NC(=O)OCC1CCCNC1,7.42,IC50
CHEMBL566337,CCC1=C2C(Nc3ccc4c(cnn4Cc4ccccc4)c3)=NC=NC2N=C1NC(=O)OCCn1ccnc1,7.4,IC50
CHEMBL578044,CCC1=C2C(Nc3ccc4c(cnn4Cc4ccccc4)c3)=NC=NC2N=C1NC(=O)OCCC1CCNCC1,7.36,IC50
CHEMBL566559,CCC1=C2C(Nc3ccc4c(cnn4Cc4ccccc4)c3)=NC=NC2N=C1NC(=O)OCC1CCCCN1,7.35,IC50
CHEMBL567197,CCC1=C2C(Nc3ccc4c(cnn4Cc4ccccc4)c3)=NC=NC2N=C1NC(=O)O[C@H]1CC[C@@](C)(N)CC1,7.72,IC50
CHEMBL571040,C=CC(=O)N1CCC[C@H]1C(=O)Nc1cc2c(Nc3cccc(Cl)c3F)ncnc2cc1OCCOC,7.89,IC50
CHEMBL569880,C=CC(=O)N1CCC[C@H]1C(=O)Nc1cc2c(Nc3ccc(F)c(Cl)c3F)ncnc2cc1OCCOC,8.05,IC50
CHEMBL596059,COc1cc(-c2nc3ccccc3s2)ccc1Nc1ncnc2cc(OC)c(OC)cc12,7.2,IC50
CHEMBL595615,COc1cc2c(Nc3ccc(-c4nc5ccccc5s4)cc3)ncnc2cc1OCCCN1CCN(C)CC1,7.34,IC50
CHEMBL596087,COc1cc2c(Nc3ccc(-c4nc5ccccc5s4)c(C)c3)ncnc2cc1OCCCN1CCN(C)CC1,7.5,IC50
CHEMBL593860,COc1cc2c(Nc3ccc(-c4nc5ccccc5s4)c(OC)c3)ncnc2cc1OCCCN1CCN(C)CC1,8.7,IC50
CHEMBL593274,COc1cc2c(Nc3ccc(-c4nc5ccccc5s4)c(Cl)c3)ncnc2cc1OCCCN1CCN(C)CC1,7.8,IC50
CHEMBL593911,COc1cc2ncnc(Nc3ccc(-c4nc5ccccc5s4)c(OC)c3)c2cc1OCCCN1CCN(C)CC1,7.82,IC50
CHEMBL604893,COc1cc2ncnc(Nc3ccc(-c4nc5ccccc5s4)c(Cl)c3)c2cc1OCCCN1CCN(C)CC1,7.36,IC50
CHEMBL598307,CCCCCCCCCCCCCCCCOC(=O)COc1cc(O)c2c(=O)cc(-c3ccccc3)oc2c1,7.32,IC50
CHEMBL601625,CCCCCCCCCCCCCCCCNC(=O)COc1cc(O)c2c(=O)cc(-c3ccccc3)oc2c1,7.46,IC50
CHEMBL589588,COc1ccc(NC(=O)c2ccc(N(CCCl)CCCl)cc2)cc1,7.1,IC50
CHEMBL602728,O=C(Nc1cccc2ccccc12)c1ccc(N(CCCl)CCCl)cc1,7.05,IC50
CHEMBL597551,COc1cc2ncnc(Nc3ccc(F)c(Cl)c3)c2cc1OCCC(=O)NO,8.15,IC50
CHEMBL597752,COc1cc2ncnc(Nc3ccc(F)c(Cl)c3)c2cc1OCCCC(=O)NO,8.11,IC50
CHEMBL596736,COc1cc2ncnc(Nc3ccc(F)c(Cl)c3)c2cc1OCCCCC(=O)NO,8.03,IC50
CHEMBL599398,C#Cc1cccc(Nc2ncnc3cc(OC)c(OCCCCC(=O)NO)cc23)c1,7.82,IC50
CHEMBL598163,COc1cc2ncnc(Nc3ccc(F)c(Cl)c3)c2cc1OCCCCCC(=O)NO,8.47,IC50
CHEMBL598164,C#Cc1cccc(Nc2ncnc3cc(OC)c(OCCCCCC(=O)NO)cc23)c1,8.34,IC50
CHEMBL598377,COc1cc2ncnc(Nc3ccc(F)c(Cl)c3)c2cc1OCCCCCCC(=O)NO,8.51,IC50
CHEMBL598797,C#Cc1cccc(Nc2ncnc3cc(OC)c(OCCCCCCC(=O)NO)cc23)c1,8.62,IC50
CHEMBL598798,C#Cc1cc(Nc2ncnc3cc(OC)c(OCCCCCCC(=O)NO)cc23)ccc1F,7.54,IC50
CHEMBL598799,COc1cc2ncnc(Nc3ccc(OCc4cccc(F)c4)c(Cl)c3)c2cc1OCCCCCCC(=O)NO,8.04,IC50
CHEMBL604094,O=C(CCCCCCOc1ccc2ncnc(Nc3ccc(F)c(Cl)c3)c2c1)NO,7.08,IC50
CHEMBL597569,COCCOc1cc2ncnc(Nc3ccc(F)c(Cl)c3)c2cc1OCCCCCCC(=O)NO,7.98,IC50
CHEMBL597773,COc1cc2ncnc(Nc3ccc(F)c(Cl)c3)c2cc1NC(=O)CCCCCCC(=O)NO,8.68,IC50
CHEMBL596754,COc1cc2ncnc(Nc3ccc(F)c(Cl)c3)c2cc1SCCCCCCC(=O)NO,8.7,IC50
CHEMBL596755,COc1cc2ncnc(Nc3ccc(F)c(Cl)c3)c2cc1S(=O)(=O)CCCCCCC(=O)NO,7.81,IC50
CHEMBL596957,COc1cc2ncnc(NCc3ccc(Cl)c(F)c3)c2cc1OCCCCCCC(=O)NO,7.14,IC50
CHEMBL596761,COc1cc2ncnc(NCc3ccccc3)c2cc1OCCCCCCC(=O)NO,7.0,IC50
CHEMBL605976,COc1cc2ncnc(N[C@H](C)c3ccccc3)c2cc1OCCCCCCC(=O)NO,7.89,IC50
CHEMBL598610,COc1cc2c(Nc3ccc(F)c(Cl)c3)ncnc2cc1OCCCCCCC(=O)NO,8.15,IC50
CHEMBL598611,C#Cc1cccc(Nc2ncnc3cc(OCCCCCCC(=O)NO)c(OC)cc23)c1,8.09,IC50
CHEMBL597402,O=C(COc1c(F)c(F)c(F)c(F)c1F)Nc1ccc2ncnc(Nc3cccc(Br)c3)c2c1,7.63,IC50
CHEMBL604914,O=C(COc1ccccc1)Nc1ccc2ncnc(Nc3cccc(Br)c3)c2c1,8.03,IC50
CHEMBL597200,O=C(COc1ccc(F)cc1)Nc1ccc2ncnc(Nc3cccc(Br)c3)c2c1,8.07,IC50
CHEMBL598007,O=C(Nc1ccc2ncnc(Nc3cccc(Br)c3)c2c1)[C@@H]1O[C@H]1CN1CCCCC1,8.91,IC50
CHEMBL599047,O=C(Cn1sc2ccccc2c1=O)Nc1ccc2ncnc(Nc3cccc(Br)c3)c2c1,9.07,IC50
CHEMBL2021575,O=C(O)[C@@H]1O[C@H]1C(=O)Nc1ccc2ncnc(Nc3cccc(Br)c3)c2c1,9.3,IC50
CHEMBL2021576,O=C(O)[C@H]1O[C@@H]1C(=O)Nc1ccc2ncnc(Nc3cccc(Br)c3)c2c1,9.31,IC50
CHEMBL599863,O=C(CNC(=O)Oc1ccccc1)Nc1ccc2ncnc(Nc3cccc(Br)c3)c2c1,9.43,IC50
CHEMBL603266,O=C(Cn1sccc1=O)Nc1ccc2ncnc(Nc3cccc(Br)c3)c2c1,9.44,IC50
CHEMBL592617,N#CCC(=O)Nc1ccc2ncnc(Nc3cccc(Br)c3)c2c1,9.77,IC50
CHEMBL589826,C=CCCCCOc1cc2c(Nc3ccc(F)c(Cl)c3)ncnc2cc1OC,7.49,IC50
CHEMBL590559,C=C=CCCCCCOc1cc2c(Nc3ccc(F)c(Cl)c3)ncnc2cc1O,8.35,IC50
CHEMBL590558,C#CCCCCCOc1cc2c(Nc3ccc(F)c(Cl)c3)ncnc2cc1OC,7.49,IC50
CHEMBL591040,C=C=CCCCCOc1cc2c(Nc3ccc(F)c(Cl)c3)ncnc2cc1O,7.18,IC50
CHEMBL591039,C#CCCCCOc1cc2c(Nc3ccc(F)c(Cl)c3)ncnc2cc1OC,7.06,IC50
CHEMBL591038,C=C=CCCCOc1cc2c(Nc3ccc(F)c(Cl)c3)ncnc2cc1O,8.5,IC50
CHEMBL592216,C#CCCCOc1cc2c(Nc3ccc(F)c(Cl)c3)ncnc2cc1OC,8.6,IC50
CHEMBL592215,C=C=CCCCOc1cc2c(Nc3cccc(Cl)c3)ncnc2cc1O,7.54,IC50
CHEMBL592713,C#CCCCOc1cc2c(Nc3cccc(Cl)c3)ncnc2cc1OC,7.75,IC50
CHEMBL597950,C=C=CCOc1cc2c(Nc3ccc(F)c(Cl)c3)ncnc2cc1O,7.62,IC50
CHEMBL597949,C#CCOc1cc2c(Nc3ccc(F)c(Cl)c3)ncnc2cc1OC,7.83,IC50
CHEMBL609321,C=C=CCOc1cc2c(Nc3cccc(Cl)c3)ncnc2cc1O,7.77,IC50
CHEMBL597948,C#CCOc1cc2c(Nc3cccc(Cl)c3)ncnc2cc1OC,7.59,IC50
CHEMBL592457,O=C1CSC(N/N=C/c2cc(Br)ccc2O)=N1,7.05,IC50
CHEMBL592466,Oc1ccc(CN(Cc2cccc(Cl)c2O)C(=S)Nc2ccccc2)cc1,7.1,IC50
CHEMBL2374457,COCCCN1CCC([C@H]2CC[C@H](n3nc(-c4ccc5nc(Cc6ccccc6Cl)[nH]c5c4)c4c(N)ncnc43)CC2)CC1,7.24,IC50
CHEMBL2374458,COc1ccccc1Cc1nc2ccc(-c3nn([C@H]4CC[C@H](C5CCN(C)CC5)CC4)c4ncnc(N)c34)cc2[nH]1,7.24,IC50
CHEMBL1079742,C#Cc1cccc(Nc2ncnc3cc(OCCOC)c(OCCOC)cc23)c1.Cl,8.7,IC50
CHEMBL1093815,O=C(Nc1cccc(-c2nc3sccn3c2-c2ccnc(Nc3ccccc3)n2)c1)c1ccccc1Cl,7.08,IC50
CHEMBL1093234,O=C(Nc1cccc(-c2nc3sccn3c2-c2ccnc(Nc3ccccc3)n2)c1)c1ccccc1,7.26,IC50
CHEMBL1090350,O=C(Nc1cccc(-c2nc3sccn3c2-c2ccnc(Nc3ccc(N4CCOCC4)cc3)n2)c1)c1ccccc1,8.1,IC50
CHEMBL1090351,O=C(Nc1cccc(-c2nc3sccn3c2-c2ccnc(Nc3ccc(N4CCOCC4)cc3)n2)c1)c1c(F)cccc1F,8.72,IC50
CHEMBL1090354,O=C(Nc1ccccc1)Nc1cccc(-c2nc3sccn3c2-c2ccnc(Nc3ccc(N4CCOCC4)cc3)n2)c1,7.0,IC50
CHEMBL1090356,O=C(Cc1ccccc1)Nc1cccc(-c2nc3sccn3c2-c2ccnc(Nc3ccc(N4CCOCC4)cc3)n2)c1,7.5,KI
CHEMBL1088931,O=C(Nc1cccc(-c2nc3sccn3c2-c2ccnc(Nc3cccc(N4CCOCC4)c3)n2)c1)c1c(F)cccc1F,8.21,IC50
CHEMBL1090357,CN(C)CCc1ccc(Nc2nccc(-c3c(-c4cccc(NC(=O)c5c(F)cccc5F)c4)nc4sccn34)n2)cc1,9.11,IC50
CHEMBL1090358,CCN1CCN(c2ccc(Nc3nccc(-c4c(-c5cccc(NC(=O)c6c(F)cccc6F)c5)nc5sccn45)n3)cc2)CC1,9.02,IC50
CHEMBL1090359,O=C(Nc1cccc(-c2nc3sccn3c2-c2ccnc(Nc3ccc4c(c3)CCNC4)n2)c1)c1c(F)cccc1F,8.64,IC50
CHEMBL1090360,O=C(Cc1ccccc1)Nc1cccc(-c2nc3sccn3c2-c2ccnc(Nc3cccc(N4CCOCC4)c3)n2)c1,7.25,IC50
CHEMBL1090361,CN1CCc2cc(Nc3nccc(-c4c(-c5cccc(NC(=O)Cc6ccccc6)c5)nc5sccn45)n3)ccc2C1,7.24,IC50
CHEMBL1090362,CCN1CCN(c2ccc(Nc3nccc(-c4c(-c5cccc(NC(=O)Cc6ccccc6)c5)nc5sccn45)n3)cc2)CC1,7.8,IC50
CHEMBL1090363,CN(C)CCc1cccc(Nc2nccc(-c3c(-c4cccc(NC(=O)Cc5ccccc5)c4)nc4sccn34)n2)c1,7.62,IC50
CHEMBL1090364,O=C(Cc1ccccc1)Nc1cccc(-c2nc3sccn3c2-c2ccnc(Nc3ccc4c(c3)CCNC4)n2)c1,8.19,IC50
CHEMBL1090840,C=CC(=O)Nc1ccc2nccc(Nc3cccc(Br)c3)c2c1,8.49,IC50
CHEMBL1092250,C#Cc1cccc(Nc2ccnc3cc(OC)c(OC)cc23)c1,9.57,KD
CHEMBL1089203,C#Cc1cccc(Nc2ccnc3cc(OCCOC)c(OCCOC)cc23)c1,7.85,IC50
CHEMBL1089524,CN(C)CCCC(=O)Nc1ccc2nccc(Nc3cccc(Br)c3)c2c1,9.3,IC50
CHEMBL1092382,CCC(=O)Nc1ccc2nccc(Nc3cccc(Br)c3)c2c1,8.55,IC50
CHEMBL1171792,Cc1ccc(Br)c2c(C#N)cc(C(=O)C3CC3)n12,7.07,IC50
CHEMBL1173814,COc1ccc(C2CC(c3ccc(C)c(C)c3)=NN2C(N)=S)cc1,7.16,IC50
CHEMBL1172773,C=CC(=O)Nc1ccc(-c2c(-c3ccccc3)oc3ncnc(N[C@H](CO)c4ccccc4)c23)cc1,7.09,IC50
CHEMBL1172843,C=CC(=O)Nc1cccc(-c2c(-c3ccccc3)oc3ncnc(N[C@H](CO)c4ccccc4)c23)c1,8.15,IC50
CHEMBL1243284,CNC/C=C/C(=O)Nc1cc2c(Nc3ccc(F)c(Cl)c3)c(C#N)cnc2cc1OCCF,9.54,IC50
CHEMBL1243255,CCOc1cc2ncc(C#N)c(Nc3ccc(F)c(Cl)c3)c2cc1NC(=O)/C=C/CNC,9.6,IC50
CHEMBL1243346,CCOc1cc2ncc(C#N)c(Nc3ccc(F)c(Cl)c3)c2cc1NC(=O)/C=C/c1cn(CCF)nn1,8.39,IC50
CHEMBL1243283,CCOc1cc2ncc(C#N)c(Nc3ccc(F)c(Cl)c3)c2cc1NC(=O)/C=C/CNCc1cn(CCF)nn1,8.74,IC50
CHEMBL1243254,CCOc1cc2ncc(C#N)c(Nc3ccc(F)c(Cl)c3)c2cc1NC(=O)/C=C/CN(C)Cc1ccc(F)cc1,9.24,IC50
CHEMBL1243345,CCOc1cc2ncc(C#N)c(Nc3ccc(F)c(Cl)c3)c2cc1NC(=O)/C=C/CN(C)CCF,9.1,IC50
CHEMBL1243316,C#CCNC/C=C/C(=O)Nc1cc2c(Nc3ccc(F)c(Cl)c3)c(C#N)cnc2cc1OCC,10.52,IC50
CHEMBL1241487,Nc1ccc(-c2nn(C3CCCC3)c3ncnc(N)c23)cc1O,7.48,IC50
CHEMBL1241581,COc1cc(-c2nn(C3CCCC3)c3ncnc(N)c23)ccc1N,7.08,IC50
CHEMBL1241676,Nc1ncnc2c1c(-c1ccc(Cl)c(O)c1)nn2C1CCCC1,7.17,IC50
CHEMBL1242662,CC(C)n1nc(-c2ccc3cc(O)ccc3c2)c2c(N)ncnc21,7.06,IC50
CHEMBL1242664,Nc1ncnc2c1c(-c1ccc3cc[nH]c3c1)nn2C1CCCC1,7.07,IC50
CHEMBL603469,C[C@]12O[C@H](C[C@]1(O)CO)n1c3ccccc3c3c4c(c5c6ccccc6n2c5c31)CNC4=O,8.11,KD
CHEMBL288441,COc1cc(Nc2c(C#N)cnc3cc(OCCCN4CCN(C)CC4)c(OC)cc23)c(Cl)cc1Cl,7.75,KD
CHEMBL608533,CO[C@@H]1[C@H](N(C)C(=O)c2ccccc2)C[C@H]2O[C@]1(C)n1c3ccccc3c3c4c(c5c6ccccc6n2c5c31)C(=O)NC4,8.06,KD
CHEMBL1240703,CO[C@@H]1[C@H](N(C)C(=O)c2ccccc2)C[C@H]2O[C@]1(C)n1c3ccccc3c3c4c(c5c6ccccc6n2c5c31)C(=O)N[C@H]4O,7.46,KD
CHEMBL1272061,C=CC(=O)N1CCc2c(sc3ncnc(N[C@H](CO)c4ccccc4)c23)C1,8.1,IC50
CHEMBL1272167,C=CS(=O)(=O)N1CCc2c(sc3ncnc(N[C@H](CO)c4ccccc4)c23)C1,7.04,IC50
CHEMBL1272222,C=CC(=O)N1CCc2c(sc3ncnc(N[C@H](C)c4ccccc4)c23)C1,7.7,IC50
CHEMBL1272223,C=CC(=O)N1CCc2c(sc3ncnc(N[C@H](CC)c4ccccc4)c23)C1,7.34,IC50
CHEMBL1272276,CN(C)C/C=C/C(=O)N1CCc2c(sc3ncnc(N[C@H](CO)c4ccccc4)c23)C1,7.16,IC50
CHEMBL1272324,CCN(CC)C/C=C/C(=O)N1CCc2c(sc3ncnc(N[C@H](CO)c4ccccc4)c23)C1,8.05,IC50
CHEMBL1272325,O=C(/C=C/CN1CCOCC1)N1CCc2c(sc3ncnc(N[C@H](CO)c4ccccc4)c23)C1,7.68,IC50
CHEMBL1271507,CN1CCN(C/C=C/C(=O)N2CCc3c(sc4ncnc(N[C@H](CO)c5ccccc5)c34)C2)CC1,7.05,IC50
CHEMBL1271561,C[C@@H](Nc1ncnc2sc3c(c12)CCN(C(=O)/C=C/CN(C)C)C3)c1ccccc1,8.34,IC50
CHEMBL1271562,CC[C@@H](Nc1ncnc2sc3c(c12)CCN(C(=O)/C=C/CN(C)C)C3)c1ccccc1,7.92,IC50
CHEMBL1630107,O=C(/C=C/c1ccc(-c2ccc3ncnc(Nc4ccc(OCc5cccc(F)c5)c(Cl)c4)c3c2)o1)NO,8.6,IC50
CHEMBL1630108,O=C(/C=C/c1ccc(-c2ccc3ncnc(Nc4ccc(OCc5cccc(F)c5)c(Cl)c4)c3c2)s1)NO,8.32,IC50
CHEMBL1630109,O=C(/C=C/c1cccc(-c2ccc3ncnc(Nc4ccc(OCc5cccc(F)c5)c(Cl)c4)c3c2)c1)NO,7.75,IC50
CHEMBL1630110,O=C(/C=C/c1ccc(-c2ccc3ncnc(Nc4ccc(OCc5cccc(F)c5)c(Cl)c4)c3c2)cc1)NO,7.75,IC50
CHEMBL1630111,Nc1ccccc1NC(=O)c1ccc(-c2ccc3ncnc(Nc4ccc(OCc5cccc(F)c5)c(Cl)c4)c3c2)o1,8.54,IC50
CHEMBL1630112,Nc1ccccc1NC(=O)c1ccc(-c2ccc3ncnc(Nc4ccc(OCc5cccc(F)c5)c(Cl)c4)c3c2)s1,8.55,IC50
CHEMBL1630113,Nc1ccccc1NC(=O)/C=C/c1ccc(-c2ccc3ncnc(Nc4ccc(OCc5cccc(F)c5)c(Cl)c4)c3c2)o1,7.58,IC50
CHEMBL1630114,Nc1ccccc1NC(=O)/C=C/c1cccc(-c2ccc3ncnc(Nc4ccc(OCc5cccc(F)c5)c(Cl)c4)c3c2)c1,7.31,IC50
CHEMBL1630115,Nc1ccccc1NC(=O)/C=C/c1ccc(-c2ccc3ncnc(Nc4ccc(OCc5cccc(F)c5)c(Cl)c4)c3c2)cc1,7.54,IC50
CHEMBL1630116,Nc1ccccc1NC(=O)CCc1ccc(-c2ccc3ncnc(Nc4ccc(OCc5cccc(F)c5)c(Cl)c4)c3c2)cc1,7.82,IC50
CHEMBL1630117,O=C(NO)c1ccc(-c2ccc3ncnc(Nc4ccc(OCc5cccc(F)c5)c(Cl)c4)c3c2)o1,8.41,IC50
CHEMBL1630118,O=C(NO)c1ccc(-c2ccc3ncnc(Nc4ccc(OCc5cccc(F)c5)c(Cl)c4)c3c2)s1,8.66,IC50
CHEMBL1645474,NC1CCN(Cc2ccn3ncnc(Nc4cccc(Br)c4)c23)CC1,8.22,IC50
CHEMBL1645473,NC1CCN(Cc2ccn3ncnc(Nc4cccc(Cl)c4)c23)CC1,8.05,IC50
CHEMBL1645466,C#Cc1cccc(Nc2ncnn3ccc(CN4CCC(N)CC4)c23)c1,8.0,IC50
CHEMBL1645476,NC1CCN(Cc2ccn3ncnc(Nc4ccc(F)c(Cl)c4)c23)CC1,8.0,IC50
CHEMBL1645470,Cc1cccc(Nc2ncnn3ccc(CN4CCC(N)CC4)c23)c1,7.7,IC50
CHEMBL1645472,NC1CCN(Cc2ccn3ncnc(Nc4cccc(F)c4)c23)CC1,7.5,IC50
CHEMBL1645467,NC1CCN(Cc2ccn3ncnc(Nc4ccccc4)c23)CC1,7.4,IC50
CHEMBL1645471,Cc1ccc(Nc2ncnn3ccc(CN4CCC(N)CC4)c23)cc1,7.3,IC50
CHEMBL1682557,CN(C)CCn1cnc(-c2ccc(F)cc2)c1-c1ccc2[nH]ncc2c1,7.17,KI
CHEMBL1682558,Fc1ccc(-c2ncn(CCN3CCOCC3)c2-c2ccc3[nH]ncc3c2)cc1,7.77,KI
CHEMBL1682559,Fc1ccc(-c2ncn(CCCN3CCOCC3)c2-c2ccc3[nH]ncc3c2)cc1,7.57,KI
CHEMBL1682560,Fc1ccc(-c2ncn(C3CCN(Cc4ccccc4)C3)c2-c2ccc3[nH]ncc3c2)cc1,8.1,KI
CHEMBL1683955,Cc1ncnc(Nc2ccc(OCc3cccc(F)c3)c(Cl)c2)c1C,7.77,IC50
CHEMBL1683958,Cc1ncnc(Nc2ccc(OCc3cccc(F)c3)c(Cl)c2)c1/C=N/OCCN1CCOCC1,7.17,IC50
CHEMBL1683959,Cc1ncnc(Nc2ccc(OCc3cccc(F)c3)c(Cl)c2)c1/C=N/OCCCN1CCOCC1,7.19,IC50
CHEMBL1683961,Cc1ncnc(Nc2ccc(OCc3cccc(F)c3)c(Cl)c2)c1C#CCCCN1CCOCC1,7.47,IC50
CHEMBL1683963,C/C(=C\c1c(C)ncnc1Nc1ccc(OCc2cccc(F)c2)c(Cl)c1)C(=O)NCCN1CCOCC1,7.55,IC50
CHEMBL1683965,Cc1ncnc(Nc2ccc(OCc3cccc(F)c3)c(Cl)c2)c1/C=C(\F)C(=O)NCCN1CCOCC1,7.75,IC50
CHEMBL1683967,Cc1ncnc(Nc2ccc(OCc3cccc(F)c3)c(Cl)c2)c1/C=C(\F)C(=O)NCCN1CCCC1,8.52,IC50
CHEMBL1683968,Cc1ncnc(Nc2ccc(OCc3cccc(F)c3)c(Cl)c2)c1/C=C(\F)C(=O)NCCS(C)(=O)=O,7.72,IC50
CHEMBL1683970,Cc1ncnc(Nc2ccc(OCc3cccc(F)c3)c(Cl)c2)c1C#CCCN1CCOCC1,7.89,IC50
CHEMBL1683972,Cc1ncnc(Nc2ccc(OCc3cccc(F)c3)c(Cl)c2)c1C#C/C=N/OCCN1CCOCC1,7.42,IC50
CHEMBL1683973,Cc1ncnc(Nc2ccc(OCc3cccc(F)c3)c(Cl)c2)c1C#CCCCN1CCCC1,7.96,IC50
CHEMBL1683974,CCN1CCN(CCCC#Cc2c(C)ncnc2Nc2ccc(OCc3cccc(F)c3)c(Cl)c2)CC1,8.05,IC50
CHEMBL1797418,Brc1cccc(Nc2ncnc3cc4c(ccn4CCCN4CCOCC4)cc23)c1,7.11,IC50
CHEMBL1817964,C/C=C(\C)C(O[C@@H]1O[C@H](CO)[C@@H](O)[C@H](O)[C@H]1O)C(C)/C=C(C)/C=C/CC(C)/C=C/c1oc(OC)c(C)c(=O)c1C,7.22,IC50
CHEMBL1821869,Cc1ccc(C2=NN(c3nc(-c4ccc(Cl)cc4)cs3)C(c3ccc(F)cc3)C2)cc1C,7.22,IC50
CHEMBL491473,COc1cc2c(Oc3ccc4[nH]c(C)cc4c3F)ncnc2cc1OCCCN1CCCC1,7.08,KD
CHEMBL509032,COc1cc(N2CCC(N3CCN(C)CC3)CC2)ccc1Nc1ncc(Cl)c(Nc2ccccc2S(=O)(=O)C(C)C)n1,8.47,KD
CHEMBL1230609,COc1cc2c(Oc3ccc(NC(=O)C4(C(=O)Nc5ccc(F)cc5)CC4)cc3F)ccnc2cc1OCCCN1CCOCC1,7.07,KD
CHEMBL475251,COc1cc(Nc2ncc(F)c(Nc3ccc4c(n3)NC(=O)C(C)(C)O4)n2)cc(OC)c1OC,7.21,KD
CHEMBL464552,CNC(=O)c1c(F)cccc1Nc1nc(Nc2cc3c(cc2OC)CCN3C(=O)CN(C)C)nc2[nH]ccc12,7.13,KD
CHEMBL1916891,Cc1ccccc1Nc1nc2cc(F)c(N(C)C(=O)/C=C/CN(C)C)cc2n2cncc12,8.85,IC50
CHEMBL1916897,Cc1ccc(F)cc1Nc1nc2cc(Cl)c(N(C)C(=O)/C=C/CN(C)C)cc2n2cncc12,8.47,IC50
CHEMBL1873475,C=CC(=O)N1CCC[C@@H](n2nc(-c3ccc(Oc4ccccc4)cc3)c3c(N)ncnc32)C1,9.3,IC50
CHEMBL1914653,Br.C[C@@H](Nc1ncnc2[nH]c(-c3ccc(O)cc3)cc12)c1ccccc1,8.43,IC50
CHEMBL1914654,Br.C[C@@H](Nc1ncnc2[nH]c(-c3ccc(O)cc3)cc12)c1ccc(F)cc1,8.42,IC50
CHEMBL1914655,Br.C[C@@H](Nc1ncnc2[nH]c(-c3ccc(O)cc3)cc12)c1ccc(Br)cc1,7.21,IC50
CHEMBL1914658,Br.C[C@@H](Nc1ncnc2[nH]c(-c3ccc(O)cc3)cc12)c1ccccc1F,8.1,IC50
CHEMBL1914659,Br.Cc1ccccc1C(C)Nc1ncnc2[nH]c(-c3ccc(O)cc3)cc12,7.77,IC50
CHEMBL1914660,Br.C[C@@H](Nc1ncnc2[nH]c(-c3ccc(O)cc3)cc12)c1cccc(F)c1,8.05,IC50
CHEMBL1914661,Br.Cc1cccc(C(C)Nc2ncnc3[nH]c(-c4ccc(O)cc4)cc23)c1,7.02,IC50
CHEMBL1914461,Br.Oc1ccc(-c2cc3c(NCc4ccccc4)ncnc3[nH]2)cc1,8.48,IC50
CHEMBL1914662,Br.Oc1ccc(-c2cc3c(NCc4ccc(F)cc4)ncnc3[nH]2)cc1,7.58,IC50
CHEMBL1914663,Br.Oc1ccc(-c2cc3c(NCc4ccccc4F)ncnc3[nH]2)cc1,7.35,IC50
CHEMBL1914664,Br.Oc1ccc(-c2cc3c(NCc4cccc(F)c4)ncnc3[nH]2)cc1,7.28,IC50
CHEMBL1914665,Br.CC[C@@H](Nc1ncnc2[nH]c(-c3ccc(O)cc3)cc12)c1ccccc1,8.4,IC50
CHEMBL1914667,COc1ccc(-c2cc3c(N[C@H](C)c4ccccc4)ncnc3[nH]2)cc1,8.33,IC50
CHEMBL105053,C[C@@H](Nc1[nH]cnc2nc(-c3ccccc3)cc1-2)c1ccccc1,8.48,IC50
CHEMBL1914668,C[C@@H](Nc1ncnc2[nH]c(-c3ccc(F)cc3)cc12)c1ccccc1,8.18,IC50
CHEMBL1914669,C[C@@H](Nc1ncnc2[nH]c(-c3ccc(Br)cc3)cc12)c1ccccc1,7.2,IC50
CHEMBL1914670,C[C@@H](Nc1ncnc2[nH]c(-c3ccc(C#N)cc3)cc12)c1ccccc1,7.92,IC50
CHEMBL1914671,C[C@@H](Nc1ncnc2[nH]c(-c3ccccc3)cc12)c1ccc(F)cc1,7.48,IC50
CHEMBL1914672,C[C@@H](Nc1ncnc2[nH]c(-c3ccc(F)cc3)cc12)c1ccc(F)cc1,7.57,IC50
CHEMBL1914673,C[C@@H](Nc1ncnc2[nH]c(-c3ccc(Br)cc3)cc12)c1ccc(F)cc1,7.54,IC50
CHEMBL1914674,C[C@@H](Nc1ncnc2[nH]c(-c3ccc(C#N)cc3)cc12)c1ccc(F)cc1,7.85,IC50
CHEMBL587723,CCN1CCN(Cc2ccc(-c3cc4c(N[C@H](C)c5ccccc5)ncnc4[nH]3)cc2)CC1,8.7,IC50
CHEMBL1928311,O=C(c1cc2cc(O)ccc2[nH]1)c1cc2c(Nc3ccc(F)c(Cl)c3)ncnc2s1,7.62,IC50
CHEMBL1928947,C=CC(=O)Nc1cccc(Oc2cc(Nc3ccc(OCc4cccc(F)c4)c(Cl)c3)ncn2)c1,7.43,IC50
CHEMBL1928950,N#CCC(=O)Nc1cccc(Oc2cc(Nc3ccc(OCc4cccc(F)c4)c(Cl)c3)ncn2)c1,7.32,IC50
CHEMBL1928952,Nc1cc(Nc2cccc(Oc3cc(Nc4ccc(OCc5cccc(F)c5)c(Cl)c4)ncn3)c2)ncn1,7.21,IC50
CHEMBL1928955,O=C(COc1ccccc1)Nc1cccc(Oc2cc(Nc3ccc(OCc4cccc(F)c4)c(Cl)c3)ncn2)c1,7.19,IC50
CHEMBL1928291,O=C(c1cc2ccccc2[nH]1)c1cc2c(Nc3ccc(F)c(Cl)c3)ncnc2s1,8.26,IC50
CHEMBL1928293,C#Cc1cccc(Nc2ncnc3sc(C(=O)c4cc5ccccc5[nH]4)cc23)c1,7.73,IC50
CHEMBL1928301,O=C(c1cc2ccccc2[nH]1)c1cc2c(Nc3ccc(OCc4cccc(F)c4)cc3Cl)ncnc2s1,7.73,IC50
CHEMBL1928309,O=C(c1cc2ccccc2[nH]1)c1cc2c(Nc3cccc(Cl)c3)ncnc2s1,7.78,IC50
CHEMBL1928310,O=C(c1cc2ccccc2[nH]1)c1cc2c(Nc3ccc(F)cc3)ncnc2s1,7.36,IC50
CHEMBL1928312,COc1ccc2[nH]c(C(=O)c3cc4c(Nc5ccc(F)c(Cl)c5)ncnc4s3)cc2c1,8.23,IC50
CHEMBL1928315,O=C(c1cc2ccccc2s1)c1cc2c(Nc3ccc(F)c(Cl)c3)ncnc2s1,7.97,IC50
CHEMBL1934622,Cc1ncnc(Nc2ccc(OCc3cccc(F)c3)c(Cl)c2)c1C#Cc1ccc(CNCCS(C)(=O)=O)cc1,7.66,IC50
CHEMBL1934623,Cc1ncnc(Nc2ccc(OCc3cccc(F)c3)c(Cl)c2)c1C#Cc1ccc(CNC(C)C)cc1,8.52,IC50
CHEMBL1934624,Cc1ncnc(Nc2ccc(OCc3cccc(F)c3)c(Cl)c2)c1C#Cc1ccc(CN2CCCC2)cc1,8.05,IC50
CHEMBL1934625,Cc1ncnc(Nc2ccc(OCc3cccc(F)c3)c(Cl)c2)c1C#Cc1ccc(CN(C)C)cc1,8.15,IC50
CHEMBL1934627,Cc1ncnc(Nc2ccc(OCc3cccc(F)c3)c(Cl)c2)c1C#Cc1ccc(CN2CCCC2)o1,7.1,IC50
CHEMBL1934628,Cc1ncnc(Nc2ccc(OCc3cccc(F)c3)c(Cl)c2)c1C#Cc1ccc(CN2CCCC2)s1,7.52,IC50
CHEMBL1934629,Cc1ncnc(Nc2ccc(OCc3cccc(F)c3)c(Cl)c2)c1C#Cc1ncc(CN2CCCC2)s1,7.13,IC50
CHEMBL1933083,Cc1ncnc(Nc2ccc(OCc3cccc(F)c3)c(Cl)c2)c1C#Cc1cccc(CN(C)C)c1,7.26,IC50
CHEMBL1934630,Cc1ncnc(Nc2ccc(OCc3cccc(F)c3)c(Cl)c2)c1C#CCOc1ccc(CNC(C)C)cc1,7.07,IC50
CHEMBL1934631,Cc1ncnc(Nc2ccc(OCc3cccc(F)c3)c(Cl)c2)c1/C=C/c1ccc(CNCCS(C)(=O)=O)cc1,7.03,IC50
CHEMBL1934632,Cc1ncnc(Nc2ccc(OCc3cccc(F)c3)c(Cl)c2)c1/C=C/c1ccc(CNC(C)C)cc1,7.62,IC50
CHEMBL1934633,Cc1ncnc(Nc2ccc(OCc3cccc(F)c3)c(Cl)c2)c1/C=C/c1ccc(CNC2CC2)cc1,7.01,IC50
CHEMBL242541,Nc1ccc2ncnc(Nc3ccc(F)c(Cl)c3)c2c1,7.54,IC50
CHEMBL1947125,CC1(C)CC(C(=O)Nc2ccc3ncnc(Nc4cccc(Cl)c4)c3c2)CC(C)(C)N1[O],7.19,IC50
CHEMBL1946926,CC1(C)CC(C(=O)Nc2ccc3ncnc(Nc4cccc(Br)c4)c3c2)CC(C)(C)N1[O],7.51,IC50
CHEMBL1947124,CC1(C)CC(C(=O)Nc2ccc3ncnc(Nc4ccc(F)c(Cl)c4)c3c2)CC(C)(C)N1[O],7.82,IC50
CHEMBL1945448,O=C(NS(=O)(=O)c1ccc(Cl)cc1)c1cncc(Br)c1,7.05,IC50
CHEMBL2011291,Nc1c(-c2ccc(F)cc2)c(-c2ccncc2)nn1-c1c(Cl)cc(Cl)cc1Cl,7.51,IC50
CHEMBL1229592,C=CC(=O)Nc1cccc(Oc2nc(Nc3ccc(N4CCN(C)CC4)cc3OC)ncc2Cl)c1,10.4,IC50
CHEMBL2032376,C=CC(=O)Nc1cccc(N2C(=O)N(C)Cc3cnc(Nc4ccc(N5CCN(C)CC5)cc4OC)nc32)c1,8.97,IC50
CHEMBL2032377,C=CC(=O)Nc1cccc(N2C(=O)N(C)Cc3cnc(Nc4ccc(N(C)C)cc4OC)nc32)c1,8.3,IC50
CHEMBL2032378,C=CC(=O)Nc1cccc(N2C(=O)N(C)Cc3cnc(Nc4ccc(N5CCCCC5)cc4OC)nc32)c1,7.98,IC50
CHEMBL2032379,C=CC(=O)Nc1cccc(N2C(=O)N(C)Cc3cnc(Nc4ccc(N5CCOCC5)cc4OC)nc32)c1,7.99,IC50
CHEMBL2032380,C=CC(=O)Nc1cccc(N2C(=O)N(C)Cc3cnc(Nc4ccc(N5CCCN(C)CC5)cc4OC)nc32)c1,8.83,IC50
CHEMBL2029425,C=CC(=O)Nc1cccc(N2C(=O)N(C)Cc3cnc(Nc4ccc(N5CCC(N(C)C)CC5)cc4OC)nc32)c1,8.62,IC50
CHEMBL2029426,C=CC(=O)Nc1cccc(N2C(=O)N(C)Cc3cnc(Nc4ccccc4)nc32)c1,8.16,IC50
CHEMBL2029428,C=CC(=O)Nc1cccc(N2C(=O)N(C)Cc3cnc(Nc4ccc(N5CCN(C)CC5)cc4)nc32)c1,9.37,IC50
CHEMBL2029429,C=CC(=O)Nc1cccc(N2C(=O)N(C)Cc3cnc(Nc4ccc(N5CCN(C)CC5)c(OC)c4)nc32)c1,9.39,IC50
CHEMBL2029430,C=CC(=O)Nc1cccc(N2C(=O)N(C)Cc3cnc(Nc4ccc(N5CCN(C)CC5)cc4OCC)nc32)c1,8.57,IC50
CHEMBL2029431,C=CC(=O)Nc1cccc(N2C(=O)N(C)Cc3cnc(Nc4ccc(N5CCN(C)CC5)cc4OC(C)C)nc32)c1,8.05,IC50
CHEMBL2029432,C=CC(=O)Nc1cccc(N2C(=O)N(C)Cc3cnc(Nc4ccc(N5CCN(C)CC5)cc4C)nc32)c1,8.92,IC50
CHEMBL2029434,C=CC(=O)Nc1cccc(N2C(=O)N(C(C)C)Cc3cnc(Nc4ccc(N5CCN(C)CC5)cc4OC)nc32)c1,9.42,IC50
CHEMBL2029435,C=CC(=O)Nc1cccc(N2C(=O)N(C3CC3)Cc3cnc(Nc4ccc(N5CCN(C)CC5)cc4OC)nc32)c1,9.24,IC50
CHEMBL2029436,C=CC(=O)Nc1cccc(N2C(=O)N(c3ccccc3)Cc3cnc(Nc4ccc(N5CCN(C)CC5)cc4OC)nc32)c1,9.52,IC50
CHEMBL2029437,C=CC(=O)Nc1cccc(N2C(=O)N(c3ccc4ccccc4c3)Cc3cnc(Nc4ccc(N5CCN(C)CC5)cc4OC)nc32)c1,9.1,IC50
CHEMBL2029438,C=CC(=O)Nc1cccc(N2C(=O)N(Cc3ccccc3)Cc3cnc(Nc4ccc(N5CCN(C)CC5)cc4OC)nc32)c1,9.54,IC50
CHEMBL2029439,C=CC(=O)Nc1cccc(N2C(=O)N(c3ccc(-c4ccccc4)cc3)Cc3cnc(Nc4ccc(N5CCN(C)CC5)cc4OC)nc32)c1,8.85,IC50
CHEMBL2029440,C=CC(=O)Nc1cccc(N2C(=O)N(c3ccc(Oc4ccccc4)cc3)Cc3cnc(Nc4ccc(N5CCN(C)CC5)cc4OC)nc32)c1,8.82,IC50
CHEMBL2029441,C=CC(=O)Nc1cccc(N2C(=O)N(c3ccc(OCc4ccccc4)cc3)Cc3cnc(Nc4ccc(N5CCN(C)CC5)cc4OC)nc32)c1,8.78,IC50
CHEMBL2029988,COc1cc2ncnc(Oc3cccc(NC(=O)Nc4cc(C(C)(C)C(F)(F)F)on4)c3)c2cc1OC,7.66,KD
CHEMBL2031297,CN(C)CCC(=O)Nc1ccc2ncnc(Nc3cccc(Br)c3)c2c1,9.55,IC50
CHEMBL2031298,O=C(CCN1CCCCC1)Nc1ccc2ncnc(Nc3cccc(Br)c3)c2c1,9.57,IC50
CHEMBL2031299,O=C(CCN1CCOCC1)Nc1ccc2ncnc(Nc3cccc(Br)c3)c2c1,9.29,IC50
CHEMBL2031300,CN1CCN(CCC(=O)Nc2ccc3ncnc(Nc4cccc(Br)c4)c3c2)CC1,9.64,IC50
CHEMBL2031301,CN(C)CCC(=O)N(C)c1ccc2ncnc(Nc3cccc(Br)c3)c2c1,7.76,IC50
CHEMBL2031302,C=CC(=O)Nc1cc2c(Nc3ccc(F)c(Cl)c3)ncnc2cc1OCC,9.74,IC50
CHEMBL2031303,CCOc1cc2ncnc(Nc3ccc(F)c(Cl)c3)c2cc1NC(=O)CCN(C)C,9.57,IC50
CHEMBL2031304,CCOc1cc2ncnc(Nc3ccc(F)c(Cl)c3)c2cc1NC(=O)CCN1CCCCC1,9.29,IC50
CHEMBL2031305,CCOc1cc2ncnc(Nc3ccc(F)c(Cl)c3)c2cc1NC(=O)CCN1CCOCC1,9.54,IC50
CHEMBL2031306,C=CC(=O)Nc1cc2c(Nc3ccc(F)c(Cl)c3)c(C#N)cnc2cc1OCC,8.84,IC50
CHEMBL2031307,CCOc1cc2ncc(C#N)c(Nc3ccc(F)c(Cl)c3)c2cc1NC(=O)CCN(C)C,9.17,IC50
CHEMBL2031308,CCOc1cc2ncc(C#N)c(Nc3ccc(F)c(Cl)c3)c2cc1NC(=O)CCN1CCCCC1,8.66,IC50
CHEMBL2031309,CCOc1cc2ncc(C#N)c(Nc3ccc(F)c(Cl)c3)c2cc1NC(=O)CCN1CCOCC1,8.7,IC50
CHEMBL2031310,C=CC(=O)Nc1cc2c(Nc3ccc(OCc4ccccn4)c(Cl)c3)c(C#N)cnc2cc1OCC,7.29,IC50
CHEMBL2031311,CCOc1cc2ncc(C#N)c(Nc3ccc(OCc4ccccn4)c(Cl)c3)c2cc1NC(=O)CCN(C)C,7.9,IC50
CHEMBL2031312,CCOc1cc2ncc(C#N)c(Nc3ccc(OCc4ccccn4)c(Cl)c3)c2cc1NC(=O)CCN1CCCCC1,7.61,IC50
CHEMBL2031313,CCOc1cc2ncc(C#N)c(Nc3ccc(OCc4ccccn4)c(Cl)c3)c2cc1NC(=O)CCN1CCOCC1,7.43,IC50
CHEMBL2035810,C=CC(=O)NCc1coc(-c2c(N)ncnc2Nc2ccc(OCc3ccccn3)c(Cl)c2)n1,8.49,IC50
CHEMBL2048912,CC(C)(N)C(=O)NCCn1ccc2ncnc(Nc3ccc(Oc4cccc5sncc45)c(Cl)c3)c21,8.59,IC50
CHEMBL2048911,Cl.O=C(NCCn1ccc2ncnc(Nc3ccc(Oc4cccc5sncc45)c(Cl)c3)c21)[C@@H]1CCCN1,8.52,IC50
CHEMBL2048910,CC(C)(C)C(=O)NCCn1ccc2ncnc(Nc3ccc(Oc4cccc5sncc45)c(Cl)c3)c21.CS(=O)(=O)O,7.68,IC50
CHEMBL2048909,CC(C)(C(=O)NCCn1ccc2ncnc(Nc3ccc(Oc4cccc5sncc45)c(Cl)c3)c21)S(C)(=O)=O,8.26,IC50
CHEMBL2048908,CC(C)(CO)C(=O)NCCn1ccc2ncnc(Nc3ccc(Oc4cccc5sncc45)c(Cl)c3)c21,8.15,IC50
CHEMBL2048907,CC(C)(O)C(=O)NCCn1ccc2ncnc(Nc3ccc(Oc4cccc5sncc45)c(Cl)c3)c21.CS(=O)(=O)O,8.15,IC50
CHEMBL2048906,CC(=O)NCCn1ccc2ncnc(Nc3ccc(Oc4cccc5sncc45)c(Cl)c3)c21,8.54,IC50
CHEMBL2048905,OCCn1ccc2ncnc(Nc3ccc(Oc4cccc5sncc45)c(Cl)c3)c21,8.39,IC50
CHEMBL2048904,Cn1ncc2c(Oc3ccc(Nc4ncnc5ccn(CCO)c45)cc3Cl)cccc21,7.44,IC50
CHEMBL2048903,OCCn1ccc2ncnc(Nc3ccc(Oc4cccc5[nH]ncc45)c(Cl)c3)c21,8.72,IC50
CHEMBL2048798,OCCn1ccc2ncnc(Nc3ccc(Oc4cccc5sccc45)c(Cl)c3)c21,8.06,IC50
CHEMBL2048797,OCCn1ccc2ncnc(Nc3ccc(Oc4cccc5[nH]ccc45)c(Cl)c3)c21,8.51,IC50
CHEMBL2048796,O=C1Cc2c(cccc2Oc2ccc(Nc3ncnc4ccn(CCO)c34)cc2Cl)N1,8.52,IC50
CHEMBL2048795,O=C1Cc2cccc(Oc3ccc(Nc4ncnc5ccn(CCO)c45)cc3Cl)c2N1,8.55,IC50
CHEMBL2048794,O=C1NCc2cccc(Oc3ccc(Nc4ncnc5ccn(CCO)c45)cc3Cl)c21,7.68,IC50
CHEMBL2048789,O=C1NCc2ccc(Oc3ccc(Nc4ncnc5ccn(CCO)c45)cc3Cl)cc21,8.11,IC50
CHEMBL2048788,CC(C)(C)NC(=O)c1cccc(Oc2ccc(Nc3ncnc4ccn(CCO)c34)cc2Cl)c1,7.48,IC50
CHEMBL1923007,OCCn1ccc2ncnc(Nc3ccc(Oc4cccc(C(F)(F)F)c4)c(Cl)c3)c21,7.47,IC50
CHEMBL2064372,O=c1oc2cc3ncnc(Nc4ccc(F)c(Cl)c4)c3cc2n1CCCN1CCOCC1,7.11,IC50
CHEMBL2064383,Cc1ccc(Nc2ncnc3cc4oc(=O)n(CCCN5CCOCC5)c4cc23)cc1,7.17,IC50
CHEMBL2064393,Cc1c(OCC(F)(F)F)ccnc1COc1cccc(Nc2ncnc3cc4oc(=O)n(CCCN5CCOCC5)c4cc23)c1,7.0,IC50
CHEMBL2064395,O=c1oc2cc3ncnc(Nc4ccc(OCc5ccc(Cl)cc5)c(Cl)c4)c3cc2n1CCCN1CCOCC1,7.21,IC50
CHEMBL2070198,Brc1cccc(Nc2ncnc3ccc(NCc4ccc5c(c4)OCCCO5)cc23)c1,7.01,IC50
CHEMBL1198361,Brc1cccc(Nc2ncnc3cc4c(cc23)OCCCO4)c1,7.07,IC50
CHEMBL2087353,Brc1cccc(Nc2ncnc3cc4c(cc23)OCCOCCO4)c1,7.26,IC50
CHEMBL2087355,Brc1cccc(Nc2ncnc3cc4c(cc23)OCCOCCOCCO4)c1,8.3,IC50
CHEMBL2087356,Brc1cccc(Nc2ncnc3cc4c(cc23)OCCOCOCOCCO4)c1,8.3,IC50
CHEMBL2087357,Brc1cccc(Nc2ncnc3cc4c(cc23)OCCSCCO4)c1,8.15,IC50
CHEMBL2087358,Clc1cccc(Nc2ncnc3cc4c(cc23)OCCOCCOCCO4)c1,8.7,IC50
CHEMBL2087359,Brc1cccc(Nc2ncnc3cc4c(cc23)OCCCSCCCO4)c1,8.1,IC50
CHEMBL2087360,Fc1ccc(Nc2ncnc3cc4c(cc23)OCCOCCOCCO4)cc1Cl,8.7,IC50
CHEMBL2087361,C#Cc1cccc(Nc2ncnc3cc4c(cc23)OCCOCCOCCO4)c1,8.91,IC50
CHEMBL2148044,CS(=O)(=O)CC(=O)NCCn1ccc2ncnc(Nc3ccc(Oc4cccc(C(F)(F)F)c4)c(Cl)c3)c21,7.82,IC50
CHEMBL2148045,CCS(=O)(=O)CC(=O)NCCn1ccc2ncnc(Nc3ccc(Oc4cccc(C(F)(F)F)c4)c(Cl)c3)c21,7.51,IC50
CHEMBL2148046,CC(C)S(=O)(=O)CC(=O)NCCn1ccc2ncnc(Nc3ccc(Oc4cccc(C(F)(F)F)c4)c(Cl)c3)c21,7.28,IC50
CHEMBL2148047,CC(C)(C)S(=O)(=O)CC(=O)NCCn1ccc2ncnc(Nc3ccc(Oc4cccc(C(F)(F)F)c4)c(Cl)c3)c21,7.25,IC50
CHEMBL2148048,CC(C(=O)NCCn1ccc2ncnc(Nc3ccc(Oc4cccc(C(F)(F)F)c4)c(Cl)c3)c21)S(C)(=O)=O,7.75,IC50
CHEMBL2148049,CC(C)(C(=O)NCCn1ccc2ncnc(Nc3ccc(Oc4cccc(C(F)(F)F)c4)c(Cl)c3)c21)S(C)(=O)=O,7.33,IC50
CHEMBL2148050,CS(=O)(=O)CC(=O)NCCn1ccc2ncnc(Nc3ccc(Oc4cccc(Cl)c4)c(Cl)c3)c21,8.17,IC50
CHEMBL2148051,CC(C(=O)NCCn1ccc2ncnc(Nc3ccc(Oc4cccc(Cl)c4)c(Cl)c3)c21)S(C)(=O)=O,8.01,IC50
CHEMBL2148052,CC(C)(C(=O)NCCn1ccc2ncnc(Nc3ccc(Oc4cccc(Cl)c4)c(Cl)c3)c21)S(C)(=O)=O,7.96,IC50
CHEMBL2148053,CC(C)(C(=O)NCCn1ccc2ncnc(Nc3ccc(Oc4cccc(Cl)c4)c(Cl)c3)c21)S(C)(=O)=O.Cc1ccc(S(=O)(=O)O)cc1,7.96,IC50
CHEMBL2170582,CNC(=O)COc1cccc(Nc2ncc(F)c(Nc3ccc4c(c3)NC(=O)C(F)(F)O4)n2)c1,7.46,KI
CHEMBL2178352,CN1CCN(c2ccc(Nc3ncc4nc(Nc5ccccc5)n(C5CCCC5)c4n3)cc2)CC1,9.3,KD
CHEMBL2178368,CN1CCN(c2ccc(Nc3ncc4nc(Nc5ccccc5)[nH]c4n3)cc2)CC1,8.3,IC50
CHEMBL2105719,COc1cc2ncnc(Nc3ccc(F)c(Cl)c3)c2cc1NC(=O)/C=C/CN1CCCCC1.O,8.22,IC50
CHEMBL2322330,O=C(Nc1cccc(Oc2ccc(Nc3ncnc4ccn(CCOCCO)c34)cc2Cl)c1)NC1CCCCC1,8.16,IC50
CHEMBL2322329,CN(C)C/C=C/C(=O)NCCn1ccc2ncnc(Nc3ccc(Oc4cccc(C(F)(F)F)c4)c(Cl)c3)c21,8.34,IC50
CHEMBL1614725,CC(C)(O)CC(=O)NCCn1ccc2ncnc(Nc3ccc(Oc4cccc(C(F)(F)F)c4)c(Cl)c3)c21,9.0,IC50
CHEMBL2325101,Clc1ccc(C2=NN(c3ccccc3)C(c3ccc4ccccc4c3)C2)cc1Cl,7.3,IC50
CHEMBL2325100,Cc1ccc(C2=NN(c3ccccc3)C(c3ccc4ccccc4c3)C2)cc1,7.22,IC50
CHEMBL2325092,COc1ccc(C2=NN(c3ccccc3)C(c3cccc4ccccc34)C2)cc1,7.0,IC50
CHEMBL2334003,COc1cc2ncnc(Nc3ccc(F)c(Cl)c3)c2cc1OCCCNCCN,7.87,IC50
CHEMBL2334002,COc1cc2ncnc(Nc3ccc(F)c(Cl)c3)c2cc1OCCNCCN,7.92,IC50
CHEMBL2334001,COc1cc2ncnc(Nc3ccc(F)c(Cl)c3)c2cc1OCCO,7.2,IC50
CHEMBL2333999,COc1cc2ncnc(Nc3ccc(F)c(Cl)c3)c2cc1OCCBr,7.74,IC50
CHEMBL2347231,NC(=O)Nc1ccc2ncnc(Nc3ccc(Cl)cc3)c2c1,7.21,IC50
CHEMBL484270,CCN1CCN(Cc2ccc(-c3cc4c(N[C@@H](C)c5ccccc5)ncnc4[nH]3)cc2)CC1,8.05,IC50
CHEMBL2347961,CN(C)CCCCC(=O)Nc1cccc(-c2c(-c3ccccc3)oc3ncnc(N[C@H](CO)c4ccccc4)c23)c1,8.4,IC50
CHEMBL2347960,CN(C)CCCC(=O)Nc1cccc(-c2c(-c3ccccc3)oc3ncnc(N[C@H](CO)c4ccccc4)c23)c1,7.54,IC50
CHEMBL2347963,CN(C)CCC(=O)Nc1cccc(-c2c(-c3ccccc3)oc3ncnc(N[C@H](CO)c4ccccc4)c23)c1,8.7,IC50
CHEMBL2347966,CN(C)CC(=O)Nc1cccc(-c2c(-c3ccccc3)oc3ncnc(N[C@H](CO)c4ccccc4)c23)c1,8.4,IC50
CHEMBL2347965,CC(=O)Nc1cccc(-c2c(-c3ccccc3)oc3ncnc(N[C@H](CO)c4ccccc4)c23)c1,7.54,IC50
CHEMBL2347964,CC(=O)Nc1ccc(-c2c(-c3ccccc3)oc3ncnc(N[C@H](CO)c4ccccc4)c23)cc1,7.64,IC50
CHEMBL2346678,Nc1cccc(-c2c(-c3ccccc3)oc3ncnc(N[C@H](CO)c4ccccc4)c23)c1,7.66,IC50
CHEMBL2347967,O=[N+]([O-])c1cccc(-c2c(-c3ccccc3)oc3ncnc(N[C@H](CO)c4ccccc4)c23)c1,7.31,IC50
CHEMBL2347972,OC[C@@H](Nc1ncnc2oc(-c3ccccc3)c(-c3ccc4c(c3)OCO4)c12)c1ccccc1,7.52,IC50
CHEMBL2347971,OC[C@@H](Nc1ncnc2oc(-c3ccccc3)c(-c3ccoc3)c12)c1ccccc1,7.36,IC50
CHEMBL2347970,OC[C@@H](Nc1ncnc2oc(-c3ccccc3)c(-c3ccco3)c12)c1ccccc1,7.14,IC50
CHEMBL2347969,OC[C@@H](Nc1ncnc2oc(-c3ccccc3)c(Br)c12)c1ccccc1,7.05,IC50
CHEMBL1172781,OC[C@@H](Nc1ncnc2oc(-c3ccccc3)c(-c3ccccc3)c12)c1ccccc1,7.28,IC50
CHEMBL2348418,CS(=O)(=O)CCNC(=O)C1=Cc2c(ncnc2Nc2ccc(Oc3cccc4sccc34)c(Cl)c2)NCC1,7.33,IC50
CHEMBL2348417,O=C(NCCO)C1=Cc2c(ncnc2Nc2ccc(Oc3cccc4sccc34)c(Cl)c2)NCC1,7.44,IC50
CHEMBL2348416,COC(=O)C1=Cc2c(ncnc2Nc2ccc(Oc3cccc4sccc34)c(Cl)c2)NCC1,7.36,IC50
CHEMBL2348415,CS(=O)(=O)CCNC(=O)C1=Cc2c(ncnc2Nc2ccc(Oc3cccc(C(F)(F)F)c3)c(Cl)c2)NCC1,7.12,IC50
CHEMBL2348414,O=C(NCCO)C1=Cc2c(ncnc2Nc2ccc(Oc3cccc(C(F)(F)F)c3)c(Cl)c2)NCC1,7.42,IC50
CHEMBL2381510,C=CC(=O)Nc1cccc(Oc2nc(Nc3ccc(N4CCN(CC(=O)OCCOCCOc5no[n+]([O-])c5S(=O)(=O)c5ccccc5)CC4)cc3OC)ncc2Cl)c1,7.52,IC50
CHEMBL2381509,C=CC(=O)Nc1cccc(Oc2nc(Nc3ccc(N4CCN(CC(=O)OCC#CCOc5no[n+]([O-])c5S(=O)(=O)c5ccccc5)CC4)cc3OC)ncc2Cl)c1,7.8,IC50
CHEMBL2381507,C=CC(=O)Nc1cccc(Oc2nc(Nc3ccc(N4CCN(CC(=O)OCCCOc5no[n+]([O-])c5S(=O)(=O)c5ccccc5)CC4)cc3OC)ncc2Cl)c1,7.64,IC50
CHEMBL2381506,C=CC(=O)Nc1cccc(Oc2nc(Nc3ccc(N4CCN(CC(=O)OCCOc5no[n+]([O-])c5S(=O)(=O)c5ccccc5)CC4)cc3OC)ncc2Cl)c1,7.77,IC50
CHEMBL2381505,C=CC(=O)Nc1cccc(Oc2nc(Nc3ccc(N4CCN(CC(=O)NCC(C)Oc5no[n+]([O-])c5S(=O)(=O)c5ccccc5)CC4)cc3OC)ncc2Cl)c1,7.7,IC50
CHEMBL2381504,C=CC(=O)Nc1cccc(Oc2nc(Nc3ccc(N4CCN(CC(=O)N5CCC(Oc6no[n+]([O-])c6S(=O)(=O)c6ccccc6)CC5)CC4)cc3OC)ncc2Cl)c1,7.89,IC50
CHEMBL2381516,C=CC(=O)Nc1cccc(Oc2nc(Nc3ccc(N4CCN(CC(=O)N5CCN(CCOc6no[n+]([O-])c6S(=O)(=O)c6ccccc6)CC5)CC4)cc3OC)ncc2Cl)c1,8.22,IC50
CHEMBL2381515,C=CC(=O)Nc1cccc(Oc2nc(Nc3ccc(N4CCN(CC(=O)NCCCOc5no[n+]([O-])c5S(=O)(=O)c5ccccc5)CC4)cc3OC)ncc2Cl)c1,7.89,IC50
CHEMBL2381514,C=CC(=O)Nc1cccc(Oc2nc(Nc3ccc(N4CCN(CC(=O)NCCOc5no[n+]([O-])c5S(=O)(=O)c5ccccc5)CC4)cc3OC)ncc2Cl)c1,7.85,IC50
CHEMBL2381511,C=CC(=O)Nc1cccc(Oc2nc(Nc3ccc(N4CCN(CC(=O)OCCCCCCOc5no[n+]([O-])c5S(=O)(=O)c5ccccc5)CC4)cc3OC)ncc2Cl)c1,7.33,IC50
CHEMBL2381508,C=CC(=O)Nc1cccc(Oc2nc(Nc3ccc(N4CCN(CC(=O)OCCCCOc5no[n+]([O-])c5S(=O)(=O)c5ccccc5)CC4)cc3OC)ncc2Cl)c1,7.42,IC50
CHEMBL2385960,Cc1ncnc(Nc2ccc(OCc3cccc(F)c3)c(Cl)c2)c1C#Cc1ccc(CNCCS(C)(=O)=O)o1,7.35,IC50
CHEMBL2408830,C=CC(=O)N1CCN(c2ccc(Nc3ncc(Cl)c(Oc4cccc(COc5no[n+]([O-])c5S(=O)(=O)c5ccccc5)c4)n3)c(OC)c2)CC1,7.35,IC50
CHEMBL2408829,COc1cc(N2CCC(O)CC2)ccc1Nc1ncc(Cl)c(Oc2cccc(COc3no[n+]([O-])c3S(=O)(=O)c3ccccc3)c2)n1,7.17,IC50
CHEMBL2408828,COc1cc(N2CCN(C)CC2)ccc1Nc1ncc(Cl)c(Oc2cccc(COc3no[n+]([O-])c3S(=O)(=O)c3ccccc3)c2)n1,7.72,IC50
CHEMBL2408045,CNC(=O)CN1CCC(Oc2cc3c(Nc4cccc(Cl)c4F)ncnc3cc2OC)CC1,9.0,KD
CHEMBL2419762,Cl.c1ccc(-c2cccc(Nc3ncnc4cc5c(cc34)OCCCO5)c2)cc1,7.57,IC50
CHEMBL2419760,Cl.c1ccc(-c2cccc(Nc3ncnc4cc5c(cc34)OCO5)c2)cc1,8.7,IC50
CHEMBL2110732,COc1cc2ncnc(Nc3ccc(F)c(Cl)c3)c2cc1NC(=O)/C=C/CN1CCCCC1,9.2,IC50
CHEMBL2426279,C=CC(=O)Nc1cc(Nc2nccc(-c3c[nH]c4ccccc34)n2)c(OC)cc1N1CCN(C)CC1,7.82,IC50
CHEMBL2426278,C=CC(=O)Nc1cc(Nc2ncc(Cl)c(-c3c[nH]c4ccccc34)n2)c(OC)cc1N1CCN(C)CC1,8.25,IC50
CHEMBL2426287,COc1ccc(NC(=O)/C=C/CN(C)C)cc1Nc1ncc(Cl)c(-c2c[nH]c3ccccc23)n1,7.28,IC50
CHEMBL2426282,C=CC(=O)Nc1ccc(OC)c(Nc2ncc(Cl)c(-c3c[nH]c4ccccc34)n2)c1,7.66,IC50
CHEMBL2424676,C=CC(=O)Nc1cc(Nc2nccc(-c3cnn4ccccc34)n2)c(OC)cc1N1CCN(C)CC1,7.15,IC50
CHEMBL2426277,C=CC(=O)Nc1cc(Nc2ncc(Cl)c(-c3cnn4ccccc34)n2)c(OC)cc1N1CCN(C)CC1,7.72,IC50
CHEMBL2426288,COc1ccc(NC(=O)/C=C/CN(C)C)cc1Nc1ncc(Cl)c(-c2cnn3ccccc23)n1,7.04,IC50
CHEMBL2426286,C=CC(=O)Nc1ccc(OC)c(Nc2ncc(Cl)c(-c3cnn4ccccc34)n2)c1,7.48,IC50
CHEMBL2426281,C=CC(=O)Nc1cccc(Nc2ncc(Cl)c(-c3c[nH]c4ccccc34)n2)c1,7.28,IC50
CHEMBL2425091,COc1cc2ncnc(Nc3ccc(F)c(Cl)c3)c2cc1OCCN1CC(OC)C1,7.03,IC50
CHEMBL2425092,COc1cc2ncnc(Nc3ccc(F)c(Cl)c3)c2cc1OCCCN1CC2(COC2)C1,7.25,IC50
CHEMBL2425089,COc1cc2ncnc(Nc3ccc(F)c(Cl)c3)c2cc1OCCN1CC2(CSC2)C1,7.28,IC50
CHEMBL2425094,COc1cc2ncnc(Nc3ccc(F)c(Cl)c3)c2cc1OCCCN1CC2(CSC2)C1,7.32,IC50
CHEMBL2425093,COc1cc2ncnc(Nc3ccc(F)c(Cl)c3)c2cc1OCCCN1CC2(CCO2)C1,7.44,IC50
CHEMBL2425085,COc1cc2ncnc(Nc3ccc(F)c(Cl)c3)c2cc1OCCCN1CC(OC)C1,7.47,IC50
CHEMBL2425090,COc1cc2ncnc(Nc3ccc(F)c(Cl)c3)c2cc1OCCN1CC(O)C1,7.58,IC50
CHEMBL2425084,COc1cc2ncnc(Nc3ccc(F)c(Cl)c3)c2cc1OCCCN1CC(O)C1,7.6,IC50
CHEMBL2425083,COc1cc2ncnc(Nc3ccc(F)c(Cl)c3)c2cc1OCCCN1CC2(C1)CS(=O)(=O)C2,7.62,IC50
CHEMBL2425086,COc1cc2ncnc(Nc3ccc(F)c(Cl)c3)c2cc1OCCCN1CCC2(COC2)C1,7.82,IC50
CHEMBL2425087,COc1cc2ncnc(Nc3ccc(F)c(Cl)c3)c2cc1OCCN1CC2(COC2)C1,7.8,IC50
CHEMBL2425737,O=C(CCOc1ccccc1)Nc1ccc2ncnc(Nc3cccc(Br)c3)c2c1,7.72,IC50
CHEMBL2425736,Brc1cccc(Nc2ncnc3ccc(NCCCN4CCCCC4)cc23)c1,9.39,IC50
CHEMBL2425735,O=C(CCCN1CCCCC1)Nc1ccc2ncnc(Nc3cccc(Br)c3)c2c1,9.2,IC50
CHEMBL2437227,Cc1ccc(S(=O)(=O)O)cc1.O=S(=O)(CCNCc1ccc(-c2ccc3ncnc(Nc4ccc(OCc5cccc(F)c5)c(Cl)c4)c3c2)o1)CC(F)(F)F,7.68,IC50
CHEMBL2437226,Cc1ccc(S(=O)(=O)O)cc1.NS(=O)(=O)CCNCc1ccc(-c2ccc3ncnc(Nc4ccc(OCc5cccc(F)c5)c(Cl)c4)c3c2)o1,7.97,IC50
CHEMBL2437225,CS(=O)(=O)NCCNCc1ccc(-c2ccc3ncnc(Nc4ccc(OCc5cccc(F)c5)c(Cl)c4)c3c2)o1.Cc1ccc(S(=O)(=O)O)cc1,7.73,IC50
CHEMBL2437224,C[S+]([O-])CCNCc1ccc(-c2ccc3ncnc(Nc4ccc(OCc5cccc(F)c5)c(Cl)c4)c3c2)o1.Cc1ccc(S(=O)(=O)O)cc1,7.89,IC50
CHEMBL2437223,CSCCNCc1ccc(-c2ccc3ncnc(Nc4ccc(OCc5cccc(F)c5)c(Cl)c4)c3c2)o1.Cc1ccc(S(=O)(=O)O)cc1,7.6,IC50
CHEMBL3436354,Cc1ccc(S(=O)(=O)O)cc1.Fc1cccc(COc2ccc(Nc3ncnc4ccc(-c5ccc(CN6CCOCC6)o5)cc34)cc2Cl)c1,7.58,IC50
CHEMBL3436355,CN1CCN(Cc2ccc(-c3ccc4ncnc(Nc5ccc(OCc6cccc(F)c6)c(Cl)c5)c4c3)o2)CC1.Cc1ccc(S(=O)(=O)O)cc1,7.9,IC50
CHEMBL3436356,Cc1ccc(S(=O)(=O)O)cc1.Fc1cccc(COc2ccc(Nc3ncnc4ccc(-c5ccc(CN6CCNCC6)o5)cc34)cc2Cl)c1,7.97,IC50
CHEMBL3436357,CCOC(=O)N1CCN(Cc2ccc(-c3ccc4ncnc(Nc5ccc(OCc6cccc(F)c6)c(Cl)c5)c4c3)o2)CC1.Cc1ccc(S(=O)(=O)O)cc1,7.55,IC50
CHEMBL3436358,CS(=O)(=O)N1CCN(Cc2ccc(-c3ccc4ncnc(Nc5ccc(OCc6cccc(F)c6)c(Cl)c5)c4c3)o2)CC1.Cc1ccc(S(=O)(=O)O)cc1,7.22,IC50
CHEMBL3436359,CC(=O)N1CCN(Cc2ccc(-c3ccc4ncnc(Nc5ccc(OCc6cccc(F)c6)c(Cl)c5)c4c3)o2)CC1.Cc1ccc(S(=O)(=O)O)cc1,7.94,IC50
CHEMBL2437471,C=CC(=O)Nc1cccc(-n2c(=O)c(C)nc3cnc(Nc4ccc(OC)cc4)nc32)c1,8.28,IC50
CHEMBL2437469,C=CC(=O)Nc1cccc(-n2c(=O)cnc3cnc(Nc4ccc(N5CCN(C)CC5)cc4OC)nc32)c1,8.97,IC50
CHEMBL2437467,C=CC(=O)Nc1cccc(-n2c(=O)cnc3cnc(Nc4ccc(C(N)=O)cc4)nc32)c1,8.4,IC50
CHEMBL2437466,C=CC(=O)Nc1cccc(-n2c(=O)cnc3cnc(Nc4ccc(NC(C)=O)cc4)nc32)c1,8.34,IC50
CHEMBL2437465,C=CC(=O)Nc1cccc(-n2c(=O)cnc3cnc(Nc4ccc(N(CC)CC)cc4)nc32)c1,8.33,IC50
CHEMBL2437464,C=CC(=O)Nc1cccc(-n2c(=O)cnc3cnc(Nc4ccc(N5CCCC5)cc4)nc32)c1,8.3,IC50
CHEMBL2437463,C=CC(=O)Nc1cccc(-n2c(=O)cnc3cnc(Nc4ccc(N5CCCCC5)cc4)nc32)c1,8.29,IC50
CHEMBL2437462,C=CC(=O)Nc1cccc(-n2c(=O)cnc3cnc(Nc4ccc(N5CCN(C)CC5)cc4)nc32)c1,9.17,IC50
CHEMBL2437460,C=CC(=O)Nc1cccc(-n2c(=O)cnc3cnc(Nc4ccc(N5CCOCC5)cc4)nc32)c1,8.54,IC50
CHEMBL2437458,C=CC(=O)Nc1cccc(-n2c(=O)cnc3cnc(Nc4ccc(Cl)cc4)nc32)c1,7.75,IC50
CHEMBL2437488,C=CC(=O)Nc1cccc(-n2c(=O)cnc3cnc(Nc4ccccc4)nc32)c1,8.31,IC50
CHEMBL2437486,CN(C)C/C=C/C(=O)Nc1cccc(-n2c(=O)cnc3cnc(Nc4ccccc4)nc32)c1,7.4,IC50
CHEMBL2437483,COc1ccc(Nc2ncc3ncc(=O)n(-c4ccc(NC(=O)/C=C/CN(C)C)cc4)c3n2)cc1,7.96,IC50
CHEMBL2437482,C=CC(=O)Oc1ccc(-n2c(=O)cnc3cnc(Nc4ccc(OC)cc4)nc32)cc1,7.23,IC50
CHEMBL2437479,C=CC(=O)Nc1cccc(-n2c(=O)cnc3cnc(Nc4ccc(OC)cc4)nc32)c1,8.25,IC50
CHEMBL2435999,COc1cc2c(Oc3ccc(NC(=O)c4cc(-c5ccc(C)cc5)ccn4)cc3F)ccnc2cc1OCCCN1CCN(C)CC1,7.05,IC50
CHEMBL2441568,Fc1ccc(Nc2ncnc3cc4c(cc23)NCCO4)cc1Cl,8.89,IC50
CHEMBL3086102,C=CC(=O)N1CC[C@H](N2C(=O)N(c3ccccc3)Cc3cnc(Nc4ccc(N5CCN(C)CC5)c(C)c4)nc32)C1,8.85,KD
CHEMBL3086104,C=CC(=O)N1CC[C@H](N2C(=O)N(c3ccccc3)Cc3cnc(Nc4ccc(N5CCN(C)CC5)c(Cl)c4)nc32)C1,7.45,IC50
CHEMBL3086103,C=CC(=O)N1CC[C@H](N2C(=O)N(c3ccccc3)Cc3cnc(Nc4ccc(N5CCN(C)CC5)c(C(F)(F)F)c4)nc32)C1,7.26,IC50
CHEMBL3086105,C=CC(=O)N1CC[C@H](N2C(=O)N(c3ccccc3)Cc3cnc(Nc4ccc(N5CCN(C)CC5)c(F)c4)nc32)C1,7.77,IC50
CHEMBL3086106,C=CC(=O)N1CC[C@H](N2C(=O)N(c3ccccc3)Cc3cnc(Nc4ccc(N5CCN(C)CC5)c(OC)c4)nc32)C1,8.14,IC50
CHEMBL3087194,C=CC(=O)N1CC[C@H](N2C(=O)N(c3ccccc3)Cc3cnc(Nc4ccc(CCN5CCN(C)CC5)cc4)nc32)C1,7.38,IC50
CHEMBL3087193,C=CC(=O)N1CC[C@H](N2C(=O)N(c3ccccc3)Cc3cnc(Nc4ccc(C5CCN(C)CC5)cc4)nc32)C1,7.79,IC50
CHEMBL3087195,C=CC(=O)N1CC[C@H](N2C(=O)N(c3ccccc3)Cc3cnc(Nc4cccc(N5CCN(C)CC5)c4)nc32)C1,7.01,IC50
CHEMBL3087196,C=CC(=O)N1CC[C@H](N2C(=O)N(c3ccccc3)Cc3cnc(Nc4ccc(N5CCN(C)CC5)cc4)nc32)C1,7.54,IC50
CHEMBL3087198,C=CC(=O)N1CC[C@H](N2C(=O)N(c3ccccc3)Cc3cnc(Nc4ccc(N5CCN(C)CC5)cc4OC)nc32)C1,7.82,IC50
CHEMBL3087200,C=CC(=O)N1CC[C@H](N2C(=O)N(C3CCCCC3)Cc3cnc(Nc4ccc(N5CCN(C)CC5)cc4OC)nc32)C1,7.37,IC50
CHEMBL3087199,C=CC(=O)N1CC[C@H](N2C(=O)N(C3CCCC3)Cc3cnc(Nc4ccc(N5CCN(C)CC5)cc4OC)nc32)C1,7.23,IC50
CHEMBL3087205,C=CC(=O)N1CC[C@H](N2C(=O)N(Cc3ccccc3)Cc3cnc(Nc4ccc(N5CCN(C)CC5)cc4OC)nc32)C1,8.06,IC50
CHEMBL3087206,C=CC(=O)N1CCC[C@@H](N2C(=O)N(Cc3ccccc3)Cc3cnc(Nc4ccc(N5CCN(C)CC5)cc4OC)nc32)C1,7.39,IC50
CHEMBL3092310,O=C(NCCN1CCOCC1)Nc1cc2c(Nc3ccc(F)c(Cl)c3)ncnc2cc1O[C@H]1CCOC1,7.31,IC50
CHEMBL3092308,O=C(NCCN1CCCC1)Nc1cc2c(Nc3ccc(F)c(Cl)c3)ncnc2cc1O[C@H]1CCOC1,7.21,IC50
CHEMBL3092314,CCN(CC)CCCNC(=O)Nc1cc2c(Nc3ccc(F)c(Cl)c3)ncnc2cc1O[C@H]1CCOC1,7.5,IC50
CHEMBL3092313,CN(C)CCCNC(=O)Nc1cc2c(Nc3ccc(F)c(Cl)c3)ncnc2cc1O[C@H]1CCOC1,7.62,IC50
CHEMBL3092324,CS(=O)(=O)CCNC(=O)Nc1cc2c(Nc3ccc(F)c(Cl)c3)ncnc2cc1O[C@H]1CCOC1,7.39,IC50
CHEMBL3092322,O=C(NCCO)Nc1cc2c(Nc3ccc(F)c(Cl)c3)ncnc2cc1O[C@H]1CCOC1,7.57,IC50
CHEMBL3114690,C#Cc1cccc(Nc2ncnc3cc4c(cc23)N(C(=O)/C=C/CN(C)C)CCO4)c1,8.52,IC50
CHEMBL3114689,C#Cc1cccc(Nc2ncnc3cc4c(cc23)N(C(=O)/C=C/CN2CCN(C)CC2)CCO4)c1,7.8,IC50
CHEMBL3114688,C#Cc1cccc(Nc2ncnc3cc4c(cc23)N(C(=O)/C=C/CN2CCCCC2)CCO4)c1,8.4,IC50
CHEMBL3114687,C#Cc1cccc(Nc2ncnc3cc4c(cc23)N(C(=O)/C=C/CN(CC)CC)CCO4)c1,8.3,IC50
CHEMBL3114686,C#Cc1cccc(Nc2ncnc3cc4c(cc23)N(C(=O)/C=C/CN2CCCCC2C)CCO4)c1,8.3,IC50
CHEMBL3114701,C#Cc1cccc(Nc2ncnc3cc4c(cc23)N(C(=O)/C=C/CN2CCC(C)CC2)CCO4)c1,8.3,IC50
CHEMBL3114700,C#Cc1cccc(Nc2ncnc3cc4c(cc23)N(C(=O)/C=C/CN2CCCC2)CCO4)c1,8.52,IC50
CHEMBL3114699,C#Cc1cccc(Nc2ncnc3cc4c(cc23)N(C(=O)/C=C/CN2CCOCC2)CCO4)c1,7.92,IC50
CHEMBL3133756,O=C(Nc1cccc(Nc2ncnc3cc(OCCCN4CCN(CCO)CC4)ccc23)c1)Nc1ccc(Cl)c(C(F)(F)F)c1,7.0,IC50
CHEMBL3133752,COc1cc2ncnc(Nc3cccc(NC(=O)Nc4ccc(Cl)c(C(F)(F)F)c4)c3)c2cc1OCCCN1CCOCC1,7.09,IC50
CHEMBL3132872,C=CC(=O)Nc1ccc2ncnc(Nc3ccc(Br)cc3F)c2c1,7.44,IC50
CHEMBL3219125,C=CC(=O)Nc1cccc(N2C(=O)CN(C)C(=O)c3cnc(Nc4ccc(N5CCN(C)CC5)cc4OC)nc32)c1,8.04,IC50
CHEMBL3219127,C=CC(=O)Nc1cccc(N2C(=O)C3CCCCN3C(=O)c3cnc(Nc4ccc(N5CCN(C)CC5)cc4OC)nc32)c1,8.61,IC50
CHEMBL3219128,C=CC(=O)Nc1cccc(N2C(=O)C(C)N(C)C(=O)c3cnc(Nc4ccc(N5CCN(C)CC5)cc4OC)nc32)c1,8.22,IC50
CHEMBL3219129,C=CC(=O)Nc1cccc(N2C(=O)C(C(C)C)N(C)C(=O)c3cnc(Nc4ccc(N5CCN(C)CC5)cc4OC)nc32)c1,7.62,IC50
CHEMBL3219130,C=CC(=O)Nc1cccc(N2C(=O)C(C(C)CC)N(C)C(=O)c3cnc(Nc4ccc(N5CCN(C)CC5)cc4OC)nc32)c1,8.14,IC50
CHEMBL3219131,C=CC(=O)Nc1cccc(N2C(=O)C(c3ccccc3)N(C)C(=O)c3cnc(Nc4ccc(N5CCN(C)CC5)cc4OC)nc32)c1,7.11,IC50
CHEMBL3219132,C=CC(=O)Nc1cccc(N2C(=O)CN(c3ccccc3)C(=O)c3cnc(Nc4ccc(N5CCN(C)CC5)cc4OC)nc32)c1,8.16,IC50
CHEMBL3219133,C=CC(=O)Nc1cccc(N2C(=O)C(Cc3ccccc3)N(C)C(=O)c3cnc(Nc4ccc(N5CCN(C)CC5)cc4OC)nc32)c1,8.33,IC50
CHEMBL3219134,C=CC(=O)Nc1cccc(N2C(=O)C(Cc3ccc(OC)cc3)N(C)C(=O)c3cnc(Nc4ccc(N5CCN(C)CC5)cc4OC)nc32)c1,7.47,IC50
CHEMBL3219135,C=CC(=O)Nc1cccc(N2C(=O)C(Cc3ccc(Cl)cc3)N(C)C(=O)c3cnc(Nc4ccc(N5CCN(C)CC5)cc4OC)nc32)c1,7.46,IC50
CHEMBL3219347,C=CC(=O)Nc1cccc(N2C(=O)C(Cc3ccc(F)cc3)N(C)C(=O)c3cnc(Nc4ccc(N5CCN(C)CC5)cc4OC)nc32)c1,8.24,IC50
CHEMBL3219348,C=CC(=O)Nc1cccc(N2C(=O)CN(Cc3ccccc3)C(=O)c3cnc(Nc4ccc(N5CCN(C)CC5)cc4OC)nc32)c1,8.2,IC50
CHEMBL3217993,Nc1ccccc1NC(=O)c1ccc(COc2ccc3ncnc(Nc4cccc(Br)c4)c3c2)cc1,7.48,IC50
CHEMBL3218000,C#Cc1cccc(Nc2ncnc3ccc(OCc4ccc(C(=O)Nc5ccccc5N)cc4)cc23)c1,7.11,IC50
CHEMBL3218346,C=CC(=O)Nc1cccc(Nc2cc(Nc3cccc(Br)c3)ncn2)c1,8.27,IC50
CHEMBL3234742,Cc1ccc(C(=O)Nc2ccc(CN3CCN(C)CC3)c(C(F)(F)F)c2)cc1NC(=O)c1cnc(N)nc1,7.37,IC50
CHEMBL3234746,Cc1ccc(C(=O)Nc2ccc(CN3CCN(C)CC3)c(C(F)(F)F)c2)cc1NC(=O)c1cnc(NC(C)C)nc1,7.37,IC50
CHEMBL3234747,Cc1ccc(C(=O)Nc2ccc(CN3CCN(C)CC3)c(C(F)(F)F)c2)cc1NC(=O)c1cnc(NC2CC2)nc1,7.36,IC50
CHEMBL3234748,Cc1ccc(C(=O)Nc2ccc(CN3CCN(C)CC3)c(C(F)(F)F)c2)cc1NC(=O)c1cnc(NC2CCCC2)nc1,7.48,IC50
CHEMBL3234749,Cc1ccc(C(=O)Nc2ccc(CN3CCN(C)CC3)c(C(F)(F)F)c2)cc1NC(=O)c1cnc(NC2CCCCC2)nc1,7.33,IC50
CHEMBL3234750,Cc1ccc(C(=O)Nc2ccc(CN3CCN(C)CC3)c(C(F)(F)F)c2)cc1NC(=O)c1cnc(Nc2ccccc2)nc1,8.22,IC50
CHEMBL3234752,Cc1ccc(C(=O)Nc2ccc(CN3CCN(C)CC3)c(C(F)(F)F)c2)cc1NC(=O)c1cnc2[nH]ccc2c1,8.1,IC50
CHEMBL3234753,Cc1ccc(C(=O)Nc2ccc(CN3CCN(C)CC3)c(C(F)(F)F)c2)cc1NC(=O)c1cnc2[nH]ncc2c1,7.52,IC50
CHEMBL3234756,CCc1ccc(C(=O)Nc2ccc(CN3CCN(C)CC3)c(C(F)(F)F)c2)cc1NC(=O)c1cnc2[nH]ccc2c1,7.0,IC50
CHEMBL3237931,COc1cc(N2CCN(C)CC2)ccc1Nc1ncc(Cl)c(Oc2cccc(NC(=O)CCN3CCCC3)c2)n1,7.06,IC50
CHEMBL3233767,C=CC(=O)Nc1cc2c(Nc3ccc(F)c(Cl)c3)ncnc2s1,7.8,IC50
CHEMBL3233770,O=C(CCl)Nc1cc2c(Nc3ccc(F)c(Cl)c3)ncnc2s1,7.4,IC50
CHEMBL3233773,CS(=O)(=O)CCNC/C=C/C(=O)Nc1cc2c(Nc3ccc(F)c(Cl)c3)ncnc2s1,8.52,IC50
CHEMBL3233774,O=C(/C=C/CNCC1COC1)Nc1cc2c(Nc3ccc(F)c(Cl)c3)ncnc2s1,8.0,IC50
CHEMBL3233775,O=C(/C=C/CNC1CCOCC1)Nc1cc2c(Nc3ccc(F)c(Cl)c3)ncnc2s1,7.7,IC50
CHEMBL3233776,O=C(/C=C/CNCc1ncccn1)Nc1cc2c(Nc3ccc(F)c(Cl)c3)ncnc2s1,8.1,IC50
CHEMBL3233777,CN(C)C/C=C/C(=O)Nc1cc2c(Nc3ccc(F)c(Cl)c3)ncnc2s1,7.62,IC50
CHEMBL3233778,CCN(CC)C/C=C/C(=O)Nc1cc2c(Nc3ccc(F)c(Cl)c3)ncnc2s1,8.1,IC50
CHEMBL3233779,COC(CN(C)C/C=C/C(=O)Nc1cc2c(Nc3ccc(F)c(Cl)c3)ncnc2s1)OC,8.7,IC50
CHEMBL3233781,CN(C)CCCN(C)C/C=C/C(=O)Nc1cc2c(Nc3ccc(F)c(Cl)c3)ncnc2s1,7.03,IC50
CHEMBL3233782,O=C(/C=C/CN1CC(O)C1)Nc1cc2c(Nc3ccc(F)c(Cl)c3)ncnc2s1,7.42,IC50
CHEMBL3233783,O=C(/C=C/CN1CCC(F)(F)C1)Nc1cc2c(Nc3ccc(F)c(Cl)c3)ncnc2s1,7.55,IC50
CHEMBL3233784,O=C(/C=C/CN1CCCCC1)Nc1cc2c(Nc3ccc(F)c(Cl)c3)ncnc2s1,8.7,IC50
CHEMBL3233785,O=C(/C=C/CN1CC2CCC1C(=O)C2)Nc1cc2c(Nc3ccc(F)c(Cl)c3)ncnc2s1,9.05,IC50
CHEMBL3233786,O=C(/C=C/CN1CCC(F)CC1)Nc1cc2c(Nc3ccc(F)c(Cl)c3)ncnc2s1,8.4,IC50
CHEMBL3233787,O=C(/C=C/CN1CCC(F)(F)CC1)Nc1cc2c(Nc3ccc(F)c(Cl)c3)ncnc2s1,8.4,IC50
CHEMBL3233788,CSC1CCN(C/C=C/C(=O)Nc2cc3c(Nc4ccc(F)c(Cl)c4)ncnc3s2)CC1,7.75,IC50
CHEMBL3233790,CCN1CCN(C/C=C/C(=O)Nc2cc3c(Nc4ccc(F)c(Cl)c4)ncnc3s2)CC1,8.4,IC50
CHEMBL3233791,CC(C)N1CCN(C/C=C/C(=O)Nc2cc3c(Nc4ccc(F)c(Cl)c4)ncnc3s2)CC1,8.7,IC50
CHEMBL3233792,O=C(/C=C/CN1CCOCC1)Nc1cc2c(Nc3ccc(F)c(Cl)c3)ncnc2s1,8.52,IC50
CHEMBL3233793,O=C(/C=C/CN1CCS(=O)(=O)CC1)Nc1cc2c(Nc3ccc(F)c(Cl)c3)ncnc2s1,8.15,IC50
CHEMBL3233020,O=C(/C=C/CN1CC2(COC2)C1)Nc1cc2c(Nc3ccc(F)c(Cl)c3)ncnc2s1,8.15,IC50
CHEMBL3233795,O=C(/C=C/CN1CCC2(CC1)OCCO2)Nc1cc2c(Nc3ccc(F)c(Cl)c3)ncnc2s1,8.7,IC50
CHEMBL3233771,COCCNC/C=C/C(=O)Nc1cc2c(Nc3ccc(F)c(Cl)c3)ncnc2s1,8.3,IC50
CHEMBL3233772,CN(C)CCCNC/C=C/C(=O)Nc1cc2c(Nc3ccc(F)c(Cl)c3)ncnc2s1,9.15,IC50
CHEMBL3233789,CN1CCN(C/C=C/C(=O)Nc2cc3c(Nc4ccc(F)c(Cl)c4)ncnc3s2)CC1,8.52,IC50
CHEMBL3263962,COc1cc2c(Oc3ccc(NS(=O)(=O)c4cccc(-c5cnn(C)c5)c4)cc3F)ccnc2cc1OCCCN1CCN(C)CC1,7.08,IC50
CHEMBL3263964,COc1cc2c(Oc3ccc(NS(=O)(=O)c4cccc(-c5ccsc5)c4)cc3F)ccnc2cc1OCCCN1CCN(C)CC1,7.03,IC50
CHEMBL3290142,C=CC(=O)Nc1cccc(Nc2ncc(NC(=O)c3cc(NC(=O)c4cccc(C(F)(F)F)c4)ccc3C)cn2)c1,7.96,IC50
CHEMBL3290148,C=CC(=O)NCC(=O)Nc1cccc(Nc2ncc(NC(=O)c3cc(NC(=O)c4cccc(C(F)(F)F)c4)ccc3C)cn2)c1,8.15,IC50
CHEMBL3297894,Cc1nc(Nc2ccc(F)c(Cl)c2)c2cc(C)oc2n1,7.52,IC50
CHEMBL3297892,C#Cc1cccc(Nc2nc(C)nc3oc(C)cc23)c1,7.52,IC50
CHEMBL3297898,COc1ccc(N(C)c2nc(C)nc3oc(C)cc23)cc1,7.17,IC50
CHEMBL3297897,COc1ccc(Nc2nc(C)nc3oc(C)cc23)cc1,7.38,IC50
CHEMBL3297900,CCCN(c1ccc(OC)cc1)c1nc(C)nc2oc(C)cc12,7.13,IC50
CHEMBL3298000,COc1ccc(N(C)c2nc(C)nc3oc(C)cc23)cc1.Cl,7.08,IC50
CHEMBL3297896,Cc1nc(Nc2cccc3[nH]ccc23)c2cc(C)oc2n1,7.04,IC50
CHEMBL3297999,COc1ccc(N(c2nc(C)nc3oc(C)cc23)C(C)C)cc1,7.07,IC50
CHEMBL3297899,CCN(c1ccc(OC)cc1)c1nc(C)nc2oc(C)cc12,7.15,IC50
CHEMBL3040861,c1ccc(-c2cccc(Nc3ncnc4cc5c(cc34)OCO5)c2)cc1,8.7,IC50
CHEMBL3040806,c1ccc(-c2cccc(Nc3ncnc4cc5c(cc34)OCCO5)c2)cc1,7.38,IC50
CHEMBL3040910,c1ccc(-c2cccc(Nc3ncnc4cc5c(cc34)OCCCO5)c2)cc1,7.57,IC50
CHEMBL3360602,COc1cc2c(Nc3ccc(F)c(Cl)c3)ncnc2cc1OCCCn1ccnc1[N+](=O)[O-],9.11,IC50
CHEMBL3360603,COc1cc2c(Nc3ccc(F)c(Cl)c3)ncnc2cc1OCCCCn1ccnc1[N+](=O)[O-],9.51,IC50
CHEMBL3360604,COc1cc2c(Nc3ccc(F)c(Cl)c3)ncnc2cc1OCCCCCn1ccnc1[N+](=O)[O-],9.28,IC50
CHEMBL3360605,COc1cc2c(Nc3ccc(F)c(Cl)c3)ncnc2cc1OCCCCCCn1ccnc1[N+](=O)[O-],8.84,IC50
CHEMBL3360606,COc1cc2c(Nc3ccc(F)c(Cl)c3)ncnc2cc1OCCOCCn1ccnc1[N+](=O)[O-],9.49,IC50
CHEMBL3360607,C#Cc1cccc(Nc2ncnc3cc(OCCCn4ccnc4[N+](=O)[O-])c(OC)cc23)c1,9.19,IC50
CHEMBL3360608,C#Cc1cccc(Nc2ncnc3cc(OCCCCn4ccnc4[N+](=O)[O-])c(OC)cc23)c1,9.59,IC50
CHEMBL3360609,C#Cc1cccc(Nc2ncnc3cc(OCCCCCn4ccnc4[N+](=O)[O-])c(OC)cc23)c1,9.33,IC50
CHEMBL3360610,C#Cc1cccc(Nc2ncnc3cc(OCCCCCCn4ccnc4[N+](=O)[O-])c(OC)cc23)c1,9.24,IC50
CHEMBL3360611,C#Cc1cccc(Nc2ncnc3cc(OCCOCCn4ccnc4[N+](=O)[O-])c(OC)cc23)c1,9.27,IC50
CHEMBL3360612,COc1cc2c(Nc3ccc(OCc4cccc(F)c4)c(Cl)c3)ncnc2cc1OCCCn1ccnc1[N+](=O)[O-],7.52,IC50
CHEMBL3360613,COc1cc2c(Nc3ccc(OCc4cccc(F)c4)c(Cl)c3)ncnc2cc1OCCCCn1ccnc1[N+](=O)[O-],7.92,IC50
CHEMBL3360614,COc1cc2c(Nc3ccc(OCc4cccc(F)c4)c(Cl)c3)ncnc2cc1OCCCCCn1ccnc1[N+](=O)[O-],7.78,IC50
CHEMBL3360615,COc1cc2c(Nc3ccc(OCc4cccc(F)c4)c(Cl)c3)ncnc2cc1OCCCCCCn1ccnc1[N+](=O)[O-],7.45,IC50
CHEMBL3360616,COc1cc2c(Nc3ccc(OCc4cccc(F)c4)c(Cl)c3)ncnc2cc1OCCOCCn1ccnc1[N+](=O)[O-],7.7,IC50
CHEMBL3360617,COc1cc2c(Nc3cccc(Br)c3)ncnc2cc1OCCCn1ccnc1[N+](=O)[O-],9.31,IC50
CHEMBL3360618,COc1cc2c(Nc3cccc(Br)c3)ncnc2cc1OCCCCn1ccnc1[N+](=O)[O-],9.43,IC50
CHEMBL3360619,COc1cc2c(Nc3cccc(Br)c3)ncnc2cc1OCCCCCn1ccnc1[N+](=O)[O-],9.48,IC50
CHEMBL3352899,COc1cc2c(Nc3cccc(Br)c3)ncnc2cc1OCCCCCCn1ccnc1[N+](=O)[O-],9.11,IC50
CHEMBL3360620,COc1cc2c(Nc3cccc(Br)c3)ncnc2cc1OCCOCCn1ccnc1[N+](=O)[O-],9.09,IC50
CHEMBL3355873,COc1cc2ncnc(Nc3ccc(F)c(Cl)c3)c2cc1OCCn1ccnc1[N+](=O)[O-],8.52,IC50
CHEMBL3355874,COc1cc2ncnc(Nc3ccc(F)c(Cl)c3)c2cc1OCCCn1ccnc1[N+](=O)[O-],9.05,IC50
CHEMBL3355875,COc1cc2ncnc(Nc3ccc(F)c(Cl)c3)c2cc1OCCCCn1ccnc1[N+](=O)[O-],9.33,IC50
CHEMBL3355876,COc1cc2ncnc(Nc3ccc(F)c(Cl)c3)c2cc1OCCCCCn1ccnc1[N+](=O)[O-],9.29,IC50
CHEMBL3355877,COc1cc2ncnc(Nc3ccc(F)c(Cl)c3)c2cc1OCCCCCCn1ccnc1[N+](=O)[O-],9.49,IC50
CHEMBL3355878,COc1cc2ncnc(Nc3cccc(Br)c3)c2cc1OCCCn1ccnc1[N+](=O)[O-],9.18,IC50
CHEMBL3355879,C#Cc1cccc(Nc2ncnc3cc(OC)c(OCCCn4ccnc4[N+](=O)[O-])cc23)c1,8.97,IC50
CHEMBL3355880,C#Cc1cccc(Nc2ncnc3cc(OC)c(OCCCCn4ccnc4[N+](=O)[O-])cc23)c1,9.25,IC50
CHEMBL3355881,C#Cc1cccc(Nc2ncnc3cc(OC)c(OCCCCCn4ccnc4[N+](=O)[O-])cc23)c1,9.31,IC50
CHEMBL3355882,C#Cc1cccc(Nc2ncnc3cc(OC)c(OCCCCCCn4ccnc4[N+](=O)[O-])cc23)c1,9.3,IC50
CHEMBL3355883,COc1cc2ncnc(Nc3ccc(OCc4cccc(F)c4)c(Cl)c3)c2cc1OCCCn1ccnc1[N+](=O)[O-],7.42,IC50
CHEMBL3355884,COc1cc2ncnc(Nc3ccc(OCc4cccc(F)c4)c(Cl)c3)c2cc1OCCCCn1ccnc1[N+](=O)[O-],7.54,IC50
CHEMBL3355885,COc1cc2ncnc(Nc3ccc(OCc4cccc(F)c4)c(Cl)c3)c2cc1OCCCCCn1ccnc1[N+](=O)[O-],7.29,IC50
CHEMBL3355886,COc1cc2ncnc(Nc3ccc(OCc4cccc(F)c4)c(Cl)c3)c2cc1OCCCCCCn1ccnc1[N+](=O)[O-],7.82,IC50
CHEMBL3355887,COc1cc2ncnc(Nc3ccc(F)c(Cl)c3)c2cc1OCCn1c([N+](=O)[O-])cnc1C,8.31,IC50
CHEMBL3355888,COc1cc2ncnc(Nc3ccc(F)c(Cl)c3)c2cc1OCCCn1c([N+](=O)[O-])cnc1C,8.46,IC50
CHEMBL3355889,COc1cc2ncnc(Nc3ccc(F)c(Cl)c3)c2cc1OCCCCn1c([N+](=O)[O-])cnc1C,9.28,IC50
CHEMBL3355890,COc1cc2ncnc(Nc3cccc(Br)c3)c2cc1OCCCn1c([N+](=O)[O-])cnc1C,8.93,IC50
CHEMBL3357654,COc1cc2ncnc(Nc3cccc(Br)c3)c2cc1NC(=O)/C(F)=C/CN(C)C,8.59,IC50
CHEMBL3357652,CCOc1cc2ncnc(Nc3ccc(OCC4CC4)c(Cl)c3)c2cc1NC(=O)/C(F)=C/CN(C)C,8.46,IC50
CHEMBL3357650,CCOc1cc2ncnc(Nc3ccc(Oc4ccc(C)nc4)c(Cl)c3)c2cc1NC(=O)/C(F)=C/CN(C)C,8.35,IC50
CHEMBL3357649,COc1cc2ncnc(Nc3ccc(OCc4cccc(F)c4)c(Cl)c3)c2cc1NC(=O)/C(F)=C/CN(C)C,8.81,IC50
CHEMBL3357647,CCOc1cc2ncnc(Nc3ccc(Oc4ccc(C)nc4)c(Cl)c3)c2cc1NC(=O)/C(F)=C/CN1CCCCC1,7.89,IC50
CHEMBL3357645,O=C(Nc1cc2c(Nc3ccc(F)c(Cl)c3)ncnc2cc1O[C@H]1CCOC1)/C(F)=C/CN1CCCCC1,8.59,IC50
CHEMBL3357643,COc1cc2ncnc(Nc3ccc(F)c(Cl)c3)c2cc1NC(=O)/C(F)=C/CN1CCOCC1,9.28,IC50
CHEMBL3357642,CN(C)C/C=C(/F)C(=O)Nc1cc2c(Nc3ccc(F)c(Cl)c3)ncnc2cc1O[C@H]1CCOC1,9.51,IC50
CHEMBL3357641,CN(C)C/C=C(\F)C(=O)Nc1cc2c(Nc3ccc(F)c(Cl)c3)ncnc2cc1O[C@H]1CCOC1,9.8,IC50
CHEMBL3357640,O=C(Nc1cc2c(Nc3ccc(F)c(Cl)c3)ncnc2cc1O[C@H]1CCOC1)/C(F)=C\CN1CCOCC1,9.0,IC50
CHEMBL3357639,O=C(Nc1cc2c(Nc3ccc(F)c(Cl)c3)ncnc2cc1O[C@H]1CCOC1)/C(F)=C/CN1CCOCC1,9.59,IC50
CHEMBL3357637,CCOc1cc2ncnc(Nc3ccc(OCc4ccccn4)c(Cl)c3)c2cc1NC(=O)/C(F)=C/CN(C)C,9.74,IC50
CHEMBL3357635,COc1cc2ncnc(Nc3ccc(F)c(Cl)c3)c2cc1NC(=O)/C(F)=C/CN1CCCCC1,9.57,IC50
CHEMBL3357634,COc1cc2ncnc(Nc3ccc(F)c(Cl)c3)c2cc1NC(=O)/C(F)=C/CN(C)C,9.7,IC50
CHEMBL3357655,COc1cc2ncnc(Nc3cccc(Br)c3)c2cc1NC(=O)/C(F)=C\CN(C)C,8.3,IC50
CHEMBL3357653,CCOc1cc2ncnc(Nc3ccc(OCC4CC4)c(Cl)c3)c2cc1NC(=O)/C(F)=C\CN(C)C,7.95,IC50
CHEMBL3357651,CCOc1cc2ncnc(Nc3ccc(Oc4ccc(C)nc4)c(Cl)c3)c2cc1NC(=O)/C(F)=C\CN(C)C,8.02,IC50
CHEMBL3352869,COc1cc2ncnc(Nc3ccc(OCc4cccc(F)c4)c(Cl)c3)c2cc1NC(=O)/C(F)=C\CN(C)C,8.89,IC50
CHEMBL3357648,CCOc1cc2ncnc(Nc3ccc(Oc4ccc(C)nc4)c(Cl)c3)c2cc1NC(=O)/C(F)=C\CN1CCCCC1,7.41,IC50
CHEMBL3357646,O=C(Nc1cc2c(Nc3ccc(F)c(Cl)c3)ncnc2cc1O[C@H]1CCOC1)/C(F)=C\CN1CCCCC1,8.59,IC50
CHEMBL3357644,COc1cc2ncnc(Nc3ccc(F)c(Cl)c3)c2cc1NC(=O)/C(F)=C\CN1CCOCC1,9.52,IC50
CHEMBL3357638,CCOc1cc2ncnc(Nc3ccc(OCc4ccccn4)c(Cl)c3)c2cc1NC(=O)/C(F)=C\CN(C)C,9.05,IC50
CHEMBL3357636,COc1cc2ncnc(Nc3ccc(F)c(Cl)c3)c2cc1NC(=O)/C(F)=C\CN1CCCCC1,9.17,IC50
CHEMBL3325477,CCOC(=O)C1=C(N)N(c2cccnc2)C2=C(C(=O)CCC2)C1c1cc2ccccc2n2nnnc12,7.05,IC50
CHEMBL3344221,CN(C)[C@@H](CS(C)(=O)=O)c1ccc(-c2ccc3ncnc(Nc4ccc(OCc5cccc(F)c5)c(Cl)c4)c3c2)o1,7.52,IC50
CHEMBL3344220,CS(=O)(=O)C[C@H](N)c1ccc(-c2ccc3ncnc(Nc4ccc(OCc5cccc(F)c5)c(Cl)c4)c3c2)o1,7.87,IC50
CHEMBL3344218,CCCCC(=O)ON[C@H](CS(C)(=O)=O)c1ccc(-c2ccc3ncnc(Nc4ccc(OCc5cccc(F)c5)c(Cl)c4)c3c2)o1,7.03,IC50
CHEMBL3344217,CCC(=O)ON[C@H](CS(C)(=O)=O)c1ccc(-c2ccc3ncnc(Nc4ccc(OCc5cccc(F)c5)c(Cl)c4)c3c2)o1,7.05,IC50
CHEMBL3344216,CN(C)[C@H](CS(C)(=O)=O)c1ccc(-c2ccc3ncnc(Nc4ccc(OCc5cccc(F)c5)c(Cl)c4)c3c2)o1,8.39,IC50
CHEMBL3344215,CS(=O)(=O)C[C@@H](N)c1ccc(-c2ccc3ncnc(Nc4ccc(OCc5cccc(F)c5)c(Cl)c4)c3c2)o1,7.97,IC50
CHEMBL3344214,CS(=O)(=O)CCNC(CS(C)(=O)=O)c1ccc(-c2ccc3ncnc(Nc4ccc(OCc5cccc(F)c5)c(Cl)c4)c3c2)o1,7.54,IC50
CHEMBL3344213,CC(C)NC(CS(C)(=O)=O)c1ccc(-c2ccc3ncnc(Nc4ccc(OCc5cccc(F)c5)c(Cl)c4)c3c2)o1,7.41,IC50
CHEMBL3344212,CS(=O)(=O)CC(NC1CCCCC1)c1ccc(-c2ccc3ncnc(Nc4ccc(OCc5cccc(F)c5)c(Cl)c4)c3c2)o1,7.11,IC50
CHEMBL3344211,CCNC(CS(C)(=O)=O)c1ccc(-c2ccc3ncnc(Nc4ccc(OCc5cccc(F)c5)c(Cl)c4)c3c2)o1,7.83,IC50
CHEMBL3344208,CN(C)C(CS(C)(=O)=O)c1ccc(-c2ccc3ncnc(Nc4ccc(OCc5cccc(F)c5)c(Cl)c4)c3c2)o1,8.17,IC50
CHEMBL3344210,CNC(CS(C)(=O)=O)c1ccc(-c2ccc3ncnc(Nc4ccc(OCc5cccc(F)c5)c(Cl)c4)c3c2)o1,7.46,IC50
CHEMBL3344209,CS(=O)(=O)CC(N)c1ccc(-c2ccc3ncnc(Nc4ccc(OCc5cccc(F)c5)c(Cl)c4)c3c2)o1,7.75,IC50
CHEMBL3354183,Cc1cc(Nc2cc(NC(=O)c3c(Cl)cccc3Cl)ccn2)nc(N[C@@H](C)CO)n1,8.05,KI
CHEMBL3354192,COC1CCN(c2nccc(Nc3cc4c(C(C)C)n[nH]c4cn3)n2)CC1,7.75,KI
CHEMBL3354191,COC1CCN(c2nccc(Nc3cc4c(cn3)c(N)nn4C(C)C)n2)CC1,7.92,KI
CHEMBL3354189,COC1CCN(c2nccc(Nc3cc4c(ccn4C4CCCC4)cn3)n2)CC1,7.77,KI
CHEMBL3354188,COC1CCN(c2nccc(Nc3cc4c(ccn4C(C)C)cn3)n2)CC1,7.48,KI
CHEMBL3354185,COC1CCN(c2nccc(Nc3cc4[nH]c(-c5cn[nH]c5)nc4cn3)n2)CC1,7.29,KI
CHEMBL3352835,COC1CCN(c2nccc(Nc3cc(NC(=O)c4c(Cl)cccc4Cl)ccn3)n2)CC1,7.85,KI
CHEMBL3354184,O=C(Nc1ccnc(Nc2ccnc(N3CCC(O)CC3)n2)c1)c1c(Cl)cccc1Cl,7.55,KI
CHEMBL3354195,COC1CCN(c2nccc(Nc3cc4c(ccc(=O)n4C(C)C)cn3)n2)CC1,7.09,KI
CHEMBL3354190,COC1CCN(c2nccc(Nc3cc4c(cn3)ncn4C(C)C)n2)CC1,7.4,KI
CHEMBL3354187,COC1CCN(c2nccc(Nc3cc4c(cn3)cc(-c3cn[nH]c3)n4C(C)C)n2)CC1,7.8,KI
CHEMBL3354186,COC1CCN(c2nccc(Nc3cc4[nH]c(-c5cn[nH]c5)cc4cn3)n2)CC1,7.18,KI
CHEMBL3403510,COc1ccc(N(C)c2nc(C)nc3oc(C)cc23)cc1OC,7.04,IC50
CHEMBL3403517,COc1ccc2c(c1)CCCN2c1nc(C)nc2oc(C)cc12,8.47,IC50
CHEMBL3409484,CS(=O)(=O)CCNCc1ccc(-c2cc3c(Nc4ccc(OCc5ccccc5)cc4)ncnc3cn2)o1,7.6,IC50
CHEMBL3409483,[O-][S+]1CCN(Cc2ccc(-c3cc4c(Nc5ccc(OCc6cccc(F)c6)cc5)ncnc4cn3)o2)CC1,7.64,IC50
CHEMBL3409482,CN(CCO)c1cc2c(Nc3ccc4c(cnn4Cc4ccccc4)c3)ncnc2cn1,7.44,IC50
CHEMBL3416634,C#Cc1cc2c(Nc3ccc(OCc4cccc(F)c4)c(Cl)c3)ncnc2s1,7.15,IC50
CHEMBL3416633,C[C@H](N)C#Cc1cc2c(Nc3ccc(OCc4cccc(F)c4)c(Cl)c3)ncnc2s1,7.16,IC50
CHEMBL3416629,C#Cc1cccc(N2C(=O)Nc3c(C(=O)Nc4ccc(CN5CCCC5)cc4)sc4ncnc2c34)c1,7.58,IC50
CHEMBL3416628,O=C(Nc1ccc(CN2CCCC2)cc1)c1sc2ncnc3c2c1NC(=O)N3c1ccc(F)c(Cl)c1,8.15,IC50
CHEMBL3416626,C#Cc1cccc(Nc2ncnc3sc(-c4ccccc4OC)cc23)c1,7.75,IC50
CHEMBL3416625,COc1ccccc1-c1cc2c(Nc3ccc(F)c(Cl)c3)ncnc2s1,8.3,IC50
CHEMBL3416623,COc1ccccc1-c1cc2c(N[C@H](C)c3cccs3)ncnc2s1,7.26,IC50
CHEMBL3416596,COc1ccccc1-c1cc2c(N[C@H](C)c3ccc(F)cc3)ncnc2s1,7.57,IC50
CHEMBL3416595,COC[C@@H](Nc1ncnc2sc(-c3ccccc3OC)cc12)c1ccccc1,7.64,IC50
CHEMBL3416594,COc1ccccc1-c1cc2c(NC(CO)c3ccccc3)ncnc2s1,8.1,IC50
CHEMBL3416592,COc1ccccc1-c1cc2c(N[C@H](CO)c3ccccc3)ncnc2s1,9.0,IC50
CHEMBL3416591,COc1ccccc1-c1cc2c(NC(C)c3ccccc3)ncnc2s1,7.72,IC50
CHEMBL3416447,COc1ccccc1-c1cc2c(N[C@H](C)c3ccccc3)ncnc2s1,8.05,IC50
CHEMBL3416446,COc1ccccc1-c1cc2c(NCc3ccccc3)ncnc2s1,7.77,IC50
CHEMBL3416439,C#Cc1cccc(Nc2ncnc3sc(Br)cc23)c1,7.64,IC50
CHEMBL3416438,Fc1ccc(Nc2ncnc3sc(Br)cc23)cc1Cl,7.28,IC50
CHEMBL3416621,Brc1cc2c(Nc3ccccc3)ncnc2s1,7.1,IC50
CHEMBL3416605,OCC(Nc1ncnc2sc(Br)cc12)c1ccccc1,7.08,IC50
CHEMBL3416603,OC[C@@H](Nc1ncnc2sc(Br)cc12)c1ccccc1,7.44,IC50
CHEMBL3416600,C[C@@H](Nc1ncnc2sc(Br)cc12)c1ccccc1,7.42,IC50
CHEMBL3425661,COc1cc(N2CCN(C)CC2)ccc1Nc1ncc(Cl)c(Oc2cccc(NC(=O)/C(C#N)=C/c3ccncc3)c2)n1,7.43,IC50
CHEMBL3425663,COc1cc(N2CCN(C)CC2)ccc1Nc1ncc(Cl)c(Oc2cccc(NC(=O)/C(C#N)=C/c3cnc[nH]3)c2)n1,7.09,IC50
CHEMBL3425664,COc1cc(N2CCN(C)CC2)ccc1Nc1ncc(Cl)c(Oc2cccc(NC(=O)/C(C#N)=C/C3CC3)c2)n1,7.08,IC50
CHEMBL3604943,C=CC(=O)Nc1cc(Nc2nccc(-c3cn(C)c4ccccc34)n2)c(OC)cc1N1CCN(C)CC1,9.0,IC50
CHEMBL3545308,C=CC(=O)Nc1cccc(Nc2nc(Nc3ccc(N4CCN(C(C)=O)CC4)cc3OC)ncc2C(F)(F)F)c1,8.89,IC50
CHEMBL3604921,C=CC(=O)Nc1cccc(Oc2nc(Nc3cc(C)[nH]n3)cc(N3CCN(C)CC3)n2)c1,9.19,KI
CHEMBL3604912,C=CC(=O)Nc1cccc(-c2nc(Nc3cc[nH]n3)c3ccccc3n2)c1,7.0,IC50
CHEMBL3604937,C=CC(=O)Nc1cccc(Oc2nc(Nc3n[nH]c4ccccc34)cc(N3CCN(C)CC3)n2)c1,9.49,KI
CHEMBL3608431,C=CC(=O)N[C@H]1CCN(c2nc(Nc3ccc(N4CCN(C)CC4)cc3)c3ncn(CCO)c3n2)C1,8.15,IC50
CHEMBL3608430,C=CC(=O)N1C[C@@H]2CN(c3nc(Nc4ccc(N5CCN(C)CC5)cc4)c4ncn(C(C)C)c4n3)C[C@@H]2C1,8.1,IC50
CHEMBL3608429,C=CC(=O)N[C@@H]1CN(c2nc(Nc3cnn(C)c3)c3ncn(C(C)C)c3n2)C[C@H]1F,8.7,IC50
CHEMBL3608434,C=CC(=O)N[C@@H]1CN(c2nc(Nc3cn(CC)nc3OC)c3ncn(C)c3n2)C[C@H]1F,9.0,IC50
CHEMBL3608433,C=CC(=O)N[C@@H]1CN(c2nc(Nc3cn(C4CCN(C)C4)nc3OC)c3ncn(C(C)C)c3n2)C[C@H]1F,8.7,IC50
CHEMBL3612587,CCOC(=O)CCCn1c(=O)oc2cc3ncnc(Nc4cc(C(=O)OCC)ccc4O)c3cc21,8.14,IC50
CHEMBL3612593,CCOC(=O)CCCn1c(=O)oc2cc3ncnc(Nc4ccc(OCc5ccc(Cl)cc5)c(Cl)c4)c3cc21,7.28,IC50
CHEMBL3612594,CCOC(=O)CCCn1c(=O)oc2cc3ncnc(Nc4ccc(O)cc4)c3cc21,7.7,IC50
CHEMBL3612595,CCOC(=O)CCCn1c(=O)oc2cc3ncnc(Nc4cccc(O)c4)c3cc21,8.06,IC50
CHEMBL3613702,C=CC(=O)Nc1ccc2ncnc(Nc3cc(F)c(Cl)c(Cl)c3)c2c1,10.43,IC50
CHEMBL3612563,COCCn1c(=O)oc2cc3ncnc(Nc4ccc(F)c(F)c4)c3cc21,7.58,IC50
CHEMBL3622617,C#Cc1cccc(Nc2ncnc3cc(OCCOC)c(NC(=O)C=C)cc23)c1,8.74,IC50
CHEMBL3622622,C=CC(=O)Nc1cc2c(Nc3ccc(OCc4cccc(F)c4)cc3)ncnc2cc1O[C@H]1CCOC1,7.14,IC50
CHEMBL3622679,C#Cc1cccc(Nc2ncnc3cc(O[C@H]4CCOC4)c(NC(=O)/C=C/CNC(C)C)cc23)c1,8.19,IC50
CHEMBL3622678,C#Cc1cccc(Nc2ncnc3cc(OCC)c(NC(=O)/C=C/CNC4CC4)cc23)c1,8.38,IC50
CHEMBL3622677,C#Cc1cccc(Nc2ncnc3cc(OC)c(NC(=O)/C=C/CNC4CC4)cc23)c1,8.1,IC50
CHEMBL3622676,C#Cc1cccc(Nc2ncnc3cc(O[C@H]4CCOC4)c(NC(=O)/C=C/CNC4CC4)cc23)c1,8.25,IC50
CHEMBL3622675,C#Cc1cccc(Nc2ncnc3cc(OCC)c(NC(=O)/C=C/CN(C)C4CC4)cc23)c1,8.62,IC50
CHEMBL3622674,C#Cc1cccc(Nc2ncnc3cc(OC)c(NC(=O)/C=C/CN(C)C4CC4)cc23)c1,8.48,IC50
CHEMBL3622673,C#Cc1cccc(Nc2ncnc3cc(OCC)c(NC(=O)/C=C/CN4CCCCC4)cc23)c1,8.21,IC50
CHEMBL3622672,C#Cc1cccc(Nc2ncnc3cc(OC)c(NC(=O)/C=C/CN4CCCCC4)cc23)c1,8.57,IC50
CHEMBL3622671,C#Cc1cccc(Nc2ncnc3cc(O[C@H]4CCOC4)c(NC(=O)/C=C/CN4CCCCC4)cc23)c1,8.28,IC50
CHEMBL3622670,CC(C)NC/C=C/C(=O)Nc1cc2c(Nc3ccc(F)c(Cl)c3)ncnc2cc1O[C@H]1CCOC1,8.15,IC50
CHEMBL3622668,O=C(/C=C/CNC1CC1)Nc1cc2c(Nc3ccc(F)c(Cl)c3)ncnc2cc1OCC(F)(F)F,8.16,IC50
CHEMBL3622667,O=C(/C=C/CNC1CC1)Nc1cc2c(Nc3ccc(F)c(Cl)c3)ncnc2cc1OC(F)F,8.02,IC50
CHEMBL3622666,O=C(/C=C/CNC1CC1)Nc1cc2c(Nc3ccc(F)c(Cl)c3)ncnc2cc1O[C@H]1CCOC1,8.19,IC50
CHEMBL3622665,COc1cc2ncnc(Nc3ccc(F)c(Cl)c3)c2cc1NC(=O)/C=C/CNC1CC1,8.68,IC50
CHEMBL3622664,CCOc1cc2ncnc(Nc3ccc(F)c(Cl)c3)c2cc1NC(=O)/C=C/CNC1CC1,9.05,IC50
CHEMBL3622655,CCOc1cc2ncnc(Nc3ccc(F)c(Cl)c3)c2cc1NC(=O)/C=C/CN(C)C1CC1,8.26,IC50
CHEMBL3622654,COCCOc1cc2ncnc(Nc3ccc(F)c(Cl)c3)c2cc1NC(=O)/C=C/CN(C)C1CC1,8.05,IC50
CHEMBL3622653,COc1cc2ncnc(Nc3ccc(F)c(Cl)c3)c2cc1NC(=O)/C=C/CN(C)C1CC1,7.57,IC50
CHEMBL3622651,COCCOc1cc2ncnc(Nc3ccc(F)c(Cl)c3)c2cc1NC(=O)/C=C/CN1CCCCC1,8.68,IC50
CHEMBL3622650,O=C(/C=C/CN1CCCCC1)Nc1cc2c(Nc3ccc(F)c(Cl)c3)ncnc2cc1O[C@H]1CCOC1,8.28,IC50
CHEMBL3622649,C#Cc1cccc(Nc2ncnc3cc(OC4CCN(C)CC4)c(NC(=O)/C=C/CN(C)C)cc23)c1,8.09,IC50
CHEMBL3622648,C#Cc1cccc(Nc2ncnc3cc(OC4CCOCC4)c(NC(=O)/C=C/CN(C)C)cc23)c1,8.22,IC50
CHEMBL3622645,C#Cc1cccc(Nc2ncnc3cc(O[C@H]4CCOC4)c(NC(=O)/C=C/CN(C)C)cc23)c1,8.92,IC50
CHEMBL3622644,CN(C)C/C=C/C(=O)Nc1cc2c(Nc3ccc(OCc4ccccn4)cc3)ncnc2cc1O[C@H]1CCOC1,8.05,IC50
CHEMBL3622643,CN(C)C/C=C/C(=O)Nc1cc2c(Nc3ccc(OCc4ccccn4)c(Cl)c3)ncnc2cc1O[C@H]1CCOC1,8.09,IC50
CHEMBL3622640,COCCOc1cc2ncnc(Nc3ccc(Br)cc3F)c2cc1NC(=O)/C=C/CN(C)C,8.52,IC50
CHEMBL3622639,COCCOc1cc2ncnc(Nc3ccc(F)c(Cl)c3)c2cc1NC(=O)/C=C/CN(C)C,8.92,IC50
CHEMBL3622638,COCCOc1cc2ncnc(Nc3ccc(OCc4ccccn4)cc3)c2cc1NC(=O)/C=C/CN(C)C,8.0,IC50
CHEMBL3622637,COCCOc1cc2ncnc(Nc3ccc(OCc4ccccn4)c(Cl)c3)c2cc1NC(=O)/C=C/CN(C)C,8.27,IC50
CHEMBL3622636,COCCOc1cc2ncnc(Nc3ccc(OCc4cccc(F)c4)cc3)c2cc1NC(=O)/C=C/CN(C)C,7.04,IC50
CHEMBL3622632,C#Cc1cccc(Nc2ncnc3cc(OCCOC)c(NC(=O)/C=C/CN(C)C)cc23)c1,8.92,IC50
CHEMBL3622629,C=CC(=O)Nc1cc2c(Nc3ccc(F)c(Cl)c3)ncnc2cc1O[C@H]1CCOC1,8.24,IC50
CHEMBL3622625,C#Cc1cccc(Nc2ncnc3cc(O[C@H]4CCOC4)c(NC(=O)C=C)cc23)c1,7.49,IC50
CHEMBL3622624,C=CC(=O)Nc1cc2c(Nc3ccc(OCc4ccccn4)cc3)ncnc2cc1O[C@H]1CCOC1,7.0,IC50
CHEMBL3623278,COc1cc2ncnc(Nc3cccc(Cl)c3F)c2cc1CN1CCOCC1,8.42,IC50
CHEMBL3623279,COc1cc2ncnc(Nc3cccc(Cl)c3F)c2cc1N1CCOCC1,8.82,IC50
CHEMBL3623281,COc1cc2ncnc(Nc3cccc(Cl)c3F)c2cc1OC(=O)N1CCOCC1,8.39,IC50
CHEMBL3623282,COc1cc2ncnc(Nc3cccc(Cl)c3F)c2cc1OC(=O)N1CCN(C)CC1,8.3,IC50
CHEMBL3623283,COc1cc2ncnc(Nc3ccc(F)c(Cl)c3)c2cc1N1CCOCC1,8.82,IC50
CHEMBL3623284,COc1cc2ncnc(Nc3cccc(Cl)c3F)c2cc1OC(=O)N1CC[C@@H](N(C)C)C1,8.96,IC50
CHEMBL3623285,COc1cc2ncnc(Nc3cccc(Cl)c3F)c2cc1OC(=O)N1CC[C@H](N(C)C)C1,8.57,IC50
CHEMBL3623286,COc1cc2ncnc(Nc3cccc(Cl)c3F)c2cc1OC(=O)N1C[C@@H]2C[C@H]1CN2C,8.64,IC50
CHEMBL3623287,COc1cc2ncnc(Nc3cccc(Cl)c3F)c2cc1OC(=O)N1CCN(C)C2CC21,8.36,IC50
CHEMBL3623288,COc1cc2ncnc(Nc3cccc(Cl)c3F)c2cc1OC(=O)N1CCN(C)[C@@H](C)C1,7.77,IC50
CHEMBL3623289,COc1cc2ncnc(Nc3cccc(Cl)c3F)c2cc1OC(=O)N1CCN(C)[C@H](C)C1,7.67,IC50
CHEMBL3623290,COc1cc2ncnc(Nc3cccc(Cl)c3F)c2cc1OC(=O)N1CCN(C)C[C@H]1C,9.7,IC50
CHEMBL3623291,COc1cc2ncnc(Nc3cccc(Cl)c3F)c2cc1OC(=O)N1CCN(C)C[C@@H]1C,8.16,IC50
CHEMBL1688539,Fc1ccc(Nc2ncnc3ccccc23)cc1Cl,7.52,IC50
CHEMBL3633141,C=CC(=O)Nc1cc(Nc2cncc(-c3cn(C)c4ccccc34)n2)c(OC)cc1N(C)CCN(C)C,8.22,IC50
CHEMBL3633142,C=CC(=O)Nc1cccc(-n2c(=O)ccc3cnc(Nc4ccc(N5CCN(C)CC5)cc4OC)nc32)c1,9.37,KD
CHEMBL3633143,C=CC(=O)Nc1cccc(-n2c(=O)cc(C)c3cnc(Nc4ccc(N5CCN(C)CC5)cc4OC)nc32)c1,9.59,KD
CHEMBL3633151,C=CC(=O)Nc1cccc(-n2c(=O)cc(C)c3cnc(Nc4ccc(N(C)CCN(C)C)cc4OC)nc32)c1,8.22,IC50
CHEMBL3633152,C=CC(=O)Nc1cccc(-n2c(=O)cc(C)c3cnc(Nc4ccc(OCCN(C)C)cc4OC)nc32)c1,9.02,KD
CHEMBL3633349,C=CC(=O)Nc1cccc(-n2c3nc(Nc4ccc(N5CCC(N(C)C)CC5)cc4OC)ncc3c(=O)n3ccnc23)c1,8.59,KD
CHEMBL3633941,CCNC(=O)Nc1ccc(C(=O)Nc2ccc3ncnc(Nc4ccc(F)c(Cl)c4)c3c2)cc1,7.51,IC50
CHEMBL3633940,NC(=O)Nc1ccc(C(=O)Nc2ccc3ncnc(Nc4ccc(F)c(Cl)c4)c3c2)cc1,8.05,IC50
CHEMBL3633934,CCOC(=O)C(=CNc1ccc2ncnc(Nc3ccc(Oc4cccc(C(F)(F)F)c4)c(Cl)c3)c2c1)C(=O)OCC,7.64,IC50
CHEMBL3633932,CCNC(=O)Nc1ccc2ncnc(Nc3ccc(OCc4cccc(F)c4)c(Cl)c3)c2c1,7.46,IC50
CHEMBL3633930,CCNC(=O)Nc1ccc2ncnc(Nc3ccc(Oc4cccc(C(F)(F)F)c4)c(Cl)c3)c2c1,7.54,IC50
CHEMBL3633929,CC(=O)Nc1ccc2ncnc(Nc3ccc(OCc4ccccn4)c(Cl)c3)c2c1,8.52,IC50
CHEMBL3633928,NC(=O)Nc1ccc2ncnc(Nc3ccc(OCc4cccc(F)c4)c(Cl)c3)c2c1,8.69,IC50
CHEMBL3633774,NC(=O)Nc1ccc2ncnc(Nc3ccc(Oc4cccc(C(F)(F)F)c4)c(Cl)c3)c2c1,8.4,IC50
CHEMBL4113919,CC(C)n1c(Nc2ccccc2)nc2cnc(Nc3ccc(C(=O)N[N+]4=CCN(C)CC4)cc3)nc21,8.52,IC50
CHEMBL3699581,C=CC(=O)Nc1cccc(Oc2nc(Nc3ccc(N4CCOCC4)cc3OC)ncc2C(F)(F)F)c1,8.26,IC50
CHEMBL3699588,C=CC(=O)Nc1cccc(Oc2nc(Nc3ccc(N4CCN(C(C)=O)CC4)cc3OC)ncc2C(F)(F)F)c1,8.26,IC50
CHEMBL3699595,C=CC(=O)Nc1cccc(Nc2nc(Nc3ccc(N4CCCN(C(=O)C(F)(F)F)CC4)cc3OC)ncc2C(F)(F)F)c1,8.26,IC50
CHEMBL3699611,C=CC(=O)Nc1cccc(Oc2nc(Nc3ccc(N4CCCOCC4)cc3OC)ncc2Cl)c1,8.26,IC50
CHEMBL3699615,C=CC(=O)Nc1cccc(Nc2nc(Nc3ccc(N4CCN(S(C)(=O)=O)CC4)cc3OC)ncc2Cl)c1,8.26,IC50
CHEMBL3674151,CC(C)n1c(Nc2ccc(F)c(Cl)c2)nc2cnc(Nc3ccc(C(=O)NN4CCN(C)CC4)cc3F)nc21,8.4,IC50
CHEMBL3699609,C=CC(=O)Nc1cccc(Nc2nc(Nc3ccc(N4CCN(C(=O)CC)CC4)cc3OC)ncc2C(F)(F)F)c1,8.26,IC50
CHEMBL3699590,C=CC(=O)Nc1cccc(Nc2nc(Nc3ccc(N4CCN(C(=O)CO)CC4)cc3OC)ncc2Cl)c1,7.7,IC50
CHEMBL3680375,O=C(/C=C/CN1CCCCC1)Nc1cc2c(Nc3ccc(F)c(Cl)c3)ncnc2cc1OCCCN1CCOCC1,7.95,IC50
CHEMBL3678949,CC(C)n1c(Nc2ccc(F)c(Cl)c2)nc2cnc(Nc3ccc(N4CCN(C)CC4)cc3)nc21,8.52,IC50
CHEMBL3678960,C=CC(=O)Nc1cccc(Nc2ncc3nc(Nc4ccccc4)n(C(C)C)c3n2)c1,9.22,IC50
CHEMBL3699601,C=CC(=O)Nc1cccc(Oc2nc(Nc3ccc(N4CCN(S(C)(=O)=O)CC4)cc3OC)ncc2Cl)c1,7.7,IC50
CHEMBL1643971,C=CC(=O)Nc1cccc(Oc2nc(Nc3ccc(N4CCOCC4)cc3OC)ncc2Cl)c1,8.26,IC50
CHEMBL3680374,O=C(/C=C/CN1CCCCC1)Nc1cc2c(Nc3ccc(F)c(Cl)c3)ncnc2cc1OCC(F)F,8.01,IC50
CHEMBL3680377,COc1cc2ncnc(Nc3ccc(F)c(Cl)c3)c2cc1NC(=O)/C=C/CN1CCC(F)CC1,7.74,IC50
CHEMBL3678953,COc1ccc(Nc2nc3cnc(Nc4ccc(N5CCN(C)CC5)cc4)nc3n2C(C)C)cc1,8.3,IC50
CHEMBL3699608,C=CC(=O)Nc1cccc(Nc2nc(Nc3ccc(N4CCN(C(=O)C(C)(C)C)CC4)cc3OC)ncc2C(F)(F)F)c1,7.19,IC50
CHEMBL3699600,C=CC(=O)Nc1cccc(Oc2nc(Nc3ccc(N4CCN(C(=O)C(F)(F)F)CC4)cc3OC)ncc2Cl)c1,8.26,IC50
CHEMBL3699618,C=CC(=O)Nc1cccc(Nc2nc(Nc3ccc(N4CCN(C(=O)CC(C)(C)C)CC4)cc3OC)ncc2C(F)(F)F)c1,8.26,IC50
CHEMBL3699614,C=CC(=O)Nc1cccc(Nc2nc(Nc3ccc(N4CCN(C(C)=O)CC4)cc3OC)ncc2Br)c1,8.26,IC50
CHEMBL3699589,C=CC(=O)Nc1cccc(Oc2nc(Nc3ccc(N4CCN(C(=O)CO)CC4)cc3OC)ncc2C(F)(F)F)c1,7.7,IC50
CHEMBL3678957,CC(C)n1c(Nc2ccc(C(F)(F)F)cc2)nc2cnc(Nc3ccc(N4CCN(C)CC4)cc3)nc21,8.3,IC50
CHEMBL3699584,C=CC(=O)Nc1cccc(Nc2nc(Nc3ccc(N4CCN(C(=O)CO)CC4)cc3OC)ncc2C(F)(F)F)c1,8.26,IC50
CHEMBL3699607,C=CC(=O)Nc1cccc(Nc2nc(Nc3ccc(N4CCN(C(C)=O)CC4)cc3OC(F)(F)F)ncc2C(F)(F)F)c1,8.26,IC50
CHEMBL3680376,COc1cc2ncnc(Nc3ccc(F)c(Cl)c3)c2cc1NC(=O)/C=C/CN1CCCC(F)C1,7.34,IC50
CHEMBL3699617,C=CC(=O)Nc1cccc(Oc2nc(Nc3ccc(N4CCCN(C(=O)OC(C)(C)C)CC4)cc3OC)ncc2Cl)c1,8.26,IC50
CHEMBL3699593,C=CC(=O)Nc1cccc(Nc2nc(Nc3ccc(N4CCN(S(C)(=O)=O)CC4)cc3OC)ncc2C(F)(F)F)c1,7.7,IC50
CHEMBL3699582,C=CC(=O)Nc1cccc(Nc2nc(Nc3ccc(N4CCOCC4)cc3OC)ncc2C(F)(F)F)c1,7.7,IC50
CHEMBL3699596,C=CC(=O)Nc1cccc(Oc2nc(Nc3ccc(N4CCN(C(=O)OC)CC4)cc3OC)ncc2C(F)(F)F)c1,8.26,IC50
CHEMBL3674152,COc1cc(C(=O)NN2CCN(C)CC2)ccc1Nc1ncc2nc(Nc3ccccc3)n(C(C)C)c2n1,9.0,IC50
CHEMBL3680373,O=C(/C=C/CN1CCCCC1)Nc1cc2c(Nc3ccc(F)c(Cl)c3)ncnc2cc1OCCF,8.19,IC50
CHEMBL3699586,C=CC(=O)Nc1cccc(Nc2nc(Nc3ccc(N4CCN(C(C)=O)CC4)cc3OC)ncc2Cl)c1,8.26,IC50
CHEMBL3678950,CC(C)n1c(Nc2ccc(Br)cc2)nc2cnc(Nc3ccc(N4CCN(C)CC4)cc3)nc21,9.0,IC50
CHEMBL3699599,C=CC(=O)Nc1cccc(Oc2nc(Nc3ccc(N4CCN(C(=O)CC(C)(C)C)CC4)cc3OC)ncc2Cl)c1,8.26,IC50
CHEMBL3699587,C=CC(=O)Nc1cccc(Oc2nc(Nc3ccc(N4CCN(C(C)=O)CC4)cc3OC)ncc2Cl)c1,8.26,IC50
CHEMBL3699602,C=CC(=O)Nc1cccc(Oc2nc(Nc3ccc(N4CCN(S(N)(=O)=O)CC4)cc3OC)ncc2C(F)(F)F)c1,8.26,IC50
CHEMBL3639984,C=CC(=O)Nc1cccc(Nc2nc(Nc3ccc(N4CCN(C(=O)CO)CC4)cc3OC(F)(F)F)ncc2C(F)(F)F)c1,7.19,IC50
CHEMBL3699591,C=CC(=O)Nc1cccc(Oc2nc(Nc3ccc(N4CCOCC4)cc3OC(F)F)ncc2C(F)(F)F)c1,7.19,IC50
CHEMBL3699610,C=CC(=O)Nc1cccc(Oc2nc(Nc3ccc(N4CCOCC4)cc3OC(F)F)ncc2Cl)c1,7.7,IC50
CHEMBL3699598,C=CC(=O)Nc1cccc(Oc2nc(Nc3ccc(N4CCN(S(C)(=O)=O)CC4)cc3OC)ncc2C(F)(F)F)c1,7.19,IC50
CHEMBL3699585,C=CC(=O)Nc1cccc(Nc2nc(Nc3ccc(N4CCCN(C(C)=O)CC4)cc3OC)ncc2C(F)(F)F)c1,7.7,IC50
CHEMBL3699613,C=CC(=O)Nc1cccc(Nc2nc(Nc3ccc(N4CCCN(C(=O)OC(C)(C)C)CC4)cc3OC)ncc2C(F)(F)F)c1,8.26,IC50
CHEMBL3678959,CC(C)n1c(NC2CCCCC2)nc2cnc(Nc3ccc(N4CCN(C)CC4)cc3)nc21,8.3,IC50
CHEMBL3699594,C=CC(=O)Nc1cccc(Oc2nc(Nc3ccc(N4CCN(C(=O)OC(C)(C)C)CC4)cc3OCC)ncc2Cl)c1,7.7,IC50
CHEMBL3699621,C=CC(=O)Nc1cccc(Nc2nc(Nc3ccc(N4CCN(C(C)=O)[C@H](C(=O)OC)C4)cc3OC)ncc2C(F)(F)F)c1,7.7,IC50
CHEMBL3674150,CC(C)n1c(Nc2ccccc2)nc2cnc(Nc3ccc(C(=O)NN4CCN(C)CC4)cc3F)nc21,9.4,IC50
CHEMBL2178351,CC(C)n1c(Nc2ccccc2)nc2cnc(Nc3ccc(N4CCN(C)CC4)cc3)nc21,8.3,IC50
CHEMBL3678958,CC(C)n1c(Nc2cccnc2)nc2cnc(Nc3ccc(N4CCN(C)CC4)cc3)nc21,8.4,IC50
CHEMBL3699620,C=CC(=O)Nc1cccc(Oc2nc(Nc3ccc(N4CCN(C(=O)OC(C)(C)C)CC4)cc3OC(F)(F)F)ncc2Cl)c1,7.7,IC50
CHEMBL3680378,COc1cc2ncnc(Nc3ccc(F)c(Cl)c3)c2cc1NC(=O)/C=C/CN1CCCCCC1,7.92,IC50
CHEMBL3678954,CC(C)n1c(Nc2ccc(OCc3cccc(F)c3)c(Cl)c2)nc2cnc(Nc3ccc(N4CCN(C)CC4)cc3)nc21,8.4,IC50
CHEMBL4111809,CC(=O)Nc1cccc(Nc2nc3cnc(Nc4ccc(C(=O)N[N+]5=CCN(C)CC5)cc4F)nc3n2C(C)C)c1,7.6,IC50
CHEMBL3699612,C=CC(=O)Nc1cccc(Nc2nc(Nc3ccc(N4CCCOCC4)cc3OC)ncc2C(F)(F)F)c1,7.7,IC50
CHEMBL3678955,CC(C)n1c(Nc2ccc(NC(=O)Nc3ccc(F)c(Cl)c3)cc2)nc2cnc(Nc3ccc(N4CCN(C)CC4)cc3)nc21,8.3,IC50
CHEMBL3678952,COc1cccc(Nc2nc3cnc(Nc4ccc(N5CCN(C)CC5)cc4)nc3n2C(C)C)c1,9.0,IC50
CHEMBL3699622,C=CC(=O)Nc1cccc(Nc2nc(Nc3ccc(N4CCS(=O)(=O)CC4)cc3OC)ncc2C(F)(F)F)c1,8.26,IC50
CHEMBL3699592,C=CC(=O)Nc1cccc(Nc2nc(Nc3ccc(N4CCOCC4)cc3OC(F)F)ncc2C(F)(F)F)c1,7.7,IC50
CHEMBL3678951,CC(C)n1c(Nc2cccc(C(F)(F)F)c2)nc2cnc(Nc3ccc(N4CCN(C)CC4)cc3)nc21,9.0,IC50
CHEMBL3699597,C=CC(=O)Nc1cccc(Oc2nc(Nc3ccc(N4CCN(C(=O)NC)CC4)cc3OC)ncc2C(F)(F)F)c1,7.7,IC50
CHEMBL2178350,CN1CCN(c2ccc(Nc3ncc4nc(Nc5ccccc5)n(C5CC5)c4n3)cc2)CC1,8.7,IC50
CHEMBL3699603,C=CC(=O)Nc1cccc(Nc2nc(Nc3ccc(N4CCN(C(=O)NC)CC4)cc3OC)ncc2C(F)(F)F)c1,8.26,IC50
CHEMBL3678948,C#Cc1cccc(Nc2nc3cnc(Nc4ccc(N5CCN(C)CC5)cc4)nc3n2C(C)C)c1,8.52,IC50
CHEMBL2178349,CN1CCN(c2ccc(Nc3ncc4nc(Nc5ccccc5)n(C)c4n3)cc2)CC1,8.52,IC50
CHEMBL3674148,CC(C)n1c(Nc2ccc(F)c(Cl)c2)nc2cnc(Nc3ccc(C(=O)NN4CCN(C)CC4)cc3)nc21,9.0,IC50
CHEMBL3678946,CC(C)n1c(Nc2ccccc2)nc2cnc(Nc3ccc(C(=O)NC4CCN(C)CC4)cc3)nc21,9.4,IC50
CHEMBL3699604,C=CC(=O)Nc1cccc(Nc2nc(Nc3ccc(N4CCN(C(=O)OC)CC4)cc3OC)ncc2C(F)(F)F)c1,7.7,IC50
CHEMBL3699583,C=CC(=O)Nc1cccc(Oc2nc(Nc3ccc(N4CCN(C(=O)CO)CC4)cc3OC)ncc2Cl)c1,8.26,IC50
CHEMBL3678947,CC(C)n1c(Nc2cccc(Br)c2)nc2cnc(Nc3ccc(N4CCN(C)CC4)cc3)nc21,8.4,IC50
CHEMBL3734825,COC1CCN(c2nccc(Nc3cc4c(cn3)ncn4C3CCCC3)n2)CC1,7.7,KI
CHEMBL3736178,COC1CCN(c2nccc(Nc3cc4c(cn3)ncn4C3CC3)n2)CC1,7.06,KI
CHEMBL3736409,COC1CCN(c2nccc(Nc3cc4c(cn3)ncn4C3CCC3)n2)CC1,7.32,KI
CHEMBL3735250,CCC(C)n1cnc2cnc(Nc3ccnc(N4CCC(OC)CC4)n3)cc21,7.85,KI
CHEMBL3736254,COC1CCN(c2nccc(Nc3cc4c(cn3)ncn4CC(F)(F)F)n2)CC1,7.15,KI
CHEMBL3735335,COC1CCN(c2nccc(Nc3cc4c(cn3)ncn4C3CCCCC3)n2)CC1,7.75,KI
CHEMBL3735725,COC1CCN(c2nccc(Nc3cc4c(cn3)ncn4C3CCOCC3)n2)CC1,7.12,KI
CHEMBL3736365,COC1CCN(c2nccc(Nc3cc4c(cn3)ncn4C(C)C(F)(F)F)n2)CC1,7.57,KI
CHEMBL3736508,COC1CCN(c2nccc(Nc3cc4c(cn3)nc(C)n4C(C)C)n2)CC1,7.72,KI
CHEMBL3735533,Cc1nc2cnc(Nc3ccnc(N4CCC(O)CC4)n3)cc2n1C(C)C,7.47,KI
CHEMBL3735045,Cc1nc2cnc(Nc3ccnc(N4CCC(S(C)(=O)=O)CC4)n3)cc2n1C(C)C,7.19,KI
CHEMBL3735848,COCC1(OC)CCN(c2nccc(Nc3cc4c(cn3)nc(C)n4C(C)C)n2)CC1,7.11,KI
CHEMBL3736395,COC1(CO)CCN(c2nccc(Nc3cc4c(cn3)nc(C)n4C(C)C)n2)CC1,7.62,KI
CHEMBL3736191,COC1(CCO)CCN(c2nccc(Nc3cc4c(cn3)nc(C)n4C(C)C)n2)CC1,7.3,KI
CHEMBL3736430,COC1(CCN)CCN(c2nccc(Nc3cc4c(cn3)nc(C)n4C(C)C)n2)CC1,7.55,KI
CHEMBL3735689,Cc1nc2cnc(Nc3ccnc(NCC(C)(C)C(N)=O)n3)cc2n1C(C)C,7.66,KI
CHEMBL3735782,Cc1nc2cnc(Nc3ccnc(NCC(C)(C)S(C)(=O)=O)n3)cc2n1C(C)C,7.42,KI
CHEMBL3736210,Cc1nc2cnc(Nc3ccnc(OCC(C)(C)S(C)(=O)=O)n3)cc2n1C(C)C,7.28,KI
CHEMBL3734877,COC1CCN(c2nccc(Nc3cc4c(cn3)nc(CO)n4C(C)C)n2)CC1,7.72,KI
CHEMBL3736183,CO[C@H]1CCN(c2nccc(Nc3cc4c(cn3)nc(C)n4C(C)C)n2)C[C@H]1F,8.57,KI
CHEMBL3734933,CO[C@H]1CCN(c2nccc(Nc3cc4c(cn3)nc(CO)n4C(C)C)n2)C[C@H]1F,8.37,KI
CHEMBL3735958,Cc1nc2cnc(Nc3ccnc(N4CC[C@H](O)[C@H](F)C4)n3)cc2n1C(C)C,7.89,KI
CHEMBL3734934,CC(C)n1c(CO)nc2cnc(Nc3ccnc(N4CC[C@H](O)[C@H](F)C4)n3)cc21,7.8,KI
CHEMBL3735474,CO[C@H]1CCN(c2nccc(Nc3cc4c(cn3)nc(CO)n4C(C)C)n2)CC1(F)F,8.13,KI
CHEMBL3734786,Cc1nc2cnc(Nc3ccnc(N4CC[C@H](O)C(F)(F)C4)n3)cc2n1C(C)C,8.02,KI
CHEMBL3735740,CO[C@H]1CCN(c2nccc(Nc3cc4c(cn3)nc(C)n4C(C)C)n2)C[C@@H]1F,7.36,KI
CHEMBL3736181,CO[C@H]1CCN(c2nccc(Nc3cc4c(cn3)nc(CO)n4C(C)C)n2)C[C@@H]1F,7.24,KI
CHEMBL3736121,CO[C@H]1CCN(c2nccc(Nc3cc4c(cn3)nc([C@@H](C)O)n4[C@H](C)C(F)(F)F)n2)C[C@H]1F,8.96,KI
CHEMBL3734988,C[C@@H](O)c1nc2cnc(Nc3ccnc(N4CC[C@H](O)[C@H](F)C4)n3)cc2n1[C@H](C)C(F)(F)F,8.6,KI
CHEMBL3740144,CN1CCN(Cc2ccc(NC(=O)Nc3ccc4ncnc(Nc5ccc(OCc6cccc(F)c6)c(Cl)c5)c4c3)cc2)CC1,8.08,IC50
CHEMBL3741473,O=C(Nc1ccc(CN2CCCCC2)cc1)Nc1ccc2ncnc(Nc3cccc(C(F)(F)F)c3)c2c1,8.3,IC50
CHEMBL3740910,O=C(Nc1ccc(CN2CCCC2)cc1)Nc1ccc2ncnc(Nc3cccc(C(F)(F)F)c3)c2c1,8.39,IC50
CHEMBL3741490,C#Cc1cccc(Nc2ncnc3cc(OCCO)c(OCCOC)cc23)c1,9.0,IC50
CHEMBL3739771,C#Cc1cccc(Nc2ncnc3cc(OCCOC(=O)Cc4c(C)n(C(=O)c5ccc(Cl)cc5)c5ccc(OC)cc45)c(OCCOC(=O)Cc4c(C)n(C(=O)c5ccc(Cl)cc5)c5ccc(OC)cc45)cc23)c1,7.48,IC50
CHEMBL3739527,C#Cc1cccc(Nc2ncnc3cc(OCCOC(=O)CC4=C(C)/C(=C/c5ccc([S+](C)[O-])cc5)c5ccc(F)cc54)c(OCCOC(=O)CC4=C(C)/C(=C/c5ccc([S+](C)[O-])cc5)c5ccc(F)cc54)cc23)c1,7.57,IC50
CHEMBL3741399,C#Cc1cccc(Nc2ncnc3cc(OCCOC(=O)c4ccccc4OC(C)=O)c(OCCOC(=O)c4ccccc4OC(C)=O)cc23)c1,7.47,IC50
CHEMBL3741304,C#Cc1cccc(Nc2ncnc3cc(OCCOC(=O)c4ccc(C(=O)Nc5ccc6c(c5)C(C)(C)CCC6(C)C)cc4)c(OCCOC)cc23)c1,7.5,IC50
CHEMBL3740595,C#Cc1cccc(Nc2ncnc3cc(OCCOC(=O)Cc4c(C)n(C(=O)c5ccc(Cl)cc5)c5ccc(OC)cc45)c(OCCOC)cc23)c1,7.57,IC50
CHEMBL3740850,C#Cc1cccc(Nc2ncnc3cc(OCCOC(=O)C(C)c4ccc5cc(OC)ccc5c4)c(OCCOC)cc23)c1,7.14,IC50
CHEMBL3742059,C#Cc1cccc(Nc2ncnc3cc(OCCOC(=O)CC4=C(C)/C(=C\c5ccc([S+](C)[O-])cc5)c5ccc(F)cc54)c(OCCOC)cc23)c1,7.51,IC50
CHEMBL3741026,C#Cc1cccc(Nc2ncnc3cc(OCCOC(=O)C(C)c4ccc(CC(C)C)cc4)c(OCCOC)cc23)c1,8.05,IC50
CHEMBL3741424,C#Cc1cccc(Nc2ncnc3cc(OCCOC(=O)c4ccccc4OC(C)=O)c(OCCOC)cc23)c1,8.3,IC50
CHEMBL3752008,O=C(Nc1ccncc1)Nc1cc(-c2cncnc2)cc(C(F)(F)F)c1,7.83,IC50
CHEMBL3753886,O=C(Nc1ccncc1)Nc1cc(-c2cccnc2)ccc1OC(F)(F)F,7.01,IC50
CHEMBL3752370,O=C(Nc1ccncc1)Nc1cc(-c2cncnc2)ccc1OC(F)(F)F,7.74,IC50
CHEMBL3753142,O=C(Nc1cc(-c2cccnc2)cc(C(F)(F)F)c1)Nc1nccs1,7.11,IC50
CHEMBL3754556,O=C(Nc1cc(-c2cncnc2)cc(C(F)(F)F)c1)Nc1nccs1,7.14,IC50
CHEMBL3752248,O=C(Nc1nccs1)Nc1cc(-c2cncnc2)ccc1OC(F)(F)F,7.14,IC50
CHEMBL3753532,COc1cc(NC(=O)Nc2ccccn2)cc(-c2c[nH]cn2)c1OC,7.61,IC50
CHEMBL3752825,Cn1cnc(-c2ccc(OC(F)(F)F)c(NC(=O)Nc3ccncc3)c2)c1,7.02,IC50
CHEMBL1336,CNC(=O)c1cc(Oc2ccc(NC(=O)Nc3ccc(Cl)c(C(F)(F)F)c3)cc2)ccn1,8.53,IC50
CHEMBL3754057,O=C(Nc1ccccn1)Nc1cc(-c2cncnc2)ccc1OC(F)(F)F,7.58,IC50
CHEMBL3753208,O=C(Nc1ccccn1)Nc1cc(-c2cccnc2)ccc1OC(F)(F)F,7.04,IC50
CHEMBL3754785,COc1ccc(-c2cc(NC(=O)Nc3ccccn3)cc(OC)c2OC)cn1,7.18,IC50
CHEMBL3752074,COc1cc(NC(=O)Nc2ccccn2)cc(-c2cccnc2)c1OC,7.31,IC50
CHEMBL3752365,C=CC(=O)Nc1cccc(-n2c(=O)cc(C)c3cnc(Nc4ccc(N5CCN(C)CC5)cc4OC(C)C)nc32)c1,7.11,IC50
CHEMBL3752204,CN(C)/C=C/C(=O)Nc1cc2c(Nc3ccc(F)c(Cl)c3)ncnc2cc1O[C@H]1CCOC1,8.96,KD
CHEMBL3353410,C=CC(=O)Nc1cc(Nc2nccc(-c3cn(C)c4ccccc34)n2)c(OC)cc1N(C)CCN(C)C,10.7,IC50
CHEMBL3754213,C=CC(=O)Nc1cccc(-n2c(=O)cc(C)c3cnc(Nc4ccc(N5CCN(C)CC5)cc4OCCC)nc32)c1,7.72,IC50
CHEMBL3754564,C=CC(=O)Nc1cccc(-n2c(=O)cc(C)c3cnc(Nc4ccc(N5CCN(C)CC5)cc4OCC)nc32)c1,8.92,KD
CHEMBL3754803,C=CC(=O)Nc1cccc(-n2c(=O)cc(C)c3cnc(Nc4ccc(N5CCN(C)CC5)cc4C)nc32)c1,9.57,KD
CHEMBL3633146,C=CC(=O)Nc1cccc(-n2c(=O)cc(C)c3cnc(Nc4ccc(N5CCN(C)CC5)cc4)nc32)c1,9.8,KD
CHEMBL3753305,C=CC(=O)Nc1cccc(-n2c(=O)cc(-c3ccccc3)c3cnc(Nc4ccc(N5CCN(C)CC5)cc4OC)nc32)c1,7.68,IC50
CHEMBL3752139,C=CC(=O)Nc1cccc(-n2c(=O)cc(N(C)C)c3cnc(Nc4ccc(N5CCN(C)CC5)cc4OC)nc32)c1,7.02,IC50
CHEMBL3753228,C=CC(=O)Nc1cccc(-n2c(=O)cc(C(F)(F)F)c3cnc(Nc4ccc(N5CCN(C)CC5)cc4OC)nc32)c1,7.41,IC50
CHEMBL3754040,C=CC(=O)Nc1cccc(-n2c(=O)cc(C(C)C)c3cnc(Nc4ccc(N5CCN(C)CC5)cc4OC)nc32)c1,7.03,IC50
CHEMBL3752448,C=CC(=O)Nc1cccc(-n2c(=O)cc(C3CC3)c3cnc(Nc4ccc(N5CCN(C)CC5)cc4OC)nc32)c1,8.66,KD
CHEMBL3753874,C=CC(=O)Nc1cccc(-n2c(=O)cc(CCC)c3cnc(Nc4ccc(N5CCN(C)CC5)cc4OC)nc32)c1,7.75,IC50
CHEMBL3751976,C=CC(=O)Nc1cccc(-n2c(=O)cc(CC)c3cnc(Nc4ccc(N5CCN(C)CC5)cc4OC)nc32)c1,8.74,KD
CHEMBL3753011,C=CC(=O)Nc1cccc(-n2c(=O)c(-c3ccccc3)c(C)c3cnc(Nc4ccc(N5CCN(C)CC5)cc4OC)nc32)c1,9.04,KD
CHEMBL3633145,C=CC(=O)Nc1cccc(-n2c(=O)c(Cc3ccccc3)cc3cnc(Nc4ccc(N5CCN(C)CC5)cc4OC)nc32)c1,9.3,IC50
CHEMBL3753235,C=CC(=O)Nc1cccc(-n2c(=O)c(-c3ccccc3)cc3cnc(Nc4ccc(N5CCN(C)CC5)cc4OC)nc32)c1,9.7,IC50
CHEMBL3752363,C=CC(=O)Nc1cccc(-n2c(=O)c(C)cc3cnc(Nc4ccc(N5CCN(C)CC5)cc4OC)nc32)c1,9.06,KD
CHEMBL3758502,CC1(C)OCc2c(Nc3n[nH]c4ccccc34)nc(-c3cn[nH]c3)nc21,9.7,KI
CHEMBL3758958,CC1(C)OCc2c(Nc3c[nH]c4ccccc34)nc(-c3cn[nH]c3)nc21,7.77,KI
CHEMBL3759615,CC1(C)OCc2c(Nc3n[nH]c4c(F)cccc34)nc(-c3cn[nH]c3)nc21,8.52,KI
CHEMBL3759499,CC1(C)OCc2c(Nc3n[nH]c4cc(F)ccc34)nc(-c3cn[nH]c3)nc21,8.7,KI
CHEMBL3758283,CC1(C)OCc2c(Nc3n[nH]c4ccc(F)cc34)nc(-c3cn[nH]c3)nc21,8.1,KI
CHEMBL3759935,CC1(C)OCc2c(Nc3n[nH]c4cccc(F)c34)nc(-c3cn[nH]c3)nc21,7.77,KI
CHEMBL3758602,CC1(C)OCc2c(Nc3n[nH]c4c(Cl)cccc34)nc(-c3cn[nH]c3)nc21,9.4,KI
CHEMBL3758773,CC1(C)OCc2c(Nc3n[nH]c4cc(Cl)ccc34)nc(-c3cn[nH]c3)nc21,7.65,KI
CHEMBL3760072,CC1(C)OCc2c(Nc3n[nH]c4c(F)cc(F)cc34)nc(-c3cn[nH]c3)nc21,7.98,KI
CHEMBL3758700,CC1(C)OCc2c(Nc3n[nH]c4c(Cl)c(F)ccc34)nc(-c3cn[nH]c3)nc21,8.4,KI
CHEMBL3758862,CC1(C)OCc2c(Nc3n[nH]c4c(Cl)cc(F)cc34)nc(-c3cn[nH]c3)nc21,7.8,KI
CHEMBL3758830,Cn1nc(Nc2nc(-c3cn[nH]c3)nc3c2COC3(C)C)c2cccc(F)c21,7.24,KI
CHEMBL3759442,CC1(C)OCc2c(Oc3n[nH]c4ccccc34)nc(-c3cn[nH]c3)nc21,7.07,KI
CHEMBL3759135,CC1(C)OCc2c(Nc3n[nH]c4ccccc34)nc(-c3cscn3)nc21,8.25,KI
CHEMBL3759096,Cn1nccc1-c1nc(Nc2n[nH]c3ccccc23)c2c(n1)C(C)(C)OC2,8.96,KI
CHEMBL3758739,CC1(C)OCc2c(Nc3n[nH]c4c(Cl)cccc34)nc(-c3cn[nH]c3C(F)F)nc21,8.77,KI
CHEMBL3759815,C[C@@H](Nc1ncnc2sc(-c3ccc(CO)cc3F)cc12)c1ccccc1,7.89,IC50
CHEMBL3759649,C[C@@H](Nc1ncnc2sc(-c3ccc(C=O)cc3F)cc12)c1ccccc1,7.23,IC50
CHEMBL3759356,C[C@@H](Nc1ncnc2sc(-c3cccc(C(=O)O)c3)cc12)c1ccccc1,8.1,IC50
CHEMBL3758939,C[C@@H](Nc1ncnc2sc(-c3cccc(C(N)=O)c3)cc12)c1ccccc1,8.3,IC50
CHEMBL3760023,C[C@@H](Nc1ncnc2sc(-c3cccc(S(C)(=O)=O)c3)cc12)c1ccccc1,7.58,IC50
CHEMBL3758471,C[C@@H](Nc1ncnc2sc(-c3cccc(C=O)c3)cc12)c1ccccc1,8.22,IC50
CHEMBL3758951,C[C@@H](Nc1ncnc2sc(-c3ccc(F)c(C=O)c3)cc12)c1ccccc1,8.1,IC50
CHEMBL3759963,COc1cccc(-c2cc3c(N[C@H](C)c4ccccc4)ncnc3s2)c1OC,7.89,IC50
CHEMBL3759780,COc1cc(F)ccc1-c1cc2c(N[C@H](C)c3ccccc3)ncnc2s1,8.22,IC50
CHEMBL3758868,COc1ccc(-c2cc3c(N[C@H](C)c4ccccc4)ncnc3s2)c(OC)c1,8.3,IC50
CHEMBL3759961,COc1cccc(OC)c1-c1cc2c(N[C@H](C)c3ccccc3)ncnc2s1,8.7,IC50
CHEMBL3759199,COc1cccc(OC)c1-c1cc2c(N[C@H](CO)c3ccccc3)ncnc2s1,9.05,IC50
CHEMBL3758800,C[C@@H](Nc1ncnc2sc(-c3ccc(C(=O)NCCN(C)C)cc3)cc12)c1ccccc1,8.7,IC50
CHEMBL3758376,CN(C)CCNC(=O)c1ccc(-c2cc3c(N[C@H](CO)c4ccccc4)ncnc3s2)cc1,8.7,IC50
CHEMBL3759369,C[C@@H](Nc1ncnc2sc(-c3cccc(C(=O)NCCN(C)C)c3)cc12)c1ccccc1,9.05,IC50
CHEMBL3758278,COc1cc(C(N)=O)ccc1-c1cc2c(N[C@H](C)c3ccccc3)ncnc2s1,8.7,IC50
CHEMBL3759480,COc1cc(C(N)=O)ccc1-c1cc2c(N[C@H](CO)c3ccccc3)ncnc2s1,8.82,IC50
CHEMBL3759478,OC[C@@H](Nc1ncnc2sc(-c3ccccc3)cc12)c1ccccc1,8.05,IC50
CHEMBL3758761,COc1c(C=O)cccc1-c1cc2c(N[C@H](C)c3ccccc3)ncnc2s1,7.68,IC50
CHEMBL3759359,COc1c(CO)cccc1-c1cc2c(N[C@H](C)c3ccccc3)ncnc2s1,8.82,IC50
CHEMBL3758990,COC(=O)c1cccc(-c2cc3c(N[C@H](C)c4ccccc4)ncnc3s2)c1OC,8.05,IC50
CHEMBL3759725,COc1c(C(=O)NCCN(C)C)cccc1-c1cc2c(N[C@H](C)c3ccccc3)ncnc2s1,8.52,IC50
CHEMBL3758946,OCc1ccc(-c2cc3c(NCc4ccccc4)ncnc3s2)cc1,7.32,IC50
CHEMBL3759257,OCc1ccc(-c2cc3c(Nc4ccccc4)ncnc3s2)cc1,7.68,IC50
CHEMBL3759459,COC(=O)c1ccc(-c2cc3c(N[C@H](C)c4ccccc4)ncnc3s2)c(OC)c1,7.7,IC50
CHEMBL3758770,COc1cc(C(=O)NCCN(C)C)ccc1-c1cc2c(N[C@H](C)c3ccccc3)ncnc2s1,9.3,IC50
CHEMBL3760082,COc1ccc(C=O)cc1-c1cc2c(N[C@H](C)c3ccccc3)ncnc2s1,8.52,IC50
CHEMBL3759929,COc1ccc(CO)cc1-c1cc2c(N[C@H](C)c3ccccc3)ncnc2s1,8.3,IC50
CHEMBL3758758,COC(=O)c1ccc(OC)c(-c2cc3c(N[C@H](C)c4ccccc4)ncnc3s2)c1,8.15,IC50
CHEMBL3758582,COc1ccc(C(=O)NCCN(C)C)cc1-c1cc2c(N[C@H](C)c3ccccc3)ncnc2s1,9.3,IC50
CHEMBL3760071,COC(=O)c1cc(OC)c(-c2cc3c(N[C@H](C)c4ccccc4)ncnc3s2)c(OC)c1,8.4,IC50
CHEMBL3759317,COc1cc(C(=O)NCCN(C)C)cc(OC)c1-c1cc2c(N[C@H](C)c3ccccc3)ncnc2s1,9.4,IC50
CHEMBL3759022,COc1cc(CO)ccc1-c1cc2c(NCc3ccccc3)ncnc2s1,8.3,IC50
CHEMBL3758768,COc1cc(CO)ccc1-c1cc2c(Nc3ccccc3)ncnc2s1,7.85,IC50
CHEMBL3758802,C#Cc1cccc(Nc2ncnc3sc(-c4ccc(CO)cc4OC)cc23)c1,8.3,IC50
CHEMBL3758351,COc1cc(CO)ccc1-c1cc2c(Nc3ccc(F)c(Cl)c3)ncnc2s1,8.7,IC50
CHEMBL3759900,COc1cc(C=O)ccc1-c1cc2c(NCc3ccccc3)ncnc2s1,8.22,IC50
CHEMBL3759733,COc1cc(C=O)ccc1-c1cc2c(Nc3ccccc3)ncnc2s1,7.7,IC50
CHEMBL3759280,COc1cc(C=O)ccc1-c1cc2c(Nc3ccc(F)c(Cl)c3)ncnc2s1,8.3,IC50
CHEMBL3759986,OCc1cccc(-c2cc3c(N[C@H](CO)c4ccccc4)ncnc3s2)c1,8.52,IC50
CHEMBL3759980,C[C@@H](Nc1ncnc2sc(-c3ccc(C(=O)O)cc3)cc12)c1ccccc1,7.72,IC50
CHEMBL3758762,C[C@@H](Nc1ncnc2sc(-c3ccc(C(N)=O)cc3)cc12)c1ccccc1,8.15,IC50
CHEMBL3758889,C[C@@H](Nc1ncnc2sc(-c3ccc(S(C)(=O)=O)cc3)cc12)c1ccccc1,7.39,IC50
CHEMBL3759190,COc1cc2c(Nc3ccc(NC(=O)c4ccccc4Cl)cc3)ncnc2cc1OCCCN1CCN(C)CC1,7.7,IC50
CHEMBL3763796,COCCOc1cc2ncnc(Nc3ccc(NC(=O)C45CC6CC(CC(C6)C4)C5)c(C#N)c3)c2cc1OCCOC,8.3,IC50
CHEMBL3763757,COCCOc1cc2ncnc(Nc3ccc(NC(=O)C45CC6CC(CC(C6)C4)C5)c(OC)c3)c2cc1OCCOC,8.23,IC50
CHEMBL3764589,COCCOc1cc2ncnc(Nc3ccc(NC(=O)C45CC6CC(CC(C6)C4)C5)c(C)c3)c2cc1OCCOC,8.54,IC50
CHEMBL3764312,COCCOc1cc2ncnc(Nc3ccc(NC(=O)C45CC6CC(CC(C6)C4)C5)cc3C)c2cc1OCCOC,8.35,IC50
CHEMBL3764603,COCCOc1cc2ncnc(Nc3cccc(NC(=O)C45CC6CC(CC(C6)C4)C5)c3)c2cc1OCCOC,8.79,IC50
CHEMBL3765815,COCCOc1cc2ncnc(Nc3ccc(C(=O)NC45CC6CC(CC(C6)C4)C5)cc3)c2cc1OCCOC,8.22,IC50
CHEMBL3765425,COc1cc2ncnc(Nc3ccc(C(=O)NC45CC6CC(CC(C6)C4)C5)c(C#N)c3)c2cc1OCCCN1CCOCC1,8.33,IC50
CHEMBL3763405,COc1cc2ncnc(Nc3ccc(C(=O)NC45CC6CC(CC(C6)C4)C5)c(Cl)c3)c2cc1OCCCN1CCOCC1,8.34,IC50
CHEMBL3763627,COc1cc2ncnc(Nc3ccc(C(=O)NC45CC6CC(CC(C6)C4)C5)cc3)c2cc1OCCCN1CCOCC1,8.7,IC50
CHEMBL3763701,COc1cc2ncnc(Nc3cc(C(=O)NC45CC6CC(CC(C6)C4)C5)ccc3C)c2cc1OCCCN1CCOCC1,7.81,IC50
CHEMBL3765263,COc1cc2ncnc(Nc3cccc(C(=O)NC45CC6CC(CC(C6)C4)C5)c3)c2cc1OCCCN1CCOCC1,8.95,IC50
CHEMBL3765789,COc1cc2ncnc(Nc3cccc(NC(=O)C45CC6CC(CC(C6)C4)C5)c3)c2cc1OCCCN1CCOCC1,8.51,IC50
CHEMBL3763360,COc1ccc(/C=C/C(=O)Nc2cc3c(Nc4ccc(F)c(Cl)c4)ncnc3cc2O[C@H]2CCOC2)cc1,8.04,IC50
CHEMBL3763790,COc1ccc(/C=C/C(=O)Nc2cc3c(Nc4ccc(F)c(Cl)c4)ncnc3cc2O[C@H]2CCOC2)c(OC)c1OC,8.44,IC50
CHEMBL3775112,O=C1COc2cc3ncnc(Nc4cccc(Br)c4)c3cc2N1CCCN1CCCCC1,7.0,IC50
CHEMBL3775664,O=C1COc2cc3ncnc(Nc4ccc(F)c(Cl)c4)c3cc2N1CCCN1CCOCC1,7.28,IC50
CHEMBL3774906,O=C1COc2cc3ncnc(Nc4cccc(Br)c4)c3cc2N1CCCN1CCOCC1,7.05,IC50
CHEMBL3774947,O=C1COc2cc3ncnc(Nc4cccc(Cl)c4)c3cc2N1CCCN1CCOCC1,7.2,IC50
CHEMBL3780175,COc1ccccc1Nc1cc[nH]c(=O)c1C(=O)Nc1ccc(N2CCS(=O)(=O)CC2)cc1,7.43,KI
CHEMBL3779957,COc1ccccc1Nc1cc[nH]c(=O)c1C(=O)Nc1ccc(N2CCCN(C)CC2)cc1,7.92,KI
CHEMBL3781897,COc1ccccc1Nc1cc[nH]c(=O)c1C(=O)Nc1ccc(C2CCN(C)CC2)cc1,7.82,KI
CHEMBL3780563,COc1ccccc1Nc1cc[nH]c(=O)c1C(=O)Nc1ccc(CN2CCN(C)CC2)cc1,7.29,KI
CHEMBL3780841,COc1ccccc1Nc1cc[nH]c(=O)c1-c1nc2c(C(C)C)cccc2[nH]1,7.24,KI
CHEMBL3780037,CN1CCN(c2ccc(NC(=O)c3c(NCCc4cccc(Cl)c4)cc[nH]c3=O)cc2)CC1,7.37,KI
CHEMBL3781993,CN1CCN(c2ccc(NC(=O)c3c(Nc4ccnc(N)n4)cc[nH]c3=O)cc2)CC1,8.4,KI
CHEMBL3781344,CN1CCN(c2ccc(NC(=O)c3c(Nc4ccncn4)cc[nH]c3=O)cc2)CC1,7.02,KI
CHEMBL3780404,COc1ccccc1Nc1cc[nH]c(=O)c1-c1nc2c(C(C)C)ccc(C)c2[nH]1,7.06,KI
CHEMBL3780509,CCc1cc(NC(=O)c2c(Nc3ccccc3OC)cc[nH]c2=O)ccc1N1CCN(C)CC1,7.51,KI
CHEMBL3780320,COc1ccccc1Nc1cc[nH]c(=O)c1C(=O)Nc1ccc(N2CCN(C)CC2)c(C)c1,7.58,KI
CHEMBL3781462,COc1ccccc1Nc1cc[nH]c(=O)c1C(=O)Nc1ccc(N2CCN(C)CC2)nc1,7.11,KI
CHEMBL3781433,CN1CCN(c2ccc(NC(=O)c3c(NC[C@@H](O)c4cccc(Cl)c4)cc[nH]c3=O)cc2)CC1,7.75,KI
CHEMBL3780553,CN1CCN(c2ccc(NC(=O)c3c(NCCc4ccc(Cl)cc4)cc[nH]c3=O)cc2)CC1,7.43,KI
CHEMBL3780109,CN1CCN(c2ccc(NC(=O)c3c(NCCc4ccccc4)cc[nH]c3=O)cc2)CC1,7.31,KI
CHEMBL3780955,CN1CCN(c2ccc(NC(=O)c3c(Nc4ccccc4Cl)cc[nH]c3=O)cc2)CC1,7.09,KI
CHEMBL3780073,Cc1ccccc1Nc1cc[nH]c(=O)c1C(=O)Nc1ccc(N2CCN(C)CC2)cc1,7.21,KI
CHEMBL3780090,COc1ccccc1Nc1cc[nH]c(=O)c1C(=O)Nc1ccc(N2CCN(C)CC2)cc1,7.72,KI
CHEMBL3787344,Cc1cc(C(=O)Nc2nc3cccc(Cl)c3n2[C@@H]2CCCCN(C(=O)/C=C/CN(C)C)C2)ccn1,8.38,IC50
CHEMBL3663929,C=CC(=O)N1CC[C@@H](Oc2nc(Nc3ccc(N4CCC(N5CCN(C)CC5)CC4)cc3)c(C(N)=O)nc2CC)C1,8.77,IC50
CHEMBL3786343,C=CC(=O)Nc1cccc(Oc2nc(Nc3ccc(N4CCN(C)CC4)cc3)nc3ccsc23)c1,9.05,IC50
CHEMBL3353411,C=CC(=O)Nc1cc(Nc2nccc(-c3c[nH]c4ccccc34)n2)c(OC)cc1N(C)CCN(C)C,7.48,IC50
CHEMBL3787662,C=CC(=O)Nc1cccc(Oc2nc(Nc3ccc(N4CCN(C)CC4)cc3)nc3[nH]ccc23)c1,8.7,KI
CHEMBL3786453,C=CC(=O)Nc1cccc(Oc2nc(Nc3ccn(C)n3)nc3[nH]ccc23)c1,7.85,KI
CHEMBL3786962,C=CC(=O)Nc1cccc(Oc2nc(Nc3cnn(C)c3)nc3[nH]ccc23)c1,8.52,KI
CHEMBL3785393,C=CC(=O)N1C[C@H](COc2nc(Nc3cnn(C)c3)nc3[nH]ccc23)[C@@H](C(F)(F)F)C1,7.46,KI
CHEMBL3786858,C=CC(=O)N1CC[C@@H](COc2nc(Nc3cnn(C)c3)nc3[nH]cc(Cl)c23)C1,8.1,KI
CHEMBL3786802,C=CC(=O)N1C[C@H](COc2nc(Nc3cnn(C)c3)nc3[nH]cc(Cl)c23)[C@@H](C(F)(F)F)C1,8.52,KI
CHEMBL3787220,C=CC(=O)N1C[C@H](COc2nc(Nc3cnn(C)c3)nc3[nH]cc(Cl)c23)[C@@H](F)C1,8.52,KI
CHEMBL3786220,C=CC(=O)N1C[C@H](COc2nc(Nc3cnn(C)c3)nc3[nH]cc(Cl)c23)[C@@H](O)C1,8.1,KI
CHEMBL3786647,C=CC(=O)N1C[C@H](CO)[C@@H](COc2nc(Nc3cnn(C)c3)nc3[nH]cc(Cl)c23)C1,7.82,KI
CHEMBL3786523,C=CC(=O)N1C[C@H](COC)[C@@H](COc2nc(Nc3cnn(C)c3)nc3[nH]cc(Cl)c23)C1,8.4,KI
CHEMBL3787132,C=CC(=O)N1C[C@@H](COc2nc(Nc3cnn(C)c3)nc3[nH]cc(Cl)c23)[C@H](OC)C1,7.5,KI
CHEMBL3787386,C#CCOc1cc2ncnc(Nc3ccc(F)c(Cl)c3)c2cc1NC(=O)C=C,8.7,KI
CHEMBL3786812,C#CCCn1cc(Nc2nc(OC[C@H]3CN(C(=O)C=C)C[C@@H]3OC)c3c(Cl)c[nH]c3n2)cn1,8.0,KI
CHEMBL3786098,C=CC(=O)N1C[C@H](COc2nc(Nc3cnn(C)c3)nc3[nH]cc(Cl)c23)[C@@H](OC)C1,8.4,KI
CHEMBL3798501,C=CC(=O)Nc1cccc(Oc2nc(Nc3ccc(N4CCN(C(C)=O)CC4)cc3OC)ncc2SC)c1,9.15,IC50
CHEMBL3798128,C=CC(=O)Nc1cccc(Oc2nc(Nc3ccc(N4CCN(C(C)=O)CC4)cc3OC(F)F)ncc2SC)c1,8.55,IC50
CHEMBL3799428,C=CC(=O)Nc1cccc(Oc2nc(Nc3ccc(N4CCN(C(=O)CC)CC4)cc3OC(F)F)ncc2SC)c1,8.43,IC50
CHEMBL3797606,C=CC(=O)Nc1cccc(Oc2nc(Nc3ccc(N4CCN(C)CC4)cc3OC)ncc2SC)c1,9.4,IC50
CHEMBL3797963,C=CC(=O)Nc1cccc(Oc2nc(Nc3ccc(N4CCN(S(C)(=O)=O)CC4)cc3OC)ncc2SC)c1,8.14,IC50
CHEMBL3799864,C=CC(=O)Nc1cccc(Oc2nc(Nc3ccc(N4CCCN(C(C)=O)CC4)cc3OC)ncc2SC)c1,8.74,IC50
CHEMBL3798887,C=CC(=O)Nc1cccc(Oc2nc(Nc3ccc(N4CCN(C(=O)C(C)C)CC4)cc3OC)ncc2SC)c1,8.44,IC50
CHEMBL3800597,C=CC(=O)Nc1cccc(Oc2nc(Nc3ccc(N4CCN(C(=O)CC)CC4)cc3OC)ncc2SC)c1,8.24,IC50
CHEMBL3799138,C=CC(=O)Nc1cccc(Oc2nc(Nc3ccc(N4CCN(C(=O)C(C)(C)C)CC4)cc3OC)ncc2SC)c1,8.02,IC50
CHEMBL3799255,C=CC(=O)Nc1cccc(Oc2nc(Nc3ccc(N4CCN(C(=O)C(F)(F)F)CC4)cc3OC)ncc2SC)c1,8.36,IC50
CHEMBL3805218,Fc1ccc(Nc2ncnc3cc(OCCCN4CCOCC4)c4c(c23)OCCO4)cc1Cl,7.59,IC50
CHEMBL3806145,C#Cc1cccc(Nc2ncnc3cc(OC4CCOCC4)c4c(c23)OCCO4)c1,7.24,IC50
CHEMBL3806222,Fc1ccc(Nc2ncnc3cc(OC4CCOCC4)c4c(c23)OCCO4)cc1Cl,7.23,IC50
CHEMBL3806170,C#Cc1cccc(Nc2ncnc3cc(OC4CCOC4)c4c(c23)OCCO4)c1,7.78,IC50
CHEMBL3805782,Fc1ccc(Nc2ncnc3cc(OC4CCOC4)c4c(c23)OCCO4)cc1Cl,7.69,IC50
CHEMBL3805509,C#Cc1cccc(Nc2ncnc3cc(OC(C)C)c4c(c23)OCCO4)c1,7.62,IC50
CHEMBL3805283,CC(C)Oc1cc2ncnc(Nc3ccc(F)c(Cl)c3)c2c2c1OCCO2,7.54,IC50
CHEMBL3805383,CC(C)Oc1cc2ncnc(Nc3ccc(F)c([N+](=O)[O-])c3)c2c2c1OCCO2,7.08,IC50
CHEMBL3805325,C#Cc1cccc(Nc2ncnc3cc(OCC4CCCO4)c4c(c23)OCCO4)c1,7.56,IC50
CHEMBL3806213,Fc1ccc(Nc2ncnc3cc(OCC4CCCO4)c4c(c23)OCCO4)cc1Cl,7.62,IC50
CHEMBL3806200,COCCOc1cc2ncnc(Nc3ccc(Cl)c([N+](=O)[O-])c3)c2c2c1OCCO2,7.44,IC50
CHEMBL3805299,COCCOc1cc2ncnc(Nc3ccc(C)c([N+](=O)[O-])c3)c2c2c1OCCO2,7.13,IC50
CHEMBL3805333,COCCOc1cc2ncnc(Nc3ccc(F)c([N+](=O)[O-])c3)c2c2c1OCCO2,7.36,IC50
CHEMBL3805461,C#Cc1cccc(Nc2ncnc3cc(OCCOC)c4c(c23)OCCO4)c1,8.09,IC50
CHEMBL3806110,COCCOc1cc2ncnc(Nc3ccc(F)c(Cl)c3)c2c2c1OCCO2,7.98,IC50
CHEMBL3805859,CCOc1cc2ncnc(Nc3ccc(C)cc3)c2c2c1OCCO2,8.44,IC50
CHEMBL3805238,CCOc1cc2ncnc(Nc3cccc([N+](=O)[O-])c3)c2c2c1OCCO2,8.01,IC50
CHEMBL3804868,CCOc1cc2ncnc(Nc3ccc(C)c(Cl)c3)c2c2c1OCCO2,8.17,IC50
CHEMBL3805774,CCOc1cc2ncnc(Nc3cccc(OC)c3)c2c2c1OCCO2,8.36,IC50
CHEMBL3805039,C#Cc1cccc(Nc2ncnc3cc(OCC)c4c(c23)OCCO4)c1,8.04,IC50
CHEMBL3806248,CCOc1cc2ncnc(Nc3ccc(F)c(Cl)c3)c2c2c1OCCO2,8.7,IC50
CHEMBL3805236,C#Cc1cccc(Nc2ncnc3cc(OC)c4c(c23)OCCO4)c1,7.96,IC50
CHEMBL3806292,COc1cc2ncnc(Nc3ccc(F)c(Cl)c3)c2c2c1OCCO2,7.65,IC50
CHEMBL3806143,Brc1cccc(Nc2ncnc3cc(OCCCN4CCOCC4)c4c(c23)OCCO4)c1,7.73,IC50
CHEMBL3805681,Clc1cccc(Nc2ncnc3cc(OCCCN4CCOCC4)c4c(c23)OCCO4)c1,7.66,IC50
CHEMBL3804886,Fc1cccc(Nc2ncnc3cc(OCCCN4CCOCC4)c4c(c23)OCCO4)c1,7.08,IC50
CHEMBL3805588,FC(F)(F)c1cccc(Nc2ncnc3cc(OCCCN4CCOCC4)c4c(c23)OCCO4)c1,7.01,IC50
CHEMBL3805775,COCC(C)Oc1cc2ncnc(Nc3ccc(F)c(Cl)c3)c2c2c1OCCO2,7.05,IC50
CHEMBL3805584,C#Cc1cccc(Nc2ncnc3cc(OC(C)COC)c4c(c23)OCCO4)c1,7.12,IC50
CHEMBL3808884,COC(=O)c1cc2cc(NCc3cc(NC(=O)c4cc(-n5cnc(C)c5)cc(C(F)(F)F)c4)ccc3C)cnc2[nH]1,7.82,IC50
CHEMBL3815045,CCn1c(-c2nc(-c3cnn(C4CCN(C)CC4)c3)cnc2N)nc2ccccc21,7.3,IC50
CHEMBL3814959,NC(=O)Nc1ccc2ncnc(Nc3ccc(Br)cc3)c2c1,9.1,IC50
CHEMBL2031296,CC(=O)Nc1ccc2ncnc(Nc3cccc(Br)c3)c2c1,9.0,IC50
CHEMBL3814447,C#Cc1cccc(Nc2ncnc3ccc(NC(N)=O)cc23)c1,8.65,IC50
CHEMBL3815074,C#Cc1cccc(Nc2ncnc3ccc(NC(C)=O)cc23)c1,8.69,IC50
CHEMBL3814211,NC(=O)Nc1ccc2ncnc(Nc3ccc(F)c(Cl)c3)c2c1,9.07,IC50
CHEMBL3814257,CC(=O)Nc1ccc2ncnc(Nc3ccc(F)c(Cl)c3)c2c1,9.18,IC50
CHEMBL3814846,CC(=O)Nc1ccc2ncnc(Nc3ccc(OCc4cccc(F)c4)c(Cl)c3)c2c1,8.4,IC50
CHEMBL3814320,O=C(NCCN1CCOCC1)Nc1ccc2ncnc(Nc3cccc(Br)c3)c2c1,8.85,IC50
CHEMBL3814882,O=C(NCCN1CCCCC1)Nc1ccc2ncnc(Nc3cccc(Br)c3)c2c1,9.11,IC50
CHEMBL3815161,O=C(NCCN1CCOCC1)Nc1ccc2ncnc(Nc3ccc(F)c(Cl)c3)c2c1,8.54,IC50
CHEMBL3814956,O=C(NCCN1CCCCC1)Nc1ccc2ncnc(Nc3ccc(F)c(Cl)c3)c2c1,8.97,IC50
CHEMBL3814445,Fc1ccc(Nc2ncnc3ccc(NC(=S)NCCN4CCOCC4)cc23)cc1Cl,8.65,IC50
CHEMBL3814694,Fc1ccc(Nc2ncnc3ccc(NC(=S)NCCN4CCCCC4)cc23)cc1Cl,8.43,IC50
CHEMBL3815163,S=C(NCCN1CCOCC1)Nc1ccc2ncnc(Nc3cccc(Br)c3)c2c1,8.74,IC50
CHEMBL3813728,Fc1cccc(COc2ccc(Nc3ncnc4ccc(NC(=S)NCCN5CCOCC5)cc34)cc2Cl)c1,8.65,IC50
CHEMBL3814182,S=C(NCCN1CCOCC1)Nc1ccc2ncnc(Nc3ccc(Cl)c(Cl)c3)c2c1,8.04,IC50
CHEMBL3814816,S=C(NCCN1CCOCC1)Nc1ccc2ncnc(Nc3ccc(Cl)cc3)c2c1,8.3,IC50
CHEMBL3814812,Fc1cccc(COc2ccc(Nc3ncnc4ccc(NC(=S)NCCCN5CCOCC5)cc34)cc2Cl)c1,8.82,IC50
CHEMBL3818062,COc1cc2ncnc(Nc3ccc(F)c(Cl)c3)c2cc1NC(=O)[C@H]1NC(=O)O[C@@H]1C,9.46,IC50
CHEMBL3818547,COc1cc2ncnc(Nc3ccc(F)c(Cl)c3)c2cc1NC(=O)[C@@H]1COC(=O)N1,9.51,IC50
CHEMBL3818115,CCOc1cc2ncnc(Nc3ccc(OCc4cccc(F)c4)c(Cl)c3)c2cc1NC(=O)[C@@H]1COC(=O)N1,8.87,IC50
CHEMBL3818015,COc1cc2ncnc(Nc3cccc(Br)c3)c2cc1NC(=O)[C@@H]1COC(=O)N1,9.42,IC50
CHEMBL3818563,CCOc1cc2ncnc(N[C@@H](C)c3ccccc3)c2cc1NC(=O)[C@@H]1COC(=O)N1,9.15,IC50
CHEMBL3818970,CCOc1cc2ncnc(Nc3ccc(OCC4CC4)c(Cl)c3)c2cc1NC(=O)[C@@H]1COC(=O)N1,7.42,IC50
CHEMBL3819120,O=C1N[C@H](C(=O)Nc2cc3c(Nc4ccc(F)c(Cl)c4)ncnc3cc2OCCN2CCCCC2)CO1,8.11,IC50
CHEMBL3818289,O=C1N[C@H](C(=O)Nc2cc3c(Nc4ccc(F)c(Cl)c4)ncnc3cc2OCCCN2CCOCC2)CO1,9.08,IC50
CHEMBL3818364,CCOc1cc2ncnc(Nc3ccc(OCc4cccc(F)c4)c(Cl)c3)c2cc1NC(=O)[C@H]1COC(=O)N1,8.92,IC50
CHEMBL3819553,CCOc1cc2ncnc(Nc3ccc(OCc4cccc(F)c4)c(Cl)c3)c2cc1NC(=O)[C@H]1NC(=O)O[C@@H]1C,8.59,IC50
CHEMBL3828269,Cn1cc(-c2ccc3ncnc(Nc4ccc(F)c(Cl)c4)c3c2)cn1,8.53,IC50
CHEMBL3828079,Cn1cc(-c2ccc3ncnc(Nc4ccc5ncccc5c4)c3c2)cn1,7.36,IC50
CHEMBL3828021,C#Cc1cccc(Nc2ncnc3ccc(-c4cnn(C)c4)cc23)c1,8.45,IC50
CHEMBL3828092,Fc1ccc(Nc2ncnc3ccc(-c4cnn(C5CCNCC5)c4)cc23)cc1Cl,7.5,IC50
CHEMBL3827349,c1cnc2ccc(Nc3ncnc4ccc(-c5cnn(C6CCNCC6)c5)cc34)cc2c1,7.55,IC50
CHEMBL3982289,O=C(CCl)OCCn1c(=O)oc2cc3ncnc(Nc4ccc(N5CCOCC5)c(Cl)c4)c3cc21,7.72,IC50
CHEMBL3921302,CN1CCN(c2ccc(Nc3ncnc4cc5oc(=O)n(CCOC(=O)CCl)c5cc34)cc2Cl)CC1,7.7,IC50
CHEMBL3936642,O=C(CBr)OCCn1c(=O)oc2cc3ncnc(Nc4ccc(OCc5cccc(F)c5)c(Cl)c4)c3cc21,7.11,IC50
CHEMBL3897363,CN1CCN(c2ccc(Nc3ncnc4cc5oc(=O)n(CCOC(=O)CBr)c5cc34)cc2Cl)CC1,8.1,IC50
CHEMBL3965948,O=C(CBr)OCCn1c(=O)oc2cc3ncnc(Nc4ccc(N5CCOCC5)c(Cl)c4)c3cc21,8.0,IC50
CHEMBL3948084,CCC(=O)Nc1cc2c(Nc3ccc4c(cnn4Cc4ccccc4)c3)ncnc2cc1OC,7.77,IC50
CHEMBL3977326,CCC(=O)Nc1cc2c(Nc3ccc4c(ccn4Cc4ccccc4)c3)ncnc2cc1OC,7.68,IC50
CHEMBL3921347,CCC(=O)Nc1cc2c(Nc3ccc4[nH]ncc4c3)ncnc2cc1OC,7.1,IC50
CHEMBL3963723,CCC(=O)Nc1cc2c(Nc3ccc4[nH]ccc4c3)ncnc2cc1OC,8.22,IC50
CHEMBL3930316,CCC(=O)Nc1cc2c(Nc3ccc(F)c(Cl)c3)ncnc2cc1OC,8.7,IC50
CHEMBL3957801,CCC(=O)Nc1cc2c(Nc3ccc(F)c(Cl)c3)ncnc2cc1OCCCN1CCOCC1,8.05,IC50
CHEMBL3946232,O=C(Nc1cc2c(Nc3ccc(F)c(Cl)c3)ncnc2cc1OCCCN1CCOCC1)C1=CCCC1,8.15,IC50
CHEMBL3918330,C/C=C/C(=O)Nc1cc2c(Nc3ccc(F)c(Cl)c3)ncnc2cc1OCCCN1CCOCC1,7.66,IC50
CHEMBL3974571,C=C(C)C(=O)Nc1cc2c(Nc3ccc(F)c(Cl)c3)ncnc2cc1OCCCN1CCOCC1,7.68,IC50
CHEMBL3968839,CCC(=O)Nc1cc2c(Nc3ccc4c(ccn4Cc4ccccn4)c3)ncnc2cc1OC,7.21,IC50
CHEMBL3919183,CCC(=O)Nc1cc2c(Nc3ccc4c(cnn4Cc4ccccn4)c3)ncnc2cc1OC,7.03,IC50
CHEMBL3964380,CCC(=O)Nc1cc2c(Nc3ccc4c(ccn4Cc4ccco4)c3)ncnc2cc1OC,7.07,IC50
CHEMBL3973028,CCC(=O)Nc1cc2c(N[C@H](C)c3ccccc3)ncnc2cc1OC,7.07,IC50
CHEMBL3943512,CCC(=O)Nc1cc2c(Nc3ccc(Oc4ccccc4)cc3)ncnc2cc1OC,7.19,IC50
CHEMBL3934034,CCC(=O)Nc1cc2c(Nc3ccc(OCc4ccccc4)cc3)ncnc2cc1OC,7.44,IC50
CHEMBL3961532,CCC(=O)Nc1cc2c(Nc3ccc(OCc4cccc(F)c4)c(Cl)c3)ncnc2cc1OC,7.17,IC50
CHEMBL3970738,CCC(=O)Nc1cc2c(Nc3ccc(NS(=O)(=O)c4ccccc4)cc3)ncnc2cc1OC,7.19,IC50
CHEMBL3932176,CCOc1cc2ncnc(Nc3ccc4c(cnn4Cc4ccccc4)c3)c2cc1NC(=O)/C=C/CN(C)C,8.7,IC50
CHEMBL3950966,CCOc1cc2ncnc(Nc3ccc4c(cnn4Cc4ccccc4)c3)c2cc1NC(=O)/C=C/CN(C(C)C)C(C)C,8.15,IC50
CHEMBL3923228,CCOc1cc2ncnc(Nc3ccc4c(cnn4Cc4ccccc4)c3)c2cc1NC(=O)/C=C/CN1CCCC1,8.52,IC50
CHEMBL3942228,CCOc1cc2ncnc(Nc3ccc4c(cnn4Cc4ccccc4)c3)c2cc1NC(=O)/C=C/CN1CCCCC1,8.7,IC50
CHEMBL3914227,CCOc1cc2ncnc(Nc3ccc4c(cnn4Cc4ccccc4)c3)c2cc1NC(=O)/C=C/CN1[C@H](C)CCC[C@@H]1C,7.58,IC50
CHEMBL3907533,CCOc1cc2ncnc(Nc3ccc4c(cnn4Cc4ccccc4)c3)c2cc1NC(=O)/C=C/CN1CCOCC1,8.4,IC50
CHEMBL3921129,CCOc1cc2ncnc(Nc3ccc4c(cnn4Cc4ccccc4)c3)c2cc1NC(=O)/C=C/CN1CCN(C)CC1,8.1,IC50
CHEMBL3941823,CCOc1cc2ncnc(Nc3ccc4c(cnn4Cc4ccccc4)c3)c2cc1NC(=O)/C=C/CN1C[C@@H](C)N[C@@H](C)C1,7.77,IC50
CHEMBL3971413,CCOc1cc2ncnc(Nc3ccc4c(cnn4Cc4ccccc4)c3)c2cc1NC(=O)/C=C/CN1[C@H](C)CNC[C@@H]1C,7.14,IC50
CHEMBL3950549,COc1cc2ncnc(Nc3ccc(F)c(Cl)c3)c2cc1NC(=O)/C=C/CN(C(C)C)C(C)C,8.7,IC50
CHEMBL3959248,COCCOc1cc2ncnc(Nc3ccc4c(cnn4Cc4ccccc4)c3)c2cc1NC(=O)/C=C/CN(C)C,8.3,IC50
CHEMBL3890186,COCCOc1cc2ncnc(Nc3ccc4c(cnn4Cc4ccccc4)c3)c2cc1NC(=O)/C=C/CN1CCCC1,8.1,IC50
CHEMBL3970330,COCCOc1cc2ncnc(Nc3ccc4c(cnn4Cc4ccccc4)c3)c2cc1NC(=O)/C=C/CN1CCN(C)CC1,7.8,IC50
CHEMBL3899132,CCOc1cc2ncnc(Nc3ccc4c(ccn4S(=O)(=O)c4ccccc4)c3)c2cc1NC(=O)/C=C/CN(C)C,7.8,IC50
CHEMBL3890751,CCOc1cc2ncnc(Nc3ccc4c(ccn4S(=O)(=O)c4ccccc4)c3)c2cc1NC(=O)/C=C/CN1CCCC1,7.44,IC50
CHEMBL3962365,CCOc1cc2ncnc(Nc3ccc(OCc4cccc(F)c4)c(Cl)c3)c2cc1NC(=O)/C=C/CN1CCCC1,7.64,IC50
CHEMBL3939985,CCOc1cc2ncnc(Nc3ccc(OCc4cccc(F)c4)c(Cl)c3)c2cc1NC(=O)/C=C/CN1CCN(C)CC1,8.0,IC50
CHEMBL3977926,CCOc1cc2ncnc(Nc3ccc(OCc4ccccn4)cc3)c2cc1NC(=O)/C=C/CN1CCCC1,7.92,IC50
CHEMBL3986103,CCOc1cc2ncnc(Nc3ccc(NS(=O)(=O)c4ccccc4)cc3)c2cc1NC(=O)/C=C/CN1CCCC1,7.68,IC50
CHEMBL3957416,CCOc1cc2ncnc(Nc3ccc(NS(=O)(=O)c4ccccc4)cc3)c2cc1NC(=O)/C=C/CN1CCOCC1,7.85,IC50
CHEMBL3936505,CCOc1cc2ncnc(Nc3ccc(NS(=O)(=O)c4ccccc4)cc3)c2cc1NC(=O)/C=C/CN1CCN(C)CC1,7.09,IC50
CHEMBL3968417,CN(C)C/C=C/C(=O)Nc1cc2c(Nc3ccc(F)c(Cl)c3)ncnc2cn1,9.0,IC50
CHEMBL3930506,O=C(/C=C/CN1CCCCC1)Nc1cc2c(Nc3ccc(F)c(Cl)c3)ncnc2cn1,8.7,IC50
CHEMBL3958006,O=C(/C=C/CN1CCOCC1)Nc1cc2c(Nc3ccc(F)c(Cl)c3)ncnc2cn1,8.7,IC50
CHEMBL3921555,CN1CCN(C/C=C/C(=O)Nc2cc3c(Nc4ccc(F)c(Cl)c4)ncnc3cn2)CC1,8.05,IC50
CHEMBL3949347,CN(C)C/C=C/C(=O)Nc1cc2c(Nc3ccc4c(cnn4Cc4ccccc4)c3)ncnc2cn1,8.52,IC50
CHEMBL3948267,O=C(/C=C/CN1CCCC1)Nc1cc2c(Nc3ccc4c(cnn4Cc4ccccc4)c3)ncnc2cn1,8.52,IC50
CHEMBL3981551,CN(C)C/C=C/C(=O)Nc1cc2c(Nc3ccc(OCc4cccc(F)c4)c(Cl)c3)ncnc2cn1,7.96,IC50
CHEMBL3904257,O=C(/C=C/CN1CCCC1)Nc1cc2c(Nc3ccc(OCc4cccc(F)c4)c(Cl)c3)ncnc2cn1,7.8,IC50
CHEMBL3933895,CCOc1cc2ncnc(Nc3ccc4c(ccn4S(=O)(=O)c4ccccc4)c3)c2cc1NC(=O)/C=C/CN1CCOCC1,7.52,IC50
CHEMBL3958482,COc1cc2ncnc(Nc3ccc(Oc4ccccc4)cc3)c2cc1NC(=O)/C=C/CN1CCCCC1,7.8,IC50
CHEMBL3930965,COc1cc2ncnc(Nc3ccc(Cc4ccccn4)cc3)c2cc1NC(=O)/C=C/CN1CCCC1,7.54,IC50
CHEMBL3922922,CCOc1cc2ncnc(Nc3ccc(OCc4ccccn4)cc3)c2cc1NC(=O)/C=C/CN1CCN(C)CC1,7.21,IC50
CHEMBL3977504,CN(C)C/C=C/C(=O)Nc1cc2c(Nc3ccc(Oc4ccccc4)cc3)ncnc2cn1,7.85,IC50
CHEMBL3896779,O=C(/C=C/CN1CCCC1)Nc1cc2c(Nc3ccc(Oc4ccccc4)cc3)ncnc2cn1,8.1,IC50
CHEMBL3969056,CN(C)C/C=C/C(=O)Nc1cc2c(Nc3ccc(Cc4ccccn4)cc3)ncnc2cn1,8.0,IC50
CHEMBL3967962,O=C(/C=C/CN1CCCC1)Nc1cc2c(Nc3ccc(Cc4ccccn4)cc3)ncnc2cn1,8.0,IC50
CHEMBL3921446,CN1CCN(C/C=C/C(=O)Nc2cc3c(Nc4ccc(Cc5ccccn5)cc4)ncnc3cn2)CC1,7.0,IC50
CHEMBL3952877,COC[C@@H](Nc1ncnc2oc(-c3ccccc3)cc12)c1ccccc1,7.55,IC50
CHEMBL3981621,c1ccc(CNc2ncnc3oc(-c4ccccc4)cc23)cc1,7.03,IC50
CHEMBL3961553,OC[C@@H](Nc1ncnc2oc(-c3ccc(O)cc3)cc12)c1ccccc1,8.7,IC50
CHEMBL3892567,OC[C@@H](Nc1ncnc2oc(-c3ccccc3)cc12)c1ccccc1,8.41,IC50
CHEMBL3973601,COc1ccc(-c2cc3c(N[C@H](C)c4ccc(F)cc4)ncnc3o2)cc1,7.57,IC50
CHEMBL3953210,COc1ccc(-c2cc3c(N[C@H](C)c4cccc(F)c4)ncnc3o2)cc1,7.62,IC50
CHEMBL3925584,COc1ccc(-c2cc3c(N[C@H](C)c4ccccc4F)ncnc3o2)cc1,7.62,IC50
CHEMBL3961961,COc1ccc(-c2cc3c(N[C@H](CCO)c4ccccc4)ncnc3o2)cc1,8.4,IC50
CHEMBL3934461,COc1ccc(-c2cc3c(NC(CC(N)=O)c4ccccc4)ncnc3o2)cc1,7.66,IC50
CHEMBL3972981,CC[C@@H](Nc1ncnc2oc(-c3ccc(OC)cc3)cc12)c1ccccc1,7.66,IC50
CHEMBL3943438,COC[C@@H](Nc1ncnc2oc(-c3ccc(OC)cc3)cc12)c1ccccc1,7.85,IC50
CHEMBL3939429,COc1ccc(-c2cc3c(NCc4ccccc4)ncnc3o2)cc1,7.13,IC50
CHEMBL3952157,COc1ccc(-c2cc3c(N[C@H](CO)c4ccccc4)ncnc3o2)cc1,8.57,IC50
CHEMBL3891846,C[C@@H](Nc1ncnc2oc(-c3ccc(NCCN4CCCCC4)cc3)cc12)c1ccccc1,9.22,IC50
CHEMBL3960853,C[C@@H](Nc1ncnc2oc(-c3ccc(NCCN4CCOCC4)cc3)cc12)c1ccccc1,8.96,IC50
CHEMBL3901622,C[C@@H](Nc1ncnc2oc(-c3ccc(NCCN(C)C)cc3)cc12)c1ccccc1,9.4,IC50
CHEMBL3929584,C=Cc1ccc(-c2cc3c(N[C@H](C)c4ccccc4)ncnc3o2)cc1,7.54,IC50
CHEMBL3928512,C[C@@H](Nc1ncnc2oc(-c3ccccc3O)cc12)c1ccccc1,8.7,IC50
CHEMBL3956112,C[C@@H](Nc1ncnc2oc(-c3cccc(O)c3)cc12)c1ccccc1,8.34,IC50
CHEMBL3919609,C[C@@H](Nc1ncnc2oc(-c3ccc(O)cc3)cc12)c1ccccc1,8.82,IC50
CHEMBL3947406,COc1ccccc1-c1cc2c(N[C@H](C)c3ccccc3)ncnc2o1,8.4,IC50
CHEMBL3946396,COc1cccc(-c2cc3c(N[C@H](C)c4ccccc4)ncnc3o2)c1,8.15,IC50
CHEMBL3975699,C[C@@H](Nc1ncnc2oc(-c3ccc(C#N)cc3)cc12)c1ccccc1,7.36,IC50
CHEMBL3937527,C[C@@H](Nc1ncnc2oc(-c3ccc(Br)cc3)cc12)c1ccccc1,7.25,IC50
CHEMBL3967219,C[C@@H](Nc1ncnc2oc(-c3ccc(F)cc3)cc12)c1ccccc1,7.89,IC50
CHEMBL3908303,C[C@@H](Nc1ncnc2oc(-c3ccccc3)cc12)c1ccccc1,7.96,IC50
CHEMBL3933539,COc1ccc(-c2cc3c(N[C@H](C)c4ccccc4)ncnc3o2)cc1,8.28,IC50
CHEMBL3937373,Cc1cccc2nc(NC(=O)c3cccc(C(F)(F)F)c3)n([C@H]3CC[C@H](O)CC3)c12,7.05,IC50
CHEMBL3972316,C=CC(=O)N1CCCC[C@@H](n2c(NC(=O)c3cccc(C(F)(F)F)c3)nc3cccc(C)c32)C1,8.86,IC50
CHEMBL3951434,Cc1cccc2nc(NC(=O)c3cccc(C(F)(F)F)c3)n([C@@H]3CCCCN(C(=O)/C=C/CN(C)C)C3)c12,8.66,IC50
CHEMBL3939913,Cc1cccc2nc(NC(=O)c3ccnc(C(F)(F)F)c3)n([C@@H]3CCCCN(C(=O)/C=C/CN(C)C)C3)c12,8.82,IC50
CHEMBL3960167,Cc1cc(C(=O)Nc2nc3cccc(C)c3n2[C@@H]2CCCCN(C(=O)/C=C/CN(C)C)C2)ccn1,8.68,IC50
CHEMBL3966111,C=CC(=O)NCCCn1c(NC(=O)c2cccc(C(F)(F)F)c2)nc2cc(C)ccc21,7.3,IC50
CHEMBL3953921,C=CC(=O)N1CCCC(n2c(NC(=O)c3cccc(C(F)(F)F)c3)nc3cc(C)ccc32)C1,7.7,IC50
CHEMBL3901943,C=CC(=O)N1CCCCC(n2c(NC(=O)c3cccc(C(F)(F)F)c3)nc3cc(C)ccc32)C1,8.21,IC50
CHEMBL3953221,C=CC(=O)N[C@H]1CCC[C@@H](n2c(NC(=O)c3cccc(C(F)(F)F)c3)nc3cc(C)ccc32)C1,8.4,IC50
CHEMBL3973973,C=CC(=O)N[C@@H]1CCC[C@@H](n2c(NC(=O)c3cccc(C(F)(F)F)c3)nc3cc(C)ccc32)C1,7.22,IC50
CHEMBL3959632,C=CC(=O)Nc1cccc(-n2c(NC(=O)c3cccc(C(F)(F)F)c3)nc3cc(C)ccc32)c1,8.4,IC50
CHEMBL3961202,C=CC(=O)N(C)c1cccc(-n2c(NC(=O)c3cccc(C(F)(F)F)c3)nc3cc(C)ccc32)c1,8.0,IC50
CHEMBL3956430,C=CC(=O)Nc1cccc(Nc2nc(Nc3ccc(OCCn4ccnc4)cc3)ncc2F)c1,8.04,IC50
CHEMBL3967512,C=CC(=O)Nc1cccc(Nc2nc(Nc3ccc(Cn4ccnc4)cc3)ncc2Cl)c1,8.48,IC50
CHEMBL3930539,C=CC(=O)Nc1cccc(Nc2nc(Nc3ccc(Cn4ccnc4)cc3)ncc2F)c1,8.05,IC50
CHEMBL3931038,C=CC(=O)Nc1cccc(Nc2nc(Nc3ccc(-n4ccnc4)cc3)ncc2[N+](=O)[O-])c1,7.01,IC50
CHEMBL3953593,C=CC(=O)Nc1cccc(Nc2nc(Nc3ccc(OCCCn4ccnc4)cc3)ncc2[N+](=O)[O-])c1,7.39,IC50
CHEMBL3925959,C=CC(=O)Nc1cccc(Nc2nc(Nc3ccc(OCCCn4cnnn4)cc3)ncc2[N+](=O)[O-])c1,7.0,IC50
CHEMBL3924500,S=C(NNc1nncc2ccccc12)Nc1ccccc1,7.19,IC50
CHEMBL3905411,CCCCNC(=S)NNc1nncc2ccccc12,7.28,IC50
CHEMBL1380839,CCN=C(S)NNc1nncc2ccccc12,7.12,IC50
CHEMBL3977192,NC(=S)NNc1nncc2ccccc12,7.11,IC50
CHEMBL3906533,CCOC(=O)c1ccc(Nc2nncc3ccccc23)cc1,8.36,IC50
CHEMBL3937949,O=C(O)c1ccc(Nc2nncc3ccccc23)cc1,8.21,IC50
CHEMBL3915508,N#Cc1ccc(Nc2nncc3ccccc23)cc1,8.39,IC50
CHEMBL3979610,Fc1ccc(Nc2nncc3ccccc23)cc1,8.22,IC50
CHEMBL3950630,Cc1cc(C)nc(NS(=O)(=O)c2ccc(Nc3nncc4ccccc34)cc2)n1,8.17,IC50
CHEMBL3908272,O=S(=O)(Nc1ncccn1)c1ccc(Nc2nncc3ccccc23)cc1,7.07,IC50
CHEMBL3978686,O=S(=O)(Nc1ccccn1)c1ccc(Nc2nncc3ccccc23)cc1,7.08,IC50
CHEMBL3970399,O=S(=O)(Nc1nccs1)c1ccc(Nc2nncc3ccccc23)cc1,7.06,IC50
CHEMBL3896476,S=C(NNc1nncc2ccccc12)Nc1ccc(Cl)cc1,7.19,IC50
CHEMBL3927914,COc1ccc(NC(=S)NNc2nncc3ccccc23)cc1,7.28,IC50
CHEMBL3938794,O=C1CS/C(=N/Nc2nncc3ccccc23)N1,7.29,IC50
CHEMBL3893698,CCN1C(=O)CS/C1=N/Nc1nncc2ccccc12,7.33,IC50
CHEMBL3921710,CCCCN1C(=O)CS/C1=N/Nc1nncc2ccccc12,7.64,IC50
CHEMBL3982619,O=C1CS/C(=N/Nc2nncc3ccccc23)N1c1ccccc1,7.35,IC50
CHEMBL3912723,O=C1CS/C(=N/Nc2nncc3ccccc23)N1c1ccc(Cl)cc1,7.38,IC50
CHEMBL3974626,COc1ccc(N2C(=O)CS/C2=N/Nc2nncc3ccccc23)cc1,7.44,IC50
CHEMBL3903713,C(=C/c1ccccc1)\C(=N\Nc1nncc2ccccc12)c1ccccc1,8.25,IC50
CHEMBL3966129,Clc1ccc(C(/C=C/c2ccccc2)=N\Nc2nncc3ccccc23)cc1,8.2,IC50
CHEMBL3963403,Fc1ccc(/C=C/C(=N/Nc2nncc3ccccc23)c2ccccc2)cc1,8.16,IC50
CHEMBL3900264,Clc1ccc(/C=C/C(=N/Nc2nncc3ccccc23)c2ccccc2)cc1,8.34,IC50
CHEMBL3983586,Cc1ccc(C(/C=C/c2ccc(F)cc2)=N\Nc2nncc3ccccc23)cc1,8.19,IC50
CHEMBL3897723,COc1ccc(/C=C/C(=N/Nc2nncc3ccccc23)c2ccc(Cl)cc2)cc1,8.27,IC50
CHEMBL590878,Oc1cc(O)c2cc(O)c(-c3cc(O)c(O)c(O)c3)[o+]c2c1.[Cl-],8.2,IC50
CHEMBL2103842,C[C@@H]1COC(Nc2ccc3ncnc(Nc4ccc(OCc5nccs5)c(Cl)c4)c3c2)=N1,8.3,KD
CHEMBL3982710,COc1cc(Nc2ncnc3ccc(-c4cn(CCCCCCC(=O)NO)nn4)cc23)ccc1Oc1ccccc1,7.94,IC50
CHEMBL3921816,COc1cc(Nc2ncnc3ccc(-c4cn(CCCCCC(=O)NO)nn4)cc23)ccc1Oc1ccccc1,8.24,IC50
CHEMBL3893822,Cc1ccc(Oc2ccc(Nc3ncnc4ccc(-c5cn(CCCCCCC(=O)NO)nn5)cc34)cc2C)cn1,8.0,IC50
CHEMBL3930762,Cc1ccc(Oc2ccc(Nc3ncnc4ccc(-c5cn(CCCCCC(=O)NO)nn5)cc34)cc2C)cn1,8.19,IC50
CHEMBL3902778,O=C(CCCCCCn1cc(-c2ccc3ncnc(Nc4ccc(OCc5nccs5)c(Cl)c4)c3c2)nn1)NO,8.44,IC50
CHEMBL3939771,O=C(CCCCCn1cc(-c2ccc3ncnc(Nc4ccc(OCc5nccs5)c(Cl)c4)c3c2)nn1)NO,8.16,IC50
CHEMBL3911796,O=C(CCCCCCn1cc(-c2ccc3ncnc(Nc4ccc(OCc5cccc(F)c5)c(Cl)c4)c3c2)nn1)NO,8.38,IC50
CHEMBL3964033,O=C(CCCCCn1cc(-c2ccc3ncnc(Nc4ccc(OCc5cccc(F)c5)c(Cl)c4)c3c2)nn1)NO,8.72,IC50
CHEMBL3930620,O=C(CCCCCCn1cc(-c2ccc3ncnc(Nc4cccc(Cl)c4F)c3c2)nn1)NO,9.92,IC50
CHEMBL3929484,O=C(CCCCCn1cc(-c2ccc3ncnc(Nc4cccc(Cl)c4F)c3c2)nn1)NO,9.57,IC50
CHEMBL3957055,O=C(CCCCCCn1cc(-c2ccc3ncnc(Nc4ccc(F)c(Cl)c4)c3c2)nn1)NO,9.16,IC50
CHEMBL3920583,O=C(CCCCCn1cc(-c2ccc3ncnc(Nc4ccc(F)c(Cl)c4)c3c2)nn1)NO,9.19,IC50
CHEMBL3883534,C=CC(=O)Nc1cc2c(Nc3ccc(F)c(Cl)c3)ncnc2cc1OC,9.85,KI
CHEMBL3920551,COc1cc2c(Nc3ccc(NC(=O)Nc4ccc(C)c(C)c4)c(Cl)c3)ncnc2cc1OCCCN1CCOCC1,7.29,IC50
CHEMBL3957025,COc1cc2c(Nc3ccc(NC(=O)Nc4ccc(Cl)cc4)c(Cl)c3)ncnc2cc1OCCCN1CCOCC1,7.77,IC50
CHEMBL3929448,COc1cc2c(Nc3ccc(NC(=O)Nc4ccc(F)c(Cl)c4)c(Cl)c3)ncnc2cc1OCCCN1CCN(C)CC1,7.11,IC50
CHEMBL3968039,COc1cc2c(Nc3ccc(NC(=O)Nc4ccc(C)c(C)c4)c(Cl)c3)ncnc2cc1OCCCN1CCN(C)CC1,9.0,IC50
CHEMBL3938494,COc1cc2c(Nc3ccc(NC(=O)Nc4ccccc4C)c(Cl)c3)ncnc2cc1OCCCN1CCN(C)CC1,7.82,IC50
CHEMBL3962233,COc1cc2c(Nc3ccc(NC(=O)Nc4ccc(Cl)cc4)c(Cl)c3)ncnc2cc1OCCCN1CCN(C)CC1,9.0,IC50
CHEMBL3979264,COc1cc2c(Nc3ccc(NC(=O)Nc4ccccc4)c(Cl)c3)ncnc2cc1OCCCN1CCN(C)CC1,7.85,IC50
CHEMBL3909214,O=C(CCCOc1ccc2ncnc(Nc3ccc(F)c(Cl)c3)c2c1)NO,7.0,IC50
CHEMBL3979482,C#Cc1cccc(Nc2ncnc3ccc(OCCCC(=O)NO)cc23)c1,7.0,IC50
CHEMBL3912598,C#Cc1cccc(Nc2ncnc3ccc(OCCCCCC(=O)NO)cc23)c1,7.0,IC50
CHEMBL3975990,C#Cc1cccc(Nc2ncnc3ccc(OCCCCCCC(=O)NO)cc23)c1,7.0,IC50
CHEMBL3922068,Nc1cc(Br)ccc1NC(=O)COc1ccc2ncnc(Nc3ccc(F)c(Cl)c3)c2c1,7.0,IC50
CHEMBL3924787,C[C@@H](Nc1ncnc2ccc(OCCCCCC(=O)NO)cc12)c1ccccc1,7.0,IC50
CHEMBL3984008,C[C@@H](Nc1ncnc2ccc(OCCCCCCC(=O)NO)cc12)c1ccccc1,7.0,IC50
CHEMBL2309506,COc1cc2ncnc(N[C@H](C)c3ccc(F)cc3)c2cc1OCCCCCCC(=O)NO,7.0,IC50
CHEMBL2309507,COc1cc2ncnc(N[C@H](C)c3ccc(Cl)cc3)c2cc1OCCCCCCC(=O)NO,7.0,IC50
CHEMBL3917951,COc1cc2ncnc(NCCc3ccccc3)c2cc1OCCCCCCC(=O)NO,7.0,IC50
CHEMBL596964,COc1cc2ncnc(NCc3ccc(F)cc3)c2cc1OCCCCCCC(=O)NO,7.0,IC50
CHEMBL3914607,COc1cc2ncnc(NCc3ccc(F)c(F)c3)c2cc1OCCCCCCC(=O)NO,7.0,IC50
CHEMBL3906200,COc1cc2ncnc(NCc3cccc(Br)c3)c2cc1OCCCCCCC(=O)NO,7.0,IC50
CHEMBL3950023,C[C@@H](Nc1ncnc2[nH]c(-c3ccc(NC(=O)CCNCC(=O)NO)cc3)cc12)c1ccccc1,7.0,IC50
CHEMBL3898480,C[C@@H](Nc1ncnc2[nH]c(-c3ccc(CNCCCCCCCC(=O)NO)cc3)cc12)c1ccccc1,7.0,IC50
CHEMBL3917105,O=C(CCCCCN1CCN(Cc2ccc(-c3cc4c(NCc5ccccc5)ncnc4[nH]3)cc2)CC1)NO,7.0,IC50
CHEMBL3914322,C[C@@H](Nc1ncnc2[nH]c(-c3ccc(OCCCCCCC(=O)NO)cc3)cc12)c1ccc(F)cc1,7.0,IC50
CHEMBL3985004,O=C(CCCCCCOc1ccc(-c2cc3c(NCc4ccccc4)ncnc3[nH]2)cc1)NO,7.0,IC50
CHEMBL3965391,C=CC(=O)N1CC[C@H](Oc2cc3c(Nc4ccc(F)c(Cl)c4F)ncnc3cc2OC)C1,8.89,IC50
CHEMBL3904966,C=CC(=O)N1CC[C@H](Oc2cc3c(Nc4ccc(Br)c(Cl)c4F)ncnc3cc2OC)C1,8.1,IC50
CHEMBL3968784,C=CC(=O)N1CC[C@H](Oc2cc3c(Nc4ccc(Cl)c(Cl)c4F)ncnc3cc2OC)C1,8.89,IC50
CHEMBL3922182,C=CC(=O)N1CC[C@H](Oc2cc3c(Nc4ccc(OCc5ccccn5)c(Cl)c4)ncnc3cc2OC)C1,8.3,IC50
CHEMBL3919447,C=CC(=O)N1CC[C@H](Oc2cc3c(N[C@H](C)c4ccccc4)ncnc3cc2OC)C1,7.92,IC50
CHEMBL3940909,C=CC(=O)N1CC[C@H](Oc2ccc3ncnc(Nc4ccc(F)c(Cl)c4F)c3c2)C1,8.05,IC50
CHEMBL3965087,C=CC(=O)N1CC[C@H](Oc2ccc3ncnc(Nc4ccc(OCc5cccc(F)c5)c(Cl)c4)c3c2)C1,8.1,IC50
CHEMBL3909201,C=CC(=O)N1CC(Oc2cc3c(Nc4ccc(F)c(Cl)c4F)ncnc3cc2OC)C1,9.15,IC50
CHEMBL3970231,C=CC(=O)N1CCC(Oc2cc3c(Nc4ccc(F)c(Cl)c4F)ncnc3cc2OC)CC1,8.96,IC50
CHEMBL3926558,C=CC(=O)N1CC(Oc2cc3c(N[C@H](C)c4ccccc4)ncnc3cc2OC)C1,8.22,IC50
CHEMBL3954587,C=CC(=O)N1CC(Oc2cc3c(Nc4cccc(Cl)c4F)ncnc3cc2OC)C1,8.4,IC50
CHEMBL3914159,C=CC(=O)N1CC(Oc2cc3c(Nc4ccc(Cl)c(Cl)c4F)ncnc3cc2OC)C1,9.46,IC50
CHEMBL3898690,C=CC(=O)N1CC(Oc2cc3c(Nc4cccc(Cl)c4)ncnc3cc2OC)C1,8.8,IC50
CHEMBL3898447,C=CC(=O)N1CCC(Oc2cc3c(Nc4cccc(Cl)c4F)ncnc3cc2OC)CC1,8.3,IC50
CHEMBL3545154,C=CC(=O)N1CCC(Oc2cc3c(Nc4ccc(Cl)c(Cl)c4F)ncnc3cc2OC)CC1,10.21,IC50
CHEMBL3932286,C=CC(=O)N1CCC(Oc2cc3c(Nc4cccc(Cl)c4)ncnc3cc2OC)CC1,8.38,IC50
CHEMBL3940089,C=CC(=O)N1CCC(Oc2cc3c(Nc4ccc(F)c(Cl)c4F)ncnc3cc2OCCC)CC1,9.15,IC50
CHEMBL3929060,C=CC(=O)N1CC[C@H](Oc2cc3c(Nc4ccc(F)c(Cl)c4F)ncnc3cc2OC)C[C@H]1C(N)=O,9.15,IC50
CHEMBL3972168,C=CC(=O)N1CC[C@@H](Oc2cc3c(Nc4ccc(F)c(Cl)c4F)ncnc3cc2OC)C[C@@H]1C(=O)OC,8.77,IC50
CHEMBL3958624,C=CC(=O)N1CC[C@@H](Oc2cc3c(Nc4ccc(F)c(Cl)c4F)ncnc3cc2OC)C[C@@H]1C(N)=O,9.15,IC50
CHEMBL3916927,C=CC(=O)N1CC(Oc2cc3c(Nc4ccc(F)c(Cl)c4)ncnc3cc2OC)C1,8.89,IC50
CHEMBL3910915,C=CC(=O)N1CCC(Oc2cc3c(Nc4ccc(Br)c(C)c4)ncnc3cc2OC)CC1,8.12,IC50
CHEMBL3971939,C=CC(=O)N1CCC(Oc2cc3c(Nc4cccc(C)c4)ncnc3cc2OC)CC1,8.03,IC50
CHEMBL3935007,C=CC(=O)N1CCC(Oc2cc3c(Nc4cccc(Br)c4)ncnc3cc2OC)CC1,8.15,IC50
CHEMBL3978740,C=CC(=O)N1CCC(Oc2cc3c(Nc4cccc(C(F)(F)F)c4)ncnc3cc2OC)CC1,7.79,IC50
CHEMBL3961848,C=CC(=O)N1CCC(Oc2cc3c(Nc4cccc(C=C)c4)ncnc3cc2OC)CC1,8.52,IC50
CHEMBL3898077,C=C(CN(C)C)C(=O)N1CC(Oc2cc3c(Nc4ccc(F)c(Cl)c4F)ncnc3cc2OC)C1,8.7,IC50
CHEMBL3895411,C=C(CN1CCOCC1)C(=O)N1CC(Oc2cc3c(Nc4ccc(F)c(Cl)c4F)ncnc3cc2OC)C1,8.4,IC50
CHEMBL3985465,C=CC(=O)N1CC[C@H](Oc2cc3c(Nc4ccc(F)c(Cl)c4F)ncnc3cc2OC)C[C@H]1C(=O)NCCO,8.74,IC50
CHEMBL3980793,C=CC(=O)N1CC[C@H](Oc2cc3c(Nc4ccc(F)c(Cl)c4F)ncnc3cc2OC)C[C@H]1C(=O)NCCOC,8.42,IC50
CHEMBL3932784,C=CC(=O)N1CC[C@H](Oc2cc3c(Nc4ccc(F)c(Cl)c4F)ncnc3cc2OC)C[C@H]1C(=O)NCCSC,8.85,IC50
CHEMBL3935492,C=CC(=O)N1CC[C@H](Oc2cc3c(Nc4ccc(F)c(Cl)c4F)ncnc3cc2OC)C[C@H]1C(=O)NCCS(C)(=O)=O,8.52,IC50
CHEMBL3979366,C=CC(=O)N1CC[C@H](Oc2cc3c(Nc4ccc(F)c(Cl)c4F)ncnc3cc2OC)C[C@H]1C(=O)NCCN(C)C,8.18,IC50
CHEMBL3946096,C=CC(=O)N1CC[C@@H](Oc2cc3c(Nc4ccc(F)c(Cl)c4F)ncnc3cc2OC)C[C@@H]1C(=O)NC,9.05,IC50
CHEMBL3983201,COc1cc2c(Nc3ccc(Cl)c(Cl)c3)ncnc2cc1OCc1csc(-c2ccc(C(F)(F)F)cc2)n1,7.3,IC50
CHEMBL3963620,COc1cc2c(Nc3ccc(Cl)c(Cl)c3)ncnc2cc1OCc1csc(-c2ccc(Cl)cc2)n1,7.3,IC50
CHEMBL3929002,COc1cc2c(Nc3ccc(Cl)c(Cl)c3)ncnc2cc1OCc1csc2ccc(Cl)cc12,7.3,IC50
CHEMBL3951099,COc1cc2c(Nc3ccc(Cl)c(Cl)c3)ncnc2cc1OCc1nc(-c2ccc(C(C)(C)C)cc2)no1,7.3,IC50
CHEMBL3893128,COc1cc2c(Nc3ccc(Cl)c(Cl)c3)ncnc2cc1OCc1c(-c2c(Cl)cccc2Cl)noc1C,7.3,IC50
CHEMBL3961982,COc1cc2c(Nc3ccc(Cl)c(Cl)c3)ncnc2cc1OCc1cc(Br)cc(Br)c1,7.3,IC50
CHEMBL3948661,COc1cc2c(Nc3ccc(Cl)c(Cl)c3)ncnc2cc1OCc1ccc2nc(C(F)(F)F)cc(Cl)c2c1,7.3,IC50
CHEMBL3914599,CCCN1CCCOC(COc2cc3ncnc(Nc4ccc(Cl)c(Cl)c4)c3cc2OC)C1,7.3,IC50
CHEMBL3944702,COc1cc(Nc2ncnc3cc(OCC4CN(C)CCO4)c(OC)cc23)c(OC)cc1Cl,7.3,IC50
CHEMBL3655336,O=C(/C=C/CN1CCCOCC1)N1CCc2c(sc3ncnc(Nc4ccc(F)c(Cl)c4)c23)C1,9.0,IC50
CHEMBL3655337,O=C(/C=C/CN1C2CCC1CC2)N1CCc2c(sc3ncnc(Nc4ccc(F)c(Cl)c4)c23)C1,8.96,IC50
CHEMBL3655338,CC(C)(CN1CCOCC1)NC/C=C/C(=O)N1CCc2c(sc3ncnc(Nc4ccc(F)c(Cl)c4)c23)C1,9.0,IC50
CHEMBL3655339,O=C(/C=C/[C@@H]1CCCN1)N1CCc2c(sc3ncnc(Nc4ccc(F)c(Cl)c4)c23)C1,8.7,IC50
CHEMBL3655340,CN1CCC[C@H]1/C=C/C(=O)N1CCc2c(sc3ncnc(Nc4ccc(F)c(Cl)c4)c23)C1,9.0,IC50
CHEMBL3655341,COCCN(C/C=C/C(=O)N1CCc2c(sc3ncnc(Nc4ccc(F)c(Cl)c4)c23)C1)CCOC,9.0,IC50
CHEMBL3655342,CN(C)C(=O)N1CCN(C/C=C/C(=O)N2CCc3c(sc4ncnc(Nc5ccc(F)c(Cl)c5)c34)C2)CC1,9.0,IC50
CHEMBL3655343,CN(C)C/C=C/C(=O)N1Cc2sc3ncnc(Nc4ccc(F)c(Cl)c4)c3c2C1,7.92,IC50
CHEMBL3655344,CC(C)N(C)C/C=C/C(=O)N1Cc2sc3ncnc(Nc4ccc(Cl)c(Cl)c4)c3c2C1,8.85,IC50
CHEMBL3655345,CN(C)C/C=C/C(=O)N1Cc2sc3ncnc(Nc4ccc(OCc5cccc(F)c5)c(Cl)c4)c3c2C1,8.3,IC50
CHEMBL3655346,CN(C)C/C=C/C(=O)N1Cc2sc3ncnc(Nc4ccc(OCc5ccccn5)c(Cl)c4)c3c2C1,7.72,IC50
CHEMBL3655347,CC(C)N(C)C/C=C/C(=O)N1CCc2c(oc3ncnc(Nc4ccc(F)c(Cl)c4)c23)C1,9.0,IC50
CHEMBL3655348,CN(C)C/C=C/C(=O)N1CCc2c(sc3ncc(C#N)c(Nc4ccc(F)c(Cl)c4)c23)C1,8.0,IC50
CHEMBL3655349,O=C(/C=C/CNC12CC3CC(CC(C3)C1)C2)N1CCc2c(sc3ncnc(Nc4ccc(Cl)c(Cl)c4)c23)C1,9.0,IC50
CHEMBL3655350,CC(C)C(C)C/C=C/C(=O)N1CCc2c(sc3ncnc(Nc4cc(O)cc(Cl)c4)c23)C1,9.0,IC50
CHEMBL3655351,CN(C/C=C/C(=O)N1CCc2c(sc3ncnc(Nc4cc(O)c(Cl)c(Cl)c4)c23)C1)C(C)(C)C,9.0,IC50
CHEMBL3639542,CC(C)N(C)C/C=C/C(=O)N1CCc2sc3ncnc(Nc4ccc(Cl)c(Cl)c4)c3c2C1,8.04,IC50
CHEMBL3655352,O=C(/C=C/CN1CCCOCC1)N1CCCc2c(sc3ncnc(Nc4ccc(Cl)c(Cl)c4)c23)C1,9.0,IC50
CHEMBL3655353,N#Cc1cnc2sc3c(c2c1Nc1ccc(Cl)c(Cl)c1)CCN(C(=O)/C=C/CN1CCCOCC1)C3,8.37,IC50
CHEMBL3655354,CC(C)N(C)C/C=C/C(=O)N1CCc2c(sc3ncc(C#N)c(Nc4ccc5c(cnn5Cc5cccc(F)c5)c4)c23)C1,8.19,IC50
CHEMBL3671475,C=CC(=O)Nc1cc2c(Nc3ccc(Br)cc3F)ncnc2cc1OCC1CCN(C(C)=O)CC1,8.52,IC50
CHEMBL3671476,C=CC(=O)Nc1cc2c(Nc3ccc(Br)cc3F)ncnc2cc1OCC1CCN(C(=O)C(F)(F)F)CC1,7.33,IC50
CHEMBL3671477,C=CC(=O)Nc1cc2c(Nc3ccc(Br)cc3F)ncnc2cc1OCC1CCN(C(=O)CS(C)(=O)=O)CC1,7.58,IC50
CHEMBL3671478,C=CC(=O)Nc1cc2c(Nc3ccc(Br)cc3F)ncnc2cc1OCC1CCN(C(N)=O)CC1,7.82,IC50
CHEMBL3671479,C=CC(=O)Nc1cc2c(Nc3ccc(Br)cc3F)ncnc2cc1OCC1CCN(C(=O)C=C)CC1,8.52,IC50
CHEMBL3671480,C=CC(=O)Nc1cc2c(Nc3ccc(Br)cc3F)ncnc2cc1OCc1ccncc1,7.25,IC50
CHEMBL3671481,C=CC(=O)Nc1cc2c(Nc3ccc(F)c(F)c3F)ncnc2cc1OCC1CCN(C(C)=O)CC1,7.58,IC50
CHEMBL3671482,C=CC(=O)Nc1cc2c(Nc3c(F)cc(Br)cc3F)ncnc2cc1OCC1CCN(C(C)=O)CC1,7.89,IC50
CHEMBL3671483,C=CC(=O)Nc1cc2c(Nc3ccc(Br)cc3F)ncnc2cc1OCC1CCN(C(=O)NCCC)CC1,7.44,IC50
CHEMBL3671484,C=CC(=O)Nc1cc2c(Nc3ccc(Br)cc3F)ncnc2cc1OCC1CCN(C(=O)CN(C)C)CC1,8.22,IC50
CHEMBL3671485,C=CC(=O)Nc1cc2c(Nc3ccc(Br)cc3F)ncnc2cc1OCC1CCN(C(=O)NC(C)(C)C)CC1,7.85,IC50
CHEMBL3671486,C=CC(=O)Nc1cc2c(Nc3ccc(Br)cc3F)ncnc2cc1OCCCNC(=O)CN(C)C,8.7,IC50
CHEMBL3671487,C=CC(=O)Nc1cc2c(Nc3ccc(Br)cc3F)ncnc2cc1OCCCNC(C)=O,8.4,IC50
CHEMBL3671488,C=CC(=O)Nc1cc2c(Nc3ccc(Br)cc3F)ncnc2cc1OCCCNC(=O)C(F)(F)F,7.23,IC50
CHEMBL3639703,C=CC(=O)Nc1cc2c(Nc3ccc(Br)cc3F)ncnc2cc1OCCCNC(=O)CS(C)(=O)=O,7.17,IC50
CHEMBL3671489,C=CC(=O)Nc1cc2c(Nc3ccc(Br)cc3F)ncnc2cc1OCCCNC(=O)NCC,7.96,IC50
CHEMBL3671490,C=CC(=O)Nc1cc2c(Nc3ccc(Br)cc3F)ncnc2cc1OCCCNC,8.52,IC50
CHEMBL3671491,C=CC(=O)Nc1cc2c(Nc3ccc(Br)cc3F)ncnc2cc1OCCNC(C)=O,8.7,IC50
CHEMBL3671492,C=CC(=O)Nc1cc2c(Nc3ccc(Br)cc3F)ncnc2cc1OCCN(C)C,8.05,IC50
CHEMBL3671493,C=CC(=O)Nc1cc2c(Nc3ccc(Br)cc3F)ncnc2cc1OCCCCNC(C)=O,8.0,IC50
CHEMBL3671494,C=CC(=O)Nc1cc2c(Nc3ccc(Br)cc3F)ncnc2cc1OCCNC(=O)C1CC1,8.1,IC50
CHEMBL3671495,C=CC(=O)Nc1cc2c(Nc3ccc(Br)cc3F)ncnc2cc1OCCNC(=O)C(F)F,8.3,IC50
CHEMBL3671496,C=CC(=O)Nc1cc2c(Nc3ccc(Br)cc3F)ncnc2cc1OCCNC(=O)NCC,8.7,IC50
CHEMBL3671497,C=CC(=O)Nc1cc2c(Nc3ccc(Br)cc3F)ncnc2cc1OCCNC(N)=O,8.4,IC50
CHEMBL3671498,C=CC(=O)Nc1cc2c(Nc3ccc(Br)cc3F)ncnc2cc1OCCNC(=O)CN(C)C,8.7,IC50
CHEMBL3671499,C=CC(=O)NCCOc1cc2ncnc(Nc3ccc(Br)cc3F)c2cc1NC(=O)C=C,8.3,IC50
CHEMBL3671500,C=CC(=O)Nc1cc2c(Nc3ccc(Br)cc3F)ncnc2cc1OCCNCC(C)=O,8.52,IC50
CHEMBL3671501,C=CC(=O)Nc1cc2c(Nc3ccc(Br)cc3F)ncnc2cc1OCCNC(=O)C(F)(F)F,7.64,IC50
CHEMBL3671502,C=CC(=O)Nc1cc2c(Nc3ccc(Br)cc3F)ncnc2cc1OCCN,8.4,IC50
CHEMBL3671503,C=CC(=O)Nc1cc2c(Nc3ccc(Br)cc3F)ncnc2cc1OCCNC,7.02,IC50
CHEMBL3671504,C=CCCOc1cc2ncnc(Nc3ccc(Br)cc3F)c2cc1NC(=O)C=C,7.05,IC50
CHEMBL3671505,C=CC(=O)Nc1cc2c(Nc3ccc(Br)cc3F)ncnc2cc1OCCOC,7.6,IC50
CHEMBL3671506,C=CC(=O)Nc1cc2c(Nc3ccc(Br)cc3F)ncnc2cc1OCCNS(C)(=O)=O,7.6,IC50
CHEMBL3671507,C=CC(=O)Nc1cc2c(Nc3ccc(Br)cc3F)ncnc2cc1OCCNC(=O)NCCC,7.58,IC50
CHEMBL3671508,C=CC(=O)Nc1cc2c(Nc3ccc(Br)cc3F)ncnc2cc1OCCNC(=S)NC,7.01,IC50
CHEMBL3671509,C=CC(=O)Nc1cc2c(Nc3ccc(Br)cc3F)ncnc2cc1OCCNC(=S)NCC,7.04,IC50
CHEMBL3671510,C=CC(=O)Nc1cc2c(Nc3ccc(Br)cc3F)ncnc2cc1OCCNC(=O)NC(C)C,7.44,IC50
CHEMBL3671511,C=CC(=O)Nc1cc2c(Nc3ccc(Br)cc3F)ncnc2cc1OCCNC(=O)NC(C)CC,7.7,IC50
CHEMBL3671512,C=CNC(=O)NCCOc1cc2ncnc(Nc3ccc(Br)cc3F)c2cc1NC(=O)C=C,7.54,IC50
CHEMBL3671513,C=CCNC(=O)NCCOc1cc2ncnc(Nc3ccc(Br)cc3F)c2cc1NC(=O)C=C,7.72,IC50
CHEMBL3671514,C=CC(=O)Nc1cc2c(Nc3ccc(Br)c(Cl)c3F)ncnc2cc1OCCNC(=O)N1CCOCC1,7.46,IC50
CHEMBL3671515,C=CC(=O)Nc1cc2c(Nc3ccc(Br)cc3F)ncnc2cc1OCCN(C)C(C)=O,7.23,IC50
CHEMBL3671517,C=CC(=O)Nc1cc2c(Nc3ccc(Br)cc3F)ncnc2cc1OCCNC(=O)COC,7.85,IC50
CHEMBL3671518,C=CC(=O)Nc1cc2c(Nc3ccc(Br)cc3F)ncnc2cc1OCCNC(=O)CO,7.5,IC50
CHEMBL3671519,C=CC(=O)Nc1cc2c(Nc3ccc(Br)cc3F)ncnc2cc1OCCNC(=O)CSC,7.41,IC50
CHEMBL3671520,C=CC(=O)Nc1cc2c(Nc3ccc(Br)cc3F)ncnc2cc1OCCNC(=O)CS(C)(=O)=O,7.62,IC50
CHEMBL3671522,C=CC(=O)Nc1cc2c(Nc3ccc(Br)cc3F)ncnc2cc1OCCNC(=O)C(=C)C,7.16,IC50
CHEMBL5753909,C=CC(=O)Nc1cc2c(Nc3ccc(Br)cc3F)ncnc2cc1OCCNC(=O)C=CC,7.72,IC50
CHEMBL3671524,C=CC(=O)Nc1cc2c(Nc3ccc(Br)cc3F)ncnc2cc1OCCNC(=O)CCC,7.5,IC50
CHEMBL5985870,C=CC(=O)Nc1cc2c(Nc3ccc(Br)cc3F)ncnc2cc1OCCNC(=O)C=CCC,7.44,IC50
CHEMBL6028594,C=CC(=O)Nc1cc2c(Nc3ccc(Br)cc3F)ncnc2cc1OCCNC(=O)C=CCN(C)C,7.8,IC50
CHEMBL3671527,C=CC(=O)Nc1cc2c(Nc3ccc(Br)c(Cl)c3F)ncnc2cc1OCCNC(=O)NC(C)(C)C,7.35,IC50
CHEMBL3671529,C=CC(=O)Nc1cc2c(Nc3ccc(Br)cc3F)ncnc2cc1OCCNC(=O)CN,7.05,IC50
CHEMBL3671531,C=CC(=O)Nc1cc2c(Nc3ccc(Br)cc3F)ncnc2cc1OCCNC(=O)CCN(CC)CC,7.36,IC50
CHEMBL3671533,C=CC(=O)Nc1cc2c(Nc3ccc(Br)cc3F)ncnc2cc1OCCNC(=O)CCN(C)C,8.05,IC50
CHEMBL3671536,C=CC(=O)Nc1cc2c(Nc3ccc(Br)cc3F)ncnc2cc1OCCNC(=O)CCOC,7.16,IC50
CHEMBL3671538,C=CC(=O)Nc1cc2c(Nc3ccc(Br)cc3F)ncnc2cc1OCCNC(=O)CCCN(C)C,7.68,IC50
CHEMBL3671539,C=CC(=O)Nc1cc2c(Nc3ccc(Br)cc3F)ncnc2cc1OCCNC(=O)CCO,7.05,IC50
CHEMBL3671541,C=CC(=O)Nc1cc2c(Nc3ccc(Br)cc3F)ncnc2cc1OCCNC(=O)C(=O)OCC,7.01,IC50
CHEMBL3671549,C=CC(=O)Nc1cc2c(Nc3ccc(Br)c(F)c3)ncnc2cc1OCCNC(=O)CN(C)C,7.11,IC50
CHEMBL3671550,C=CC(=O)Nc1cc2c(Nc3ccc(Br)cc3F)ncnc2cc1OC(C)CNC(C)=O,7.44,IC50
CHEMBL3671552,C=CC(=O)Nc1cc2c(Nc3ccc(Br)cc3F)ncnc2cc1OC[C@@H](C)NC(C)=O,7.54,IC50
CHEMBL3671553,C=CC(=O)Nc1cc2c(Nc3ccc(Br)cc3F)ncnc2cc1OC[C@H](C)NC(C)=O,7.01,IC50
CHEMBL3671554,C=CC(=O)Nc1cc2c(Nc3ccc(Br)cc3F)ncnc2cc1OCCCNCC(C)=O,7.58,IC50
CHEMBL3671555,C=CC(=O)Nc1cc2c(Nc3ccc(Br)cc3F)ncnc2cc1OCC(C)NC(=O)NCCC,7.54,IC50
CHEMBL3671556,C=CC(=O)Nc1cc2c(Nc3ccc(Br)cc3F)ncnc2cc1OCC(CC)NC(C)=O,7.16,IC50
CHEMBL3671557,C=CC(=O)Nc1cc2c(Nc3ccc(Br)cc3F)ncnc2cc1OCCCNCCC=O,7.4,IC50
CHEMBL3671558,C=CC(=O)Nc1cc2c(Nc3ccc(Br)cc3F)ncnc2cc1OC1CCN(C(C)=O)C1,7.03,IC50
CHEMBL3671561,C=CC(=O)Nc1cc2c(Nc3ccc(Br)cc3F)ncnc2cc1OCC1CNC(=O)O1,7.77,IC50
CHEMBL3671562,C=CC(=O)Nc1cc2c(Nc3ccc(Br)cc3F)ncnc2cc1OCCNC(=O)c1cccs1,7.33,IC50
CHEMBL3671563,C=CC(=O)Nc1cc2c(Nc3ccc(Br)cc3F)ncnc2cc1OCCNC(=O)N1CCOCC1,7.44,IC50
CHEMBL3671565,C=CC(=O)Nc1cc2c(Nc3ccc(Br)cc3F)ncnc2cc1OCCNC(=O)N1CCN(C(C)=O)CC1,7.12,IC50
CHEMBL3671566,C=CC(=O)Nc1cc2c(Nc3ccc(Br)cc3F)ncnc2cc1OCCNC(=O)N1CCN(C)CC1,7.89,IC50
CHEMBL3671568,C=CC(=O)Nc1cc2c(Nc3ccc(Br)cc3F)ncnc2cc1OCCNC(=O)C1CCCN1C,7.62,IC50
CHEMBL3671570,C=CC(=O)Nc1cc2c(Nc3ccc(Br)cc3F)ncnc2cc1OCCNC(=O)CN1CCCCC1,8.15,IC50
CHEMBL3671571,C=CC(=O)Nc1cc2c(Nc3ccc(Br)cc3F)ncnc2cc1OCCNC(=O)CN1CCN(C)CC1,7.92,IC50
CHEMBL3671572,C=CC(=O)Nc1cc2c(Nc3ccc(Br)cc3F)ncnc2cc1OCCNC(=O)CN1CCOCC1,7.5,IC50
CHEMBL3671573,C=CC(=O)Nc1cc2c(Nc3ccc(Br)cc3F)ncnc2cc1OCCNC(=O)CCN1CCCCC1,7.85,IC50
CHEMBL3671574,C=CC(=O)Nc1cc2c(Nc3ccc(Br)cc3F)ncnc2cc1OCCNC(=O)C1CCCN1C(C)=O,7.6,IC50
CHEMBL3671576,C=CC(=O)Nc1cc2c(Nc3ccc(Br)cc3F)ncnc2cc1OCCNC(=O)CN1CCCC1,7.35,IC50
CHEMBL3671577,C=CC(=O)Nc1cc2c(Nc3ccc(Br)cc3F)ncnc2cc1OCCNC(=O)CN1CC=CC1,7.5,IC50
CHEMBL3671580,C=CC(=O)Nc1cc2c(Nc3ccc(F)c(Cl)c3)ncnc2cc1OCCNC(C)=O,7.92,IC50
CHEMBL3671581,C=CC(=O)Nc1cc2c(Nc3ccc(Cl)cc3F)ncnc2cc1OCCNC(C)=O,7.75,IC50
CHEMBL3671582,C=CC(=O)Nc1cc2c(Nc3ccc(Cl)cc3Cl)ncnc2cc1OCCNC(C)=O,7.31,IC50
CHEMBL3671584,C=CC(=O)Nc1cc2c(Nc3ccc(Br)cc3Cl)ncnc2cc1OCCNC(C)=O,7.38,IC50
CHEMBL3676339,C=CC(=O)Nc1cc2c(Nc3ccc(F)c(F)c3F)ncnc2cc1OCCNC(C)=O,7.85,IC50
CHEMBL3639752,C=CC(=O)Nc1cc2c(Nc3cc(F)c(Br)cc3F)ncnc2cc1OCCNC(C)=O,7.92,IC50
CHEMBL3676340,C=CC(=O)Nc1cc2c(Nc3c(F)cc(Br)cc3F)ncnc2cc1OCCNC(C)=O,7.66,IC50
CHEMBL3676341,C=CC(=O)Nc1cc2c(Nc3cc(Cl)c(Cl)cc3F)ncnc2cc1OCCNC(C)=O,8.3,IC50
CHEMBL3676344,C=CC(=O)Nc1cc2c(Nc3ccc(Br)c(F)c3F)ncnc2cc1OCCNC(=O)CN(C)C,7.75,IC50
CHEMBL3676345,C=CC(=O)Nc1cc2c(Nc3ccc(Br)c(F)c3F)ncnc2cc1OCCNC(=O)CCN(CC)CC,7.72,IC50
CHEMBL3676348,C=CC(=O)Nc1cc2c(Nc3ccc(Cl)nc3)ncnc2cc1OCCNC(C)=O,7.19,IC50
CHEMBL3676349,C=CC(=O)Nc1cc2c(Nc3cc(OC)c(Cl)cc3F)ncnc2cc1OCCNC(C)=O,7.1,IC50
CHEMBL3676352,C=CC(=O)Nc1cc2c(Nc3cc(OC)c(Cl)cc3Cl)ncnc2cc1OCCNC(C)=O,7.38,IC50
CHEMBL3676353,C=CC(=O)Nc1cc2c(Nc3cc(Cl)c(Br)cc3F)ncnc2cc1OCCNC(C)=O,7.82,IC50
CHEMBL3676354,C=CC(=O)Nc1cc2c(Nc3cc(Cl)c(Br)cc3F)ncnc2cc1OCCNCC(C)=O,7.89,IC50
CHEMBL3676355,C=CC(=O)Nc1cc2c(Nc3cc(Cl)c(Br)cc3F)ncnc2cc1OCCNC(=O)CN(C)C,8.05,IC50
CHEMBL3676357,C=CC(=O)Nc1cc2c(Nc3cc(Cl)c(Cl)cc3F)ncnc2cc1OCCNCC(C)=O,8.4,IC50
CHEMBL3676358,C=CC(=O)Nc1cc2c(Nc3cc(Cl)c(Cl)cc3F)ncnc2cc1OCCNC(=O)COC,7.7,IC50
CHEMBL3676359,C=CC(=O)Nc1cc2c(Nc3cc(Cl)c(Cl)cc3F)ncnc2cc1OCCNC(=O)CS(C)(=O)=O,7.4,IC50
CHEMBL3676360,C=CC(=O)Nc1cc2c(Nc3cc(Cl)c(Cl)cc3F)ncnc2cc1OCCNC(=O)CN(C)C,8.05,IC50
CHEMBL3676361,C=CC(=O)Nc1cc2c(Nc3ccc(Br)c(Cl)c3F)ncnc2cc1OCCNC(C)=O,7.89,IC50
CHEMBL3676362,C=CC(=O)Nc1cc2c(Nc3ccc(Br)c(Cl)c3F)ncnc2cc1OCCNCC(C)=O,7.85,IC50
CHEMBL3676363,C=CC(=O)Nc1cc2c(Nc3ccc(Br)c(Cl)c3F)ncnc2cc1OCCNC(=O)CN(C)C,7.72,IC50
CHEMBL3676364,C=CC(=O)Nc1cc2c(Nc3ccc(Br)c(Cl)c3F)ncnc2cc1OCCNC(=O)CCN(CC)CC,8.15,IC50
CHEMBL3676365,C=CC(=O)Nc1cc2c(Nc3ccc(Br)c(Cl)c3F)ncnc2cc1OCCNC(=O)CCO,7.39,IC50
CHEMBL3676367,C=CC(=O)Nc1cc2c(Nc3ccc(Br)c(Cl)c3F)ncnc2cc1OCCNC(=O)CCN1CCCCC1,7.92,IC50
CHEMBL3676368,C=CC(=O)Nc1cc2c(Nc3ccc(Br)c(Cl)c3F)ncnc2cc1OCCNC(=O)CCCN(C)C,7.55,IC50
CHEMBL3676369,C=CC(=O)Nc1cc2c(Nc3ccc(Br)c(Cl)c3F)ncnc2cc1OCCNC(=O)CO,7.8,IC50
CHEMBL3676370,C=CC(=O)Nc1cc2c(Nc3ccc(Br)c(Cl)c3F)ncnc2cc1OCCNC(=O)CCOC,7.68,IC50
CHEMBL3676371,C=CC(=O)Nc1cc2c(Nc3ccc(Br)c(Cl)c3F)ncnc2cc1OCCNC(=O)CN(CC)CC,7.24,IC50
CHEMBL3676372,C=CC(=O)Nc1cc2c(Nc3ccc(Br)c(Cl)c3)ncnc2cc1OCCNC(=O)CN(C)C,7.12,IC50
CHEMBL3676374,C=CC(=O)Nc1cc2c(Nc3ccc(Br)cc3F)ncnc2cc1OCC(C)NC(=O)CCN(CC)CC,7.62,IC50
CHEMBL3676375,C=CC(=O)Nc1cc2c(Nc3ccc(Br)c(Cl)c3F)ncnc2cc1OCC(C)NC(=O)CN(C)C,7.06,IC50
CHEMBL3676376,C=CC(=O)Nc1cc2c(Nc3ccc(Br)c(Cl)c3F)ncnc2cc1OC[C@H](C)NC(=O)CN(C)C,7.92,IC50
CHEMBL3676378,C=CC(=O)Nc1cc2c(Nc3ccc(Br)cc3F)ncnc2cc1OCC(CC)NC(=O)CN(C)C,7.64,IC50
CHEMBL3676379,C=CC(=O)Nc1cc2c(Nc3ccc(Br)cc3F)ncnc2cc1OCCNC(=O)C(COC)N(C)C,7.24,IC50
CHEMBL3676377,C=CC(=O)Nc1cc2c(Nc3ccc(Br)c(Cl)c3F)ncnc2cc1OC[C@@H](C)NC(=O)CN(C)C,7.85,IC50
CHEMBL3676381,C=CC(=O)Nc1cc2c(Nc3ccc(Br)c(Cl)c3F)ncnc2cc1OCCNC(=O)OC,7.01,IC50
CHEMBL3676382,C=CC(=O)Nc1cc2c(Nc3cc(OC)c(Cl)cc3OC)ncnc2cc1OCCNC(=O)CN(C)C,7.85,IC50
CHEMBL3676383,C=CC(=O)Nc1cc2c(Nc3ccc(Br)cc3F)ncnc2cc1OCCNC(=O)CN(CC)CC,7.58,IC50
CHEMBL3676384,C=CC(=O)Nc1cc2c(Nc3ccc(Br)c(Cl)c3F)ncnc2cc1OCCNC(=O)NCC,8.1,IC50
CHEMBL3676385,C=CC(=O)Nc1cc2c(Nc3ccc(Br)c(Cl)c3F)ncnc2cc1OCCNC(=O)NCCC,7.58,IC50
CHEMBL3676386,C=CC(=O)Nc1cc2c(Nc3ccc(Br)c(Cl)c3F)ncnc2cc1OCCNC(=S)NCC,7.17,IC50
CHEMBL3676387,C=CC(=O)Nc1cc2c(Nc3ccc(Br)cc3F)ncnc2cc1OCC1CCN(C(=O)NCC)CC1,7.7,IC50
CHEMBL3676388,C=CC(=O)Nc1cc2c(Nc3cc(OC)c(Cl)cc3OC)ncnc2cc1OCCNC(C)=O,7.06,IC50
CHEMBL3676389,C=CC(=O)Nc1cc2c(Nc3ccc(Br)cc3F)ncnc2cc1OCCNC(=O)C(C)N,7.75,IC50
CHEMBL3647417,CCOc1cc2ncc(C#N)c(Nc3ccc(OCc4ccccn4)c(Cl)c3)c2cc1NC(=O)/C=C/[C@@H]1CCCN1C,7.66,IC50
CHEMBL3647418,CCOc1cc2ncc(C#N)c(Nc3ccc(OCc4ccccn4)c(Cl)c3)c2cc1NC(=O)/C=C/[C@@H]1CCCN1,8.52,IC50
CHEMBL3647419,CCOc1cc2ncc(C#N)c(Nc3ccc(OCc4ccccn4)c(Cl)c3)c2cc1NC(=O)/C=C/[C@@H]1C[C@@H](O)CN1C,7.44,IC50
CHEMBL3647420,CCOc1cc2ncc(C#N)c(Nc3ccc(OCc4ccccn4)c(Cl)c3)c2cc1NC(=O)/C=C/[C@H]1CCCN1C,9.32,IC50
CHEMBL3647421,CCOc1cc2ncnc(Nc3ccc(F)c(Cl)c3)c2cc1NC(=O)/C=C/[C@@H]1CCCN1C,8.4,IC50
CHEMBL3647422,COCCOc1cc2ncnc(Nc3ccc(F)c(Cl)c3)c2cc1NC(=O)/C=C/[C@H]1CCCN1C,8.7,IC50
CHEMBL3647423,CCOc1cc2ncnc(Nc3ccc(F)c(Cl)c3)c2cc1NC(=O)/C=C/[C@H]1CCCN1C,8.7,IC50
CHEMBL3040566,NS(=O)(=O)CCNCc1ccc(-c2ccc3ncnc(Nc4ccc(OCc5cccc(F)c5)c(Cl)c4)c3c2)o1,8.57,IC50
CHEMBL3040548,C[S+]([O-])CCNCc1ccc(-c2ccc3ncnc(Nc4ccc(OCc5cccc(F)c5)c(Cl)c4)c3c2)o1,7.28,IC50
CHEMBL3040455,CSCCNCc1ccc(-c2ccc3ncnc(Nc4ccc(OCc5cccc(F)c5)c(Cl)c4)c3c2)o1,7.25,IC50
CHEMBL3040597,CS(=O)(=O)NCCNCc1ccc(-c2ccc3ncnc(Nc4ccc(OCc5cccc(F)c5)c(Cl)c4)c3c2)o1,7.81,IC50
CHEMBL3040543,O=S(=O)(CCNCc1ccc(-c2ccc3ncnc(Nc4ccc(OCc5cccc(F)c5)c(Cl)c4)c3c2)o1)CC(F)(F)F,7.83,IC50
CHEMBL3666714,O=S(=O)(NCc1ccc(-c2ccc3ncnc(Nc4ccc(OCc5cccc(F)c5)c(Cl)c4)c3c2)o1)C(F)(F)F,7.49,IC50
CHEMBL3663921,C=CC(=O)Nc1cccc(Oc2nc(Nc3ccc(N4CCN(C)CC4)cc3)c(C(N)=O)nc2CC)c1,8.89,IC50
CHEMBL3663922,CCc1nc(C(N)=O)c(Nc2ccc(N3CCN(C)CC3)cc2)nc1Oc1cccc(NC(=O)/C=C/CN(C)C)c1,8.85,IC50
CHEMBL3663923,C=CC(=O)Nc1cccc(Oc2nc(Nc3ccc(N4CCN(C)CC4)cc3)c(C(N)=O)nc2CC)c1C,8.96,IC50
CHEMBL3663924,C=CC(=O)Nc1cccc(Oc2nc(Nc3ccc(N4CCN(C)CC4)cc3)c(C(N)=O)nc2C(C)C)c1,8.82,IC50
CHEMBL3663925,C=CC(=O)N1CCC(c2nc(Nc3ccc(N4CCC(N5CCN(C)CC5)CC4)c(C)c3)c(C(N)=O)nc2CC)CC1,8.96,IC50
CHEMBL3663926,C=CC(=O)Nc1cccc(Oc2cnc(C(N)=O)c(Nc3ccc(N4CCN(C)CC4)cc3)n2)c1,9.04,IC50
CHEMBL3663927,C=CC(=O)Nc1cccc(Oc2nc(Nc3ccc(OC)c(N4CCN(C)CC4)c3)c(C(N)=O)nc2CC)c1,8.92,IC50
CHEMBL3663928,C=CC(=O)Nc1cccc(Oc2nc(Nc3ccc(N4CCN(CC)CC4)cc3)c(C(N)=O)nc2CC)c1,9.18,IC50
CHEMBL3663930,C=CC(=O)Nc1cccc(Oc2nc(Nc3cnn(C4CCN(C)CC4)c3)c(C(N)=O)nc2C(C)C)c1,8.89,IC50
CHEMBL3663931,C=CC(=O)Nc1cccc(Oc2nc(Nc3ccc(N4CCN(C)[C@@H](C)C4)cc3)c(C(N)=O)nc2CC)c1,8.92,IC50
CHEMBL3663932,C=CC(=O)Nc1cccc(Oc2nc(Nc3ccc(N4CCN(C)[C@H](C)C4)cc3)c(C(N)=O)nc2CC)c1,9.25,IC50
CHEMBL3663933,C=CC(=O)N1CCC(c2nc(Nc3ccc(N4CCC(N5CCN(C)CC5)CC4)cc3)c(C(N)=O)nc2CC)CC1,8.89,IC50
CHEMBL3663934,CCC(=O)N1CC[C@@H](Oc2nc(Nc3ccc(N4CCN(C)CC4)cc3)c(C(N)=O)nc2CC)C1,8.92,IC50
CHEMBL3663935,C=CC(=O)N1CCC[C@@H](Oc2nc(Nc3ccc(N4CCC(N5CCN(C)CC5)CC4)cc3)c(C(N)=O)nc2CC)C1,8.89,IC50
CHEMBL3663936,C=CC(=O)N1CCC[C@@H](Oc2nc(Nc3ccc(N4CCC(N5CCN(C)CC5)CC4)c(C)c3)c(C(N)=O)nc2CC)C1,8.92,IC50
CHEMBL3663937,C=CC(=O)Nc1ccc(F)c(Oc2nc(Nc3ccc(N4CCN(C)CC4)cc3)c(C(N)=O)nc2CC)c1,8.82,IC50
CHEMBL3678956,CC(C)n1c(Nc2ccc(C(=O)Nc3cccc(F)c3)cc2)nc2cnc(Nc3ccc(N4CCN(C)CC4)cc3)nc21,8.0,IC50
CHEMBL3647967,C=CC(=O)N[C@H]1CC[C@@H](n2nc(-c3ccc(Oc4ccccc4)cc3)c3c(N)ncnc32)CC1,7.69,IC50
CHEMBL3647970,CN(C)C/C=C/C(=O)N1CCC[C@@H](n2nc(-c3ccc(Oc4ccccc4)cc3)c3c(N)ncnc32)C1,7.31,IC50
CHEMBL3931858,CN(C/C=C/C(=O)N1CCCC(n2nc(-c3ccc(Oc4ccccc4)cc3)c3c(N)ncnc32)C1)CCO,7.13,IC50
CHEMBL3647973,C=CC(=O)N1CCC(n2nc(-c3ccc(Oc4ccccc4)cc3)c3c(N)ncnc32)CC1,7.21,IC50
CHEMBL3889694,CN(C)C/C=C/C(=O)N[C@H]1CC[C@@H](n2nc(-c3ccc(Oc4ccccc4)cc3)c3c(N)ncnc32)CC1,7.08,IC50
CHEMBL3912266,C=CC(=O)N[C@H]1CC[C@H](n2nc(-c3ccc(Oc4ccccc4)cc3)c3c(N)ncnc32)CC1,7.35,IC50
CHEMBL3903870,CN(C)C/C=C/C(=O)N1CCCC1Cn1nc(-c2ccc(Oc3ccccc3)cc2)c2c(N)ncnc21,7.72,IC50
CHEMBL4109796,C=CC(=O)N1CCC[C@@H]1Cn1nc(-c2ccc(Oc3ccccc3)cc2)c2c(N)ncnc21,7.73,IC50
CHEMBL3910496,C=CC(=O)N1CCC[C@H]1Cn1nc(-c2ccc(Oc3ccccc3)cc2)c2c(N)ncnc21,8.64,IC50
CHEMBL3893004,CN(C)C/C=C/C(=O)N[C@H]1CC[C@H](n2nc(-c3ccc(Oc4ccccc4)cc3)c3c(N)ncnc32)CC1,7.65,IC50
CHEMBL3921017,C=CC(=O)N(C)CCn1nc(-c2ccc(Oc3ccccc3)cc2)c2c(N)ncnc21,7.55,IC50
CHEMBL3894938,C=CC(=O)NCCn1nc(-c2ccc(Oc3ccccc3)cc2)c2c(N)ncnc21,7.15,IC50
CHEMBL4112924,CO[C@@H]1COC2C1OC[C@H]2Oc1cc2ncnc(Nc3ccc(F)c(Cl)c3)c2cc1NC(=O)/C=C/CN(C)C,9.4,IC50
CHEMBL3892310,CN(C)C/C=C/C(=O)Nc1cc2c(Nc3ccc(F)c(Cl)c3)ncnc2cc1OCC1C2COCC21,9.89,IC50
CHEMBL4110258,CN(C)CC/C=C/C(=O)Nc1cc2c(Nc3ccc(F)c(Cl)c3)ncnc2cc1OC[C@]12COC[C@H]1C2,9.27,IC50
CHEMBL3901296,CN(C)C/C=C/C(=O)Nc1cc2c(Nc3ccc(F)c(Cl)c3)ncnc2cc1OC[C@@]12COC[C@@H]1C2,9.29,IC50
CHEMBL3895468,CN(C)C/C=C/C(=O)Nc1cc2c(Nc3ccc(F)c(Cl)c3)ncnc2cc1OCC12COCC1C2,9.43,IC50
CHEMBL3954684,C=CC(=O)Nc1cccc(Nc2nc(Nc3ccc(OC)cc3OC)ncc2C(F)(F)F)c1,7.7,IC50
CHEMBL3986363,C=CC(=O)Nc1cccc(Nc2nc(Nc3ccc(OC)c(OC)c3OC)ncc2Cl)c1,8.26,IC50
CHEMBL3954273,C=CC(=O)Nc1cccc(Nc2nc(Nc3ccc(OC)c(OC)c3OC)ncc2Br)c1,7.19,IC50
CHEMBL3944027,C=CC(=O)Nc1cccc(Oc2nc(Nc3ccc(OC)c(OC)c3OC)ncc2Cl)c1,8.26,IC50
CHEMBL3973862,C=CC(=O)Nc1cccc(Oc2nc(Nc3ccc(OC)c(OC)c3OC)ncc2Br)c1,7.19,IC50
CHEMBL3985134,C=CC(=O)Nc1cccc(Oc2nc(Nc3ccc(OC)c(OC)c3OC)ncc2C(F)(F)F)c1,7.19,IC50
CHEMBL3956465,C=CC(=O)Nc1cccc(Nc2nc(Nc3ccc(OC)c(OC)c3OC)ncc2C(F)(F)F)c1,7.7,IC50
CHEMBL3904778,C=CC(=O)Nc1cccc(Oc2nc(Nc3ccc(OC)cc3OC)ncc2Br)c1,8.26,IC50
CHEMBL3910422,C=CC(=O)Nc1cccc(Nc2nc(Nc3ccc(OC)cc3OC)ncc2Br)c1,8.26,IC50
CHEMBL3903641,C=CC(=O)Nc1cccc(Nc2nc(Nc3ccccc3OC)ncc2C(F)(F)F)c1,8.26,IC50
CHEMBL3978161,C=CC(=O)Nc1cccc(Oc2nc(Nc3ccccc3OC)ncc2C(F)(F)F)c1,8.26,IC50
CHEMBL3894076,C=CC(=O)Nc1cccc(Oc2nc(Nc3cccc(OC)c3OC)ncc2Br)c1,8.26,IC50
CHEMBL3947802,C=CC(=O)Nc1cccc(Oc2nc(Nc3ccc(OC)cc3OC)ncc2C(F)(F)F)c1,8.26,IC50
CHEMBL3913778,C=CC(=O)Nc1cccc(Oc2nc(Nc3ccc(OC)cc3OC)ncc2Cl)c1,8.26,IC50
CHEMBL3891187,C=CC(=O)Nc1cccc(Nc2nc(Nc3cccc(OC)c3OC)ncc2C(F)(F)F)c1,8.26,IC50
CHEMBL3919271,C=CC(=O)Nc1cccc(Nc2nc(Nc3cccc(OC)c3OC)ncc2Cl)c1,7.26,IC50
CHEMBL3903707,C=CC(=O)Nc1cccc(Nc2nc(Nc3ccccc3OC)ncc2Cl)c1,7.7,IC50
CHEMBL3928176,C=CC(=O)Nc1cccc(Oc2nc(Nc3ccccc3OC)ncc2F)c1,7.7,IC50
CHEMBL3938358,C=CC(=O)Nc1cccc(Nc2nc(Nc3ccc(OC)cc3OC)ncc2Cl)c1,8.26,IC50
CHEMBL3954906,C=CC(=O)Nc1cccc(Nc2nc(Nc3ccccc3OC)ncc2Br)c1,8.26,IC50
CHEMBL3930810,C=CC(=O)Nc1cccc(Oc2nc(Nc3cccc(OC)c3OC)ncc2C(F)(F)F)c1,7.7,IC50
CHEMBL4107818,Cc1ncnc2c1c(-c1ccc(Oc3ccccc3)cc1)nn2C[C@H]1CCCN1C(=O)/C=C/CN(C)C,7.72,IC50
CHEMBL3980550,CN(C)C/C=C/C(=O)NC1CCC(n2nc(-c3ccc(Oc4ccccc4)cc3)c3c(N)ncnc32)CC1,7.65,IC50
CHEMBL3960332,C#Cc1cccc(Nc2ncnc3cc(O[C@H]4CCOC4)c(NC(=O)/C=C/CN(CC)CC)cc23)c1,8.17,IC50
CHEMBL3967836,C=CC(=O)Nc1cccc(Nc2nc(Nc3ccc(NC4CN(C(=O)OC(C)(C)C)C4)cc3OC)ncc2C(F)(F)F)c1,8.3,IC50
CHEMBL3962343,C=CC(=O)Nc1cccc(Nc2nc(Nc3ccc(NC(C)C)cc3OC)ncc2Cl)c1,8.3,IC50
CHEMBL3544983,COc1cc2c(Nc3ccc(Cl)c(Cl)c3F)ncnc2cc1OC[C@@H]1C[C@@H]2CN(C)C[C@@H]2C1,9.52,IC50
CHEMBL3991931,C=CC(=O)N1CCC[C@H](n2c(=O)n(-c3ccc(Oc4ccccc4)cc3)c3c(N)ncnc32)C1,7.72,KD
CHEMBL2138625,C=CC(=O)Nc1cc2c(Nc3ccc(F)c(Cl)c3)ncnc2cc1C#CC(C)(C)N1CCN(C)CC1,9.29,IC50
CHEMBL4077956,NP(=O)(Oc1ccc2ncnc(Nc3cccc(Br)c3)c2c1)N(CCCl)CCCl,8.04,IC50
CHEMBL4084847,NP(=O)(OCCOc1ccc2ncnc(Nc3cccc(Br)c3)c2c1)N(CCCl)CCCl,8.37,IC50
CHEMBL4069003,NP(=O)(OCCCOc1ccc2ncnc(Nc3cccc(Br)c3)c2c1)N(CCCl)CCCl,8.52,IC50
CHEMBL4090083,NP(=O)(OCCCCOc1ccc2ncnc(Nc3cccc(Br)c3)c2c1)N(CCCl)CCCl,8.13,IC50
CHEMBL4060320,NP(=O)(OCCCCCOc1ccc2ncnc(Nc3cccc(Br)c3)c2c1)N(CCCl)CCCl,8.64,IC50
CHEMBL4091626,C#Cc1cccc(Nc2ncnc3ccc(OCCCCOP(N)(=O)N(CCCl)CCCl)cc23)c1,7.96,IC50
CHEMBL4087646,NP(=O)(OCCCCOc1ccc2ncnc(Nc3ccc(F)c(Cl)c3)c2c1)N(CCCl)CCCl,8.22,IC50
CHEMBL4105530,NP(=O)(OCCCCOc1ccc2ncnc(Nc3ccc(OCc4cccc(F)c4)c(Cl)c3)c2c1)N(CCCl)CCCl,7.57,IC50
CHEMBL4079768,C#Cc1cccc(Nc2ncnc3ccc(OCCCOP(N)(=O)N(CCCl)CCCl)cc23)c1,8.14,IC50
CHEMBL4097795,NP(=O)(OCCCOc1ccc2ncnc(Nc3ccc(F)c(Cl)c3)c2c1)N(CCCl)CCCl,8.24,IC50
CHEMBL4097216,NP(=O)(OCCCOc1ccc2ncnc(Nc3ccc(OCc4cccc(F)c4)c(Cl)c3)c2c1)N(CCCl)CCCl,7.12,IC50
CHEMBL4078431,COc1cc2ncnc(Nc3cccc(Br)c3)c2cc1OCCCOP(N)(=O)N(CCCl)CCCl,9.52,IC50
CHEMBL4080720,COc1cc2ncnc(Nc3ccc(F)c(Cl)c3)c2cc1OCCCOP(N)(=O)N(CCCl)CCCl,9.3,IC50
CHEMBL4104950,COc1cc2ncnc(Nc3ccc(OCc4cccc(F)c4)c(Cl)c3)c2cc1OCCCOP(N)(=O)N(CCCl)CCCl,7.66,IC50
CHEMBL4070053,NP(=O)(OCCCC(=O)Oc1ccc2ncnc(Nc3cccc(Br)c3)c2c1)N(CCCl)CCCl,8.48,IC50
CHEMBL4097245,NP(=O)(OCCCC(=O)Oc1ccc2ncnc(Nc3ccc(F)c(Cl)c3)c2c1)N(CCCl)CCCl,8.06,IC50
CHEMBL4061382,NP(=O)(OCCCC(=O)Oc1ccc2ncnc(Nc3ccc(OCc4cccc(F)c4)c(Cl)c3)c2c1)N(CCCl)CCCl,7.58,IC50
CHEMBL4103370,Clc1ccc(-c2nnc(Cc3nc4ccccc4[nH]3)o2)cc1,7.09,IC50
CHEMBL4084249,COc1ccc(-c2nnc(Cc3nc4ccccc4[nH]3)o2)cc1,7.01,IC50
CHEMBL4069672,COc1ccc2c(c1)CCCN2c1nc(C)nc2c(Cc3ccccc3)c[nH]c12.Cl,7.47,IC50
CHEMBL4099682,COc1ccc(Nc2nc(C)nc3c(Cc4ccccc4)cn(C)c23)cc1.Cl,8.59,IC50
CHEMBL4060996,COc1ccc(N(C)c2nc(C)nc3c(Cc4ccccc4)cn(C)c23)cc1.Cl,8.64,IC50
CHEMBL4104515,COc1ccc2c(c1)CCCN2c1nc(C)nc2c(Cc3ccccc3)cn(C)c12.Cl,8.31,IC50
CHEMBL4099329,COc1ccc(N(C)c2nc(N)nc3c(Cc4ccccc4)c[nH]c23)cc1,8.96,IC50
CHEMBL4072383,COc1ccc2c(c1)CCCN2c1nc(N)nc2c(Cc3ccccc3)c[nH]c12,7.33,IC50
CHEMBL4092990,C=CC(=O)Nc1ccc(CN(C(=O)Nc2c(Cl)c(OC)cc(OC)c2Cl)c2cc(Nc3ccc(N4CCN(C)CC4)cc3)ncn2)cc1,7.78,IC50
CHEMBL4100647,CC1(C)OOC2(CCC(C(=O)Nc3ccc4ncnc(Nc5cccc(Cl)c5)c4c3)CC2)OO1,7.94,IC50
CHEMBL4094174,O=C(Nc1ccc2ncnc(Nc3cccc(Cl)c3)c2c1)C1CCC2(CC1)OOC1(CCCCC1)OO2,7.08,IC50
CHEMBL4094823,O=C(Nc1ccc2ncnc(Nc3cccc(Cl)c3)c2c1)C1CCC2(CC1)OOC1(O2)C2CC3CC(C2)CC1C3,7.49,IC50
CHEMBL4082840,O=C(Nc1ccc2ncnc(Nc3cccc(Cl)c3)c2c1)C1CCC2(CC1)OCC1(OO2)C2CC3CC(C2)CC1C3,7.02,IC50
CHEMBL4063301,O=C(Nc1ccc2ncnc(Nc3cccc(Cl)c3)c2c1)C1CCCCC1,8.21,IC50
CHEMBL343352,Nc1ccc2ncnc(Nc3cccc(Cl)c3)c2c1,8.47,IC50
CHEMBL4082515,C=CC(=O)Nc1cccc(-n2c(=O)cc(C)c3cnc(Nc4cnn(CCN(C)C)c4)nc32)c1,8.38,IC50
CHEMBL4064475,C=CC(=O)Nc1cccc(-n2c(=O)cc(C)c3cnc(Nc4cnn(C5CCN(C)CC5)c4)nc32)c1,8.74,IC50
CHEMBL4086000,C=CC(=O)Nc1cccc(-n2c(=O)cc(C)c3cnc(Nc4ccc(N5CCN(C)CC5)nc4)nc32)c1,8.85,IC50
CHEMBL4063421,C=CC(=O)Nc1cccc(-n2c(=O)cc(C)c3cnc(Nc4nc5c(s4)CN(C)CC5)nc32)c1,8.6,IC50
CHEMBL4091276,C=CC(=O)Nc1cccc(-n2c(=O)cc(C)c3cnc(Nc4ccc(N5CCN(C)C(C)C5)cc4OC)nc32)c1,8.92,IC50
CHEMBL4072048,C=CC(=O)Nc1cccc(-n2c(=O)cc(C)c3cnc(Nc4ccc(N5CC(C)N(C)C(C)C5)cc4OC)nc32)c1,8.48,IC50
CHEMBL4099008,C=CC(=O)N1CCC(Cn2c(=O)cc(C)c3cnc(Nc4ccc(N5CCN(C)CC5)cc4OC)nc32)C1,7.2,IC50
CHEMBL4093766,C=CC(=O)N1CC[C@H](n2c(=O)cc(C)c3cnc(Nc4ccc(N5CCN(C)CC5)cc4OC)nc32)C1,7.04,IC50
CHEMBL4083486,C=CC(=O)Nc1cc(-n2c(=O)cc(C)c3cnc(Nc4ccc(N5CCN(C)CC5)cc4OC)nc32)ccc1C,8.64,IC50
CHEMBL4078120,C=CC(=O)Nc1cc(C)cc(-n2c(=O)cc(C)c3cnc(Nc4ccc(N5CCN(C)CC5)cc4OC)nc32)c1,8.74,IC50
CHEMBL4102389,C=CC(=O)Nc1cc(CC)cc(-n2c(=O)cc(C)c3cnc(Nc4ccc(N5CCN(C)CC5)cc4OC)nc32)c1,8.47,IC50
CHEMBL4079861,C=CC(=O)Nc1cc(C(C)C)cc(-n2c(=O)cc(C)c3cnc(Nc4ccc(N5CCN(C)CC5)cc4OC)nc32)c1,8.62,IC50
CHEMBL4097883,C=CC(=O)Nc1cc(-n2c(=O)cc(C)c3cnc(Nc4ccc(N5CCN(C)CC5)cc4OC)nc32)cc(C(C)(C)C)c1,7.75,IC50
CHEMBL4087740,C=CC(=O)Nc1cc(F)cc(-n2c(=O)cc(C)c3cnc(Nc4ccc(N5CCN(C)CC5)cc4OC)nc32)c1,9.1,IC50
CHEMBL4105621,C=CC(=O)Nc1cc(Cl)cc(-n2c(=O)cc(C)c3cnc(Nc4ccc(N5CCN(C)CC5)cc4OC)nc32)c1,9.22,IC50
CHEMBL4095439,C=CC(=O)Nc1cc(Br)cc(-n2c(=O)cc(C)c3cnc(Nc4ccc(N5CCN(C)CC5)cc4OC)nc32)c1,8.74,IC50
CHEMBL4068047,C=CC(=O)Nc1cc(-n2c(=O)cc(C)c3cnc(Nc4ccc(N5CCN(C)CC5)cc4OC)nc32)cc(C(F)(F)F)c1,8.7,IC50
CHEMBL4103194,C=CC(=O)Nc1cc(-n2c(=O)cc(C)c3cnc(Nc4ccc(N5CCN(C)C(C)C5)cc4OC)nc32)cc(C(F)(F)F)c1,8.8,IC50
CHEMBL4078914,C=CC(=O)Nc1cc(-n2c(=O)cc(C)c3cnc(Nc4ccc(N5CC(C)N(C)C(C)C5)cc4OC)nc32)cc(C(F)(F)F)c1,8.48,IC50
CHEMBL4066845,CS(=O)(=O)CCNCc1ccc(-c2ccc3ncnc(Nc4ccc(F)c(Cl)c4)c3c2)o1,7.62,IC50
CHEMBL4088135,C#Cc1cccc(Nc2ncnc3ccc(-c4ccc(CNCCS(C)(=O)=O)o4)cc23)c1,7.47,IC50
CHEMBL3542268,OCc1ccc(-c2ccc3ncnc(Nc4ccc(OCc5cccc(F)c5)c(Cl)c4)c3c2)o1,8.3,IC50
CHEMBL4089347,C#Cc1cccc(Nc2ncnc3ccc(-c4ccc(CO)o4)cc23)c1,7.8,IC50
CHEMBL4079566,C=CC(=O)Nc1cc(Nc2n[nH]c3ccc(-c4cccc5ccccc45)cc23)c(OC)cc1N(C)CCN(C)C,8.57,IC50
CHEMBL4089863,C=CC(=O)Nc1cc(Nc2n[nH]c3ccc(-c4ccc5ccccc5c4)cc23)c(OC)cc1N(C)CCN(C)C,8.96,IC50
CHEMBL4082000,C=CC(=O)Nc1cc(Nc2n[nH]c3cc(-c4cccc(C(F)(F)F)c4)ccc23)c(OC)cc1N(C)CCN(C)C,8.35,IC50
CHEMBL4060103,C=CC(=O)Nc1cc(Nc2n[nH]c3cc(-c4ccc(F)cc4)ccc23)c(OC)cc1N(C)CCN(C)C,8.07,IC50
CHEMBL4071463,C=CC(=O)Nc1cc(Nc2n[nH]c3cc(-c4cccc(F)c4)ccc23)c(OC)cc1N(C)CCN(C)C,8.8,IC50
CHEMBL4098500,C=CC(=O)Nc1cc(Nc2n[nH]c3cc(-c4ccc(N(C)C)cc4)ccc23)c(OC)cc1N(C)CCN(C)C,7.14,IC50
CHEMBL4103757,C=CC(=O)Nc1cc(Nc2n[nH]c3cc(-c4cccc(N(C)C)c4)ccc23)c(OC)cc1N(C)CCN(C)C,8.0,IC50
CHEMBL4079501,C=CC(=O)Nc1cc(Nc2n[nH]c3cc(-c4ccncc4)ccc23)c(OC)cc1N(C)CCN(C)C,8.3,IC50
CHEMBL4080424,C=CC(=O)Nc1cc(Nc2n[nH]c3cc(-c4cccnc4)ccc23)c(OC)cc1N(C)CCN(C)C,7.82,IC50
CHEMBL4098444,C=CC(=O)Nc1cc(Nc2n[nH]c3cc(-c4cn(C)c5ccccc45)ccc23)c(OC)cc1N(C)CCN(C)C,8.82,IC50
CHEMBL4088277,C=CC(=O)Nc1cc(Nc2n[nH]c3cc(-c4cncc5ccccc45)ccc23)c(OC)cc1N(C)CCN(C)C,8.96,IC50
CHEMBL4060039,C=CC(=O)Nc1cc(Nc2n[nH]c3cc(-c4cccc5ccccc45)ccc23)c(OC)cc1N(C)CCN(C)C,8.37,IC50
CHEMBL4061043,C=CC(=O)Nc1cc(Nc2n[nH]c3cc(-c4ccc5ccccc5c4)ccc23)c(OC)cc1N(C)CCN(C)C,7.6,IC50
CHEMBL4097594,C=CC(=O)Nc1cc(Nc2n[nH]c3ccc(-c4ccc(F)cc4)cc23)c(OC)cc1N(C)CCN(C)C,8.7,IC50
CHEMBL4068763,C=CC(=O)Nc1cc(Nc2n[nH]c3cc(Nc4cccc(F)c4)ccc23)c(OC)cc1N(C)CCN(C)C,8.41,KI
CHEMBL4088718,S=C(NCc1ccccc1)Nc1ccc2ncnc(Nc3cccc(Br)c3)c2c1,7.76,IC50
CHEMBL4097369,O=C(Nc1ccc2ncnc(Nc3cccc(Br)c3)c2c1)c1ccco1,8.08,IC50
CHEMBL4091921,S=C(NCc1ccccc1)Nc1ccc2ncnc(Nc3cccc(Cl)c3)c2c1,7.94,IC50
CHEMBL4072769,Cc1cccc(Nc2ncnc3ccc(NC(=S)NCc4ccccc4)cc23)c1,7.43,IC50
CHEMBL4080711,Oc1cccc(Nc2ncnc3ccc(NC(=S)NCc4ccccc4)cc23)c1,7.2,IC50
CHEMBL4076434,S=C(Nc1ccccc1)Nc1ccc2ncnc(Nc3cccc(Br)c3)c2c1,7.8,IC50
CHEMBL4102455,S=C(Nc1ccc2ncnc(Nc3cccc(Br)c3)c2c1)Nc1ccccc1Cl,7.8,IC50
CHEMBL4078182,S=C(Nc1cccc(Cl)c1)Nc1ccc2ncnc(Nc3cccc(Br)c3)c2c1,7.69,IC50
CHEMBL4097862,S=C(Nc1ccc(Cl)cc1)Nc1ccc2ncnc(Nc3cccc(Br)c3)c2c1,7.71,IC50
CHEMBL4075530,Oc1ccc(NC(=S)Nc2ccc3ncnc(Nc4cccc(Br)c4)c3c2)cc1,8.05,IC50
CHEMBL4075103,NS(=O)(=O)c1ccc(NC(=S)Nc2ccc3ncnc(Nc4cccc(Br)c4)c3c2)cc1,8.02,IC50
CHEMBL4101774,O=S(=O)(Nc1nccs1)c1ccc(NC(=S)Nc2ccc3ncnc(Nc4cccc(Br)c4)c3c2)cc1,7.66,IC50
CHEMBL4066504,Fc1ccc(NC(=S)Nc2ccc3ncnc(Nc4cccc(Br)c4)c3c2)cc1Cl,7.6,IC50
CHEMBL4085352,FC(F)(F)c1cccc(NC(=S)Nc2ccc3ncnc(Nc4cccc(Br)c4)c3c2)c1,7.22,IC50
CHEMBL4088760,S=C(Nc1ccc(Br)cc1)Nc1ccc2ncnc(Nc3cccc(Br)c3)c2c1,7.45,IC50
CHEMBL4067514,S=C(Nc1ccc2ncnc(Nc3cccc(Br)c3)c2c1)Nc1ccc(Cl)cc1Cl,7.31,IC50
CHEMBL4092951,CNC(=S)Nc1ccc2ncnc(Nc3cccc(Br)c3)c2c1,8.04,IC50
CHEMBL4065288,S=C(Nc1cccnc1)Nc1ccc2ncnc(Nc3cccc(Br)c3)c2c1,7.99,IC50
CHEMBL4071170,S=C(NCc1ccc(Cl)cc1)Nc1ccc2ncnc(Nc3cccc(Br)c3)c2c1,7.55,IC50
CHEMBL4062528,S=C(Nc1ccc2ncnc(Nc3cccc(Br)c3)c2c1)N1CCOCC1,7.57,IC50
CHEMBL4103464,O=C(NCc1ccccc1)Nc1ccc2ncnc(Nc3cccc(Br)c3)c2c1,8.05,IC50
CHEMBL4089588,O=C(Nc1ccc(Cl)cc1)Nc1ccc2ncnc(Nc3cccc(Br)c3)c2c1,7.71,IC50
CHEMBL4065300,Fc1cc(F)cc(NC(=S)Nc2ccc3ncnc(Nc4cccc(Cl)c4)c3c2)c1,7.22,IC50
CHEMBL4092966,S=C(Nc1cncc(Cl)c1)Nc1ccc2ncnc(Nc3cccc(Cl)c3)c2c1,7.26,IC50
CHEMBL4071058,CC(C)(C)OC(=O)NCC(=O)Nc1ccc2ncnc(Nc3cccc(Br)c3)c2c1,8.49,IC50
CHEMBL4061283,CC[C@H](C)[C@@H](NC(=O)OC(C)(C)C)C(=O)Nc1ccc2ncnc(Nc3cccc(Br)c3)c2c1,7.26,IC50
CHEMBL4098587,CC(C)(C)OC(=O)NCC(=O)Nc1ccc2ncnc(Nc3ccc(F)c(Cl)c3)c2c1,7.77,IC50
CHEMBL4102577,CCC(=O)Nc1cccc(Nc2cc(-c3[nH]c(SC)nc3-c3ccc(F)cc3)ccn2)c1,8.17,IC50
CHEMBL4089279,C=CC(=O)NCc1cccc(Nc2cc(-c3[nH]c(SC)nc3-c3ccc(F)cc3)ccn2)c1,8.31,IC50
CHEMBL4068092,C=CC(=O)NCc1cn(Cc2cccc(Nc3cc(-c4[nH]c(SC)nc4-c4ccc(F)cc4)ccn3)c2)nn1,7.34,IC50
CHEMBL4076854,C=CC(=O)Nc1ccc(OC)c(Nc2cc(-c3cnc(SC)[nH]3)ccn2)c1,8.25,IC50
CHEMBL4086878,C=CC(=O)Nc1ccc(OC)c(Nc2cc(-c3[nH]c(SC)nc3C)ccn2)c1,8.0,IC50
CHEMBL4082884,C=CC(=O)Nc1ccc(OC)c(Nc2cc(-c3[nH]c(SC)nc3C(C)(C)C)ccn2)c1,7.8,IC50
CHEMBL4062722,CSc1nc(-c2ccc(F)cc2)c(-c2ccnc(Nc3cc(F)cc([N+](=O)[O-])c3)c2)[nH]1,7.26,IC50
CHEMBL4064942,CN(C)C(=O)CSc1nc(-c2ccc(F)cc2)c(-c2ccnc(Nc3ccccc3)c2)[nH]1,9.0,IC50
CHEMBL4091569,OCCSc1nc(-c2ccc(F)cc2)c(-c2ccnc(Nc3ccccc3)c2)[nH]1,8.96,IC50
CHEMBL4081860,NCCSc1nc(-c2ccc(F)cc2)c(-c2ccnc(Nc3ccccc3)c2)[nH]1,8.59,IC50
CHEMBL4071012,C=CC(=O)NCCSc1nc(-c2ccc(F)cc2)c(-c2ccnc(Nc3ccccc3)c2)[nH]1,9.42,KI
CHEMBL4102224,CCC(=O)NCCSc1nc(-c2ccc(F)cc2)c(-c2ccnc(Nc3ccccc3)c2)[nH]1,8.49,IC50
CHEMBL4062543,C=CC(=O)NCCSc1nc(-c2ccccc2)c(-c2ccnc(Nc3ccccc3)c2)[nH]1,8.77,IC50
CHEMBL4071180,CN(C)C/C=C/C(=O)NCCSc1nc(-c2ccc(F)cc2)c(-c2ccnc(Nc3ccccc3)c2)[nH]1,8.72,IC50
CHEMBL4100777,C=CC(=O)Nc1cccc(Nc2cc(-c3[nH]c(SC)nc3-c3ccc(F)cc3)ccn2)n1,8.51,IC50
CHEMBL4061473,C=CC(=O)N1CCC[C@@H]1CSc1nc(-c2ccc(F)cc2)c(-c2ccnc(Nc3ccccc3)c2)[nH]1,8.51,IC50
CHEMBL4076363,NCCCSc1nc(-c2ccc(F)cc2)c(-c2ccnc(Nc3ccccc3)c2)[nH]1,7.92,IC50
CHEMBL321494,CSc1nc(-c2ccc(F)cc2)c(-c2ccnc(Nc3ccccc3)c2)[nH]1,8.6,IC50
CHEMBL4092003,CC(=O)CCCSc1nc(-c2ccc(F)cc2)c(-c2ccnc(Nc3ccccc3)c2)[nH]1,7.12,IC50
CHEMBL4105526,C=CC(=O)Nc1ccc(OC)c(Nc2cc(-c3[nH]c(SC)nc3C3CC3)ccn2)c1,8.13,IC50
CHEMBL4096980,C=CC(=O)Nc1ccc(OC)c(Nc2cc(-c3[nH]c(SC)nc3-c3ccc4ccccc4c3)ccn2)c1,8.96,IC50
CHEMBL4087268,C=CC(=O)Nc1cccc(Nc2cc(-c3[nH]c(SC)nc3-c3ccc(F)cc3)ccn2)c1,8.48,IC50
CHEMBL4070707,C=CC(=O)N1CCC[C@H]1CSc1nc(-c2ccc(F)cc2)c(-c2ccnc(Nc3ccccc3)c2)[nH]1,8.72,IC50
CHEMBL4089601,C=CC(=O)NCCCSc1nc(-c2ccc(F)cc2)c(-c2ccnc(Nc3ccccc3)c2)[nH]1,7.66,IC50
CHEMBL4098412,CSc1nc(-c2ccc(F)cc2)c(-c2ccnc(Nc3cc(N4CCN(C)CC4)cc([N+](=O)[O-])c3)c2)[nH]1,7.92,IC50
CHEMBL4082362,C=CC(=O)Nc1ccc(OC)c(Nc2cc(-c3[nH]c(SC)nc3C3CCCC3)ccn2)c1,8.35,IC50
CHEMBL4094927,CCC(=O)Nc1ccc(OC)c(Nc2cc(-c3[nH]c(SC)nc3-c3ccc(F)cc3)ccn2)c1,8.3,IC50
CHEMBL4086078,C=CC(=O)N1CCC(Sc2nc(-c3ccc(F)cc3)c(-c3ccnc(Nc4ccccc4)c3)[nH]2)C1,7.6,IC50
CHEMBL4081732,N#CCCSc1nc(-c2ccc(F)cc2)c(-c2ccnc(Nc3ccccc3)c2)[nH]1,7.4,IC50
CHEMBL4100377,C=CC(=O)Nc1ccc(OC)c(Nc2cc(-c3[nH]c(SC)nc3C3CCC3)ccn2)c1,8.17,IC50
CHEMBL4079393,C=CC(=O)Nc1cccc(Nc2cc(-c3[nH]c(SCCNC(=O)CC)nc3-c3ccccc3)ccn2)c1,8.6,IC50
CHEMBL4067255,Fc1ccc(-c2nc(SCCN3CCOCC3)[nH]c2-c2ccnc(Nc3ccccc3)c2)cc1,7.12,IC50
CHEMBL4098072,C=CC(=O)Nc1ccc(OC)c(Nc2cc(-c3[nH]c(SC)nc3-c3ccc(F)cc3)ccn2)c1,10.0,KI
CHEMBL4100860,C=CC(=O)Nc1ccc(OC)c(Nc2cc(-c3[nH]c(CCCO)nc3-c3ccc(F)cc3)ccn2)c1,10.52,KI
CHEMBL4090686,CCC(=O)Nc1ccc(OC)c(Nc2cc(-c3[nH]c(CCCO)nc3-c3ccc(F)cc3)ccn2)c1,8.15,IC50
CHEMBL4071368,C=CC(=O)Nc1cc(Nc2cc(-c3[nH]c(SC)nc3-c3ccc(F)cc3)ccn2)cc(N2CCN(C)CC2)c1,7.96,IC50
CHEMBL4060003,C=CC(=O)Nc1cc(Nc2cc(-c3[nH]c(SC)nc3-c3ccc(F)cc3)ccn2)cc(N2CCOCC2)c1,7.28,IC50
CHEMBL4105329,Cc1n[nH]c2ccc(-c3cc(N[C@@H](CO)c4ccccc4)cnc3-c3cc(Cl)ccc3O)cc12,8.51,IC50
CHEMBL4067871,OC[C@H](Nc1cnc(-c2cc(Cl)ccc2O)c(-c2ccc3cnccc3c2)c1)c1ccccc1,8.72,IC50
CHEMBL4062877,Cc1n[nH]c2ccc(-c3cc(N[C@@H](CO)c4ccccc4)cnc3-c3cc(F)ccc3O)cc12,9.4,IC50
CHEMBL4075917,Cc1n[nH]c2ccc(-c3cc(N[C@@H](CO)c4ccccc4)cnc3-c3ccc(F)cc3O)cc12,8.89,IC50
CHEMBL4080640,Cc1ccc(CNc2nc(N)nc3[nH]c4ccc(O)cc4c23)cc1,7.05,KI
CHEMBL4061297,Nc1nc(NCc2ccc(Cl)cc2)c2c(n1)[nH]c1ccc(O)cc12,7.1,KI
CHEMBL4103440,COc1ccc(-c2nnc(-n3c(-c4ccccc4)nc4cc(Cl)ccc4c3=O)s2)cc1,7.68,IC50
CHEMBL4081703,C=CC(=O)Nc1cccc(Oc2nc(Nc3ccc(/C=C/c4cc(C)cc(C)c4)cc3)ncc2Cl)c1,7.65,IC50
CHEMBL4059772,C=CC(=O)Nc1cccc(Nc2nc(Nc3ccc(/C=C/c4cc(Cl)cc(Cl)c4)cc3)ncc2F)c1,7.85,IC50
CHEMBL4093954,C=CC(=O)Nc1cccc(Nc2nc(Nc3ccc(/C=C/c4cc(OC)cc(OC)c4)cc3)ncc2Cl)c1,7.8,IC50
CHEMBL4073278,C=CC(=O)Nc1cccc(Nc2nc(Nc3ccc(/C=C/c4cc(C)cc(C)c4)cc3)ncc2Cl)c1,7.58,IC50
CHEMBL4087570,C=CC(=O)Nc1cccc(Nc2nc(Nc3ccc(/C=C/c4cc(C)cc(C)c4)cc3)ncc2F)c1,7.96,IC50
CHEMBL4105442,C=CC(=O)Nc1cccc(Nc2nc(Nc3ccc(/C=C/c4ccc(C)cc4C)cc3)ncc2Cl)c1,8.17,IC50
CHEMBL4095271,C=CC(=O)Nc1cccc(Nc2nc(Nc3ccc(/C=C/c4ccc(C)cc4C)cc3)ncc2F)c1,8.09,IC50
CHEMBL4067855,C=CC(=O)Nc1cccc(Nc2nc(Nc3ccc(/C=C/c4cc(Cl)cc(Cl)c4)cc3)ncc2Cl)c1,7.95,IC50
CHEMBL4064776,O=C(N/N=C/c1ccc(O)cc1)Nc1cc2c(Nc3ccc(F)c(Cl)c3)ncnc2cc1O[C@H]1CCOC1,7.25,IC50
CHEMBL4083642,Cc1nc(C)c(/C=C2\CN(C)C/C(=C\c3nc(C)c(C)nc3C)C2=O)nc1C,7.4,IC50
CHEMBL4063890,COc1cc(Br)c(/C=C2\CN(C)C/C(=C\c3nc(C)c(C)nc3C)C2=O)cc1OC,7.22,IC50
CHEMBL4078023,Cc1nc(C)c(/C=C2\CN(C)C/C(=C\c3nc(C)c(C)nc3C)C2=NO)nc1C,7.7,IC50
CHEMBL4064361,COc1cc(Br)c(/C=C2\CN(C)CC(=C\c3nc(C)c(C)nc3C)/C2=N\O)cc1OC,7.7,IC50
CHEMBL4071474,C=CC(=O)N1CC[C@H](N2C(=O)N(c3ccccc3Cl)Cc3cnc(Nc4ccc(N5CCN(C)CC5)c(C)c4)nc32)C1,9.3,IC50
CHEMBL4098507,CCC(=O)N1CC[C@H](N2C(=O)N(c3ccccc3Cl)Cc3cnc(Nc4ccc(N5CCN(C)CC5)c(C)c4)nc32)C1,7.8,IC50
CHEMBL4074601,CC(=O)N1CC[C@H](N2C(=O)N(c3ccccc3Cl)Cc3cnc(Nc4ccc(N5CCN(C)CC5)c(C)c4)nc32)C1,7.92,IC50
CHEMBL4095063,Cc1cc(Nc2ncc3c(n2)N([C@H]2CCN(C(=O)C(C)C)C2)C(=O)N(c2ccccc2Cl)C3)ccc1N1CCN(C)CC1,8.07,IC50
CHEMBL4065970,CCCC(=O)N1CC[C@H](N2C(=O)N(c3ccccc3Cl)Cc3cnc(Nc4ccc(N5CCN(C)CC5)c(C)c4)nc32)C1,7.54,IC50
CHEMBL4087375,Cc1cc(Nc2ncc3c(n2)N([C@H]2CCN(C(=O)CC(C)C)C2)C(=O)N(c2ccccc2Cl)C3)ccc1N1CCN(C)CC1,7.65,IC50
CHEMBL4092632,Cc1cc(Nc2ncc3c(n2)N([C@H]2CCN(C(=O)C(C)(C)C)C2)C(=O)N(c2ccccc2Cl)C3)ccc1N1CCN(C)CC1,7.53,IC50
CHEMBL4064937,Cc1cc(Nc2ncc3c(n2)N([C@H]2CCN(C(=O)C4CC4)C2)C(=O)N(c2ccccc2Cl)C3)ccc1N1CCN(C)CC1,7.54,IC50
CHEMBL4084868,Cc1cc(Nc2ncc3c(n2)N([C@H]2CCN(C(=O)C4CCCC4)C2)C(=O)N(c2ccccc2Cl)C3)ccc1N1CCN(C)CC1,7.59,IC50
CHEMBL4102822,Cc1cc(Nc2ncc3c(n2)N([C@H]2CCN(C(=O)C4CCCCC4)C2)C(=O)N(c2ccccc2Cl)C3)ccc1N1CCN(C)CC1,7.6,IC50
CHEMBL4062178,Cc1cc(Nc2ncc3c(n2)N([C@H]2CCN(C(=O)CO)C2)C(=O)N(c2ccccc2Cl)C3)ccc1N1CCN(C)CC1,8.15,IC50
CHEMBL4083904,Cc1cc(Nc2ncc3c(n2)N([C@H]2CCN(C(=O)CN(C)C)C2)C(=O)N(c2ccccc2Cl)C3)ccc1N1CCN(C)CC1,7.58,IC50
CHEMBL4062830,CCCN1CC[C@H](N2C(=O)N(c3ccccc3Cl)Cc3cnc(Nc4ccc(N5CCN(C)CC5)c(C)c4)nc32)C1,7.28,IC50
CHEMBL4098591,CCC(=O)N1CC[C@@H](N2C(=O)N(c3ccccc3Cl)Cc3cnc(Nc4ccc(N5CCN(C)CC5)c(C)c4)nc32)C1,7.63,IC50
CHEMBL4060198,CCC(=O)N1CC[C@H](N2C(=O)N(c3ccccc3F)Cc3cnc(Nc4ccc(N5CCN(C)CC5)c(C)c4)nc32)C1,7.75,IC50
CHEMBL4089951,CCC(=O)N1CC[C@H](N2C(=O)N(c3ccccc3C)Cc3cnc(Nc4ccc(N5CCN(C)CC5)c(C)c4)nc32)C1,8.12,IC50
CHEMBL4070404,CCC(=O)N1CC[C@H](N2C(=O)N(c3cccc(F)c3)Cc3cnc(Nc4ccc(N5CCN(C)CC5)c(C)c4)nc32)C1,7.45,IC50
CHEMBL4097682,CCC(=O)N1CC[C@H](N2C(=O)N(c3ccc(F)cc3)Cc3cnc(Nc4ccc(N5CCN(C)CC5)c(C)c4)nc32)C1,7.14,IC50
CHEMBL4070640,CCC(=O)N1CC[C@H](N2C(=O)N(c3ccccc3OC)Cc3cnc(Nc4ccc(N5CCN(C)CC5)c(C)c4)nc32)C1,7.56,IC50
CHEMBL4091966,C=CC(=O)N1CCC[C@@H](n2nc(I)c3c(N)ncnc32)C1,7.7,IC50
CHEMBL4099713,C=CC(=O)N1CCC[C@@H](n2nc(-c3ccccc3)c3c(N)ncnc32)C1,8.0,IC50
CHEMBL4100655,C=CC(=O)N1CCC[C@@H](n2nc(-c3cccc(F)c3)c3c(N)ncnc32)C1,8.0,IC50
CHEMBL4062509,C=CC(=O)N1CCC[C@@H](n2nc(-c3ccc(F)cc3)c3c(N)ncnc32)C1,7.52,IC50
CHEMBL2180204,C=CC(=O)N1CCC[C@@H](n2nc(-c3cccc(C(F)(F)F)c3)c3c(N)ncnc32)C1,7.52,IC50
CHEMBL2180203,C=CC(=O)N1CCC[C@@H](n2nc(-c3ccc(C(F)(F)F)cc3)c3c(N)ncnc32)C1,7.22,IC50
CHEMBL4072299,C=CC(=O)N1CCC[C@@H](n2nc(-c3ccc(O)cc3)c3c(N)ncnc32)C1,8.52,IC50
CHEMBL4060919,C=CC(=O)N1CCC[C@@H](n2nc(Cc3ccccc3)c3c(N)ncnc32)C1,8.52,IC50
CHEMBL4082783,C=CC(=O)N1CCC[C@@H](n2nc(C#CC3CCCC3)c3c(N)ncnc32)C1,7.22,IC50
CHEMBL4090601,C=CC(=O)N1CCC[C@@H](n2nc(-c3ccc4ccccc4c3)c3c(N)ncnc32)C1,9.0,IC50
CHEMBL4095447,C=CC(=O)N1CCC[C@@H](n2nc(-c3cccc4ccccc34)c3c(N)ncnc32)C1,9.0,IC50
CHEMBL4103201,C=CC(=O)N1CCC[C@@H](n2nc(-c3cnc4[nH]ccc4c3)c3c(N)ncnc32)C1,8.7,IC50
CHEMBL4094959,C=CC(=O)N1CCC[C@@H](n2nc(-c3cn(C)c4ccccc34)c3c(N)ncnc32)C1,8.72,IC50
CHEMBL4073960,C=CC(=O)N1CCC[C@@H](n2nc(-c3ccc(F)c4ccccc34)c3c(N)ncnc32)C1,7.7,IC50
CHEMBL4079658,C=CC(=O)Nc1cc(Nc2nccc(-c3cn(C)c4ccccc34)n2)c(OC)cc1N(C)CC[N+](C)(C)[O-],8.19,IC50
CHEMBL4103912,C=CC(=O)Nc1cc(Nc2nccc(-c3cn(C)c4ccc(F)cc34)n2)c(OC)cc1N(C)CCN(C)C,10.15,IC50
CHEMBL4087538,C=CC(=O)Nc1cc(Nc2nccc(-c3cn(C)c4c(F)cccc34)n2)c(OC)cc1N(C)CCN(C)C,8.22,IC50
CHEMBL4066170,C=CC(=O)Nc1cc(Nc2nccc(-c3cn(C)c4ccc(F)cc34)n2)c(OC)cc1N(C)CC[N+](C)(C)[O-],7.99,IC50
CHEMBL4072620,C=CC(=O)Nc1cc(Nc2nccc(-c3cn(C)c4c(F)cccc34)n2)c(OC)cc1N(C)CC[N+](C)(C)[O-],7.75,IC50
CHEMBL4073595,COc1cc2c(Nc3ccc(OCc4cccc(F)c4)c(Cl)c3)ncnc2cc1OCCCN1C[C@H](O)[C@@H](O)[C@H](O)[C@H]1CO,8.34,IC50
CHEMBL4102886,C#Cc1cccc(Nc2ncnc3cc(OCCCN4C[C@H](O)[C@@H](O)[C@H](O)[C@H]4CO)c(OC)cc23)c1,8.31,IC50
CHEMBL4079553,COc1cc2ncnc(Nc3ccc(F)c(Cl)c3)c2cc1OCCCN1C[C@H](O)[C@@H](O)[C@H](O)[C@H]1CO,7.97,IC50
CHEMBL4086056,COc1cc2c(Nc3ccc(F)c(Cl)c3)ncnc2cc1OCCCN1C[C@H](O)[C@@H](O)[C@H](O)[C@H]1CO,8.75,IC50
CHEMBL4068839,C=CC(=O)N1CCC[C@@H](n2nc(-c3ccc(OCc4ccccn4)c(Cl)c3)c3c(N)ncnc32)C1,8.28,IC50
CHEMBL4070454,Oc1ccc(-c2nc(-c3ccccc3)c(-c3ccnc4[nH]c(-c5ccccc5)cc34)[nH]2)cc1,7.95,IC50
CHEMBL4097627,Oc1cccc(-c2nc(-c3ccc(F)cc3)c(-c3ccnc4[nH]c(-c5ccccc5)cc34)[nH]2)c1,7.63,IC50
CHEMBL4088971,OCCCc1nc(-c2ccc(F)cc2)c(-c2ccnc3[nH]ccc23)[nH]1,7.61,IC50
CHEMBL2179119,Oc1ccc(-c2nc(-c3ccc(F)cc3)c(-c3ccnc4[nH]c(-c5ccccc5)cc34)[nH]2)cc1,7.62,IC50
CHEMBL4100759,C=CC(=O)NCc1cccc(-c2nc(-c3ccc(F)cc3)c(-c3ccnc4[nH]c(-c5ccccc5)cc34)[nH]2)c1,7.89,IC50
CHEMBL4090582,CN(C)C/C=C/C(=O)NCc1cccc(-c2nc(-c3ccc(F)cc3)c(-c3ccnc4[nH]c(-c5ccccc5)cc34)[nH]2)c1,8.13,IC50
CHEMBL4066951,Nc1cccc(-c2cc3c(-c4[nH]c(-c5ccccc5)nc4-c4ccc(F)cc4)ccnc3[nH]2)c1,7.81,IC50
CHEMBL4094438,C=CC(=O)Nc1cccc(-c2cc3c(-c4[nH]c(-c5ccccc5)nc4-c4ccc(F)cc4)ccnc3[nH]2)c1,7.49,IC50
CHEMBL4077917,CCC(=O)Nc1cccc(-c2cc3c(-c4[nH]c(-c5ccccc5)nc4-c4ccc(F)cc4)ccnc3[nH]2)c1,7.73,IC50
CHEMBL4102179,C=CC(=O)NCc1cccc(-c2cc3c(-c4[nH]c(-c5ccccc5)nc4-c4ccc(F)cc4)ccnc3[nH]2)c1,7.47,IC50
CHEMBL4072874,C=CC(=O)Nc1cccc(-c2c[nH]c3nccc(-c4[nH]c(-c5ccccc5)nc4-c4ccc(F)cc4)c23)c1,8.11,IC50
CHEMBL4061829,OCCc1nc(-c2ccc(F)cc2)c(-c2ccnc3[nH]c(-c4ccccc4)cc23)[nH]1,8.12,IC50
CHEMBL4089892,OCCCCc1nc(-c2ccc(F)cc2)c(-c2ccnc3[nH]c(-c4ccccc4)cc23)[nH]1,8.08,IC50
CHEMBL4064224,C=CC(=O)Nc1cccc(-c2c[nH]c3nccc(Cl)c23)c1,7.17,IC50
CHEMBL4071827,C=CC(=O)Nc1cccc(-c2c[nH]c3nccc(-c4[nH]c(CCCO)nc4-c4ccc(F)cc4)c23)c1,9.03,KD
CHEMBL4101719,OCCCc1nc(-c2ccc(F)cc2)c(-c2ccnc3[nH]c(-c4ccccc4)cc23)[nH]1,8.19,IC50
CHEMBL4087243,C=CC(=O)Nc1cc(Nc2nccc(-c3cn4c5c(cccc35)CCC4)n2)c(OC)cc1N(C)CCO,7.46,IC50
CHEMBL4082763,C=CC(=O)Nc1cc(Nc2cc(-c3cn(C)c4ccccc34)nc(OC)n2)c(OC)cc1N(C)CCN(C)C,7.96,IC50
CHEMBL4066569,C=CC(=O)Nc1cc(Nc2cc(-c3cn(C)c4ccccc34)nc(C)n2)c(OC)cc1N(C)CCN(C)C,7.33,IC50
CHEMBL4099377,C=CC(=O)Nc1cc(Nc2ncnc(-c3cn(C)c4ccccc34)c2F)c(OC)cc1N(C)CCN(C)C,8.0,IC50
CHEMBL4077973,C=CC(=O)Nc1cc(Nc2cc(-c3cn4c5c(cccc35)CCC4)nc(OC)n2)c(OC)cc1N(C)CCN(C)C,7.66,IC50
CHEMBL4096021,C=CC(=O)Nc1cc(Nc2cc(-c3cn4c5c(cccc35)CCC4)ncn2)c(OC)cc1N(C)CCN(C)C,8.92,IC50
CHEMBL4085842,C=CC(=O)Nc1cc(Nc2cc(-c3cn(C)c4ccccc34)ncn2)c(OC)cc1N(C)CCN(C)C,8.8,IC50
CHEMBL4094086,C=CC(=O)Nc1cc(Nc2nc(OC)cc(-c3cn(C)c4ccccc34)n2)c(OC)cc1N(C)CCN(C)C,7.89,IC50
CHEMBL4104658,C=CC(=O)Nc1cc(Nc2nccc(-c3cn4c5c(cccc35)CCC4)n2)c(OC)cc1N(C)CCN(C)C,8.59,IC50
CHEMBL4099445,C=CC(=O)Nc1cc(Nc2nccc(-c3cn4c5c(cccc35)CCC4)n2)c(OC)cc1N1CCN(C)CC1,7.26,IC50
CHEMBL4098967,C=CC(=O)Nc1cc(Nc2nccc(-c3cn4c5c(cccc35)CCC4)n2)c(OC)cc1N1CCC(CN(C)C)C1,8.72,IC50
CHEMBL4080934,C=CC(=O)Nc1cc(Nc2nccc(-c3cn4c5c(cccc35)CCC4)n2)c(OC)cc1N1CC(CCN(C)C)C1,7.93,IC50
CHEMBL4080008,C=CC(=O)Nc1cc(Nc2nccc(-c3cn4c5c(cccc35)CCC4)n2)c(OC)cc1N1CC(CN(C)C)C1,8.17,IC50
CHEMBL4097141,C=CC(=O)Nc1cc(Nc2nccc(-c3cn4c5c(cccc35)CCC4)n2)c(OC)cc1N1CC(N(C)C)C1,8.31,IC50
CHEMBL4086559,C=CC(=O)Nc1cc(Nc2ncnc(-c3cn(C)c4ccccc34)c2OC)c(OC)cc1N(C)CCN(C)C,7.26,IC50
CHEMBL4125764,C=CC(=O)N[C@@H]1CCN(c2nc(Nc3ccccc3)nc3cnc(Nc4ccc(N5CCN(C)CC5)cn4)cc23)C1,8.33,IC50
CHEMBL4127809,C=CC(=O)N[C@H]1CCN(c2nc(Nc3ccccc3)nc3cnc(Nc4ccc(N5CCN(C)CC5)cn4)cc23)C1,8.49,IC50
CHEMBL4129209,C=CC(=O)N[C@@H]1CCCN(c2nc(Nc3ccccc3)nc3cnc(Nc4ccc(N5CCN(C)CC5)cn4)cc23)C1,8.19,IC50
CHEMBL4129287,C=CC(=O)N[C@H]1CCCN(c2nc(Nc3ccccc3)nc3cnc(Nc4ccc(N5CCN(C)CC5)cn4)cc23)C1,7.85,IC50
CHEMBL4127897,C=CC(=O)N1CC[C@@H](Nc2nc(Nc3ccccc3)nc3cnc(Nc4ccc(N5CCN(C)CC5)cn4)cc23)C1,8.34,IC50
CHEMBL4125840,C=CC(=O)N1CC[C@H](Nc2nc(Nc3ccccc3)nc3cnc(Nc4ccc(N5CCN(C)CC5)cn4)cc23)C1,7.97,IC50
CHEMBL4129138,CN1CCN(c2ccc(Nc3cc4c(N[C@@H]5CCCN(C)C5)nc(Nc5ccccc5)nc4cn3)nc2)CC1,8.35,IC50
CHEMBL4126810,CN1CCN(c2ccc(Nc3cc4c(N[C@H]5CCCN(C)C5)nc(Nc5ccccc5)nc4cn3)nc2)CC1,8.77,IC50
CHEMBL4126797,C=CC(=O)Nc1cccc(-n2c(=O)n(C)c(=O)c3cnc(Nc4ccc(N5CCN(C(C)=O)CC5)cc4OC)nc32)c1,7.34,IC50
CHEMBL4126654,C=CC(=O)Nc1cccc(-n2c(=O)n(C)c(=O)c3cnc(Nc4ccc(N5CCOCC5)cc4OC)nc32)c1,7.16,IC50
CHEMBL4125772,C=CC(=O)Nc1cccc(-n2c(=O)n(C)c(=O)c3cnc(Nc4ccc(N5CCSCC5)cc4OC)nc32)c1,7.04,IC50
CHEMBL4129387,C=CC(=O)Nc1cccc(-n2c(=O)n(C)c(=O)c3cnc(Nc4ccc(N5CCC(N(C)C)CC5)cc4OC)nc32)c1,7.52,IC50
CHEMBL4128726,C=CC(=O)Nc1cccc(-n2c(=O)n(C)c(=O)c3cnc(Nc4ccccc4)nc32)c1,7.17,IC50
CHEMBL4126358,C=CC(=O)Nc1cccc(-n2c(=O)n(CC)c(=O)c3cnc(Nc4ccc(N5CCC(N(C)C)CC5)cc4OC)nc32)c1,8.6,IC50
CHEMBL4129646,C=CC(=O)Nc1cccc(-n2c(=O)n(CCC)c(=O)c3cnc(Nc4ccc(N5CCC(N(C)C)CC5)cc4OC)nc32)c1,9.4,IC50
CHEMBL4129781,C=CC(=O)Nc1cccc(-n2c(=O)n(C(C)C)c(=O)c3cnc(Nc4ccc(N5CCC(N(C)C)CC5)cc4OC)nc32)c1,9.1,IC50
CHEMBL4128415,C=CC(=O)Nc1cccc(-n2c(=O)n(Cc3ccccc3)c(=O)c3cnc(Nc4ccc(N5CCC(N(C)C)CC5)cc4OC)nc32)c1,8.72,IC50
CHEMBL4128567,C=CC(=O)Nc1cccc(-n2c(=O)n(CCc3ccccc3)c(=O)c3cnc(Nc4ccc(N5CCC(N(C)C)CC5)cc4OC)nc32)c1,9.0,IC50
CHEMBL4130016,C=CC(=O)Nc1cccc(-n2c(=O)n(CCCc3ccccc3)c(=O)c3cnc(Nc4ccc(N5CCC(N(C)C)CC5)cc4OC)nc32)c1,8.85,IC50
CHEMBL4127317,C=CC(=O)Nc1cccc(-n2c(=O)n(C(C)C)c(=O)c3cnc(Nc4ccc(N5CCN(C)CC5)cc4OC)nc32)c1,9.52,IC50
CHEMBL4125940,C=CC(=O)Nc1cccc(-n2c(=O)n(C(C)C)c(=O)c3cnc(Nc4ccc(N5CCN(C)CC5)c(OC)c4)nc32)c1,8.17,IC50
CHEMBL4126630,C=CC(=O)Nc1cccc(-n2c(=O)n(C(C)C)c(=O)c3cnc(Nc4ccc(N5CCN(C)CC5)c(C)c4)nc32)c1,9.0,IC50
CHEMBL4129902,C=CC(=O)Nc1cccc(-n2c(=O)n(C(C)C)c(=O)c3cnc(Nc4ccc(N(C)CCN(C)C)cc4OC)nc32)c1,7.8,IC50
CHEMBL4129607,C=CC(=O)Nc1cccc(-n2c(=O)n(C(C)C)c(=O)c3cnc(Nc4ccc(N5CCC(N6CCN(C)CC6)CC5)cc4OC)nc32)c1,7.85,IC50
CHEMBL4168235,COc1cc2c(Nc3ccc(C#N)cc3)ncnc2cc1OCCCN1CCC(c2ccccc2)CC1,8.44,IC50
CHEMBL4171764,Brc1cccc(Nc2ncnc3sc4c(c23)CCCC4)c1,8.58,IC50
CHEMBL4176629,NS(=O)(=O)c1ccc(-n2c(SCC(=O)Nc3ccc([N+](=O)[O-])cc3[N+](=O)[O-])nc3cc4ccccc4cc3c2=O)cc1,7.22,IC50
CHEMBL4171543,C=CC(=O)Nc1ccc(-c2ccc(NC(=O)Nc3cccc(Cl)c3)cc2)cn1,8.06,IC50
CHEMBL4159909,C=CC(=O)Nc1cc(Nc2ncc(Cl)c(Nc3ccccc3S(=O)(=O)C(C)C)n2)c(OC)cc1N1CCCN(C)CC1,8.44,IC50
CHEMBL4173696,C/C=C/c1ccc(Nc2ncnc3cc(OCCCN4CCOCC4)c(OCCCN4CCOCC4)cc23)cc1,7.68,IC50
CHEMBL4161938,Fc1cccc(COc2ccc(Nc3ncnc4cc(OCCCN5CCOCC5)c(OCCCN5CCOCC5)cc34)cc2Cl)c1,8.15,IC50
CHEMBL4162767,C=CC(=O)Nc1cc(Nc2nccc(Nc3ccccc3-n3nccn3)n2)c(OC)cc1N(C)CCN(C)C,7.48,IC50
CHEMBL4175782,C=CC(=O)Nc1cc(Nc2nccc(Nc3ccccc3-c3ncn(C)n3)n2)c(OC)cc1N(C)CCN(C)C,8.11,IC50
CHEMBL4166609,C=CC(=O)Nc1cc(Nc2nccc(Nc3ccccc3-n3cccn3)n2)c(OC)cc1N(C)CCN(C)C,8.39,IC50
CHEMBL4159404,C=CC(=O)Nc1cc(Nc2nccc(Nc3ccccc3-c3ccn(C)n3)n2)c(OC)cc1N1CCC(N(C)C)CC1,7.42,IC50
CHEMBL4164396,C=CC(=O)Nc1cc(Nc2nccc(Nc3ccccc3-c3ccn(C)n3)n2)c(OC)cc1OCCN(C)C,7.79,IC50
CHEMBL4175045,C=CC(=O)Nc1cc(Nc2nccc(Nc3ccccc3-c3ccn(C)n3)n2)c(OC)cc1N(C)CCN(C)C,8.39,IC50
CHEMBL2347958,CN(C)C/C=C/C(=O)Nc1cc2c(Nc3ccc(F)c(Cl)c3)ncnc2cc1O[C@@H]1CCOC1,9.4,IC50
CHEMBL4162882,CC/C=C/C(=O)Nc1cc2c(N3CCc4ccccc43)ncnc2cc1OC,7.77,IC50
CHEMBL4165267,C/C=C/C(=O)Nc1cc2c(N3CCc4ccccc43)ncnc2cc1O[C@@H]1CCOC1,7.54,IC50
CHEMBL4162530,CCC/C=C/C(=O)Nc1cc2c(N3CCCc4ccccc43)ncnc2cc1OC,7.48,IC50
CHEMBL4165894,COc1cc2ncnc(N3CCc4ccccc43)c2cc1NC(=O)/C=C/CN1CCCC1,8.52,IC50
CHEMBL4161396,COc1cc2ncnc(N3CCc4ccccc43)c2cc1NC(=O)/C=C/CN1CCCCC1,7.34,IC50
CHEMBL4172718,COc1cc2ncnc(N3CCc4ccccc43)c2cc1NC(=O)/C=C/CN1CCC(CO)CC1,8.4,IC50
CHEMBL4168254,CN(C)C/C=C/C(=O)Nc1cc2c(N3CCc4ccccc43)ncnc2cc1O[C@@H]1CCOC1,8.3,IC50
CHEMBL4176787,COc1cc2ncnc(N3CCCc4ccccc43)c2cc1NC(=O)/C=C/CN(C)C,7.14,IC50
CHEMBL4167162,O=C(CN1CCCC1)Nc1ccc2ncnc(Nc3ccc(Cl)cc3)c2c1,7.5,IC50
CHEMBL4166069,O=C(CN1CCCCC1)Nc1ccc2ncnc(Nc3cccc(Br)c3)c2c1,7.43,IC50
CHEMBL4177348,O=C(CN1CCOCC1)Nc1ccc2ncnc(Nc3cccc(Br)c3)c2c1,7.01,IC50
CHEMBL4169489,CN1CCN(CC(=O)Nc2ccc3ncnc(Nc4cccc(Br)c4)c3c2)CC1,7.5,IC50
CHEMBL4170916,O=C(CN1CCCC1)Nc1ccc2ncnc(Nc3ccc(OCc4cccc(F)c4)cc3)c2c1,7.15,IC50
CHEMBL4213400,CC(C)C(CO)Nc1nc(Nc2ccc(N3CCNCC3)cc2)c2ncn(C(C)C)c2n1,7.11,IC50
CHEMBL4206312,C=CC(=O)N1CC[C@@H](Nc2nc(Nc3ccc(N4CCN(C)CC4)cc3)c3ncn(C(C)C)c3n2)C1,7.54,IC50
CHEMBL4208811,C=CC(=O)N[C@H]1CCN(c2nc(Nc3ccc(N4CCN(C)CC4)cc3)c3ncn(C(C)C)c3n2)C1,8.05,KI
CHEMBL4212326,C=CC(=O)N[C@H]1CCN(c2nc(Nc3cnn(C)c3)c3ncn(C(C)C)c3n2)C1,7.44,KI
CHEMBL4207951,C=CC(=O)N1C[C@@H]2CN(c3nc(Nc4cnn(C)c4)c4ncn(C(C)C)c4n3)C[C@@H]2C1,7.31,IC50
CHEMBL3608432,C=CC(=O)N[C@@H]1CN(c2nc(Nc3cn(C)nc3C)c3ncn(C(C)C)c3n2)C[C@H]1F,8.4,IC50
CHEMBL4216679,C=CC(=O)N[C@@H]1CN(c2nc(Nc3cn(C)nc3OC)c3ncn(C(C)C)c3n2)C[C@H]1F,9.0,IC50
CHEMBL4218154,C=CC(=O)N[C@@H]1CN(c2nc(Nc3cn(C)nc3CC)c3ncn(C(C)C)c3n2)C[C@H]1F,8.52,IC50
CHEMBL4208829,C=CC(=O)N[C@@H]1CN(c2nc(Nc3cn(C)nc3OC)c3ncn(C(C)(C)C)c3n2)C[C@H]1F,7.77,IC50
CHEMBL4205392,C=CC(=O)N[C@@H]1CN(c2nc(Nc3cn(C)nc3OC)c3ncn(CC)c3n2)C[C@H]1F,8.22,KI
CHEMBL3989970,C=CC(=O)N[C@@H]1CN(c2nc(Nc3cn(C)nc3OC)c3ncn(C)c3n2)C[C@H]1F,8.52,IC50
CHEMBL4206501,C=CC(=O)Nc1cc(Nc2ccnc(-c3cn(C)c4ccccc34)n2)c(OC)cc1N(C)CCN(C)C,7.89,IC50
CHEMBL4211782,C=CC(=O)Nc1cccc(Oc2nc(Nc3cnn(CCN(C)C)c3)nc3[nH]ccc23)c1,8.52,KI
CHEMBL4216749,C=CC(=O)Nc1cccc(Oc2nc(Nc3cnn(CCN(C)C)c3)nc3[nH]ccc23)c1F,8.7,KI
CHEMBL4206481,C=CC(=O)N1CC[C@@H](Nc2nc(Nc3cnn(C)c3)nc3[nH]cc(Cl)c23)C1,8.4,KI
CHEMBL4211367,C=CC(=O)N1C[C@H](Nc2nc(Nc3cnn(C)c3)nc3[nH]cc(Cl)c23)[C@@H](F)C1,8.52,KI
CHEMBL4204498,C=CC(=O)N1C[C@H](Nc2nc(Nc3cnn(C)c3)c3ncn(C(C)C)c3n2)[C@@H](F)C1,7.25,KI
CHEMBL4212450,COc1cc(N2CCN(C)CC2)ccc1Nc1ncc(Cl)c(Oc2ccccc2NC(=O)CO)n1,7.0,IC50
CHEMBL4215397,COc1ccc(-c2c3c4cc(OC)c(OCCCNC(=N)N)cc4oc(=O)c3n3ccc4cc(O)c(OC)cc4c23)cc1O.O=C(O)C(F)(F)F,7.41,IC50
CHEMBL4211835,COc1ccc(-c2c3c4cc(OCCCN(C)C)c(OCCCN(C)C)cc4oc(=O)c3n3ccc4cc(O)c(OC)cc4c23)cc1O.O=C(O)C(F)(F)F.O=C(O)C(F)(F)F,8.05,IC50
CHEMBL4210550,COc1ccc(-c2c3c4cc(O)c(OCCCN(C)C)cc4oc(=O)c3n3ccc4cc(O)c(OC)cc4c23)cc1O.O=C(O)C(F)(F)F,7.08,IC50
CHEMBL4214567,O=C(Nc1nccs1)C(c1cc(F)ccc1O)N1Cc2ccccc2C1=O,8.7,IC50
CHEMBL4207984,N#Cc1ccc(O)c(-c2nc(NCc3cccnc3)c3ccccc3n2)c1,7.75,IC50
CHEMBL4214588,COC(=O)c1ccc(O)c(-c2nc(NCc3cccnc3)c3ccccc3n2)c1,7.34,IC50
CHEMBL4218431,N#Cc1ccc(O)c(-c2nc(NCc3cnccn3)c3ccccc3n2)c1,7.77,IC50
CHEMBL4207398,O=[N+]([O-])c1ccc2[nH]c3nccc(NCc4cccc(Cl)c4)c3c2c1,7.1,KI
CHEMBL4207750,CCS(=O)(=O)Nc1cc(-c2ccc3ncnc(Nc4ccc(F)c(Cl)c4)c3c2)cnc1OC,8.62,IC50
CHEMBL4209801,CN1CCN(c2ccc(Nc3cc4c(N5CCCC5)nc(Nc5ccccc5)nc4cn3)nc2)CC1,8.64,IC50
CHEMBL4212884,CN(C)C1CCN(c2ccc(Nc3cc4c(N5CCCC5)nc(Nc5ccccc5)nc4cn3)nc2)CC1,8.8,IC50
CHEMBL4206716,CN1CCN(c2ccc(Nc3cc4c(N5CCCCC5)nc(Nc5ccccc5)nc4cn3)nc2)CC1,8.96,IC50
CHEMBL4203016,CN(C)C1CCN(c2ccc(Nc3cc4c(N5CCCCC5)nc(Nc5ccccc5)nc4cn3)nc2)CC1,8.31,IC50
CHEMBL4206288,CN1CCN(c2ccc(Nc3cc4c(N5CCOCC5)nc(Nc5ccccc5)nc4cn3)nc2)CC1,8.68,IC50
CHEMBL4217992,CN(C)C1CCN(c2ccc(Nc3cc4c(N5CCOCC5)nc(Nc5ccccc5)nc4cn3)nc2)CC1,8.41,IC50
CHEMBL4215076,CN(C)C1CCN(c2ccc(Nc3cc4c(N5CCOCC5)nc(Nc5ccc(F)cc5)nc4cn3)nc2)CC1,8.6,IC50
CHEMBL4215080,CN(C)C1CCN(c2ccc(Nc3cc4c(N5CCOCC5)nc(Nc5ccc(F)cc5F)nc4cn3)nc2)CC1,8.68,IC50
CHEMBL4206166,CN(C)C1CCN(c2ccc(Nc3cc4c(N5CCC(CO)CC5)nc(Nc5ccccc5)nc4cn3)nc2)CC1,8.49,IC50
CHEMBL4209019,CN(C)C1CCN(c2ccc(Nc3cc4c(N5CCC(CO)CC5)nc(Nc5ccc(F)cc5)nc4cn3)nc2)CC1,8.96,IC50
CHEMBL4208673,CN1CCN(c2nc(Nc3ccc(F)cc3)nc3cnc(Nc4ccc(N5CCC(N(C)C)CC5)cn4)cc23)CC1,7.46,IC50
CHEMBL4204983,CN(C)CCN(C)c1nc(Nc2ccc(F)cc2)nc2cnc(Nc3ccc(N4CCC(N(C)C)CC4)cn3)cc12,7.61,IC50
CHEMBL4203001,CN(CCO)c1nc(Nc2ccccc2)nc2cnc(Nc3ccc(N4CCC(N(C)C)CC4)cn3)cc12,7.29,IC50
CHEMBL4204139,CN(CCCO)c1nc(Nc2ccc(F)cc2)nc2cnc(Nc3ccc(N4CCC(N(C)C)CC4)cn3)cc12,7.29,IC50
CHEMBL4227210,C=CC(=O)Nc1cc(Nc2ncc3ncn(-c4ccc(C(C)C)cc4)c3n2)c(OC)cc1N(C)CCN(C)C,8.38,IC50
CHEMBL4225863,C=CC(=O)Nc1cc(Nc2ncc3ncn(-c4ccc(F)cc4)c3n2)c(OC)cc1N(C)CCN(C)C,8.49,IC50
CHEMBL4228672,C=CC(=O)Nc1cc(Nc2ncc3ncn(-c4ccc(Cl)cc4)c3n2)c(OC)cc1N(C)CCN(C)C,8.41,IC50
CHEMBL4227091,C=CC(=O)Nc1cc(Nc2ncc3ncn(-c4ccc(I)cc4)c3n2)c(OC)cc1N(C)CCN(C)C,8.46,IC50
CHEMBL4225166,C=CC(=O)Nc1cc(Nc2ncc3ncn(-c4ccc(F)c(Br)c4)c3n2)c(OC)cc1N(C)CCN(C)C,8.64,IC50
CHEMBL4227201,C=CC(=O)Nc1cc(Nc2ncc3nc(Nc4ccccc4)n(C)c3n2)c(OC)cc1N(C)CCN(C)C,8.57,IC50
CHEMBL4227701,C=CC(=O)Nc1cc(Nc2ncc3nc(Nc4ccccc4)n(C(C)C)c3n2)c(OC)cc1N(C)CCN(C)C,8.29,IC50
CHEMBL4228120,O=C(N/N=C/c1cc(F)c(F)cc1Cl)N1CCc2ncnc(Nc3ccc(F)c(Cl)c3)c2C1,7.37,IC50
CHEMBL4229213,O=C(N/N=C/c1cccs1)N1CCc2ncnc(Nc3ccc(F)c(Cl)c3)c2C1,7.2,IC50
CHEMBL4226907,O=C(N/N=C/c1ccc(F)cc1Cl)N1CCc2ncnc(Nc3cccc(Br)c3)c2C1,7.75,IC50
CHEMBL4227281,Cc1ccc(/C=N/NC(=O)N2CCc3ncnc(Nc4cccc(C(F)(F)F)c4)c3C2)cc1,7.62,IC50
CHEMBL4228473,C=CC(=O)Nc1cccc(NC(=O)Nc2ccnc(Nc3ccc(N4CCN(C)CC4)cc3OC)n2)c1,7.77,IC50
CHEMBL4225781,C=CC(=O)Nc1cccc(NC(=O)Nc2ccnc(Nc3ccc(N4CCC(N5CCOCC5)CC4)cc3OC)n2)c1,8.4,IC50
CHEMBL4224932,C=CC(=O)Nc1cccc(NC(=O)Nc2ccnc(Nc3ccc(N4CCC(N5CCN(C)CC5)CC4)cc3OC)n2)c1,8.3,IC50
CHEMBL4228176,C=CC(=O)Nc1cccc(NC(=O)Nc2ccnc(Nc3ccc(N4CCC(N(CC)CC)CC4)cc3OC)n2)c1,8.7,IC50
CHEMBL4225191,C=CC(=O)Nc1cccc(NC(=O)Nc2ccnc(Nc3ccc(N4CCC(N(C)C)CC4)cc3OC)n2)c1,8.7,IC50
CHEMBL4225255,C=CC(=O)Nc1cccc(NC(=O)Nc2ccnc(Nc3ccc(N(C)CCN(C)C)cc3OC)n2)c1,7.72,IC50
CHEMBL4227812,C=CC(=O)Nc1cccc(NC(=O)Nc2ccnc(Nc3ccc(OC)cc3OC)n2)c1,7.24,IC50
CHEMBL4226965,C=CC(=O)Nc1cccc(NC(=O)Nc2ccnc(Nc3ccc(N4CCN(C)CC4)cc3)n2)c1,7.32,IC50
CHEMBL4227552,C=CC(=O)Nc1cccc(NC(=O)Nc2ccnc(Nc3ccc(N4CCN(CCF)CC4)cc3OC)n2)c1,7.66,IC50
CHEMBL4226702,C=CC(=O)Nc1cccc(NC(=O)Nc2ccnc(Nc3ccc(N4CCOCC4)cc3OC)n2)c1,7.82,IC50
CHEMBL4227278,C=CC(=O)Nc1cccc(NC(=O)Nc2ccnc(Nc3ccc(N4CCOCC4)cc3)n2)c1,7.06,IC50
CHEMBL4226436,C=CC(=O)Nc1cccc(NC(=O)Nc2ccnc(Nc3ccc(C4CCN(C)CC4)cc3OC)n2)c1,7.55,IC50
CHEMBL4229266,C=CC(=O)Nc1cccc(NC(=O)Nc2ccnc(Nc3ccc(C(=O)N(CC)CC)cc3OC)n2)c1,7.0,IC50
CHEMBL4229010,C=CC(=O)Nc1cccc(NC(=O)Nc2ccnc(Nc3ccc(N(CC)CC)cc3OC)n2)c1,7.92,IC50
CHEMBL4226562,C=CC(=O)Nc1cccc(NC(=O)Nc2nc(Nc3ccc(N4CCC(N5CCOCC5)CC4)cc3OC)ncc2Cl)c1,7.43,IC50
CHEMBL4228518,CN(C)CCOc1ccc(Nc2ncc3nc(Sc4ccc(F)cc4)n(C4CCOCC4)c3n2)cc1,8.92,IC50
CHEMBL4226676,CN(C)C1CCN(c2ccc(Nc3ncc4nc(Sc5ccccc5)n(C5CCOCC5)c4n3)cc2)CC1,8.8,IC50
CHEMBL4245415,Cc1coc2ncnc(N(C)c3ccc(N(C)C)cc3)c12,8.51,IC50
CHEMBL4250210,CNc1ccc(N(C)c2ncnc3occ(C)c23)cc1,8.19,IC50
CHEMBL4239716,CSc1ccc(N(C)c2ncnc3occ(C)c23)cc1,8.14,IC50
CHEMBL4242522,CCc1ccc(N(C)c2ncnc3occ(C)c23)cc1,8.4,IC50
CHEMBL4237916,CCCN(c1ccc(OC)cc1)c1ncnc2occ(C)c12,8.15,IC50
CHEMBL4250273,COc1ccc(N(c2ncnc3occ(C)c23)C(C)C)cc1,8.0,IC50
CHEMBL4241638,CCN(c1ccc(OC)cc1)c1ncnc2occ(C)c12,7.03,IC50
CHEMBL4250191,COc1ccc(N(C)c2ncnc3occ(C)c23)cc1,7.81,IC50
CHEMBL4286031,Fc1cc(F)cc(NC(=S)Nc2ccc3ncnc(Nc4cccc(Br)c4)c3c2)c1,7.22,IC50
CHEMBL4277911,C=C=CC(=O)Nc1cc(Nc2nccc(-c3cn(C)c4ccccc34)n2)c(OC)cc1N(CC)CCN(C)C,9.1,IC50
CHEMBL4288246,C=C=CC(=O)Nc1cc(Nc2nccc(-c3cn(C)c4ccccc34)n2)c(OC)cc1N(C)CCN1CCOCC1,8.92,IC50
CHEMBL4293145,C=C=CC(=O)Nc1cc(Nc2nccc(-c3cn(C)c4ccccc34)n2)c(OC)cc1O[C@H]1CCOC1,9.15,IC50
CHEMBL4282543,C=C=CC(=O)Nc1cc(Nc2nccc(-c3cn(C)c4ccccc34)n2)c(OC)cc1OCCN1CCN(C)CC1,9.4,IC50
CHEMBL4287401,C=C=CC(=O)Nc1cc(Nc2nccc(-c3cn(C)c4ccccc34)n2)c(OC)cc1OCCN1CCOCC1,9.15,IC50
CHEMBL4293734,C=C=CC(=O)Nc1cc(Nc2nccc(-c3cn(C)c4ccccc34)n2)c(OC)cc1N1CCC(N(C)C)CC1,9.0,IC50
CHEMBL4290812,C=C=CC(=O)Nc1cc(Nc2nccc(-c3cn(C)c4ccccc34)n2)c(OC)cc1N1CCN(C)CC1,9.52,IC50
CHEMBL4282954,C=C=CC(=O)Nc1cc(Nc2nccc(-c3cn(C)c4ccccc34)n2)c(OC)cc1N1CCOCC1,9.22,IC50
CHEMBL4294211,C=C=CC(=O)Nc1cc(Nc2nccc(-c3cn(C)c4ccccc34)n2)c(OC)cc1N1CCC(N2CCOCC2)CC1,9.15,IC50
CHEMBL4279016,C=C=CC(=O)Nc1cc(Nc2nccc(-c3cn(C)c4ccccc34)n2)c(OC)cc1N1CCC(N2CCN(C)CC2)CC1,9.15,IC50
CHEMBL4286318,C=C=CC(=O)Nc1cc(Nc2nccc(-c3cn(C)c4ccccc34)n2)c(OC)cc1N(C)CCN(C)C,8.85,IC50
CHEMBL4278815,C=C=CC(=O)Nc1cc(Nc2nccc(-c3cnn4ccccc34)n2)c(OC)cc1N(C)CCN(C)C,8.89,IC50
CHEMBL4289490,C=C=CC(=O)Nc1cc(Nc2nccc(-c3cn(C)c4cc(Cl)ccc34)n2)c(OC)cc1N(C)CCN(C)C,8.59,IC50
CHEMBL4287141,C=C=CC(=O)Nc1cc(Nc2nccc(-c3cn(C)c4cc(F)ccc34)n2)c(OC)cc1N(C)CCN(C)C,9.0,IC50
CHEMBL4279227,C=C=CC(=O)Nc1cc(Nc2nccc(-c3c[nH]c4ccccc34)n2)c(OC)cc1N(C)CCN(C)C,9.3,IC50
CHEMBL4290568,C=C=CC(=O)Nc1cc(Nc2ncc(C)c(-c3cn(C)c4ccccc34)n2)c(OC)cc1N(C)CCN(C)C,9.0,IC50
CHEMBL4282688,C=C=CC(=O)Nc1cc(Nc2ncc(OC)c(-c3cn(C)c4ccccc34)n2)c(OC)cc1N(C)CCN(C)C,9.15,IC50
CHEMBL4293126,C=C=CC(=O)Nc1cc(Nc2nccc(-c3cn(C)c4ccccc34)n2)c(OCC)cc1N(C)CCN(C)C,9.1,IC50
CHEMBL4282523,C=C=CC(=O)Nc1cc(Nc2nccc(-c3cn(C)c4ccccc34)n2)ccc1N(C)CCN(C)C,8.82,IC50
CHEMBL4280993,C=C=CC(=O)Nc1cc(Nc2nccc(-c3cn(C)c4ccccc34)n2)c(C)cc1N(C)CCN(C)C,8.57,IC50
CHEMBL4279057,C=C=CC(=O)Nc1cc(Nc2nccc(-c3cn(C)c4ccccc34)n2)c(OC)cc1N1CCC(N(C)C)C1,9.15,IC50
CHEMBL4293051,C=CC(=O)Nc1cccc(-n2c(=O)c(=O)n(C(C)C)c3cnc(Nc4ccc(N5CCN(C)CC5)cc4OC)nc32)c1,9.52,IC50
CHEMBL4288300,COc1cccc(Nc2cc(Nc3cc(OC)ccc3OC)ncn2)c1,8.11,IC50
CHEMBL4283823,COc1ccc(Nc2cc(NC(=O)c3ccccc3)ncn2)cc1,7.58,IC50
CHEMBL4282460,O=C(O)CCCC(=O)Nc1cc(Nc2cccc(Cl)c2)ncn1,8.15,IC50
CHEMBL4290750,CCOC(=O)c1ccc(Nc2cc(NC(=O)CCCC(=O)O)ncn2)cc1,7.68,IC50
CHEMBL4282879,COc1ccc(OC)c(Nc2cc(NC(=O)CCCC(=O)O)ncn2)c1,7.17,IC50
CHEMBL4294156,COc1cccc(Nc2cc(NC(=O)CCCC(=O)O)ncn2)c1,7.92,IC50
CHEMBL4286263,O=C(O)CCCC(=O)Nc1cc(Nc2cccc(Br)c2)ncn1,7.16,IC50
CHEMBL4283970,O=C(O)CCCC(=O)Nc1cc(N2CCOCC2)ncn1,7.96,IC50
CHEMBL4283061,CCOC(=O)CCCC(=O)Nc1cc(Nc2cccc(Cl)c2)ncn1,7.57,IC50
CHEMBL1379917,O=C(Nc1cc(N2CCOCC2)ncn1)c1ccc(F)cc1,7.2,IC50
CHEMBL3545311,COc1cc(N2CCC(N3CCN(C)CC3)CC2)ccc1Nc1ncc(Cl)c(Nc2ccccc2P(C)(C)=O)n1,9.15,IC50
CHEMBL4294743,CCC(=O)N[C@H]1CC[C@H](N2C(=O)N(c3ccccc3Cl)Cc3cnc(Nc4ccc(N5CCN(C)CC5)c(C)c4)nc32)CC1,8.26,IC50
CHEMBL4292351,C=CC(=O)Nc1cccc(Nc2nc(Nc3ccc(CN4CCOCC4)cc3OC)ncc2Cl)c1,7.77,IC50
CHEMBL4291935,C=CC(=O)Nc1cccc(Nc2nc(Nc3ccc(CN4CCOCC4)cc3)ncc2F)c1,7.09,IC50
CHEMBL4284071,C=CC(=O)Nc1cccc(Nc2nc(Nc3ccc(CN4CCOCC4)cc3)ncc2Cl)c1,9.15,IC50
CHEMBL4291900,C=CC(=O)Nc1cccc(Nc2nc(Nc3ccc(OCCN4CCOCC4)cc3)ncc2Cl)c1,7.02,IC50
CHEMBL4288482,C=CC(=O)Nc1cccc(Nc2nc(Nc3ccc(CC(=O)N4CCOCC4)cc3)ncc2Cl)c1,7.01,IC50
CHEMBL4277822,C=CC(=O)Nc1cccc(Oc2nc(Nc3ccc(CC(=O)N4CCOCC4)cc3)ncc2Cl)c1,7.0,IC50
CHEMBL4280174,C=CC(=O)Nc1ccccc1Nc1nc(Nc2ccc(CN3CCOCC3)cc2)ncc1Cl,7.82,IC50
CHEMBL4288080,C=CC(=O)Nc1ccccc1Nc1nc(Nc2ccc(OCCN3CCOCC3)cc2)ncc1Cl,7.87,IC50
CHEMBL4276744,C=CC(=O)Nc1ccccc1Nc1nc(Nc2ccc(OCCCN3CCOCC3)cc2)ncc1Cl,7.67,IC50
CHEMBL4284684,C=CC(=O)Nc1ccccc1Nc1nc(Nc2ccc(OCC(=O)N3CCOCC3)cc2)ncc1Cl,7.61,IC50
CHEMBL4278226,C=CC(=O)Nc1ccccc1Nc1nc(Nc2ccc(NC(=O)CN3CCOCC3)cc2)ncc1Cl,7.66,IC50
CHEMBL4284413,O=C(Nc1nccs1)C(c1ccccc1)N1Cc2ccccc2C1=O,7.62,IC50
CHEMBL4290869,CC(C)(O)CC(=O)NCCc1ccc2ncnc(Nc3ccc(Oc4cccc(C(F)(F)F)c4)c(Cl)c3)c2c1,8.01,IC50
CHEMBL4280817,O=C1CSC(N2N=C(c3ccncc3)CC2c2ccc(Br)cc2)=N1,8.05,IC50
CHEMBL4278886,Nc1ccc(-c2cc3c(Nc4ccc(Oc5cccc(C(F)(F)F)c5)c(Cl)c4)ncnc3s2)cc1,7.67,IC50
CHEMBL4291471,CC(=O)Nc1ccc(-c2cc3c(Nc4ccc(Oc5cccc(C(F)(F)F)c5)c(Cl)c4)ncnc3s2)cc1,7.32,IC50
CHEMBL4280835,CS(=O)(=O)Nc1ccc(-c2cc3c(Nc4ccc(Oc5cccc(C(F)(F)F)c5)c(Cl)c4)ncnc3s2)cc1,7.33,IC50
CHEMBL4288374,O=C(NCCN1CCOCC1)Nc1ccc(-c2cc3c(Nc4ccc(Oc5cccc(C(F)(F)F)c5)c(Cl)c4)ncnc3s2)cc1,7.04,IC50
CHEMBL4281426,O=C1Nc2ccc(S(=O)(=O)N3CCOCC3)cc2/C1=N/Nc1ccccc1,7.34,IC50
CHEMBL4282506,N#CCC(=O)N/N=C1\C(=O)Nc2ccc(S(=O)(=O)N3CCOCC3)cc21,7.64,IC50
CHEMBL4552429,C=CC(=O)Nc1cc(Nc2nc3c(c(-c4cn(C)c5ccccc45)n2)CSCC3)c(OC)cc1N(C)CCN(C)C,7.46,IC50
CHEMBL4471845,C=C(Cl)C(=O)Nc1cc(Nc2nc3c(c(-c4cn(C)c5ccccc45)n2)CSCC3)c(OC)cc1N(C)CCN(C)C,7.51,IC50
CHEMBL4444312,CCC/C=C\C(=O)Nc1cc(Nc2nc3c(c(-c4cn(C)c5ccccc45)n2)CS(=O)(=O)CC3)c(OC)cc1N(C)CCN(C)C,7.8,IC50
CHEMBL4439982,C[N+](C)(C/C=C/C(=O)Nc1ccc2ncnc(Nc3cccc(Br)c3)c2c1)Cc1ccc([N+](=O)[O-])cc1.[Br-],9.66,IC50
CHEMBL4527121,C[N+](C)(C/C=C/C(=O)Nc1ccc2ncnc(Nc3cccc(Br)c3)c2c1)Cc1ccccc1[N+](=O)[O-].[Br-],9.66,IC50
CHEMBL4540138,Cn1c(C[N+](C)(C)C/C=C/C(=O)Nc2ccc3ncnc(Nc4cccc(Br)c4)c3c2)ccc1[N+](=O)[O-].[Br-],9.66,IC50
CHEMBL4560430,Cn1cnc([N+](=O)[O-])c1C[N+](C)(C)C/C=C/C(=O)Nc1ccc2ncnc(Nc3cccc(Br)c3)c2c1.[Br-],9.66,IC50
CHEMBL4473277,Cn1cc([N+](=O)[O-])nc1C[N+](C)(C)C/C=C/C(=O)Nc1ccc2ncnc(Nc3cccc(Br)c3)c2c1.[Br-],9.66,IC50
CHEMBL4516232,Cn1ncc([N+](=O)[O-])c1C[N+](C)(C)C/C=C/C(=O)Nc1ccc2ncnc(Nc3cccc(Br)c3)c2c1.[Br-],9.66,IC50
CHEMBL4449589,CC(C)(O)Cn1/c(=N/C(=O)c2ccnc(-c3cccnc3)c2)[nH]c2ccccc21,7.97,IC50
CHEMBL4519157,O=C1/N=C2\Nc3ccccc3N2CCCCCOc2ccccc2-c2cc1ccn2,8.52,IC50
CHEMBL4532034,COc1ccncc1-c1cc(C(=O)/N=c2\[nH]c3ccccc3n2CC(C)(C)O)ccn1,9.0,IC50
CHEMBL4550104,Cc1cc2cc(n1)-c1cnn(C)c1OCCCCCN1/C(=N/C2=O)Nc2ccccc21,9.0,IC50
CHEMBL4434788,CC(C)(O)Cn1/c(=N/C(=O)c2ccnc(-c3ccccc3)c2)[nH]c2ccccc21,7.88,IC50
CHEMBL4562138,Cc1cc2cc(n1)-c1cnn(C)c1OCCC[C@@H](C)CN1/C(=N/C2=O)Nc2ccccc21,9.1,IC50
CHEMBL4537790,Cc1cc2cc(n1)-c1cnn(C)c1OCCC[C@@H](C)CN1/C(=N/C2=O)Nc2ccc(CN3CCN(C)CC3)cc21,10.7,IC50
CHEMBL4566193,Cn1ncc2c1OCCCCCN1/C(=N/C(=O)c3cc(F)nc-2c3)Nc2ccccc21,8.92,IC50
CHEMBL4525935,Cn1cc(-c2cc(C(=O)/N=c3\[nH]c4ccccc4n3CC(C)(C)O)ccn2)cn1,7.94,IC50
CHEMBL4534611,COc1cc2ncnc(Nc3ccc(F)c(Cl)c3)c2cc1OCCCN1CCNCCNCCNCC1,8.18,IC50
CHEMBL4522240,COc1cc2ncnc(Nc3ccc(OCc4cccc(F)c4)c(Cl)c3)c2cc1OCCCN1CCNCCNCCNCC1,8.85,IC50
CHEMBL4586581,COc1cc2ncnc(Nc3ccc(F)c(Cl)c3)c2cc1OCCCN1CCNCCNCC1,8.08,IC50
CHEMBL4435885,COc1cc2ncnc(Nc3ccc(Br)cc3F)c2cc1OCCCN1CCNCCNCC1,7.55,IC50
CHEMBL4563873,COc1cc2ncnc(Nc3ccc(F)c(Br)c3)c2cc1OCCCN1CCNCCNCC1,8.25,IC50
CHEMBL4439338,COc1cc2ncnc(Nc3ccc(OCc4cccc(F)c4)c(Cl)c3)c2cc1OCCCN1CCNCCNCC1,9.52,IC50
CHEMBL4578561,CCOc1cc2ncc(C#N)c(Nc3ccc(Cl)c(F)c3)c2cc1NC(=O)/C=C/CN(C)C,7.42,IC50
CHEMBL4578466,CCOc1cc2ncc(C#N)c(Nc3ccc(OCc4ccccn4)c(F)c3)c2cc1NC(=O)/C=C/CN(C)C,7.04,IC50
CHEMBL4474073,COCCCOc1cc2ncnc(Nc3ccc(F)c(Cl)c3)c2cc1NC(=O)/C=C/CN(C)C,9.12,IC50
CHEMBL4577883,COC[C@@H](C)Oc1cc2ncnc(Nc3ccc(F)c(Cl)c3)c2cc1NC(=O)/C=C/CN(C)C,9.03,IC50
CHEMBL4443188,COC[C@H](C)Oc1cc2ncnc(Nc3ccc(F)c(Cl)c3)c2cc1NC(=O)/C=C/CN(C)C,8.56,IC50
CHEMBL4473875,CCOCCOc1cc2ncnc(Nc3ccc(F)c(Cl)c3)c2cc1NC(=O)/C=C/CN(C)C,9.16,IC50
CHEMBL4592101,CCCOCCOc1cc2ncnc(Nc3ccc(F)c(Cl)c3)c2cc1NC(=O)/C=C/CN(C)C,8.55,IC50
CHEMBL4450824,CC(C)OCCOc1cc2ncnc(Nc3ccc(F)c(Cl)c3)c2cc1NC(=O)/C=C/CN(C)C,8.81,IC50
CHEMBL4591886,CCOCCOc1cc2ncnc(Nc3ccc(F)c(Cl)c3)c2cc1NC(=O)/C=C/CN(CC)CC,8.83,IC50
CHEMBL442938,C[C@H]1[C@H](C)CC[C@]2(C(=O)O)CC[C@]3(COC(=O)/C=C/c4ccc(O)cc4)C(=CC[C@@H]4[C@@]5(C)CC[C@H](O)C(C)(C)[C@@H]5CC[C@]43C)[C@H]12,7.25,IC50
CHEMBL4441392,Cc1cc(=O)n2nc(SCc3ccc(F)cc3)nc2[nH]1,7.28,IC50
CHEMBL4456976,Cc1cc(=O)n2nc(SCc3ccc(C(C)C)cc3)nc2[nH]1,7.21,IC50
CHEMBL4435632,Cc1cc(=O)n2nc(SCc3cccc(C(F)(F)F)c3)nc2[nH]1,7.09,IC50
CHEMBL2178513,Cc1cc(O)n2nc(SCc3cccc(Cl)c3)nc2n1,7.23,IC50
CHEMBL4445265,Cc1cc(=O)n2nc(SCc3ccc([N+](=O)[O-])cc3)nc2[nH]1,7.12,IC50
CHEMBL4565086,Cc1cc(=O)n2nc(SCc3cccc([N+](=O)[O-])c3)nc2[nH]1,7.11,IC50
CHEMBL4567599,Cc1cc(=O)n2nc(SCc3ccc(C(C)(C)C)cc3)nc2[nH]1,7.07,IC50
CHEMBL3818535,Cc1cc(=O)n2nc(SCc3ccc(Cl)cc3)nc2[nH]1,7.27,IC50
CHEMBL4436337,C=CC(=O)Nc1cccc(Nc2ncnc3cc(OC)c(OCCN4CCOCC4)cc23)c1,8.37,IC50
CHEMBL4547332,C=CC(=O)Nc1cc2c(Nc3ccc(Br)cc3F)ncnc2cc1OCCCC(=O)CN(C)C,8.7,IC50
CHEMBL4516586,C=CC(=O)Nc1ccc(Nc2ncnc3cc(OC)c(OCCN4CCOCC4)cc23)cc1,8.37,IC50
CHEMBL4464404,C=CC(=O)Nc1cccc(Oc2nc(Nc3ccc(N4CCOCC4)cc3)nc3[nH]cc(-c4ccncc4)c23)c1,8.64,IC50
CHEMBL4457018,C=CC(=O)N1CCC[C@@H](Oc2nc(Nc3ccc(N4CCN(CC)CC4)cc3)nc3[nH]cc(-c4cncc(NC)n4)c23)C1,8.06,IC50
CHEMBL4549626,C=CC(=O)N1CCC(Oc2nc(Nc3ccc(N4CCOCC4)cc3)nc3[nH]cc(-c4ccnc(NC)c4)c23)CC1,7.42,IC50
CHEMBL4575583,C=CC(=O)Nc1ccc(OC)c(Nc2cc(-c3nc(SC)n(C)c3-c3ccc(F)cc3)ccn2)c1,9.0,IC50
CHEMBL4439680,COc1ccc(/C=C/C(=O)Nc2cc3c(Nc4ccc(F)c(Cl)c4)ncnc3cc2O[C@@H]2CCOC2)cc1,8.05,IC50
CHEMBL4466350,COc1cc(/C=C/C(=O)Nc2cc3c(Nc4ccc(F)c(Cl)c4)ncnc3cc2O[C@@H]2CCOC2)cc(OC)c1OC,8.05,IC50
CHEMBL4463898,COc1cc2c(Nc3ccc(Br)cc3F)ncnc2cc1OCC1CCN(C(=O)Cn2cncc2[N+](=O)[O-])CC1,8.49,IC50
CHEMBL4468893,COc1cc2c(Nc3ccc(F)c(F)c3)ncnc2cc1OCCOCCOCCNC(=O)Cn1cnc([N+](=O)[O-])n1,7.7,IC50
CHEMBL4532084,COc1cc2c(Nc3ccc(C)c(Br)c3)ncnc2cc1OCCOCCOCCNC(=O)Cn1cnc([N+](=O)[O-])n1,8.21,IC50
CHEMBL4531912,COc1cc2c(Nc3ccc(F)cc3Cl)ncnc2cc1OCCOCCOCCNC(=O)Cn1cnc([N+](=O)[O-])n1,7.89,IC50
CHEMBL4435233,COc1cc2c(Nc3ccc(Br)cc3F)ncnc2cc1OCCOCCOCCNC(=O)Cn1cnc([N+](=O)[O-])n1,8.3,IC50
CHEMBL4471491,COc1cc2c(Nc3ccc(Cl)c(Cl)c3F)ncnc2cc1OCCOCCNC(=O)Cn1cnc([N+](=O)[O-])n1,9.16,IC50
CHEMBL4460151,COc1cc2c(Nc3ccc(F)cc3)ncnc2cc1OCCOCCNC(=O)Cn1cnc([N+](=O)[O-])n1,7.78,IC50
CHEMBL4560187,COc1cc2c(Nc3cccc(F)c3)ncnc2cc1OCCOCCNC(=O)Cn1cnc([N+](=O)[O-])n1,8.51,IC50
CHEMBL4576032,COc1cc2c(Nc3ccc(F)c(F)c3)ncnc2cc1OCCOCCNC(=O)Cn1cnc([N+](=O)[O-])n1,8.43,IC50
CHEMBL4540303,COc1cc2c(Nc3ccc(C)c(Br)c3)ncnc2cc1OCCOCCNC(=O)Cn1cnc([N+](=O)[O-])n1,9.43,IC50
CHEMBL4515673,COc1cc2c(Nc3ccc(F)cc3Cl)ncnc2cc1OCCOCCNC(=O)Cn1cnc([N+](=O)[O-])n1,7.68,IC50
CHEMBL4521028,COc1cc2c(Nc3ccc(Br)cc3F)ncnc2cc1OCCOCCNC(=O)Cn1cnc([N+](=O)[O-])n1,8.23,IC50
CHEMBL4463765,COc1cc2c(Nc3ccc(C)c(Br)c3)ncnc2cc1OCCNC(=O)Cn1cnc([N+](=O)[O-])n1,7.73,IC50
CHEMBL4535949,COc1cc2c(Nc3ccc(F)cc3Cl)ncnc2cc1OCCNC(=O)Cn1cnc([N+](=O)[O-])n1,7.32,IC50
CHEMBL4453429,COc1cc2c(Nc3ccc(Br)cc3F)ncnc2cc1OCCNC(=O)Cn1cnc([N+](=O)[O-])n1,7.36,IC50
CHEMBL4546122,COc1ccc(-c2cc3ncnc(Nc4cc(OC)c(OC)c(OC)c4)c3s2)cc1,7.28,IC50
CHEMBL4569885,COc1cc(Nc2ncnc3cc(-c4ccc(C)cc4)sc23)cc(OC)c1OC,7.52,IC50
CHEMBL4473768,COc1cc(Nc2ncnc3cc(-c4ccc(I)cc4)sc23)cc(OC)c1OC,8.0,IC50
CHEMBL4460381,COc1cc(Nc2ncnc3cc(-c4cccs4)sc23)cc(OC)c1OC,8.6,IC50
CHEMBL4541014,COc1cc(Nc2ncnc3cc(-c4ccccc4)sc23)cc(OC)c1OC,7.64,IC50
CHEMBL4462318,COc1cc2c(Oc3ccc(NS(=O)(=O)c4c(F)cccc4F)cc3F)ccnc2cc1OCCCN1CCN(C)CC1,7.8,KD
CHEMBL4468464,C=CC(=O)Nc1cc2c(Nc3ccc(F)c(Cl)c3)ncnc2cc1OCc1cn(Cc2ccccc2F)nn1,7.92,IC50
CHEMBL4454948,C=CC(=O)Nc1cc2c(Nc3ccc(F)c(Cl)c3)ncnc2cc1OCc1cn(Cc2cccc(F)c2)nn1,8.4,IC50
CHEMBL4515526,C=CC(=O)Nc1cc2c(Nc3ccc(F)c(Cl)c3)ncnc2cc1OCc1cn(Cc2ccc(F)cc2)nn1,8.22,IC50
CHEMBL4460706,C=CC(=O)Nc1cc2c(Nc3ccc(F)c(Cl)c3)ncnc2cc1OCc1cn(Cc2ccc(Cl)cc2)nn1,7.92,IC50
CHEMBL4436695,C=CC(=O)Nc1cc2c(Nc3ccc(F)c(Cl)c3)ncnc2cc1OCc1cn(Cc2ccc(OC)cc2)nn1,8.3,IC50
CHEMBL4563683,C=CC(=O)Nc1cc2c(Nc3ccc(F)c(Cl)c3)ncnc2cc1OCc1cn(Cc2ccc(C)cc2)nn1,7.82,IC50
CHEMBL4584413,C=CC(=O)Nc1cc2c(Nc3ccc(F)c(Cl)c3)ncnc2cc1OCc1cn(CCc2ccccc2)nn1,7.92,IC50
CHEMBL4578487,C=CC(=O)Nc1cc2c(Nc3ccc(F)c(Cl)c3)ncnc2cc1OCc1cn(Cc2ccccc2)nn1,8.1,IC50
CHEMBL4575267,C=CC(=O)Nc1cc2c(Nc3ccc(F)c(Cl)c3)ncnc2cc1OCc1cn(-c2ccccc2)nn1,7.58,IC50
CHEMBL4521506,C=CC(=O)Nc1cc2c(Nc3ccc(F)c(Cl)c3)ncnc2cc1OCc1cn(CCCN2CCOCC2)nn1,8.4,IC50
CHEMBL4476544,C=CC(=O)Nc1cc2c(Nc3ccc(F)c(Cl)c3)ncnc2cc1OCc1cn(CCCO)nn1,8.4,IC50
CHEMBL4443413,CCC(=O)N1CC[C@@H](n2c(=O)c(-c3ccccc3Cl)c(C)c3cnc(Nc4ccc(N5CCN(C)CC5)c(C)c4)nc32)C1,7.09,IC50
CHEMBL4529308,CCC(=O)N1CCC[C@@H](n2c(=O)c(-c3ccccc3Br)c(C)c3cnc(Nc4ccc(N5CCN(C)CC5)c(C)c4)nc32)C1,7.25,IC50
CHEMBL4462965,CCC(=O)N1CCC[C@@H](n2c(=O)c(-c3cc(F)ccc3Cl)c(C)c3cnc(Nc4ccc(N5CCN(C)CC5)c(C)c4)nc32)C1,7.43,IC50
CHEMBL4459978,CCC(=O)N[C@H]1CC[C@@H](n2c(=O)c(-c3ccccc3Cl)c(C)c3cnc(Nc4ccc(N5CCN(C)CC5)c(C)c4)nc32)CC1,7.56,IC50
CHEMBL4446258,CCC(=O)N1CCC[C@@H](n2c(=O)c(-c3ccccc3Cl)c(C)c3cnc(Nc4ccc(N5CCN(C)CC5)c(C)c4)nc32)C1,7.19,IC50
CHEMBL4450934,CCC(=O)N1CCC[C@@H](n2c(=O)c(-c3ccc(F)cc3Cl)c(C)c3cnc(Nc4ccc(N5CCN(C)CC5)c(C)c4)nc32)C1,7.05,IC50
CHEMBL4474196,CCC(=O)N1CCC[C@@H](n2c(=O)c(-c3cccc(F)c3Cl)c(C)c3cnc(Nc4ccc(N5CCN(C)CC5)c(C)c4)nc32)C1,7.56,IC50
CHEMBL4443062,O=C(Nc1nccs1)C(c1cc(F)ccc1O)N1Cc2ccc(-c3ccc(N4CCNCC4)cc3)cc2C1=O,9.7,IC50
CHEMBL4464879,C=CC(=O)Nc1cc(Nc2nccc(-c3cn(C)c4ccccc34)n2)c(OC)cc1N(C)CCO,7.0,IC50
CHEMBL4463766,C=CC(=O)Nc1cc(Nc2nccc(-c3cn(C)c4ccccc34)n2)c(OC)cc1N1CCSCC1,7.19,IC50
CHEMBL4460261,C=CC(=O)Nc1cc(Nc2nccc(-c3cn(C)c4ccccc34)n2)c(OC)cc1N1CC[S+]([O-])CC1,7.19,IC50
CHEMBL4454929,C=CC(=O)Nc1cc(Nc2nccc(-c3cn(C)c4ccccc34)n2)c(OC)cc1N1CCS(=O)(=O)CC1,7.42,IC50
CHEMBL4570333,C=CC(=O)Nc1cc(Nc2nccc(-c3cn(C)c4ccccc34)n2)c(OC)cc1SCCN(C)C,7.96,IC50
CHEMBL4441606,C=CC(=O)Nc1cc(Nc2nccc(-c3cn(C)c4ccccc34)n2)c(OC)cc1[S+]([O-])CCN(C)C,8.4,IC50
CHEMBL4529558,COc1cc2ncnc(Nc3ccc(F)c(Cl)c3)c2cc1OCCCN1CCN(C(=O)CCCCCCCCCC(=O)N[C@H](C(=O)N2C[C@H](O)C[C@H]2C(=O)NCc2ccc(-c3scnc3C)cc2)C(C)(C)C)CC1,7.96,KD
CHEMBL4578319,COc1cc2ncnc(Nc3ccc(F)c(Cl)c3)c2cc1OCCCN1CCN(C(=O)CCCCCCCCCC(=O)N[C@H](C(=O)N2C[C@@H](O)C[C@@H]2C(=O)NCc2ccc(-c3scnc3C)cc2)C(C)(C)C)CC1,8.07,KD
CHEMBL4544574,COc1cc2ncnc(Nc3ccc(F)c(Cl)c3)c2cc1OCCCN1CCN(CCC(=O)NCCCCCCCCOc2cccc3c2C(=O)N(C2CCC(=O)NC2=O)C3=O)CC1,8.74,KD
CHEMBL4442491,COc1cc2ncnc(Nc3ccc(F)c(Cl)c3)c2cc1OCCCN1CCN(CCC(=O)NCCCCCCCCOc2cccc3c2C(=O)N(C2CCC(=O)N(C)C2=O)C3=O)CC1,8.52,KD
CHEMBL4520341,C=CC(=O)Nc1cc(Nc2ncc(Cl)c(Nc3ccccc3P(C)(C)=O)n2)c(OC)cc1N(C)CCN(C)C,8.7,IC50
CHEMBL4558227,C=CC(=O)Nc1cc(Nc2ncc(F)c(Nc3ccccc3P(C)(C)=O)n2)c(OC)cc1N(C)CCN(C)C,8.7,IC50
CHEMBL4465103,C=CC(=O)Nc1cc(Nc2nccc(Nc3ccccc3P(C)(C)=O)n2)c(OC)cc1N(C)CCN(C)C,8.3,IC50
CHEMBL4531697,C=CC(=O)Nc1cc(Nc2ncc(I)c(Nc3ccccc3S(=O)(=O)C(C)C)n2)c(OC)cc1N(C)CCN(C)C,8.05,IC50
CHEMBL4473365,C=CC(=O)Nc1cc(Nc2ncc(Cl)c(Nc3ccccc3S(=O)(=O)C(C)C)n2)c(OC)cc1N(C)CCN(C)C,8.7,IC50
CHEMBL4448107,C=CC(=O)Nc1cc(Nc2ncc(F)c(Nc3ccccc3S(=O)(=O)C(C)C)n2)c(OC)cc1N(C)CCN(C)C,8.7,IC50
CHEMBL4516287,C=CC(=O)Nc1cc(Nc2nccc(Nc3ccccc3S(=O)(=O)C(C)C)n2)c(OC)cc1N(C)CCN(C)C,7.58,IC50
CHEMBL2403108,Cc1cc(Nc2ncc(Cl)c(Nc3ccccc3S(=O)(=O)C(C)C)n2)c(OC(C)C)cc1C1CCNCC1,7.72,IC50
CHEMBL4467561,C=CC(=O)Nc1cc(Nc2ncc(I)c(Nc3ccccc3S(=O)(=O)N(C)C)n2)c(OC)cc1N(C)CCN(C)C,8.52,IC50
CHEMBL4449391,C=CC(=O)Nc1cc(Nc2ncc(Cl)c(Nc3ccccc3S(=O)(=O)N(C)C)n2)c(OC)cc1N(C)CCN(C)C,8.7,IC50
CHEMBL4565984,C=CC(=O)Nc1cc(Nc2ncc(F)c(Nc3ccccc3S(=O)(=O)N(C)C)n2)c(OC)cc1N(C)CCN(C)C,8.7,IC50
CHEMBL4540442,C=CC(=O)Nc1cc(Nc2nccc(Nc3ccccc3S(=O)(=O)N(C)C)n2)c(OC)cc1N(C)CCN(C)C,8.4,IC50
CHEMBL4581316,C=CC(=O)Nc1cc(Nc2ncc(I)c(Nc3ccccc3P(C)(C)=O)n2)c(OC)cc1N(C)CCN(C)C,8.7,IC50
CHEMBL4454516,C=CC(=O)Nc1cc(Nc2nccc(NC(=O)c3ccccc3)n2)c(OC)cc1N1CCC(C(N)=O)CC1,9.23,IC50
CHEMBL4476791,C=CC(=O)Nc1cc(Nc2nccc(NC(=O)c3ccccc3)n2)c(OC)cc1N(C)C,8.65,IC50
CHEMBL4451619,C=CC(=O)Nc1cc(Nc2nccc(NC(=O)c3cccc(OC)c3)n2)c(OC)cc1N1CCN(C)CC1,7.26,IC50
CHEMBL4563980,C=CC(=O)Nc1cc(Nc2nccc(NC(=O)c3cccc(OC)c3)n2)c(OC)cc1N(C)CCN(C)C,7.23,IC50
CHEMBL4555707,C=CC(=O)Nc1cc(Nc2nccc(NC(=O)c3cccc(OC)c3)n2)c(OC)cc1N1CCC(C(N)=O)CC1,7.49,IC50
CHEMBL4587847,C=CC(=O)Nc1cc(Nc2nccc(NC(=O)c3ccc(OC)c(OC)c3)n2)c(OC)cc1N1CCN(C)CC1,7.9,IC50
CHEMBL4441745,C=CC(=O)Nc1cc(Nc2nccc(NC(=O)c3ccc(OC)c(OC)c3)n2)c(OC)cc1N1CCC(C(N)=O)CC1,7.26,IC50
CHEMBL4569552,C=CC(=O)Nc1cc(Nc2nccc(NC(=O)c3ccc(OC)c(OC)c3)n2)c(OC)cc1N(C)C,7.4,IC50
CHEMBL4540295,C=CC(=O)Nc1cc(Nc2nccc(NC(=O)c3ccc(C(F)(F)F)cc3)n2)c(OC)cc1N1CCN(C)CC1,7.55,IC50
CHEMBL4438856,C=CC(=O)Nc1cc(Nc2nccc(NC(=O)c3ccc(C(F)(F)F)cc3)n2)c(OC)cc1N(C)CCN(C)C,7.33,IC50
CHEMBL4449898,C=CC(=O)Nc1cc(Nc2nccc(NC(=O)c3ccc(C(F)(F)F)cc3)n2)c(OC)cc1N1CCC(C(N)=O)CC1,7.18,IC50
CHEMBL4570293,C=CC(=O)Nc1cc(Nc2nccc(NC(=O)c3cccc4ccccc34)n2)c(OC)cc1N1CCN(C)CC1,7.48,IC50
CHEMBL4440618,CCOc1cc2ncnc(Nc3ccc(F)c(Cl)c3)c2cc1OC(=O)CCl,9.06,IC50
CHEMBL4435699,C=CC(=O)Oc1cc2c(Nc3ccc(F)c(Cl)c3)ncnc2cc1OCC,7.82,IC50
CHEMBL4521214,CCOc1cc2ncnc(Nc3ccc(F)c(Cl)c3)c2cc1OC(=O)CSc1ccccn1,7.16,IC50
CHEMBL4562352,CCOc1cc2ncnc(Nc3ccc(F)c(Cl)c3)c2cc1OC(=O)CSc1cccnc1,9.22,IC50
CHEMBL4558356,CCOc1cc2ncnc(Nc3ccc(F)c(Cl)c3)c2cc1OC(=O)CSc1ncccn1,7.57,IC50
CHEMBL4530987,CCOc1cc2ncnc(Nc3ccc(F)c(Cl)c3)c2cc1OC(=O)CCc1cccnc1,7.85,IC50
CHEMBL4530170,CCOc1cc2ncnc(Nc3ccc(F)c(Cl)c3)c2cc1OC(=O)CSc1nnnn1C,9.28,IC50
CHEMBL4572315,CCOc1cc2ncnc(Nc3ccc(F)c(Cl)c3)c2cc1OC(=O)CSc1nccn1C,7.96,IC50
CHEMBL4526992,CCOc1cc2ncnc(Nc3ccc(F)c(Cl)c3)c2cc1OC(=O)CSc1ncc[nH]1,9.21,IC50
CHEMBL4556799,CCOc1cc2ncnc(Nc3ccc(F)c(Cl)c3)c2cc1OC(=O)CSc1nc2ccccc2n1C,7.92,IC50
CHEMBL4473375,CCOc1cc2ncnc(Nc3ccc(F)c(Cl)c3)c2cc1OC(=O)CSc1nc2ccccc2s1,7.08,IC50
CHEMBL4439974,CCOc1cc2ncnc(Nc3ccc(F)c(Cl)c3)c2cc1NC(=O)COC(C)=O,9.28,IC50
CHEMBL4437599,CCOc1cc2ncnc(Nc3ccc(F)c(Cl)c3)c2cc1NC(=O)COC(=O)c1ccccc1,7.6,IC50
CHEMBL4538707,CCOc1cc2ncnc(Nc3ccc(F)c(Cl)c3)c2cc1NC(=O)COC(=O)c1c(C)cccc1C,7.36,IC50
CHEMBL4449681,CCOc1cc2ncnc(Nc3ccc(F)c(Cl)c3)c2cc1NC(=O)CO,9.47,IC50
CHEMBL4469866,C=CC(=O)N(c1cccc(Cl)c1F)c1ncnc2cc(OC)c(OC(=O)N3CCN(C)C[C@H]3C)cc12,8.06,IC50
CHEMBL4441029,C=CC(=O)N(c1cccc(Cl)c1F)c1ncnc2cc(OC)c(OCCCN3CCOCC3)cc12,7.28,IC50
CHEMBL4471155,C=CC(=O)N(c1ccc(Cl)c(Cl)c1)c1ncnc2cc(OC)c(OCCCN3CCOCC3)cc12,7.5,IC50
CHEMBL4448162,COc1cc2ncnc(Nc3ccc(Cl)c(Cl)c3)c2cc1OCCCN1CCOCC1,9.0,IC50
CHEMBL4453748,C=CC(=O)N(c1ccc(F)c(Cl)c1)c1ncnc2cc(OC)c(OCCCN3CCOCC3)cc12,7.19,IC50
CHEMBL4457447,CCOc1cc2ncc(C#N)c(Nc3ccc(OCc4cccc(F)c4)c(Cl)c3)c2cc1NC(=O)CC1CCSS1,8.32,KD
CHEMBL4517633,N#Cc1cnc2cc(OC[C@@H](O)CO)c(NC(=O)C3CSSC3)cc2c1Nc1ccc(OCc2cccc(F)c2)c(Cl)c1,9.15,KD
CHEMBL4513286,CC(=O)SCC(CSC(C)=O)C(=O)Nc1cc2c(Nc3ccc(OCc4cccc(F)c4)c(Cl)c3)c(C#N)cnc2cc1OC[C@H](O)CO,8.68,KD
CHEMBL4519305,N#Cc1cnc2cc(OC[C@H](O)CO)c(NC(=O)C3CSSC3)cc2c1Nc1ccc(OCc2cccc(F)c2)c(Cl)c1,7.7,IC50
CHEMBL4547475,CCOc1cc2ncc(C#N)c(Nc3ccc(OCc4cccc(F)c4)c(Cl)c3)c2cc1NC(=O)CCCCC1CCSS1,7.5,KD
CHEMBL4582933,COc1cc2ncnc(Nc3ccc(OCc4cccc(F)c4)c(Cl)c3)c2cc1NC(=O)CC1CCSS1,8.24,IC50
CHEMBL4446124,N#Cc1cnc2ccc(NC(=O)CC3CCSS3)cc2c1Nc1ccc(OCc2cccc(F)c2)c(Cl)c1,7.44,IC50
CHEMBL4531250,CCOc1cc2ncc(C#N)c(Nc3ccc(OCc4cccc(F)c4)c(Cl)c3)c2cc1NC(=O)C(CSC(C)=O)CSC(C)=O,7.8,KD
CHEMBL4456266,CCOc1cc2ncc(C#N)c(Nc3ccc(OCc4cccc(F)c4)c(Cl)c3)c2cc1NC(=O)C1CSSC1,7.75,IC50
CHEMBL4457885,COc1cc2ncnc(Nc3ccc(OCc4cccc(F)c4)c(Cl)c3)c2cc1NC(=O)C1CSSC1,8.19,IC50
CHEMBL4519470,COc1cc2ncnc(Nc3ccc(Oc4ccc(C)nc4)c(C)c3)c2cc1NC(=O)CC1CCSS1,7.32,IC50
CHEMBL2105717,COc1cc2nccc(Oc3ccc(NC(=O)C4(C(=O)Nc5ccc(F)cc5)CC4)cc3)c2cc1OC,7.72,IC50
CHEMBL309682,COc1cc2ncnc(Nc3cc(OC)c(OC)c(OC)c3)c2cc1OC,7.66,KD
CHEMBL81073,COc1cc2ncc(C#N)c(Nc3cc(OC)c(OC)c(OC)c3)c2cc1OC,8.13,KD
CHEMBL4440586,C#Cc1cccc(Nc2c(C#N)cnc3cc(OC)c(OC)cc23)c1,8.74,KD
CHEMBL4468521,COCCOc1cc2ncnc(Nc3cc(OC)c(OC)c(OC)c3)c2cc1OCCOC,7.28,KD
CHEMBL98248,COc1cc2nccc(Nc3cccc(Br)c3)c2cc1OC,7.24,KD
CHEMBL111038,COc1cc2ncc(C#N)c(Nc3cccc(Br)c3)c2cc1OC,8.62,KD
CHEMBL4447797,COc1cc2nccc(Nc3ccc(OCc4cccc(F)c4)c(Cl)c3)c2cc1OC,7.5,KD
CHEMBL4467033,COc1cc2ncnc(Nc3ccc(OCc4cccc(F)c4)c(Cl)c3)c2cc1OC,8.89,KD
CHEMBL217092,CN1CCN(CCOc2cc(OC3CCOCC3)c3c(Nc4c(Cl)ccc5c4OCO5)ncnc3c2)CC1,7.18,IC50
CHEMBL4516635,COc1cc2c(Nc3ccc(NC(=O)C(c4ccccc4)N4Cc5ccccc5C4=O)cc3F)ncnc2cc1OCC1CCN(C)CC1,8.03,IC50
CHEMBL4471235,COc1cc2c(Nc3cc(NC(=O)C(c4ccccc4)N4Cc5ccccc5C4=O)ccc3F)ncnc2cc1OCC1CCN(C)CC1,7.43,IC50
CHEMBL4465497,COc1cc2c(Nc3ccc(NC(=O)[C@H](c4ccccc4)N4Cc5ccccc5C4=O)cc3F)ncnc2cc1OCC1CCN(C)CC1,8.1,IC50
CHEMBL4593609,COc1cc2c(Nc3ccc(NC(=O)[C@@H](c4ccccc4)N4Cc5ccccc5C4=O)cc3F)ncnc2cc1OCC1CCN(C)CC1,7.72,IC50
CHEMBL4443483,COc1cc2c(Nc3ccc(NC(=O)C(c4cc(F)ccc4F)N4Cc5ccccc5C4=O)cc3F)ncnc2cc1OCC1CCN(C)CC1,8.66,IC50
CHEMBL535,CCN(CC)CCNC(=O)c1c(C)[nH]c(/C=C2\C(=O)Nc3ccc(F)cc32)c1C,7.5,IC50
CHEMBL4557993,CC(C)=CC[C@@H](OC(=O)/C=C\C(=O)c1ccc(C)cc1)C1=CC(=O)c2c(O)ccc(O)c2C1=O,7.34,IC50
CHEMBL4529521,CCc1ccc(C(=O)/C=C\C(=O)O[C@H](CC=C(C)C)C2=CC(=O)c3c(O)ccc(O)c3C2=O)cc1,7.29,IC50
CHEMBL4448428,CC(C)=CC[C@@H](OC(=O)/C=C\C(=O)c1ccc(Cl)cc1)C1=CC(=O)c2c(O)ccc(O)c2C1=O,7.49,IC50
CHEMBL4463094,CC(C)=CC[C@@H](OC(=O)/C=C\C(=O)c1ccc(F)cc1)C1=CC(=O)c2c(O)ccc(O)c2C1=O,7.64,IC50
CHEMBL4452957,CC(C)=CC[C@@H](OC(=O)/C=C\C(=O)c1cc(F)ccc1C)C1=CC(=O)c2c(O)ccc(O)c2C1=O,7.63,IC50
CHEMBL4558528,CN1CCN(c2ccc(Oc3ccc4c(c3)C(=O)N(Cc3ccccc3)c3cc(F)ccc3N4)cc2)CC1,7.96,IC50
CHEMBL4530686,O=C1c2cc(Oc3ccc(N4CCNCC4)cc3)ccc2Nc2ccc(F)cc2N1Cc1ccccc1,7.92,IC50
CHEMBL4533337,O=C1c2cc(-c3ccc(N4CCNCC4)cc3)ccc2Nc2ccc(F)cc2N1Cc1ccccc1,7.72,IC50
CHEMBL4520903,O=C1c2ccccc2Nc2ccc(F)cc2N1Cc1ccccc1,7.41,IC50
CHEMBL4452106,O=C(Nc1nccs1)[C@@H](c1cc(F)ccc1O)N1Cc2ccccc2C1=O,8.7,IC50
CHEMBL4548960,CCC/C=C\C(=O)Nc1cc(Nc2nc(C)cc(-c3cn(C)c4ccccc34)n2)c(OC)cc1N(C)CCN(C)C,8.1,IC50
CHEMBL4434924,COc1cc(N(C)CCN(C)C)c(NC(=O)/C=C\C(C)C)cc1Nc1nc(C)cc(-c2cn(C)c3ccccc23)n1,7.42,IC50
CHEMBL4460320,CC/C=C\C(=O)Nc1cc(Nc2nc(C)cc(-c3cn(C)c4ccccc34)n2)c(OC)cc1N(C)CCN(C)C,7.75,IC50
CHEMBL4439632,C=C(Cl)C(=O)Nc1cc(Nc2nc(C)cc(-c3cn(C)c4ccccc34)n2)c(OC)cc1N(C)CCN(C)C,8.0,IC50
CHEMBL4557005,C=CC(=O)Nc1cc(Nc2nc(C)cc(-c3cn(C)c4ccccc34)n2)c(OC)cc1N(C)CCN(C)C,7.03,IC50
CHEMBL4553685,CCC/C=C\C(=O)Nc1cc(Nc2ncc(C#N)c(-c3cn(C)c4ccccc34)n2)c(OC)cc1N(C)CCN(C)C,7.43,IC50
CHEMBL4445797,CC/C=C\C(=O)Nc1cc(Nc2ncc(C#N)c(-c3cn(C)c4ccccc34)n2)c(OC)cc1N(C)CCN(C)C,7.8,IC50
CHEMBL4463634,C=C(Cl)C(=O)Nc1cc(Nc2ncc(C#N)c(-c3cn(C)c4ccccc34)n2)c(OC)cc1N(C)CCN(C)C,7.7,IC50
CHEMBL3353406,C=CC(=O)Nc1cc(Nc2ncc(C#N)c(-c3cn(C)c4ccccc34)n2)c(OC)cc1N(C)CCN(C)C,7.6,IC50
CHEMBL4451986,C/C=C\C(=O)Nc1cc(Nc2nccc(-c3cn(C)c4ccccc34)n2)c(OC)cc1N(C)CCN(C)C,7.28,IC50
CHEMBL4441933,C=C(Cl)C(=O)Nc1cc(Nc2nccc(-c3cn(C)c4ccccc34)n2)c(OC)cc1N(C)CCN(C)C,7.48,IC50
CHEMBL4557772,C=C(F)C(=O)Nc1cc(Nc2nccc(-c3cn(C)c4ccccc34)n2)c(OC)cc1N(C)CCN(C)C,8.22,IC50
CHEMBL4464589,CCC/C=C\C(=O)Nc1cc(Nc2nccc(-c3cn(C)c4ccc(F)cc34)n2)c(OC)cc1N(C)CCN(C)C,8.12,IC50
CHEMBL4583178,O=C(/C=C/CN1CCOCC1)Nc1cccc(-c2c(-c3ccccc3)oc3ncnc(N[C@H](CO)c4ccccc4)c23)c1,7.72,IC50
CHEMBL4458437,CCN(C/C=C/C(=O)Nc1cccc(-c2c(-c3ccccc3)oc3ncnc(N[C@H](CO)c4ccccc4)c23)c1)CCO,7.89,IC50
CHEMBL4463012,CCN(CC)C/C=C/C(=O)Nc1cccc(-c2c(-c3ccccc3)oc3ncnc(N[C@H](CO)c4ccccc4)c23)c1,7.85,IC50
CHEMBL4521381,CN(C)C/C=C/C(=O)Nc1cccc(-c2c(-c3ccccc3)oc3ncnc(N[C@H](CO)c4ccccc4)c23)c1,10.37,IC50
CHEMBL4446953,CCOC(=O)/C=C/C(=O)Nc1cccc(-c2c(-c3ccccc3)oc3ncnc(N[C@H](CO)c4ccccc4)c23)c1,7.1,IC50
CHEMBL4456359,CC#CC(=O)Nc1cccc(-c2c(-c3ccccc3)oc3ncnc(N[C@H](CO)c4ccccc4)c23)c1,7.19,IC50
CHEMBL4475546,C=CC(=O)Nc1cccc(-c2c(Cl)sc3ncnc(N[C@H](CO)c4ccccc4)c23)c1,7.09,IC50
CHEMBL4556670,C=CC(=O)Nc1cccc(-c2csc3ncnc(N[C@H](CO)c4ccccc4)c23)c1,7.09,IC50
CHEMBL4559807,C=CC(=O)Nc1cccc(-c2c(-c3ccccc3OC)oc3ncnc(N[C@H](CO)c4ccccc4)c23)c1,9.84,IC50
CHEMBL4448691,C=CC(=O)Nc1cccc(-c2c(C)oc3ncnc(N[C@H](CO)c4ccccc4)c23)c1,7.21,IC50
CHEMBL4534719,C=CC(=O)Nc1cccc(-c2c(-c3ccccc3)sc3ncnc(N[C@H](CO)c4ccccc4)c23)c1,8.94,IC50
CHEMBL4514452,C=CC(=O)Nc1cccc(-c2c(-c3ccccc3)oc3ncnc(N[C@H](C)c4ccccc4)c23)c1,9.67,IC50
CHEMBL4452906,CC(=O)O[C@H]1CC[C@]2(C)[C@H]3CC=C4[C@@H]5CC(C)(C)CC[C@]5(C(=O)OCCCCO[N+](=O)[O-])CC[C@@]4(C)[C@]3(C)CC[C@H]2C1(C)C,7.7,IC50
CHEMBL4588786,CC(=O)OC[C@@]1(C)[C@@H]2CC[C@]3(C)[C@H](CC=C4[C@@H]5CC(C)(C)CC[C@]5(C(=O)OCCCCO[N+](=O)[O-])CC[C@]43C)[C@@]2(C)CC[C@@H]1OC(C)=O,8.0,IC50
CHEMBL4437863,CC1(C)CC[C@]2(C(=O)OCCO[N+](=O)[O-])CC[C@]3(C)C(=CC[C@@H]4[C@@]5(C)CC[C@H](O)C(C)(C)[C@@H]5CC[C@]43C)[C@@H]2C1,7.52,IC50
CHEMBL4537422,CC1(C)CC[C@]2(C(=O)OCCCCO[N+](=O)[O-])CC[C@]3(C)C(=CC[C@@H]4[C@@]5(C)CC[C@H](O)[C@@](C)(CO)[C@@H]5CC[C@]43C)[C@@H]2C1,7.4,IC50
CHEMBL4548481,COc1ccc(OC)c(Nc2cc(NC(=O)Nc3c(Cl)cccc3Cl)ncn2)c1,7.41,IC50
CHEMBL4464614,C=CC(=O)Nc1cccc(-n2c3nc(Nc4ccc(N5CCN(C)CC5)cc4OC)ncc3c(=O)n3c4ccccc4nc23)c1,8.96,KD
CHEMBL4454373,C=CC(=O)Nc1cccc(N2C3=NCCCCN3C(=O)c3cnc(Nc4ccc(N5CCN(C)CC5)cc4OC)nc32)c1,9.06,KD
CHEMBL4459080,C=CC(=O)Nc1cccc(-n2c3nc(Nc4ccc(N5CCN(C)CC5)cc4OC)ncc3c(=O)n3ccnc23)c1,8.74,KD
CHEMBL4474541,C=CC(=O)Nc1cccc(-n2c3nc(Nc4ccc(N5CCOCC5)cc4OC)ncc3c(=O)n3ccnc23)c1,8.21,KD
CHEMBL4438135,C=CC(=O)Nc1cccc(-n2c3nc(Nc4ccc(N5CCN(NC)CC5)cc4OC)ncc3c(=O)n3ccnc23)c1,8.59,KD
CHEMBL4446485,C=CC(=O)Nc1cccc(-n2c3nc(Nc4ccc(N5CCN(C)CC5)cc4OCC)ncc3c(=O)n3ccnc23)c1,8.51,KD
CHEMBL4290785,C=CC(=O)Nc1cccc(-n2c(=O)c(=O)n(C(C)C)c3cnc(Nc4ccc(N5CCC(N6CCN(C)CC6)CC5)cc4OC)nc32)c1,8.11,IC50
CHEMBL4288562,C=CC(=O)Nc1cccc(-n2c(=O)c(=O)n(C(C)C)c3cnc(Nc4ccc(N5CCN(C)CC5)c(C)c4)nc32)c1,8.85,IC50
CHEMBL4277912,C=CC(=O)Nc1cccc(-n2c(=O)c(=O)n(C(C)C)c3cnc(Nc4ccc(N5CCN(C)CC5)c(OC)c4)nc32)c1,8.89,IC50
CHEMBL4527443,C=CC(=O)Nc1cccc(Nc2nc(Nc3ccc(N4CCN(C(C)=O)CC4)c(OC)c3)ncc2C(F)(F)F)c1,7.7,IC50
CHEMBL4278325,C=CC(=O)Nc1cccc(-n2c(=O)c(=O)n(C(C)C)c3cnc(Nc4ccc(N(C)CCN(C)C)cc4OC)nc32)c1,7.77,IC50
CHEMBL4285217,C=CC(=O)Nc1cccc(-n2c(=O)c(=O)n(CCC)c3cnc(Nc4ccc(N5CCN(C)CC5)cc4OC)nc32)c1,9.22,IC50
CHEMBL4284780,C=CC(=O)Nc1cccc(-n2c(=O)c(=O)n(CC)c3cnc(Nc4ccc(N5CCN(C)CC5)cc4OC)nc32)c1,8.92,IC50
CHEMBL4276842,C=CC(=O)Nc1cccc(-n2c(=O)c(=O)n(C)c3cnc(Nc4ccc(N5CCN(C)CC5)cc4OC)nc32)c1,8.33,IC50
CHEMBL4281367,C=CC(=O)Nc1cccc(-n2c(=O)c(=O)[nH]c3cnc(Nc4ccc(N5CCN(C)CC5)cc4OC)nc32)c1,8.6,IC50
CHEMBL4286241,C=CC(=O)Nc1cccc(-n2c(=O)c(=O)n(C(C)C)c3cnc(Nc4ccc(OCCN(C)C)cc4OC)nc32)c1,7.17,IC50
CHEMBL4549542,CN1CCN(C/C=C/C(=O)N2CCOc3cc4ncnc(Nc5ccc(F)c(Cl)c5)c4cc32)CC1,8.05,IC50
CHEMBL4458843,CC1CCCCN1C/C=C/C(=O)N1CCOc2cc3ncnc(Nc4ccc(F)c(Cl)c4)c3cc21,8.52,IC50
CHEMBL4468924,CC1CCN(C/C=C/C(=O)N2CCOc3cc4ncnc(Nc5ccc(F)c(Cl)c5)c4cc32)CC1,8.3,IC50
CHEMBL4445017,O=C(/C=C/CN1CCCCC1)N1CCOc2cc3ncnc(Nc4ccc(F)c(Cl)c4)c3cc21,8.4,IC50
CHEMBL2441565,CN(C)C/C=C/C(=O)N1CCOc2cc3ncnc(Nc4ccc(F)c(Cl)c4)c3cc21,8.4,IC50
CHEMBL4476772,CCN(CC)C/C=C/C(=O)N1CCOc2cc3ncnc(Nc4ccc(F)c(Cl)c4)c3cc21,7.57,IC50
CHEMBL4561606,O=C(/C=C/CN1CCCC1)N1CCOc2cc3ncnc(Nc4ccc(F)c(Cl)c4)c3cc21,8.52,IC50
CHEMBL2441561,O=C(/C=C/CN1CCOCC1)N1CCOc2cc3ncnc(Nc4ccc(F)c(Cl)c4)c3cc21,8.15,IC50
CHEMBL4582195,O=C(CSC(=S)N1CCCCC1)Nc1cccc(NC(=O)c2ccccn2)c1,7.08,IC50
CHEMBL4437943,O=C(CCSC(=S)N1CCN(c2ccccc2)CC1)Nc1cccc(NC(=O)c2ccccn2)c1,7.16,IC50
CHEMBL4534592,C=CC(=O)N1CCC[C@@H](n2nc(-c3cn(-c4cc(C(F)(F)F)cnc4C#N)nn3)c3c(N)ncnc32)C1,8.22,IC50
CHEMBL4584630,C=CC(=O)N1CCC[C@@H](n2nc(-c3cn(Cc4nc5ccc(Cl)cn5c4Br)nn3)c3c(N)ncnc32)C1,7.07,IC50
CHEMBL4637274,C#Cc1cccc(Nc2cccc3cc(OC)c(OCCCCCCC(=O)NO)cc23)c1,8.62,IC50
CHEMBL4646030,N#Cc1cnc2cc(OC[C@@H](O)CO)c(NC(=O)CC3CSSC3)cc2c1Nc1ccc(OCc2cccc(F)c2)c(Cl)c1,8.62,IC50
CHEMBL4642574,N#Cc1cnc2cc(OC[C@H](O)CO)c(NC(=O)CC3CSSC3)cc2c1Nc1ccc(OCc2cccc(F)c2)c(Cl)c1,8.7,IC50
CHEMBL4645434,C=CC(=O)Nc1cc(Nc2nccc(-c3cn(CCCO)c4ccccc34)n2)c(OC)cc1F,8.66,IC50
CHEMBL4640686,CCC(=O)Nc1cc(Nc2nccc(-c3cn(CCO)c4ccccc34)n2)c(OC)cc1F,7.09,IC50
CHEMBL4639459,CCC(=O)Nc1cc(Nc2nccc(-c3cn(CCCO)c4ccccc34)n2)c(OC)cc1F,7.14,IC50
CHEMBL4641096,CCC(=O)Nc1cc(Nc2nccc(-c3cn(CCCO)c4ccccc34)n2)c(OC)cc1N(C)CCN(C)C,7.14,IC50
CHEMBL4649261,COc1cc(N(C)CCN(C)C)ccc1Nc1nccc(-c2cn(CCCO)c3ccccc23)n1,8.07,IC50
CHEMBL4647073,CCC(=O)Nc1cc(Nc2nccc(-c3cn(CCCO)c4ccc(F)cc34)n2)c(OC)cc1F,7.39,IC50
CHEMBL4643111,CN1CCN(C/C=C/C(=O)N2CCOc3cc4ncnc(Nc5ccc(OCc6cccc(F)c6)c(Cl)c5)c4cc32)CC1,8.22,IC50
CHEMBL2441563,O=C(/C=C/CN1CCOCC1)N1CCOc2cc3ncnc(Nc4ccc(OCc5cccc(F)c5)c(Cl)c4)c3cc21,8.15,IC50
CHEMBL4636996,CCN(CC)C/C=C/C(=O)N1CCCOc2cc3ncnc(Nc4ccc(OCc5cccc(F)c5)c(Cl)c4)c3cc21,7.1,IC50
CHEMBL4635100,O=C(/C=C/CN1CCCC1)N1CCOc2cc3ncnc(Nc4ccc(OCc5cccc(F)c5)c(Cl)c4)c3cc21,8.15,IC50
CHEMBL4648271,CCN(CC)C/C=C/C(=O)N1CCOc2cc3ncnc(Nc4ccc(OCc5cccc(F)c5)c(Cl)c4)c3cc21,8.1,IC50
CHEMBL4787483,C=CC(=O)Nc1cccc(-c2c[nH]c3ncnc(Nc4ccc(OCc5ccccn5)c(Cl)c4)c23)c1,10.1,IC50
CHEMBL4795165,C=CC(=O)Nc1cccc(-c2c[nH]c3ncnc(Nc4ccc(CN5C(=O)c6ccccc6C5=O)cc4)c23)c1,9.7,IC50
CHEMBL4757145,C=CC(=O)Nc1cc(-c2c[nH]c3ncnc(Nc4ccc(OCc5ccccn5)c(Cl)c4)c23)ccc1OCCN(C)C,10.05,IC50
CHEMBL4756368,C=CC(=O)Nc1cc(-c2c[nH]c3ncnc(Nc4ccc5c(cnn5Cc5ccccc5)c4)c23)ccc1OCCO,10.15,IC50
CHEMBL1619395,CCN1CCN(CC(=O)Nc2cc(C)on2)CC1,7.09,IC50
CHEMBL4740108,Cc1cc(NC(=O)CN2CCN(c3ccccc3)CC2)no1,7.19,IC50
CHEMBL4755651,CC(C)(C)c1cc(NC(=O)CN2CCN(c3ccccc3)CC2)no1,7.18,IC50
CHEMBL4755988,Cc1cc(NC2=NC(=O)CS2)no1,7.09,IC50
CHEMBL4751362,Cc1cc(NC2=NC(=O)/C(=C\c3c4ccccc4cc4ccccc34)S2)no1,7.27,IC50
CHEMBL4778826,COc1ccc(/C=C/C(=O)c2nnn(-c3ccc(Cl)cc3)c2C)cc1OC,7.44,IC50
CHEMBL4753700,C=CC(=O)Nc1cccc(-n2c(=O)cc(C)c3cnc(Nc4ccc(N5CCN(CCCCCC(=O)N[C@H](C(=O)N6C[C@H](O)C[C@H]6C(=O)NCc6ccc(-c7scnc7C)cc6)C(C)(C)C)CC5)cc4OC)nc32)c1,7.71,IC50
CHEMBL4798177,C=CC(=O)Nc1cc(Nc2cc(-n3c(SC)nnc3-c3ccc(F)cc3)ccn2)c(OC)cc1N(C)CCN(C)C,7.37,IC50
CHEMBL4558324,C=CC(=O)Nc1cc(Nc2nccc(-n3cc(CN(C)C)c(-c4ccccc4)n3)n2)c(OC)cc1N1CCOCC1,8.57,IC50
CHEMBL4796010,C=CC(=O)Nc1cc(Nc2nccc(-c3cn(C4CC4)c4ccccc34)n2)c(OC)cc1[S+]([O-])CCN(C)C,9.59,IC50
CHEMBL492399,COc1ccc(N(C)c2nc(C)nc3ccccc23)cc1,8.55,IC50
CHEMBL2420866,COc1ccc2c(c1)CCCN2c1nc(C)nc2ccccc12,8.3,IC50
CHEMBL516047,CSc1ccc(N(C)c2nc(C)nc3ccccc23)cc1,8.06,IC50
CHEMBL4746488,COc1cccc2cc(N(C)c3nc(C)nc4ccccc34)ccc12,7.97,IC50
CHEMBL3604205,COc1ccc2c(c1)CCCN2c1ncnc2ccccc12,7.31,IC50
CHEMBL444724,COc1ccc(N(C)c2nc(Cl)nc3ccccc23)cc1,8.44,IC50
CHEMBL2420867,COc1ccc2c(c1)CCCN2c1nc(Cl)nc2ccccc12,8.27,IC50
CHEMBL4747078,C=CC(=O)Nc1cc(Nc2ncc(C(F)(F)F)c(-c3cn(C4CC4)c4ccccc34)n2)c(OC)cc1N(C)CCN(C)C,7.92,IC50
CHEMBL4792967,C=CC(=O)Nc1cc(Nc2ncc(C(F)(F)F)c(-c3cn(C4COC4)c4ccccc34)n2)c(OC)cc1N(C)CCN(C)C,9.77,IC50
CHEMBL4761468,C=CC(=O)Nc1cc(Nc2nccc(-c3cn(C4CC4)c4ccccc34)n2)c(OC)cc1N(C)CCN(C)C,9.74,IC50
CHEMBL4800367,C=CCn1cc(-c2ccnc(Nc3cc(NC(=O)C=C)c(N(C)CCN(C)C)cc3OC)n2)c2ccccc21,8.82,IC50
CHEMBL4790568,C#CCn1cc(-c2ccnc(Nc3cc(NC(=O)C=C)c(N(C)CCN(C)C)cc3OC)n2)c2ccccc21,9.0,IC50
CHEMBL4745195,C=CC(=O)Nc1cc(Nc2nccc(-c3cn(CCO)c4ccccc34)n2)c(OC)cc1N(C)CCN(C)C,9.07,IC50
CHEMBL4747958,C=CC(=O)Nc1cc(Nc2nccc(-c3cn(S(=O)(=O)N(C)C)c4ccccc34)n2)c(OC)cc1N(C)CCN(C)C,9.7,IC50
CHEMBL4744138,C=CC(=O)Nc1cc(Nc2nccc(-c3cn(C(C)=O)c4ccccc34)n2)c(OC)cc1N(C)CCN(C)C,8.68,IC50
CHEMBL4756020,C=CC(=O)Nc1cc(Nc2nccc(-c3cn(C4COC4)c4ccccc34)n2)c(OC)cc1N(C)CCN(C)C,9.02,IC50
CHEMBL4780286,OC[C@@H](Nc1ncnc2[nH]c(-c3ccccc3)cc12)c1ccccc1,9.4,IC50
CHEMBL4783569,COc1ccccc1-c1cc2c(N[C@H](CO)c3ccccc3)ncnc2[nH]1,9.4,IC50
CHEMBL4795296,C[C@@H](Nc1ncnc2[nH]c(-c3ccc(S(C)(=O)=O)cc3)cc12)c1ccccc1,9.4,IC50
CHEMBL4751641,C[C@@H](Nc1ncnc2[nH]c(-c3ccc(S(N)(=O)=O)cc3)cc12)c1ccccc1,9.15,IC50
CHEMBL4791195,C[C@@H](Nc1ncnc2[nH]c(-c3ccc(C(N)=O)cc3)cc12)c1ccccc1,9.1,IC50
CHEMBL4743998,C[C@@H](Nc1ncnc2[nH]c(-c3ccc(NS(C)(=O)=O)cc3)cc12)c1ccccc1,9.52,IC50
CHEMBL4744798,CC(=O)Nc1ccc(-c2cc3c(N[C@H](C)c4ccccc4)ncnc3[nH]2)cc1,9.15,IC50
CHEMBL4741922,C[C@@H](Nc1ncnc2[nH]c(-c3ccncc3)cc12)c1ccccc1,9.22,IC50
CHEMBL4779711,C[C@@H](Nc1ncnc2[nH]c(-c3ccc(C(=O)O)cc3)cc12)c1ccccc1,8.96,IC50
CHEMBL4776056,C[C@@H](Nc1ncnc2[nH]c(-c3cccc(C(N)=O)c3)cc12)c1ccccc1,8.85,IC50
CHEMBL4785569,CCOc1ccccc1-c1cc2c(N[C@H](C)c3ccccc3)ncnc2[nH]1,9.52,IC50
CHEMBL4746770,CC(C)Oc1ccccc1-c1cc2c(N[C@H](C)c3ccccc3)ncnc2[nH]1,9.22,IC50
CHEMBL4746697,C[C@@H](Nc1ncnc2[nH]c(-c3ccccc3OC(F)F)cc12)c1ccccc1,9.1,IC50
CHEMBL4800697,C[C@@H](Nc1ncnc2[nH]c(-c3ccccc3OC(F)(F)F)cc12)c1ccccc1,8.37,IC50
CHEMBL4170121,COc1cccc(OC)c1-c1cc2c(N[C@H](C)c3ccccc3)ncnc2[nH]1,9.22,IC50
CHEMBL4757806,COc1cc(C(N)=O)ccc1-c1cc2c(N[C@H](C)c3ccccc3)ncnc2[nH]1,9.4,IC50
CHEMBL4778894,COc1cc(NS(C)(=O)=O)ccc1-c1cc2c(N[C@H](C)c3ccccc3)ncnc2[nH]1,9.15,IC50
CHEMBL4759003,COc1cc(CNCCN(C)C)ccc1-c1cc2c(N[C@H](C)c3ccccc3)ncnc2[nH]1,10.0,IC50
CHEMBL4793053,[2H]C([2H])([2H])Oc1ccccc1-c1cc2c(N[C@H](CO)c3ccccc3)ncnc2[nH]1,9.4,IC50
CHEMBL4776396,CCOc1ccccc1-c1cc2c(N[C@H](CO)c3ccccc3)ncnc2[nH]1,9.7,IC50
CHEMBL4763315,CS(=O)(=O)Nc1ccc(-c2cc3c(N[C@H](CO)c4ccccc4)ncnc3[nH]2)cc1,9.3,IC50
CHEMBL4740295,CS(=O)(=O)c1ccc(-c2cc3c(N[C@H](CO)c4ccccc4)ncnc3[nH]2)cc1,9.1,IC50
CHEMBL4759127,NC(=O)Cc1cccc(-c2cc3c(N[C@H](CO)c4ccccc4)ncnc3[nH]2)c1,9.15,IC50
CHEMBL4776751,COc1cc(C(N)=O)ccc1-c1cc2c(N[C@H](CO)c3ccccc3)ncnc2[nH]1,9.3,IC50
CHEMBL4740573,COc1cc(NS(C)(=O)=O)ccc1-c1cc2c(N[C@H](CO)c3ccccc3)ncnc2[nH]1,9.52,IC50
CHEMBL4764993,COc1cc(NC(C)=O)ccc1-c1cc2c(N[C@H](CO)c3ccccc3)ncnc2[nH]1,9.1,IC50
CHEMBL4780965,OC[C@@H](Nc1ncnc2[nH]c(-c3ccncc3)cc12)c1ccccc1,8.7,IC50
CHEMBL4789312,OC[C@@H](Nc1ncnc2[nH]c(-c3cccnc3)cc12)c1ccccc1,8.66,IC50
CHEMBL4749862,COc1cnccc1-c1cc2c(N[C@H](CO)c3ccccc3)ncnc2[nH]1,9.22,IC50
CHEMBL4748320,CN(C)CCNCc1ccc(-c2cc3c(N[C@H](CO)c4ccccc4)ncnc3[nH]2)cc1,9.52,IC50
CHEMBL4784777,COc1cc(CNCCS(C)(=O)=O)ccc1-c1cc2c(N[C@H](CO)c3ccccc3)ncnc2[nH]1,9.4,IC50
CHEMBL4787816,COc1cc(CNCCN(C)C)ccc1-c1cc2c(N[C@H](CO)c3ccccc3)ncnc2[nH]1,9.52,IC50
CHEMBL4787951,COc1cc(CNCCN2CCOCC2)ccc1-c1cc2c(N[C@H](CO)c3ccccc3)ncnc2[nH]1,10.0,IC50
CHEMBL4778248,COc1cc(CNCCN2CCCCC2)ccc1-c1cc2c(N[C@H](CO)c3ccccc3)ncnc2[nH]1,10.0,IC50
CHEMBL4742081,COc1cc(CNCCN2CCNCC2)ccc1-c1cc2c(N[C@H](CO)c3ccccc3)ncnc2[nH]1,10.0,IC50
CHEMBL4749064,CN(C)CCNCc1cc(-c2cc3c(N[C@H](CO)c4ccccc4)ncnc3[nH]2)ccc1F,8.92,IC50
CHEMBL4748149,OCc1cc(-c2cc3c(N[C@H](CO)c4ccccc4)ncnc3[nH]2)ccc1F,8.8,IC50
CHEMBL4748367,CN(C)CCNCc1ccc(-c2cc3c(N[C@H](CO)c4ccccc4)ncnc3[nH]2)cc1F,10.0,IC50
CHEMBL4789027,OCc1ccc(-c2cc3c(N[C@H](CO)c4ccccc4)ncnc3[nH]2)cc1F,9.22,IC50
CHEMBL4784258,COc1cc(CN(C)CCN(C)C)ccc1-c1cc2c(N[C@H](CO)c3ccccc3)ncnc2[nH]1,10.0,IC50
CHEMBL4792577,COC[C@@H](Nc1ncnc2[nH]c(-c3ccc(CO)cc3OC)cc12)c1ccccc1,9.3,IC50
CHEMBL4794073,COC[C@@H](Nc1ncnc2[nH]c(-c3ccccc3OC(F)F)cc12)c1ccccc1,8.89,IC50
CHEMBL4786776,OCC[C@@H](Nc1ncnc2[nH]c(-c3ccccc3)cc12)c1ccccc1,9.3,IC50
CHEMBL4760328,CCOc1ccccc1-c1cc2c(N[C@H](CCO)c3ccccc3)ncnc2[nH]1,10.0,IC50
CHEMBL4164805,COc1cc(CO)ccc1-c1cc2c(N[C@H](CO)c3ccccc3)ncnc2[nH]1,9.7,IC50
CHEMBL4175024,OCc1ccc(-c2cc3c(N[C@H](CO)c4ccccc4)ncnc3[nH]2)cc1,9.7,IC50
CHEMBL4777554,O=C(Nc1cc2c(Nc3ccc(OCC4CC4)c(Cl)c3)ncnc2cc1OCCCN1CCOCC1)c1cc([N+](=O)[O-])ccc1F,7.15,IC50
CHEMBL4763967,O=C(Nc1cc2c(Nc3ccc(F)c(F)c3)ncnc2cc1OCCCN1CCOCC1)c1cc([N+](=O)[O-])ccc1F,7.96,IC50
CHEMBL4745521,CN(C)CCCOc1cc2ncnc(Nc3ccc(F)c(Cl)c3)c2cc1NC(=O)c1cc([N+](=O)[O-])ccc1F,8.51,IC50
CHEMBL4796407,CN(C)CCOc1cc2ncnc(Nc3ccc(F)c(Cl)c3)c2cc1NC(=O)c1cc([N+](=O)[O-])ccc1F,8.04,IC50
CHEMBL4753193,CN1CCN(CCOc2cc3ncnc(Nc4ccc(F)c(Cl)c4)c3cc2NC(=O)c2cc([N+](=O)[O-])ccc2F)CC1,8.77,IC50
CHEMBL4793852,CC(=O)N1CCN(CCCOc2cc3ncnc(Nc4ccc(F)c(Cl)c4)c3cc2NC(=O)c2cc([N+](=O)[O-])ccc2F)CC1,8.28,IC50
CHEMBL4757724,CN1CCN(CCCOc2cc3ncnc(Nc4ccc(F)c(Cl)c4)c3cc2NC(=O)c2cc([N+](=O)[O-])ccc2F)CC1,8.42,IC50
CHEMBL4792426,O=C(Nc1cc2c(Nc3ccc(F)c(Cl)c3)ncnc2cc1OCCCN1CCNCC1)c1cc([N+](=O)[O-])ccc1F,9.22,IC50
CHEMBL4743173,COc1cc2ncnc(Nc3ccc(F)c(Cl)c3)c2cc1NC(=O)c1cc([N+](=O)[O-])ccc1F,7.46,IC50
CHEMBL4790583,O=C(Nc1cc2c(Nc3ccc(F)c(Cl)c3)ncnc2cc1F)c1cc([N+](=O)[O-])ccc1F,7.96,IC50
CHEMBL4750196,O=C(Nc1cc2c(Nc3ccc(F)c(Cl)c3)ncnc2cc1OCCCN1CCOCC1)c1cc([N+](=O)[O-])ccc1F,8.89,IC50
CHEMBL4777353,CN(C)CCCCOc1cc2ncnc(Nc3ccc(F)c(Cl)c3)c2cc1NC(=O)c1cc([N+](=O)[O-])ccc1F,8.42,IC50
CHEMBL4749765,O=C(Nc1cc2c(Nc3ccc(OCc4cccc(F)c4)c(Cl)c3)ncnc2cc1OCCCN1CCOCC1)c1cc([N+](=O)[O-])ccc1F,7.55,IC50
CHEMBL4747893,O=C(Nc1cc2c(Nc3ccc(OCc4ccccn4)c(Cl)c3)ncnc2cc1OCCCN1CCOCC1)c1cc([N+](=O)[O-])ccc1F,7.41,IC50
CHEMBL4752951,O=C(Nc1cc2c(Nc3ccc(F)c(Cl)c3)ncnc2cc1OCCCN1CCOCC1)c1cccnc1F,8.37,IC50
CHEMBL4759414,O=C(Nc1cc2c(Nc3ccc(F)c(Cl)c3)ncnc2cc1OCCCN1CCOCC1)c1cccc([N+](=O)[O-])c1,7.29,IC50
CHEMBL4790655,O=C(Nc1cc2c(Nc3ccc(F)c(Cl)c3)ncnc2cc1OCCCN1CCOCC1)c1ccccc1F,8.52,IC50
CHEMBL4750608,O=C(Nc1cc2c(Nc3ccc(F)c(Cl)c3)ncnc2cc1OCCCN1CCOCC1)c1cc(F)ccc1[N+](=O)[O-],7.37,IC50
CHEMBL4782025,O=C(Nc1cc2c(Nc3ccc(F)c(Cl)c3)ncnc2cc1OCCCN1CCOCC1)c1cc([N+](=O)[O-])ccc1Cl,8.08,IC50
CHEMBL4760606,CS(=O)(=O)c1ccc(F)c(C(=O)Nc2cc3c(Nc4ccc(F)c(Cl)c4)ncnc3cc2OCCCN2CCOCC2)c1,7.24,IC50
CHEMBL4789811,N#Cc1ccc(F)c(C(=O)Nc2cc3c(Nc4ccc(F)c(Cl)c4)ncnc3cc2OCCCN2CCOCC2)c1,8.89,IC50
CHEMBL4743566,O=C(Nc1cc2c(Nc3ccc(F)c(Cl)c3)ncnc2cc1OCCCN1CCOCC1)c1cccc([N+](=O)[O-])c1Cl,7.85,IC50
CHEMBL4760864,O=C(Nc1cc2c(Nc3ccc(F)c(Cl)c3)ncnc2cc1OCCCN1CCOCC1)c1cccc(C(F)(F)F)c1F,7.52,IC50
CHEMBL4754811,O=C(Nc1cc2c(Nc3ccc(F)c(Cl)c3)ncnc2cc1OCCCN1CCOCC1)c1cccc([N+](=O)[O-])c1F,7.89,IC50
CHEMBL4741678,O=C(Nc1cc2c(Nc3ccc(F)c(Cl)c3)ncnc2cc1OCCCN1CCOCC1)c1cccc(F)c1F,7.54,IC50
CHEMBL4755832,O=C(Nc1cc2c(Nc3ccc(F)c(Cl)c3)ncnc2cc1OCCCN1CCOCC1)c1ccccc1,7.57,IC50
CHEMBL4776057,CS(=O)(=O)c1cccc(C(=O)Nc2cc3c(Nc4ccc(F)c(Cl)c4)ncnc3cc2OCCCN2CCOCC2)c1F,7.62,IC50
CHEMBL4797395,CN1CCN(c2ccc(Nc3ncc4nc(Nc5ccc(F)cc5)n([C@H]5CCCN(C(=O)CO)C5)c4n3)cc2)CC1,7.39,IC50
CHEMBL4752022,CN1CCN(c2ccc(Nc3ncc4nc(Nc5ccc(F)cc5)n([C@@H]5CCN(S(=O)(=O)C6CC6)C5)c4n3)cc2)CC1,7.66,IC50
CHEMBL4786787,CN1CCN(c2ccc(Nc3ncc4nc(Nc5ccccc5)n([C@@H]5CCN(S(=O)(=O)C6CC6)C5)c4n3)cc2)CC1,7.75,IC50
CHEMBL4795878,CN1CCN(c2ccc(Nc3ncc4nc(Nc5ccccc5)n([C@H]5CCN(S(=O)(=O)C6CC6)C5)c4n3)cc2)CC1,7.75,IC50
CHEMBL4746895,COc1ccc(-c2c3c4cc(OC)c(OCCCN(C)C)cc4[nH]c(=O)c3n3ccc4cc(O)c(OC)cc4c23)cc1O.O=C(O)C(F)(F)F,8.24,IC50
CHEMBL4782900,COc1ccc(-c2c3c4cc(O)c(OCCCN(C)C)cc4[nH]c(=O)c3n3ccc4cc(O)c(OC)cc4c23)cc1O.O=C(O)C(F)(F)F,7.99,IC50
CHEMBL4750158,COc1ccc(-c2c3c4cc(OCCCN(C)C)c(O)cc4[nH]c(=O)c3n3ccc4cc(O)c(OC)cc4c23)cc1O.O=C(O)C(F)(F)F,7.78,IC50
CHEMBL4791596,COc1ccc(-c2c3c4cc(OCCCN(C)C)c(OCCCN(C)C)cc4[nH]c(=O)c3n3ccc4cc(O)c(OC)cc4c23)cc1O.O=C(O)C(F)(F)F.O=C(O)C(F)(F)F,8.77,IC50
CHEMBL4792673,COc1ccc(-c2c3c4cc(OC)c(OC)cc4[nH]c(=O)c3n3ccc4cc(O)c(OC)cc4c23)cc1O,7.18,IC50
CHEMBL4753631,Cn1c(-c2csc(N/N=C\c3ccc([N+](=O)[O-])cc3)n2)nc2ccccc21,7.07,IC50
CHEMBL4750734,Cn1c(-c2csc(N/N=C\c3ccc([N+](=O)[O-])o3)n2)nc2ccccc21,7.14,IC50
CHEMBL4793105,C=C(Cl)C(=O)Nc1cccc(Nc2nc(Nc3ccc(N4CCN(C(C)=O)CC4)cc3)ncc2Cl)c1,8.41,IC50
CHEMBL4745868,C=C(Cl)C(=O)Nc1cccc(Nc2nc(Nc3ccc(N4CCN(C(C)=O)CC4)c(C)c3)ncc2Cl)c1,8.59,IC50
CHEMBL4776012,C=C(Cl)C(=O)Nc1cccc(Nc2nc(Nc3ccc(N4CCN(C(C)=O)CC4)c(Cl)c3)ncc2Cl)c1,8.49,IC50
CHEMBL4746377,C=C(Cl)C(=O)Nc1cccc(Nc2nc(Nc3ccc(N4CCN(C(C)=O)CC4)cc3OC)ncc2C(F)(F)F)c1,7.8,IC50
CHEMBL4776073,C=C(Cl)C(=O)Nc1cccc(Nc2nc(Nc3ccc(N4CCN(C(C)=O)CC4)cc3Cl)ncc2Cl)c1,7.33,IC50
CHEMBL4740234,C=C(Cl)C(=O)Nc1cccc(Nc2nc(Nc3ccc(N4CCN(C(C)=O)CC4)nc3)ncc2Cl)c1,8.12,IC50
CHEMBL4785849,C=C(Cl)C(=O)Nc1cccc(Oc2nc(Nc3ccc(N4CCN(C(C)=O)CC4)cc3)ncc2Cl)c1,7.89,IC50
CHEMBL4453068,C#Cc1cccc(Nc2ncnc3cc4c(cc23)OCCO4)c1,7.31,IC50
CHEMBL4750375,C#Cc1cccc(Nc2ncnc3cc4c(cc23)OCCO4)c1F,7.71,IC50
CHEMBL4743464,N#Cc1cccc(Nc2ncnc3cc4c(cc23)OCCO4)c1F,7.66,IC50
CHEMBL4744655,Fc1c(Cl)cccc1Nc1ncnc2cc3c(cc12)OCCO3,8.41,IC50
CHEMBL4743220,Fc1c(Br)cccc1Nc1ncnc2cc3c(cc12)OCCO3,8.6,IC50
CHEMBL4759031,Fc1c(I)cccc1Nc1ncnc2cc3c(cc12)OCCO3,7.98,IC50
CHEMBL4759650,Fc1c(Nc2ncnc3cc4c(cc23)OCCO4)cccc1C(F)(F)F,7.38,IC50
CHEMBL4778159,N#Cc1cccc(Nc2ncnc3cc4c(cc23)OCCO4)c1,7.62,IC50
CHEMBL4740063,Clc1cccc(Nc2ncnc3cc4c(cc23)OCCO4)c1,8.19,IC50
CHEMBL1198370,Brc1cccc(Nc2ncnc3cc4c(cc23)OCCO4)c1,7.87,IC50
CHEMBL4793453,Fc1ccc(Nc2ncnc3cc4c(cc23)OCCO4)c(F)c1Br,7.81,IC50
CHEMBL4762453,Fc1c(Nc2ncnc3cc4c(cc23)OCCO4)ccc(Cl)c1Br,7.79,IC50
CHEMBL4794223,Fc1c(Nc2ncnc3cc4c(cc23)OCCO4)ccc(Br)c1Br,7.68,IC50
CHEMBL4783428,Fc1cc(Br)c(F)c(Nc2ncnc3cc4c(cc23)OCCO4)c1,8.21,IC50
CHEMBL4744207,Fc1c(Nc2ncnc3cc4c(cc23)OCCO4)ccc(Cl)c1Cl,7.6,IC50
CHEMBL4791756,Fc1ccc(Br)cc1Nc1ncnc2cc3c(cc12)OCCO3,8.12,IC50
CHEMBL4786961,Fc1ccc(Br)c(F)c1Nc1ncnc2cc3c(cc12)OCCO3,8.0,IC50
CHEMBL4749501,Fc1cccc(Nc2ncnc3cc4c(cc23)OCCO4)c1F,7.72,IC50
CHEMBL4750368,CNc1nc(C)c(C(=O)/C=C/c2ccc(O)cc2)s1,7.47,IC50
CHEMBL4741340,[2H]C([2H])=CC(=O)Nc1cc(Nc2nccc(-c3cn(C([2H])([2H])[2H])c4ccccc34)n2)c(OC)cc1N(C)CCN(C)C,8.77,IC50
CHEMBL4759697,C=CC(=O)Nc1cc2c(Nc3cccc(Cl)c3F)ncnc2cc1OCc1cn(CCC(=O)NO)nn1,9.47,IC50
CHEMBL4794998,C=CC(=O)Nc1cc2c(Nc3cccc(Cl)c3F)ncnc2cc1OCc1cn(CCCC(=O)NO)nn1,9.44,IC50
CHEMBL4783641,C=CC(=O)Nc1cc2c(Nc3cccc(Cl)c3F)ncnc2cc1OCc1cn(CCCCC(=O)NO)nn1,9.36,IC50
CHEMBL4793338,C=CC(=O)Nc1cc2c(Nc3ccc(F)c(Cl)c3)ncnc2cc1OCc1cn(CCC(=O)NO)nn1,9.48,IC50
CHEMBL4759072,C=CC(=O)Nc1cc2c(Nc3ccc(F)c(Cl)c3)ncnc2cc1OCc1cn(CCCC(=O)NO)nn1,9.46,IC50
CHEMBL4744985,C=CC(=O)Nc1cc2c(Nc3ccc(F)c(Cl)c3)ncnc2cc1OCc1cn(CCCCC(=O)NO)nn1,9.46,IC50
CHEMBL4758842,C=CC(=O)Nc1cc2c(Nc3ccc(OCc4cccc(F)c4)c(Cl)c3)ncnc2cc1OCc1cn(CCC(=O)NO)nn1,8.96,IC50
CHEMBL4794670,C=CC(=O)Nc1cc2c(Nc3ccc(OCc4cccc(F)c4)c(Cl)c3)ncnc2cc1OCc1cn(CCCC(=O)NO)nn1,8.74,IC50
CHEMBL4758761,C=CC(=O)Nc1cc2c(Nc3ccc(OCc4cccc(F)c4)c(Cl)c3)ncnc2cc1OCc1cn(CCCCC(=O)NO)nn1,8.82,IC50
CHEMBL4759112,CN(C)C/C=C/C(=O)Nc1cc2ncnc(Nc3ccc(F)c(Cl)c3)c2cc1O[C@@H]1CCOC1,9.49,IC50
CHEMBL4798527,Cc1ccc(NC(=O)c2ccc(C)c(C(F)(F)F)c2)cc1C#Cc1nn([C@H]2CC[C@H](O)CC2)c2ncnc(N)c12,8.1,IC50
CHEMBL4868909,COc1cccc(-c2cc(-c3c(O)c4ccccc4oc3=O)nc(N)c2C#N)c1,7.48,IC50
CHEMBL4877054,COc1cc2ncnc(Nc3ccc(F)c(Cl)c3)c2cc1OCCCCC(=O)Nc1ccc(S(N)(=O)=O)cc1,7.74,IC50
CHEMBL4861346,COc1cc2ncnc(Nc3ccc(Cl)c(C(F)(F)F)c3)c2cc1OCCCCC(=O)Nc1ccc(S(N)(=O)=O)cc1,7.86,IC50
CHEMBL4859542,C#Cc1cccc(Nc2ncnc3cc(OC)c(OCCCCC(=O)Nc4ccc(S(N)(=O)=O)cc4)cc23)c1,7.31,IC50
CHEMBL4855080,COc1cc2ncnc(Nc3cccc(Cl)c3F)c2cc1OCCCCC(=O)Nc1ccc(S(N)(=O)=O)cc1,7.75,IC50
CHEMBL4853833,COc1cc2ncnc(Nc3cccc(C(F)(F)F)c3)c2cc1OCCCCC(=O)Nc1ccc(S(N)(=O)=O)cc1,8.04,IC50
CHEMBL4873098,COc1cc2ncnc(Nc3ccc(OCc4cccc(F)c4)c(Cl)c3)c2cc1OCCCCC(=O)Nc1ccc(S(N)(=O)=O)cc1,7.78,IC50
CHEMBL4846607,NS(=O)(=O)c1ccc(NC(=S)Nc2ccc3ncnc(Nc4cccc(C(F)(F)F)c4)c3c2)cc1,7.29,IC50
CHEMBL4857605,NS(=O)(=O)c1ccc(CCNC(=S)Nc2ccc3ncnc(Nc4cccc(C(F)(F)F)c4)c3c2)cc1,7.37,IC50
CHEMBL4848093,NS(=O)(=O)c1ccc(CCNC(=S)Nc2ccc3ncnc(Nc4ccc(OCc5cccc(F)c5)c(Cl)c4)c3c2)cc1,7.55,IC50
CHEMBL4863294,O=C(CCCCCCn1cc(-c2ccc3ncnc(Nc4ccc(Br)cc4F)c3c2)nn1)NO,7.99,IC50
CHEMBL4860398,C#Cc1cccc(Nc2ncnc3cc(OC)c(OCCCCCCN/C(=N\C#N)Nc4ccncc4)cc23)c1,9.49,IC50
CHEMBL4873506,C#Cc1cccc(Nc2ncnc3cc(OC)c(OCCCCCCN/C(=N\C#N)Nc4cccnc4)cc23)c1,9.49,IC50
CHEMBL4851176,C#Cc1cccc(Nc2ncnc3cc(OC)c(OCCCCCN/C(=N\C#N)Nc4ccncc4)cc23)c1,9.64,IC50
CHEMBL4852664,C#Cc1cccc(Nc2ncnc3cc(OC)c(OCCCCCN/C(=N\C#N)Nc4cccnc4)cc23)c1,9.39,IC50
CHEMBL4868614,C#Cc1cccc(Nc2ncnc3cc(OC)c(OCCCCCCCN/C(=N\C#N)Nc4ccncc4)cc23)c1,9.34,IC50
CHEMBL4859375,C#Cc1cccc(Nc2ncnc3cc(OC)c(OCCCCCCCN/C(=N\C#N)Nc4cccnc4)cc23)c1,9.32,IC50
CHEMBL4858583,CN(/N=N\c1ccc2ncnc(Nc3cccc(Cl)c3)c2c1)C(=O)OCCl,9.41,IC50
CHEMBL4857477,CN(C(=O)NCCCl)c1ccc2ncnc(Nc3cccc(Cl)c3)c2c1,7.09,IC50
CHEMBL4856453,COc1ccc(-c2coc3cc(OCC(=O)N/C=C\c4ccc(O)cc4)ccc3c2=O)cc1,7.48,IC50
CHEMBL1988225,O=C(CNc1ccc(Cl)cc1)Nn1c(-c2ccccc2)nc2ccccc2c1=O,7.09,IC50
CHEMBL4866476,O=C1N=C(NN2Cc3ccccc3N=C2c2ccccc2)S/C1=C/c1ccccc1,7.18,IC50
CHEMBL4871569,Cc1nc2c(Br)cc(Br)cc2c(=O)n1N,7.14,IC50
CHEMBL4873767,Oc1cc(Nc2ccnc3cc(-c4ccccc4)ccc23)ccc1Cl,7.0,IC50
CHEMBL4847264,C=CC(=O)Nc1cccc(Oc2nc(Nc3ccc(N4CCN(C)CC4)c(N)c3)nc3[nH]ccc23)c1,9.68,IC50
CHEMBL4297865,C=CC(=O)Nc1cccc(Oc2nc(Nc3ccc(N4CCN(C)CC4)c(F)c3)nc3[nH]ccc23)c1,9.77,IC50
CHEMBL4850239,C=CC(=O)Nc1cccc(Oc2nc(Nc3ccc(N4CCN(C)CC4)c([N+](=O)[O-])c3)nc3[nH]ccc23)c1,9.41,IC50
CHEMBL4855850,C#CCNC(=O)c1cc(Nc2cc(C3CC3)[nH]n2)nc(N2CCN(Cc3ccc(S(=O)(=O)F)cc3)CC2)n1,8.22,IC50
CHEMBL4866162,COc1cc(N2CCN(C(C)=O)CC2)ccc1Nc1ncc(Cl)c(Nc2ccc(NCc3ccc(S(=O)(=O)F)cc3)cc2)n1,8.82,IC50
CHEMBL4861707,CN1CCN(c2ccc(Nc3ncc(Cl)c(Nc4ccccc4C(=O)NO)n3)cc2)CC1,7.16,IC50
CHEMBL4858714,O=C(NO)c1ccccc1Nc1nc(Nc2ccc(CN3CCOCC3)cc2)ncc1Cl,7.0,IC50
CHEMBL4875985,O=C(NO)c1ccccc1Nc1nc(Nc2ccc(OCCN3CCOCC3)cc2)ncc1Cl,8.96,IC50
CHEMBL4869024,CN1CCN(CCOc2ccc(Nc3ncc(Cl)c(Nc4ccccc4C(=O)NO)n3)cc2)CC1,8.17,IC50
CHEMBL4870560,O=C(NO)c1ccccc1Nc1nc(Nc2ccc(OCCCN3CCOCC3)cc2)ncc1Cl,7.19,IC50
CHEMBL4858409,O=C(NO)c1ccccc1Nc1nc(Nc2ccc(OCC(=O)N3CCOCC3)cc2)ncc1Cl,7.79,IC50
CHEMBL4871985,CNC(=O)c1ccccc1Nc1nc(Nc2ccc(N3CCC(C(=O)NO)CC3)cc2)ncc1Cl,7.3,IC50
CHEMBL4858535,CNC(=O)c1ccccc1Nc1nc(Nc2ccc(OCCCN3CCC(C(=O)NO)CC3)cc2)ncc1Cl,7.35,IC50
CHEMBL4851795,O=C(COc1ccc(Nc2ncc(Cl)c(Nc3ccccc3C(=O)NO)n2)cc1)NO,7.18,IC50
CHEMBL4862351,CCOC(=O)c1ccccc1Nc1nc(Nc2ccc(OCC(=O)N3CCOCC3)cc2)ncc1Cl,9.61,IC50
CHEMBL4862976,CNC(=O)c1ccccc1Nc1nc(Nc2ccc(NC(=O)CN3CCOCC3)c(C)c2)ncc1Cl,8.41,IC50
CHEMBL4863836,C=CC(=O)N1CCCC[C@H]1c1nc(-c2ccc(C(=O)Nc3cc(-c4ccccc4)ccn3)cc2)c(C(N)=O)n1N,7.1,IC50
CHEMBL4878626,C=CC(=O)N1CCCC[C@H]1c1nc(-c2ccc(C(=O)Nc3cc(-c4ccc(Cl)cc4)ccn3)cc2)c(C(N)=O)n1N,7.9,IC50
CHEMBL3936761,C=CC(=O)N1CCC([C@@H]2CCNc3c(C(N)=O)c(-c4ccc(Oc5ccccc5)cc4)nn32)CC1,8.62,IC50
CHEMBL3647964,C=CC(=O)N1CCC[C@H](n2nc(-c3ccc(Oc4ccccc4)cc3)c3c(N)ncnc32)C1,8.92,IC50
CHEMBL4871192,C#CC(=O)N1CCC(c2cnn3c(C(N)=O)c(-c4ccc(Oc5ccccc5)cc4)[nH]c23)CC1,7.51,IC50
CHEMBL4869409,C#CC(=O)N1CCC(c2cnn3c(C(N)=O)c(-c4ccc(Oc5ccccc5F)cc4)[nH]c23)CC1,7.79,IC50
CHEMBL4857353,C#CC(=O)N1CCC(c2cnn3c(C(N)=O)c(-c4ccc(Oc5ccc(F)cc5F)cc4)[nH]c23)CC1,7.48,IC50
CHEMBL4856592,C#CC(=O)N1CCC(c2cnn3c(C(N)=O)c(-c4ccc(Oc5ccc(OC)cc5)cc4)[nH]c23)CC1,7.29,IC50
CHEMBL4875332,C#CC(=O)N1CCC(c2cnn3c(C(N)=O)c(-c4ccc(Oc5ccccc5)cc4)[nH]c23)C1,7.53,IC50
CHEMBL4852264,C#CC(=O)N1CCC(c2cnn3c(C(N)=O)c(-c4ccc(Oc5ccc(F)cc5)cc4)[nH]c23)C1,7.41,IC50
CHEMBL4863088,C#CC(=O)N1CC(c2cnn3c(C(N)=O)c(-c4ccc(Oc5ccccc5)cc4)[nH]c23)C1,7.47,IC50
CHEMBL4867893,C#CC(=O)N1CC(c2cnn3c(C(N)=O)c(-c4ccc(Oc5ccc(OC)cc5)cc4)[nH]c23)C1,7.05,IC50
CHEMBL4871593,C=CCn1c(=O)c2cnc(Nc3ccc(N4CCN(C)CC4)cc3)nc2n1-c1ccc2c(n1)C(O)(CC)CC2,7.22,IC50
CHEMBL4877510,CCn1c(-c2ccccc2)c(-c2ncnc3cc(OC)c(OCCCN4CCOCC4)cc23)c2ccccc21,8.89,IC50
CHEMBL5085136,C=CC(=O)N1CCC2(CC1)CNC(=O)c1cc(-c3ccnc(-c4ccc5c(c4)OCO5)n3)[nH]c12,8.19,IC50
CHEMBL5083976,C=CC(=O)N1CCC2(CC1)CNC(=O)c1cc(-c3ccnc(-c4cccc(OC)c4)n3)[nH]c12,8.02,IC50
CHEMBL5077776,C=CC(=O)N1CCC2(CC1)CNC(=O)c1cc(-c3ccnc(Nc4ccccc4OC)n3)[nH]c12,9.4,IC50
CHEMBL5088102,COc1ccccc1Nc1nccc(-c2cc3c([nH]2)C2(CCN(C(=O)C#CN(C)C)CC2)CNC3=O)n1,8.55,IC50
CHEMBL5089073,C=CC(=O)N1CCC2(CC1)CNC(=O)c1cc(-c3ccnc(Nc4ccccc4OC)c3)[nH]c12,7.43,IC50
CHEMBL5076067,C=CC(=O)N1CCC2(CC1)CNC(=O)c1cc(-c3nc(Nc4ccccc4OC)ncc3Cl)[nH]c12,9.1,IC50
CHEMBL5085118,C=CC(=O)N1CCC2(CC1)CNC(=O)c1cc(-c3nc(Nc4ccccc4OC)ncc3C)[nH]c12,8.92,IC50
CHEMBL5079430,C=CC(=O)N1CCC2(CC1)CNC(=O)c1cc(-c3ccnc(Nc4ccccc4OC(C)C)n3)[nH]c12,8.92,IC50
CHEMBL5094282,CS(=O)(=O)CCN(Cc1ccc(-c2ccc3ncnc(Nc4ccc(OCc5cccc(F)c5)c(Cl)c4)c3c2)o1)C(=O)CCC(=O)OCCN1CCN(CCCN2c3ccccc3Sc3ccc(Cl)cc32)CC1,7.98,IC50
CHEMBL5079998,CC(OC(=O)CCCC(=O)N(CCS(C)(=O)=O)Cc1ccc(-c2ccc3ncnc(Nc4ccc(OCc5cccc(F)c5)c(Cl)c4)c3c2)o1)c1cc2c(o1)C(=O)c1ccccc1C2=O,8.13,IC50
CHEMBL5077378,COc1cc(N2CCC(N3CCN(C)CC3)CC2)c(-c2cn[nH]c2)cc1Nc1ncc(Cl)c(Nc2ccccc2P(C)(C)=O)n1,9.52,IC50
CHEMBL5094480,COc1cc(N2CCC(N(C)C)CC2)c(-c2cn[nH]c2)cc1Nc1ncc(Cl)c(Nc2ccccc2P(C)(C)=O)n1,9.3,IC50
CHEMBL5087815,COc1cc(N2CCC(N3CCN(C)CC3)CC2)c(-c2cnn(C)c2)cc1Nc1ncc(Cl)c(Nc2ccccc2P(C)(C)=O)n1,9.49,IC50
CHEMBL5086066,COc1cc(N2CCC(N(C)C)CC2)c(-c2cnn(C)c2)cc1Nc1ncc(Cl)c(Nc2ccccc2P(C)(C)=O)n1,9.72,IC50
CHEMBL5087610,COc1cc(N2CCN(C)CC2)c(-c2cnn(C)c2)cc1Nc1ncc(Cl)c(Nc2ccccc2P(C)(C)=O)n1,8.48,IC50
CHEMBL5087264,COc1cc(N2CCOCC2)c(-c2cnn(C)c2)cc1Nc1ncc(Cl)c(Nc2ccccc2P(C)(C)=O)n1,9.7,IC50
CHEMBL5081299,COc1cc(N2CCOCC2)c(-c2cn[nH]c2)cc1Nc1ncc(Cl)c(Nc2ccccc2P(C)(C)=O)n1,9.68,IC50
CHEMBL5078413,CCP(=O)(CC)c1ccccc1Nc1nc(Nc2cc(-c3cnn(C)c3)c(N3CCOCC3)cc2OC)ncc1Cl,9.7,IC50
CHEMBL5094288,C#CCN1CCN(c2ccc(Nc3ncc4c(C)cc(=O)n(-c5cccc(NC(=O)C=C)c5)c4n3)c(OC)c2)CC1,8.1,IC50
CHEMBL1714813,COc1cc2ncnc(N[C@H](C)c3ccccc3)c2cc1OC,9.0,IC50
CHEMBL5085143,C=CC(=O)Nc1cc(Nc2ncc(Cl)c(N3CCc4sccc4C3)n2)c(OC)cc1N(C)CCN(C)C,8.19,IC50
CHEMBL5079081,C=C(Cl)C(=O)Nc1cc(Nc2ncc(Cl)c(N3CCc4sccc4C3)n2)c(OC)cc1N(C)CCN(C)C,7.02,IC50
CHEMBL5086894,COc1cc(Nc2ncc(Cl)c(Nc3ccccc3P(C)(C)=O)n2)ccc1N1CCC(N2CCN(C)CC2)CC1,8.62,IC50
CHEMBL5084760,Cc1cc(Nc2ncc(Cl)c(Nc3ccccc3P(C)(C)=O)n2)ccc1N1CCC(N2CCN(C)CC2)CC1,9.22,IC50
CHEMBL5076986,CN1CCN(C2CCN(c3ccc(Nc4ncc(Cl)c(Nc5ccccc5P(C)(C)=O)n4)cc3Cl)CC2)CC1,9.22,IC50
CHEMBL5081174,CN1CCN(C2CCN(c3cc(Cl)c(Nc4ncc(Cl)c(Nc5ccccc5P(C)(C)=O)n4)cc3Cl)CC2)CC1,9.15,IC50
CHEMBL5077866,CN1CCN(C2CCN(c3ccc(Nc4ncc(Cl)c(Nc5ccccc5P(C)(C)=O)n4)cc3OC(F)(F)F)CC2)CC1,7.89,IC50
CHEMBL5088423,CN1CCN(C2CCN(c3ccc(Nc4ncc(Cl)c(Nc5ccccc5P(C)(C)=O)n4)cc3C(F)(F)F)CC2)CC1,8.46,IC50
CHEMBL5078816,CN1CCN(C2CCN(c3ccc(Nc4ncc(Cl)c(Nc5ccccc5P(C)(C)=O)n4)cc3C(F)F)CC2)CC1,7.64,IC50
CHEMBL5091683,CN1CCN(C2CCN(c3ccc(Nc4ncc(Br)c(Nc5ccccc5P(C)(C)=O)n4)cc3Cl)CC2)CC1,8.48,IC50
CHEMBL5087931,Cc1cc(Nc2ncc(Cl)c(Nc3ccccc3P(C)(C)=O)n2)cnc1N1CCC(N2CCN(C)CC2)CC1,8.68,IC50
CHEMBL5081817,CN1CCN(C2CCN(c3c(Cl)cc(Nc4ncc(Cl)c(Nc5ccccc5P(C)(C)=O)n4)cc3Cl)CC2)CC1,7.47,IC50
CHEMBL5069689,C=CC(=O)Nc1cccc(-n2c(=O)c(-c3ccccc3)nc3cnc(Nc4ccc(OC)cc4)nc32)c1,7.74,IC50
CHEMBL5083645,C=CC(=O)Nc1cccc(-n2c(=O)c(Oc3ccccc3)nc3cnc(Nc4ccc(OC)cc4)nc32)c1,8.04,IC50
CHEMBL5076283,C=CC(=O)Nc1cccc(-n2c(=O)c(-c3ccccc3)nc3cnc(Nc4ccc(OCCOC)cc4)nc32)c1,8.29,IC50
CHEMBL5069609,C=CC(=O)Nc1cccc(-n2c(=O)c(-c3ccccc3F)nc3cnc(Nc4ccc(OCCOC)cc4)nc32)c1,8.96,IC50
CHEMBL5075594,C=CC(=O)Nc1cccc(-n2c(=O)c(-c3ccccc3Cl)nc3cnc(Nc4ccc(OCCOC)cc4)nc32)c1,7.96,IC50
CHEMBL5081433,C=CC(=O)Nc1cccc(-n2c(=O)c(C3CCCCC3)nc3cnc(Nc4cccc(OCC(N)=O)c4)nc32)c1,7.08,IC50
CHEMBL5080260,C=CC(=O)Nc1cccc(-n2c(=O)c(C3CCCCC3)nc3cnc(Nc4cccc(OCC(C)=O)c4)nc32)c1,7.47,IC50
CHEMBL5094406,C=CC(=O)Nc1cc(Nc2nccc(Nc3cnn(CC)c3)n2)c(OC)cc1N(C)CCN(C)C,8.1,IC50
CHEMBL5071181,C=CC(=O)Nc1cc(Nc2nccc(Nc3cnn(C)c3)n2)c(OC)cc1N(C)CCN(C)C,7.67,IC50
CHEMBL5080676,C=CC(=O)Nc1cc(Nc2nccc(Nc3cn(C)nc3C)n2)c(OC)cc1N(C)CCN(C)C,8.25,IC50
CHEMBL5088907,C=CC(=O)Nc1cc(Nc2nccc(Nc3ccn(C)n3)n2)c(OC)cc1N(C)CCN(C)C,8.21,IC50
CHEMBL5083034,C=CC(=O)Nc1cc(Nc2nccc(Nc3cn(C)c4ccccc34)n2)c(OC)cc1N(C)CCN(C)CC(=O)OC,8.24,IC50
CHEMBL5072451,C#CCN(C)CCN(C)c1cc(OC)c(Nc2nccc(Nc3cn(C)c4ccccc34)n2)cc1NC(=O)C=C,8.4,IC50
CHEMBL5089161,C=CC(=O)Nc1cc(Nc2nccc(Nc3cn(C)c4ccccc34)n2)c(OC)cc1N(C)CCN(C)Cc1ccccc1,8.36,IC50
CHEMBL5085816,C=CC(=O)Nc1cc(Nc2nccc(Nc3cn(C)c4ccccc34)n2)c(OC)cc1N(C)CCN(C)CC(=C)C,8.24,IC50
CHEMBL5093402,C=CCCN(C)CCN(C)c1cc(OC)c(Nc2nccc(Nc3cn(C)c4ccccc34)n2)cc1NC(=O)C=C,8.7,IC50
CHEMBL5070579,C#CCN(C)CCN(C)c1cc(OC)c(Nc2nccc(Nc3ccn(C)n3)n2)cc1NC(=O)C=C,8.07,IC50
CHEMBL5082074,C=CC(=O)Nc1cc(Nc2nccc(Nc3cn(C)c4ccccc34)n2)c(OC)cc1N(C)CCN(C)Cc1ccc(Br)cc1,8.09,IC50
CHEMBL5087139,C=CC(=O)Nc1cc(Nc2nccc(Nc3cn(C)c4ccccc34)n2)c(OC)cc1N(C)CCN(C)C(=O)c1ccc(Br)cc1,7.9,IC50
CHEMBL5094237,C=CC(=O)Nc1cc(Nc2nccc(Nc3cn(C)c4ccccc34)n2)c(OC)cc1N(C)CCN(C)C(=O)/C=C/C,7.56,IC50
CHEMBL5093625,C=CCC(=O)N(C)CCN(C)c1cc(OC)c(Nc2nccc(Nc3cn(C)c4ccccc34)n2)cc1NC(=O)C=C,7.4,IC50
CHEMBL5089336,C=CC(=O)Nc1cc(Nc2nccc(Nc3cn(C)c4ccccc34)n2)c(OC)cc1N(C)CCN(C)C(=O)C=C,7.44,IC50
CHEMBL5076881,C=CC(=O)Nc1cc(Nc2nccc(Nc3cn(C)c4ccccc34)n2)c(OC)cc1N(C)CCN(C)C(=O)C#CC,7.24,IC50
CHEMBL5084983,C=CC(=O)Nc1cc(Nc2nccc(Nc3cn(C)c4ccccc34)n2)c(OC)cc1N(C)CCN(C)C(=O)OC,7.91,IC50
CHEMBL5089912,C=CC(=O)Nc1cc(Nc2nccc(Nc3ccn(C)n3)n2)c(OC)cc1N(C)CCN(C)CC(=O)OC,7.37,IC50
CHEMBL5173408,O=C(Cc1csc2nc3ccccc3n12)Nc1cccc2ccccc12,7.05,IC50
CHEMBL5196024,C=CC(=O)Nc1cccc(Nc2nc(Nc3ccc(SCCCN4CCOCC4)cc3)ncc2Cl)c1,7.56,IC50
CHEMBL5187169,C=CC(=O)Nc1cccc(Nc2nc(Nc3ccc(SCC(=O)N4CCOCC4)cc3)ncc2Cl)c1,8.04,IC50
CHEMBL5181237,Brc1cccc(Nc2ncnc3[nH]ccc23)c1,8.52,IC50
CHEMBL5207949,Clc1ccc(Nc2ncnc3[nH]ccc23)cc1Br,8.44,IC50
CHEMBL5203640,C=CC(=O)N1CCCC(n2nc(-c3ccc4ccccc4c3)c3c(N)ncnc32)C1,7.06,IC50
CHEMBL5198368,CC1=NNC2=NC(=O)NC(c3ccccc3Br)C12,7.05,IC50
CHEMBL5196209,Cc1n[nH]c2c1C(c1ccccc1Br)c1c(ncn(N)c1=N)O2,7.22,IC50
CHEMBL4780534,C=CC(=O)Nc1cccc(Oc2nc(Nc3ccc(OC)cc3)nc3c2CSCC3)c1,7.55,IC50
CHEMBL5198920,C=CC(=O)N1CCC(Oc2nc(Nc3ccc(N(C)CCN(C)C)cc3OC)nc3[nH]ccc23)CC1,8.11,IC50
CHEMBL5205097,C=CC(=O)N1CCC(Oc2nc(Nc3ccc(N4CCN(C)CC4)cc3OC)nc3[nH]ccc23)CC1,7.91,IC50
CHEMBL5192155,C=CC(=O)N1CCC(Oc2nc(Nc3ccc(N4CCN(C)CC4)c(F)c3)nc3[nH]ccc23)CC1,7.87,IC50
CHEMBL5208416,C=CC(=O)N1CCC(Oc2nc(Nc3ccc(N4CCN(C)CC4)cc3)nc3[nH]ccc23)CC1,8.25,IC50
CHEMBL5189711,C=CC(=O)N1CCC(Oc2nc(Nc3ccc(N4CCN(C(C)=O)CC4)cc3OC)nc3[nH]ccc23)CC1,7.5,IC50
CHEMBL5199399,C=CC(=O)N1CCC(Oc2nc(Nc3ccc(N4CCN(C)CC4)cc3OC)nc3ccsc23)CC1,7.85,IC50
CHEMBL5191556,C=CC(=O)N1CCC(Oc2nc(Nc3ccc(N4CCN(C)CC4)c(F)c3)nc3ccsc23)CC1,7.99,IC50
CHEMBL5179952,C=CC(=O)N1CCC(Oc2nc(Nc3ccc(N4CCN(C)CC4)cc3)nc3ccsc23)CC1,8.31,IC50
CHEMBL5174995,C=CC(=O)N1CCC(Oc2nc(Nc3ccc(N4CCN(C(C)=O)CC4)cc3OC)nc3ccsc23)CC1,7.69,IC50
CHEMBL5181848,C=CC(=O)N1CCC(Oc2nc(Nc3ccc(N4CCOCC4)cc3OC)nc3ccsc23)CC1,8.02,IC50
CHEMBL5172236,C=CC(=O)N1CCC(Oc2nc(Nc3ccc(N4CCOCC4)cc3)nc3ccsc23)CC1,8.19,IC50
CHEMBL5203195,C=CC(=O)N1CCC(Oc2nc(Nc3ccc(N4CCN(C)CC4)c(F)c3)ncc2Cl)CC1,8.02,IC50
CHEMBL5183664,C=CC(=O)N1CCC(Oc2nc(Nc3ccc(N4CCN(C)CC4)cc3)ncc2Cl)CC1,7.7,IC50
CHEMBL5199354,C=CC(=O)N1CCC(Oc2nc(Nc3ccc(N4CCN(CCO)CC4)cc3)ncc2Cl)CC1,7.38,IC50
CHEMBL5184813,C=CC(=O)N1CCC(Oc2nc(Nc3ccc(CN4CCC(CO)CC4)cc3)ncc2Cl)CC1,7.91,IC50
CHEMBL5189340,CN(C)c1ccc(/C=N/NC(=O)Cn2nc(Cc3ccc(Cl)cc3)c3ccccc3c2=O)cc1,9.35,IC50
CHEMBL5178922,O=C(CCCCCCN1CC(c2ccc3ncnc(Nc4ccc(Br)cc4F)c3c2)N=N1)NO,7.99,IC50
CHEMBL5192318,NNC(=O)/C=C1/Nc2ccc(Br)cc2NC1=O,7.06,IC50
CHEMBL5208825,COC(=O)CCc1nc2ccc(Br)cc2[nH]c1=O,7.12,IC50
CHEMBL5206400,COC(=O)CCc1nc2ccc(Cl)cc2[nH]c1=O,7.08,IC50
CHEMBL5206715,CCc1cc(Nc2ncc(Br)c(Nc3ccc4nccnc4c3P(C)(C)=O)n2)c(OC)cc1N1CCC(N2CCN(CCS(C)(=O)=O)CC2)CC1,10.0,IC50
CHEMBL5196498,C=CC(=O)Nc1cccc(Nc2nc(Nc3ccc(N4CCN(C(=O)CCCC(=O)Nc5cccc6c5C(=O)N(C5CCC(=O)NC5=O)C6=O)CC4)cc3OC)ncc2C(F)(F)F)c1,7.48,IC50
CHEMBL5201794,C=CC(=O)Nc1cccc(Nc2nc(Nc3ccc(N4CCN(C(=O)CCCCCC(=O)Nc5cccc6c5C(=O)N(C5CCC(=O)NC5=O)C6=O)CC4)cc3OC)ncc2C(F)(F)F)c1,7.69,IC50
CHEMBL5206775,C=CC(=O)Nc1cccc(Nc2nc(Nc3ccc(N4CCN(CCOCCNc5cccc6c5C(=O)N(C5CCC(=O)NC5=O)C6=O)CC4)cc3OC)ncc2C(F)(F)F)c1,7.62,IC50
CHEMBL5175891,C=CC(=O)Nc1cccc(Nc2nc(Nc3ccc(N4CCN(CC(=O)NCCNc5cccc6c5C(=O)N(C5CCC(=O)NC5=O)C6=O)CC4)cc3OC)ncc2C(F)(F)F)c1,7.37,IC50
CHEMBL5209094,CCc1cc(Nc2ncc(Br)c(Nc3ccn4ncnc4c3P(C)(C)=O)n2)c(OC)cc1N1CCC(N2CCN(CC)CC2)CC1,10.0,IC50
CHEMBL5195137,CCc1cc(Nc2ncc(Br)c(Nc3ccn4ncnc4c3P(C)(C)=O)n2)c(OC)cc1N1CCC(N2CCOCC2)CC1,9.74,IC50
CHEMBL5199678,CCc1cc(Nc2ncc(Br)c(Nc3ccc4ncnn4c3P(C)(C)=O)n2)c(OC)cc1N1CCC(N2CC(COC)C2)CC1,10.0,IC50
CHEMBL5203041,CCOC1CN(C2CCN(c3cc(OC)c(Nc4ncc(Br)c(Nc5ccc6ncnn6c5P(C)(C)=O)n4)cc3CC)CC2)C1,9.17,IC50
CHEMBL5203220,CCc1cc(Nc2ncc(Br)c(Nc3ccc4c(c3P(C)(C)=O)OCO4)n2)c(OC)cc1N1CCC(N2CC(N(C)C)C2)CC1,9.82,IC50
CHEMBL5180388,CCc1cc(Nc2ncc(Br)c(Nc3ccc4nccnc4c3P(C)(C)=O)n2)c(OC)cc1N1CCC(N2CC(N(C)C)C2)CC1,10.1,IC50
CHEMBL5180894,CCc1cc(Nc2ncc(Br)c(Nc3ccc4nccnc4c3P(C)(C)=O)n2)c(OC)cc1N1CCC(N2CCCN(C)CC2)CC1,9.57,IC50
CHEMBL5186680,COc1cc(N2CCC(N3CC(N(C)C)C3)CC2)c(C)cc1Nc1ncc(Br)c(Nc2ccc3nccnc3c2P(C)(C)=O)n1,10.22,IC50
CHEMBL5179357,CCOC1CN(C2CCN(c3cc(OC)c(Nc4ncc(Br)c(Nc5ccc6nccnc6c5P(C)(C)=O)n4)cc3C)CC2)C1,9.37,IC50
CHEMBL5188373,COCC1CN(C2CCN(c3cc(OC)c(Nc4ncc(Br)c(Nc5ccc6c(c5P(C)(C)=O)OCCO6)n4)cc3C)CC2)C1,10.05,IC50
CHEMBL5206164,COc1cc(N2CCC(N3CC(N(C)C)C3)CC2)c(C)cc1Nc1ncc(Br)c(Nc2ccc3c(c2P(C)(C)=O)OCCO3)n1,9.66,IC50
CHEMBL5195904,CCOC1CN(C2CCN(c3cc(OC)c(Nc4ncc(Br)c(Nc5ccc6c(c5P(C)(C)=O)OCCO6)n4)cc3C)CC2)C1,10.15,IC50
CHEMBL5193123,COc1cc(N2CCC(N3CCCN(C)CC3)CC2)c(C)cc1Nc1ncc(Br)c(Nc2ccc3c(c2P(C)(C)=O)OCCO3)n1,10.3,IC50
CHEMBL5192223,COc1cc(N2CCC(N3CCCOCC3)CC2)c(C)cc1Nc1ncc(Br)c(Nc2ccc3c(c2P(C)(C)=O)OCCO3)n1,9.89,IC50
CHEMBL5204749,CCO[C@@H]1CCN(C2CCN(c3cc(OC)c(Nc4ncc(Br)c(Nc5ccc6c(c5P(C)(C)=O)OCCO6)n4)cc3C)CC2)C1,9.55,IC50
CHEMBL5193149,COc1cc(N2CCC(N3CC[C@H](N(C)C)C3)CC2)c(C)cc1Nc1ncc(Br)c(Nc2ccc3c(c2P(C)(C)=O)OCCO3)n1,9.92,IC50
CHEMBL5188940,CCc1cc(Nc2ncc(Br)c(Nc3ccc4c(c3P(C)(C)=O)OCCO4)n2)c(OC)cc1N1CCC(N2CC(N(C)C)C2)CC1,10.1,IC50
CHEMBL5203385,CCc1cc(Nc2ncc(Br)c(Nc3ccc4c(c3P(C)(C)=O)OCCO4)n2)c(OC)cc1N1CCC(N2CC(CC#N)C2)CC1,9.39,IC50
CHEMBL5197545,CCc1cc(Nc2ncc(Br)c(Nc3ccc4c(c3P(C)(C)=O)OCCO4)n2)c(OC)cc1N1CCC(N2CC(COC)C2)CC1,9.92,IC50
CHEMBL5178971,CCN(C)C1CN(C2CCN(c3cc(OC)c(Nc4ncc(Br)c(Nc5ccc6c(c5P(C)(C)=O)OCCO6)n4)cc3C)CC2)C1,9.55,IC50
CHEMBL5195669,O=C(Nc1nccs1)C(c1n[nH]c2c1CCC2)N1Cc2ccccc2C1=O,7.64,IC50
CHEMBL5203388,O=C(Nc1nccs1)C(c1ncn2c1CCC2)N1Cc2ccccc2C1=O,7.8,IC50
CHEMBL5173979,O=C(Nc1nccs1)C(c1ncn2c1CCC2)N1Cc2c(Cl)cccc2C1=O,8.4,IC50
CHEMBL5173986,O=C(Nc1nccs1)C(c1ncn2c1CCC2)N1Cc2ccc(C#Cc3ccccc3)cc2C1=O,7.7,IC50
CHEMBL5189114,O=C(Nc1nccs1)C(c1ncn2c1CCC2)N1Cc2c(F)cc(C#Cc3cccnc3)cc2C1=O,8.15,IC50
CHEMBL5198433,O=C(Nc1nccs1)C(c1ncn2c1CCC2)N1Cc2ccc(C#Cc3ccc(CN4CCCCC4)cc3)cc2C1=O,7.8,IC50
CHEMBL5172668,O=C(Nc1nccs1)C(c1ncn2c1CCC2)N1Cc2c(F)cc(C#Cc3ccc(CN4CCCCC4)cc3)cc2C1=O,8.15,IC50
CHEMBL5187250,O=C(Nc1nccs1)C(c1ncn2c1CCC2)N1Cc2ccc(C#Cc3ccc(CN4CCC(O)CC4)cc3)cc2C1=O,8.15,IC50
CHEMBL5207479,O=C(Nc1nccs1)C(c1ncn2c1CCC2)N1Cc2c(F)cc(C#Cc3ccc(CN4CCC(O)CC4)cc3)cc2C1=O,8.3,IC50
CHEMBL5180839,O=C(Nc1nccs1)C(c1ncn2c1CCC2)N1Cc2c(F)cc(C#Cc3ccc(CN4CCC(CO)CC4)cc3)cc2C1=O,8.3,IC50
CHEMBL5189574,O=C(Nc1nccs1)C(c1ncn2c1CCC2)N1Cc2c(cc(C#Cc3ccc(CN4CCC(CO)CC4)cc3)cc2C(F)(F)F)C1=O,8.52,IC50
CHEMBL5184539,O=C(Nc1nccs1)C(c1ncn2c1CCC2)N1Cc2c(cc(C#Cc3ccc(CN4CCC(CO)CC4)cc3)cc2C(F)F)C1=O,8.4,IC50
CHEMBL5183324,CC1(C)CCc2c(C(C(=O)Nc3nccs3)N3Cc4c(cc(C#Cc5ccc(CN6CCC(CO)CC6)cc5)cc4C(F)F)C3=O)ncn21,8.4,IC50
CHEMBL5180289,CCN1CCN(c2ccc(-c3cc(F)c4cn(C(C(=O)Nc5nccs5)c5ncn6c5CCC6)nc4c3)cc2)CC1,8.15,IC50
CHEMBL5203543,CCN1CCN(c2ccc(-c3cc(Cl)c4cn(C(C(=O)Nc5nccs5)c5ncn6c5CCC6)nc4c3Cl)cc2)CC1,7.96,IC50
CHEMBL5202945,CCN1CCN(c2ccc(-c3cc(Cl)c4cn(C(C(=O)Nc5nccs5)c5ncn6c5C[C@@H](F)C6)nc4c3Cl)cc2)CC1,8.4,IC50
CHEMBL5207152,O=C(Nc1nccs1)C(c1ncn2c1C[C@@H](F)C2)n1cc2c(Cl)cc(-c3ccc(N4CCN(C5CC5)CC4)cc3)c(Cl)c2n1,7.77,IC50
CHEMBL5201725,O=C(Nc1nccs1)C(c1ncn2c1CCC2)n1cc2c(Cl)cc(-c3ccc(N4CCOCC4)cc3)c(Cl)c2n1,7.66,IC50
CHEMBL5208056,O=C(Nc1nccs1)C(c1ncn2c1C[C@@H](F)C2)n1cc2c(Cl)cc(-c3ccc(N4CCOCC4)cc3)c(Cl)c2n1,8.22,IC50
CHEMBL5193594,Cc1c(-c2ccc(N3CCOCC3)cc2)cc(C(F)F)c2cn(C(C(=O)Nc3nccs3)c3ncn4c3C[C@@H](F)C4)nc12,8.15,IC50
CHEMBL5170519,Cc1c(-c2ccc(N3CCOCC3)cc2)cc(C(F)F)c2cn(C(C(=O)Nc3nccs3)c3ncn4c3CCC43CC3)nc12,8.0,IC50
CHEMBL5193772,O=C(Nc1nccs1)C(c1ncn2c1CCC2)n1cc2c(F)cc(C#Cc3ccc(CN4CCC(O)CC4)cc3)cc2n1,8.22,IC50
CHEMBL5184760,Cc1c(C#Cc2ccc(CN3CCC(CO)CC3)cc2)cc(C(F)F)c2cn(C(C(=O)Nc3nccs3)c3ncn4c3CCC4)nc12,8.52,IC50
CHEMBL5177023,Cc1c(C#Cc2ccc(CN3CCC(CO)CC3)cc2)cc(C(F)F)c2cn(C(C(=O)Nc3nccs3)c3ncn4c3CCC43CC3)nc12,8.7,IC50
CHEMBL5188568,C=CC(=O)N1CCC(N2C(=O)N(c3ccccc3)Cc3cnc(Nc4ccc(N5CCN(C)CC5)c(C)c4)nc32)C1,8.04,IC50
CHEMBL5188948,CN1CCN(c2ccc(Nc3ncc4cc(CNc5ccccc5)n(C5CCCC5)c4n3)cc2)CC1,8.0,IC50
CHEMBL5179023,COc1cc(N2CCC(N(C)C)CC2)ccc1Nc1ncc2cc(CNc3ccccc3)n(C3CCCC3)c2n1,8.0,IC50
CHEMBL5181487,COc1cc(N2CCC(N3CCN(C)CC3)CC2)ccc1Nc1ncc2cc(CNc3ccccc3)n(C3CCCC3)c2n1,7.26,IC50
CHEMBL5173070,CN1CCN(c2ccc(Nc3ncc(Br)c(Nc4ccc5cn[nH]c5c4)n3)cc2)CC1,7.37,IC50
CHEMBL5182231,O=C(Cc1ccccc1)Nc1cccc(-c2nc3n(c2-c2ccnc(Nc4ccc(N5CCOCC5)cc4)n2)CCS3)c1,7.45,IC50
CHEMBL5186583,CCc1nnc2c(Nc3ccc(C(=O)/C=C/c4cc(OC)c(OC)c(OC)c4)cc3)nc3ccccc3n12,7.41,IC50
CHEMBL5202119,CCc1ccc(Cn2cc(-c3cc(-c4ccc(Br)cc4)nc(N)n3)c3ccccc32)cc1,7.01,IC50
CHEMBL5193175,CC(C)c1ccc(Cn2cc(-c3cc(-c4ccc(Br)cc4)nc(N)n3)c3ccccc32)cc1,7.03,IC50
CHEMBL5193247,C=CC(=O)Nc1cc2c(cc1OCCNC(=O)CN(C)C)NCN=C2Nc1ccc(Br)cc1F,8.7,IC50
CHEMBL5207327,COc1cc2c(cc1OC)C(Oc1cccc(NC(=S)Nc3ccc(Cl)c(C(F)(F)F)c3)c1)=NCN2,7.7,IC50
CHEMBL5192572,COc1cc2c(cc1OC)C(Sc1cccc(NC(=S)Nc3ccc(Br)c(C(F)(F)F)c3)c1)=NCN2,8.0,IC50
CHEMBL5193128,C=CC(=O)N1CCC([C@@H]2CCNC3C(C(N)=O)C(c4ccc(Oc5ccccc5)cc4)=NN32)CC1,7.68,IC50
CHEMBL5201532,COc1cc(/C=C/S(=O)(=O)c2ccccc2)cc(OC)c1OC,8.11,IC50
CHEMBL1358485,CCN(CC)CC1CCN(c2ncc3ncnc(Nc4ccc(F)c(Cl)c4)c3n2)CC1,8.52,IC50
CHEMBL2093753,O=C(Cc1cccs1)Nc1cccc(-c2ccc3nnc(-c4cccnc4)n3n2)c1,7.1,IC50
CHEMBL5192793,COc1ccc(-c2cc(=O)cc(-c3ccc(OC)cc3)o2)cc1,9.82,IC50
CHEMBL5185036,CCc1ccc(C2=C(O)C(=O)C(c3ccc(CC)cc3)=C(O)C2=O)cc1,7.52,IC50
CHEMBL5181037,COc1cccc2c1C(=O)C1=C(C2=O)c2c(O)cc(CO)cc2[C@@H](O)[C@@H]1O,8.18,IC50
CHEMBL5187547,COc1cc2ncnc(Nc3ccc(F)c(Cl)c3)c2cc1OCCCN1CCN(C(=O)CCOCCOCCOCCOCCOCCNc2ccc3c(c2)C(=O)N(C2CCC(=O)NC2=O)C3=O)CC1,8.37,KD
CHEMBL5175033,COc1cc2ncnc(Nc3ccc(F)c(Cl)c3)c2cc1OCCCN1CCN(C(=O)CCCCCCCCCCNC(=O)C[C@H](NC(=O)[C@@H]2C[C@@H](O)CN2C(=O)[C@@H](c2cc(C)no2)C(C)C)c2ccc(-c3scnc3C)cc2)CC1,8.0,KD
CHEMBL5191970,COc1cc2ncnc(Nc3ccc(F)c(Cl)c3)c2cc1OCCCN1CCN(C(=O)CCCCCCCCCCNC(=O)C[C@H](NC(=O)[C@@H]2C[C@H](O)CN2C(=O)[C@@H](c2cc(C)no2)C(C)C)c2ccc(-c3scnc3C)cc2)CC1,7.89,KD
CHEMBL5173715,COc1cc2ncnc(Nc3ccc(F)c(Cl)c3)c2cc1OCCCN1CCN(C(=O)CCOCCOCCOCCOCCOCCNc2ccc3c(c2)C(=O)N(C2CCC(=O)N(C)C2=O)C3=O)CC1,8.54,KD
CHEMBL5198809,Brc1cccc(Nc2ncnc3c2[nH]c2ccccc23)c1,7.14,IC50
CHEMBL5194719,COc1ccc(/C=C\C(=O)c2ccc(Br)c3cc(-c4ccc(F)cc4)oc23)cc1,7.05,IC50
CHEMBL5201054,O=C(CCCCn1cc(-c2ccc3ncnc(Nc4ccccc4F)c3c2)nn1)NO,7.99,IC50
CHEMBL4117373,COc1ccc2c(c1)CCCN2c1nc(C)nc2c(Cc3ccccc3)cn(C)c12,8.31,IC50
CHEMBL4116552,COc1ccc(N(C)c2nc(C)nc3c(Cc4ccccc4)cn(C)c23)cc1,8.64,IC50
CHEMBL5190121,CCOCCSc1nc(-c2ccccc2Cl)nn1CCOCC,7.06,IC50
CHEMBL5206193,O=C(Nc1ccccc1C(=O)N/N=C/c1ccc(O)cc1O)c1ccco1,7.51,IC50
CHEMBL1782692,NS(=O)(=O)c1ccc(NC(=O)c2ccccc2NC(=O)c2ccco2)cc1,7.51,IC50
CHEMBL5201846,COc1cc(N(C)CCN(C)C)c(NC(=O)c2ccncn2)cc1Nc1nccc(-c2cn(C)c3ccccc23)n1,8.0,IC50
CHEMBL5191292,COc1cc(N(C)CCN(C)C)c(NC(=O)c2ccncc2OC)cc1Nc1nccc(-c2cn(C)c3ccccc23)n1,7.0,IC50
CHEMBL5175316,COc1ccc(C(=O)Nc2cc(Nc3nccc(-c4cn(C)c5ccccc45)n3)c(OC)cc2N(C)CCN(C)C)nc1,7.06,IC50
CHEMBL5188618,COc1cc(N(C)CCN(C)C)c(NC(=O)c2cnccn2)cc1Nc1nccc(-c2cn(C)c3ccccc23)n1,7.77,IC50
CHEMBL5199169,COc1cc(N(C)CCN(C)C)c(NC(=O)c2ncccn2)cc1Nc1nccc(-c2cn(C)c3ccccc23)n1,7.52,IC50
CHEMBL5173534,COc1cc(N(C)CCN(C)C)c(NC(=O)c2ccnc(Cl)c2)cc1Nc1nccc(-c2cn(CCCO)c3ccccc23)n1,7.38,IC50
CHEMBL5206298,COc1cc(N(C)CCN(C)C)c(NC(=O)c2ccncn2)cc1Nc1nccc(-c2cn(CCCO)c3ccccc23)n1,7.39,IC50
CHEMBL5177090,CNC(=O)c1cnc(Nc2ccnc(N3CC[C@@H](O)[C@@H](F)C3)n2)cc1NC(C)C,7.0,IC50
CHEMBL5188960,CNc1ncc(C(C)C)c2cc(Nc3ccnc(N4CC[C@@H](O)[C@@H](F)C4)n3)ncc12,7.3,IC50
CHEMBL5185287,CNc1ncc(C(C)C)c2cc(Nc3ccnc(N4CC[C@@H](O)[C@@](C)(F)C4)n3)ncc12,8.09,IC50
CHEMBL5208679,CC(C)c1cnc(N2CCC2)c2cnc(Nc3ccnc(N4CC[C@@H](O)[C@@](C)(F)C4)n3)cc12,8.68,IC50
CHEMBL5195164,CC(C)c1cnc(N2CC[C@H]2C)c2cnc(Nc3ccnc(N4CC[C@@H](O)[C@@](C)(F)C4)n3)cc12,9.52,IC50
CHEMBL5184941,CC(C)c1nnc(N2CC[C@H]2C)c2cnc(Nc3ccnc(N4CC[C@@H](O)[C@@](C)(F)C4)n3)cc12,7.8,IC50
CHEMBL5182741,CC(C)c1ncc(N2CC[C@H]2C)c2cnc(Nc3ccnc(N4CC[C@@H](O)[C@@](C)(F)C4)n3)cc12,8.66,IC50
CHEMBL5203267,CC(C)c1cnc(N2CC(O)C2)c2cnc(Nc3ccnc(N4CC[C@@H](O)[C@@](C)(F)C4)n3)cc12,8.44,IC50
CHEMBL5207390,CC(C)c1cnc(N2C[C@H](O)[C@H]2C)c2cnc(Nc3ccnc(N4CC[C@@H](O)[C@@](C)(F)C4)n3)cc12,9.52,IC50
CHEMBL5172587,CC(C)c1ncc(N2C[C@H](O)[C@H]2C)c2cnc(Nc3ccnc(N4CC[C@@H](O)[C@@](C)(F)C4)n3)cc12,8.74,IC50
CHEMBL5185207,CC(C)c1ccc(N2C[C@H](O)[C@H]2C)c2cnc(Nc3ccnc(N4CC[C@@H](O)[C@@](C)(F)C4)n3)cc12,9.3,IC50
CHEMBL5205583,COC1CN(c2ncc(C(C)C)c3cc(Nc4ccnc(N5CC[C@@H](O)[C@@](C)(F)C5)n4)ncc23)C1,8.47,IC50
CHEMBL5198992,COCC1CN(c2ncc(C(C)C)c3cc(Nc4ccnc(N5CC[C@@H](O)[C@@](C)(F)C5)n4)ncc23)C1,7.96,IC50
CHEMBL5187021,CNC(=O)C1CN(c2ncc(C(C)C)c3cc(Nc4ccnc(N5CC[C@@H](O)[C@@](C)(F)C5)n4)ncc23)C1,9.0,IC50
CHEMBL5170376,CC(C)c1cnc(N2CC(C(=O)N(C)C)C2)c2cnc(Nc3ccnc(N4CC[C@@H](O)[C@@](C)(F)C4)n3)cc12,9.05,IC50
CHEMBL5173517,CC(C)c1cnc(N2CC(CS(C)(=O)=O)C2)c2cnc(Nc3ccnc(N4CC[C@@H](O)[C@@](C)(F)C4)n3)cc12,10.0,IC50
CHEMBL5200991,CC(C)c1cnc(N2C[C@H](CS(C)(=O)=O)[C@H]2C)c2cnc(Nc3ccnc(N4CC[C@@H](O)[C@@](C)(F)C4)n3)cc12,9.7,IC50
CHEMBL5206444,CC(C)c1ccc(N2CC(CS(C)(=O)=O)C2)c2cnc(Nc3ccnc(N4CC[C@@H](O)[C@@](C)(F)C4)n3)cc12,9.7,IC50
CHEMBL5196495,CC(C)c1ccc(N2C[C@H](CS(C)(=O)=O)[C@H]2C)c2cnc(Nc3ccnc(N4CC[C@@H](O)[C@@](C)(F)C4)n3)cc12,9.7,IC50
CHEMBL5194722,CC[C@]1(F)CN(c2nccc(Nc3cc4c(C(C)C)ccc(N5C[C@H](CS(C)(=O)=O)[C@H]5C)c4cn3)n2)CC[C@H]1O,9.3,IC50
CHEMBL5208737,CC(C)c1ccc(N2C[C@H](CS(C)(=O)=O)[C@H]2C)c2cnc(Nc3ccnc(N4CC[C@@](C)(O)[C@@H](F)C4)n3)cc12,9.4,IC50
CHEMBL5095169,CO[C@@H]1CCN(c2nccc(Nc3cc4c(C(C)C)ccc(N5C[C@H](CS(C)(=O)=O)[C@H]5C)c4cn3)n2)C[C@@H]1F,9.7,IC50
CHEMBL5193016,CO[C@@H]1[C@H](O)CN(c2nccc(Nc3cc4c(C(C)C)ccc(N5C[C@H](CS(C)(=O)=O)[C@H]5C)c4cn3)n2)CC1(F)F,9.15,IC50
CHEMBL5189778,CC(C)c1cnc(N2CCCC2)c2cnc(Nc3ccnc(N4CC[C@@H](O)[C@@](C)(F)C4)n3)cc12,7.28,IC50
CHEMBL5169349,CC(C)c1cnc(N2CC(C#N)C2)c2cnc(Nc3ccnc(N4CC[C@@H](O)[C@@](C)(F)C4)n3)cc12,7.77,IC50
CHEMBL5206600,CCC(=O)N1CCC[C@@H](N2CC(c3cccc(F)c3Cl)=C(C)c3cnc(Nc4ccc(N5CCN(C)CC5)c(C)c4)nc32)C1,7.56,IC50
CHEMBL5195321,CC(C)(C)n1cc(-c2cncc3ccccc23)c2c(N)ncnc21,7.28,IC50
CHEMBL4744973,CN1CCN(c2ccc(Nc3ncc4nc(Nc5ccc(F)cc5)n([C@H]5CCN(S(=O)(=O)C6CC6)C5)c4n3)cc2)CC1,7.66,IC50
CHEMBL5183865,CN1CCN(c2ccc(Nc3ncc4nc(Nc5ccc(F)cc5)n(C5CCN(C(=O)CO)CC5)c4n3)cc2)CC1,7.39,IC50
CHEMBL5205022,C=CC(=O)Nc1cccc(-c2c(-c3ccc(N4CCN(C)CC4)cc3)[nH]c3ncnc(OCCCC)c23)c1,8.03,IC50
CHEMBL5206817,C=CC(=O)Nc1cccc(-c2c(-c3ccc(N4CCN(C)CC4)cc3)[nH]c3ncnc(OC4CCCC4)c23)c1,7.72,IC50
CHEMBL4799276,C=CC(=O)Nc1cccc(-c2c(-c3ccc(N4CCN(C)CC4)cc3)[nH]c3ncnc(OC(C)C)c23)c1,8.07,IC50
CHEMBL4753389,C=CC(=O)Nc1cccc(-c2c(-c3ccc(N4CCN(C)CC4)cc3)[nH]c3ncnc(OCC(C)C)c23)c1,8.07,IC50
CHEMBL5169450,COc1cc(N2CCC(N3CCN(C)CC3)CC2)c(C)cc1Nc1ncc(Br)c(Nc2ccc3nccnc3c2P(C)(C)=O)n1,9.89,IC50
CHEMBL5174418,CCc1cc(Nc2ncc(Br)c(Nc3ccc4nccnc4c3P(C)(C)=O)n2)c(OC)cc1N1CCC(N2CCN(C)CC2)CC1,9.67,IC50
CHEMBL5190204,CCC1CCN(c2ccc(-c3cc(F)c4c(c3)C(=O)N(C(C(=O)Nc3nccs3)c3ncn5c3CCC5)C4)cc2)CC1,8.4,IC50
CHEMBL5180830,O=C1c2cc(F)ccc2Nc2ccccc2N1Cc1ccccc1,7.28,IC50
CHEMBL5200385,CC(=O)N[C@H]1CC[C@H](n2c(=O)c(-c3ccccc3Cl)cc3ccc(Nc4ccc(N5CCN(C)CC5)c(C)c4)cc32)CC1,7.32,IC50
CHEMBL5194245,CCC(=O)N[C@H]1CC[C@H](n2c(=O)c(-c3ccccc3Cl)cc3ccc(Nc4ccc(N5CCN(C)CC5)c(C)c4)cc32)CC1,7.42,IC50
CHEMBL5195167,Cn1cc(-c2cc(C(=O)/N=c3\[nH]c4ccccc4n3[C@H]3CC[C@H](O)CC3)ccn2)cn1,8.8,IC50
CHEMBL5176129,COc1cc(N2CCC(N3CCN(C)CC3)CC2)ccc1Nc1ncc(Cl)c(Nc2ccccc2NS(N)(=O)=O)n1,9.7,IC50
CHEMBL5172794,COc1cc(N2CCC(N3CCN(C)CC3)CC2)ccc1Nc1ncc(Cl)c(Nc2ccccc2NS(C)(=O)=O)n1,9.7,IC50
CHEMBL5187838,COc1cc(N2CCC(N3CCN(CCO)CC3)CC2)ccc1Nc1ncc(Cl)c(Nc2ccccc2NS(C)(=O)=O)n1,9.4,IC50
CHEMBL5193027,O=C(Nc1nccs1)C(c1ccccc1)N1Cc2ccc(-c3ccc4[nH]ccc4c3)cc2C1=O,7.82,IC50
CHEMBL5186362,C=CC(=O)N1C[C@@H]2C[C@H]1CN2C(=O)Oc1cc2c(Nc3ccc(Cl)c(Cl)c3F)ncnc2cc1OC,9.52,IC50
CHEMBL5181469,C=CC(=O)Oc1cc2c(Nc3ccc(Cl)c(Cl)c3F)ncnc2cc1OC,9.27,IC50
CHEMBL5178898,C=C(C(=O)N1CCN(C(=O)Oc2cc3c(Nc4ccc(Cl)c(Cl)c4F)ncnc3cc2OC)[C@H](C)C1)C(F)(F)F,9.42,IC50
CHEMBL5187762,C#CC(=O)N1CCN(C(=O)Oc2cc3c(Nc4ccc(Cl)c(Cl)c4F)ncnc3cc2OC)[C@H](C)C1,9.49,IC50
CHEMBL5178180,C=CC(=O)N1CCN(C(=O)Oc2cc3c(Nc4cccc(Cl)c4F)ncnc3cc2OC)[C@H](C)C1,9.47,IC50
CHEMBL5191510,CN1CCN(c2ccc(-c3ccc4c(c3)C(=O)N(C(C(=O)Nc3nccs3)c3cc(F)ccc3O)C4)cc2)CC1,9.52,IC50
CHEMBL5201543,CN1CCC(c2ccc(-c3ccc4c(c3)C(=O)N(C(C(=O)Nc3nccs3)c3cc(F)ccc3O)C4)cc2)CC1,10.2,IC50
CHEMBL5182553,CN1CCC(c2ccc(-c3ccc4c(c3)C(=O)N(C(C(=O)Nc3nccs3)c3cccc(F)c3)C4)cc2)CC1,9.7,IC50
CHEMBL5177306,CN1CCN(c2ccc(-c3ccc4c(c3)C(=O)N(C(C(=O)Nc3nccs3)c3ccccc3)C4)cc2)CC1,9.05,IC50
CHEMBL5198812,CN1CCC(c2ccc(-c3ccc4c(c3)C(=O)N(C(C(=O)Nc3nccs3)c3ccccc3)C4)cc2)CC1,9.05,IC50
CHEMBL5176460,CN1CCN(c2ccc(-c3ccc4c(c3)C(=O)N(C(C(=O)Nc3nccs3)c3cccc(F)c3)C4)cc2)CC1,8.74,IC50
CHEMBL5202129,CN1CCN(c2ccc(-c3ccc4c(c3)CCN(C(C(=O)Nc3nccs3)c3cccc(F)c3)C4=O)cc2)CC1,8.96,IC50
CHEMBL5200637,CN1CCC(c2ccc(-c3ccc4c(c3)CCN(C(C(=O)Nc3nccs3)c3cccc(F)c3)C4=O)cc2)CC1,8.66,IC50
CHEMBL5187605,CN1CCN(c2ccc(-c3ccc4c(c3)C(=O)N(C(C(=O)Nc3nccs3)c3cccc(F)c3)CC4)cc2)CC1,8.17,IC50
CHEMBL5195912,CN1CCC(c2ccc(-c3ccc4c(c3)C(=O)N(C(C(=O)Nc3nccs3)c3cccc(F)c3)CC4)cc2)CC1,8.49,IC50
CHEMBL5178865,CN1CCN(c2ccc(-c3ccc4c(=O)n(C(C(=O)Nc5nccs5)c5ccccc5)ccc4c3)cc2)CC1,8.47,IC50
CHEMBL5197154,CN1CCC(c2ccc(-c3ccc4c(=O)n(C(C(=O)Nc5nccs5)c5ccccc5)ccc4c3)cc2)CC1,8.92,IC50
CHEMBL5208065,CN1CCN(c2ccc(-c3ccc4ccn(C(C(=O)Nc5nccs5)c5ccccc5)c(=O)c4c3)cc2)CC1,8.3,IC50
CHEMBL5173701,CN1CCC(c2ccc(-c3ccc4ccn(C(C(=O)Nc5nccs5)c5ccccc5)c(=O)c4c3)cc2)CC1,8.74,IC50
CHEMBL5204970,CN1CCN(c2ccc(-c3ccc4c(=O)n(C(C(=O)Nc5nccs5)c5ccccc5)cnc4c3)cc2)CC1,8.51,IC50
CHEMBL5204270,CN1CCC(c2ccc(-c3ccc4c(=O)n(C(C(=O)Nc5nccs5)c5ccccc5)cnc4c3)cc2)CC1,8.24,IC50
CHEMBL5172573,CN1CCN(c2ccc(-c3ccc4ncn(C(C(=O)Nc5nccs5)c5ccccc5)c(=O)c4c3)cc2)CC1,9.05,IC50
CHEMBL5206902,CN1CCC(c2ccc(-c3ccc4ncn(C(C(=O)Nc5nccs5)c5ccccc5)c(=O)c4c3)cc2)CC1,9.7,IC50
CHEMBL5207462,CN1CCN(c2ccc(-c3ccc4c(=O)n(C(C(=O)Nc5nccs5)c5ccccc5)ncc4c3)cc2)CC1,7.75,IC50
CHEMBL5200988,CN1CCC(c2ccc(-c3ccc4c(=O)n(C(C(=O)Nc5nccs5)c5ccccc5)ncc4c3)cc2)CC1,8.01,IC50
CHEMBL5206436,CN1CCN(c2ccc(-c3ccc4cnn(C(C(=O)Nc5nccs5)c5ccccc5)c(=O)c4c3)cc2)CC1,7.99,IC50
CHEMBL5178754,CN1CCC(c2ccc(-c3ccc4cnn(C(C(=O)Nc5nccs5)c5ccccc5)c(=O)c4c3)cc2)CC1,8.4,IC50
CHEMBL5191674,CN1CCC(c2ccc(-c3ccc4ncn(C(C(=O)Nc5nccs5)c5ccccc5)c(=O)c4n3)cc2)CC1,9.22,IC50
CHEMBL5207108,CN1CCC(c2ccc(-c3cnc4ncn(C(C(=O)Nc5nccs5)c5ccccc5)c(=O)c4c3)cc2)CC1,8.72,IC50
CHEMBL5177272,CN1CCC(c2ccc(-c3cc(F)c4ncn(C(C(=O)Nc5nccs5)c5ccccc5)c(=O)c4c3)cc2)CC1,9.22,IC50
CHEMBL5196360,CN1CCC(c2ccc(-c3ccc4ncn(C(C(=O)Nc5nccs5)c5ccccc5)c(=O)c4c3F)cc2)CC1,10.0,IC50
CHEMBL5178571,CN1CCC(c2ccc(-c3cc4c(=O)n(C(C(=O)Nc5nccs5)c5ccccc5)cnc4cc3F)cc2)CC1,8.85,IC50
CHEMBL5095068,COc1cc(N2CCC3(CCN(C)CC3)CC2)ccc1Nc1ncc(Cl)c(Nc2ccccc2P(C)(C)=O)n1,7.46,IC50
CHEMBL5203118,C=CC(=O)Nc1cccc(N2C(=O)OCc3cnc(Nc4ccc(N5CCN(C)CC5)cc4OC)nc32)c1,7.54,IC50
CHEMBL5200275,C=CC(=O)Nc1cccc(N2C(=O)OC(C)c3cnc(Nc4ccc(N5CCN(C)CC5)cc4OC)nc32)c1,7.32,IC50
CHEMBL5206697,COc1cc2ncnc(Nc3cc(Cl)c(F)cc3O)c2cc1O,7.94,IC50
CHEMBL5186794,COc1cc2ncnc3c2cc1OCCOCCOc1ccc(Cl)cc1N3,7.6,IC50
CHEMBL5195531,COc1cc2ncnc3c2cc1OCCCCCCOc1ccc(Cl)cc1N3,7.71,IC50
CHEMBL5184313,COc1cc2ncnc3c2cc1OCCCCCCOc1cccc(Cl)c1N3,7.25,IC50
CHEMBL5169346,COc1cc2ncnc3c2cc1OCCOCCOCCOc1cc(Cl)ccc1N3,7.79,IC50
CHEMBL5206110,COc1cc2ncnc3c2cc1OCCOCCOCCOc1ccc(Cl)cc1N3,9.52,IC50
CHEMBL5194285,COc1cc2ncnc3c2cc1OCCOCCOCCOc1cccc(Cl)c1N3,7.49,IC50
CHEMBL5180914,COc1cc2ncnc3c2cc1OCCOCCOCCOc1cc(F)c(Cl)cc1N3,8.89,IC50
CHEMBL5204446,COc1cc2ncnc3c2cc1OCCOCCOCCOc1ccccc1N3,7.06,IC50
CHEMBL5183286,CSc1nc(-c2cccc(NC(=O)c3c(F)ccc(O)c3CN3C(=O)c4ccccc4C3=O)c2)c(-c2ccnc(NC(C)=O)c2)[nH]1,8.92,IC50
CHEMBL5188250,CSc1nc(-c2cccc(NC(=O)c3cc(O)ccc3F)c2)c(-c2ccnc(NC(C)=O)c2)[nH]1,8.26,IC50
CHEMBL5188399,C=CC(=O)Nc1ccc(OC)c(Nc2cc(-c3[nH]c(SC)nc3-c3cccc(NC(=O)c4c(F)ccc(O)c4CN4C(=O)c5ccccc5C4=O)c3)ccn2)c1,8.7,IC50
CHEMBL5199341,Nc1ccc2ncnc(Nc3cccc4ccccc34)c2c1,8.8,IC50
CHEMBL5178707,Nc1ccc2ncnc(Nc3ccc4[nH]ncc4c3)c2c1,8.53,IC50
CHEMBL5180251,Nc1ccc2ncnc(Nc3ccc4[nH]ccc4c3)c2c1,9.19,IC50
CHEMBL5180325,Nc1ccc2ncnc(Nc3cccc4cc[nH]c34)c2c1,7.6,IC50
CHEMBL5198424,Nc1ccc2ncnc(Nc3ccc4c(ccn4Cc4cccc(F)c4)c3)c2c1,8.52,IC50
CHEMBL5194966,Nc1ccc2ncnc(Nc3ccc4c(ccn4Cc4cccc(Cl)c4)c3)c2c1,8.08,IC50
CHEMBL5208907,Nc1ccc2ncnc(Nc3ccc4[nH]cc(Br)c4c3)c2c1,9.13,IC50
CHEMBL5169547,C=CC(=O)Nc1ccc2ncnc(Nc3ccc4[nH]ccc4c3)c2c1,7.86,IC50
CHEMBL5177378,O=C(CCCCl)Nc1ccc2ncnc(Nc3ccc4[nH]ccc4c3)c2c1,8.24,IC50
CHEMBL5204535,C=CC(=O)Nc1ccc2ncnc(Nc3ccc4c(ccn4Cc4cccc(F)c4)c3)c2c1,8.96,IC50
CHEMBL5172245,O=C(CCCCl)Nc1ccc2ncnc(Nc3ccc4c(ccn4Cc4cccc(F)c4)c3)c2c1,8.22,IC50
CHEMBL5182567,C=CC(=O)Nc1ccc2ncnc(Nc3ccc4[nH]cc(Br)c4c3)c2c1,9.42,IC50
CHEMBL5208454,O=C(CCCl)Nc1ccc2ncnc(Nc3ccc4[nH]cc(Br)c4c3)c2c1,9.14,IC50
CHEMBL5192750,Cc1cc(Nc2ncnc3cc(O)c(NC(=O)/C=C/[C@H]4CCCN4C)cc23)ccc1Oc1ccn2ccnc2c1,8.64,IC50
CHEMBL5193451,Cc1cc(Nc2ncnc3cc(O)c(NC(=O)/C=C/[C@H]4CCCN4C)cc23)ccc1Oc1ccn2ncnc2c1,8.55,IC50
CHEMBL5201973,Cc1cc(Nc2ncnc3cc(O)c(NC(=O)/C=C/[C@H]4CCCN4C)cc23)ccc1Oc1ccc2nccn2c1,8.63,IC50
CHEMBL5190132,Cc1cc(Nc2ncnc3cc(O)c(NC(=O)/C=C/[C@H]4CCCN4C)cc23)ccc1Oc1cnc2ccnn2c1,8.99,IC50
CHEMBL5176920,Cc1cc(Nc2ncnc3cc(O)c(NC(=O)/C=C/[C@H]4CCCN4C)cc23)ccc1Oc1cc2nccn2cn1,8.96,IC50
CHEMBL5180965,Cc1cc(Nc2ncnc3cc(O)c(NC(=O)/C=C/[C@H]4CCCN4C)cc23)ccc1Oc1ccn2cnnc2c1,7.64,IC50
CHEMBL5170965,CCOc1cc2ncnc(Nc3ccc(Oc4cc5nncn5cn4)c(C)c3)c2cc1NC(=O)/C(F)=C\[C@H]1CCCN1C,7.06,IC50
CHEMBL5202846,Cc1cc(Nc2ncnc3cc(O)c(NC(=O)/C=C/[C@H]4CCCN4C)cc23)ccc1Oc1cnn2cnnc2c1,7.93,IC50
CHEMBL5176854,CCOc1cc2ncnc(Nc3ccc(Oc4cc5nncn5cn4)c(C)c3)c2cc1NC(=O)/C(F)=C/[C@@H]1CCCN1C,7.49,IC50
CHEMBL5181694,CCOc1cc2ncnc(Nc3ccc(Oc4cc5nncn5cn4)c(C)c3)c2cc1NC(=O)/C(F)=C\[C@@H]1CCCN1C,7.59,IC50
CHEMBL5183924,C=C(F)C(=O)Nc1cc2c(Nc3ccc(Oc4cc5nncn5cn4)c(C)c3)ncnc2cc1OCC,8.02,IC50
CHEMBL5178703,CCOc1cc2ncnc(Nc3ccc(Oc4cc5nncn5cn4)c(C)c3)c2cc1NC(=O)/C(F)=C/[C@H]1CCCN1C,8.09,IC50
CHEMBL5184610,CCOc1cc2ncnc(Nc3ccc(Oc4cc5nncn5cn4)c(C)c3)c2cc1NC(=O)/C=C/[C@H]1CCCN1C,8.87,IC50
CHEMBL5175489,C=CC(=O)Nc1cc2c(Nc3ccc(Oc4cc5nncn5cn4)c(C)c3)ncnc2cc1OCC,8.83,IC50
CHEMBL5209046,Cc1cc(Nc2c(C#N)cnc3ccc(NC(=O)/C=C/[C@H]4CCCN4C)cc23)ccc1Oc1cc2nncn2cn1,8.5,IC50
CHEMBL5179954,Cc1cc(Nc2ncnc3ccc(NC(=O)/C=C/[C@H]4CCCN4C)cc23)ccc1Oc1cc2nncn2cn1,8.92,IC50
CHEMBL5180725,Cc1cc(Nc2c(C#N)cnc3ccc(NC(=O)/C=C/CN(C)C)cc23)ccc1Oc1cc2nncn2cn1,7.68,IC50
CHEMBL5175873,Cc1cc(Nc2ncnc3ccc(NC(=O)/C=C/CN(C)C)cc23)ccc1Oc1cc2nncn2cn1,8.67,IC50
CHEMBL5194174,COc1cc(N2CCC(N3CCN(C)CC3)CC2)ccc1Nc1ncc(Cl)c(-c2cn(S(C)(=O)=O)c3ccccc23)n1,8.72,IC50
CHEMBL5172338,COc1cc(N2CCC(N3CCN(C)CC3)CC2)ccc1Nc1ncc(Cl)c(-c2c[nH]c3ccccc23)n1,7.81,IC50
CHEMBL5207083,COc1cc(N2CCC(N3CCN(C)CC3)CC2)ccc1Nc1ncc(Cl)c(-c2cn(C(C)=O)c3ccccc23)n1,8.07,IC50
CHEMBL5198314,CCS(=O)(=O)n1cc(-c2nc(Nc3ccc(N4CCC(N5CCN(C)CC5)CC4)cc3OC)ncc2Cl)c2ccccc21,8.25,IC50
CHEMBL5200598,COc1cc(N2CCC(N3CCN(C)CC3)CC2)ccc1Nc1ncc(Cl)c(-c2cn(S(=O)(=O)C3CC3)c3ccccc23)n1,8.37,IC50
CHEMBL5188281,COc1cc(N2CCC(N3CCN(C)CC3)CC2)ccc1Nc1ncc(Cl)c(-c2cn(S(=O)(=O)C(C)C)c3ccccc23)n1,7.75,IC50
CHEMBL5176897,CCS(=O)(=O)n1cc(-c2nc(Nc3cc(Cl)c(N4CCC(N5CCN(C)CC5)CC4)cc3OC)ncc2Cl)c2ccccc21,8.37,IC50
CHEMBL5185864,CCS(=O)(=O)n1cc(-c2nc(Nc3cc(C)c(N4CCC(N5CCN(C)CC5)CC4)cc3OC)ncc2Cl)c2ccccc21,8.82,IC50
CHEMBL5172251,CCc1cc(Nc2ncc(Cl)c(-c3cn(S(=O)(=O)CC)c4ccccc34)n2)c(OC)cc1N1CCC(N2CCN(C)CC2)CC1,8.2,IC50
CHEMBL5180778,CCS(=O)(=O)n1cc(-c2nc(Nc3cc(Cl)c(N4CCC(N5CCN(C)CC5)CC4)cc3C)ncc2Cl)c2ccccc21,8.8,IC50
CHEMBL5206683,CCOc1cc(N2CCC(N3CCN(C)CC3)CC2)c(Cl)cc1Nc1ncc(Cl)c(-c2cn(S(=O)(=O)CC)c3ccccc23)n1,8.38,IC50
CHEMBL5209545,CCS(=O)(=O)n1cc(-c2nc(Nc3cc(Cl)c(N4CCC(N5CCN(C)CC5)CC4)cc3OC(C)C)ncc2Cl)c2ccccc21,8.68,IC50
CHEMBL5185922,CCS(=O)(=O)n1cc(-c2nc(Nc3ccc(N4CCC(N5CCN(C)CC5)CC4)c(Cl)c3)ncc2Cl)c2ccccc21,8.66,IC50
CHEMBL5188272,CCS(=O)(=O)n1cc2c3ccc(cc31)OCCCCCOc1cc(ccc1N1CCOCC1)Nc1ncc(Cl)c-2n1,7.72,IC50
CHEMBL5205581,CCS(=O)(=O)n1cc2c3ccc(cc31)OCCCCCCOc1cc(ccc1N1CCOCC1)Nc1ncc(Cl)c-2n1,8.21,IC50
CHEMBL5201250,CCS(=O)(=O)n1cc2c3ccc(cc31)OCCCCCCCOc1cc(ccc1N1CCOCC1)Nc1ncc(Cl)c-2n1,7.05,IC50
CHEMBL5197952,CCS(=O)(=O)n1cc2c3ccc(cc31)OCCCCCCOc1cc(c(F)cc1N1CCOCC1)Nc1ncc(Cl)c-2n1,7.55,IC50
CHEMBL5170653,CCS(=O)(=O)n1cc2c3ccc(cc31)OCCCCCCOc1cc(c(Cl)cc1N1CCOCC1)Nc1ncc(Cl)c-2n1,8.21,IC50
CHEMBL5193609,CCS(=O)(=O)n1cc2c3ccc(cc31)OCCCCCCOc1cc(c(C)cc1N1CCOCC1)Nc1ncc(Cl)c-2n1,7.63,IC50
CHEMBL5181684,CCc1cc(N2CCOCC2)c2cc1Nc1ncc(Cl)c(n1)-c1cn(S(=O)(=O)CC)c3cc(ccc13)OCCCCCCO2,7.49,IC50
CHEMBL5179214,CCS(=O)(=O)n1cc2c3ccc(cc31)OCCCCCCOc1cc(c(C3CC3)cc1N1CCOCC1)Nc1ncc(Cl)c-2n1,7.25,IC50
CHEMBL5179495,CCS(=O)(=O)n1cc(-c2nc(Nc3cc(C(C)C)c(N4CCC(N5CCN(C)CC5)CC4)cc3OC)ncc2Cl)c2ccccc21,7.13,IC50
CHEMBL2105712,CN(C)C/C=C/C(=O)Nc1cc2c(Nc3ccc(F)c(Cl)c3)ncnc2cc1O[C@H]1CCOC1.O=C(O)/C=C\C(=O)O.O=C(O)/C=C\C(=O)O,9.52,KD
CHEMBL3286830,C[C@H]1Oc2cc(cnc2N)-c2c(nn(C)c2C#N)CN(C)C(=O)c2ccc(F)cc21,7.25,KI
CHEMBL98,O=C(CCCCCCC(=O)Nc1ccccc1)NO,7.92,IC50
CHEMBL3218001,C#Cc1cccc(Nc2ncnc3ccc(S(=O)(=O)n4ccc(/C=C/C(=O)Nc5ccccc5N)c4)cc23)c1,7.11,IC50
CHEMBL5218797,CCC(=O)Nc1cccc(-c2c(-c3ccc(N4CCN(C)CC4)cc3)[nH]c3ncn(C4CCCCC4)c(=O)c23)c1,9.4,IC50
CHEMBL5220645,CCC(=O)Nc1cccc(-c2c(-c3ccc(N4CCN(C)CC4)cc3)[nH]c3ncnc(OC(C)C)c23)c1,10.0,IC50
CHEMBL5220529,CCC(=O)Nc1cccc(-c2c(-c3ccc(N4CCN(C)CC4)cc3)[nH]c3ncnc(OCC(C)C)c23)c1,9.7,IC50
CHEMBL5220061,OCCc1ccc(-c2nc(-c3ccc(F)cc3)c(-c3ccnc4c3CC(c3ccccc3)N4)[nH]2)cc1,8.12,IC50
CHEMBL5218879,OCCCCc1ccc(-c2nc(-c3ccc(F)cc3)c(-c3ccnc4c3CC(c3ccccc3)N4)[nH]2)cc1,8.08,IC50
CHEMBL5218780,Oc1ccc(-c2nc(-c3ccc(F)cc3)c(-c3ccnc4c3CC(c3ccccc3)N4)[nH]2)cc1,7.31,IC50
CHEMBL5218754,CCCCOc1ncnc2[nH]c(-c3ccc(N4CCN(C)CC4)cc3)c(-c3cccc(NC(=O)CC)c3)c12,8.03,IC50
CHEMBL5219777,CC(=O)N[C@H]1CC[C@@H](N2C(=O)N(c3ccccc3Cl)Cc3cnc(Nc4ccc(N5CCN(C)CC5)c(C)c4)nc32)CC1,8.51,IC50
CHEMBL268501,Cc1ccc2c(-c3ccccc3)nc(=O)n(C(C)C)c2c1,8.7,IC50
CHEMBL5218459,COc1cc2ncnc(Oc3cccc(NC(=S)Nc4ccc(Cl)c(C(F)(F)F)c4)c3)c2cc1OC,7.7,IC50
CHEMBL5218990,COc1cc2ncnc(Sc3cccc(NC(=S)Nc4ccc(Br)c(C(F)(F)F)c4)c3)c2cc1OC,8.0,IC50
CHEMBL5221067,N#Cc1c(NC(=O)CNc2n[nH]c3ncccc23)sc2c1CCCC2,9.33,IC50
CHEMBL941,Cc1ccc(NC(=O)c2ccc(CN3CCN(C)CC3)cc2)cc1Nc1nccc(-c2cccnc2)n1,9.96,IC50
CHEMBL5287438,C=CC(=O)N1CCCCCCn2cc(c3ccccc32)-c2ccnc(n2)Nc2cccc1c2,9.47,IC50
CHEMBL5274514,C=CC(=O)N1CCCCCCCn2cc(c3ccccc32)-c2ccnc(n2)Nc2cccc1c2,9.26,IC50
CHEMBL5286055,C=CC(=O)N1CCCCCCCCn2cc(c3ccccc32)-c2ccnc(n2)Nc2cccc1c2,8.15,IC50
CHEMBL5272747,C=CC(=O)N1CCCCCCCCCn2cc(c3ccccc32)-c2ccnc(n2)Nc2cccc1c2,7.88,IC50
CHEMBL5269317,C=CC(=O)N1CCCCCCn2cc(c3ccccc32)-c2ccnc(n2)Nc2cc1ccc2OC,9.33,IC50
CHEMBL5289304,C=CC(=O)N1CCCCCCCn2cc(c3ccccc32)-c2ccnc(n2)Nc2cc1ccc2OC,9.19,IC50
CHEMBL5290583,C=CC(=O)N1CCCCCCn2cc(c3ccccc32)-c2ccnc(n2)Nc2cc1ccc2F,9.66,IC50
CHEMBL5286636,C=CC(=O)N1CCCCCCCn2cc(c3ccccc32)-c2ccnc(n2)Nc2cc1ccc2F,9.27,IC50
CHEMBL5273197,C=CC(=O)N1CCCCCCn2cc(c3ccccc32)-c2ccnc(n2)Nc2cc1c(OCCCF)cc2F,9.22,IC50
CHEMBL5266919,C=CC(=O)N1CCCCCCCn2cc(c3ccccc32)-c2ccnc(n2)Nc2cc1c(OCCCF)cc2F,8.53,IC50
CHEMBL5272200,COc1cc2ncnc(Nc3ccc(O[C@H]4CO[C@H]5[C@@H]4OC[C@@H]5O)c(Cl)c3)c2cc1OC,8.28,IC50
CHEMBL5283543,Fc1ccc(C2=Nc3ccc(F)cc3CN2/N=C\c2ccccc2)cc1,7.12,IC50
CHEMBL5276251,O=C(/C=C/c1ccc(F)cc1)c1cc(Br)cc2cc(-c3ccccc3)oc12,7.05,IC50
CHEMBL5272853,Cc1cc(NC2=NC(=O)/C(=C/c3c4ccccc4cc4ccccc34)S2)no1,7.35,IC50
CHEMBL5280359,O=C(CCCCCn1cc(-c2ccc3ncnc(Nc4ccc(Br)cc4F)c3c2)nn1)NO,7.99,IC50
CHEMBL5287477,CC(=O)O[C@H]1CC[C@]2(C)[C@H]3CC=C4[C@@H]5CC(C)(C)CC[C@]5(C(=O)OCCCC[N+](=O)[O-])CC[C@@]4(C)[C@]3(C)CC[C@H]2C1(C)CO,8.0,IC50
CHEMBL5266387,Cc1ccc2c(=O)n(Cc3ccccc3)c(SCc3cn(-c4ccc(C(=O)O)cc4)nn3)nc2c1,7.41,IC50
CHEMBL5272590,C=CC(=O)Nc1ccc2ncc(NC(=O)Nc3ccccc3)nc2c1,7.75,IC50
CHEMBL5277831,Cc1ccc(NC(=O)CSc2nc3cc4ccccc4cc3c(=O)n2-c2ccc(S(N)(=O)=O)cc2)cc1,8.05,IC50
CHEMBL5280584,Cc1ccccc1NC(=O)CSc1nc2cc3ccccc3cc2c(=O)n1-c1ccc(S(N)(=O)=O)cc1,7.92,IC50
CHEMBL5281270,CCc1cccc(NC(=O)CSc2nc3cc4ccccc4cc3c(=O)n2-c2ccc(S(N)(=O)=O)cc2)c1,7.66,IC50
CHEMBL5283875,C=CC(=O)Nc1ccccc1Nc1ncnc2cc(OC)c(OCCN3CCOCC3)cc12,8.37,IC50
CHEMBL5286575,CCCN(c1ccc(F)c(Cl)c1)c1ncnc2cc(OC)c(OCCCN3CCOCC3)cc12,7.67,IC50
CHEMBL5271803,CN(C)CCn1cccc1/C=N/NC(=O)Nc1cc2c(Nc3ccc(F)c(Cl)c3)ncnc2cc1O[C@H]1CCOC1,10.3,IC50
CHEMBL5289358,O=C(N/N=C/c1cnc(N2CCCC2)nc1)Nc1cc2c(Nc3ccc(F)c(Cl)c3)ncnc2cc1O[C@H]1CCOC1,8.2,IC50
CHEMBL5280092,CCN(CC)CCNCc1ccc(-c2ccc3ncnc(Nc4ccc(OCc5cccc(F)c5)c(Cl)c4)c3c2)o1,7.81,IC50
CHEMBL5281903,C#Cc1cccc(Nc2ncnc3cc(OC)c(OCCCN4CCOCC4)cc23)c1,9.09,IC50
CHEMBL5279539,COc1ccc(-c2nnc(-n3c(-c4ccccc4)nc4cc(Cl)ccc4c3=O)o2)cc1,7.68,IC50
CHEMBL5274305,COc1ccc2nc(Cl)c(/C=C/C(=O)c3ccc(C)cc3)cc2c1,7.43,IC50
CHEMBL5273741,COc1ccc2nc(Cl)c(C3CC(c4ccc(C)cc4)=NN3c3nc(-c4ccc(F)cc4)cs3)cc2c1,7.5,IC50
CHEMBL5269307,COc1ccc2nc(Cl)c(C3CC(c4ccc(C)cc4)=NN3c3nc(C)c(C(=O)Nc4ccccc4)s3)cc2c1,7.37,IC50
CHEMBL5266482,C=CC(=O)Nc1cc(Nc2ncc(Cl)c(-c3cn4c5c(cccc35)CCC4)n2)c(OC)cc1N(C)CCN(C)C,7.15,IC50
CHEMBL5284255,C=CC(=O)Nc1cc(Nc2ncc(Cl)c(-c3cn4c5c(cccc35)OCC4)n2)c(OC)cc1N(C)CCN(C)C,7.44,IC50
CHEMBL3353404,C=CC(=O)Nc1cc(Nc2ncc(Cl)c(-c3cnn4ccccc34)n2)c(OC)cc1N(C)CCN(C)C,7.02,IC50
CHEMBL5283216,C=CC(=O)Nc1cc(Nc2ncc(C#N)c(-c3cn4c5c(cccc35)CCC4)n2)c(OC)cc1N(C)CCN(C)C,7.46,IC50
CHEMBL5279491,C#Cc1cnc(Nc2cc(NC(=O)C=C)c(N(C)CCN(C)C)cc2OC)nc1-c1cn2c3c(cccc13)CCC2,7.38,IC50
CHEMBL5281266,C=CC(=O)Nc1cc(Nc2ncc(C(=O)CC)c(-c3cn4c5c(cccc35)CCC4)n2)c(OC)cc1N(C)CCN(C)C,7.64,IC50
CHEMBL5286091,C=CC(=O)Nc1cc(Nc2ncc(C(=O)OC)c(-c3cn4c5c(cccc35)CCC4)n2)c(OC)cc1N(C)CCN(C)C,7.4,IC50
CHEMBL5275712,C=CC(=O)Nc1cc(Nc2ncc(C(=O)OCC)c(-c3cn4c5c(cccc35)CCC4)n2)c(OC)cc1N(C)CCN(C)C,7.5,IC50
CHEMBL5279794,C=CC(=O)Nc1cc(Nc2ncc(C(=O)OC(C)C)c(-c3cn4c5c(cccc35)CCC4)n2)c(OC)cc1N(C)CCN(C)C,7.41,IC50
CHEMBL5271640,C=CC(=O)Nc1cc(Nc2ncc(-c3ncco3)c(-c3cn4c5c(cccc35)CCC4)n2)c(OC)cc1N(C)CCN(C)C,7.35,IC50
CHEMBL5270000,C=CC(=O)Nc1cc(Nc2ncc(-c3nnco3)c(-c3cn4c5c(cccc35)CCC4)n2)c(OC)cc1N(C)CCN(C)C,7.82,IC50
CHEMBL5271718,C=CC(=O)Nc1cc(Nc2ncc(-c3nc(C)no3)c(-c3cn4c5c(cccc35)CCC4)n2)c(OC)cc1N(C)CCN(C)C,7.31,IC50
CHEMBL5266834,C=CC(=O)Nc1cc(Nc2ncc(-c3ccnn3C)c(-c3cn4c5c(cccc35)CCC4)n2)c(OC)cc1N(C)CCN(C)C,7.64,IC50
CHEMBL5291353,C=CC(=O)Nc1cc(Nc2ncc(-c3cnn(C)c3)c(-c3cn4c5c(cccc35)CCC4)n2)c(OC)cc1N(C)CCN(C)C,7.82,IC50
CHEMBL5284387,C=CC(=O)Nc1cc(Nc2ncc(-c3cnn(C(C)C)c3)c(-c3cn4c5c(cccc35)CCC4)n2)c(OC)cc1N(C)CCN(C)C,7.82,IC50
CHEMBL5284486,C=CC(=O)Nc1cc(Nc2ncc(C(=O)OC)c(-c3cn(C)c4ccccc34)n2)c(OC)cc1N(C)CCN(C)C,7.7,IC50
CHEMBL5268143,C=CC(=O)Nc1cc(Nc2ncc(C(=O)OCC)c(-c3cn(C)c4ccccc34)n2)c(OC)cc1N(C)CCN(C)C,7.72,IC50
CHEMBL4650319,C=CC(=O)Nc1cc(Nc2ncc(C(=O)OC(C)C)c(-c3cn(C)c4ccccc34)n2)c(OC)cc1N(C)CCN(C)C,11.0,IC50
CHEMBL5273438,C=CC(=O)Nc1cc(Nc2ncc(C(=O)OC3CCC3)c(-c3cn(C)c4ccccc34)n2)c(OC)cc1N(C)CCN(C)C,7.08,IC50
CHEMBL5266798,C=CC(=O)Nc1cc(Nc2ncc(C(=O)OC(C)C)c(-c3cn(CC)c4ccccc34)n2)c(OC)cc1N(C)CCN(C)C,7.62,IC50
CHEMBL5266100,C=CC(=O)Nc1cc(Nc2ncc(C(=O)OC(C)C)c(-c3cn(C(C)=O)c4ccccc34)n2)c(OC)cc1N(C)CCN(C)C,7.1,IC50
CHEMBL5290929,C=CC(=O)Nc1cc(Nc2ncc(C(=O)OC(C)C)c(-c3cn(C)c4ccccc34)n2)c(OC)cc1N(C)C[C@H]1CCCN1C,7.37,IC50
CHEMBL5270335,C=CC(=O)Nc1cc(Nc2ncc(C(=O)OC(C)C)c(-c3cn(C)c4ccccc34)n2)c(OC)cc1N(C)C[C@@H]1CCCN1C,7.24,IC50
CHEMBL5269391,Fc1ccc(Nc2ncnc3ccc4c(c23)OCCN4)cc1Cl,7.06,IC50
CHEMBL5269684,CC(=O)N1CCOc2c1ccc1ncnc(Nc3ccc(F)c(Cl)c3)c21,7.33,IC50
CHEMBL5275916,CC(=O)N1CCOc2c1ccc1ncnc(Nc3cccc(Br)c3)c21,7.34,IC50
CHEMBL5278452,CCC(=O)N1CCOc2c1ccc1ncnc(Nc3ccc(F)c(Cl)c3)c21,7.15,IC50
CHEMBL5271937,CCC(=O)N1CCOc2c1ccc1ncnc(Nc3cccc(Br)c3)c21,7.15,IC50
CHEMBL5286368,CN1CCN(CCC(=O)N2CCOc3c2ccc2ncnc(Nc4ccc(F)c(Cl)c4)c32)CC1,7.59,IC50
CHEMBL5276304,CN1CCN(CCC(=O)N2CCOc3c2ccc2ncnc(Nc4cccc(Br)c4)c32)CC1,7.39,IC50
CHEMBL5284397,COCCOc1cc2ncnc(Nc3cccc(Cl)c3)c2c2c1OC(COC)CO2,7.99,IC50
CHEMBL5275672,Cc1nnc2n1N=C(c1ccccc1OCCNCCCNCCOc1ccccc1C1=Nn3c(C)nnc3SC1)CS2,7.19,IC50
CHEMBL4077930,COc1cc2ncnc(Oc3ccc(NC(=O)Nc4cccc(C(F)(F)F)c4)c4ccccc34)c2cc1OC,7.06,IC50
CHEMBL4650281,C=CC(=O)N[C@H]1C=C(C)c2c(-c3cnc4ccccc4c3)c3c(N)ncnc3n2C1,8.96,IC50
CHEMBL5268867,N#C/C(=C/C(=O)N1CCC[C@@H](n2nc(-c3cnc4[nH]ccc4c3)c3c(N)ncnc32)C1)C1CC1,8.7,IC50
CHEMBL5286014,C=CC(=O)N1CCC[C@H](n2nc(C(=O)c3ccc(CC(=O)N(C)C)c(C)c3C)c3c(N)ncnc32)C1,7.19,IC50
CHEMBL5279914,COc1cc(C(=NC#N)c2csc(-c3ccccc3)n2)cc(OC)c1OC,7.7,IC50
CHEMBL1830231,COc1cc(C(=O)c2csc(-c3ccc4[nH]ccc4c3)n2)cc(OC)c1OC,8.1,IC50
CHEMBL5274657,O=C(NC1=NC2C(=O)NN=C(c3ccc(Br)cc3)C2S1)Nc1ccc(Cl)cc1,7.1,IC50
CHEMBL5268092,COc1cc2c(Nc3ccc(Oc4ccccc4)cc3F)ncnc2cc1OCC1CCN(C)CC1,7.33,IC50
CHEMBL5271155,COc1cc2c(Nc3ccc(Oc4ccccc4)cc3C)ncnc2cc1OCC1CCN(C)CC1,7.47,IC50
CHEMBL5280471,COc1cc2c(Nc3ccc(Oc4ccccc4)c(Br)c3)ncnc2cc1OCC1CCN(C)CC1,8.15,IC50
CHEMBL5284179,COc1cc2c(Nc3ccc(Oc4ccccc4)c(C)c3)ncnc2cc1OCC1CCN(C)CC1,7.66,IC50
CHEMBL5290340,COc1cc2c(Nc3ccc(Oc4ccccc4F)cc3)ncnc2cc1OCC1CCN(C)CC1,7.7,IC50
CHEMBL5279933,COc1cc2c(Nc3ccc(Oc4ccccc4Cl)cc3)ncnc2cc1OCC1CCN(C)CC1,7.39,IC50
CHEMBL5284866,COc1cc2c(Nc3ccc(Oc4ccccc4C)cc3)ncnc2cc1OCC1CCN(C)CC1,7.5,IC50
CHEMBL5273000,COc1cc2c(Nc3ccc(Oc4cccc(F)c4)cc3)ncnc2cc1OCC1CCN(C)CC1,7.44,IC50
CHEMBL3973435,C=CC(=O)N1CCC(C2CCNc3c(C(N)=O)c(-c4ccc(Oc5ccccc5)cc4)nn32)CC1,8.92,IC50
CHEMBL3935034,C=CC(=O)N1CCC(C2CCNc3c(C(N)=O)c(-c4ccc(Oc5ccc(F)cc5F)cc4)nn32)CC1,7.75,IC50
CHEMBL3902845,C=CC(=O)N1CCC(C2CCNc3c(C(N)=O)c(-c4ccc(Oc5ccccc5)c(Cl)c4)nn32)CC1,8.77,IC50
CHEMBL5274187,C=CC(=O)N1CCC(C2CCNc3c(C(N)=O)c(-c4ccc(Oc5ccccc5)c(O)c4)nn32)CC1,7.21,IC50
CHEMBL3927293,C=CC(=O)N1CCC(C2CCNc3c(C(N)=O)c(-c4ccc(Oc5ccccc5)c(OC)c4)nn32)CC1,7.96,IC50
CHEMBL5273525,C=CC(=O)N1CCC(C2CCNc3c(C(N)=O)c(-c4cc(OC)c5ccsc5c4)nn32)CC1,7.0,IC50
CHEMBL5266823,C=CC(=O)N1CCC(C2CCNc3c(C(N)=O)c(-c4cc(OC)c5c(C)csc5c4)nn32)CC1,7.64,IC50
CHEMBL5282956,C=CC(=O)Nc1ccccc1C1CCNc2c(C(N)=O)c(-c3cc(OC)c(C)c(OC)c3)nn21,7.75,IC50
CHEMBL5272404,C=CC(=O)Nc1ccccc1C1CCNc2c(C(N)=O)c(-c3cc(OC)c(C4CC4)c(OC)c3)nn21,7.19,IC50
CHEMBL4650323,C=CC(=O)N1CCC[C@@H](n2c(=O)n(-c3ccc(Oc4ccccc4)cc3)c3c(N)nccc32)C1,7.13,IC50
CHEMBL5270270,COc1cc2ncnc(NCCOc3ccccc3F)c2cc1OC,7.36,IC50
CHEMBL5285503,CC(C)n1nc(N2CC(CO)C2)c2cnc(Nc3ccnc(-c4cnn(S(=O)(=O)C5CC5)c4)n3)cc21,8.7,KI
CHEMBL5280555,CC(C)n1nc(N)c2cnc(Nc3ccnc(-c4cnn(S(=O)(=O)C5CC5)c4)n3)cc21,9.1,KI
CHEMBL5273791,CC(C)n1nc(N2CCOCC2)c2cnc(Nc3ccnc(-c4cnn(S(=O)(=O)C5CC5)c4)n3)cc21,8.68,KI
CHEMBL5276357,CC(C)n1nc(N2CCC(O)CC2)c2cnc(Nc3ccnc(-c4cnn(S(=O)(=O)C5CC5)c4)n3)cc21,8.92,KI
CHEMBL5280589,CC[C@@H](C)n1nc(N2CC(C(C)(C)O)C2)c2cnc(Nc3ccnc(-c4cnn(S(=O)(=O)C5CC5)c4)n3)cc21,7.82,IC50
CHEMBL5282118,CC[C@H](C)n1nc(N2CC(C(C)(C)O)C2)c2cnc(Nc3ccnc(-c4cnn(S(=O)(=O)C5CC5)c4)n3)cc21,8.05,IC50
CHEMBL5282716,CC(C)n1nc(N2CC(C(C)(C)O)C2)c2cnc(Nc3ccnc(-c4cnn(S(=O)(=O)C5CC5)c4)n3)cc21,8.15,KI
CHEMBL5277269,Cc1nc2cnc(Nc3ccnc(-c4cnn(S(C)(=O)=O)c4)n3)cc2n1C(C)C,8.46,KI
CHEMBL5281373,Cc1nc2cnc(Nc3ccnc(-c4cnn(S(=O)(=O)C5CC5)c4)n3)cc2n1C(C)C,8.74,KI
CHEMBL5288384,Cc1nc2cnc(Nc3ccnc(-c4cnn(CC5CC5)c4)n3)cc2n1C(C)C,7.47,KI
CHEMBL5274166,CC(C)n1cc(C(N)=O)c2cnc(Nc3ccnc(-c4cnn(S(=O)(=O)C5CC5)c4)n3)cc21,9.46,KI
CHEMBL5282852,COC1CCN(c2nccc(Nc3cc4c(cn3)c(C(N)=O)cn4C(C)C)n2)CC1,8.28,KI
CHEMBL5268573,COC1CCN(c2nccc(Nc3cc4c(cn3)c(C(N)=O)nn4C(C)C)n2)CC1,7.54,KI
CHEMBL5282384,CC(C)n1cc(C(=O)NC2COC2)c2cnc(Nc3ccnc(-c4cnn(S(=O)(=O)C5CC5)c4)n3)cc21,8.96,KI
CHEMBL5279275,CC(C)n1cc(C(=O)NC2CCOCC2)c2cnc(Nc3ccnc(-c4cnn(S(=O)(=O)C5CC5)c4)n3)cc21,8.92,KI
CHEMBL5281446,CC(C)c1nn(C(C)C)c2cc(Nc3ccnc(-c4cnn(S(=O)(=O)C5CC5)c4)n3)ncc12,7.62,KI
CHEMBL5282641,C=CC(=O)N1CCC(Oc2cc3c(Nc4ccc(Cl)c(Cl)c4F)ncnc3cc2O[C@H]2CCOC2)CC1,10.28,IC50
CHEMBL5280967,C=CC(=O)N1CCC(Oc2cc3c(Nc4ccc(Cl)c(Cl)c4F)ncnc3cc2O[C@@H]2CCOC2)CC1,9.62,IC50
CHEMBL5281167,C=CC(=O)N1CCC(Oc2cc3c(Nc4ccc(Cl)c(Cl)c4F)ncnc3cc2OCC2CCOC2)CC1,9.26,IC50
CHEMBL5286007,C=CC(=O)N1CCC(Oc2cc3c(Nc4ccc(Cl)c(Cl)c4F)ncnc3cc2OC2CCOCC2)CC1,8.75,IC50
CHEMBL5284701,C=CC(=O)N1CCC(Oc2cc3c(Nc4ccc(Cl)c(Cl)c4F)ncnc3cc2OC[C@@H]2CCCN2C)CC1,7.72,IC50
CHEMBL5273261,C=CC(=O)N1CCC(Oc2cc3c(Nc4ccc(Cl)c(Cl)c4F)ncnc3cc2OC[C@H]2CCCN2C)CC1,7.08,IC50
CHEMBL5281140,C=CC(=O)N1CCC(Oc2cc3c(Nc4ccc(Cl)c(Cl)c4F)ncnc3cc2O[C@@H](C)CC)CC1,8.92,IC50
CHEMBL5266601,C=CC(=O)N1CCC(Oc2cc3c(Nc4ccc(Cl)c(Cl)c4F)ncnc3cc2O[C@H](C)CC)CC1,7.97,IC50
CHEMBL5281205,C=CC(=O)N1CCC(Oc2cc3c(Nc4ccc(Cl)c(Cl)c4F)ncnc3cc2O[C@H]2CCN(C)C2)CC1,8.78,IC50
CHEMBL5280664,C=CC(=O)N1CCC(Oc2cc3c(Nc4ccc(Cl)c(Cl)c4F)ncnc3cc2O[C@@H]2CCN(C)C2)CC1,8.98,IC50
CHEMBL5272004,C=CC(=O)N1CCC(Oc2cc3c(Nc4ccc(Cl)c(Cl)c4F)ncnc3cc2O[C@@H](C)CC(C)C)CC1,7.41,IC50
CHEMBL5288888,C=CC(=O)N1CCC(Oc2cc3c(Nc4cccc(Cl)c4F)ncnc3cc2O[C@H]2CCOC2)CC1,10.57,IC50
CHEMBL5268781,C=CC(=O)N1CCC(Oc2cc3c(Nc4ccc(Cl)cc4F)ncnc3cc2O[C@H]2CCOC2)CC1,9.47,IC50
CHEMBL5274692,C=CC(=O)N1CCC(Oc2cc3c(Nc4ccc(F)c(Cl)c4)ncnc3cc2O[C@H]2CCOC2)CC1,9.81,IC50
CHEMBL5271930,C=CC(=O)N1CCC(Oc2cc3c(Nc4ccc(F)c(F)c4F)ncnc3cc2O[C@H]2CCOC2)CC1,9.39,IC50
CHEMBL5266649,C#Cc1cccc(Nc2ncnc3cc(O[C@H]4CCOC4)c(OC4CCN(C(=O)C=C)CC4)cc23)c1,8.78,IC50
CHEMBL5288249,C=CC(=O)N1CCC(Oc2cc3c(Nc4cccc(C#N)c4)ncnc3cc2O[C@H]2CCOC2)CC1,7.97,IC50
CHEMBL5270938,C=CC(=O)N1CCC(Oc2cc3c(Nc4ccc(OCc5ccccn5)c(Cl)c4)ncnc3cc2O[C@H]2CCOC2)CC1,8.92,IC50
CHEMBL5281741,O=C(/C=C/C(F)(F)F)N1CCC(Oc2cc3c(Nc4ccc(Cl)c(Cl)c4F)ncnc3cc2O[C@H]2CCOC2)CC1,9.09,IC50
CHEMBL5283507,O=C(/C=C/C(F)(F)F)N1CCC(Oc2cc3c(Nc4ccc(Cl)c(Cl)c4F)ncnc3cc2O[C@@H]2CCOC2)CC1,8.81,IC50
CHEMBL5277739,CN(C)C/C=C/C(=O)N1CCC(Oc2cc3c(Nc4ccc(Cl)c(Cl)c4F)ncnc3cc2O[C@H]2CCOC2)CC1,9.09,IC50
CHEMBL5281748,CN(C)C/C=C/C(=O)N1CCC(Oc2cc3c(Nc4ccc(Cl)c(Cl)c4F)ncnc3cc2O[C@@H]2CCOC2)CC1,7.89,IC50
CHEMBL5265881,C=CC(=O)N1CCC(n2cc(-c3cnc4ccccc4c3)c3c(N)ncnc32)C1,8.92,IC50
CHEMBL5291403,C=CC(=O)N1CC[C@@H](n2cc(-c3cnc4ccccc4c3)c3c(N)ncnc32)C1,9.4,IC50
CHEMBL5291034,C=CC(=O)N1CC[C@@H](n2nc(-c3cnc4ccccc4c3)c3c(N)ncnc32)C1,8.27,IC50
CHEMBL5289560,CCc1c(C(=O)NCCc2ccc(N3CCOCC3)cc2)[nH]c2ccc(C(F)(F)F)cc12,7.03,IC50
CHEMBL5280635,CCc1c(C(=O)NCCc2ccc(N3CCOCC3)cc2)[nH]c2ccc(C)cc12,7.07,IC50
CHEMBL5281464,Cc1c(C(=O)NCCc2ccc(N3CCOCC3)cc2)[nH]c2ccc(Cl)cc12,7.05,IC50
CHEMBL5267773,Cc1c(C(=O)NCCc2ccc(N3CCCC3C)cc2)[nH]c2ccc(Cl)cc12,7.03,IC50
CHEMBL5280144,Cc1c(C(=O)NCCc2ccc(F)cc2)[nH]c2cc(F)ccc12,7.01,IC50
CHEMBL5279636,COc1cc(/C=C2\CN(C)C/C(=C\c3cc(OC)c(OC)c(OC)c3Br)C2=NO)c(Br)c(OC)c1OC,7.16,IC50
CHEMBL5271106,CCN(CC)CCON=C1/C(=C/c2cc(OC)c(OC)c(OC)c2Br)CN(C)C/C1=C\c1cc(OC)c(OC)c(OC)c1Br,7.3,IC50
CHEMBL5284780,C=CC(=O)Nc1cc(Nc2ncc(Cl)c(Nc3ccccc3S(=O)(=O)NC3CC3)n2)c(OC)cc1N(C)CCN(C)C,9.14,IC50
CHEMBL5280082,COc1cc(N2CCC(N(C)C)CC2)ccc1Nc1ncc(C(=O)OC(C)C)c(-c2cn(C)c3ccccc23)n1,9.4,IC50
CHEMBL5285308,COc1cc(N2CCN(C)CC2)ccc1Nc1nccc(-c2cn(C)c3ccccc23)n1,8.27,IC50
CHEMBL5289859,COc1cc(N2CCC(N(C)C)CC2)ccc1Nc1ncc(C(=O)OC(C)C)c(-c2c[nH]c3ccccc23)n1,9.8,IC50
CHEMBL5284924,COc1cc(N2CCN(C)CC2)ccc1Nc1ncc(C(=O)Oc2ccccc2)c(-c2cn(C)c3ccccc23)n1,10.3,IC50
CHEMBL5285052,COc1cc(N2CCN(C)CC2)ccc1Nc1ncc(C(=O)Oc2ccc(F)cc2)c(-c2cn(C)c3ccccc23)n1,9.82,IC50
CHEMBL5288276,COc1cc(N2CCC(N(C)C)CC2)ccc1Nc1ncc(C(=O)OC(C)C)c(-c2cn(C(C)=O)c3ccccc23)n1,9.07,IC50
CHEMBL5287229,COc1cc(N2CCC(N)CC2)ccc1Nc1ncc(C(=O)OC(C)C)c(-c2cn(C)c3ccccc23)n1,9.46,IC50
CHEMBL5275642,COc1cc(N2CCN(C)CC2)ccc1Nc1ncc(C(=O)OC(C)C)c(-c2cn(C)c3ccccc23)n1,9.77,IC50
CHEMBL5278657,CCOC(=O)c1cnc(Nc2ccc(N3CCN(C)CC3)cc2OC)nc1-c1cn(C)c2ccccc12,9.17,IC50
CHEMBL5269375,COC(=O)c1cnc(Nc2ccc(N3CCN(C)CC3)cc2OC)nc1-c1cn(C)c2ccccc12,8.47,IC50
CHEMBL5270693,COc1cc(N2CCC(N(C)C)CC2)ccc1Nc1ncc(C(=O)Oc2ccccc2)c(-c2c[nH]c3ccccc23)n1,11.0,IC50
CHEMBL188522,Cc1ccc(Nc2ncnn3ccc(C)c23)cc1O,7.18,IC50
CHEMBL186001,Cc1ccc(Nc2ncnn3cc(C)c(C)c23)cc1O,7.64,IC50
CHEMBL5284972,CN1CCN(c2ccc(Nc3ncc(Cl)c(Nc4ccc5[nH]ccc5c4)n3)cc2)CC1,7.34,IC50
CHEMBL5287550,CN1CCN(c2ccc(Nc3ncc(Br)c(Nc4ccc5[nH]ccc5c4)n3)cc2)CC1,7.46,IC50
CHEMBL5287295,CN1CCN(c2ccc(Nc3ncc(Br)c(Nc4ccc5cc[nH]c5c4)n3)cc2)CC1,7.72,IC50
CHEMBL5277940,CN1CCN(c2ccc(Nc3ncc(Br)c(Nc4ccc5[nH]ncc5c4)n3)cc2)CC1,7.41,IC50
CHEMBL5288264,CN1CCN(c2ccc(Nc3ncc(Br)c(Nc4ccc5[nH]c(Cc6cccc(F)c6)cc5c4)n3)cc2)CC1,7.31,IC50
CHEMBL5272533,CN1CCN(c2ccc(Nc3ncc(Br)c(Nc4ccc5ccn(C)c5c4)n3)cc2)CC1,7.68,IC50
CHEMBL5274133,CN1CCN(c2ccc(Nc3ncc(Br)c(Nc4ccc5c(c4)CCC5)n3)cc2)CC1,7.46,IC50
CHEMBL5286092,C=CC(=O)Nc1cc(Nc2ncc(Br)c(Nc3ccc4cc[nH]c4c3)n2)ccc1N1CCN(C)CC1,7.79,IC50
CHEMBL5291434,CCC(=O)Nc1cc(Nc2ncc(Br)c(Nc3ccc4cc[nH]c4c3)n2)c(OC)cc1N1CCN(C)CC1,8.57,IC50
CHEMBL5272858,C=CC(=O)Nc1cc(Nc2ncc(Br)c(Nc3ccc4ccn(C)c4c3)n2)ccc1N1CCN(C)CC1,7.56,IC50
CHEMBL5270334,C=CC(=O)Nc1cc(Nc2ncc(Br)c(Nc3ccc4ccn(C)c4c3)n2)c(OC)cc1N1CCN(C)CC1,8.39,IC50
CHEMBL5271151,C=CC(=O)Nc1cc(Nc2ncc(Br)c(Nc3ccc4c(c3)CCC4)n2)ccc1N(C)CCN(C)C,9.22,IC50
CHEMBL5265870,C=CC(=O)Nc1cc(Nc2ncc(Br)c(Nc3ccc4c(c3)CCC4)n2)ccc1N1CCN(C)CC1,7.56,IC50
CHEMBL5269747,C=CC(=O)Nc1cc(Nc2ncc(Br)c(Nc3ccc4c(c3)CCC4)n2)c(OC)cc1N1CCN(C)CC1,8.49,IC50
CHEMBL5286080,C=CC(=O)Nc1cc(Nc2nccc(Nc3ccc4c(ccn4C)c3)n2)c(OC)cc1N1CCN(C)CC1,8.08,IC50
CHEMBL5267338,CN1CCN(c2ccc(Nc3nccc(Nc4ccc5[nH]ccc5c4)n3)cc2)CC1,7.31,IC50
CHEMBL5289059,C=CC(=O)Nc1cc(Nc2ncc(Br)c(Nc3ccc4cc[nH]c4c3)n2)ccc1N(C)CCN(C)C,8.06,IC50
CHEMBL5398727,CN1C(=O)C(C(=O)NN)N(C)c2ccccc21,7.0,IC50
CHEMBL5431583,CN(Cc1ccccc1)c1ncnc2[nH]c(-c3ccc(CO)cc3)cc12,7.7,IC50
CHEMBL5439143,OCc1ccc(-c2nc3c(NCc4ccccc4)ncnc3[nH]2)cc1,7.62,IC50
CHEMBL5438568,COc1cc2ncnc(Nc3ccc(F)c(Cl)c3)c2cc1OC(=O)/C=C/n1cc(F)c(=O)[nH]c1=O,7.8,IC50
CHEMBL5434495,COCC1CN(C2CCN(c3cc(OC)c(Nc4ncc(Br)c(Nc5ccc6nccnc6c5P(C)(C)=O)n4)cc3C)CC2)C1,10.22,IC50
CHEMBL5397801,COc1cc(N2CCC(N3CC(CC#N)C3)CC2)c(C)cc1Nc1ncc(Br)c(Nc2ccc3nccnc3c2P(C)(C)=O)n1,9.92,IC50
CHEMBL5435775,COc1cc(N2CCC(N3CC(CO)C3)CC2)c(C)cc1Nc1ncc(Br)c(Nc2ccc3nccnc3c2P(C)(C)=O)n1,9.47,IC50
CHEMBL5399653,COc1cc(N2CCC(N3CC(C(C)(C)O)C3)CC2)c(C)cc1Nc1ncc(Br)c(Nc2ccc3nccnc3c2P(C)(C)=O)n1,10.15,IC50
CHEMBL5416489,COCC1(C)CN(C2CCN(c3cc(OC)c(Nc4ncc(Br)c(Nc5ccc6nccnc6c5P(C)(C)=O)n4)cc3C)CC2)C1,9.52,IC50
CHEMBL5393923,COc1cc(N2CCC(N3CC(C)(CO)C3)CC2)c(C)cc1Nc1ncc(Br)c(Nc2ccc3nccnc3c2P(C)(C)=O)n1,10.22,IC50
CHEMBL5415311,COc1cc(N2CCC(N3CC(F)(CO)C3)CC2)c(C)cc1Nc1ncc(Br)c(Nc2ccc3nccnc3c2P(C)(C)=O)n1,10.0,IC50
CHEMBL5422588,COc1cc(N2CCC(N3CCN(C(C)=O)CC3)CC2)c(C)cc1Nc1ncc(Br)c(Nc2ccc3nccnc3c2P(C)(C)=O)n1,10.15,IC50
CHEMBL5431909,COc1cc(N2CCC(N3CC[C@@H](N(C)C)C3)CC2)c(C)cc1Nc1ncc(Br)c(Nc2ccc3nccnc3c2P(C)(C)=O)n1,9.89,IC50
CHEMBL5418539,COc1cc(N2CCC(N3C[C@H]4COC[C@H]4C3)CC2)c(C)cc1Nc1ncc(Br)c(Nc2ccc3nccnc3c2P(C)(C)=O)n1,10.05,IC50
CHEMBL5436031,COc1cc(N2CCC(N(C)CCN(C)C)CC2)c(C)cc1Nc1ncc(Br)c(Nc2ccc3nccnc3c2P(C)(C)=O)n1,10.22,IC50
CHEMBL5396086,COc1cc(N2CCC(N3CC(N(C)C)C3)CC2)c(C)cc1Nc1ncc(Cl)c(Nc2ccc3nccnc3c2P(C)(C)=O)n1,9.92,IC50
CHEMBL5432965,COc1cc(N2CCC(N3CC(N(C)C)C3)CC2)c(C)cc1Nc1ncc(SC)c(Nc2ccc3nccnc3c2P(C)(C)=O)n1,10.3,IC50
CHEMBL5415418,CCc1cc(Nc2ncc(Cl)c(Nc3ccc4nccnc4c3P(C)(C)=O)n2)c(OC)cc1N1CCC(N2CC(N(C)C)C2)CC1,9.4,IC50
CHEMBL5425947,CCc1cc(Nc2ncc(C(F)(F)F)c(Nc3ccc4nccnc4c3P(C)(C)=O)n2)c(OC)cc1N1CCC(N2CC(N(C)C)C2)CC1,10.0,IC50
CHEMBL5196318,Cc1ncsc1-c1ccc(CNC(=O)[C@@H]2C[C@@H](O)CN2C(=O)[C@@H](NC(=O)CCCCCCCCCCn2cc(COc3cc4ncnc(Nc5ccc(F)c(Cl)c5)c4cc3NC(=O)/C=C/CN3CCCCC3)nn2)C(C)(C)C)cc1,8.22,IC50
CHEMBL5439991,COc1cc(N2CCC(N3CCN(C)CC3)CC2)c(C)cc1Nc1nccc(-n2cc(CNCCO)c(-c3ccccc3)n2)n1,7.28,IC50
CHEMBL5440989,COc1cc(N2CCC(N3CCN(C)CC3)CC2)c(C)cc1Nc1nccc(-n2cc(CNC(C)CO)c(-c3ccccc3)n2)n1,7.35,IC50
CHEMBL5435881,COc1cc(N2CCC(N3CCN(C)CC3)CC2)c(C)cc1Nc1nccc(-n2cc(CNC(CO)C(C)C)c(-c3ccccc3)n2)n1,7.15,IC50
CHEMBL5435735,COc1cc(N2CCC(N3CCN(C)CC3)CC2)c(C)cc1Nc1nccc(-n2cc(CN[C@H](C)CO)c(-c3ccccc3)n2)n1,7.14,IC50
CHEMBL5423287,COc1cc(N2CCC(N3CCN(C)CC3)CC2)c(C)cc1Nc1nccc(-n2cc(CN[C@@H](C)CO)c(-c3ccccc3)n2)n1,7.48,IC50
CHEMBL5396915,C=CC(=O)Nc1cc(Nc2nccc(-c3cn(S(=O)(=O)CC)c4ccccc34)n2)cc2cnn(CCN(C)C)c12,7.51,IC50
CHEMBL5438864,C/C=C/C(=O)Nc1cc(Nc2nccc(-c3cn(S(=O)(=O)CC)c4ccccc34)n2)cc2cnn(CCN(C)C)c12,7.66,IC50
CHEMBL5436545,CCS(=O)(=O)n1cc(-c2ccnc(Nc3cc(NC(=O)C=C(C)C)c4c(cnn4CCN(C)C)c3)n2)c2ccccc21,7.54,IC50
CHEMBL5423465,CCC(=O)Nc1cc(Nc2nccc(-c3cn(S(=O)(=O)CC)c4ccccc34)n2)cc2cnn(CCN(C)C)c12,7.57,IC50
CHEMBL5407309,CCS(=O)(=O)n1cc(-c2ccnc(Nc3cc(NC(C)=O)c4c(cnn4CCN(C)C)c3)n2)c2ccccc21,8.19,IC50
CHEMBL5398953,CCn1ncc2cc(Nc3nccc(-c4cn(S(=O)(=O)CC)c5ccccc45)n3)cc(NC(=O)C(C)C)c21,7.43,IC50
CHEMBL5433585,CCS(=O)(=O)n1cc(-c2ccnc(Nc3cc(NC(=O)C4CC4)c4c(cnn4CCN(C)C)c3)n2)c2ccccc21,7.75,IC50
CHEMBL5394606,C=CC(=O)Nc1cc(Nc2nccc(-c3cn(S(=O)(=O)CC)c4ccccc34)n2)cc2cnn(CCN(CC)CC)c12,7.38,IC50
CHEMBL5400219,C/C=C/C(=O)Nc1cc(Nc2nccc(-c3cn(S(=O)(=O)CC)c4ccccc34)n2)cc2cnn(CCN(CC)CC)c12,7.72,IC50
CHEMBL5402235,CCN(CC)CCn1ncc2cc(Nc3nccc(-c4cn(S(=O)(=O)CC)c5ccccc45)n3)cc(NC(=O)C=C(C)C)c21,7.64,IC50
CHEMBL5405341,CCC(=O)Nc1cc(Nc2nccc(-c3cn(S(=O)(=O)CC)c4ccccc34)n2)cc2cnn(CCN(CC)CC)c12,7.68,IC50
CHEMBL5402031,CCN(CC)CCn1ncc2cc(Nc3nccc(-c4cn(S(=O)(=O)CC)c5ccccc45)n3)cc(NC(C)=O)c21,7.89,IC50
CHEMBL5406084,CCN(CC)CCn1ncc2cc(Nc3nccc(-c4cn(S(=O)(=O)CC)c5ccccc45)n3)cc(NC(=O)C(C)C)c21,7.22,IC50
CHEMBL5417219,CCN(CC)CCn1ncc2cc(Nc3nccc(-c4cn(S(=O)(=O)CC)c5ccccc45)n3)cc(NC(=O)C3CC3)c21,7.58,IC50
CHEMBL5406303,CCS(=O)(=O)n1cc(-c2ccnc(Nc3ccc4c(cnn4CCN(C)C)c3)n2)c2ccccc21,8.12,IC50
CHEMBL5428623,CCS(=O)(=O)n1cc(-c2ccnc(Nc3ccc4c(cnn4CCN4CCOCC4)c3)n2)c2ccccc21,7.25,IC50
CHEMBL5414512,CCN(CC)CCn1ncc2cc(Nc3nccc(-c4cn(S(=O)(=O)CC)c5ccccc45)n3)ccc21,7.96,IC50
CHEMBL5402816,CCN(CC)CCn1ncc2cc(Nc3nccc(-c4cn(S(=O)(=O)CC)c5ccccc45)n3)cc(Cl)c21,7.62,IC50
CHEMBL5430401,CCS(=O)(=O)n1cc(-c2ccnc(Nc3ccc4c(cnn4CC(=O)N(C)C)c3)n2)c2ccccc21,7.42,IC50
CHEMBL5439200,CN(C)CCn1ncc2cc(Nc3ncc(Cl)c(-c4cn(C)c5ccccc45)n3)ccc21,7.15,IC50
CHEMBL5420774,CCS(=O)(=O)n1cc(-c2nc(Nc3ccc4c(cnn4CCN(C)C)c3)ncc2Cl)c2ccccc21,8.34,IC50
CHEMBL5403588,CN(C)CCn1ncc2cc(Nc3ncc([N+](=O)[O-])c(-c4cn(C)c5ccccc45)n3)cc(Cl)c21,7.0,IC50
CHEMBL5418390,CCS(=O)(=O)n1cc(-c2ccnc(Nc3ccc4c(ccn4CCN(C)C)c3)n2)c2ccccc21,8.72,IC50
CHEMBL5435225,CCS(=O)(=O)n1cc(-c2nc(Nc3ccc4c(ccn4CCN(C)C)c3)ncc2Cl)c2ccccc21,8.55,IC50
CHEMBL5408941,CN(C)CCn1ncc2cc(Nc3ncc(C(F)(F)F)c(-c4cn(C)c5ccccc45)n3)cc(Cl)c21,7.04,IC50
CHEMBL5435033,CCS(=O)(=O)n1cc(-c2nc(Nc3ccc4c(ccn4CCN(C)C)c3)ncc2C(F)(F)F)c2ccccc21,7.85,IC50
CHEMBL5423464,CN(C)CCn1ccc2cc(Nc3ncc([N+](=O)[O-])c(-c4cn(C)c5ccccc45)n3)ccc21,7.0,IC50
CHEMBL5434169,CN(C)CCn1ccc2cc(Nc3nccc(-c4c[nH]c5ccccc45)n3)cc(N)c21,7.52,IC50
CHEMBL5411378,COc1ccc(-c2cc3c(N(C)Cc4ccccc4)ncnc3[nH]2)cc1,7.14,IC50
CHEMBL5436096,CN(Cc1ccccc1)c1ncnc2[nH]c(-c3ccc(O)cc3)cc12,7.64,IC50
CHEMBL5439547,COCCOc1ccc(-c2cc3c(N(C)Cc4ccccc4)ncnc3[nH]2)cc1,7.17,IC50
CHEMBL5406771,COCCOCCOCCOc1ccc(-c2cc3c(N(C)Cc4ccccc4)ncnc3[nH]2)cc1,7.35,IC50
CHEMBL5418474,CN(Cc1ccccc1)c1ncnc2[nH]c(-c3ccc(CO)c(F)c3)cc12,7.33,IC50
CHEMBL5432592,CN(Cc1ccccc1)c1ncnc2[nH]c(-c3ccc(F)c(CO)c3)cc12,7.28,IC50
CHEMBL5417607,CN(C)CCNCc1ccc(-c2cc3c(N(C)Cc4ccccc4)ncnc3[nH]2)cc1F,8.7,IC50
CHEMBL5422465,CN(C)CCNCc1cc(-c2cc3c(N(C)Cc4ccccc4)ncnc3[nH]2)ccc1F,7.75,IC50
CHEMBL5397557,OCc1ccc(-c2cc3c(NCc4ccccc4)ncnc3[nH]2)cc1,9.0,IC50
CHEMBL5418732,CCN(Cc1ccccc1)c1ncnc2[nH]c(-c3ccc(CO)cc3)cc12,9.1,IC50
CHEMBL5404799,CC(C)N(Cc1ccccc1)c1ncnc2[nH]c(-c3ccc(CO)cc3)cc12,8.35,IC50
CHEMBL5403510,C[C@@H](Nc1ncnc2[nH]c(-c3ccc(CO)cc3)cc12)c1ccccc1,9.52,IC50
CHEMBL5440766,C[C@H](c1ccccc1)N(C)c1ncnc2[nH]c(-c3ccc(CO)cc3)cc12,7.66,IC50
CHEMBL5398686,[2H]C([2H])([2H])N(Cc1ccccc1)c1ncnc2[nH]c(-c3ccc(CO)cc3)cc12,7.77,IC50
CHEMBL5417494,Cc1ccccc1CN(C)c1ncnc2[nH]c(-c3ccc(CO)cc3)cc12,8.13,IC50
CHEMBL5414964,Cc1ccc(CN(C)c2ncnc3[nH]c(-c4ccc(CO)cc4)cc23)cc1,7.3,IC50
CHEMBL5428404,Cc1cccc(CN(C)c2ncnc3[nH]c(-c4ccc(CO)cc4)cc23)n1,7.11,IC50
CHEMBL5434318,CN(Cc1ccccc1F)c1ncnc2[nH]c(-c3ccc(CO)cc3)cc12,7.35,IC50
CHEMBL5406951,CN(c1ncnc2[nH]c(-c3ccc(CO)cc3)cc12)[C@H](CO)c1ccccc1,8.43,IC50
CHEMBL5419520,CN(c1ncnc2[nH]c(-c3ccc(CO)cc3)cc12)[C@@H](CO)c1ccccc1,7.19,IC50
CHEMBL5439126,Cc1cccc(CN(C)c2ncnc3[nH]c(-c4ccc(C(=O)O)cc4)cc23)c1,7.28,IC50
CHEMBL5418087,Cc1cccc(CN(C)c2ncnc3[nH]c(-c4ccc(CCC(=O)O)cc4)cc23)c1,7.52,IC50
CHEMBL5411617,Cc1cccc(CN(C)c2ncnc3[nH]c(-c4ccc(S(N)(=O)=O)cc4)cc23)c1,7.01,IC50
CHEMBL5400975,CC1=NNC2Oc3ncn(N)c(=N)c3C(c3ccccc3Br)C12,7.22,IC50
CHEMBL5427952,CC[C@H](C)Nc1cc(Nc2ccnc(-c3cnn(S(=O)(=O)C4CC4)c3)n2)ncc1C(=O)N1CC(C(C)(C)O)C1,7.66,IC50
CHEMBL5403085,CC(C)Nc1cc(Nc2ccnc(-c3cnn(S(=O)(=O)C4CC4)c3)n2)ncc1C(=O)N1CC(C(C)(C)O)C1,7.29,IC50
CHEMBL5410422,CC[C@H](C)Nc1cc(Nc2ccnc(-c3cnn(S(=O)(=O)C4CC4)c3)n2)ncc1C(=O)NC,8.44,IC50
CHEMBL5413772,CCC(=O)c1cnc(Nc2ccnc(-c3cnn(S(=O)(=O)C4CC4)c3)n2)cc1N[C@@H](C)CC,7.96,IC50
CHEMBL5415613,CCNC(=O)c1cnc(Nc2ccnc(-c3cnn(S(=O)(=O)C4CC4)c3)n2)cc1N[C@@H](C)CC,8.25,IC50
CHEMBL5434067,CC[C@H](C)Nc1cc(Nc2ccnc(-c3cnn(S(=O)(=O)C4CC4)c3)n2)ncc1C(=O)NC1CCOCC1,7.89,IC50
CHEMBL5401619,CC[C@H](C)Nc1cc(Nc2ccnc(-c3cnn(S(=O)(=O)C4CC4)c3)n2)ncc1C(=O)NCCN(C)C,8.0,IC50
CHEMBL5405737,CC[C@H](C)Nc1cc(Nc2ccnc(-c3cnn(S(=O)(=O)C4CC4)c3)n2)ncc1C(=O)NCCCF,8.43,IC50
CHEMBL5405222,CC[C@H](C)Nc1cc(Nc2ccnc(-c3cnn(S(=O)(=O)C4CC4)c3)n2)ncc1C(=O)NCCC(F)F,8.25,IC50
CHEMBL5425121,c1ccc2c(c1)CCN2c1ncnc2cc3c(cc12)NCN3CCN1CCCC1,7.5,IC50
CHEMBL5400539,O=C(N/N=C/c1cnc(N2CCCC2)nc1)Nc1cc2c(Nc3ccc(F)c(Cl)c3)ncnc2cc1O[C@@H]1CCOC1,8.2,IC50
CHEMBL5439652,Cc1sc([Se]c2sc(C)c(-c3cccc(Br)c3)c2C(=O)NC(CO)C(=O)N2CCCC2)c(C(=O)NC(CO)C(=O)N2CCCC2)c1-c1cccc(Br)c1,7.03,IC50
CHEMBL5420857,CN(C)CCn1ccc2cc(Nc3nccc(-n4ccnc4-c4ccc(F)cc4)n3)ccc21,7.77,IC50
CHEMBL5409629,CN(C)CCn1ccc2cc(Nc3nccc(-n4ccnc4-c4ccc(Cl)cc4)n3)ccc21,7.07,IC50
CHEMBL5404315,CN(C)CCn1ccc2cc(Nc3nccc(-n4ccnc4-c4cccc(F)c4)n3)ccc21,7.05,IC50
CHEMBL5420945,CN1CCN(c2ccc(Nc3nccc(-n4ccnc4-c4ccc(F)cc4)n3)cc2)CC1,7.2,IC50
CHEMBL5401094,COc1cc(N2CCC(N3CCN(C)CC3)CC2)c(C)cc1Nc1nccc(-n2ccnc2-c2ccc(F)cc2)n1,7.55,IC50
CHEMBL5406587,CN(C)CCn1ccc2cc(Nc3nccc(-c4sc(N)nc4-c4ccc(F)cc4)n3)ccc21,8.68,IC50
CHEMBL5430071,CNc1nc(-c2ccc(F)cc2)c(-c2ccnc(Nc3ccc4c(ccn4CCN(C)C)c3)n2)s1,7.72,IC50
CHEMBL5433431,Cc1nc(-c2ccc(F)cc2)c(-c2ccnc(Nc3ccc4c(ccn4CCN(C)C)c3)n2)s1,7.96,IC50
CHEMBL5408900,CC(C)c1nc(-c2ccc(F)cc2)c(-c2ccnc(Nc3ccc4c(ccn4CCN(C)C)c3)n2)s1,7.7,IC50
CHEMBL5412108,CN(C)CCn1ccc2cc(Nc3nccc(-c4sc(N5CCOCC5)nc4-c4ccc(F)cc4)n3)ccc21,7.58,IC50
CHEMBL5414782,CC(=O)Nc1nc(-c2ccc(F)cc2)c(-c2ccnc(Nc3ccc4c(ccn4CCN(C)C)c3)n2)s1,8.68,IC50
CHEMBL5407489,CN(C)CCn1ccc2cc(Nc3nccc(-c4sc(NS(C)(=O)=O)nc4-c4ccc(F)cc4)n3)ccc21,8.6,IC50
CHEMBL5411886,CCS(=O)(=O)Nc1nc(-c2ccc(F)cc2)c(-c2ccnc(Nc3ccc4c(ccn4CCN(C)C)c3)n2)s1,9.05,IC50
CHEMBL5412305,CC(C)S(=O)(=O)Nc1nc(-c2ccc(F)cc2)c(-c2ccnc(Nc3ccc4c(ccn4CCN(C)C)c3)n2)s1,8.47,IC50
CHEMBL5432141,CCCCS(=O)(=O)Nc1nc(-c2ccc(F)cc2)c(-c2ccnc(Nc3ccc4c(ccn4CCN(C)C)c3)n2)s1,8.37,IC50
CHEMBL5440481,CN(C)CCn1ccc2cc(Nc3nccc(-c4sc(NS(=O)(=O)c5ccc(F)cc5)nc4-c4ccc(F)cc4)n3)ccc21,7.82,IC50
CHEMBL5398817,CN(C)CCn1ccc2cc(Nc3nccc(-c4sc(NS(=O)(=O)C5CCCCC5)nc4-c4ccc(F)cc4)n3)ccc21,7.7,IC50
CHEMBL5419895,CCN(CC)CCn1ccc2cc(Nc3nccc(-c4sc(NS(=O)(=O)CC)nc4-c4ccc(F)cc4)n3)ccc21,8.39,IC50
CHEMBL5401500,CCS(=O)(=O)Nc1nc(-c2ccc(F)cc2)c(-c2ccnc(Nc3ccc4c(ccn4CCN4CCOCC4)c3)n2)s1,8.2,IC50
CHEMBL5420623,CCS(=O)(=O)Nc1nc(-c2ccc(F)cc2)c(-c2ccnc(Nc3ccc(N4CCN(C)CC4)cc3)n2)s1,8.74,IC50
CHEMBL5416812,CCN1CCN(c2ccc(Nc3nccc(-c4sc(NS(=O)(=O)CC)nc4-c4ccc(F)cc4)n3)cc2)CC1,8.66,IC50
CHEMBL5439238,CCS(=O)(=O)Nc1nc(-c2ccc(F)cc2)c(-c2ccnc(Nc3ccc(N4CCN(C(C)C)CC4)cc3)n2)s1,8.43,IC50
CHEMBL5436254,CCS(=O)(=O)Nc1nc(-c2ccc(F)cc2)c(-c2ccnc(Nc3ccc(C4CCN(C)CC4)cc3)n2)s1,8.68,IC50
CHEMBL5420820,CCS(=O)(=O)Nc1nc(-c2ccc(F)cc2)c(-c2ccnc(Nc3ccc(N4CCN(C)CC4)c(C)c3)n2)s1,8.44,IC50
CHEMBL5436965,CCS(=O)(=O)Nc1nc(-c2ccc(F)cc2)c(-c2ccnc(Nc3ccc(N4CCN(C)CC4)cc3OC)n2)s1,8.6,IC50
CHEMBL5431378,CCS(=O)(=O)Nc1nc(-c2ccc(F)cc2)c(-c2ccnc(Nc3cc(C)c(N4CCC(N5CCN(C)CC5)CC4)cc3OC)n2)s1,8.0,IC50
CHEMBL5414141,CCS(=O)(=O)Nc1nc(-c2ccc(F)cc2)c(-c2ccnc(Nc3ccc(N4CCOCC4)cc3)n2)s1,7.43,IC50
CHEMBL5397642,CCS(=O)(=O)Nc1nc(-c2ccc(F)cc2)c(-c2ccnc(Nc3ccc(N4CCOCC4)cc3OC)n2)s1,8.07,IC50
CHEMBL5431377,CCS(=O)(=O)Nc1nc(-c2ccc(F)cc2)c(-c2ccnc(Nc3ccc(N4CCOCC4)c(F)c3)n2)s1,8.39,IC50
CHEMBL5411267,CCS(=O)(=O)Nc1nc(-c2ccc(F)cc2)c(-c2ccnc(Nc3cc(-c4cnn(C)c4)c(N4CCOCC4)cc3OC)n2)s1,7.15,IC50
CHEMBL5430547,CCS(=O)(=O)N1CCC(c2nc(-c3ccc(F)cc3)c(-c3ccnc(Nc4ccc5c(ccn5CCN(C)C)c4)n3)s2)CC1,8.52,IC50
CHEMBL5414792,CCN(CC)CCn1ccc2cc(Nc3nccc(-c4sc(C5CCN(S(=O)(=O)CC)CC5)nc4-c4ccc(F)cc4)n3)ccc21,7.47,IC50
CHEMBL5419002,CCS(=O)(=O)N1CCC(c2nc(-c3ccc(F)cc3)c(-c3ccnc(Nc4ccc5c(ccn5CCN5CCOCC5)c4)n3)s2)CC1,7.15,IC50
CHEMBL5416252,CCS(=O)(=O)N1CCC(c2nc(-c3ccc(F)cc3)c(-c3ccnc(Nc4ccc(N5CCNCC5)cc4)n3)s2)CC1,8.1,IC50
CHEMBL5395951,CCS(=O)(=O)N1CCC(c2nc(-c3ccc(F)cc3)c(-c3ccnc(Nc4ccc(N5CCN(C)CC5)cc4)n3)s2)CC1,8.62,IC50
CHEMBL5422383,CCN1CCN(c2ccc(Nc3nccc(-c4sc(C5CCN(S(=O)(=O)CC)CC5)nc4-c4ccc(F)cc4)n3)cc2)CC1,7.58,IC50
CHEMBL5411377,CCS(=O)(=O)N1CCC(c2nc(-c3ccc(F)cc3)c(-c3ccnc(Nc4ccc(N5CCN(C(C)C)CC5)cc4)n3)s2)CC1,7.31,IC50
CHEMBL5400143,CCS(=O)(=O)N1CCC(c2nc(-c3ccc(F)cc3)c(-c3ccnc(Nc4ccc(C5CCN(C)CC5)cc4)n3)s2)CC1,7.82,IC50
CHEMBL5413341,CCS(=O)(=O)N1CCC(c2nc(-c3ccc(F)cc3)c(-c3ccnc(Nc4ccc(N5CCN(C)CC5)c(C)c4)n3)s2)CC1,8.24,IC50
CHEMBL5440559,CCS(=O)(=O)N1CCC(c2nc(-c3ccc(F)cc3)c(-c3ccnc(Nc4ccc(N5CCN(C)CC5)cc4OC)n3)s2)CC1,7.15,IC50
CHEMBL5435941,CCS(=O)(=O)N1CCC(c2nc(-c3ccc(F)cc3)c(-c3ccnc(Nc4ccc(N5CCOCC5)cc4)n3)s2)CC1,7.24,IC50
CHEMBL5419101,CCS(=O)(=O)N1CCC(c2nc(-c3ccc(F)cc3)c(-c3ccnc(Nc4ccc(N5CCOCC5)cc4OC)n3)s2)CC1,7.15,IC50
CHEMBL5438643,CCS(=O)(=O)N1CCC(c2nc(-c3ccc(F)cc3)c(-c3ccnc(Nc4ccc(N5CCOCC5)c(F)c4)n3)s2)CC1,7.11,IC50
CHEMBL5408586,C=CC(=O)Nc1cccc(-c2c(-c3ccccc3)oc3ncnc(N[C@H](CO)C(C)C)c23)c1,7.36,IC50
CHEMBL5437252,C=CC(=O)Nc1cccc(-c2c(-c3ccccc3)oc3ncnc(N[C@@H](C)CO)c23)c1,7.52,IC50
CHEMBL5420051,C=CC(=O)Nc1cccc(-c2c(-c3ccccc3)oc3ncnc(NCCC(=O)O)c23)c1,7.21,IC50
CHEMBL5394139,C=CC(=O)Nc1cccc(-c2c(-c3ccccc3)oc3ncnc(NC4CC4)c23)c1,8.52,IC50
CHEMBL5406494,C=CC(=O)Nc1cccc(-c2c(-c3ccc(N(C)C)cc3)oc3ncnc(NCCO)c23)c1,7.85,IC50
CHEMBL5435463,C=CC(=O)Nc1cccc(-c2c(-c3ccc(N4CCOCC4)cc3)oc3ncnc(NCCO)c23)c1,8.7,IC50
CHEMBL5430958,C=CC(=O)Nc1cccc(-c2c(-c3ccc(N4CCN(C)CC4)cc3)oc3ncnc(NCCO)c23)c1,8.15,IC50
CHEMBL5409123,C=CC(=O)Nc1cccc(-c2c(-c3ccc(N(C)CCN(C)C)cc3)oc3ncnc(NCCO)c23)c1,8.15,IC50
CHEMBL5428368,C=CC(=O)Nc1cccc(-c2c(-c3ccc(N4CCOCC4)cc3)oc3ncnc(NC4CCCC4)c23)c1,7.85,IC50
CHEMBL5440626,C=CC(=O)Nc1cccc(-c2c(-c3ccc(N4CCN(C)CC4)cc3)oc3ncnc(NC4CCCC4)c23)c1,8.7,IC50
CHEMBL5422135,C=CC(=O)Nc1cccc(-c2c(-c3ccc(N4CCN(C)CC4)cc3)oc3ncnc(N[C@H](CO)c4ccccc4)c23)c1,8.7,IC50
CHEMBL5437343,C=CC(=O)Nc1cccc(-c2c(-c3ccc(N4CCN(C)CC4)cc3)oc3ncnc(NC4CCCCC4)c23)c1,8.22,IC50
CHEMBL5406792,C=CC(=O)Nc1cccc(-c2c(-c3ccc(N4CCN(C)CC4)cc3)oc3ncnc(NC)c23)c1,8.22,IC50
CHEMBL5441041,C=CC(=O)Nc1cccc(-c2c(-c3ccc(N4CCN(C)CC4)nc3)oc3ncnc(NC4CCCC4)c23)c1,7.89,IC50
CHEMBL5432280,C=CC(=O)Nc1cc(-c2c(-c3ccccc3)oc3ncnc(NC4CCCC4)c23)ccc1N(C)CCN(C)C,8.15,IC50
CHEMBL5413423,C=CC(=O)Nc1cc(-c2c(-c3ccccc3)oc3ncnc(NCC)c23)ccc1N(C)CCN(C)C,7.24,IC50
CHEMBL5420948,C=CC(=O)Nc1cc(-c2c(-c3ccccc3)oc3ncnc(NC(C)C)c23)ccc1N(C)CCN(C)C,7.82,IC50
CHEMBL5427961,C=CC(=O)Nc1cc(-c2c(-c3ccccc3)oc3ncnc(NC4CC4)c23)ccc1N(C)CCN(C)C,7.85,IC50
CHEMBL5426811,C=CC(=O)Nc1cc(-c2c(-c3ccccc3)oc3ncnc(N[C@H]4CCC[C@H]4O)c23)ccc1N(C)CCN(C)C,7.82,IC50
CHEMBL5422592,C=CC(=O)Nc1cc(-c2c(-c3ccccc3)oc3ncnc(N[C@H]4CCC[C@@H]4O)c23)ccc1N(C)CCN(C)C,8.15,IC50
CHEMBL5403023,C=CC(=O)Nc1cc(-c2c(-c3ccccc3)oc3ncnc(N[C@H]4C[C@@H](O)C4)c23)ccc1N(C)CCN(C)C,8.0,IC50
CHEMBL5437854,C=CC(=O)Nc1cc(-c2c(-c3ccccc3)oc3ncnc(N[C@H]4C[C@H](O)C4)c23)ccc1N(C)CCN(C)C,8.05,IC50
CHEMBL5429210,C=CC(=O)Nc1cccc(-c2c(-c3ccccc3)oc3ncnc(NCCO)c23)c1,7.42,IC50
CHEMBL5434109,C=CC(=O)Nc1cccc(-c2c(-c3ccccc3)oc3ncnc(NCCCO)c23)c1,7.27,IC50
CHEMBL5425734,C=CC(=O)Nc1cccc(-c2c(-c3ccccc3)oc3ncnc(NCCOC)c23)c1,7.1,IC50
CHEMBL5432017,C=CC(=O)Nc1cccc(-c2c(-c3ccccc3)oc3ncnc(NC)c23)c1,7.82,IC50
CHEMBL5438475,C=CC(=O)Nc1cccc(-c2c(-c3ccccc3)oc3ncnc(N(C)C)c23)c1,7.47,IC50
CHEMBL5436101,C=CC(=O)Nc1cccc(-c2c(-c3ccccc3)oc3ncnc(NC(C)C)c23)c1,7.19,IC50
CHEMBL5423938,C=CC(=O)Nc1cccc(-c2c(-c3ccccc3)oc3ncnc(NC4CCC4)c23)c1,7.64,IC50
CHEMBL5437181,C=CC(=O)Nc1cccc(-c2c(-c3ccccc3)oc3ncnc(NC4CCCC4)c23)c1,7.39,IC50
CHEMBL5417638,C=CC(=O)Nc1cccc(-c2c(-c3ccccc3)oc3ncnc(NC4CCCCC4)c23)c1,7.28,IC50
CHEMBL5429838,C=CC(=O)Nc1cccc(-c2c(-c3ccncc3)oc3ncnc(NC4CCCC4)c23)c1,7.72,IC50
CHEMBL5400012,C=CC(=O)Nc1cccc(-c2c(-c3ccc(N4CCOCC4)nc3)oc3ncnc(NC4CCCC4)c23)c1,7.5,IC50
CHEMBL5432716,C=CC(=O)Nc1cc(-c2c(-c3ccccc3)oc3ncnc(NC4CCCC4)c23)ccc1N1CCOCC1,8.1,IC50
CHEMBL5431658,C=CC(=O)Nc1cc(-c2c(-c3ccccc3)oc3ncnc(NC4CCCC4)c23)ccc1N1CCN(C)CC1,7.21,IC50
CHEMBL5398132,C=CC(=O)Nc1cc(-c2c(-c3ccccc3)oc3ncnc(NC4CCCC4)c23)ccc1OCCN(C)C,7.58,IC50
CHEMBL5435372,C=CC(=O)Nc1cc(-c2c(-c3ccccc3)oc3ncnc(NC4CCCC4)c23)ccc1OC1CCN(C)CC1,7.37,IC50
CHEMBL5416719,C=CC(=O)Nc1cc(-c2c(-c3ccccc3)oc3ncnc(NCCO)c23)ccc1N(C)CCN(C)C,7.2,IC50
CHEMBL5404639,C=CC(=O)Nc1cccc(Nc2nc(Nc3ccc(N4CCN(C)CC4)cc3)nc3ccc(F)cc23)c1,8.89,IC50
CHEMBL5398753,O=C(CSc1nc2ccccc2c(=O)n1CCc1ccccc1)Nc1ccc(S(=O)(=O)Nc2ccc(Cl)nn2)cc1,7.01,IC50
CHEMBL178654,CCOc1cc2ncc(C#N)c(Nc3ccc(OCc4cccc(F)c4)c(Cl)c3)c2cc1NC(=O)/C=C/CN(C)C,7.47,IC50
CHEMBL5523623,CCOC(=O)c1sc(N2N=C(c3ccc(Cl)cc3Cl)CC2c2ccc(OC)cc2)nc1C,7.39,IC50
CHEMBL5517879,COc1ccc(C2CC(c3ccc(Cl)cc3Cl)=NN2c2nc(C)c(C(=O)Nc3ccccc3)s2)cc1OC,7.49,IC50
CHEMBL5512476,COc1ccc(-c2cc(-c3ccc(C)cc3)nc(NN)n2)cc1,7.15,IC50
CHEMBL5532112,Cc1cc(Oc2ncnc3sc4c(c23)CCCCC4)ccc1Cl,7.55,IC50
CHEMBL5418423,NC(=O)CCn1cc(-c2ccc3ncnc(Nc4cc(O)c(F)cc4F)c3c2)nn1,7.14,IC50
CHEMBL5556531,C=CC(=O)Nc1cccc(-c2c(-c3ccccc3)oc3ncnc(Oc4ccc(NC(=O)C5(C(=O)Nc6ccc(F)cc6)CC5)cc4)c23)c1,7.38,IC50
CHEMBL5564226,COc1cc2ncnc(Nc3ccc(F)c(Cl)c3)c2cc1OCCCCNCc1c(OC)cc(OCc2cccc(-c3ccccc3)c2C)cc1OC,7.12,IC50
CHEMBL5555620,COc1cc2ncnc(Nc3ccc(F)c(Cl)c3)c2cc1OCCCCCNCc1ccc(-c2cccc(-c3ccccc3)c2C)nc1OC,7.0,IC50
CHEMBL5556281,COc1cc(OCc2cccc(-c3ccccc3)c2C)ccc1CNCCCCOc1cc2c(Nc3cccc(Cl)c3F)ncnc2cc1OC,7.31,IC50
CHEMBL5559947,COc1cc2ncnc(Nc3cccc(Cl)c3F)c2cc1OCCCCNCc1c(OC)cc(OCc2cccc(-c3ccccc3)c2C)cc1OC,7.43,IC50
CHEMBL5567060,Fc1ccccc1COc1cccc(-c2n[nH]cc2-c2ccncc2)c1,7.66,IC50
CHEMBL5561729,Fc1ccccc1COc1cccc(-c2n[nH]cc2-c2ccncn2)c1,7.06,IC50
CHEMBL5566816,COc1cc2ncnc(-c3c[nH]nc3-c3cccc(OCc4ccc5c(c4)CN(C)C5=O)c3)c2cc1OC,8.22,IC50
CHEMBL5562889,C=CC(=O)Nc1ccc(OC)c(Nc2cc(-c3c[nH]nc3-c3cccc(OCc4ccc5c(c4)CN(C)C5=O)c3)ccn2)c1,8.52,IC50
CHEMBL5567954,C#CC(=O)NCCn1cc(-c2ncnc3cc(OC)c(OC)cc23)c(-c2cccc(OC)c2)n1,8.0,IC50
CHEMBL5563422,C=CC(=O)N1CC[C@@H](n2cc(-c3ncnc4cc(OC)c(OC)cc34)c(-c3cccc(OC)c3)n2)C1,7.44,IC50
CHEMBL5568120,C=CC(=O)N1CC[C@H](n2cc(-c3ccncc3)c(-c3cccc(NC(=O)c4ccc5c(c4)CN(C)C5=O)c3)n2)C1,7.75,IC50
CHEMBL5517919,C=CC(=O)N1CC[C@H](n2cc(-c3ccncc3)c(-c3cccc(OCc4ccc5c(c4)CN(C)C5=O)c3)n2)C1,7.52,IC50
CHEMBL5558799,C=CC(=O)Nc1ccc(OC)c(Nc2nccc(-c3c[nH]nc3-c3cccc(OC)c3)n2)c1,8.7,IC50
CHEMBL5567575,C=CC(=O)N1CC(Oc2cc3c(-c4c[nH]nc4-c4cccc(OC)c4)ncnc3cc2OC)C1,9.0,IC50
CHEMBL5556548,C=CC(=O)NCCn1cc(-c2ncnc3cc(OC)c(OC)cc23)c(-c2cccc(OC)c2)n1,7.68,IC50
CHEMBL5561612,C=CS(=O)(=O)NCCn1cc(-c2ncnc3cc(OC)c(OC)cc23)c(-c2cccc(OC)c2)n1,9.0,IC50
CHEMBL5559367,C=CC(=O)N1CC[C@H](n2cc(-c3ncnc4cc(OC)c(OC)cc34)c(-c3cccc(OC)c3)n2)C1,8.7,IC50
CHEMBL5542205,C=CC(=O)N1CC[C@H](n2cc(-c3ccncc3)c(-c3cccc(/C=C/c4ncc(C5CC5)o4)c3)n2)C1,8.22,IC50
CHEMBL5512556,C=CC(=O)N1CC[C@H](n2cc(-c3ccncc3)c(-c3cc(OCc4ccc5c(c4)CN(C)C5=O)ccc3F)n2)C1,7.0,IC50
CHEMBL5567814,C=CC(=O)N1CC[C@H](n2cc(-c3ccncc3)c(-c3ccc(F)c(OCc4ccc5c(c4)CN(C)C5=O)c3)n2)C1,7.09,IC50
CHEMBL5568213,C=CC(=O)N1C[C@@H](n2cc(-c3ccncc3)c(-c3cccc(OCc4ccc5c(c4)CN(C)C5=O)c3)n2)C[C@H]1C,7.15,IC50
CHEMBL5556861,C=CC(=O)N1C[C@@H](n2cc(-c3ccncc3)c(-c3cccc(COc4ccc5c(c4)CN(C)C5=O)c3)n2)C[C@H]1C,7.01,IC50
CHEMBL5560466,C=CC(=O)N1C[C@@H](n2cc(-c3ccncc3)c(-c3cc(COc4ccc5c(c4)CN(C)C5=O)ccc3F)n2)C[C@H]1C,7.05,IC50
CHEMBL5568516,C=CC(=O)N1C[C@@H](n2cc(-c3ccncc3)c(-c3ccc(F)c(COc4ccc5c(c4)CN(C)C5=O)c3)n2)C[C@H]1C,7.09,IC50
CHEMBL5560320,C=CC(=O)N1CC[C@H](n2cc(-c3ccncc3)c(-c3cccc(NC(=O)c4ncc(C5CC5)o4)c3)n2)C1,7.48,IC50
CHEMBL5563485,C=CC(=O)N1CC[C@H](n2cc(-c3ccncc3)c(-c3cccc(NC(=O)c4cccc(OC)c4F)c3)n2)C1,7.54,IC50
CHEMBL5542997,O=C(NO)c1sccc1Nc1nc(Nc2ccc(N3CCOCC3)cc2)ncc1Cl,7.93,IC50
CHEMBL5563885,O=C(NO)c1ccsc1Nc1nc(Nc2ccc(N3CCOCC3)cc2)ncc1Cl,7.57,IC50
CHEMBL5565127,C=CC(=O)Nc1cc2c(Oc3ccc(NC(=O)n4c(=O)c(-c5ccccc5)c(C)n4C)cc3F)cccc2cc1OC,7.17,IC50
CHEMBL5570405,C=CC(=O)Nc1cccc(Nc2nc(Nc3cnn(CC)c3)nc3ccc(Cl)cc23)c1,7.64,IC50
CHEMBL5571416,Cc1c(NC(=O)/C=C/CN(C)C)ccc2ncnc(Nc3ccc(OCc4ccccn4)c(Cl)c3)c12,9.27,IC50
CHEMBL5584189,CN(C)C/C=C/C(=O)Nc1ccc2ncnc(Nc3ccc(OCc4ccccn4)c(Cl)c3)c2c1-c1ccccc1,8.54,IC50
CHEMBL5562735,COc1cccc(-c2c(NC(=O)/C=C/CN(C)C)ccc3ncnc(Nc4ccc(OCc5ccccn5)c(Cl)c4)c23)c1,8.53,IC50
CHEMBL5568705,COc1ccc(-c2c(NC(=O)/C=C/CN(C)C)ccc3ncnc(Nc4ccc(OCc5ccccn5)c(Cl)c4)c23)cc1OC,7.4,IC50
CHEMBL5565503,Cc1cccc(-c2c(NC(=O)/C=C/CN(C)C)ccc3ncnc(Nc4ccc(OCc5ccccn5)c(Cl)c4)c23)c1,8.54,IC50
CHEMBL5591662,CN1CCC[C@@H]1/C=C/C(=O)Nc1ccc2ncnc(Nc3ccc(OCc4ccccn4)c(Cl)c3)c2c1-c1ccccc1,7.84,IC50
CHEMBL5566277,COc1cccc(-c2c(NC(=O)/C=C/[C@H]3CCCN3C)ccc3ncnc(Nc4ccc(OCc5ccccn5)c(Cl)c4)c23)c1,8.0,IC50
CHEMBL5565103,COc1ccc(-c2c(NC(=O)/C=C/[C@H]3CCCN3C)ccc3ncnc(Nc4ccc(OCc5ccccn5)c(Cl)c4)c23)cc1OC,7.24,IC50
CHEMBL5593219,Cc1cccc(-c2c(NC(=O)/C=C/[C@H]3CCCN3C)ccc3ncnc(Nc4ccc(OCc5ccccn5)c(Cl)c4)c23)c1,8.23,IC50
CHEMBL5593471,CN(C)C/C=C/C(=O)Nc1ccc2ncnc(Nc3ccc(OCc4cccc(F)c4)c(Cl)c3)c2c1-c1ccccc1,8.97,IC50
CHEMBL5591805,COc1cccc(-c2c(NC(=O)/C=C/CN(C)C)ccc3ncnc(Nc4ccc(OCc5cccc(F)c5)c(Cl)c4)c23)c1,8.89,IC50
CHEMBL5569311,Cc1cccc(-c2c(NC(=O)/C=C/CN(C)C)ccc3ncnc(Nc4ccc(OCc5cccc(F)c5)c(Cl)c4)c23)c1,8.28,IC50
CHEMBL5569663,CN1CCC[C@@H]1/C=C/C(=O)Nc1ccc2ncnc(Nc3ccc(OCc4cccc(F)c4)c(Cl)c3)c2c1-c1ccccc1,7.95,IC50
CHEMBL5575614,COc1cccc(-c2c(NC(=O)/C=C/[C@H]3CCCN3C)ccc3ncnc(Nc4ccc(OCc5cccc(F)c5)c(Cl)c4)c23)c1,8.08,IC50
CHEMBL5572670,CN(C)C/C=C/C(=O)Nc1ccc2ncnc3c2c1CCN3c1cccc(Cl)c1F,8.83,IC50
CHEMBL5574232,CN(C)C/C=C/C(=O)Nc1ccc2ncnc3c2c1CCN3c1ccc(F)c(Cl)c1,9.8,IC50
CHEMBL5570443,CN(C)C/C=C/C(=O)Nc1ccc2ncnc3c2c1CCN3c1ccc(OCc2ccccn2)c(Cl)c1,8.84,IC50
CHEMBL5594407,CN(C)C/C=C/C(=O)Nc1ccc2ncnc3c2c1CCN3c1ccc(OCc2cccc(F)c2)c(Cl)c1,7.49,IC50
CHEMBL5572504,CN(C)C/C=C/C(=O)Nc1ccc2ncnc3c2c1C=CN3c1cccc(Cl)c1F,9.8,IC50
CHEMBL5569244,CN(C)C/C=C/C(=O)Nc1ccc2ncnc3c2c1C=CN3c1ccc(F)c(Cl)c1,8.97,IC50
CHEMBL5572514,CN(C)C/C=C/C(=O)Nc1ccc2ncnc3c2c1C=CN3c1ccc(OCc2ccccn2)c(Cl)c1,9.09,IC50
CHEMBL5591496,CN(C)C/C=C/C(=O)Nc1ccc2ncnc3c2c1C=CN3c1ccc(OCc2cccc(F)c2)c(Cl)c1,8.45,IC50
CHEMBL5591930,O=C(/C=C/CN1CCCC1)Nc1ccc2ncnc3c2c1CCN3c1ccc(OCc2ccccn2)c(Cl)c1,8.46,IC50
CHEMBL5566173,O=C(/C=C/CN1CCCCC1)Nc1ccc2ncnc3c2c1CCN3c1ccc(OCc2ccccn2)c(Cl)c1,8.48,IC50
CHEMBL5575930,CC(C)NC/C=C/C(=O)Nc1ccc2ncnc3c2c1CCN3c1ccc(OCc2ccccn2)c(Cl)c1,9.15,IC50
CHEMBL5569696,O=C(/C=C/CNC1CC1)Nc1ccc2ncnc3c2c1CCN3c1ccc(OCc2ccccn2)c(Cl)c1,8.98,IC50
CHEMBL5563672,CN1CCC[C@@H]1/C=C/C(=O)Nc1ccc2ncnc3c2c1CCN3c1ccc(OCc2ccccn2)c(Cl)c1,8.65,IC50
CHEMBL5567355,CC(C)NC/C=C/C(=O)Nc1ccc2ncnc3c2c1C=CN3c1ccc(OCc2ccccn2)c(Cl)c1,9.12,IC50
CHEMBL5566736,O=C(/C=C/CNC1CC1)Nc1ccc2ncnc3c2c1C=CN3c1ccc(OCc2ccccn2)c(Cl)c1,9.09,IC50
CHEMBL5566473,O=C(/C=C/CNC1CCC1)Nc1ccc2ncnc3c2c1C=CN3c1ccc(OCc2ccccn2)c(Cl)c1,8.9,IC50
CHEMBL5591255,O=C(/C=C/CN1CCCC1)Nc1ccc2ncnc3c2c1C=CN3c1ccc(OCc2ccccn2)c(Cl)c1,8.83,IC50
CHEMBL5574206,O=C(/C=C/CN1CCCCC1)Nc1ccc2ncnc3c2c1C=CN3c1ccc(OCc2ccccn2)c(Cl)c1,9.06,IC50
CHEMBL5572660,CN1CCC[C@@H]1/C=C/C(=O)Nc1ccc2ncnc3c2c1C=CN3c1ccc(OCc2ccccn2)c(Cl)c1,8.72,IC50
CHEMBL5569061,COc1cc2ncnc(N[C@H](C)c3cccc(F)c3)c2cc1OC1CCOCC1,9.0,IC50
CHEMBL5570627,CCS(=O)(=O)n1cc(-c2nc(Nc3ccc(N4CCNCC4)cc3)ncc2C(F)(F)F)c2ccccc21,7.32,KD
CHEMBL5565187,Cc1cc(C)n(-c2cc(=O)[nH]c3c(C)cccc23)n1,7.02,IC50
CHEMBL5564483,O=c1cc(-n2nc(-c3ccccc3)cc2-c2ccccc2)c2ccccc2[nH]1,7.17,IC50
CHEMBL5572882,COc1ccc2[nH]c(=O)cc(-n3nc(-c4ccccc4)cc3-c3ccccc3)c2c1,7.15,IC50
CHEMBL5589692,Cc1ccc2c(-n3nc(-c4ccccc4)cc3-c3ccccc3)cc(=O)[nH]c2c1,7.11,IC50
CHEMBL5593262,Cc1cccc2c(-n3nc(-c4ccccc4)cc3-c3ccccc3)cc(=O)[nH]c12,7.08,IC50
CHEMBL5567534,COc1cccc(/C=N/c2c(C#N)nc3c(-c4cc(OC)c(OC)c(OC)c4)nc4ccccc4n23)c1,7.12,IC50
CHEMBL5594128,COc1cc(-c2nc3ccccc3n3c(/N=C/c4ccsc4)c(C#N)nc23)cc(OC)c1OC,7.07,IC50
CHEMBL5592873,C=CC(=O)Nc1cc(Nc2ncc(Cl)c(-c3cn(C4CC4)c4ccccc34)n2)c(OC)cc1N(C)CCN(C)C,7.92,IC50
CHEMBL5583656,C=CC(=O)Nc1cc(Nc2ncc(Cl)c(-c3cn(C4COC4)c4ccccc34)n2)c(OC)cc1N(C)CCN(C)C,9.77,IC50
CHEMBL5591885,C=CC(=O)Nc1cc(Nc2nccc(-c3csc4ccccc34)n2)c(OC)cc1N(C)CCN(C)C,9.59,IC50
CHEMBL5595805,C=CC(=O)Nc1cc(Nc2nccc(-c3cn(C)c4ccccc34)n2)c(OC)cc1N(C)CCN(C)CC(=O)OC,8.24,IC50
CHEMBL5591709,C=CC(=O)Nc1cc(Nc2nccc(-c3cn(C)c4ccccc34)n2)c(OC)cc1N(C)CCN(C)Cc1ccc(Br)cc1,8.09,IC50
CHEMBL5594919,C=CC(=O)Nc1cc(Nc2nccc(-c3cn(C)c4ccccc34)n2)c(OC)cc1N(C)CCN(C)C(=O)c1ccc(Br)cc1,7.9,IC50
CHEMBL5593561,C=CC(=O)Nc1cc(Nc2nccc(-c3cn(C)c4ccccc34)n2)c(OC)cc1N(C)CCN(C)Cc1ccccc1,8.37,IC50
CHEMBL5595344,C=CCCN(C)CCN(C)c1cc(OC)c(Nc2nccc(-c3cn(C)c4ccccc34)n2)cc1NC(=O)C=C,8.7,IC50
CHEMBL5590430,CN1CCCN(c2ccc(Nc3ncc(Br)c(Nc4ccccc4NS(=O)(=O)C4CC4)n3)cc2)CC1,9.38,IC50
CHEMBL5594833,Cc1cc(Nc2ncc(Cl)c(Nc3ccccc3NS(=O)(=O)C3CC3)n2)ccc1N1CCC(N(C)C)CC1,10.52,IC50
CHEMBL5590689,Cc1cc(Nc2ncc(Br)c(Nc3ccccc3NS(=O)(=O)C3CC3)n2)ccc1N1CCCN(C)CC1,9.55,IC50
CHEMBL5597403,C=CC(=O)Nc1cc2c(Oc3ccc(NC(=O)NCCc4ccc(F)cc4)cc3F)ncnc2cc1OC,7.19,IC50
CHEMBL5597233,COc1ccc(NC(=O)C2=C(C)NC(=O)NC2c2ccc(OC)c(OC)c2)c(OC)c1,7.16,IC50
CHEMBL5597898,COc1ccc(NC(=O)C2=C(C)NC(=O)NC2c2ccc(OCc3ccccc3)c(OC)c2)c(OC)c1,7.43,IC50
CHEMBL5597851,COc1ccc(NC(=O)C2=C(C)NC(=S)NC2c2ccc(OCc3ccccc3)c(OC)c2)c(OC)c1,7.12,IC50
CHEMBL5596876,COc1cc(N2CCC(N3CCN(C)CC3)CC2)ccc1Nc1ncc(Cl)c(Nc2ccccc2N(C)S(C)(=O)=O)n1,10.1,IC50
CHEMBL5597916,COc1cc(C2CCNCC2)ccc1Nc1ncc(Cl)c(Nc2ccccc2NS(C)(=O)=O)n1,8.22,IC50
CHEMBL5597724,COc1cc(N2CCOCC2)c(-c2cnn(C)c2)cc1Nc1ncc(Cl)c(Nc2ccccc2NS(C)(=O)=O)n1,9.7,IC50
CHEMBL5591124,CN1CCN(c2ccc(Nc3ncc(Cl)c(Nc4ccccc4P(C)(C)=O)n3)cc2Br)CC1,8.62,IC50
CHEMBL5612888,Cc1cc(C)n(-c2nc(Nc3ccc(Br)cc3)nc(N3CCOCC3)n2)n1,7.21,IC50
CHEMBL5612021,Cc1nc2cc(Br)c(Br)cc2c(=O)n1-c1ccc(Nc2nc(Nc3ccc(Cl)cc3)nc(N3CCCCC3)n2)cc1,7.39,IC50
CHEMBL5612851,Cc1nc2cc(Br)c(Br)cc2c(=O)n1-c1ccc(Nc2nc(N3CCCCC3)nc(N3CCOCC3)n2)cc1,7.43,IC50
CHEMBL5613341,Cc1nc2cc(Br)c(Br)cc2c(=O)n1-c1ccc(Nc2nc(Nc3ccc(Br)cc3)nc(N3CCCCC3)n2)cc1,7.44,IC50
CHEMBL5618083,COc1cc(/C=C/C(=O)c2ccc(OCCCCCC(=O)NO)cc2)cc(OC)c1OC,7.2,IC50
CHEMBL5618366,C=CC(=O)Nc1cc(Nc2ncc(F)c(-c3ccc4cc(C(=O)N(C)C)n(C(C)C)c4c3)n2)ccc1N1CCN(C(C)C)CC1,7.22,IC50
CHEMBL5619066,C=CC(=O)Nc1cc(Nc2ncc(F)c(-c3ccc4cc(C(=O)NC)n(C(C)C)c4c3)n2)c(OC)cc1N1CCN(C(C)C)CC1,7.24,IC50
CHEMBL5618455,C=CC(=O)Nc1cc(Nc2ncc(F)c(-c3ccc4cc(C(=O)NC)n(C(C)C)c4c3)n2)c(OC)cc1N1CCN(C)CC1,7.07,IC50
CHEMBL5620032,C=CC(=O)Nc1cc(Nc2ncc(F)c(-c3ccc4cc(C(=O)NC)n(C(C)C)c4c3)n2)ccc1N1CCN(C)CC1,7.28,IC50
CHEMBL5619530,C=CC(=O)Nc1cc(Nc2ncc(F)c(-c3ccc4cc(C(=O)NC)n(C(C)C)c4c3)n2)ccc1N1CCN(C(C)C)CC1,7.29,IC50
CHEMBL5619516,C=CC(=O)Nc1cc(Nc2ncc(F)c(-c3ccc4cc(C(=O)NC)n(C(C)C)c4c3)n2)ccc1N(C)CCN(C)C,7.12,IC50
CHEMBL5630690,CN1CCN(c2ccc(Nc3ncc(Cl)c(Nc4ccccc4P(C)(C)=O)n3)c(Br)c2)CC1,8.51,IC50
CHEMBL5624606,CC(C)n1c2cc(Nc3ccnc(-c4cnn(S(=O)(=O)C5CC5)c4)n3)ncc2c2c(OCC(F)(F)F)cc(N3CCN(C)CC3)cc21,9.6,IC50
CHEMBL5190294,CCC(=O)N[C@H]1CC[C@@H](N2C(=O)N(c3ccccc3Cl)Cc3cnc(Nc4ccc(N5CCN(C)CC5)c(C)c4)nc32)CC1,8.51,IC50
CHEMBL5631207,Cc1cc(N2Cc3ccccc3C2)nc2ccc(Cl)cc12,8.12,IC50
CHEMBL5630852,c1ccc(-c2cc(N3Cc4ccccc4C3)nc3ccccc23)cc1,8.1,IC50
CHEMBL5630913,Cc1cc(N2CCN(C(c3ccccc3)c3ccccc3)CC2)nc2ccc(Cl)cc12,8.1,IC50
CHEMBL5284115,COc1cc(N2CCC(N3CCN(CCC#Cc4cccc5c4CN(C4CCC(=O)NC4=O)C5=O)CC3)CC2)ccc1Nc1ncc(Cl)c(Nc2ccccc2P(C)(C)=O)n1,8.24,IC50
CHEMBL5625037,C=CC(=O)Nc1cc(Nc2nccc(-c3nc(C)c4ccccn34)n2)c(OC)cc1N(C)CCN(C)C,8.73,IC50
CHEMBL5630267,C=CC(=O)Nc1cc(Nc2nccc(-c3ncc4c(C)cccn34)n2)c(OC)cc1N(C)CCN(C)C,9.14,IC50
CHEMBL5631065,C=CC(=O)Nc1cc(Nc2nccc(-c3cnn4c(C)cccc34)n2)c(OC)cc1N(C)CCN(C)C,8.85,IC50
CHEMBL5631083,C=CC(=O)Nc1cc(Nc2nccc(-c3ccc4c(C)nccn34)n2)c(OC)cc1N(C)CCN(C)C,8.82,IC50
CHEMBL5631094,C=CC(=O)Nc1cc(Nc2nccc(-c3cnc4c(C)cccn34)n2)c(OC)cc1N(C)CCN(C)C,9.43,IC50
CHEMBL5631151,C=CC(=O)Nc1cc(Nc2nccc(-c3cnc4c(Cl)cccn34)n2)c(OC)cc1N(C)CCN(C)C,9.11,IC50
CHEMBL5630609,C=CC(=O)Nc1cc(Nc2nccc(-c3cnc4c(OC)cccn34)n2)c(OC)cc1N(C)CCN(C)C,8.78,IC50
CHEMBL5631037,COc1cc(N(C)CCN(C)C)c(NC(=O)/C=C/CN(C)C)cc1Nc1nccc(-c2ncc3c(C)cccn23)n1,8.9,IC50
CHEMBL5624545,CC#CC(=O)Nc1cc(Nc2nccc(-c3ncc4c(C)cccn34)n2)c(OC)cc1N(C)CCN(C)C,8.86,IC50
CHEMBL5630624,COc1cc(N(C)CCN(C)C)c(NC(=O)/C=C/CN(C)C)cc1Nc1nccc(-c2cnc3c(C)cccn23)n1,8.94,IC50
CHEMBL5625055,CC#CC(=O)Nc1cc(Nc2nccc(-c3cnc4c(C)cccn34)n2)c(OC)cc1N(C)CCN(C)C,9.03,IC50
CHEMBL5624580,C=CC(=O)Nc1cc(Nc2nccc(-c3cnc4c(C)cccn34)n2)c(OC)cc1N(C)C1CCCN(C)C1,8.75,IC50
CHEMBL5630498,C=CC(=O)Nc1cc(Nc2nccc(-c3ncn4c(C)cccc34)n2)c(OC)cc1N(C)CCN(C)C,7.65,IC50
CHEMBL5630714,C=CC(=O)Nc1cc(Nc2nccc(-c3cnc4c(C)cccn34)n2)c(OC)cc1N(C)CCN1CCOCC1,8.8,IC50
CHEMBL5632719,O=C(Nc1ccc(-c2ccc3c(=O)[nH]cnc3c2)cc1)Nc1ccc(F)c(F)c1,7.0,IC50
CHEMBL5633067,COCCOc1cc2ncnc(Nc3cccc(OS(=O)(=O)F)c3)c2cc1OCCOC,9.72,IC50
CHEMBL5631951,COCCOc1cc2ncnc(Nc3cccc(S(=O)(=O)F)c3)c2cc1OCCOC,7.43,IC50
CHEMBL5631574,COCCOc1cc2ncnc(Nc3cc(Br)cc(OS(C)(=O)=O)c3)c2cc1OCCOC,7.87,IC50
CHEMBL5632632,COCCOc1cc2ncnc(Nc3cccc(O)c3)c2cc1OCCOC,7.81,IC50
CHEMBL5631426,COCCOc1cc2ncnc(Nc3cccc(C=O)c3)c2cc1OCCOC,7.46,IC50
CHEMBL5633818,COCCOc1cc2ncnc(Nc3ccc(C=O)c(O)c3)c2cc1OCCOC,7.44,IC50
CHEMBL5631269,COCCOc1cc2ncnc(Nc3cc(Cl)cc(OS(=O)(=O)F)c3)c2cc1OCCOC,7.26,IC50
CHEMBL5633094,COCCOc1cc2ncnc(Nc3ccc(F)c(OS(=O)(=O)F)c3)c2cc1OCCOC,7.01,IC50
CHEMBL5631610,N#Cc1c(-c2ccc(Cl)cc2Cl)cc(-c2c[nH]c3ccccc23)[nH]c1=O,7.16,IC50
CHEMBL5200160,c1ccc(COc2ccc(Nc3ncnc4[nH]ccc34)cc2)cc1,7.06,KD
CHEMBL5632436,Cn1nccc1-c1cc2c(Nc3ccc(OCc4ccccc4)cc3)ncnc2[nH]1,7.16,IC50
CHEMBL5641539,CN1CCN(c2ccc(Nc3nc(Nc4ccccc4N(C)S(C)(=O)=O)c4cc[nH]c4n3)cc2F)CC1,8.4,IC50
CHEMBL5641915,CCN1CCN(c2ccc(Nc3nc(Nc4ccccc4N(C)S(C)(=O)=O)c4cc[nH]c4n3)cc2F)CC1,8.04,IC50
CHEMBL5646626,CN1CCN(C2CCN(c3ccc(Nc4nc(Nc5ccccc5N(C)S(C)(=O)=O)c5cc[nH]c5n4)cc3F)CC2)CC1,8.4,IC50
CHEMBL5646609,CCN1CCN(C2CCN(c3ccc(Nc4nc(Nc5ccccc5N(C)S(C)(=O)=O)c5cc[nH]c5n4)cc3F)CC2)CC1,8.38,IC50
CHEMBL5589715,CN(C)C1CCN(c2ccc(Nc3nccc(-c4cn(C)c5ccccc45)n3)cc2NS(C)(=O)=O)CC1,7.75,IC50
CHEMBL5647150,C=Cc1ccnc(Oc2cc3c(Nc4cccc(Cl)c4F)ncnc3cc2OC)c1,9.3,IC50
CHEMBL5639556,C=Cc1cccc(Oc2cc3c(Nc4cccc(Cl)c4F)ncnc3cc2OC)n1,9.4,IC50
CHEMBL5647295,C=Cc1cc(Oc2cc3c(Nc4cccc(Cl)c4F)ncnc3cc2OC)ccn1,9.2,IC50
CHEMBL5647479,C/C=C/c1cc(Oc2cc3c(Nc4cccc(Cl)c4F)ncnc3cc2OC)ccn1,9.5,IC50
CHEMBL5647083,C=C(C)c1cc(Oc2cc3c(Nc4cccc(Cl)c4F)ncnc3cc2OC)ccn1,9.3,IC50
CHEMBL5646414,COc1cc2ncnc(Nc3cccc(Cl)c3F)c2cc1Oc1ccnc(C=C(C)C)c1,9.3,IC50
CHEMBL5641648,COC/C=C/c1cc(Oc2cc3c(Nc4cccc(Cl)c4F)ncnc3cc2OC)ccn1,9.4,IC50
CHEMBL5641888,COc1cc2ncnc(Nc3cccc(Cl)c3F)c2cc1Oc1ccnc(/C=C/CN2CCOCC2)c1,9.4,IC50
CHEMBL5646965,COc1cc2ncnc(Nc3cccc(Cl)c3F)c2cc1Oc1ccnc(/C=C/CN(C)C)c1,9.6,IC50
CHEMBL3752910,Cc1ccc(C(=O)Nc2cccc(C(F)(F)F)c2)cc1Nc1nc(-c2cccnc2)nc2c1cnn2C,7.04,KD
CHEMBL5665391,COc1cc2ncc(C#N)c(Nc3ccc(OCc4ccccn4)c(Cl)c3)c2cc1NC(=O)/C=C/CN(C)C,8.52,IC50
CHEMBL1947204,C=CC(=O)Nc1ccc2ncnc(Nc3ccc(OCc4cccc(F)c4)c(Cl)c3)c2c1,9.3,IC50
CHEMBL3545360,COc1cc(N2CCC(N3CCN(C)CC3)CC2)ccc1Nc1ncnc(Nc2ccccc2S(=O)(=O)C(C)C)n1,7.07,IC50
CHEMBL5712062,C[C@H]1Oc2cc(cnc2N)-c2c(nn(C)c2C#N)CN(C)C(=O)C2C=CC(F)=CC21,7.25,IC50
CHEMBL6001690,C=CC(=O)N1CCC[C@@H](n2nc(-c3ccc(Oc4ccc(F)cc4)cc3)c3c(N)ncnc32)C1,7.27,KD
CHEMBL5833546,C=CC(=O)N1CCC[C@@H](n2nc(-c3ccc(Oc4ccccc4)c(Cl)c3)c3c(N)ncnc32)C1,8.2,KD
CHEMBL2437487,C=CC(=O)Nc1ccc(-n2c(=O)cnc3cnc(Nc4ccccc4)nc32)cc1,7.8,IC50
CHEMBL5875012,CCN1CCN(Cc2ccc(C(=O)N[C@@H]3[C@H]4Oc5ccc(Oc6ccnc7c6CCC(=O)N7)cc5[C@@H]34)cc2C(F)(F)F)CC1,10.0,IC50
CHEMBL5952854,CN1CCN(Cc2ccc(C(=O)N[C@@H]3[C@H]4Oc5ccc(Oc6ccnc7c6CCC(=O)N7)cc5[C@@H]34)cc2C(F)(F)F)CC1,10.1,IC50
CHEMBL5832090,CCN1CCN(Cc2ccc(C(=O)N[C@@H]3[C@H]4Oc5ccc(Oc6ccnc7c6CCC(=O)N7)cc5[C@@H]34)cc2F)CC1,9.34,IC50
CHEMBL5872606,CCN1CCN(Cc2cc(C(=O)N[C@@H]3[C@H]4Oc5ccc(Oc6ccnc7c6CCC(=O)N7)cc5[C@@H]34)cc(C(F)(F)F)c2)CC1,9.0,IC50
CHEMBL5885846,CCN1CCN(Cc2cc(F)cc(C(=O)N[C@@H]3[C@H]4Oc5ccc(Oc6ccnc7c6CCC(=O)N7)cc5[C@@H]34)c2)CC1,8.54,IC50
CHEMBL5954442,O=C1CCc2c(Oc3ccc4c(c3)[C@H]3[C@H](NC(=O)c5ccc(CN6CCOCC6)c(C(F)(F)F)c5)[C@H]3O4)ccnc2N1,8.01,IC50
CHEMBL5814661,O=C1CCc2c(Oc3ccc4c(c3)[C@H]3[C@H](NC(=O)c5ccc(CN6CCCCC6)c(C(F)(F)F)c5)[C@H]3O4)ccnc2N1,7.16,IC50
CHEMBL5816591,CN(C)[C@H]1CCN(Cc2ccc(C(=O)N[C@@H]3[C@H]4Oc5ccc(Oc6ccnc7c6CCC(=O)N7)cc5[C@@H]34)cc2C(F)(F)F)C1,9.52,IC50
CHEMBL6032856,CN(C)[C@@H]1CCN(Cc2ccc(C(=O)N[C@@H]3[C@H]4Oc5ccc(Oc6ccnc7c6CCC(=O)N7)cc5[C@@H]34)cc2C(F)(F)F)C1,9.17,IC50
CHEMBL5809744,CN1CCN(Cc2ccc(C(=O)N[C@@H]3[C@H]4Oc5ccc(Oc6ccnc7c6CCC(=O)N7)cc5[C@@H]34)cc2)CC1,9.24,IC50
CHEMBL5971901,O=C1CCc2c(Oc3ccc4c(c3)[C@H]3[C@H](NC(=O)c5ccc(CN6CCN7CCC[C@@H]7C6)c(C(F)(F)F)c5)[C@H]3O4)ccnc2N1,9.8,IC50
CHEMBL5981661,C[C@@H]1CN(Cc2ccc(C(=O)N[C@@H]3[C@H]4Oc5ccc(Oc6ccnc7c6CCC(=O)N7)cc5[C@@H]34)cc2C(F)(F)F)C[C@H](C)O1,7.96,IC50
CHEMBL5746879,O=C1CCc2c(Oc3ccc4c(c3)[C@H]3[C@H](NC(=O)c5ccc(CN6CCn7c(nnc7C(F)(F)F)C6)c(C(F)(F)F)c5)[C@H]3O4)ccnc2N1,8.48,IC50
CHEMBL5998662,O=C1CCc2c(Oc3ccc4c(c3)[C@H]3[C@H](NC(=O)c5ccc(CN6CCC[C@H](O)C6)c(C(F)(F)F)c5)[C@H]3O4)ccnc2N1,8.36,IC50
CHEMBL6026192,O=C1CCc2c(Oc3ccc4c(c3)[C@H]3[C@H](NC(=O)c5ccc(CN6CCC[C@@H](O)C6)c(C(F)(F)F)c5)[C@H]3O4)ccnc2N1,8.38,IC50
CHEMBL5862436,O=C1CCc2c(Oc3ccc4c(c3)[C@H]3[C@H](NC(=O)c5ccc(CN6CCN(CCO)CC6)c(C(F)(F)F)c5)[C@H]3O4)ccnc2N1,9.59,IC50
CHEMBL5870222,CCN1CCN(Cc2ccc(C(=O)N[C@@H]3[C@H]4Oc5ccc(Oc6ccnc7c6CCC(=O)N7)cc5[C@@H]34)cc2Cl)CC1,9.19,IC50
CHEMBL5806557,CCN1CCN(Cc2ccc(C(=O)N[C@@H]3[C@H]4Oc5ccc(Oc6ccnc7c6CCC(=O)N7)cc5[C@@H]34)cc2Br)CC1,9.57,IC50
CHEMBL5952823,CN(C)C1CCN(Cc2ccc(C(=O)N[C@@H]3[C@H]4Oc5ccc(Oc6ccnc7c6CCC(=O)N7)cc5[C@@H]34)cc2C(F)(F)F)CC1,9.57,IC50
CHEMBL6033024,CN1CCN(Cc2ccc(C(=O)N[C@@H]3[C@H]4Oc5ccc(Oc6ccnc7c6CCC(=O)N7)cc5[C@@H]34)cc2F)CC1,9.55,IC50
CHEMBL5746876,CN1CCN(Cc2ccc(C(=O)N[C@@H]3[C@H]4Oc5ccc(Oc6ccnc7c6CCC(=O)N7)cc5[C@@H]34)cc2Cl)CC1,9.64,IC50
CHEMBL5934098,CN1CCN(Cc2ccc(C(=O)N[C@@H]3[C@H]4Oc5ccc(Oc6ccnc7c6CCC(=O)N7)cc5[C@@H]34)cc2Br)CC1,9.62,IC50
CHEMBL5858630,CN(C)Cc1ccc(C(=O)N[C@@H]2[C@H]3Oc4ccc(Oc5ccnc6c5CCC(=O)N6)cc4[C@@H]23)cc1C(F)(F)F,8.92,IC50
CHEMBL5896727,CC(C)(N)c1cc(C(=O)N[C@@H]2[C@H]3Oc4ccc(Oc5ccnc6c5CCC(=O)N6)cc4[C@@H]23)cc(C(F)(F)F)c1,9.82,IC50
CHEMBL5915854,NC1(c2cc(C(=O)N[C@@H]3[C@H]4Oc5ccc(Oc6ccnc7c6CCC(=O)N7)cc5[C@@H]34)cc(C(F)(F)F)c2)CC1,8.89,IC50
CHEMBL5786132,O=C1CCc2c(Oc3ccc4c(c3)[C@H]3[C@H](NC(=O)c5ccc(CN6CCNCC6)c(C(F)(F)F)c5)[C@H]3O4)ccnc2N1,9.51,IC50
CHEMBL5773114,C[C@H]1CN(Cc2ccc(C(=O)N[C@@H]3[C@H]4Oc5ccc(Oc6ccnc7c6CCC(=O)N7)cc5[C@@H]34)cc2C(F)(F)F)CCN1,9.85,IC50
CHEMBL5755291,C[C@@H]1CN(Cc2ccc(C(=O)N[C@@H]3[C@H]4Oc5ccc(Oc6ccnc7c6CCC(=O)N7)cc5[C@@H]34)cc2C(F)(F)F)CCN1,9.34,IC50
CHEMBL5893218,CN(C)[C@@H]1CCCN(Cc2ccc(C(=O)N[C@@H]3[C@H]4Oc5ccc(Oc6ccnc7c6CCC(=O)N7)cc5[C@@H]34)cc2C(F)(F)F)C1,9.36,IC50
CHEMBL5856814,CN(C)[C@@H]1CN(Cc2ccc(C(=O)N[C@@H]3[C@H]4Oc5ccc(Oc6ccnc7c6CCC(=O)N7)cc5[C@@H]34)cc2C(F)(F)F)CCN1,9.33,IC50
CHEMBL6039541,O=C1CCc2c(Oc3ccc4c(c3)[C@H]3[C@H](NC(=O)c5cccc(C(F)(F)F)c5)[C@H]3O4)ccnc2N1,8.01,IC50
CHEMBL6014278,O=C1CCc2c(Oc3ccc4c(c3)[C@H]3[C@H](NC(=O)c5ccc(F)cc5)[C@H]3O4)ccnc2N1,7.22,IC50
CHEMBL5872048,O=C1CCc2c(Oc3ccc4c(c3)[C@H]3[C@H](NC(=O)c5ccccc5F)[C@H]3O4)ccnc2N1,7.1,IC50
CHEMBL5962642,O=C1CCc2c(Oc3ccc4c(c3)[C@H]3[C@H](NC(=O)c5cccc(F)c5)[C@H]3O4)ccnc2N1,7.52,IC50
CHEMBL5875973,O=C1CCc2c(Oc3ccc4c(c3)[C@H]3[C@H](NC(=O)c5ccc(C(F)(F)F)cc5)[C@H]3O4)ccnc2N1,7.92,IC50
CHEMBL5983026,O=C1CCc2c(Oc3ccc4c(c3)[C@H]3[C@H](NC(=O)c5ccc(F)c(F)c5)[C@H]3O4)ccnc2N1,7.54,IC50
CHEMBL5903269,O=C1CCc2c(Oc3ccc4c(c3)[C@H]3[C@H](NC(=O)c5ccc(C(F)(F)F)c(F)c5)[C@H]3O4)ccnc2N1,8.28,IC50
CHEMBL5862522,CC(C)(C#N)c1cccc(C(=O)N[C@@H]2[C@H]3Oc4ccc(Oc5ccnc6c5CCC(=O)N6)cc4[C@@H]23)c1,7.96,IC50
CHEMBL5770880,O=C1CCc2c(Oc3ccc4c(c3)[C@H]3[C@H](NC(=O)c5ccccc5C(F)(F)F)[C@H]3O4)ccnc2N1,7.2,IC50
CHEMBL5976386,O=C1CCc2c(Oc3ccc4c(c3)[C@H]3[C@H](NC(=O)c5cc(C(F)(F)F)ccn5)[C@H]3O4)ccnc2N1,8.27,IC50
CHEMBL6031887,N#CC1(c2cccc(C(=O)N[C@@H]3[C@H]4Oc5ccc(Oc6ccnc7c6CCC(=O)N7)cc5[C@@H]34)c2)CC1,7.28,IC50
CHEMBL6056244,CN(C)[C@H]1CCCN(c2ccc(C(=O)N[C@@H]3[C@H]4Oc5ccc(Oc6ccnc7c6CCC(=O)N7)cc5[C@@H]34)cc2C(F)(F)F)C1,9.41,IC50
CHEMBL6046965,CN(C)[C@@H]1CCCN(c2ccc(C(=O)N[C@@H]3[C@H]4Oc5ccc(Oc6ccnc7c6CCC(=O)N7)cc5[C@@H]34)cc2C(F)(F)F)C1,9.04,IC50
CHEMBL6025187,CN1CCN(c2ccc(C(=O)N[C@@H]3[C@H]4Oc5ccc(Oc6ccnc7c6CCC(=O)N7)cc5[C@@H]34)cc2C(F)(F)F)CC1,8.34,IC50
CHEMBL5873702,CCN1CCN(c2ccc(C(=O)N[C@@H]3[C@H]4Oc5ccc(Oc6ccnc7c6CCC(=O)N7)cc5[C@@H]34)cc2C(F)(F)F)CC1,8.2,IC50
CHEMBL5805459,CN1CCC(Oc2ccc(C(=O)N[C@@H]3[C@H]4Oc5ccc(Oc6ccnc7c6CCC(=O)N7)cc5[C@@H]34)cc2C(F)(F)F)CC1,9.68,IC50
CHEMBL5976230,CN1CCN(CCOc2ccc(C(=O)N[C@@H]3[C@H]4Oc5ccc(Oc6ccnc7c6CCC(=O)N7)cc5[C@@H]34)cc2C(F)(F)F)CC1,8.02,IC50
CHEMBL5873136,O=C(/C=C/c1cccc(C(F)(F)F)c1)N[C@@H]1[C@H]2Oc3ccc(Oc4ccnc5c4CCC(=O)N5)cc3[C@@H]12,7.17,IC50
CHEMBL5950429,CCN1CCN(Cc2ccc(C(=O)NC3C4Oc5c(C)cc(Oc6ccnc7c6CCC(=O)N7)cc5C34)cc2C(F)(F)F)CC1,9.46,IC50
CHEMBL5857682,CN1CCN(Cc2ccc(C(=O)NC3C4Oc5ccc(Oc6ccnc7c6CCC(=O)N7)cc5C34)cc2C(F)(F)F)CC1,9.4,IC50
CHEMBL5845171,CCN1CCN(Cc2ccc(C(=O)N[C@@H]3[C@H]4Oc5ccc(Oc6ccnc7c6CCC(=O)N7)cc5[C@@H]34)cc2C)CC1,9.3,IC50
CHEMBL5863733,Cc1cc(C(=O)N[C@@H]2[C@H]3Oc4ccc(Oc5ccnc6c5CCC(=O)N6)cc4[C@@H]23)ccc1CN1CCN(C)CC1,9.51,IC50
CHEMBL5945719,Cc1cc(C(=O)N[C@@H]2[C@H]3Oc4ccc(Oc5ccnc6c5CCC(=O)N6)cc4[C@@H]23)ccc1CO,8.32,IC50
CHEMBL5836093,O=C1CCc2c(Oc3ccc4c(c3)[C@H]3[C@H](NC(=O)c5ccnc(C(F)(F)F)c5)[C@H]3O4)ccnc2N1,7.12,IC50
CHEMBL6019942,O=C1CCc2c(Oc3ccc4c(c3)[C@H]3[C@H](NC(=O)c5cncc(C(F)(F)F)c5)[C@H]3O4)ccnc2N1,7.55,IC50
CHEMBL5779745,CC1CN(Cc2ccc(C(=O)N[C@@H]3[C@H]4Oc5ccc(Oc6ccnc7c6CCC(=O)N7)cc5[C@@H]34)cc2C(F)(F)F)CC(C)N1C(=O)OC(C)(C)C,8.96,IC50
CHEMBL5900941,CN(C)Cc1cc(C(=O)N[C@@H]2[C@H]3Oc4ccc(Oc5ccnc6c5CCC(=O)N6)cc4[C@@H]23)cc(C(F)(F)F)c1,8.03,IC50
CHEMBL6000502,CCCCCCC(=O)N[C@@H]1[C@H]2Oc3ccc(Oc4ccnc5c4CCC(=O)N5)cc3[C@@H]12,7.15,IC50
CHEMBL5914847,CN(C)C1CCN(c2ccc(C(=O)N[C@@H]3[C@H]4Oc5ccc(Oc6ccnc7c6CCC(=O)N7)cc5[C@@H]34)cc2C(F)(F)F)CC1,8.68,IC50
CHEMBL5987223,COc1cc(C(=O)N[C@@H]2[C@H]3Oc4ccc(Oc5ccnc6c5CCC(=O)N6)cc4[C@@H]23)ccc1CN1CCN(C)CC1,9.0,IC50
CHEMBL6053635,CCN1CCN(Cc2ccc(C(=O)N[C@@H]3[C@H]4Oc5ccc(Oc6ccnc7c6CCC(=O)N7)cc5[C@@H]34)cc2OC)CC1,9.04,IC50
CHEMBL5840248,CCN1CCC(Cc2ccc(C(=O)N[C@@H]3[C@H]4Oc5ccc(Oc6ccnc7c6CCC(=O)N7)cc5[C@@H]34)cc2C(F)(F)F)CC1,9.77,IC50
CHEMBL5897419,CCN1CCC(=Cc2ccc(C(=O)N[C@@H]3[C@H]4Oc5ccc(Oc6ccnc7c6CCC(=O)N7)cc5[C@@H]34)cc2C(F)(F)F)CC1,9.74,IC50
CHEMBL6039588,O=C1CCc2c(Oc3ccc4c(c3)[C@H]3[C@H](NC(=O)c5ccc(CO)c(C(F)(F)F)c5)[C@H]3O4)ccnc2N1,8.38,IC50
CHEMBL5895307,CN1C(C)(C)CC(Oc2ccc(C(=O)N[C@@H]3[C@H]4Oc5ccc(Oc6ccnc7c6CCC(=O)N7)cc5[C@@H]34)cc2C(F)(F)F)CC1(C)C,8.02,IC50
CHEMBL5798869,CCN1CCN(Cc2ccc(C(=O)N[C@@H]3[C@H]4Oc5ccc(Oc6ccnc7c6CCC(=O)N7)cc5[C@@H]34)cc2OC(F)(F)F)CC1,9.1,IC50
CHEMBL5902796,CCN1CCN(Cc2ccc(C(=O)N[C@@H]3[C@H]4Oc5ccc(Oc6ccnc7c6COC(=O)N7)cc5[C@@H]34)cc2C(F)(F)F)CC1,9.6,IC50
CHEMBL6029891,CN1CCN(Cc2ccc(C(=O)N[C@@H]3[C@H]4Oc5ccc(Oc6ccnc7c6COC(=O)N7)cc5[C@@H]34)cc2C(F)(F)F)CC1,9.54,IC50
CHEMBL5817477,CCN1CCN(Cc2ccc(C(=O)N[C@@H]3[C@H]4Oc5ccc(Oc6ccnc(C(=O)NC)c6)cc5[C@@H]34)cc2C(F)(F)F)CC1,8.33,IC50
CHEMBL5808072,CNC(=O)c1cc(Oc2ccc3c(c2)[C@H]2[C@H](NC(=O)c4ccc(CN5CCN(C)CC5)c(C(F)(F)F)c4)[C@H]2O3)ccn1,8.39,IC50
CHEMBL5834453,CCN1CCN(Cc2ccc(C(=O)N[C@@H]3[C@H]4Oc5ccc(Oc6ccnc(N)c6)cc5[C@@H]34)cc2C(F)(F)F)CC1,9.33,IC50
CHEMBL5957231,CCN1CCN(Cc2ccc(C(=O)N[C@@H]3[C@H]4Oc5ccc(Oc6ccnc7c6CNC(=O)N7)cc5[C@@H]34)cc2C(F)(F)F)CC1,10.12,IC50
CHEMBL5972309,CN1CCN(Cc2ccc(C(=O)N[C@@H]3[C@H]4Oc5ccc(Oc6ccnc7c6CNC(=O)N7)cc5[C@@H]34)cc2C(F)(F)F)CC1,10.08,IC50
CHEMBL5871673,COc1cc2ncnc(Nc3ccc(F)c(Cl)c3)c2cc1NC(=O)/C=C/CN1C[C@@H]2OCCO[C@@H]2C1,8.49,IC50
CHEMBL6024052,COc1cc2ncnc(Nc3ccc(F)c(Cl)c3)c2cc1NC(=O)/C=C/CN1C[C@@H]2OCCO[C@H]2C1,8.37,IC50
CHEMBL5813773,CCOc1cc2ncnc(Nc3ccc(F)c(Cl)c3)c2cc1NC(=O)/C=C/CN1C[C@@H]2OCCO[C@@H]2C1,8.21,IC50
CHEMBL5982094,O=C(/C=C/CN1C[C@@H]2OCCO[C@@H]2C1)Nc1cc2c(Nc3ccc(F)c(Cl)c3)ncnc2cc1O[C@H]1CCOC1,8.44,IC50
CHEMBL6008376,COCCOc1cc2ncnc(Nc3ccc(F)c(Cl)c3)c2cc1NC(=O)/C=C/CN1C[C@@H]2OCCO[C@@H]2C1,8.74,IC50
CHEMBL5794110,O=C(/C=C/CN1C[C@@H]2OCCO[C@@H]2C1)Nc1cc2c(Nc3ccc(F)c(Cl)c3)ncnc2cc1OCC(F)(F)F,7.81,IC50
CHEMBL5742380,O=C(/C=C/CN1C[C@@H]2OCCO[C@@H]2C1)Nc1ccc2ncnc(Nc3ccc(OCc4cccc(F)c4)c(Cl)c3)c2c1,7.82,IC50
CHEMBL5789779,O=C(/C=C/CN1C[C@@H]2OCCO[C@@H]2C1)Nc1ccc2ncnc(Nc3ccc(OCc4ccccn4)c(Cl)c3)c2c1,7.66,IC50
CHEMBL5908256,COc1cc2ncnc(Nc3ccc(OCc4ccccn4)c(Cl)c3)c2cc1NC(=O)/C=C/CN1C[C@@H]2OCCO[C@@H]2C1,8.07,IC50
CHEMBL5838668,CCOc1cc2ncnc(Nc3ccc(OCc4ccccn4)c(Cl)c3)c2cc1NC(=O)/C=C/CN1C[C@@H]2OCCO[C@@H]2C1,8.38,IC50
CHEMBL5979907,O=C(/C=C/CN1C[C@@H]2OCCO[C@@H]2C1)Nc1cc2c(Nc3ccc(OCc4ccccn4)c(Cl)c3)ncnc2cc1O[C@H]1CCOC1,8.23,IC50
CHEMBL5908548,O=C(/C=C/CN1C[C@@H]2OCCO[C@@H]2C1)Nc1ccc2ncnc(Nc3ccc4c(cnn4Cc4cccc(F)c4)c3)c2c1,7.85,IC50
CHEMBL5752228,COc1cc2ncnc(Nc3ccc4c(cnn4Cc4cccc(F)c4)c3)c2cc1NC(=O)/C=C/CN1C[C@@H]2OCCO[C@@H]2C1,8.1,IC50
CHEMBL5769203,CCOc1cc2ncnc(Nc3ccc4c(cnn4Cc4cccc(F)c4)c3)c2cc1NC(=O)/C=C/CN1C[C@@H]2OCCO[C@@H]2C1,7.84,IC50
CHEMBL6000037,COc1cc2ncnc(Nc3ccc(OCc4cccc(F)c4)c(Cl)c3)c2cc1NC(=O)/C=C/CN1C[C@@H]2OCCO[C@@H]2C1,7.65,IC50
CHEMBL5888474,CCOc1cc2ncnc(Nc3ccc(OCc4cccc(F)c4)c(Cl)c3)c2cc1NC(=O)/C=C/CN1C[C@@H]2OCCO[C@@H]2C1,7.5,IC50
CHEMBL5839893,COc1cc2ncnc(Nc3ccc(Cl)c(Cl)c3F)c2cc1NC(=O)/C=C/CN1C[C@@H]2OCCO[C@@H]2C1,8.68,IC50
CHEMBL5937987,CCOc1cc2ncnc(Nc3ccc(Cl)c(Cl)c3F)c2cc1NC(=O)/C=C/CN1C[C@@H]2OCCO[C@@H]2C1,8.92,IC50
CHEMBL5944794,COCCOc1cc2ncnc(Nc3ccc(Cl)c(Cl)c3F)c2cc1NC(=O)/C=C/CN1C[C@@H]2OCCO[C@@H]2C1,8.82,IC50
CHEMBL6056552,O=C(/C=C/CN1C[C@@H]2OCCO[C@@H]2C1)Nc1cc2c(Nc3ccc(Cl)c(Cl)c3F)ncnc2cc1O[C@H]1CCOC1,8.48,IC50
CHEMBL5952264,COc1cc2ncnc(Nc3ccc(F)c(Cl)c3F)c2cc1NC(=O)/C=C/CN1C[C@@H]2OCCO[C@@H]2C1,9.05,IC50
CHEMBL5999223,COc1cc2ncnc(Nc3ccc(F)c(Cl)c3)c2cc1NC(=O)/C=C/CN1CCC1CO,8.64,IC50
CHEMBL5742327,COC[C@H]1CCN1C/C=C/C(=O)Nc1cc2c(Nc3ccc(F)c(Cl)c3)ncnc2cc1OC,8.8,IC50
CHEMBL6064874,COC[C@@H]1CCN1C/C=C/C(=O)Nc1cc2c(Nc3ccc(F)c(Cl)c3)ncnc2cc1OC,7.67,IC50
CHEMBL6050073,CCOc1cc2ncnc(Nc3ccc(F)c(Cl)c3)c2cc1NC(=O)/C=C/CN1CC[C@@H]1COC,8.7,IC50
CHEMBL5794459,CCOc1cc2ncnc(Nc3ccc(F)c(Cl)c3)c2cc1NC(=O)/C=C/CN1CC[C@H]1COC,8.11,IC50
CHEMBL5890119,COCCOc1cc2ncnc(Nc3ccc(F)c(Cl)c3)c2cc1NC(=O)/C=C/CN1CC[C@@H]1COC,8.85,IC50
CHEMBL5998236,COCCOc1cc2ncnc(Nc3ccc(F)c(Cl)c3)c2cc1NC(=O)/C=C/CN1CC[C@H]1COC,8.24,IC50
CHEMBL5760776,O=C(/C=C/CN1CCC1CO)Nc1cc2c(Nc3ccc(F)c(Cl)c3)ncnc2cc1OCC1CC1,8.02,IC50
CHEMBL5795026,COC[C@H]1CCN1C/C=C/C(=O)Nc1cc2c(Nc3ccc(F)c(Cl)c3)ncnc2cc1OCC1CC1,8.18,IC50
CHEMBL6030420,COC[C@@H]1CCN1C/C=C/C(=O)Nc1cc2c(Nc3ccc(F)c(Cl)c3)ncnc2cc1OCC1CC1,7.66,IC50
CHEMBL6020835,O=C(/C=C/CN1CCC1CO)Nc1cc2c(Nc3ccc(F)c(Cl)c3)ncnc2cc1O[C@H]1CCOC1,8.41,IC50
CHEMBL5753139,COCC1CCN1C/C=C/C(=O)Nc1cc2c(Nc3ccc(F)c(Cl)c3)ncnc2cc1O[C@H]1CCOC1,8.54,IC50
CHEMBL5791987,O=C(/C=C/CN1CCC1CO)Nc1cc2c(Nc3ccc(F)c(Cl)c3)ncnc2cc1OC[C@H]1COCCO1,8.57,IC50
CHEMBL5770169,COC[C@H]1CCN1C/C=C/C(=O)Nc1cc2c(Nc3ccc(F)c(Cl)c3)ncnc2cc1OC[C@H]1COCCO1,8.54,IC50
CHEMBL5798764,COC[C@@H]1CCN1C/C=C/C(=O)Nc1cc2c(Nc3ccc(F)c(Cl)c3)ncnc2cc1OC[C@H]1COCCO1,7.6,IC50
CHEMBL5890488,O=C(/C=C/CN1CCC1CO)Nc1cc2c(Nc3ccc(F)c(Cl)c3)ncnc2cc1OC[C@@H]1COCCO1,7.76,IC50
CHEMBL5857553,COCC1CCN1C/C=C/C(=O)Nc1cc2c(Nc3ccc(F)c(Cl)c3)ncnc2cc1OC[C@@H]1COCCO1,8.32,IC50
CHEMBL5938912,O=C(/C=C/CN1CCC1CO)Nc1cc2c(Nc3ccc(F)c(Cl)c3)ncnc2cc1OC[C@H]1[C@@H]2COC[C@@H]21,7.97,IC50
CHEMBL5806322,COC[C@H]1CCN1C/C=C/C(=O)Nc1cc2c(Nc3ccc(F)c(Cl)c3)ncnc2cc1OC[C@H]1[C@@H]2COC[C@@H]21,8.54,IC50
CHEMBL5981673,COC[C@@H]1CCN1C/C=C/C(=O)Nc1cc2c(Nc3ccc(F)c(Cl)c3)ncnc2cc1OC[C@H]1[C@@H]2COC[C@@H]21,7.65,IC50
CHEMBL5903567,COc1cc(N2CCC(N(C)C)CC2)ccc1Nc1ncc(Cl)c(Nc2ccccc2C(=O)C(N)=O)n1,8.39,IC50
CHEMBL5871879,COc1cc(Nc2ncc(Cl)c(Nc3ccccc3C(=O)C(=O)N(C)C)n2)ccc1N1CCN(C)CC1,7.64,IC50
CHEMBL5847006,C=CC(=O)Nc1ccc(OC)c(Nc2ncc(Cl)c(Nc3ccccc3C(=O)C(=O)N(C)C)n2)c1,7.82,IC50
CHEMBL5951162,CN(C)C(=O)C(=O)c1ccccc1Nc1cc(Cl)ccc1Cl,7.8,IC50
CHEMBL5964556,C=CC(=O)N1CCOc2ccc(Nc3ncc(Cl)c(Nc4ccccc4C(=O)C(=O)N(C)C)n3)cc21,7.83,IC50
CHEMBL6013504,C=CC(=O)Nc1cc(Nc2ncc(Cl)c(Nc3ccccc3C(=O)C(=O)N(C)C)n2)ccc1OCCN(C)C,7.93,IC50
CHEMBL5857101,COc1cc(Nc2ncc(Cl)c(Nc3ccccc3C(=O)C(=O)N(C)C)n2)ccc1N1CCC(N(C)C)CC1,8.31,IC50
CHEMBL5929024,CC(C)(C)CNc1ncnc2ccc(NC(c3ccc(F)cc3)c3cn(C4CC4)nn3)cc12,8.3,IC50
CHEMBL6041434,CC(C)(C)CNc1ncnc2ccc(N[C@@H](c3ccc(F)cc3)c3cn(C4CC4)nn3)cc12,8.11,IC50
CHEMBL5832966,CC1(CNc2ncnc3ccc(NC(c4ccc(F)cc4)c4cn(C5CC5)nn4)cc23)CCOCC1,7.96,IC50
CHEMBL5777984,CC[C@@H](Nc1ncnc2ccc(NC(c3ccc(F)cc3)c3cn(C4CC4)nn3)cc12)c1ccccc1,7.37,IC50
CHEMBL5872595,N#CCC(Nc1ncnc2ccc(NC(c3ccc(F)cc3)c3cn(C4CC4)nn3)cc12)c1ccccc1,7.28,IC50
CHEMBL6013902,CC(C)(C)CNc1ncnc2ccc(NC(c3cccc(C#N)c3)c3cn(C4CC4)nn3)cc12,8.59,IC50
CHEMBL6045905,CC(C)(C)CNc1ncnc2ccc(N[C@H](c3cn(C4CC4)nn3)c3ccccc3Cl)cc12,7.89,IC50
CHEMBL5950594,CC(C)(C)CNc1ncnc2c(Cl)cc(NC(c3cn(C4CC4)nn3)c3ccccc3Cl)cc12,8.32,IC50
CHEMBL5752067,CC(C)(C)CNc1ncnc2c(Cl)cc(NC(c3cn(CC(=O)O)nn3)c3ccccc3Cl)cc12,7.89,IC50
CHEMBL6034088,N#CCC[C@@H](Nc1ncnc2c(Cl)cc(NC(c3ccc(F)cc3)c3cn(C4CC4)nn3)cc12)c1ccccc1,7.34,IC50
CHEMBL5771679,CC(C)(C)CNc1ncnc2c(Cl)cc(NC(c3ccc(F)cc3)c3cn(C4(C(F)(F)F)CC4)nn3)cc12,8.0,IC50
CHEMBL5982062,CC(C)(C)CNc1ncnc2c(C#N)cc(NC(c3ccc(F)cc3)c3cn(C4CC4)nn3)cc12,8.68,IC50
CHEMBL5934619,CC(C)(C)CNc1ncnc2c(Br)cc(NC(c3ccc(F)cc3)c3cn(C4CC4)nn3)cc12,8.59,IC50
CHEMBL5980501,CC(C)(C)CNc1ncnc2c(Cl)cc(NC(c3ccc(F)cc3)c3cn(C4(CF)CC4)nn3)cc12,8.51,IC50
CHEMBL5898294,CC(C)(C)CNc1ncnc2c(C#N)cc(N[C@H](c3cn(C4(C(F)(F)F)CC4)nn3)c3cccc4ncsc34)cc12,8.48,IC50
CHEMBL5922699,CC(C)(C)CNc1ncnc2c(Br)cc(N[C@H](c3cn(C4(C(F)(F)F)CC4)nn3)c3cccc4ncsc34)cc12,8.1,IC50
CHEMBL5780873,CC(C)(C)CNc1ncnc2c(C#N)cc(NC(c3cn(C4CC4)nn3)c3ccccc3Cl)cc12,8.62,IC50
CHEMBL5964366,CC(C)(C)CNc1ncnc2c(C#N)cc(NC(c3cn(C4(C#N)CC4)nn3)c3ccccc3Cl)cc12,8.48,IC50
CHEMBL5985406,Cc1nc(F)ccc1[C@H](Nc1cc(Cl)c2ncnc(NCC(C)(C)C)c2c1)c1cn(C2(C(F)F)CC2)nn1,8.72,IC50
CHEMBL5979002,Cc1nc(F)ccc1[C@H](Nc1cc(C#N)c2ncnc(NCC(C)(C)C)c2c1)c1cn(C2(C(F)F)CC2)nn1,8.77,IC50
CHEMBL5846813,Cc1c(C#N)cccc1[C@H](Nc1cc(Cl)c2ncnc(NCC(C)(C)C)c2c1)c1cn(C2(C(F)F)CC2)nn1,8.8,IC50
CHEMBL5890663,Cn1ccc2c([C@H](Nc3cc(C#N)c4ncnc(NCC(C)(C)C)c4c3)c3cn(C4(C(F)F)CC4)nn3)cccc2c1=O,8.92,IC50
CHEMBL5843771,Cn1ccc2c([C@H](Nc3cc(Cl)c4ncnc(NCC(C)(C)C)c4c3)c3cn(C4(C(F)F)CC4)nn3)cccc2c1=O,8.62,IC50
CHEMBL5966165,Cn1ccc2c([C@H](Nc3cc(Cl)c4ncnc(NCC(C)(C)C)c4c3)c3cn(C45CC(C4)C5)nn3)cccc2c1=O,8.77,IC50
CHEMBL5895402,Fc1ccc(Nc2ncnc3c(Cl)cc(NC(c4ccccc4)c4cn(C5CCNCC5)nn4)cc23)cc1Cl,7.55,IC50
CHEMBL6014011,CCN1CCC(n2cc(C(Nc3cc(Cl)c4ncnc(Nc5ccc(F)c(Cl)c5)c4c3)c3ccccc3)nn2)CC1,7.72,IC50
CHEMBL5795375,CCN1CCC(n2cc([C@@H](Nc3cc(Cl)c4ncnc(Nc5ccc(F)c(Cl)c5)c4c3)c3ccccc3)nn2)CC1,8.23,IC50
CHEMBL5745601,CC(C)(C)N1CCC(n2cc([C@@H](Nc3ccc4ncnc(Nc5ccc(F)c(Cl)c5)c4c3)c3ccc(Cl)cc3)nn2)CC1,7.14,IC50
CHEMBL6018368,Fc1ccc(Nc2ncnc3ccc(N[C@@H](c4ccc(Cl)cc4)c4cn(C5CCNCC5)nn4)cc23)cc1Cl,7.31,IC50
CHEMBL5768440,Fc1ccc(Nc2ncnc3c(Cl)cc(N[C@@H](c4ccccc4)c4cn(C5CCNCC5)nn4)cc23)cc1Cl,8.08,IC50
CHEMBL5796746,CCN1CCC(n2cc([C@@H](Nc3cc(Cl)c4ncnc(Nc5ccc(F)c(Cl)c5)c4c3)c3ccc(Cl)cc3)nn2)CC1,7.77,IC50
CHEMBL6064756,Fc1ccc(C(Nc2ccc3ncnc(Nc4cnc(F)c(F)c4)c3c2)c2cn(C3CC3)nn2)cc1,7.13,IC50
CHEMBL5810016,C=CC(=O)Nc1cccc(Nc2nc(Nc3cccc(OC)c3OC)ncc2Br)c1,8.26,IC50
CHEMBL6016385,C=CC(=O)Nc1cccc(Oc2nc(Nc3cccc(OC)c3OC)ncc2Cl)c1,7.26,IC50
CHEMBL5949485,C=CC(=O)Nc1cc(Nc2ncc3ccc(-c4cnn(C)c4)n3n2)c(OC)cc1N(C)CCN(C)C,9.0,IC50
CHEMBL5893452,C=CC(=O)Nc1cc(Nc2ncc3ccc(-c4cnn(C)c4)n3n2)c(OC)cc1N1CCC(N(C)C)CC1,8.7,IC50
CHEMBL5868518,C=CC(=O)Nc1cc(Nc2ncc3ccc(-c4cnn(C)c4)n3n2)c(OC)cc1OCCN(C)C,9.0,IC50
CHEMBL6050550,C=CC(=O)Nc1cc(Nc2ncc3ccc(-c4cnn(C)c4)n3n2)c(OC)cc1N1CCN(C)CC1,8.7,IC50
CHEMBL5989430,C=CC(=O)Nc1cc(Nc2ncc3ccc(C4=CCCCC4)n3n2)c(OC)cc1N(C)CCN(C)C,8.52,IC50
CHEMBL6023885,C=CC(=O)Nc1cc(Nc2ncc3ccc(-c4cccnc4)n3n2)c(OC)cc1N(C)CCN(C)C,8.62,IC50
CHEMBL5784655,C=CC(=O)Nc1cc(Nc2ncc3ccc(-c4cnc5c(ccn5C)c4)n3n2)c(OC)cc1N(C)CCN(C)C,8.7,IC50
CHEMBL5741053,C=CC(=O)Nc1cc(Nc2ncc3ccc(C4CC4)n3n2)c(OC)cc1N(C)CCN(C)C,8.7,IC50
CHEMBL5825244,C=CC(=O)Nc1cc(Nc2ncc3ccc(C)n3n2)c(OC)cc1N(C)CCN(C)C,7.8,IC50
CHEMBL5929000,C=CC(=O)Nc1cc(Nc2ncc3ccc(-c4cnc5ccccc5c4)n3n2)c(OC)cc1N(C)CCN(C)C,9.0,IC50
CHEMBL5988665,C=CC(=O)Nc1cc(Nc2ncc3ccc(-c4ccccc4)n3n2)c(OC)cc1N(C)CCN(C)C,8.62,IC50
CHEMBL5763517,C=CC(=O)Nc1cc(Nc2ncc3ccc(-c4ccn(C)c4)n3n2)c(OC)cc1N(C)CCN(C)C,8.72,IC50
CHEMBL5743902,C=CC(=O)Nc1cc(Nc2ncc3ccc(-c4cnc5ccccc5c4)n3n2)c(OC)cc1N1CCC(N(C)C)CC1,8.3,IC50
CHEMBL5828371,C=CC(=O)Nc1cc(Nc2ncc3ccc(C)n3n2)c(OC)cc1N1CCC(N(C)C)CC1,8.05,IC50
CHEMBL5915322,C=CC(=O)Nc1cc(Nc2ncc3c(C)cc(-c4cnn(C)c4)n3n2)c(OC)cc1N(C)CCN(C)C,7.92,IC50
CHEMBL5950889,C=CC(=O)N1CCC[C@@H](n2nc(C(=O)Nc3nc4ccc(C#N)cc4o3)c3c(N)ncnc32)C1,7.48,IC50
CHEMBL5987547,C=CC(=O)N1CCC[C@@H](n2nc(C(=O)Nc3nc4cc(CCOC)ccc4o3)c3c(N)ncnc32)C1,7.64,IC50
CHEMBL5811320,C=CC(=O)N1CCC[C@@H](n2nc(C(=O)Nc3nc4ncccc4o3)c3c(N)ncnc32)C1,7.55,IC50
CHEMBL5900156,C=CC(=O)N1CCC[C@@H](n2nc(C(=O)Nc3nc4cc(F)ccc4o3)c3c(N)ncnc32)C1,7.08,IC50
CHEMBL6024312,C=CC(=O)N1CCC[C@@H](n2nc(C(=O)Nc3nc4ccccc4o3)c3c(N)ncnc32)C1,7.77,IC50
CHEMBL5805659,C=CC(=O)N1CC[C@@H](n2nc(C(=O)Nc3nc4cc(F)ccc4o3)c3c(N)ncnc32)C1,7.67,IC50
CHEMBL6002110,CN(C)C/C=C/C(=O)N1CC[C@@H](n2nc(C(=O)Nc3nc4cc(Cl)ccc4o3)c3c(N)ncnc32)C1,7.37,IC50
CHEMBL6052762,CCN(C)C/C=C/C(=O)N1CC[C@@H](n2nc(C(=O)Nc3nc4cc(Cl)ccc4o3)c3c(N)ncnc32)C1,7.36,IC50
CHEMBL5862301,CCN(CC)C/C=C/C(=O)N1CC[C@@H](n2nc(C(=O)Nc3nc4cc(Cl)ccc4o3)c3c(N)ncnc32)C1,7.1,IC50
CHEMBL5831823,CC(C)N(C)C/C=C/C(=O)N1CC[C@@H](n2nc(C(=O)Nc3nc4cc(Cl)ccc4o3)c3c(N)ncnc32)C1,7.46,IC50
CHEMBL5828421,Nc1ncnc2c1c(C(=O)Nc1nc3cc(Cl)ccc3o1)nn2[C@@H]1CCN(C(=O)/C=C/CN2CCCC2)C1,7.22,IC50
CHEMBL5899620,Nc1ncnc2c1c(C(=O)Nc1nc3cc(Cl)ccc3o1)nn2[C@@H]1CCN(C(=O)/C=C/CN2CCCCC2)C1,7.15,IC50
CHEMBL5971352,C=CC(=O)N1CC[C@@H](n2nc(C(=O)Nc3nc4cc(C#N)ccc4o3)c3c(N)ncnc32)C1,7.43,IC50
CHEMBL5943616,C=CC(=O)N1CC[C@@H](n2nc(C(=O)Nc3nc4cc(CCOC)ccc4o3)c3c(N)ncnc32)C1,8.0,IC50
CHEMBL5785458,CN(C)C/C=C/C(=O)N1CC[C@@H](n2nc(C(=O)Nc3nc4cc(-c5ccccc5)ccc4o3)c3c(N)ncnc32)C1,7.71,IC50
CHEMBL5998298,CN(C)C/C=C/C(=O)N1CC[C@@H](n2nc(C(=O)Nc3nc4cc(C(F)(F)F)ccc4o3)c3c(N)ncnc32)C1,7.77,IC50
CHEMBL6061460,CN(C)C/C=C/C(=O)N1CC(N2CC(C(=O)Nc3nc4cc(Cl)ccc4o3)c3c(N)ncnc32)C1,7.69,IC50
CHEMBL5759102,CN(C)C/C=C/C(=O)N1CC[C@@H](n2cc(C(=O)Nc3nc4cc(Cl)ccc4o3)c3c(N)ncnc32)C1,7.61,IC50
CHEMBL5770089,CCN(C)C/C=C/C(=O)N1CC[C@@H](n2cc(C(=O)Nc3nc4cc(Cl)ccc4o3)c3c(N)ncnc32)C1,7.66,IC50
CHEMBL5824219,CCN(CC)C/C=C/C(=O)N1CC[C@@H](n2cc(C(=O)Nc3nc4cc(Cl)ccc4o3)c3c(N)ncnc32)C1,7.51,IC50
CHEMBL5864620,CC(C)N(C)C/C=C/C(=O)N1CC[C@@H](n2cc(C(=O)Nc3nc4cc(Cl)ccc4o3)c3c(N)ncnc32)C1,7.69,IC50
CHEMBL5831739,Nc1ncnc2c1c(C(=O)Nc1nc3cc(Cl)ccc3o1)cn2[C@@H]1CCN(C(=O)/C=C/CN2CCCC2)C1,7.59,IC50
CHEMBL5994959,Nc1ncnc2c1c(C(=O)Nc1nc3cc(Cl)ccc3o1)cn2[C@@H]1CCN(C(=O)/C=C/CN2CCCCC2)C1,7.43,IC50
CHEMBL5797069,CN(C)C/C=C/C(=O)N1CC[C@@H](n2cc(C(=O)Nc3nc4cc(-c5ccccc5)ccc4o3)c3c(N)ncnc32)C1,7.75,IC50
CHEMBL6016956,CCN(C)C/C=C/C(=O)N1CC[C@@H](n2cc(C(=O)Nc3nc4cc(-c5ccccc5)ccc4o3)c3c(N)ncnc32)C1,7.71,IC50
CHEMBL6010216,CCN(CC)C/C=C/C(=O)N1CC[C@@H](n2cc(C(=O)Nc3nc4cc(-c5ccccc5)ccc4o3)c3c(N)ncnc32)C1,7.63,IC50
CHEMBL6021002,CC(C)N(C)C/C=C/C(=O)N1CC[C@@H](n2cc(C(=O)Nc3nc4cc(-c5ccccc5)ccc4o3)c3c(N)ncnc32)C1,7.79,IC50
CHEMBL5807574,Nc1ncnc2c1c(C(=O)Nc1nc3cc(-c4ccccc4)ccc3o1)cn2[C@@H]1CCN(C(=O)/C=C/CN2CCCC2)C1,7.49,IC50
CHEMBL6030528,Nc1ncnc2c1c(C(=O)Nc1nc3cc(-c4ccccc4)ccc3o1)cn2[C@@H]1CCN(C(=O)/C=C/CN2CCCCC2)C1,7.17,IC50
CHEMBL5846269,C=CC(=O)N1CCCC(Cn2nc(C(=O)Nc3nc4ccccc4o3)c3c(N)ncnc32)C1,7.75,IC50
CHEMBL5953300,C=CC(=O)N1CCC(Cn2nc(C(=O)Nc3nc4ccccc4o3)c3c(N)ncnc32)CC1,7.94,IC50
CHEMBL5853477,C=CC(=O)N1CC(Cn2nc(C(=O)Nc3nc4ccccc4o3)c3c(N)ncnc32)C1,7.91,IC50
CHEMBL5988246,C=CC(=O)N[C@H]1CC[C@@H](n2nc(C(=O)Nc3nc4ccccc4o3)c3c(N)ncnc32)CC1,7.38,IC50
CHEMBL5820547,C=CC(=O)N[C@H]1CC[C@H](n2nc(C(=O)Nc3nc4ccccc4o3)c3c(N)ncnc32)CC1,7.91,IC50
CHEMBL5742635,CN(C)C/C=C/C(=O)N1CC[C@H](n2nc(C(=O)Nc3nc4ccccc4o3)c3c(N)ncnc32)C1,7.95,IC50
CHEMBL5818001,C=CC(=O)N1CC(Cn2nc(C(=O)Nc3nc4cc(F)ccc4o3)c3c(N)ncnc32)C1,7.24,IC50
CHEMBL6011269,C=CC(=O)N1CC(Cn2nc(C(=O)Nc3nc4cc(Cl)ccc4o3)c3c(N)ncnc32)C1,7.94,IC50
CHEMBL5961642,C=CC(=O)N[C@H]1CC[C@@H](n2nc(C(=O)Nc3nc4cc(Cl)ccc4o3)c3c(N)ncnc32)CC1,7.0,IC50
CHEMBL5949598,C=CC(=O)N1CC(n2nc(C(=O)Nc3nc4cc(F)ccc4o3)c3c(N)ncnc32)C1,7.69,IC50
CHEMBL5851856,C=CC(=O)N1CCC(Cn2nc(C(=O)Nc3nc4cc(Cl)ccc4o3)c3c(N)ncnc32)CC1,7.12,IC50
CHEMBL5827300,C=CC(=O)N1CCC(n2nc(C(=O)Nc3nc4ccccc4o3)c3c(N)ncnc32)C1,7.96,IC50
CHEMBL6041084,C=CC(=O)N1CCC(n2nc(C(=O)Nc3nc4cc(F)ccc4o3)c3c(N)ncnc32)C1,7.4,IC50
CHEMBL5808724,C=CC(=O)NCCCn1nc(C(=O)Nc2nc3ccccc3o2)c2c(N)ncnc21,7.96,IC50
CHEMBL6013821,C=CC(=O)N1CC[C@@H](Nc2nnc(C(N)=O)c(Nc3ccc(C(=O)N4CCOCC4)cc3)n2)C1,7.26,IC50
CHEMBL5903629,C[C@@H]1[C@H](N2CCN(C)C2=O)CCCN1c1cnc(C(N)=O)c(Nc2ccc(C3(C)CCN(C4CCCC4)CC3)cc2)n1,7.26,IC50
CHEMBL5795813,C=CC(=O)Nc1cccc(Nc2nc(Nc3ccc(N4CCN(C(C)=O)CC4)cc3)ncc2C(F)(F)F)c1,9.27,KD
CHEMBL5805801,C=CC(=O)Nc1cccc(Nc2nc(Nc3ccc(N4CCN(CC)CC4)cc3)ncc2C(F)(F)F)c1,10.43,KD
CHEMBL5782686,C=CC(=O)Nc1cccc(Nc2nc(Nc3ccc(N4CCN(CC)CC4)cc3OC)ncc2C(F)(F)F)c1,9.55,KD
CHEMBL5741835,C=CC(=O)N1CC(Nc2cc3c(Nc4ccc(F)c(Cl)c4)ncnc3cc2OC)C1,9.52,IC50
CHEMBL5881164,C=CC(=O)N1CCC(Nc2cc3c(Nc4ccc(F)c(Cl)c4)ncnc3cc2OC)CC1,9.7,IC50
CHEMBL5942609,C=CC(=O)N1CC(Nc2cc3c(Nc4ccc(F)c(Cl)c4)ncnc3cc2O[C@H]2CCOC2)C1,9.7,IC50
CHEMBL5786877,C=CC(=O)N1CCC(Nc2cc3c(Nc4ccc(F)c(Cl)c4)ncnc3cc2O[C@H]2CCOC2)CC1,9.4,IC50
CHEMBL5949226,C=CC(=O)N1CCC(Nc2cc3c(Nc4ccc(F)c(Cl)c4)ncnc3cc2O[C@H]2CCOC2)C1,7.28,IC50
CHEMBL5859805,C=CC(=O)N1CCC(Nc2cc3c(Nc4ccc(OCc5cccc(F)c5)c(Cl)c4)ncnc3cc2OC)CC1,7.43,IC50
CHEMBL5905270,C=CC(=O)N1CCC(Nc2cc3c(Nc4ccc(OCc5ccccn5)c(Cl)c4)ncnc3cc2OC)CC1,9.22,IC50
CHEMBL5931174,C#Cc1cccc(Nc2ncnc3cc(OC)c(NC4CCN(C(=O)C=C)CC4)cc23)c1,8.07,IC50
CHEMBL5811891,C#Cc1cccc(Nc2ncnc3cc(OC)c(NC4CN(C(=O)C=C)C4)cc23)c1,8.96,IC50
CHEMBL5828031,C=CC(=O)N1CCC(Nc2cc3c(Nc4cccc(C(C)=O)c4)ncnc3cc2OC)CC1,7.67,IC50
CHEMBL5783822,C=CC(=O)N1CC(Nc2cc3c(Nc4cccc(C(C)=O)c4)ncnc3cc2OC)C1,10.0,IC50
CHEMBL5972110,C=CC(=O)N1CC(Nc2cc3c(Nc4cccc(Br)c4)ncnc3cc2OC)C1,8.66,IC50
CHEMBL6004995,C=CC(=O)N1CCC(Nc2cc3c(Nc4cccc(Br)c4)ncnc3cc2OC)CC1,9.52,IC50
CHEMBL5846412,C=CC(=O)N1CC(Nc2cc3c(Nc4ccc(F)c(Cl)c4)ncnc3cc2OCCOC)C1,8.92,IC50
CHEMBL6013422,C=CC(=O)N1CCC(Nc2cc3c(Nc4ccc(F)c(Cl)c4)ncnc3cc2OCCOC)CC1,9.7,IC50
CHEMBL5763353,C=CC(=O)N1CC(Nc2cc3c(Nc4ccc(F)c(Cl)c4)ncnc3cc2OCCN2CCOCC2)C1,7.96,IC50
CHEMBL5921524,C=CC(=O)N1CC(Sc2cc3c(Nc4ccc(F)c(Cl)c4)ncnc3cc2OC)C1,9.4,IC50
CHEMBL5789472,C=CC(=O)N1CCC(Nc2ccc3ncnc(Nc4ccc(F)c(Cl)c4)c3c2)CC1,7.71,IC50
CHEMBL5934211,C#Cc1cccc(Nc2ncnc3cc(OCCOCC)c(NC(=O)/C=C/CN(C)C)cc23)c1,9.11,IC50
CHEMBL5904869,CCOCCOc1cc2ncnc(Nc3ccc(OCc4ccccn4)c(Cl)c3)c2cc1NC(=O)/C=C/CN(C)C,9.0,IC50
CHEMBL4468146,CCOCCOc1cc2ncnc(Nc3ccc(F)c(Cl)c3)c2cc1NC(=O)/C=C\Cl,8.83,IC50
CHEMBL5806859,C=CC(=O)Nc1cc2c(Nc3ccc(F)c(Cl)c3)ncnc2cc1OCC1COC2(CCN(C)CC2)C1,9.0,IC50
CHEMBL5949054,C=CC(=O)Nc1cc2c(Nc3ccc(F)c(Cl)c3)ncnc2cc1OCC1CCC2(CCN(C)CC2)O1,9.03,IC50
CHEMBL5824131,C=CC(=O)Nc1cc2c(Nc3ccc(F)c(Cl)c3)ncnc2cc1OCC[C@@H]1[C@H]2CN(C)C[C@@H]12,9.18,IC50
CHEMBL5879850,C=CC(=O)Nc1cc2c(Nc3ccc(F)c(Cl)c3)ncnc2cc1OCCC1C2CCC1CN(C)C2,9.1,IC50
CHEMBL6008370,C=CC(=O)Nc1cc2c(Nc3ccc(F)c(Cl)c3)ncnc2cc1OCCC1CC12CCN(C)CC2,9.41,IC50
CHEMBL5816376,C=CC(=O)Nc1cc2c(Nc3ccc(F)c(Cl)c3)ncnc2cc1OCC1CC2(CCN(C)CC2)C1,9.0,IC50
CHEMBL5814374,C=CC(=O)Nc1cc2c(Nc3ccc(F)c(Cl)c3)ncnc2cc1OCCC1CC2(CCN(C)CC2)C1,9.25,IC50
CHEMBL5910757,C=CC(=O)Nc1cc(Nc2ncc(Cl)c(Nc3ccccc3C(=O)C(=O)N(C)C)n2)c(OC)cc1N1CCN(C)CC1,7.81,IC50
CHEMBL5949708,CCOc1cc2ncc(C#N)c(Nc3ccc(F)c(Cl)c3)c2cc1NC(=O)C1CCSS1,7.3,KD
CHEMBL6023020,CC1(C)OC[C@H](COc2cc3ncc(C#N)c(Nc4ccc(OCc5cccc(F)c5)c(Cl)c4)c3cc2NC(=O)CC2CCSS2)O1,7.3,KD
CHEMBL5754415,CC1(C)OC[C@H](COc2cc3ncc(C#N)c(Nc4ccc(OCc5cccc(F)c5)c(Cl)c4)c3cc2NC(=O)C[C@@H]2CCSS2)O1,7.3,KD
CHEMBL5975094,CC1(C)OC[C@H](COc2cc3ncc(C#N)c(Nc4ccc(OCc5cccc(F)c5)c(Cl)c4)c3cc2NC(=O)C[C@H]2CCSS2)O1,7.3,KD
CHEMBL5876067,N#Cc1cnc2cc(OC[C@H](O)CO)c(NC(=O)C[C@H]3CCSS3)cc2c1Nc1ccc(OCc2cccc(F)c2)c(Cl)c1,7.3,KD
CHEMBL5992872,N#Cc1cnc2cc(OC[C@H](O)CO)c(NC(=O)CC3CCSS3)cc2c1Nc1ccc(OCc2cccc(F)c2)c(Cl)c1,7.3,KD
CHEMBL5910430,CC1(C)OC[C@@H](COc2cc3ncc(C#N)c(Nc4ccc(OCc5cccc(F)c5)c(Cl)c4)c3cc2NC(=O)CC2CCSS2)O1,7.3,KD
CHEMBL5815306,N#Cc1cnc2cc(OC[C@@H](O)CO)c(NC(=O)C[C@@H]3CCSS3)cc2c1Nc1ccc(OCc2cccc(F)c2)c(Cl)c1,7.3,KD
CHEMBL5849328,N#Cc1cnc2cc(OC[C@@H](O)CO)c(NC(=O)C[C@H]3CCSS3)cc2c1Nc1ccc(OCc2cccc(F)c2)c(Cl)c1,7.3,KD
CHEMBL6012697,CC(=O)SCC(CSC(C)=O)C(=O)Nc1ccc2ncc(C#N)c(Nc3ccc(OCc4cccc(F)c4)c(Cl)c3)c2c1,7.3,IC50
CHEMBL5923332,COc1cc2ncnc(Nc3ccc(OCc4cccc(F)c4)c(Cl)c3)c2cc1NC(=O)C(CSC(N)=O)CSC(N)=O,7.3,IC50
CHEMBL4520801,C=CC(=O)N1CCC[C@@H](n2nc(-c3ccc(Oc4ccc(Cl)cc4)cc3)c(C(N)=O)c2N)C1,8.1,IC50
CHEMBL5752119,C=CC(=O)N1CCCC(n2nc(-c3ccc(Oc4ccc(F)cc4F)cc3)c(C(N)=O)c2N)C1,7.59,IC50
CHEMBL6062851,C=CC(=O)N1CCCC(n2nc(-c3ccc(Oc4ncc(Cl)cc4F)cc3)c(C(N)=O)c2N)C1,8.54,IC50
CHEMBL5984480,C=CC(=O)N1CCCC(n2nc(-c3ccc(Oc4ccc(Cl)cn4)cc3)c(C(N)=O)c2N)C1,7.53,IC50
CHEMBL5774120,C=CC(=O)N1CCCC(n2nc(-c3ccc(Oc4cccc(C(F)(F)F)n4)cc3)c(C(N)=O)c2N)C1,7.05,IC50
CHEMBL5980602,C=CC(=O)Nc1cc(Nc2nc(-c3cnn(C)c3)c3cc[nH]c3n2)c(OC)cc1N(C)CCN(C)C,8.0,IC50
CHEMBL5853655,C=CC(=O)Nc1cc(Nc2nc(N3CCOCC3)c3cc[nH]c3n2)c(OC)cc1N(C)CCN(C)C,7.35,IC50
CHEMBL5940713,C=CC(=O)Nc1cc(Nc2nc(OC3CN(S(C)(=O)=O)C3)c3ccn(CO)c3n2)c(OC)cc1N(C)CCN(C)C,8.3,IC50
CHEMBL6001620,C=CC(=O)Nc1cc(Nc2nc(-c3cnc4c(ccn4C)c3)c3cc[nH]c3n2)c(OC)cc1N(C)CCN(C)C,9.0,IC50
CHEMBL6050403,C=CC(=O)Nc1cc(Nc2nc(-c3cn(C)c4ccccc34)c3cc[nH]c3n2)c(OC)cc1N(C)CCN(C)C,8.52,IC50
CHEMBL5822102,C=CC(=O)Nc1cc(Nc2nc(-c3cccnc3)c3cc[nH]c3n2)c(OC)cc1N(C)CCN(C)C,7.89,IC50
CHEMBL5939053,C=CC(=O)Nc1cc(Nc2nc(-c3ccccc3)c3cc[nH]c3n2)c(OC)cc1N(C)CCN(C)C,7.7,IC50
CHEMBL5766029,C=CC(=O)Nc1cc(Nc2nc(-c3cnn(C)c3)c3cc[nH]c3n2)c(OC)cc1OCCN(C)C,7.62,IC50
CHEMBL6062221,C=CC(=O)Nc1cc(Nc2nc(-c3cnn(C)c3)c3cc[nH]c3n2)c(OC)cc1N1CCN(C)CC1,7.01,IC50
CHEMBL5883660,C=CC(=O)Nc1cc(Nc2nc(-c3cnn(C)c3)c3c(Cl)c[nH]c3n2)c(OC)cc1N1CCN(C)CC1,7.29,IC50
CHEMBL3182647,C=CC(=O)N1CCCC(n2nc(-c3ccc(Oc4ccccc4)cc3)c3c(N)ncnc32)C1,8.89,IC50
CHEMBL5946057,C=CC(=O)Nc1cccc(Nc2nc(Nc3ccc(N4CCN(C(C)=O)CC4)cc3OC)ncc2C(F)(F)F)n1,8.24,IC50
CHEMBL5945683,C=CC(=O)Nc1cccc(Nc2nc(Nc3ccc(C4CCN(C(C)=O)CC4)cc3OC)ncc2C(F)(F)F)c1,8.21,IC50
CHEMBL5766471,C=CC(=O)Nc1cccc(Nc2nc(Nc3ccc(C4=CCN(C(C)=O)CC4)cc3OC)ncc2C(F)(F)F)c1,8.33,IC50
CHEMBL5966699,C=CC(=O)Nc1cccc(Nc2nc(Nc3cc4c(cc3OC)CN(C(C)=O)CC4)ncc2C(F)(F)F)c1,7.89,IC50
CHEMBL5747033,C=CC(=O)Nc1cccc(Nc2nc(Nc3ccc(C4CCN(C(C)=O)CC4)cc3OC)ncc2C(F)(F)F)n1,8.14,IC50
CHEMBL5760659,C=CC(=O)Nc1cccc(Nc2nc(Nc3ccc(C4=CCN(C(C)=O)CC4)cc3OC)ncc2C(F)(F)F)n1,8.05,IC50
CHEMBL6049383,C=CC(=O)Nc1cccc(Nc2nc(Nc3ccc(C4CCN(S(C)(=O)=O)CC4)cc3OC)ncc2C(F)(F)F)c1,8.44,IC50
CHEMBL5767529,C=CC(=O)Nc1cccc(Nc2nc(Nc3ccc(N4CCC(N5CCOCC5)CC4)cc3OC)ncc2C(F)(F)F)c1,9.1,IC50
CHEMBL6013487,C=CC(=O)Nc1cccc(Nc2ncc(C)c(Nc3cccc(C)c3)n2)c1,7.26,IC50
CHEMBL5846455,C=CC(=O)Nc1cccc(Nc2ncc(C)c(Nc3cccc(Br)c3)n2)c1,7.26,IC50
CHEMBL5752831,Cc1cnc(Nc2cccc(S(N)(=O)=O)c2)nc1Nc1ccc2c(c1)CCN(S(=O)(=O)C1CC1)C2,7.26,IC50
CHEMBL5780712,C=CC(=O)N1CCCC(Nc2nc(Nc3ccccc3)ncc2C)C1,7.26,IC50
CHEMBL5791105,C=CC(=O)Nc1cccc(Nc2nc(Nc3ccccc3)ncc2F)c1,7.26,IC50
CHEMBL5798780,C#CCOc1cccc(Nc2ncc(C)c(Nc3cccc(NC(=O)C=C)c3)n2)c1,7.26,IC50
CHEMBL5795317,Cc1cnc(Nc2ccccc2)nc1Nc1cccc(NC(=O)/C=C/CN(C)C)c1,7.26,IC50
CHEMBL5781806,C=CC(=O)Nc1ccc(C)c(Nc2nccc(-c3cccnc3)n2)c1,7.26,IC50
CHEMBL5747706,C=CC(=O)Nc1cccc(Nc2nc(Nc3ccc(O[C@H]4CCOC4)nc3)ncc2F)c1,7.26,IC50
CHEMBL5948101,C=CC(=O)Nc1cccc(Nc2nc(Nc3ccc(O[C@@H]4CCOC4)nc3)ncc2F)c1,7.26,IC50
CHEMBL5830860,C=CC(=O)Nc1cccc(Nc2nc(Nc3ccc(OCCN4CCCC4=O)nc3)ncc2F)c1,7.26,IC50
CHEMBL6028598,C=C(C#N)C(O)c1cccc(Nc2nc(Nc3ccc(OCCOC)cc3)ncc2F)c1,7.26,IC50
CHEMBL5950512,C=CC(=O)Nc1cccc(Nc2nc(Nc3ccc(N(C)CCOC)nc3)ncc2F)c1,7.26,IC50
CHEMBL5975408,C=CC(=O)Nc1cccc(Nc2nc(Nc3ccc(OCCCS(C)(=O)=O)nc3)ncc2F)c1,7.26,IC50
CHEMBL5955406,C=CC(=O)Nc1cccc(Nc2nc(Nc3cccc(N4CCN(CCO)CC4)c3)ncc2F)c1,7.26,IC50
CHEMBL6016935,C=CC(=O)Nc1cc(Nc2nc(Nc3ccc(OCCOC)cc3)ncc2F)ccc1F,7.26,IC50
CHEMBL5995813,COCCOc1ccc(Nc2ncc(F)c(Nc3cccc(NC(=O)/C=C/CN4CC[C@H](O)C4)c3)n2)cc1,7.26,IC50
CHEMBL5939316,COCCOc1ccc(Nc2ncc(F)c(Nc3cccc(NC(=O)/C=C/CN4CC[C@@H](O)C4)c3)n2)cc1,7.26,IC50
CHEMBL5746419,C=CC(=O)Nc1cccc(Nc2nc(Nc3cccc(OC(C)(C)CO)c3)ncc2F)c1,7.26,IC50
CHEMBL5815423,C=CC(=O)Nc1cccc(Nc2nc(Nc3ccc(OCCN4CCCC4=O)cc3)ncc2F)c1,7.26,IC50
CHEMBL5854211,C=CC(=O)Nc1cccc(Nc2nc(Nc3ccc(OC(C)(C)CO)cc3)ncc2F)c1,7.26,IC50
CHEMBL6044013,C=CC(=O)Nc1cccc(Nc2nc(Nc3ccc(OCCOC)c(F)c3)ncc2F)c1,7.26,IC50
CHEMBL5773640,C=CC(=O)Nc1cccc(Nc2nc(Nc3ccc(OCCCS(C)(=O)=O)cc3)ncc2F)c1,7.26,IC50
CHEMBL5984505,Cc1cccc(Nc2nc(Nc3cccc(NC(=O)/C=C/CN4CC5CC4CN5)c3)ncc2F)c1,7.26,IC50
CHEMBL5763010,C=CC(=O)Nc1cccc(Nc2nc(Nc3ccc(OCCOC)nc3)ncc2F)c1,7.26,IC50
CHEMBL6056251,C=CC(=O)Nc1cccc(Nc2nc(Nc3cccc(OCCO)c3)ncc2F)c1,7.26,IC50
CHEMBL6014788,C=CC(=O)Nc1cccc(Nc2nc(Nc3cccc(OCC(=O)N4CCOCC4)c3)ncc2F)c1,7.26,IC50
CHEMBL6026968,C=CC(=O)Nc1cccc(Nc2nc(Nc3ccc4c(c3)N(C(C)=O)CCO4)ncc2F)c1,7.26,IC50
CHEMBL5954027,C=CC(=O)Nc1cccc(Nc2nc(Nc3cccc(OCC(C)(C)O)c3)ncc2F)c1,7.26,IC50
CHEMBL5844546,C=CC(=O)Nc1cccc(Nc2nc(Nc3ccc(OCCO)nc3)ncc2C(C)=O)c1,7.26,IC50
CHEMBL5966545,C=CC(=O)Nc1cccc(Nc2nc(Nc3ccc(OCCOC)nc3)ncc2C(C)=O)c1,7.26,IC50
CHEMBL5950819,Cc1cccc(Nc2nc(Nc3cccc(NC(=O)/C=C/CN4CCC4)c3)ncc2F)c1,7.26,IC50
CHEMBL5920414,C=CC(=O)Nc1cccc(Nc2nc(Nc3ccc(OCCOC)cc3)ncc2C(C)=O)c1,7.26,IC50
CHEMBL6039812,C=CC(=O)Nc1cccc(Nc2nc(Nc3ccc4c(c3)N(C)CCO4)ncc2F)c1,7.26,IC50
CHEMBL5746567,C=CC(=O)N1CCOc2ccc(Nc3nc(Nc4ccc(OCCO)nc4)ncc3C(C)=O)cc21,7.26,IC50
CHEMBL6000527,C=CC(=O)N1CCOc2ccc(Nc3nc(Nc4ccc5c(c4)CC(=O)N5)ncc3C(C)=O)cc21,7.26,IC50
CHEMBL5982687,C=CC(=O)N1CCOc2ccc(Nc3ncc(F)c(Nc4ccc5c(c4)CC(=O)N5)n3)cc21,7.26,IC50
CHEMBL5778795,C=CC(=O)N1Cc2ccc(Nc3nc(Nc4cccc(OC)c4)ncc3C(F)(F)F)cc2C1,7.26,IC50
CHEMBL5741005,C=CC(=O)Nc1cccc(Nc2nc(Nc3ccc(OC)c(OC)c3)ncc2F)c1,7.26,IC50
CHEMBL6052028,C=CC(=O)N1CCC[C@@H](Nc2nc(Nc3cccc(OCCN4CCOCC4)c3)ncc2F)C1,7.26,IC50
CHEMBL5759845,C=CC(=O)Nc1cccc(Nc2nc(Nc3cccc(OCCCS(C)(=O)=O)c3)ncc2F)c1,7.26,IC50
CHEMBL5837449,C=CC(=O)Nc1cccc(Nc2nc(Nc3ccc(OCCOC)cc3)ncc2C2CC2)c1,7.26,IC50
CHEMBL5942546,C=CC(=O)Nc1cccc(Nc2nc(Nc3ccc4c(c3)N(S(C)(=O)=O)CCO4)ncc2F)c1,7.26,IC50
CHEMBL5882559,C=CC(=O)N1CCOc2ccc(Nc3nc(Nc4ccc(OCCOC)cc4)ncc3F)cc21,7.26,IC50
CHEMBL6001660,C=CC(=O)N1CCOc2ccc(Nc3nc(Nc4ccc(N(C)C(=O)C(F)(F)F)nc4)ncc3C(C)=O)cc21,7.26,IC50
CHEMBL5740925,C=CC(=O)Nc1cccc(Nc2nc(Nc3ccc4c(c3)N(C(=O)C(F)(F)F)CCO4)ncc2F)c1,7.26,IC50
CHEMBL5821130,C=CC(=O)Nc1cccc(Nc2nc(Nc3ccc4c(cnn4C(=O)OC(C)(C)C)c3)ncc2F)c1,7.26,IC50
CHEMBL5783875,C=CC(=O)N1CCOc2ccc(Nc3nc(Nc4ccc(N5CCCC5=O)cc4)ncc3C(C)=O)cc21,7.26,IC50
CHEMBL5994162,C=CC(=O)N1CCOc2ccc(Nc3nc(Nc4ccc5[nH]ncc5c4)ncc3C(C)=O)cc21,7.26,IC50
CHEMBL6015025,C=CC(=O)N1CCOc2ccc(Nc3nc(Nc4ccc5c(cnn5C)c4)ncc3C(C)=O)cc21,7.26,IC50
CHEMBL5970361,C=CC(=O)Nc1cccc(Nc2nc(Nc3cccc(OC)c3)ncc2OC)c1,7.26,IC50
CHEMBL5819792,C=C(C#N)C(O)c1ccc(Nc2nc(Nc3ccccc3)ncc2F)cc1,7.26,IC50
CHEMBL5934357,C=CC(=O)Nc1cccc(Nc2nc(Nc3cccc(OCCN4CCCC4=O)c3)ncc2F)c1,7.26,IC50
CHEMBL5776776,C=CC(=O)N1CCOc2ccc(Nc3nc(Nc4ccc(N5CCOCC5)nc4)ncc3C(C)=O)cc21,7.26,IC50
CHEMBL6029953,C=CC(=O)N1CCOc2ccc(Nc3nc(Nc4ccc(OC)cc4)ncc3C(C)=O)cc21,7.26,IC50
CHEMBL5878630,C=CC(=O)Nc1cccc(N(C(=O)C=C)c2nc(Nc3ccc(OC)nc3)ncc2C#N)c1,7.26,IC50
CHEMBL5822838,C=C(C)C(=O)c1ccc(Nc2nc(Nc3ccccc3)ncc2F)cc1,7.26,IC50
CHEMBL5858571,C=CC(=O)Nc1cccc(Nc2nc(Nc3ccc(OC)nc3)ncc2C(C)=O)c1,7.26,IC50
CHEMBL5913484,C=CC(=O)N1CCOc2ccc(Nc3nc(Nc4ccc(OC)nc4)ncc3F)cc21,7.26,IC50
CHEMBL6040634,C=CC(=O)N1CCC[C@@H](Nc2nc(Nc3cccc(OC)c3)ncc2F)C1,7.26,IC50
CHEMBL6041177,C=C(C)C(=O)c1cccc(Nc2nc(Nc3cccc(OC(F)(F)F)c3)ncc2F)c1,7.26,IC50
CHEMBL6016272,C=CC(=O)N1CCC(Nc2nc(Nc3cccc(OC)c3)ncc2F)C1,7.26,IC50
CHEMBL5892354,C=CC(=O)Nc1cccc(Nc2nc(Nc3cccc(OCCCn4ccnc4)c3)ncc2F)c1,7.26,IC50
CHEMBL5948133,C=CC(=O)NCc1cccc(Nc2nc(Nc3ccccc3)ncc2C)c1,7.26,IC50
CHEMBL5752981,C=CC(=O)Nc1cccc(Nc2nc(Nc3cccc(OCCCN4CCOCC4)c3)ncc2F)c1,7.26,IC50
CHEMBL5814409,C=CC(=O)Nc1cccc(Nc2nc(Nc3ccc(OC)nc3)ncc2C(N)=O)c1,7.26,IC50
CHEMBL5891594,C=CC(=O)Nc1cccc(Nc2nc(Nc3cccc(OC)c3)ncc2C(N)=O)c1,7.26,IC50
CHEMBL5985220,C=CC(=O)Nc1cccc(Nc2nc(Nc3cccc(OCCCNC(=O)CCCC(=O)NCCCOCCOCCOCCCNC(=O)CCCC[C@@H]4SC[C@@H]5NC(=O)N[C@@H]54)c3)ncc2C)c1,7.26,IC50
CHEMBL5984973,C=CC(=O)Nc1cccc(Oc2nc(Nc3ccc(OC)nc3)ncc2F)c1,7.26,IC50
CHEMBL5836521,C=CC(=O)N(C)Cc1ccc(Nc2nc(Nc3ccccc3)ncc2C)cc1,7.26,IC50
CHEMBL5762278,C=CC(=O)Nc1cccc(Nc2nc(Nc3ccccc3)ncc2C(=O)NC2CC2)c1,7.26,IC50
CHEMBL5822224,C=CC(=O)Nc1cccc(Oc2nc(Nc3ccccc3)ncc2F)c1,7.26,IC50
CHEMBL5761824,C=CC(=O)Nc1cccc(Nc2nc(Nc3ccccc3)ncc2C(N)=O)c1,7.26,IC50
CHEMBL5759591,C=CC(=O)Nc1cccc(Nc2nc(Nc3cccc(OCCCNC(=O)CCCC[C@@H]4SC[C@@H]5NC(=O)N[C@@H]54)c3)ncc2C)c1,7.26,IC50
CHEMBL5858538,C=CC(=O)Nc1cccc(Nc2nc(Nc3cccc(OC)c3)ncc2C(F)(F)F)c1,7.26,IC50
CHEMBL6022830,C=CC(=O)Nc1cccc(Nc2nc(Nc3ccc(OC)nc3)ncc2F)c1,7.26,IC50
CHEMBL5825514,C=CC(=O)Nc1cccc(Nc2nc(Nc3ccc(F)cc3)ncc2F)c1,7.26,IC50
CHEMBL5928141,C=C(C#N)C(O)c1cccc(Nc2nc(Nc3ccc(OCC(C)(C)O)nc3)ncc2F)c1,7.26,IC50
CHEMBL5858035,C=CC(=O)Nc1cccc(Nc2nc(Nc3ccc(OCC(C)(C)O)nc3)ncc2F)c1,7.26,IC50
CHEMBL5918405,C=CC(=O)Nc1cccc(Nc2nc(Nc3ccc(OCC(C)(C)O)c(F)c3)ncc2F)c1,7.26,IC50
CHEMBL5950214,C=CC(=O)Nc1cccc(Nc2nc(Nc3ccc(O[C@@H]4CCOC4)c(F)c3)ncc2F)c1,7.26,IC50
CHEMBL6003257,C=CC(=O)Nc1cccc(Nc2nc(Nc3ccc(OCCCS(C)(=O)=O)c(F)c3)ncc2F)c1,7.26,IC50
CHEMBL5977247,C=C(C)C(=O)c1cccc(Nc2nc(Nc3ccc(OCCOC)c(F)c3)ncc2F)c1,7.26,IC50
CHEMBL5964547,C=C(C)C(=O)c1ccc(Nc2nc(Nc3ccc(OCCOC)c(F)c3)ncc2F)cc1,7.26,IC50
CHEMBL6048496,C=C(C#N)C(O)c1ccc(Nc2nc(Nc3ccc(OCCOC)c(F)c3)ncc2F)cc1,7.26,IC50
CHEMBL5911586,C=C(C)C(=O)Cc1ccc(Nc2nc(Nc3ccc(OCCOC)c(F)c3)ncc2F)cc1,7.26,IC50
CHEMBL5884157,C=CC(=O)Nc1cccc(Nc2nc(Nc3ccc(OC(C)(C)CO)c(F)c3)ncc2F)c1,7.26,IC50
CHEMBL5932966,C=CC(=O)Nc1cccc(Nc2nc(Nc3ccc(OC(C)CO)c(F)c3)ncc2F)c1,7.26,IC50
CHEMBL5808700,C=CC(=O)Nc1cccc(Nc2nc(Nc3ccc(Cl)c(OC(C)CO)c3)ncc2F)c1,7.26,IC50
CHEMBL5798721,C=CC(=O)N1CCC[C@@H](Nc2nc(Nc3ccc(O[C@H]4CCOC4)cc3)ncc2F)C1,7.26,IC50
CHEMBL5751497,C=CC(=O)N1CCC[C@@H](Nc2nc(Nc3ccc(O[C@@H]4CCOC4)cc3)ncc2F)C1,7.26,IC50
CHEMBL5767790,C=CC(=O)Nc1cccc(Nc2nc(Nc3ccc4c(c3)OCCO4)ncc2F)c1,7.26,IC50
CHEMBL6026532,C=CC(=O)Nc1cccc(Nc2nc(Nc3ccc(Cl)c(OCC(O)CO)c3)ncc2F)c1,7.26,IC50
CHEMBL6049268,C=CC(=O)Nc1cccc(Nc2nc(Nc3ccc(OC[C@@H]4C[C@@H](O)CN4)c(F)c3)ncc2F)c1,7.26,IC50
CHEMBL5820435,C=CC(=O)Nc1cccc(Nc2nc(Nc3ccc(OCCOCCOC)c(F)c3)ncc2F)c1,7.26,IC50
CHEMBL5797771,C=CC(=O)Nc1cccc(Nc2nc(Nc3ccc(OCCOCCNC(=O)CCCC(=O)NCCCOCCOCCOCCCNC(=O)CCCC[C@@H]4SC[C@@H]5NC(=O)N[C@@H]54)c(F)c3)ncc2F)c1,7.26,IC50
CHEMBL5898708,C=CC(=O)Nc1cccc(Nc2ncc(C)c(Nc3ccc(Oc4ccccc4)cc3)n2)c1,7.26,IC50
CHEMBL5889356,Nc1ncnc2c1c(-c1ccc(CNC(=O)c3ccccc3F)cc1)nn2C1CCCC1,7.26,IC50
CHEMBL6045970,COc1ccccc1C(=O)NCc1ccc(-c2nn([C@H]3C=C[C@H](OC(C)=O)C3)c3ncnc(N)c23)cc1,7.26,IC50
CHEMBL5917549,COc1ccccc1C(=O)NCc1ccc(-n2nc(C3CCCC3)c3ncnc(N)c32)cc1,7.26,IC50
CHEMBL5864713,COc1ccccc1C(=O)NCc1ccc(-c2nn(C3C=CCCC3)c3ncnc(N)c23)cc1,7.26,IC50
CHEMBL6039447,COc1ccccc1C(=O)NCc1ccc(-c2nn(C(C)(C)C)c3ncnc(N)c23)cc1,7.26,IC50
CHEMBL5852751,COc1ccccc1C(=O)NCc1ccc(-c2nn(C3CC4CC4C3)c3ncnc(N)c23)cc1,7.26,IC50
CHEMBL5973804,C=CC(=O)Nc1cccc(Nc2nc(Nc3ccc(N4CCOCC4)cc3OC)ncc2Cl)c1,8.26,IC50
CHEMBL5979555,C=CC(=O)Nc1cccc(Oc2nc(Nc3ccc(N4CCCN(C(=O)OC(C)(C)C)CC4)cc3OC)ncc2C(F)(F)F)c1,7.7,IC50
CHEMBL6009400,C=CC(=O)Nc1cc(Nc2ncc(Cl)c(-c3cnc4c(ccn4C)c3)n2)c(OC)cc1N(C)CCN(C)C,8.52,IC50
CHEMBL5979481,C=CC(=O)Nc1cc(Nc2ncc(Cl)c(-c3cnc4c(ccn4C)c3)n2)c(OC)cc1N1CCC(N(C)C)CC1,7.77,IC50
CHEMBL5840400,C=CC(=O)Nc1cc(Nc2nccc(-c3cnc4c(ccn4C)c3)n2)c(OC)cc1N1CCC(N(C)C)CC1,7.92,IC50
CHEMBL5805507,C=CC(=O)Nc1cc(Nc2nccc(-c3cnc4c(cnn4C)c3)n2)c(OC)cc1N1CCN(C)CC1,7.37,IC50
CHEMBL6013534,C=CC(=O)Nc1cc(Nc2nccc(-c3cnc4c(cnn4C)c3)n2)c(OC)cc1N(C)CCN(C)C,8.4,IC50
CHEMBL5757238,C=CC(=O)Nc1cc(Nc2nccc(-c3cnc4c(ccn4C)c3)n2)c(OC)cc1N(C)CCN(C)C,9.0,IC50
CHEMBL5925992,C=CC(=O)Nc1cc(Nc2ncc(F)c(-c3cnc4c(ccn4C)c3)n2)c(OC)cc1N(C)CCN(C)N,8.7,IC50
CHEMBL6024600,C=CC(=O)Nc1cc(Nc2ncc(OC)c(-c3cnc4c(ccn4C)c3)n2)c(OC)cc1N(C)CCN(C)C,8.4,IC50
CHEMBL5794118,C=CC(=O)Nc1cc(Nc2ncc(C(F)(F)F)c(-c3cnc4c(ccn4C)c3)n2)c(OC)cc1N(C)CCN(C)C,8.05,IC50
CHEMBL5797186,C=CC(=O)Nc1cc(Nc2nccc(-c3cnc4c(ccn4C)c3)n2)c(OC)cc1N1CCN(C)CC1,7.57,IC50
CHEMBL5823169,C=CC(=O)Nc1cc(Nc2nccc(-c3cnc4c(ccn4C)c3)n2)c(OC)cc1N1CC(N(C)C)C1,8.4,IC50
CHEMBL6033989,C=CC(=O)Nc1cc(Nc2ncc(F)c(-c3cnc4c(ccn4C)c3)n2)c(OC)cc1N1CCC(N(C)C)CC1,7.42,IC50
CHEMBL5850696,C=CC(=O)Nc1cc(Nc2ncc(C(C)=O)c(-c3cnc4c(ccn4C)c3)n2)c(OC)cc1N(C)CCN(C)C,8.7,IC50
CHEMBL6006961,C=CC(=O)Nc1cc(Nc2ncc(F)c(-c3cnc4c(cnn4C)c3)n2)c(OC)cc1N1CCC(N(C)C)CC1,8.3,IC50
CHEMBL6030424,C=CC(=O)Nc1cc(Nc2ncc(OC)c(-c3cnc4c(cnn4C)c3)n2)c(OC)cc1N1CCC(N(C)C)CC1,7.8,IC50
CHEMBL5936433,C=CC(=O)Nc1cc(Nc2ncc(Cl)c(-c3cnc4c(cnn4C)c3)n2)c(OC)cc1N(C)CCN(C)C,8.4,IC50
CHEMBL6036686,C=CC(=O)Nc1cc(Nc2ncc(Cl)c(-c3cnc4c(cnn4C)c3)n2)c(OC)cc1N1CCC(N(C)C)CC1,7.89,IC50
CHEMBL6063800,C=CC(=O)Nc1cc(Nc2ncc(F)c(-c3cnc4c(cnn4C)c3)n2)c(OC)cc1N(C)CCN(C)C,8.05,IC50
CHEMBL5772330,C=CC(=O)Nc1cc(Nc2ncc(OC)c(-c3cnc4c(cnn4C)c3)n2)c(OC)cc1N(C)CCN(C)C,8.1,IC50
CHEMBL5796551,C=CC(=O)Nc1cc(Nc2nccc(-c3cnc4c(c3)c(Cl)cn4C)n2)c(OC)cc1N(C)CCN(C)C,9.3,IC50
CHEMBL5788105,C=CC(=O)Nc1cc(Nc2nccc(-c3cccnc3)n2)c(OC)cc1N1CCC(N(C)C)CC1,8.7,IC50
CHEMBL5870784,C=CC(=O)Nc1cc(Nc2nccc(-c3cnn(C)c3)n2)c(OC)cc1N1CCC(N(C)C)CC1,7.64,IC50
CHEMBL5942187,C=CC(=O)Nc1cc(Nc2nccc(-c3cnn(C)c3)n2)c(OC)cc1N(C)CCN(C)C,7.8,IC50
CHEMBL5753671,C=CC(=O)Nc1cc(Nc2ncc(Cl)c(-c3cnn(C)c3)n2)c(OC)cc1N(C)CCN(C)C,8.52,IC50
CHEMBL5854206,C=CC(=O)Nc1cc(Nc2ncc(Cl)c(-c3cnn(C)c3)n2)c(OC)cc1N1CCC(N(C)C)CC1,8.4,IC50
CHEMBL6014541,C=CC(=O)Nc1cc(Nc2ncc(Cl)c(-c3cnn(C)c3C)n2)c(OC)cc1N(C)CCN(C)C,8.7,IC50
CHEMBL5809639,C=CC(=O)Nc1cc(Nc2ncc(F)c(-c3cnn(C)c3)n2)c(OC)cc1N1CCC(N(C)C)CC1,8.1,IC50
CHEMBL5881569,C=CC(=O)Nc1cc(Nc2ncc(Cl)c(-c3c(C)nn(C)c3C)n2)c(OC)cc1N(C)CCN(C)C,7.6,IC50
CHEMBL5903077,C=CC(=O)Nc1cc(Nc2ncc(F)c(-c3cnn(C)c3)n2)c(OC)cc1N(C)CCN(C)C,7.96,IC50
CHEMBL6032873,C=CC(=O)Nc1cc(Nc2ncc(Cl)c(-c3cn(C)nc3C)n2)c(OC)cc1N(C)CCN(C)C,8.7,IC50
CHEMBL5996771,C=CC(=O)Nc1cc(Nc2ncc(Cl)c(-c3cn(C)nc3C)n2)c(OC)cc1N1CCC(N(C)C)CC1,7.8,IC50
CHEMBL6035061,C=CC(=O)Nc1cc(Nc2ncc(Cl)c(-c3cnn(C4CCN(C(=O)OC(C)(C)C)CC4)c3)n2)c(OC)cc1N1CCC(N(C)C)CC1,8.7,IC50
CHEMBL5890676,C=CC(=O)Nc1cc(Nc2ncc(Cl)c(-c3cnn(C)c3C)n2)c(OC)cc1N1CCC(N(C)C)CC1,7.85,IC50
CHEMBL5765903,C=CC(=O)Nc1cc(Nc2ncc(Cl)c(-c3ccn(C)c3)n2)c(OC)cc1N1CCC(N(C)C)CC1,7.82,IC50
CHEMBL5820008,C=CC(=O)Nc1cc(Nc2ncc(Cl)c(-c3ccn(C)c3)n2)c(OC)cc1N(C)CCN(C)C,8.4,IC50
CHEMBL5906672,C=CC(=O)Nc1cc(Nc2ncc(Cl)c(-c3cnn(C)c3)n2)c(OC)cc1N1CCN(C)CC1,7.96,IC50
CHEMBL5974834,C=CC(=O)Nc1cc(Nc2ncc(Cl)c(-c3cnn(C(F)F)c3)n2)c(OC)cc1N1CCC(N(C)C)CC1,8.15,IC50
CHEMBL6005779,C=CC(=O)Nc1cc(Nc2ncc(Cl)c(-c3cn[nH]c3)n2)c(OC)cc1N1CCC(N(C)C)CC1,8.7,IC50
CHEMBL6044860,C=CC(=O)Nc1cc(Nc2nccc(-c3cnc4c(ccn4C)c3)n2)c(OC)cc1N(C)CCN(C)CC,8.52,IC50
CHEMBL5769810,C=CC(=O)Nc1cc(Nc2nccc(-c3cnc4c(ccn4C)c3)n2)c(OC)cc1N(C)CCNC,8.7,IC50
CHEMBL6034790,C=CC(=O)Nc1cc(Nc2nccc(-c3cnc4c(ccn4C)c3)n2)c(OC)cc1N(C)CCN(CC)CC,8.4,IC50
CHEMBL6046827,C=CC(=O)Nc1cc(Nc2ncc(Cl)c(-c3cnc4c(ccn4C)c3)n2)c(OC)cc1N(C)CCN(C)CC,8.22,IC50
CHEMBL6022326,C=CC(=O)Nc1cc(Nc2ncc(Cl)c(-c3cnc4c(ccn4C)c3)n2)c(OC)cc1N(C)CCN(CC)CC,8.15,IC50
CHEMBL5914449,C=CC(=O)Nc1cc(Nc2nccc(-c3cnc4c(ccn4C)c3)n2)c(OC)cc1N(C)CCN1CCCC1,8.15,IC50
CHEMBL5967745,C=CC(=O)Nc1cc(Nc2ncc(Cl)c(-c3cnc4c(ccn4C)c3)n2)c(OC)cc1N1CC(N(C)C)C1,7.82,IC50
CHEMBL6046213,C=CC(=O)Nc1cc(Nc2ncc(Cl)c(-c3cnc4c(ccn4C)c3)n2)c(OC)cc1N(C)CCCN(C)C,7.85,IC50
CHEMBL6009126,C=CC(=O)Nc1cc(Nc2nccc(-c3cnc4c(ccn4C)c3)n2)c(OC)cc1N(C)CCN(C)C(C)C,8.22,IC50
CHEMBL6011359,C=CC(=O)Nc1cc(Nc2ncc(Cl)c(-c3cnc4c(ccn4C)c3)n2)c(OC)cc1N(C)CCNC,8.22,IC50
CHEMBL6018694,C=CC(=O)Nc1cc(Nc2nccc(-c3cnc4c(ccn4C)c3)n2)c(OC)cc1OCCN(C)C,8.7,IC50
CHEMBL5771047,C=CC(=O)Nc1cc(Nc2ncc(F)c(-c3cnc4c(ccn4C)c3)n2)c(OC)cc1OCCN(C)C,8.7,IC50
CHEMBL5847879,C=CC(=O)Nc1cc(Nc2ncc(Cl)c(-c3cnc4c(c3)c(Cl)cn4C)n2)c(OC)cc1N(C)CCN(C)C,8.52,IC50
CHEMBL5937036,C=CC(=O)Nc1cc(Nc2ncc(F)c(-c3cnc4c(c3)c(Cl)cn4C)n2)c(OC)cc1N1CCC(N(C)C)CC1,8.3,IC50
CHEMBL5877254,C=CC(=O)Nc1cc(Nc2ncc(F)c(-c3cnc4c(c3)c(Cl)cn4C)n2)c(OC)cc1N(C)CCN(C)C,9.0,IC50
CHEMBL5819277,C=CC(=O)Nc1cc(Nc2nccc(-c3cnc4c(ccn4C(C)C)c3)n2)c(OC)cc1N(C)CCN(C)C,8.4,IC50
CHEMBL5766528,C=CC(=O)Nc1cc(Nc2ncc(Cl)c(-c3cnc4c(ccn4C(C)C)c3)n2)c(OC)cc1N(C)CCN(C)C,8.7,IC50
CHEMBL5748865,C=CC(=O)Nc1cc(Nc2ncc(Cl)c(-c3cnc4c(ccn4C4CC4)c3)n2)c(OC)cc1N(C)CCN(C)C,8.7,IC50
CHEMBL5959718,C=CC(=O)Nc1cccc(Oc2nc(Nc3cccc(OCCN4CCCC4=O)c3)ncc2F)c1,7.26,IC50
CHEMBL5887560,C=CC(=O)N1CCOc2ccc(Nc3nc(Nc4ccc(OC)nc4)ncc3C(C)=O)cc21,7.26,IC50
CHEMBL5946210,C=CC(=O)Nc1cccc(Nc2nc(Nc3ccc(OC)nc3)ncc2OC)c1,7.26,IC50
CHEMBL5964110,C=CC(=O)Nc1cccc(Nc2nc(Nc3ccc(OCCOC)c(OCCOC)c3)ncc2F)c1,7.26,IC50
CHEMBL5983473,C=CC(=O)Nc1cccc(Nc2ncc(F)c(Nc3ccc(O[C@H]4CCOC4)cc3)n2)c1,7.26,IC50
CHEMBL6037302,C=CC(=O)Nc1cccc(Nc2nc(Nc3ccc(OCCOCCN=[N+]=[N-])cc3)ncc2F)c1,7.26,IC50
CHEMBL5809369,C=CC(=O)Nc1cccc(Nc2nc(Nc3ccc(O[C@H](C)CO)c(F)c3)ncc2F)c1,7.26,IC50
CHEMBL5922408,C=CC(=O)Nc1cccc(Nc2nc(Nc3ccc(O[C@@H](C)CO)c(F)c3)ncc2F)c1,7.26,IC50
CHEMBL5854828,C=CC(=O)Nc1cccc(Nc2nc(Nc3ccc(OCCN=[N+]=[N-])cc3)ncc2F)c1,7.26,IC50
CHEMBL5769228,C=CC(=O)Nc1cccc(Nc2nc(Nc3ccc(O[C@@H](C)COC(=O)[C@@H](N)C(C)C)c(F)c3)ncc2F)c1,7.26,IC50
CHEMBL5856323,COCCOc1ccc(Nc2ncc(F)c(Nc3ccc(CC(=O)C=C4CCC4)cc3)n2)cc1F,7.26,IC50
CHEMBL5781756,C=CC(=O)N1CCCC(n2nc(-c3ccc(Oc4ccc(Cl)cc4)cc3)c(C(N)=O)c2N)C1,8.1,IC50
CHEMBL5926524,C=CC(=O)N1CCC[C@@H](n2nc(-c3ccc(Oc4ncc(Cl)cc4F)cc3)c(C(N)=O)c2N)C1,8.54,IC50
CHEMBL5903044,C=CC(=O)N1CCC[C@@H](n2nc(-c3ccc(Oc4ccc(Cl)cn4)cc3)c(C(N)=O)c2N)C1,7.53,IC50
CHEMBL5771584,Cc1ncsc1-c1ccc(CNC(=O)[C@@H]2C[C@@H](O)CN2C(=O)[C@@H](NC(=O)COCCOCCOCCN2CCN(Cc3ccc(-c4cc5c(NCc6ccccc6Cl)ncnc5[nH]4)cc3)CC2)C(C)(C)C)cc1,8.68,IC50
CHEMBL5747102,Cc1ncsc1-c1ccc(CNC(=O)[C@@H]2C[C@@H](O)CN2C(=O)[C@@H](NC(=O)COCCOCCOCCOCCN2CCN(Cc3ccc(-c4cc5c(NCc6ccccc6Cl)ncnc5[nH]4)cc3)CC2)C(C)(C)C)cc1,8.4,IC50
CHEMBL5892301,Cc1ncsc1-c1ccc(CNC(=O)[C@@H]2C[C@@H](O)CN2C(=O)[C@@H](NC(=O)COCCOCCOCCOCCOCCN2CCN(Cc3ccc(-c4cc5c(NCc6ccccc6Cl)ncnc5[nH]4)cc3)CC2)C(C)(C)C)cc1,8.26,IC50
CHEMBL6030352,Cc1ncsc1-c1ccc(CNC(=O)[C@@H]2C[C@@H](O)CN2C(=O)[C@@H](NC(=O)COCCOCCN2CCN(Cc3ccc(-c4cc5c(NCc6ccccc6Cl)ncnc5[nH]4)cc3)CC2)C(C)(C)C)cc1,8.38,IC50
CHEMBL6028345,Cc1ncsc1-c1ccc(CNC(=O)[C@@H]2C[C@@H](O)CN2C(=O)[C@@H](NC(=O)COCCN2CCN(Cc3ccc(-c4cc5c(NCc6ccccc6Cl)ncnc5[nH]4)cc3)CC2)C(C)(C)C)cc1,8.39,IC50
CHEMBL6037318,O=C1CCC(N2C(=O)c3cccc(NCCOCCOCCOCCN4CCN(Cc5ccc(-c6cc7c(NCc8ccccc8Cl)ncnc7[nH]6)cc5)CC4)c3C2=O)C(=O)N1,8.54,IC50
CHEMBL5789149,O=C1CCC(N2C(=O)c3cccc(NCCOCCOCCOCCOCCN4CCN(Cc5ccc(-c6cc7c(NCc8ccccc8Cl)ncnc7[nH]6)cc5)CC4)c3C2=O)C(=O)N1,9.0,IC50
CHEMBL5944645,O=C1CCC(N2C(=O)c3cccc(NCCOCCOCCOCCOCCOCCN4CCN(Cc5ccc(-c6cc7c(NCc8ccccc8Cl)ncnc7[nH]6)cc5)CC4)c3C2=O)C(=O)N1,8.77,IC50
CHEMBL5759210,O=C1CCC(N2C(=O)c3cccc(NCCOCCOCCN4CCN(Cc5ccc(-c6cc7c(NCc8ccccc8Cl)ncnc7[nH]6)cc5)CC4)c3C2=O)C(=O)N1,8.72,IC50
CHEMBL5755313,O=C1CCC(N2C(=O)c3cccc(NCCOCCc4ccc(-c5cc6c(NCc7ccccc7Cl)ncnc6[nH]5)cc4)c3C2=O)C(=O)N1,9.85,IC50
CHEMBL6043242,O=C1CCC(N2C(=O)c3cccc(NCCOCCOCCOc4ccc(-c5cc6c(NCc7ccccc7Cl)ncnc6[nH]5)cc4)c3C2=O)C(=O)N1,7.08,IC50
CHEMBL6042374,O=C1CCC(N2C(=O)c3cccc(NCCOCCOc4ccc(-c5cc6c(NCc7ccccc7Cl)ncnc6[nH]5)cc4)c3C2=O)C(=O)N1,7.43,IC50
CHEMBL5980554,COc1cc2ncnc(Nc3ccc(F)c(Cl)c3)c2cc1NC(=O)/C=C/CN(C)CCCOCCCOCC(=O)N[C@H](C(=O)N1CC(O)C[C@@H]1C(=O)NCc1ccc(-c2scnc2C)cc1)C(C)(C)C,8.33,IC50
CHEMBL5199166,Cc1ncsc1-c1ccc(CNC(=O)[C@@H]2C[C@@H](O)CN2C(=O)[C@@H](NC(=O)CCCCCOCCCCOCCCCOc2cc3ncnc(Nc4ccc(F)c(Cl)c4)c3cc2NC(=O)/C=C/CN(C)C)C(C)(C)C)cc1,7.96,IC50
CHEMBL5992914,COC1CCN(c2nccc(Nc3cc4c(cn3)nc(COCCN3CCN(c5ccc6c(c5)C(=O)N(C5CCC(=O)NC5=O)C6=O)CC3)n4C(C)C)n2)CC1,7.02,IC50
CHEMBL5760517,COC1CCN(c2nccc(Nc3cc4c(cn3)nc(COCCN3CCN(CCOc5ccc6c(c5)C(=O)N(C5CCC(=O)NC5=O)C6=O)CC3)n4C(C)C)n2)CC1,7.44,IC50
CHEMBL6007655,COC1(CCN2CCN(c3ccc4c(c3)C(=O)N(C3CCC(=O)NC3=O)C4=O)CC2)CCN(c2nccc(Nc3cc4c(cn3)nc(C)n4C(C)C)n2)CC1,7.6,IC50
CHEMBL5740251,O=C1CCC(N2C(=O)c3ccc(OCCN4CCN(Cc5ccc(C6Cc7c(NCc8ccccc8Cl)ncnc7N6)cc5)CC4)cc3C2=O)C(=O)N1,7.92,IC50
CHEMBL5971019,Cc1ncsc1-c1ccc(CNC(=O)[C@@H]2C[C@@H](O)CN2C(=O)[C@@H](NC(=O)COCCOCCOCCOCC#Cc2cccc3c2C(=O)N(C(C(=O)Nc2nccs2)c2cc(F)ccc2O)C3)C(C)(C)C)cc1,7.0,IC50
CHEMBL6023442,Cc1ncsc1-c1ccc([C@H](C)NC(=O)[C@H]2C[C@H](O)CN2C(=O)[C@@H](NC(=O)COCCOCCOCCOCCOCCOCC#Cc2cccc3c2C(=O)N([C@@H](C(=O)Nc2nccs2)c2cc(F)ccc2O)C3)C(C)(C)C)cc1,7.16,IC50
CHEMBL5867430,COC1CCN(c2nccc(Nc3cc4c(cn3)nc(COCCN3CCN(c5ccc6c(c5)C(=O)N(C5CCC(=O)NC5=O)C6=O)CC3)n4C(C)(C)C)n2)CC1,7.8,IC50
CHEMBL6052248,COC1CCN(c2nccc(Nc3cc4c(cn3)nc(COCCN3CCN(c5ccc(OCCCN6CCN(c7ccc8c(c7)C(=O)N(C7CCC(=O)NC7=O)C8=O)CC6)cc5)CC3)n4C(C)C)n2)CC1,7.47,IC50
CHEMBL5789905,Cc1ncsc1-c1ccc(CNC(=O)[C@@H]2C[C@@H](O)CN2C(=O)[C@@H](NC(=O)CO[C@H]2C[C@H](Oc3ccc(N4CCN(CCOCc5nc6cnc(Nc7ccnc(-c8cnn(S(=O)(=O)C9CC9)c8)n7)cc6n5C(C)C)CC4)cc3)C2)C(C)(C)C)cc1,7.77,IC50
CHEMBL5995787,CC(C)n1c(COCCN2CCN(c3ccc(OCCCN4CCN(c5ccc6c(c5)C(=O)N(C5CCC(=O)NC5=O)C6=O)CC4)cc3)CC2)nc2cnc(Nc3ccnc(-c4cnn(S(=O)(=O)C5CC5)c4)n3)cc21,8.89,IC50
CHEMBL6057769,Cc1ncsc1-c1ccc([C@H](C)NC(=O)[C@@H]2C[C@@H](O)CN2C(=O)[C@@H](NC(=O)COCCCOc2ccc(N3CCN(CCOCc4nc5cnc(Nc6ccnc(-c7cnn(S(=O)(=O)C8CC8)c7)n6)cc5n4C(C)C)CC3)cc2)C(C)(C)C)cc1,7.8,IC50
CHEMBL6051409,Cc1ncsc1-c1ccc([C@H](C)NC(=O)[C@@H]2C[C@@H](O)CN2C(=O)[C@@H](NC(=O)COCCOCCCNCC2CN(c3nn(C(C)C)c4cc(Nc5ccnc(-c6cnn(S(=O)(=O)C7CC7)c6)n5)ncc34)C2)C(C)(C)C)cc1,9.57,IC50
CHEMBL5899723,Cc1ncsc1-c1ccc([C@H](C)NC(=O)[C@@H]2C[C@@H](O)CN2C(=O)[C@@H](NC(=O)CN2CCN(CCOCCOCCOCCOCC#Cc3cccc4c3C(=O)N(C(C(=O)Nc3nccs3)c3cc(F)ccc3O)C4)CC2)C(C)(C)C)cc1,8.14,IC50
CHEMBL5839771,Cc1ncsc1-c1ccc([C@H](C)NC(=O)[C@@H]2C[C@@H](O)CN2C(=O)[C@@H](NC(=O)COCCOCCOCCN2CCN(CCOCC#Cc3cccc4c3C(=O)N(C(C(=O)Nc3nccs3)c3cc(F)ccc3O)C4)CC2)C(C)(C)C)cc1,7.66,IC50
CHEMBL6012249,Cc1ncsc1-c1ccc([C@H](C)NC(=O)[C@@H]2C[C@@H](O)CN2C(=O)[C@@H](NC(=O)COCCN2CCN(CCOCCOCCOCC#Cc3cccc4c3C(=O)N(C(C(=O)Nc3nccs3)c3cc(F)ccc3O)C4)CC2)C(C)(C)C)cc1,7.8,IC50
CHEMBL5984029,CC(C)n1nc(N2CCN(CC3CCN(c4ccc5c(c4)C(=O)N(C4CCC(=O)NC4=O)C5=O)CC3)CC2)c2cnc(Nc3ccnc(-c4cnn(S(=O)(=O)C5CC5)c4)n3)cc21,9.46,IC50
CHEMBL5965216,CC(C)n1nc(N2CC(CN3CCN(CC4CCN(c5ccc6c(c5)C(=O)N(C5CCC(=O)NC5=O)C6=O)CC4)CC3)C2)c2cnc(Nc3ccnc(-c4cnn(S(=O)(=O)C5CC5)c4)n3)cc21,9.59,IC50
CHEMBL5755507,CC(C)n1nc(N2CC(CN[C@H]3C[C@H](Oc4ccc5c(c4)C(=O)N(C4CCC(=O)NC4=O)C5=O)C3)C2)c2cnc(Nc3ccnc(-c4cnn(S(=O)(=O)C5CC5)c4)n3)cc21,9.52,IC50
CHEMBL5765056,COc1cc2ncnc(Nc3ccc(F)c(Cl)c3)c2cc1N1CC2(CCN(C)CC2)OC1=O,7.78,IC50
CHEMBL5997498,COc1cc2ncnc(Nc3cccc(Cl)c3F)c2cc1N1CC2(CCN(C)CC2)OC1=O,10.7,IC50
CHEMBL5921815,COc1cc2ncnc(Nc3cccc(Cl)c3OC)c2cc1N1CC2(CCN(C)CC2)OC1=O,7.52,IC50
CHEMBL5874605,COc1cc2ncnc(Nc3ccc(Cl)c(Cl)c3F)c2cc1N1CC2(CCN(C)CC2)OC1=O,10.15,IC50
CHEMBL5746224,CN1CCC2(CC1)CN(c1ccc3ncnc(Nc4cccc(Cl)c4F)c3c1)C(=O)O2,10.77,IC50
CHEMBL5790648,COc1cc2ncnc(Nc3cccc(Cl)c3F)c2cc1N1CC2(CN(C)C2)OC1=O,10.8,IC50
CHEMBL5915655,COc1cc2ncnc(Nc3cccc(Cl)c3F)c2cc1N1C[C@H](CN(C)C)OC1=O,10.3,IC50
CHEMBL5993268,COC[C@@H]1CN(c2cc3c(Nc4cccc(Cl)c4F)ncnc3cc2OC)C(=O)O1,10.42,IC50
CHEMBL5968640,CCN1CC2(C1)CN(c1cc3c(Nc4cccc(Cl)c4F)ncnc3cc1OC)C(=O)O2,10.66,IC50
CHEMBL6054692,CCCN1CC2(C1)CN(c1cc3c(Nc4cccc(Cl)c4F)ncnc3cc1OC)C(=O)O2,10.68,IC50
CHEMBL5786982,CC(C)N1CC2(CN(c3ccc4ncnc(Nc5cccc(Cl)c5F)c4c3)C(=O)O2)C1,9.94,IC50
CHEMBL4752026,Cc1nc(N2CCC3(CC2)CO[C@@H](C)[C@H]3N)c(CO)nc1-c1cccc(Cl)c1Cl,8.1,IC50
CHEMBL5763901,CC[C@@H](Nc1c(C#N)cnc2c(Cl)cc(N[C@H](C3=CN(C(C)C)NN3)c3cccnc3C)cc12)c1ccccc1,8.7,IC50
CHEMBL5986956,CC[C@@H](Nc1c(C#N)cnc2c(Cl)cc(N[C@H](C3=CN(C4CC4)NN3)c3ccc(F)nc3F)cc12)c1ccccc1,8.1,IC50
CHEMBL5914297,CC[C@@H](Nc1c(C#N)cnc2c(Cl)cc(N[C@H](C3=CN(CC4(O)COC4)NN3)c3cccnc3)cc12)c1ccccc1,8.7,IC50
CHEMBL5841647,CCN1CCC(N2C=C([C@@H](Nc3cc(Cl)c4ncc(C#N)c(Nc5ccc(F)c(Cl)c5)c4c3)c3cc(Cl)sc3Cl)NN2)CC1,8.05,IC50
CHEMBL5908279,CC(C)N1C=C([C@@H](Nc2cc(Cl)c3ncc(C#N)c(Nc4cnc(F)c(F)c4)c3c2)c2cccnc2)NN1,8.15,IC50
CHEMBL5777631,CC(C)(C)CNc1c(C#N)cnc2c(C#N)cc(N[C@H](C3=CN(C4CC4)NN3)c3cccc4ncsc34)cc12,9.0,IC50
CHEMBL5882388,N#Cc1cnc2c(Cl)cc(N[C@H](C3=CNNN3)c3ccc4ncsc4c3)cc2c1Nc1ccc(F)c(Cl)c1,7.68,IC50
CHEMBL5985094,N#Cc1cnc2c(Cl)cc(NC(C3=CN(C4CC4)NN3)c3ccc(F)nc3)cc2c1N[C@H](CCF)c1ccccc1,8.4,IC50
CHEMBL5777725,CC(C)N1C=C([C@@H](Nc2cc(Cl)c3ncc(C#N)c(Nc4ccc(F)c(Cl)c4)c3c2)c2cccc3c2CCN3)NN1,7.57,IC50
CHEMBL5999776,CCN1Cc2cccc([C@H](Nc3cc(Cl)c4ncc(C#N)c(Nc5ccc(F)c(Cl)c5)c4c3)C3=CN(C4CCN(C(C)(C)C)CC4)NN3)c2C1,7.96,IC50
CHEMBL5741973,CC(C)(C)N1CCC(N2C=C([C@@H](Nc3cc(Cl)c4ncc(C#N)c(Nc5ccc(F)c(Cl)c5)c4c3)c3cccc4c3CN(C3COC3)C4)NN2)CC1,8.15,IC50
CHEMBL5907670,CC(C)(C)N1CCC(N2C=C([C@@H](Nc3cc(Cl)c4ncc(C#N)c(Nc5ccc(F)c(Cl)c5)c4c3)c3cccc4c3CN(C(=O)CO)C4)NN2)CC1,8.7,IC50
CHEMBL5755992,CC[C@@H](Nc1c(C#N)cnc2c(Cl)cc(N[C@H](C3=CN(C(F)(F)CO)NN3)c3cccnc3)cc12)c1ccccc1,8.7,IC50
CHEMBL6031178,CC(C)Oc1ccc([C@H](Nc2cc(Cl)c3ncc(C#N)c(Nc4ccc(F)c(Cl)c4)c3c2)C2=CN(C3CCN(C(C)(C)C)CC3)NN2)cn1,7.28,IC50
CHEMBL6038037,CC(C)(C)N1CCC(N2C=C([C@@H](Nc3cc(Cl)c4ncc(C#N)c(Nc5ccc(F)c(Cl)c5)c4c3)C3CCOCC3)NN2)CC1,7.55,IC50
CHEMBL5785047,CC(C)(C)CNc1c(C#N)cnc2c(C#N)cc(N[C@H](C3=CN(C4CC4)NN3)c3cccc4c3C(=O)NC4)cc12,8.7,IC50
CHEMBL5983827,CCN1CCC(N2C=C(C(Nc3cc(Cl)c4ncc(C#N)c(Nc5ccc(F)c(Cl)c5)c4c3)c3cscn3)NN2)CC1,8.7,IC50
CHEMBL5807191,CC(C)N1C=C([C@@H](Nc2cc(Cl)c3ncc(C#N)c(Nc4ccc(F)c(Cl)c4)c3c2)c2cncc(C(=O)N3CCCC3)c2)NN1,7.85,IC50
CHEMBL5772446,CC[C@@H](Nc1c(C#N)cnc2c(C#N)cc(N[C@@H](C3=CN(C)NN3)c3ccc(F)nc3)cc12)c1ccccc1,8.7,IC50
CHEMBL6002527,CC(C)(C)CNc1c(C#N)cnc2c(C#N)cc(N[C@H](C3=CN(C4CC4)NN3)c3cccc4c3CCN4)cc12,8.4,IC50
CHEMBL5966530,CC(C)(C)CNc1c(C#N)cnc2c(Br)cc(N[C@H](C3=CN(C4CC4)NN3)c3cccc4c3CCN4)cc12,7.92,IC50
CHEMBL5904771,CC(C)(C)CNc1c(C#N)cnc2c(Br)cc(N[C@H](C3=CN(C4CC4)NN3)c3cccc4c3SCN4)cc12,8.7,IC50
CHEMBL5996357,CC(C)(C)CNc1c(C#N)cnc2c(Cl)cc(N[C@H](C3=CN(C4CC4)NN3)c3cccc4c3CN(C3COC3)C4)cc12,8.22,IC50
CHEMBL5924696,CC(C)(C)CNc1c(C#N)cnc2c(Cl)cc(N[C@H](C3=CN(C4CC4)NN3)c3cccc4c3CNC4)cc12,9.0,IC50
CHEMBL5993206,CC(C)N1C=C([C@@H](Nc2cc(Cl)c3ncc(C#N)c(Nc4ccc(F)c(Cl)c4)c3c2)c2cccc3c2CNN3C)NN1,7.92,IC50
CHEMBL6065436,CC(C)N1C=C([C@@H](Nc2cc(Cl)c3ncc(C#N)c(Nc4cnc(F)c(F)c4)c3c2)c2cccc3c2CCN3)NN1,7.77,IC50
CHEMBL5742497,N#Cc1cnc2c(Cl)cc(N[C@H](C3=CNNN3)c3cccc4c3CCN4)cc2c1Nc1cnc(F)c(F)c1,7.47,IC50
CHEMBL5889186,N#Cc1cnc2c(Cl)cc(N[C@H](C3=CNNN3)c3cccc4c3CNC4)cc2c1Nc1cnc(F)c(F)c1,8.3,IC50
CHEMBL6007769,N#Cc1cnc2c(Cl)cc(N[C@H](C3=CN(C4COC4)NN3)c3cccc4c3SCN4)cc2c1Nc1cnc(F)c(F)c1,8.15,IC50
CHEMBL5885285,N#Cc1cnc2c(Cl)cc(N[C@H](C3=CNNN3)c3cccc4c3SCN4)cc2c1Nc1cnc(F)c(F)c1,7.96,IC50
CHEMBL5972607,CC(C)N1C=C([C@@H](Nc2cc(Cl)c3ncc(C#N)c(Nc4ccc(F)c(Cl)c4)c3c2)c2cccc3c2CCN(C2COC2)C3)NN1,8.1,IC50
CHEMBL5810642,CC(C)(C)N1CCC(N2C=C([C@@H](Nc3cc(Cl)c4ncc(C#N)c(Nc5ccc(F)c(Cl)c5)c4c3)c3cccc4c3CCN(C3COC3)C4)NN2)CC1,8.05,IC50
CHEMBL5778271,CC[C@@H](Nc1c(C#N)cnc2c(Cl)cc(N[C@H](C3=CN(C(C)(C)C)NN3)c3cccc4c3CNC4)cc12)c1ccccc1,8.52,IC50
CHEMBL6028878,N#Cc1cnc2c(Cl)cc(N[C@H](C3=CNNN3)c3cccc4c3CNC4)cc2c1Nc1ccc(Cl)c(Cl)c1F,7.8,IC50
CHEMBL6059063,CC(C)N1C=C([C@@H](Nc2cc(Cl)c3ncc(C#N)c(Nc4ccc(F)c(Cl)c4)c3c2)c2cccc3c2C(=O)N(C)C3)NN1,7.6,IC50
CHEMBL5830978,CN1Cc2cccc([C@H](Nc3cc(Cl)c4ncc(C#N)c(Nc5ccc(F)c(Cl)c5)c4c3)C3=CN(C4CCN(C(C)(C)C)CC4)NN3)c2C1=O,7.96,IC50
CHEMBL5937054,CC(C)N1C=C([C@@H](Nc2cc(Cl)c3ncc(C#N)c(Nc4ccc(F)c(Cl)c4)c3c2)c2cccc3c2C(=O)NC3)NN1,8.22,IC50
CHEMBL6007835,CC(C)(C)N1CCC(N2C=C([C@@H](Nc3cc(Cl)c4ncc(C#N)c(Nc5ccc(F)c(Cl)c5)c4c3)c3cccc4c3C(=O)NC4)NN2)CC1,8.1,IC50
CHEMBL5955416,CC(C)(C)N1CCC(N2C=C([C@@H](Nc3cc(Cl)c4ncc(C#N)c(Nc5ccc(F)c(Cl)c5)c4c3)c3cccc4c3NCS4)NN2)CC1,7.48,IC50
CHEMBL5885084,CC(C)N1C=C([C@@H](Nc2cc(Cl)c3ncc(C#N)c(Nc4ccc(F)c(Cl)c4)c3c2)c2cccc3c2CN(C2COC2)C3)NN1,8.05,IC50
CHEMBL5873071,CC(C)N1C=C([C@@H](Nc2cc(Cl)c3ncc(C#N)c(Nc4ccc(F)c(Cl)c4)c3c2)c2cccc3c2CN(C(=O)CO)C3)NN1,8.7,IC50
CHEMBL5903081,N#Cc1cnc2c(Cl)cc(N[C@H](C3=CNNN3)c3cccc4c3CN(C(=O)CO)C4)cc2c1Nc1ccc(F)c(Cl)c1,8.52,IC50
CHEMBL6004905,N#Cc1cnc2c(Cl)cc(N[C@H](C3=CNNN3)c3cccc4c3CN(C3COC3)C4)cc2c1Nc1ccc(F)c(Cl)c1,7.6,IC50
CHEMBL5963322,CC(C)N1C=C([C@@H](Nc2cc(Cl)c3ncc(C#N)c(Nc4ccc(F)c(Cl)c4)c3c2)c2cccc3c2CNC3)NN1,8.7,IC50
CHEMBL6001160,CC(C)N1C=C([C@@H](Nc2cc(Cl)c3ncc(C#N)c(Nc4ccc(F)c(Cl)c4)c3c2)c2ccc3c(c2)CNCC3)NN1,7.16,IC50
CHEMBL5785692,CC(C)(C)N1CCC(N2C=C([C@@H](Nc3cc(Cl)c4ncc(C#N)c(Nc5ccc(F)c(Cl)c5)c4c3)c3ccc4c(c3)NCC4)NN2)CC1,7.26,IC50
CHEMBL5846022,CC(C)(C)N1CCC(N2C=C([C@@H](Nc3cc(Cl)c4ncc(C#N)c(Nc5ccc(F)c(Cl)c5)c4c3)c3cccc4c3SCN4)NN2)CC1,8.4,IC50
CHEMBL6020599,CCN1Cc2ccc([C@H](Nc3cc(Cl)c4ncc(C#N)c(Nc5ccc(F)c(Cl)c5)c4c3)C3=CNNN3)cc2C1,7.09,IC50
CHEMBL5880248,CCN1Cc2cccc([C@H](Nc3cc(Cl)c4ncc(C#N)c(Nc5ccc(F)c(Cl)c5)c4c3)C3=CNNN3)c2C1,7.96,IC50
CHEMBL6030662,N#Cc1cnc2c(Cl)cc(N[C@H](C3=CNNN3)c3ccc4c(c3)CNC4)cc2c1Nc1ccc(F)c(Cl)c1,7.24,IC50
CHEMBL5881330,N#Cc1cnc2c(Cl)cc(N[C@H](C3=CNNN3)c3cccc4c3CNC4)cc2c1Nc1ccc(F)c(Cl)c1,8.22,IC50
CHEMBL6020683,CC(C)(C)N1CCC(N2C=C([C@@H](Nc3cc(Cl)c4ncc(C#N)c(Nc5ccc(F)c(Cl)c5)c4c3)c3ccc4c(c3)CNC4)NN2)CC1,7.22,IC50
CHEMBL5792679,CCN1Cc2ccc([C@H](Nc3cc(Cl)c4ncc(C#N)c(Nc5ccc(F)c(Cl)c5)c4c3)C3=CN(C4CCN(C(C)(C)C)CC4)NN3)cc2C1,8.7,IC50
CHEMBL5879075,CC(C)(C)N1CCC(N2C=C([C@@H](Nc3cc(Cl)c4ncc(C#N)c(Nc5ccc(F)c(Cl)c5)c4c3)c3cccc4c3CNC4)NN2)CC1,8.7,IC50
CHEMBL5990188,CC(C)(C)N1CCC(N2C=C([C@@H](Nc3cc(Cl)c4ncc(C#N)c(Nc5ccc(F)c(Cl)c5)c4c3)c3cccc4c3CCN4)NN2)CC1,8.7,IC50
CHEMBL5981434,CC(C)N1C=C([C@@H](Nc2cc(Cl)c3ncc(C#N)c(Nc4ccc(F)c(Cl)c4)c3c2)c2ccc3ncsc3c2)NN1,7.96,IC50
CHEMBL5827666,CC(C)(C)N1CCC(N2C=C([C@@H](Nc3cc(Cl)c4ncc(C#N)c(Nc5ccc(F)c(Cl)c5)c4c3)c3ccc4scnc4c3)NN2)CC1,8.7,IC50
CHEMBL5916404,CC(C)(C)N1CCC(N2C=C([C@@H](Nc3cc(Cl)c4ncc(C#N)c(Nc5ccc(F)c(Cl)c5)c4c3)c3ccc4ncsc4c3)NN2)CC1,8.3,IC50
CHEMBL5780557,CC(C)(C)N1CCC(N2C=C([C@@H](Nc3cc(Cl)c4ncc(C#N)c(Nc5ccc(F)c(Cl)c5)c4c3)c3ccc4sccc4c3)NN2)CC1,8.0,IC50
CHEMBL5778571,CCN1CCC(N2C=C([C@@H](Nc3cc(Cl)c4ncc(C#N)c(Nc5ccc(F)c(Cl)c5)c4c3)c3ccc4cccnc4c3)NN2)CC1,8.3,IC50
CHEMBL5763277,CC(C)(C)CNc1c(C#N)cnc2c(C#N)cc(N[C@H](C3=CN(C4(C(F)(F)F)CC4)NN3)c3cccc4ncsc34)cc12,8.52,IC50
CHEMBL5853577,CC(C)(C)CNc1c(C#N)cnc2c(C#N)cc(N[C@H](C3=CN(C4(C#N)CC4)NN3)c3cccc4ncsc34)cc12,9.0,IC50
CHEMBL5883991,N#CCC[C@@H](Nc1c(C#N)cnc2c(Cl)cc(N[C@H](C3=CN(C4CC4)NN3)c3cccc4c3CNC4)cc12)c1ccccc1,9.0,IC50
CHEMBL5940893,N#CCC[C@@H](Nc1c(C#N)cnc2c(Cl)cc(N[C@H](C3=CN(C4CC4)NN3)c3cccc4ncsc34)cc12)c1ccccc1,8.7,IC50
CHEMBL5809860,CC(C)(C)CNc1c(C#N)cnc2c(Br)cc(N[C@H](C3=CN(C4CC4)NN3)c3cccc4nc(N)sc34)cc12,8.3,IC50
CHEMBL6039752,N#CCC[C@@H](Nc1c(C#N)cnc2c(Cl)cc(N[C@](O)(C3=CN(C4CC4)NN3)c3cccnc3F)cc12)c1ccccc1,8.7,IC50
CHEMBL6003270,Cc1nc(F)ccc1[C@](O)(Nc1cc(Cl)c2ncc(C#N)c(N[C@H](CCC#N)c3ccccc3)c2c1)C1=CN(C2CC2)NN1,9.0,IC50
CHEMBL5824924,N#CCC[C@@H](Nc1c(C#N)cnc2c(Cl)cc(N[C@](O)(C3=CN(C4CC4)NN3)c3cccnc3Cl)cc12)c1ccccc1,8.7,IC50
CHEMBL5871844,Cc1ncccc1[C@H](Nc1cc(Cl)c2ncc(C#N)c(N[C@H](CCC#N)c3ccccc3)c2c1)C1=CN(C2CC2)NN1,9.0,IC50
CHEMBL5796361,N#CCC[C@@H](Nc1c(C#N)cnc2c(Cl)cc(N[C@H](C3=CN(C4CC4)NN3)c3cccnc3)cc12)c1ccccc1,8.7,IC50
CHEMBL5876875,CC(C)(C)CNc1c(C#N)cnc2c(C#N)cc(N[C@H](C3=CN(C4CC4)NN3)c3cccc4c3CNC4=O)cc12,9.0,IC50
CHEMBL5886724,CN1Cc2cccc([C@H](Nc3cc(C#N)c4ncc(C#N)c(NCC(C)(C)C)c4c3)C3=CN(C4CC4)NN3)c2C1=O,8.52,IC50
CHEMBL5873442,CC(C)(C)CNc1c(C#N)cnc2c(Br)cc(N[C@H](C3=CN(C4CC4)NN3)c3cccc4c3C(=O)NC4)cc12,8.52,IC50
CHEMBL5805378,CC(C)(C)CNc1c(C#N)cnc2c(Cl)cc(NC(C3=CN(C4CC4)NN3)c3csc4c3CCN(C3COC3)C4)cc12,9.0,IC50
CHEMBL5814794,N#CCCC(Nc1c(C#N)cnc2c(Cl)cc(N[C@H](C3=CN(C4C5CN(C6COC6)CC54)NN3)c3csc4c3CCN(C3COC3)C4)cc12)c1ccccc1,8.7,IC50
CHEMBL5812367,N#CCC[C@@H](Nc1c(C#N)cnc2c(Cl)cc(N[C@H](C3=CN(C4CC4)NN3)c3csc4c3CCN(C3COC3)C4)cc12)c1ccccc1,9.0,IC50
CHEMBL5942555,CC(C)(C)CNc1c(C#N)cnc2c(Cl)cc(N[C@@H](C3=CN(CC(=O)O)NN3)c3ccc(F)nc3)cc12,8.4,IC50
CHEMBL5786339,N#CCC[C@@H](Nc1c(C#N)cnc2c(Cl)cc(N[C@@H](C3=CN(C4CC4)NN3)c3ccc(F)nc3)cc12)c1ccccc1,8.7,IC50
CHEMBL5901440,N#CCC[C@H](Nc1c(C#N)cnc2c(Cl)cc(N[C@@H](C3=CN(C4CC4)NN3)c3ccc(F)nc3)cc12)c1ccccc1,8.0,IC50
CHEMBL5817731,N#CCCC(Nc1c(C#N)cnc2c(Cl)cc(N[C@H](C3=CN(C4CC4)NN3)c3csc4c3CCN(C3COC3)C4)cc12)c1ccccc1,9.0,IC50
CHEMBL5887910,CC1(C)COCCC1Nc1c(C#N)cnc2c(Cl)cc(N[C@@H](C3=CN(C4CC4)NN3)c3ccc(F)nc3)cc12,8.7,IC50
CHEMBL6018511,N#CCCC(Nc1c(C#N)cnc2c(Cl)cc(NC(c3ccc(F)nc3)c3cn(C4CC4)nn3)cc12)c1ccccc1,8.7,IC50
CHEMBL5876724,COc1c(Cl)cccc1Nc1c(C#N)cnc2c(Cl)cc(N[C@@H](C3=CN(C4CC4)NN3)c3ccc(F)nc3)cc12,8.7,IC50
CHEMBL5922274,N#Cc1cnc2c(Cl)cc(N[C@@H](C3=CN(C4CC4)NN3)c3ccc(F)nc3)cc2c1NC1C2CC3CC(C2)CC1C3,8.7,IC50
CHEMBL5846978,COc1ccc(Nc2c(C#N)cnc3c(Cl)cc(N[C@@H](C4=CN(C5CC5)NN4)c4ccc(F)nc4)cc23)cc1Cl,8.4,IC50
CHEMBL5740900,CC[C@@H](Nc1c(C#N)cnc2c(OC)cc(N[C@@H](C3=CN(C4CC4)NN3)c3ccc(F)nc3)cc12)c1ccccc1,8.0,IC50
CHEMBL5998332,COc1cc(N[C@@H](C2=CN(C3CC3)NN2)c2ccc(F)nc2)cc2c(NCC(C)(C)C)c(C#N)cnc12,7.92,IC50
CHEMBL5747597,CN1C=C([C@H](Nc2cc(C#N)c3ncc(C#N)c(NCC(C)(C)C)c3c2)c2ccc(F)nc2)NN1,8.52,IC50
CHEMBL5867757,N#CC[C@@H](Nc1c(C#N)cnc2c(C#N)cc(N[C@@H](C3=CN(C4CC4)NN3)c3ccc(F)nc3)cc12)c1ccccc1,8.52,IC50
CHEMBL5939261,CC[C@@H](Nc1c(C#N)cnc2c(Cl)cc(NC(C3=CN(C4CC4)NN3)c3scnc3C)cc12)c1ccccc1,8.4,IC50
CHEMBL5870511,Cc1ncsc1C(Nc1cc(Cl)c2ncc(C#N)c(NCC(C)(C)C)c2c1)C1=CN(C2CC2)NN1,8.52,IC50
CHEMBL5850886,CC(C)(C)CNc1c(C#N)cnc2c(Cl)cc(NC(C3=CN(C4CC4)NN3)c3ccc(F)nc3F)cc12,8.52,IC50
CHEMBL5761989,CC(C)(C)CNc1c(C#N)cnc2c(Cl)cc(N[C@@H](C3=CN(C4CC4)NN3)c3cccnc3F)cc12,9.0,IC50
CHEMBL5758455,CC[C@@H](Nc1c(C#N)cnc2c(Cl)cc(N[C@@H](C3=CN(C4CC4)NN3)c3cccnc3F)cc12)c1ccccc1,8.52,IC50
CHEMBL5916523,CC[C@@H](Nc1c(C#N)cnc2c(Cl)cc(N[C@@H](C3=CN(C4CC4)NN3)c3ccc(F)nc3)cc12)c1ccccc1,8.7,IC50
CHEMBL5779576,N#CCCC(Nc1c(C#N)cnc2c(Cl)cc(N[C@@H](C3=CN(C4CC4)NN3)c3csc4c3CCN(C3COC3)C4)cc12)c1ccccc1,8.4,IC50
CHEMBL5747445,N#CCC[C@H](Nc1c(C#N)cnc2c(Cl)cc(NC(C3=CN(C4CC4)NN3)c3ccc(F)nc3)cc12)c1ccccc1,7.82,IC50
CHEMBL5885640,N#CCC[C@@H](Nc1c(C#N)cnc2c(Cl)cc(NC(C3=CN(C4CC4)NN3)c3ccc(F)nc3)cc12)c1ccccc1,8.52,IC50
CHEMBL5918532,CC(C)N1C=C([C@@H](Nc2cc(Cl)c3ncc(C#N)c(Nc4ccc(F)c(Cl)c4)c3c2)c2cccn3nccc23)NN1,8.3,IC50
CHEMBL5837504,CC[C@@H](Nc1c(C#N)cnc2c(Cl)cc(N[C@@H](C3=CN(C4CC4)NN3)c3cccnc3)cc12)c1ccccc1,8.7,IC50
CHEMBL5889231,N#Cc1cnc2c(Cl)cc(N[C@H](C3=CN(c4ccccc4)NN3)c3cccnc3)cc2c1Nc1cnc(F)c(F)c1,7.96,IC50
CHEMBL6050339,N#Cc1cnc2c(Cl)cc(N[C@H](C3=CNNN3)c3cccnc3Cl)cc2c1Nc1cnc(F)c(F)c1,7.92,IC50
CHEMBL5860200,N#Cc1cnc2c(Cl)cc(N[C@@H](C3=CN(c4ccccc4)NN3)c3cccnc3)cc2c1Nc1cnc(F)c(F)c1,8.15,IC50
CHEMBL5962327,N#Cc1cnc2c(Cl)cc(N[C@H](C3=CNNN3)c3cnc(F)c(F)c3)cc2c1Nc1cnc(F)c(F)c1,7.17,IC50
CHEMBL5986548,N#Cc1cnc2c(Cl)cc(N[C@@H](C3=CNNN3)c3cccnc3)cc2c1Nc1cnc(F)c(F)c1,8.3,IC50
CHEMBL5926126,Cn1nccc1[C@H](Nc1cc(Cl)c2ncc(C#N)c(Nc3cnc(F)c(F)c3)c2c1)C1=CNNN1,8.05,IC50
CHEMBL6036819,N#Cc1cnc2c(Cl)cc(N[C@H](C3=CNNN3)c3ccc(F)nc3)cc2c1Nc1cnc(F)c(F)c1,8.22,IC50
CHEMBL5851650,CC(C)(C)CNc1c(C#N)cnc2c(Cl)cc(N[C@H](C3=CNNN3)c3cccnc3)cc12,8.4,IC50
CHEMBL5820282,CC(C)(C)CNc1c(C#N)cnc2c(Cl)cc(N[C@H](C3=CN(C4COC4)NN3)c3cccnc3)cc12,8.22,IC50
CHEMBL5862502,Cc1nc(Cl)ccc1[C@H](Nc1cc(Cl)c2ncc(C#N)c(Nc3cnc(F)c(F)c3)c2c1)C1=CNNN1,7.85,IC50
CHEMBL5885768,Cc1ncsc1[C@H](Nc1cc(Cl)c2ncc(C#N)c(Nc3cnc(F)c(F)c3)c2c1)C1=CNNN1,8.22,IC50
CHEMBL5844686,Cc1ncccc1[C@H](Nc1cc(Cl)c2ncc(C#N)c(N[C@H](C)c3ccccc3)c2c1)C1=CN(C2COC2)NN1,8.0,IC50
CHEMBL6027214,Cc1ncccc1[C@H](Nc1cc(Cl)c2ncc(C#N)c(Nc3cnc(F)c(F)c3)c2c1)C1=CN(C2COC2)NN1,8.0,IC50
CHEMBL6047255,Cc1ncccc1[C@H](Nc1cc(Cl)c2ncc(C#N)c(Nc3cnc(F)c(F)c3)c2c1)C1=CNNN1,8.15,IC50
CHEMBL5940905,CC[C@@H](Nc1c(C#N)cnc2c(Cl)cc(N[C@H](C3=CN(C4[C@H]5CN(C6COC6)C[C@@H]45)NN3)c3cccnc3)cc12)c1ccccc1,8.7,IC50
CHEMBL5828286,CC[C@@H](Nc1c(C#N)cnc2c(Cl)cc(N[C@H](C3=CN(CC#N)NN3)c3cccnc3)cc12)c1ccccc1,8.52,IC50
CHEMBL5889876,CC[C@@H](Nc1c(C#N)cnc2c(Cl)cc(N[C@H](C3=CN(CCCN4CCCC4)NN3)c3cccnc3)cc12)c1ccccc1,8.7,IC50
CHEMBL5968820,CCC(Nc1c(C#N)cnc2c(Cl)cc(N[C@H](C3=CN(CCF)NN3)c3cccnc3)cc12)c1ccccc1,8.7,IC50
CHEMBL5901017,N#Cc1cnc2c(Cl)cc(N[C@H](C3=CNNN3)c3cccnc3)cc2c1NC(CCO)c1ccccc1,8.15,IC50
CHEMBL5839834,CC[C@@H](Nc1c(C#N)cnc2c(Cl)cc(N[C@H](C3=CN(C4[C@H]5CNC[C@@H]45)NN3)c3cccnc3)cc12)c1ccccc1,9.0,IC50
CHEMBL5997382,CC[C@@H](Nc1c(C#N)cnc2c(Cl)cc(N[C@H](C3=CN([C@@H](C)CF)NN3)c3cccnc3)cc12)c1ccccc1,8.7,IC50
CHEMBL5961822,N#Cc1cnc2c(Cl)cc(N[C@H](C3=CN(C4COC4)NN3)c3cccnc3)cc2c1NC(CCO)c1ccccc1,7.89,IC50
CHEMBL5786207,CC(C)N1C=C([C@@H](Nc2cc(Cl)c3ncc(C#N)c(NC(CCO)c4ccccc4)c3c2)c2cccnc2)NN1,8.1,IC50
CHEMBL5746985,CC(C)N1C=C([C@@H](Nc2cc(Cl)c3ncc(C#N)c(N[C@@H](c4ccccc4)C(C)(C)O)c3c2)c2cccnc2)NN1,7.17,IC50
CHEMBL5776072,N#Cc1cnc2c(Cl)cc(N[C@H](C3=CN(CCF)NN3)c3cccnc3)cc2c1Nc1cnc(F)c(F)c1,8.1,IC50
CHEMBL6060509,CC[C@@H](Nc1c(C#N)cnc2c(Cl)cc(N[C@H](C3=CN(C(C)C(F)(F)F)NN3)c3cccnc3)cc12)c1ccccc1,8.05,IC50
CHEMBL5906294,CC[C@@H](Nc1c(C#N)cnc2c(Cl)cc(N[C@H](C3=CN(C4CC4)NN3)c3cccnc3)cc12)c1ccccc1,8.7,IC50
CHEMBL6041859,CC[C@@H](Nc1c(C#N)cnc2c(Cl)cc(N[C@H](C3=CN(C(C)(C)C)NN3)c3cccnc3)cc12)c1ccccc1,8.52,IC50
CHEMBL5860718,CC[C@@H](Nc1c(C#N)cnc2c(Cl)cc(N[C@H](C3=CN(C(C)C)NN3)c3cccnc3)cc12)c1ccccc1,8.7,IC50
CHEMBL5990005,CC[C@@H](Nc1c(C#N)cnc2c(Cl)cc(N[C@H](C3=CN(C4COC4)NN3)c3cccnc3)cc12)c1ccccc1,8.7,IC50
CHEMBL5933251,CC[C@@H](Nc1c(C#N)cnc2c(Cl)cc(N[C@H](C3=CN(CC(F)(F)F)NN3)c3cccnc3)cc12)c1ccccc1,8.4,IC50
CHEMBL6036276,N#Cc1cnc2c(Cl)cc(N[C@H](C3=CN(C4COC4)NN3)c3cccnc3)cc2c1Nc1cccc(Cl)c1,8.22,IC50
CHEMBL5941741,C[C@@H](CF)N1C=C([C@@H](Nc2cc(Cl)c3ncc(C#N)c(Nc4cnc(F)c(F)c4)c3c2)c2cccnc2)NN1,8.05,IC50
CHEMBL5780659,CC(C)(C)N1C=C([C@@H](Nc2cc(Cl)c3ncc(C#N)c(Nc4cnc(F)c(F)c4)c3c2)c2cccnc2)NN1,7.77,IC50
CHEMBL5857090,N#Cc1cnc2c(Cl)cc(N[C@H](C3=CN(C4COC4)NN3)c3cccnc3)cc2c1Nc1cnc(F)c(F)c1,8.05,IC50
CHEMBL5836136,N#Cc1cnc2c(Cl)cc(N[C@H](C3=CN(CCCN4CCCC4)NN3)c3cccnc3)cc2c1Nc1cnc(F)c(F)c1,8.15,IC50
CHEMBL5752653,N#Cc1cnc2c(Cl)cc(N[C@H](C3=CN(C4COC4)NN3)c3cccnc3)cc2c1NC1CCOCC1,7.25,IC50
CHEMBL5874033,CC(N1C=C([C@@H](Nc2cc(Cl)c3ncc(C#N)c(Nc4cnc(F)c(F)c4)c3c2)c2cccnc2)NN1)C(F)(F)F,7.14,IC50
CHEMBL6000674,N#Cc1cnc2c(Cl)cc(N[C@H](C3=CN(C4CC4)NN3)c3cccnc3)cc2c1Nc1cnc(F)c(F)c1,8.52,IC50
CHEMBL5920399,N#Cc1cnc2c(Cl)cc(N[C@H](C3=CNNN3)c3cccnc3)cc2c1Nc1cnc(F)c(F)c1,8.3,IC50
CHEMBL6028585,CC(C)(C)N1CCC(N2C=C([C@@H](Nc3cc(Cl)c4ncc(C#N)c(Nc5cnc(F)c(F)c5)c4c3)c3cccnc3)NN2)CC1,7.92,IC50
CHEMBL6061819,N#Cc1cnc2c(Cl)cc(N[C@H](C3=CN(CC(F)(F)F)NN3)c3cccnc3)cc2c1Nc1cnc(F)c(F)c1,7.64,IC50
CHEMBL5839283,N#Cc1cnc2c(Cl)cc(N[C@@H](C3=CCOCC3)C3=CN(C4COC4)NN3)cc2c1Nc1ccc(Cl)c(Cl)c1F,8.0,IC50
CHEMBL5793789,N#Cc1cnc2c(Cl)cc(N[C@@H](C3=CCOCC3)C3=CNNN3)cc2c1Nc1ccc(Cl)c(Cl)c1F,7.8,IC50
CHEMBL5770747,CC[C@@H](Nc1c(C#N)cnc2c(Cl)cc(N[C@H](C3=CN(C4CCCC4)NN3)c3cccnc3)cc12)c1ccccc1,8.52,IC50
CHEMBL6047629,Cn1nccc1[C@H](Nc1cc(Cl)c2ncc(C#N)c(Nc3ccc(Cl)c(Cl)c3F)c2c1)C1=CNNN1,7.42,IC50
CHEMBL5989405,Cc1ncsc1[C@H](Nc1cc(Cl)c2ncc(C#N)c(Nc3ccc(Cl)c(Cl)c3F)c2c1)C1=CN(C2COC2)NN1,7.92,IC50
CHEMBL6011498,Cc1ncccc1[C@H](Nc1cc(Cl)c2ncc(C#N)c(N[C@H](CO)c3ccccc3)c2c1)C1=CNNN1,7.58,IC50
CHEMBL5964497,CC[C@@H](Nc1c(C#N)cnc2c(Cl)cc(N[C@H](C3=CNNN3)c3cccnc3C)cc12)c1ccccc1,8.4,IC50
CHEMBL5817509,CC[C@@H](Nc1c(C#N)cnc2c(Cl)cc(N[C@H](C3=CN(C4CCN(C(C)(C)C)CC4)NN3)c3cccnc3C)cc12)c1ccccc1,8.7,IC50
CHEMBL5818806,N#Cc1cnc2c(Cl)cc(N[C@H](C3=CNNN3)c3csc4c3CCN(C3COC3)C4)cc2c1Nc1ccc(Cl)c(Cl)c1F,7.72,IC50
CHEMBL6015868,CC(C)(C)N1CCC(N2C=C([C@@H](Nc3cc(Cl)c4ncc(C#N)c(Nc5ccc(Cl)c(Cl)c5F)c4c3)c3csc4c3CCN(C3COC3)C4)NN2)CC1,8.15,IC50
CHEMBL5776172,Cc1ncccc1[C@H](Nc1cc(Cl)c2ncc(C#N)c(Nc3cccc(Cl)c3)c2c1)C1=CNNN1,7.92,IC50
CHEMBL5755194,Cc1ncccc1[C@H](Nc1cc(Cl)c2ncc(C#N)c(Nc3cccc(Cl)c3)c2c1)C1=CN(C(C)C)NN1,8.0,IC50
CHEMBL5771755,Cc1ncccc1[C@H](Nc1cc(Cl)c2ncc(C#N)c(Nc3cccc(Cl)c3)c2c1)C1=CN(C2CCN(C(C)(C)C)CC2)NN1,8.1,IC50
CHEMBL5970552,Cc1ncccc1[C@H](Nc1cc(Cl)c2ncc(C#N)c(Nc3ccc(Cl)c(Cl)c3F)c2c1)C1=CNNN1,7.36,IC50
CHEMBL5988897,Cc1cncc([C@H](Nc2cc(Cl)c3ncc(C#N)c(Nc4ccc(F)c(Cl)c4)c3c2)C2=CN(C(C)C)NN2)c1,7.75,IC50
CHEMBL5912978,Cc1ncccc1[C@H](Nc1cc(Cl)c2ncc(C#N)c(N[C@H](C)c3ccccc3)c2c1)C1=CNNN1,7.92,IC50
CHEMBL5743124,Cc1ncccc1[C@H](Nc1cc(Cl)c2ncc(C#N)c(N[C@H](C)c3ccccc3)c2c1)C1=CN(C(C)C)NN1,8.05,IC50
CHEMBL6060281,Cc1ncccc1[C@H](Nc1cc(Cl)c2ncc(C#N)c(N[C@H](C)c3ccccc3)c2c1)C1=CN(C2CCN(C(C)(C)C)CC2)NN1,8.1,IC50
CHEMBL6012981,Cc1ncccc1[C@H](Nc1cc(Cl)c2ncc(C#N)c(Nc3ccc(Cl)c(Cl)c3F)c2c1)C1=CN(C(C)C)NN1,7.82,IC50
CHEMBL5903491,Cc1ncccc1[C@H](Nc1cc(Cl)c2ncc(C#N)c(Nc3ccc(Cl)c(Cl)c3F)c2c1)C1=CN(C2CCN(C(C)(C)C)CC2)NN1,8.1,IC50
CHEMBL5748931,Cc1ncsc1[C@H](Nc1cc(Cl)c2ncc(C#N)c(Nc3ccc(Cl)c(Cl)c3F)c2c1)C1=CNNN1,7.68,IC50
CHEMBL5866125,Cc1ncsc1[C@H](Nc1cc(Cl)c2ncc(C#N)c(Nc3ccc(Cl)c(Cl)c3F)c2c1)C1=CN(C(C)C)NN1,7.77,IC50
CHEMBL5768939,Cc1ncsc1[C@H](Nc1cc(Cl)c2ncc(C#N)c(Nc3ccc(Cl)c(Cl)c3F)c2c1)C1=CN(C2CCN(C(C)(C)C)CC2)NN1,8.05,IC50
CHEMBL5903174,C[C@@H](Nc1c(C#N)cnc2c(Cl)cc(N[C@H](C3=CN(C4CCN(C(C)(C)C)CC4)NN3)c3csc4c3CCN(C3COC3)C4)cc12)c1ccccc1,9.0,IC50
CHEMBL5807051,C[C@@H](Nc1c(C#N)cnc2c(Cl)cc(N[C@H](C3=CNNN3)c3csc4c3CCN(C3COC3)C4)cc12)c1ccccc1,8.52,IC50
CHEMBL5953946,Cc1ncsc1[C@H](Nc1cc(Cl)c2ncc(C#N)c(N[C@H](C)c3ccccc3)c2c1)C1=CN(C(C)C)NN1,7.8,IC50
CHEMBL5740592,Cc1ncsc1[C@H](Nc1cc(Cl)c2ncc(C#N)c(N[C@H](C)c3ccccc3)c2c1)C1=CN(C2CCN(C(C)(C)C)CC2)NN1,7.8,IC50
CHEMBL5916200,CC(C)(C)N1CCC(N2C=C([C@@H](Nc3cc(Cl)c4ncc(C#N)c(Nc5cccc(Cl)c5F)c4c3)c3csc4c3CCN(C3COC3)C4)NN2)CC1,8.7,IC50
CHEMBL5814408,Cc1ncsc1[C@H](Nc1cc(Cl)c2ncc(C#N)c(N[C@H](C)c3ccccc3)c2c1)C1=CNNN1,7.39,IC50
CHEMBL6040910,CC(C)N1C=C([C@@H](Nc2cc(Cl)c3ncc(C#N)c(Nc4ccc(F)c(Cl)c4)c3c2)C2=CCOCC2)NN1,8.4,IC50
CHEMBL5897021,Cc1ncccc1[C@H](Nc1cc(Cl)c2ncc(C#N)c(Nc3cccc(Cl)c3F)c2c1)C1=CN(C(C)C)NN1,8.7,IC50
CHEMBL5976210,N#Cc1cnc2c(Cl)cc(N[C@H](C3=CNNN3)c3csc4c3CCN(C3COC3)C4)cc2c1Nc1cccc(Cl)c1F,8.22,IC50
CHEMBL6049695,Cc1ncccc1[C@H](Nc1cc(Cl)c2ncc(C#N)c(Nc3cccc(Cl)c3F)c2c1)c1cn(C2CCN(C(C)(C)C)CC2)nn1,8.7,IC50
CHEMBL5860261,Cc1ncccc1[C@H](Nc1cc(Cl)c2ncc(C#N)c(Nc3cccc(Cl)c3F)c2c1)C1=CNNN1,8.4,IC50
CHEMBL5852943,Cc1cncc([C@H](Nc2cc(Cl)c3ncc(C#N)c(Nc4ccc(F)c(Cl)c4)c3c2)C2=CNNN2)c1,7.92,IC50
CHEMBL5748623,Cc1cncc([C@H](Nc2cc(Cl)c3ncc(C#N)c(Nc4ccc(F)c(Cl)c4)c3c2)C2=CN(C3CCN(C(C)(C)C)CC3)NN2)c1,8.3,IC50
CHEMBL5809604,Cc1ncsc1[C@H](Nc1cc(Cl)c2ncc(C#N)c(Nc3cccc(Cl)c3F)c2c1)C1=CNNN1,8.3,IC50
CHEMBL5743761,Cc1ncsc1[C@H](Nc1cc(Cl)c2ncc(C#N)c(Nc3cccc(Cl)c3F)c2c1)C1=CN(C(C)C)NN1,8.22,IC50
CHEMBL6056654,Cc1ncsc1[C@H](Nc1cc(Cl)c2ncc(C#N)c(Nc3cccc(Cl)c3F)c2c1)C1=CN(C(C)(C)C)NN1,8.4,IC50
CHEMBL5932750,CC[C@@H](Nc1c(C#N)cnc2c(Cl)cc(N[C@H](C3=CNNN3)c3cccnc3)cc12)c1ccccc1,8.52,IC50
CHEMBL5821647,C[C@@H](Nc1c(C#N)cnc2c(Cl)cc(N[C@H](C3=CNNN3)c3cccnc3)cc12)c1ccccc1,8.0,IC50
CHEMBL5843334,N#Cc1cnc2c(Cl)cc(N[C@H](C3=CNNN3)c3cccnc3)cc2c1Nc1ccc(Cl)c(Cl)c1F,7.8,IC50
CHEMBL5940715,N#Cc1cnc2c(Cl)cc(N[C@H](C3=CNNN3)c3cccnc3)cc2c1Nc1cccc(Cl)c1F,8.22,IC50
CHEMBL6022365,CC[C@@H](Nc1c(C#N)cnc2c(Cl)cc(N[C@H](C3=CN(C4CCN(C(C)(C)C)CC4)NN3)c3cccnc3)cc12)c1ccccc1,8.7,IC50
CHEMBL5975399,C[C@@H](Nc1c(C#N)cnc2c(Cl)cc(N[C@H](C3=CN(C4CCN(C(C)(C)C)CC4)NN3)c3cccnc3)cc12)c1ccccc1,8.22,IC50
CHEMBL5935668,CC(C)(C)N1CCC(N2C=C([C@@H](Nc3cc(Cl)c4ncc(C#N)c(Nc5ccc(Cl)c(Cl)c5F)c4c3)c3cccnc3)NN2)CC1,8.22,IC50
CHEMBL5886836,Cc1nc(C)c([C@H](Nc2cc(Cl)c3ncc(C#N)c(Nc4ccc(F)c(Cl)c4)c3c2)C2=CN(C3CCN(C(C)(C)C)CC3)NN2)s1,7.85,IC50
CHEMBL5785108,Cc1nc([C@H](Nc2cc(Cl)c3ncc(C#N)c(Nc4ccc(F)c(Cl)c4)c3c2)C2=CN(C3CCN(C(C)(C)C)CC3)NN2)c(C)o1,7.96,IC50
CHEMBL6057673,Cc1ocnc1[C@H](Nc1cc(Cl)c2ncc(C#N)c(Nc3ccc(F)c(Cl)c3)c2c1)C1=CN(C2CCN(C(C)(C)C)CC2)NN1,7.89,IC50
CHEMBL5985881,CC(C)(C)N1CCC(N2C=C([C@@H](Nc3cc(Cl)c4ncc(C#N)c(Nc5ccc(F)c(Cl)c5)c4c3)C3=CCOCC3)NN2)CC1,8.7,IC50
CHEMBL6041205,Cc1ncoc1[C@H](Nc1cc(Cl)c2ncc(C#N)c(Nc3ccc(F)c(Cl)c3)c2c1)C1=CN(C2CCN(C(C)(C)C)CC2)NN1,7.85,IC50
CHEMBL5857449,Cn1cnc([C@H](Nc2cc(Cl)c3ncc(C#N)c(Nc4ccc(F)c(Cl)c4)c3c2)C2=CNNN2)c1,7.43,IC50
CHEMBL5872217,Cn1cnc([C@H](Nc2cc(Cl)c3ncc(C#N)c(Nc4ccc(F)c(Cl)c4)c3c2)C2=CN(C3CCN(C(C)(C)C)CC3)NN2)c1,7.52,IC50
CHEMBL5755978,Cn1ccc([C@H](Nc2cc(Cl)c3ncc(C#N)c(Nc4ccc(F)c(Cl)c4)c3c2)C2=CN(C3CCN(C(C)(C)C)CC3)NN2)n1,7.92,IC50
CHEMBL6000647,N#Cc1cnc2c(Cl)cc(N[C@H](C3=CNNN3)c3csc4c3CCN(C3COC3)C4)cc2c1Nc1ccc(F)c(Cl)c1,8.22,IC50
CHEMBL5904564,CCN1CCc2c([C@H](Nc3cc(Cl)c4ncc(C#N)c(Nc5ccc(F)c(Cl)c5)c4c3)C3=CNNN3)csc2C1,8.4,IC50
CHEMBL5854771,Cc1ccc([C@H](Nc2cc(Cl)c3ncc(C#N)c(Nc4ccc(F)c(Cl)c4)c3c2)C2=CNNN2)cn1,8.05,IC50
CHEMBL5931729,Cc1ncccc1[C@H](Nc1cc(Cl)c2ncc(C#N)c(Nc3ccc(F)c(Cl)c3)c2c1)C1=CNNN1,8.3,IC50
CHEMBL5918623,Cc1ccc([C@H](Nc2cc(Cl)c3ncc(C#N)c(Nc4ccc(F)c(Cl)c4)c3c2)C2=CN(COC(=O)C(C)(C)C)NN2)cn1,7.29,IC50
CHEMBL5949488,Cc1ncccc1[C@H](Nc1cc(Cl)c2ncc(C#N)c(Nc3ccc(F)c(Cl)c3)c2c1)C1=CN(COC(=O)C(C)(C)C)NN1,7.92,IC50
CHEMBL5937064,N#Cc1cnc2c(Cl)cc(N[C@H](C3=CNNN3)c3csc4c3CCNC4)cc2c1Nc1ccc(F)c(Cl)c1,8.15,IC50
CHEMBL5809367,N#Cc1cnc2c(Cl)cc(N[C@H](C3=CNNN3)c3cscn3)cc2c1Nc1ccc(F)c(Cl)c1,8.22,IC50
CHEMBL5794447,N#Cc1cnc2c(Cl)cc(N[C@H](C3=CNNN3)c3cncs3)cc2c1Nc1ccc(F)c(Cl)c1,8.15,IC50
CHEMBL6024214,CCN1CCc2c([C@H](Nc3cc(Cl)c4ncc(C#N)c(Nc5ccc(F)c(Cl)c5)c4c3)C3=CN(C4COC4)NN3)csc2C1,8.52,IC50
CHEMBL5886177,N#Cc1cnc2c(Cl)cc(N[C@H](C3=CN(C4COC4)NN3)c3csc4c3CCNC4)cc2c1Nc1ccc(F)c(Cl)c1,8.52,IC50
CHEMBL5940006,Cc1ccc([C@H](Nc2cc(Cl)c3ncc(C#N)c(Nc4ccc(F)c(Cl)c4)c3c2)C2=CN(C(C)C)NN2)cn1,7.8,IC50
CHEMBL5769603,Cc1ccc([C@H](Nc2cc(Cl)c3ncc(C#N)c(Nc4ccc(F)c(Cl)c4)c3c2)C2=CN(C3CCN(C(C)(C)C)CC3)NN2)cn1,7.89,IC50
CHEMBL5821349,Cc1ncccc1[C@H](Nc1cc(Cl)c2ncc(C#N)c(Nc3ccc(F)c(Cl)c3)c2c1)C1=CN(C(C)C)NN1,8.52,IC50
CHEMBL5925262,Cc1ncccc1[C@H](Nc1cc(Cl)c2ncc(C#N)c(Nc3ccc(F)c(Cl)c3)c2c1)C1=CN(C2CCN(C(C)(C)C)CC2)NN1,8.52,IC50
CHEMBL6013835,CC(C)(C)N1CCC(N2C=C(C(Nc3cc(Cl)c4ncc(C#N)c(Nc5cncc(Cl)c5)c4c3)c3cccnc3)NN2)CC1,7.85,IC50
CHEMBL6053138,CC(C)(C)N1CCC(N2C=C([C@@H](Nc3cc(Cl)c4ncc(C#N)c(Nc5ccc(F)c(F)c5)c4c3)c3cccnc3)NN2)CC1,8.1,IC50
CHEMBL5806205,CC(C)(C)N1CCC(N2C=C([C@@H](Nc3cc(Cl)c4ncc(C#N)c(Nc5cccc(Cl)c5F)c4c3)c3cccnc3)NN2)CC1,8.4,IC50
CHEMBL5933544,CC(C)(C)N1CCC(n2cc([C@@H](Nc3cc(Cl)c4ncc(C#N)c(NC5CCCCC5)c4c3)c3cccnc3)nn2)CC1,7.7,IC50
CHEMBL5894911,CC(C)(C)N1CCC(N2C=C([C@@H](Nc3cc(Cl)c4ncc(C#N)c(NC5CCCCCC5)c4c3)c3cccnc3)NN2)CC1,7.58,IC50
CHEMBL5978804,Cc1cc(Cl)ncc1[C@H](Nc1cc(Cl)c2ncc(C#N)c(Nc3ccc(F)c(Cl)c3)c2c1)C1=CN(C2CCN(C(C)(C)C)CC2)NN1,7.43,IC50
CHEMBL5924640,COc1ccc([C@H](Nc2cc(Cl)c3ncc(C#N)c(Nc4ccc(F)c(Cl)c4)c3c2)C2=CN(C3CCN(C(C)(C)C)CC3)NN2)cn1,7.92,IC50
CHEMBL5959323,CC(C)Oc1ncccc1[C@H](Nc1cc(Cl)c2ncc(C#N)c(Nc3ccc(F)c(Cl)c3)c2c1)C1=CN(C2CCN(C(C)(C)C)CC2)NN1,7.46,IC50
CHEMBL5799819,CC(C)(C)N1CCC(N2C=C([C@@H](Nc3cc(Cl)c4ncc(C#N)c(Nc5ccc(F)c(Cl)c5)c4c3)c3cnc(F)c(F)c3)NN2)CC1,7.77,IC50
CHEMBL5942595,Cc1nc(Cl)ccc1[C@H](Nc1cc(Cl)c2ncc(C#N)c(Nc3ccc(F)c(Cl)c3)c2c1)C1=CN(C(C)C)NN1,8.05,IC50
CHEMBL5771166,CC(C)N1C=C([C@@H](Nc2cc(Cl)c3ncc(C#N)c(Nc4ccc(F)c(Cl)c4)c3c2)c2ccc(Cl)nc2Cl)NN1,7.64,IC50
CHEMBL5881396,CC(C)N1C=C([C@@H](Nc2cc(Cl)c3ncc(C#N)c(Nc4ccc(F)c(Cl)c4)c3c2)c2cnc(Cl)cc2Cl)NN1,7.1,IC50
CHEMBL5777370,CC(C)N1C=C([C@@H](Nc2cc(Cl)c3ncc(C#N)c(Nc4ccc(F)c(Cl)c4)c3c2)c2cccnc2Cl)NN1,8.05,IC50
CHEMBL5809188,CC(C)N1C=C([C@@H](Nc2cc(Cl)c3ncc(C#N)c(Nc4ccc(F)c(Cl)c4)c3c2)c2cnco2)NN1,7.41,IC50
CHEMBL5940343,CC(C)(C)N1CCC(N2C=C([C@@H](Nc3cc(Cl)c4ncc(C#N)c(Nc5ccc(F)c(Cl)c5)c4c3)c3cnco3)NN2)CC1,7.75,IC50
CHEMBL5911677,CC(C)(C)N1CCC(N2C=C([C@@H](Nc3cc(Cl)c4ncc(C#N)c(Nc5ccc(F)c(Cl)c5)c4c3)c3csc(N4CCOCC4)n3)NN2)CC1,8.15,IC50
CHEMBL5975976,CC(C)N1C=C([C@@H](Nc2cc(Cl)c3ncc(C#N)c(Nc4ccc(F)c(Cl)c4)c3c2)c2csc(N3CCOCC3)n2)NN1,7.85,IC50
CHEMBL5774421,N#Cc1cnc2c(Cl)cc(N[C@H](C3=CN(C4COC4)NN3)c3csc(N4CCOCC4)n3)cc2c1Nc1ccc(F)c(Cl)c1,8.0,IC50
CHEMBL5871812,CC(C)N1C=C([C@@H](Nc2cc(Cl)c3ncc(C#N)c(Nc4ccc(F)c(Cl)c4)c3c2)c2cncs2)NN1,7.85,IC50
CHEMBL5860809,CC(C)N1C=C([C@@H](Nc2cc(Cl)c3ncc(C#N)c(Nc4ccc(F)c(Cl)c4)c3c2)c2ccnn2C)NN1,8.22,IC50
CHEMBL5771859,Cn1nccc1[C@H](Nc1cc(Cl)c2ncc(C#N)c(Nc3ccc(F)c(Cl)c3)c2c1)C1=CN(C2CCN(C(C)(C)C)CC2)NN1,8.52,IC50
CHEMBL5993924,Cc1ncsc1[C@H](Nc1cc(Cl)c2ncc(C#N)c(Nc3ccc(F)c(Cl)c3)c2c1)C1=CN(C(C)C)NN1,8.22,IC50
CHEMBL5761729,Cc1ncsc1[C@H](Nc1cc(Cl)c2ncc(C#N)c(Nc3ccc(F)c(Cl)c3)c2c1)C1=CN(C2CCN(C(C)(C)C)CC2)NN1,8.4,IC50
CHEMBL5847866,N#Cc1cnc2c(Cl)cc(N[C@H](C3=CNNN3)c3cccnc3)cc2c1Nc1ccc(F)c(Cl)c1,8.4,IC50
CHEMBL5897496,CC1(C)CC(N2C=C([C@@H](Nc3cc(Cl)c4ncc(C#N)c(Nc5ccc(F)c(Cl)c5)c4c3)c3cccnc3)NN2)CC(C)(C)N1,8.1,IC50
CHEMBL5754433,CC(C)(C)N1C=C([C@@H](Nc2cc(Cl)c3ncc(C#N)c(Nc4ccc(F)c(Cl)c4)c3c2)c2cocn2)NN1,7.4,IC50
CHEMBL5994362,CC(C)N1C=C([C@@H](Nc2cc(Cl)c3ncc(C#N)c(Nc4ccc(F)c(Cl)c4)c3c2)c2cocn2)NN1,7.89,IC50
CHEMBL5920148,N#Cc1cnc2c(Cl)cc(N[C@H](C3=CN(C4COC4)NN3)c3cccnc3)cc2c1Nc1ccc(F)c(Cl)c1,8.3,IC50
CHEMBL6022989,N#Cc1cnc2c(Cl)cc(N[C@H](C3=CN(C4CCN(C5COC5)CC4)NN3)c3cccnc3)cc2c1Nc1ccc(F)c(Cl)c1,7.82,IC50
CHEMBL5868587,CC(C)(C)N1CCC(N2C=C([C@@H](Nc3cc(Cl)c4ncc(C#N)c(Nc5ccc(F)c(Cl)c5)c4c3)c3cccnc3Cl)NN2)CC1,8.4,IC50
CHEMBL5815497,N#Cc1cnc2c(Cl)cc(N[C@H](C3=CN(Cc4ccccn4)NN3)c3cscn3)cc2c1Nc1ccc(F)c(Cl)c1,8.22,IC50
CHEMBL5876510,N#Cc1csc([C@H](Nc2cc(Cl)c3ncc(C#N)c(Nc4ccc(F)c(Cl)c4)c3c2)C2=CN(Cc3ccccn3)NN2)c1,7.8,IC50
CHEMBL6044251,Cc1nc(Cl)ccc1[C@H](Nc1cc(Cl)c2ncc(C#N)c(Nc3ccc(F)c(Cl)c3)c2c1)C1=CN(C2CCN(C(C)(C)C)CC2)NN1,8.1,IC50
CHEMBL5885757,N#Cc1cnc2c(Cl)cc(N[C@H](C3=CN(C4COC4)NN3)c3cccnc3Cl)cc2c1Nc1ccc(F)c(Cl)c1,8.3,IC50
CHEMBL5992704,Cc1nc(Cl)ccc1[C@H](Nc1cc(Cl)c2ncc(C#N)c(Nc3ccc(F)c(Cl)c3)c2c1)C1=CN(C2COC2)NN1,8.0,IC50
CHEMBL5900455,N#Cc1cnc2c(Cl)cc(N[C@H](C3=CN(C4COC4)NN3)c3ccc(Cl)nc3Cl)cc2c1Nc1ccc(F)c(Cl)c1,7.48,IC50
CHEMBL5998257,N#Cc1cnc2c(Cl)cc(N[C@H](C3=CN(C4COC4)NN3)c3cnc(Cl)cc3Cl)cc2c1Nc1ccc(F)c(Cl)c1,7.07,IC50
CHEMBL5892937,CC(C)(C)N1CCC(N2C=C([C@@H](Nc3cc(Cl)c4ncc(C#N)c(Nc5ccc(F)c(Cl)c5)c4c3)c3ccc(Cl)nc3Cl)NN2)CC1,7.7,IC50
CHEMBL5975928,CC(C)(C)N1CCC(N2C=C([C@@H](Nc3cc(Cl)c4ncc(C#N)c(Nc5ccc(F)c(Cl)c5)c4c3)c3cnc(Cl)cc3Cl)NN2)CC1,7.47,IC50
CHEMBL5820639,Cc1nc(Cl)ccc1[C@H](Nc1cc(Cl)c2ncc(C#N)c(Nc3ccc(F)c(Cl)c3)c2c1)C1=CN(CCO)NN1,8.4,IC50
CHEMBL5959081,N#Cc1cnc2c(Cl)cc(N[C@H](C3=CN(CCO)NN3)c3cccnc3Cl)cc2c1Nc1ccc(F)c(Cl)c1,8.52,IC50
CHEMBL5831214,N#Cc1cnc2c(Cl)cc(N[C@H](C3=CN(CCN4CCCCC4)NN3)c3cccnc3)cc2c1Nc1ccc(F)c(Cl)c1,8.4,IC50
CHEMBL5921189,N#Cc1cnc2c(Cl)cc(N[C@H](C3=CN(CCN4CCOCC4)NN3)c3cccnc3)cc2c1Nc1ccc(F)c(Cl)c1,8.0,IC50
CHEMBL5803419,N#Cc1csc([C@H](Nc2cc(Cl)c3ncc(C#N)c(Nc4ccc(F)c(Cl)c4)c3c2)C2=CN(C3COC3)NN2)c1,7.89,IC50
CHEMBL5822356,COCCOCCN1C=C([C@@H](Nc2cc(Cl)c3ncc(C#N)c(Nc4ccc(F)c(Cl)c4)c3c2)c2cccnc2)NN1,8.1,IC50
CHEMBL5864002,N#Cc1cnc2c(Cl)cc(N[C@H](C3=CN(CCOCCO)NN3)c3cccnc3)cc2c1Nc1ccc(F)c(Cl)c1,8.22,IC50
CHEMBL5806894,Cn1cncc1[C@H](Nc1cc(Cl)c2ncc(C#N)c(Nc3ccc(F)c(Cl)c3)c2c1)C1=CN(C2CCN(C(C)(C)C)CC2)NN1,7.42,IC50
CHEMBL5870529,CCN1CCc2c([C@H](Nc3cc(Cl)c4ncc(C#N)c(Nc5ccc(F)c(Cl)c5)c4c3)C3=CN(C(C)C)NN3)csc2C1,8.52,IC50
CHEMBL5914358,CC(C)N1C=C([C@@H](Nc2cc(Cl)c3ncc(C#N)c(Nc4ccc(F)c(Cl)c4)c3c2)c2csc3c2CCN(C)C3)NN1,8.52,IC50
CHEMBL5863579,CC(C)N1C=C([C@@H](Nc2cc(Cl)c3ncc(C#N)c(Nc4ccc(F)c(Cl)c4)c3c2)c2csc3c2CCNC3)NN1,8.52,IC50
CHEMBL5968711,CC(C)(C)N1CCC(N2C=C([C@@H](Nc3cc(Cl)c4ncc(C#N)c(Nc5ccc(F)c(Cl)c5)c4c3)c3ccc(F)nc3)NN2)CC1,8.4,IC50
CHEMBL5834830,CC(C)(C)N1CCC(N2C=C([C@@H](Nc3cc(Cl)c4ncc(C#N)c(Nc5ccc(F)c(Cl)c5)c4c3)c3cocn3)NN2)CC1,7.89,IC50
CHEMBL5822553,CC(C)(C)N1CCC(N2C=C([C@@H](Nc3cc(Cl)c4ncc(C#N)c(Nc5ccc(F)c(Cl)c5)c4c3)c3csc4ccc(Cl)cc34)NN2)CC1,7.39,IC50
CHEMBL5979209,CC(C)(C)N1CCC(N2C=C([C@@H](Nc3cc(Cl)c4ncc(C#N)c(Nc5ccc(Cl)c(Cl)c5)c4c3)c3cscn3)NN2)CC1,7.58,IC50
CHEMBL6048492,CC(C)(C)N1CCC(N2C=C([C@@H](Nc3cc(Cl)c4ncc(C#N)c(Nc5ccc(F)c(Cl)c5)c4c3)c3csc4ccccc34)NN2)CC1,8.0,IC50
CHEMBL5742171,N#Cc1cnc2c(Cl)cc(N[C@H](C3=CN(CCN4CCOCC4)NN3)c3cscn3)cc2c1Nc1ccc(F)c(Cl)c1,7.92,IC50
CHEMBL6064652,CC(C)(C)N1CCC(N2C=C([C@@H](Nc3cc(Cl)c4ncc(C#N)c(Nc5ccc(F)c(Cl)c5)c4c3)c3cscn3)NN2)CC1,8.4,IC50
CHEMBL6015440,N#Cc1cnc2c(Cl)cc(N[C@H](C3=CN(C4CCNCC4)NN3)c3cscn3)cc2c1Nc1ccc(F)c(Cl)c1,8.52,IC50
CHEMBL6053327,CN(C)CCN1C=C([C@@H](Nc2cc(Cl)c3ncc(C#N)c(Nc4ccc(F)c(Cl)c4)c3c2)c2cscn2)NN1,8.3,IC50
CHEMBL5920011,CC(C)N1C=C([C@@H](Nc2cc(Cl)c3ncc(C#N)c(Nc4ccc(F)c(Cl)c4)c3c2)c2cscn2)NN1,8.3,IC50
CHEMBL5937548,COCCN1C=C([C@@H](Nc2cc(Cl)c3ncc(C#N)c(Nc4ccc(F)c(Cl)c4)c3c2)c2cscn2)NN1,8.52,IC50
CHEMBL5895801,N#Cc1cnc2c(Cl)cc(N[C@H](C3=CN(CCN)NN3)c3cscn3)cc2c1Nc1ccc(F)c(Cl)c1,8.52,IC50
CHEMBL5934428,CN(C)CCCN1C=C([C@@H](Nc2cc(Cl)c3ncc(C#N)c(Nc4ccc(F)c(Cl)c4)c3c2)c2cscn2)NN1,8.4,IC50
CHEMBL5920220,CC(C)(C)N1C=C([C@@H](Nc2cc(Cl)c3ncc(C#N)c(Nc4ccc(F)c(Cl)c4)c3c2)c2cscn2)NN1,7.89,IC50
CHEMBL5939157,CCN1CCC(N2C=C([C@@H](Nc3cc(Cl)c4ncc(C#N)c(Nc5ccc(F)c(Cl)c5)c4c3)c3cccnc3)NN2)CC1,9.0,IC50
CHEMBL5965776,N#Cc1cnc2c(Cl)cc(N[C@H](C3=CN(C4COC4)NN3)c3cscn3)cc2c1Nc1ccc(F)c(Cl)c1,8.4,IC50
CHEMBL5827453,N#CCN1C=C([C@@H](Nc2cc(Cl)c3ncc(C#N)c(Nc4ccc(F)c(Cl)c4)c3c2)c2cscn2)NN1,8.15,IC50
CHEMBL6051171,CCN1CCC(N2C=C(C(Nc3cc(Cl)c4ncc(C#N)c(Nc5ccc(F)c(Cl)c5)c4c3)c3cncnc3)NN2)CC1,8.3,IC50
CHEMBL5990162,CCN1CCC(N2C=C(C(Nc3cc(Cl)c4ncc(C#N)c(Nc5ccc(F)c(Cl)c5)c4c3)c3ncccn3)NN2)CC1,7.89,IC50
CHEMBL5944555,CC(C)(C)N1CCC(N2C=C([C@@H](Nc3cc(Cl)c4ncc(C#N)c(Nc5ccc(F)c(Cl)c5)c4c3)c3cccnc3)NN2)CC1,8.52,IC50
CHEMBL5878893,CC(C)(C)N1CCC(N2C=C([C@@H](Nc3cc(Cl)c4ncc(C#N)c(Nc5ccc(F)c(Cl)c5)c4c3)c3cncs3)NN2)CC1,8.1,IC50
CHEMBL5744664,CCN1CCC(N2C=C([C@@H](Nc3cc(Cl)c4ncc(C#N)c(Nc5ccc(F)c(Cl)c5)c4c3)c3cscc3Cl)NN2)CC1,8.7,IC50
CHEMBL5750351,CCN1CCC(N2C=C([C@@H](Nc3cc(Cl)c4ncc(C#N)c(Nc5ccc(F)c(Cl)c5)c4c3)c3cc(C#N)cs3)NN2)CC1,8.7,IC50
CHEMBL5842313,CCCN1CCC(N2C=C([C@@H](Nc3cc(Cl)c4ncc(C#N)c(Nc5ccc(F)c(Cl)c5)c4c3)c3cncs3)NN2)CC1,8.52,IC50
CHEMBL5880020,CCN1CCC(N2C=C([C@H](c3cscn3)N(CC)c3cc(Cl)c4ncc(C#N)c(Nc5ccc(F)c(Cl)c5)c4c3)NN2)CC1,7.43,IC50
CHEMBL6048989,N#Cc1cnc2c(Cl)cc(N[C@H](C3=CN(C4CCNCC4)NN3)c3cncs3)cc2c1Nc1ccc(F)c(Cl)c1,8.4,IC50
CHEMBL5987128,CCN1CCC(N2C=C([C@@H](Nc3cc(Cl)c4ncc(C#N)c(Nc5ccc(F)c(Cl)c5)c4c3)c3cncs3)NN2)CC1,8.7,IC50
CHEMBL6062602,CCN1CCC(N2C=C([C@@H](Nc3cc(Cl)c4ncc(C#N)c(Nc5ccc(F)c(Cl)c5)c4c3)c3ccc(Cl)nc3)NN2)CC1,8.22,IC50
CHEMBL5973646,CCN1CCC(N2C=C([C@@H](Nc3cc(Cl)c4ncc(C#N)c(Nc5ccc(F)c(Cl)c5)c4c3)c3cccs3)NN2)CC1,7.85,IC50
CHEMBL5842644,CCN1CCC(N2C=C([C@@H](Nc3cc(Cl)c4ncc(C#N)c(Nc5ccc(F)c(Cl)c5)c4c3)c3cc(Cl)cs3)NN2)CC1,8.15,IC50
CHEMBL6051041,CCN1CCC(N2C=C([C@@H](Nc3cc(Cl)c4ncc(C#N)c(Nc5ccc(F)c(Cl)c5)c4c3)c3ccc(Cl)s3)NN2)CC1,7.85,IC50
CHEMBL6047881,CCN1CCC(N2C=C([C@@H](Nc3cc(Cl)c4ncc(C#N)c(Nc5ccc(F)c(Cl)c5)c4c3)c3sccc3Cl)NN2)CC1,7.96,IC50
CHEMBL5814097,CN1C=C(C(Nc2cc(Cl)c3ncc(C#N)c(Nc4ccc(F)c(Cl)c4)c3c2)c2cccnc2)NN1,8.4,IC50
CHEMBL5907964,Cn1cnc(C(Nc2cc(Cl)c3ncc(C#N)c(Nc4ccc(F)c(Cl)c4)c3c2)c2cccnc2)c1,8.05,IC50
CHEMBL5802612,N#Cc1cnc2c(Cl)cc(NC(C3=CN(C4CCNCC4)NN3)c3cccnc3)cc2c1Nc1ccc(F)c(Cl)c1,8.7,IC50
CHEMBL5871921,Cn1cc([C@@H](Nc2cc(Cl)c3ncc(C#N)c(Nc4ccc(F)c(Cl)c4)c3c2)c2cccnc2)nn1,8.52,IC50
CHEMBL5947797,CCN1CCC(N2C=C(C(Nc3cc(Cl)c4ncc(C#N)c(Nc5ccc(F)c(Cl)c5)c4c3)c3cccnc3)NN2)CC1,8.7,IC50
CHEMBL6003119,CC(C)N1C=C([C@@H](Nc2cc(Cl)c3ncc(C#N)c(Nc4ccc(F)c(Cl)c4)c3c2)c2cc(Br)cnc2Cl)NN1,7.5,IC50
CHEMBL5811490,CC(C)N1C=C([C@@H](Nc2cc(Cl)c3ncc(C#N)c(Nc4ccc(F)c(Cl)c4)c3c2)c2cncn2C)NN1,7.52,IC50
CHEMBL5795419,N#Cc1cnc2c(Cl)cc(N[C@H](C3=CN(C4COC4)NN3)c3cc(Br)cnc3Cl)cc2c1Nc1ccc(F)c(Cl)c1,7.22,IC50
CHEMBL5950050,CC(C)(C)N1CCC(N2C=C([C@@H](Nc3cc(Cl)c4ncc(C#N)c(Nc5ccc(F)c(Cl)c5)c4c3)c3cc(Br)cnc3Cl)NN2)CC1,8.0,IC50
CHEMBL5797927,N#Cc1cnc2c(Cl)cc(N[C@H](C3=CN(CCO)NN3)c3cc(Br)cnc3Cl)cc2c1Nc1ccc(F)c(Cl)c1,7.82,IC50
CHEMBL5753585,N#Cc1cnc2c(Cl)cc(N[C@H](C3=CN(CCO)NN3)c3ccc(Cl)nc3Cl)cc2c1Nc1ccc(F)c(Cl)c1,7.85,IC50
CHEMBL6044345,N#Cc1cnc2c(Cl)cc(N[C@H](C3=CN(CCO)NN3)c3cnc(Cl)cc3Cl)cc2c1Nc1ccc(F)c(Cl)c1,7.23,IC50
CHEMBL6017659,N#Cc1csc([C@H](Nc2cc(Cl)c3ncc(C#N)c(Nc4ccc(F)c(Cl)c4)c3c2)C2=CN(CCN3CCOCC3)NN2)c1,7.19,IC50
CHEMBL5966730,N#Cc1csc([C@H](Nc2cc(Cl)c3ncc(C#N)c(Nc4ccc(F)c(Cl)c4)c3c2)C2=CN(CCO)NN2)c1,8.52,IC50
CHEMBL5839323,N#Cc1cnc2c(Cl)cc(N[C@H](C3=CN(CCO)NN3)c3cccnc3)cc2c1Nc1ccc(F)c(Cl)c1,8.7,IC50
CHEMBL5807695,COCCN1C=C([C@@H](Nc2cc(Cl)c3ncc(C#N)c(Nc4ccc(F)c(Cl)c4)c3c2)c2cc(C#N)cs2)NN1,7.8,IC50
CHEMBL5794373,CC(C)N1C=C([C@@H](Nc2cc(Cl)c3ncc(C#N)c(Nc4ccc(F)c(Cl)c4)c3c2)c2cc(C#N)cs2)NN1,7.89,IC50
CHEMBL5885359,N#Cc1cnc2c(Cl)cc(N[C@H](C3=CN(CCO)NN3)c3cscn3)cc2c1Nc1ccc(F)c(Cl)c1,8.7,IC50
CHEMBL6052335,CCN1CCC(N2C=C([C@@H](Nc3cc(Cl)c4ncc(C#N)c(Nc5ccc(F)c(Cl)c5)c4c3)c3ccc(C(F)(F)F)s3)NN2)CC1,7.42,IC50
CHEMBL6036007,N#Cc1cnc2c(Cl)cc(N[C@H](C3=CN(C4CCNCC4)NN3)c3cc(Cl)cs3)cc2c1Nc1ccc(F)c(Cl)c1,7.85,IC50
CHEMBL5788794,N#Cc1cnc2c(Cl)cc(N[C@H](C3=CN(C4CCNCC4)NN3)c3ccc(Cl)s3)cc2c1Nc1ccc(F)c(Cl)c1,7.44,IC50
CHEMBL6060196,N#Cc1cnc2c(Cl)cc(N[C@H](C3=CN(C4CCNCC4)NN3)c3sccc3Cl)cc2c1Nc1ccc(F)c(Cl)c1,7.75,IC50
CHEMBL5790308,N#Cc1cnc2c(Cl)cc(N[C@H](C3=CN(C4CCNCC4)NN3)c3cccs3)cc2c1Nc1ccc(F)c(Cl)c1,8.0,IC50
CHEMBL5834938,CCN1CCC(N2C=C([C@@H](Nc3cc(Cl)c4ncc(C#N)c(Nc5ccc(F)c(Cl)c5)c4c3)c3ccsc3)NN2)CC1,8.52,IC50
CHEMBL5885438,N#Cc1cnc2c(Cl)cc(N[C@H](C3=CN(C4CCNCC4)NN3)c3ccsc3)cc2c1Nc1ccc(F)c(Cl)c1,8.3,IC50
CHEMBL5909441,CCN1CCC(N2C=C(C(Nc3cc(Cl)c4ncc(C#N)c(Nc5ccc(F)c(Cl)c5)c4c3)C3=CN(C)NN3)NN2)CC1,7.37,IC50
CHEMBL5814234,CN1C=C(C(Nc2cc(Cl)c3ncc(C#N)c(Nc4ccc(F)c(Cl)c4)c3c2)C2=CN(C3CCNCC3)NN2)NN1,7.34,IC50
CHEMBL5745455,CN1C=C(C(Nc2cc(Cl)c3ncc(C#N)c(Nc4ccc(F)c(Cl)c4)c3c2)C2=CN(C3CCN(C(C)(C)C)CC3)NN2)NN1,7.24,IC50
CHEMBL5967585,N#Cc1cnc2c(Cl)cc(NC(C3=CN([C@@H]4CCNC4)NN3)c3cccnc3)cc2c1Nc1ccc(F)c(Cl)c1,8.0,IC50
CHEMBL5750469,CCN1CC[C@@H](N2C=C(C(Nc3cc(Cl)c4ncc(C#N)c(Nc5ccc(F)c(Cl)c5)c4c3)c3cccnc3)NN2)C1,7.72,IC50
CHEMBL5952397,CC(C)(C)CNc1c(C#N)cnc2c(Br)cc(N[C@H](C3=CN(C4(C(N)=O)CC4)NN3)c3cccc4ncsc34)cc12,9.0,IC50
CHEMBL5935095,CC(C)(C)CNc1c(C#N)cnc2c(C#N)cc(N[C@H](C3=CN(C4(C(N)=O)CC4)NN3)c3cccc4ncsc34)cc12,9.0,IC50
CHEMBL5921291,CC[C@@H](Nc1c(C#N)cnc2c(C#N)cc(N[C@H](C3=CN(C4CC4)NN3)c3cccc4ncsc34)cc12)c1ccccc1,8.3,IC50
CHEMBL5907571,CC[C@@H](Nc1c(C#N)cnc2c(C#N)cc(N[C@H](C3=CN(C4(C(F)(F)F)CC4)NN3)c3cccc4ncsc34)cc12)c1ccccc1,8.15,IC50
CHEMBL5854469,Cc1nc(F)ccc1C(O)(Nc1cc(Cl)c2ncc(C#N)c(N[C@H](CCC#N)c3ccccc3)c2c1)C1=CN(C2(C(F)(F)F)CC2)NN1,8.4,IC50
CHEMBL5973924,N#CCC[C@@H](Nc1c(C#N)cnc2c(C#N)cc(N[C@H](C3=CN(C4CC4)NN3)c3csc4c3CCN(C3COC3)C4)cc12)c1ccccc1,9.0,IC50
CHEMBL5810106,CC(C)(C)CNc1c(C#N)cnc2c(Cl)cc(N[C@H](C3=CN(C4(C#N)CC4)NN3)c3cccc4ncsc34)cc12,8.52,IC50
CHEMBL5828219,CC(C)(C)CNc1c(C#N)cnc2c(Cl)cc(N[C@H](C3=CN(C4(C(N)=O)CC4)NN3)c3cccc4ncsc34)cc12,8.7,IC50
CHEMBL5841961,CC(C)(C)CNc1c(C#N)cnc2c(Cl)cc(N[C@H](C3=CN(C4(C(F)(F)F)CC4)NN3)c3cccc4ncsc34)cc12,8.05,IC50
CHEMBL5948463,CC(C)(C)CNc1c(C#N)cnc2c(Cl)cc(N[C@H](C3=CN(C4CC4)NN3)c3cccc4ncsc34)cc12,8.7,IC50
CHEMBL5749405,CC(C)(C)CNc1c(C#N)cnc2c(Cl)cc(N[C@H](C3=CN(C4CCN(C(C)(C)C)CC4)NN3)c3cccc4ncsc34)cc12,8.52,IC50
CHEMBL6054621,CC(C)(C)CNc1c(C#N)cnc2c(C#N)cc(N[C@H](C3=CN(C4CCN(C(C)(C)C)CC4)NN3)c3cccc4ncsc34)cc12,8.7,IC50
CHEMBL5811686,CC(C)(C)CNc1c(C#N)cnc2c(Cl)cc(N[C@H](C3=CN(C4(C(F)F)CC4)NN3)c3cccc4ncsc34)cc12,8.4,IC50
CHEMBL6054187,CC(C)(C)CNc1c(C#N)cnc2c(Cl)cc(N[C@H](C3=CN(C4CC4)NN3)C3=CC=CN4NCC=C34)cc12,8.7,IC50
CHEMBL5864323,Cn1ncc2c([C@H](Nc3cc(Cl)c4ncc(C#N)c(NCC(C)(C)C)c4c3)C3=CN(C4CC4)NN3)cccc21,8.52,IC50
CHEMBL6062292,CC(C)(C)CNc1c(C#N)cnc2c(C#N)cc(N[C@H](C3=CN(C4(C(F)F)CC4)NN3)c3cccc4ncsc34)cc12,8.7,IC50
CHEMBL5742774,CC(C)(C)CNc1c(C#N)cnc2c(Cl)cc(N[C@@](O)(C3=CN(CC(=O)N[SH](C)(=O)O)NN3)c3ccc(F)nc3)cc12,8.15,IC50
CHEMBL6031216,Cn1cc2c([C@H](Nc3cc(Cl)c4ncc(C#N)c(NCC(C)(C)C)c4c3)C3=CN(C4CC4)NN3)cccc2n1,8.7,IC50
CHEMBL5833201,Cc1nc2cccc([C@H](Nc3cc(C#N)c4ncc(C#N)c(NCC(C)(C)C)c4c3)C3=CN(C4CC4)NN3)c2s1,8.7,IC50
CHEMBL5834686,CC[C@@H](Nc1c(C#N)cnc2c(Cl)cc(N[C@H](C3=CN(C4CC4)NN3)c3cccc4c3CNC4)cc12)c1ccccc1,9.0,IC50
CHEMBL5778816,CC(C)(C)CNc1c(C#N)cnc2c(C#N)cc(N[C@H](C3=CN(C4(C(F)(F)F)CC4)NN3)c3csc4c3CCN(C3COC3)C4)cc12,8.7,IC50
CHEMBL5751543,Cc1nc2cccc([C@H](Nc3cc(C#N)c4ncc(C#N)c(NCC(C)(C)C)c4c3)C3=CN(C4(C(F)(F)F)CC4)NN3)c2s1,8.3,IC50
CHEMBL5982314,Cc1nc(F)ccc1[C@H](Nc1cc(Cl)c2ncc(C#N)c(N[C@H](CCC#N)c3ccccc3)c2c1)C1=CN(C2CC2)NN1,9.0,IC50
CHEMBL5826541,Cc1nc(F)ccc1[C@H](Nc1cc(Cl)c2ncc(C#N)c(NCC(C)(C)C)c2c1)C1=CN(C2(C(F)(F)F)CC2)NN1,8.4,IC50
CHEMBL5918652,CC(C)(C)CNc1c(C#N)cnc2c(C#N)cc(N[C@H](C3=CN(C4CC4)NN3)c3csc4c3CCN(C3COC3)C4)cc12,9.0,IC50
CHEMBL5907540,CC(C)(C)CNc1c(C#N)cnc2c(Cl)cc(N[C@H](C3=CN(C4(C)CC4)NN3)c3cccc4ncsc34)cc12,8.7,IC50
CHEMBL5945237,CC(C)(C)CNc1c(C#N)cnc2c(C#N)cc(N[C@H](C3=CN(C4(C)CC4)NN3)c3cccc4ncsc34)cc12,9.0,IC50
CHEMBL5972732,CC(C)(C)CNc1c(C#N)cnc2c(Cl)cc(N[C@H](C3=CN(C4CC4)NN3)c3ccc(F)nc3Cl)cc12,8.3,IC50
CHEMBL5890335,CC(C)(C)CNc1c(C#N)cnc2c(Cl)cc(N[C@H](C3=CN(C4CC4)NN3)c3cccc4ncccc34)cc12,8.7,IC50
CHEMBL5850505,CC(C)(C)CNc1c(C#N)cnc2c(Br)cc(N[C@H](C3=CN(C4(C(F)(F)F)CC4)NN3)c3cccc4ncsc34)cc12,7.89,IC50
CHEMBL5950707,CC[C@@H](Nc1c(C#N)cnc2c(Cl)cc(N[C@H](C3=CN(C4(C(F)(F)F)CC4)NN3)c3ccc(F)nc3C)cc12)c1ccccc1,8.15,IC50
CHEMBL5764261,CC(C)(C)CNc1c(C#N)cnc2c(C#N)cc(N[C@H](C3=CN(C4(CF)CC4)NN3)c3cccc4ncsc34)cc12,8.7,IC50
CHEMBL5756778,CC(C)(C)CNc1c(C#N)cnc2c(S(C)(=O)=O)cc(N[C@H](C3=CN(C4(C(F)(F)F)CC4)NN3)c3cccc4ncsc34)cc12,7.25,IC50
CHEMBL5804773,CC(C)(C)CNc1c(C#N)cnc2c(Cl)cc(N[C@H](C3=CN(C4CC4)NN3)c3cccc4cnccc34)cc12,9.0,IC50
CHEMBL5931977,CC(C)(C)CNc1c(C#N)cnc2c(Cl)cc(N[C@H](C3=CN(C4(C(F)F)CC4)NN3)c3cccc4c3CNC4)cc12,8.7,IC50
CHEMBL5960910,CC(C)(C)CNc1c(C#N)cnc2c(Cl)cc(N[C@H](C3=CN(C4CC4)NN3)c3cccn4cncc34)cc12,8.52,IC50
CHEMBL5767212,Cc1nc(F)ccc1[C@H](Nc1cc(Cl)c2ncc(C#N)c(NCC(C)(C)C)c2c1)C1=CN(C2(C(F)F)CC2)NN1,8.7,IC50
CHEMBL5758720,CC(C)(C)CNc1c(C#N)cnc2c(Cl)cc(N[C@H](C3=CN(C4CC4)NN3)c3cccc4[nH]ncc34)cc12,8.7,IC50
CHEMBL5846336,CC(C)(C)CNc1c(C#N)cnc2c(Cl)cc(N[C@H](C3=CN(C4CC4)NN3)c3cccc4scnc34)cc12,7.72,IC50
CHEMBL5920538,CC(C)(C)CNc1c(C#N)cnc2c(Cl)cc(N[C@H](C3=CN(C4CC4)NN3)c3cccc4cccnc34)cc12,7.7,IC50
CHEMBL5879127,CC(C)(C)CNc1c(C#N)cnc2c(C#N)cc(N[C@H](C3=CN(C4(C(F)(F)F)CC4)NN3)c3cccc4c3CNC4)cc12,8.52,IC50
CHEMBL5982032,CC1(C)COCCC1Nc1c(C#N)cnc2c(C#N)cc(N[C@H](C3=CN(C4(C(F)(F)F)CC4)NN3)c3cccc4ncsc34)cc12,8.4,IC50
CHEMBL5976274,CC(=O)c1cc(N[C@H](C2=CN(C3(C(F)(F)F)CC3)NN2)c2cccc3ncsc23)cc2c(NCC(C)(C)C)c(C#N)cnc12,8.05,IC50
CHEMBL5782179,Cc1nc(F)ccc1[C@H](Nc1cc(C#N)c2ncc(C#N)c(NCC(C)(C)C)c2c1)C1=CN(C2CC2)NN1,8.7,IC50
CHEMBL5847902,CC(C)(C)CNc1c(C#N)cnc2c(F)cc(N[C@H](C3=CN(C4(C(F)(F)F)CC4)NN3)c3cccc4ncsc34)cc12,7.54,IC50
CHEMBL5840159,CC(C)(C)ONc1c(C#N)cnc2c(C#N)cc(N[C@H](C3=CN(C4CC4)NN3)c3cccc4ncsc34)cc12,7.29,IC50
CHEMBL6026193,CC(C)(C)CNc1c(C#N)cnc2c(Cl)cc(N[C@H](C3=CN(C4(CO)CC4)NN3)c3cccc4ncsc34)cc12,8.4,IC50
CHEMBL6044637,Cn1cnc2cccc([C@H](Nc3cc(Cl)c4ncc(C#N)c(NCC(C)(C)C)c4c3)C3=CN(C4CC4)NN3)c21,8.52,IC50
CHEMBL5787019,CC(C)(C)CNc1c(C#N)cnc2c(C#N)cc(N[C@H](C3=CN(CC(F)(F)F)NN3)c3cccc4ncsc34)cc12,8.3,IC50
CHEMBL6054382,CC(C)(C)CNc1c(C#N)cnc2c(Cl)cc(N[C@H](C3=CN(C4(C(F)(F)F)CC4)NN3)c3cccc4ncccc34)cc12,7.77,IC50
CHEMBL5744692,CC(C)(C)CNc1c(C#N)cnc2c(Cl)cc(N[C@H](C3=CN(C4(C(N)=O)CCC4)NN3)c3cccc4ncsc34)cc12,8.7,IC50
CHEMBL5934729,CC(C)(C)CNc1c(C#N)cnc2c(C#N)cc(N[C@H](C3=CN(C4(c5ccncc5)CC4)NN3)c3cccc4ncsc34)cc12,9.0,IC50
CHEMBL6062783,CC(C)(C)CNc1c(C#N)cnc2c(C#N)cc(N[C@H](C3=CN(C4(CO)CC4)NN3)c3cccc4ncsc34)cc12,8.7,IC50
CHEMBL5917246,CC(C)(C)CNc1c(C#N)cnc2c(Cl)cc(N[C@H](C3=CN(C4CC4)NN3)c3cncc4cnccc34)cc12,7.55,IC50
CHEMBL5948727,CC(C)(C)CNc1c(C#N)cnc2c(C#N)cc(N[C@H](C3=CN(C4CC4)NN3)c3cccc4ncccc34)cc12,8.7,IC50
CHEMBL6019189,CC(C)(C)CNc1c(C#N)cnc2c(C#N)cc(N[C@H](C3=CN(C4CC4)NN3)c3cccc4cnccc34)cc12,9.0,IC50
CHEMBL6010478,CC(C)(C)CNc1c(C#N)cnc2c(C#N)cc(N[C@H](C3=CN(C4(C(F)(F)F)CC4)NN3)c3cccc4ncccc34)cc12,8.4,IC50
CHEMBL5966725,CC(C)(C)CNc1c(C#N)cnc2c(C#N)cc(N[C@H](C3=CN(C4(C(F)(F)F)CC4)NN3)c3cccc4cnccc34)cc12,8.7,IC50
CHEMBL5964531,Cc1nc(F)ccc1[C@H](Nc1cc(C#N)c2ncc(C#N)c(NCC(C)(C)C)c2c1)C1=CN(C2(C(F)(F)F)CC2)NN1,8.52,IC50
CHEMBL6040882,CC(C)(C)CNc1c(C#N)cnc2c(C#N)cc(N[C@H](C3=CN(C4(C(F)(F)F)CC4)NN3)c3cccc4[nH]ncc34)cc12,8.4,IC50
CHEMBL5847656,Cc1nc(F)ccc1[C@H](Nc1cc(C#N)c2ncc(C#N)c(NCC(C)(C)C)c2c1)C1=CN(C2(C(F)F)CC2)NN1,8.7,IC50
CHEMBL5996683,CC1(C)COCC[C@H]1Nc1c(C#N)cnc2c(C#N)cc(N[C@H](C3=CN(C4(C(F)(F)F)CC4)NN3)c3cccc4ncsc34)cc12,8.7,IC50
CHEMBL6016738,Cc1nc(F)ccc1[C@H](Nc1cc(Cl)c2ncc(C#N)c(NCC(C)(C)C)c2c1)C1=CN(C2(C#N)CC2)NN1,8.52,IC50
CHEMBL6053281,Cc1nc(F)ccc1[C@H](Nc1cc(Cl)c2ncc(C#N)c(NCC(C)(C)C)c2c1)C1=CN(C2(C(N)=O)CC2)NN1,8.7,IC50
CHEMBL5829060,Cc1nc(F)ccc1[C@H](Nc1cc(Cl)c2ncc(C#N)c(NCC(C)(C)C)c2c1)C1=CN(C2(C(N)=O)CCC2)NN1,9.0,IC50
CHEMBL5903857,Cc1nc(F)ccc1[C@H](Nc1cc(Cl)c2ncc(C#N)c(NCC(C)(C)C)c2c1)C1=CN(C2(C#N)CCC2)NN1,8.3,IC50
CHEMBL5809706,Cc1nc(F)ccc1[C@H](Nc1cc(Cl)c2ncc(C#N)c(NCC(C)(C)C)c2c1)C1=CN(C2(C)CC2)NN1,8.7,IC50
CHEMBL5993258,CC(C)(C)CNc1c(C#N)cnc2c(F)cc(N[C@H](C3=CN(C4(C(N)=O)CCC4)NN3)c3cccc4ncsc34)cc12,8.22,IC50
CHEMBL5883108,Cc1nc(F)ccc1[C@H](Nc1cc(Cl)c2ncc(C#N)c(NCC(C)(C)C)c2c1)C1=CN(C2(CO)CC2)NN1,8.52,IC50
CHEMBL6035726,Cn1cnc2cccc([C@H](Nc3cc(Cl)c4ncc(C#N)c(NCC(C)(C)C)c4c3)C3=CN(C4(C(F)(F)F)CC4)NN3)c21,8.15,IC50
CHEMBL5996579,Cn1cnc2cccc([C@H](Nc3cc(C#N)c4ncc(C#N)c(NCC(C)(C)C)c4c3)C3=CN(C4(C(F)(F)F)CC4)NN3)c21,8.52,IC50
CHEMBL5852720,Cc1nc(F)ccc1[C@H](Nc1cc(F)c2ncc(C#N)c(NCC(C)(C)C)c2c1)C1=CN(C2(C#N)CC2)NN1,8.52,IC50
CHEMBL5832921,Cc1nc(F)ccc1[C@H](Nc1cc(F)c2ncc(C#N)c(NCC(C)(C)C)c2c1)C1=CN(C2(C(N)=O)CC2)NN1,8.52,IC50
CHEMBL5930652,Cc1nc(F)ccc1[C@H](Nc1cc(F)c2ncc(C#N)c(NCC(C)(C)C)c2c1)C1=CN(C2(C(N)=O)CCC2)NN1,9.0,IC50
CHEMBL5970993,Cc1nc(F)ccc1[C@H](Nc1cc(F)c2ncc(C#N)c(NCC(C)(C)C)c2c1)C1=CN(C2(C)CC2)NN1,8.52,IC50
CHEMBL5805901,Cc1nc(F)ccc1[C@H](Nc1cc(C#N)c2ncc(C#N)c(NCC(C)(C)C)c2c1)C1=CN(C2(C#N)CC2)NN1,8.7,IC50
CHEMBL5878717,Cc1nc(F)ccc1[C@H](Nc1cc(C#N)c2ncc(C#N)c(NCC(C)(C)C)c2c1)C1=CN(C2(C(N)=O)CC2)NN1,9.0,IC50
CHEMBL5853085,Cc1nc(F)ccc1[C@H](Nc1cc(C#N)c2ncc(C#N)c(NCC(C)(C)C)c2c1)C1=CN(C2(C#N)CCC2)NN1,8.52,IC50
CHEMBL6023068,Cc1nc(F)ccc1[C@H](Nc1cc(C#N)c2ncc(C#N)c(NCC(C)(C)C)c2c1)C1=CN(C2(C)CC2)NN1,8.7,IC50
CHEMBL5837340,CC(C)(C)CNc1c(C#N)cnc2c(Cl)cc(N[C@H](C3=CN(C4(C(F)(F)F)CC4)NN3)c3cnn4ncccc34)cc12,7.51,IC50
CHEMBL5775013,Cc1nc(F)ccc1[C@H](Nc1cc(C#N)c2ncc(C#N)c(NCC(C)(C)C)c2c1)C1=CN(C2(C(N)=O)CCC2)NN1,9.0,IC50
CHEMBL6031721,Cc1nc(F)ccc1[C@H](Nc1cc(Cl)c2ncc(C#N)c(NCC(C)(C)C)c2c1)C1=CN(C2(CF)CC2)NN1,8.52,IC50
CHEMBL5828924,Cn1ncc2c([C@H](Nc3cc(Cl)c4ncc(C#N)c(NCC(C)(C)C)c4c3)C3=CN(C4(C(F)F)CC4)NN3)cccc21,8.22,IC50
CHEMBL5955109,Cn1cc2c([C@H](Nc3cc(Cl)c4ncc(C#N)c(NCC(C)(C)C)c4c3)C3=CN(C4(C(F)F)CC4)NN3)cccc2n1,8.22,IC50
CHEMBL5994000,CN1Cc2cccc([C@H](Nc3cc(Cl)c4ncc(C#N)c(NCC(C)(C)C)c4c3)C3=CN(C4(C(F)F)CC4)NN3)c2C1=O,7.72,IC50
CHEMBL5991947,Cn1cnc2cccc([C@H](Nc3cc(Cl)c4ncc(C#N)c(NCC(C)(C)C)c4c3)C3=CN(C4(C(F)F)CC4)NN3)c21,8.52,IC50
CHEMBL6008298,CC(C)(C)CNc1c(C#N)cnc2c(Cl)cc(N[C@H](C3=CN(C4(C(F)F)CC4)NN3)c3cccc4[nH]ncc34)cc12,8.1,IC50
CHEMBL5815828,Cc1nc(F)ccc1[C@H](Nc1cc(Cl)c2ncc(C#N)c(NCC3(C)CCC3)c2c1)C1=CN(C2(C(F)F)CC2)NN1,8.22,IC50
CHEMBL5797150,Cc1nc(F)ccc1[C@H](Nc1cc(C#N)c2ncc(C#N)c(NCC(C)(C)C)c2c1)C1=CN(C2(CF)CC2)NN1,8.7,IC50
CHEMBL6035688,CC(C)(C)CNc1c(C#N)cnc2c(Cl)cc(N[C@H](C3=CN(C4CC4)NN3)c3cccc4ccncc34)cc12,9.0,IC50
CHEMBL5787750,CC(C)(C)CNc1c(C#N)cnc2c(Cl)cc(N[C@@H](C3=CN(C4(C(F)F)CC4)NN3)c3cccnc3F)cc12,8.3,IC50
CHEMBL5769390,CC(C)(C)CNc1c(C#N)cnc2c(Cl)cc(N[C@H](C3=CN(C4(C(F)F)CC4)NN3)c3cccnc3)cc12,8.1,IC50
CHEMBL5831433,Cc1ncccc1[C@@H](Nc1cc(Cl)c2ncc(C#N)c(NCC(C)(C)C)c2c1)C1=CN(C2(C(F)F)CC2)NN1,8.7,IC50
CHEMBL5921108,CC(C)(C)CNc1c(C#N)cnc2c(Cl)cc(N[C@H](C3=CN(C4(C(F)F)CC4)NN3)c3cccc4ncccc34)cc12,8.4,IC50
CHEMBL5906478,CC(C)(C)CNc1c(C#N)cnc2c(Cl)cc(N[C@@H](C3=CN(C4(C(F)F)CC4)NN3)c3cccnc3Cl)cc12,8.3,IC50
CHEMBL6022955,Cc1nc(F)ccc1[C@H](Nc1cc(Cl)c2ncc(C#N)c(NC3CCOC3(C)C)c2c1)C1=CN(C2(C(F)F)CC2)NN1,8.7,IC50
CHEMBL5811714,Cc1nc(F)ccc1[C@H](Nc1cc(Cl)c2ncc(C#N)c(NCC(C)(C)CC#N)c2c1)C1=CN(C2(C(F)F)CC2)NN1,8.0,IC50
CHEMBL5882108,Cc1nc(F)ccc1[C@H](Nc1cc(F)c2ncc(C#N)c(NCC(C)(C)C)c2c1)C1=CN(C2(C(F)(F)F)CC2)NN1,8.05,IC50
CHEMBL6032795,Cc1nc(F)ccc1[C@H](Nc1cc(F)c2ncc(C#N)c(NCC(C)(C)C)c2c1)C1=CN(C2(C(F)F)CC2)NN1,8.4,IC50
CHEMBL5782322,Cc1nc(F)ccc1[C@H](Nc1cc(Cl)c2ncc(C#N)c(NCC(C)(C)C)c2c1)C1=CN(C2(C(=O)O)CC2)NN1,8.52,IC50
CHEMBL5849712,CC(C)(C)CNc1c(C#N)cnc2c(Cl)cc(N[C@@H](C3=CN(C4(C(F)F)CC4)NN3)c3ccc(F)nc3)cc12,8.15,IC50
CHEMBL5860901,Cn1ccc2c([C@H](Nc3cc(Cl)c4ncc(C#N)c(NCC(C)(C)C)c4c3)C3=CN(C4CC4)NN3)ccnc21,8.52,IC50
CHEMBL5815266,Cn1ncc2cccc([C@H](Nc3cc(Cl)c4ncc(C#N)c(NCC(C)(C)C)c4c3)C3=CN(C4(C(F)(F)F)CC4)NN3)c21,7.57,IC50
CHEMBL5941079,CN1NNc2cccc([C@H](Nc3cc(Cl)c4ncc(C#N)c(NCC(C)(C)C)c4c3)C3=CN(C4(C(F)(F)F)CC4)NN3)c21,8.3,IC50
CHEMBL6012240,Cn1cnc2cccc([C@H](Nc3cc(C#N)c4ncc(C#N)c(NCC(C)(C)C)c4c3)C3=CN(C4(C(F)F)CC4)NN3)c21,8.7,IC50
CHEMBL6038992,Cc1n[nH]c2cccc([C@H](Nc3cc(Cl)c4ncc(C#N)c(NCC(C)(C)C)c4c3)C3=CN(C4(C(F)(F)F)CC4)NN3)c12,7.92,IC50
CHEMBL6023552,Cn1ncc2c([C@H](Nc3cc(Cl)c4ncc(C#N)c(NCC(C)(C)C)c4c3)C3=CN(C4(C)CC4)NN3)cccc21,8.4,IC50
CHEMBL5754623,Cn1ncc2cccc([C@H](Nc3cc(C#N)c4ncc(C#N)c(NCC(C)(C)C)c4c3)C3=CN(C4(C(F)(F)F)CC4)NN3)c21,8.3,IC50
CHEMBL5894508,CN1NNc2cccc([C@H](Nc3cc(C#N)c4ncc(C#N)c(NCC(C)(C)C)c4c3)C3=CN(C4(C(F)(F)F)CC4)NN3)c21,8.52,IC50
CHEMBL5917268,Cc1n[nH]c2cccc([C@H](Nc3cc(C#N)c4ncc(C#N)c(NCC(C)(C)C)c4c3)C3=CN(C4(C(F)(F)F)CC4)NN3)c12,8.52,IC50
CHEMBL5798313,Cn1ncc2c([C@H](Nc3cc(C#N)c4ncc(C#N)c(NCC(C)(C)C)c4c3)C3=CN(C4(C)CC4)NN3)cccc21,8.7,IC50
CHEMBL5976416,Cc1nc(F)ccc1[C@H](Nc1cc(Cl)c2ncc(C#N)c(NCC(C)(C)C)c2c1)C1=CN(C(C)(C)C)NN1,8.52,IC50
CHEMBL5991077,Cc1nc(F)ccc1[C@H](Nc1cc(Cl)c2ncc(C#N)c(NCC(C)(C)C)c2c1)C1=CN(C(C)(C)CF)NN1,8.52,IC50
CHEMBL5766704,Cc1nc(F)ccc1[C@H](Nc1cc(Cl)c2ncc(C#N)c(NCC(C)(C)C)c2c1)C1=CN(CC(F)F)NN1,8.52,IC50
CHEMBL5763337,CC(C)(C)CNc1c(C#N)cnc2c(Cl)cc(N[C@H](C3=CN(C4(C(F)(F)F)CC4)NN3)c3cccc4ccncc34)cc12,8.52,IC50
CHEMBL6002810,Cc1nc(F)ccc1[C@H](Nc1cc(Cl)c2ncc(C#N)c(NCC(C)(C)CO)c2c1)C1=CN(C2(C(F)(F)F)CC2)NN1,7.7,IC50
CHEMBL5803675,CC(C)(C)CNc1c(C#N)cnc2c(C#N)cc(N[C@H](C3=CN(C4(C(F)(F)F)CC4)NN3)c3cccc4ccncc34)cc12,8.7,IC50
CHEMBL5849866,CC(C)(C)CNc1c(C#N)cnc2c(Cl)cc(N[C@H](C3=CN(C4(C(F)F)CC4)NN3)c3cccc4cnccc34)cc12,8.52,IC50
CHEMBL5808967,CC(C)(C)CNc1c(C#N)cnc2c(Cl)cc(N[C@H](C3=CN(C4(C(F)F)CC4)NN3)c3cccc4ccncc34)cc12,8.7,IC50
CHEMBL5891982,CC(C)(C)CNc1c(C#N)cnc2c(Cl)cc(N[C@H](C3=CN(C4(C(F)F)CC4)NN3)c3cccn4nccc34)cc12,8.3,IC50
CHEMBL5746836,Cc1nc(F)ccc1[C@H](Nc1cc(Cl)c2ncc(C#N)c(N[C@@H]3CCOCC3(C)C)c2c1)C1=CN(C2(C(F)F)CC2)NN1,9.0,IC50
CHEMBL5818938,Cc1nc(F)ccc1[C@H](Nc1cc(Cl)c2ncc(C#N)c(NC3CCOCC3(C)C)c2c1)C1=CN(C2(C(F)F)CC2)NN1,7.3,IC50
CHEMBL5766216,Cc1nc(F)ccc1[C@H](Nc1cc(Cl)c2ncc(C#N)c(NCC(C)(C)C)c2c1)C1=CN(C(C)(C)C(F)(F)F)NN1,8.22,IC50
CHEMBL5929586,CN1NNc2cccc([C@H](Nc3cc(Cl)c4ncc(C#N)c(NCC(C)(C)C)c4c3)C3=CN(C4(C(F)F)CC4)NN3)c21,8.7,IC50
CHEMBL5758862,Cn1ncc2c([C@H](Nc3cc(Cl)c4ncc(C#N)c(NCC(C)(C)C)c4c3)C3=CN(C4(C(F)(F)F)CC4)NN3)cccc21,7.89,IC50
CHEMBL5903227,Cn1cc2c([C@H](Nc3cc(Cl)c4ncc(C#N)c(NCC(C)(C)C)c4c3)C3=CN(C4(C(F)(F)F)CC4)NN3)cccc2n1,8.1,IC50
CHEMBL6023228,Cc1nc(F)ccc1[C@H](Nc1cc(Cl)c2ncc(C#N)c(NCC(C)(C)C)c2c1)C1=CN(C(C)(C)C(F)F)NN1,8.4,IC50
CHEMBL5876257,Cc1nc(F)ccc1[C@H](Nc1cc(Cl)c2ncc(C#N)c(NCC(C)(C)C)c2c1)C1=CN([C@@H](C)CF)NN1,8.7,IC50
CHEMBL5763336,Cc1nc(F)ccc1[C@H](Nc1cc(Cl)c2ncc(C#N)c(NCC(C)(C)C)c2c1)C1=CN(C2(C3CC3)CC2)NN1,8.7,IC50
CHEMBL5895755,Cc1nc(F)ccc1[C@H](Nc1cc(Cl)c2ncc(C#N)c(NCC(C)(C)C)c2c1)C1=CN(C2(C(F)(F)F)COC2)NN1,8.1,IC50
CHEMBL5956847,CC(C)(C)CNc1c(C#N)cnc2c(C#N)cc(N[C@H](C3=CN(C4(C(F)F)CC4)NN3)c3cccc4ncccc34)cc12,8.7,IC50
CHEMBL5927580,CC(C)(C)CNc1c(C#N)cnc2c(C#N)cc(N[C@H](C3=CN(C4(C(F)F)CC4)NN3)c3cccc4cnccc34)cc12,8.7,IC50
CHEMBL5854622,CC(C)(C)CNc1c(C#N)cnc2c(C#N)cc(N[C@H](C3=CN(C4(C(F)F)CC4)NN3)c3cccc4ccncc34)cc12,8.7,IC50
CHEMBL5744898,Cc1nc(F)ccc1[C@H](Nc1cc(Cl)c2ncc(C#N)c(NCC(C)(C)C)c2c1)C1=CN(C2(C(=O)N(C)C)CC2)NN1,8.52,IC50
CHEMBL5832671,Cc1nc(F)ccc1[C@H](Nc1cc(Cl)c2ncc(C#N)c(NCC(C)(C)C)c2c1)C1=CN(C2(C(=O)N3CCCC3)CC2)NN1,8.3,IC50
CHEMBL5884300,Cc1nc(F)ccc1[C@H](Nc1cc(Cl)c2ncc(C#N)c(NCC(C)(C)C)c2c1)C1=CN(C2(C(=O)N3CCOCC3)CC2)NN1,8.15,IC50
CHEMBL5813354,Cc1n[nH]c2cccc([C@H](Nc3cc(Cl)c4ncc(C#N)c(NCC(C)(C)C)c4c3)C3=CN(C4(C(F)F)CC4)NN3)c12,8.1,IC50
CHEMBL5834784,Cn1ncc2c([C@H](Nc3cc(C#N)c4ncc(C#N)c(NCC(C)(C)C)c4c3)C3=CN(C4(C(F)(F)F)CC4)NN3)cccc21,8.3,IC50
CHEMBL5927526,Cn1cc2c([C@H](Nc3cc(C#N)c4ncc(C#N)c(NCC(C)(C)C)c4c3)C3=CN(C4(C(F)(F)F)CC4)NN3)cccc2n1,8.52,IC50
CHEMBL6033429,CN1NNc2cccc([C@H](Nc3cc(C#N)c4ncc(C#N)c(NCC(C)(C)C)c4c3)C3=CN(C4(C(F)F)CC4)NN3)c21,8.7,IC50
CHEMBL5875616,CC(C)(C)CNc1c(C#N)cnc2c(Cl)cc(N[C@H](C3=CN(C4(C(F)(F)F)CC4)NN3)c3cccn4nccc34)cc12,7.96,IC50
CHEMBL5769729,CC(=O)C1(N2C=C([C@@H](Nc3cc(Cl)c4ncc(C#N)c(NCC(C)(C)C)c4c3)c3cccc4cnccc34)NN2)CC1,8.7,IC50
CHEMBL5934800,CC(C)(C)CNc1c(C#N)cnc2c(Cl)cc(N[C@H](C3=CN(C4(C(N)=O)CCC4)NN3)c3cccc4cnccc34)cc12,8.7,IC50
CHEMBL5824855,CC(C)(C)CNc1c(C#N)cnc2c(Cl)cc(N[C@H](C3=CN(C4(C#N)CC4)NN3)c3cccc4cnccc34)cc12,8.7,IC50
CHEMBL6048868,CC(C)(C)CNc1c(C#N)cnc2c(Cl)cc(N[C@H](C3=CN(C4(C)CC4)NN3)c3cccc4cnccc34)cc12,8.52,IC50
CHEMBL6015951,CC(C)(C)CNc1c(C#N)cnc2c(Cl)cc(N[C@H](C3=CN(C4(C(N)=O)CC4)NN3)c3cccc4ncccc34)cc12,8.7,IC50
CHEMBL6056862,CC(C)(C)CNc1c(C#N)cnc2c(Cl)cc(N[C@H](C3=CN(C4(C(N)=O)CCC4)NN3)c3cccc4ncccc34)cc12,8.7,IC50
CHEMBL5893709,CC(C)(C)CNc1c(C#N)cnc2c(Cl)cc(N[C@H](C3=CN(C4(C#N)CC4)NN3)c3cccc4ncccc34)cc12,8.7,IC50
CHEMBL5766959,CC(C)(C)CNc1c(C#N)cnc2c(Cl)cc(N[C@H](C3=CN(C4(C)CC4)NN3)c3cccc4ncccc34)cc12,8.3,IC50
CHEMBL5794503,CC(C)(C)CNc1c(C#N)cnc2c(C#N)cc(N[C@H](C3=CN(C4(CF)CC4)NN3)c3cccc4cnccc34)cc12,8.15,IC50
CHEMBL6060784,Cc1n[nH]c2cccc([C@H](Nc3cc(C#N)c4ncc(C#N)c(NCC(C)(C)C)c4c3)C3=CN(C4(C(F)F)CC4)NN3)c12,8.7,IC50
CHEMBL5948939,CC(C)(C)CNc1c(C#N)cnc2c(C#N)cc(N[C@H](C3=CN(C4(C(F)(F)F)CC4)NN3)c3cccn4nccc34)cc12,8.4,IC50
CHEMBL6026804,Cn1cc2cccc([C@H](Nc3cc(C#N)c4ncc(C#N)c(NCC(C)(C)C)c4c3)C3=CN(C4(C(F)(F)F)CC4)NN3)c2n1,7.18,IC50
CHEMBL5845015,CC(C)(C)CNc1c(C#N)cnc2c(C#N)cc(N[C@H](C3=CN(C4(C(N)=O)CC4)NN3)c3cccc4ncccc34)cc12,9.0,IC50
CHEMBL5931975,CC(C)(C)CNc1c(C#N)cnc2c(C#N)cc(N[C@H](C3=CN(C4(C(N)=O)CCC4)NN3)c3cccc4ncccc34)cc12,9.0,IC50
CHEMBL5792124,CC(C)(C)CNc1c(C#N)cnc2c(C#N)cc(N[C@H](C3=CN(C4(C#N)CC4)NN3)c3cccc4ncccc34)cc12,9.0,IC50
CHEMBL6050653,CC(C)(C)CNc1c(C#N)cnc2c(C#N)cc(N[C@H](C3=CN(C4(C)CC4)NN3)c3cccc4ncccc34)cc12,8.7,IC50
CHEMBL5768513,Cc1nc(F)ccc1[C@H](Nc1cc(Cl)c2ncc(C#N)c(NCC(C)(C)C)c2c1)C1=CN([C@@H]2C[C@@H]2F)NN1,8.7,IC50
CHEMBL5790882,CC(C)(C)CNc1c(C#N)cnc2c(C#N)cc(N[C@H](C3=CN(C4(C#N)CC4)NN3)c3cccc4cnccc34)cc12,8.7,IC50
CHEMBL5879816,CC(C)(C)CNc1c(C#N)cnc2c(C#N)cc(N[C@H](C3=CN(C4(C)CC4)NN3)c3cccc4cnccc34)cc12,8.7,IC50
CHEMBL5947228,Cc1nc(F)ccc1[C@H](Nc1cc(Cl)c2ncc(C#N)c(N[C@H](C)C(C)(C)C)c2c1)C1=CN(C2(C(F)(F)F)CC2)NN1,7.85,IC50
CHEMBL5927848,Cc1nc(F)ccc1[C@H](Nc1cc(C#N)c2ncc(C#N)c(N[C@H](C)C(C)(C)C)c2c1)C1=CN(C2(C(F)(F)F)CC2)NN1,8.4,IC50
CHEMBL5923831,Cc1nc(F)ccc1[C@H](Nc1cc(Cl)c2ncc(C#N)c(NCC(C)(C)C)c2c1)C1=CN(C(F)(F)CO)NN1,8.7,IC50
CHEMBL5885717,Cc1nc(F)ccc1[C@H](Nc1cc(C#N)c2ncc(C#N)c(NC3CCCCC3)c2c1)C1=CN(C2(C(F)(F)F)CC2)NN1,7.43,IC50
CHEMBL5920416,CC(C)(C)CNc1c(C#N)cnc2c(C#N)cc(N[C@H](C3=CN(C4(C(N)=O)CC4)NN3)c3cccc4cnccc34)cc12,8.7,IC50
CHEMBL5807004,CC(C)(C)CNc1c(C#N)cnc2c(C#N)cc(N[C@H](C3=CN(C4(C(N)=O)CCC4)NN3)c3cccc4cnccc34)cc12,9.0,IC50
CHEMBL6060271,Cc1nc(F)ccc1[C@H](Nc1cc(Cl)c2ncc(C#N)c(NC3CCCCC3)c2c1)C1=CN(C2(C(F)(F)F)CC2)NN1,7.26,IC50
CHEMBL5891063,Cc1nc(F)ccc1[C@H](Nc1cc(C#N)c2ncc(C#N)c(NCC(C)(C)C)c2c1)C1=CN(C(C)(C)C)NN1,8.7,IC50
CHEMBL5963710,Cc1nc(F)ccc1[C@H](Nc1cc(C#N)c2ncc(C#N)c(NCC(C)(C)C)c2c1)C1=CN(C(C)(C)C(F)F)NN1,8.52,IC50
CHEMBL5841112,Cc1nc(F)ccc1[C@H](Nc1cc(C#N)c2ncc(C#N)c(NCC(C)(C)C)c2c1)C1=CN(C(C)(C)C(F)(F)F)NN1,8.3,IC50
CHEMBL5809227,CCc1nc(F)ccc1[C@H](Nc1cc(Cl)c2ncc(C#N)c(NCC(C)(C)C)c2c1)C1=CN(C2(C(F)F)CC2)NN1,8.3,IC50
CHEMBL5869051,CCc1nc(F)ccc1[C@H](Nc1cc(Cl)c2ncc(C#N)c(NCC(C)(C)C)c2c1)C1=CN(C2(C(F)(F)F)CC2)NN1,8.1,IC50
CHEMBL5765177,CC(C)(C)CNc1c(C#N)cnc2c(Cl)cc(N[C@H](C3=CN(C4(CF)CC4)NN3)c3cccc4ccncc34)cc12,8.7,IC50
CHEMBL5940711,COc1cc(N[C@H](C2=CN(C3(C#N)CC3)NN2)c2ccc(F)nc2C)cc2c(NCC(C)(C)C)c(C#N)cnc12,7.1,IC50
CHEMBL5822340,CCc1nc(F)ccc1[C@H](Nc1cc(C#N)c2ncc(C#N)c(NCC(C)(C)C)c2c1)C1=CN(C2(C(F)F)CC2)NN1,8.52,IC50
CHEMBL5968382,CCc1nc(F)ccc1[C@H](Nc1cc(C#N)c2ncc(C#N)c(NCC(C)(C)C)c2c1)C1=CN(C2(C(F)(F)F)CC2)NN1,8.3,IC50
CHEMBL5949763,CC(C)(C)CNc1c(C#N)cnc2c(Cl)cc(N[C@H](C3=CN(C4(C(F)(F)F)CC4)NN3)c3cccn4cncc34)cc12,7.89,IC50
CHEMBL6031115,CCc1ncccc1[C@H](Nc1cc(Cl)c2ncc(C#N)c(NCC(C)(C)C)c2c1)C1=CN(C2(C(F)(F)F)CC2)NN1,8.3,IC50
CHEMBL5943408,Cc1nc(F)ccc1[C@H](Nc1cc(C#N)c2ncc(C#N)c(NCC(C)(C)C)c2c1)C1=CN(Cc2c(F)cccc2F)NN1,8.4,IC50
CHEMBL5891465,CCc1ncccc1[C@H](Nc1cc(C#N)c2ncc(C#N)c(NCC(C)(C)C)c2c1)C1=CN(C2(C(F)(F)F)CC2)NN1,8.52,IC50
CHEMBL5812784,CC(C)(C)CNc1c(C#N)cnc2c(Cl)cc(N[C@H](C3=CN(C4(C(F)F)CC4)NN3)c3cccc4c3NNC4)cc12,8.15,IC50
CHEMBL5882592,CCc1ncccc1[C@H](Nc1cc(Cl)c2ncc(C#N)c(NCC(C)(C)C)c2c1)C1=CN(C2(C(F)F)CC2)NN1,8.52,IC50
CHEMBL5815927,Cn1ncc2cccc([C@H](Nc3cc(C#N)c4ncc(C#N)c(NCC(C)(C)C)c4c3)C3=CN(C4(C(F)F)CC4)NN3)c21,8.52,IC50
CHEMBL5946980,CCc1ncccc1[C@H](Nc1cc(C#N)c2ncc(C#N)c(NCC(C)(C)C)c2c1)C1=CN(C2(C(F)F)CC2)NN1,8.7,IC50
CHEMBL5875433,Cc1nc(F)ccc1[C@H](Nc1cc(Cl)c2ncc(C#N)c(NC3C4CCCC43)c2c1)C1=CN(C2(C(F)(F)F)CC2)NN1,7.68,IC50
CHEMBL5803150,Cc1nc(F)ccc1[C@H](Nc1cc(Cl)c2ncc(C#N)c(NC3C4COCC43)c2c1)C1=CN(C2(C(F)(F)F)CC2)NN1,7.38,IC50
CHEMBL5775729,Cn1ncc2c([C@H](Nc3cc(C#N)c4ncc(C#N)c(NCC(C)(C)C)c4c3)C3=CN(C4CC4)NN3)cccc21,8.7,IC50
CHEMBL5915264,Cc1nc(F)ccc1[C@H](Nc1cc(C#N)c2ncc(C#N)c(NCC(C)(C)C)c2c1)C1=CN(C2(CO)CC2)NN1,8.7,IC50
CHEMBL6063908,Cc1nc(F)ccc1[C@H](Nc1cc(Cl)c2ncc(C#N)c(N[C@@H](c3ccccc3)C3CC3)c2c1)C1=CN(C2(C(F)(F)F)CC2)NN1,7.7,IC50
CHEMBL5940286,Cc1nc(F)ccc1[C@H](Nc1cc(Cl)c2ncc(C#N)c(NCC(C)(C)c3ccccc3)c2c1)C1=CN(C2(C(F)(F)F)CC2)NN1,7.96,IC50
CHEMBL5902190,Cc1nc(F)ccc1[C@H](Nc1cc(C#N)c2ncc(C#N)c(N[C@@H](c3ccccc3)C3CC3)c2c1)C1=CN(C2(C(F)(F)F)CC2)NN1,7.89,IC50
CHEMBL5887926,Cc1nc(F)ccc1[C@H](Nc1cc(C#N)c2ncc(C#N)c(NCC(C)(C)c3ccccc3)c2c1)C1=CN(C2(C(F)(F)F)CC2)NN1,8.05,IC50
CHEMBL5929353,Cc1nc(F)ccc1[C@H](Nc1cc(C#N)c2ncc(C#N)c(NCC(C)(C)C#N)c2c1)C1=CN(C2(C(F)(F)F)CC2)NN1,7.48,IC50
CHEMBL5909282,CC(C)(C)CNc1c(C#N)cnc2c(Cl)cc(N[C@H](C3=CN(C4(C(F)(F)F)CC4)NN3)c3ccc(F)c4cnccc34)cc12,7.92,IC50
CHEMBL5947857,CC(C)(C)CNc1c(C#N)cnc2c(Cl)cc(N[C@H](C3=CN(C4(C(F)(F)F)CC4)NN3)c3ccc(F)c4ncccc34)cc12,8.05,IC50
CHEMBL5933788,Cn1ccc2c([C@H](Nc3cc(Cl)c4ncc(C#N)c(NCC(C)(C)C)c4c3)C3=CN(C4(C(F)(F)F)CC4)NN3)cccc2c1=O,8.52,IC50
CHEMBL5870912,Cc1ncsc1[C@H](Nc1cc(Cl)c2ncc(C#N)c(NCC(C)(C)C)c2c1)C1=CN(C2(C(F)F)CC2)NN1,8.15,IC50
CHEMBL5857367,Cc1nc(F)ccc1[C@H](Nc1cc(C#N)c2ncc(C#N)c(NCC(C)(C)C)c2c1)C1=CN(C2(C3CC3)CC2)NN1,9.0,IC50
CHEMBL5761064,Cc1nc(F)ccc1[C@H](Nc1cc(C#N)c2ncc(C#N)c(NCC(C)(C)C)c2c1)C1=CN([C@@H]2C[C@@H]2F)NN1,9.0,IC50
CHEMBL5850364,Cc1nc(F)ccc1[C@H](Nc1cc(C#N)c2ncc(C#N)c(NCC(C)(C)C)c2c1)C1=CN([C@@H](C)CF)NN1,9.0,IC50
CHEMBL5742539,Cc1nc(F)ccc1[C@H](Nc1cc(Cl)c2ncc(C#N)c(NCC(C)(C)C)c2c1)C1=CN(C2(C(=O)O)CC(F)(F)C2)NN1,7.96,IC50
CHEMBL5834321,Cc1nc(F)ccc1[C@H](Nc1cc(C#N)c2ncc(C#N)c(NCC(C)(C)C)c2c1)C1=CN(C(C)(C)CF)NN1,8.7,IC50
CHEMBL5763826,CC(C)(C)CNc1c(C#N)cnc2c(C#N)cc(N[C@H](C3=CN(C4(C(F)(F)F)CC4)NN3)c3ccc(F)c4cnccc34)cc12,8.3,IC50
CHEMBL6063848,CC(C)(C)CNc1c(C#N)cnc2c(C#N)cc(N[C@H](C3=CN(C4(C(F)(F)F)CC4)NN3)c3ccc(F)c4ncccc34)cc12,8.4,IC50
CHEMBL5887780,Cc1ncoc1[C@H](Nc1cc(Cl)c2ncc(C#N)c(NCC(C)(C)C)c2c1)C1=CN(C2(C(F)F)CC2)NN1,7.17,IC50
CHEMBL5814763,Cn1ccc2c([C@H](Nc3cc(C#N)c4ncc(C#N)c(NCC(C)(C)C)c4c3)C3=CN(C4(C(F)(F)F)CC4)NN3)cccc2c1=O,8.7,IC50
CHEMBL5951869,Cc1nc(F)ccc1[C@H](Nc1cc(Cl)c2ncc(C#N)c(NCC(C)(C)C#N)c2c1)C1=CN(C2(C(F)(F)F)CC2)NN1,7.55,IC50
CHEMBL5826359,Cc1nc(F)ccc1[C@H](Nc1cc(C#N)c2ncc(C#N)c(NCC(C)(C)C)c2c1)C1=CN(CC(F)F)NN1,8.7,IC50
CHEMBL5860078,Cc1nc(F)ccc1[C@H](Nc1cc(Cl)c2ncc(C#N)c(NCC(C)(C)CCl)c2c1)C1=CN(C2(C(F)(F)F)CC2)NN1,8.52,IC50
CHEMBL6045121,Cc1nc(F)ccc1[C@H](Nc1cc(Cl)c2ncc(C#N)c(NCC3(C(F)F)CC3)c2c1)C1=CN(C2(C(F)(F)F)CC2)NN1,7.16,IC50
CHEMBL5980340,Cc1nc(F)ccc1[C@H](Nc1cc(C#N)c2ncc(C#N)c(NCC(C)(C)CCl)c2c1)C1=CN(C2(C(F)(F)F)CC2)NN1,8.52,IC50
CHEMBL5998932,Cc1nc(F)ccc1[C@H](Nc1cc(C#N)c2ncc(C#N)c(NCC3(C(F)F)CC3)c2c1)C1=CN(C2(C(F)(F)F)CC2)NN1,7.24,IC50
CHEMBL5857842,Cc1nc([C@H](Nc2cc(Cl)c3ncc(C#N)c(NCC(C)(C)C)c3c2)C2=CN(C3(C(F)F)CC3)NN2)c(C)o1,7.24,IC50
CHEMBL6015820,Cc1ncsc1[C@H](Nc1cc(C#N)c2ncc(C#N)c(NCC(C)(C)C)c2c1)C1=CN(C2(C(F)F)CC2)NN1,8.52,IC50
CHEMBL6037257,Cc1scnc1[C@H](Nc1cc(C#N)c2ncc(C#N)c(NCC(C)(C)C)c2c1)C1=CN(C2(C(F)F)CC2)NN1,7.26,IC50
CHEMBL5818903,Cc1nc(F)ccc1[C@H](Nc1cc(C#N)c2ncc(C#N)c(NCC(C)(C)C)c2c1)C1=CN(C2(C(=O)N(C)C)CC2)NN1,8.3,IC50
CHEMBL5939530,Cc1nc(F)ccc1[C@H](Nc1cc(Cl)c2ncc(C#N)c(NCC(C)(C)C)c2c1)C1=C(I)N(C2CC2)NN1,8.3,IC50
CHEMBL5852886,Cc1nc(F)ccc1[C@H](Nc1cc(C#N)c2ncc(C#N)c(NCC(C)(C)C)c2c1)C1=CN(C2(C(F)(F)F)COC2)NN1,8.15,IC50
CHEMBL5758598,Cc1nc(F)ccc1[C@H](Nc1cc(Cl)c2ncc(C#N)c(NCC(C)(C)C)c2c1)C1=CN(C2CC(F)(F)C2)NN1,7.96,IC50
CHEMBL5975681,Cc1nc(F)ccc1[C@H](Nc1cc(Cl)c2ncc(C#N)c(NCC(C)(C)C)c2c1)C1=CN(C23CC(C2)C3)NN1,8.52,IC50
CHEMBL6049568,CC1=C([C@@H](Nc2cc(Cl)c3ncc(C#N)c(NCC(C)(C)C)c3c2)c2ccc(F)nc2C)NNN1C1CC1,8.52,IC50
CHEMBL5904700,Cc1nc(F)ccc1[C@H](Nc1cc(Cl)c2ncc(C#N)c(NCC(C)(C)C)c2c1)C1=CN(C2(CO)COC2)NN1,8.52,IC50
CHEMBL5928387,Cc1nc(F)ccc1[C@H](Nc1cc(C#N)c2ncc(C#N)c(NCC(C)(C)C)c2c1)C1=CN(C23CC(C2)C3)NN1,8.7,IC50
CHEMBL6055785,CC(C)(C)CNc1c(C#N)cnc2c(Cl)cc(N[C@H](C3=CN(C4(C(F)(F)F)CC4)NN3)c3ccc(Cl)c4cnccc34)cc12,7.85,IC50
CHEMBL5825975,CC(C)(C)CNc1c(C#N)cnc2c(Cl)cc(N[C@H](C3=CN(C4(C(F)F)CC4)NN3)c3ccc(F)c4cnccc34)cc12,8.4,IC50
CHEMBL5920201,CC(C)(C)CNc1c(C#N)cnc2c(Cl)cc(N[C@H](C3=CN(C4(C(F)F)CC4)NN3)c3ccc(F)c4ncccc34)cc12,8.4,IC50
CHEMBL5790950,Cc1nc(F)ccc1[C@H](Nc1cc(Cl)c2ncc(C#N)c(NCC(C)(C)C)c2c1)C1=CN(Cc2c(F)cccc2F)NN1,8.52,IC50
CHEMBL5743744,Cn1ncc2c([C@H](Nc3cc(Cl)c4ncc(C#N)c(NCC(C)(C)C)c4c3)C3=CN(Cc4c(F)cccc4F)NN3)cccc21,7.92,IC50
CHEMBL5761151,Cn1ncc2c([C@H](Nc3cc(C#N)c4ncc(C#N)c(NCC(C)(C)C)c4c3)C3=CN(Cc4c(F)cccc4F)NN3)cccc21,8.4,IC50
CHEMBL5833420,Cc1ncoc1[C@H](Nc1cc(C#N)c2ncc(C#N)c(NCC(C)(C)C)c2c1)C1=CN(C2(C(F)F)CC2)NN1,7.43,IC50
CHEMBL5966612,Cn1ccc2c([C@H](Nc3cc(Cl)c4ncc(C#N)c(NCC(C)(C)C)c4c3)C3=CN(C4(C(F)(F)F)CC4)NN3)ccnc21,7.54,IC50
CHEMBL5797008,Cc1cncc2cccc([C@H](Nc3cc(Cl)c4ncc(C#N)c(NCC(C)(C)C)c4c3)C3=CN(C4(C(F)(F)F)CC4)NN3)c12,7.39,IC50
CHEMBL5939764,Cc1ccnc2cccc([C@H](Nc3cc(Cl)c4ncc(C#N)c(NCC(C)(C)C)c4c3)C3=CN(C4(C(F)(F)F)CC4)NN3)c12,7.37,IC50
CHEMBL5820260,Cc1nc(F)ccc1[C@H](Nc1cc(C#N)c2ncc(C#N)c(NCC(C)(C)C)c2c1)C1=CN(C(F)(F)CO)NN1,8.7,IC50
CHEMBL5753875,Cc1nc(F)ccc1[C@H](Nc1cc(Cl)c2ncc(C#N)c(NCC(C)(C)C)c2c1)C1=C(Cl)N(C2CC2)NN1,8.22,IC50
CHEMBL6056699,Cc1nc(F)ccc1[C@H](Nc1cc(Cl)c2ncc(C#N)c(NCC(C)(C)C)c2c1)C1=C(F)N(C2CC2)NN1,8.52,IC50
CHEMBL5923851,Cn1ccc2c([C@H](Nc3cc(C#N)c4ncc(C#N)c(NCC(C)(C)C)c4c3)C3=CN(C4(C(F)(F)F)CC4)NN3)ccnc21,7.92,IC50
CHEMBL5909725,Cn1nccc1[C@H](Nc1cc(Cl)c2ncc(C#N)c(NCC(C)(C)C)c2c1)C1=CN(C2(C(F)F)CC2)NN1,8.22,IC50
CHEMBL5797595,Cn1nccc1[C@H](Nc1cc(Cl)c2ncc(C#N)c(NCC(C)(C)C)c2c1)C1=CN(C2(C(F)(F)F)CC2)NN1,7.89,IC50
CHEMBL5812501,Cc1cncc2cccc([C@H](Nc3cc(C#N)c4ncc(C#N)c(NCC(C)(C)C)c4c3)C3=CN(C4(C(F)(F)F)CC4)NN3)c12,8.0,IC50
CHEMBL6060532,Cc1ccnc2cccc([C@H](Nc3cc(C#N)c4ncc(C#N)c(NCC(C)(C)C)c4c3)C3=CN(C4(C(F)(F)F)CC4)NN3)c12,7.89,IC50
CHEMBL5928946,Cc1nc(F)ccc1[C@H](Nc1cc(Cl)c2ncc(C#N)c(N[C@@H]3CCOCC3(C)C)c2c1)C1=CN(C2(C3CC3)CC2)NN1,9.0,IC50
CHEMBL5806638,CC(C)(C)CNc1c(C#N)cnc2c(C#N)cc(N[C@H](C3=CN(C4(C(F)(F)F)CC4)NN3)c3ccc(C#N)c4cnccc34)cc12,8.3,IC50
CHEMBL5892140,CC(C)(C)CNc1c(C#N)cnc2c(C#N)cc(N[C@H](C3=CN(C4(C(F)F)CC4)NN3)c3ccc(F)c4ncccc34)cc12,8.7,IC50
CHEMBL5876618,CC(C)(C)CNc1c(C#N)cnc2c(C#N)cc(N[C@H](C3=CN(C4(C(F)F)CC4)NN3)c3ccc(F)c4cnccc34)cc12,8.7,IC50
CHEMBL5819905,Cc1nc([C@H](Nc2cc(C#N)c3ncc(C#N)c(NCC(C)(C)C)c3c2)C2=CN(C3(C(F)F)CC3)NN2)c(C)o1,7.66,IC50
CHEMBL5909666,Cc1nc(F)ccc1[C@H](Nc1cc(C#N)c2ncc(C#N)c(NC3CCOCC3(C)C)c2c1)C1=CN(C2(C3CC3)CC2)NN1,9.0,IC50
CHEMBL5998176,Cn1nccc1[C@H](Nc1cc(C#N)c2ncc(C#N)c(NCC(C)(C)C)c2c1)C1=CN(C2(C(F)F)CC2)NN1,8.4,IC50
CHEMBL5779322,Cn1nccc1[C@H](Nc1cc(C#N)c2ncc(C#N)c(NCC(C)(C)C)c2c1)C1=CN(C2(C(F)(F)F)CC2)NN1,8.3,IC50
CHEMBL6006898,CN(C)c1ccc([C@@H](Nc2cc(Cl)c3ncc(C#N)c(NCC(C)(C)C)c3c2)C2=CN(C3CC3)NN2)cn1,7.89,IC50
CHEMBL5956271,Cc1nc(F)ccc1[C@H](Nc1cc(C#N)c2ncc(C#N)c(NCC(C)(C)C)c2c1)C1=C(Cl)N(C2CC2)NN1,8.52,IC50
CHEMBL5909516,Cc1nc(F)ccc1[C@H](Nc1cc(C#N)c2ncc(C#N)c(NCC(C)(C)C)c2c1)C1=C(F)N(C2CC2)NN1,8.7,IC50
CHEMBL6057486,CC(C)(C)CNc1c(C#N)cnc2c(Cl)cc(N[C@H](C3=CN(C4(C5CC5)CC4)NN3)c3cccc4cnccc34)cc12,8.15,IC50
CHEMBL5779959,CC(C)(C)CNc1c(C#N)cnc2c(Cl)cc(N[C@H](C3=CN(C(C)(C)C(F)F)NN3)c3cccc4cnccc34)cc12,7.46,IC50
CHEMBL5834209,CC(C)(C)CNc1c(C#N)cnc2c(Cl)cc(N[C@H](C3=CN(C(C)(C)CF)NN3)c3cccc4cnccc34)cc12,7.85,IC50
CHEMBL6044391,CC(C)(C)CNc1c(C#N)cnc2c(Cl)cc(N[C@H](C3=CN(C45CC(C4)C5)NN3)c3cccc4cnccc34)cc12,8.4,IC50
CHEMBL5909338,Cc1nc(F)ccc1[C@H](Nc1cc(Cl)c2ncc(C#N)c(NCC(C)(C)C)c2c1)C1=C(C#N)N(C2CC2)NN1,8.4,IC50
CHEMBL5850600,Cc1ccc([C@H](Nc2cc(Cl)c3ncc(C#N)c(NCC(C)(C)C)c3c2)C2=CN(C3(C(F)(F)F)CC3)NN2)c(C)n1,7.82,IC50
CHEMBL6022949,Cc1ccc([C@H](Nc2cc(Cl)c3ncc(C#N)c(NCC(C)(C)C)c3c2)C2=CN(C3(C(F)(F)F)CC3)NN2)c(F)n1,7.52,IC50
CHEMBL5975243,Cc1ccc([C@H](Nc2cc(C#N)c3ncc(C#N)c(NCC(C)(C)C)c3c2)C2=CN(C3(C(F)(F)F)CC3)NN2)c(C)n1,8.05,IC50
CHEMBL5831023,Cc1ccc([C@H](Nc2cc(C#N)c3ncc(C#N)c(NCC(C)(C)C)c3c2)C2=CN(C3(C(F)(F)F)CC3)NN2)c(F)n1,7.68,IC50
CHEMBL5816578,CC(C)(C)CNc1c(C#N)cnc2c(Cl)cc(N[C@H](C3=CN(C4(C5CC5)CC4)NN3)c3cccc4ncccc34)cc12,8.22,IC50
CHEMBL5967046,CC(C)(C)CNc1c(C#N)cnc2c(Cl)cc(N[C@H](C3=CN([C@@H]4C[C@@H]4F)NN3)c3cccc4ncccc34)cc12,8.52,IC50
CHEMBL5807044,CC(C)(C)CNc1c(C#N)cnc2c(Cl)cc(N[C@H](C3=CN(C(C)(C)C(F)F)NN3)c3cccc4ncccc34)cc12,7.82,IC50
CHEMBL5968112,CC(C)(C)CNc1c(C#N)cnc2c(Cl)cc(N[C@H](C3=CN(C(C)(C)CF)NN3)c3cccc4ncccc34)cc12,8.15,IC50
CHEMBL5755363,CC(C)(C)CNc1c(C#N)cnc2c(Cl)cc(N[C@H](C3=CN(C45CC(C4)C5)NN3)c3cccc4ncccc34)cc12,8.52,IC50
CHEMBL6046774,CC(C)(C)CNc1c(C#N)cnc2c(C#N)cc(N[C@H](C3=CN(C4(C5CC5)CC4)NN3)c3cccc4ncccc34)cc12,8.7,IC50
CHEMBL6015239,CC(C)(C)CNc1c(C#N)cnc2c(C#N)cc(N[C@H](C3=CN(C45CC(C4)C5)NN3)c3cccc4ncccc34)cc12,9.0,IC50
CHEMBL6019018,CC(C)(C)CNc1c(C#N)cnc2c(Cl)cc(N[C@H](C3=CN(C4(C(F)(F)F)CC4)NN3)c3ccc4cccnc4c3)cc12,7.57,IC50
CHEMBL5749360,CC(C)(C)CNc1c(C#N)cnc2c(Cl)cc(N[C@H](C3=CN(C4(C(F)F)CC4)NN3)c3ccc4cccnc4c3)cc12,7.92,IC50
CHEMBL6023899,CC(C)(C)CNc1c(C#N)cnc2c(C#N)cc(N[C@H](C3=CN(C4(C(F)(F)F)CC4)NN3)c3cccc4c(=O)[nH]ccc34)cc12,8.7,IC50
CHEMBL5770894,Cc1ncsc1[C@H](Nc1cc(Cl)c2ncc(C#N)c(NCC(C)(C)C)c2c1)C1=CN(C2(C(F)(F)F)CC2)NN1,8.0,IC50
CHEMBL6038402,Cc1ncsc1[C@H](Nc1cc(Cl)c2ncc(C#N)c(NCC(C)(C)C)c2c1)C1=CN(C2(C3CC3)CC2)NN1,8.4,IC50
CHEMBL5755720,CC(C)(C)CNc1c(C#N)cnc2c(C#N)cc(N[C@H](C3=CN(C4(C5CC5)CC4)NN3)c3cccc4cnccc34)cc12,8.7,IC50
CHEMBL5936173,CC(C)(C)CNc1c(C#N)cnc2c(C#N)cc(N[C@H](C3=CN(C4C[C@@H]4F)NN3)c3cccc4cnccc34)cc12,9.0,IC50
CHEMBL5862252,CC(C)(C)CNc1c(C#N)cnc2c(C#N)cc(N[C@H](C3=CN(C(C)(C)C(F)F)NN3)c3cccc4cnccc34)cc12,8.22,IC50
CHEMBL6008076,CC(C)(C)CNc1c(C#N)cnc2c(C#N)cc(N[C@H](C3=CN(C45CC(C4)C5)NN3)c3cccc4cnccc34)cc12,8.7,IC50
CHEMBL6054496,Cc1nc(F)ccc1[C@H](Nc1cc(Cl)c2ncc(C#N)c(NCC(C)(C)C)c2c1)C1=C(I)N(C2(C(F)F)CC2)NN1,7.8,IC50
CHEMBL5838142,CC(C)(C)CNc1c(C#N)cnc2c(C#N)cc(N[C@H](C3=CN(C4(C(F)F)CC4)NN3)c3ccc4cccnc4c3)cc12,8.22,IC50
CHEMBL6001372,CC(C)(C)CNc1c(C#N)cnc2c(Cl)cc(N[C@H](C3=CN(C4(C(F)(F)F)CC4)NN3)c3ccc(Cl)c4ncccc34)cc12,7.77,IC50
CHEMBL5912662,CC(C)(C)CNc1c(C#N)cnc2c(C#N)cc(N[C@H](C3=CN(C4(C(F)(F)F)CC4)NN3)c3ccc(C#N)c4ncccc34)cc12,8.3,IC50
CHEMBL6060270,Cn1ccc2c([C@H](Nc3cc(Cl)c4ncc(C#N)c(NCC(C)(C)C)c4c3)C3=CN(C45CC(C4)C5)NN3)cccc2c1=O,8.7,IC50
CHEMBL5892389,Cn1ccc2c([C@H](Nc3cc(Cl)c4ncc(C#N)c(NCC(C)(C)C)c4c3)C3=CN(C4CCN(C(C)(C)C)CC4)NN3)cccc2c1=O,8.22,IC50
CHEMBL5988366,Cc1nc(F)ccc1[C@H](Nc1cc(Cl)c2ncc(C#N)c(NCC(C)(C)C(F)(F)F)c2c1)C1=CN(C(C)(C)C)NN1,8.52,IC50
CHEMBL5854107,Cc1nc(F)ccc1[C@H](Nc1cc(Cl)c2ncc(C#N)c(NCC(C)(C)C)c2c1)C1=CN(C2CC2)NN1,8.7,IC50
CHEMBL6011854,Cc1ccc([C@H](Nc2cc(Cl)c3ncc(C#N)c(NCC(C)(C)C)c3c2)C2=CN(C3(C(F)F)CC3)NN2)c(C)n1,8.1,IC50
CHEMBL5898457,Cc1nc(Cl)ccc1[C@H](Nc1cc(Cl)c2ncc(C#N)c(NCC(C)(C)C)c2c1)C1=CN(C2(C(F)F)CC2)NN1,8.05,IC50
CHEMBL5953516,Cc1nc(F)ccc1[C@H](Nc1cc(Cl)c2ncc(C#N)c(NCC(C)(C)C(F)(F)F)c2c1)C1=CN(C23CC(C2)C3)NN1,8.7,IC50
CHEMBL5851917,Cc1nc(F)ccc1[C@H](Nc1cc(Cl)c2ncc(C#N)c(NCC(C)(C)C(F)(F)F)c2c1)C1=CN(C2(C)CC2)NN1,8.7,IC50
CHEMBL5926958,Cc1nc(F)ccc1[C@H](Nc1cc(Cl)c2ncc(C#N)c(NCC(C)(C)C(F)(F)F)c2c1)C1=CN(C2(C(F)(F)F)CC2)NN1,8.22,IC50
CHEMBL6036871,Cc1nc(F)ccc1[C@H](Nc1cc(Cl)c2ncc(C#N)c(NCC(C)(C)S(C)(=O)=O)c2c1)C1=CN(C2(C(F)(F)F)CC2)NN1,7.37,IC50
CHEMBL6063486,CC[C@@H](Nc1c(C#N)cnc2c(Cl)cc(N[C@H](C3=CN(C4(C(F)F)CC4)NN3)c3ccc(F)nc3C)cc12)c1ccccc1,8.4,IC50
CHEMBL6039698,Cn1ccc2c([C@H](Nc3cc(Cl)c4ncc(C#N)c(NCC(C)(C)C(F)(F)F)c4c3)C3=CN(C4(C(F)F)CC4)NN3)cccc2c1=O,8.52,IC50
CHEMBL5966296,Cc1nc(F)ccc1[C@@H](Nc1cc(Cl)c2ncc(C#N)c(NCC(C)(C)C)c2c1)C1=CN(C2(C(F)F)CC2)NN1,8.52,IC50
CHEMBL5970015,CC(C)(CNc1c(C#N)cnc2c(Cl)cc(N[C@H](C3=CN(C4(C(F)F)CC4)NN3)c3cccc4c(=O)[nH]ccc34)cc12)C(F)(F)F,8.4,IC50
CHEMBL5918820,Cc1nc(F)ccc1[C@H](Nc1cc(Cl)c2ncc(C#N)c(NCC(C)(C)C(F)(F)F)c2c1)C1=CN(C2(C(F)F)CC2)NN1,8.52,IC50
CHEMBL5780871,Cn1cnc2c([C@H](Nc3cc(Cl)c4ncc(C#N)c(NCC(C)(C)C)c4c3)C3=CN(C45CC(C4)C5)NN3)cccc2c1=O,8.15,IC50
CHEMBL5812558,COc1ccc([C@H](Nc2cc(Cl)c3ncc(C#N)c(NCC(C)(C)C)c3c2)C2=CN(C3(C(F)F)CC3)NN2)c(C)n1,8.3,IC50
CHEMBL5913616,Cn1ccc2c([C@H](Nc3cc(Cl)c4ncc(C#N)c(NCC5(C(F)(F)F)CCC5)c4c3)C3=CN(C4(C(F)F)CC4)NN3)cccc2c1=O,8.0,IC50
CHEMBL6057645,Cc1nc(F)ccc1[C@H](Nc1cc(Cl)c2ncc(C#N)c(NCC3(C(F)(F)F)CCC3)c2c1)C1=CN(C2(C(F)F)CC2)NN1,7.96,IC50
CHEMBL5823172,Cc1c([C@H](Nc2cc(Cl)c3ncc(C#N)c(NCC(C)(C)C)c3c2)C2=CN(C3(C(F)F)CC3)NN2)ccc(=O)n1C,7.96,IC50
CHEMBL5813491,Cc1nc(F)ccc1[C@H](Nc1cc(Cl)c2ncc(C#N)c(NCC3C(C)(C)C3(C)C)c2c1)C1=CN(C2(C(F)F)CC2)NN1,7.38,IC50
CHEMBL5852243,CC(C)(C)CNc1c(C#N)cnc2c(Cl)cc(N[C@H](C3=CN(C4(C(F)(F)F)CC4)NN3)c3cccc4nccnc34)cc12,7.39,IC50
CHEMBL6010206,CC(C)(C)CNc1c(C#N)cnc2c(Cl)cc(N[C@H](C3=CN(C45CC(C4)C5)NN3)c3cccc4[nH]ccc34)cc12,7.33,IC50
CHEMBL6060697,CN1Cc2c(cccc2[C@H](Nc2cc(Cl)c3ncc(C#N)c(NCC(C)(C)C)c3c2)C2=CN(C3(C(F)F)CC3)NN2)C1=O,8.52,IC50
CHEMBL5795465,CC(C)(C)CNc1c(C#N)cnc2c(Cl)cc(N[C@H](C3=CN(C4CC4)NN3)c3csc4cnccc34)cc12,8.7,IC50
CHEMBL5935788,Cc1nc(F)ccc1[C@H](Nc1cc(Cl)c2ncc(C#N)c(NCC34CC(C3)C4)c2c1)C1=CN(C2(C(F)F)CC2)NN1,7.68,IC50
CHEMBL5759524,Cc1nc(F)ccc1[C@H](Nc1cc(Cl)c2ncc(C#N)c(NCC34CC(C3)C4)c2c1)C1=CN(C2(C(F)(F)F)CC2)NN1,7.35,IC50
CHEMBL5762000,CC(C)(C)CNc1c(C#N)cnc2c(Cl)cc(N[C@H](C3=CN(C4(C(F)(F)F)CC4)NN3)c3csc4cnccc34)cc12,8.22,IC50
CHEMBL5765377,Cc1nc(F)ccc1[C@H](Nc1cc(Cl)c2ncc(C#N)c(Nc3cnc(F)c(F)c3)c2c1)C1=CN(C2(C(F)F)CC2)NN1,7.77,IC50
CHEMBL5948070,CC(C)(C)CNc1c(C#N)cnc2c(Cl)cc(N[C@H](C3=CN(C4(C(F)F)CC4)NN3)c3cccc4c(=O)n(CC(F)F)ccc34)cc12,8.3,IC50
CHEMBL5988402,Cn1ccc2c([C@H](Nc3cc(Cl)c4ncc(C#N)c(NCC(C)(C)C)c4c3)C3=CN(C4(C(F)F)CC4)NN3)cccc2c1=O,8.52,IC50
CHEMBL5975352,Cn1ccc2c([C@H](Nc3cc(Cl)c4ncc(C#N)c(NCC(C)(C)C)c4c3)C3=CN(C4CC4)NN3)cccc2c1=O,8.7,IC50
CHEMBL6061803,Cc1nc(F)ccc1[C@H](Nc1cc(Cl)c2ncc(C#N)c(NCC(C)(C)CO)c2c1)C1=CN(C2(C(F)F)CC2)NN1,7.89,IC50
CHEMBL5968371,Cn1ccc2c([C@H](Nc3cc(Cl)c4ncc(C#N)c(NCC(C)(C)C)c4c3)C3=CN(C(C)(C)C)NN3)cccc2c1=O,8.4,IC50
CHEMBL5974959,Cc1nc(F)ccc1[C@H](Nc1cc(Cl)c2ncc(C#N)c(NCC(C)(C)C)c2c1)C1=CN([C@@H]2CC2C(F)F)NN1,8.3,IC50
CHEMBL5805206,Cc1nc(F)ccc1[C@H](Nc1cc(Cl)c2ncc(C#N)c(NCC(C)(C)C)c2c1)C1=CN(CC(C)(F)F)NN1,8.22,IC50
CHEMBL5938251,CCC(F)(F)CN1C=C([C@@H](Nc2cc(Cl)c3ncc(C#N)c(NCC(C)(C)C)c3c2)c2ccc(F)nc2C)NN1,7.96,IC50
CHEMBL6046442,Cc1nc(F)ccc1[C@H](Nc1cc(Cl)c2ncc(C#N)c(NCC(C)(C)C)c2c1)C1=CN(CC2(C(F)(F)F)CC2)NN1,7.82,IC50
CHEMBL5956882,Cc1nc(F)ccc1[C@H](Nc1cc(Cl)c2ncc(C#N)c(NCC(C)(C)C)c2c1)C1=CN(CC2(C(F)F)CC2)NN1,8.3,IC50
CHEMBL5971053,Cc1nc(F)ccc1[C@H](Nc1cc(Cl)c2ncc(C#N)c(NCC(C)(C)C)c2c1)C1=CN(C2(CC(F)(F)F)CC2)NN1,8.3,IC50
CHEMBL6012396,CCC1(N2C=C([C@@H](Nc3cc(Cl)c4ncc(C#N)c(NCC(C)(C)C)c4c3)c3ccc(F)nc3C)NN2)CC1,8.52,IC50
CHEMBL5849525,Cc1nc(F)ccc1[C@H](Nc1cc(Cl)c2ncc(C#N)c(NCC(C)(C)C)c2c1)C1=CN(CC(C)(C)C(F)(F)F)NN1,7.6,IC50
CHEMBL5762432,CCC1(N2C=C([C@@H](Nc3cc(Cl)c4ncc(C#N)c(NCC(C)(C)C)c4c3)c3cccc4c(=O)n(C)ccc34)NN2)CC1,8.52,IC50
CHEMBL5881427,Cc1nc(F)ccc1[C@H](Nc1cc(Cl)c2ncc(C#N)c(NCC(C)(C)C)c2c1)C1=CN(C2(C(C)C)CC2)NN1,8.3,IC50
CHEMBL5759138,Cc1nc(F)ccc1[C@H](Nc1cc(Cl)c2ncc(C#N)c(NCC(C)(C)C)c2c1)C1=CN(C(C)(C)C2CC2)NN1,8.4,IC50
CHEMBL5788798,Cc1nc(F)ccc1[C@H](Nc1cc(Cl)c2ncc(C#N)c(NCC(C)(C)C)c2c1)C1=CN(C2(C)COC2)NN1,8.7,IC50
CHEMBL6055384,Cn1ccc2c([C@H](Nc3cc(Cl)c4ncc(C#N)c(NCC(C)(C)C)c4c3)C3=CN(C4(C)COC4)NN3)cccc2c1=O,8.7,IC50
CHEMBL5967802,Cc1nc(F)ccc1[C@H](Nc1cc(Cl)c2ncc(C#N)c(NCC(C)(C)C)c2c1)C1=CN(C2(C(C)(C)C)CC2)NN1,8.22,IC50
CHEMBL5741542,Cc1nc(F)ccc1[C@H](Nc1cc(Cl)c2ncc(C#N)c(NCC(C)(C)C)c2c1)C1=CN(C(CF)CF)NN1,8.52,IC50
CHEMBL5815315,Cc1nc(F)ccc1[C@H](Nc1cc(Cl)c2ncc(C#N)c(NCC(C)(C)C(F)(F)F)c2c1)C1=CN(C2(C3CC3)CC2)NN1,8.52,IC50
CHEMBL5760623,Cc1nc(F)ccc1[C@H](Nc1cc(Cl)c2ncc(C#N)c(NCC(C)(C)C)c2c1)C1=CN(CC2(C)CC2)NN1,8.4,IC50
CHEMBL6006209,CC(C)(C)CNc1c(C#N)cnc2c(Cl)cc(N[C@H](C3=CN(C4(C(F)F)CC4)NN3)c3cccc4c(=O)[nH]ccc34)cc12,8.4,IC50
CHEMBL5870141,Cc1nc(F)ccc1[C@H](Nc1cc(Cl)c2ncc(C#N)c(NCC(C)(C)C)c2c1)C1=CN(C2CC23CC3)NN1,8.7,IC50
CHEMBL5866695,Cn1ccc2c([C@H](Nc3cc(Cl)c4ncc(C#N)c(NCC(C)(C)C)c4c3)C3=CN(C4(C(F)F)CC4)NN3)ccnc21,7.75,IC50
CHEMBL5916687,Cn1ccc2c([C@H](Nc3cc(Cl)c4ncc(C#N)c(NCC(C)(C)CO)c4c3)C3=CN(C45CC(C4)C5)NN3)cccc2c1=O,8.22,IC50
CHEMBL6021944,CCn1ccc2c([C@H](Nc3cc(Cl)c4ncc(C#N)c(NCC(C)(C)C)c4c3)C3=CN(C45CC(C4)C5)NN3)cccc2c1=O,8.7,IC50
CHEMBL5858513,CC(C)(C)CNc1c(C#N)cnc2c(Cl)cc(N[C@H](C3=CN(C4(C(F)(F)F)CC4)NN3)c3cccc4c(=O)n(CC(F)F)ccc34)cc12,8.4,IC50
CHEMBL5912163,CC(C)(C)CNc1c(C#N)cnc2c(Cl)cc(N[C@H](C3=CN(C4(C(F)(F)F)CC4)NN3)c3cccc4c(=O)n(CC(F)(F)F)ccc34)cc12,8.4,IC50
CHEMBL5933155,CC(C)n1ccc2c([C@H](Nc3cc(Cl)c4ncc(C#N)c(NCC(C)(C)C)c4c3)C3=CN(C45CC(C4)C5)NN3)cccc2c1=O,8.7,IC50
CHEMBL6045539,CCn1ccc2c([C@H](Nc3cc(Cl)c4ncc(C#N)c(NCC(C)(C)C)c4c3)C3=CN(C4(C)CC4)NN3)cccc2c1=O,8.7,IC50
CHEMBL6007318,CC(C)n1ccc2c([C@H](Nc3cc(Cl)c4ncc(C#N)c(NCC(C)(C)C)c4c3)C3=CN(C4(C)CC4)NN3)cccc2c1=O,8.7,IC50
CHEMBL5913601,Cn1ccc2c([C@H](Nc3cc(Cl)c4ncc(C#N)c(NCC(C)(C)C)c4c3)C3=CN(C4(CF)CC4)NN3)cccc2c1=O,8.52,IC50
CHEMBL6050763,Cn1ccc2c([C@H](Nc3cc(Cl)c4ncc(C#N)c(NCC(C)(C)C)c4c3)C3=CN(C4(C)CC4)NN3)cccc2c1=O,8.7,IC50
CHEMBL5855225,Cn1ccc2c([C@H](Nc3cc(Cl)c4ncc(C#N)c(NCC(C)(C)C)c4c3)C3=CN(C(CF)CF)NN3)cccc2c1=O,8.3,IC50
CHEMBL5772398,C[C@@H](CF)N1C=C([C@@H](Nc2cc(Cl)c3ncc(C#N)c(NCC(C)(C)C)c3c2)c2cccc3c(=O)n(C)ccc23)NN1,8.4,IC50
CHEMBL6011434,Cn1ccc2c([C@H](Nc3cc(Cl)c4ncc(C#N)c(NCC(C)(C)C)c4c3)C3=CN(C4(C5CC5)CC4)NN3)cccc2c1=O,8.52,IC50
CHEMBL5988997,Cn1ccc2c([C@H](Nc3cc(Cl)c4ncc(C#N)c(NCC(C)(C)C(F)(F)F)c4c3)C3=CN(C4(C(F)(F)F)CC4)NN3)cccc2c1=O,8.3,IC50
CHEMBL5962683,Cn1ccc2c([C@H](Nc3cc(Cl)c4ncc(C#N)c(NCC(C)(C)C(F)(F)F)c4c3)C3=CN(C4(C)CC4)NN3)cccc2c1=O,8.7,IC50
CHEMBL5831206,COc1ncccc1[C@H](Nc1cc(Cl)c2ncc(C#N)c(NCC(C)(C)C)c2c1)C1=CN(C2(C(F)(F)F)CC2)NN1,7.64,IC50
CHEMBL5938227,Cn1ccc2c([C@H](Nc3cc(Cl)c4ncc(C#N)c(NCC(C)(C)C(F)(F)F)c4c3)C3=CN(C4(C5CC5)CC4)NN3)cccc2c1=O,8.7,IC50
CHEMBL5824770,C[C@@H](CF)N1C=C([C@@H](Nc2cc(Cl)c3ncc(C#N)c(NCC(C)(C)C(F)(F)F)c3c2)c2cccc3c(=O)n(C)ccc23)NN1,8.52,IC50
CHEMBL6030509,Cn1ccc2c([C@H](Nc3cc(Cl)c4ncc(C#N)c(NCC(C)(C)C(F)(F)F)c4c3)C3=CN(C45CC(C4)C5)NN3)cccc2c1=O,8.7,IC50
CHEMBL5761010,Cn1c(=O)ccc2c([C@H](Nc3cc(Cl)c4ncc(C#N)c(NCC(C)(C)C)c4c3)C3=CN(C45CC(C4)C5)NN3)cccc21,8.3,IC50
CHEMBL5852605,CC(C)(C)CNc1c(C#N)cnc2c(Cl)cc(N[C@H](C3=CN(C45CC(C4)C5)NN3)c3cccc4c(=O)[nH]ccc34)cc12,8.7,IC50
CHEMBL6034266,CC(C)(C)CNc1c(C#N)cnc2c(Cl)cc(N[C@H](C3=CN(C4(C(F)(F)F)CC4)NN3)c3cccc4c(=O)n(C(F)F)ccc34)cc12,7.64,IC50
CHEMBL5778061,Cn1c(=O)ccc2c([C@H](Nc3cc(Cl)c4ncc(C#N)c(NCC(C)(C)C)c4c3)C3=CN(C4(C(F)(F)F)CC4)NN3)cccc21,7.89,IC50
CHEMBL5767274,CN1C=C([C@@H](Nc2cc(Cl)c3ncc(C#N)c(NCC(C)(C)C)c3c2)c2cccc3c(=O)n(C)ccc23)NN1,8.3,IC50
CHEMBL5926535,Cc1nc(F)ccc1C(Nc1cc(Cl)c2ncc(C#N)c(NCC(C)(C)C)c2c1)C1=CN(C)NN1,7.66,IC50
CHEMBL6040102,Cc1nc(F)ccc1[C@H](Nc1cc(Cl)c2ncc(C#N)c(NCC3(C)COC3)c2c1)C1=CN(C2(C(F)(F)F)CC2)NN1,7.05,IC50
CHEMBL6041702,CC(C)(C)CNc1c(C#N)cnc2c(Cl)cc(N[C@H](C3=CN(C4(C(F)(F)F)CC4)NN3)c3ccc(Cl)nc3)cc12,7.46,IC50
CHEMBL5956472,Cc1nc(Cl)ccc1[C@H](Nc1cc(Cl)c2ncc(C#N)c(NCC(C)(C)C)c2c1)C1=CN(C2(C(F)(F)F)CC2)NN1,7.82,IC50
CHEMBL5916714,Cc1ccc([C@H](Nc2cc(Cl)c3ncc(C#N)c(NCC(C)(C)C)c3c2)C2=CN(C3(C(F)(F)F)CC3)NN2)cn1,7.47,IC50
CHEMBL6033348,Cn1ccc2c([C@H](Nc3cc(Cl)c4ncc(C#N)c(NCC(C)(C)C)c4c3)C3=CN(C4CCC4)NN3)cccc2c1=O,8.7,IC50
CHEMBL5958646,CC1(N2C=C([C@@H](Nc3cc(Cl)c4ncc(C#N)c(NCC(C)(C)C(F)(F)F)c4c3)c3cccc4ncccc34)NN2)CC1,8.52,IC50
CHEMBL6017760,CC(C)(CNc1c(C#N)cnc2c(Cl)cc(N[C@H](C3=CN(C4(C5CC5)CC4)NN3)c3cccc4ncccc34)cc12)C(F)(F)F,8.15,IC50
CHEMBL5837076,CC(C)(CNc1c(C#N)cnc2c(Cl)cc(N[C@H](C3=CN(C45CC(C4)C5)NN3)c3cccc4ncccc34)cc12)C(F)(F)F,8.4,IC50
CHEMBL5935427,Cn1ccc2c([C@H](Nc3cc(Cl)c4ncc(C#N)c(NCC(C)(C)C)c4c3)C3=CN(C4(C)CCC4)NN3)cccc2c1=O,8.7,IC50
CHEMBL5975926,CCC(C)N1C=C([C@@H](Nc2cc(Cl)c3ncc(C#N)c(NCC(C)(C)C)c3c2)c2cccc3c(=O)n(C)ccc23)NN1,8.52,IC50
CHEMBL6058591,COCC(C)N1C=C([C@@H](Nc2cc(Cl)c3ncc(C#N)c(NCC(C)(C)C)c3c2)c2cccc3c(=O)n(C)ccc23)NN1,8.4,IC50
CHEMBL5826650,C[C@@H](CF)N1C=C([C@@H](Nc2cc(Cl)c3ncc(C#N)c(NCC(C)(C)C)c3c2)c2cccc3ncccc23)NN1,8.15,IC50
CHEMBL5741920,CC(C)(C)CNc1c(C#N)cnc2c(Cl)cc(N[C@H](C3=CN(C(CF)CF)NN3)c3cccc4ncccc34)cc12,8.05,IC50
CHEMBL5915123,COc1ccc([C@H](Nc2cc(Cl)c3ncc(C#N)c(NCC(C)(C)C)c3c2)C2=CN(C3(C(F)(F)F)CC3)NN2)cn1,7.55,IC50
CHEMBL5885055,Cc1nnc(C2(N3C=C([C@@H](Nc4cc(Cl)c5ncc(C#N)c(NCC(C)(C)C)c5c4)c4ccc(F)nc4C)NN3)CC2)o1,8.52,IC50
CHEMBL5896195,COc1nccc2c([C@H](Nc3cc(C#N)c4ncc(C#N)c(NCC(C)(C)C)c4c3)C3=CN(C45CC(C4)C5)NN3)cccc12,8.52,IC50
CHEMBL6033422,COc1nccc2c([C@H](Nc3cc(C#N)c4ncc(C#N)c(NCC(C)(C)C)c4c3)C3=CN(C4CC4)NN3)cccc12,8.52,IC50
CHEMBL5860638,COc1nccc2c([C@H](Nc3cc(C#N)c4ncc(C#N)c(NCC(C)(C)C)c4c3)C3=CN(C4(C)CC4)NN3)cccc12,8.52,IC50
CHEMBL5873547,COc1nccc2c([C@H](Nc3cc(C#N)c4ncc(C#N)c(NCC(C)(C)C)c4c3)C3=CN(C4(C(F)F)CC4)NN3)cccc12,8.4,IC50
CHEMBL6004777,COc1ccc2c([C@H](Nc3cc(C#N)c4ncc(C#N)c(NCC(C)(C)C)c4c3)C3=CN(C4(C(F)(F)F)CC4)NN3)cccc2n1,7.96,IC50
CHEMBL5981415,COc1nccc2c([C@H](Nc3cc(C#N)c4ncc(C#N)c(NCC(C)(C)C)c4c3)C3=CN(C4(C(F)(F)F)CC4)NN3)cccc12,8.3,IC50
CHEMBL5850193,CC1(N2C=C([C@@H](Nc3cc(C#N)c4ncc(C#N)c(NCC(C)(C)C(F)(F)F)c4c3)c3ccc(F)c4ncccc34)NN2)CC1,8.7,IC50
CHEMBL5747811,CC(C)(C)CNc1c(C#N)cnc2c(C#N)cc(N[C@H](C3=CN(C45CC(C4)C5)NN3)c3ccc(F)c4ncccc34)cc12,8.7,IC50
CHEMBL5844276,CC(C)(CNc1c(C#N)cnc2c(C#N)cc(N[C@H](C3=CN(C4(C(F)F)CC4)NN3)c3ccc(F)c4ncccc34)cc12)C(F)(F)F,8.52,IC50
CHEMBL5873371,CC(C)(CNc1c(C#N)cnc2c(C#N)cc(N[C@H](C3=CN(C45CC(C4)C5)NN3)c3ccc(F)c4ncccc34)cc12)C(F)(F)F,9.0,IC50
CHEMBL6058935,CC(C)(C)CNc1c(C#N)cnc2c(C#N)cc(N[C@H](C3=CN(C4(C(F)(F)F)CC4)NN3)c3cccc4c(C#N)nccc34)cc12,8.0,IC50
CHEMBL6022090,COc1nccc2c([C@H](Nc3cc(C#N)c4ncc(C#N)c(NCC(C)(C)C(F)(F)F)c4c3)C3=CN(C4(C)CC4)NN3)cccc12,8.7,IC50
CHEMBL5913125,COc1nccc2c([C@H](Nc3cc(C#N)c4ncc(C#N)c(NCC(C)(C)C(F)(F)F)c4c3)C3=CN(C45CC(C4)C5)NN3)cccc12,8.52,IC50
CHEMBL5813513,COc1nccc2c([C@H](Nc3cc(C#N)c4ncc(C#N)c(NCC(C)(C)C(F)(F)F)c4c3)C3=CN(C4(C(F)F)CC4)NN3)cccc12,8.52,IC50
CHEMBL5813210,CC(C)(C)CNc1c(C#N)cnc2c(C#N)cc(N[C@H](C3=CN(C4(C(F)(F)F)CC4)NN3)c3ccc4nccn4c3)cc12,8.0,IC50
CHEMBL5771960,COc1nccc2c([C@H](Nc3cc(C#N)c4ncc(C#N)c(NCC(C)(C)C)c4c3)C3=CN(C4(C5CC5)CC4)NN3)cccc12,8.4,IC50
CHEMBL5866385,COc1nccc2c([C@H](Nc3cc(C#N)c4ncc(C#N)c(NCC(C)(C)C)c4c3)C3=CN([C@@H](C)CF)NN3)cccc12,8.3,IC50
CHEMBL5977553,COc1nccc2c([C@H](Nc3cc(C#N)c4ncc(C#N)c(NCC(C)(C)C)c4c3)C3=CN(C(CF)CF)NN3)cccc12,8.15,IC50
CHEMBL5764068,CC(C)(C)CNc1c(C#N)cnc2c(C#N)cc(N[C@H](C3=CN(C4(C(F)(F)F)CC4)NN3)c3ccc(C#N)nc3)cc12,7.29,IC50
CHEMBL5983063,Cc1nc(F)ccc1[C@H](Nc1cc(C#N)c2ncc(C#N)c(NCC(C)(C)C(F)(F)F)c2c1)C1=CN(C(C)(C)C)NN1,8.7,IC50
CHEMBL5821888,Cc1ccc([C@H](Nc2cc(C#N)c3ncc(C#N)c(NCC(C)(C)C)c3c2)C2=CN(C3(C(F)(F)F)CC3)NN2)cn1,7.66,IC50
CHEMBL5817539,Cc1ccc([C@H](Nc2cc(C#N)c3ncc(C#N)c(NCC(C)(C)C)c3c2)C2=CN(C3(C(F)F)CC3)NN2)c(C)n1,8.4,IC50
CHEMBL5971649,Cc1nc(C#N)ccc1[C@H](Nc1cc(C#N)c2ncc(C#N)c(NCC(C)(C)C)c2c1)C1=CN(C2(C(F)(F)F)CC2)NN1,7.8,IC50
CHEMBL5970897,Cc1nc(F)ccc1[C@H](Nc1cc(C#N)c2ncc(C#N)c(NCC3(C(F)(F)F)CCC3)c2c1)C1=CN(C2(C(F)F)CC2)NN1,8.1,IC50
CHEMBL6060469,Cc1nc(F)ccc1[C@H](Nc1cc(C#N)c2ncc(C#N)c(NCC(C)(C)C(F)(F)F)c2c1)C1=CN(C2(C(F)F)CC2)NN1,8.7,IC50
CHEMBL5849883,Cc1nc(F)ccc1[C@H](Nc1cc(C#N)c2ncc(C#N)c(NCC(C)(C)C(F)(F)F)c2c1)C1=CN(C23CC(C2)C3)NN1,8.7,IC50
CHEMBL5801115,Cc1nc(F)ccc1[C@H](Nc1cc(C#N)c2ncc(C#N)c(NCC(C)(C)C)c2c1)C1=CN([C@@H]2CC2C(F)F)NN1,8.3,IC50
CHEMBL5777803,CC[C@@H](Nc1c(C#N)cnc2c(C#N)cc(N[C@H](C3=CN(C4(C(F)F)CC4)NN3)c3ccc(F)nc3C)cc12)c1ccccc1,8.4,IC50
CHEMBL5993116,Cc1nc(F)ccc1[C@H](Nc1cc(C#N)c2ncc(C#N)c(NCC(C)(C)C)c2c1)C1=CN(CC(C)(F)F)NN1,8.4,IC50
CHEMBL5887123,CCC(F)(F)CN1C=C([C@@H](Nc2cc(C#N)c3ncc(C#N)c(NCC(C)(C)C)c3c2)c2ccc(F)nc2C)NN1,8.15,IC50
CHEMBL6044353,Cn1ccc2c([C@H](Nc3cc(C#N)c4ncc(C#N)c(NCC(C)(C)C(F)(F)F)c4c3)C3=CN(C4(C(F)F)CC4)NN3)cccc2c1=O,8.52,IC50
CHEMBL5895880,Cc1nc(F)ccc1[C@H](Nc1cc(C#N)c2ncc(C#N)c(NCC(C)(C)C)c2c1)C1=CN(CC2(C(F)(F)F)CC2)NN1,8.22,IC50
CHEMBL5814141,Cc1nc(F)ccc1[C@H](Nc1cc(C#N)c2ncc(C#N)c(NCC(C)(C)C)c2c1)C1=CN(CC2(C(F)F)CC2)NN1,8.4,IC50
CHEMBL6046237,CC(C)(CNc1c(C#N)cnc2c(C#N)cc(N[C@H](C3=CN(C4(C(F)F)CC4)NN3)c3cccc4c(=O)[nH]ccc34)cc12)C(F)(F)F,8.52,IC50
CHEMBL5971988,Cc1nc(F)ccc1[C@H](Nc1cc(C#N)c2ncc(C#N)c(NCC(C)(C)C(F)(F)F)c2c1)C1=CN(C2(C(F)(F)F)CC2)NN1,8.4,IC50
CHEMBL5742722,Cn1cccc([C@H](Nc2cc(C#N)c3ncc(C#N)c(NCC(C)(C)C)c3c2)C2=CN(C3(C(F)(F)F)CC3)NN2)c1=O,7.89,IC50
CHEMBL5840456,Cc1nc(F)ccc1[C@H](Nc1cc(C#N)c2ncc(C#N)c(NCC3C(C)(C)C3(C)C)c2c1)C1=CN(C2(C(F)F)CC2)NN1,7.7,IC50
CHEMBL5986263,Cc1nc(F)ccc1[C@H](Nc1cc(C#N)c2ncc(C#N)c(NCC(C)(C)C(F)(F)F)c2c1)C1=CN(C2(C)CC2)NN1,8.7,IC50
CHEMBL5769440,Cn1ccc2c([C@H](Nc3cc(C#N)c4ncc(C#N)c(NCC(C)(C)C)c4c3)C3=CN(C4(C(F)F)CC4)NN3)cccc21,7.51,IC50
CHEMBL5921778,Cc1nc(F)ccc1[C@H](Nc1cc(C#N)c2ncc(C#N)c(NCC34CC(C3)C4)c2c1)C1=CN(C2(C(F)(F)F)CC2)NN1,7.51,IC50
CHEMBL6019832,Cc1nc(F)ccc1[C@H](Nc1cc(C#N)c2ncc(C#N)c(NCC34CC(C3)C4)c2c1)C1=CN(C2(C(F)F)CC2)NN1,7.8,IC50
CHEMBL5834058,Cc1nc(F)ccc1[C@H](Nc1cc(C#N)c2ncc(C#N)c(NCC(C)(C)C)c2c1)C1=CN(C(C)(C)C2CC2)NN1,8.22,IC50
CHEMBL5798951,Cc1nc(F)ccc1[C@H](Nc1cc(C#N)c2ncc(C#N)c(NCC(C)(C)C)c2c1)C1=CN(C2(C(C)C)CC2)NN1,8.52,IC50
CHEMBL5752927,Cc1nc(F)ccc1[C@H](Nc1cc(C#N)c2ncc(C#N)c(NCC(C)(C)C)c2c1)C1=CN(C2(C)COC2)NN1,8.7,IC50
CHEMBL5990988,Cn1ccc2c([C@H](Nc3cc(C#N)c4ncc(C#N)c(NCC(C)(C)C)c4c3)C3=CN(C4(C)COC4)NN3)cccc2c1=O,9.0,IC50
CHEMBL5981332,Cc1nc(F)ccc1[C@H](Nc1cc(C#N)c2ncc(C#N)c(NCC(C)(C)C)c2c1)C1=C(F)N([C@@H](C)CF)NN1,8.4,IC50
CHEMBL5995066,CC(C)(C)CNc1c(C#N)cnc2c(C#N)cc(N[C@H](C3=CN(C4(C(F)(F)F)CC4)NN3)c3csc4cnccc34)cc12,8.7,IC50
CHEMBL5793320,CC(C)(C)CNc1c(C#N)cnc2c(C#N)cc(N[C@H](C3=CN(C4CC4)NN3)c3csc4cnccc34)cc12,9.0,IC50
CHEMBL5950577,Cc1nc(F)ccc1[C@H](Nc1cc(C#N)c2ncc(C#N)c(NCC(C)(C)C)c2c1)C1=C(C2CC2)N(C2CC2)NN1,8.4,IC50
CHEMBL5919441,Cc1nc(F)ccc1[C@H](Nc1cc(C#N)c2ncc(C#N)c(NCC(C)(C)C(F)(F)F)c2c1)C1=C(F)N([C@@H](C)CF)NN1,8.15,IC50
CHEMBL6003695,COC1=C([C@@H](Nc2cc(C#N)c3ncc(C#N)c(NCC(C)(C)C)c3c2)c2ccc(F)nc2C)NNN1C1CC1,8.7,IC50
CHEMBL5740396,Cc1nc(F)ccc1[C@H](Nc1cc(C#N)c2ncc(C#N)c(NCC(C)(C)C)c2c1)C1=CN(C2(C(C)(C)C)CC2)NN1,8.52,IC50
CHEMBL5851491,Cc1nc(F)ccc1[C@H](Nc1cc(C#N)c2ncc(C#N)c(NCC(C)(C)C(F)(F)F)c2c1)C1=C(F)N(C23CC(C2)C3)NN1,8.15,IC50
CHEMBL5946968,Cc1nc(F)ccc1[C@H](Nc1cc(C#N)c2ncc(C#N)c(NCC(C)(C)C(F)(F)F)c2c1)C1=C(F)N(C2(C3CC3)CC2)NN1,8.1,IC50
CHEMBL5945047,Cc1nc(F)ccc1[C@H](Nc1cc(C#N)c2ncc(C#N)c(NCC(C)(C)C(F)(F)F)c2c1)C1=C(F)N(C2(C)CC2)NN1,8.7,IC50
CHEMBL5824811,Cc1nc(F)ccc1[C@H](Nc1cc(C#N)c2ncc(C#N)c(NCC(C)(C)C(F)(F)F)c2c1)C1=C(F)N(C2CC2)NN1,8.7,IC50
CHEMBL5794723,Cc1nc(F)ccc1[C@H](Nc1cc(C#N)c2ncc(C#N)c(NCC(C)(C)C)c2c1)C1=C(F)N(C2(C3CC3)CC2)NN1,8.4,IC50
CHEMBL5950205,Cc1nc(F)ccc1[C@H](Nc1cc(C#N)c2ncc(C#N)c(NCC(C)(C)C)c2c1)C1=CN(CC2(C)CC2)NN1,8.7,IC50
CHEMBL5750528,Cc1nc(F)ccc1[C@H](Nc1cc(C#N)c2ncc(C#N)c(NCC(C)(C)C(F)(F)F)c2c1)C1=CN(C2(C3CC3)CC2)NN1,8.52,IC50
CHEMBL6026116,COC1=C([C@@H](Nc2cc(C#N)c3ncc(C#N)c(NCC(C)(C)C)c3c2)c2ccc(F)nc2C)NNN1C12CC(C1)C2,8.7,IC50
CHEMBL5779142,Cc1nc(F)ccc1[C@H](Nc1cc(C#N)c2ncc(C#N)c(NCC(C)(C)C)c2c1)C1=CN(C(CF)CF)NN1,8.7,IC50
CHEMBL6013771,CC(C)(C)CNc1c(C#N)cnc2c(C#N)cc(N[C@H](C3=CN(C4(C(F)F)CC4)NN3)c3cccc4c(=O)n(CC(F)F)ccc34)cc12,8.7,IC50
CHEMBL5898177,Cn1ccc2c([C@H](Nc3cc(C#N)c4ncc(C#N)c(NCC(C)(C)C)c4c3)C3=CN(C4(C(F)F)CC4)NN3)cccc2c1=O,9.0,IC50
CHEMBL5901867,Cc1nc(F)ccc1[C@H](Nc1cc(C#N)c2ncc(C#N)c(NCC(C)(C)C)c2c1)C1=CN(C2CC23CC3)NN1,9.0,IC50
CHEMBL5881803,Cn1ccc2c([C@H](Nc3cc(C#N)c4ncc(C#N)c(NCC(C)(C)C)c4c3)C3=CN(C4(C(F)F)CC4)NN3)ccnc21,8.3,IC50
CHEMBL6028869,CC(C)(C)CNc1c(C#N)cnc2c(C#N)cc(N[C@H](C3=CN(C4(C(F)(F)F)CC4)NN3)c3cccc4c(=O)n(CC(F)F)ccc34)cc12,8.52,IC50
CHEMBL5964384,CC(C)(C)CNc1c(C#N)cnc2c(C#N)cc(N[C@H](C3=CN(C4(C(F)(F)F)CC4)NN3)c3cccc4c(=O)n(CC(F)(F)F)ccc34)cc12,8.7,IC50
CHEMBL6050257,CC(C)(C)CNc1c(C#N)cnc2c(C#N)cc(N[C@H](C3=CN(C4(C(F)F)CC4)NN3)c3cccc4c(=O)[nH]ccc34)cc12,8.7,IC50
CHEMBL6017472,C[C@@H](CF)N1C=C([C@@H](Nc2cc(C#N)c3ncc(C#N)c(NCC(C)(C)C)c3c2)c2cccc3c(=O)n(C)ccc23)NN1,8.7,IC50
CHEMBL5987649,Cn1ccc2c([C@H](Nc3cc(C#N)c4ncc(C#N)c(NCC(C)(C)C)c4c3)C3=CN(C4(CF)CC4)NN3)cccc2c1=O,8.7,IC50
CHEMBL5964757,Cn1ccc2c([C@H](Nc3cc(C#N)c4ncc(C#N)c(NCC(C)(C)C)c4c3)C3=CN(C4(C)CC4)NN3)cccc2c1=O,9.0,IC50
CHEMBL5785533,Cn1ccc2c([C@H](Nc3cc(C#N)c4ncc(C#N)c(NCC(C)(C)C)c4c3)C3=CN(C(CF)CF)NN3)cccc2c1=O,8.52,IC50
CHEMBL5880998,Cn1ccc2c([C@H](Nc3cc(C#N)c4ncc(C#N)c(NCC(C)(C)C)c4c3)C3=CN(C4(C5CC5)CC4)NN3)cccc2c1=O,8.7,IC50
CHEMBL5870730,Cn1ccc2c([C@H](Nc3cc(C#N)c4ncc(C#N)c(NCC(C)(C)C(F)(F)F)c4c3)C3=CN(C4(C5CC5)CC4)NN3)cccc2c1=O,8.7,IC50
CHEMBL5770582,Cn1ccc2c([C@H](Nc3cc(C#N)c4ncc(C#N)c(NCC(C)(C)C(F)(F)F)c4c3)C3=CN(C45CC(C4)C5)NN3)cccc2c1=O,9.0,IC50
CHEMBL5786862,Cn1ccc2c([C@H](Nc3cc(C#N)c4ncc(C#N)c(NCC(C)(C)C(F)(F)F)c4c3)C3=CN(C4(C)CC4)NN3)cccc2c1=O,9.0,IC50
CHEMBL5741712,COc1ncccc1[C@H](Nc1cc(C#N)c2ncc(C#N)c(NCC(C)(C)C)c2c1)C1=CN(C2(C(F)(F)F)CC2)NN1,8.0,IC50
CHEMBL5809880,Cn1ccc2c([C@H](Nc3cc(C#N)c4ncc(C#N)c(NCC(C)(C)C(F)(F)F)c4c3)C3=CN(C4(C(F)(F)F)CC4)NN3)cccc2c1=O,8.52,IC50
CHEMBL5912353,Cn1c(=O)ccc2c([C@H](Nc3cc(C#N)c4ncc(C#N)c(NCC(C)(C)C)c4c3)C3=CN(C45CC(C4)C5)NN3)cccc21,8.52,IC50
CHEMBL5878054,CC(C)(C)CNc1c(C#N)cnc2c(C#N)cc(N[C@H](C3=CN(C45CC(C4)C5)NN3)c3cccc4c(=O)[nH]ccc34)cc12,8.7,IC50
CHEMBL5994327,CC(C)(C)CNc1c(C#N)cnc2c(C#N)cc(N[C@H](C3=CN(C4(C(F)(F)F)CC4)NN3)c3cccc4c(=O)n(C(F)F)ccc34)cc12,8.05,IC50
CHEMBL5828230,Cn1c(=O)ccc2c([C@H](Nc3cc(C#N)c4ncc(C#N)c(NCC(C)(C)C)c4c3)C3=CN(C4(C(F)(F)F)CC4)NN3)cccc21,8.22,IC50
CHEMBL5916066,Cn1ccc2c([C@H](Nc3cc(C#N)c4ncc(C#N)c(NCC(C)(C)C)c4c3)C3=CN(C45CC(C4)C5)NN3)cccc2c1=O,9.0,IC50
CHEMBL6012814,C[C@@H](CF)N1C=C([C@@H](Nc2cc(C#N)c3ncc(C#N)c(NCC(C)(C)C)c3c2)c2cccc3ncccc23)NN1,8.7,IC50
CHEMBL6026906,CC(C)(C)CNc1c(C#N)cnc2c(C#N)cc(N[C@H](C3=CN(C(CF)CF)NN3)c3cccc4ncccc34)cc12,8.4,IC50
CHEMBL5942334,CC(C)(CNc1c(C#N)cnc2c(C#N)cc(N[C@H](C3=CN(C4(C(F)F)CC4)NN3)c3cccc4ncccc34)cc12)C(F)(F)F,8.52,IC50
CHEMBL5933908,CC1(N2C=C([C@@H](Nc3cc(C#N)c4ncc(C#N)c(NCC(C)(C)C(F)(F)F)c4c3)c3cccc4ncccc34)NN2)CC1,8.52,IC50
CHEMBL6060856,CC(C)(CNc1c(C#N)cnc2c(C#N)cc(N[C@H](C3=CN(C4(C5CC5)CC4)NN3)c3cccc4ncccc34)cc12)C(F)(F)F,8.52,IC50
CHEMBL5985452,CC(C)(CNc1c(C#N)cnc2c(C#N)cc(N[C@H](C3=CN(C45CC(C4)C5)NN3)c3cccc4ncccc34)cc12)C(F)(F)F,8.7,IC50
CHEMBL5872120,CC(C)(C)CNc1c(C#N)cnc2c(C#N)cc(N[C@H](C3=CN(C(C)(C)C(F)F)NN3)c3cccc4ncccc34)cc12,8.3,IC50
CHEMBL5864922,CC(C)(C)CNc1c(C#N)cnc2c(C#N)cc(N[C@H](C3=CN([C@@H]4C[C@@H]4F)NN3)c3cccc4ncccc34)cc12,8.7,IC50
CHEMBL5812935,Cc1ccc2c([C@H](Nc3cc(C#N)c4ncc(C#N)c(NCC(C)(C)C)c4c3)C3=CN(C45CC(C4)C5)NN3)cccc2n1,8.52,IC50
CHEMBL6018816,Cc1ccc2c([C@H](Nc3cc(C#N)c4ncc(C#N)c(NCC(C)(C)C)c4c3)C3=CN(C4(C)CC4)NN3)cccc2n1,8.52,IC50
CHEMBL5867436,Cc1ncsc1[C@H](Nc1cc(C#N)c2ncc(C#N)c(NCC(C)(C)C)c2c1)C1=CN(C2(C3CC3)CC2)NN1,8.52,IC50
CHEMBL5933810,Cc1ncsc1[C@H](Nc1cc(C#N)c2ncc(C#N)c(NCC(C)(C)C)c2c1)C1=CN(C2(C(F)(F)F)CC2)NN1,8.3,IC50
CHEMBL5759938,COc1ccc([C@H](Nc2cc(C#N)c3ncc(C#N)c(NCC(C)(C)C)c3c2)C2=CN(C3(C(F)(F)F)CC3)NN2)cn1,7.82,IC50
CHEMBL5870018,Cc1nc(F)ccc1[C@H](Nc1cc(C#N)c2ncc(C#N)c(NCC(C)(C)C)c2c1)C1=C(F)N(C)NN1,8.4,IC50
CHEMBL5950027,Cc1nnc(C2(N3C=C([C@@H](Nc4cc(C#N)c5ncc(C#N)c(NCC(C)(C)C)c5c4)c4ccc(F)nc4C)NN3)CC2)o1,8.4,IC50
CHEMBL6062449,COC1=C(C(Nc2cc(C#N)c3ncc(C#N)c(NCC(C)(C)C)c3c2)c2ccc(F)nc2C)NNN1C,7.92,IC50
CHEMBL5842538,CC(C)(C)CNc1c(C#N)cnc2c(C#N)cc(N[C@H](C3=CN(C4(C(F)(F)F)CC4)NN3)c3cccc4cnc(C#N)cc34)cc12,8.1,IC50
CHEMBL5972316,COc1nccc2c([C@H](Nc3cc(Cl)c4ncc(C#N)c(NCC(C)(C)C)c4c3)C3=CN(C45CC(C4)C5)NN3)cccc12,8.15,IC50
CHEMBL6020997,COc1nccc2c([C@H](Nc3cc(Cl)c4ncc(C#N)c(NCC(C)(C)C)c4c3)C3=CN(C4CC4)NN3)cccc12,8.22,IC50
CHEMBL6022124,COc1nccc2c([C@H](Nc3cc(Cl)c4ncc(C#N)c(NCC(C)(C)C)c4c3)C3=CN(C4(C)CC4)NN3)cccc12,8.22,IC50
CHEMBL5887579,COc1nccc2c([C@H](Nc3cc(Cl)c4ncc(C#N)c(NCC(C)(C)C)c4c3)C3=CN(C4(C(F)F)CC4)NN3)cccc12,8.05,IC50
CHEMBL5828618,CC(C)(C)CNc1c(C#N)cnc2c(Cl)cc(N[C@H](C3=CN(C4(C(F)(F)F)CC4)NN3)c3cccc4cnc(Cl)cc34)cc12,7.36,IC50
CHEMBL5831945,CC(C)(C)CNc1c(C#N)cnc2c(Cl)cc(N[C@H](C3=CN(C4(C(F)(F)F)CC4)NN3)c3cccc4c(Cl)nccc34)cc12,7.89,IC50
CHEMBL6013119,CC(C)(CNc1c(C#N)cnc2c(Cl)cc(N[C@H](C3=CN(C45CC(C4)C5)NN3)c3ccc(F)c4ncccc34)cc12)C(F)(F)F,8.52,IC50
CHEMBL6017494,CC(C)(CNc1c(C#N)cnc2c(Cl)cc(N[C@H](C3=CN(C4(C(F)F)CC4)NN3)c3ccc(F)c4ncccc34)cc12)C(F)(F)F,8.52,IC50
CHEMBL6051697,CC1(N2C=C([C@@H](Nc3cc(Cl)c4ncc(C#N)c(NCC(C)(C)C(F)(F)F)c4c3)c3ccc(F)c4ncccc34)NN2)CC1,8.7,IC50
CHEMBL5793602,CC(C)(C)CNc1c(C#N)cnc2c(Cl)cc(N[C@H](C3=CN(C45CC(C4)C5)NN3)c3ccc(F)c4ncccc34)cc12,8.52,IC50
CHEMBL5828049,COc1nccc2c([C@H](Nc3cc(Cl)c4ncc(C#N)c(NCC(C)(C)C)c4c3)C3=C(F)N(C4(C(F)(F)F)CC4)NN3)cccc12,7.96,IC50
CHEMBL5970641,COc1nccc2c([C@H](Nc3cc(Cl)c4ncc(C#N)c(NCC(C)(C)C)c4c3)C3=C(F)N(C4(C(F)F)CC4)NN3)cccc12,7.8,IC50
CHEMBL6000425,COc1nccc2c([C@H](Nc3cc(Cl)c4ncc(C#N)c(NCC(C)(C)C(F)(F)F)c4c3)C3=CN(C4(C5CC5)CC4)NN3)cccc12,7.89,IC50
CHEMBL5858369,COc1nccc2c([C@H](Nc3cc(Cl)c4ncc(C#N)c(NCC(C)(C)C(F)(F)F)c4c3)C3=CN(C4(C)CC4)NN3)cccc12,8.22,IC50
CHEMBL5967931,COc1nccc2c([C@H](Nc3cc(Cl)c4ncc(C#N)c(NCC(C)(C)C(F)(F)F)c4c3)C3=CN(C45CC(C4)C5)NN3)cccc12,8.22,IC50
CHEMBL6052966,COc1nccc2c([C@H](Nc3cc(Cl)c4ncc(C#N)c(NCC(C)(C)C)c4c3)C3=CN(C4(C(F)(F)F)CC4)NN3)cccc12,7.96,IC50
CHEMBL5913710,COc1ccc2c([C@H](Nc3cc(Cl)c4ncc(C#N)c(NCC(C)(C)C)c4c3)C3=CN(C4(C(F)(F)F)CC4)NN3)cccc2n1,7.48,IC50
CHEMBL5810622,COc1nccc2c([C@H](Nc3cc(Cl)c4ncc(C#N)c(NCC(C)(C)C)c4c3)C3=CN(C4(C5CC5)CC4)NN3)cccc12,8.0,IC50
CHEMBL5779120,COc1nccc2c([C@H](Nc3cc(Cl)c4ncc(C#N)c(NCC(C)(C)C)c4c3)C3=CN([C@@H](C)CF)NN3)cccc12,7.85,IC50
CHEMBL5820578,COc1nccc2c([C@H](Nc3cc(Cl)c4ncc(C#N)c(NCC(C)(C)C)c4c3)C3=CN(C(CF)CF)NN3)cccc12,7.54,IC50
CHEMBL5892362,COc1nccc2c([C@H](Nc3cc(Cl)c4ncc(C#N)c(NCC(C)(C)C(F)(F)F)c4c3)C3=CN(C4(C(F)F)CC4)NN3)cccc12,8.15,IC50
CHEMBL6026921,CC(C)(C)CNc1c(C#N)cnc2c(Cl)cc(N[C@H](C3=CN(C4(C(F)(F)F)CC4)NN3)c3ccc4nccn4c3)cc12,7.62,IC50
CHEMBL6015337,Cn1cccc([C@H](Nc2cc(Cl)c3ncc(C#N)c(NCC(C)(C)C)c3c2)C2=CN(C3(C(F)(F)F)CC3)NN2)c1=O,7.75,IC50
CHEMBL5960312,CC(C)(C)CNc1c(C#N)cnc2c(Cl)cc(N[C@H](C3=CN(C4(C(F)(F)F)CC4)NN3)c3cccc4ncc(F)cc34)cc12,7.64,IC50
CHEMBL5943090,Cc1c([C@H](Nc2cc(Cl)c3ncc(C#N)c(NCC(C)(C)C)c3c2)C2=CN(C3(C(F)(F)F)CC3)NN2)ccnc1O,7.58,IC50
CHEMBL5758018,CC(C)(CNc1c(C#N)cnc2c(Cl)cc(N[C@H](C3=CN(C4(C(F)F)CC4)NN3)c3cccc4ncccc34)cc12)C(F)(F)F,8.15,IC50
CHEMBL5782603,COc1cc([C@H](Nc2cc(Cl)c3ncc(C#N)c(NCC(C)(C)C)c3c2)C2=CN(C3(C(F)(F)F)CC3)NN2)ccn1,7.19,IC50
CHEMBL5811425,Cc1nc(F)ccc1[C@H](Nc1cc(Cl)c2ncc(C#N)c(NCC(C)(C)C)c2c1)C1=C(C2CC2)N(C2CC2)NN1,8.3,IC50
CHEMBL6027273,Cc1nc(F)ccc1[C@H](Nc1cc(Cl)c2ncc(C#N)c(NCC(C)(C)C)c2c1)C1=C(F)N(C2(C)CC2)NN1,8.52,IC50
CHEMBL5982895,Cc1nc(F)ccc1[C@H](Nc1cc(Cl)c2ncc(C#N)c(NCC(C)(C)C(F)(F)F)c2c1)C1=C(F)N(C2(C(F)F)CC2)NN1,8.3,IC50
CHEMBL6002699,Cc1nc(F)ccc1[C@H](Nc1cc(Cl)c2ncc(C#N)c(NCC(C)(C)C)c2c1)C1=C(F)N(C2(C3CC3)CC2)NN1,8.4,IC50
CHEMBL5928047,CC[C@@H](Nc1c(C#N)cnc2c(Cl)cc(N[C@H](C3=C(F)N(C4(C(F)(F)F)CC4)NN3)c3ccc(F)nc3C)cc12)c1ccccc1,7.77,IC50
CHEMBL6041164,Cc1nc(F)ccc1[C@H](Nc1cc(Cl)c2ncc(C#N)c(NCC(C)(C)C)c2c1)C1=C(F)N(C23CC(C2)C3)NN1,8.05,IC50
CHEMBL5813402,Cc1nc(F)ccc1[C@H](Nc1cc(Cl)c2ncc(C#N)c(NCC(C)(C)C)c2c1)C1=C(F)N([C@@H](C)CF)NN1,8.4,IC50
CHEMBL5926481,Cc1nc(F)ccc1[C@H](Nc1cc(Cl)c2ncc(C#N)c(Nc3cnc(F)c(F)c3)c2c1)C1=C(F)N(C2(C(F)F)CC2)NN1,7.44,IC50
CHEMBL5821520,Cc1nc(F)ccc1[C@H](Nc1cc(C#N)c2ncc(C#N)c(NCC(C)(C)C)c2c1)C1=C(F)N(C23CC(C2)C3)NN1,8.15,IC50
CHEMBL5984403,Cc1nc(F)ccc1[C@H](Nc1cc(Cl)c2ncc(C#N)c(NCC(C)(C)C(F)(F)F)c2c1)C1=C(F)N([C@@H](C)CF)NN1,8.22,IC50
CHEMBL5918636,Cc1nc(F)ccc1[C@H](Nc1cc(Cl)c2ncc(C#N)c(NCC(C)(C)C(F)(F)F)c2c1)C1=C(F)N(C23CC(C2)C3)NN1,8.15,IC50
CHEMBL5821372,Cc1nc(F)ccc1[C@H](Nc1cc(Cl)c2ncc(C#N)c(NCC(C)(C)C(F)(F)F)c2c1)C1=C(F)N(C2(C3CC3)CC2)NN1,8.3,IC50
CHEMBL5833896,Cc1nc(F)ccc1[C@H](Nc1cc(Cl)c2ncc(C#N)c(NCC(C)(C)C(F)(F)F)c2c1)C1=C(F)N(C2CC2)NN1,8.7,IC50
CHEMBL6034137,Cc1nc(F)ccc1[C@H](Nc1cc(Cl)c2ncc(C#N)c(NCC(C)(C)C(F)(F)F)c2c1)C1=C(F)N(C2(C)CC2)NN1,8.52,IC50
CHEMBL5764948,Cc1nc(F)ccc1[C@H](Nc1cc(Cl)c2ncc(C#N)c(NCC(C)(C)C)c2c1)C1=C(F)N(C2(C(F)F)CC2)NN1,8.15,IC50
CHEMBL5972189,Cn1ccc2c([C@H](Nc3cc(Cl)c4ncc(C#N)c(NCC(C)(C)C)c4c3)C3=C(F)N(C45CC(C4)C5)NN3)cccc2c1=O,8.52,IC50
CHEMBL6001194,CN(CC(C)(C)C)c1c(C#N)cnc2c(Cl)cc(N(C)[C@H](C3=C(F)N(C4(C(F)F)CC4)NN3)c3cccc4ncccc34)cc12,7.89,IC50
CHEMBL5773929,Cc1nc(F)ccc1[C@H](Nc1cc(Cl)c2ncc(C#N)c(NCC(C)(C)C)c2c1)C1=C(F)N(C)NN1,8.4,IC50
CHEMBL5771119,COC1=C([C@@H](Nc2cc(C#N)c3ncc(C#N)c(NCC(C)(C)C)c3c2)c2ccc(F)nc2C)NNN1C1(C(F)F)CC1,8.52,IC50
CHEMBL5882302,COC1=C([C@@H](Nc2cc(Cl)c3ncc(C#N)c(NCC(C)(C)C)c3c2)c2ccc(F)nc2C)NNN1C1(C(F)F)CC1,8.4,IC50
CHEMBL6055537,COC1=C([C@@H](Nc2cc(Cl)c3ncc(C#N)c(NCC(C)(C)C)c3c2)c2ccc(OC)nc2C)NNN1C1(C(F)F)CC1,7.82,IC50
CHEMBL5900488,COC1=C([C@@H](Nc2cc(Cl)c3ncc(C#N)c(NCC(C)(C)C)c3c2)c2ccc(F)nc2C)NNN1C1CC1,8.7,IC50
CHEMBL5746961,COC1=C([C@@H](Nc2cc(Cl)c3ncc(C#N)c(NCC(C)(C)C)c3c2)c2ccc(F)nc2C)NNN1C12CC(C1)C2,8.7,IC50
CHEMBL5849925,COC1=C([C@@H](Nc2cc(Cl)c3ncc(C#N)c(NCC(C)(C)C)c3c2)c2ccc(F)nc2C)NNN1C,8.1,IC50
CHEMBL5904573,COC1=C(C(Nc2cc(Cl)c3ncc(C#N)c(NCC(C)(C)C)c3c2)c2ccc(OC)nc2C)NNN1C,7.47,IC50
CHEMBL5779271,COC1=C(C(Nc2cc(Cl)c3ncc(C#N)c(NCC(C)(C)C)c3c2)c2ccc(F)nc2C)NNN1C,7.96,IC50
CHEMBL5943599,Cc1nc(F)ccc1[C@H](Nc1cc(Cl)c2ncc(C#N)c(NCC(C)(C)C)c2c1)C1=C(C#N)N(C2(C(F)F)CC2)NN1,7.96,IC50
CHEMBL5978427,Cc1nc(F)ccc1[C@H](Nc1cc(-c2cncnc2)c2ncc(C#N)c(NCC(C)(C)C)c2c1)C1=CN(C2(C(F)F)CC2)NN1,7.68,IC50
CHEMBL5751617,COc1ccc(C(Nc2cc(Cl)c3ncc(C#N)c(NCC(C)(C)C)c3c2)C2=CN(C3(C(F)(F)F)CC3)NN2)c(C)n1,8.05,IC50
CHEMBL6029402,CC(=O)c1cc(N[C@H](C2=CN(C3(C(F)F)CC3)NN2)c2ccc(F)nc2C)cc2c(NCC(C)(C)C)c(C#N)cnc12,8.4,IC50
CHEMBL6027911,Cc1nc(F)ccc1[C@H](Nc1cc(Cl)c2ncc(C#N)c(NCC(C)(C)C)c2c1)C1=C2CCCCN2NN1,8.0,IC50
CHEMBL5932188,Cc1nc(F)ccc1[C@H](Nc1cc(Cl)c2ncc(C#N)c(NCC(C)(C)C)c2c1)C1=C2OCCCN2NN1,7.89,IC50
CHEMBL5801606,C=CC(=O)Nc1cc(Nc2ncc(Cl)c(-c3cc(F)c4nc(C)n(C(C)C)c4c3)n2)c(OC)cc1N(C)CCN(C)C,7.6,IC50
CHEMBL6034481,C=CC(=O)Nc1cc(Nc2ncc(C)c(-c3cc(F)c4nc(C)n(C(C)C)c4c3)n2)c(OC)cc1N(C)CCN(C)C,7.6,IC50
CHEMBL5823957,C=CC(=O)Nc1cc(Nc2ncc(OC)c(-c3cc(F)c4nc(C)n(C(C)C)c4c3)n2)c(OC)cc1N(C)CCN(C)C,7.6,IC50
CHEMBL5763383,C=CC(=O)Nc1cc(Nc2ncc(C(F)(F)F)c(-c3cc(F)c4nc(C)n(C(C)C)c4c3)n2)c(OC)cc1N(C)CCN(C)C,7.6,IC50
CHEMBL5776775,C=CC(=O)Nc1cc(Nc2nccc(-c3cc(F)c4nc5n(c4c3)C(C)(C)CC5)n2)c(OC)cc1N(C)CCN(C)C,7.6,IC50
CHEMBL5987816,C=CC(=O)Nc1cc(Nc2nccc(-c3cc(F)c4nc(OC)n(C(C)C)c4c3)n2)c(OC)cc1N(C)CCN(C)C,7.6,IC50
CHEMBL5760284,C=CC(=O)Nc1cc(Nc2nccc(-c3cc(F)c4nc(OC)n(C(C)C)c4c3)n2)c(OC)cc1OCCN(C)C,7.6,IC50
CHEMBL5954184,C=CC(=O)Nc1cc(Nc2ncc(Br)c(-c3cc(F)c4nc(C)n(C(C)C)c4c3)n2)c(OC)cc1N(C)CCN(C)C,7.6,IC50
CHEMBL5899957,COc1cc(N(C)CCN(C)C)c([N+](=O)[O-])cc1Nc1ncc(Br)c(-c2cc(F)c3nc(C)n(C(C)C)c3c2)n1,7.6,IC50
CHEMBL5768250,C=CC(=O)Nc1cc(Nc2nccc(-c3cc(F)c4nc(C)n(C(C)C)c4c3)n2)c(OC)cc1OCCOC,7.12,IC50
CHEMBL5962799,C=CC(=O)Nc1cc(Nc2nccc(-c3cc(F)c4nc(C)n(C(C)C)c4c3)n2)c(OC)cc1SCCN(C)C,7.6,IC50
CHEMBL5763689,C=CC(=O)Nc1cc(Nc2nccc(-c3cc(F)c4nc(C)n(C(C)C)c4c3)n2)c(OC)cc1N1CCC(N2CCOCC2)CC1,7.6,IC50
CHEMBL5772311,C=CC(=O)Nc1cc(Nc2nccc(-c3cc(F)c4nc(C)n(C(C)C)c4c3)n2)c(OC)cc1N1CCC(OC)CC1,7.6,IC50
CHEMBL6061951,C=CC(=O)Nc1cc(Nc2nccc(-c3cc(F)c4nc(C)n(C(C)C)c4c3)n2)c(OC)cc1N1CCOCC1,7.6,IC50
CHEMBL5806097,C=CC(=O)Nc1cc(Nc2nccc(-c3cc(F)c4nc(C)n(C(C)C)c4c3)n2)c(OC)cc1N1CCC(O)CC1,7.6,IC50
CHEMBL5874020,C=CC(=O)Nc1cc(Nc2ncc(C#N)c(-c3cc(F)c4nc(C)n(C(C)C)c4c3)n2)c(OC)cc1N(C)CCN(C)C,7.6,IC50
CHEMBL6048717,C=CC(=O)Nc1cc(Nc2ncc(F)c(-c3cc(F)c4nc(C)n(C(C)C)c4c3)n2)c(OC)cc1N(C)CCN(C)C,7.6,IC50
CHEMBL5974536,C=CC(=O)Nc1cc(Nc2nccc(-c3cc(F)c4nc(C)n(C5CC5)c4c3)n2)c(OC)cc1N(C)CCN(C)C,7.6,IC50
CHEMBL5825791,C=CC(=O)Nc1cc(Nc2nccc(-c3cc(F)c4nc(CF)n(C(C)C)c4c3)n2)c(OC)cc1N(C)CCN(C)C,7.6,IC50
CHEMBL5749572,C=CCNc1cc(Nc2nccc(-c3cnc4nc(C)n(C(C)C)c4c3)n2)c(OC)cc1N(C)CCN(C)C,7.6,IC50
CHEMBL5965945,C=CCNc1cc(Nc2nccc(-c3cnc4nc(OC)n(C(C)C)c4c3)n2)c(OC)cc1N(C)CCN(C)C,7.6,IC50
CHEMBL5768666,C=CC(=O)Nc1cc(Nc2nccc(-c3ccc4nc(OC)n(C(C)C)c4c3)n2)c(OC)cc1N(C)CCN(C)C,7.6,IC50
CHEMBL5882926,C=CC(=O)Nc1cc(Nc2nccc(-c3ccc4oc(=O)n(C)c4c3)n2)c(OC)cc1N(C)CCN(C)C,7.6,IC50
CHEMBL5959647,C=CC(=O)Nc1cc(Nc2nccc(-c3cc(F)c4cnn(C(C)C)c4c3)n2)c(OC)cc1N(C)CCN(C)C,7.6,IC50
CHEMBL5791264,C=CC(=O)Nc1cc(Nc2nccc(-c3ccc4cnn(C(C)C)c4c3)n2)c(OC)cc1N(C)CCN(C)C,7.6,IC50
CHEMBL5816313,C=CC(=O)Nc1cc(Nc2nccc(-c3cc(F)c4nc(C)c(C(C)C)n4c3)n2)c(OC)cc1N(C)CCN(C)C,7.6,IC50
CHEMBL5907329,C=CC(=O)Nc1cc(Nc2nccc(-c3cc(F)c4nc(C)cn4c3)n2)c(OC)cc1N(C)CCN(C)C,7.6,IC50
CHEMBL5844116,C=CC(=O)Nc1cc(Nc2nccc(-c3cc(F)c4oc(C)nc4c3)n2)c(OC)cc1N(C)CCN(C)C,7.6,IC50
CHEMBL5784687,C=CC(=O)Nc1cc(Nc2nccc(-c3cc(F)c4nc(C)oc4c3)n2)c(OC)cc1N(C)CCN(C)C,7.6,IC50
CHEMBL5913936,C=CC(=O)Nc1cc(Nc2nccc(-c3cc(F)c4ocnc4c3)n2)c(OC)cc1N(C)CCN(C)C,7.6,IC50
CHEMBL6033304,C=CC(=O)Nc1cc(Nc2ncc(F)c(-c3cc(F)c4nc(C)c(C(C)C)n4c3)n2)c(OC)cc1N(C)CCN(C)C,7.6,IC50
CHEMBL5812371,C=CC(=O)Nc1cc(Nc2nccc(-c3ccc4nc(C)n(C(C)C)c4c3)n2)c(OC)cc1N(C)CCN(C)C,7.6,IC50
CHEMBL6049512,C=CC(=O)Nc1cc(Nc2nccc(-c3ccc4ncn(C(C)C)c4c3)n2)c(OC)cc1N(C)CCN(C)C,7.6,IC50
CHEMBL5909544,C=CC(=O)Nc1cc(Nc2nccc(-c3ccc4nc(C(F)(F)F)n(C(C)C)c4c3)n2)c(OC)cc1N(C)CCN(C)C,7.6,IC50
CHEMBL5854233,COc1cc(N(C)CCN(C)C)c([N+](=O)[O-])cc1Nc1nccc(-c2cc(F)c3c(cnn3C3CCCCO3)c2)n1,7.6,IC50
CHEMBL5969872,C=CC(=O)Nc1cc(Nc2nccc(-c3cc(F)c4c(cnn4C)c3)n2)c(OC)cc1N(C)CCN(C)C,7.6,IC50
CHEMBL6035358,C=CC(=O)Nc1cc(Nc2nccc(-c3cc(F)c4nn(C)cc4c3)n2)c(OC)cc1N(C)CCN(C)C,7.6,IC50
CHEMBL6029580,C=CC(=O)Nc1cc(Nc2nccc(-c3ccc4nccn4n3)n2)c(OC)cc1N(C)CCN(C)C,7.6,IC50
CHEMBL5791250,C=CC(=O)Nc1cc(Nc2nccc(-c3cc4c5c(c3)n(C(C)C)c(=O)n5CCC4)n2)c(OC)cc1N(C)CCN(C)C,7.6,IC50
CHEMBL5841441,C=CC(=O)Nc1cc(Nc2nccc(-c3cc4c5c(c3)nc(OC)n5CCC4)n2)c(OC)cc1N(C)CCN(C)C,7.6,IC50
CHEMBL5910503,C=CC(=O)Nc1cc(Nc2nccc(-c3ccc4ncsc4c3)n2)c(OC)cc1N(C)CCN(C)C,7.6,IC50
CHEMBL5796275,C=CC(=O)Nc1cc(Nc2nccc(-c3cc(F)c4nc(C)n(C(C)C)c4c3)n2)c(OC(F)F)cc1N(C)CCN(C)C,7.6,IC50
CHEMBL5950802,C=CC(=O)Nc1cc(Nc2nccc(-c3cc(F)c4nc(C)n(C(C)C)c4c3)n2)c(OCC)cc1N(C)CCN(C)C,7.6,IC50
CHEMBL6030624,C=CC(=O)Nc1cc(Nc2nccc(-c3cc(F)c4nc(C)n(C(C)C)c4c3)n2)c(OC)cc1N(C)CCN(C)C,7.6,IC50
CHEMBL6031205,COc1cc(N2CCN(C)CC2)ccc1Nc1nccc(-c2cc(F)c3nc(C)n(C(C)C)c3c2)n1,7.6,IC50
CHEMBL5967623,COc1cc(N2CCN(C)CC2)ccc1Nc1ncc(F)c(-c2cc(F)c3nc(C)n(C(C)C)c3c2)n1,7.6,IC50
CHEMBL5872428,C=CC(=O)Nc1cc(Nc2ncc(F)c(-c3cc(F)c4nc(C)c(C(=C)C)n4c3)n2)c(OC)cc1N(C)CCN(C)C,7.6,IC50
CHEMBL5922695,C=C(C)c1c(C)nc2c(F)cc(-c3nc(Nc4ccc(N5CCN(C)CC5)cc4OC)ncc3F)cn12,7.6,IC50
CHEMBL5744155,COc1cc(N2CCN(C)CC2)ccc1Nc1ncc(F)c(-c2cc(F)c3nc(C)c(C(C)C)n3c2)n1,7.12,IC50
CHEMBL5918866,C=CC(=O)Nc1cc(Nc2nccc(-c3cc(F)c4nc(C(F)F)n(C(C)C)c4c3)n2)c(OC)cc1N(C)CCN(C)C,7.6,IC50
CHEMBL5771634,C=CC(=O)Nc1cc(Nc2nccc(-c3cc(F)c4nc(OC(C)C)n(C(C)C)c4c3)n2)c(OC)cc1N(C)CCN(C)C,7.6,IC50
CHEMBL6046816,C=CC(=O)Nc1cc(Nc2nccc(-c3cc(F)c4nc(OCC)n(C(C)C)c4c3)n2)c(OC)cc1N(C)CCN(C)C,7.6,IC50
CHEMBL5787380,C=CC(=O)Nc1cc(Nc2nccc(-c3cc(F)c4nc(SC)n(C(C)C)c4c3)n2)c(OC)cc1N(C)CCN(C)C,7.6,IC50
CHEMBL6007080,C=CC(=O)Nc1cc(Nc2nccc(-c3cc(F)c4nc(OCC(F)F)n(C(C)C)c4c3)n2)c(OC)cc1N(C)CCN(C)C,7.6,IC50
CHEMBL5867043,C=CC(=O)Nc1cc(Nc2nccc(-c3cc(F)c4nc(COC)n(C(C)C)c4c3)n2)c(OC)cc1N(C)CCN(C)C,7.6,IC50
CHEMBL6048356,C=CC(=O)Nc1cc(Nc2nccc(-c3cc(F)c4nc5n(c4c3)CC(C)(C)O5)n2)c(OC)cc1N(C)CCN(C)C,7.6,IC50
CHEMBL5982067,C=CC(=O)N(C)c1cc(Nc2nccc(-c3cc(F)c4nc(C)n(C(C)C)c4c3)n2)c(OC)cc1N(C)CCN(C)C,7.6,IC50
CHEMBL5960825,O=C(/N=c1\[nH]c2ccccc2n1C1CCCC1)c1ccnc(-c2cccnc2)c1,8.34,IC50
CHEMBL5840868,Cn1cc(-c2cc(C(=O)/N=c3\[nH]c4ccccc4n3C3CCCC3)ccn2)cn1,8.0,IC50
CHEMBL5897403,Cc1c(-c2cc(C(=O)/N=c3\[nH]c4ccccc4n3C3CCCC3)ccn2)cnn1C,8.33,IC50
CHEMBL5861020,Cc1nn(C)cc1-c1cc(C(=O)/N=c2\[nH]c3ccccc3n2C2CCCC2)ccn1,7.85,IC50
CHEMBL5963945,CC(=O)N1CCC(c2ccc3c(c2)[nH]/c(=N\C(=O)c2ccnc(-c4cccnc4)c2)n3C2CCCC2)CC1,8.14,IC50
CHEMBL5959712,CC(=O)N1CCC(c2ccc3c(c2)[nH]/c(=N\C(=O)c2ccnc(-c4cnn(C)c4)c2)n3C2CCCC2)CC1,8.82,IC50
CHEMBL5762347,Cn1cc(-c2cc(C(=O)/N=c3\[nH]c4ccccc4n3[C@H]3CC[C@@H](O)C3)ccn2)cn1,7.31,IC50
CHEMBL5902827,CN1CCC(c2ccc3c(c2)[nH]/c(=N\C(=O)c2ccnc(-c4cnn(C)c4)c2)n3C2CCCC2)CC1,8.54,IC50
CHEMBL5994405,CN1CCC(c2ccc3c(c2)[nH]/c(=N\C(=O)c2ccnc(-c4cccnc4)c2)n3C2CCCC2)CC1,8.6,IC50
CHEMBL5893361,CC(C)Cn1/c(=N/C(=O)c2ccnc(-c3cnn(C)c3)c2)[nH]c2ccccc21,8.72,IC50
CHEMBL5872035,Cn1cc(-c2cc(C(=O)/N=c3\[nH]c4ccccc4n3[C@H]3CC[C@H](O)C3)ccn2)cn1,7.74,IC50
CHEMBL5834325,CCCn1/c(=N/C(=O)c2ccnc(-c3cnn(C)c3)c2)[nH]c2ccccc21,7.31,IC50
CHEMBL5825830,Cn1cc(-c2cc(C(=O)/N=c3\[nH]c4ccccc4n3C3CCCCC3)ccn2)cn1,9.1,IC50
CHEMBL5783119,Cc1c(-c2cc(C(=O)/N=c3\[nH]c4ccccc4n3CC(C)(C)O)ccn2)cnn1C,8.41,IC50
CHEMBL5932930,Cn1cc(-c2cc(C(=O)/N=c3\[nH]c4ccccc4n3C3CCC3)ccn2)cn1,7.58,IC50
CHEMBL5784511,CCC(C)n1/c(=N/C(=O)c2ccnc(-c3cnn(C)c3)c2)[nH]c2ccccc21,7.41,IC50
CHEMBL5772994,CN1CCC(c2ccc3c(c2)[nH]/c(=N\C(=O)c2ccnc(-c4cnn(C)c4)c2)n3CC(C)(C)O)CC1,8.31,IC50
CHEMBL6048747,CN1CCN(c2ccc3c(c2)[nH]/c(=N\C(=O)c2ccnc(-c4cnn(C)c4)c2)n3CC(C)(C)O)CC1,7.21,IC50
CHEMBL6015235,CC(C)(O)Cn1/c(=N/C(=O)c2ccnc(-c3cnn4ccccc34)c2)[nH]c2ccccc21,8.11,IC50
CHEMBL5976089,Cc1c(-c2cc(C(=O)/N=c3\[nH]c4cc(C5CCN(C)CC5)ccc4n3CC(C)(C)O)ccn2)cnn1C,8.68,IC50
CHEMBL5925024,Cc1c(-c2cc(C(=O)/N=c3\[nH]c4cc(N5CCN(C)CC5)ccc4n3CC(C)(C)O)ccn2)cnn1C,7.55,IC50
CHEMBL6056421,CC(=O)N1CCC(c2ccc3c(c2)[nH]/c(=N\C(=O)c2ccnc(-c4cnn(C)c4C)c2)n3CC(C)(C)O)CC1,8.36,IC50
CHEMBL5968167,COc1ccncc1-c1cc(C(=O)/N=c2\[nH]c3cc(C4CCN(C)CC4)ccc3n2CC(C)(C)O)ccn1,8.62,IC50
CHEMBL5967291,CN(C)Cc1ccc2c(c1)[nH]/c(=N\C(=O)c1ccnc(-c3cnn(C)c3)c1)n2CC(C)(C)O,7.14,IC50
CHEMBL5809520,CN1CCC(c2ccc3c(c2)[nH]/c(=N\C(=O)c2ccnc(-n4cnc5cccc(F)c54)c2)n3CC(C)(C)O)CC1,8.47,IC50
CHEMBL6055515,COc1ccncc1-c1cc(C(=O)/N=c2\[nH]c3cc(C4CCN(C(C)=O)CC4)ccc3n2CC(C)(C)O)ccn1,8.92,IC50
CHEMBL5994478,CN1CCC(c2ccc3c(c2)[nH]/c(=N\C(=O)c2ccnc(-c4cnn5cccnc45)c2)n3CC(C)(C)O)CC1,9.22,IC50
CHEMBL5829030,Cc1ccc2c(c1)[nH]/c(=N\C(=O)c1ccnc(-c3cnn(C)c3)c1)n2CC(C)(C)O,8.07,IC50
CHEMBL6049798,Cc1ccc2[nH]/c(=N\C(=O)c3ccnc(-c4cnn(C)c4)c3)n(CC(C)(C)O)c2c1,7.64,IC50
CHEMBL5865007,CN1CCC(c2ccc3c(c2)[nH]/c(=N\C(=O)c2ccnc(-c4cnn(C)c4)c2)n3CC(C)(C)O)CC1=O,8.25,IC50
CHEMBL5945119,Cn1cc(-c2cc(C(=O)/N=c3\[nH]c4ccccc4n3CCC(C)(C)O)ccn2)cn1,7.85,IC50
CHEMBL5853395,Cn1cc(-c2cc(C(=O)/N=c3\[nH]c4ccccc4n3CC(C)(C)CO)ccn2)cn1,7.8,IC50
CHEMBL5968872,CC(C)(O)Cn1/c(=N/C(=O)c2ccnc(-n3cnc4ccccc43)c2)[nH]c2ccccc21,7.44,IC50
CHEMBL5864704,Cn1cc(-c2cc(C(=O)/N=c3\[nH]c4cc(C5CCN(C6CC6)CC5)ccc4n3CC(C)(C)O)ccn2)cn1,7.61,IC50
CHEMBL6029813,Cn1cc(-c2cc(C(=O)/N=c3\[nH]c4ccccc4n3[C@H]3CC[C@@H](O)CC3)ccn2)cn1,9.4,IC50
CHEMBL5979912,CC(C)(O)Cn1/c(=N/C(=O)c2ccnc(-c3cccnc3)c2)[nH]c2cc(C3CCCOC3)ccc21,8.18,IC50
CHEMBL5865099,Cn1cc(-c2cc(C(=O)/N=c3\[nH]c4cc(C5CCCOC5)ccc4n3CC(C)(C)O)ccn2)cn1,8.06,IC50
CHEMBL5832255,COC(=O)Cc1ccc2c(c1)[nH]/c(=N\C(=O)c1ccnc(-c3cccnc3)c1)n2CC(C)(C)O,8.39,IC50
CHEMBL5891448,COC(=O)Cc1ccc2c(c1)[nH]/c(=N\C(=O)c1ccnc(-c3cnn(C)c3)c1)n2CC(C)(C)O,8.14,IC50
CHEMBL5788210,COc1ccccc1-c1cc(C(=O)/N=c2\[nH]c3cc(CN4CCOCC4)ccc3n2CC(C)(C)O)ccn1,9.15,IC50
CHEMBL5911542,COCCCNc1ccc2c(c1)[nH]/c(=N\C(=O)c1ccnc(-c3cccnc3)c1)n2CC(C)(C)O,7.02,IC50
CHEMBL5742207,CC(C)(O)Cn1/c(=N/C(=O)c2ccnc(-c3cccn4cnnc34)c2)[nH]c2ccccc21,7.21,IC50
CHEMBL5755984,CC(C)(O)Cn1/c(=N/C(=O)c2ccnc(-c3cnn4cccnc34)c2)[nH]c2ccccc21,7.95,IC50
CHEMBL5786240,CN(C)Cc1cccc(-c2cc(C(=O)/N=c3\[nH]c4ccccc4n3CC(C)(C)O)ccn2)c1,9.0,IC50
CHEMBL5914292,COc1ccccc1-c1cc(C(=O)/N=c2\[nH]c3ccccc3n2CC(C)(C)O)ccn1,9.15,IC50
CHEMBL6007714,O=C(/N=c1\[nH]c2ccccc2n1[C@H]1CC[C@@H](O)CC1)c1ccnc(-c2ccccc2)c1,8.74,IC50
CHEMBL5790363,COc1ccccc1-c1cc(C(=O)/N=c2\[nH]c3ccccc3n2[C@H]2CC[C@@H](O)CC2)ccn1,9.22,IC50
CHEMBL5932830,COc1ccccc1-c1cc(C(=O)/N=c2\[nH]c3cc(C)ccc3n2[C@H]2CC[C@@H](O)CC2)ccn1,9.3,IC50
CHEMBL5984171,Cc1ccc2c(c1)[nH]/c(=N\C(=O)c1ccnc(-c3cnn4cccnc34)c1)n2[C@H]1CC[C@@H](O)CC1,8.43,IC50
CHEMBL5810396,Cc1ccc2c(c1)[nH]/c(=N\C(=O)c1ccnc(-c3cccc(CN(C)C)c3)c1)n2[C@H]1CC[C@@H](O)CC1,7.99,IC50
CHEMBL5861063,Cn1cc(-c2cc(C(=O)/N=c3\[nH]c4ccccc4n3[C@H]3CCC[C@@H](O)C3)ccn2)cn1,8.51,IC50
CHEMBL5954592,Cc1ccc2c(c1)[nH]/c(=N\C(=O)c1ccnc(-c3ccccc3)c1)n2[C@H]1CC[C@@H](O)CC1,7.46,IC50
CHEMBL6021978,CN(C)Cc1cccc(-c2cc(C(=O)/N=c3\[nH]c4ccccc4n3[C@H]3CC[C@@H](O)CC3)ccn2)c1,7.73,IC50
CHEMBL5998385,O=C(/N=c1\[nH]c2ccccc2n1[C@H]1CC[C@@H](O)CC1)c1ccnc(-c2cnn3cccnc23)c1,8.24,IC50
CHEMBL5843126,Cn1cc(-c2cc(C(=O)/N=c3\[nH]c4ccccc4n3[C@H]3CCC[C@H](O)C3)ccn2)cn1,9.15,IC50
CHEMBL5756022,COc1ccccc1-c1cc(C(=O)/N=c2\[nH]c3ccccc3n2[C@H]2CCC[C@@H](O)C2)ccn1,9.15,IC50
CHEMBL6020978,COc1ccccc1-c1cc(C(=O)/N=c2\[nH]c3ccccc3n2[C@H]2CCC[C@H](O)C2)ccn1,9.05,IC50
CHEMBL5894059,Cn1cc(-c2cc(C(=O)/N=c3\[nH]c4ccccc4n3[C@@H]3CCC[C@H](O)C3)ccn2)cn1,8.4,IC50
CHEMBL6027769,Cn1cc(-c2cc(C(=O)/N=c3\[nH]c4cc(CN5CCOCC5)ccc4n3[C@H]3CC[C@@H](O)CC3)cc(F)n2)cn1,9.1,IC50
CHEMBL6043073,Cn1cc(-c2cc(C(=O)/N=c3\[nH]c4ccccc4n3[C@H]3CC[C@@H](O)CC3)cc(C#N)n2)cn1,9.7,IC50
CHEMBL5838821,O=C(/N=c1\[nH]c2ccccc2n1[C@H]1CC[C@@H](O)CC1)c1ccnc(-c2ccccc2F)c1,8.7,IC50
CHEMBL5985978,Cc1cc(C(=O)/N=c2\[nH]c3ccccc3n2[C@H]2CC[C@@H](O)CC2)cc(-c2cnn(C)c2)n1,9.4,IC50
CHEMBL5772876,COc1ccccc1-c1cc(C(=O)/N=c2\[nH]c3ccccc3n2[C@@H]2CC[C@H](O)[C@H](O)C2)ccn1,8.16,IC50
CHEMBL5749996,Cn1cc(-c2cc(C(=O)/N=c3\[nH]c4cc(CN5CCOCC5)ccc4n3[C@H]3CC[C@@H](O)CC3)cc(C#N)n2)cn1,8.77,IC50
CHEMBL5944318,Cn1cc(-c2cc(C(=O)/N=c3\[nH]c4ccccc4n3[C@H]3CC[C@@H](O)CC3)cc(Cl)n2)cn1,8.55,IC50
CHEMBL5998521,COc1ccccc1-c1cc(C(=O)/N=c2\[nH]c3cc(CN4CCOCC4)ccc3n2[C@H]2CCC[C@@H](O)C2)ccn1,8.48,IC50
CHEMBL6050361,COc1ccccc1-c1cc(C(=O)/N=c2\[nH]c3ccccc3n2[C@H]2CC[C@H](O)[C@H](O)C2)ccn1,8.07,IC50
CHEMBL5934422,O=C(/N=c1\[nH]c2ccccc2n1[C@H]1CC[C@@H](O)CC1)c1ccnc(-c2coc3cccnc23)c1,7.88,IC50
CHEMBL5893107,COc1ccc(F)cc1-c1cc(C(=O)/N=c2\[nH]c3ccccc3n2[C@H]2CC[C@@H](O)CC2)ccn1,8.34,IC50
CHEMBL5969655,COc1ccccc1-c1cc(C(=O)/N=c2\[nH]c3cc(C4CCN(C(C)=O)C4)ccc3n2CC(C)(C)O)ccn1,8.82,IC50
CHEMBL5996878,Cc1cccc(-c2cc(C(=O)/N=c3\[nH]c4ccccc4n3[C@H]3CC[C@@H](O)CC3)ccn2)c1,8.62,IC50
CHEMBL5758879,COc1c(C)cccc1-c1cc(C(=O)/N=c2\[nH]c3ccccc3n2[C@H]2CC[C@@H](O)CC2)ccn1,7.85,IC50
CHEMBL5758176,O=C(/N=c1\[nH]c2ccccc2n1[C@H]1CC[C@@H](O)CC1)c1ccnc(-c2ccccc2OC(F)F)c1,7.98,IC50
CHEMBL5956362,COc1ccncc1-c1cc(C(=O)/N=c2\[nH]c3ccccc3n2[C@H]2CC[C@@H](O)CC2)cc(C#N)n1,8.34,IC50
CHEMBL5912587,Cn1cc(-c2cc(C(=O)/N=c3\[nH]c4ccccc4n3[C@H]3COC[C@H](O)C3)ccn2)cn1,8.3,IC50
CHEMBL5880562,COc1cc(F)ccc1-c1cc(C(=O)/N=c2\[nH]c3ccccc3n2[C@H]2CC[C@@H](O)CC2)ccn1,8.55,IC50
CHEMBL5934396,C#Cc1cc(C(=O)/N=c2\[nH]c3ccccc3n2[C@H]2CC[C@@H](O)CC2)cc(-c2cnn(C)c2)n1,8.06,IC50
CHEMBL5759154,COc1c(F)cccc1-c1cc(C(=O)/N=c2\[nH]c3ccccc3n2[C@H]2CC[C@@H](O)CC2)ccn1,7.87,IC50
CHEMBL5785378,O=C(/N=c1\[nH]c2ccccc2n1[C@H]1CC[C@@H](O)CC1)c1ccnc(-c2ccncc2)c1,8.4,IC50
CHEMBL6017480,O=C(/N=c1\[nH]c2ccccc2n1[C@H]1CC[C@@H](O)CC1)c1ccnc(-c2cccn3ncnc23)c1,7.47,IC50
CHEMBL5812562,O=C(/N=c1\[nH]c2ccccc2n1[C@H]1CC[C@@H](O)CC1)c1ccnc(-c2ccc(F)cc2F)c1,8.32,IC50
CHEMBL6057006,COc1ccccc1-c1cc(C(=O)/N=c2\[nH]c3cc(CN4CCOCC4)ccc3n2[C@H]2CCC[C@H](O)C2)ccn1,8.77,IC50
CHEMBL5870210,O=C(/N=c1\[nH]c2ccccc2n1[C@H]1CC[C@@H](O)CC1)c1ccnc(-c2cccnc2F)c1,7.7,IC50
CHEMBL5802290,Cn1cc(-c2cc(C(=O)/N=c3\[nH]c4cc(CCCO)ccc4n3CC(C)(C)O)ccn2)cn1,8.11,IC50
CHEMBL5918591,O=C(/N=c1\[nH]c2ccccc2n1[C@H]1CC[C@@H](O)CC1)c1ccnc(-c2cccc(F)c2)c1,7.45,IC50
CHEMBL5887634,COc1ccccc1-c1cc(C(=O)/N=c2\[nH]c3cc(C4CCCN(C(C)=O)C4)ccc3n2CC(C)(C)O)ccn1,8.85,IC50
CHEMBL5872345,Cn1cc(-c2cc(C(=O)/N=c3\[nH]c4ccccc4n3[C@H]3COC[C@@H](O)C3)ccn2)cn1,8.13,IC50
CHEMBL5863443,COc1ccncc1-c1cc(C(=O)/N=c2\[nH]c3cc(CN4CCOCC4)ccc3n2[C@H]2CC[C@@H](O)CC2)cc(C#N)n1,8.52,IC50
CHEMBL5782254,Cc1cc(C(=O)/N=c2\[nH]c3cc(CN4CCOCC4)ccc3n2[C@H]2CC[C@@H](O)CC2)cc(-c2cnn(C)c2)n1,8.57,IC50
CHEMBL5965573,COc1ccccc1-c1cc(C(=O)/N=c2\[nH]c3ccccc3n2[C@@H]2CC[C@H](O)[C@@H](O)C2)ccn1,8.11,IC50
CHEMBL5864012,Cn1cc(-c2cc(C(=O)/N=c3\[nH]c4cc(CC#N)ccc4n3CC(C)(C)O)ccn2)cn1,8.17,IC50
CHEMBL6025269,O=C(/N=c1\[nH]c2ccccc2n1[C@H]1CC[C@@H](O)CC1)c1ccnc(-c2cnn3c2OCC(F)(F)C3)c1,8.64,IC50
CHEMBL5800758,O=C(/N=c1\[nH]c2ccccc2n1[C@H]1CC[C@@H](O)CC1)c1ccnc(-c2cnn(C(F)F)c2)c1,8.92,IC50
CHEMBL5920247,CC(=O)N1CCC(c2ccc3c(c2)[nH]/c(=N\C(=O)c2cc(C#N)nc(-c4cnn(C)c4)c2)n3[C@H]2CC[C@@H](O)CC2)CC1,9.05,IC50
CHEMBL6057405,Cn1ncc(-c2cc(C(=O)/N=c3\[nH]c4ccccc4n3[C@H]3CC[C@@H](O)CC3)ccn2)c1Cl,9.0,IC50
CHEMBL5745328,Cc1cc(C(=O)/N=c2\[nH]c3ccccc3n2[C@H]2CCC[C@H](O)C2)cc(-c2cnn(C)c2)n1,7.58,IC50
CHEMBL6001037,CC(=O)N1CCC(c2ccc3c(c2)[nH]/c(=N\C(=O)c2cc(C)nc(-c4cnn(C)c4)c2)n3[C@H]2CC[C@@H](O)CC2)CC1,8.44,IC50
CHEMBL5882437,Cc1cc(C(=O)/N=c2\[nH]c3ccccc3n2[C@@H]2C[C@H](O)C[C@H](O)C2)cc(-c2cnn(C)c2)n1,7.75,IC50
CHEMBL5770970,Cn1cc(-c2cc(C(=O)/N=c3\[nH]c4ccccc4n3[C@H]3C[C@H](O)C[C@H](O)C3)ccn2)cn1,8.52,IC50
CHEMBL5796638,Cc1cc(C(=O)/N=c2\[nH]c3cc(CN4CCN(C)CC4)ccc3n2[C@H]2CCC[C@H](O)C2)cc(-c2cnn(C)c2)n1,8.27,IC50
CHEMBL6028850,Cc1cc(C(=O)/N=c2\[nH]c3cc(CN4CCOCC4)ccc3n2[C@H]2CCC[C@H](O)C2)cc(-c2cnn(C)c2)n1,8.09,IC50
CHEMBL5905751,Cn1cc(-c2cc(C(=O)/N=c3\[nH]c4ccccc4n3[C@H]3CCC[C@H](O)C3)cc(C#N)n2)cn1,8.37,IC50
CHEMBL5832595,Cn1cc(-c2cc(C(=O)/N=c3\[nH]c4ccccc4n3[C@H]3CC[C@@H](O)CC3)cc(N)n2)cn1,9.52,IC50
CHEMBL6060232,Cn1cc(-c2cc(C(=O)/N=c3\[nH]c4ccccc4n3C3CCCS(=O)(=O)C3)ccn2)cn1,8.6,IC50
CHEMBL5821463,Cc1cc(C(=O)/N=c2\[nH]c3ccc(CN4CCOCC4)cc3n2CC(C)(C)O)cc(-c2cnn(C)c2)n1,7.27,IC50
CHEMBL5849722,Cc1cc(C(=O)/N=c2\[nH]c3ccc(CN4CCN(C)CC4)cc3n2CC(C)(C)O)cc(-c2cnn(C)c2)n1,8.0,IC50
CHEMBL5828469,CNc1cc(C(=O)/N=c2\[nH]c3ccccc3n2[C@H]2CC[C@@H](O)CC2)cc(-c2cnn(C)c2)n1,8.31,IC50
CHEMBL5870000,Cn1cc(-c2cc(C(=O)/N=c3\[nH]c4ccccc4n3[C@H]3CC[C@@H](O)CC3)cc(CF)n2)cn1,8.09,IC50
CHEMBL5740342,Cc1cc(C(=O)/N=c2\[nH]c3ccccc3n2C2CCCS(=O)(=O)C2)cc(-c2cnn(C)c2)n1,7.48,IC50
CHEMBL5755058,CC(=O)N1CCC(c2ccc3c(c2)[nH]/c(=N\C(=O)c2ccnc(-c4cnn(C)c4)c2)n3[C@H]2CC[C@@H](O)CC2)CC1,10.0,IC50
CHEMBL5847689,Cn1cc(-c2cc(C(=O)/N=c3\[nH]c4ccccc4n3C3CCC[S+]([O-])C3)ccn2)cn1,8.7,IC50
CHEMBL5948958,Cc1cc(C(=O)/N=c2\[nH]c3ccc(CN4CCOCC4)cc3n2C2CCCCC2)cc(-c2cnn(C)c2)n1,9.4,IC50
CHEMBL6023158,Cc1cc(C(=O)/N=c2\[nH]c3ccc(CN4CCN(C)CC4)cc3n2[C@H]2CC[C@@H](O)CC2)cc(-c2cnn(C)c2)n1,9.7,IC50
CHEMBL5828125,Cc1cc(C(=O)/N=c2\[nH]c3ccc(CN4CCOCC4)cc3n2[C@H]2CC[C@@H](O)CC2)cc(-c2cnn(C)c2)n1,9.3,IC50
CHEMBL5993712,Cc1cc(C(=O)/N=c2\[nH]c3ccc(CN4CCN(C)CC4)cc3n2C2CCCCC2)cc(-c2cnn(C)c2)n1,9.7,IC50
CHEMBL5969707,Cc1cc(C(=O)/N=c2\[nH]c3ccc(C4CCN(C)CC4)cc3n2[C@H]2CC[C@@H](O)CC2)cc(-c2cnn(C)c2)n1,9.7,IC50
CHEMBL5962278,COc1cc(C2CCNCC2)c(C)cc1Nc1ncc(Cl)c(Nc2ccccc2NS(C)(=O)=O)n1,8.52,IC50
CHEMBL5952457,COc1cc(C2CCNCC2)ccc1Nc1ncc(Br)c(Nc2ccccc2NS(C)(=O)=O)n1,8.7,IC50
CHEMBL5959742,COc1cc(C2CCNCC2)ccc1Nc1ncc(C(F)(F)F)c(Nc2ccccc2NS(C)(=O)=O)n1,7.89,IC50
CHEMBL5901475,COc1cc(C2CCNCC2)ccc1Nc1ncc(Cl)c(Nc2ccccc2NS(N)(=O)=O)n1,8.0,IC50
CHEMBL5953169,COc1cc(C2CCNCC2)ccc1Nc1ncc(Br)c(Nc2ccccc2NS(N)(=O)=O)n1,8.7,IC50
CHEMBL5874088,COc1cc(C2CCNCC2)ccc1Nc1nccc(Nc2ccccc2NS(C)(=O)=O)n1,7.03,IC50
CHEMBL5842694,COc1cc(N2CCC(N(C)C)CC2)ccc1Nc1ncc(Cl)c(Nc2ccccc2NS(C)(=O)=O)n1,8.51,IC50
CHEMBL5956969,COc1cc(C2CCN(C)CC2)ccc1Nc1ncc(Cl)c(Nc2ccccc2NS(C)(=O)=O)n1,8.7,IC50
CHEMBL5982869,COc1cc(C2CCN(CCO)CC2)ccc1Nc1ncc(Cl)c(Nc2ccccc2NS(C)(=O)=O)n1,7.89,IC50
CHEMBL5796454,COc1cc(C2CCN(C3CCN(CCO)CC3)CC2)ccc1Nc1ncc(Cl)c(Nc2ccccc2NS(C)(=O)=O)n1,8.22,IC50
CHEMBL5801199,COc1cc(C2CCN(C3CCNCC3)CC2)ccc1Nc1ncc(Cl)c(Nc2ccccc2NS(C)(=O)=O)n1,7.64,IC50
CHEMBL5888007,COc1cc(C2CCN(C3CCN(C)CC3)CC2)ccc1Nc1ncc(Cl)c(Nc2ccccc2NS(C)(=O)=O)n1,8.4,IC50
CHEMBL5973569,COc1cc(C2CCN(C3CCN(C(C)=O)CC3)CC2)ccc1Nc1ncc(Cl)c(Nc2ccccc2NS(C)(=O)=O)n1,7.89,IC50
CHEMBL5876051,COc1cc(N2CCC(N3CCN(C(C)=O)CC3)CC2)ccc1Nc1ncc(Cl)c(Nc2ccccc2NS(C)(=O)=O)n1,9.15,IC50
CHEMBL5996490,COc1cc(N2CCC(N3CCNCC3)CC2)ccc1Nc1ncc(Cl)c(Nc2ccccc2NS(C)(=O)=O)n1,10.0,IC50
CHEMBL5973020,COc1cc(N2CCNCC2)ccc1Nc1ncc(Cl)c(Nc2ccccc2NS(C)(=O)=O)n1,7.6,IC50
CHEMBL5805552,COc1cc(N2CCN(C3CCN(C(C)=O)CC3)CC2)ccc1Nc1ncc(Cl)c(Nc2ccccc2NS(C)(=O)=O)n1,8.52,IC50
CHEMBL5975224,COc1cc(N2CCN(C3CCN(C)CC3)CC2)ccc1Nc1ncc(Cl)c(Nc2ccccc2NS(C)(=O)=O)n1,9.7,IC50
CHEMBL5909563,COc1cc(N2CCN(C3CCNCC3)CC2)ccc1Nc1ncc(Cl)c(Nc2ccccc2NS(C)(=O)=O)n1,9.52,IC50
CHEMBL6009993,COc1cc(N2CCN(C)CC2)ccc1Nc1ncc(Cl)c(Nc2ccccc2NS(C)(=O)=O)n1,9.05,IC50
CHEMBL5933567,COc1cc(N2CCNCC2)ccc1Nc1ncc(Cl)c(Nc2ccccc2NS(N)(=O)=O)n1,8.4,IC50
CHEMBL5758432,COc1cc(N2CCNCC2)ccc1Nc1ncc(Br)c(Nc2ccccc2NS(N)(=O)=O)n1,8.52,IC50
CHEMBL6009556,COc1cc(N2CCNCC2)ccc1Nc1ncc(C(F)(F)F)c(Nc2ccccc2NS(C)(=O)=O)n1,8.15,IC50
CHEMBL4303382,COc1cc(N2CCOCC2)ccc1Nc1ncc(Cl)c(Nc2ccccc2NS(C)(=O)=O)n1,8.4,IC50
CHEMBL5972461,COc1cc(N2CCC(N3CCCC3)CC2)ccc1Nc1ncc(Cl)c(Nc2ccccc2NS(C)(=O)=O)n1,8.96,IC50
CHEMBL5917624,COc1cc(N2CCC(N(C)C)CC2)ccc1Nc1ncc(Cl)c(Nc2ccccc2NS(N)(=O)=O)n1,9.52,IC50
CHEMBL5953740,COc1cc(N2CCC(N)CC2)ccc1Nc1ncc(Cl)c(Nc2ccccc2NS(C)(=O)=O)n1,9.3,IC50
CHEMBL6014342,COc1cc(N2CCC(NC(C)=O)CC2)ccc1Nc1ncc(Cl)c(Nc2ccccc2NS(C)(=O)=O)n1,9.52,IC50
CHEMBL5864399,CNC1CCN(c2ccc(Nc3ncc(Cl)c(Nc4ccccc4NS(C)(=O)=O)n3)c(OC)c2)CC1,9.4,IC50
CHEMBL5887896,COc1cc(N2CCC(NCCO)CC2)ccc1Nc1ncc(Cl)c(Nc2ccccc2NS(C)(=O)=O)n1,9.7,IC50
CHEMBL5745490,COCCNC1CCN(c2ccc(Nc3ncc(Cl)c(Nc4ccccc4NS(C)(=O)=O)n3)c(OC)c2)CC1,9.52,IC50
CHEMBL5846820,COc1cc(N2CCC(NCCN(C)C)CC2)ccc1Nc1ncc(Cl)c(Nc2ccccc2NS(C)(=O)=O)n1,9.22,IC50
CHEMBL5920948,CN1CCN(CCNc2nccc(-c3c(-c4cccc(O)c4)nc4occn34)n2)S1(=O)=O,8.53,IC50
CHEMBL5584052,CCN1CCN(CCNc2nccc(-c3c(-c4cccc(O)c4)nc4occn34)n2)S1(=O)=O,9.12,IC50
CHEMBL5993587,CCN1CCN(CCNc2nccc(-c3c(-c4ccc(F)c(O)c4)nc4sccn34)n2)S1(=O)=O,8.11,IC50
CHEMBL5878812,COc1cc(-c2nc3sccn3c2-c2ccnc(NCCCNS(=O)(=O)c3ccc(F)cc3)n2)ccc1F,7.86,IC50
CHEMBL5754849,Nc1cc(-c2nc3sccn3c2-c2ccnc(NCCCNS(=O)(=O)c3ccc(F)cc3)n2)ccc1F,8.27,IC50
CHEMBL1880739,O=C1Nc2ccc(I)cc2C1=Cc1cc(Br)c(O)c(Br)c1,8.59,IC50
CHEMBL1229517,CCCS(=O)(=O)Nc1ccc(F)c(C(=O)c2c[nH]c3ncc(-c4ccc(Cl)cc4)cc23)c1F,7.32,IC50
CHEMBL6047706,COCCOc1cnccc1-c1[nH]c2c(c1Nc1ccccc1)C(=O)NCC2,9.11,IC50
CHEMBL5922838,CC(C)(C)CCOc1cnccc1-c1[nH]c2c(c1Nc1cccc(F)c1)C(=O)NCC2,8.4,IC50
CHEMBL5956184,O=C1NCCc2[nH]c(-c3ccncc3OCc3ccccc3)c(Nc3cccc(F)c3)c21,9.55,IC50
CHEMBL5883280,CC(C)(O)COc1cnccc1-c1[nH]c2c(c1Nc1cccc(F)c1)C(=O)NCC2,9.88,IC50
CHEMBL5831458,CN(C)CCOc1cnccc1-c1[nH]c2c(c1Nc1cccc(F)c1)C(=O)NCC2,8.81,IC50
CHEMBL5740720,COC(C)(C)COc1cnccc1-c1[nH]c2c(c1Nc1cccc(F)c1)C(=O)NCC2,9.67,IC50
CHEMBL5855803,CC(C)(COc1cnccc1-c1[nH]c2c(c1Nc1cccc(F)c1)C(=O)NCC2)N1CCOCC1,9.14,IC50
CHEMBL5825778,CN1CCC[C@H]1COc1cnccc1-c1[nH]c2c(c1Nc1cccc(F)c1)C(=O)NCC2,9.51,IC50
CHEMBL6042815,COCCOc1cnccc1-c1[nH]c2c(c1Nc1cc(F)cc(F)c1)C(=O)NCC2,8.21,IC50
CHEMBL5950803,COCCOc1cnccc1-c1[nH]c2c(c1Nc1ccccc1OC(F)F)C(=O)NCC2,9.66,IC50
CHEMBL5962943,COCCOc1cnccc1-c1[nH]c2c(c1Nc1cccc(F)c1Br)C(=O)NCC2,10.07,IC50
CHEMBL6043071,COCCOc1cnccc1-c1[nH]c2c(c1Nc1ccccc1OC)C(=O)NCC2,8.36,IC50
CHEMBL5790724,COCCOc1cnccc1-c1[nH]c2c(c1Nc1ccccc1OC(F)(F)F)C(=O)NCC2,8.57,IC50
CHEMBL5808781,COCCOc1cnccc1-c1[nH]c2c(c1Nc1ccccc1CC(F)F)C(=O)NCC2,9.31,IC50
CHEMBL5951245,COCCOc1cnccc1-c1[nH]c2c(c1Nc1cccc(F)c1OC)C(=O)NCC2,9.86,IC50
CHEMBL5405163,COc1c(F)cccc1Nc1c(-c2ccncc2OCC(C)(C)OC)[nH]c2c1C(=O)NCC2,9.95,IC50
CHEMBL5874668,COCCOc1cnccc1-c1[nH]c2c(c1Nc1cccc(F)c1OC(F)F)C(=O)NCC2,9.92,IC50
CHEMBL5743634,COC(C)(C)COc1cnccc1-c1[nH]c2c(c1Nc1cccc(F)c1OC(F)F)C(=O)NCC2,9.81,IC50
CHEMBL6041040,COCCOc1cnccc1-c1[nH]c2c(c1Nc1cccc(F)c1C)C(=O)NCC2,9.83,IC50
CHEMBL5774126,COC(C)(C)COc1cnccc1-c1[nH]c2c(c1Nc1cccc(F)c1C)C(=O)NCC2,9.86,IC50
CHEMBL5990479,COCCOc1cnccc1-c1[nH]c2c(c1Nc1cccc(F)c1CC(F)F)C(=O)NCC2,9.75,IC50
CHEMBL5778626,COC(C)(C)COc1cnccc1-c1[nH]c2c(c1Nc1cccc(F)c1CC(F)F)C(=O)NCC2,9.59,IC50
CHEMBL5903083,COC(C)(C)COc1cnccc1-c1[nH]c2c(c1Nc1cccc(F)c1O)C(=O)NCC2,9.27,IC50
CHEMBL5808896,CCOc1c(F)cccc1Nc1c(-c2ccncc2OCCOC)[nH]c2c1C(=O)NCC2,8.96,IC50
CHEMBL5867406,CCOc1c(F)cccc1Nc1c(-c2ccncc2OCC(C)(C)OC)[nH]c2c1C(=O)NCC2,9.57,IC50
CHEMBL5770549,COC(C)(C)COc1cnccc1-c1[nH]c2c(c1Nc1cccc(F)c1OCC(F)F)C(=O)NCC2,8.67,IC50
CHEMBL6029655,COCCOc1cnccc1-c1[nH]c2c(c1Nc1ccc(F)c(F)c1OC)C(=O)NCC2,9.13,IC50
CHEMBL5798664,COc1c(Nc2c(-c3ccncc3OCC(C)(C)OC)[nH]c3c2C(=O)NCC3)ccc(F)c1F,9.61,IC50
CHEMBL5798855,COCCOc1cnccc1-c1[nH]c2c(c1Nc1cc(F)cc(F)c1OC)C(=O)NCC2,10.01,IC50
CHEMBL5942124,COc1c(F)cc(F)cc1Nc1c(-c2ccncc2OCC(C)(C)OC)[nH]c2c1C(=O)NCC2,10.0,IC50
CHEMBL5968479,C=CC(=O)N1CCC(Oc2cc3c(Nc4ccc(Cl)cc4Cl)ncnc3cc2OC)CC1,8.3,IC50
CHEMBL5983357,C=CC(=O)N1CC(Oc2cc3c(Nc4ccc(Cl)cc4Cl)ncnc3cn2)C1,7.32,IC50
CHEMBL5966767,C=CC(=O)N1CC(OC2=CC3C(Nc4ccc(Cl)c(Cl)c4)=NC=NC3C=C2OC)C1,9.29,IC50
CHEMBL5870500,C=CC(=O)N1CCC(OC2=CC3C(Nc4ccc(Cl)c(Cl)c4F)=C(C#N)C=NC3C=C2OC)CC1,9.89,IC50
CHEMBL5786389,C=CC(=O)N1CC(Oc2cc3c(Nc4ccc(Cl)cc4Cl)ncnc3cc2OC)C1,8.6,IC50
CHEMBL6031696,C=CC(=O)N1CC(Oc2ccc3ncnc(Nc4ccc(Cl)c(Cl)c4)c3n2)C1,7.96,IC50
CHEMBL6048885,C=CC(=O)N1CCC(Oc2cc3c(Nc4ccc(Cl)c(-c5cnco5)c4)c(C#N)cnc3cc2OC)CC1,7.09,IC50
CHEMBL6032261,C=CC(=O)N1CCC(Oc2cc3c(Nc4ccc(Br)c(Cl)c4)c(C#N)cnc3cc2OC)CC1,8.4,IC50
CHEMBL5863638,C=CC(=O)N1CCC(Oc2cc3c(Nc4ccc(Cl)c(CO)c4)c(C#N)cnc3cc2OC)CC1,7.18,IC50
CHEMBL5970341,C=CC(=O)N1CCC(Oc2cc3c(Nc4cccc(-c5cnco5)c4)c(C#N)cnc3cc2OC)CC1,7.72,IC50
CHEMBL5773834,C=CC(=O)N1CCC(Oc2cc3c(Nc4ccc(OC(F)(F)F)c(Cl)c4)c(C#N)cnc3cc2OC)CC1,7.16,IC50
CHEMBL5983716,C=CC(=O)N1CCC(Oc2cc3c(Nc4cccc(C5CC5)c4)c(C#N)cnc3cc2OC)CC1,7.17,IC50
CHEMBL5819312,C=CC(=O)N1CCC(Oc2cc3c(Nc4ccc(Cl)c(-c5cnco5)c4)ncnc3cc2OC)CC1,7.28,IC50
CHEMBL5939422,C=CC(=O)N1CCC(Oc2cc3c(Nc4ccc(Br)c(Cl)c4)ncnc3cc2OC)C1,8.0,IC50
CHEMBL3896969,C=CC(=O)N1CCC(Oc2cc3c(Nc4ccc(Cl)c(Cl)c4)ncnc3cc2OC)CC1,8.7,IC50
CHEMBL5926423,C=CC(=O)N1CC(Oc2cc3c(Nc4cccc(-c5cnco5)c4)ncnc3cc2OC)C1,7.7,IC50
CHEMBL5976949,C=CC(=O)N1CCC(Oc2cc3c(Nc4cccc(C5CC5)c4)ncnc3cc2OC)CC1,7.82,IC50
CHEMBL6008669,C=CC(=O)N1CCC(Oc2cc3c(Nc4cccc(-c5cnco5)c4)ncnc3cc2OC)CC1,8.19,IC50
CHEMBL5847747,C=CC(=O)N1CC(Oc2cc3c(Nc4ccc(Br)c(Cl)c4)ncnc3cc2OC)C1,8.32,IC50
CHEMBL5875860,C=CC(=O)N1CC(Oc2cc3c(Nc4cccc(C5CC5)c4)ncnc3cc2OC)C1,8.09,IC50
CHEMBL5924448,C=CC(=O)N1CCC(Oc2cc3c(Nc4ccc(Cl)c(Cl)c4F)ncnc3cc2OC)C1,8.41,IC50
CHEMBL5773557,C=CC(=O)N1CC(Oc2cc3c(Nc4ccc(C(F)(F)F)cc4)ncnc3cc2OC)C1,7.02,IC50
CHEMBL3958631,C=CC(=O)N1CCC(Oc2cc3c(Nc4ccc(Br)c(Cl)c4)ncnc3cc2OC)CC1,8.3,IC50
CHEMBL5968961,C=CC(=O)N1CCC(Oc2cc3c(Nc4ccccc4)ncnc3cc2OC)CC1,7.48,IC50
CHEMBL5799106,C=CC(=O)N1CC(Oc2cc3c(Nc4ccccc4)ncnc3cc2OC)C1,8.54,IC50
CHEMBL6011290,C=CC(=O)N1CCC(Oc2cc3c(Nc4ccc(Cl)c(-c5cnco5)c4)ncnc3cc2OC)C1,7.18,IC50
CHEMBL5864179,C=CC(=O)N1CCC(Oc2cc3c(Nc4ccc(Cl)c(Cl)c4)ncnc3cc2OC)C1,8.18,IC50
CHEMBL6064016,C=CC(=O)N1CCC(Oc2cc3c(Nc4cccc(-c5cnco5)c4)ncnc3cc2OC)C1,7.7,IC50
CHEMBL5919894,C=CC(=O)N1CCC(Oc2cc3c(Nc4ccccc4)ncnc3cc2OC)C1,7.47,IC50
CHEMBL5746601,C=CC(=O)N1CC(Oc2cc3c(Nc4ccc(Cl)c(-c5cnco5)c4)ncnc3cc2OC)C1,7.85,IC50
CHEMBL6005198,C=CC(=O)N1CC(Oc2cc3c(Nc4ccc(Cl)c(CO)c4)ncnc3cc2OC)C1,7.16,IC50
CHEMBL5792678,C=CC(=O)N1CC(Oc2ccc3ncnc(Nc4ccc(Br)c(Cl)c4)c3n2)C1,7.46,IC50
CHEMBL5767132,COc1cc(N2CCC3(CCN(C)CC3)CC2)c(Cl)cc1Nc1ncc(Cl)c(Nc2ccc3sccc3c2P(C)(C)=O)n1,8.58,IC50
CHEMBL5928819,COc1cc(N2CCC3(CC2)CN(C)C3)c(C)cc1Nc1ncc(Cl)c(Nc2ccc3sccc3c2P(C)(C)=O)n1,9.21,IC50
CHEMBL5986535,COc1cc(N2CCC3(CC2)CN(C)C3)ccc1Nc1ncc(Cl)c(Nc2ccc3ccccc3c2P(C)(C)=O)n1,8.79,IC50
CHEMBL5815244,COc1cc(N2CCC(N3CCN(C)CC3)CC2)ccc1Nc1ncc(Cl)c(Nc2ccc3ccccc3c2P(C)(C)=O)n1,8.6,IC50
CHEMBL6043358,COc1cc(N2CCC3(CC2)CN(C)C3)c(C)cc1Nc1ncc(Cl)c(Nc2ccc3nccnc3c2P(C)(C)=O)n1,9.1,IC50
CHEMBL5860281,COc1cc(N2CCC3(CC2)CN(C)C3)c(C)cc1Nc1ncc(Cl)c(Nc2ccc3ccccc3c2P(C)(C)=O)n1,9.31,IC50
CHEMBL6011218,COc1cc(N2CCC3(CC2)CN(C)C3)c(C)cc1Nc1ncc(Cl)c(Nc2ccc3cnn(C)c3c2P(C)(C)=O)n1,8.24,IC50
CHEMBL5831921,COc1cc(N2CCC3(CC2)CN(C)C3)c(C)cc1Nc1ncc(Cl)c(Nc2ccc3c(c2P(C)(C)=O)CCC3)n1,9.31,IC50
CHEMBL5833522,COc1ccc(OCCNCc2cnccn2)cc1Nc1ncc(Cl)c(Nc2ccc3ccccc3c2P(C)(C)=O)n1,7.6,IC50
CHEMBL5777319,COc1ccc(OCCNCc2cccnc2)cc1Nc1ncc(Cl)c(Nc2ccc3ccccc3c2P(C)(C)=O)n1,7.89,IC50
CHEMBL5952451,COc1cc(N2CCC3(CC2)CN(CC(F)(F)F)C3)c(C)cc1Nc1ncc(Cl)c(Nc2ccc3ccccc3c2P(C)(C)=O)n1,7.51,IC50
CHEMBL5811442,COc1cc(N2CCC3(CC2)CN(C)C3)c(C)cc1Nc1ncc(Br)c(Nc2ccc3ccccc3c2P(C)(C)=O)n1,10.28,IC50
CHEMBL5947282,COc1cc(N2CCC3(CC2)CN(C)C3)c(C)cc1Nc1ncc(C2CC2)c(Nc2ccc3ccccc3c2P(C)(C)=O)n1,8.75,IC50
CHEMBL6058695,COc1cc(N2CCC3(CC2)CN(C)C3)c(C)cc1Nc1ncc(C#N)c(Nc2ccc3ccccc3c2P(C)(C)=O)n1,9.17,IC50
CHEMBL6026402,COc1ccc(OCCNS(C)(=O)=O)cc1Nc1ncc(Cl)c(Nc2ccc3ccccc3c2P(C)(C)=O)n1,7.17,IC50
CHEMBL5963175,COc1cc(N2CCC(N(C)C)CC2)c(C)cc1Nc1ncc(Br)c(Nc2ccc3nccnc3c2P(C)(C)=O)n1,9.68,IC50
CHEMBL5881155,CCOC(=O)C1=C(C(F)(F)F)NC2=C(C(=O)CC(C)(C)C2)C1c1ccc(S(=O)(=O)c2ccccc2)cc1,9.66,IC50
CHEMBL5977738,Cc1ccc(S(=O)(=O)c2ccc(C3C(C(=O)c4ccccc4)=C(N)NC4=C3C(=O)CC(C)(C)C4)cc2)cc1,9.85,IC50
CHEMBL5975268,C=CC(=O)N1CC(Nc2cncc(-c3cnc(Nc4ccc(F)c(Cl)c4)nc3)n2)C1,7.43,IC50
CHEMBL6013340,C=CC(=O)N1CC(Nc2cncc(-c3cnc(Nc4cccc(C)n4)nc3)n2)C1,7.26,IC50
CHEMBL5893022,CS(=O)(=O)Nc1cc(-c2ccc3ncnc(Nc4ccc(F)c(Cl)c4)c3c2)cnc1Cl,7.96,IC50
CHEMBL6043318,C[C@@H](Nc1ncnc2ccc(-c3cnc(Cl)c(NS(C)(=O)=O)c3)cc12)c1ccccc1,7.96,IC50
CHEMBL6060963,COc1cc(-c2ccc3ncnc(NC(C)c4ccccc4)c3c2)cnc1OC,7.96,IC50
CHEMBL6002036,C[C@@H](Nc1c(C#N)cnc2ccc(-c3cnc(Cl)c(NS(C)(=O)=O)c3)cc12)c1ccccc1,7.96,IC50
CHEMBL5918098,CC(Nc1c(C#N)cnc2ccc(-c3cnc(N)nc3)cc12)c1ccccc1,7.96,IC50
CHEMBL5971875,C[C@@H](Nc1c(C#N)cnc2ccc(-c3cnc(N)nc3)cc12)c1ccccc1,7.96,IC50
CHEMBL5982623,CC(Nc1c(C#N)cnc2ccc(-c3cnc4[nH]ncc4c3)cc12)c1ccccc1,7.96,IC50
CHEMBL5896403,CC(Nc1ncnc2ccc(-c3cnc(N)nc3)cc12)c1ccc(F)cc1,7.96,IC50
CHEMBL5872960,CC(Nc1c(C#N)cnc2ccc(-c3cncc(-c4n[nH]c(=O)o4)c3)cc12)c1ccccc1,7.96,IC50
CHEMBL6078426,COc1cc2nc(-c3ccc(C(F)(F)F)cc3)cc(OCCCNC3CCN(C)CC3)c2cc1OC,7.7,IC50
CHEMBL336113,Cc1cccc(Nc2ncnc3ccc(N)cc23)c1,7.3,IC50
CHEMBL2426280,COc1cc(N2CCN(C(C)=O)CC2)ccc1Nc1ncc(Cl)c(-c2c[nH]c3ccccc23)n1,7.0,IC50
CHEMBL6120309,[2H]C([2H])([2H])c1cc(Nc2ncc(Br)c(Nc3ccccc3S(=O)(=O)C3CC3)n2)ccc1N1CCN(C([2H])([2H])[2H])CC1,10.05,IC50
CHEMBL6103231,Cn1cnc(Nc2nc(-c3ccccc3O)nc3ccccc23)c1,8.47,IC50
CHEMBL6102692,Oc1ccccc1-c1nc(NCc2c[nH]cn2)c2ccccc2n1,8.31,IC50
CHEMBL6078531,COC1CCN(c2nccc(Nc3cc4c(C(C)C)c(C)[nH]c4nn3)n2)CC1,7.04,KI
CHEMBL6083124,COC1CCN(c2nccc(Nc3cc4c(C(C)C)c(C)nn4cn3)n2)CC1,7.82,KI
CHEMBL6142905,COC1CCN(c2nccc(Nc3cc4n([C@@H]5CC[C@H](C)C5)c(C)cn4n3)n2)CC1,7.5,KI
CHEMBL6134747,COC1CCN(c2nccc(Nc3cc4n([C@H]5CC[C@H](C)C5)c(C)cn4n3)n2)CC1,8.0,KI
CHEMBL6102371,COC1CCN(c2nccc(Nc3cc4n(C5CCC6(CC5)OCCO6)c(C)cn4n3)n2)CC1,7.82,KI
CHEMBL6148402,COC1CCN(c2nccc(Nc3cc4n(C5CCC(=O)CC5)c(C)cn4n3)n2)CC1,7.57,KI
CHEMBL6102656,COC1CCN(c2nccc(Nc3cc4n(cc(C)n4[C@H]4CC[C@H](O)CC4)n3)n2)CC1,7.5,KI
CHEMBL6109194,CO[C@@H]1CCN(c2nccc(Nc3cc4n(C(C)C)c(C)cn4n3)n2)C[C@@H]1F,7.43,KI
CHEMBL6091957,CO[C@@H]1CCN(c2nccc(Nc3cc4n(C(C)C)c(C)cn4n3)n2)CC1(C)C,7.36,KI
CHEMBL6142591,CO[C@@H]1CCN(c2nccc(Nc3cc4n(C5CCC6(CC5)OCCO6)c(C)cn4n3)n2)C[C@@H]1F,8.24,KI
CHEMBL6108977,Cc1cn2nc(Nc3ccnc(N4CC[C@@H](O)[C@@H](F)C4)n3)cc2n1C1CCC2(CC1)OCCO2,7.68,KI
CHEMBL6078432,Cc1cn2nc(Nc3ccnc(-c4cnn(S(=O)(=O)C5CC5)c4)n3)cc2n1C(C)C,8.02,KI
CHEMBL6134123,CO[C@@H]1CCN(c2nccc(Nc3cc4n(-c5ccc6c(c5)OCCO6)c(C)cn4n3)n2)C[C@@H]1F,7.71,KI
CHEMBL6103122,CO[C@@H]1CCN(c2nccc(Nc3cc4n(-c5ncc(Cl)cn5)c(C)cn4n3)n2)C[C@@H]1F,7.66,KI
CHEMBL6120341,CO[C@@H]1CCN(c2nccc(Nc3cc4n(-c5ncc(C)s5)c(C)cn4n3)n2)C[C@@H]1F,7.65,KI
CHEMBL6149778,CCc1coc(-n2c(C)cn3nc(Nc4ccnc(N5CC[C@@H](OC)[C@@H](F)C5)n4)cc23)n1,7.61,KI
CHEMBL6148149,CO[C@@H]1CCN(c2nccc(Nc3cc4n(C5CC6(C5)OCCO6)c(C)cn4n3)n2)C[C@@H]1F,7.56,KI
CHEMBL6141567,CO[C@@H]1CCN(c2nccc(Nc3cc4n(cc(C)n4[C@H]4CC[C@@]5(CCN(C)C5=O)CC4)n3)n2)C[C@@H]1F,8.25,KI
CHEMBL6149770,CO[C@@H]1CCN(c2nccc(Nc3cc4n(cc(C)n4[C@H]4CC[C@@]5(CCNC5=O)CC4)n3)n2)C[C@@H]1F,8.2,KI
CHEMBL6083000,Cc1cn2nc(Nc3ccnc(N4CC[C@@H](O)[C@@H](F)C4)n3)cc2n1C1C2CCCC1C2,8.0,KI
CHEMBL6102389,CCc1cn2nc(Nc3ccnc(N4CC[C@@H](OC)[C@@H](F)C4)n3)cc2n1C1CCC2(CC1)OCCO2,8.85,KI
CHEMBL6103287,CO[C@@H]1CCN(c2nccc(Nc3cc4n(C5CCC6(CC5)OCCO6)c(C5CC5)cn4n3)n2)C[C@@H]1F,8.27,KI
CHEMBL6092020,CO[C@@H]1CCN(c2nccc(Nc3cc4n(C5CCC6(CC5)OCCO6)c([C@H]5CCCO5)cn4n3)n2)C[C@@H]1F,8.55,KI
CHEMBL6141640,CCc1cn2nc(Nc3ccnc(N4CC[C@@H](OC)[C@@H](F)C4)n3)cc2n1[C@H]1CC[C@]2(CCN(C)C2=O)CC1,8.68,KI
CHEMBL6147282,O[C@@H]1CCN(c2nccc(Nc3cc4n(C5CCC6(CC5)OCCO6)c(C(F)(F)F)cn4n3)n2)C[C@@H]1F,8.11,KI
CHEMBL6144787,CN1CCC2(CCC(n3c(C(F)(F)F)cn4nc(Nc5ccnc(N6CC[C@@H](O)[C@@H](F)C6)n5)cc34)CC2)C1=O,7.9,KI
CHEMBL6078330,CO[C@@H]1CCN(c2nccc(Nc3cc4n(C5CCC6(CC5)OCCO6)c(C#N)cn4n3)n2)C[C@@H]1F,7.96,KI
CHEMBL6133223,CCNC(=O)c1cn2nc(Nc3ccnc(N4CC[C@@H](OC)[C@@H](F)C4)n3)cc2n1C1CCC2(CC1)OCCO2,9.01,KI
CHEMBL6145212,CO[C@@H]1CCN(c2nccc(Nc3cc4n(C5CCC6(CC5)OCCO6)c(C(=O)NCC5CCN(C)CC5)cn4n3)n2)C[C@@H]1F,9.17,KI
CHEMBL6146381,CO[C@@H]1CCN(c2nccc(Nc3cc4n(C5CCC6(CC5)OCCO6)c(C(=O)NCC5CN(C)C5)cn4n3)n2)C[C@@H]1F,9.02,KI
CHEMBL6147474,COc1cc2nc(-c3ccc(C(F)(F)F)cc3)cc(OCCCN3CCN(C)CC3)c2cc1OC,7.59,IC50
CHEMBL6103034,COc1cc2nc(-c3ccc(C(F)(F)F)cc3)cc(OCCCNCC3CCCO3)c2cc1OC,7.65,IC50
CHEMBL6141734,Clc1ccc(-c2cc(OCCCN3CCOCC3)c3cc(-c4ccco4)ccc3n2)cc1,7.61,IC50
CHEMBL6133741,CC[C@H](C(=O)N1CCCC[C@@H]1C(=O)O[C@H](CCc1ccc(OC)c(OC)c1)c1cccc(OCC(=O)NCCC(=O)N2CCN(CCCOc3cc4c(Nc5ccc(F)c(Cl)c5)ncnc4cc3OC)CC2)c1)c1cc(OC)c(OC)c(OC)c1,7.89,IC50
CHEMBL6142200,[2H]C([2H])([2H])C([2H])([2H])[S+]([O-])c1ccccc1Nc1nc(Nc2cc(NC(=O)C=C)c(N(C)CCN(C)C)cc2OC)ncc1Cl,8.68,IC50
CHEMBL6102777,[2H]C([2H])([2H])C([2H])([2H])[S+]([O-])c1cc(Cl)ccc1Nc1nc(Nc2cc(NC(=O)C=C)c(N(C)CCN(C)C)cc2OC)ncc1Cl,8.44,IC50
CHEMBL6144893,C=CC(=O)Nc1cc(Nc2ncc(Cl)c(Nc3cccc(F)c3[S+]([O-])CC)n2)c(OC)cc1N(C)CCN(C)C,8.58,IC50
CHEMBL6143027,[2H]C([2H])([2H])C([2H])([2H])[S+]([O-])c1c(F)cccc1Nc1nc(Nc2cc(NC(=O)C=C)c(N(C)CCN(C)C)cc2OC)ncc1Cl,8.93,IC50
CHEMBL6091887,C=CC(=O)Nc1cc(Nc2ncc(Cl)c(Nc3ccc(Cl)cc3[S+]([O-])C(C)C)n2)c(OC)cc1N(C)CCN(C)C,8.63,IC50
CHEMBL6133955,C=CC(=O)Nc1cc(Nc2ncc(Cl)c(Nc3cccc(F)c3[S+]([O-])C(C)C)n2)c(OC)cc1N(C)CCN(C)C,8.45,IC50
CHEMBL6151439,[2H]C([2H])([2H])C([2H])([S+]([O-])c1c(F)cccc1Nc1nc(Nc2cc(NC(=O)C=C)c(N(C)CCN(C)C)cc2OC)ncc1Cl)C([2H])([2H])[2H],8.47,IC50
CHEMBL6103055,[2H]C([2H])([2H])C([2H])([S+]([O-])c1ccccc1Nc1nc(Nc2cc(NC(=O)C=C)c(N(C)CCN(C)C)cc2OC)ncc1Cl)C([2H])([2H])[2H],8.86,IC50
CHEMBL6144949,C=CC(=O)Nc1cc(Nc2ncc(Cl)c(Nc3cccc(Cl)c3[S+]([O-])C(C)C)n2)c(OC)cc1N(C)CCN(C)C,8.2,IC50
CHEMBL6149199,C=CC(=O)Nc1cc(Nc2ncc(Cl)c(Nc3cccc(Cl)c3[S+]([O-])CC)n2)c(OC)cc1N(C)CCN(C)C,8.2,IC50
CHEMBL6143935,C=CC(=O)Nc1cc(Nc2ncc(Cl)c(Nc3ccccc3[S+]([O-])CC)n2)c(OC)cc1N(C)CCN(C)C,8.47,IC50
CHEMBL6102825,Cc1cc(Nc2ncnc3ccc(NC(=O)/C=C/[C@H]4CCCN4C)cc23)ccc1Oc1cc2ncnn2cn1,8.92,IC50
CHEMBL6142551,CCOc1cc2ncnc(Nc3ccc(Oc4ccn5ncnc5c4)c(C)c3)c2cc1NC(=O)/C=C/[C@H]1CCCN1C,8.87,IC50
CHEMBL6068562,CCOc1cc2ncnc(Nc3ccc(Oc4ccn5ncnc5c4)c(C)c3)c2cc1NC(=O)/C(F)=C/[C@H]1CCCN1C,8.09,IC50
CHEMBL6144232,COCCOc1cc2ncnc(Nc3ccc(Oc4cccc5ccc(C)nc45)c(C)c3)c2cc1OCCOC,7.92,IC50
CHEMBL6141653,COc1cc2ncnc(Nc3ccc(Oc4cccc5ccc(C)nc45)c(C)c3)c2cc1OC,7.96,IC50
CHEMBL6162126,COc1cc2ncnc(Nc3ccc(OCc4ccccn4)c(Cl)c3)c2cc1OCCCCn1ccnc1[N+](=O)[O-],8.74,IC50
CHEMBL5567125,CCOc1cc2ncc(C#N)c(Nc3ccc(Oc4ccn5ncnc5c4)c(C)c3)c2cc1NC(=O)/C=C/CN(C)C,8.15,IC50
CHEMBL6146573,C=CC(=O)N1CCC[C@@H](n2nc(-c3ccc(OCc4cccc(C)n4)cc3)c3c(N)ncnc32)C1,9.92,IC50
CHEMBL5303395,C=CC(=O)N1CCC[C@@H](n2nc(C(=O)Nc3ccc(CC(=O)N(C)C)c(C)c3C)c3c(N)ncnc32)C1,7.19,IC50
CHEMBL6142761,CN1CCC[C@H]1/C=C/C(=O)Nc1ccc2ncnc3c2c1CCN3c1ccc(OCc2ccccn2)c(Cl)c1,8.65,IC50
CHEMBL6132839,O=C(CSc1nnc(Nc2ccccc2)s1)N1N=C(c2ccccc2)CC1c1ccc([N+](=O)[O-])cc1,8.7,IC50
CHEMBL6145857,CC(C)c1cnc(N2CC(CS(C)(=O)=O)C2)c2cnc(Nc3ccnc(N4CCC(O)C(C)(F)C4)n3)cc12,10.0,IC50
CHEMBL6144799,CC[C@@H](C)Nc1cc(Nc2ccnc(-c3cnn(S(=O)(=O)C4CC4)c3)n2)ncc1C(=O)NCCC(F)F,8.19,IC50
CHEMBL6141553,COCCCc1nc(-c2ccc(F)cc2)c(-c2ccnc3[nH]c(-c4ccccc4)cc23)[nH]1,8.22,IC50
CHEMBL6102399,COC1CCN(c2nccc(Nc3cc4c(C(C)C)ccc(N5CC(CS(C)(=O)=O)C5C)c4cn3)n2)CC1F,9.3,IC50
CHEMBL6147882,C=CC(=O)Nc1ccc(OC)c(Nc2cc(-c3[nH]c(SCCOC)nc3-c3ccc(F)cc3)ccn2)c1,7.46,IC50
CHEMBL6142125,COc1cc(N2CCN(C)CC2)c(-c2cn[nH]c2)cc1Nc1ncc(Cl)c(Nc2ccccc2P(C)(C)=O)n1,9.64,IC50
CHEMBL5201287,CCS(=O)(=O)n1cc2c3cc(ccc31)OCCCCCOc1cc(ccc1N1CCOCC1)Nc1ncc(Cl)c-2n1,7.72,IC50
CHEMBL5170303,CCS(=O)(=O)n1cc2c3cc(ccc31)OCCCCCCOc1cc(ccc1N1CCOCC1)Nc1ncc(Cl)c-2n1,8.21,IC50
CHEMBL6152563,CCS(=O)(=O)n1cc2c3cc(ccc31)OCCCCCCCOc1cc(ccc1N1CCOCC1)Nc1ncc(Cl)c-2n1,7.72,IC50
CHEMBL6142537,CCS(=O)(=O)n1cc2c3cc(ccc31)OCCCCCCCCOc1cc(ccc1N1CCOCC1)Nc1ncc(Cl)c-2n1,7.05,IC50
CHEMBL6134567,CCCC(=O)Nc1ccc2ncnc(Nc3cccc(Br)c3)c2c1,9.43,IC50
CHEMBL6146213,CCC(=O)Nc1cccc(Nc2nc(Nc3ccc(N4CCN(C(C)=O)CC4)cc3OC)ncc2Cl)c1,7.2,IC50
CHEMBL6162282,COc1cc(N2CCN(C(C)=O)CC2)ccc1Nc1ncc(Cl)c(Nc2cccc(NC(=O)/C=C/c3ccccc3)c2)n1,7.24,IC50
CHEMBL4865792,COc1cc(N2CCN(C(C)=O)CC2)ccc1Nc1ncc(Cl)c(Nc2cccc(NC(=O)CCl)c2)n1,7.65,IC50
CHEMBL6163008,CCC(=O)Nc1cccc(Nc2nc(Nc3ccc(N4CCN(C(C)=O)CC4)cc3)ncc2Cl)c1,7.18,IC50
CHEMBL6142527,C=CC(=O)Nc1cccc(Nc2nc(Nc3ccc(N4CCN(C(C)=O)CC4)cc3)ncc2Cl)c1,7.36,IC50
CHEMBL6163246,CC(=O)N1CCN(c2ccc(Nc3ncc(Cl)c(Nc4cccc(NC(=O)/C=C/c5ccccc5)c4)n3)cc2)CC1,7.06,IC50
CHEMBL6150187,CCC(=O)Nc1cccc(Nc2nc(Nc3cnn(C)c3)ncc2Cl)c1,7.72,IC50
CHEMBL6134398,Cn1cc(Nc2ncc(Cl)c(Nc3cccc(NC(=O)/C=C/c4ccccc4)c3)n2)cn1,7.64,IC50
CHEMBL6168204,Cn1cc(Nc2ncc(Cl)c(Nc3cccc(NC(=O)CCl)c3)n2)cn1,7.38,IC50
CHEMBL6144365,C=CC(=O)Nc1cccc(Nc2nc(Nc3ccc4[nH]c(=O)oc4c3)ncc2Cl)c1,7.2,IC50
CHEMBL6103174,O=C(/C=C/c1ccccc1)Nc1cccc(Nc2nc(Nc3ccc4[nH]c(=O)oc4c3)ncc2Cl)c1,7.12,IC50
CHEMBL6149229,O=C(CCl)Nc1cccc(Nc2nc(Nc3ccc4[nH]c(=O)oc4c3)ncc2Cl)c1,7.37,IC50
CHEMBL6144434,CCC(=O)Nc1cccc(Nc2nc(Nc3ccc4c(C)n(C)nc4c3)ncc2Cl)c1,7.23,IC50
CHEMBL6149588,C=CC(=O)Nc1cccc(Nc2nc(Nc3ccc4c(C)n(C)nc4c3)ncc2Cl)c1,7.01,IC50
CHEMBL6169682,Cc1c2ccc(Nc3ncc(Cl)c(Nc4cccc(NC(=O)/C=C/c5ccccc5)c4)n3)cc2nn1C,7.18,IC50
CHEMBL6165980,Cc1c2ccc(Nc3ncc(Cl)c(Nc4cccc(NC(=O)CCl)c4)n3)cc2nn1C,7.1,IC50
CHEMBL6168241,C=CC(=O)Nc1cccc(Nc2nc(Nc3cnn(C)c3)ncc2Cl)c1,7.68,IC50
CHEMBL129123,COc1cc(Nc2ncnc3cc(OC)c(OC)cc23)c(Cl)cc1Cl,7.21,IC50
CHEMBL6161949,COc1cc2ncnc(Nc3ccc(Cl)c(O)c3)c2cc1OC.Cl,9.08,IC50
CHEMBL3775879,COc1cc2ncnc(Nc3ccc(F)c(O)c3)c2cc1OC,8.59,IC50
CHEMBL6160755,COc1cc2ncnc(Nc3ccc(Cl)c(N)c3)c2cc1OC,9.34,IC50
CHEMBL6161589,COc1cc2ncnc(Nc3ccc4scnc4c3)c2cc1OC.Cl,7.44,IC50
CHEMBL6151046,CSc1nc(-c2cccc(NC(=O)c3cccc(O)c3CN3Cc4ccccc4C3=O)c2)c(-c2ccnc(Nc3ccccc3)c2)[nH]1,8.24,IC50
CHEMBL6120461,CCc1nc(-c2cccc(NC(=O)c3cccc(O)c3CN3Cc4ccccc4C3=O)c2)c(-c2ccnc(Nc3ccccc3)c2)[nH]1,8.66,IC50
CHEMBL6102895,CCOc1nc(-c2cccc(NC(=O)c3cccc(O)c3CN3Cc4ccccc4C3=O)c2)c(-c2ccnc(Nc3ccccc3)c2)[nH]1,8.68,IC50
CHEMBL6145609,CSc1nc(-c2cccc(NC(=O)c3cccc(O)c3CN3Cc4ccccc4C3=O)c2)c(-c2ccnc(Nc3ccc(N4CCNCC4)cc3)c2)[nH]1,9.24,IC50
CHEMBL6146123,CCC(=O)Nc1ccc(OC)c(Nc2cc(-c3[nH]c(SC)nc3-c3cccc(NC(=O)c4cccc(O)c4CN4Cc5ccccc5C4=O)c3)ccn2)c1,9.04,IC50
CHEMBL6161335,CSc1nc(-c2cccc(NC(=O)c3ccccc3)c2)c(-c2ccnc(NC(C)=O)c2)[nH]1,7.35,IC50
CHEMBL6148660,CSc1nc(-c2cccc(NC(=O)c3cccc(O)c3)c2)c(-c2ccnc(NC(C)=O)c2)[nH]1,8.28,IC50
CHEMBL6164416,CCc1nc(-c2cccc(NC(=O)c3cccc(O)c3)c2)c(-c2ccnc(NC(C)=O)c2)[nH]1,8.54,IC50
CHEMBL6133859,CCc1nc(-c2cccc(NC(=O)c3ccccc3CN3Cc4ccc(-c5ccc(N6CCNCC6)cc5)cc4C3=O)c2)c(-c2ccnc(NC(C)=O)c2)[nH]1,8.0,IC50
CHEMBL6120367,CSc1nc(-c2cccc(NC(=O)c3ccccc3CN3C(=O)c4ccccc4C3=O)c2)c(-c2ccnc(NC(C)=O)c2)[nH]1,7.11,IC50
CHEMBL6151532,CSc1nc(-c2cccc(NC(=O)c3cccc(O)c3CN3Cc4ccccc4C3=O)c2)c(-c2ccnc(NC(C)=O)c2)[nH]1,9.8,IC50
CHEMBL6152895,CCc1nc(-c2cccc(NC(=O)c3cccc(O)c3CN3Cc4ccccc4C3=O)c2)c(-c2ccnc(NC(C)=O)c2)[nH]1,10.05,IC50
CHEMBL6148115,CCOc1nc(-c2cccc(NC(=O)c3cccc(O)c3CN3Cc4ccccc4C3=O)c2)c(-c2ccnc(NC(C)=O)c2)[nH]1,9.92,IC50
CHEMBL6146710,C=CC(=O)Nc1ccc(OC)c(Nc2cc(-c3[nH]c(SC)nc3-c3cccc(NC(=O)c4c(F)ccc(O)c4CN4Cc5ccccc5C4=O)c3)ccn2)c1,8.8,IC50
CHEMBL6145524,C=CC(=O)Nc1ccc(OC)c(Nc2cc(-c3[nH]c(CC)nc3-c3cccc(NC(=O)c4cccc(O)c4CN4Cc5ccccc5C4=O)c3)ccn2)c1,9.04,IC50
CHEMBL6160966,C=CC(=O)Nc1ccc(OC)c(Nc2cc(-c3[nH]c(SC)nc3-c3cccc(NC(=O)c4cccc(O)c4CN4Cc5ccccc5C4=O)c3)ccn2)c1,8.92,IC50
CHEMBL6151097,COc1ccc(C(=O)/C=C/C(=O)N2CCN(C3CCN(c4ccc(Nc5ncc(Cl)c(Nc6ccccc6P(C)(C)=O)n5)c(OC)c4)CC3)CC2)cc1,7.01,IC50
CHEMBL6133704,Cc1c(-c2nnc(S)n2N=Cc2ccc(F)cc2)cnn1-c1ccc(S(C)(=O)=O)cc1,7.12,IC50
CHEMBL6068008,[2H]C([2H])([2H])n1cc(-c2ccnc(Nc3cc(NC(=O)C=C)c(N(C)CCN(C)C)cc3OC)n2)c2ccccc21,8.74,IC50
CHEMBL6169362,[2H]C([2H])([2H])n1cc(-c2ccnc(Nc3cc(NC(=O)C=C)c(N4CC[C@@H](N(C)C)C4)cc3OC)n2)c2ccccc21,8.42,IC50
CHEMBL6150116,[2H]C([2H])([2H])n1cc(-c2ccnc(Nc3cc(NC(=O)C=C)c(N4CCNCC4)cc3OC)n2)c2ccccc21,7.56,IC50
CHEMBL6170292,[2H]C([2H])([2H])n1cc(-c2ccnc(Nc3cc(NC(=O)C=C)c(N4CCN(C)CC4)cc3OC)n2)c2ccccc21,7.87,IC50
CHEMBL6172339,[2H]C([2H])([2H])n1cc(-c2ccnc(Nc3cc(NC(=O)C=C)c(N4CCN(C5CCCCC5)CC4)cc3OC)n2)c2ccccc21,7.22,IC50
CHEMBL6144674,[2H]C([2H])([2H])n1cc(-c2ccnc(Nc3cc(NC(=O)C=C)c(N4CCC(C)(NC(=O)OC(C)(C)C)CC4)cc3OC)n2)c2ccccc21,7.66,IC50
CHEMBL6144466,[2H]C([2H])([2H])n1cc(-c2ccnc(Nc3cc(NC(=O)C=C)c(N4CCC(C)(N)CC4)cc3OC)n2)c2ccccc21,8.17,IC50
CHEMBL6152761,[2H]C([2H])([2H])n1cc(-c2ccnc(Nc3cc(NC(=O)C=C)c(N4CCC(N5CCN(C)CC5)CC4)cc3OC)n2)c2ccccc21,8.3,IC50
CHEMBL6146360,[2H]C([2H])([2H])n1cc(-c2ccnc(Nc3cc(NC(=O)C=C)c(N4CCC(CN)CC4)cc3OC)n2)c2ccccc21,8.14,IC50
CHEMBL6175072,CCc1cc(Nc2ncc(Cl)c(Nc3ccc(C)c(C)c3P(C)(C)=O)n2)c(OC)cc1N1CC2(CCN(C)CC2)C1,9.26,IC50
CHEMBL6172228,C=CC(=O)C1CCC[C@@H](n2nc(-c3ccc4ccccc4c3)c3c(N)ncnc32)C1,7.8,IC50
CHEMBL6143095,[2H]C([2H])([2H])c1cc(Nc2ncc(Br)c(Nc3ccccc3NS(=O)(=O)C3CC3)n2)ccc1N1CCN(C([2H])([2H])[2H])CC1,7.01,IC50
CHEMBL5564265,O=C(Nc1nccs1)[C@@H](c1cc(F)ccc1O)N1Cc2ccc(-c3ccc(N4CCNCC4)cc3)cc2C1=O,9.59,IC50
CHEMBL6149601,C#Cc1cc(Nc2ncnc3cc(OCCOC)c(OCCOC)cc23)ccc1C=O,7.32,IC50
CHEMBL6162078,COc1cc(N2CCC(N3CCN(C)CC3)CC2)c(C)cc1Nc1ncc(Br)c(Nc2ccc(C)cc2P(C)(C)=O)n1,10.0,IC50
CHEMBL6167713,C=CC(=O)N1Cc2nc(-c3cccc(C#Cc4ccccc4)c3)n(-c3ccncc3)c2C1,7.0,IC50
CHEMBL6171408,C=CC(=O)N1Cc2nc(-c3cccc(Oc4ccccc4)c3)n(-c3ccncc3)c2C1,7.2,IC50
CHEMBL6172520,C=CC(=O)N1Cc2nc(-c3cccc(Oc4cccc(F)n4)c3)n(-c3ccncc3)c2C1,7.0,IC50
CHEMBL6166002,C=CC(=O)N1Cc2nc(-c3ccc(F)c(Oc4cccc(F)n4)c3)n(-c3ccncc3)c2C1,7.2,IC50
CHEMBL6161374,C=CC(=O)N1Cc2nc(-c3ccc(F)c(Oc4cccc(F)n4)c3)n(-c3ccncn3)c2C1,7.3,IC50
CHEMBL6168428,C=CC(=O)N1Cc2nc(-c3cccc(Oc4cccc(F)n4)c3)n(-c3ccncn3)c2C1,7.3,IC50
CHEMBL6165639,C=CC(=O)N1Cc2nc(-c3cc(Oc4cccc(F)n4)ccc3F)n(-c3ccncn3)c2C1,7.6,IC50
CHEMBL6172692,C=CC(=O)N1Cc2nc(-c3cc(F)c(F)c(Oc4cccc(F)n4)c3)n(-c3ccncn3)c2C1,7.1,IC50
CHEMBL6173252,C=CC(=O)N1Cc2nc(-c3cc(Oc4cccc(F)n4)cc(F)c3F)n(-c3ccncn3)c2C1,7.5,IC50
CHEMBL6146853,C=CC(=O)N1Cc2nc(-c3cc(Oc4cccc(F)n4)c(F)cc3F)n(-c3ccncn3)c2C1,7.8,IC50
CHEMBL6169114,C=CC(=O)N1Cc2nc(-c3cc(Oc4cccc(F)n4)c(F)cc3F)n(-c3ccncc3)c2C1,7.4,IC50
CHEMBL6167445,C=CC(=O)N1Cc2nc(-c3cccc(Oc4ccc(Cl)cn4)c3)n(-c3ccncn3)c2C1,7.2,IC50
CHEMBL6161185,C=CC(=O)N1Cc2nc(-c3cccc(Oc4nc(F)ccc4Cl)c3)n(-c3ccncn3)c2C1,7.4,IC50
CHEMBL6133016,C=CC(=O)N1Cc2nc(-c3cccc(Oc4nccc(Cl)c4F)c3)n(-c3ccncn3)c2C1,7.6,IC50
CHEMBL6159535,C=CC(=O)N1Cc2nc(-c3cc(Oc4nccc(Cl)c4F)c(F)cc3F)n(-c3ccncn3)c2C1,7.5,IC50
CHEMBL6170042,C=CC(=O)N1Cc2nc(-c3cc(Oc4cc(Cl)c(F)cn4)c(F)cc3F)n(-c3ccncn3)c2C1,7.6,IC50
CHEMBL6172443,C=CC(=O)N1Cc2nc(-c3cc(Oc4cc(Cl)ccn4)c(F)cc3F)n(-c3ccncn3)c2C1,7.9,IC50
CHEMBL6152342,C=CC(=O)N1Cc2nc(-c3cc(Oc4nc(F)ccc4F)c(F)cc3F)n(-c3ccncn3)c2C1,8.0,IC50
CHEMBL6166976,C=CC(=O)N1Cc2nc(-c3cc(Oc4nc(F)ccc4F)ccc3F)n(-c3ccncn3)c2C1,7.7,IC50
CHEMBL6170829,[2H]c1nccc(-n2c(-c3cc(Oc4nc(F)ccc4F)ccc3F)nc3c2CN(C(=O)C=C)C3)n1,7.7,IC50
CHEMBL6151325,[2H]c1cc(-n2c(-c3cc(Oc4nc(F)ccc4F)ccc3F)nc3c2CN(C(=O)C=C)C3)ncn1,7.5,IC50
CHEMBL6168774,[2H]c1cc(-n2c(-c3cc(Oc4nc(F)ccc4F)ccc3F)nc3c2CN(C(=O)C=C)C3)nc([2H])n1,7.6,IC50
CHEMBL6159648,C=CC(=O)N1Cc2nc(-c3ccc(F)c(-c4ccccc4F)c3)n(-c3ccncc3)c2C1,7.2,IC50
CHEMBL6151150,C=CC(=O)N1Cc2nc(-c3cc(-c4ccccc4F)c(F)cn3)n(-c3ccncc3)c2C1,7.5,IC50
CHEMBL6173311,C=CC(=O)N1Cc2nc(-c3cc(-c4c(F)cccc4F)c(F)cn3)n(-c3ccncc3)c2C1,8.0,IC50
CHEMBL6171149,C=CC(=O)N1Cc2nc(-c3cc(-c4ccccc4F)c(F)cn3)n(-c3ccncn3)c2C1,8.3,IC50
CHEMBL6167119,C=CC(=O)N1Cc2nc(-c3cc(-c4c(F)cccc4F)c(F)cn3)n(-c3ccncn3)c2C1,8.2,IC50
CHEMBL6165733,C=C(F)C(=O)N1Cc2nc(-c3cc(-c4c(F)cccc4F)c(F)cn3)n(-c3ccncn3)c2C1,7.0,IC50
CHEMBL6161196,C=C(Cl)C(=O)N1Cc2nc(-c3cc(-c4c(F)cccc4F)c(F)cn3)n(-c3ccncn3)c2C1,7.3,IC50
CHEMBL6171907,O=C(/C=C/CF)N1Cc2nc(-c3cc(-c4c(F)cccc4F)c(F)cn3)n(-c3ccncn3)c2C1,7.6,IC50
CHEMBL6161899,C=CC(=O)N1Cc2nc(-c3cc(-c4ccccc4F)c(F)cc3F)n(-c3ccncn3)c2C1,7.8,IC50
CHEMBL6174259,C=CC(=O)N1Cc2nc(-c3cc(-c4cccc5ocnc45)c(F)cc3F)n(-c3ccncn3)c2C1,7.8,IC50
CHEMBL6164231,C=CC(=O)N1Cc2nc(-c3cc(-c4cccc5ccnn45)c(F)cn3)n(-c3ccncn3)c2C1,9.6,IC50
CHEMBL6151115,C=CC(=O)N1Cc2nc(-c3cc(-c4c(F)cccc4C(F)F)c(F)cn3)n(-c3ccncn3)c2C1,7.7,IC50
CHEMBL6145691,C=CC(=O)N1Cc2nc(-c3cc(-c4c(Cl)ccc(C(F)F)c4F)c(F)cn3)n(-c3ccncn3)c2C1,7.8,IC50
CHEMBL6172972,C=CC(=O)N1Cc2nc(-c3cc(-c4c(C(F)F)ccnc4F)c(F)cc3F)n(-c3ccncn3)c2C1,7.7,IC50
CHEMBL6174690,C=CC(=O)N1Cc2nc(-c3cc(-c4c(Cl)ccnc4Cl)c(F)cc3F)n(-c3ccncn3)c2C1,7.7,IC50
CHEMBL6173653,C=CC(=O)N1Cc2nc(-c3cc(-c4cc(Cl)cnc4Cl)c(F)cc3F)n(-c3ccncn3)c2C1,7.8,IC50
CHEMBL6134453,C=CC(=O)N1Cc2nc(-c3cc(-c4cnn(C(F)F)c4C)c(F)cc3F)n(-c3ccncn3)c2C1,7.9,IC50
CHEMBL5314564,C=CC(=O)Nc1cc(Nc2nccc(Nc3cc(Cl)c(F)cc3C(C)(C)O)n2)c(OC)cc1N1CC[C@@H](N(C)C)C1,7.7,IC50
CHEMBL6172878,C=CC(=O)N1Cc2nc(-c3cc(-c4ccc(-n5cccn5)cc4F)c(F)cn3)n(-c3ccncn3)c2C1,7.3,IC50
CHEMBL6163241,C=CC(=O)N1Cc2nc(-c3cc(-c4ccc(-c5cocn5)cc4F)c(F)cn3)n(-c3ccncn3)c2C1,7.7,IC50
CHEMBL6159859,CC[C@H](C)Nc1cc(Nc2ccnc(-c3cnn(S(=O)(=O)C4CC4)c3)n2)ncc1-c1nnc(C)o1,7.89,IC50
CHEMBL6162629,CC[C@H](C)Nc1cc(Nc2ccnc(-c3cnn(S(=O)(=O)C4CC4)c3)n2)ncc1-c1cnn(C)c1,7.85,IC50
CHEMBL6134098,CC[C@H](C)Oc1cc(Nc2ccnc(-c3cnn(S(=O)(=O)C4CC4)c3)n2)ncc1-c1cnn(C)c1,8.59,IC50
CHEMBL6173924,CC(C)Oc1cc(Nc2ccnc(-c3cnn(S(=O)(=O)C4CC4)c3)n2)ncc1-c1cnn(C)c1,8.62,IC50
CHEMBL6164847,CC(C)Oc1cc(Nc2ccnc(-c3cnn(S(=O)(=O)C4CC4)c3)n2)ncc1-c1cnn(C2CCN(C)CC2)c1,8.68,IC50
CHEMBL6150231,CC(C)Oc1cc(Nc2ccnc(-c3cnn(S(=O)(=O)C4CC4)c3)n2)ncc1-c1cnn(C2CCOCC2)c1,8.57,IC50
CHEMBL6173823,CC(C)Oc1cc(Nc2ccnc(-c3cnn(S(=O)(=O)C4CC4)c3)n2)ncc1-c1cnn(-c2ccncc2)c1,7.7,IC50
CHEMBL6165382,CC(C)Oc1cc(Nc2ccnc(-c3cnn(S(=O)(=O)C4CC4)c3)n2)ncc1-c1cnn([C@H]2CCN(C)C2)c1,8.77,IC50
CHEMBL6169318,CC(C)Oc1cc(Nc2ccnc(-c3cnn(S(=O)(=O)C4CC4)c3)n2)ncc1-c1cnn([C@@H]2CCN(C)C2)c1,8.8,IC50
CHEMBL6161666,CC(C)Oc1cc(Nc2ccnc(-c3cnn(S(=O)(=O)C4CC4)c3)n2)ncc1-c1cnn([C@H]2C[C@H](C)N(C)C2)c1,8.6,IC50
CHEMBL6162116,CC(C)Oc1cc(Nc2ccnc(-c3cnn(S(=O)(=O)C4CC4)c3)n2)ncc1-c1cn([C@H]2C[C@H](C)N(C)C2)nc1F,8.52,IC50
CHEMBL6162316,Cc1nn([C@H]2C[C@H](C)N(C)C2)cc1-c1cnc(Nc2ccnc(-c3cnn(S(=O)(=O)C4CC4)c3)n2)cc1OC(C)C,8.17,IC50
CHEMBL6146199,COc1nn([C@H]2C[C@H](C)N(C)C2)cc1-c1cnc(Nc2ccnc(-c3cnn(S(=O)(=O)C4CC4)c3)n2)cc1OC(C)C,8.89,IC50
CHEMBL6152780,COc1nn(C2CCN(C)CC2)cc1-c1cnc(Nc2ccnc(-c3cnn(S(=O)(=O)C4CC4)c3)n2)cc1OC(C)C,9.12,IC50
CHEMBL6171197,CC(C)Oc1cc(Nc2ccnc(-c3cnn(S(=O)(=O)C4CC4)c3)n2)ncc1-c1cn(C2CCN(C)CC2)nc1OC(F)F,9.05,IC50
CHEMBL6161041,COc1cc(-c2nc3ccccc3s2)ccc1OCC(=O)N(C(=O)C(C)(C)C)C(=O)C(C)(C)C,7.05,IC50
CHEMBL6168400,COc1cc2c(Nc3ccc(Oc4ccccc4F)c(Br)c3)ncnc2cc1OCC1CCN(C)CC1,8.3,IC50
CHEMBL6160197,COc1cc2c(Nc3ccc(Oc4ccccc4F)c(C)c3)ncnc2cc1OCC1CCN(C)CC1,7.43,IC50
CHEMBL6164475,COc1cc2c(Nc3ccc(Oc4cc(F)ccc4F)cc3)ncnc2cc1OCC1CCN(C)CC1,7.34,IC50
CHEMBL6165880,COc1cc(N2CCC(N3CCN(CC4CCN(c5ccc6c(c5)CN(C5CCC(=O)NC5=O)C6=O)CC4)CC3)CC2)ccc1Nc1ncc(Cl)c(Nc2ccccc2P(C)(C)=O)n1,7.16,IC50
CHEMBL6165953,COc1cc(N(C)CCN(C)C)c2cc1Nc1ncc(C)c(n1)Nc1ccc(cc1P(C)(C)=O)OCCCn1cc-2cn1,8.66,IC50
CHEMBL6162695,COc1cc(N2CCOCC2)c2cc1Nc1ncc(C)c(n1)Nc1ccc(cc1P(C)(C)=O)OCCCn1cc-2cn1,8.92,IC50
CHEMBL6170225,COc1cc(N2CCC(N3CCN(C)CC3)CC2)c2cc1Nc1ncc(C)c(n1)Nc1ccc(cc1P(C)(C)=O)OCCCn1cc-2cn1,8.44,IC50
CHEMBL6163318,COc1cc(N2CCN(C)CC2)c2cc1Nc1ncc(C)c(n1)Nc1ccc(cc1P(C)(C)=O)OCCCn1cc-2cn1,8.85,IC50
CHEMBL6161006,COc1cc(N(C)CCN(C)C)c2cc1Nc1nccc(n1)-c1cn(c3ccccc13)CCCC(=O)N2,7.14,IC50
CHEMBL6162341,COc1cc(N(C)CCN(C)C)c2cc1Nc1nccc(n1)-c1cn(c3ccccc13)CCCCC(=O)N2,7.08,IC50
CHEMBL6168797,COc1cc(N(C)CCN(C)C)c2cc1Nc1nccc(n1)-c1cn(c3ccccc13)CCCCCC(=O)N2,7.09,IC50
CHEMBL6173880,COc1cc(N(C)CCN(C)C)c2cc1Nc1nccc(n1)-c1cn(c3ccccc13)CCCCCCC(=O)N2,7.5,IC50
CHEMBL6172911,COc1ccc2c3cn(c2c1)CCCCC(=O)Nc1cc(c(OC)cc1N(C)CCN(C)C)Nc1nccc-3n1,7.09,IC50
CHEMBL6167748,COc1cc(N(C)CCN(C)C)c2cc1Nc1ncc(Cl)c(n1)Nc1ccc(cc1P(C)(C)=O)OCCCCC(=O)N2,7.48,IC50
CHEMBL6142457,COc1cc(N(C)CCN(C)C)c2cc1Nc1ncc(Br)c(n1)Nc1ccc(cc1P(C)(C)=O)OCCCCC(=O)N2,8.51,IC50
CHEMBL6149651,COc1cc(N(C)CCN(C)C)c2cc1Nc1ncc(C(F)(F)F)c(n1)Nc1ccc(cc1P(C)(C)=O)OCCCCC(=O)N2,8.52,IC50
CHEMBL6174175,COc1cc(N(C)CCN(C)C)c2cc1Nc1ncc(C)c(n1)Nc1ccc(cc1P(C)(C)=O)OCCCCC(=O)N2,8.8,IC50
CHEMBL6173841,COc1cc(N(C)CCN(C)C)c2cc1Nc1ncc(C3CC3)c(n1)Nc1ccc(cc1P(C)(C)=O)OCCCCC(=O)N2,7.15,IC50
CHEMBL6172853,Nc1cc(-c2c[nH]c3ccccc23)nn1-c1nc(Nc2ccccc2)nc(N2CCOCC2)n1,7.19,IC50
CHEMBL6171172,Nc1cc(-c2c[nH]c3ccccc23)nn1-c1nc(Nc2ccc(Cl)cc2)nc(N2CCOCC2)n1,7.47,IC50
CHEMBL6166339,Nc1cc(-c2c[nH]c3ccccc23)nn1-c1nc(Nc2ccc(Br)cc2)nc(N2CCOCC2)n1,7.17,IC50
CHEMBL6168381,Cc1cc(C)cc(NNC(=O)[C@H]2CCCN2C(=O)Nc2ccc(C(F)(F)F)cc2)c1,7.06,IC50
CHEMBL6163941,Cc1cc(C)cc(NNC(=O)[C@H]2CCCN2C(=O)Nc2ccc(Cl)cc2)c1,7.02,IC50
CHEMBL6152892,CCOc1ccc(C2C(C#N)=C(N)OC3C2C(C)=NN3c2ccc(Cl)cc2)cc1,9.68,IC50
CHEMBL6170958,CCOc1ccc(/C=C2/C(=O)N(c3ccc(Cl)cc3)N=C2C)cc1,9.92,IC50
CHEMBL6169708,O=C(c1ccc2ccccc2c1)c1cn(-c2ccccc2)nc1C1=Nn2cnnc2SC1,7.19,IC50
CHEMBL6176188,O=C(c1ccc2ccccc2c1)c1cn(-c2ccccc2)nc1C1=Nn2c(Cc3nnc4n3N=C(c3nn(-c5ccccc5)cc3C(=O)c3ccc5ccccc5c3)CS4)nnc2SC1,7.71,IC50
CHEMBL6190750,COc1cc2nc(C)nc(N/N=C/c3ccccc3)c2cc1OC,9.59,IC50
CHEMBL6192047,COc1cc2nc(C)nc(N/N=C/c3ccc(Cl)cc3)c2cc1OC,8.77,IC50
CHEMBL6189718,COc1ccc(/C=N/Nc2nc(C)nc3cc(OC)c(OC)cc23)cc1,8.1,IC50
CHEMBL6188862,COc1cc2nc(C)nc(N/N=C/c3cc(CN4CCCCC4)c(O)c(OC)c3)c2cc1OC,8.43,IC50
CHEMBL6191315,COc1cc2nc(C)nc(N/N=C/c3cc(CN4CCOCC4)c(O)c(OC)c3)c2cc1OC,9.4,IC50
CHEMBL6193031,COc1cc2nc(C)nc(N/N=C/c3cc(CN4CCN(C)CC4)c(O)c(OC)c3)c2cc1OC,9.85,IC50
CHEMBL6192121,COc1cc2nc(C)nc(NNCC(=O)Nc3ccccc3)c2cc1OC,8.78,IC50
CHEMBL6192974,COc1cc2nc(C)nc(NNCC(=O)Nc3ccc(Cl)cc3)c2cc1OC,9.71,IC50
CHEMBL6191708,COc1ccc(NC(=O)CNNc2nc(C)nc3cc(OC)c(OC)cc23)cc1,9.28,IC50
CHEMBL6192749,COc1cc2nc(C)nc(NNC(=O)c3ccccc3)c2cc1OC,9.21,IC50
CHEMBL6193138,COc1cc2nc(C)nc(NNC(=O)c3ccccc3Cl)c2cc1OC,9.25,IC50
CHEMBL6190636,COc1cc2nc(C)nc(NNC(=O)c3ccc([N+](=O)[O-])cc3[N+](=O)[O-])c2cc1OC,9.28,IC50
CHEMBL6191031,COc1cc2nc(C)nc(NNC(=O)c3cc(OC)c(OC)c(OC)c3)c2cc1OC,9.02,IC50
CHEMBL6188493,COc1cc2nc(C)nc(Oc3ccc(/C=N/Nc4ccccc4)cc3)c2cc1OC,9.84,IC50
CHEMBL6191894,COc1ccc(N/N=C/c2ccc(Oc3nc(C)nc4cc(OC)c(OC)cc34)cc2)cc1,8.54,IC50
CHEMBL6192014,COc1cc2nc(C)nc(Oc3ccc(/C=N/Nc4ccc([N+](=O)[O-])cc4[N+](=O)[O-])cc3)c2cc1OC,9.17,IC50
CHEMBL6189765,COc1cc2nc(C)nc(Oc3ccc(/C=N/Nc4ccc(S(N)(=O)=O)cc4)cc3)c2cc1OC,8.78,IC50
CHEMBL6192033,CCOC(=O)C1=C(C)N/C(=N\c2nc(C)nc3cc(OC)c(OC)cc23)NC1c1ccccc1,8.94,IC50
CHEMBL6193697,CCOC(=O)C1=C(C)N/C(=N\c2nc(C)nc3cc(OC)c(OC)cc23)NC1c1ccc(Cl)cc1,9.5,IC50
CHEMBL6190024,CCOC(=O)C1=C(C)N/C(=N\c2nc(C)nc3cc(OC)c(OC)cc23)NC1c1ccc(OC)cc1,8.67,IC50
CHEMBL6188294,Cc1c(NC(=O)Nc2ccc(OC(F)(F)F)cc2)sc2ccccc12,7.33,IC50
CHEMBL6190423,C=CC(=O)Nc1cnn(-c2ccnc(Nc3cc(C)c(N4CCC(N5CCN(C)CC5)CC4)cc3OC)n2)c1,7.11,IC50
CHEMBL6191345,COc1cc(N2CCC(N3CCN(C)CC3)CC2)c(C)cc1Nc1nccc(-n2cc(NC(=O)C=C(C)C)cn2)n1,7.27,IC50
CHEMBL6191781,COc1cc(N2CCC(N3CCN(C)CC3)CC2)c(C)cc1Nc1nccc(-n2cc(NC(=O)C3CC3)cn2)n1,7.42,IC50
CHEMBL6190638,COc1cc(N2CCC(N3CCN(C)CC3)CC2)c(C)cc1Nc1nccc(-n2cc(NS(=O)(=O)C3CC3)cn2)n1,7.73,IC50
CHEMBL6192271,COc1cc(N2CCC(N3CCN(C)CC3)CC2)c(C)cc1Nc1ncc(Br)c(-n2ccc(-c3ccccc3NS(=O)(=O)C3CC3)n2)n1,7.03,IC50
CHEMBL6193344,O=C(CCCOc1cc2ncnc(Nc3ccc(Cl)cc3)c2c2c1OCCO2)NO,7.32,IC50
CHEMBL6191639,O=C(CCCOc1cc2ncnc(Nc3ccccc3F)c2c2c1OCCO2)NO,7.04,IC50
CHEMBL6188499,O=C(CCCOc1cc2ncnc(Nc3cccc(F)c3)c2c2c1OCCO2)NO,7.12,IC50
CHEMBL6193560,O=C(CCCOc1cc2ncnc(Nc3cccc(C(F)(F)F)c3)c2c2c1OCCO2)NO,7.34,IC50
CHEMBL6191667,O=C(CCCCOc1cc2ncnc(Nc3cccc(Cl)c3)c2c2c1OCCO2)NO,8.01,IC50
CHEMBL6191199,O=C(CCCCCOc1cc2ncnc(Nc3cccc(Cl)c3)c2c2c1OCCO2)NO,8.32,IC50
