zinc_id,smiles,source,source_tranche
ZINCf50000008K7A,CC(=O)NCCC(=O)NNCC1CCC1,Local ZINC tranches,ZINC_DIP2A_Activators/H15/H15M000.smi.gz
ZINCf50000008EIs,C=C1CC[C@@H]1NS(=O)(=O)c1cnn(C)n1,Local ZINC tranches,ZINC_DIP2A_Activators/H15/H15M000.smi.gz
ZINCf50000008E5c,C=C(C)CNC(=O)C1CC(=O)NC(=O)C1,Local ZINC tranches,ZINC_DIP2A_Activators/H15/H15M000.smi.gz
ZINCf50000008G2N,C=CCNC(=N)NC[C@H]1CCCNC1=O,Local ZINC tranches,ZINC_DIP2A_Activators/H15/H15M000.smi.gz
ZINCf50000008AhE,C#CC1CC(NC2=NC[C@@H]([C@@H](C)O)N2)C1,Local ZINC tranches,ZINC_DIP2A_Activators/H15/H15M000.smi.gz
ZINCf50000008AAr,C#CCCNC(=O)[C@H]1CNC(=O)C[C@@H]1C,Local ZINC tranches,ZINC_DIP2A_Activators/H15/H15M000.smi.gz
ZINCf50000008Iuh,C=C[C@H](O)C(=O)NCCc1cn(C)nn1,Local ZINC tranches,ZINC_DIP2A_Activators/H15/H15M000.smi.gz
ZINCf50000008BeX,C#CCN(CCOC)C(=O)c1cnn[nH]1,Local ZINC tranches,ZINC_DIP2A_Activators/H15/H15M000.smi.gz
ZINCf50000008I0y,C=C[C@H](CO)NCC(=O)NCCOCC,Local ZINC tranches,ZINC_DIP2A_Activators/H15/H15M000.smi.gz
ZINCf50000008A0N,C#CC1(C(=O)NC[C@@H]2CNC(=O)O2)CC1,Local ZINC tranches,ZINC_DIP2A_Activators/H15/H15M000.smi.gz
ZINCf50000008F6J,C=C1C[C@H]1CNS(=O)(=O)c1nnn(C)n1,Local ZINC tranches,ZINC_DIP2A_Activators/H15/H15M000.smi.gz
ZINCf50000008KVj,CC(=O)OCC#CCN1C(=O)COC1=O,Local ZINC tranches,ZINC_DIP2A_Activators/H15/H15M000.smi.gz
ZINCf50000008CQQ,C#CC[C@@H]1CCN(C(=O)CNC(C)=O)C1,Local ZINC tranches,ZINC_DIP2A_Activators/H15/H15M000.smi.gz
ZINCf50000008ExF,C=C(CO)CSc1nnnn1CCOC,Local ZINC tranches,ZINC_DIP2A_Activators/H15/H15M000.smi.gz
ZINCf50000008Dg5,C#C[C@@H](CO)NC1=NC[C@H](CCSC)N1,Local ZINC tranches,ZINC_DIP2A_Activators/H15/H15M000.smi.gz
ZINCf50000008IG1,C=C[C@](C)(O)C(=O)NC[C@H](O)COCC,Local ZINC tranches,ZINC_DIP2A_Activators/H15/H15M000.smi.gz
ZINCf50000008H29,C=CC[C@H](CO)NC(=O)N[C@H](C)CCN,Local ZINC tranches,ZINC_DIP2A_Activators/H15/H15M000.smi.gz
ZINCf50000008Jhn,CC(=O)CCC(=O)N[C@@H]1CCN(C)C1=O,Local ZINC tranches,ZINC_DIP2A_Activators/H15/H15M000.smi.gz
ZINCf50000008BtU,C#CCNC(=O)CN(CCO)[C@@H](C)CC,Local ZINC tranches,ZINC_DIP2A_Activators/H15/H15M000.smi.gz
ZINCf50000008CDy,C#CCSCC(=O)NNC(=O)CN(C)C,Local ZINC tranches,ZINC_DIP2A_Activators/H15/H15M000.smi.gz
ZINCf50000008FBE,C=CCCNC(=O)[C@H]1[C@@H]2CS(=O)(=O)C[C@@H]21,Local ZINC tranches,ZINC_DIP2A_Activators/H15/H15M000.smi.gz
ZINCf50000008FMq,C=CCC[C@H](CO)N[C@H]1CNCCOC1,Local ZINC tranches,ZINC_DIP2A_Activators/H15/H15M000.smi.gz
ZINCf50000008AUm,C#CCN(C)C[C@@H](O)CN(C)CCOC,Local ZINC tranches,ZINC_DIP2A_Activators/H15/H15M000.smi.gz
ZINCf50000008HSS,C=C[C@H](C)NC(=O)C1(n2cnnn2)CC1,Local ZINC tranches,ZINC_DIP2A_Activators/H15/H15M000.smi.gz
ZINCf50000008ILs,C=Cn1nccc1CN[C@@H](CO)CCO,Local ZINC tranches,ZINC_DIP2A_Activators/H15/H15M000.smi.gz
ZINCf50000008Cmy,C#CCOCCOC(=O)N[C@H](C=C)CO,Local ZINC tranches,ZINC_DIP2A_Activators/H15/H15M000.smi.gz
ZINCf50000008DXr,C1C[C@@H](CN=C2N[C@@H]3COC[C@@H]3N2)CO1,Local ZINC tranches,ZINC_DIP2A_Activators/H15/H15M000.smi.gz
ZINCf50000008Apg,C#CCCCN1CCO[C@H](CC(N)=O)C1,Local ZINC tranches,ZINC_DIP2A_Activators/H15/H15M000.smi.gz
ZINCf50000008ASh,C#CCN(C)C(=O)[C@@H]1CCCNS1(=O)=O,Local ZINC tranches,ZINC_DIP2A_Activators/H15/H15M000.smi.gz
ZINCf50000008Adv,C#CC1(O)CN(CC[S@](=O)C(F)(F)F)C1,Local ZINC tranches,ZINC_DIP2A_Activators/H15/H15M000.smi.gz
ZINCf50000008JBp,CC(=O)N1CC(NS(=O)(=O)CC2CC2)C1,Local ZINC tranches,ZINC_DIP2A_Activators/H15/H15M000.smi.gz
ZINCf50000008AEW,C#CCCS(=O)(=O)N1CC[C@@H](O)C12CC2,Local ZINC tranches,ZINC_DIP2A_Activators/H15/H15M000.smi.gz
ZINCf50000008KGe,CC(=O)N[C@@H]1C(=O)N(CCCO)N=C1C,Local ZINC tranches,ZINC_DIP2A_Activators/H15/H15M000.smi.gz
ZINCf50000008BiV,C#CCN1CCC[C@H]1C(=O)N[C@@H](C)CO,Local ZINC tranches,ZINC_DIP2A_Activators/H15/H15M000.smi.gz
ZINCf50000008GHa,C=CCS(=O)(=O)NC(=O)c1ncn(C)n1,Local ZINC tranches,ZINC_DIP2A_Activators/H15/H15M000.smi.gz
ZINCf50000008L4q,CC(=O)O[C@H]1C(=O)NCC12CCOCC2,Local ZINC tranches,ZINC_DIP2A_Activators/H15/H15M000.smi.gz
ZINCf50000008D2z,C#CC[C@H](NC(=O)[C@H]1CCSC1)C(N)=O,Local ZINC tranches,ZINC_DIP2A_Activators/H15/H15M000.smi.gz
ZINCf50000008H1Y,C=CC[C@H](CO)NC(=O)NC[C@@H](C)NC,Local ZINC tranches,ZINC_DIP2A_Activators/H15/H15M000.smi.gz
ZINCf50000008C1q,C#CCOCC(=O)N(C)CC(=O)OCC,Local ZINC tranches,ZINC_DIP2A_Activators/H15/H15M000.smi.gz
ZINCf50000008IYf,CC#CCN1CCN(CC(=O)OC)CC1,Local ZINC tranches,ZINC_DIP2A_Activators/H15/H15M000.smi.gz
ZINCf50000008EDq,C=C1CC(CN)(C(=O)N[C@@H]2CCNC2)C1,Local ZINC tranches,ZINC_DIP2A_Activators/H15/H15M000.smi.gz
ZINCf50000008K6n,CC(=O)NCCC(=O)NCCC(C)(C)N,Local ZINC tranches,ZINC_DIP2A_Activators/H15/H15M000.smi.gz
ZINCf50000008I3k,C=C[C@H](N)C(=O)N(C)CCn1cnnc1,Local ZINC tranches,ZINC_DIP2A_Activators/H15/H15M000.smi.gz
ZINCf50000008GgF,C=CCNC(=O)[C@H](C)S(=O)(=O)[C@@H](C)CO,Local ZINC tranches,ZINC_DIP2A_Activators/H15/H15M000.smi.gz
ZINCf50000008AzX,C#CCCNC(=O)[C@@H]1CN(CC)CCO1,Local ZINC tranches,ZINC_DIP2A_Activators/H15/H15M000.smi.gz
ZINCf50000008Fem,C=C=C[C@@H](C)C(=O)N[C@H](COC)C(N)=O,Local ZINC tranches,ZINC_DIP2A_Activators/H15/H15M000.smi.gz
ZINCf50000008KPy,CC(=O)N[C@H](Cc1cnn(C)c1)C(=O)O,Local ZINC tranches,ZINC_DIP2A_Activators/H15/H15M000.smi.gz
ZINCf50000008zXx,C#CC(C)(C)C(=O)NNC(=O)C(C)(C)O,Local ZINC tranches,ZINC_DIP2A_Activators/H15/H15M000.smi.gz
ZINCf50000008F8v,C=C=CC(=O)N1C[C@H](O)C[C@@H]1CN(C)C,Local ZINC tranches,ZINC_DIP2A_Activators/H15/H15M000.smi.gz
ZINCf50000008IgW,C=C[C@H](NC(=O)CN(C)C1CC1)C(=O)O,Local ZINC tranches,ZINC_DIP2A_Activators/H15/H15M000.smi.gz
ZINCf50000008FX0,C=CCN(CCO)C(=O)[C@@H]1C[C@@H](F)CN1,Local ZINC tranches,ZINC_DIP2A_Activators/H15/H15M000.smi.gz
ZINCf50000008Cte,C#CCONC(=O)c1ccnc(OC)n1,Local ZINC tranches,ZINC_DIP2A_Activators/H15/H15M000.smi.gz
ZINCf50000008C7d,C#CCOCC(=O)NN1CCCNC1=O,Local ZINC tranches,ZINC_DIP2A_Activators/H15/H15M000.smi.gz
ZINCf50000008JQf,CC(=O)NCC(=O)N1CCC[C@H]1CCO,Local ZINC tranches,ZINC_DIP2A_Activators/H15/H15M000.smi.gz
ZINCf50000008JRy,CC(=O)NCC(=O)N1CC[C@H](C)[C@@H](O)C1,Local ZINC tranches,ZINC_DIP2A_Activators/H15/H15M000.smi.gz
ZINCf50000008F89,C=C=CC(=O)N1CC[C@](CO)(CCO)C1,Local ZINC tranches,ZINC_DIP2A_Activators/H15/H15M000.smi.gz
ZINCf50000008Daz,C#C[C@@H](C)NC(=O)N[C@@H]1C[C@H](O)[C@H](O)C1,Local ZINC tranches,ZINC_DIP2A_Activators/H15/H15M000.smi.gz
ZINCf50000008I48,C=C[C@H](N)C(=O)N(C1CCC1)C1CNC1,Local ZINC tranches,ZINC_DIP2A_Activators/H15/H15M000.smi.gz
ZINCf50000008EnF,C=C(CO)C(=O)NCCCCS(C)(=O)=O,Local ZINC tranches,ZINC_DIP2A_Activators/H15/H15M000.smi.gz
ZINCf50000008F86,C=C=CC(=O)N1CC[C@H](S(=O)(=O)NC)C1,Local ZINC tranches,ZINC_DIP2A_Activators/H15/H15M000.smi.gz
ZINCf50000008JTq,CC(=O)NCC(=O)NC(C)(C)CCCN,Local ZINC tranches,ZINC_DIP2A_Activators/H15/H15M000.smi.gz
ZINCf50000008AKL,C#CCC[C@H](O)CNC(=O)C1(CO)CC1,Local ZINC tranches,ZINC_DIP2A_Activators/H15/H15M000.smi.gz
ZINCf50000008FsP,C=CCC1(O)CN(C(=O)C(=O)N(C)C)C1,Local ZINC tranches,ZINC_DIP2A_Activators/H15/H15M000.smi.gz
ZINCf50000008J0h,CC#CCNC(=O)N1CC(S(C)(=O)=O)C1,Local ZINC tranches,ZINC_DIP2A_Activators/H15/H15M000.smi.gz
ZINCf50000008IBo,C=C[C@H](O)C(=O)N[C@H]1C[C@@H](N)C12CCC2,Local ZINC tranches,ZINC_DIP2A_Activators/H15/H15M000.smi.gz
ZINCf50000008BN0,C#CCNC(=O)[C@@]12CCO[C@H]1CCOC2,Local ZINC tranches,ZINC_DIP2A_Activators/H15/H15M000.smi.gz
ZINCf50000008GuQ,C=CCOCCNC(=O)c1c[nH][nH]c1=N,Local ZINC tranches,ZINC_DIP2A_Activators/H15/H15M000.smi.gz
ZINCf50000008JQh,CC(=O)NCC(=O)N1CCC[C@H]1[C@H](C)O,Local ZINC tranches,ZINC_DIP2A_Activators/H15/H15M000.smi.gz
ZINCf50000008Eq0,C=C(CO)C(=O)NC[C@]1(O)CCCOC1,Local ZINC tranches,ZINC_DIP2A_Activators/H15/H15M000.smi.gz
ZINCf50000008HYH,C=C[C@H](CO)NC(=O)[C@@H]1NC(=O)O[C@@H]1C,Local ZINC tranches,ZINC_DIP2A_Activators/H15/H15M000.smi.gz
ZINCf50000008KZa,CC(=O)OCCNC(=O)[C@H](C)C[S@](C)=O,Local ZINC tranches,ZINC_DIP2A_Activators/H15/H15M000.smi.gz
ZINCf50000008JDn,CC(=O)N1CCC(N[C@H]2C[C@H]2CN)CC1,Local ZINC tranches,ZINC_DIP2A_Activators/H15/H15M000.smi.gz
ZINCf50000008Cv7,C#CCO[C@@H](C)C(=O)NC[C@H]1C[C@H](O)C1,Local ZINC tranches,ZINC_DIP2A_Activators/H15/H15M000.smi.gz
ZINCf50000008DlN,C#C[C@@H]1CCN1C(=O)CN(C)S(C)(=O)=O,Local ZINC tranches,ZINC_DIP2A_Activators/H15/H15M000.smi.gz
ZINCf50000008DNp,C#C[C@H]1CCN1S(=O)(=O)c1cnnn1C,Local ZINC tranches,ZINC_DIP2A_Activators/H15/H15M000.smi.gz
ZINCf50000008F6e,C=C1C[C@H]1CNC(=O)[C@@H](C)NS(C)(=O)=O,Local ZINC tranches,ZINC_DIP2A_Activators/H15/H15M000.smi.gz
ZINCf50000008Kqb,CC(=O)NC[C@@H](C)NC(=O)c1cocn1,Local ZINC tranches,ZINC_DIP2A_Activators/H15/H15M000.smi.gz
ZINCf50000008Ac1,C#CC1(O)CN(C(=O)c2cc(C)no2)C1,Local ZINC tranches,ZINC_DIP2A_Activators/H15/H15M000.smi.gz
ZINCf50000008ILo,C=Cn1nccc1CNCC[C@@H](O)CO,Local ZINC tranches,ZINC_DIP2A_Activators/H15/H15M000.smi.gz
ZINCf50000008ID5,C=C[C@](C)(O)C(=O)N1CC(C(=O)NC)C1,Local ZINC tranches,ZINC_DIP2A_Activators/H15/H15M000.smi.gz
ZINCf50000008DIA,C#C[C@H](NCc1cn(C)nn1)[C@H](C)OC,Local ZINC tranches,ZINC_DIP2A_Activators/H15/H15M000.smi.gz
ZINCf50000008BAA,C#CCNC(=O)CNS(=O)(=O)CC1CC1,Local ZINC tranches,ZINC_DIP2A_Activators/H15/H15M000.smi.gz
ZINCf50000008ICo,C=C[C@H]1NC(=O)N(C[C@@H]2CCN2C)C1=O,Local ZINC tranches,ZINC_DIP2A_Activators/H15/H15M000.smi.gz
ZINCf50000008DMb,C#C[C@H]1CCN1C(=O)[C@@]1(C)CNC(=O)C1,Local ZINC tranches,ZINC_DIP2A_Activators/H15/H15M000.smi.gz
ZINCf6000000b3C7,C=C(C)CN(CC)C(=O)CCS(N)(=O)=O,Local ZINC tranches,ZINC_DIP2A_Activators/H15/H15P000.smi.gz
ZINCf6000000b9aL,CCSC1(C(=O)N(C)C[C@H](O)CO)CC1,Local ZINC tranches,ZINC_DIP2A_Activators/H15/H15P000.smi.gz
ZINCf6000000b8uA,CCOC(=O)CC(=O)NC[C@@H](C)[C@H](C)O,Local ZINC tranches,ZINC_DIP2A_Activators/H15/H15P000.smi.gz
ZINCf6000000b5s9,CC(C)=CCNS(=O)(=O)c1cnnn1C,Local ZINC tranches,ZINC_DIP2A_Activators/H15/H15P000.smi.gz
ZINCf6000000b8jT,CCNCC(=O)NC[C@H](O)CC(F)(F)F,Local ZINC tranches,ZINC_DIP2A_Activators/H15/H15P000.smi.gz
ZINCf6000000ba9d,CC[C@H](CO)C(=O)N[C@@H]1CCNC12CC2,Local ZINC tranches,ZINC_DIP2A_Activators/H15/H15P000.smi.gz
ZINCf6000000bdpa,COC(=O)NCC(=O)O[C@H]1CCCOC1,Local ZINC tranches,ZINC_DIP2A_Activators/H15/H15P000.smi.gz
ZINCf6000000b8Qj,CCOC[C@@H](C)NC[C@H](CCO)C(=O)O,Local ZINC tranches,ZINC_DIP2A_Activators/H15/H15P000.smi.gz
ZINCf6000000b6Mp,CC=CCCC(=O)NCc1nc(O)n[nH]1,Local ZINC tranches,ZINC_DIP2A_Activators/H15/H15P000.smi.gz
ZINCf6000000b3eY,C#CCO[C@H](C)C(=O)NCC1(O)CCC1,Local ZINC tranches,ZINC_DIP2A_Activators/H15/H15P000.smi.gz
ZINCf6000000bdPy,COCC(=O)CCN1CC[S@@](=O)[C@H](C)C1,Local ZINC tranches,ZINC_DIP2A_Activators/H15/H15P000.smi.gz
ZINCf6000000b6v5,CC1(C)C[C@]1(N)C(=O)N[C@H]1C[C@@H](CO)C1,Local ZINC tranches,ZINC_DIP2A_Activators/H15/H15P000.smi.gz
ZINCf6000000b5UY,CC(C)[C@@H](C)CNC(=O)[C@H](C)S(N)(=O)=O,Local ZINC tranches,ZINC_DIP2A_Activators/H15/H15P000.smi.gz
ZINCf6000000balv,CC[C@H](NC(=O)c1cc[nH]n1)C(=O)OC,Local ZINC tranches,ZINC_DIP2A_Activators/H15/H15P000.smi.gz
ZINCf6000000bd32,CN[C@H](C)C(=O)N(CC(=O)O)C1CCC1,Local ZINC tranches,ZINC_DIP2A_Activators/H15/H15P000.smi.gz
ZINCf6000000baF5,CC[S@](=O)CC(=O)NC1CC(CCO)C1,Local ZINC tranches,ZINC_DIP2A_Activators/H15/H15P000.smi.gz
ZINCf6000000b4bX,C=CCOCC(=O)O[C@@H]1CCCNC1=O,Local ZINC tranches,ZINC_DIP2A_Activators/H15/H15P000.smi.gz
ZINCf6000000bbbs,CN(C)C1CCN(CCS(C)(=O)=O)CC1,Local ZINC tranches,ZINC_DIP2A_Activators/H15/H15P000.smi.gz
ZINCf6000000b55b,CC(=O)O[C@H](C)Sc1nc(=N)[nH]c(=N)[nH]1,Local ZINC tranches,ZINC_DIP2A_Activators/H15/H15P000.smi.gz
ZINCf6000000b5JC,CC(C)NC(=O)N1CC(=O)NC2(CC2)C1,Local ZINC tranches,ZINC_DIP2A_Activators/H15/H15P000.smi.gz
ZINCf6000000b8GH,CCOCC(=O)OC[C@H]1CCNC(=O)C1,Local ZINC tranches,ZINC_DIP2A_Activators/H15/H15P000.smi.gz
ZINCf6000000b2UY,C#CCC[C@@H](O)CNS(=O)(=O)CCCF,Local ZINC tranches,ZINC_DIP2A_Activators/H15/H15P000.smi.gz
ZINCf6000000baGh,CC[S@](=O)CCNC(=O)[C@H](O)C1CCC1,Local ZINC tranches,ZINC_DIP2A_Activators/H15/H15P000.smi.gz
ZINCf6000000be9a,COCCN(C)S(=O)(=O)Cc1ccno1,Local ZINC tranches,ZINC_DIP2A_Activators/H15/H15P000.smi.gz
ZINCf6000000b9at,CCS(=O)(=O)N[C@@H](CO)c1ccccn1,Local ZINC tranches,ZINC_DIP2A_Activators/H15/H15P000.smi.gz
ZINCf6000000b5iI,CC(C)(N)C(=O)N1C[C@H]2C[C@H](N)C[C@H]1C2,Local ZINC tranches,ZINC_DIP2A_Activators/H15/H15P000.smi.gz
ZINCf6000000b9Ww,CC[C@H](C(=O)NC[C@H]1CCNC1)N(C)C,Local ZINC tranches,ZINC_DIP2A_Activators/H15/H15P000.smi.gz
ZINCf6000000b9L3,CC[C@@H]1C(=O)NCCN1C(=O)[C@H]1C[C@H]1F,Local ZINC tranches,ZINC_DIP2A_Activators/H15/H15P000.smi.gz
ZINCf6000000bcIP,CNC[C@@H](C)CN=c1[nH]ccn(C)c1=O,Local ZINC tranches,ZINC_DIP2A_Activators/H15/H15P000.smi.gz
ZINCf6000000b8yh,CCOC(=O)CN[C@H](C(N)=O)[C@@H](C)CC,Local ZINC tranches,ZINC_DIP2A_Activators/H15/H15P000.smi.gz
ZINCf6000000b4gB,C=CC[C@@H](C)NC(=O)Cn1nnc(C)n1,Local ZINC tranches,ZINC_DIP2A_Activators/H15/H15P000.smi.gz
ZINCf6000000b4SM,CC(=O)CCN(C)C(=O)c1c[nH][nH]c1=N,Local ZINC tranches,ZINC_DIP2A_Activators/H15/H15P000.smi.gz
ZINCf6000000ba3U,CC[C@H](C)[C@H](N)C(=O)NC[C@@H]1CCNC1,Local ZINC tranches,ZINC_DIP2A_Activators/H15/H15P000.smi.gz
ZINCf6000000bdnN,COC(=O)N(C)NC(=O)C1(O)CCCC1,Local ZINC tranches,ZINC_DIP2A_Activators/H15/H15P000.smi.gz
ZINCf6000000b4FY,C=C[C@H]1NC(=O)N(Cc2cc[nH]n2)C1=O,Local ZINC tranches,ZINC_DIP2A_Activators/H15/H15P000.smi.gz
ZINCf6000000be4M,COCCCNCc1cnn(CCO)c1,Local ZINC tranches,ZINC_DIP2A_Activators/H15/H15P000.smi.gz
ZINCf6000000b2Uz,C#CCC[C@@H](O)CNC(=O)CC(C)(C)O,Local ZINC tranches,ZINC_DIP2A_Activators/H15/H15P000.smi.gz
ZINCf6000000b5PR,CC(C)OCCN(C)CCn1cnnn1,Local ZINC tranches,ZINC_DIP2A_Activators/H15/H15P000.smi.gz
ZINCf6000000b7sG,CCC[C@@H](O)CS(=O)(=O)c1n[nH]c(C)n1,Local ZINC tranches,ZINC_DIP2A_Activators/H15/H15P000.smi.gz
ZINCf6000000bedF,COCCNC(=O)N1CC[C@@H](C)[C@@H](O)C1,Local ZINC tranches,ZINC_DIP2A_Activators/H15/H15P000.smi.gz
ZINCf6000000b8Vn,CCOC[C@H](O)CNOC1CCOCC1,Local ZINC tranches,ZINC_DIP2A_Activators/H15/H15P000.smi.gz
ZINCf6000000b5wU,CC(C)CN1Cc2nc(O)nc(O)c2C1,Local ZINC tranches,ZINC_DIP2A_Activators/H15/H15P000.smi.gz
ZINCf6000000b7au,CCCN(C)CCN1CCS(=O)(=O)CC1,Local ZINC tranches,ZINC_DIP2A_Activators/H15/H15P000.smi.gz
ZINCf6000000bacL,CC[C@H](COC)NC(=O)[C@@H](C)CC(N)=O,Local ZINC tranches,ZINC_DIP2A_Activators/H15/H15P000.smi.gz
ZINCf6000000b8Py,CCOCC[C@H](O)CN1C[C@H](C)[C@@H](O)C1,Local ZINC tranches,ZINC_DIP2A_Activators/H15/H15P000.smi.gz
ZINCf6000000ba7v,CC[C@H](CNC(=O)CC1(N)CC1)C(=O)O,Local ZINC tranches,ZINC_DIP2A_Activators/H15/H15P000.smi.gz
ZINCf6000000bdzu,COC(=O)[C@H](C)NC(=O)C1=CCOCC1,Local ZINC tranches,ZINC_DIP2A_Activators/H15/H15P000.smi.gz
ZINCf6000000b74e,CCCC(=O)N[C@H](CO)CC1OCCO1,Local ZINC tranches,ZINC_DIP2A_Activators/H15/H15P000.smi.gz
ZINCf6000000b8oJ,CCNS(=O)(=O)N(C)C1CCC(N)CC1,Local ZINC tranches,ZINC_DIP2A_Activators/H15/H15P000.smi.gz
ZINCf6000000b8Wr,CCON(C)C(=O)NCCCS(C)(=O)=O,Local ZINC tranches,ZINC_DIP2A_Activators/H15/H15P000.smi.gz
ZINCf6000000b5nM,CC(C)(O)CCNS(=O)(=O)N1CCCC1,Local ZINC tranches,ZINC_DIP2A_Activators/H15/H15P000.smi.gz
ZINCf6000000b653,CC(C)[C@H](C(=O)N[C@@H]1CCNC1)[C@@H](C)N,Local ZINC tranches,ZINC_DIP2A_Activators/H15/H15P000.smi.gz
ZINCf6000000b7aA,CCCN(C)S(=O)(=O)C[C@H]1COCCO1,Local ZINC tranches,ZINC_DIP2A_Activators/H15/H15P000.smi.gz
ZINCf6000000b81J,CCN1CCC[C@@H](NC(=O)CC#N)C1=O,Local ZINC tranches,ZINC_DIP2A_Activators/H15/H15P000.smi.gz
ZINCf6000000b4xj,C=C[C@H](C)ONC(=O)[C@@H]1CC(=O)N(C)C1,Local ZINC tranches,ZINC_DIP2A_Activators/H15/H15P000.smi.gz
ZINCf6000000b4Ib,C=Cn1nccc1CNC1(C(N)=O)CC1,Local ZINC tranches,ZINC_DIP2A_Activators/H15/H15P000.smi.gz
ZINCf6000000bdKV,COC1(CNS(=O)(=O)N2CCC2)CCC1,Local ZINC tranches,ZINC_DIP2A_Activators/H15/H15P000.smi.gz
ZINCf6000000b5oJ,CC(C)(O)COCCNC(=O)NCCF,Local ZINC tranches,ZINC_DIP2A_Activators/H15/H15P000.smi.gz
ZINCf6000000b9JK,CC[C@@H](OC)C(=O)N(C)CCNC(C)=O,Local ZINC tranches,ZINC_DIP2A_Activators/H15/H15P000.smi.gz
ZINCf6000000b9cr,CCSC[C@@H](C)NC(=O)C1(N)CC(O)C1,Local ZINC tranches,ZINC_DIP2A_Activators/H15/H15P000.smi.gz
ZINCf6000000be4s,COCCCNC(=O)[C@@]1(C#N)CCOC1,Local ZINC tranches,ZINC_DIP2A_Activators/H15/H15P000.smi.gz
ZINCf6000000b9BW,CC[C@@H](NC(=O)[C@H](C)CCN)C(=O)OC,Local ZINC tranches,ZINC_DIP2A_Activators/H15/H15P000.smi.gz
ZINCf6000000bbFF,CN(C[C@@H](O)CF)C(=O)COCC(F)F,Local ZINC tranches,ZINC_DIP2A_Activators/H15/H15P000.smi.gz
ZINCf6000000baTm,CCn1nc(C)c(CNC[C@@H](O)CF)n1,Local ZINC tranches,ZINC_DIP2A_Activators/H15/H15P000.smi.gz
ZINCf6000000bbFA,CN(C[C@@H](O)CF)C(=O)C=CC(C)(C)N,Local ZINC tranches,ZINC_DIP2A_Activators/H15/H15P000.smi.gz
ZINCf6000000b7d5,CCCN(CCO)C[C@H]1C[C@@H](CO)CO1,Local ZINC tranches,ZINC_DIP2A_Activators/H15/H15P000.smi.gz
ZINCf6000000b8b0,CCNC(=O)CN(CC)CC(=O)OCC,Local ZINC tranches,ZINC_DIP2A_Activators/H15/H15P000.smi.gz
ZINCf6000000b5vU,CC(C)CCO[C@@H](C)C(=O)NCC(N)=O,Local ZINC tranches,ZINC_DIP2A_Activators/H15/H15P000.smi.gz
ZINCf6000000b8hm,CCNC(=O)[C@H](C)NC(=O)COC(C)C,Local ZINC tranches,ZINC_DIP2A_Activators/H15/H15P000.smi.gz
ZINCf6000000b7OP,CCN(CC)S(=O)(=O)NCc1ncc[nH]1,Local ZINC tranches,ZINC_DIP2A_Activators/H15/H15P000.smi.gz
ZINCf6000000b8fY,CCNC(=O)NNC(=O)c1n[nH]cc1Cl,Local ZINC tranches,ZINC_DIP2A_Activators/H15/H15P000.smi.gz
ZINCf6000000bayZ,CC[C@H]1NC(=O)N(CC2=NOCC2)C1=O,Local ZINC tranches,ZINC_DIP2A_Activators/H15/H15P000.smi.gz
ZINCf6000000b6LL,CC=CC(=O)N=c1ccc(C(N)=O)n[nH]1,Local ZINC tranches,ZINC_DIP2A_Activators/H15/H15P000.smi.gz
ZINCf6000000b9Fe,CC[C@@H](O)CC(=O)NN=c1cncc[nH]1,Local ZINC tranches,ZINC_DIP2A_Activators/H15/H15P000.smi.gz
ZINCf6000000baTn,CCn1nc(C)c(CNC[C@H](F)CO)n1,Local ZINC tranches,ZINC_DIP2A_Activators/H15/H15P000.smi.gz
ZINCf6000000b5St,CC(C)ONC(=O)C(=O)N=c1cco[nH]1,Local ZINC tranches,ZINC_DIP2A_Activators/H15/H15P000.smi.gz
ZINCf6000000bawt,CC[C@H]1CCOCCN1C[C@@H](O)CNC,Local ZINC tranches,ZINC_DIP2A_Activators/H15/H15P000.smi.gz
ZINCf6000000b93L,CCO[C@H](C)CNC(=O)NCC[S@](C)=O,Local ZINC tranches,ZINC_DIP2A_Activators/H15/H15P000.smi.gz
ZINCf6000000b5WR,CC(C)[C@@H](CO)NC(=O)N[C@@H]1CCOC1,Local ZINC tranches,ZINC_DIP2A_Activators/H15/H15P000.smi.gz
ZINCf6000000bd9b,CN[C@H]1CCN(C(=O)NC[C@@H](C)OC)C1,Local ZINC tranches,ZINC_DIP2A_Activators/H15/H15P000.smi.gz
ZINCf6000000b8x0,CCOC(=O)CNC(=O)C[C@H](N)C(C)C,Local ZINC tranches,ZINC_DIP2A_Activators/H15/H15P000.smi.gz
ZINCf6000000bcoz,CNC(=O)[C@H](C)N1CC[C@H]2COC[C@H]2C1,Local ZINC tranches,ZINC_DIP2A_Activators/H15/H15P000.smi.gz
ZINCf6000000baAt,CC[C@](C)(CO)NC(=O)CSCC(=O)O,Local ZINC tranches,ZINC_DIP2A_Activators/H15/H15P000.smi.gz
ZINCf6000000b5gv,CC(C)(CO)CCCNC(=O)NCCN,Local ZINC tranches,ZINC_DIP2A_Activators/H15/H15P000.smi.gz
ZINCf7000000buc5,CC(C)[C@@H](O)C(F)(F)C(=O)NC[C@H](C)O,Local ZINC tranches,ZINC_DIP2A_Activators/H15/H15P010.smi.gz
ZINCf7000000bsg4,C=C[C@@H](C(=O)OC)N1CC[C@@](F)(CO)C1,Local ZINC tranches,ZINC_DIP2A_Activators/H15/H15P010.smi.gz
ZINCf7000000bzMd,CCc1ocnc1C(=O)N1CCC(=O)N1,Local ZINC tranches,ZINC_DIP2A_Activators/H15/H15P010.smi.gz
ZINCf7000000bwL3,CCN1CCC[C@@H](C(=O)N[C@H](C)CN)C1,Local ZINC tranches,ZINC_DIP2A_Activators/H15/H15P010.smi.gz
ZINCf7000000bvDT,CCCN(CC)C(=O)[C@@]1(CN)CCNC1,Local ZINC tranches,ZINC_DIP2A_Activators/H15/H15P010.smi.gz
ZINCf7000000bvib,CCC(CC)[C@@H](C)C(=O)NNC(=O)CO,Local ZINC tranches,ZINC_DIP2A_Activators/H15/H15P010.smi.gz
ZINCf7000000bsO9,CC#CCN[C@@H](C(=O)OC)[C@@H]1CCOC1,Local ZINC tranches,ZINC_DIP2A_Activators/H15/H15P010.smi.gz
ZINCf7000000btgj,CC(C)(CC(N)=O)NS(=O)(=O)C1CCC1,Local ZINC tranches,ZINC_DIP2A_Activators/H15/H15P010.smi.gz
ZINCf7000000bzjm,CC[C@H](O)CNC(=O)c1coc(OC)n1,Local ZINC tranches,ZINC_DIP2A_Activators/H15/H15P010.smi.gz
ZINCf7000000bqqM,C#CCCN(Cc1nnnn1C)C1CC1,Local ZINC tranches,ZINC_DIP2A_Activators/H15/H15P010.smi.gz
ZINCf7000000byg7,CC[C@@H](F)C(=O)N(C)CCN(C)CCO,Local ZINC tranches,ZINC_DIP2A_Activators/H15/H15P010.smi.gz
ZINCf7000000bAgx,CN(C)CCNC(=O)Nc1cnn(C)c1,Local ZINC tranches,ZINC_DIP2A_Activators/H15/H15P010.smi.gz
ZINCf7000000bqqx,C#CCCN(CC(=O)NCC#N)C1CC1,Local ZINC tranches,ZINC_DIP2A_Activators/H15/H15P010.smi.gz
ZINCf7000000bsdE,C=CC[C@H](N)C(=O)N[C@@H]1CCNC1(C)C,Local ZINC tranches,ZINC_DIP2A_Activators/H15/H15P010.smi.gz
ZINCf7000000bton,CC(C)(NC(=O)C[C@H]1CCCN1)C(=O)O,Local ZINC tranches,ZINC_DIP2A_Activators/H15/H15P010.smi.gz
ZINCf7000000br2j,C#C[C@H](C)NC(=O)NCc1nnc(C)o1,Local ZINC tranches,ZINC_DIP2A_Activators/H15/H15P010.smi.gz
ZINCf7000000bBA7,CNCC(=O)NCCN1CCCC[C@@H]1C,Local ZINC tranches,ZINC_DIP2A_Activators/H15/H15P010.smi.gz
ZINCf7000000bBbm,CNC(=O)C(C)(C)NS(=O)(=O)C1(Cl)CC1,Local ZINC tranches,ZINC_DIP2A_Activators/H15/H15P010.smi.gz
ZINCf7000000bsOO,CC#CC[C@H](C)NC(=O)c1n[nH]c(=N)o1,Local ZINC tranches,ZINC_DIP2A_Activators/H15/H15P010.smi.gz
ZINCf7000000byRO,CC[C@H](C)[C@H](N)C(=O)N1CCN(C)CC1,Local ZINC tranches,ZINC_DIP2A_Activators/H15/H15P010.smi.gz
ZINCf7000000byCK,CC[C@@H]1C[C@H](CNC(CO)CO)CCO1,Local ZINC tranches,ZINC_DIP2A_Activators/H15/H15P010.smi.gz
ZINCf7000000byXG,CC[C@H](CO)C(=O)N[C@@H](CCN)C(F)F,Local ZINC tranches,ZINC_DIP2A_Activators/H15/H15P010.smi.gz
ZINCf7000000bytx,CC[C@@H](O)CNC(=O)C1(C(=O)O)CCC1,Local ZINC tranches,ZINC_DIP2A_Activators/H15/H15P010.smi.gz
ZINCf7000000buN5,CC1(CF)CN(C(=O)[C@@H]2CC(=O)CO2)C1,Local ZINC tranches,ZINC_DIP2A_Activators/H15/H15P010.smi.gz
ZINCf7000000bqB0,C#CCN1CCN([C@@H]2CCC[C@@H]2O)CC1,Local ZINC tranches,ZINC_DIP2A_Activators/H15/H15P010.smi.gz
ZINCf7000000bsHx,C=C[C@](C)(O)C(=O)N[C@@H]1CCC[C@H]1CN,Local ZINC tranches,ZINC_DIP2A_Activators/H15/H15P010.smi.gz
ZINCf7000000bBhK,CNC(=O)CNC(=O)c1cc(C)[nH]c1C,Local ZINC tranches,ZINC_DIP2A_Activators/H15/H15P010.smi.gz
ZINCf7000000bynS,CC[C@@H](NC(=O)[C@H](C)NC1CC1)C(=O)O,Local ZINC tranches,ZINC_DIP2A_Activators/H15/H15P010.smi.gz
ZINCf7000000bxvc,CCOCCONC(=O)[C@H]1CC(=O)CS1,Local ZINC tranches,ZINC_DIP2A_Activators/H15/H15P010.smi.gz
ZINCf7000000bqm5,C#CC1(O)CN([C@@H](C)c2nnc(C)o2)C1,Local ZINC tranches,ZINC_DIP2A_Activators/H15/H15P010.smi.gz
ZINCf7000000br5z,C#C[C@H]1CCN1C(=O)Cc1ccnn1C,Local ZINC tranches,ZINC_DIP2A_Activators/H15/H15P010.smi.gz
ZINCf7000000bsCH,C=C[C@H](O)C(=O)NCC[C@@H]1CC[C@@H](N)C1,Local ZINC tranches,ZINC_DIP2A_Activators/H15/H15P010.smi.gz
ZINCf7000000byIm,CC[C@H](C#N)C(=O)N[C@H](C)C(=O)N(C)C,Local ZINC tranches,ZINC_DIP2A_Activators/H15/H15P010.smi.gz
ZINCf7000000bAMh,CN(Cc1cccc(C#N)c1)S(N)(=O)=O,Local ZINC tranches,ZINC_DIP2A_Activators/H15/H15P010.smi.gz
ZINCf7000000bqAN,C#CCN1CCC[C@H]1C(=O)NCCC#N,Local ZINC tranches,ZINC_DIP2A_Activators/H15/H15P010.smi.gz
ZINCf7000000bBGf,CNCCCCC(=O)N1CCN[C@H](C)C1,Local ZINC tranches,ZINC_DIP2A_Activators/H15/H15P010.smi.gz
ZINCf7000000buzP,CC1(C(=O)N2C[C@@H](O)C[C@@]2(C)CO)CC1,Local ZINC tranches,ZINC_DIP2A_Activators/H15/H15P010.smi.gz
ZINCf7000000bAGz,CN(CCn1ccnc1)CC1OCCO1,Local ZINC tranches,ZINC_DIP2A_Activators/H15/H15P010.smi.gz
ZINCf7000000btAj,CC(C)CCNC(=O)[C@@H]1CNC(=O)N1C,Local ZINC tranches,ZINC_DIP2A_Activators/H15/H15P010.smi.gz
ZINCf7000000buUZ,CC1=C[C@H](NC(=O)CNCCN)CCC1,Local ZINC tranches,ZINC_DIP2A_Activators/H15/H15P010.smi.gz
ZINCf7000000buBF,CC1(C)C(=O)NCCCN1S(=O)(=O)CCl,Local ZINC tranches,ZINC_DIP2A_Activators/H15/H15P010.smi.gz
ZINCf7000000bwOM,CCN1CC[C@@H](N(C)CC(N)=O)[C@@H](C)C1,Local ZINC tranches,ZINC_DIP2A_Activators/H15/H15P010.smi.gz
ZINCf7000000btbD,CC(C)(C)C[C@@H](N)C(=O)NCCCON,Local ZINC tranches,ZINC_DIP2A_Activators/H15/H15P010.smi.gz
ZINCf7000000bzz5,CC[S@](=O)CC(=O)N(C)c1cnn(C)c1,Local ZINC tranches,ZINC_DIP2A_Activators/H15/H15P010.smi.gz
ZINCf7000000byTH,CC[C@H](C)[S@](C)(=O)=NC(=O)[C@](C)(O)CO,Local ZINC tranches,ZINC_DIP2A_Activators/H15/H15P010.smi.gz
ZINCf7000000bwku,CCN(C)CCNC(=O)[C@]1(C)CCCN1,Local ZINC tranches,ZINC_DIP2A_Activators/H15/H15P010.smi.gz
ZINCf7000000brOn,C=CCN(C)C(=O)NCc1nncn1C,Local ZINC tranches,ZINC_DIP2A_Activators/H15/H15P010.smi.gz
ZINCf7000000bAlx,CN(C)[C@H]1CCN(C(=O)C(C)(C)CO)C1,Local ZINC tranches,ZINC_DIP2A_Activators/H15/H15P010.smi.gz
ZINCf7000000buct,CC(C)[C@@H](O)CC(=O)Nc1ncn(C)n1,Local ZINC tranches,ZINC_DIP2A_Activators/H15/H15P010.smi.gz
ZINCf7000000bx6m,CCNCCC(=O)NC[C@@H]1CN[C@@H](C)C1,Local ZINC tranches,ZINC_DIP2A_Activators/H15/H15P010.smi.gz
ZINCf7000000brlX,C=C1CC(C)(C(=O)NC[C@@](C)(N)CO)C1,Local ZINC tranches,ZINC_DIP2A_Activators/H15/H15P010.smi.gz
ZINCf7000000brLn,C=CCC[C@@H](CO)NC(=O)C[S@](=O)CC,Local ZINC tranches,ZINC_DIP2A_Activators/H15/H15P010.smi.gz
ZINCf7000000bqDF,C#CCNC(=O)N1C[C@H]2CC[C@H]1[C@H](O)C2,Local ZINC tranches,ZINC_DIP2A_Activators/H15/H15P010.smi.gz
ZINCf7000000bzh3,CC[C@H](O)CCNC(=O)[C@H]1CC=CCN1,Local ZINC tranches,ZINC_DIP2A_Activators/H15/H15P010.smi.gz
ZINCf7000000bwf2,CCN(C)C(=O)CCN1CC[C@@H](CN)C1,Local ZINC tranches,ZINC_DIP2A_Activators/H15/H15P010.smi.gz
ZINCf7000000bzqq,CC[C@H]1CN([C@@H](C)C(=O)N(C)C)CCN1,Local ZINC tranches,ZINC_DIP2A_Activators/H15/H15P010.smi.gz
ZINCf7000000bwrH,CCN(CC)C(=O)N1CC(CO)(OC)C1,Local ZINC tranches,ZINC_DIP2A_Activators/H15/H15P010.smi.gz
ZINCf7000000btc0,CC(C)(C)N1CC[C@H](CNC(=O)CN)C1,Local ZINC tranches,ZINC_DIP2A_Activators/H15/H15P010.smi.gz
ZINCf7000000brvR,C=C1C[C@@H]1C(=O)N1CCn2ncnc2C1,Local ZINC tranches,ZINC_DIP2A_Activators/H15/H15P010.smi.gz
ZINCf7000000bzVm,CCn1nncc1S(=O)(=O)NC1(C)CC1,Local ZINC tranches,ZINC_DIP2A_Activators/H15/H15P010.smi.gz
ZINCf7000000bwk2,CCN(C)CCNC(=O)[C@@H](N)C1CCC1,Local ZINC tranches,ZINC_DIP2A_Activators/H15/H15P010.smi.gz
ZINCf7000000bywy,CC[C@@H](O)[C@H](C)NC(=O)Cn1cccn1,Local ZINC tranches,ZINC_DIP2A_Activators/H15/H15P010.smi.gz
ZINCf7000000bAfj,CN(C)CCN(C)C(=O)[C@@H](N)C1(C)CC1,Local ZINC tranches,ZINC_DIP2A_Activators/H15/H15P010.smi.gz
ZINCf7000000btSs,CC(C)NC(=O)CN1C[C@@H](C)N[C@H](C)C1,Local ZINC tranches,ZINC_DIP2A_Activators/H15/H15P010.smi.gz
ZINCf7000000btyZ,CC(C)C=CC(=O)NNC(=O)C(C)(C)O,Local ZINC tranches,ZINC_DIP2A_Activators/H15/H15P010.smi.gz
ZINCf7000000bxpj,CCOCC(=O)N1[C@H]2C=C[C@@H](C2)[C@@H]1CO,Local ZINC tranches,ZINC_DIP2A_Activators/H15/H15P010.smi.gz
ZINCf7000000buqK,CC(C)[C@H](O)CC(=O)NC[C@@H]1CCNC1,Local ZINC tranches,ZINC_DIP2A_Activators/H15/H15P010.smi.gz
ZINCf7000000bBh9,CNC(=O)CN1[C@H]2CC[C@H]1[C@H](C)C(=O)C2,Local ZINC tranches,ZINC_DIP2A_Activators/H15/H15P010.smi.gz
ZINCf7000000brmq,C=C1CC(CN)(C(=O)N[C@@H](C)[C@H](C)N)C1,Local ZINC tranches,ZINC_DIP2A_Activators/H15/H15P010.smi.gz
ZINCf7000000bADb,CN(CCO)C(=O)N1CCOC(C)(C)C1,Local ZINC tranches,ZINC_DIP2A_Activators/H15/H15P010.smi.gz
ZINCf7000000bvY6,CCC[C@@H](O)CC(=O)NN1CCCC1=O,Local ZINC tranches,ZINC_DIP2A_Activators/H15/H15P010.smi.gz
ZINCf7000000br3a,C#C[C@H](CC)NC(=O)CCn1cncn1,Local ZINC tranches,ZINC_DIP2A_Activators/H15/H15P010.smi.gz
ZINCf7000000byir,CC[C@@H](N)C(=O)NCc1nccnc1C,Local ZINC tranches,ZINC_DIP2A_Activators/H15/H15P010.smi.gz
ZINCf7000000bytc,CC[C@@H](O)CN(CCOCCN)C1CC1,Local ZINC tranches,ZINC_DIP2A_Activators/H15/H15P010.smi.gz
ZINCf7000000bu9D,CC(C)[C@@H](N)CNC(=O)CN1CCCC1,Local ZINC tranches,ZINC_DIP2A_Activators/H15/H15P010.smi.gz
ZINCf7000000byBZ,CC[C@@H]1CO[C@@H](C)CN1C(=O)NCCN,Local ZINC tranches,ZINC_DIP2A_Activators/H15/H15P010.smi.gz
ZINCf7000000bwKZ,CCN1CCC[C@@H](C(=O)NCCCN)C1,Local ZINC tranches,ZINC_DIP2A_Activators/H15/H15P010.smi.gz
ZINCf7000000bBkD,CNC(=O)NC(=O)[C@@H](C)N(C)CC1CC1,Local ZINC tranches,ZINC_DIP2A_Activators/H15/H15P010.smi.gz
ZINCf7000000brfa,C=C(C)Cn1cnc2c(nnn2C)c1=O,Local ZINC tranches,ZINC_DIP2A_Activators/H15/H15P010.smi.gz
ZINCf7000000bBrB,CNC(=O)[C@H](C)N1CCN(C)C(C)(C)C1,Local ZINC tranches,ZINC_DIP2A_Activators/H15/H15P010.smi.gz
ZINCf7000000btwl,CC(C)C#CC(=O)NCCOCCCO,Local ZINC tranches,ZINC_DIP2A_Activators/H15/H15P010.smi.gz
ZINCf7000000bqWy,C#C[C@@H](C)N(C)C[C@H](O)Cn1cccn1,Local ZINC tranches,ZINC_DIP2A_Activators/H15/H15P010.smi.gz
ZINCf7000000bwWM,CCNC(=O)CNC(=O)NCC(C)(C)F,Local ZINC tranches,ZINC_DIP2A_Activators/H15/H15P010.smi.gz
ZINCf7000000bAXL,CN1CCC[C@@H](CNC(=O)C(C)(C)N)C1,Local ZINC tranches,ZINC_DIP2A_Activators/H15/H15P010.smi.gz
ZINCf8000000bTPY,CC(C)NCCC(=O)N(CC#N)CC#N,Local ZINC tranches,ZINC_DIP2A_Activators/H15/H15P020.smi.gz
ZINCf8000000bZ2c,CC[C@@H](NC(=O)NCCC(F)F)C(N)=O,Local ZINC tranches,ZINC_DIP2A_Activators/H15/H15P020.smi.gz
ZINCf8000000bUs5,CC(C)[C@H](N)[C@@H](C)NC[C@H]1CCC(=O)N1,Local ZINC tranches,ZINC_DIP2A_Activators/H15/H15P020.smi.gz
ZINCf8000000bQqs,C#CCOC(=O)CNC(=O)[C@H]1C=CCC1,Local ZINC tranches,ZINC_DIP2A_Activators/H15/H15P020.smi.gz
ZINCf8000000bWVr,CCN(CCC(=O)O)CCS(=O)(=O)CC,Local ZINC tranches,ZINC_DIP2A_Activators/H15/H15P020.smi.gz
ZINCf8000000bQhd,C#CCN(CC)C[C@](C)(O)C(=O)OCC,Local ZINC tranches,ZINC_DIP2A_Activators/H15/H15P020.smi.gz
ZINCf8000000bVxE,CCC#CC(=O)N[C@H](C(=O)NC)C(C)C,Local ZINC tranches,ZINC_DIP2A_Activators/H15/H15P020.smi.gz
ZINCf8000000bQdA,C#CCN(C)C(=O)N[C@@H](CC=C)C(=O)O,Local ZINC tranches,ZINC_DIP2A_Activators/H15/H15P020.smi.gz
ZINCf8000000bUU5,CC1(C)CN(C(=O)c2ccc(O)nn2)C1,Local ZINC tranches,ZINC_DIP2A_Activators/H15/H15P020.smi.gz
ZINCf8000000bVL1,CCC1CN(CC(=O)N[C@@H](C)[C@@H](C)O)C1,Local ZINC tranches,ZINC_DIP2A_Activators/H15/H15P020.smi.gz
ZINCf8000000bZR7,CC[C@H](CNC(=O)[C@@H]1C[C@H](F)CN1)OC,Local ZINC tranches,ZINC_DIP2A_Activators/H15/H15P020.smi.gz
ZINCf8000000bZaf,CC[C@@H](O)CN(CCO)[C@@H]1CCO[C@@H]1C,Local ZINC tranches,ZINC_DIP2A_Activators/H15/H15P020.smi.gz
ZINCf8000000c0rK,CC[C@H](O)Cn1ccc(=O)n2nccc12,Local ZINC tranches,ZINC_DIP2A_Activators/H15/H15P020.smi.gz
ZINCf8000000bSdF,C=C[C@H](O)C(=O)N(CCC)[C@@H](C)C(=O)O,Local ZINC tranches,ZINC_DIP2A_Activators/H15/H15P020.smi.gz
ZINCf8000000bSIm,CC(=O)OCCNC(=O)c1cnc(C)o1,Local ZINC tranches,ZINC_DIP2A_Activators/H15/H15P020.smi.gz
ZINCf8000000bQn1,C#CCNC(=O)N1CCO[C@@H](C(F)F)C1,Local ZINC tranches,ZINC_DIP2A_Activators/H15/H15P020.smi.gz
ZINCf8000000bUA1,CC(C)[C@H](O)CNS(=O)(=O)CCCC#N,Local ZINC tranches,ZINC_DIP2A_Activators/H15/H15P020.smi.gz
ZINCf8000000bWpY,CCC[C@@H](O)CN1CC[C@@H](C(=O)NC)C1,Local ZINC tranches,ZINC_DIP2A_Activators/H15/H15P020.smi.gz
ZINCf8000000c05I,CC[C@H](N)C(=O)NC[C@@H]1CCCCNC1,Local ZINC tranches,ZINC_DIP2A_Activators/H15/H15P020.smi.gz
ZINCf8000000bZow,CC[C@@H]1COC[C@H]1NC[C@H]1CCC(=O)N1,Local ZINC tranches,ZINC_DIP2A_Activators/H15/H15P020.smi.gz
ZINCf8000000bRfC,C=C1CON(C(=O)[C@@H](C)NC(=O)CC)C1,Local ZINC tranches,ZINC_DIP2A_Activators/H15/H15P020.smi.gz
ZINCf8000000bZQg,CC[C@H](CCO)NC(=O)[C@H]1CCCNC1,Local ZINC tranches,ZINC_DIP2A_Activators/H15/H15P020.smi.gz
ZINCf8000000bSKj,CC(=O)c1cn(Cc2cncn2C)nn1,Local ZINC tranches,ZINC_DIP2A_Activators/H15/H15P020.smi.gz
ZINCf8000000bYQ8,CC[C@@H](CO)N1CC[C@H](n2cncn2)C1,Local ZINC tranches,ZINC_DIP2A_Activators/H15/H15P020.smi.gz
ZINCf8000000bR46,C=C(Cl)CN1CC(=O)NC12CCNCC2,Local ZINC tranches,ZINC_DIP2A_Activators/H15/H15P020.smi.gz
ZINCf8000000bQWa,C=C(C)CNC(=O)N[C@H](CCO)COC,Local ZINC tranches,ZINC_DIP2A_Activators/H15/H15P020.smi.gz
ZINCf8000000bW8U,CCCNC(=O)N1CCS(=O)(=O)C[C@@H]1C,Local ZINC tranches,ZINC_DIP2A_Activators/H15/H15P020.smi.gz
ZINCf8000000bVKW,CCC1CN(CC(=O)NCC[C@@H](C)O)C1,Local ZINC tranches,ZINC_DIP2A_Activators/H15/H15P020.smi.gz
ZINCf8000000bRYf,C=CC[C@H](N)C(=O)N[C@H](CCC)C(=O)O,Local ZINC tranches,ZINC_DIP2A_Activators/H15/H15P020.smi.gz
ZINCf8000000bQ3K,C#CC1CN(C(=O)[C@@H]2COC(C)(C)O2)C1,Local ZINC tranches,ZINC_DIP2A_Activators/H15/H15P020.smi.gz
ZINCf8000000bWRG,CCN(CC)C(=O)CN1CCC[C@H](N)C1,Local ZINC tranches,ZINC_DIP2A_Activators/H15/H15P020.smi.gz
ZINCf8000000bR3r,C=C(CO)CN1C[C@@H]2C[C@H]3C[C@H]2[C@H]1[C@H]3O,Local ZINC tranches,ZINC_DIP2A_Activators/H15/H15P020.smi.gz
ZINCf8000000bZmK,CC[C@@H]1CN(C[C@H](O)[C@@H](C)O)CCCO1,Local ZINC tranches,ZINC_DIP2A_Activators/H15/H15P020.smi.gz
ZINCf8000000bQIu,C#C[C@@H](NC(=O)c1cnn(C)n1)C(C)C,Local ZINC tranches,ZINC_DIP2A_Activators/H15/H15P020.smi.gz
ZINCf8000000bRbf,C=C1CC[C@H]1NC(=O)[C@H]1CCN(C)C1=O,Local ZINC tranches,ZINC_DIP2A_Activators/H15/H15P020.smi.gz
ZINCf8000000bZt2,CC[C@@](C)(CC(=O)O)NC[C@H](O)COC,Local ZINC tranches,ZINC_DIP2A_Activators/H15/H15P020.smi.gz
ZINCf8000000bX6m,CCN(Cc1ccncc1)C[C@H](O)CO,Local ZINC tranches,ZINC_DIP2A_Activators/H15/H15P020.smi.gz
ZINCf8000000bTIp,CC(C)N(C[C@@H]1CNC(=O)C1)C1COC1,Local ZINC tranches,ZINC_DIP2A_Activators/H15/H15P020.smi.gz
ZINCf8000000bXEg,CCN[C@H](C)C(=O)N[C@@]1(C)CCCNC1,Local ZINC tranches,ZINC_DIP2A_Activators/H15/H15P020.smi.gz
ZINCf8000000bYKj,CC[C@@H](CN(C)Cc1nnc(O)o1)OC,Local ZINC tranches,ZINC_DIP2A_Activators/H15/H15P020.smi.gz
ZINCf8000000bQwz,C#CCOCCS(=O)(=O)C1CCOCC1,Local ZINC tranches,ZINC_DIP2A_Activators/H15/H15P020.smi.gz
ZINCf8000000bZYi,CC[C@H](CO)N1CCO[C@@H](C(C)(C)O)C1,Local ZINC tranches,ZINC_DIP2A_Activators/H15/H15P020.smi.gz
ZINCf8000000bR9Y,C=C1CC[C@@H]1NC(=O)[C@@H](O)c1cnc[nH]1,Local ZINC tranches,ZINC_DIP2A_Activators/H15/H15P020.smi.gz
ZINCf8000000bQkW,C#CCN1C[C@H](C)[C@H](N2CCOCC2)C1,Local ZINC tranches,ZINC_DIP2A_Activators/H15/H15P020.smi.gz
ZINCf8000000bZK0,CC[C@H](C)[C@@H](O)CNC(=O)C1=NOCC1,Local ZINC tranches,ZINC_DIP2A_Activators/H15/H15P020.smi.gz
ZINCf8000000bWnG,CCC[C@@H](N)CNC(=O)c1ccn(C)n1,Local ZINC tranches,ZINC_DIP2A_Activators/H15/H15P020.smi.gz
ZINCf8000000bT7z,CC(C)(F)C(=O)N[C@H]1CCCN(O)C1=O,Local ZINC tranches,ZINC_DIP2A_Activators/H15/H15P020.smi.gz
ZINCf8000000bV5V,CC1(C)NCC[C@H]1CC(=O)NCCCO,Local ZINC tranches,ZINC_DIP2A_Activators/H15/H15P020.smi.gz
ZINCf8000000c4kr,COCC#CC(=O)NCc1coc(C)n1,Local ZINC tranches,ZINC_DIP2A_Activators/H15/H15P020.smi.gz
ZINCf8000000bTgg,CC(C)(O)CN1CCO[C@]2(CCOC2)C1,Local ZINC tranches,ZINC_DIP2A_Activators/H15/H15P020.smi.gz
ZINCf8000000bXgb,CCNC(=O)C(=O)N1C[C@@H]2[C@@H](C1)C2(C)C,Local ZINC tranches,ZINC_DIP2A_Activators/H15/H15P020.smi.gz
ZINCf8000000bWh7,CCCONC(=O)[C@@H]1CCCS(=O)(=O)C1,Local ZINC tranches,ZINC_DIP2A_Activators/H15/H15P020.smi.gz
ZINCf8000000bVfu,CC1([C@H](O)CNC(=O)OC2COC2)CC1,Local ZINC tranches,ZINC_DIP2A_Activators/H15/H15P020.smi.gz
ZINCf8000000bVx0,CC=C[C@H](O)C(=O)N[C@](C)(CO)C1CC1,Local ZINC tranches,ZINC_DIP2A_Activators/H15/H15P020.smi.gz
ZINCf8000000bZiM,CC[C@@H]1CCN(C(=O)[C@@H]2COCCN2)C1,Local ZINC tranches,ZINC_DIP2A_Activators/H15/H15P020.smi.gz
ZINCf8000000bVkc,CC1CC(CO)(NC(=O)C[C@@H](C)CN)C1,Local ZINC tranches,ZINC_DIP2A_Activators/H15/H15P020.smi.gz
ZINCf8000000bQF1,C#CC[C@H](NC(=O)[C@@H]1CC1=C)C(=O)OC,Local ZINC tranches,ZINC_DIP2A_Activators/H15/H15P020.smi.gz
ZINCf8000000bUb0,CC(C)[C@@H](O)C(=O)N[C@@H](C)[C@@H](C)C(=O)O,Local ZINC tranches,ZINC_DIP2A_Activators/H15/H15P020.smi.gz
ZINCf8000000c18Z,CCn1nccc1CNC(=O)C(C)(C)O,Local ZINC tranches,ZINC_DIP2A_Activators/H15/H15P020.smi.gz
ZINCf8000000bVkJ,CC1CC(N)(C(=O)NC[C@H]2CCOC2)C1,Local ZINC tranches,ZINC_DIP2A_Activators/H15/H15P020.smi.gz
ZINCf8000000bUwU,CC(C)[C@H](O)C(=O)N[C@H]1C[C@](C)(CO)C1,Local ZINC tranches,ZINC_DIP2A_Activators/H15/H15P020.smi.gz
ZINCf8000000bQGq,C#C[C@@H](C)NC(=O)NCCn1cccn1,Local ZINC tranches,ZINC_DIP2A_Activators/H15/H15P020.smi.gz
ZINCf8000000bVnL,CC=C(C)CN(CCO)CCOCCO,Local ZINC tranches,ZINC_DIP2A_Activators/H15/H15P020.smi.gz
ZINCf8000000bXUs,CCOCCCNC(=O)N[C@H]1C[C@@H](O)C1,Local ZINC tranches,ZINC_DIP2A_Activators/H15/H15P020.smi.gz
ZINCf8000000bQu1,C#CCOCC(=O)Nc1nc(CO)cs1,Local ZINC tranches,ZINC_DIP2A_Activators/H15/H15P020.smi.gz
ZINCf8000000bSw3,CC(=O)N1CC(N[C@@H](C)c2cnc[nH]2)C1,Local ZINC tranches,ZINC_DIP2A_Activators/H15/H15P020.smi.gz
ZINCf8000000bVTd,CCCCN(C)S(=O)(=O)NC[C@H](N)CC,Local ZINC tranches,ZINC_DIP2A_Activators/H15/H15P020.smi.gz
ZINCf8000000bQh9,C#CCN(CC)CC(=O)C(C#N)=C(C)N,Local ZINC tranches,ZINC_DIP2A_Activators/H15/H15P020.smi.gz
ZINCf8000000bSg5,C=C[C@H](O)C(=O)N[C@H](C)C12CC(CO1)C2,Local ZINC tranches,ZINC_DIP2A_Activators/H15/H15P020.smi.gz
ZINCf8000000bQI8,C#C[C@@H](NC(=O)CCNC(C)=O)C(C)C,Local ZINC tranches,ZINC_DIP2A_Activators/H15/H15P020.smi.gz
ZINCf8000000bQL9,C#C[C@H](C)N=c1cnc(C(=O)NC)c[nH]1,Local ZINC tranches,ZINC_DIP2A_Activators/H15/H15P020.smi.gz
ZINCf8000000bS1x,C=C[C@@H](N)C(=O)N1CCC[C@H]1CCCO,Local ZINC tranches,ZINC_DIP2A_Activators/H15/H15P020.smi.gz
ZINCf8000000c0xe,CC[C@H]1C(=O)NCCN1S(=O)(=O)C(Cl)Cl,Local ZINC tranches,ZINC_DIP2A_Activators/H15/H15P020.smi.gz
ZINCf8000000bXd4,CCN1CC[C@H](N[C@H](C)[C@@H](C)CO)C1=O,Local ZINC tranches,ZINC_DIP2A_Activators/H15/H15P020.smi.gz
ZINCf8000000bXE3,CCN[C@H](C)C(=O)N[C@@H]1CCN[C@@H](C)C1,Local ZINC tranches,ZINC_DIP2A_Activators/H15/H15P020.smi.gz
ZINCf8000000bS9O,C=C[C@H](CO)NC(=O)NC[C@H](CC)OC,Local ZINC tranches,ZINC_DIP2A_Activators/H15/H15P020.smi.gz
ZINCf8000000bX7c,CCN(OC)C(=O)CCn1ccc(=N)[nH]1,Local ZINC tranches,ZINC_DIP2A_Activators/H15/H15P020.smi.gz
ZINCf8000000bSPw,CC(C)(C)NC(=O)COCc1nc[nH]n1,Local ZINC tranches,ZINC_DIP2A_Activators/H15/H15P020.smi.gz
ZINCf8000000bVPs,CCCC1CN(C(=O)C2CS(=O)(=O)C2)C1,Local ZINC tranches,ZINC_DIP2A_Activators/H15/H15P020.smi.gz
ZINCf8000000bWxq,CCC[C@H](O)C(=O)N(C)C1(C(=O)O)CC1,Local ZINC tranches,ZINC_DIP2A_Activators/H15/H15P020.smi.gz
ZINCf8000000bUyP,CC(C)[C@H](O)CN1CCCNC(=O)CC1,Local ZINC tranches,ZINC_DIP2A_Activators/H15/H15P020.smi.gz
ZINCf8000000bWUc,CCN(CC)S(=O)(=O)N1CC[C@H](OC)C1,Local ZINC tranches,ZINC_DIP2A_Activators/H15/H15P020.smi.gz
ZINCf8000000bTHh,CC(C)N(CCCO)C(=O)[C@H]1CCNC1,Local ZINC tranches,ZINC_DIP2A_Activators/H15/H15P020.smi.gz
ZINCf8000000bRpG,C=CC(C)(C)NC(=O)[C@H](OC)C(=O)OC,Local ZINC tranches,ZINC_DIP2A_Activators/H15/H15P020.smi.gz
ZINCg5000000nm07,C#CCCOC(=O)N1CC(OCC(N)=O)C1,Local ZINC tranches,ZINC_DIP2A_Activators/H16/H16M000.smi.gz
ZINCg5000000nrkO,C#Cc1cnn(C)c1C(=O)NC[C@H](C)CO,Local ZINC tranches,ZINC_DIP2A_Activators/H16/H16M000.smi.gz
ZINCg5000000nt5e,C=C=CCNC(=O)Cn1cc(C(C)=O)nn1,Local ZINC tranches,ZINC_DIP2A_Activators/H16/H16M000.smi.gz
ZINCg5000000npy0,C#CC[C@H](CCOC)NC(=O)CS(C)(=O)=O,Local ZINC tranches,ZINC_DIP2A_Activators/H16/H16M000.smi.gz
ZINCg5000000nmmS,C#CCN(C(=O)[C@H]1CC(=O)N1)[C@@H]1CCOC1,Local ZINC tranches,ZINC_DIP2A_Activators/H16/H16M000.smi.gz
ZINCg5000000ntdU,C=CC(=O)N(C)C[C@H](C)NC(=O)C=NOC,Local ZINC tranches,ZINC_DIP2A_Activators/H16/H16M000.smi.gz
ZINCg5000000ntDs,C=CC(=O)NCCC(=O)N[C@@H](C)C(=O)OC,Local ZINC tranches,ZINC_DIP2A_Activators/H16/H16M000.smi.gz
ZINCg5000000nmzf,C#CCN(CC#CC)C(=O)C(=O)NC1CC1,Local ZINC tranches,ZINC_DIP2A_Activators/H16/H16M000.smi.gz
ZINCg5000000nr0h,C#C[C@H](NS(=O)(=O)N(C)C)C1CCOCC1,Local ZINC tranches,ZINC_DIP2A_Activators/H16/H16M000.smi.gz
ZINCg5000000nsBt,C=C1COC[C@@H]1NC(=O)C(=O)NCC1CC1,Local ZINC tranches,ZINC_DIP2A_Activators/H16/H16M000.smi.gz
ZINCg5000000nsOX,C=C1CON(C(=O)[C@H](C)NS(=O)(=O)CC)C1,Local ZINC tranches,ZINC_DIP2A_Activators/H16/H16M000.smi.gz
ZINCg5000000nreS,C#C[C@]1(O)CCN(C[C@]2(O)CCCOC2)C1,Local ZINC tranches,ZINC_DIP2A_Activators/H16/H16M000.smi.gz
ZINCg5000000nt7r,C=C=C[C@@H](C)C(=O)Nn1ccc(O)nc1=O,Local ZINC tranches,ZINC_DIP2A_Activators/H16/H16M000.smi.gz
ZINCg5000000npZm,C#C[C@@H](C)NC(=O)NC[C@@]1(O)CCN(C)C1,Local ZINC tranches,ZINC_DIP2A_Activators/H16/H16M000.smi.gz
ZINCg5000000nqCm,C#C[C@H](C)NC(=O)N1CCOC[C@@H](CO)C1,Local ZINC tranches,ZINC_DIP2A_Activators/H16/H16M000.smi.gz
ZINCg5000000nn3x,C#CCN(C[C@H](O)CCO)C1CCOCC1,Local ZINC tranches,ZINC_DIP2A_Activators/H16/H16M000.smi.gz
ZINCg5000000npjX,C#CC[C@@H](COC)NC[C@@H](O)C1(O)CCC1,Local ZINC tranches,ZINC_DIP2A_Activators/H16/H16M000.smi.gz
ZINCg5000000nnRa,C#CCNC(=O)[C@@H](C)ONC(=N)C(F)(F)F,Local ZINC tranches,ZINC_DIP2A_Activators/H16/H16M000.smi.gz
ZINCg5000000nvbU,C=CCNC(=O)CN1C[C@H](OC)[C@H](OC)C1,Local ZINC tranches,ZINC_DIP2A_Activators/H16/H16M000.smi.gz
ZINCg5000000nrhg,C#Cc1ccc(NC(=O)[C@@H]2CC(=O)N2)cn1,Local ZINC tranches,ZINC_DIP2A_Activators/H16/H16M000.smi.gz
ZINCg5000000nu3h,C=CCC(C)(C)NC(=O)CS(=O)(=O)CCO,Local ZINC tranches,ZINC_DIP2A_Activators/H16/H16M000.smi.gz
ZINCg5000000npo8,C#CC[C@@H](NC(=O)[C@H](C)CCO)C(=O)OC,Local ZINC tranches,ZINC_DIP2A_Activators/H16/H16M000.smi.gz
ZINCg5000000npk5,C#CC[C@@H](COC)NS(=O)(=O)[C@@H](C)COC,Local ZINC tranches,ZINC_DIP2A_Activators/H16/H16M000.smi.gz
ZINCg5000000nrCI,C=C(C)COCCNC(=O)Cn1ccnn1,Local ZINC tranches,ZINC_DIP2A_Activators/H16/H16M000.smi.gz
ZINCg5000000nvyU,C=CCNS(=O)(=O)N1CCC(C(=O)O)CC1,Local ZINC tranches,ZINC_DIP2A_Activators/H16/H16M000.smi.gz
ZINCg5000000nsdY,C=C(CO)Cn1ncnc1S(=O)(=O)N(C)C,Local ZINC tranches,ZINC_DIP2A_Activators/H16/H16M000.smi.gz
ZINCg5000000nujc,C=CCCNC(=O)NC[C@@H]1CNCCN1C,Local ZINC tranches,ZINC_DIP2A_Activators/H16/H16M000.smi.gz
ZINCg5000000nmjP,C#CCCn1nnnc1N1CCC[C@H](O)C1,Local ZINC tranches,ZINC_DIP2A_Activators/H16/H16M000.smi.gz
ZINCg5000000nulz,C=CCCOCC(=O)NC1(C)CS(=O)(=O)C1,Local ZINC tranches,ZINC_DIP2A_Activators/H16/H16M000.smi.gz
ZINCg5000000nuqL,C=CCCO[C@H](C)C(=O)NCC1(O)COC1,Local ZINC tranches,ZINC_DIP2A_Activators/H16/H16M000.smi.gz
ZINCg5000000nmvU,C#CCN(CC#C)C(=O)CCc1cnn[nH]1,Local ZINC tranches,ZINC_DIP2A_Activators/H16/H16M000.smi.gz
ZINCg5000000nvcW,C=CCNC(=O)CNC(=O)C1=CCCOC1,Local ZINC tranches,ZINC_DIP2A_Activators/H16/H16M000.smi.gz
ZINCg5000000ntQG,C=CC(=O)N[C@H](C)CNC(=O)[C@H]1CCOC1,Local ZINC tranches,ZINC_DIP2A_Activators/H16/H16M000.smi.gz
ZINCg5000000nqjc,C#C[C@@H]1CCCN(C[C@H](O)C2(O)COC2)C1,Local ZINC tranches,ZINC_DIP2A_Activators/H16/H16M000.smi.gz
ZINCg5000000nm8x,C#CCCS(=O)(=O)NCC(=O)NCC(C)C,Local ZINC tranches,ZINC_DIP2A_Activators/H16/H16M000.smi.gz
ZINCg5000000nv0c,C=CCN(CCO)C(=O)c1cc(O)nn1C,Local ZINC tranches,ZINC_DIP2A_Activators/H16/H16M000.smi.gz
ZINCg5000000np1y,C#CCS(=O)(=O)CCNC(=O)[C@H](C#N)CC,Local ZINC tranches,ZINC_DIP2A_Activators/H16/H16M000.smi.gz
ZINCg5000000nnUm,C#CCNC(=O)[C@H](C)N[C@H]1C[C@@H](O)C1(C)C,Local ZINC tranches,ZINC_DIP2A_Activators/H16/H16M000.smi.gz
ZINCg5000000ntZI,C=CCC(=O)N1CC[C@](C)(NC(=O)CO)C1,Local ZINC tranches,ZINC_DIP2A_Activators/H16/H16M000.smi.gz
ZINCg5000000ntLd,C=CC(=O)NC[C@@H]1CCN1C(=O)[C@H](O)C=C,Local ZINC tranches,ZINC_DIP2A_Activators/H16/H16M000.smi.gz
ZINCg5000000nrfO,C#C[C@]1(O)CCN(c2cc(=O)n(C)cn2)C1,Local ZINC tranches,ZINC_DIP2A_Activators/H16/H16M000.smi.gz
ZINCg5000000nmsL,C#CCN(C)CCCNS(=O)(=O)C1COC1,Local ZINC tranches,ZINC_DIP2A_Activators/H16/H16M000.smi.gz
ZINCg5000000noKD,C#CCONC(=O)CS(=O)(=O)N(CC)CC,Local ZINC tranches,ZINC_DIP2A_Activators/H16/H16M000.smi.gz
ZINCg5000000nraF,C#C[C@]1(O)CCC[C@@H](NC[C@H](O)COC)C1,Local ZINC tranches,ZINC_DIP2A_Activators/H16/H16M000.smi.gz
ZINCg5000000nn5S,C#CCN1CCC2(CC1)C[C@@H](O)CNC2=O,Local ZINC tranches,ZINC_DIP2A_Activators/H16/H16M000.smi.gz
ZINCg5000000ntvm,C=CC(=O)NCC(=O)NCc1cncnc1,Local ZINC tranches,ZINC_DIP2A_Activators/H16/H16M000.smi.gz
ZINCg5000000nmZj,C#CCN(CCO)S(=O)(=O)c1c[nH]nc1C,Local ZINC tranches,ZINC_DIP2A_Activators/H16/H16M000.smi.gz
ZINCg5000000nvaJ,C=CCNC(=O)CN1CC[C@@H](O)C(F)(F)C1,Local ZINC tranches,ZINC_DIP2A_Activators/H16/H16M000.smi.gz
ZINCg5000000nuxf,C=CCCS(=O)(=O)N[C@](C)(COC)C(N)=O,Local ZINC tranches,ZINC_DIP2A_Activators/H16/H16M000.smi.gz
ZINCg5000000nr2m,C#C[C@H]1CCCN1C(=O)Cc1cn(C)nn1,Local ZINC tranches,ZINC_DIP2A_Activators/H16/H16M000.smi.gz
ZINCg5000000npiD,C#CC[C@@H](COC)NC(=O)CC1OCCO1,Local ZINC tranches,ZINC_DIP2A_Activators/H16/H16M000.smi.gz
ZINCg5000000nlnI,C#CC1(O)CN(C(=O)[C@@H]2C[C@H]3CC[C@H]2O3)C1,Local ZINC tranches,ZINC_DIP2A_Activators/H16/H16M000.smi.gz
ZINCg5000000nlOB,C#CCCCS(=O)(=O)NCCS(=O)(=O)CC,Local ZINC tranches,ZINC_DIP2A_Activators/H16/H16M000.smi.gz
ZINCg5000000ntk4,C=CC(=O)N1CC[C@H](NC(=O)COC)[C@H]1C,Local ZINC tranches,ZINC_DIP2A_Activators/H16/H16M000.smi.gz
ZINCg5000000nqOL,C#C[C@H](CO)NC(=O)C[C@H]1CCC(=O)N1C,Local ZINC tranches,ZINC_DIP2A_Activators/H16/H16M000.smi.gz
ZINCg5000000nlLN,C#CCCCNC(=O)[C@@H]1OCCN(C)C1=O,Local ZINC tranches,ZINC_DIP2A_Activators/H16/H16M000.smi.gz
ZINCg5000000nnji,C#CCNC(=O)CC(=O)N[C@@H](CC)COC,Local ZINC tranches,ZINC_DIP2A_Activators/H16/H16M000.smi.gz
ZINCg5000000nlz1,C#CC1CN(C(=O)[C@@H]2CCN(C)S2(=O)=O)C1,Local ZINC tranches,ZINC_DIP2A_Activators/H16/H16M000.smi.gz
ZINCg5000000nv6K,C=CCN=C(NCCCO)N1CCOCC1,Local ZINC tranches,ZINC_DIP2A_Activators/H16/H16M000.smi.gz
ZINCg5000000nmEW,C#CCN(CC(=O)NCCC)CC(=O)OC,Local ZINC tranches,ZINC_DIP2A_Activators/H16/H16M000.smi.gz
ZINCg5000000nw0H,C=CCONC(=O)NC[C@@H](O)[C@@H]1CCOC1,Local ZINC tranches,ZINC_DIP2A_Activators/H16/H16M000.smi.gz
ZINCg5000000nlFv,C#CCCCC(=O)N1C[C@@H](CO)[C@@H](CO)C1,Local ZINC tranches,ZINC_DIP2A_Activators/H16/H16M000.smi.gz
ZINCg5000000nqWD,C#C[C@H](NC(=O)CCS(=O)(=O)NC)C(C)C,Local ZINC tranches,ZINC_DIP2A_Activators/H16/H16M000.smi.gz
ZINCg5000000npQb,C#CC[C@H]1COCCN1C[C@@H]1CCC(=O)N1,Local ZINC tranches,ZINC_DIP2A_Activators/H16/H16M000.smi.gz
ZINCg5000000nqxT,C#C[C@@]1(O)CCN(c2cnc(C#N)nc2)C1,Local ZINC tranches,ZINC_DIP2A_Activators/H16/H16M000.smi.gz
ZINCg5000000nsBY,C=C1COC[C@@H]1NC(=O)CCn1ccnn1,Local ZINC tranches,ZINC_DIP2A_Activators/H16/H16M000.smi.gz
ZINCg5000000npqp,C#CC[C@@H](NC[C@@H](O)CCOCC)C(N)=O,Local ZINC tranches,ZINC_DIP2A_Activators/H16/H16M000.smi.gz
ZINCg5000000ntSR,C=CC(C)(C)CC(=O)NS(=O)(=O)CC(N)=O,Local ZINC tranches,ZINC_DIP2A_Activators/H16/H16M000.smi.gz
ZINCg5000000npSt,C#CC[C@]1(O)C[C@@H](C(=O)NC[C@H](O)CF)C1,Local ZINC tranches,ZINC_DIP2A_Activators/H16/H16M000.smi.gz
ZINCg5000000nnZJ,C#CCOC(=O)CNC(=O)Cn1cccn1,Local ZINC tranches,ZINC_DIP2A_Activators/H16/H16M000.smi.gz
ZINCg5000000noQg,C#CCO[C@@H](C)C(=O)NCCC(=O)N(C)C,Local ZINC tranches,ZINC_DIP2A_Activators/H16/H16M000.smi.gz
ZINCg5000000npf5,C#CC[C@@H](CO)NC(=O)[C@H](C)OCCOC,Local ZINC tranches,ZINC_DIP2A_Activators/H16/H16M000.smi.gz
ZINCg5000000ntK4,C=CC(=O)NC[C@@H](C)NC(=O)c1ncc[nH]1,Local ZINC tranches,ZINC_DIP2A_Activators/H16/H16M000.smi.gz
ZINCg5000000nrzl,C=C(C)CN(CC)C(=O)[C@H]1CNC(=O)CN1,Local ZINC tranches,ZINC_DIP2A_Activators/H16/H16M000.smi.gz
ZINCg5000000nuku,C=CCCNS(=O)(=O)N(C)CC(=O)OCC,Local ZINC tranches,ZINC_DIP2A_Activators/H16/H16M000.smi.gz
ZINCg5000000nv5J,C=CCN1CC[C@H](N(C)C(=O)[C@H](C)O)C1=O,Local ZINC tranches,ZINC_DIP2A_Activators/H16/H16M000.smi.gz
ZINCg5000000nrkF,C#Cc1cnn(C)c1C(=O)NCC#CCO,Local ZINC tranches,ZINC_DIP2A_Activators/H16/H16M000.smi.gz
ZINCg5000000ntaQ,C=CC(=O)N(C)CC(=O)NCCCCCO,Local ZINC tranches,ZINC_DIP2A_Activators/H16/H16M000.smi.gz
ZINCg5000000ntam,C=CC(=O)N(C)CC(=O)N=c1nc[nH]n1C,Local ZINC tranches,ZINC_DIP2A_Activators/H16/H16M000.smi.gz
ZINCg5000000nlSa,C#CCCN(C)C[C@@H](O)C1(O)CCOCC1,Local ZINC tranches,ZINC_DIP2A_Activators/H16/H16M000.smi.gz
ZINCg5000000ns1O,C=C(CO)C(=O)NC1CN(CC(C)(C)O)C1,Local ZINC tranches,ZINC_DIP2A_Activators/H16/H16M000.smi.gz
ZINCg5000000nqLX,C#C[C@H](CCC)NC(=O)[C@@H]1CN(C)C(=O)N1,Local ZINC tranches,ZINC_DIP2A_Activators/H16/H16M000.smi.gz
ZINCg5000000nqjV,C#C[C@@H]1CCCN1C(=O)[C@@H]1CNC(=O)N1C,Local ZINC tranches,ZINC_DIP2A_Activators/H16/H16M000.smi.gz
ZINCg5000000nve6,C=CCNC(=O)CNC(=O)C[C@H](N)C1CC1,Local ZINC tranches,ZINC_DIP2A_Activators/H16/H16M000.smi.gz
ZINCg6000000rXS5,CC1(C)OC[C@H]2CNC[C@]21C(=O)NCCF,Local ZINC tranches,ZINC_DIP2A_Activators/H16/H16P000.smi.gz
ZINCg6000000s16Z,CCNCCC(=O)N[C@H](CC(C)C)C(N)=O,Local ZINC tranches,ZINC_DIP2A_Activators/H16/H16P000.smi.gz
ZINCg6000000rWid,CC(C)CONC(=O)N[C@@H]1CCOC[C@@H]1O,Local ZINC tranches,ZINC_DIP2A_Activators/H16/H16P000.smi.gz
ZINCg6000000rToL,C#C[C@H](C[C@H]1CCOC1)N=c1nn[nH]n1C,Local ZINC tranches,ZINC_DIP2A_Activators/H16/H16P000.smi.gz
ZINCg6000000rZxD,CCC[C@H](C(=O)NN(C)[C@@H](C)CO)N(C)C,Local ZINC tranches,ZINC_DIP2A_Activators/H16/H16P000.smi.gz
ZINCg6000000rX58,CC(C)[C@@H]1CN(Cc2nnnn2C)CCO1,Local ZINC tranches,ZINC_DIP2A_Activators/H16/H16P000.smi.gz
ZINCg6000000rUxn,C=CC[C@H]1OCC[C@@H]1NCc1nnn(C)n1,Local ZINC tranches,ZINC_DIP2A_Activators/H16/H16P000.smi.gz
ZINCg6000000rWuE,CC(C)N(CCN)S(=O)(=O)C[C@H]1CCOC1,Local ZINC tranches,ZINC_DIP2A_Activators/H16/H16P000.smi.gz
ZINCg6000000rYFb,CCCCC[C@H](O)C(=O)NCCOCCN,Local ZINC tranches,ZINC_DIP2A_Activators/H16/H16P000.smi.gz
ZINCg6000000s2TZ,CC[C@@H](C)CS(=O)(=O)NC(=O)C1(C)CNC1,Local ZINC tranches,ZINC_DIP2A_Activators/H16/H16P000.smi.gz
ZINCg6000000rX6b,CC(C)[C@@](C)(O)C(=O)N1CN(C)C(=O)[C@H]1C,Local ZINC tranches,ZINC_DIP2A_Activators/H16/H16P000.smi.gz
ZINCg6000000rXds,CC(C)[C@H](N)CN1CCc2nc(O)[nH]c2C1,Local ZINC tranches,ZINC_DIP2A_Activators/H16/H16P000.smi.gz
ZINCg6000000rXoA,CC(C)c1noc(N2C[C@@H](N)C[C@@H](O)C2)n1,Local ZINC tranches,ZINC_DIP2A_Activators/H16/H16P000.smi.gz
ZINCg6000000s2QK,CC[C@@H](C(=O)O)N(C)C(=O)[C@@H]1C[C@H]2C[C@H]2N1,Local ZINC tranches,ZINC_DIP2A_Activators/H16/H16P000.smi.gz
ZINCg6000000s2p1,CCO[C@@H]1C[C@H]1C(=O)N[C@@H](CC)C(=O)NC,Local ZINC tranches,ZINC_DIP2A_Activators/H16/H16P000.smi.gz
ZINCg6000000rTgL,C#C[C@@H](CC1CC1)NC(=O)[C@@H]1CCS1(=O)=O,Local ZINC tranches,ZINC_DIP2A_Activators/H16/H16P000.smi.gz
ZINCg6000000rYtU,CCC(F)(F)CC(=O)N[C@@H](COC)C(N)=O,Local ZINC tranches,ZINC_DIP2A_Activators/H16/H16P000.smi.gz
ZINCg6000000s39D,CC[C@@H](COC)NC(=O)[C@@]1(C)CCNC1=O,Local ZINC tranches,ZINC_DIP2A_Activators/H16/H16P000.smi.gz
ZINCg6000000rTF4,C=C(CO)C(=O)NNC(=O)c1cc(Br)c[nH]1,Local ZINC tranches,ZINC_DIP2A_Activators/H16/H16P000.smi.gz
ZINCg6000000rVk0,CC(=O)NNC(=O)[C@H]1C[C@H]2CCCCN2C1,Local ZINC tranches,ZINC_DIP2A_Activators/H16/H16P000.smi.gz
ZINCg6000000s2gX,CCONC(=O)CNS(=O)(=O)CC(C)(C)C,Local ZINC tranches,ZINC_DIP2A_Activators/H16/H16P000.smi.gz
ZINCg6000000s007,CCN(C)S(=O)(=O)N1CC2(CC(C)=NO2)C1,Local ZINC tranches,ZINC_DIP2A_Activators/H16/H16P000.smi.gz
ZINCg6000000s1Ke,CCOCC(=O)N(CCOC)CCN(C)C,Local ZINC tranches,ZINC_DIP2A_Activators/H16/H16P000.smi.gz
ZINCg6000000s0BQ,CCN1CC[C@H](N(C)C[C@@H]2CNCCO2)C1,Local ZINC tranches,ZINC_DIP2A_Activators/H16/H16P000.smi.gz
ZINCg6000000rX7G,CC(C)[C@H](C(=O)N[C@@H]1COC(=O)C1)[C@@H](C)N,Local ZINC tranches,ZINC_DIP2A_Activators/H16/H16P000.smi.gz
ZINCg6000000rYne,CCC(=O)N[C@@H](C)C(=O)N1CCCC(=O)C1,Local ZINC tranches,ZINC_DIP2A_Activators/H16/H16P000.smi.gz
ZINCg6000000rZ2O,CCCNC(=O)N1CCC[C@](O)(C(=O)O)C1,Local ZINC tranches,ZINC_DIP2A_Activators/H16/H16P000.smi.gz
ZINCg6000000rTWj,C=CC1CC(NS(=O)(=O)c2cnn(C)n2)C1,Local ZINC tranches,ZINC_DIP2A_Activators/H16/H16P000.smi.gz
ZINCg6000000rU1Z,C=CCCONC(=O)[C@@]1(C)C[C@@H](O)CN1C,Local ZINC tranches,ZINC_DIP2A_Activators/H16/H16P000.smi.gz
ZINCg6000000rVMJ,CC(C)(CCNC(=O)CCCO)S(C)(=O)=O,Local ZINC tranches,ZINC_DIP2A_Activators/H16/H16P000.smi.gz
ZINCg6000000rU78,C=CCN(C)C(=O)C1(C(=O)O)CCNCC1,Local ZINC tranches,ZINC_DIP2A_Activators/H16/H16P000.smi.gz
ZINCg6000000s0WA,CCNC(=O)COC(=O)c1cnn(C)c1C,Local ZINC tranches,ZINC_DIP2A_Activators/H16/H16P000.smi.gz
ZINCg6000000s26G,CCOC[C@@H](C)NC(=O)[C@H]1NC(=O)O[C@@H]1C,Local ZINC tranches,ZINC_DIP2A_Activators/H16/H16P000.smi.gz
ZINCg6000000rTeP,C#C[C@@H](C)N(C)C(=O)N(C)CC(=O)N(C)C,Local ZINC tranches,ZINC_DIP2A_Activators/H16/H16P000.smi.gz
ZINCg6000000rXk8,CC(C)[C@H](O)CNC(=O)c1[nH]ncc1C#N,Local ZINC tranches,ZINC_DIP2A_Activators/H16/H16P000.smi.gz
ZINCg6000000rVBM,CC(C)(C(=O)N[C@H]1CC12CC2)n1cnnn1,Local ZINC tranches,ZINC_DIP2A_Activators/H16/H16P000.smi.gz
ZINCg6000000rWOr,CC(C)OCC[C@H](N)C(=O)N[C@H](C)[C@@H](C)O,Local ZINC tranches,ZINC_DIP2A_Activators/H16/H16P000.smi.gz
ZINCg6000000rXJu,CC1(C)COCC[C@@H]1NCCCS(N)(=O)=O,Local ZINC tranches,ZINC_DIP2A_Activators/H16/H16P000.smi.gz
ZINCg6000000s2dq,CCOC[C@H](O)CN1CC[S@@](=O)C[C@H](C)C1,Local ZINC tranches,ZINC_DIP2A_Activators/H16/H16P000.smi.gz
ZINCg6000000rZCt,CCC[C@H](N)CNC(=O)CCC(=O)N(C)C,Local ZINC tranches,ZINC_DIP2A_Activators/H16/H16P000.smi.gz
ZINCg6000000rWap,CC(C)C1CC(C(=O)NCCS(N)(=O)=O)C1,Local ZINC tranches,ZINC_DIP2A_Activators/H16/H16P000.smi.gz
ZINCg6000000s1Io,CCOC1CC(NC(=O)[C@@H]2CC(=O)CO2)C1,Local ZINC tranches,ZINC_DIP2A_Activators/H16/H16P000.smi.gz
ZINCg6000000rSsF,C#CCN(C(=O)C1CC1)[C@@H]1CCS(=O)(=O)C1,Local ZINC tranches,ZINC_DIP2A_Activators/H16/H16P000.smi.gz
ZINCg6000000rYcG,CC=CCNC(=O)NCCN1CCNC1=S,Local ZINC tranches,ZINC_DIP2A_Activators/H16/H16P000.smi.gz
ZINCg6000000rVli,CC(=O)N[C@@H](C)C(=O)NCC1CCOCC1,Local ZINC tranches,ZINC_DIP2A_Activators/H16/H16P000.smi.gz
ZINCg6000000rSuI,C#CCN(C)C(=O)NCc1cnn(CC)n1,Local ZINC tranches,ZINC_DIP2A_Activators/H16/H16P000.smi.gz
ZINCg6000000rXpw,CC(C)n1ccc(C(=O)NCCC(N)=O)n1,Local ZINC tranches,ZINC_DIP2A_Activators/H16/H16P000.smi.gz
ZINCg6000000s1hs,CCN[C@H](C)CNC(=O)C[C@H]1COC(=O)C1,Local ZINC tranches,ZINC_DIP2A_Activators/H16/H16P000.smi.gz
ZINCg6000000rZsE,CCC[C@@H](O)CNC(=O)[C@@H](N)COC(C)C,Local ZINC tranches,ZINC_DIP2A_Activators/H16/H16P000.smi.gz
ZINCg6000000rTjn,C#C[C@@H]1CCCN1C(=O)[C@@H]1CCS(=O)(=O)C1,Local ZINC tranches,ZINC_DIP2A_Activators/H16/H16P000.smi.gz
ZINCg6000000rU71,C=CCN(C)C(=O)C(=O)N=c1ccn(C)[nH]1,Local ZINC tranches,ZINC_DIP2A_Activators/H16/H16P000.smi.gz
ZINCg6000000rYfx,CC=C[C@H](O)C(=O)N1C[C@@H](F)C[C@H]1CNC,Local ZINC tranches,ZINC_DIP2A_Activators/H16/H16P000.smi.gz
ZINCg6000000rTDU,C=C(CO)C(=O)N(CCCOC)CCOC,Local ZINC tranches,ZINC_DIP2A_Activators/H16/H16P000.smi.gz
ZINCg6000000s1JQ,CCOC=CC(=O)NC[C@@H](O)[C@H]1CCOC1,Local ZINC tranches,ZINC_DIP2A_Activators/H16/H16P000.smi.gz
ZINCg6000000rTjP,C#C[C@@H]1CCN1C(=O)C(=O)N[C@@H]1CCC1=C,Local ZINC tranches,ZINC_DIP2A_Activators/H16/H16P000.smi.gz
ZINCg6000000s15L,CCNCC(=O)N[C@H](C)C(=O)N[C@@H](C)CC,Local ZINC tranches,ZINC_DIP2A_Activators/H16/H16P000.smi.gz
ZINCg6000000s3mT,CC[C@@H](NC(=O)c1cnncc1O)[C@H](C)O,Local ZINC tranches,ZINC_DIP2A_Activators/H16/H16P000.smi.gz
ZINCg6000000rSgj,C#CC1(O)CC(C(=O)N[C@H](CC)[C@@H](C)O)C1,Local ZINC tranches,ZINC_DIP2A_Activators/H16/H16P000.smi.gz
ZINCg6000000rUrC,C=CC[C@@H](CO)NC(=O)[C@@H](C)OCCOC,Local ZINC tranches,ZINC_DIP2A_Activators/H16/H16P000.smi.gz
ZINCg6000000rZPN,CCN(C#N)CCN(C)Cc1cn(C)nn1,Local ZINC tranches,ZINC_DIP2A_Activators/H16/H16P000.smi.gz
ZINCg6000000rWZA,CC(C)[C@@H](N)CNC(=O)NC[C@H](N)C1CC1,Local ZINC tranches,ZINC_DIP2A_Activators/H16/H16P000.smi.gz
ZINCg6000000rSNH,C#CCOCC(=O)NCc1nccnc1C,Local ZINC tranches,ZINC_DIP2A_Activators/H16/H16P000.smi.gz
ZINCg6000000s3le,CC[C@@H](NC(=O)[C@@H]1CC[C@@H](F)CN1)C(=O)O,Local ZINC tranches,ZINC_DIP2A_Activators/H16/H16P000.smi.gz
ZINCg6000000rT8u,C#CC[C@H](C)NC(=O)NCCNC(=O)OC,Local ZINC tranches,ZINC_DIP2A_Activators/H16/H16P000.smi.gz
ZINCg6000000s1n3,CCOC(=O)CCNC(=O)C(F)(F)[C@@H](C)O,Local ZINC tranches,ZINC_DIP2A_Activators/H16/H16P000.smi.gz
ZINCg6000000rT5v,C#CC[C@@H](COC)NC(=O)Cn1ccnc1,Local ZINC tranches,ZINC_DIP2A_Activators/H16/H16P000.smi.gz
ZINCg6000000rV7B,CC(=O)N1CCC[C@@H]1CN1CCCS1(=O)=O,Local ZINC tranches,ZINC_DIP2A_Activators/H16/H16P000.smi.gz
ZINCg6000000rXai,CC(C)[C@H](CO)CNC(=O)[C@@H]1CCC(=O)O1,Local ZINC tranches,ZINC_DIP2A_Activators/H16/H16P000.smi.gz
ZINCg6000000rYLO,CCCCS(=O)(=O)CC(=O)NC[C@@H](N)CC,Local ZINC tranches,ZINC_DIP2A_Activators/H16/H16P000.smi.gz
ZINCg6000000s155,CCNCC(=O)NCc1ncoc1COC,Local ZINC tranches,ZINC_DIP2A_Activators/H16/H16P000.smi.gz
ZINCg6000000rXIO,CC1(C)CN[C@H]1C(=O)NOC[C@H]1CCOC1,Local ZINC tranches,ZINC_DIP2A_Activators/H16/H16P000.smi.gz
ZINCg6000000s0tL,CCN(OC)C(=O)c1cnn2c1CNCC2,Local ZINC tranches,ZINC_DIP2A_Activators/H16/H16P000.smi.gz
ZINCg6000000s3iU,CC[C@@H](NC(=O)CCNS(C)(=O)=O)C(F)F,Local ZINC tranches,ZINC_DIP2A_Activators/H16/H16P000.smi.gz
ZINCg6000000s1T8,CCOCCN(C)C(=O)[C@@]1(C)CNC(=O)C1,Local ZINC tranches,ZINC_DIP2A_Activators/H16/H16P000.smi.gz
ZINCg6000000rYG1,CCCCN(C)NC(=O)[C@H](C)NC(=O)NC,Local ZINC tranches,ZINC_DIP2A_Activators/H16/H16P000.smi.gz
ZINCg6000000rXOj,CC1(C)C[C@H]1C(=O)NCCN1CCNCC1,Local ZINC tranches,ZINC_DIP2A_Activators/H16/H16P000.smi.gz
ZINCg6000000rVgZ,CC(=O)NCCNC(=O)[C@H]1COC(C)(C)C1,Local ZINC tranches,ZINC_DIP2A_Activators/H16/H16P000.smi.gz
ZINCg6000000rXWi,CC1(CN2CCN3C(=O)NC(=O)[C@@H]3C2)CC1,Local ZINC tranches,ZINC_DIP2A_Activators/H16/H16P000.smi.gz
ZINCg6000000s1zl,CCOC(=O)[C@@H](O)Cn1cc(CSC)nn1,Local ZINC tranches,ZINC_DIP2A_Activators/H16/H16P000.smi.gz
ZINCg6000000s17H,CCNCCCNC(=O)N[C@H]1C[C@@H](CN)C1,Local ZINC tranches,ZINC_DIP2A_Activators/H16/H16P000.smi.gz
ZINCg6000000rYlr,CCC(=O)NCCNC(=O)[C@@H](CC)CCN,Local ZINC tranches,ZINC_DIP2A_Activators/H16/H16P000.smi.gz
ZINCg6000000s3Cw,CC[C@@H]1CN(C(=O)c2cnn[nH]2)CC[C@H]1N,Local ZINC tranches,ZINC_DIP2A_Activators/H16/H16P000.smi.gz
ZINCg6000000s00g,CCN(C)S(=O)(=O)N1CC[C@@H](CN)[C@H](C)C1,Local ZINC tranches,ZINC_DIP2A_Activators/H16/H16P000.smi.gz
ZINCg6000000rZVq,CCN(C)C(=O)CS(=O)(=O)[C@H]1CCCOC1,Local ZINC tranches,ZINC_DIP2A_Activators/H16/H16P000.smi.gz
ZINCg7000000sIYu,CCOC(=O)[C@@H](CC1CC1)N[C@H](C)C(N)=O,Local ZINC tranches,ZINC_DIP2A_Activators/H16/H16P010.smi.gz
ZINCg7000000sDu1,CC(C)[C@@H](N)[C@@H](C)NC(=O)[C@H]1CCC(=O)O1,Local ZINC tranches,ZINC_DIP2A_Activators/H16/H16P010.smi.gz
ZINCg7000000sFSt,CCCN(CC(N)=O)C(=O)[C@@H]1C[C@@H]1OCC,Local ZINC tranches,ZINC_DIP2A_Activators/H16/H16P010.smi.gz
ZINCg7000000sGGf,CCC[C@H](NC(=O)C1(NC)CC1)C(=O)OC,Local ZINC tranches,ZINC_DIP2A_Activators/H16/H16P010.smi.gz
ZINCg7000000sE9R,CC1(C)CN(C(=O)N[C@H]2CCOC2)[C@H]1CO,Local ZINC tranches,ZINC_DIP2A_Activators/H16/H16P010.smi.gz
ZINCg7000000sEzQ,CC1(C)[C@H](O)C[C@H]1NC(=O)[C@@]1(O)CCSC1,Local ZINC tranches,ZINC_DIP2A_Activators/H16/H16P010.smi.gz
ZINCg7000000sDqq,CC(C)[C@@H](CO)NC(=O)[C@@H]1C[C@@H]1[C@H]1C[C@@H]1N,Local ZINC tranches,ZINC_DIP2A_Activators/H16/H16P010.smi.gz
ZINCg7000000syqB,C#CCOC(=O)CN[C@@H]1CCc2n[nH]cc21,Local ZINC tranches,ZINC_DIP2A_Activators/H16/H16P010.smi.gz
ZINCg7000000sz6h,C#C[C@H](NC(=O)C(F)(F)[C@H](C)O)[C@@H](C)OC,Local ZINC tranches,ZINC_DIP2A_Activators/H16/H16P010.smi.gz
ZINCg7000000sFj1,CCC(F)(F)C(=O)N[C@@H]1CNCC[C@H]1CO,Local ZINC tranches,ZINC_DIP2A_Activators/H16/H16P010.smi.gz
ZINCg7000000sExB,CC1(C)[C@@H](O)C[C@H]1CC(=O)NCCCON,Local ZINC tranches,ZINC_DIP2A_Activators/H16/H16P010.smi.gz
ZINCg7000000sEbx,CC1(C)CN(CC(=O)NCC#N)CCCO1,Local ZINC tranches,ZINC_DIP2A_Activators/H16/H16P010.smi.gz
ZINCg7000000sGne,CCC[C@@H](C)NC(=O)CN1C[C@H]2[C@H](N)[C@H]2C1,Local ZINC tranches,ZINC_DIP2A_Activators/H16/H16P010.smi.gz
ZINCg7000000sCi8,CC(C)(NC(=O)CN1CCSC1=O)C(=O)O,Local ZINC tranches,ZINC_DIP2A_Activators/H16/H16P010.smi.gz
ZINCg7000000sEut,CC1(C)OC[C@@H]2C[C@@]21NC(=O)c1cnn[nH]1,Local ZINC tranches,ZINC_DIP2A_Activators/H16/H16P010.smi.gz
ZINCg7000000sB9N,CC(=O)CCCC(=O)NCCn1ccnn1,Local ZINC tranches,ZINC_DIP2A_Activators/H16/H16P010.smi.gz
ZINCg7000000sFyi,CCCCCNC(=O)[C@H](C)ONC(=N)CO,Local ZINC tranches,ZINC_DIP2A_Activators/H16/H16P010.smi.gz
ZINCg7000000sBDF,CC(=O)OCCCC(=O)N1CC2(COC2)C1,Local ZINC tranches,ZINC_DIP2A_Activators/H16/H16P010.smi.gz
ZINCg7000000sFQo,CCCN(C)S(=O)(=O)N[C@H](C)CC(=O)OC,Local ZINC tranches,ZINC_DIP2A_Activators/H16/H16P010.smi.gz
ZINCg7000000sFbl,CCC(=O)N[C@@H](C)C(=O)NC1(CC)COC1,Local ZINC tranches,ZINC_DIP2A_Activators/H16/H16P010.smi.gz
ZINCg7000000sD90,CC(C)N[C@@H]1CCCN(c2nnnn2C)C1,Local ZINC tranches,ZINC_DIP2A_Activators/H16/H16P010.smi.gz
ZINCg7000000syor,C#CCNC(=O)N[C@H](COC)[C@H]1CCCO1,Local ZINC tranches,ZINC_DIP2A_Activators/H16/H16P010.smi.gz
ZINCg7000000sztp,C=C(Cl)C[C@@H](NS(=O)(=O)NC1CC1)C(=O)O,Local ZINC tranches,ZINC_DIP2A_Activators/H16/H16P010.smi.gz
ZINCg7000000szmk,C=C(C)CS(=O)(=O)N[C@@H]1CCC[C@H]1C(N)=O,Local ZINC tranches,ZINC_DIP2A_Activators/H16/H16P010.smi.gz
ZINCg7000000sHrB,CCN(CCC#N)C(=O)COC1(C)CNC1,Local ZINC tranches,ZINC_DIP2A_Activators/H16/H16P010.smi.gz
ZINCg7000000sJ3d,CCOC(=O)[C@H](C)[C@H](C)NC[C@H](O)COC,Local ZINC tranches,ZINC_DIP2A_Activators/H16/H16P010.smi.gz
ZINCg7000000sDrt,CC(C)[C@@H](CO)ONC(=O)[C@]1(F)CCOC1,Local ZINC tranches,ZINC_DIP2A_Activators/H16/H16P010.smi.gz
ZINCg7000000sC2L,CC(C)(C)n1cnc(C(=O)NCCCO)n1,Local ZINC tranches,ZINC_DIP2A_Activators/H16/H16P010.smi.gz
ZINCg7000000sE2l,CC1(C)C(=O)C[C@@H]1C(=O)N1C[C@@](C)(O)CO1,Local ZINC tranches,ZINC_DIP2A_Activators/H16/H16P010.smi.gz
ZINCg7000000sDN3,CC(C)[C@H]1CCC[C@@H]1NCCNS(N)(=O)=O,Local ZINC tranches,ZINC_DIP2A_Activators/H16/H16P010.smi.gz
ZINCg7000000sy3s,C#CCCOC(=O)N1CC(OC(=O)NC)C1,Local ZINC tranches,ZINC_DIP2A_Activators/H16/H16P010.smi.gz
ZINCg7000000sA0f,C=CCC[C@@H](N)C(=O)N[C@H](C=C)C(=O)OC,Local ZINC tranches,ZINC_DIP2A_Activators/H16/H16P010.smi.gz
ZINCg7000000sEgT,CC1(C)CNC[C@H]1C(=O)NCCNC1CC1,Local ZINC tranches,ZINC_DIP2A_Activators/H16/H16P010.smi.gz
ZINCg7000000sGsN,CCC[C@@H](NS(=O)(=O)[C@H](C)COC)C(=O)O,Local ZINC tranches,ZINC_DIP2A_Activators/H16/H16P010.smi.gz
ZINCg7000000sAS0,C=C[C@H](N[C@H](C)c1ncn(C)n1)C(=O)OC,Local ZINC tranches,ZINC_DIP2A_Activators/H16/H16P010.smi.gz
ZINCg7000000sDkc,CC(C)S(=O)(=O)CC(=O)NCCOC1CC1,Local ZINC tranches,ZINC_DIP2A_Activators/H16/H16P010.smi.gz
ZINCg7000000sA02,C=CCC[C@@H](CO)NC(=O)c1[nH]nnc1C,Local ZINC tranches,ZINC_DIP2A_Activators/H16/H16P010.smi.gz
ZINCg7000000syxI,C#CCOCCN(C)S(=O)(=O)N(CC)CC,Local ZINC tranches,ZINC_DIP2A_Activators/H16/H16P010.smi.gz
ZINCg7000000sA5x,C=CCN(CCC(=O)OC)C(=O)CN(C)C,Local ZINC tranches,ZINC_DIP2A_Activators/H16/H16P010.smi.gz
ZINCg7000000sGmL,CCC[C@@H](C)C(=O)N[C@]1(C(N)=O)CCOC1,Local ZINC tranches,ZINC_DIP2A_Activators/H16/H16P010.smi.gz
ZINCg7000000sDYU,CC1(C(=O)N2CCC[C@@H]2C(=O)O)CC(N)C1,Local ZINC tranches,ZINC_DIP2A_Activators/H16/H16P010.smi.gz
ZINCg7000000sGcm,CCCOCC(=O)NC1(C(=O)NCC)CC1,Local ZINC tranches,ZINC_DIP2A_Activators/H16/H16P010.smi.gz
ZINCg7000000sB7Z,CC(=O)C(=O)Cn1cc(C)cc(C#N)c1=O,Local ZINC tranches,ZINC_DIP2A_Activators/H16/H16P010.smi.gz
ZINCg7000000sJe9,CCOCC(=O)NCC[C@H]1CCCS1(=O)=O,Local ZINC tranches,ZINC_DIP2A_Activators/H16/H16P010.smi.gz
ZINCg7000000sBUc,CC(C)(C)CS(=O)(=O)NC[C@]1(O)CCOC1,Local ZINC tranches,ZINC_DIP2A_Activators/H16/H16P010.smi.gz
ZINCg7000000sEky,CC1(C)CO[C@@H](CC(=O)N[C@H](C#N)CO)C1,Local ZINC tranches,ZINC_DIP2A_Activators/H16/H16P010.smi.gz
ZINCg7000000sD1I,CC(C)NC(=O)C[C@@H](C)NC(=O)C[C@@H](C)N,Local ZINC tranches,ZINC_DIP2A_Activators/H16/H16P010.smi.gz
ZINCg7000000sFYL,CCCNC(=O)CCN1CCO[C@H](C#N)C1,Local ZINC tranches,ZINC_DIP2A_Activators/H16/H16P010.smi.gz
ZINCg7000000sDrQ,CC(C)[C@@H](F)C(=O)N1CCOC2(CNC2)C1,Local ZINC tranches,ZINC_DIP2A_Activators/H16/H16P010.smi.gz
ZINCg7000000sybx,C#CCN(CC(=O)N(C)CC)[C@H]1CCOC1,Local ZINC tranches,ZINC_DIP2A_Activators/H16/H16P010.smi.gz
ZINCg7000000sCoQ,CC(C)(O)CONC(=O)[C@@H]1CCC[C@H]1CN,Local ZINC tranches,ZINC_DIP2A_Activators/H16/H16P010.smi.gz
ZINCg7000000sAOp,C=C[C@H](N)C(=O)NC1(CC(=O)OC)CCC1,Local ZINC tranches,ZINC_DIP2A_Activators/H16/H16P010.smi.gz
ZINCg7000000syrz,C#CCOC(=O)NC[C@]1(CCO)CCOC1,Local ZINC tranches,ZINC_DIP2A_Activators/H16/H16P010.smi.gz
ZINCg7000000szk7,C=C(C)CNC(=O)C[C@]1(C)CCS(=O)(=O)N1,Local ZINC tranches,ZINC_DIP2A_Activators/H16/H16P010.smi.gz
ZINCg7000000sI7V,CCNC(=O)C(=O)N(C)[C@H](C)[C@@H]1CCCO1,Local ZINC tranches,ZINC_DIP2A_Activators/H16/H16P010.smi.gz
ZINCg7000000sBme,CC(=O)NCCC(=O)N(C)Cc1ccon1,Local ZINC tranches,ZINC_DIP2A_Activators/H16/H16P010.smi.gz
ZINCg7000000sGcY,CCCOCC(=O)N[C@@H]1CCC(=O)N[C@@H]1C,Local ZINC tranches,ZINC_DIP2A_Activators/H16/H16P010.smi.gz
ZINCg7000000sCps,CC(C)(O)C[C@@H](O)CNC[C@H](CO)C1CC1,Local ZINC tranches,ZINC_DIP2A_Activators/H16/H16P010.smi.gz
ZINCg7000000sIGp,CCN[C@H](C)CNC(=O)N1CCC[C@H](N)C1,Local ZINC tranches,ZINC_DIP2A_Activators/H16/H16P010.smi.gz
ZINCg7000000sBWL,CC(C)(C)OC(=O)C(=O)NC1CCNCC1,Local ZINC tranches,ZINC_DIP2A_Activators/H16/H16P010.smi.gz
ZINCg7000000sy8p,C#CCN(C)C(=O)C(=O)Nc1ccccn1,Local ZINC tranches,ZINC_DIP2A_Activators/H16/H16P010.smi.gz
ZINCg7000000sEdd,CC1(C)CN(c2c[n+]([O-])ccn2)C[C@@H]1CO,Local ZINC tranches,ZINC_DIP2A_Activators/H16/H16P010.smi.gz
ZINCg7000000sxQH,C#CC1(NS(=O)(=O)c2ccc(N)cn2)CC1,Local ZINC tranches,ZINC_DIP2A_Activators/H16/H16P010.smi.gz
ZINCg7000000sGEq,CCC[C@H](N)C(=O)N[C@H](C)c1ncnn1C,Local ZINC tranches,ZINC_DIP2A_Activators/H16/H16P010.smi.gz
ZINCg7000000szSU,C=CCCC(=O)N1C[C@@H]2C[C@H](C1)[C@H](O)[C@@H]2O,Local ZINC tranches,ZINC_DIP2A_Activators/H16/H16P010.smi.gz
ZINCg7000000szH2,C=C1C[C@@H]1C(=O)NNC(=O)[C@@H]1CCO[C@@H]1C,Local ZINC tranches,ZINC_DIP2A_Activators/H16/H16P010.smi.gz
ZINCg7000000sDRI,CC(C)c1nn(C)cc1C(=O)NOCCN,Local ZINC tranches,ZINC_DIP2A_Activators/H16/H16P010.smi.gz
ZINCg7000000sI29,CCN1CC[C@H]1CNC(=O)N(C)CCCO,Local ZINC tranches,ZINC_DIP2A_Activators/H16/H16P010.smi.gz
ZINCg7000000sF35,CCC#CC(=O)N1CC[C@]12CCS(=O)(=O)C2,Local ZINC tranches,ZINC_DIP2A_Activators/H16/H16P010.smi.gz
ZINCg7000000szlj,C=C(C)CONC(=O)[C@@H]1CCCN1C(N)=O,Local ZINC tranches,ZINC_DIP2A_Activators/H16/H16P010.smi.gz
ZINCg7000000sFME,CCCCc1nnc(SCC(=O)NC)n1N,Local ZINC tranches,ZINC_DIP2A_Activators/H16/H16P010.smi.gz
ZINCg7000000sG96,CCCN[C@@H](C)C(=O)NS(=O)(=O)CCSC,Local ZINC tranches,ZINC_DIP2A_Activators/H16/H16P010.smi.gz
ZINCg7000000sEaH,CC1(C)CN(C(=O)[C@H](N)CC(F)F)C[C@@H]1N,Local ZINC tranches,ZINC_DIP2A_Activators/H16/H16P010.smi.gz
ZINCg7000000szGm,C=C1C[C@@H]1C(=O)N1CC(N[C@@H]2CCOC2)C1,Local ZINC tranches,ZINC_DIP2A_Activators/H16/H16P010.smi.gz
ZINCg7000000sAKx,C=C[C@H](C)NC(=O)CCN1CCCS1(=O)=O,Local ZINC tranches,ZINC_DIP2A_Activators/H16/H16P010.smi.gz
ZINCg7000000sGdj,CCCOCC(=O)N[C@H]1CCCCNC1=O,Local ZINC tranches,ZINC_DIP2A_Activators/H16/H16P010.smi.gz
ZINCg7000000sIAi,CCNCCNC(=O)N[C@@H]1CCC[C@@H](N)C1,Local ZINC tranches,ZINC_DIP2A_Activators/H16/H16P010.smi.gz
ZINCg7000000sAzy,C=CCn1cc(C(=O)NCC[S@](C)=O)cn1,Local ZINC tranches,ZINC_DIP2A_Activators/H16/H16P010.smi.gz
ZINCg7000000sDaw,CC(C)OC(=O)CNC(=O)CC1CC(N)C1,Local ZINC tranches,ZINC_DIP2A_Activators/H16/H16P010.smi.gz
ZINCg7000000sFLX,CCCC[C@H](O)CC(=O)NCCNC(C)=O,Local ZINC tranches,ZINC_DIP2A_Activators/H16/H16P010.smi.gz
ZINCg7000000sxMD,C#CC1(C(=O)N(C)[C@@H]2CCCNC2=O)CC1,Local ZINC tranches,ZINC_DIP2A_Activators/H16/H16P010.smi.gz
ZINCg7000000sHut,CCN(CCC(N)=O)c1nc(C)cc(O)n1,Local ZINC tranches,ZINC_DIP2A_Activators/H16/H16P010.smi.gz
ZINCg7000000sBvV,CC(=O)N[C@@H](C)C(=O)N1CCO[C@@H](C)[C@@H]1C,Local ZINC tranches,ZINC_DIP2A_Activators/H16/H16P010.smi.gz
ZINCg7000000sATV,C=C[C@H](O)C(=O)NC[C@@H](C(=O)O)C1CCC1,Local ZINC tranches,ZINC_DIP2A_Activators/H16/H16P010.smi.gz
ZINCg8000000tp5F,CC(C)C[C@H](C)CNC[C@H](O)CNC(N)=O,Local ZINC tranches,ZINC_DIP2A_Activators/H16/H16P020.smi.gz
ZINCg8000000tjkB,C#CC1(O)CN(C(=O)[C@H]2C[C@@]23CC3(F)F)C1,Local ZINC tranches,ZINC_DIP2A_Activators/H16/H16P020.smi.gz
ZINCg8000000trla,CC1(CNC(=O)N[C@@H]2CCOC[C@H]2O)CC1,Local ZINC tranches,ZINC_DIP2A_Activators/H16/H16P020.smi.gz
ZINCg8000000tr07,CC1(C)C[C@H](N[C@H]2C[C@@H](CO)C2)CNC1=O,Local ZINC tranches,ZINC_DIP2A_Activators/H16/H16P020.smi.gz
ZINCg8000000ttPb,CCN(CC(=O)NC)C(=O)[C@@H]1CCC=CO1,Local ZINC tranches,ZINC_DIP2A_Activators/H16/H16P020.smi.gz
ZINCg8000000tk0n,C#CCNS(=O)(=O)NCCc1ccccc1,Local ZINC tranches,ZINC_DIP2A_Activators/H16/H16P020.smi.gz
ZINCg8000000tmBS,C=CC[C@H](N)C(=O)NC[C@@H]1CCNC[C@@H]1C,Local ZINC tranches,ZINC_DIP2A_Activators/H16/H16P020.smi.gz
ZINCg8000000tuI8,CCNC(=O)CCN(C)C[C@H](C)C(=O)OC,Local ZINC tranches,ZINC_DIP2A_Activators/H16/H16P020.smi.gz
ZINCg8000000tt5Z,CCC[C@@H](C)NC(=O)NC1CN(C(N)=O)C1,Local ZINC tranches,ZINC_DIP2A_Activators/H16/H16P020.smi.gz
ZINCg8000000trZl,CCC(=O)N1CCC(N2CCNCC2)CC1,Local ZINC tranches,ZINC_DIP2A_Activators/H16/H16P020.smi.gz
ZINCg8000000ttPO,CCN(CC(=O)NC)c1nc(COC)ns1,Local ZINC tranches,ZINC_DIP2A_Activators/H16/H16P020.smi.gz
ZINCg8000000tnrp,CC(=O)C1CN(S(=O)(=O)N2CCC[C@@H]2C)C1,Local ZINC tranches,ZINC_DIP2A_Activators/H16/H16P020.smi.gz
ZINCg8000000tlvQ,C=C1C[C@@H]1CN1C(=O)[C@H]2COCCN2C1=O,Local ZINC tranches,ZINC_DIP2A_Activators/H16/H16P020.smi.gz
ZINCg8000000tsyp,CCCC[C@@H](NS(=O)(=O)C1COC1)[C@H](C)O,Local ZINC tranches,ZINC_DIP2A_Activators/H16/H16P020.smi.gz
ZINCg8000000tlRi,C=CCC[C@H](CO)NC(=O)N[C@@H](C)CNC,Local ZINC tranches,ZINC_DIP2A_Activators/H16/H16P020.smi.gz
ZINCg8000000tlHd,C=CCC1(O)CCN([C@@H]2CCNC2=O)CC1,Local ZINC tranches,ZINC_DIP2A_Activators/H16/H16P020.smi.gz
ZINCg8000000tuxw,CCN1CC[C@H](NC(=O)Cc2cnns2)C1,Local ZINC tranches,ZINC_DIP2A_Activators/H16/H16P020.smi.gz
ZINCg8000000tqr0,CC1(C(=O)N[C@@H]2CC[C@H](CCN)C2)CNC1,Local ZINC tranches,ZINC_DIP2A_Activators/H16/H16P020.smi.gz
ZINCg8000000treo,CC1(C)[C@H](C(=O)NCCC#N)CCS1(=O)=O,Local ZINC tranches,ZINC_DIP2A_Activators/H16/H16P020.smi.gz
ZINCg8000000ttvK,CCN(C(=O)C(F)(F)[C@@H](C)O)[C@H]1CCNC1,Local ZINC tranches,ZINC_DIP2A_Activators/H16/H16P020.smi.gz
ZINCg8000000tteQ,CCC[C@@](C)(O)CNC(=O)[C@H]1COC(=O)C1,Local ZINC tranches,ZINC_DIP2A_Activators/H16/H16P020.smi.gz
ZINCg8000000tqxS,CC1(C)CCN1C(=O)NC[C@@H]1CNC(=O)O1,Local ZINC tranches,ZINC_DIP2A_Activators/H16/H16P020.smi.gz
ZINCg8000000tmgs,C=CCOCCNS(=O)(=O)C[C@@H]1CCCO1,Local ZINC tranches,ZINC_DIP2A_Activators/H16/H16P020.smi.gz
ZINCg8000000tmU8,C=C[C@@](C)(O)CC(=O)N[C@H](CCF)C(=O)O,Local ZINC tranches,ZINC_DIP2A_Activators/H16/H16P020.smi.gz
ZINCg8000000trM3,CC=CC(=O)N(C)[C@@H](C(=O)OC)C1COC1,Local ZINC tranches,ZINC_DIP2A_Activators/H16/H16P020.smi.gz
ZINCg8000000toPi,CC(C)C(C)(C)NS(=O)(=O)N(C)CC(=O)O,Local ZINC tranches,ZINC_DIP2A_Activators/H16/H16P020.smi.gz
ZINCg8000000tmbC,C=CCOC(=O)NCC(=O)Nc1cn[nH]c1,Local ZINC tranches,ZINC_DIP2A_Activators/H16/H16P020.smi.gz
ZINCg8000000tlcR,C=C(CO)C(=O)N[C@@H]1CN(C)C2(CCC2)C1,Local ZINC tranches,ZINC_DIP2A_Activators/H16/H16P020.smi.gz
ZINCg8000000tnBl,CC(=O)N1CSC[C@H]1C(=O)N(C)CCC#N,Local ZINC tranches,ZINC_DIP2A_Activators/H16/H16P020.smi.gz
ZINCg8000000tkT0,C#C[C@H]1CCN1C1=NCC2(CCOCC2)N1,Local ZINC tranches,ZINC_DIP2A_Activators/H16/H16P020.smi.gz
ZINCg8000000tt7l,CCC[C@@H](N)C(=O)NCCN1CCSCC1,Local ZINC tranches,ZINC_DIP2A_Activators/H16/H16P020.smi.gz
ZINCg8000000tq4c,CC(C)[C@H](O)CC(=O)NC[C@H]1CCC(=O)O1,Local ZINC tranches,ZINC_DIP2A_Activators/H16/H16P020.smi.gz
ZINCg8000000tsNf,CCCNC(=N)NC[C@H]1CCCCS1(=O)=O,Local ZINC tranches,ZINC_DIP2A_Activators/H16/H16P020.smi.gz
ZINCg8000000torL,CC(C)(N)CCC(=O)NS(=O)(=O)CC(F)F,Local ZINC tranches,ZINC_DIP2A_Activators/H16/H16P020.smi.gz
ZINCg8000000tmgh,C=CCOCCNC(=O)c1ccc[n+]([O-])c1,Local ZINC tranches,ZINC_DIP2A_Activators/H16/H16P020.smi.gz
ZINCg8000000tlSG,C=CCC[C@H](O)CN1CCNC[C@H]1COC,Local ZINC tranches,ZINC_DIP2A_Activators/H16/H16P020.smi.gz
ZINCg8000000tkrp,C#CC[C@@H](NS(=O)(=O)CCCC)C(=O)OC,Local ZINC tranches,ZINC_DIP2A_Activators/H16/H16P020.smi.gz
ZINCg8000000to5V,CC(C)(C)OC(=O)C=CCN1CNC(=O)C1,Local ZINC tranches,ZINC_DIP2A_Activators/H16/H16P020.smi.gz
ZINCg8000000tuBH,CCN1C[C@@H](NCc2nncn2C)[C@H](C)C1,Local ZINC tranches,ZINC_DIP2A_Activators/H16/H16P020.smi.gz
ZINCg8000000ttWX,CCN(CC)Cc1cn(CC(=O)OC)nn1,Local ZINC tranches,ZINC_DIP2A_Activators/H16/H16P020.smi.gz
ZINCg8000000tnts,CC(=O)CCNC(=O)CO[C@H]1CCCOC1,Local ZINC tranches,ZINC_DIP2A_Activators/H16/H16P020.smi.gz
ZINCg8000000tpKA,CC(C)[C@@H](NC(N)=O)C(=O)N1CC[C@@H](F)C1,Local ZINC tranches,ZINC_DIP2A_Activators/H16/H16P020.smi.gz
ZINCg8000000tq02,CC(C)[C@H](N)CNC(=O)CNCC(F)(F)F,Local ZINC tranches,ZINC_DIP2A_Activators/H16/H16P020.smi.gz
ZINCg8000000tjQQ,C#CCNC(=O)CCN1CCC[C@H]1COC,Local ZINC tranches,ZINC_DIP2A_Activators/H16/H16P020.smi.gz
ZINCg8000000tpRS,CC(C)[C@@]1(C)C[C@H]1NC(=O)Cn1cnnn1,Local ZINC tranches,ZINC_DIP2A_Activators/H16/H16P020.smi.gz
ZINCg8000000tuFX,CCNC(=O)C(=O)N1CCC[C@](C)(C#N)C1,Local ZINC tranches,ZINC_DIP2A_Activators/H16/H16P020.smi.gz
ZINCg8000000tkMc,C#C[C@H](CC(C)C)NC(=O)CCNC(N)=O,Local ZINC tranches,ZINC_DIP2A_Activators/H16/H16P020.smi.gz
ZINCg8000000toEQ,CC(C)(O)C[C@@H](O)CN[C@H](CO)C1(C)CC1,Local ZINC tranches,ZINC_DIP2A_Activators/H16/H16P020.smi.gz
ZINCg8000000tsd5,CCC1(O)CCN(S(=O)(=O)NC2CC2)CC1,Local ZINC tranches,ZINC_DIP2A_Activators/H16/H16P020.smi.gz
ZINCg8000000tmGy,C=CS(=O)(=O)CCC(=O)NCCOC1CC1,Local ZINC tranches,ZINC_DIP2A_Activators/H16/H16P020.smi.gz
ZINCg8000000tu8J,CCN(CCO)Cc1nnnn1C(C)(C)C,Local ZINC tranches,ZINC_DIP2A_Activators/H16/H16P020.smi.gz
ZINCg8000000tokh,CC(C)(CO)C(=O)N1C[C@H]2[C@H](N)CC[C@H]2C1,Local ZINC tranches,ZINC_DIP2A_Activators/H16/H16P020.smi.gz
ZINCg8000000ts0l,CCC(=O)N1CC[C@H](C(=O)N(C)CC#N)C1,Local ZINC tranches,ZINC_DIP2A_Activators/H16/H16P020.smi.gz
ZINCg8000000ttlY,CCC[C@H](O)C(=O)NN1CCC[C@H](OC)C1,Local ZINC tranches,ZINC_DIP2A_Activators/H16/H16P020.smi.gz
ZINCg8000000tu0f,CCN(CC1(O)CCC1)S(=O)(=O)NC1CC1,Local ZINC tranches,ZINC_DIP2A_Activators/H16/H16P020.smi.gz
ZINCg8000000tt2M,CCCS(=O)(=O)NC(=O)[C@@H]1C[C@H](N)C1(C)C,Local ZINC tranches,ZINC_DIP2A_Activators/H16/H16P020.smi.gz
ZINCg8000000trAh,CC1=NO[C@@H](C(=O)NOC[C@H]2CCOC2)C1,Local ZINC tranches,ZINC_DIP2A_Activators/H16/H16P020.smi.gz
ZINCg8000000tptG,CC(C)OCC(=O)N(C)C[C@H]1COCCO1,Local ZINC tranches,ZINC_DIP2A_Activators/H16/H16P020.smi.gz
ZINCg8000000trb6,CC1(C)[C@@H](N)C[C@H]1C(=O)N[C@@]1(C)CCNC1,Local ZINC tranches,ZINC_DIP2A_Activators/H16/H16P020.smi.gz
ZINCg8000000ttSb,CCN(CC(N)=O)C(=O)[C@@H]1C2C[C@@H]3C1[C@@H]3C2,Local ZINC tranches,ZINC_DIP2A_Activators/H16/H16P020.smi.gz
ZINCg8000000tmrJ,C=CC[C@@H](N)C(=O)N(C1CC1)[C@H]1CCNC1,Local ZINC tranches,ZINC_DIP2A_Activators/H16/H16P020.smi.gz
ZINCg8000000tmP3,C=C[C@@H](O)C(=O)N1C[C@@H](CN)CC12CCC2,Local ZINC tranches,ZINC_DIP2A_Activators/H16/H16P020.smi.gz
ZINCg8000000tpe0,CC(C)N(C)S(=O)(=O)NCCc1nncs1,Local ZINC tranches,ZINC_DIP2A_Activators/H16/H16P020.smi.gz
ZINCg8000000tlcz,C=C(CO)C(=O)NCc1cnnc(C)c1C,Local ZINC tranches,ZINC_DIP2A_Activators/H16/H16P020.smi.gz
ZINCg8000000tkgI,C#CCO[C@@H](C)C(=O)NC[C@](C)(O)CSC,Local ZINC tranches,ZINC_DIP2A_Activators/H16/H16P020.smi.gz
ZINCg8000000tnok,CC(=CCN)C(=O)N(C1CC1)[C@@H]1CCNC1,Local ZINC tranches,ZINC_DIP2A_Activators/H16/H16P020.smi.gz
ZINCg8000000tllQ,C=C1CC[C@@H]1N=c1ccc(S(N)(=O)=O)n[nH]1,Local ZINC tranches,ZINC_DIP2A_Activators/H16/H16P020.smi.gz
ZINCg8000000tqPr,CC1(C)CN[C@H]1C(=O)NC[C@@]1(C)CCCN1,Local ZINC tranches,ZINC_DIP2A_Activators/H16/H16P020.smi.gz
ZINCg8000000tnDj,CC(=O)NCC(=O)O[C@@H](C)c1cnccn1,Local ZINC tranches,ZINC_DIP2A_Activators/H16/H16P020.smi.gz
ZINCg8000000tnIs,CC(=O)NC[C@@H]1CCN(C[C@@H](O)C2CC2)C1,Local ZINC tranches,ZINC_DIP2A_Activators/H16/H16P020.smi.gz
ZINCg8000000tqAN,CC1(C)CC[C@H](n2c(CN)noc2=O)C1=O,Local ZINC tranches,ZINC_DIP2A_Activators/H16/H16P020.smi.gz
ZINCg8000000tsRc,CCCNC(=O)[C@@H](NC(=O)COC)C(C)C,Local ZINC tranches,ZINC_DIP2A_Activators/H16/H16P020.smi.gz
ZINCg8000000tjto,C#CCCN(C)C[C@@H](O)COc1cnsn1,Local ZINC tranches,ZINC_DIP2A_Activators/H16/H16P020.smi.gz
ZINCg8000000tuE8,CCN1OC[C@@H](N(C)C[C@@H]2CCCO2)C1=O,Local ZINC tranches,ZINC_DIP2A_Activators/H16/H16P020.smi.gz
ZINCg8000000ttTu,CCN(CC)C(=O)CN1CCNCC12CC2,Local ZINC tranches,ZINC_DIP2A_Activators/H16/H16P020.smi.gz
ZINCg8000000tseB,CCC1=NO[C@H](C(=O)NCCC(=O)OC)C1,Local ZINC tranches,ZINC_DIP2A_Activators/H16/H16P020.smi.gz
ZINCg8000000tmlY,C=CCS(=O)(=O)CCNC(=O)N[C@H](C)CF,Local ZINC tranches,ZINC_DIP2A_Activators/H16/H16P020.smi.gz
ZINCg8000000tt7t,CCC[C@@H](N)C(=O)NCCc1cncn1C,Local ZINC tranches,ZINC_DIP2A_Activators/H16/H16P020.smi.gz
ZINCg8000000tt7X,CCC[C@@H](N)CC(=O)NC(C)(C)CC(N)=O,Local ZINC tranches,ZINC_DIP2A_Activators/H16/H16P020.smi.gz
ZINCg8000000tmcc,C=CCOCC(=O)N1CC[C@@H]2CNC[C@H]2C1,Local ZINC tranches,ZINC_DIP2A_Activators/H16/H16P020.smi.gz
ZINCg8000000tjl9,C#CC1(O)CN(Cc2cnc(CC)nc2)C1,Local ZINC tranches,ZINC_DIP2A_Activators/H16/H16P020.smi.gz
ZINCg8000000tlEL,C=CC1CC(NC(=O)[C@@H](N)CCC(=O)O)C1,Local ZINC tranches,ZINC_DIP2A_Activators/H16/H16P020.smi.gz
ZINCg8000000tqj0,CC(F)(F)C(=O)NC[C@@H]1CCC2(CNC2)O1,Local ZINC tranches,ZINC_DIP2A_Activators/H16/H16P020.smi.gz
ZINCg8000000tr7t,CC1(C)OCC[C@H]1NS(=O)(=O)c1cnc[nH]1,Local ZINC tranches,ZINC_DIP2A_Activators/H16/H16P020.smi.gz
ZINCh500000enF6N,CCN(CC(=O)N(C)C)C(=O)[C@@H]1[C@H]2CCN[C@H]21,Local ZINC tranches,ZINC_DIP2A_Activators/H17/H17M000.smi.gz
ZINCh500000cOBcs,COC(=O)N1CCN(c2nnc(CO)s2)CC1,Local ZINC tranches,ZINC_DIP2A_Activators/H17/H17M000.smi.gz
ZINCh500000enjaY,CC(=O)NC[C@@H]1CCCN(C(=O)[C@H]2CCN2)C1,Local ZINC tranches,ZINC_DIP2A_Activators/H17/H17M000.smi.gz
ZINCh500000cOtvO,CCNC(=O)CC(=O)N1CCCn2ncnc21,Local ZINC tranches,ZINC_DIP2A_Activators/H17/H17M000.smi.gz
ZINCh500000cONRk,Cc1nc(N(C)C)[nH]c(=N[C@@H](C)CC(N)=O)n1,Local ZINC tranches,ZINC_DIP2A_Activators/H17/H17M000.smi.gz
ZINCh500000BlPCM,Cc1nc(CNCC2(O)CS(=O)(=O)C2)[nH]c1C,Local ZINC tranches,ZINC_DIP2A_Activators/H17/H17M000.smi.gz
ZINCh50000091Rq5,CS[C@H](C)C(=O)N1CC[C@@H](N(C)CC(N)=O)C1,Local ZINC tranches,ZINC_DIP2A_Activators/H17/H17M000.smi.gz
ZINCh500000cfDbF,C[C@]1(C(=O)N[C@H](CC(N)=O)C(=O)O)C[C@@]1(F)Cl,Local ZINC tranches,ZINC_DIP2A_Activators/H17/H17M000.smi.gz
ZINCh500000cOTJK,N=c1[nH]nc(C(=O)N2C[C@@H](O)C[C@H]2C2CC2)[nH]1,Local ZINC tranches,ZINC_DIP2A_Activators/H17/H17M000.smi.gz
ZINCh500000BlOT5,CC1(C)SCCN(C(=O)C[C@@H](O)CN)[C@H]1CO,Local ZINC tranches,ZINC_DIP2A_Activators/H17/H17M000.smi.gz
ZINCh500000cOz8Q,CN1CC[C@@H](N(C)C(=O)Cc2c[nH]nc2O)C1,Local ZINC tranches,ZINC_DIP2A_Activators/H17/H17M000.smi.gz
ZINCh500000cITjy,CN(C)c1cc(NC(=O)CS(C)(=O)=O)ncn1,Local ZINC tranches,ZINC_DIP2A_Activators/H17/H17M000.smi.gz
ZINCh500000c7pUT,C=C[C@@H](NS(=O)(=O)N1CCCOCC1)C(=O)O,Local ZINC tranches,ZINC_DIP2A_Activators/H17/H17M000.smi.gz
ZINCh500000enkhe,CC(=O)N[C@@](C)(C(=O)N[C@H](CO)CF)C(C)C,Local ZINC tranches,ZINC_DIP2A_Activators/H17/H17M000.smi.gz
ZINCh50000091wdm,C=CC(=O)NCC(=O)N[C@@H]1COC[C@@H]1C1CC1,Local ZINC tranches,ZINC_DIP2A_Activators/H17/H17M000.smi.gz
ZINCh50000091wfe,C=CC(=O)NCC(=O)N[C@H]1CC[C@H](CO)CC1,Local ZINC tranches,ZINC_DIP2A_Activators/H17/H17M000.smi.gz
ZINCh500000cnBY4,CNC(=O)CCN(C)c1cn2ncnc2cn1,Local ZINC tranches,ZINC_DIP2A_Activators/H17/H17M000.smi.gz
ZINCh50000091uKk,C#C[C@@H](CO)NC(=O)Cc1cccc(OC)n1,Local ZINC tranches,ZINC_DIP2A_Activators/H17/H17M000.smi.gz
ZINCh500000enF6g,CCN(CC#N)S(=O)(=O)C[C@H]1C[C@H]1C(=O)OC,Local ZINC tranches,ZINC_DIP2A_Activators/H17/H17M000.smi.gz
ZINCh500000enpxP,CC(C)C[C@@H](NC(=O)[C@@H](O)P(C)(C)=O)C(N)=O,Local ZINC tranches,ZINC_DIP2A_Activators/H17/H17M000.smi.gz
ZINCh500000cOy4q,CN(CCc1nccs1)C(=O)[C@H]1NCC[C@@H]1O,Local ZINC tranches,ZINC_DIP2A_Activators/H17/H17M000.smi.gz
ZINCh500000cOVwO,NCC1CCN(C(=O)Cn2nccc2N)CC1,Local ZINC tranches,ZINC_DIP2A_Activators/H17/H17M000.smi.gz
ZINCh50000091Ehk,CCCN[C@@H](C)C(=O)NC[C@@]12CN[C@@H](CO1)C2,Local ZINC tranches,ZINC_DIP2A_Activators/H17/H17M000.smi.gz
ZINCh500000cOyMl,CN1C(=O)Cc2cc([S@@](=O)CC(N)=O)ccc21,Local ZINC tranches,ZINC_DIP2A_Activators/H17/H17M000.smi.gz
ZINCh500000c7wQv,Cn1nncc1CC(=O)NCC[C@@H](F)C(=O)O,Local ZINC tranches,ZINC_DIP2A_Activators/H17/H17M000.smi.gz
ZINCh500000endag,C=CC[C@H](C)C(=O)NNC(=O)C(=O)NC(C)C,Local ZINC tranches,ZINC_DIP2A_Activators/H17/H17M000.smi.gz
ZINCh500000cOIgT,C[C@@H]1OC(=O)N[C@@H]1C(=O)N=c1cc(C#N)[nH][nH]1,Local ZINC tranches,ZINC_DIP2A_Activators/H17/H17M000.smi.gz
ZINCh500000en4Le,C#CC[C@@H](NC(=O)Cn1nnc(=N)[nH]1)C1CC1,Local ZINC tranches,ZINC_DIP2A_Activators/H17/H17M000.smi.gz
ZINCh500000enjSt,CC(=O)N[C@@H](CO)CNC(=O)[C@@H](O)C(C)(C)C,Local ZINC tranches,ZINC_DIP2A_Activators/H17/H17M000.smi.gz
ZINCh50000091ucS,C#CCCn1nnnc1N1CCC[C@@H](CO)C1,Local ZINC tranches,ZINC_DIP2A_Activators/H17/H17M000.smi.gz
ZINCh500000920C8,Cn1nncc1C(=O)OCC1[C@H]2OCCO[C@H]12,Local ZINC tranches,ZINC_DIP2A_Activators/H17/H17M000.smi.gz
ZINCh500000BlNC2,C[C@@]1(CNC(=O)[C@]2(N)C[C@@H](O)C2)CCC[C@@H]1O,Local ZINC tranches,ZINC_DIP2A_Activators/H17/H17M000.smi.gz
ZINCh500000BlO19,CC1(C)OCC[C@@H]1CNC(=O)[C@H]1COCCN1,Local ZINC tranches,ZINC_DIP2A_Activators/H17/H17M000.smi.gz
ZINCh500000c7tUq,C[C@@H](C(=O)N1CC=C[C@H]1C(=O)O)n1cncn1,Local ZINC tranches,ZINC_DIP2A_Activators/H17/H17M000.smi.gz
ZINCh500000cOrrH,CC(C)(O)CONC(=O)[C@@H](N)Cc1cn[nH]c1,Local ZINC tranches,ZINC_DIP2A_Activators/H17/H17M000.smi.gz
ZINCh500000xc17v,c1nc(CN[C@H]2CCc3nnnn3CC2)n[nH]1,Local ZINC tranches,ZINC_DIP2A_Activators/H17/H17M000.smi.gz
ZINCh500000cnCPy,COC(=O)c1cncc(C(=O)NCCON)c1,Local ZINC tranches,ZINC_DIP2A_Activators/H17/H17M000.smi.gz
ZINCh500000cfCZn,C[C@H](CF)CC(=O)N[C@H](C(=O)O)c1nn[nH]n1,Local ZINC tranches,ZINC_DIP2A_Activators/H17/H17M000.smi.gz
ZINCh500000cOLrc,Cc1c(C(=O)N(C)[C@@H](C)CC(N)=O)nnn1C,Local ZINC tranches,ZINC_DIP2A_Activators/H17/H17M000.smi.gz
ZINCh500000cOLRu,Cc1cc(C(=O)N2CC=C(N)N2)cc(=O)n1C,Local ZINC tranches,ZINC_DIP2A_Activators/H17/H17M000.smi.gz
ZINCh500000enGHl,CCN([C@H]1CCCNC1)S(=O)(=O)c1nc[nH]n1,Local ZINC tranches,ZINC_DIP2A_Activators/H17/H17M000.smi.gz
ZINCh500000enaAD,C=CC1(C(=O)NCC2(O)CN(C(C)=O)C2)CC1,Local ZINC tranches,ZINC_DIP2A_Activators/H17/H17M000.smi.gz
ZINCh500000BlNtT,Cc1cncn1CC(=O)N[C@@](C)(CO)C(=O)O,Local ZINC tranches,ZINC_DIP2A_Activators/H17/H17M000.smi.gz
ZINCh50000091QWI,CSCC(=O)NC1(CO)CN(C(=O)CSC)C1,Local ZINC tranches,ZINC_DIP2A_Activators/H17/H17M000.smi.gz
ZINCh500000en98k,C=C(Cl)[C@@H](O)CNC1CCN(CC(N)=O)CC1,Local ZINC tranches,ZINC_DIP2A_Activators/H17/H17M000.smi.gz
ZINCh500000925Cp,O=C(NCc1nc(=O)o[nH]1)[C@@]12CC[C@@H]1CCN2,Local ZINC tranches,ZINC_DIP2A_Activators/H17/H17M000.smi.gz
ZINCh500000cOSG5,Cn1ncnc1COCC(=O)OCC1COC1,Local ZINC tranches,ZINC_DIP2A_Activators/H17/H17M000.smi.gz
ZINCh50000091Kj6,CN=[S@](C)(=O)CCNC(=O)[C@@H]1C[C@H]2CNC[C@@H]21,Local ZINC tranches,ZINC_DIP2A_Activators/H17/H17M000.smi.gz
ZINCh500000cODAR,COCn1nccc1S(=O)(=O)N[C@H](C)[C@@H](C)N,Local ZINC tranches,ZINC_DIP2A_Activators/H17/H17M000.smi.gz
ZINCh500000en4hw,C#CCO[C@@H](C)C(=O)N=c1cnn(COC)[nH]1,Local ZINC tranches,ZINC_DIP2A_Activators/H17/H17M000.smi.gz
ZINCh500000enOgh,CC[C@@H](C(=O)N(CCCO)C1COC1)N(C)C,Local ZINC tranches,ZINC_DIP2A_Activators/H17/H17M000.smi.gz
ZINCh500000enC5k,CCCN(CCO)C(=O)[C@H](CC)c1nn[nH]n1,Local ZINC tranches,ZINC_DIP2A_Activators/H17/H17M000.smi.gz
ZINCh500000cOWAk,N[C@@H](Cc1nccc(O)n1)C(=O)NC1CCC1,Local ZINC tranches,ZINC_DIP2A_Activators/H17/H17M000.smi.gz
ZINCh50000091xKG,C=C[C@H](O)C(=O)NC1CN(C(=O)C2=CCC2)C1,Local ZINC tranches,ZINC_DIP2A_Activators/H17/H17M000.smi.gz
ZINCh500000cOsvq,CC1=NO[C@](C)(C(=O)NCc2n[nH]c(=N)o2)C1,Local ZINC tranches,ZINC_DIP2A_Activators/H17/H17M000.smi.gz
ZINCh50000091VUa,C[C@H](N)[C@H](C)NC(=O)NCC[C@H]1CNC(=O)C1,Local ZINC tranches,ZINC_DIP2A_Activators/H17/H17M000.smi.gz
ZINCh500000cOsQp,CCC[C@@H](O)CN(C)C(=O)[C@H](C)n1cnnn1,Local ZINC tranches,ZINC_DIP2A_Activators/H17/H17M000.smi.gz
ZINCh500000cOvgp,CCc1cc(CNC(=O)CC[C@H](N)CO)on1,Local ZINC tranches,ZINC_DIP2A_Activators/H17/H17M000.smi.gz
ZINCh500000cOyza,CN(Cc1ncc[nH]1)C(=O)CC1(C#N)CNC1,Local ZINC tranches,ZINC_DIP2A_Activators/H17/H17M000.smi.gz
ZINCh500000enQJI,CC[C@@](C)(CO)NC(=O)C[C@@H]1C=NN(C)C1=O,Local ZINC tranches,ZINC_DIP2A_Activators/H17/H17M000.smi.gz
ZINCh500000c7wz0,Cc1ocnc1CCNC(=O)[C@@H](N)CC(=O)O,Local ZINC tranches,ZINC_DIP2A_Activators/H17/H17M000.smi.gz
ZINCh500000enLTY,CCOC[C@H](C)C(=O)NCCNC(=O)COC,Local ZINC tranches,ZINC_DIP2A_Activators/H17/H17M000.smi.gz
ZINCh500000cOzeW,CN1CC[C@H](n2ncn3ccnc3c2=O)C1=O,Local ZINC tranches,ZINC_DIP2A_Activators/H17/H17M000.smi.gz
ZINCh500000922lj,NCCCC[C@H](N)C(=O)NC1CC(C(=O)O)C1,Local ZINC tranches,ZINC_DIP2A_Activators/H17/H17M000.smi.gz
ZINCh500000engBs,CC(=O)N(C)[C@@H](C)C(=O)NCC1([S@@](C)=O)CC1,Local ZINC tranches,ZINC_DIP2A_Activators/H17/H17M000.smi.gz
ZINCh500000cOSF9,Cn1ncnc1COC(=O)CNC(=O)C1CC1,Local ZINC tranches,ZINC_DIP2A_Activators/H17/H17M000.smi.gz
ZINCh500000cOZ1H,O=C(NCCc1ccno1)[C@@H]1CCS(=O)(=O)C1,Local ZINC tranches,ZINC_DIP2A_Activators/H17/H17M000.smi.gz
ZINCh50000091YoH,C[S@](=O)(CCN)=NC(=O)[C@@H]1C[C@@]12CCCNC2,Local ZINC tranches,ZINC_DIP2A_Activators/H17/H17M000.smi.gz
ZINCh500000endnY,C=CC[C@H](N)C(=O)N1C[C@H](CO)OCC12CC2,Local ZINC tranches,ZINC_DIP2A_Activators/H17/H17M000.smi.gz
ZINCh500000c7xIE,O=C(O)C(=O)N1CCC[C@@H]1[C@H]1COCC[C@H]1O,Local ZINC tranches,ZINC_DIP2A_Activators/H17/H17M000.smi.gz
ZINCh500000cOJzq,C[C@H](NC(=O)NC/C=C/CN)c1ncnn1C,Local ZINC tranches,ZINC_DIP2A_Activators/H17/H17M000.smi.gz
ZINCh500000enAtx,CCC(CC)NC(=O)NCCCNS(N)(=O)=O,Local ZINC tranches,ZINC_DIP2A_Activators/H17/H17M000.smi.gz
ZINCh500000cOJ4D,C[C@H](CO)C(=O)NCc1cn2c(n1)COCC2,Local ZINC tranches,ZINC_DIP2A_Activators/H17/H17M000.smi.gz
ZINCh500000BlN0e,Cc1c(N)cccc1C(=O)NC[C@@H](O)C(N)=O,Local ZINC tranches,ZINC_DIP2A_Activators/H17/H17M000.smi.gz
ZINCh500000en6by,C#C[C@@H](C)CNC(=O)NCc1nc(CO)n[nH]1,Local ZINC tranches,ZINC_DIP2A_Activators/H17/H17M000.smi.gz
ZINCh500000925Ah,O=C(NCc1ccc(O)nn1)C12CC(CO1)C2,Local ZINC tranches,ZINC_DIP2A_Activators/H17/H17M000.smi.gz
ZINCh500000cOrfs,CC(C)(C)c1nnn(CC(=O)N2CC(N)C2)n1,Local ZINC tranches,ZINC_DIP2A_Activators/H17/H17M000.smi.gz
ZINCh50000091Aax,CC(=O)N[C@@H](C)C1CN(C(=O)CC[S@@](C)=O)C1,Local ZINC tranches,ZINC_DIP2A_Activators/H17/H17M000.smi.gz
ZINCh500000ensIA,CC(C)[C@H](O)C(=O)NCCCCc1nn[nH]n1,Local ZINC tranches,ZINC_DIP2A_Activators/H17/H17M000.smi.gz
ZINCh50000091XDO,C[C@H]1C[C@H]1n1nnnc1N1C[C@@H](O)C[C@H]1CO,Local ZINC tranches,ZINC_DIP2A_Activators/H17/H17M000.smi.gz
ZINCh500000cnFzk,NCCOCCNc1ccnc2c1CC(=O)N2,Local ZINC tranches,ZINC_DIP2A_Activators/H17/H17M000.smi.gz
ZINCh500000c7x7x,N[C@@H](CCC(=O)O)C(=O)N[C@H]1CC[C@@H](N)CC1,Local ZINC tranches,ZINC_DIP2A_Activators/H17/H17M000.smi.gz
ZINCh500000c7wEl,Cn1cc(CCNC(=O)[C@H]2C[C@H]2C(=O)O)cn1,Local ZINC tranches,ZINC_DIP2A_Activators/H17/H17M000.smi.gz
ZINCh500000cOLPZ,Cc1cc(=O)n2[nH]c(=NC[C@@H](O)CN)sc2n1,Local ZINC tranches,ZINC_DIP2A_Activators/H17/H17M000.smi.gz
ZINCh600000eqXU4,CCn1nc([C@H](C)O)nc1-c1cn(C)c(O)n1,Local ZINC tranches,ZINC_DIP2A_Activators/H17/H17P000.smi.gz
ZINCh60000007EXa,CCCN(CC#N)C(=O)CSc1nnnn1C,Local ZINC tranches,ZINC_DIP2A_Activators/H17/H17P000.smi.gz
ZINCh60000007IJO,CCNCCC(=O)N1CCS(=O)(=O)[C@H](C)[C@H]1C,Local ZINC tranches,ZINC_DIP2A_Activators/H17/H17P000.smi.gz
ZINCh60000007X1E,COC(=O)CCNC(=O)CCc1nccn1C,Local ZINC tranches,ZINC_DIP2A_Activators/H17/H17P000.smi.gz
ZINCh60000008kFd,Cc1cc(Cl)ncc1NC(=O)C(=O)NCCN,Local ZINC tranches,ZINC_DIP2A_Activators/H17/H17P000.smi.gz
ZINCh60000007tdf,C#CCC[S@@](C)(=O)=NC(=O)C[C@@H](C)NC(N)=O,Local ZINC tranches,ZINC_DIP2A_Activators/H17/H17P000.smi.gz
ZINCh600000er2e7,COC1(OC)CC[C@@H]1CNC[C@@H]1COC(=O)N1,Local ZINC tranches,ZINC_DIP2A_Activators/H17/H17P000.smi.gz
ZINCh600000oYQ5x,CN(CCNS(C)(=O)=O)C(=O)C1(C)CC1(F)F,Local ZINC tranches,ZINC_DIP2A_Activators/H17/H17P000.smi.gz
ZINCh60000007zPX,CC(C)CNC(=O)[C@@H](C)NC(=O)C1CC(N)C1,Local ZINC tranches,ZINC_DIP2A_Activators/H17/H17P000.smi.gz
ZINCh600000084Ka,CO[C@@H](C(=O)N[C@H]1C[C@@H](N)C1)[C@@H]1CCCOC1,Local ZINC tranches,ZINC_DIP2A_Activators/H17/H17P000.smi.gz
ZINCh600000cPePb,Cn1cc(COC(=O)C2(O)CCOCC2)cn1,Local ZINC tranches,ZINC_DIP2A_Activators/H17/H17P000.smi.gz
ZINCh600000AivFs,Cc1cc(N2C[C@@H]3OC(=O)O[C@@H]3CN2)ncn1,Local ZINC tranches,ZINC_DIP2A_Activators/H17/H17P000.smi.gz
ZINCh600000cPffR,N#C[C@]1(F)CCN(c2cnc(C(N)=O)cn2)C1,Local ZINC tranches,ZINC_DIP2A_Activators/H17/H17P000.smi.gz
ZINCh60000007BZa,CC(C)[C@H]1CN(C(=O)[C@H]2COC(=O)C2)CCN1,Local ZINC tranches,ZINC_DIP2A_Activators/H17/H17P000.smi.gz
ZINCh600000erbWB,FC(F)CN(CCCn1cnnn1)C1COC1,Local ZINC tranches,ZINC_DIP2A_Activators/H17/H17P000.smi.gz
ZINCh600000thMdQ,CC(CO)C1CCN(CCCS(N)(=O)=O)CC1,Local ZINC tranches,ZINC_DIP2A_Activators/H17/H17P000.smi.gz
ZINCh600000y8nIa,CN1CC[C@]2(CCN(S(=O)(=O)C3CC3)C2)C1=O,Local ZINC tranches,ZINC_DIP2A_Activators/H17/H17P000.smi.gz
ZINCh600000081LS,COCC[C@H]1CN(C(=O)[C@H]2CCCN2)CCO1,Local ZINC tranches,ZINC_DIP2A_Activators/H17/H17P000.smi.gz
ZINCh60000007I70,CCN1OC[C@H](n2cc(CCC#N)nn2)C1=O,Local ZINC tranches,ZINC_DIP2A_Activators/H17/H17P000.smi.gz
ZINCh600000ergWp,O=C1OC[C@@H](C(=O)Nc2cncc(CO)c2)O1,Local ZINC tranches,ZINC_DIP2A_Activators/H17/H17P000.smi.gz
ZINCh600000AiCqS,COc1c(C(=O)N2C[C@@H]3OCC[C@@H]32)cnn1C,Local ZINC tranches,ZINC_DIP2A_Activators/H17/H17P000.smi.gz
ZINCh600000eqQ2Z,CC(=O)NC(C)(C)CNC(=O)C(F)(F)[C@H](C)O,Local ZINC tranches,ZINC_DIP2A_Activators/H17/H17P000.smi.gz
ZINCh60000007tkM,C#CCN(CC(=O)NCCCC)CC(=O)OC,Local ZINC tranches,ZINC_DIP2A_Activators/H17/H17P000.smi.gz
ZINCh600000y8DXK,COC(=O)[C@H](CO)NC(=O)C1CC(CCF)C1,Local ZINC tranches,ZINC_DIP2A_Activators/H17/H17P000.smi.gz
ZINCh60000008c2w,C[C@@H]1CN(C(=O)c2ccc(CO)cn2)C[C@H]1O,Local ZINC tranches,ZINC_DIP2A_Activators/H17/H17P000.smi.gz
ZINCh600000eqNVi,C#C[C@]1(C)CCCN1C(=O)CCn1cnnn1,Local ZINC tranches,ZINC_DIP2A_Activators/H17/H17P000.smi.gz
ZINCh600000erery,O=C(COC1CNC1)N1C[C@H]2CC(F)(F)[C@@H]2C1,Local ZINC tranches,ZINC_DIP2A_Activators/H17/H17P000.smi.gz
ZINCh60000007On2,CC[C@H](O)[C@@H](C)NS(=O)(=O)c1c(Br)nnn1C,Local ZINC tranches,ZINC_DIP2A_Activators/H17/H17P000.smi.gz
ZINCh600000eqMNK,C#CCC1(C(=O)NCC(=O)N2CCCO2)CC1,Local ZINC tranches,ZINC_DIP2A_Activators/H17/H17P000.smi.gz
ZINCh600000eqTC0,CCC(C)=CC(=O)N1CCN(CCO)C(=O)C1,Local ZINC tranches,ZINC_DIP2A_Activators/H17/H17P000.smi.gz
ZINCh600000er6Fc,C[C@@H](N1CC[C@H](CNS(C)(=O)=O)C1)C(C)(C)O,Local ZINC tranches,ZINC_DIP2A_Activators/H17/H17P000.smi.gz
ZINCh600000eqPq2,C=C[C@H](C)NC(=NC)NC[C@](C)(O)CN(C)C,Local ZINC tranches,ZINC_DIP2A_Activators/H17/H17P000.smi.gz
ZINCh600000ercfJ,N#Cc1cc(=NC(=O)[C@H]2CCCS2(=O)=O)[nH]o1,Local ZINC tranches,ZINC_DIP2A_Activators/H17/H17P000.smi.gz
ZINCh600000sbMjR,CC(C)C(NC(=O)C(=O)NCCN)C1CCC1,Local ZINC tranches,ZINC_DIP2A_Activators/H17/H17P000.smi.gz
ZINCh60000007UOS,CNC(=O)CNC(=O)c1nnc(C(F)(F)F)s1,Local ZINC tranches,ZINC_DIP2A_Activators/H17/H17P000.smi.gz
ZINCh600000AiFqJ,O=C1N[C@H](C(=O)N[C@H]2C[C@H]3C[C@@H](O)[C@@H]2C3)CS1,Local ZINC tranches,ZINC_DIP2A_Activators/H17/H17P000.smi.gz
ZINCh600000er5KR,CS(=O)(=O)N1CCC[C@@H](NCc2cnns2)C1,Local ZINC tranches,ZINC_DIP2A_Activators/H17/H17P000.smi.gz
ZINCh60000007QjH,CCn1nncc1C(=O)NCC[C@H](O)C(F)F,Local ZINC tranches,ZINC_DIP2A_Activators/H17/H17P000.smi.gz
ZINCh60000007PLz,CCn1cc(CNC[C@H]2C[C@@H](O)CN2C)cn1,Local ZINC tranches,ZINC_DIP2A_Activators/H17/H17P000.smi.gz
ZINCh600000y8h9t,C[C@@H](O)[C@H](NC(=O)CC(C)(C)C(F)F)C(N)=O,Local ZINC tranches,ZINC_DIP2A_Activators/H17/H17P000.smi.gz
ZINCh600000BlOTW,Cc1csc(C(=O)NNC(=O)[C@@H]2[C@H]3CN[C@H]32)c1,Local ZINC tranches,ZINC_DIP2A_Activators/H17/H17P000.smi.gz
ZINCh60000092k9e,CCCC=C[C@@H](O)C(=O)NC1CC(C(N)=O)C1,Local ZINC tranches,ZINC_DIP2A_Activators/H17/H17P000.smi.gz
ZINCh600000eqU95,CCCNS(=O)(=O)N[C@H]1COC(C)(C)[C@@H]1OC,Local ZINC tranches,ZINC_DIP2A_Activators/H17/H17P000.smi.gz
ZINCh60000008sgq,NCCCc1noc(CC[C@@]2(N)CCOC2)n1,Local ZINC tranches,ZINC_DIP2A_Activators/H17/H17P000.smi.gz
ZINCh60000007Lew,CCSC[C@@H](C)NC(=O)C(=O)N(C)[C@H](C)CN,Local ZINC tranches,ZINC_DIP2A_Activators/H17/H17P000.smi.gz
ZINCh600000y88Eb,C=CCN1CC[C@@H](N(C)[S@@](=O)CCOC)C1=O,Local ZINC tranches,ZINC_DIP2A_Activators/H17/H17P000.smi.gz
ZINCh600000vBCSb,COCO[C@@H](C)C(=O)NNc1ncc(F)cn1,Local ZINC tranches,ZINC_DIP2A_Activators/H17/H17P000.smi.gz
ZINCh600000vNAS4,CCOCCOCC(=O)NC[C@@H](ON)C(C)C,Local ZINC tranches,ZINC_DIP2A_Activators/H17/H17P000.smi.gz
ZINCh600000y8wRM,COCC[C@H](NC(=O)CC1CC(S)C1)C(N)=O,Local ZINC tranches,ZINC_DIP2A_Activators/H17/H17P000.smi.gz
ZINCh600000er0RX,COC(=O)CC(F)(F)CNC(=O)[C@H]1CC[C@H]1N,Local ZINC tranches,ZINC_DIP2A_Activators/H17/H17P000.smi.gz
ZINCh60000092mci,CO[C@@H](F)C(=O)N1CC(C)(NC(=O)CCF)C1,Local ZINC tranches,ZINC_DIP2A_Activators/H17/H17P000.smi.gz
ZINCh60000092kEd,CC[C@@H](CNC(=O)CCC[N+](=O)[O-])NC(C)=O,Local ZINC tranches,ZINC_DIP2A_Activators/H17/H17P000.smi.gz
ZINCh60000008qQ9,N=c1[nH]cncc1CN=C1N[C@H]2CCC[C@@H]2N1,Local ZINC tranches,ZINC_DIP2A_Activators/H17/H17P000.smi.gz
ZINCh600000uZHPa,COCCS(=O)(=O)CCNCC1CCCOC1,Local ZINC tranches,ZINC_DIP2A_Activators/H17/H17P000.smi.gz
ZINCh600000x7MBD,NC1C[C@@H]2C(C(=O)N[C@H](CO)C(F)(F)F)[C@H]2C1,Local ZINC tranches,ZINC_DIP2A_Activators/H17/H17P000.smi.gz
ZINCh60000008tVU,N[C@]1(CC(=O)N[C@H]2CNCC23CC3)CCSC1,Local ZINC tranches,ZINC_DIP2A_Activators/H17/H17P000.smi.gz
ZINCh600000y8cjf,C[C@H]1C[C@@H](O)C[C@@H](C)N1C(=O)C(=O)NC1CC1,Local ZINC tranches,ZINC_DIP2A_Activators/H17/H17P000.smi.gz
ZINCh600000cPf23,Cn1cnnc1NS(=O)(=O)c1ccc(C#N)o1,Local ZINC tranches,ZINC_DIP2A_Activators/H17/H17P000.smi.gz
ZINCh600000er9DA,C[C@H]1CN(C(=O)[C@H](C)NC(N)=O)CC[C@@H](C)O1,Local ZINC tranches,ZINC_DIP2A_Activators/H17/H17P000.smi.gz
ZINCh600000eqQiI,CC(=O)NC[C@H]1C[C@H]1NC(=O)[C@H](O)CC(C)C,Local ZINC tranches,ZINC_DIP2A_Activators/H17/H17P000.smi.gz
ZINCh600000AJ2SW,C[C@@H]1C[C@H]1C(=O)NNC(=O)c1ccc(=N)[nH]c1,Local ZINC tranches,ZINC_DIP2A_Activators/H17/H17P000.smi.gz
ZINCh600000vdVDu,Cc1cccc([C@@H](O)C(=O)N[C@H](C)C(N)=O)c1,Local ZINC tranches,ZINC_DIP2A_Activators/H17/H17P000.smi.gz
ZINCh60000007Un5,CNC(=O)C(C)(C)CNC(=O)[C@H](O)C1CCC1,Local ZINC tranches,ZINC_DIP2A_Activators/H17/H17P000.smi.gz
ZINCh60000007QyS,CN(C(=O)NCc1nc(C(N)=O)co1)C1CC1,Local ZINC tranches,ZINC_DIP2A_Activators/H17/H17P000.smi.gz
ZINCh600000085v6,CO[C@@H]1C[C@@H](c2ncc[nH]2)N(C(=O)CCN)C1,Local ZINC tranches,ZINC_DIP2A_Activators/H17/H17P000.smi.gz
ZINCh60000007sX2,C#CC1(S(=O)(=O)NC(=O)C2(COC)CC2)CC1,Local ZINC tranches,ZINC_DIP2A_Activators/H17/H17P000.smi.gz
ZINCh600000y8FvL,CSC[C@@H](C)N(C)C(=O)[C@H]1CS(=O)(=O)CCO1,Local ZINC tranches,ZINC_DIP2A_Activators/H17/H17P000.smi.gz
ZINCh600000er3fx,COCC[S@@](C)(=O)=NC(=O)[C@]1(C)COCCO1,Local ZINC tranches,ZINC_DIP2A_Activators/H17/H17P000.smi.gz
ZINCh600000cPclM,CO[C@@]1(C(=O)Nc2cn(C)nc2C)CCNC1,Local ZINC tranches,ZINC_DIP2A_Activators/H17/H17P000.smi.gz
ZINCh60000007INN,CCNCCNC(=O)c1cc2n(n1)CCCO2,Local ZINC tranches,ZINC_DIP2A_Activators/H17/H17P000.smi.gz
ZINCh600000AiEv3,NCC12CC(CCN1C(=O)[C@H]1NC3CC1C3)C2,Local ZINC tranches,ZINC_DIP2A_Activators/H17/H17P000.smi.gz
ZINCh600000qsjFP,O=C(C1=CC2(CCOC2)C1)N1CCOCCN1,Local ZINC tranches,ZINC_DIP2A_Activators/H17/H17P000.smi.gz
ZINCh60000092mWn,C[C@@H]1CC[C@H]([C@@H](N)C(=O)N(C)CC(C)(C)N)O1,Local ZINC tranches,ZINC_DIP2A_Activators/H17/H17P000.smi.gz
ZINCh600000eqRzL,CC(C)NC(=O)CCN[C@H]1C(=O)NCC[C@@H]1C,Local ZINC tranches,ZINC_DIP2A_Activators/H17/H17P000.smi.gz
ZINCh600000er9dt,C[C@H](O)CCONC(=O)c1cnnn1C1CC1,Local ZINC tranches,ZINC_DIP2A_Activators/H17/H17P000.smi.gz
ZINCh600000xc7Zx,CCC[C@H](NC(=O)c1cncn1C)C(=O)NC,Local ZINC tranches,ZINC_DIP2A_Activators/H17/H17P000.smi.gz
ZINCh60000008jnQ,C[C@]1(C(=O)NC[C@H]2COCCO2)CCC[C@@H]1N,Local ZINC tranches,ZINC_DIP2A_Activators/H17/H17P000.smi.gz
ZINCh600000081SY,COCOCCCNC(=O)N[C@@H](C)C[S@@](C)=O,Local ZINC tranches,ZINC_DIP2A_Activators/H17/H17P000.smi.gz
ZINCh60000007BzU,CC(C)[C@H](C(=O)O)C(=O)N1C[C@@H]2[C@@H](CO)[C@@H]2C1,Local ZINC tranches,ZINC_DIP2A_Activators/H17/H17P000.smi.gz
ZINCh600000BlRFF,C[C@@]1(O)CON(C(=O)[C@H]2C[C@@H]3CC[C@H](C2)N3)C1,Local ZINC tranches,ZINC_DIP2A_Activators/H17/H17P000.smi.gz
ZINCh60000008f1Q,C[C@H](CN)CNC(=O)C(=O)N1[C@H](C)CC[C@H]1C,Local ZINC tranches,ZINC_DIP2A_Activators/H17/H17P000.smi.gz
ZINCh60000092mGM,C[C@@H](CN=c1[nH]nco1)NC(=O)c1cn[nH]c1,Local ZINC tranches,ZINC_DIP2A_Activators/H17/H17P000.smi.gz
ZINCh60000007ExJ,CCCCC[C@@H](O)C(=O)NC[C@H]1CNCCO1,Local ZINC tranches,ZINC_DIP2A_Activators/H17/H17P000.smi.gz
ZINCh600000BlThn,CC[C@@]1(C(=O)N[C@H]2COCC[C@H]2N)CCOC1,Local ZINC tranches,ZINC_DIP2A_Activators/H17/H17P000.smi.gz
ZINCh700000erzrx,COCC(=O)N[C@H]1CCC[C@H]1NC(=O)CCF,Local ZINC tranches,ZINC_DIP2A_Activators/H17/H17P010.smi.gz
ZINCh700000ervEq,CN1CCCN(C(=O)[C@]23CNC[C@@]2(C)C3)CC1,Local ZINC tranches,ZINC_DIP2A_Activators/H17/H17P010.smi.gz
ZINCh700000rE0kC,CCN(C(=O)CCC(C)N)C1CCS(=O)(=O)C1,Local ZINC tranches,ZINC_DIP2A_Activators/H17/H17P010.smi.gz
ZINCh700000erwGz,CNC(=O)C(C)(C)CNS(=O)(=O)CC1(F)CC1,Local ZINC tranches,ZINC_DIP2A_Activators/H17/H17P010.smi.gz
ZINCh700000erlWO,CC(C)(CC#N)CS(=O)(=O)N[C@@H]1CNC[C@@H]1F,Local ZINC tranches,ZINC_DIP2A_Activators/H17/H17P010.smi.gz
ZINCh70000092r6n,CCC(=O)N1CC[C@@H]1CNC(=O)c1cc[nH]n1,Local ZINC tranches,ZINC_DIP2A_Activators/H17/H17P010.smi.gz
ZINCh70000009HdJ,NC1(C(=O)N[C@@H](CO)CCF)CC(C(F)F)C1,Local ZINC tranches,ZINC_DIP2A_Activators/H17/H17P010.smi.gz
ZINCh70000009ugC,C[C@H](O)C[C@H](C)NC(=O)C[C@H]1C[C@H](N)CCO1,Local ZINC tranches,ZINC_DIP2A_Activators/H17/H17P010.smi.gz
ZINCh700000098BC,COC(=O)C[C@@H](CNC(=O)[C@@H](C)N)C(F)(F)F,Local ZINC tranches,ZINC_DIP2A_Activators/H17/H17P010.smi.gz
ZINCh70000008QTS,CCN1C[C@@H](CNC(=O)c2csnn2)CC1=O,Local ZINC tranches,ZINC_DIP2A_Activators/H17/H17P010.smi.gz
ZINCh700000BlZb7,CCC[C@@](C)(O)C(=O)N1C[C@H](O)C[C@@H](OC)C1,Local ZINC tranches,ZINC_DIP2A_Activators/H17/H17P010.smi.gz
ZINCh70000008UwB,CCS[C@H](C)C(=O)NS(=O)(=O)Cc1ncon1,Local ZINC tranches,ZINC_DIP2A_Activators/H17/H17P010.smi.gz
ZINCh700000ermj0,CC(C)C(=O)N1CCC[C@H](NC(=O)[C@H](C)O)C1,Local ZINC tranches,ZINC_DIP2A_Activators/H17/H17P010.smi.gz
ZINCh700000BlQbw,C[C@]1(NC(=O)/C=C/[C@@H]2CCCN2)CCOC1=O,Local ZINC tranches,ZINC_DIP2A_Activators/H17/H17P010.smi.gz
ZINCh700000cnLt2,O=C1NCC[C@H]1Nc1nc(Br)cn2ncnc12,Local ZINC tranches,ZINC_DIP2A_Activators/H17/H17P010.smi.gz
ZINCh700000mgoAy,COCCOCC(=O)N1CCC(CO)C(C)C1,Local ZINC tranches,ZINC_DIP2A_Activators/H17/H17P010.smi.gz
ZINCh70000009wrk,C[C@H]1C[C@H](NC(=O)[C@H]2CCNC2=O)C[C@@H](C)O1,Local ZINC tranches,ZINC_DIP2A_Activators/H17/H17P010.smi.gz
ZINCh700000y87dk,CC[C@H](C)OCC(=O)N1CC[C@H](O)[C@H](O)CC1,Local ZINC tranches,ZINC_DIP2A_Activators/H17/H17P010.smi.gz
ZINCh700000y882t,CC[C@H](O)CC(=O)N[C@@H](CC(=O)NC)C1CC1,Local ZINC tranches,ZINC_DIP2A_Activators/H17/H17P010.smi.gz
ZINCh70000008Vb9,CC[C@@H](C[C@H](C)O)NC(=O)Cn1nccc1N,Local ZINC tranches,ZINC_DIP2A_Activators/H17/H17P010.smi.gz
ZINCh700000xcsJn,O=[N+]([O-])c1cncc(N2CCOC[C@@H]2CO)c1,Local ZINC tranches,ZINC_DIP2A_Activators/H17/H17P010.smi.gz
ZINCh700000cPnnE,Cc1nocc1CNC(=O)[C@H]1CCCS1(=O)=O,Local ZINC tranches,ZINC_DIP2A_Activators/H17/H17P010.smi.gz
ZINCh700000cPoPW,Nc1nonc1C(=O)NCCC1=CCOCC1,Local ZINC tranches,ZINC_DIP2A_Activators/H17/H17P010.smi.gz
ZINCh700000errdJ,CCOC(=O)CNC(=O)[C@@H]1CNC[C@H]1C(C)C,Local ZINC tranches,ZINC_DIP2A_Activators/H17/H17P010.smi.gz
ZINCh70000008RdB,CCNC(=O)CC(=O)N[C@@H](C)c1cncn1C,Local ZINC tranches,ZINC_DIP2A_Activators/H17/H17P010.smi.gz
ZINCh70000009foM,COC[C@H](O)CN1CCCc2c(cnn2C)C1,Local ZINC tranches,ZINC_DIP2A_Activators/H17/H17P010.smi.gz
ZINCh70000009nxM,C[C@@H]1C(=O)N(C[C@H](O)CC(C)(C)O)C(=O)[C@H]1C,Local ZINC tranches,ZINC_DIP2A_Activators/H17/H17P010.smi.gz
ZINCh70000008Dux,C=CCCS(=O)(=O)N[C@@H](C(=O)O)[C@H]1CCCO1,Local ZINC tranches,ZINC_DIP2A_Activators/H17/H17P010.smi.gz
ZINCh700000erwoc,CN=C(NCCC(=O)NC)NCC1(F)CCC1,Local ZINC tranches,ZINC_DIP2A_Activators/H17/H17P010.smi.gz
ZINCh70000009Aeu,Cc1nc(C)c(F)c(=NCCNS(C)(=O)=O)[nH]1,Local ZINC tranches,ZINC_DIP2A_Activators/H17/H17P010.smi.gz
ZINCh700000y8hUW,CCN1C[C@H]2CN(C(=O)C[S@](=O)CC)C[C@H]2C1,Local ZINC tranches,ZINC_DIP2A_Activators/H17/H17P010.smi.gz
ZINCh70000009vEU,C[C@H]1CN(C2=NC[C@H](C)N2C)C[C@H](CCO)O1,Local ZINC tranches,ZINC_DIP2A_Activators/H17/H17P010.smi.gz
ZINCh700000098IK,COC(=O)C[C@H](NC(=O)c1nc[nH]n1)C(C)C,Local ZINC tranches,ZINC_DIP2A_Activators/H17/H17P010.smi.gz
ZINCh70000009Igj,NC[C@H]1CCC[C@H]1Nc1cncc(C(N)=O)n1,Local ZINC tranches,ZINC_DIP2A_Activators/H17/H17P010.smi.gz
ZINCh70000009dUR,COC[C@@H](C)C(=O)N1CC[C@@H](CS(C)(=O)=O)C1,Local ZINC tranches,ZINC_DIP2A_Activators/H17/H17P010.smi.gz
ZINCh700000erGfy,C[C@H](NC(=O)COCC1CCC1)c1nn[nH]n1,Local ZINC tranches,ZINC_DIP2A_Activators/H17/H17P010.smi.gz
ZINCh700000097Ac,CN[C@@H]1CCN(C(=O)[C@@]2(C3CC3)CCNC2)C1,Local ZINC tranches,ZINC_DIP2A_Activators/H17/H17P010.smi.gz
ZINCh700000raYvx,CC1(/C=C/C(=O)N2C[C@@H]3OCO[C@@H]3C2)COC1,Local ZINC tranches,ZINC_DIP2A_Activators/H17/H17P010.smi.gz
ZINCh700000erDge,C[C@@H](CF)C(=O)NCCNC(=O)c1cnco1,Local ZINC tranches,ZINC_DIP2A_Activators/H17/H17P010.smi.gz
ZINCh700000099Ei,COC(=O)[C@@H]1C[C@@H]1[C@H](C)NCc1cn(C)nn1,Local ZINC tranches,ZINC_DIP2A_Activators/H17/H17P010.smi.gz
ZINCh700000erlqD,CC(=O)N[C@@H]1C[C@H]1CNC(=O)c1nnsc1C,Local ZINC tranches,ZINC_DIP2A_Activators/H17/H17P010.smi.gz
ZINCh7000000908J,CCn1ncc(CNC(=O)COCC(F)F)n1,Local ZINC tranches,ZINC_DIP2A_Activators/H17/H17P010.smi.gz
ZINCh700000eryq1,COC(=O)[C@@H]1C[C@@H]1CS(=O)(=O)N1CCSCC1,Local ZINC tranches,ZINC_DIP2A_Activators/H17/H17P010.smi.gz
ZINCh700000y85bB,CC(C)(C)ONC(=O)[C@H]1C[C@@H](NS(C)(=O)=O)C1,Local ZINC tranches,ZINC_DIP2A_Activators/H17/H17P010.smi.gz
ZINCh700000wv5hF,C[C@H]1C[C@@H]1C(=O)NCC1CN(C(=O)CC#N)C1,Local ZINC tranches,ZINC_DIP2A_Activators/H17/H17P010.smi.gz
ZINCh700000y8ryU,CN(C[C@@H]1CCO1)C(=O)[C@@]1(C)CCCNC1=O,Local ZINC tranches,ZINC_DIP2A_Activators/H17/H17P010.smi.gz
ZINCh70000092piz,C#C[C@H](CO)NC(=O)c1n[nH]cc1C(F)(F)F,Local ZINC tranches,ZINC_DIP2A_Activators/H17/H17P010.smi.gz
ZINCh70000009FRB,N#Cc1cnn(C(=O)c2ccncc2O)c1N,Local ZINC tranches,ZINC_DIP2A_Activators/H17/H17P010.smi.gz
ZINCh70000008EQ8,CC#CCCNC(=O)NC[C@@H]1CCS(=O)(=O)C1,Local ZINC tranches,ZINC_DIP2A_Activators/H17/H17P010.smi.gz
ZINCh70000009Dqi,Cn1cnc(C(=O)N[C@@]2(C(=O)O)CCSC2)c1,Local ZINC tranches,ZINC_DIP2A_Activators/H17/H17P010.smi.gz
ZINCh70000009sUT,C[C@H](N)CCNC(=O)N1CC[C@@]2(CCNC2)C1,Local ZINC tranches,ZINC_DIP2A_Activators/H17/H17P010.smi.gz
ZINCh70000008FkA,CC(=O)N1CSC[C@@H]1C(=O)N[C@@H](C)CCCN,Local ZINC tranches,ZINC_DIP2A_Activators/H17/H17P010.smi.gz
ZINCh700000uPUE4,C#CCCCOCC(=O)OC1CCS(=O)(=O)C1,Local ZINC tranches,ZINC_DIP2A_Activators/H17/H17P010.smi.gz
ZINCh700000erz5B,COC1(CNC(=O)C(=O)N(C)CC2CC2)CC1,Local ZINC tranches,ZINC_DIP2A_Activators/H17/H17P010.smi.gz
ZINCh70000009y4A,Cc1cc(=O)n(C)cc1NC(=O)NC[C@H](C)O,Local ZINC tranches,ZINC_DIP2A_Activators/H17/H17P010.smi.gz
ZINCh700000erPAp,O=S(=O)(c1ccc(Br)s1)N1C[C@@H](O)[C@@H](O)CO1,Local ZINC tranches,ZINC_DIP2A_Activators/H17/H17P010.smi.gz
ZINCh70000009J92,N[C@@H]1CC[C@H]2CN(C(=O)Cc3cc[nH]n3)C[C@H]12,Local ZINC tranches,ZINC_DIP2A_Activators/H17/H17P010.smi.gz
ZINCh700000cPnuV,Cn1[nH]c(COC(=O)CCP(C)(C)=O)nc1=O,Local ZINC tranches,ZINC_DIP2A_Activators/H17/H17P010.smi.gz
ZINCh70000009Qit,O=c1c(F)cncn1C[C@@H](O)[C@H]1CCCOC1,Local ZINC tranches,ZINC_DIP2A_Activators/H17/H17P010.smi.gz
ZINCh70000009OoI,O=C(c1ccncc1O)N1C[C@@H]2C[C@H]1C[S@]2=O,Local ZINC tranches,ZINC_DIP2A_Activators/H17/H17P010.smi.gz
ZINCh70000008ZMX,CCn1cc(CCn2nnnc2[C@@H](C)O)cn1,Local ZINC tranches,ZINC_DIP2A_Activators/H17/H17P010.smi.gz
ZINCh700000erqxB,CCN(C[C@@H](C)OC)[C@@H](C)C(=O)NC(=O)NC,Local ZINC tranches,ZINC_DIP2A_Activators/H17/H17P010.smi.gz
ZINCh700000erm59,CC(C)(N)C#CC(=O)N[C@@H]1C[C@H](O)C12CCC2,Local ZINC tranches,ZINC_DIP2A_Activators/H17/H17P010.smi.gz
ZINCh70000009NN5,O=C(O)[C@@H]1CC[C@H](C(=O)O)N1CCCCCO,Local ZINC tranches,ZINC_DIP2A_Activators/H17/H17P010.smi.gz
ZINCh70000008DhR,C=CC1(S(=O)(=O)NC(=O)c2ccn(C)n2)CC1,Local ZINC tranches,ZINC_DIP2A_Activators/H17/H17P010.smi.gz
ZINCh70000008NaK,CCCC[C@@H](N)C(=O)NC[C@@]1(C)COC(=O)N1,Local ZINC tranches,ZINC_DIP2A_Activators/H17/H17P010.smi.gz
ZINCh70000008MLz,CCCC=C[C@H](O)C(=O)NCCNC(=O)OC,Local ZINC tranches,ZINC_DIP2A_Activators/H17/H17P010.smi.gz
ZINCh700000vFMCt,C[S@](=O)CCN(C=O)Cc1cc(C(N)=O)cs1,Local ZINC tranches,ZINC_DIP2A_Activators/H17/H17P010.smi.gz
ZINCh700000cPnSn,Cn1ncc(CNC(=O)C[C@@H]2CCCO2)c1N,Local ZINC tranches,ZINC_DIP2A_Activators/H17/H17P010.smi.gz
ZINCh70000008IZ2,CC(C)[C@@H](C#N)NC(=O)C[C@]1(O)CCCNC1,Local ZINC tranches,ZINC_DIP2A_Activators/H17/H17P010.smi.gz
ZINCh700000cPlKC,C[C@H](CN)CC(=O)N[C@H](C)CCn1cncn1,Local ZINC tranches,ZINC_DIP2A_Activators/H17/H17P010.smi.gz
ZINCh70000008OGY,CCC[C@H](CCO)NC(=O)C1(O)CCOCC1,Local ZINC tranches,ZINC_DIP2A_Activators/H17/H17P010.smi.gz
ZINCh70000008EJC,C=C[C@](C)(CCOC)C(=O)NCC(=O)N(C)O,Local ZINC tranches,ZINC_DIP2A_Activators/H17/H17P010.smi.gz
ZINCh700000y8gH8,C[C@@H](NC(=O)CNCC(F)(F)F)c1cnn[nH]1,Local ZINC tranches,ZINC_DIP2A_Activators/H17/H17P010.smi.gz
ZINCh700000vbl6V,CCn1cncc1CNC(=O)[C@@H]1C[C@H]1[N+](=O)[O-],Local ZINC tranches,ZINC_DIP2A_Activators/H17/H17P010.smi.gz
ZINCh70000092x6V,O=C1C[C@@H](CCN[C@@H]2CN3CCC[C@H]2C3)CN1,Local ZINC tranches,ZINC_DIP2A_Activators/H17/H17P010.smi.gz
ZINCh700000erpsU,CCCN(C)S(=O)(=O)NC(=O)[C@H]1OCC[C@H]1C,Local ZINC tranches,ZINC_DIP2A_Activators/H17/H17P010.smi.gz
ZINCh70000009KxL,O=C(CO)NNC(=O)Cc1cc(F)ccc1Cl,Local ZINC tranches,ZINC_DIP2A_Activators/H17/H17P010.smi.gz
ZINCh70000008Nq0,CCCN(C)CC(C)(C)NC(=O)COCCN,Local ZINC tranches,ZINC_DIP2A_Activators/H17/H17P010.smi.gz
ZINCh700000erB4y,COCn1ccc(C(=O)N2[C@H]3COC[C@H]2C3)n1,Local ZINC tranches,ZINC_DIP2A_Activators/H17/H17P010.smi.gz
ZINCh70000009D2a,Cn1cc([C@H](CO)NCCN2CCCC2)cn1,Local ZINC tranches,ZINC_DIP2A_Activators/H17/H17P010.smi.gz
ZINCh700000096Zm,CNC[C@@H](O)CN(C)C(=O)C[C@H](O)C(Cl)(Cl)Cl,Local ZINC tranches,ZINC_DIP2A_Activators/H17/H17P010.smi.gz
ZINCh700000kFWNK,COCC(C)(C)NS(=O)(=O)[C@H]1CC[C@@H]1C(=O)O,Local ZINC tranches,ZINC_DIP2A_Activators/H17/H17P010.smi.gz
ZINCh700000xcpDl,NC(=O)NCCNC(=O)Cc1ccc(Br)nc1,Local ZINC tranches,ZINC_DIP2A_Activators/H17/H17P010.smi.gz
ZINCh80000092APm,CN(CC(=O)O)C(=O)N[C@H]1CO[C@@H](C2CC2)C1,Local ZINC tranches,ZINC_DIP2A_Activators/H17/H17P020.smi.gz
ZINCh800000esjMR,N[C@@H](C[C@H](F)C(=O)NC[C@@H]1C=CCC1)C(=O)O,Local ZINC tranches,ZINC_DIP2A_Activators/H17/H17P020.smi.gz
ZINCh8000000a5Ow,CCCn1nccc1CN1C[C@@H](O)C[C@H]1CO,Local ZINC tranches,ZINC_DIP2A_Activators/H17/H17P020.smi.gz
ZINCh800000xciVN,CN(C(=O)[C@@H]1Cc2nccn2C1)C(C)(C)CO,Local ZINC tranches,ZINC_DIP2A_Activators/H17/H17P020.smi.gz
ZINCh800000BlIYb,CC1CCC([C@@H](N)C(=O)NCC#CCO)CC1,Local ZINC tranches,ZINC_DIP2A_Activators/H17/H17P020.smi.gz
ZINCh800000erZam,CCN(CCNC(=O)[C@H]1C[C@@H]1Cl)C(=O)COC,Local ZINC tranches,ZINC_DIP2A_Activators/H17/H17P020.smi.gz
ZINCh800000esnlr,O=C([C@@H](O)C1CCCC1)N1C[C@@H]2CNC[C@@H]2C1,Local ZINC tranches,ZINC_DIP2A_Activators/H17/H17P020.smi.gz
ZINCh800000BlU6c,C=CC1(O)CN(C(=O)C23CC(CC)(CN2)C3)C1,Local ZINC tranches,ZINC_DIP2A_Activators/H17/H17P020.smi.gz
ZINCh800000BlWEf,CCC(CC)(CO)CNC(=O)[C@@H](CCN)OC,Local ZINC tranches,ZINC_DIP2A_Activators/H17/H17P020.smi.gz
ZINCh800000xceYd,CCOC[C@@H](C)NC(=O)c1cc(O)nc(C)n1,Local ZINC tranches,ZINC_DIP2A_Activators/H17/H17P020.smi.gz
ZINCh800000erTRD,CC#CCOC(=O)C[C@H]1SC2=NCCN2C1=O,Local ZINC tranches,ZINC_DIP2A_Activators/H17/H17P020.smi.gz
ZINCh800000erUC9,CC(=O)OCCNC(=O)c1sc(CO)nc1C,Local ZINC tranches,ZINC_DIP2A_Activators/H17/H17P020.smi.gz
ZINCh8000000aLRt,C[C@H]1CSCCCN1C(=O)Cn1cnc(=N)[nH]1,Local ZINC tranches,ZINC_DIP2A_Activators/H17/H17P020.smi.gz
ZINCh8000000aRHR,Cc1nn(C)c(C)c1C(=O)N1CCS(=O)CC1,Local ZINC tranches,ZINC_DIP2A_Activators/H17/H17P020.smi.gz
ZINCh8000000at6F,COCCOCCC(=O)N[C@@H]1CCC[C@H]1CN,Local ZINC tranches,ZINC_DIP2A_Activators/H17/H17P020.smi.gz
ZINCh800000es8rJ,COC[C@@H]1CCN1C(=O)[C@]12C[C@@H]3C[C@@H]1[C@H]2[C@H]3O,Local ZINC tranches,ZINC_DIP2A_Activators/H17/H17P020.smi.gz
ZINCh800000BlWjL,CC(C)(C)C[C@@H](O)C(=O)N[C@@H]1C=CS(=O)(=O)C1,Local ZINC tranches,ZINC_DIP2A_Activators/H17/H17P020.smi.gz
ZINCh800000cPvIL,Cc1[nH]nc(C(=O)N[C@@H]2COCC[C@H]2O)c1Cl,Local ZINC tranches,ZINC_DIP2A_Activators/H17/H17P020.smi.gz
ZINCh800000wBF8Z,Cc1cc(CNCCc2nnnn2C)ccn1,Local ZINC tranches,ZINC_DIP2A_Activators/H17/H17P020.smi.gz
ZINCh800000cPxTd,N=c1[nH]nc(CNC(=O)Nc2ccnnc2)s1,Local ZINC tranches,ZINC_DIP2A_Activators/H17/H17P020.smi.gz
ZINCh800000BlVrp,CC(C)C[C@]1(O)CCN(C(=O)[C@@H](N)CC#N)C1,Local ZINC tranches,ZINC_DIP2A_Activators/H17/H17P020.smi.gz
ZINCh8000000aI0p,C[C@H](CCO)N(C)C(=O)[C@H]1CCCC(=O)N1C,Local ZINC tranches,ZINC_DIP2A_Activators/H17/H17P020.smi.gz
ZINCh8000000alPo,CNC(=O)CCNC(=O)C[C@H]1CCC(=O)[C@H]1C,Local ZINC tranches,ZINC_DIP2A_Activators/H17/H17P020.smi.gz
ZINCh800000so5y6,CCCC(NS(=O)(=O)NCC(F)(F)F)C(=O)O,Local ZINC tranches,ZINC_DIP2A_Activators/H17/H17P020.smi.gz
ZINCh800000es14u,CC[C@@H](CC(=O)NC[C@@H]1COCCN1C)OC,Local ZINC tranches,ZINC_DIP2A_Activators/H17/H17P020.smi.gz
ZINCh800000ov0r2,CCC(C)(O)CN1CCOCC(C(=O)OC)C1,Local ZINC tranches,ZINC_DIP2A_Activators/H17/H17P020.smi.gz
ZINCh800000l5rKX,COC1CCCC1C(=O)N1CC(O)(CC#N)C1,Local ZINC tranches,ZINC_DIP2A_Activators/H17/H17P020.smi.gz
ZINCh800000x2FXb,C[C@H]1C[C@H]2C(=O)N(c3ccc[n+]([O-])c3)C(=O)N12,Local ZINC tranches,ZINC_DIP2A_Activators/H17/H17P020.smi.gz
ZINCh8000000aele,CC[C@H](O)CC(=O)N1CC[C@@H](C)C[C@@H]1C(N)=O,Local ZINC tranches,ZINC_DIP2A_Activators/H17/H17P020.smi.gz
ZINCh800000v7eck,C=C(C)C(C(=O)OC)N1CCS(=O)(=O)[C@H](C)C1,Local ZINC tranches,ZINC_DIP2A_Activators/H17/H17P020.smi.gz
ZINCh800000v6odu,COCCS(=O)(=O)N1CC2CCCC1(CO)C2,Local ZINC tranches,ZINC_DIP2A_Activators/H17/H17P020.smi.gz
ZINCh800000wVHIw,C[C@H](C(=O)N1CC(Cn2ccnc2)C1)N(C)C,Local ZINC tranches,ZINC_DIP2A_Activators/H17/H17P020.smi.gz
ZINCh800000y8d7Y,C[C@H]1COC[C@@H](C(=O)NC(C)(C)CN(C)C)O1,Local ZINC tranches,ZINC_DIP2A_Activators/H17/H17P020.smi.gz
ZINCh8000000aUhW,Cn1cncc1CNC(=O)C[C@]1(N)CCSC1,Local ZINC tranches,ZINC_DIP2A_Activators/H17/H17P020.smi.gz
ZINCh800000y8jJe,CCOc1n[nH]cc1C(=O)NC[C@@H](N)C1CC1,Local ZINC tranches,ZINC_DIP2A_Activators/H17/H17P020.smi.gz
ZINCh8000000a1F6,CC1(C)C[C@@H](S(=O)(=O)NC[C@H]2C[C@H](O)C2)CO1,Local ZINC tranches,ZINC_DIP2A_Activators/H17/H17P020.smi.gz
ZINCh800000esmZR,O=C(N[C@H]1COCC1(F)F)[C@H]1C[C@H]2CC[C@@H]1N2,Local ZINC tranches,ZINC_DIP2A_Activators/H17/H17P020.smi.gz
ZINCh800000erWPe,CC1(C)OC[C@@H](NC(=O)[C@]2(C)CCCO2)[C@@H]1O,Local ZINC tranches,ZINC_DIP2A_Activators/H17/H17P020.smi.gz
ZINCh8000000aNuL,Cc1[nH]nc(C(=O)N(C)[C@H](CN)C2CC2)c1O,Local ZINC tranches,ZINC_DIP2A_Activators/H17/H17P020.smi.gz
ZINCh800000es6jk,COC(=O)[C@@H](N)CC(=O)N1CCC2(CCC2)C1,Local ZINC tranches,ZINC_DIP2A_Activators/H17/H17P020.smi.gz
ZINCh8000000aSFL,Cc1nscc1C(=O)N1CC[C@H](O)[C@@H](CO)C1,Local ZINC tranches,ZINC_DIP2A_Activators/H17/H17P020.smi.gz
ZINCh800000y7TMn,Cc1ncc2c(n1)CN(C(=O)[C@H](O)C(F)F)C2,Local ZINC tranches,ZINC_DIP2A_Activators/H17/H17P020.smi.gz
ZINCh800000BlNqI,Cc1cnc(C(=O)NCC[C@H](F)C(=O)O)n1C,Local ZINC tranches,ZINC_DIP2A_Activators/H17/H17P020.smi.gz
ZINCh800000erYtA,CCCONC(=O)N1CC2(CN(C(C)=O)C2)C1,Local ZINC tranches,ZINC_DIP2A_Activators/H17/H17P020.smi.gz
ZINCh800000erSlb,C=C1COC[C@@H]1NC(=O)NCCC(F)(F)CO,Local ZINC tranches,ZINC_DIP2A_Activators/H17/H17P020.smi.gz
ZINCh800000y7WHV,C=CC1CN(C(=O)NCC2(C)CS(=O)(=O)C2)C1,Local ZINC tranches,ZINC_DIP2A_Activators/H17/H17P020.smi.gz
ZINCh8000000ahlD,CN(C)C(=O)C(=O)N1CCC[C@]12CCCOC2,Local ZINC tranches,ZINC_DIP2A_Activators/H17/H17P020.smi.gz
ZINCh800000erUyb,CC(=O)N[C@H]1CCN(C(=O)c2cnsn2)[C@H]1C,Local ZINC tranches,ZINC_DIP2A_Activators/H17/H17P020.smi.gz
ZINCh8000000aNvP,Cc1[nH]nc(C(=O)N2CC[C@@H](O)[C@@H](C)C2)c1O,Local ZINC tranches,ZINC_DIP2A_Activators/H17/H17P020.smi.gz
ZINCh800000v4ARn,C#CC(C)N(C)S(=O)(=O)N(C)C1CCOCC1,Local ZINC tranches,ZINC_DIP2A_Activators/H17/H17P020.smi.gz
ZINCh8000000ajUV,CN(c1nnnn1C)C1CCN(C2CC2)CC1,Local ZINC tranches,ZINC_DIP2A_Activators/H17/H17P020.smi.gz
ZINCh8000000aUhn,Cn1cncc1CCOC(=O)[C@@H]1CCC(=O)O1,Local ZINC tranches,ZINC_DIP2A_Activators/H17/H17P020.smi.gz
ZINCh800000esdGp,C[C@H](C#N)C(=O)NC1(C)CN(C(=O)CCF)C1,Local ZINC tranches,ZINC_DIP2A_Activators/H17/H17P020.smi.gz
ZINCh800000wSB3n,NOCc1cn(CC2=NO[C@@H]3CCC[C@H]23)nn1,Local ZINC tranches,ZINC_DIP2A_Activators/H17/H17P020.smi.gz
ZINCh800000eshhL,Cc1nscc1C(=O)NCCNC(=O)CC#N,Local ZINC tranches,ZINC_DIP2A_Activators/H17/H17P020.smi.gz
ZINCh800000cPs0k,CCc1nn(C)cc1NC(=O)c1nonc1N,Local ZINC tranches,ZINC_DIP2A_Activators/H17/H17P020.smi.gz
ZINCh8000000agjy,CCn1cc([C@H](O)CNC[C@H](O)C2CC2)cn1,Local ZINC tranches,ZINC_DIP2A_Activators/H17/H17P020.smi.gz
ZINCh800000lI0bJ,CC(C(F)F)N(C)C(=O)CN1C(=O)CCC1=O,Local ZINC tranches,ZINC_DIP2A_Activators/H17/H17P020.smi.gz
ZINCh8000000aaH8,CCO[C@H]1CN[C@H](C(=O)N(CC)CCOC)C1,Local ZINC tranches,ZINC_DIP2A_Activators/H17/H17P020.smi.gz
ZINCh800000vZAfa,C[C@H](O)CCNC(=O)c1ccccc1C(N)=O,Local ZINC tranches,ZINC_DIP2A_Activators/H17/H17P020.smi.gz
ZINCh8000000aoNq,COC(=O)C[C@H](O)CNC(=O)C1(C2CC2)CC1,Local ZINC tranches,ZINC_DIP2A_Activators/H17/H17P020.smi.gz
ZINCh8000000aAhc,CS(=O)(=O)CCSCc1nc(=N)c(C#N)c[nH]1,Local ZINC tranches,ZINC_DIP2A_Activators/H17/H17P020.smi.gz
ZINCh800000cnLFP,CC(=O)N1C[C@@H]2CN(C(=O)C(C)(C)C#N)C[C@H]21,Local ZINC tranches,ZINC_DIP2A_Activators/H17/H17P020.smi.gz
ZINCh8000000aHvt,C[C@H](C(=O)NCCn1ccnc1)[C@@H]1CCNC1,Local ZINC tranches,ZINC_DIP2A_Activators/H17/H17P020.smi.gz
ZINCh800000erY0o,CCC=CC(=O)NCCNC(=O)[C@H](O)C(C)C,Local ZINC tranches,ZINC_DIP2A_Activators/H17/H17P020.smi.gz
ZINCh800000esmWf,O=C(N[C@H]1CCC[C@H](O)C1)N1CCCNCC1,Local ZINC tranches,ZINC_DIP2A_Activators/H17/H17P020.smi.gz
ZINCh8000000aQzf,Cc1nc(C2CC2)ncc1C(=O)NOCCN,Local ZINC tranches,ZINC_DIP2A_Activators/H17/H17P020.smi.gz
ZINCh8000000b8nh,OC[C@H]1CC[C@H](CN2C[C@H]3CC[C@H]2CN3)OC1,Local ZINC tranches,ZINC_DIP2A_Activators/H17/H17P020.smi.gz
ZINCh8000000a31B,CCC(=O)N[C@@H](CCC1OCCO1)C(=O)OC,Local ZINC tranches,ZINC_DIP2A_Activators/H17/H17P020.smi.gz
ZINCh8000000aWyV,N=C(CN1CCOCC1)NOCc1cncs1,Local ZINC tranches,ZINC_DIP2A_Activators/H17/H17P020.smi.gz
ZINCh8000000aVcB,Cn1nncc1C(=O)OC[C@@H]1[C@H]2CCOC[C@@H]21,Local ZINC tranches,ZINC_DIP2A_Activators/H17/H17P020.smi.gz
ZINCh800000xch8c,Cn1ncc([N+](=O)[O-])c1N1CC2(CC(N)C2)C1,Local ZINC tranches,ZINC_DIP2A_Activators/H17/H17P020.smi.gz
ZINCh800000y7WmX,CCC1(CCNC(=O)[C@@H]2CSCC(=O)N2)N=N1,Local ZINC tranches,ZINC_DIP2A_Activators/H17/H17P020.smi.gz
ZINCh800000u3CG2,O=C([C@H]1CCNC1)N1CC23CCC2(COC3)C1,Local ZINC tranches,ZINC_DIP2A_Activators/H17/H17P020.smi.gz
ZINCh8000000a9n2,CCOCC(=O)N[C@H]1CC(=O)N2CCCC[C@H]12,Local ZINC tranches,ZINC_DIP2A_Activators/H17/H17P020.smi.gz
ZINCh800000cPx6M,Cc1nsc(N(C)C(=O)[C@@H]2CCS(=O)(=O)C2)n1,Local ZINC tranches,ZINC_DIP2A_Activators/H17/H17P020.smi.gz
ZINCh800000es6g8,COC(=O)[C@@H](C)CNC(=O)[C@@]1(N)C[C@H]1C(C)C,Local ZINC tranches,ZINC_DIP2A_Activators/H17/H17P020.smi.gz
ZINCh80000092xNm,C=CC(=O)NCC(=O)N[C@H](CCO)C(C)(C)C,Local ZINC tranches,ZINC_DIP2A_Activators/H17/H17P020.smi.gz
ZINCh800000esoHc,O=S(=O)(N[C@H]1CCCCNCC1)[C@@H]1CCOC1,Local ZINC tranches,ZINC_DIP2A_Activators/H17/H17P020.smi.gz
ZINCh800000esium,N=c1[nH]nc(C(=O)N2C[C@@H]3C[C@H]4C[C@H]3[C@H]2C4)[nH]1,Local ZINC tranches,ZINC_DIP2A_Activators/H17/H17P020.smi.gz
ZINCh800000BlMF1,CC1=C(C(=O)OC[C@@H](C)S(N)(=O)=O)SCCO1,Local ZINC tranches,ZINC_DIP2A_Activators/H17/H17P020.smi.gz
ZINCh800000y8aOJ,CCC(=O)N[C@H](C)[C@H]1CCCN1C(=O)[C@@H](C)O,Local ZINC tranches,ZINC_DIP2A_Activators/H17/H17P020.smi.gz
ZINCh8000000ax9l,CONC(=O)NCc1cc2c(nc1O)CCC2,Local ZINC tranches,ZINC_DIP2A_Activators/H17/H17P020.smi.gz
ZINCh80000092Fl5,O=S(=O)(F)N1CCC(NCCC2COC2)CC1,Local ZINC tranches,ZINC_DIP2A_Activators/H17/H17P020.smi.gz
ZINCi500000961PL,CC(=O)N[C@@H](C)CN(C)C(=O)C[C@@H]1COCCO1,Local ZINC tranches,ZINC_DIP2A_Activators/H18/H18M000.smi.gz
ZINCi500000c8qv5,Cc1ccnnc1C(=O)NC[C@@H](CCO)C(=O)O,Local ZINC tranches,ZINC_DIP2A_Activators/H18/H18M000.smi.gz
ZINCi50000096w0e,COC[C@@H](C)C(=O)N(C)C[C@H](O)CN(C)CCF,Local ZINC tranches,ZINC_DIP2A_Activators/H18/H18M000.smi.gz
ZINCi500000968qV,CCC(=O)N1CC(CO)(NC(=O)C[C@H](O)CC)C1,Local ZINC tranches,ZINC_DIP2A_Activators/H18/H18M000.smi.gz
ZINCi500000cp6Rz,COC[C@H]1COCCN1C(=O)[C@@H]1C=CC(=O)N=N1,Local ZINC tranches,ZINC_DIP2A_Activators/H18/H18M000.smi.gz
ZINCi50000095UW2,C=CCNCCc1nc(CS(=O)(=O)N(C)C)no1,Local ZINC tranches,ZINC_DIP2A_Activators/H18/H18M000.smi.gz
ZINCi500000cg1W8,CC(C)c1nnnn1CC(=O)NC[C@H](F)C(=O)O,Local ZINC tranches,ZINC_DIP2A_Activators/H18/H18M000.smi.gz
ZINCi500000c8hdM,CC(C)(O)[C@H](F)CNC(=O)[C@]1(C(=O)O)CCNC1,Local ZINC tranches,ZINC_DIP2A_Activators/H18/H18M000.smi.gz
ZINCi500000cg28F,CCC(=O)C[C@@H](NC(=O)c1ccnn1C)C(=O)O,Local ZINC tranches,ZINC_DIP2A_Activators/H18/H18M000.smi.gz
ZINCi500000cV30E,COC(=O)[C@H](C)CC(=O)NCc1cnn(C)c1N,Local ZINC tranches,ZINC_DIP2A_Activators/H18/H18M000.smi.gz
ZINCi50000097327,O=C(C=CBr)N1CC2(C1)CN(C(=O)CO)CCO2,Local ZINC tranches,ZINC_DIP2A_Activators/H18/H18M000.smi.gz
ZINCi50000096WXl,Cn1nc(C(=O)N2C[C@@H]3C[C@H](C2)C3N)ccc1=O,Local ZINC tranches,ZINC_DIP2A_Activators/H18/H18M000.smi.gz
ZINCi500000cg7kW,O=C(O)[C@H](CB(O)O)NC(=O)[C@@H]1CCCC[C@H]1F,Local ZINC tranches,ZINC_DIP2A_Activators/H18/H18M000.smi.gz
ZINCi50000096w7I,COC[C@@H](C)N1CCN(C[C@@H]2COC(=O)N2)CC1,Local ZINC tranches,ZINC_DIP2A_Activators/H18/H18M000.smi.gz
ZINCi50000096Iu7,C[C@@H](O)c1cn(CCNC(=O)C(C)(C)CO)nn1,Local ZINC tranches,ZINC_DIP2A_Activators/H18/H18M000.smi.gz
ZINCi500000cUYQV,CN1CCn2[nH]c(=NC(=O)[C@H]3CCO3)cc2C1=O,Local ZINC tranches,ZINC_DIP2A_Activators/H18/H18M000.smi.gz
ZINCi500000cV5tI,COCCn1[nH]nnc1=NC(=O)N1CC[C@H](F)C1,Local ZINC tranches,ZINC_DIP2A_Activators/H18/H18M000.smi.gz
ZINCi500000BlJKC,CC1(C)C[C@H](NC(=O)[C@H]2C[C@@H](N)[C@H](O)C2)CCN1,Local ZINC tranches,ZINC_DIP2A_Activators/H18/H18M000.smi.gz
ZINCi500000cp6t5,COC1CN(C(=O)CN2CCN(C(C)=O)CC2)C1,Local ZINC tranches,ZINC_DIP2A_Activators/H18/H18M000.smi.gz
ZINCi500000cUT0a,CCn1cc(Br)c(CC(=O)NC[C@@H](O)C(N)=O)n1,Local ZINC tranches,ZINC_DIP2A_Activators/H18/H18M000.smi.gz
ZINCi50000096NyT,C[C@H](CO)C(=O)NC1(CNC(=O)C(C)(C)O)CC1,Local ZINC tranches,ZINC_DIP2A_Activators/H18/H18M000.smi.gz
ZINCi50000096LXR,C[C@H](CN(C)C(=O)[C@H]1CC12CC2)NC(=O)C(N)=O,Local ZINC tranches,ZINC_DIP2A_Activators/H18/H18M000.smi.gz
ZINCi500000cg4C7,C[C@@H](CCC(=O)O)NC(=O)[C@]1(F)CCS(=O)(=O)C1,Local ZINC tranches,ZINC_DIP2A_Activators/H18/H18M000.smi.gz
ZINCi500000BlL3T,CC1(C)[C@@H](O)CCCN1C(=O)[C@@H]1CC(=O)N(O)C1,Local ZINC tranches,ZINC_DIP2A_Activators/H18/H18M000.smi.gz
ZINCi500000cpbcN,O=C(NCC1CCOCC1)[C@H](CO)n1ccnc1,Local ZINC tranches,ZINC_DIP2A_Activators/H18/H18M000.smi.gz
ZINCi50000096Cxy,CSCC(=O)NC[C@@H](C)NC(=O)CCCC(N)=O,Local ZINC tranches,ZINC_DIP2A_Activators/H18/H18M000.smi.gz
ZINCi500000cUZ2k,CN1C[C@@H](O)[C@H](NC(=O)c2c(O)cccc2F)C1,Local ZINC tranches,ZINC_DIP2A_Activators/H18/H18M000.smi.gz
ZINCi500000cUZoG,CN=c1cc(C(=O)N[C@@H](CO)C(=O)OC)cc[nH]1,Local ZINC tranches,ZINC_DIP2A_Activators/H18/H18M000.smi.gz
ZINCi500000cJr6n,O=C1CC[C@H](COC(=O)c2n[nH]cc2[N+](=O)[O-])N1,Local ZINC tranches,ZINC_DIP2A_Activators/H18/H18M000.smi.gz
ZINCi500000cV1uN,COC(=O)C1(C(=O)Nc2cnn(CCO)c2)CC1,Local ZINC tranches,ZINC_DIP2A_Activators/H18/H18M000.smi.gz
ZINCi500000BlLdZ,CC1(C)CN(CC[C@H]2NC(=O)NC2=O)CC[C@H]1N,Local ZINC tranches,ZINC_DIP2A_Activators/H18/H18M000.smi.gz
ZINCi50000096mx2,CN(CCO)CCCNC(=O)c1cnn(C)c1N,Local ZINC tranches,ZINC_DIP2A_Activators/H18/H18M000.smi.gz
ZINCi500000cp4nC,CN(C)C(=O)[C@@H]1CCN(C(=O)CN)[C@@H]2CCO[C@H]12,Local ZINC tranches,ZINC_DIP2A_Activators/H18/H18M000.smi.gz
ZINCi50000096iC7,CC[C@H](N)CC(=O)N1[C@H]2CC[C@H]1[C@H](O)CC[C@@H]2O,Local ZINC tranches,ZINC_DIP2A_Activators/H18/H18M000.smi.gz
ZINCi50000096qrj,CN[C@@H]1CC[S@@](=O)(=NC(=O)[C@@H]2CSCC(=O)N2)C1,Local ZINC tranches,ZINC_DIP2A_Activators/H18/H18M000.smi.gz
ZINCi50000096Z85,NC(=O)C(=O)N[C@H]1C[C@](F)(CN=c2nc[nH]s2)C1,Local ZINC tranches,ZINC_DIP2A_Activators/H18/H18M000.smi.gz
ZINCi50000095ZND,CC(=O)NC1(CO)CN(C(=O)C2=C(C)OCC2)C1,Local ZINC tranches,ZINC_DIP2A_Activators/H18/H18M000.smi.gz
ZINCi500000c8iqh,CCC[C@H](NC(=O)[C@H](O)C(C)(C)N)c1nn[nH]n1,Local ZINC tranches,ZINC_DIP2A_Activators/H18/H18M000.smi.gz
ZINCi500000967iu,CC1=NO[C@@H](C(=O)NC[C@@H](C)NC(=O)CC#N)C1,Local ZINC tranches,ZINC_DIP2A_Activators/H18/H18M000.smi.gz
ZINCi500000cUPKB,CCOCCOCC(=O)NNC(=O)c1cnsn1,Local ZINC tranches,ZINC_DIP2A_Activators/H18/H18M000.smi.gz
ZINCi500000cULSE,CC(C)[C@@H](C(=O)NCC(=O)N(C)O)n1cncn1,Local ZINC tranches,ZINC_DIP2A_Activators/H18/H18M000.smi.gz
ZINCi500000cV8XK,COc1cc(C(=O)NC[C@H]2C[C@H]2C(=O)O)n(C)n1,Local ZINC tranches,ZINC_DIP2A_Activators/H18/H18M000.smi.gz
ZINCi500000973bz,O=C(C=CI)NCC1CN(C(=O)[C@H]2CC(=O)N2)C1,Local ZINC tranches,ZINC_DIP2A_Activators/H18/H18M000.smi.gz
ZINCi500000cV3hU,COC(=O)[C@H](O)CNC(=O)[C@@H](C)c1cccnc1,Local ZINC tranches,ZINC_DIP2A_Activators/H18/H18M000.smi.gz
ZINCi50000096q7g,CNC[C@H](O)[C@H](C)C(=O)NC[C@@H]1CCCC[C@@H]1N,Local ZINC tranches,ZINC_DIP2A_Activators/H18/H18M000.smi.gz
ZINCi500000c8lMJ,COC[C@@](C)(NC(=O)N1CCO[C@@H](C)C1)C(=O)O,Local ZINC tranches,ZINC_DIP2A_Activators/H18/H18M000.smi.gz
ZINCi50000096trz,COCC(=O)NCCNC(=O)NCC1[C@@H]2CC[C@@H]12,Local ZINC tranches,ZINC_DIP2A_Activators/H18/H18M000.smi.gz
ZINCi50000096kSq,CN(C(=O)Cn1cccc1)C1CN(C(=O)CO)C1,Local ZINC tranches,ZINC_DIP2A_Activators/H18/H18M000.smi.gz
ZINCi500000974GY,O=C(C[C@@H]1C=CCC1)NCC1(O)CN(CCO)C1,Local ZINC tranches,ZINC_DIP2A_Activators/H18/H18M000.smi.gz
ZINCi50000096HC9,C[C@@H](O)C(=O)NCC1=CCN(c2nnco2)CC1,Local ZINC tranches,ZINC_DIP2A_Activators/H18/H18M000.smi.gz
ZINCi500000cVabd,COc1nccc(CNS(=O)(=O)C[C@@H](C)OC)n1,Local ZINC tranches,ZINC_DIP2A_Activators/H18/H18M000.smi.gz
ZINCi50000095VNq,C=C[C@H](NC(=O)NCCCn1ccnn1)C(=O)O,Local ZINC tranches,ZINC_DIP2A_Activators/H18/H18M000.smi.gz
ZINCi50000097aja,O[C@H]1[C@@H]2CN(C3=NC[C@@H](CC(F)(F)F)N3)[C@H]1CO2,Local ZINC tranches,ZINC_DIP2A_Activators/H18/H18M000.smi.gz
ZINCi50000096F3Q,C[C@@H](CNC(=O)C(C)(C)C(N)=O)NC(=O)CCF,Local ZINC tranches,ZINC_DIP2A_Activators/H18/H18M000.smi.gz
ZINCi500000BlMf3,CC1(C)COC[C@H](C(=O)NN2CCC[C@H]2CO)O1,Local ZINC tranches,ZINC_DIP2A_Activators/H18/H18M000.smi.gz
ZINCi500000c8hnq,CC(C)C[C@@](C)(O)C(=O)N[S@](C)(=O)=NCC(=O)O,Local ZINC tranches,ZINC_DIP2A_Activators/H18/H18M000.smi.gz
ZINCi50000096Duu,CSc1ncc(CO)c(N2C[C@@H]3OC[C@H]2[C@H]3O)n1,Local ZINC tranches,ZINC_DIP2A_Activators/H18/H18M000.smi.gz
ZINCi500000c8kh0,CN(CC1=N[C@H](C(=O)O)CO1)C[C@H]1CCC[C@H]1O,Local ZINC tranches,ZINC_DIP2A_Activators/H18/H18M000.smi.gz
ZINCi50000095Twd,C=CC(=O)NC[C@H](C)NC(=O)[C@H](CC)NC(C)=O,Local ZINC tranches,ZINC_DIP2A_Activators/H18/H18M000.smi.gz
ZINCi500000969ZT,CCC(=O)N[C@H](CC)CNC(=O)c1cnn(C)n1,Local ZINC tranches,ZINC_DIP2A_Activators/H18/H18M000.smi.gz
ZINCi50000096pMX,CNC[C@H](O)[C@@H](C)C(=O)N(C)C[C@H](C)C(=O)OC,Local ZINC tranches,ZINC_DIP2A_Activators/H18/H18M000.smi.gz
ZINCi500000cV6Wq,COCc1noc(-c2cnn(C)c2S(N)(=O)=O)n1,Local ZINC tranches,ZINC_DIP2A_Activators/H18/H18M000.smi.gz
ZINCi50000096xQ8,COCc1nn[nH]c1C(=O)NC[C@@H](C)CN(C)C,Local ZINC tranches,ZINC_DIP2A_Activators/H18/H18M000.smi.gz
ZINCi500000cUTLU,CCn1cnnc1CN(C)C(=O)[C@@H]1CNC(=O)C1,Local ZINC tranches,ZINC_DIP2A_Activators/H18/H18M000.smi.gz
ZINCi500000c8vtF,Oc1nncn1N=Cc1cnc(C2OCCO2)s1,Local ZINC tranches,ZINC_DIP2A_Activators/H18/H18M000.smi.gz
ZINCi500000971Nb,NS(=O)(=O)c1ccc(CNC[C@@H]2COC(=O)N2)o1,Local ZINC tranches,ZINC_DIP2A_Activators/H18/H18M000.smi.gz
ZINCi50000095Qbp,C#CCNC(=O)[C@H](C)N1CC[C@@H](N(C)C(C)=O)C1,Local ZINC tranches,ZINC_DIP2A_Activators/H18/H18M000.smi.gz
ZINCi500000cp7x8,CSCC[C@H](O)C(=O)N1C[C@@H]2[C@H](C1)[C@@H]2NC(C)=O,Local ZINC tranches,ZINC_DIP2A_Activators/H18/H18M000.smi.gz
ZINCi500000978Lh,O=C1C[C@@H](CC(=O)N2C[C@@H](O)C3(CC3)C2)C(=O)N1,Local ZINC tranches,ZINC_DIP2A_Activators/H18/H18M000.smi.gz
ZINCi500000cV4br,COC1(C(=O)Nc2c(C)ccn(C)c2=O)CNC1,Local ZINC tranches,ZINC_DIP2A_Activators/H18/H18M000.smi.gz
ZINCi500000cg3D7,COCC[C@H](NC(=O)[C@@H](NC=O)C(C)C)C(=O)O,Local ZINC tranches,ZINC_DIP2A_Activators/H18/H18M000.smi.gz
ZINCi500000BlKD9,Cc1cc(C(=O)N[C@H](C)[C@H](N)CO)ncc1CO,Local ZINC tranches,ZINC_DIP2A_Activators/H18/H18M000.smi.gz
ZINCi50000096asa,CCCC(=O)NC1(C)CN(c2ncnc(=N)[nH]2)C1,Local ZINC tranches,ZINC_DIP2A_Activators/H18/H18M000.smi.gz
ZINCi500000972LL,Nc1ccc(C(=O)NC[C@H]2COC(=O)N2)nc1F,Local ZINC tranches,ZINC_DIP2A_Activators/H18/H18M000.smi.gz
ZINCi50000096tsM,COCC(=O)NCC[C@@H](C)N=c1[nH]nc(CO)s1,Local ZINC tranches,ZINC_DIP2A_Activators/H18/H18M000.smi.gz
ZINCi500000cp8QB,Cc1cnc(C(=O)NC[C@@H]2CC(=O)N(C)C2)nc1,Local ZINC tranches,ZINC_DIP2A_Activators/H18/H18M000.smi.gz
ZINCi50000095SxN,C=CC(=O)NC1CN(C(=O)CCc2cnn[nH]2)C1,Local ZINC tranches,ZINC_DIP2A_Activators/H18/H18M000.smi.gz
ZINCi500000cV95L,COc1cc(CC(=O)N[C@H]2CNC(=O)C2)ncn1,Local ZINC tranches,ZINC_DIP2A_Activators/H18/H18M000.smi.gz
ZINCi500000cUKkG,CC(=O)NCC(=O)N[C@@H](C)c1nc([C@H](C)O)n[nH]1,Local ZINC tranches,ZINC_DIP2A_Activators/H18/H18M000.smi.gz
ZINCi500000971sn,NC[C@]1(F)C[C@@H](NC(=O)COC[C@H]2CCOC2)C1,Local ZINC tranches,ZINC_DIP2A_Activators/H18/H18M000.smi.gz
ZINCi500000c8tij,O=C(O)C1(NS(=O)(=O)C[C@@H]2CC[C@H](F)C2)COC1,Local ZINC tranches,ZINC_DIP2A_Activators/H18/H18M000.smi.gz
ZINCi500000c8szl,O=C(Cc1coc(C(F)F)n1)NCc1nn[nH]n1,Local ZINC tranches,ZINC_DIP2A_Activators/H18/H18M000.smi.gz
ZINCi500000c8uZa,O=C(O)[C@H]1[C@H](O)CCCN1C(=O)c1c[nH]nc1F,Local ZINC tranches,ZINC_DIP2A_Activators/H18/H18M000.smi.gz
ZINCi500000cV582,COCCNCc1cn([C@H](C)c2nc[nH]n2)nn1,Local ZINC tranches,ZINC_DIP2A_Activators/H18/H18M000.smi.gz
ZINCi600000qn1Tl,NC(CC1OCCO1)CN1CCOC(C(F)F)C1,Local ZINC tranches,ZINC_DIP2A_Activators/H18/H18P000.smi.gz
ZINCi600000eMMw7,CC(=O)N[C@H](C)[C@@H](CO)NC(=O)c1ccc(F)o1,Local ZINC tranches,ZINC_DIP2A_Activators/H18/H18P000.smi.gz
ZINCi600000107rL,CC1(C)NCC[C@@H]1C(=O)N[C@H]1CS(=O)(=O)C1(C)C,Local ZINC tranches,ZINC_DIP2A_Activators/H18/H18P000.smi.gz
ZINCi60000010ymd,CNC(=O)[C@@H](C)N1CC[C@@]2(CCCN(C)C2=O)C1,Local ZINC tranches,ZINC_DIP2A_Activators/H18/H18P000.smi.gz
ZINCi600000110jQ,C[C@@](O)(C(=O)N[C@H](C#N)CO)c1ccc(F)cc1,Local ZINC tranches,ZINC_DIP2A_Activators/H18/H18P000.smi.gz
ZINCi60000097FuJ,C[C@@H](CNC(=O)C=CCO)CNC(=O)[C@@H](C)CF,Local ZINC tranches,ZINC_DIP2A_Activators/H18/H18P000.smi.gz
ZINCi600000cVZmb,CCOCCSc1c(C#N)c(=O)n(C)c(=O)n1C,Local ZINC tranches,ZINC_DIP2A_Activators/H18/H18P000.smi.gz
ZINCi60000097GuH,C[C@H](C(=O)N1CCNNCC1)N1CSCCSC1,Local ZINC tranches,ZINC_DIP2A_Activators/H18/H18P000.smi.gz
ZINCi600000eMTHI,CCCn1ccnc1CN1CC(CS(N)(=O)=O)C1,Local ZINC tranches,ZINC_DIP2A_Activators/H18/H18P000.smi.gz
ZINCi60000010sX5,CN(CCCCCO)CC1(O)CCS(=O)(=O)CC1,Local ZINC tranches,ZINC_DIP2A_Activators/H18/H18P000.smi.gz
ZINCi60000097KwF,O=C1C[C@H](CCOC(=O)C[C@@H]2COC(=O)C2)CN1,Local ZINC tranches,ZINC_DIP2A_Activators/H18/H18P000.smi.gz
ZINCi600000BlPrd,Cc1nc(CC(=O)N[C@@H]2CC[C@@H]2CC(=O)O)n[nH]1,Local ZINC tranches,ZINC_DIP2A_Activators/H18/H18P000.smi.gz
ZINCi600000rajlk,COC1(CNC2CN(C(=O)C3CC3)C2)CCOC1,Local ZINC tranches,ZINC_DIP2A_Activators/H18/H18P000.smi.gz
ZINCi60000010U53,C[C@@H](C[C@@H](C)O)NC(=O)c1ccn2nnnc2c1,Local ZINC tranches,ZINC_DIP2A_Activators/H18/H18P000.smi.gz
ZINCi60000010vpq,CN1CCC[C@H]1CN1CCC(OCC(N)=O)CC1,Local ZINC tranches,ZINC_DIP2A_Activators/H18/H18P000.smi.gz
ZINCi600000eMGg7,C#CCCN=C(NCC(=O)NC)NC1CC(C)C1,Local ZINC tranches,ZINC_DIP2A_Activators/H18/H18P000.smi.gz
ZINCi600000cW4VG,C[C@H]1C(=O)CCCN1C(=O)[C@@H](O)c1ccnn1C,Local ZINC tranches,ZINC_DIP2A_Activators/H18/H18P000.smi.gz
ZINCi600000lKIQS,C=C(C(=O)N1CCN(C(=O)C(C)O)CC1)C1CC1,Local ZINC tranches,ZINC_DIP2A_Activators/H18/H18P000.smi.gz
ZINCi60000010s6z,CN(C)[C@H]1C[C@H](C(=O)N2CCC[C@@H](C(N)=O)C2)C1,Local ZINC tranches,ZINC_DIP2A_Activators/H18/H18P000.smi.gz
ZINCi60000010Zpd,C[C@@H]1C[C@](C)(C(=O)N2C[C@H](O)[C@@H](CO)C2)CCO1,Local ZINC tranches,ZINC_DIP2A_Activators/H18/H18P000.smi.gz
ZINCi60000010z3E,CNC(=O)c1cnc(N2CC[C@@H](O)[C@@H](C)C2)cn1,Local ZINC tranches,ZINC_DIP2A_Activators/H18/H18P000.smi.gz
ZINCi60000010fVy,CCOC(=O)C1=CCN([C@@H](C)c2nnnn2C)C1,Local ZINC tranches,ZINC_DIP2A_Activators/H18/H18P000.smi.gz
ZINCi600000eNdKI,C[C@@H](CO)C(=O)N[C@H]1C[C@@H](NC(=O)C(C)(F)F)C1,Local ZINC tranches,ZINC_DIP2A_Activators/H18/H18P000.smi.gz
ZINCi60000097wfd,C=CC(=O)N1CC(C)(NC(=O)[C@H](O)CCSC)C1,Local ZINC tranches,ZINC_DIP2A_Activators/H18/H18P000.smi.gz
ZINCi600000eNe1k,C[C@@H](N)[C@@H]1C[C@H]1C(=O)NCC1(S(C)(=O)=O)CCC1,Local ZINC tranches,ZINC_DIP2A_Activators/H18/H18P000.smi.gz
ZINCi600000eMTAx,CCC[C@H](CO)NC(=O)NC[C@@H]1CCCS1(=O)=O,Local ZINC tranches,ZINC_DIP2A_Activators/H18/H18P000.smi.gz
ZINCi60000010dvc,CCN(C[C@@H](C)N)C(=O)[C@@H]1CCc2nncn2C1,Local ZINC tranches,ZINC_DIP2A_Activators/H18/H18P000.smi.gz
ZINCi600000cVZhM,CCOC(=O)[C@@H]1C[C@H]1C(=O)OCc1cnnn1C,Local ZINC tranches,ZINC_DIP2A_Activators/H18/H18P000.smi.gz
ZINCi600000eN8zD,COC[C@@H]1C[C@H]1NC(=O)C12CCOC(CN)(C1)C2,Local ZINC tranches,ZINC_DIP2A_Activators/H18/H18P000.smi.gz
ZINCi600000104Ce,CC(C)SCC(=O)NC[C@H]1CN(C(N)=O)CCO1,Local ZINC tranches,ZINC_DIP2A_Activators/H18/H18P000.smi.gz
ZINCi600000eN095,CN(C)C1CN(C(=O)C2=NN[C@H](C(F)(F)F)C2)C1,Local ZINC tranches,ZINC_DIP2A_Activators/H18/H18P000.smi.gz
ZINCi60000010pHn,CCn1ncnc1CSCCN1C(=O)CNC1=O,Local ZINC tranches,ZINC_DIP2A_Activators/H18/H18P000.smi.gz
ZINCi600000eNgG1,C[C@@]1(CCO)CCN(C(=O)c2cnnc(O)c2)C1,Local ZINC tranches,ZINC_DIP2A_Activators/H18/H18P000.smi.gz
ZINCi60000097F4C,CS[C@H](C)C(=O)N1CC[C@@H](NC(=O)CO)[C@@H](C)C1,Local ZINC tranches,ZINC_DIP2A_Activators/H18/H18P000.smi.gz
ZINCi60000010kV9,CC[C@@H]1COC[C@H]1NC(=O)[C@@]1(F)CCS(=O)(=O)C1,Local ZINC tranches,ZINC_DIP2A_Activators/H18/H18P000.smi.gz
ZINCi600000c8AUt,C[C@@H](NC(=O)c1cc2c(cn1)OCCO2)C(=O)O,Local ZINC tranches,ZINC_DIP2A_Activators/H18/H18P000.smi.gz
ZINCi600000eNjIM,C[C@H]1OC2(CNC(=O)CN3CCOCC3)CC1C2,Local ZINC tranches,ZINC_DIP2A_Activators/H18/H18P000.smi.gz
ZINCi600000eMGYD,C#CC[C@@H](C(=O)NC[C@@](C)(O)C(=O)OC)C1CC1,Local ZINC tranches,ZINC_DIP2A_Activators/H18/H18P000.smi.gz
ZINCi600000cW0cw,CCn1cc(CCNC(=O)[C@H]2CC[C@@H](N)C2)nn1,Local ZINC tranches,ZINC_DIP2A_Activators/H18/H18P000.smi.gz
ZINCi600000eMXJ5,CC[C@@H]1CN(C(=O)[C@H]2CC[C@@H](C(N)=O)C2)CCN1,Local ZINC tranches,ZINC_DIP2A_Activators/H18/H18P000.smi.gz
ZINCi600000eMTIc,CCCn1nccc1CN[C@@H]1CCO[C@@H]1C(N)=O,Local ZINC tranches,ZINC_DIP2A_Activators/H18/H18P000.smi.gz
ZINCi600000eMY38,CC[C@H](C(=O)NC[C@@H]1C[C@@H]2C[C@@H]2N1)n1cncn1,Local ZINC tranches,ZINC_DIP2A_Activators/H18/H18P000.smi.gz
ZINCi600000cW5DN,Cc1cc(NC(=O)c2ccc(=O)n(C)n2)n(C)n1,Local ZINC tranches,ZINC_DIP2A_Activators/H18/H18P000.smi.gz
ZINCi600000cVYXM,CCN(C(=O)c1c(C)ncn1OC)C1CN(C)C1,Local ZINC tranches,ZINC_DIP2A_Activators/H18/H18P000.smi.gz
ZINCi600000BlPSA,Cc1nc(C(=O)N[C@@H](CO)CCO)cn1C(F)F,Local ZINC tranches,ZINC_DIP2A_Activators/H18/H18P000.smi.gz
ZINCi600000108u2,CC1CC(NC(=O)C(=O)N2C[C@H]3COC[C@H]3C2)C1,Local ZINC tranches,ZINC_DIP2A_Activators/H18/H18P000.smi.gz
ZINCi60000097CRL,COC(=O)C1CCN(C(=O)[C@@H]2CN[C@@H]3C[C@@H]23)CC1,Local ZINC tranches,ZINC_DIP2A_Activators/H18/H18P000.smi.gz
ZINCi6000000ZY4y,C=CCOC(=O)CNC(=O)[C@@H](CC)n1cncn1,Local ZINC tranches,ZINC_DIP2A_Activators/H18/H18P000.smi.gz
ZINCi600000eMGHc,C#CCOC(=O)CNC(=O)c1nccc(C)c1O,Local ZINC tranches,ZINC_DIP2A_Activators/H18/H18P000.smi.gz
ZINCi600000eNrOc,O=C(N1C[C@@H]2[C@@H]3COC[C@H]3[C@@H]2C1)C12CNC(C1)C2,Local ZINC tranches,ZINC_DIP2A_Activators/H18/H18P000.smi.gz
ZINCi60000010eIl,CCN1C[C@H](C(=O)N2CC(C(C)(C)O)C2)CC1=O,Local ZINC tranches,ZINC_DIP2A_Activators/H18/H18P000.smi.gz
ZINCi60000097wDC,C=CC(=O)N[C@@H]1CN(C(=O)[C@H](O)C=C)CC1(C)C,Local ZINC tranches,ZINC_DIP2A_Activators/H18/H18P000.smi.gz
ZINCi600000105jr,CC(C)[C@H](N)CNC(=O)C(=O)NC[C@@H]1CCCS1,Local ZINC tranches,ZINC_DIP2A_Activators/H18/H18P000.smi.gz
ZINCi600000eMJlC,C=CCN(C)C(=O)C(=O)N[C@H]1CN(CC)C[C@H]1C,Local ZINC tranches,ZINC_DIP2A_Activators/H18/H18P000.smi.gz
ZINCi600000108M9,CCC(=O)CNS(=O)(=O)c1ccc(C(N)=O)cc1,Local ZINC tranches,ZINC_DIP2A_Activators/H18/H18P000.smi.gz
ZINCi600000BlNBR,C[C@]1(CNC(=O)C2(N)CC=CC2)CCC(=O)NC1,Local ZINC tranches,ZINC_DIP2A_Activators/H18/H18P000.smi.gz
ZINCi60000010ZZt,C[C@@H]1O[C@H](C)C[C@H]1C(=O)N=C1N(C)CC(=O)N1C,Local ZINC tranches,ZINC_DIP2A_Activators/H18/H18P000.smi.gz
ZINCi600000eNk4p,C[C@]1(C(=O)N[C@H]2CCN(C(=O)CO)C2)C=CCC1,Local ZINC tranches,ZINC_DIP2A_Activators/H18/H18P000.smi.gz
ZINCi600000cpfBx,CN(C)CCN(C(=O)CC#N)[C@H]1C[C@H]2C[C@H]1CN2,Local ZINC tranches,ZINC_DIP2A_Activators/H18/H18P000.smi.gz
ZINCi600000eNfEI,C[C@@H]1COC(=O)[C@H]1NC(=O)NCCc1cnco1,Local ZINC tranches,ZINC_DIP2A_Activators/H18/H18P000.smi.gz
ZINCi600000cg9sa,CC1CC(C(=O)N2CS(=O)(=O)CC[C@H]2C(=O)O)C1,Local ZINC tranches,ZINC_DIP2A_Activators/H18/H18P000.smi.gz
ZINCi600000eMLKX,CC(=O)NCC(=O)N1CCOC[C@@]2(C1)CC2(F)F,Local ZINC tranches,ZINC_DIP2A_Activators/H18/H18P000.smi.gz
ZINCi600000BlPeK,C[C@]1(N)CCCC[C@H]1C(=O)NNS(=O)(=O)C1CC1,Local ZINC tranches,ZINC_DIP2A_Activators/H18/H18P000.smi.gz
ZINCi600000103r9,CC(C)C[C@H](CN)NC(=O)[C@@H](CN)[C@H]1CCOC1,Local ZINC tranches,ZINC_DIP2A_Activators/H18/H18P000.smi.gz
ZINCi60000010QJQ,CS(=O)(=O)C[C@H]1CCCN([C@H]2CCCNC2=O)C1,Local ZINC tranches,ZINC_DIP2A_Activators/H18/H18P000.smi.gz
ZINCi60000010oUP,CCn1cc(Cl)c(=NC(=O)NNC(=O)CCO)[nH]1,Local ZINC tranches,ZINC_DIP2A_Activators/H18/H18P000.smi.gz
ZINCi600000eN6PH,COCC(=O)N1C[C@@H]2C[C@]2(NC(=O)C[C@H](C)F)C1,Local ZINC tranches,ZINC_DIP2A_Activators/H18/H18P000.smi.gz
ZINCi600000cJs2H,C=CCCN(C)CC(=O)N(C)C(=O)C(=O)OCC,Local ZINC tranches,ZINC_DIP2A_Activators/H18/H18P000.smi.gz
ZINCi600000tkNNG,C[C@@H]1CO[C@@H](C(=O)N2CCC([N+](=O)[O-])CC2)CO1,Local ZINC tranches,ZINC_DIP2A_Activators/H18/H18P000.smi.gz
ZINCi60000010got,CCOC(=O)[C@@H](C)N(C)C(=O)c1[nH]c(O)nc1C,Local ZINC tranches,ZINC_DIP2A_Activators/H18/H18P000.smi.gz
ZINCi600000cWao3,O=S(=O)(N[C@@H]1COC[C@H]1O)c1ncc(F)cc1Br,Local ZINC tranches,ZINC_DIP2A_Activators/H18/H18P000.smi.gz
ZINCi60000010r70,CN(C)C1(CS(=O)(=O)N(CCN)CC2CC2)CC1,Local ZINC tranches,ZINC_DIP2A_Activators/H18/H18P000.smi.gz
ZINCi600000eNgNE,C[C@@]1(O)CC[C@H]1NC(=O)C1(C(=O)NC2CC2)CC1,Local ZINC tranches,ZINC_DIP2A_Activators/H18/H18P000.smi.gz
ZINCi600000eNv6a,O=C1N[C@@H](C(=O)N2CCc3ocnc3C2)CCO1,Local ZINC tranches,ZINC_DIP2A_Activators/H18/H18P000.smi.gz
ZINCi60000010BoC,COC(=O)COCC(=O)N1CCC[C@@H](C(C)=O)C1,Local ZINC tranches,ZINC_DIP2A_Activators/H18/H18P000.smi.gz
ZINCi60000010EzW,COC(CS(=O)(=O)NCC[C@@H](O)C1CCC1)OC,Local ZINC tranches,ZINC_DIP2A_Activators/H18/H18P000.smi.gz
ZINCi60000010HTx,COCC[C@H](COC)NC(=O)N[C@H](CN)C1CC1,Local ZINC tranches,ZINC_DIP2A_Activators/H18/H18P000.smi.gz
ZINCi600000eMSrO,CCC1(O)CCN(C(=O)[C@@H](C)c2nn[nH]n2)CC1,Local ZINC tranches,ZINC_DIP2A_Activators/H18/H18P000.smi.gz
ZINCi600000eMWBP,CCO[C@H]1C[C@H](NC(=O)N[C@@H]2COCC[C@H]2O)C1,Local ZINC tranches,ZINC_DIP2A_Activators/H18/H18P000.smi.gz
ZINCi600000eN3kt,CNC(=O)CCN=C(NCCOC(C)C)N(C)C,Local ZINC tranches,ZINC_DIP2A_Activators/H18/H18P000.smi.gz
ZINCi60000010cdq,CCN(C(=O)C[C@@H]1CCNC1)[C@H]1CCS(=O)(=O)C1,Local ZINC tranches,ZINC_DIP2A_Activators/H18/H18P000.smi.gz
ZINCi60000010SS8,C[C@@H](C(N)=O)N1CCC([C@H]2NC(=O)C2(C)C)CC1,Local ZINC tranches,ZINC_DIP2A_Activators/H18/H18P000.smi.gz
ZINCi600000eNjKp,C[C@H]1OCC[C@@H]1CC(=O)NCC(=O)N1CCCO1,Local ZINC tranches,ZINC_DIP2A_Activators/H18/H18P000.smi.gz
ZINCi600000BlPDI,Cc1nc(C#N)c(NNC(=O)[C@@]23C[C@@H]2[C@H](O)C3)o1,Local ZINC tranches,ZINC_DIP2A_Activators/H18/H18P000.smi.gz
ZINCi700000eO90H,C[C@@H]1C[C@@H](NC(=O)NCC[C@H]2C[C@@H](O)C2)C(=O)O1,Local ZINC tranches,ZINC_DIP2A_Activators/H18/H18P010.smi.gz
ZINCi700000128Nc,CC[S@@](=O)CCNC(=O)NC[C@]1(F)C[C@@H](CO)C1,Local ZINC tranches,ZINC_DIP2A_Activators/H18/H18P010.smi.gz
ZINCi700000eNCIx,CC(=O)NC[C@@H]1CCCN1C(=O)C(F)(F)[C@H](C)O,Local ZINC tranches,ZINC_DIP2A_Activators/H18/H18P010.smi.gz
ZINCi700000eO6xE,C[C@@H](CNC(=O)C(=O)N[C@H](C)C1(C)CC1)C(=O)O,Local ZINC tranches,ZINC_DIP2A_Activators/H18/H18P010.smi.gz
ZINCi70000097U10,CO[C@@H](C)Cn1nnnc1N1CCOC[C@H](C)C1,Local ZINC tranches,ZINC_DIP2A_Activators/H18/H18P010.smi.gz
ZINCi70000097YV8,Cn1cc(CC(=O)N2CC[C@@H](OC(F)F)C2)nn1,Local ZINC tranches,ZINC_DIP2A_Activators/H18/H18P010.smi.gz
ZINCi700000c8E2J,Cc1ncn(C)c1CN1CCC[C@@H](O)[C@H]1C(=O)O,Local ZINC tranches,ZINC_DIP2A_Activators/H18/H18P010.smi.gz
ZINCi700000kTm2m,CC(NCCCNS(=O)(=O)C1CC1)[C@H]1CCCN1,Local ZINC tranches,ZINC_DIP2A_Activators/H18/H18P010.smi.gz
ZINCi700000eNAZW,C=C[C@H](COC)NC(=O)N1C[C@@H](O)[C@H](CC#N)C1,Local ZINC tranches,ZINC_DIP2A_Activators/H18/H18P010.smi.gz
ZINCi700000eOqNr,O=C1NCC[C@H]1C(=O)N1CC(COC(F)(F)F)C1,Local ZINC tranches,ZINC_DIP2A_Activators/H18/H18P010.smi.gz
ZINCi70000097Qx5,CCOCCN1C[C@H]2[C@H](NC(=O)COCC)[C@H]2C1,Local ZINC tranches,ZINC_DIP2A_Activators/H18/H18P010.smi.gz
ZINCi700000eO3Vu,CO[C@H](CNC(=O)[C@@H](N)CCN(C)C)C1CCC1,Local ZINC tranches,ZINC_DIP2A_Activators/H18/H18P010.smi.gz
ZINCi700000eNKbb,CCCC(=O)NCC(=O)N=c1cc(C#N)n(C)[nH]1,Local ZINC tranches,ZINC_DIP2A_Activators/H18/H18P010.smi.gz
ZINCi700000BlWlL,CCCCCCN(C)C(=O)[C@H]1C[C@H](O)[C@H](O)CN1,Local ZINC tranches,ZINC_DIP2A_Activators/H18/H18P010.smi.gz
ZINCi700000oFPsm,COC(=O)[C@H]1C[C@@H](O)CN1CCSC1CCOC1,Local ZINC tranches,ZINC_DIP2A_Activators/H18/H18P010.smi.gz
ZINCi700000eOn3e,O=C(N1CCC2(CCNCC2)C1)[C@@]12CNC[C@@H]1C2,Local ZINC tranches,ZINC_DIP2A_Activators/H18/H18P010.smi.gz
ZINCi700000cWeoX,CN(C)[C@@H](CNC(=O)CNC(N)=O)c1ccsc1,Local ZINC tranches,ZINC_DIP2A_Activators/H18/H18P010.smi.gz
ZINCi700000lBg71,O=C(N1CCNC(C(F)F)C1)C1(F)CCCNC1,Local ZINC tranches,ZINC_DIP2A_Activators/H18/H18P010.smi.gz
ZINCi70000011PNY,CC1(C)CN(C(=O)C[C@H]2CC[C@H]2N)CCS1(=O)=O,Local ZINC tranches,ZINC_DIP2A_Activators/H18/H18P010.smi.gz
ZINCi700000r2jfE,C=C1CC(C(=O)N2C[C@@H](OC)[C@@H](OC)[C@@H]2CO)C1,Local ZINC tranches,ZINC_DIP2A_Activators/H18/H18P010.smi.gz
ZINCi700000cWoLG,O=C(O)[C@H](F)C(=O)N[C@@H]1Cc2ccccc2[C@H]1O,Local ZINC tranches,ZINC_DIP2A_Activators/H18/H18P010.smi.gz
ZINCi700000eO0ls,COCCN1CCC(N[C@@H]2COC[C@H]2OC)CC1,Local ZINC tranches,ZINC_DIP2A_Activators/H18/H18P010.smi.gz
ZINCi700000eO7qn,C[C@@H](O)C(=O)NCC1CC(NC(=O)CCCF)C1,Local ZINC tranches,ZINC_DIP2A_Activators/H18/H18P010.smi.gz
ZINCi700000eOlGx,O=C(CC1(C(=O)O)CC1)N[C@H]1Cc2cncn2C1,Local ZINC tranches,ZINC_DIP2A_Activators/H18/H18P010.smi.gz
ZINCi70000097QSC,CC[C@@H](F)C(=O)N1CCN(C(=O)CO)CC[C@@H]1C,Local ZINC tranches,ZINC_DIP2A_Activators/H18/H18P010.smi.gz
ZINCi70000011FbZ,C=CCCO[C@H](C)C(=O)NC[C@]1(O)CCN(C)C1,Local ZINC tranches,ZINC_DIP2A_Activators/H18/H18P010.smi.gz
ZINCi70000012jf8,CNC(=O)CCCCC(=O)N[C@@H]1C[C@@H](C)OC1=O,Local ZINC tranches,ZINC_DIP2A_Activators/H18/H18P010.smi.gz
ZINCi700000123Nc,CCSC[C@H](N)C(=O)NCC[C@H]1CCCS1(=O)=O,Local ZINC tranches,ZINC_DIP2A_Activators/H18/H18P010.smi.gz
ZINCi70000097R8B,CC[C@H](C)CS(=O)(=O)NC(=O)[C@]1(C)CCC(=O)N1,Local ZINC tranches,ZINC_DIP2A_Activators/H18/H18P010.smi.gz
ZINCi70000012kaa,CNC(=O)[C@@H](C)NC(=O)[C@@H]1CCC2(CCC2)CN1,Local ZINC tranches,ZINC_DIP2A_Activators/H18/H18P010.smi.gz
ZINCi700000cphjL,CC(=O)C(=O)N1C[C@@H]2C(C(=O)N(C)C(C)C)[C@H]2C1,Local ZINC tranches,ZINC_DIP2A_Activators/H18/H18P010.smi.gz
ZINCi700000eNKTT,CCCOC1CCN(C(=O)[C@@H]2C[C@@H](O)CN2)CC1,Local ZINC tranches,ZINC_DIP2A_Activators/H18/H18P010.smi.gz
ZINCi700000eO291,COC[C@]1(S(=O)(=O)N2C[C@@H]3C[C@H]2CN3C)C[C@@H]1C,Local ZINC tranches,ZINC_DIP2A_Activators/H18/H18P010.smi.gz
ZINCi700000kLWkg,CC1CCN(CCOC(=O)N(C)C)CCS1(=O)=O,Local ZINC tranches,ZINC_DIP2A_Activators/H18/H18P010.smi.gz
ZINCi700000eO5K2,CSC[C@H](CCO)NS(=O)(=O)CC1=NO[C@H](C)C1,Local ZINC tranches,ZINC_DIP2A_Activators/H18/H18P010.smi.gz
ZINCi700000BlLTa,CC1(CCNC(=O)[C@H]2C[C@@H](N=[N+]=[N-])CN2)CNC1,Local ZINC tranches,ZINC_DIP2A_Activators/H18/H18P010.smi.gz
ZINCi700000eNIcH,CC1(S(=O)(=O)N[C@@]23CC[C@@H](C2)[C@H](O)[C@@H]3O)CCC1,Local ZINC tranches,ZINC_DIP2A_Activators/H18/H18P010.smi.gz
ZINCi700000eO7BF,C[C@@H](O)CN(CCO)S(=O)(=O)[C@@H]1CCC(F)(F)C1,Local ZINC tranches,ZINC_DIP2A_Activators/H18/H18P010.smi.gz
ZINCi70000011Nk3,CC(C)OC[C@@H](O)CNC[C@@H]1C(=O)NCC[C@@H]1C,Local ZINC tranches,ZINC_DIP2A_Activators/H18/H18P010.smi.gz
ZINCi70000097RRm,CN(C(=O)COC(F)F)[C@@H]1CCN2CCO[C@H]1C2,Local ZINC tranches,ZINC_DIP2A_Activators/H18/H18P010.smi.gz
ZINCi700000123aS,CCS(=O)(=O)CCCNC(=O)N[C@@H](C)[C@@H](C)CO,Local ZINC tranches,ZINC_DIP2A_Activators/H18/H18P010.smi.gz
ZINCi700000uNQQF,CC1CN(C(=O)C[C@H](C)F)CCCN1C(=O)CO,Local ZINC tranches,ZINC_DIP2A_Activators/H18/H18P010.smi.gz
ZINCi700000cWjqE,C[C@H]1CN(C(=O)c2cncn2C)C(C)(C)C(=O)N1,Local ZINC tranches,ZINC_DIP2A_Activators/H18/H18P010.smi.gz
ZINCi700000eNQqK,CC[C@H](SC)C(=O)N1CC[C@H](N(C)C(=O)CO)C1,Local ZINC tranches,ZINC_DIP2A_Activators/H18/H18P010.smi.gz
ZINCi70000012sT9,COCCN(C)C(=O)C(=O)N[C@H]1C[C@H]2C=C[C@H]1C2,Local ZINC tranches,ZINC_DIP2A_Activators/H18/H18P010.smi.gz
ZINCi700000eNxzZ,C#CC[C@H](C)NC(=O)C(=COCC)c1nn[nH]n1,Local ZINC tranches,ZINC_DIP2A_Activators/H18/H18P010.smi.gz
ZINCi70000012sZy,COCCN(C)NC(=O)c1cc(C(=O)OC)sn1,Local ZINC tranches,ZINC_DIP2A_Activators/H18/H18P010.smi.gz
ZINCi700000eO64y,C[C@@H](C(=O)N1C[C@@H]2C[C@H](C1)[C@H](O)[C@@H]2O)P(C)(C)=O,Local ZINC tranches,ZINC_DIP2A_Activators/H18/H18P010.smi.gz
ZINCi70000012rXg,COCC(C)(COC)NC(=O)[C@H](F)[C@@H]1CCNC1,Local ZINC tranches,ZINC_DIP2A_Activators/H18/H18P010.smi.gz
ZINCi70000097QC2,CCO[C@H](C)C(=O)NC[C@H]1CN(CCF)CCO1,Local ZINC tranches,ZINC_DIP2A_Activators/H18/H18P010.smi.gz
ZINCi70000011VGI,CCC[C@H](O)CCNC(=O)C(=O)Nc1cnns1,Local ZINC tranches,ZINC_DIP2A_Activators/H18/H18P010.smi.gz
ZINCi70000011Rgm,CC1(CCNC[C@@H](O)CN2CCCC2)OCCO1,Local ZINC tranches,ZINC_DIP2A_Activators/H18/H18P010.smi.gz
ZINCi700000BlHQI,CC12CN(C(=O)c3cc(CN)on3)C(CO)(C1)C2,Local ZINC tranches,ZINC_DIP2A_Activators/H18/H18P010.smi.gz
ZINCi700000cphLS,CCC(=O)N1C[C@@H]2CC[C@@]2(C(=O)NCCCO)C1,Local ZINC tranches,ZINC_DIP2A_Activators/H18/H18P010.smi.gz
ZINCi70000012moF,CNc1ccccc1C(=O)N[C@@H]1CCNC[C@H]1O,Local ZINC tranches,ZINC_DIP2A_Activators/H18/H18P010.smi.gz
ZINCi700000eNzYs,C=CCN=C(NCC(=O)NOCC)NC[C@@H](C)F,Local ZINC tranches,ZINC_DIP2A_Activators/H18/H18P010.smi.gz
ZINCi70000097VIO,C[C@@H](O)C(=O)N1CCC[C@H]1CNC(=O)[C@H]1C[C@H]1C,Local ZINC tranches,ZINC_DIP2A_Activators/H18/H18P010.smi.gz
ZINCi70000011QsW,CC1(C)C[C@@H]1CNC(=O)C(=O)NCc1cc[nH]n1,Local ZINC tranches,ZINC_DIP2A_Activators/H18/H18P010.smi.gz
ZINCi70000011Jd2,CC(=O)OCCCS(=O)(=O)N1CCC[C@@H](O)[C@H]1C,Local ZINC tranches,ZINC_DIP2A_Activators/H18/H18P010.smi.gz
ZINCi70000097TS9,CON=CC(=O)N1CC=C[C@H](NC(=O)C(C)C)C1,Local ZINC tranches,ZINC_DIP2A_Activators/H18/H18P010.smi.gz
ZINCi700000BlYUU,CC(C)(CC#N)C(=O)N1CC[C@@H](C(=O)O)[C@@H](N)C1,Local ZINC tranches,ZINC_DIP2A_Activators/H18/H18P010.smi.gz
ZINCi700000eO3bh,CO[C@@H]1CN(C)C[C@H]1NC(=O)CC[C@@H](C)N(C)C,Local ZINC tranches,ZINC_DIP2A_Activators/H18/H18P010.smi.gz
ZINCi700000eOsa3,c1cc2nnnn2[nH]c1=N[C@@H]1C[C@@H]2O[C@H]1[C@H]1C[C@@H]21,Local ZINC tranches,ZINC_DIP2A_Activators/H18/H18P010.smi.gz
ZINCi70000012cQr,CN(C)CC#CCNC(=O)CSc1nccn1C,Local ZINC tranches,ZINC_DIP2A_Activators/H18/H18P010.smi.gz
ZINCi70000012dHz,CN(C)[C@]1(C)CCN(c2nccnc2C(N)=O)C1,Local ZINC tranches,ZINC_DIP2A_Activators/H18/H18P010.smi.gz
ZINCi700000eNz7k,C=C1C[C@H]1C(=O)NCCNC(=O)c1c[nH]nc1C,Local ZINC tranches,ZINC_DIP2A_Activators/H18/H18P010.smi.gz
ZINCi70000011FTC,C=CCOC(=O)NCC(=O)N[C@H]1CC[C@H](C)NC1,Local ZINC tranches,ZINC_DIP2A_Activators/H18/H18P010.smi.gz
ZINCi700000125ND,CC[C@@H]1NCC[C@@H]1C(=O)NC[C@]1(C)CCC(=O)N1,Local ZINC tranches,ZINC_DIP2A_Activators/H18/H18P010.smi.gz
ZINCi700000unItN,CCC(NS(=O)(=O)CCCOC)C1COCCO1,Local ZINC tranches,ZINC_DIP2A_Activators/H18/H18P010.smi.gz
ZINCi700000eO9VI,C[C@@]1(C(=O)N2C[C@H]3COC[C@H]32)CCCCNC1=O,Local ZINC tranches,ZINC_DIP2A_Activators/H18/H18P010.smi.gz
ZINCi700000120ps,CCOC(=O)Cn1cc(C(=O)OC2CSC2)nn1,Local ZINC tranches,ZINC_DIP2A_Activators/H18/H18P010.smi.gz
ZINCi700000BlJbN,CC1(C)CC[C@@](N)(C(=O)NC[C@](C)(O)CCO)C1,Local ZINC tranches,ZINC_DIP2A_Activators/H18/H18P010.smi.gz
ZINCi70000012mpb,CNc1cnc(C(=O)N2C[C@H](CN)[C@@H](C)C2)cn1,Local ZINC tranches,ZINC_DIP2A_Activators/H18/H18P010.smi.gz
ZINCi700000980Np,O=C(N[C@H]1C[C@H]2CC[C@H]1NC2)[C@@]1(CF)CCNC1,Local ZINC tranches,ZINC_DIP2A_Activators/H18/H18P010.smi.gz
ZINCi700000eNLOF,CCN(CC)C(=O)CCNC(=O)C#CC(C)(C)N,Local ZINC tranches,ZINC_DIP2A_Activators/H18/H18P010.smi.gz
ZINCi700000cWeAy,CN(C[C@@H]1CC1(F)F)C(=O)NCc1nc(=N)[nH][nH]1,Local ZINC tranches,ZINC_DIP2A_Activators/H18/H18P010.smi.gz
ZINCi700000eNZIU,COCC1(C(=O)N[C@@H](CC#N)C(F)(F)F)CNC1,Local ZINC tranches,ZINC_DIP2A_Activators/H18/H18P010.smi.gz
ZINCi700000eNOQi,CC[C@@H](C)NC(=NCC(=O)NOC)N[C@@H]1C[C@@H]1F,Local ZINC tranches,ZINC_DIP2A_Activators/H18/H18P010.smi.gz
ZINCi700000eOe2j,C[C@]1(O)C[C@@H](C(=O)N2CCOC[C@]23CCOC3)C1,Local ZINC tranches,ZINC_DIP2A_Activators/H18/H18P010.smi.gz
ZINCi700000eOdcX,C[C@H]1C[C@H](N)CN(C(=O)C(=O)NCC(F)(F)Cl)C1,Local ZINC tranches,ZINC_DIP2A_Activators/H18/H18P010.smi.gz
ZINCi700000BlPE8,C[C@@]1(N)CCN(C(=O)c2cc3n(c2)CCNC3)C1,Local ZINC tranches,ZINC_DIP2A_Activators/H18/H18P010.smi.gz
ZINCi70000012a0o,CCc1sccc1C(=O)N[C@H]1CS(=O)(=O)C[C@H]1N,Local ZINC tranches,ZINC_DIP2A_Activators/H18/H18P010.smi.gz
ZINCi70000012qWF,COC(C)(C)[C@H](N)C(=O)NCCCn1cccn1,Local ZINC tranches,ZINC_DIP2A_Activators/H18/H18P010.smi.gz
ZINCi70000012fFR,CN(Cc1ccn(C)n1)C(=O)C[C@H]1COCCO1,Local ZINC tranches,ZINC_DIP2A_Activators/H18/H18P010.smi.gz
ZINCi800000147u6,CCc1ncc(C(=O)NC2([C@H](O)COC)CC2)[nH]1,Local ZINC tranches,ZINC_DIP2A_Activators/H18/H18P020.smi.gz
ZINCi800000eP8dN,C[C@@H]1COCCN1C(=O)N[C@H]1Cc2nccn2C1,Local ZINC tranches,ZINC_DIP2A_Activators/H18/H18P020.smi.gz
ZINCi80000013MRn,CCC(=O)C1(C(=O)N2CCOC[C@H](CO)C2)CC1,Local ZINC tranches,ZINC_DIP2A_Activators/H18/H18P020.smi.gz
ZINCi800000147Ea,CCc1nn(C)cc1NC(=O)C[C@H](O)CN(C)C,Local ZINC tranches,ZINC_DIP2A_Activators/H18/H18P020.smi.gz
ZINCi80000013WEM,CCOC(=O)[C@@H](C)N(C)C(=O)[C@H](C)n1cncn1,Local ZINC tranches,ZINC_DIP2A_Activators/H18/H18P020.smi.gz
ZINCi80000013Dfj,CC(C)(C#N)[C@@H]1COC[C@H]1NC[C@@]1(O)CCOC1,Local ZINC tranches,ZINC_DIP2A_Activators/H18/H18P020.smi.gz
ZINCi800000ePlmK,O=C(C[C@H]1CC1(Cl)Cl)N[C@@H]1CCN(C(=O)CO)C1,Local ZINC tranches,ZINC_DIP2A_Activators/H18/H18P020.smi.gz
ZINCi80000098e1T,CS(C)(=O)=NCCNC(=O)[C@H]1NCC[C@@H]1C1CC1,Local ZINC tranches,ZINC_DIP2A_Activators/H18/H18P020.smi.gz
ZINCi800000ePeuO,Cc1nc(O)nc(C)c1C(=O)N[C@H]1CO[C@@H](C)C1,Local ZINC tranches,ZINC_DIP2A_Activators/H18/H18P020.smi.gz
ZINCi800000eOU65,CNC(=O)C(C)(C)NCc1cc(OC)cc(=O)o1,Local ZINC tranches,ZINC_DIP2A_Activators/H18/H18P020.smi.gz
ZINCi800000cWBb4,Cc1n[nH]c(C)c1NC(=O)[C@@H](N)Cc1cn[nH]c1,Local ZINC tranches,ZINC_DIP2A_Activators/H18/H18P020.smi.gz
ZINCi800000cWzM7,C[C@H]1C[C@@H]1CNC(=O)c1cc(C2(O)COC2)on1,Local ZINC tranches,ZINC_DIP2A_Activators/H18/H18P020.smi.gz
ZINCi80000098kbT,O=C(O)CNC(=O)NCc1ccc2c(c1)OCO2,Local ZINC tranches,ZINC_DIP2A_Activators/H18/H18P020.smi.gz
ZINCi800000cJujv,C[C@@H]1CN(C(=O)[C@H]2CCN(C)C2)c2ncnn2C1,Local ZINC tranches,ZINC_DIP2A_Activators/H18/H18P020.smi.gz
ZINCi800000146ZU,CCc1ccnc(C(=O)N[C@@H]2C[C@H](O)[C@H](O)C2)c1,Local ZINC tranches,ZINC_DIP2A_Activators/H18/H18P020.smi.gz
ZINCi80000098dpA,CO[C@@H](C)CN1CC[C@@H](NC(=O)c2cn[nH]c2)C1,Local ZINC tranches,ZINC_DIP2A_Activators/H18/H18P020.smi.gz
ZINCi800000eOz5e,CC(=O)N1CCN(C(=O)[C@@H]2CCOC2)[C@@H]2CC[C@@H]21,Local ZINC tranches,ZINC_DIP2A_Activators/H18/H18P020.smi.gz
ZINCi800000eP9tL,C[C@H](C(=O)N(C)CCc1nccc(O)n1)[C@@H](C)O,Local ZINC tranches,ZINC_DIP2A_Activators/H18/H18P020.smi.gz
ZINCi800000142aM,CC[C@@H](O)CN(C(=O)[C@H]1CCOC(=O)N1)C1CC1,Local ZINC tranches,ZINC_DIP2A_Activators/H18/H18P020.smi.gz
ZINCi800000Bm0Lt,CCC[C@@H]1COCCN1C(=O)[C@H]1CC(=O)N(O)C1,Local ZINC tranches,ZINC_DIP2A_Activators/H18/H18P020.smi.gz
ZINCi800000eOspI,C#CCCC(=O)NCCNC(=O)[C@@H](C)OCC=C,Local ZINC tranches,ZINC_DIP2A_Activators/H18/H18P020.smi.gz
ZINCi800000ePj0o,NC[C@H](F)C(=O)N1CCOc2ccc(N)cc2C1,Local ZINC tranches,ZINC_DIP2A_Activators/H18/H18P020.smi.gz
ZINCi800000eOw4y,C=CCC(=O)N[C@@H]1CN(C(=O)C=C(C)C)C[C@@H]1O,Local ZINC tranches,ZINC_DIP2A_Activators/H18/H18P020.smi.gz
ZINCi800000eOHTc,CCCC=CC(=O)N[C@@H](CO)CNC(=O)CCF,Local ZINC tranches,ZINC_DIP2A_Activators/H18/H18P020.smi.gz
ZINCi800000tu8Jn,C=CCSCC(NS(=O)(=O)N(C)C1CC1)C(=O)O,Local ZINC tranches,ZINC_DIP2A_Activators/H18/H18P020.smi.gz
ZINCi800000987nn,CC=CC(=O)N[C@@H]1CCN(C(=O)C(C)=O)C[C@@H]1F,Local ZINC tranches,ZINC_DIP2A_Activators/H18/H18P020.smi.gz
ZINCi800000141ha,CC[C@@H](CCOC)C(=O)NC[C@H](CCO)C(=O)O,Local ZINC tranches,ZINC_DIP2A_Activators/H18/H18P020.smi.gz
ZINCi800000cpndx,O=[N+]([O-])c1c(Cl)nc[nH]c1=NCCc1nn[nH]n1,Local ZINC tranches,ZINC_DIP2A_Activators/H18/H18P020.smi.gz
ZINCi800000eOTkk,CN1[C@@H](CO)C[C@@H]2CN(C(=O)c3nccs3)C[C@@H]21,Local ZINC tranches,ZINC_DIP2A_Activators/H18/H18P020.smi.gz
ZINCi800000eOANz,CC(=O)[C@H](OC(=O)CN1C(=O)CCC1=O)C(C)C,Local ZINC tranches,ZINC_DIP2A_Activators/H18/H18P020.smi.gz
ZINCi800000cWyLE,C[C@@H]1C[C@H](NC(=O)c2cc(S(N)(=O)=O)c[nH]2)CS1,Local ZINC tranches,ZINC_DIP2A_Activators/H18/H18P020.smi.gz
ZINCi800000eORUC,CN(C[C@H]1CCNC1)C(=O)[C@H]1CNCCC1(F)F,Local ZINC tranches,ZINC_DIP2A_Activators/H18/H18P020.smi.gz
ZINCi800000147Ro,CCc1noc([C@H](C)N2C[C@@H](CO)[C@@H](CO)C2)n1,Local ZINC tranches,ZINC_DIP2A_Activators/H18/H18P020.smi.gz
ZINCi800000cWvXq,COCC(=O)NCCNC(=O)c1c(Br)noc1C,Local ZINC tranches,ZINC_DIP2A_Activators/H18/H18P020.smi.gz
ZINCi800000eOZ76,COCCN(C)CC(=O)NCC12COC(C)(C1)C2,Local ZINC tranches,ZINC_DIP2A_Activators/H18/H18P020.smi.gz
ZINCi80000098cXS,COC[C@@H](NS(=O)(=O)c1ccnn1C)C(F)(F)F,Local ZINC tranches,ZINC_DIP2A_Activators/H18/H18P020.smi.gz
ZINCi800000qLkXx,CC1C(=O)N(C)CCN1C(=O)C1CC2(CC2)CO1,Local ZINC tranches,ZINC_DIP2A_Activators/H18/H18P020.smi.gz
ZINCi800000eONnB,CC[C@@H](F)C(=O)NC1CCN(C(=O)[C@H](C)O)CC1,Local ZINC tranches,ZINC_DIP2A_Activators/H18/H18P020.smi.gz
ZINCi80000013Nr1,CCC(C)(C)[C@H](O)C(=O)NNC(=O)c1ccon1,Local ZINC tranches,ZINC_DIP2A_Activators/H18/H18P020.smi.gz
ZINCi800000eOzmb,CC(=O)N1C[C@@H](C)[C@H](CCNC(=O)[C@H](C)CO)C1,Local ZINC tranches,ZINC_DIP2A_Activators/H18/H18P020.smi.gz
ZINCi80000014bv0,CN(C)CC[C@](C)(O)CNC(=O)[C@]1(C)CCOC1,Local ZINC tranches,ZINC_DIP2A_Activators/H18/H18P020.smi.gz
ZINCi800000144BI,CC[C@H](COCC(F)(F)F)NC(=O)C1(O)COC1,Local ZINC tranches,ZINC_DIP2A_Activators/H18/H18P020.smi.gz
ZINCi800000144zt,CC[C@H](COC)NC(=O)N1C[C@H](O)C[C@@H](OC)C1,Local ZINC tranches,ZINC_DIP2A_Activators/H18/H18P020.smi.gz
ZINCi800000cWEK0,O=C(CNC(=O)N1CCOC1=O)Nc1nccs1,Local ZINC tranches,ZINC_DIP2A_Activators/H18/H18P020.smi.gz
ZINCi800000ePoDz,O=C(c1cnc2c(c1)COC2)N1CCN[C@@H]2C[C@@H]21,Local ZINC tranches,ZINC_DIP2A_Activators/H18/H18P020.smi.gz
ZINCi800000146jx,CC[C@]1(C)CN(C(=O)C2(NC(N)=O)CC2)CCO1,Local ZINC tranches,ZINC_DIP2A_Activators/H18/H18P020.smi.gz
ZINCi800000eP89x,C[C@@H]1CNC[C@H]1CNC(=O)NC1CC(CCN)C1,Local ZINC tranches,ZINC_DIP2A_Activators/H18/H18P020.smi.gz
ZINCi800000140mj,CCS(=O)(=O)NCCCNC(=O)CC(C)(C)OC,Local ZINC tranches,ZINC_DIP2A_Activators/H18/H18P020.smi.gz
ZINCi800000eORRX,CN(C[C@H](O)C1CC1)C(=O)N[C@H]1C[C@H]2CC[C@@H]1N2,Local ZINC tranches,ZINC_DIP2A_Activators/H18/H18P020.smi.gz
ZINCi800000cWxSt,C[C@@H](C(=O)NCc1cc(O)ncn1)[C@@H]1CCCO1,Local ZINC tranches,ZINC_DIP2A_Activators/H18/H18P020.smi.gz
ZINCi80000013HD5,CC(C)OCC(=O)N=[S@](C)(=O)N1CCCNCC1,Local ZINC tranches,ZINC_DIP2A_Activators/H18/H18P020.smi.gz
ZINCi800000cWyHd,C[C@@H]1COCCN1C(=O)c1cnc2n1NCCC2,Local ZINC tranches,ZINC_DIP2A_Activators/H18/H18P020.smi.gz
ZINCi800000eOJfP,CCN(C)C(=O)C1CCN(C(=O)C=CCN)CC1,Local ZINC tranches,ZINC_DIP2A_Activators/H18/H18P020.smi.gz
ZINCi800000ePkN5,O=C(CCOCC1CC1)NC12CC(C1)S(=O)(=O)C2,Local ZINC tranches,ZINC_DIP2A_Activators/H18/H18P020.smi.gz
ZINCi80000013TMg,CCN1CCC[C@@H]1CNC(=N)NCC1(O)CCC1,Local ZINC tranches,ZINC_DIP2A_Activators/H18/H18P020.smi.gz
ZINCi80000013Okd,CCCCCS(=O)(=O)N1CCC[C@H]1CS(N)(=O)=O,Local ZINC tranches,ZINC_DIP2A_Activators/H18/H18P020.smi.gz
ZINCi800000ePdOQ,Cc1cccc([C@@H](O)C(=O)N2C[C@H]3COC[C@H]32)n1,Local ZINC tranches,ZINC_DIP2A_Activators/H18/H18P020.smi.gz
ZINCi800000eP97m,C[C@@]1(C(=O)NC2CCN(S(C)(=O)=O)CC2)C[C@@H]1F,Local ZINC tranches,ZINC_DIP2A_Activators/H18/H18P020.smi.gz
ZINCi800000eORjm,CN(CC(F)(F)CO)C(=O)[C@@H](N)COC(C)(C)C,Local ZINC tranches,ZINC_DIP2A_Activators/H18/H18P020.smi.gz
ZINCi800000143PU,CC[C@H](C)[C@@H](CO)NC(=O)NC[C@H](F)C(=O)OC,Local ZINC tranches,ZINC_DIP2A_Activators/H18/H18P020.smi.gz
ZINCi800000cWyqL,C[C@@H]([C@@H](C)NC(=O)CCn1ccnc1)S(C)(=O)=O,Local ZINC tranches,ZINC_DIP2A_Activators/H18/H18P020.smi.gz
ZINCi80000098dMY,CO[C@H](F)C(=O)NC1CN(C(=O)C=CC2CC2)C1,Local ZINC tranches,ZINC_DIP2A_Activators/H18/H18P020.smi.gz
ZINCi80000098bTg,CN[C@@H](CC(C)(C)C)C(=O)NC[C@@H]1COC(=O)N1,Local ZINC tranches,ZINC_DIP2A_Activators/H18/H18P020.smi.gz
ZINCi800000eP6t3,C[C@@H](N)CCC(=O)N[C@@H]1CCC(=O)N[C@H]1C1CC1,Local ZINC tranches,ZINC_DIP2A_Activators/H18/H18P020.smi.gz
ZINCi800000ePnOr,O=C(N[C@H]1C[C@H](O)[C@H](O)C1)[C@@H]1[C@H]2CC(F)(F)C[C@H]21,Local ZINC tranches,ZINC_DIP2A_Activators/H18/H18P020.smi.gz
ZINCi800000udktH,CC(C)C(O)CN1CC(CO)C2(CCNCC2)C1,Local ZINC tranches,ZINC_DIP2A_Activators/H18/H18P020.smi.gz
ZINCi800000BlSMR,CCc1cnc(CNC(=O)C[C@@H]2COC[C@@H]2N)o1,Local ZINC tranches,ZINC_DIP2A_Activators/H18/H18P020.smi.gz
ZINCi80000013FN1,CC(C)CNC(=O)[C@@H](C)NC(=O)C1CC(CN)C1,Local ZINC tranches,ZINC_DIP2A_Activators/H18/H18P020.smi.gz
ZINCi800000cWyID,C[C@@H]1C[C@@H](C(=O)NCc2n[nH]c(=N)o2)CCC1=O,Local ZINC tranches,ZINC_DIP2A_Activators/H18/H18P020.smi.gz
ZINCi800000eOVuX,COC(=O)CC(F)(F)CNC(=O)N(C)[C@@H](C)CO,Local ZINC tranches,ZINC_DIP2A_Activators/H18/H18P020.smi.gz
ZINCi800000eOxTo,C=C[C@H](C)CC(=O)N1CC(O)([C@@H](C)NC(C)=O)C1,Local ZINC tranches,ZINC_DIP2A_Activators/H18/H18P020.smi.gz
ZINCi800000148lT,CCn1cc(NC(=O)N(C)[C@H]2CCNC2=O)cn1,Local ZINC tranches,ZINC_DIP2A_Activators/H18/H18P020.smi.gz
ZINCi800000ePhW1,NC(=O)NC(=O)CCNC(=O)[C@@H]1CCCC[C@H]1F,Local ZINC tranches,ZINC_DIP2A_Activators/H18/H18P020.smi.gz
ZINCi80000014dti,CN(CCOCCN)C[C@@H]1CC[C@]2(CCOC2)O1,Local ZINC tranches,ZINC_DIP2A_Activators/H18/H18P020.smi.gz
ZINCi800000cWzfi,C[C@H](N=c1nc([N+](=O)[O-])[nH]n1C)C1(C)OCCO1,Local ZINC tranches,ZINC_DIP2A_Activators/H18/H18P020.smi.gz
ZINCi800000eOVzN,COC(=O)CCCN(C)C(=O)[C@@H](C)OC1COC1,Local ZINC tranches,ZINC_DIP2A_Activators/H18/H18P020.smi.gz
ZINCi800000cWBSe,Cc1nn(CCO)cc1C(=O)Nc1ccnnc1,Local ZINC tranches,ZINC_DIP2A_Activators/H18/H18P020.smi.gz
ZINCi800000987so,CC=C[C@@H](O)C(=O)NC[C@@H](CC)NC(=O)CCF,Local ZINC tranches,ZINC_DIP2A_Activators/H18/H18P020.smi.gz
ZINCi800000Bm0yq,C#CC[C@H]1CCN(C(=O)[C@H](N)c2ccnn2C)C1,Local ZINC tranches,ZINC_DIP2A_Activators/H18/H18P020.smi.gz
ZINCi80000014bR9,CN(C)S(=O)(=O)NCc1cccc2c1CCNC2,Local ZINC tranches,ZINC_DIP2A_Activators/H18/H18P020.smi.gz
ZINCi80000013Ejd,CC(C)(CNC(=O)CNCCN)[C@@H]1CCCCO1,Local ZINC tranches,ZINC_DIP2A_Activators/H18/H18P020.smi.gz
ZINCi800000kZjhM,COCCONC(=O)C(=O)NCC1CCC(C)C1,Local ZINC tranches,ZINC_DIP2A_Activators/H18/H18P020.smi.gz
ZINCi80000098dKW,CO[C@H](CNC(=O)N[C@H]1C[C@@H](C(N)=O)C1)C(C)C,Local ZINC tranches,ZINC_DIP2A_Activators/H18/H18P020.smi.gz
ZINCi800000BlZuY,CC=C(C)C(=O)N1CC(NC(=O)[C@@H](O)C(C)C)C1,Local ZINC tranches,ZINC_DIP2A_Activators/H18/H18P020.smi.gz
ZINCj5000002836S,CCCN(C)S(=O)(=O)NC(=O)[C@@H](N)C[C@H]1CCOC1,Local ZINC tranches,ZINC_DIP2A_Activators/H19/H19M000.smi.gz
ZINCj500000295vp,CC[C@@H](NS(=O)(=O)N1CC(C#N)C1)[C@H]1COCCO1,Local ZINC tranches,ZINC_DIP2A_Activators/H19/H19M000.smi.gz
ZINCj50000027VR9,CCC(=O)N1CCC[C@H](C(=O)N[C@H](CO)[C@@H](C)O)C1,Local ZINC tranches,ZINC_DIP2A_Activators/H19/H19M000.smi.gz
ZINCj50000028jcY,CCN(CCC#N)S(=O)(=O)N[C@H]1CCNC(=O)CC1,Local ZINC tranches,ZINC_DIP2A_Activators/H19/H19M000.smi.gz
ZINCj50000027ZnZ,CCC1CN(CC(=O)N2C[C@@H](CO)O[C@H](OC)C2)C1,Local ZINC tranches,ZINC_DIP2A_Activators/H19/H19M000.smi.gz
ZINCj500000287iv,CCCS(=O)(=O)NC(=O)CCCN1C(=O)CCC1=O,Local ZINC tranches,ZINC_DIP2A_Activators/H19/H19M000.smi.gz
ZINCj50000027drp,CC(=O)OC1CN(C(=O)[C@@H]2CN(C(C)=O)CCO2)C1,Local ZINC tranches,ZINC_DIP2A_Activators/H19/H19M000.smi.gz
ZINCj50000028lCD,CCN(C[C@@H](O)C(F)(F)F)C(=O)CCc1nn[nH]n1,Local ZINC tranches,ZINC_DIP2A_Activators/H19/H19M000.smi.gz
ZINCj50000027eF8,CC(=O)O[C@H]1CCN(S(=O)(=O)NCc2ccno2)C1,Local ZINC tranches,ZINC_DIP2A_Activators/H19/H19M000.smi.gz
ZINCj50000028W41,CCS(=O)(=O)N(C)CC(=O)N(C)CCCNC(C)=O,Local ZINC tranches,ZINC_DIP2A_Activators/H19/H19M000.smi.gz
ZINCj500000289kx,CCC[C@@H](O)[C@@H](CO)NC(=O)COc1cnn(C)c1,Local ZINC tranches,ZINC_DIP2A_Activators/H19/H19M000.smi.gz
ZINCj50000028YgA,CCS(=O)(=O)NCCN1CCC[C@@H](NC(=O)NC)C1,Local ZINC tranches,ZINC_DIP2A_Activators/H19/H19M000.smi.gz
ZINCj50000026ONB,C#C[C@H](C[C@H]1CCOC1)NC(=O)N1CC(O)(C#C)C1,Local ZINC tranches,ZINC_DIP2A_Activators/H19/H19M000.smi.gz
ZINCj50000027IAy,CC(N)=C(C#N)C(=O)CN1CC(=O)N2CCC[C@H]2C1,Local ZINC tranches,ZINC_DIP2A_Activators/H19/H19M000.smi.gz
ZINCj50000027R3X,CC1(C)[C@H](CO)CCN1C(=O)[C@@H](N)CCS(C)(=O)=O,Local ZINC tranches,ZINC_DIP2A_Activators/H19/H19M000.smi.gz
ZINCj500000294Bj,CC[C@@H](NC(=O)NC[C@@H]1C(=O)NCC[C@@H]1C)C(N)=O,Local ZINC tranches,ZINC_DIP2A_Activators/H19/H19M000.smi.gz
ZINCj500000289jI,CCC[C@@H](O)[C@@H](CO)NC(=O)C12CC(C(=O)O)(C1)C2,Local ZINC tranches,ZINC_DIP2A_Activators/H19/H19M000.smi.gz
ZINCj50000027cGk,CC(=O)N[C@H](COC(C)C)C(=O)N1CCC[C@H](N)C1,Local ZINC tranches,ZINC_DIP2A_Activators/H19/H19M000.smi.gz
ZINCj50000027aaw,CC(=O)NCCOCCN1C[C@H](C)O[C@@H](CCO)C1,Local ZINC tranches,ZINC_DIP2A_Activators/H19/H19M000.smi.gz
ZINCj50000027fJM,CC(=O)c1cncc(C(=O)NCc2nc(=O)o[nH]2)c1,Local ZINC tranches,ZINC_DIP2A_Activators/H19/H19M000.smi.gz
ZINCj50000027266,C=C[C@H](N[C@@H]1C(=O)NCC12CCOCC2)C(=O)OC,Local ZINC tranches,ZINC_DIP2A_Activators/H19/H19M000.smi.gz
ZINCj50000027tZg,CC(C)Cn1cnc(S(=O)(=O)N(CCO)CCO)c1,Local ZINC tranches,ZINC_DIP2A_Activators/H19/H19M000.smi.gz
ZINCj50000028pvj,CCN1CCO[C@@H](C(=O)NC2(CC(N)=O)CCC2)C1,Local ZINC tranches,ZINC_DIP2A_Activators/H19/H19M000.smi.gz
ZINCj50000026TvI,C=CCC(=O)N1CCN(C(=O)Cn2nccn2)CC1,Local ZINC tranches,ZINC_DIP2A_Activators/H19/H19M000.smi.gz
ZINCj50000027uPc,CC(C)N(CCN)C(=O)[C@@H]1CCCN(S(N)(=O)=O)C1,Local ZINC tranches,ZINC_DIP2A_Activators/H19/H19M000.smi.gz
ZINCj50000028n8L,CCN1CCCN(C(=O)[C@@H](N)c2ccnn2C)CC1,Local ZINC tranches,ZINC_DIP2A_Activators/H19/H19M000.smi.gz
ZINCj50000027lnp,CC(C)(CNS(=O)(=O)c1cnc(O)s1)CS(C)(=O)=O,Local ZINC tranches,ZINC_DIP2A_Activators/H19/H19M000.smi.gz
ZINCj50000027zWj,CC(C)OC[C@H](N)C(=O)N1CCO[C@@]2(CCNC2)C1,Local ZINC tranches,ZINC_DIP2A_Activators/H19/H19M000.smi.gz
ZINCj50000027Pdf,CC1(C)NC(=O)C[C@H]1C(=O)N1CC[C@@](C)(C(N)=O)C1,Local ZINC tranches,ZINC_DIP2A_Activators/H19/H19M000.smi.gz
ZINCj50000027Uew,CC1CC(CNC(=O)NC[C@@H](O)Cn2ccnn2)C1,Local ZINC tranches,ZINC_DIP2A_Activators/H19/H19M000.smi.gz
ZINCj50000027NM1,CC1(C)C[C@@H](C(=O)N2C[C@H]3C(=O)NC(=O)[C@H]3C2)CO1,Local ZINC tranches,ZINC_DIP2A_Activators/H19/H19M000.smi.gz
ZINCj500000284zh,CCCN1C[C@H](C(=O)NN(C)C(=O)NCC)CC1=O,Local ZINC tranches,ZINC_DIP2A_Activators/H19/H19M000.smi.gz
ZINCj50000028KfL,CCOCC(=O)NCCNc1ccnc(C(N)=O)c1,Local ZINC tranches,ZINC_DIP2A_Activators/H19/H19M000.smi.gz
ZINCj50000028Pwc,CCON(C)C(=O)CNC(=O)NCCNC(=O)OC,Local ZINC tranches,ZINC_DIP2A_Activators/H19/H19M000.smi.gz
ZINCj50000028OfN,CCOC[C@H](C)CS(=O)(=O)N1CCN(C)C[C@H]1CN,Local ZINC tranches,ZINC_DIP2A_Activators/H19/H19M000.smi.gz
ZINCj50000027vTS,CC(C)N1CC[C@H](N(C)C(=O)CCNC(=O)CO)C1,Local ZINC tranches,ZINC_DIP2A_Activators/H19/H19M000.smi.gz
ZINCj50000028hKK,CCN(CC)C(=O)Cn1cccc(C(=O)NN)c1=O,Local ZINC tranches,ZINC_DIP2A_Activators/H19/H19M000.smi.gz
ZINCj500000295mG,CC[C@@H](NC)C(=O)N1CCCC[C@H]1CNS(C)(=O)=O,Local ZINC tranches,ZINC_DIP2A_Activators/H19/H19M000.smi.gz
ZINCj50000027zfV,CC(C)OCCCNC(=O)C(=O)N[C@H]1C[C@@H](CN)C1,Local ZINC tranches,ZINC_DIP2A_Activators/H19/H19M000.smi.gz
ZINCj500000274Lo,CC(=O)N1CC(C)(NC(=O)N2CC(S(C)(=O)=O)C2)C1,Local ZINC tranches,ZINC_DIP2A_Activators/H19/H19M000.smi.gz
ZINCj50000026X4O,C=CCOC(=O)CNC(=O)[C@H]1CCc2nn[nH]c2C1,Local ZINC tranches,ZINC_DIP2A_Activators/H19/H19M000.smi.gz
ZINCj50000028WST,CCS(=O)(=O)N1CCC(C(=O)N2CC[C@H]2CN)CC1,Local ZINC tranches,ZINC_DIP2A_Activators/H19/H19M000.smi.gz
ZINCj50000026T0j,C=C1C[C@@H]1C(=O)N1CCC[C@@H]1C(=O)N1CCNCC1,Local ZINC tranches,ZINC_DIP2A_Activators/H19/H19M000.smi.gz
ZINCj50000028n9Z,CCN1CCCN(C(=O)[C@@]2(N)CCN(C)C2)CC1=O,Local ZINC tranches,ZINC_DIP2A_Activators/H19/H19M000.smi.gz
ZINCj50000027iDy,CC(C)(C)[C@@H](Br)C(=O)NCC(=O)N[C@@H](CO)C(=O)O,Local ZINC tranches,ZINC_DIP2A_Activators/H19/H19M000.smi.gz
ZINCj50000029gVO,CC[C@H](O)CN(C)C(=O)c1ccc2nnc(O)n2c1,Local ZINC tranches,ZINC_DIP2A_Activators/H19/H19M000.smi.gz
ZINCj50000026DEy,C#CCCN(C)C(=O)C(=O)NCc1noc(CC)n1,Local ZINC tranches,ZINC_DIP2A_Activators/H19/H19M000.smi.gz
ZINCj50000027wLZ,CC(C)NC(=O)CCNC(=O)N(C)c1nncn1C,Local ZINC tranches,ZINC_DIP2A_Activators/H19/H19M000.smi.gz
ZINCj500000288kX,CCC[C@@H](N)C(=O)N1CCN(C(=O)COCC)CC1,Local ZINC tranches,ZINC_DIP2A_Activators/H19/H19M000.smi.gz
ZINCj50000027HE9,CC(C)n1cnnc1SCC(=O)NCC(=O)N(C)O,Local ZINC tranches,ZINC_DIP2A_Activators/H19/H19M000.smi.gz
ZINCj50000027JGK,CC1(C)CC(C(=O)N(CCO)CCOCCO)=NO1,Local ZINC tranches,ZINC_DIP2A_Activators/H19/H19M000.smi.gz
ZINCj50000027bOb,CC(=O)N[C@@H](CCC(N)=O)C(=O)NN1CC=CCC1,Local ZINC tranches,ZINC_DIP2A_Activators/H19/H19M000.smi.gz
ZINCj50000028qya,CCN1CC[C@@H]1CNC(=O)N1CCn2ncnc2C1,Local ZINC tranches,ZINC_DIP2A_Activators/H19/H19M000.smi.gz
ZINCj50000026SKm,C=C1COC[C@@H]1OC(=O)c1nnn2c1C(=O)NCC2,Local ZINC tranches,ZINC_DIP2A_Activators/H19/H19M000.smi.gz
ZINCj50000027rmp,CC(C)CNC(=O)[C@H](C)NC(=O)CN(C)S(C)(=O)=O,Local ZINC tranches,ZINC_DIP2A_Activators/H19/H19M000.smi.gz
ZINCj50000028Pvl,CCON(C)C(=O)CNC(=O)N1C[C@@H](CO)C[C@@H]1C,Local ZINC tranches,ZINC_DIP2A_Activators/H19/H19M000.smi.gz
ZINCj50000026MDk,C#CC[C@H](NC(=O)[C@@H](C)CN1CCOCC1)C(=O)O,Local ZINC tranches,ZINC_DIP2A_Activators/H19/H19M000.smi.gz
ZINCj50000028Dup,CCOC(=O)NCCC(=O)NC[C@@]1(C)COC(=O)N1,Local ZINC tranches,ZINC_DIP2A_Activators/H19/H19M000.smi.gz
ZINCj500000294Nb,CC[C@@H](NC(=O)[C@@H]1CCc2nnnn2C1)C(=O)OC,Local ZINC tranches,ZINC_DIP2A_Activators/H19/H19M000.smi.gz
ZINCj50000028b5y,CCC[C@H](NC(C)=O)C(=O)NC1CN(C(=O)OC)C1,Local ZINC tranches,ZINC_DIP2A_Activators/H19/H19M000.smi.gz
ZINCj50000028o9J,CCN1CCN(C(=O)[C@@H](OC)[C@H]2CCOC2)CC1=O,Local ZINC tranches,ZINC_DIP2A_Activators/H19/H19M000.smi.gz
ZINCj50000026SJx,C=C1COC[C@@H]1NS(=O)(=O)N1CCC[C@H](C(=O)O)C1,Local ZINC tranches,ZINC_DIP2A_Activators/H19/H19M000.smi.gz
ZINCj50000026L6x,C#CC[C@@H](CO)NS(=O)(=O)N1CCc2cccnc21,Local ZINC tranches,ZINC_DIP2A_Activators/H19/H19M000.smi.gz
ZINCj50000028gXj,CCN(CC(=O)O)C(=O)[C@@H](CC(C)C)NS(C)(=O)=O,Local ZINC tranches,ZINC_DIP2A_Activators/H19/H19M000.smi.gz
ZINCj50000027xC6,CC(C)NC(=O)[C@@H](C)NC(=O)CN1C(=O)CCC1=O,Local ZINC tranches,ZINC_DIP2A_Activators/H19/H19M000.smi.gz
ZINCj50000027Gb1,CC(C)[C@](C)(N)C(=O)N1CC[C@@H](N2CCNCC2)C1,Local ZINC tranches,ZINC_DIP2A_Activators/H19/H19M000.smi.gz
ZINCj500000290YD,CC[C@@H](C)C(=O)NCC(=O)N[C@H](CO)c1ncc[nH]1,Local ZINC tranches,ZINC_DIP2A_Activators/H19/H19M000.smi.gz
ZINCj50000026Ghc,C#CCN1CCC[C@H](NC(=O)C2CN(C(N)=O)C2)C1,Local ZINC tranches,ZINC_DIP2A_Activators/H19/H19M000.smi.gz
ZINCj50000028jPj,CCN(CCCN[C@H](C)[C@H]1COCCN1)S(C)(=O)=O,Local ZINC tranches,ZINC_DIP2A_Activators/H19/H19M000.smi.gz
ZINCj50000028dZM,CCN(C(=O)NC1CN(C(N)=O)C1)[C@@H]1CCN(C)C1,Local ZINC tranches,ZINC_DIP2A_Activators/H19/H19M000.smi.gz
ZINCj50000026NiZ,C#CCn1cc(CNCCS(=O)(=O)CCOC)cn1,Local ZINC tranches,ZINC_DIP2A_Activators/H19/H19M000.smi.gz
ZINCj50000027hoY,CC(C)(C)N1CC[C@@H]1CNC(=O)[C@H](CO)NC(N)=O,Local ZINC tranches,ZINC_DIP2A_Activators/H19/H19M000.smi.gz
ZINCj50000028D2E,CCOC(=O)N1CCN(C(=O)CNCCOC)CC1,Local ZINC tranches,ZINC_DIP2A_Activators/H19/H19M000.smi.gz
ZINCj50000027n0l,CC(C)(NS(C)(=O)=O)c1cn(CC2(O)CCC2)nn1,Local ZINC tranches,ZINC_DIP2A_Activators/H19/H19M000.smi.gz
ZINCj50000026VcI,C=CCN(CC(=O)O)C(=O)c1ccc(C(N)=O)cn1,Local ZINC tranches,ZINC_DIP2A_Activators/H19/H19M000.smi.gz
ZINCj500000271nv,C=C[C@@H](O)C(=O)NC[C@@]1(C(=O)O)CC12CCOCC2,Local ZINC tranches,ZINC_DIP2A_Activators/H19/H19M000.smi.gz
ZINCj50000028NNr,CCOC[C@@H](O)CN1CCOC[C@@]12CNC(=O)OC2,Local ZINC tranches,ZINC_DIP2A_Activators/H19/H19M000.smi.gz
ZINCj50000027yHv,CC(C)OC(=O)CCCNC(=O)C1=NO[C@H](CN)C1,Local ZINC tranches,ZINC_DIP2A_Activators/H19/H19M000.smi.gz
ZINCj500000288dZ,CCC[C@@H](CC)NC(=O)C(=O)N1CCO[C@H](CO)C1,Local ZINC tranches,ZINC_DIP2A_Activators/H19/H19M000.smi.gz
ZINCj500000281QF,CCCC[C@@H](C(=O)OC)S(=O)(=O)CCn1cnnn1,Local ZINC tranches,ZINC_DIP2A_Activators/H19/H19M000.smi.gz
ZINCj50000027SAo,CC1(O)C[C@@H]2CC[C@H](C1)N2C[C@H](O)[C@]1(O)CCOC1,Local ZINC tranches,ZINC_DIP2A_Activators/H19/H19M000.smi.gz
ZINCj50000027MXc,CC1(C)COCC[C@H]1CNC(=O)C(=O)NCCCN,Local ZINC tranches,ZINC_DIP2A_Activators/H19/H19M000.smi.gz
ZINCj50000026F9K,C#CCN(CC(=O)OC)C(=O)C(=O)N(C)CC#CC,Local ZINC tranches,ZINC_DIP2A_Activators/H19/H19M000.smi.gz
ZINCj50000028zmu,CCNS(=O)(=O)[C@@H]1CCN(C(=O)[C@](C)(N)C(C)C)C1,Local ZINC tranches,ZINC_DIP2A_Activators/H19/H19M000.smi.gz
ZINCj6000002lYKk,C[C@H]1CCN(C(=O)C(=O)N2CC[C@H](F)C2)C[C@H]1CO,Local ZINC tranches,ZINC_DIP2A_Activators/H19/H19P000.smi.gz
ZINCj6000002lqFf,COC(=O)c1ccc(S(=O)(=O)N[C@H]2CN[C@H](C)C2)o1,Local ZINC tranches,ZINC_DIP2A_Activators/H19/H19P000.smi.gz
ZINCj6000002kQyK,CCN(CCN)C(=O)c1cccc(S(N)(=O)=O)c1C,Local ZINC tranches,ZINC_DIP2A_Activators/H19/H19P000.smi.gz
ZINCj6000002kGbe,CC(C)N[C@H]1CCCN(CC[C@H]2NC(=O)NC2=O)C1,Local ZINC tranches,ZINC_DIP2A_Activators/H19/H19P000.smi.gz
ZINCj6000002lC1t,CO[C@@H]1CC[C@H](OC(=O)CN2CCC(=O)NC2=O)C1,Local ZINC tranches,ZINC_DIP2A_Activators/H19/H19P000.smi.gz
ZINCj6000002mc0Y,Cc1ocnc1-c1noc(CN2C(=O)CNC2=O)n1,Local ZINC tranches,ZINC_DIP2A_Activators/H19/H19P000.smi.gz
ZINCj6000002mDzt,O=C1CN(C(=O)[C@H]2CC3(CCN2)CC3)CC2(CC2)N1,Local ZINC tranches,ZINC_DIP2A_Activators/H19/H19P000.smi.gz
ZINCj6000002lhXA,CNC(=O)[C@H](C)CN(C)S(=O)(=O)CC1CCOCC1,Local ZINC tranches,ZINC_DIP2A_Activators/H19/H19P000.smi.gz
ZINCj6000002kVyx,CCOC(CCNC(=O)N[C@H](CO)COC)OCC,Local ZINC tranches,ZINC_DIP2A_Activators/H19/H19P000.smi.gz
ZINCj6000002m9Nq,Cc1ncnc2c1C[C@@H](C(=O)N1CC=C(N)N1)CC2,Local ZINC tranches,ZINC_DIP2A_Activators/H19/H19P000.smi.gz
ZINCj6000002kBh8,CC(=O)NCCCS(=O)(=O)NC(=O)c1csnc1C,Local ZINC tranches,ZINC_DIP2A_Activators/H19/H19P000.smi.gz
ZINCj6000002lTTz,C[C@H](C(=O)O)N(C)C(=O)c1ccc(S(C)(=O)=O)nc1,Local ZINC tranches,ZINC_DIP2A_Activators/H19/H19P000.smi.gz
ZINCj6000009jegq,COC[C@@H](OC)C(=O)N[C@](C)(CNC(C)=O)C1CC1,Local ZINC tranches,ZINC_DIP2A_Activators/H19/H19P000.smi.gz
ZINCj600000BlO0C,CC1(C)OCC[C@@H]1CC(=O)N1CCNC[C@@H]1C(=O)O,Local ZINC tranches,ZINC_DIP2A_Activators/H19/H19P000.smi.gz
ZINCj6000002kRis,CCN1CCC[C@H](NC(=O)NCC2CC(N)C2)C1=O,Local ZINC tranches,ZINC_DIP2A_Activators/H19/H19P000.smi.gz
ZINCj6000002lnTu,COC(=O)[C@@H]1CCN(C(=O)c2c[nH]c(=N)nc2C)C1,Local ZINC tranches,ZINC_DIP2A_Activators/H19/H19P000.smi.gz
ZINCj6000002kw4p,C#CCOCCOC(=O)NC1CC2(CNC(=O)C2)C1,Local ZINC tranches,ZINC_DIP2A_Activators/H19/H19P000.smi.gz
ZINCj6000002l6L8,CN(C)C(=O)CC(=O)NCCCOC[C@H]1CCOC1,Local ZINC tranches,ZINC_DIP2A_Activators/H19/H19P000.smi.gz
ZINCj6000002kvKu,C#CCNC(=O)CN1C[C@H](C)O[C@@]2(CCO[C@@H]2C)C1,Local ZINC tranches,ZINC_DIP2A_Activators/H19/H19P000.smi.gz
ZINCj6000002ll01,COC(=O)CC1(NCc2cnn(C)n2)CCOCC1,Local ZINC tranches,ZINC_DIP2A_Activators/H19/H19P000.smi.gz
ZINCj6000002kMqo,CCCCNC(=O)NC(=O)CN1CC[S@@](=O)C[C@H]1C,Local ZINC tranches,ZINC_DIP2A_Activators/H19/H19P000.smi.gz
ZINCj6000009jh7W,C[C@@H](C#N)C(=O)NC[C@@H](C)CNC(=O)c1cc[nH]n1,Local ZINC tranches,ZINC_DIP2A_Activators/H19/H19P000.smi.gz
ZINCj6000002lmvj,COC(=O)N(C)CC(=O)O[C@@H]1CCN(C(=O)OC)C1,Local ZINC tranches,ZINC_DIP2A_Activators/H19/H19P000.smi.gz
ZINCj6000002l0QT,CC[C@H](C)[C@@H](NS(C)(=O)=O)C(=O)NCCN(C)CC,Local ZINC tranches,ZINC_DIP2A_Activators/H19/H19P000.smi.gz
ZINCj6000002m7mM,Cc1cnn(C)c1NC(=O)N1C[C@@H](O)C[C@@]1(C)CO,Local ZINC tranches,ZINC_DIP2A_Activators/H19/H19P000.smi.gz
ZINCj6000002mjUB,N=c1nc(C(F)F)nc(N2CC[C@@H](CC(N)=O)C2)[nH]1,Local ZINC tranches,ZINC_DIP2A_Activators/H19/H19P000.smi.gz
ZINCj6000002mDQQ,O=C1CO[C@H](C(=O)N2CCNC[C@@H]2CC(F)(F)F)C1,Local ZINC tranches,ZINC_DIP2A_Activators/H19/H19P000.smi.gz
ZINCj6000002kJ5m,CC1(C)CNC[C@H]1C(=O)NCCN1C(=O)CSC1=O,Local ZINC tranches,ZINC_DIP2A_Activators/H19/H19P000.smi.gz
ZINCj6000002ms6S,Nc1ccnc(C(=O)N2CC[C@@]23CCS(=O)(=O)C3)c1,Local ZINC tranches,ZINC_DIP2A_Activators/H19/H19P000.smi.gz
ZINCj6000002ljEi,CNS(=O)(=O)N1CCC(C(=O)N[C@@H]2CC[C@@H]2C)CC1,Local ZINC tranches,ZINC_DIP2A_Activators/H19/H19P000.smi.gz
ZINCj6000002lmgl,COC(=O)C[C@H](O)CNS(=O)(=O)C=Cc1ccco1,Local ZINC tranches,ZINC_DIP2A_Activators/H19/H19P000.smi.gz
ZINCj6000002mmyC,NC1(C(=O)N2CCC[C@H](CN3CCOCC3)C2)CC1,Local ZINC tranches,ZINC_DIP2A_Activators/H19/H19P000.smi.gz
ZINCj600000BlLR5,CC1(C)CN(C(=O)[C@@H]2CC3(CC3)CN2)[C@H](CN)CO1,Local ZINC tranches,ZINC_DIP2A_Activators/H19/H19P000.smi.gz
ZINCj6000002kZuT,CC[C@@H](NC(C)=O)C(=O)NC1CCN(C(C)=O)CC1,Local ZINC tranches,ZINC_DIP2A_Activators/H19/H19P000.smi.gz
ZINCj6000002kyxe,C=CCN(CCC(=O)OC)C(=O)[C@@H]1NC(=O)O[C@@H]1C,Local ZINC tranches,ZINC_DIP2A_Activators/H19/H19P000.smi.gz
ZINCj6000002lfqK,CN1C[C@H](C(=O)N[C@@H]2CCCCC[C@@H]2CO)NC1=O,Local ZINC tranches,ZINC_DIP2A_Activators/H19/H19P000.smi.gz
ZINCj6000002kKdU,CC1(CNC(=O)C=CC(=O)NC2CC2)OCCCO1,Local ZINC tranches,ZINC_DIP2A_Activators/H19/H19P000.smi.gz
ZINCj6000009j2x8,CC(C)(O)C(=O)NC1CN(C(=O)c2cc(Cl)on2)C1,Local ZINC tranches,ZINC_DIP2A_Activators/H19/H19P000.smi.gz
ZINCj6000002m9P3,Cc1ncncc1[C@H](C)NC[C@@H]1CC(C(N)=O)=NO1,Local ZINC tranches,ZINC_DIP2A_Activators/H19/H19P000.smi.gz
ZINCj6000002lj7A,CNC[C@H](C)C(=O)N(C)Cc1nc(CCOC)no1,Local ZINC tranches,ZINC_DIP2A_Activators/H19/H19P000.smi.gz
ZINCj6000002lHZA,CS(=O)(=O)[C@H]1C[C@H](NCc2ccsc2S(N)(=O)=O)C1,Local ZINC tranches,ZINC_DIP2A_Activators/H19/H19P000.smi.gz
ZINCj6000009jnvv,Cc1ncc(C(=O)N2CCN(CC(N)=O)C[C@H]2C)s1,Local ZINC tranches,ZINC_DIP2A_Activators/H19/H19P000.smi.gz
ZINCj6000002mg7m,Cn1ncc(CNS(=O)(=O)CC2(C)CCOCC2)n1,Local ZINC tranches,ZINC_DIP2A_Activators/H19/H19P000.smi.gz
ZINCj6000002kYNn,CC[C@@H](C)[C@H](N)C(=O)NCc1nnnn1CC1CC1,Local ZINC tranches,ZINC_DIP2A_Activators/H19/H19P000.smi.gz
ZINCj6000009jmAk,C[S@@](=O)CCNC(=O)c1cnc2c(=O)[nH]ccc2c1,Local ZINC tranches,ZINC_DIP2A_Activators/H19/H19P000.smi.gz
ZINCj600000BlIl1,Cc1cccc2nc(CNC(=O)[C@@H](CN)CO)[nH]c12,Local ZINC tranches,ZINC_DIP2A_Activators/H19/H19P000.smi.gz
ZINCj6000002msaj,Nc1cnc(F)cc1C(=O)NC[C@@]1(O)CCCOC1,Local ZINC tranches,ZINC_DIP2A_Activators/H19/H19P000.smi.gz
ZINCj6000002mnHO,NCCSCC(=O)N1CC[C@@H](O)C2(CCOCC2)C1,Local ZINC tranches,ZINC_DIP2A_Activators/H19/H19P000.smi.gz
ZINCj6000002m7rk,Cc1cnn(Cc2cn(CC(=O)N3CCC3)nn2)c1,Local ZINC tranches,ZINC_DIP2A_Activators/H19/H19P000.smi.gz
ZINCj6000009j1Fg,CC(=O)NC[C@H](C)CNC(=O)CO[C@@H]1CCCOC1,Local ZINC tranches,ZINC_DIP2A_Activators/H19/H19P000.smi.gz
ZINCj6000002lkTZ,COC(=O)CC(=O)N[C@@H](Cc1ccoc1)C(=O)OC,Local ZINC tranches,ZINC_DIP2A_Activators/H19/H19P000.smi.gz
ZINCj6000002m7R9,Cc1n[nH]cc1CN1C(=O)[C@H]2[C@@H](O)CCCN2C1=O,Local ZINC tranches,ZINC_DIP2A_Activators/H19/H19P000.smi.gz
ZINCj6000002lsbv,COCC(=O)CCn1nnn(-c2ccccc2)c1=O,Local ZINC tranches,ZINC_DIP2A_Activators/H19/H19P000.smi.gz
ZINCj6000009jbXN,CNC[C@H](O)[C@H](C)C(=O)Nc1ccc(CO)cc1O,Local ZINC tranches,ZINC_DIP2A_Activators/H19/H19P000.smi.gz
ZINCj6000002kXzf,CCOc1nc(C(=O)NC2CC(NC(N)=O)C2)co1,Local ZINC tranches,ZINC_DIP2A_Activators/H19/H19P000.smi.gz
ZINCj6000002mGy5,O=[S@]1[C@H]2CC[C@H]1CN(C1=NCCCN1CCO)CC2,Local ZINC tranches,ZINC_DIP2A_Activators/H19/H19P000.smi.gz
ZINCj6000009j0fq,C=C[C@H](O)C(=O)NC[C@H]1CCN(C(=O)[C@@H]2C=C2C)C1,Local ZINC tranches,ZINC_DIP2A_Activators/H19/H19P000.smi.gz
ZINCj6000009jhkT,C[C@@H](CCN=c1cc[nH]c(C#N)n1)NC(=O)[C@H](C)O,Local ZINC tranches,ZINC_DIP2A_Activators/H19/H19P000.smi.gz
ZINCj6000002mDgM,O=C1CC[C@@]2(CCN(C(=O)[C@@H]3NCCC34CC4)C2)N1,Local ZINC tranches,ZINC_DIP2A_Activators/H19/H19P000.smi.gz
ZINCj6000002lQMH,C[C@@H]1C[C@@H](O)CN(C(=O)C(=O)N2C[C@H]3[C@H](Br)[C@H]3C2)C1,Local ZINC tranches,ZINC_DIP2A_Activators/H19/H19P000.smi.gz
ZINCj6000002lM3A,C[C@@H](NC(=O)[C@@H]1[C@H]2[C@H]3C[C@H]1C(=O)[C@@H]23)c1ncnn1C,Local ZINC tranches,ZINC_DIP2A_Activators/H19/H19P000.smi.gz
ZINCj6000009jcw9,COC(C)(C)C(=O)NC[C@@H](C)N(C)C(=O)[C@H](C)CO,Local ZINC tranches,ZINC_DIP2A_Activators/H19/H19P000.smi.gz
ZINCj6000002ljJ0,CNS(=O)(=O)NCCNC(=O)c1cc(SC)oc1C,Local ZINC tranches,ZINC_DIP2A_Activators/H19/H19P000.smi.gz
ZINCj6000002kXbr,CCO[C@H](C(=O)N(C)CCNC(C)=O)[C@@H]1CCOC1,Local ZINC tranches,ZINC_DIP2A_Activators/H19/H19P000.smi.gz
ZINCj600000BlIL2,CC1(C)CC(C)(C(=O)NC[C@@H](O)Cc2nn[nH]n2)C1,Local ZINC tranches,ZINC_DIP2A_Activators/H19/H19P000.smi.gz
ZINCj6000002lvRv,COCC[C@H](N)C(=O)NC[C@@H]1CN(C)CCC1(F)F,Local ZINC tranches,ZINC_DIP2A_Activators/H19/H19P000.smi.gz
ZINCj6000002mDNd,O=C1CN[C@H](C(=O)NC[C@@H]2CCCCC2(F)F)CN1,Local ZINC tranches,ZINC_DIP2A_Activators/H19/H19P000.smi.gz
ZINCj6000002mwN1,O=C(NCCN1CCNC1=O)c1n[nH]cc1C1CC1,Local ZINC tranches,ZINC_DIP2A_Activators/H19/H19P000.smi.gz
ZINCj6000002mxQN,O=C(NC[C@@H]1COCO1)NC[C@@]1(CO)C[C@@H]2C[C@@H]2C1,Local ZINC tranches,ZINC_DIP2A_Activators/H19/H19P000.smi.gz
ZINCj6000002kSjP,CCN1C[C@H](C(=O)N[C@@H]2CCNC[C@H]2F)CCC1=O,Local ZINC tranches,ZINC_DIP2A_Activators/H19/H19P000.smi.gz
ZINCj6000002leHF,CN1CC[C@H](NC(=O)N[C@@H]2CC23CCOCC3)C1=O,Local ZINC tranches,ZINC_DIP2A_Activators/H19/H19P000.smi.gz
ZINCj600000BlL2c,CC1(C[C@@H](N)C(=O)NCC(=O)Nc2nccs2)N=N1,Local ZINC tranches,ZINC_DIP2A_Activators/H19/H19P000.smi.gz
ZINCj6000002lVEu,C[C@H](Cc1nccn1C)NC(=O)N1C[C@@](C)(O)CO1,Local ZINC tranches,ZINC_DIP2A_Activators/H19/H19P000.smi.gz
ZINCj6000009jcOH,COCC(=O)N1CC2(C1)CN(C(=O)c1ccns1)C2,Local ZINC tranches,ZINC_DIP2A_Activators/H19/H19P000.smi.gz
ZINCj6000002lVE3,C[C@H](Cc1cnn(C)c1)NCCS(=O)(=O)NC1CC1,Local ZINC tranches,ZINC_DIP2A_Activators/H19/H19P000.smi.gz
ZINCj6000002kTms,CCNCC(=O)NCCn1c(O)nc2ccccc21,Local ZINC tranches,ZINC_DIP2A_Activators/H19/H19P000.smi.gz
ZINCj6000002lVJB,C[C@H](F)COC(=O)Cn1cnc2c(cnn2C)c1=O,Local ZINC tranches,ZINC_DIP2A_Activators/H19/H19P000.smi.gz
ZINCj6000009iZqT,C=CCC(=O)NC[C@@H](CC)NC(=O)[C@H](C)CC(N)=O,Local ZINC tranches,ZINC_DIP2A_Activators/H19/H19P000.smi.gz
ZINCj6000002ld88,CN1CCC[C@H](NC(=O)[C@H](F)C2CCNCC2)C1=O,Local ZINC tranches,ZINC_DIP2A_Activators/H19/H19P000.smi.gz
ZINCj6000002kC23,CC(=O)OC[C@@H](CO)NC(=O)c1c(F)ccnc1F,Local ZINC tranches,ZINC_DIP2A_Activators/H19/H19P000.smi.gz
ZINCj6000002mpoy,NS(=O)(=O)CCc1cn(C[C@@H]2CCCCCO2)nn1,Local ZINC tranches,ZINC_DIP2A_Activators/H19/H19P000.smi.gz
ZINCj6000002kHa3,CC(C)[C@H](CO)NC(=O)[C@@]12C[C@H]3C[C@H](C(=O)N1)[C@H]2C3,Local ZINC tranches,ZINC_DIP2A_Activators/H19/H19P000.smi.gz
ZINCj6000002lUJL,C[C@H](CN1CCCC1=O)OC(=O)[C@@H]1CCN(C)C1=O,Local ZINC tranches,ZINC_DIP2A_Activators/H19/H19P000.smi.gz
ZINCj6000002mjCy,N=c1[nH]c(=N)[nH]c(=NCCNc2cncc(Cl)n2)[nH]1,Local ZINC tranches,ZINC_DIP2A_Activators/H19/H19P000.smi.gz
ZINCj7000009jBVF,CCN(CCNC(=O)COCCOC)C[C@H](C)OC,Local ZINC tranches,ZINC_DIP2A_Activators/H19/H19P010.smi.gz
ZINCj7000002o4K6,C[C@@H](C(=O)N(C)CC(=O)NC1CSC1)n1cccn1,Local ZINC tranches,ZINC_DIP2A_Activators/H19/H19P010.smi.gz
ZINCj7000002or9x,C[S@](=O)[C@H]1CCC[C@@H](NC(=O)c2cnnc(O)c2)C1,Local ZINC tranches,ZINC_DIP2A_Activators/H19/H19P010.smi.gz
ZINCj7000002ouab,Cc1ccc(C=CC(=O)N2CCNC[C@@H](O)C2)cn1,Local ZINC tranches,ZINC_DIP2A_Activators/H19/H19P010.smi.gz
ZINCj7000002nUIi,COCn1nccc1S(=O)(=O)N[C@@H](C)CCN(C)C,Local ZINC tranches,ZINC_DIP2A_Activators/H19/H19P010.smi.gz
ZINCj7000002nPHe,COCC[C@]1(NCc2ncnn2CCF)CCNC1,Local ZINC tranches,ZINC_DIP2A_Activators/H19/H19P010.smi.gz
ZINCj7000002ozXc,Cc1nnc(CNS(=O)(=O)c2cccc(N)c2)n1C,Local ZINC tranches,ZINC_DIP2A_Activators/H19/H19P010.smi.gz
ZINCj7000002o46s,CSC[C@H]1CCCN1C(=O)C(=O)NC[C@@H]1CCN1C,Local ZINC tranches,ZINC_DIP2A_Activators/H19/H19P010.smi.gz
ZINCj7000002oA5c,Cc1nnc(S)n1CCNC(=O)[C@@H]1CCNC12CC2,Local ZINC tranches,ZINC_DIP2A_Activators/H19/H19P010.smi.gz
ZINCj7000002n4BJ,CCC[C@H](CNC(=O)[C@@]1(OC)CCS(=O)(=O)C1)OC,Local ZINC tranches,ZINC_DIP2A_Activators/H19/H19P010.smi.gz
ZINCj7000002p2pb,O=C(O)[C@H]1[C@@H](O)CCCN1C(=O)CC1(O)CCCC1,Local ZINC tranches,ZINC_DIP2A_Activators/H19/H19P010.smi.gz
ZINCj7000009jIB2,COCCCOCC(=O)N[C@@]1(C)CCN(CC#N)C1,Local ZINC tranches,ZINC_DIP2A_Activators/H19/H19P010.smi.gz
ZINCj7000002opuV,C[C@](O)(C(=O)N1CC(c2cc[nH]c(=N)n2)C1)C1CC1,Local ZINC tranches,ZINC_DIP2A_Activators/H19/H19P010.smi.gz
ZINCj7000002oi6v,C[C@H](CS(=O)(=O)N(C)C)NC(=O)CCOCC1CC1,Local ZINC tranches,ZINC_DIP2A_Activators/H19/H19P010.smi.gz
ZINCj7000002mNWz,C=C[C@@H](CC)CC(=O)NNC(=O)[C@@H]1CCS(=O)(=O)C1,Local ZINC tranches,ZINC_DIP2A_Activators/H19/H19P010.smi.gz
ZINCj7000002mK5i,C#CCn1cc(CNC(=O)COCCCOC)cn1,Local ZINC tranches,ZINC_DIP2A_Activators/H19/H19P010.smi.gz
ZINCj7000002nzUv,CNC(=O)NCCCNC(=O)c1[nH]c(C=O)cc1C,Local ZINC tranches,ZINC_DIP2A_Activators/H19/H19P010.smi.gz
ZINCj7000002nwgw,CN1CCN(C(=O)[C@H]2CC[C@@H](C(=O)O)O2)CC1(C)C,Local ZINC tranches,ZINC_DIP2A_Activators/H19/H19P010.smi.gz
ZINCj7000002o8uX,C[C@@H](O)CNC(=O)C(=O)Nc1ccc(F)cc1C#N,Local ZINC tranches,ZINC_DIP2A_Activators/H19/H19P010.smi.gz
ZINCj7000002nTnJ,COC[C@](C)(O)CC(=O)[C@H](C#N)C(=O)N1CCCC1,Local ZINC tranches,ZINC_DIP2A_Activators/H19/H19P010.smi.gz
ZINCj7000009jCEA,CCOCC(=O)NC[C@@H](C)N(C)C(=O)C1(OC)CC1,Local ZINC tranches,ZINC_DIP2A_Activators/H19/H19P010.smi.gz
ZINCj7000002n2B5,CCCC[C@@H]1NC(=O)N(CC(=O)NCCC#N)C1=O,Local ZINC tranches,ZINC_DIP2A_Activators/H19/H19P010.smi.gz
ZINCj7000002nzs7,CNC(=O)COCCNCc1cnc(CCOC)s1,Local ZINC tranches,ZINC_DIP2A_Activators/H19/H19P010.smi.gz
ZINCj7000002n09Y,CC1([C@@H](O)CNC(=O)NCCCn2cncn2)CC1,Local ZINC tranches,ZINC_DIP2A_Activators/H19/H19P010.smi.gz
ZINCj7000002oORc,NS(=O)(=O)[C@H]1CCCN(C(=O)N[C@H]2C[C@@H](CF)C2)C1,Local ZINC tranches,ZINC_DIP2A_Activators/H19/H19P010.smi.gz
ZINCj7000002nyPo,CNC(=O)C1(C(=O)NCCn2nc(C)cc2C)CC1,Local ZINC tranches,ZINC_DIP2A_Activators/H19/H19P010.smi.gz
ZINCj7000002nWgD,CO[C@@H]1CC[C@H](C(=O)N[C@@H](C)c2nnc(O)n2C)C1,Local ZINC tranches,ZINC_DIP2A_Activators/H19/H19P010.smi.gz
ZINCj7000002ojXm,C[C@H](NC(=O)[C@H](O)C(C)(C)O)C(=O)OC1CCCC1,Local ZINC tranches,ZINC_DIP2A_Activators/H19/H19P010.smi.gz
ZINCj7000002nWz8,CO[C@@H]1CN[C@@H](C(=O)N[C@H]2CC[C@@H](C(=O)O)CC2)C1,Local ZINC tranches,ZINC_DIP2A_Activators/H19/H19P010.smi.gz
ZINCj7000002o7fs,C[C@@H](N)Cc1cn(Cc2nnc3n2CCCC3)nn1,Local ZINC tranches,ZINC_DIP2A_Activators/H19/H19P010.smi.gz
ZINCj7000002mKGI,C#C[C@]1(O)CCC[C@H](NC(=O)CNC(=O)OCC)C1,Local ZINC tranches,ZINC_DIP2A_Activators/H19/H19P010.smi.gz
ZINCj7000002ns04,CN(CC(=O)N1Cc2cnn(C)c2C1)C(=O)C1CC1,Local ZINC tranches,ZINC_DIP2A_Activators/H19/H19P010.smi.gz
ZINCj7000009jwIH,CC(=O)NCC[C@@H](C)N(C)C(=O)CCc1cnn[nH]1,Local ZINC tranches,ZINC_DIP2A_Activators/H19/H19P010.smi.gz
ZINCj7000002mY4p,CC1(C)CC[C@@](CO)(NC(=O)[C@@H](CO)CC(=O)O)C1,Local ZINC tranches,ZINC_DIP2A_Activators/H19/H19P010.smi.gz
ZINCj7000002nMUq,COCCCOCCN(C)C(=O)[C@@H]1CCC(=O)N1C,Local ZINC tranches,ZINC_DIP2A_Activators/H19/H19P010.smi.gz
ZINCj7000002mYZr,CC1(C)C[C@@]1(C)CN1C(=O)[C@H]2CNC(=O)CN2C1=O,Local ZINC tranches,ZINC_DIP2A_Activators/H19/H19P010.smi.gz
ZINCj7000002p2vt,O=C(O)c1ccnc(N[C@H]2CCn3nnnc3C2)c1,Local ZINC tranches,ZINC_DIP2A_Activators/H19/H19P010.smi.gz
ZINCj7000009jvxs,CC#CCN(C)[C@@H](C)CNC(=O)[C@H]1CCCC(=O)N1,Local ZINC tranches,ZINC_DIP2A_Activators/H19/H19P010.smi.gz
ZINCj7000002oYAk,O=C(NC[C@H](F)CO)N[C@@H]1CCCN2CCSC[C@@H]12,Local ZINC tranches,ZINC_DIP2A_Activators/H19/H19P010.smi.gz
ZINCj7000002nQDC,COC[C@@H](NC(=O)N[C@H](C1CC1)C(F)(F)F)C(N)=O,Local ZINC tranches,ZINC_DIP2A_Activators/H19/H19P010.smi.gz
ZINCj7000002ojMa,C[C@H](NC(=O)OC(C)(C)C)C(=O)NCC(=O)N(C)C,Local ZINC tranches,ZINC_DIP2A_Activators/H19/H19P010.smi.gz
ZINCj7000002nXIC,CO[C@H](C)c1nc(CNC(=O)[C@H]2C[C@@H](O)CN2)cs1,Local ZINC tranches,ZINC_DIP2A_Activators/H19/H19P010.smi.gz
ZINCj7000002nCIc,CNS(=O)(=O)c1ccc(NC(=O)[C@H](C)ON)cc1C,Local ZINC tranches,ZINC_DIP2A_Activators/H19/H19P010.smi.gz
ZINCj7000002oTkK,O=C(CN1CCS(=O)(=O)CC1)N[C@]12CCCC[C@@H]1C2,Local ZINC tranches,ZINC_DIP2A_Activators/H19/H19P010.smi.gz
ZINCj7000002n7Ob,CCN1CCN(CCNC(=O)[C@H]2C[C@H](C)CO2)CC1,Local ZINC tranches,ZINC_DIP2A_Activators/H19/H19P010.smi.gz
ZINCj7000002mNXa,C=C[C@@H](N)C(=O)NC1CCN(C[C@@H]2CCOC2)CC1,Local ZINC tranches,ZINC_DIP2A_Activators/H19/H19P010.smi.gz
ZINCj7000009jB9m,CCCN(CCCS(=O)(=O)N(C)C)CCNC(C)=O,Local ZINC tranches,ZINC_DIP2A_Activators/H19/H19P010.smi.gz
ZINCj7000002nfq1,CCSCCCNC(=O)Cc1c(C)nc(O)nc1O,Local ZINC tranches,ZINC_DIP2A_Activators/H19/H19P010.smi.gz
ZINCj7000002opXK,C[C@]1(C(=O)NC[C@H]2CCCCO2)CCCNS1(=O)=O,Local ZINC tranches,ZINC_DIP2A_Activators/H19/H19P010.smi.gz
ZINCj7000009jAaT,CCC(=O)NCCN(CCOC)C(=O)c1cnns1,Local ZINC tranches,ZINC_DIP2A_Activators/H19/H19P010.smi.gz
ZINCj7000009jGEh,CN1C[C@H](O)C[C@@]1(C)C(=O)N1CC(COC(F)F)C1,Local ZINC tranches,ZINC_DIP2A_Activators/H19/H19P010.smi.gz
ZINCj7000002oZ54,O=C(NCc1cc(O)nc(O)n1)[C@@H]1CCC[C@H]2C[C@@H]21,Local ZINC tranches,ZINC_DIP2A_Activators/H19/H19P010.smi.gz
ZINCj7000002oXBm,O=C(NCC[C@@H](O)CO)c1cnc2ncccc2c1,Local ZINC tranches,ZINC_DIP2A_Activators/H19/H19P010.smi.gz
ZINCj7000002mX1q,CC(C)c1nn(C)cc1C(=O)NCC[C@H](O)C(=O)O,Local ZINC tranches,ZINC_DIP2A_Activators/H19/H19P010.smi.gz
ZINCj7000002nRvt,COC[C@@](C)(O)CNC(=O)N[C@@H](C)c1noc(C)n1,Local ZINC tranches,ZINC_DIP2A_Activators/H19/H19P010.smi.gz
ZINCj7000002n7Ks,CCN1CCN(CC(=O)NC(=O)NCC(C)C)CC1,Local ZINC tranches,ZINC_DIP2A_Activators/H19/H19P010.smi.gz
ZINCj7000002n6Te,CCN(CCO)CCNC(=O)N(C)C1(COC)CC1,Local ZINC tranches,ZINC_DIP2A_Activators/H19/H19P010.smi.gz
ZINCj7000002mShP,CC(C)(F)CNC(=O)C(=O)N[C@@H]1CC[C@H]2C[C@H]1CN2,Local ZINC tranches,ZINC_DIP2A_Activators/H19/H19P010.smi.gz
ZINCj7000002oJmC,N=c1nnn(CC(=O)NCC2[C@H]3CCCCC[C@H]23)[nH]1,Local ZINC tranches,ZINC_DIP2A_Activators/H19/H19P010.smi.gz
ZINCj700000BlOeY,C[C@@]1(C(=O)N2CCCc3c(Br)cnn32)C[C@H](O)CN1,Local ZINC tranches,ZINC_DIP2A_Activators/H19/H19P010.smi.gz
ZINCj7000002mVSy,CC(C)[C@@H](O)C(C)(C)CNC(=O)[C@@H]1CN(C)C(=O)N1,Local ZINC tranches,ZINC_DIP2A_Activators/H19/H19P010.smi.gz
ZINCj7000002oGEB,Cn1nncc1CC(=O)Nc1ccc([S@@](C)=O)cn1,Local ZINC tranches,ZINC_DIP2A_Activators/H19/H19P010.smi.gz
ZINCj7000002oAu7,Cc1nnsc1[C@@H](C)N1CCN2C(=O)NC(=O)[C@@H]2C1,Local ZINC tranches,ZINC_DIP2A_Activators/H19/H19P010.smi.gz
ZINCj7000002oPYS,N[C@@H]1C[C@H](C(=O)O)CN(C(=O)[C@H]2C3C[C@@H]4C2[C@@H]4C3)C1,Local ZINC tranches,ZINC_DIP2A_Activators/H19/H19P010.smi.gz
ZINCj7000002o3it,CS(=O)(=O)c1cccnc1N1CC[C@H](CC(N)=O)C1,Local ZINC tranches,ZINC_DIP2A_Activators/H19/H19P010.smi.gz
ZINCj700000BlJlS,Cc1cc(CC(=O)N[C@@H]2CC2(CO)CO)ccc1O,Local ZINC tranches,ZINC_DIP2A_Activators/H19/H19P010.smi.gz
ZINCj7000002n1lW,CCC(C)(C)OCC(=O)NS(=O)(=O)N(C)CCOC,Local ZINC tranches,ZINC_DIP2A_Activators/H19/H19P010.smi.gz
ZINCj7000002nzie,CNC(=O)CN(CC(=O)NC)Cc1cncc(Br)c1,Local ZINC tranches,ZINC_DIP2A_Activators/H19/H19P010.smi.gz
ZINCj7000002p3fL,O=C([C@H]1CCCOC1)N1CCn2ncc(CO)c2C1,Local ZINC tranches,ZINC_DIP2A_Activators/H19/H19P010.smi.gz
ZINCj7000002mUYt,CC(C)NS(=O)(=O)CCOC(=O)[C@@H]1CCCN(C)C1,Local ZINC tranches,ZINC_DIP2A_Activators/H19/H19P010.smi.gz
ZINCj7000002nMfk,COCC1(O)CCN(c2ccc3nncn3n2)CC1,Local ZINC tranches,ZINC_DIP2A_Activators/H19/H19P010.smi.gz
ZINCj7000002nhLc,CC[C@@](NC(=O)C[C@@H]1COCCO1)(C(N)=O)C(C)C,Local ZINC tranches,ZINC_DIP2A_Activators/H19/H19P010.smi.gz
ZINCj7000002n9FT,CCNC(=O)c1ccc(N2CCN(C)[C@H]3C[C@H]32)nn1,Local ZINC tranches,ZINC_DIP2A_Activators/H19/H19P010.smi.gz
ZINCj7000002p0sY,O=C(N[C@@H]1CO[C@@H](C2CC2)C1)[C@@]1(F)CCS(=O)(=O)C1,Local ZINC tranches,ZINC_DIP2A_Activators/H19/H19P010.smi.gz
ZINCj700000BlNaz,Cc1cnc(CCNC(=O)C(=O)Nc2cnsn2)o1,Local ZINC tranches,ZINC_DIP2A_Activators/H19/H19P010.smi.gz
ZINCj7000002o3xX,CSCC(=O)NNC(=O)NCc1nc(C2CC2)no1,Local ZINC tranches,ZINC_DIP2A_Activators/H19/H19P010.smi.gz
ZINCj7000002oKI6,NC(=O)N[C@@H]1CCN(C(=O)C[C@@H]2CCCC[C@H]2O)C1,Local ZINC tranches,ZINC_DIP2A_Activators/H19/H19P010.smi.gz
ZINCj7000009jEeJ,CC[C@H](C)C[C@H](C)C(=O)N[C@@H](C)CNC(=O)C(N)=O,Local ZINC tranches,ZINC_DIP2A_Activators/H19/H19P010.smi.gz
ZINCj7000002mV40,CC(C)OC(=O)CCNC(=O)[C@]1(CN)CCCOC1,Local ZINC tranches,ZINC_DIP2A_Activators/H19/H19P010.smi.gz
ZINCj7000002ob9Z,C[C@@H]1CN(C(=O)[C@@H]2CNC3(CCC3)C2)C[C@H](CO)O1,Local ZINC tranches,ZINC_DIP2A_Activators/H19/H19P010.smi.gz
ZINCj7000002mMex,C=CCC[C@H](NC(=O)C[C@H]1CCNC1=O)C(=O)OC,Local ZINC tranches,ZINC_DIP2A_Activators/H19/H19P010.smi.gz
ZINCj7000002ofZI,C[C@H](C(=O)N1CCO[C@@H]([C@@H](C)N)C1)c1cncnc1,Local ZINC tranches,ZINC_DIP2A_Activators/H19/H19P010.smi.gz
ZINCj7000002o34g,CS(=O)(=O)[C@H]1CCCN(C(=O)[C@H]2NCCC23CC3)C1,Local ZINC tranches,ZINC_DIP2A_Activators/H19/H19P010.smi.gz
ZINCj7000002oUyi,O=C(C[C@@H]1CCNC1=O)NS(=O)(=O)c1nc(Cl)cs1,Local ZINC tranches,ZINC_DIP2A_Activators/H19/H19P010.smi.gz
ZINCj8000002qZsg,C[C@H](CNC(=O)N1CC[C@H]2COCC[C@H]21)S(C)(=O)=O,Local ZINC tranches,ZINC_DIP2A_Activators/H19/H19P020.smi.gz
ZINCj8000002pAbs,CCCNC(=O)[C@@H](C)NC(=O)[C@]1(C(=O)OC)C[C@H]1C,Local ZINC tranches,ZINC_DIP2A_Activators/H19/H19P020.smi.gz
ZINCj8000002q0rQ,CN(C)C(=O)[C@@H]1CCN(C(=O)NCc2cocn2)C1,Local ZINC tranches,ZINC_DIP2A_Activators/H19/H19P020.smi.gz
ZINCj8000002rdTY,Cc1ccc(S(=O)(=O)N2C[C@@H](O)[C@H](CO)C2)c(C)c1,Local ZINC tranches,ZINC_DIP2A_Activators/H19/H19P020.smi.gz
ZINCj8000002r5Xj,C[C@H]1CN(C)C(=O)CN1CCCNC(=O)C(F)(F)F,Local ZINC tranches,ZINC_DIP2A_Activators/H19/H19P020.smi.gz
ZINCj8000002qDWJ,CO[C@]1(CNC(=O)N(C)CC2CC2)CCS(=O)(=O)C1,Local ZINC tranches,ZINC_DIP2A_Activators/H19/H19P020.smi.gz
ZINCj8000002qHu0,CS(=O)(=O)CC1CN(C2=NC[C@H](CC(F)(F)F)N2)C1,Local ZINC tranches,ZINC_DIP2A_Activators/H19/H19P020.smi.gz
ZINCj8000002qFv8,COc1ccc(O)c(C(=O)N2CC(S(C)(=O)=O)C2)c1,Local ZINC tranches,ZINC_DIP2A_Activators/H19/H19P020.smi.gz
ZINCj8000002qLEk,C[C@@H](CCCN)NC(=O)NC[C@H](O)C1CCOCC1,Local ZINC tranches,ZINC_DIP2A_Activators/H19/H19P020.smi.gz
ZINCj8000002pa4M,C#CCCCNS(=O)(=O)N1CCC[C@@H]1C(=O)OCC,Local ZINC tranches,ZINC_DIP2A_Activators/H19/H19P020.smi.gz
ZINCj8000002qR2K,C[C@@H]1CCS(=O)(=O)CCN1Cn1cc([N+](=O)[O-])cn1,Local ZINC tranches,ZINC_DIP2A_Activators/H19/H19P020.smi.gz
ZINCj8000002pP9B,CC[C@@H](N)CN1CCC[C@H](C(=O)N2CCOCC2)C1,Local ZINC tranches,ZINC_DIP2A_Activators/H19/H19P020.smi.gz
ZINCj8000002qVaf,C[C@@H]1NCC[C@@H]1C(=O)NCCCCN1CCOCC1,Local ZINC tranches,ZINC_DIP2A_Activators/H19/H19P020.smi.gz
ZINCj8000002rvlK,NC(=O)CC[C@@H](N)C(=O)NC[C@H]1C[C@H]2C=C[C@H]1CC2,Local ZINC tranches,ZINC_DIP2A_Activators/H19/H19P020.smi.gz
ZINCj8000002pXyg,CCn1ccnc1[C@@H]1CCCCN1C(=O)[C@@H](N)CO,Local ZINC tranches,ZINC_DIP2A_Activators/H19/H19P020.smi.gz
ZINCj8000002q8nI,CN1CC[C@@H](C(=O)N2CCOc3ccncc32)C1=O,Local ZINC tranches,ZINC_DIP2A_Activators/H19/H19P020.smi.gz
ZINCj8000002pXgh,CCn1cc([C@H](O)CNC(=O)C2=NO[C@H](C)C2)cn1,Local ZINC tranches,ZINC_DIP2A_Activators/H19/H19P020.smi.gz
ZINCj8000002rBMt,N[C@@H]1CN(C(=O)C[C@H](N)C2CC2)[C@@]2(CCCOC2)C1,Local ZINC tranches,ZINC_DIP2A_Activators/H19/H19P020.smi.gz
ZINCj8000002qllK,COC(=O)[C@H]1CCN(C(=O)N(C)c2cnccn2)O1,Local ZINC tranches,ZINC_DIP2A_Activators/H19/H19P020.smi.gz
ZINCj8000002qMg5,C[C@@H](CN1CCOCC1)NC(=O)Nc1cnn(C)c1,Local ZINC tranches,ZINC_DIP2A_Activators/H19/H19P020.smi.gz
ZINCj8000002qbNZ,CNC(=O)NC[C@H]1CCCCN1CC(=O)NC(C)C,Local ZINC tranches,ZINC_DIP2A_Activators/H19/H19P020.smi.gz
ZINCj8000002pcK8,C#C[C@H](NC(=O)C1=CN(C)S(=O)(=O)N=C1C)C(C)C,Local ZINC tranches,ZINC_DIP2A_Activators/H19/H19P020.smi.gz
ZINCj8000002qohB,COC1CC(N(C)C(=O)NN=c2nc(C)[nH]n2C)C1,Local ZINC tranches,ZINC_DIP2A_Activators/H19/H19P020.smi.gz
ZINCj8000002qKzz,C[C@@H](C(=O)N(C)CCC#N)n1cc([C@H]2CCN2)nn1,Local ZINC tranches,ZINC_DIP2A_Activators/H19/H19P020.smi.gz
ZINCj8000002qTnd,C[C@@H]1CO[C@H](C(=O)N2CC[C@](O)(c3cc[nH]n3)C2)C1,Local ZINC tranches,ZINC_DIP2A_Activators/H19/H19P020.smi.gz
ZINCj8000002pdCb,C=C(CCN(C)C)C(=O)NC1CC2(CNC(=O)C2)C1,Local ZINC tranches,ZINC_DIP2A_Activators/H19/H19P020.smi.gz
ZINCj8000002rkwu,Cc1nnc(N2CCN(c3cccnn3)CC2)n1C,Local ZINC tranches,ZINC_DIP2A_Activators/H19/H19P020.smi.gz
ZINCj8000002qkVF,COC(=O)[C@H](C[C@@H]1CCOC1)NC[C@@H]1CCC(=O)O1,Local ZINC tranches,ZINC_DIP2A_Activators/H19/H19P020.smi.gz
ZINCj8000002rwdk,NC(=O)[C@@H](NC(=O)Nc1cnn(CCF)c1)C1CC1,Local ZINC tranches,ZINC_DIP2A_Activators/H19/H19P020.smi.gz
ZINCj8000002q6yt,CN1C(C)(C)[C@@H](NCCCn2ccnc2)CS1(=O)=O,Local ZINC tranches,ZINC_DIP2A_Activators/H19/H19P020.smi.gz
ZINCj8000002rOwP,O=C(O)[C@@H]1COCCN1C(=O)CC[C@@H]1CCCCN1,Local ZINC tranches,ZINC_DIP2A_Activators/H19/H19P020.smi.gz
ZINCj8000002pSOx,CC[C@H](NC(=O)[C@H](C)N1CCNCC1)c1ncc[nH]1,Local ZINC tranches,ZINC_DIP2A_Activators/H19/H19P020.smi.gz
ZINCj8000002qIl1,CS(=O)(=O)NCCOC(=O)C1(n2cc(Br)cn2)CC1,Local ZINC tranches,ZINC_DIP2A_Activators/H19/H19P020.smi.gz
ZINCj8000002pAaW,CCCNC(=O)[C@@H](C)NC(=O)NC[C@H]1CCCN1C,Local ZINC tranches,ZINC_DIP2A_Activators/H19/H19P020.smi.gz
ZINCj8000002rorl,Cn1ccc([C@@H]2CCCN2C(=O)NCC#CCO)n1,Local ZINC tranches,ZINC_DIP2A_Activators/H19/H19P020.smi.gz
ZINCj8000002pX4Y,CCn1cc(CN[C@@H]2C[C@@H]3C[C@H](C(N)=O)C[C@@H]32)nn1,Local ZINC tranches,ZINC_DIP2A_Activators/H19/H19P020.smi.gz
ZINCj8000002qkVO,COC(=O)[C@H](C[C@@H]1CCOC1)N[C@H]1C[C@H](C)OC1=O,Local ZINC tranches,ZINC_DIP2A_Activators/H19/H19P020.smi.gz
ZINCj8000002pjuB,CC(=O)N[C@H](C)C(=O)NCC(=O)Nc1ccccc1,Local ZINC tranches,ZINC_DIP2A_Activators/H19/H19P020.smi.gz
ZINCj8000002rlz6,Cc1nocc1NC(=O)N1CCC[C@@H]1CS(N)(=O)=O,Local ZINC tranches,ZINC_DIP2A_Activators/H19/H19P020.smi.gz
ZINCj8000002q6h3,CN1C(=O)CC[C@H]1CNC(=O)[C@H]1CC(C2CC2)=NO1,Local ZINC tranches,ZINC_DIP2A_Activators/H19/H19P020.smi.gz
ZINCj8000002qyXL,CON(C)CCCNC(=O)C[C@H]1CCCNC(=O)C1,Local ZINC tranches,ZINC_DIP2A_Activators/H19/H19P020.smi.gz
ZINCj8000002rKu9,O=C(NC[C@@H]1COCO1)c1ccc2oc(O)nc2c1,Local ZINC tranches,ZINC_DIP2A_Activators/H19/H19P020.smi.gz
ZINCj8000002qlov,COC(=O)[C@H]1CCN(S(=O)(=O)c2cnn(C)c2Cl)C1,Local ZINC tranches,ZINC_DIP2A_Activators/H19/H19P020.smi.gz
ZINCj8000002rojc,Cn1ccc(CCC(=O)Nc2cc(CO)nn2C)n1,Local ZINC tranches,ZINC_DIP2A_Activators/H19/H19P020.smi.gz
ZINCj8000002rI7b,O=C(NC1CC1)C1(C(=O)N2CC[C@@H](CO)C2)CCC1,Local ZINC tranches,ZINC_DIP2A_Activators/H19/H19P020.smi.gz
ZINCj8000002rnHi,Cn1cc(NC(=O)CC2OCCCO2)cc1C(N)=O,Local ZINC tranches,ZINC_DIP2A_Activators/H19/H19P020.smi.gz
ZINCj8000002q5mw,CN(Cc1ccco1)C(=O)C(=O)N1CC[C@@](C)(O)C1,Local ZINC tranches,ZINC_DIP2A_Activators/H19/H19P020.smi.gz
ZINCj8000002q3RH,CN(CCCOC(=O)NC(N)=O)C[C@@H]1CCC[C@H]1O,Local ZINC tranches,ZINC_DIP2A_Activators/H19/H19P020.smi.gz
ZINCj8000002q9d5,CN1CN(C(=O)N[C@@H]2[C@@H]3CCO[C@@H]3C2(C)C)CC1=O,Local ZINC tranches,ZINC_DIP2A_Activators/H19/H19P020.smi.gz
ZINCj8000002pkiQ,CC(=O)c1cn(CC(=O)N2CC[C@H](CC#N)C2)nn1,Local ZINC tranches,ZINC_DIP2A_Activators/H19/H19P020.smi.gz
ZINCj8000002romJ,Cn1ccc(COC(=O)CNC(=O)N2CCCC2)n1,Local ZINC tranches,ZINC_DIP2A_Activators/H19/H19P020.smi.gz
ZINCj8000002pUIQ,CCc1cc(=NC(=O)[C@@H]2CN3CCN2C[C@H]3C)[nH][nH]1,Local ZINC tranches,ZINC_DIP2A_Activators/H19/H19P020.smi.gz
ZINCj8000002pIXu,CCOC(=O)NCCNC(=O)C#C[C@@H]1CCCOC1,Local ZINC tranches,ZINC_DIP2A_Activators/H19/H19P020.smi.gz
ZINCj8000002pUNw,CCc1cc(C(=O)N2C[C@@H](O)C[C@H](OC)C2)nn1C,Local ZINC tranches,ZINC_DIP2A_Activators/H19/H19P020.smi.gz
ZINCj8000002r5Rv,C[C@H]1CN(C(=O)c2ccc(CS(C)(=O)=O)o2)C[C@@H]1N,Local ZINC tranches,ZINC_DIP2A_Activators/H19/H19P020.smi.gz
ZINCj8000002pVSC,CCc1ncc(CN[C@@H]2C[C@H]3C[C@H]2[C@H](O)[C@@H]3O)cn1,Local ZINC tranches,ZINC_DIP2A_Activators/H19/H19P020.smi.gz
ZINCj8000002q0g4,CN(C)C(=O)NCCCNC(=O)[C@]1(C)CCC[C@H]1N,Local ZINC tranches,ZINC_DIP2A_Activators/H19/H19P020.smi.gz
ZINCj8000002q9FS,CN1C[C@H](C(=O)NCC(C)(C)C(C)(F)F)NCC1=O,Local ZINC tranches,ZINC_DIP2A_Activators/H19/H19P020.smi.gz
ZINCj8000002qjKT,COC(=O)[C@@H]1CNC(=O)CN1Cc1cncc(Cl)c1,Local ZINC tranches,ZINC_DIP2A_Activators/H19/H19P020.smi.gz
ZINCj8000002rM2W,O=C(NS(=O)(=O)c1cnn[nH]1)c1cc(F)ccc1F,Local ZINC tranches,ZINC_DIP2A_Activators/H19/H19P020.smi.gz
ZINCj8000002qYCA,C[C@H](CCN(C)C)NC(=O)N(C)[C@H]1CCCNC1=O,Local ZINC tranches,ZINC_DIP2A_Activators/H19/H19P020.smi.gz
ZINCj8000002pIzi,CCOC(=O)CNC(=O)[C@H]1CCc2ncncc2C1,Local ZINC tranches,ZINC_DIP2A_Activators/H19/H19P020.smi.gz
ZINCj8000002pgw8,C=CC[C@H]1CCC[C@H]1NC(=O)CNS(=O)(=O)N(C)C,Local ZINC tranches,ZINC_DIP2A_Activators/H19/H19P020.smi.gz
ZINCj8000002rFWe,O=C(COCC1CCC1)NC[C@]1(F)CNCCOC1,Local ZINC tranches,ZINC_DIP2A_Activators/H19/H19P020.smi.gz
ZINCj8000002r8jr,C[C@](Cn1cccn1)(NCCCCCCO)C(N)=O,Local ZINC tranches,ZINC_DIP2A_Activators/H19/H19P020.smi.gz
ZINCj8000002rRZq,O=C1COc2ncnc(NCc3ccncn3)c2N1,Local ZINC tranches,ZINC_DIP2A_Activators/H19/H19P020.smi.gz
ZINCj8000002rJH0,O=C(NCC[C@@H]1CSCCN1)[C@@H]1NO[C@@H]2CCC[C@H]21,Local ZINC tranches,ZINC_DIP2A_Activators/H19/H19P020.smi.gz
ZINCj8000002ptw7,CC1(C)CC[C@H](O)CN1C(=O)C[C@H](CO)CC(=O)O,Local ZINC tranches,ZINC_DIP2A_Activators/H19/H19P020.smi.gz
ZINCj8000002qriU,COCCNC(=O)[C@H](C#N)C(=O)[C@H](CCSC)OC,Local ZINC tranches,ZINC_DIP2A_Activators/H19/H19P020.smi.gz
ZINCj8000002rvnu,NC(=O)CN(C(=O)c1n[nH]c2c1CSCC2)C1CC1,Local ZINC tranches,ZINC_DIP2A_Activators/H19/H19P020.smi.gz
ZINCj8000002plUu,CC(C)(CNC(=O)[C@]1(C)CCNC1=O)n1ccnc1,Local ZINC tranches,ZINC_DIP2A_Activators/H19/H19P020.smi.gz
ZINCj8000002rvii,NC(=O)CCCNC(=O)COc1cccc(C=O)c1,Local ZINC tranches,ZINC_DIP2A_Activators/H19/H19P020.smi.gz
ZINCj800000BlL1v,Cc1c([C@@H](N)C(=O)N(C)Cc2nncs2)cnn1C,Local ZINC tranches,ZINC_DIP2A_Activators/H19/H19P020.smi.gz
ZINCj8000002q3n9,CN(CC1(N)CC1)C(=O)C(=O)N(C)C1CCSCC1,Local ZINC tranches,ZINC_DIP2A_Activators/H19/H19P020.smi.gz
ZINCj8000002qp2l,COCC1(C(=O)N2CCO[C@](C)(C(=O)OC)C2)CC1,Local ZINC tranches,ZINC_DIP2A_Activators/H19/H19P020.smi.gz
ZINCj8000002raIV,Cc1c(F)cccc1S(=O)(=O)N[C@@H](C(=O)O)[C@@H](C)O,Local ZINC tranches,ZINC_DIP2A_Activators/H19/H19P020.smi.gz
ZINCj8000002q7fG,CN1CCC[C@@H]1CN1CCc2c(cnn(C)c2=O)C1,Local ZINC tranches,ZINC_DIP2A_Activators/H19/H19P020.smi.gz
ZINCj8000002pj6e,CC(=O)NCCc1noc(CCc2ccn(C)n2)n1,Local ZINC tranches,ZINC_DIP2A_Activators/H19/H19P020.smi.gz
ZINCj8000002rx1l,NC(=O)c1ccc(C(=O)NNC(=O)NCC2CC2)s1,Local ZINC tranches,ZINC_DIP2A_Activators/H19/H19P020.smi.gz
ZINCj8000002pBSB,CCC[C@]1(C)NC(=O)N(C2CC(NC(N)=O)C2)C1=O,Local ZINC tranches,ZINC_DIP2A_Activators/H19/H19P020.smi.gz
ZINCj8000002rwSd,NC(=O)c1cc(C(=O)N2CC[C@@H](O)C23CCC3)c[nH]1,Local ZINC tranches,ZINC_DIP2A_Activators/H19/H19P020.smi.gz
ZINCj8000002qkLU,COC(=O)[C@H](CC(=O)O)NS(=O)(=O)c1ccoc1Cl,Local ZINC tranches,ZINC_DIP2A_Activators/H19/H19P020.smi.gz
ZINCj8000002qPE6,C[C@@H](c1nncn1C)N1CC23COCC2(COC3)C1,Local ZINC tranches,ZINC_DIP2A_Activators/H19/H19P020.smi.gz
ZINCj8000002rmDx,Cn1c(S)nnc1CNC(=O)[C@]1(CN)CC12CCC2,Local ZINC tranches,ZINC_DIP2A_Activators/H19/H19P020.smi.gz
ZINCk5000003WIUj,CCN(CC)[C@@H](C(=O)NNC(=O)c1cnn[nH]1)C(C)C,Local ZINC tranches,ZINC_DIP2A_Activators/H20/H20M000.smi.gz
ZINCk5000003WZHW,CCNC(=O)[C@@H](NC(=O)[C@@H]1CCN(C)S1(=O)=O)C(C)C,Local ZINC tranches,ZINC_DIP2A_Activators/H20/H20M000.smi.gz
ZINCk5000003W1rD,CC(C)c1noc(Cn2cc(C[C@H](N)C(N)=O)nn2)n1,Local ZINC tranches,ZINC_DIP2A_Activators/H20/H20M000.smi.gz
ZINCk5000003WS3X,CCN1CC[C@@H](NC(=O)NCC(=O)N2CCCC2)C1=O,Local ZINC tranches,ZINC_DIP2A_Activators/H20/H20M000.smi.gz
ZINCk5000003V166,C#Cc1cccc(NC(=O)C(=O)NC[C@H](O)C(F)F)n1,Local ZINC tranches,ZINC_DIP2A_Activators/H20/H20M000.smi.gz
ZINCk5000003VrNi,CC(=O)OCCCS(=O)(=O)N[C@H]1CCCC[C@H]1C(N)=O,Local ZINC tranches,ZINC_DIP2A_Activators/H20/H20M000.smi.gz
ZINCk5000003Vnlt,CC(=O)NCC[C@@H]1CCCN(C(=O)[C@]2(O)CCOC2)C1,Local ZINC tranches,ZINC_DIP2A_Activators/H20/H20M000.smi.gz
ZINCk5000003VEeb,CC(C)(O)CN1CC[C@@H](NC(=O)N[C@H]2C[C@@H](CO)C2)C1,Local ZINC tranches,ZINC_DIP2A_Activators/H20/H20M000.smi.gz
ZINCk5000003VmTL,CC(=O)NCCNC(=O)N=c1cc2n([nH]1)CCN(C)C2,Local ZINC tranches,ZINC_DIP2A_Activators/H20/H20M000.smi.gz
ZINCk5000003Vsu1,CC(=O)OC[C@H](N)C(=O)N[C@@H](C)C(=O)OC1CCCC1,Local ZINC tranches,ZINC_DIP2A_Activators/H20/H20M000.smi.gz
ZINCk5000003UPUg,C#CCN(CCOC)C(=O)c1cn([C@@H]2CCOC2)nn1,Local ZINC tranches,ZINC_DIP2A_Activators/H20/H20M000.smi.gz
ZINCk5000003Xmrw,CCOC[C@H](O)CNc1ncnc2c1NC(=O)CN2C,Local ZINC tranches,ZINC_DIP2A_Activators/H20/H20M000.smi.gz
ZINCk5000003UPs3,C#CCN(CC(=O)OC)C[C@@H](O)COC[C@@H]1CCCO1,Local ZINC tranches,ZINC_DIP2A_Activators/H20/H20M000.smi.gz
ZINCk5000003VlEE,CC(=O)NCCC(=O)NC1(c2ncon2)CCOCC1,Local ZINC tranches,ZINC_DIP2A_Activators/H20/H20M000.smi.gz
ZINCk5000003WXkd,CCNC(=O)CCNC(=O)NC[C@@H]1C[C@@H]2OCC[C@@H]2O1,Local ZINC tranches,ZINC_DIP2A_Activators/H20/H20M000.smi.gz
ZINCk5000003VoGh,CC(=O)N[C@@H](C(=O)NC[C@]1(CO)CC[C@@H]1CO)C(C)C,Local ZINC tranches,ZINC_DIP2A_Activators/H20/H20M000.smi.gz
ZINCk5000003WXrd,CCNC(=O)CCOC(=O)[C@]12C[C@H]3C[C@H](C(=O)N1)[C@H]2C3,Local ZINC tranches,ZINC_DIP2A_Activators/H20/H20M000.smi.gz
ZINCk5000003W9fo,CC1(C)CO[C@H](C(=O)N[C@@H]2CCCC[C@H]2C(N)=O)CN1,Local ZINC tranches,ZINC_DIP2A_Activators/H20/H20M000.smi.gz
ZINCk5000003WVUe,CCN1[C@@H](C)CN(C(=O)CC2(N)CS(=O)(=O)C2)C[C@H]1C,Local ZINC tranches,ZINC_DIP2A_Activators/H20/H20M000.smi.gz
ZINCk5000003WrDc,CCCN(C)S(=O)(=O)NC(=O)[C@]1(N)CCOCC1(C)C,Local ZINC tranches,ZINC_DIP2A_Activators/H20/H20M000.smi.gz
ZINCk5000003VEAQ,CC(C)(O)C[C@H](O)CNC[C@H]1CCCCN1S(C)(=O)=O,Local ZINC tranches,ZINC_DIP2A_Activators/H20/H20M000.smi.gz
ZINCk5000003VWAj,CC(C)[C@@H]1CNC(=O)CN1C(=O)C1CC(=O)NC(=O)C1,Local ZINC tranches,ZINC_DIP2A_Activators/H20/H20M000.smi.gz
ZINCk5000003VTt7,CC(C)O[C@H]1C[C@@H](NC(=O)NC[C@@H](O)CS(C)(=O)=O)C1,Local ZINC tranches,ZINC_DIP2A_Activators/H20/H20M000.smi.gz
ZINCk5000003Xg8j,CCOC1(CO)CN(C(=O)c2ccc(N(C)C)nn2)C1,Local ZINC tranches,ZINC_DIP2A_Activators/H20/H20M000.smi.gz
ZINCk5000003W6Mq,CC1(C)CN(C2=NC[C@]3(CO)COCCN23)CC[S@@]1=O,Local ZINC tranches,ZINC_DIP2A_Activators/H20/H20M000.smi.gz
ZINCk5000003VuMo,CC(C)(C(=O)N1C[C@H]2C(=O)NC(=O)[C@H]2C1)[C@@H](N)C1CC1,Local ZINC tranches,ZINC_DIP2A_Activators/H20/H20M000.smi.gz
ZINCk5000003XfiE,CCOC(=O)c1csc(CNC(=O)[C@H]2C[C@H](O)CN2)n1,Local ZINC tranches,ZINC_DIP2A_Activators/H20/H20M000.smi.gz
ZINCk5000003XiVx,CCOCCOCCNC(=O)C(=O)NC[C@H]1C[C@H](N)C1,Local ZINC tranches,ZINC_DIP2A_Activators/H20/H20M000.smi.gz
ZINCk5000003VRcl,CC(C)NS(=O)(=O)NCCNc1nccn2nccc12,Local ZINC tranches,ZINC_DIP2A_Activators/H20/H20M000.smi.gz
ZINCk5000003WyBp,CCC[C@@H](O)[C@H](CO)NC(=O)CNC(=O)N1CCCC1,Local ZINC tranches,ZINC_DIP2A_Activators/H20/H20M000.smi.gz
ZINCk5000003VpSM,CC(=O)N[C@@H]1CCN(C(=O)[C@@]23CCC(=O)N2CCS3)C1,Local ZINC tranches,ZINC_DIP2A_Activators/H20/H20M000.smi.gz
ZINCk5000003WutR,CCCNC(=O)C[C@H](C(N)=O)N(CC#CCO)CCC,Local ZINC tranches,ZINC_DIP2A_Activators/H20/H20M000.smi.gz
ZINCk5000003W3Dq,CC1(C(=O)NC[C@]2(C)NC(=O)NC2=O)CC(C(=O)O)C1,Local ZINC tranches,ZINC_DIP2A_Activators/H20/H20M000.smi.gz
ZINCk5000003X94D,CCOC(=O)[C@@H]1CCCN(C(=O)C(=O)N(C)CCO)C1,Local ZINC tranches,ZINC_DIP2A_Activators/H20/H20M000.smi.gz
ZINCk5000003VGiI,CC(C)C(=O)NNC(=O)CN1CCC[C@](O)(C(F)F)C1,Local ZINC tranches,ZINC_DIP2A_Activators/H20/H20M000.smi.gz
ZINCk5000003VAyo,CC(C)(CN1CCOCC1)NC(=O)[C@H](O)CCC(=O)O,Local ZINC tranches,ZINC_DIP2A_Activators/H20/H20M000.smi.gz
ZINCk5000003W1XP,CC(C)n1cccc1C(=O)N1CCNC(=O)[C@@H]1C(N)=O,Local ZINC tranches,ZINC_DIP2A_Activators/H20/H20M000.smi.gz
ZINCk5000003Vtjo,CC(=O)[C@@H]1CN[C@H](C(=O)N2C[C@H](C)S(=O)(=O)[C@@H](C)C2)C1,Local ZINC tranches,ZINC_DIP2A_Activators/H20/H20M000.smi.gz
ZINCk5000003UYch,C#CCn1cc(NC(=O)NCCNC(=O)COC)cn1,Local ZINC tranches,ZINC_DIP2A_Activators/H20/H20M000.smi.gz
ZINCk5000003VreY,CC(=O)Nc1ncc(S(=O)(=O)N2C[C@@H](N)C[C@@H](O)C2)s1,Local ZINC tranches,ZINC_DIP2A_Activators/H20/H20M000.smi.gz
ZINCk5000003VIpl,CC(C)CNC(=O)NC(=O)CN(C)[C@]1(CN)CCOC1,Local ZINC tranches,ZINC_DIP2A_Activators/H20/H20M000.smi.gz
ZINCk5000003V5XY,C=CCC[C@H]1NC(=O)N([C@H]2CCc3nnnn3C2)C1=O,Local ZINC tranches,ZINC_DIP2A_Activators/H20/H20M000.smi.gz
ZINCk5000003X63U,CCOC(=O)C[C@H](C)CNC(=O)CNS(=O)(=O)N(C)C,Local ZINC tranches,ZINC_DIP2A_Activators/H20/H20M000.smi.gz
ZINCk5000003X0cF,CCNC(=O)c1ccc(N(C)[C@@H]2CCC(=O)NC2)nn1,Local ZINC tranches,ZINC_DIP2A_Activators/H20/H20M000.smi.gz
ZINCk5000003UMcX,C#CC1(O)CC(C(=O)N2[C@H]3CC[C@H]2[C@@H](O)CC[C@@H]3O)C1,Local ZINC tranches,ZINC_DIP2A_Activators/H20/H20M000.smi.gz
ZINCk5000003X1cx,CCNS(=O)(=O)CCNC(=O)NCCCS(=O)(=O)CC,Local ZINC tranches,ZINC_DIP2A_Activators/H20/H20M000.smi.gz
ZINCk5000003W28v,CC(C)n1cnnc1CC(=O)NCCCn1cnnn1,Local ZINC tranches,ZINC_DIP2A_Activators/H20/H20M000.smi.gz
ZINCk5000003W65c,CC1(C)CN(C(=O)CCNC(=O)[C@@H]2CCCN2)CCO1,Local ZINC tranches,ZINC_DIP2A_Activators/H20/H20M000.smi.gz
ZINCk5000003WZ3n,CCNC(=O)NCCNC(=O)CC[C@@]1(C)CCC(=O)N1,Local ZINC tranches,ZINC_DIP2A_Activators/H20/H20M000.smi.gz
ZINCk5000003VXMs,CC(C)[C@H](CNCc1cn(C)c(=O)n(C)c1=O)C(=O)O,Local ZINC tranches,ZINC_DIP2A_Activators/H20/H20M000.smi.gz
ZINCk5000003XoaA,CCO[C@@H](C)CNC(=O)C(=O)N(C)[C@H]1CCCNC1=O,Local ZINC tranches,ZINC_DIP2A_Activators/H20/H20M000.smi.gz
ZINCk5000003UXB0,C#CC[C@H](NS(=O)(=O)c1cccc(C#N)n1)C(=O)OC,Local ZINC tranches,ZINC_DIP2A_Activators/H20/H20M000.smi.gz
ZINCk5000003XnB1,CCONC(=O)CNC(=O)CN=c1[nH]cnc(Cl)c1N,Local ZINC tranches,ZINC_DIP2A_Activators/H20/H20M000.smi.gz
ZINCk5000003UYlj,C#C[C@@H](CC1CC1)NC(=O)N1CC(OCC(=O)NC)C1,Local ZINC tranches,ZINC_DIP2A_Activators/H20/H20M000.smi.gz
ZINCk5000003VsfC,CC(=O)OC[C@H](CO)NC(=O)[C@@H]1CCCc2cncn21,Local ZINC tranches,ZINC_DIP2A_Activators/H20/H20M000.smi.gz
ZINCk5000003WUJr,CCN1C[C@H](CNC(=O)C2(S(N)(=O)=O)CCC2)CC1=O,Local ZINC tranches,ZINC_DIP2A_Activators/H20/H20M000.smi.gz
ZINCk5000003VIEq,CC(C)CNCC(=O)NCC(=O)N(C)[C@H]1CCCNC1,Local ZINC tranches,ZINC_DIP2A_Activators/H20/H20M000.smi.gz
ZINCk5000003V1do,C#Cc1cn(C)nc1C(=O)N1CC(=O)N2CCC[C@H]2C1,Local ZINC tranches,ZINC_DIP2A_Activators/H20/H20M000.smi.gz
ZINCk5000003XmGL,CCOCc1nc([C@@H](C)NC(=O)NC[C@H](O)CO)no1,Local ZINC tranches,ZINC_DIP2A_Activators/H20/H20M000.smi.gz
ZINCk5000003UWic,C#CC[C@@H]1COCCN1Cc1nn(C)cc1S(N)(=O)=O,Local ZINC tranches,ZINC_DIP2A_Activators/H20/H20M000.smi.gz
ZINCk5000003VWHA,CC(C)[C@@H]1CNCCN1CC(=O)N[C@H](C)C(=O)N(C)C,Local ZINC tranches,ZINC_DIP2A_Activators/H20/H20M000.smi.gz
ZINCk5000003WxTD,CCC[C@@H](NC(=O)CN)C(=O)NS(=O)(=O)C1CCCC1,Local ZINC tranches,ZINC_DIP2A_Activators/H20/H20M000.smi.gz
ZINCk5000003VJ8l,CC(C)CO[C@H](C)C(=O)NNC(=O)[C@H]1CCS(=O)(=O)C1,Local ZINC tranches,ZINC_DIP2A_Activators/H20/H20M000.smi.gz
ZINCk5000003VwQl,CC(C)(C)NS(=O)(=O)CC(=O)N=c1cc(C(N)=O)[nH][nH]1,Local ZINC tranches,ZINC_DIP2A_Activators/H20/H20M000.smi.gz
ZINCk5000003VN7B,CC(C)N1C(=O)C[C@H](NC(=O)CN2CCCC2=O)C1=O,Local ZINC tranches,ZINC_DIP2A_Activators/H20/H20M000.smi.gz
ZINCk5000003VVr9,CC(C)[C@@H](NC(=O)CN1C(=O)[C@@H](C)[C@H](C)C1=O)C(N)=O,Local ZINC tranches,ZINC_DIP2A_Activators/H20/H20M000.smi.gz
ZINCk5000003VGNQ,CC(C)C1=NO[C@@H](C(=O)N[C@H]2CCc3nnnn3C2)C1,Local ZINC tranches,ZINC_DIP2A_Activators/H20/H20M000.smi.gz
ZINCk5000003VrLf,CC(=O)OCCCS(=O)(=O)NCCn1ccccc1=O,Local ZINC tranches,ZINC_DIP2A_Activators/H20/H20M000.smi.gz
ZINCk5000003WGF3,CCN(CC(=O)OC)C(=O)C1(C(=O)OC)CCNCC1,Local ZINC tranches,ZINC_DIP2A_Activators/H20/H20M000.smi.gz
ZINCk5000003WFpJ,CCN(C)CC1CCN(CC(=O)NCC(=O)OC)CC1,Local ZINC tranches,ZINC_DIP2A_Activators/H20/H20M000.smi.gz
ZINCk5000003WUOV,CCN1C[C@H](CNC(=O)[C@@]2(COC)CCCN2)CC1=O,Local ZINC tranches,ZINC_DIP2A_Activators/H20/H20M000.smi.gz
ZINCk5000003WhAp,CC1CC(CNC(=O)NCc2cn(C)c(=O)nc2O)C1,Local ZINC tranches,ZINC_DIP2A_Activators/H20/H20M000.smi.gz
ZINCk5000003WvFb,CCCOC1(C(=O)NCCn2cnnc2)CCNCC1,Local ZINC tranches,ZINC_DIP2A_Activators/H20/H20M000.smi.gz
ZINCk5000003VhFZ,CC(=O)N1CCC[C@@H]1C(=O)N1CCC(O)(CCN)CC1,Local ZINC tranches,ZINC_DIP2A_Activators/H20/H20M000.smi.gz
ZINCk5000003WjzG,CCC(=O)N1CC[C@@H](C(=O)NNC(=O)c2cc[nH]n2)C1,Local ZINC tranches,ZINC_DIP2A_Activators/H20/H20M000.smi.gz
ZINCk5000003VM6m,CC(C)N(C)C[C@@H](O)CN1CCOC[C@@H]1C(=O)N(C)C,Local ZINC tranches,ZINC_DIP2A_Activators/H20/H20M000.smi.gz
ZINCk5000003VQzs,CC(C)NCCCNC(=O)c1[nH]nc2ncnc(O)c12,Local ZINC tranches,ZINC_DIP2A_Activators/H20/H20M000.smi.gz
ZINCk5000003Xl4g,CCOC[C@@H](NC(=O)[C@H]1CCNC(=O)C1)C(=O)OCC,Local ZINC tranches,ZINC_DIP2A_Activators/H20/H20M000.smi.gz
ZINCk500000BlJNt,CC1(C)C[C@H](O)[C@H](O)CN(C(=O)[C@@H]2CNCC2(F)F)C1,Local ZINC tranches,ZINC_DIP2A_Activators/H20/H20M000.smi.gz
ZINCk5000003XaQV,CCOC(=O)[C@@](C)(O)CNS(=O)(=O)c1c(C)cnn1C,Local ZINC tranches,ZINC_DIP2A_Activators/H20/H20M000.smi.gz
ZINCk5000003VUrD,CC(C)[C@@H](C(=O)NCCCN1C(=O)CNC1=O)N(C)C,Local ZINC tranches,ZINC_DIP2A_Activators/H20/H20M000.smi.gz
ZINCk5000003Vvel,CC(C)(C(=O)N[C@H]1CCNC(=O)CC1)N1CCOCC1,Local ZINC tranches,ZINC_DIP2A_Activators/H20/H20M000.smi.gz
ZINCk5000003W44G,CC1(C)C(C(=O)NS(=O)(=O)CCn2cnnn2)C1(C)C,Local ZINC tranches,ZINC_DIP2A_Activators/H20/H20M000.smi.gz
ZINCk5000003WVj8,CCN1C[C@H](S(=O)(=O)NCCN2CC[C@H](C)C2)CC1=O,Local ZINC tranches,ZINC_DIP2A_Activators/H20/H20M000.smi.gz
ZINCk6000004cXy4,CSCC[C@H](N)C(=O)N1CCC[C@@H](N2CCNC2=O)C1,Local ZINC tranches,ZINC_DIP2A_Activators/H20/H20P000.smi.gz
ZINCk6000004dRxk,O=C(NCC(F)(F)CO)c1ccnc(-n2cncn2)c1,Local ZINC tranches,ZINC_DIP2A_Activators/H20/H20P000.smi.gz
ZINCk6000004dYQL,O=C([C@@H]1CSCCS1)N1CCOC[C@@]12CNCCOC2,Local ZINC tranches,ZINC_DIP2A_Activators/H20/H20P000.smi.gz
ZINCk6000004djEd,Cc1c(NC(=O)C(=O)N2CCCC[C@@H](N)C2)cnn1C,Local ZINC tranches,ZINC_DIP2A_Activators/H20/H20P000.smi.gz
ZINCk6000004bFGl,CC(C)C[C@@H]1OCCC[C@@H]1NS(=O)(=O)c1nnnn1C,Local ZINC tranches,ZINC_DIP2A_Activators/H20/H20P000.smi.gz
ZINCk6000004byX8,C=CC[C@@]1(C(=O)N[C@H](C)COCCOC)CNCCO1,Local ZINC tranches,ZINC_DIP2A_Activators/H20/H20P000.smi.gz
ZINCk6000004djou,Cc1c(C(=O)NN2CCC(O)CC2)nn2c1OCCC2,Local ZINC tranches,ZINC_DIP2A_Activators/H20/H20P000.smi.gz
ZINCk6000004cB5u,COC(=O)c1ccc(CNC[C@@H]2C[C@H](O)CN2C)cn1,Local ZINC tranches,ZINC_DIP2A_Activators/H20/H20P000.smi.gz
ZINCk6000004bWgm,CCOC(=O)C1(CC(=O)NNC(=O)C(C)(C)O)CCC1,Local ZINC tranches,ZINC_DIP2A_Activators/H20/H20P000.smi.gz
ZINCk6000004d3jN,C[C@@H]1CCN=C(N[C@H]2CCO[C@]3(CCS(=O)(=O)C3)C2)N1,Local ZINC tranches,ZINC_DIP2A_Activators/H20/H20P000.smi.gz
ZINCk6000004bOrG,CCCCS(=O)(=O)NCC(=O)N[C@@H](C(=O)O)C(C)(C)F,Local ZINC tranches,ZINC_DIP2A_Activators/H20/H20P000.smi.gz
ZINCk6000004bw7T,C#C[C@@H]1COCCN1C(=O)NC[C@@H]1CCOC[C@H]1OC,Local ZINC tranches,ZINC_DIP2A_Activators/H20/H20P000.smi.gz
ZINCk6000004cOrR,CO[C@@H](CNS(=O)(=O)c1nn(C)cc1[N+](=O)[O-])C1CC1,Local ZINC tranches,ZINC_DIP2A_Activators/H20/H20P000.smi.gz
ZINCk6000004dYnH,O=C(O)c1n[nH]c2c1CN(C(=O)N1CCOC1=O)CC2,Local ZINC tranches,ZINC_DIP2A_Activators/H20/H20P000.smi.gz
ZINCk6000004dJ8K,NCc1cccc(OCC(=O)NC[C@H]2COCCO2)c1,Local ZINC tranches,ZINC_DIP2A_Activators/H20/H20P000.smi.gz
ZINCk6000004bXoY,CCOC(=O)[C@@H](F)[C@H](C)CNC(=O)CCCNC(N)=O,Local ZINC tranches,ZINC_DIP2A_Activators/H20/H20P000.smi.gz
ZINCk6000004cFO1,COCCN1C[C@H](C(=O)NCc2ncoc2C)CC1=O,Local ZINC tranches,ZINC_DIP2A_Activators/H20/H20P000.smi.gz
ZINCk6000004dFZr,NC(=O)[C@]1(NC(=O)CSCc2ccccn2)CCOC1,Local ZINC tranches,ZINC_DIP2A_Activators/H20/H20P000.smi.gz
ZINCk6000004dAAk,Cn1nncc1CNC(=O)c1ccnc2nccnc12,Local ZINC tranches,ZINC_DIP2A_Activators/H20/H20P000.smi.gz
ZINCk6000004cNED,CON1CCC(C(=O)N=[S@](C)(=O)c2cnnn2C)CC1,Local ZINC tranches,ZINC_DIP2A_Activators/H20/H20P000.smi.gz
ZINCk6000004dFRW,NC(=O)[C@H]1CC[C@@H](CNC(=O)Cc2ccccc2O)O1,Local ZINC tranches,ZINC_DIP2A_Activators/H20/H20P000.smi.gz
ZINCk6000004cmP0,CN1[C@](C)(CNC(=O)C[C@H]2CCCCN2)CCS1(=O)=O,Local ZINC tranches,ZINC_DIP2A_Activators/H20/H20P000.smi.gz
ZINCk6000004dkGv,Cc1cc(C(N)=O)cc(S(=O)(=O)Nc2cn(C)nn2)c1,Local ZINC tranches,ZINC_DIP2A_Activators/H20/H20P000.smi.gz
ZINCk6000004bwow,C#C[C@H]1CC[C@H](NC(=O)C(=O)N2CC=C[C@H]2CO)CC1,Local ZINC tranches,ZINC_DIP2A_Activators/H20/H20P000.smi.gz
ZINCk6000004c3gp,CC[C@@H](CN1CCOCC1)NC(=O)c1cc(CO)on1,Local ZINC tranches,ZINC_DIP2A_Activators/H20/H20P000.smi.gz
ZINCk6000004cECz,COCCCOCC(=O)NC[C@]1(C(=O)O)CCCOC1,Local ZINC tranches,ZINC_DIP2A_Activators/H20/H20P000.smi.gz
ZINCk6000004cK4x,COC[C@@]1(C)NC(=O)N(CN2CC[C@@](C)(OC)C2)C1=O,Local ZINC tranches,ZINC_DIP2A_Activators/H20/H20P000.smi.gz
ZINCk6000004cNhm,COCn1nccc1S(=O)(=O)NC1CC(CC(=O)O)C1,Local ZINC tranches,ZINC_DIP2A_Activators/H20/H20P000.smi.gz
ZINCk6000004dd74,C[C@H](O)CN1CCCN(C(=O)c2cc(F)n(C)n2)CC1,Local ZINC tranches,ZINC_DIP2A_Activators/H20/H20P000.smi.gz
ZINCk6000004cghY,CN(CCCS(C)(=O)=O)C(=O)C(=O)N1C2CCC1CC2,Local ZINC tranches,ZINC_DIP2A_Activators/H20/H20P000.smi.gz
ZINCk6000004cLcK,COC[C@H](OC)c1noc([C@@H]2C[C@@H](O)CN2C(C)=O)n1,Local ZINC tranches,ZINC_DIP2A_Activators/H20/H20P000.smi.gz
ZINCk600000BlLv1,Cc1cc(N)c(C(=O)N2C[C@H](CO)C[C@H]2CO)nc1C,Local ZINC tranches,ZINC_DIP2A_Activators/H20/H20P000.smi.gz
ZINCk6000004e0NZ,O=C1CC[C@@H]2[C@H]1[C@H]2C(=O)N1C[C@@H](CCO)[C@@H](CCO)C1,Local ZINC tranches,ZINC_DIP2A_Activators/H20/H20P000.smi.gz
ZINCk6000004dq6S,Cc1nc(NC(=O)C(=O)N2CCNC(=O)CC2)sc1C,Local ZINC tranches,ZINC_DIP2A_Activators/H20/H20P000.smi.gz
ZINCk6000004cKuz,COC[C@H](CCO)NC(=O)N[C@H]1C[C@@H](CC(=O)OC)C1,Local ZINC tranches,ZINC_DIP2A_Activators/H20/H20P000.smi.gz
ZINCk6000004d1r5,C[C@@H](NC[C@@H](O)COC1CCOCC1)c1ncnn1C,Local ZINC tranches,ZINC_DIP2A_Activators/H20/H20P000.smi.gz
ZINCk6000004bH2j,CC(C)NS(=O)(=O)CCNS(=O)(=O)N(C)C1CCCC1,Local ZINC tranches,ZINC_DIP2A_Activators/H20/H20P000.smi.gz
ZINCk6000004bTI4,CCN1CCN(C(=O)[C@H]2CCCS2(=O)=O)C(C)(C)C1=O,Local ZINC tranches,ZINC_DIP2A_Activators/H20/H20P000.smi.gz
ZINCk6000004cSaG,COc1cc(=NC(=O)NCC2(O)CCOCC2)[nH]n1C,Local ZINC tranches,ZINC_DIP2A_Activators/H20/H20P000.smi.gz
ZINCk6000004dbhl,C[C@H](N)[C@@H]1CN(C(=O)N[C@H]2CCNC23CCC3)CCO1,Local ZINC tranches,ZINC_DIP2A_Activators/H20/H20P000.smi.gz
ZINCk6000004dMgq,N[C@]1(C(=O)N2C[C@H]3CC(F)(F)C[C@H]3C2)CCS(=O)(=O)C1,Local ZINC tranches,ZINC_DIP2A_Activators/H20/H20P000.smi.gz
ZINCk6000004d56p,C[C@@H]1CNCCN1C(=O)CN(CCCO)CC(F)(F)F,Local ZINC tranches,ZINC_DIP2A_Activators/H20/H20P000.smi.gz
ZINCk6000004dbC5,C[C@H](NC(=O)C1CCC1)C(=O)N=c1ccn(C)c(O)n1,Local ZINC tranches,ZINC_DIP2A_Activators/H20/H20P000.smi.gz
ZINCk6000004dcwo,C[C@H](NC(=O)c1cn(CC(=O)O)nn1)[C@H]1CCCCO1,Local ZINC tranches,ZINC_DIP2A_Activators/H20/H20P000.smi.gz
ZINCk600000BlOwp,C[C@]1(C(=O)NC[C@]2(O)CN3CCC2CC3)CCCCN1,Local ZINC tranches,ZINC_DIP2A_Activators/H20/H20P000.smi.gz
ZINCk6000004c1vG,CCS(=O)(=O)C1(CNC(=O)c2cnc(C)[nH]c2=N)CC1,Local ZINC tranches,ZINC_DIP2A_Activators/H20/H20P000.smi.gz
ZINCk6000004dupy,Cc1scnc1NC(=O)C(=O)NC[C@H]1CCCNC1=O,Local ZINC tranches,ZINC_DIP2A_Activators/H20/H20P000.smi.gz
ZINCk6000004e2Mr,O=C1N[C@@H](CC(=O)N2CCC[C@@H](C3OCCO3)C2)CO1,Local ZINC tranches,ZINC_DIP2A_Activators/H20/H20P000.smi.gz
ZINCk6000004d7u9,C[C@@](O)(C(=O)N1CCN(CCO)CC1)c1ccccc1,Local ZINC tranches,ZINC_DIP2A_Activators/H20/H20P000.smi.gz
ZINCk6000004dJzh,NS(=O)(=O)CCN1CC[C@@](O)(Cc2cccc(F)c2)C1,Local ZINC tranches,ZINC_DIP2A_Activators/H20/H20P000.smi.gz
ZINCk6000004bOBh,CCCC[C@H](NC(N)=O)C(=O)N[C@H](C)Cn1cncn1,Local ZINC tranches,ZINC_DIP2A_Activators/H20/H20P000.smi.gz
ZINCk6000004c8G2,CCc1ncc(CNC(=O)C2([S@@](C)=O)CCNCC2)[nH]1,Local ZINC tranches,ZINC_DIP2A_Activators/H20/H20P000.smi.gz
ZINCk6000004bI0u,CC(C)[C@@H](NC[C@H](O)C1(O)COC1)C(=O)OC(C)(C)C,Local ZINC tranches,ZINC_DIP2A_Activators/H20/H20P000.smi.gz
ZINCk6000004bPc1,CCCN1C[C@H](C(=O)NN2CCCN(C)C2=O)CC1=O,Local ZINC tranches,ZINC_DIP2A_Activators/H20/H20P000.smi.gz
ZINCk6000004bI3M,CC(C)[C@@H](O)C(F)(F)C(=O)NCCN1CC[C@@H](CO)C1,Local ZINC tranches,ZINC_DIP2A_Activators/H20/H20P000.smi.gz
ZINCk6000004c3Yk,CC[C@@H](O)CN(C(=O)C(=O)NCc1cocn1)C1CC1,Local ZINC tranches,ZINC_DIP2A_Activators/H20/H20P000.smi.gz
ZINCk6000004diBY,C[N+]1=C(N2CC[C@@]3(CCNC3=O)C2)N2CCCC[C@@H]2C1,Local ZINC tranches,ZINC_DIP2A_Activators/H20/H20P000.smi.gz
ZINCk6000004dEpH,NC(=O)COc1ccc(C(=O)N2CC[C@@H](CO)C2)cc1,Local ZINC tranches,ZINC_DIP2A_Activators/H20/H20P000.smi.gz
ZINCk6000004d9y9,C[C@H](CCN)NC(=O)C(=O)Nc1cn(C)nc1C1CC1,Local ZINC tranches,ZINC_DIP2A_Activators/H20/H20P000.smi.gz
ZINCk6000004dOGC,O=C(CNC(=O)N1CCCC1)N[C@@H]1C[C@H]2CN[C@@H](C2)C1,Local ZINC tranches,ZINC_DIP2A_Activators/H20/H20P000.smi.gz
ZINCk6000004bLo2,CC1(C)OCCC[C@H]1NC(=O)C(=O)N1CCC[C@H](O)C1,Local ZINC tranches,ZINC_DIP2A_Activators/H20/H20P000.smi.gz
ZINCk6000004bu7i,C#CCN(C(=O)N[C@@H]1CCN(C)C1=O)C1CCOCC1,Local ZINC tranches,ZINC_DIP2A_Activators/H20/H20P000.smi.gz
ZINCk6000004dNZA,O=C(CCn1cc(Cl)cn1)N[C@H]1CCn2nnnc2C1,Local ZINC tranches,ZINC_DIP2A_Activators/H20/H20P000.smi.gz
ZINCk6000004bxWU,C=CCN(CCC(=O)O)S(=O)(=O)N1C[C@@H]2CC[C@H](C1)O2,Local ZINC tranches,ZINC_DIP2A_Activators/H20/H20P000.smi.gz
ZINCk6000004cvsj,COC(=O)NC(C)(C)C(=O)NCC1(CS(C)(=O)=O)CC1,Local ZINC tranches,ZINC_DIP2A_Activators/H20/H20P000.smi.gz
ZINCk6000004co6k,CNC(=O)NCC(=O)NCCn1ncc2ccccc21,Local ZINC tranches,ZINC_DIP2A_Activators/H20/H20P000.smi.gz
ZINCk6000004bNUo,CCCC(=O)NNC(=O)N1CC(N2CC(C)(C)C2=O)C1,Local ZINC tranches,ZINC_DIP2A_Activators/H20/H20P000.smi.gz
ZINCk6000004cNYJ,CO[C@@H](C(=O)NCC1(OC)CCNCC1)[C@H]1CCCO1,Local ZINC tranches,ZINC_DIP2A_Activators/H20/H20P000.smi.gz
ZINCk6000004e54E,O[C@H](CN1CCOCC1)Cn1cc(-c2cscn2)nn1,Local ZINC tranches,ZINC_DIP2A_Activators/H20/H20P000.smi.gz
ZINCk6000004cTK0,COc1cccc(NCC(=O)N2C[C@@H](O)C[C@@H](N)C2)c1,Local ZINC tranches,ZINC_DIP2A_Activators/H20/H20P000.smi.gz
ZINCk6000004d396,C[C@@H]1CCN(C(=O)NCC(=O)N2CC=CC2)C[C@@H]1CO,Local ZINC tranches,ZINC_DIP2A_Activators/H20/H20P000.smi.gz
ZINCk6000004cDCH,COCC(COC)S(=O)(=O)N[C@@H]1CN(C2CC2)C[C@H]1C,Local ZINC tranches,ZINC_DIP2A_Activators/H20/H20P000.smi.gz
ZINCk6000004dSSC,O=C(NCC[C@H]1CSCCN1)[C@H]1CCn2ncnc2C1,Local ZINC tranches,ZINC_DIP2A_Activators/H20/H20P000.smi.gz
ZINCk6000004e4WB,O[C@@H](CN1CCC[C@H]1CN1CCCCC1)C1(O)COC1,Local ZINC tranches,ZINC_DIP2A_Activators/H20/H20P000.smi.gz
ZINCk6000004bEBB,CC(C)(ON)C(=O)NS(=O)(=O)c1ccc([N+](=O)[O-])cc1,Local ZINC tranches,ZINC_DIP2A_Activators/H20/H20P000.smi.gz
ZINCk6000004bwYC,C=C(CN1C(=O)[C@H]2CCCCN2S1(=O)=O)C(=O)OCC,Local ZINC tranches,ZINC_DIP2A_Activators/H20/H20P000.smi.gz
ZINCk6000004bH9r,CC(C)OC(=O)CCCNC(=O)C1(S(N)(=O)=O)CCC1,Local ZINC tranches,ZINC_DIP2A_Activators/H20/H20P000.smi.gz
ZINCk6000004dWMe,O=C(N[C@H]1C[C@@H](CO)[C@@H]2C[C@H]12)[C@@H]1CCc2nn[nH]c2C1,Local ZINC tranches,ZINC_DIP2A_Activators/H20/H20P000.smi.gz
ZINCk6000004dOuc,O=C(CN1CCOCC1=O)NCc1ccc(F)cc1O,Local ZINC tranches,ZINC_DIP2A_Activators/H20/H20P000.smi.gz
ZINCk6000004cSEj,COc1cc(NC(=O)C(=O)NC2([C@H](C)O)CC2)ccn1,Local ZINC tranches,ZINC_DIP2A_Activators/H20/H20P000.smi.gz
ZINCk6000004dU6U,O=C(NC[C@H]1CCCCO1)N1CCN2C[C@H](O)C[C@H]2C1,Local ZINC tranches,ZINC_DIP2A_Activators/H20/H20P000.smi.gz
ZINCk6000004e4GV,OCCN1CCC[C@H]2[C@@H]1CCN2c1cc(CO)ncn1,Local ZINC tranches,ZINC_DIP2A_Activators/H20/H20P000.smi.gz
ZINCk6000004bRuM,CCN(C(=O)N1CCO[C@H](C(=O)OC)C1)[C@H]1CCOC1,Local ZINC tranches,ZINC_DIP2A_Activators/H20/H20P000.smi.gz
ZINCk6000004bJA5,CC(CO)(CO)CNc1ccc([N+](=O)[O-])c(C(N)=O)c1,Local ZINC tranches,ZINC_DIP2A_Activators/H20/H20P000.smi.gz
ZINCk7000004eO0O,CC[C@H](C)[C@@H](CO)NC(=O)CS(=O)(=O)C[C@@H]1CCCO1,Local ZINC tranches,ZINC_DIP2A_Activators/H20/H20P010.smi.gz
ZINCk7000004gmQm,Cc1nnc([C@H](C)NS(=O)(=O)CCO[C@H]2CCOC2)o1,Local ZINC tranches,ZINC_DIP2A_Activators/H20/H20P010.smi.gz
ZINCk7000004etJc,CCCN(C(=O)C(=O)N1CC[C@H](CC(N)=O)C1)C1CC1,Local ZINC tranches,ZINC_DIP2A_Activators/H20/H20P010.smi.gz
ZINCk7000004foDz,COC(=O)c1ncsc1NC(=O)N(CCO)C[C@@H](C)O,Local ZINC tranches,ZINC_DIP2A_Activators/H20/H20P010.smi.gz
ZINCk7000004gjyR,Cc1nc(CS(=O)(=O)NCCCc2ccnn2C)no1,Local ZINC tranches,ZINC_DIP2A_Activators/H20/H20P010.smi.gz
ZINCk7000004eQlx,CC[C@](C)(CC(=O)O)C(=O)NCCC(=O)NCCOC,Local ZINC tranches,ZINC_DIP2A_Activators/H20/H20P010.smi.gz
ZINCk7000004eBRU,CCNC(=O)N1CCN(c2ncc([N+](=O)[O-])n2C)CC1,Local ZINC tranches,ZINC_DIP2A_Activators/H20/H20P010.smi.gz
ZINCk7000004fHfO,COc1c[nH]nc1C(=O)N1CC[C@@H](OC)C[C@H]1C(=O)O,Local ZINC tranches,ZINC_DIP2A_Activators/H20/H20P010.smi.gz
ZINCk7000004fsPu,COCCN(CCc1ncccn1)[C@H]1CCS(=O)(=O)C1,Local ZINC tranches,ZINC_DIP2A_Activators/H20/H20P010.smi.gz
ZINCk7000004fM4y,CS(=O)(=O)NCCc1cn(CC[C@H]2CCCOC2)nn1,Local ZINC tranches,ZINC_DIP2A_Activators/H20/H20P010.smi.gz
ZINCk7000004fkhB,COC(=O)[C@@]12CC[C@@H](C[C@H]1NC(=O)Cn1cncn1)C2,Local ZINC tranches,ZINC_DIP2A_Activators/H20/H20P010.smi.gz
ZINCk7000004eJKU,CCS(=O)(=O)Cc1noc(-c2cn3cnnc3cn2)n1,Local ZINC tranches,ZINC_DIP2A_Activators/H20/H20P010.smi.gz
ZINCk7000004gnDP,Cc1noc(CNC(=O)N(C)CCC(=O)NC2CC2)n1,Local ZINC tranches,ZINC_DIP2A_Activators/H20/H20P010.smi.gz
ZINCk7000004giZO,Cc1nc(C)c(CC(=O)N2CCC[C@H](CN)C2)c(O)n1,Local ZINC tranches,ZINC_DIP2A_Activators/H20/H20P010.smi.gz
ZINCk7000004gBiQ,NC(=O)c1ccc(C(=O)N2CC[C@H]3CCNC[C@H]3C2)[nH]1,Local ZINC tranches,ZINC_DIP2A_Activators/H20/H20P010.smi.gz
ZINCk7000004fxSO,COC[C@@](C)(NCc1cc(C(=O)OC)no1)C(=O)OC,Local ZINC tranches,ZINC_DIP2A_Activators/H20/H20P010.smi.gz
ZINCk7000004fbNE,CNS(=O)(=O)CCC(=O)NCc1ccc2c[nH]nc2c1,Local ZINC tranches,ZINC_DIP2A_Activators/H20/H20P010.smi.gz
ZINCk7000004eb5b,C=CCSC[C@H](NC(=O)[C@@H]1CN(C)C[C@@H](C)O1)C(=O)O,Local ZINC tranches,ZINC_DIP2A_Activators/H20/H20P010.smi.gz
ZINCk7000004fl2Y,COC(=O)[C@H](NC(=O)CCC1(C)N=N1)c1cn(C)nn1,Local ZINC tranches,ZINC_DIP2A_Activators/H20/H20P010.smi.gz
ZINCk7000004fK3E,COc1cncc(CNC(=O)CCCn2cncn2)n1,Local ZINC tranches,ZINC_DIP2A_Activators/H20/H20P010.smi.gz
ZINCk7000004eZKb,CN(CC(=O)NC[C@]1(C(=O)O)CCCO1)[C@H]1CCSC1,Local ZINC tranches,ZINC_DIP2A_Activators/H20/H20P010.smi.gz
ZINCk7000004eVNU,CN(C(=O)c1cc([N+](=O)[O-])n[nH]1)C1(C(N)=O)CCCC1,Local ZINC tranches,ZINC_DIP2A_Activators/H20/H20P010.smi.gz
ZINCk7000004fvJA,COCC[C@](C)(C#N)NC(=O)CCSc1nnnn1C,Local ZINC tranches,ZINC_DIP2A_Activators/H20/H20P010.smi.gz
ZINCk7000004fzBD,COC[C@H]1CCOCCN1C(=O)C[C@@]1(O)CCCOC1,Local ZINC tranches,ZINC_DIP2A_Activators/H20/H20P010.smi.gz
ZINCk7000004fhiI,COC(=O)NCCC(=O)N1CC(F)(F)C[C@@H]1C(=O)OC,Local ZINC tranches,ZINC_DIP2A_Activators/H20/H20P010.smi.gz
ZINCk7000004fZLW,C[C@H](C(=O)N1C[C@@]2(C)COC[C@@]2(C)C1)N1CCNCC1,Local ZINC tranches,ZINC_DIP2A_Activators/H20/H20P010.smi.gz
ZINCk7000004fboG,CNC[C@@H]1CCN(C(=O)[C@@H]2C[C@@H]3CS(=O)(=O)C[C@@H]3C2)C1,Local ZINC tranches,ZINC_DIP2A_Activators/H20/H20P010.smi.gz
ZINCk7000004gqXC,Cn1cc([C@H]2C[C@@H](NC(=O)c3cnn[nH]3)CCO2)cn1,Local ZINC tranches,ZINC_DIP2A_Activators/H20/H20P010.smi.gz
ZINCk7000004f7Gr,CNC(=O)C(C)(C)CN1C(=O)N[C@@H](CCCOC)C1=O,Local ZINC tranches,ZINC_DIP2A_Activators/H20/H20P010.smi.gz
ZINCk7000004eJfD,CCOc1ncccc1CNC(=O)N1CC(C(N)=O)C1,Local ZINC tranches,ZINC_DIP2A_Activators/H20/H20P010.smi.gz
ZINCk7000004f0AL,CN(CCN(C)C1CC1)C(=O)Cn1nnnc1C1CC1,Local ZINC tranches,ZINC_DIP2A_Activators/H20/H20P010.smi.gz
ZINCk7000004fI5X,COc1cc(S(=O)(=O)N2CCO[C@H](CN)C2)ccc1F,Local ZINC tranches,ZINC_DIP2A_Activators/H20/H20P010.smi.gz
ZINCk7000004ettj,CCCC[C@@H](N)CC(=O)N[C@H]1CNC[C@@H]1C(=O)OCC,Local ZINC tranches,ZINC_DIP2A_Activators/H20/H20P010.smi.gz
ZINCk7000004g8Gn,C[C@H]1C[C@@H](N)CN1C(=O)c1cc(Br)cn(CCN)c1=O,Local ZINC tranches,ZINC_DIP2A_Activators/H20/H20P010.smi.gz
ZINCk7000004gdG5,Cc1cc(C2CN(S(=O)(=O)CCCS(C)(=O)=O)C2)no1,Local ZINC tranches,ZINC_DIP2A_Activators/H20/H20P010.smi.gz
ZINCk7000004fdNg,COC(=O)C12CCC(CC1)N2C(=O)C1CN(C(C)=O)C1,Local ZINC tranches,ZINC_DIP2A_Activators/H20/H20P010.smi.gz
ZINCk7000004f2V6,CN1C(=O)CC[C@@H]1CNC(=O)N[C@H]1CCN(C2CC2)C1,Local ZINC tranches,ZINC_DIP2A_Activators/H20/H20P010.smi.gz
ZINCk7000004fad1,CNC(=O)[C@H](NC(=O)[C@@H]1COC(=O)O1)c1ccccc1,Local ZINC tranches,ZINC_DIP2A_Activators/H20/H20P010.smi.gz
ZINCk7000004g2cl,C[C@H](C[S@](C)=O)NC(=O)NNC(=O)N=c1cc[nH]cc1,Local ZINC tranches,ZINC_DIP2A_Activators/H20/H20P010.smi.gz
ZINCk7000004fXNn,C[C@@H]1OCCN(C(=O)C(=O)N(C)CC2(C)COC2)[C@H]1C,Local ZINC tranches,ZINC_DIP2A_Activators/H20/H20P010.smi.gz
ZINCk7000004fw85,COCCn1ccc(C(=O)N(C)C[C@@H]2COC(=O)O2)n1,Local ZINC tranches,ZINC_DIP2A_Activators/H20/H20P010.smi.gz
ZINCk7000004gpUN,Cn1cc(CC2CN(C(=O)c3cnc[nH]c3=N)C2)cn1,Local ZINC tranches,ZINC_DIP2A_Activators/H20/H20P010.smi.gz
ZINCk7000004giZ5,Cc1nc(C)c(C(=O)N[C@H]2CNCC[C@H]2CO)nc1C,Local ZINC tranches,ZINC_DIP2A_Activators/H20/H20P010.smi.gz
ZINCk7000004eGFb,CCOCCN1CC(C(=O)NC(CC)(CC)C(N)=O)C1,Local ZINC tranches,ZINC_DIP2A_Activators/H20/H20P010.smi.gz
ZINCk7000004eqa4,CC1(CCNC(=O)N2CCN3C(=O)NC(=O)[C@H]3C2)CC1,Local ZINC tranches,ZINC_DIP2A_Activators/H20/H20P010.smi.gz
ZINCk7000004fy6h,COC[C@@]1(C(=O)NC[C@@H](O)c2cnc[nH]2)CCCCO1,Local ZINC tranches,ZINC_DIP2A_Activators/H20/H20P010.smi.gz
ZINCk7000004fRtQ,C[C@@H](NC(=O)[C@H]1CNC(=O)CC1(C)C)c1cn(C)nn1,Local ZINC tranches,ZINC_DIP2A_Activators/H20/H20P010.smi.gz
ZINCk7000004fAkt,COC[C@]1(C(=O)NC2C[C@@H]3CNC[C@H]3C2)CCCNC1,Local ZINC tranches,ZINC_DIP2A_Activators/H20/H20P010.smi.gz
ZINCk7000004fI1w,COc1cc(OC)c(C(=O)N[C@H]2CCC(=O)NC2)cn1,Local ZINC tranches,ZINC_DIP2A_Activators/H20/H20P010.smi.gz
ZINCk7000004eZ8n,CN(C)c1ccncc1C(=O)NCc1ccc(O)nn1,Local ZINC tranches,ZINC_DIP2A_Activators/H20/H20P010.smi.gz
ZINCk7000004eO4p,CC[C@H](C)[C@@H](NS(C)(=O)=O)C(=O)NCC[C@@H](C)C(=O)O,Local ZINC tranches,ZINC_DIP2A_Activators/H20/H20P010.smi.gz
ZINCk7000004e9DS,C=CC1CC(NC(=O)N[C@@H]2CCn3c(O)nnc3C2)C1,Local ZINC tranches,ZINC_DIP2A_Activators/H20/H20P010.smi.gz
ZINCk7000004eEWP,CCOC(=O)[C@H](CCOC)NC(=O)c1n[nH]cc1OC,Local ZINC tranches,ZINC_DIP2A_Activators/H20/H20P010.smi.gz
ZINCk7000004evuc,CCC[C@@H](N)CCCNC(=O)[C@]1(C(=O)OC)CCNC1,Local ZINC tranches,ZINC_DIP2A_Activators/H20/H20P010.smi.gz
ZINCk7000004fEpt,CO[C@@H]1C[C@H]2C[C@H]1C[C@@H]2N1C(=O)[C@H]2C[C@@H](O)CN2C1=O,Local ZINC tranches,ZINC_DIP2A_Activators/H20/H20P010.smi.gz
ZINCk7000004fiyU,COC(=O)[C@@H]1C=CCCN1C(=O)[C@H]1CCCN(C)C1=O,Local ZINC tranches,ZINC_DIP2A_Activators/H20/H20P010.smi.gz
ZINCk7000004ej1x,CC(C)C[C@@H](NC(=O)[C@H]1CCCc2nncn21)C(N)=O,Local ZINC tranches,ZINC_DIP2A_Activators/H20/H20P010.smi.gz
ZINCk7000004ejJc,CC(C)N(C)C[C@H](O)CN1CCC2(CC1)COCCN2,Local ZINC tranches,ZINC_DIP2A_Activators/H20/H20P010.smi.gz
ZINCk7000004eMNq,CC[C@@H]1CN(C(=O)c2ccc(=O)n(C)n2)C[C@@H](C)[S@]1=O,Local ZINC tranches,ZINC_DIP2A_Activators/H20/H20P010.smi.gz
ZINCk7000004guko,Cn1nccc1COCC(=O)N1C[C@@H]2C[C@H](C[C@@H]2O)C1,Local ZINC tranches,ZINC_DIP2A_Activators/H20/H20P010.smi.gz
ZINCk7000004go6w,Cc1o[nH]c(=N)c1S(=O)(=O)N[C@H](C)C(=O)NC(C)(C)C,Local ZINC tranches,ZINC_DIP2A_Activators/H20/H20P010.smi.gz
ZINCk7000004em1O,CC(C)[C@@H]1C(=O)NCCCN1C(=O)c1conc1CN,Local ZINC tranches,ZINC_DIP2A_Activators/H20/H20P010.smi.gz
ZINCk7000004goyc,Cc1sc(S(N)(=O)=O)cc1C(=O)N[C@]1(CF)CCNC1,Local ZINC tranches,ZINC_DIP2A_Activators/H20/H20P010.smi.gz
ZINCk7000004fiGs,COC(=O)[C@@H]1CCC[C@H](C(=O)NC[C@@H]2CNC(=O)O2)C1,Local ZINC tranches,ZINC_DIP2A_Activators/H20/H20P010.smi.gz
ZINCk7000004e9oh,C=C1CC[C@]1(C(=O)OC)C(=O)N1C[C@H](CO)OC[C@@H]1C,Local ZINC tranches,ZINC_DIP2A_Activators/H20/H20P010.smi.gz
ZINCk7000004fPXH,C[C@@H](CO)N(C)S(=O)(=O)c1ccc2c(c1)CS(=O)(=O)C2,Local ZINC tranches,ZINC_DIP2A_Activators/H20/H20P010.smi.gz
ZINCk7000004fosC,COC(=O)c1coc2cc(C(=O)N[C@H](C#N)CO)[nH]c12,Local ZINC tranches,ZINC_DIP2A_Activators/H20/H20P010.smi.gz
ZINCk7000004egxT,CC(C)(C)n1nnc(CNC(=O)[C@@H]2CCNC23CC3)n1,Local ZINC tranches,ZINC_DIP2A_Activators/H20/H20P010.smi.gz
ZINCk7000004ef4t,CC(=O)c1nc(C(=O)N2CC[C@H](NS(C)(=O)=O)C2)cs1,Local ZINC tranches,ZINC_DIP2A_Activators/H20/H20P010.smi.gz
ZINCk7000004gyu5,N=c1nc(CNC(=O)N[C@H]2CC[C@H](CCO)CC2)[nH][nH]1,Local ZINC tranches,ZINC_DIP2A_Activators/H20/H20P010.smi.gz
ZINCk7000004gxze,N#Cc1cccc(C[C@@H](N)C(=O)NC[C@H](O)C(F)F)c1,Local ZINC tranches,ZINC_DIP2A_Activators/H20/H20P010.smi.gz
ZINCk7000004goGI,Cn1[nH]c(C2CCC2)nc1=NC(=O)N1CC[C@@H]1C(N)=O,Local ZINC tranches,ZINC_DIP2A_Activators/H20/H20P010.smi.gz
ZINCk7000004fXKZ,C[C@@H]1OC(=O)N[C@H]1C(=O)NC[C@@]1(CO)C[C@H]2C=C[C@H]1C2,Local ZINC tranches,ZINC_DIP2A_Activators/H20/H20P010.smi.gz
ZINCk7000004fhZu,COC(=O)[C@@H](CO)NC(=O)c1cnc(C(C)C)nc1C,Local ZINC tranches,ZINC_DIP2A_Activators/H20/H20P010.smi.gz
ZINCk7000004fgdC,COC(=O)C[C@H](N)CC(=O)NC1C(C)(C)C(O)C1(C)C,Local ZINC tranches,ZINC_DIP2A_Activators/H20/H20P010.smi.gz
ZINCk7000004fTd1,C[C@@H]1CCCCN1S(=O)(=O)N1CCCN(C(N)=O)CC1,Local ZINC tranches,ZINC_DIP2A_Activators/H20/H20P010.smi.gz
ZINCk7000004fYVB,C[C@@]1(CC(=O)N2CCCC[C@H]2CCN)CCS(=O)(=O)N1,Local ZINC tranches,ZINC_DIP2A_Activators/H20/H20P010.smi.gz
ZINCk7000004ezig,CCN(Cc1ccncc1)C(=O)C(=O)NC[C@@H](C)CN,Local ZINC tranches,ZINC_DIP2A_Activators/H20/H20P010.smi.gz
ZINCk7000004ftSY,COCCOCCC(=O)N1C[C@H](CO)OC2(CCC2)C1,Local ZINC tranches,ZINC_DIP2A_Activators/H20/H20P010.smi.gz
ZINCk7000004f5lO,CN1CCOC[C@]1(CO)CNC(=O)NCCC1CCC1,Local ZINC tranches,ZINC_DIP2A_Activators/H20/H20P010.smi.gz
ZINCk7000004g7Lz,C[C@H]1CN(C[C@@H](O)CN(C)CC2(CO)CC2)C[C@@H](C)O1,Local ZINC tranches,ZINC_DIP2A_Activators/H20/H20P010.smi.gz
ZINCk7000004ggSr,Cc1ccnc(NCCN2CCNC(=O)C2)c1[N+](=O)[O-],Local ZINC tranches,ZINC_DIP2A_Activators/H20/H20P010.smi.gz
ZINCk7000004eIiq,CCO[C@@H]1C[C@@H](NC(=O)Cc2cn(CC)nn2)[C@H]1OC,Local ZINC tranches,ZINC_DIP2A_Activators/H20/H20P010.smi.gz
ZINCk7000004gh7e,Cc1cn(C)[nH]c1=NC(=O)N1C[C@@H](CO)[C@H](CCO)C1,Local ZINC tranches,ZINC_DIP2A_Activators/H20/H20P010.smi.gz
ZINCk8000004h9S4,C=CC[C@@H](CO)NC(=O)c1cccc(S(=O)(=O)NC)c1,Local ZINC tranches,ZINC_DIP2A_Activators/H20/H20P020.smi.gz
ZINCk8000004h8eG,C=CCC1(NC(=O)c2cn(C)c(=O)cn2)CCNCC1,Local ZINC tranches,ZINC_DIP2A_Activators/H20/H20P020.smi.gz
ZINCk8000004hPcg,CC[C@@H](O)[C@H]1CCCN1C(=O)C(=O)NCCCCOC,Local ZINC tranches,ZINC_DIP2A_Activators/H20/H20P020.smi.gz
ZINCk8000004iy1r,COCCCNC(=O)C(=O)NCCc1ccc(C)cn1,Local ZINC tranches,ZINC_DIP2A_Activators/H20/H20P020.smi.gz
ZINCk8000004ipBI,COC(=O)[C@@H]1C[C@@H]1C(=O)N1CC(Cc2cnn(C)c2)C1,Local ZINC tranches,ZINC_DIP2A_Activators/H20/H20P020.smi.gz
ZINCk8000004h8pB,C=CCCN(CCC(=O)NC(=O)NC)CC(=O)OCC,Local ZINC tranches,ZINC_DIP2A_Activators/H20/H20P020.smi.gz
ZINCk8000004ie1O,CNC(=O)N1CC(NS(=O)(=O)c2ncc(F)cc2Br)C1,Local ZINC tranches,ZINC_DIP2A_Activators/H20/H20P020.smi.gz
ZINCk8000004jsNu,Cc1cccc(S(=O)(=O)NC[C@H]2CN3CCN2CC3)c1,Local ZINC tranches,ZINC_DIP2A_Activators/H20/H20P020.smi.gz
ZINCk8000004icak,CN1C[C@H](COC(=O)CC[C@@H]2CCC(=O)NC2)OC1=O,Local ZINC tranches,ZINC_DIP2A_Activators/H20/H20P020.smi.gz
ZINCk8000004h5lA,C#CC[C@@H](CO)NCc1cn(C)nc1-c1cnn(C)c1,Local ZINC tranches,ZINC_DIP2A_Activators/H20/H20P020.smi.gz
ZINCk8000004iMWg,CO[C@H]1COC[C@H]1S(=O)(=O)N1CCOC[C@@]1(C)C1CC1,Local ZINC tranches,ZINC_DIP2A_Activators/H20/H20P020.smi.gz
ZINCk8000004juWh,Cc1cocc1C(=O)N1CCC[C@H](CNS(N)(=O)=O)C1,Local ZINC tranches,ZINC_DIP2A_Activators/H20/H20P020.smi.gz
ZINCk8000004ihEX,CNS(=O)(=O)NC1CCN(CCCSCCOC)CC1,Local ZINC tranches,ZINC_DIP2A_Activators/H20/H20P020.smi.gz
ZINCk8000004hfVL,CC(C)(CCS(C)(=O)=O)CNC(=O)CC(=O)NC1CC1,Local ZINC tranches,ZINC_DIP2A_Activators/H20/H20P020.smi.gz
ZINCk8000004hqSV,CC1(N)CC(NC(=O)C(=O)N2C[C@@H]3C[C@H]4C[C@H]3[C@H]2C4)C1,Local ZINC tranches,ZINC_DIP2A_Activators/H20/H20P020.smi.gz
ZINCk8000004jpSx,Cc1cc(CCC(=O)NCCn2cccnc2=O)no1,Local ZINC tranches,ZINC_DIP2A_Activators/H20/H20P020.smi.gz
ZINCk8000004ifza,CNC(=O)[C@H](O)CNC(=O)[C@@H](OC)c1ccccc1Cl,Local ZINC tranches,ZINC_DIP2A_Activators/H20/H20P020.smi.gz
ZINCk8000004hVnr,CCc1ncc(C(=O)N[C@H](C(=O)O)c2ccn(C)n2)[nH]1,Local ZINC tranches,ZINC_DIP2A_Activators/H20/H20P020.smi.gz
ZINCk8000004hgH2,CC(C)(O)CC(=O)NNC(=O)[C@H]1Cc2ccccc2O1,Local ZINC tranches,ZINC_DIP2A_Activators/H20/H20P020.smi.gz
ZINCk8000004iBsW,COCC[C@H](CO)NC(=O)c1cc(S(N)(=O)=O)c(Br)s1,Local ZINC tranches,ZINC_DIP2A_Activators/H20/H20P020.smi.gz
ZINCk8000004hkTo,CC(C)S(=O)(=O)CCN(C)C(=O)[C@@]1(C)CCCS1(=O)=O,Local ZINC tranches,ZINC_DIP2A_Activators/H20/H20P020.smi.gz
ZINCk8000004i0xl,CN(C)C(=O)OCCCNC(=O)c1ccc(=O)n(C)c1,Local ZINC tranches,ZINC_DIP2A_Activators/H20/H20P020.smi.gz
ZINCk8000004jbhI,C[C@H](CN1CCOCC1)N(C)C(=O)[C@]12C[C@H]1CC[C@H]2N,Local ZINC tranches,ZINC_DIP2A_Activators/H20/H20P020.smi.gz
ZINCk8000004i2gD,CN(C)C[C@]1(O)CCCN(C(=O)CCNCC2CC2)C1,Local ZINC tranches,ZINC_DIP2A_Activators/H20/H20P020.smi.gz
ZINCk8000004jFbY,Cn1ccc(N2CCC[C@H](NC3CC(CN)C3)C2=O)n1,Local ZINC tranches,ZINC_DIP2A_Activators/H20/H20P020.smi.gz
ZINCk8000004hp9v,CC1(C)COC[C@H](CS(=O)(=O)NCC[C@@H](O)C2CC2)O1,Local ZINC tranches,ZINC_DIP2A_Activators/H20/H20P020.smi.gz
ZINCk8000004j0gW,C[C@@H](NS(=O)(=O)c1cccs1)C(=O)NC[C@H]1CCCN1,Local ZINC tranches,ZINC_DIP2A_Activators/H20/H20P020.smi.gz
ZINCk8000004iMWW,CO[C@H]1COC[C@H]1S(=O)(=O)N1C[C@H](C)O[C@H](C2CC2)C1,Local ZINC tranches,ZINC_DIP2A_Activators/H20/H20P020.smi.gz
ZINCk8000004j1hC,C[C@@H]([C@@H]1CCCO1)N(C)C(=O)NNC(=O)c1cn[nH]c1,Local ZINC tranches,ZINC_DIP2A_Activators/H20/H20P020.smi.gz
ZINCk8000004irk9,COC(=O)[C@H](NS(=O)(=O)CC(OC)OC)C1CCCC1,Local ZINC tranches,ZINC_DIP2A_Activators/H20/H20P020.smi.gz
ZINCk8000004i1Zn,CN(C)C[C@@H]1COCCN1C(=O)c1cncc(C=O)c1,Local ZINC tranches,ZINC_DIP2A_Activators/H20/H20P020.smi.gz
ZINCk8000004jgrG,C[C@H](c1ccccc1)[C@H](NC(=O)NCCCN)C(N)=O,Local ZINC tranches,ZINC_DIP2A_Activators/H20/H20P020.smi.gz
ZINCk8000004jAtd,Cc1nnc2n1C[C@H](C(=O)N(C)[C@H]1CCNC[C@@H]1C)C2,Local ZINC tranches,ZINC_DIP2A_Activators/H20/H20P020.smi.gz
ZINCk8000004i09c,CN(C)C(=O)CNC(=O)C(=O)NCc1ccc(Br)cc1,Local ZINC tranches,ZINC_DIP2A_Activators/H20/H20P020.smi.gz
ZINCk8000004htVA,CCCCN(C)S(=O)(=O)N1CCO[C@H](C)[C@H]1C(=O)OC,Local ZINC tranches,ZINC_DIP2A_Activators/H20/H20P020.smi.gz
ZINCk8000004jGlQ,Cn1cncc1S(=O)(=O)NC(=O)CCn1cc(Br)cn1,Local ZINC tranches,ZINC_DIP2A_Activators/H20/H20P020.smi.gz
ZINCk8000004iXLT,C[C@@H](CNC(=O)Cn1cc([C@@H]2CCOC2)cn1)C(=O)O,Local ZINC tranches,ZINC_DIP2A_Activators/H20/H20P020.smi.gz
ZINCk8000004jCkY,Cn1[nH]c(CN2CCC(Cc3cnc[nH]3)CC2)nc1=O,Local ZINC tranches,ZINC_DIP2A_Activators/H20/H20P020.smi.gz
ZINCk8000004iNv8,CO[C@]1(C(=O)N[C@@H]2CCCOC2(C)C)CCS(=O)(=O)C1,Local ZINC tranches,ZINC_DIP2A_Activators/H20/H20P020.smi.gz
ZINCk8000004hJM9,CCOCC[C@@H](N)C(=O)NCc1nnc(S)n1C1CC1,Local ZINC tranches,ZINC_DIP2A_Activators/H20/H20P020.smi.gz
ZINCk8000004jzaT,Cc1nn(C)c(NC(=O)[C@@H]2CO[C@@H]3COC[C@H]32)c1C#N,Local ZINC tranches,ZINC_DIP2A_Activators/H20/H20P020.smi.gz
ZINCk8000004ihkJ,CNS(=O)(=O)CCCN1CCCCC[C@H](S(C)(=O)=O)C1,Local ZINC tranches,ZINC_DIP2A_Activators/H20/H20P020.smi.gz
ZINCk8000004hi2r,CC(C)COC1CN(C(=O)[C@H]2CN3CCN2C[C@H]3C)C1,Local ZINC tranches,ZINC_DIP2A_Activators/H20/H20P020.smi.gz
ZINCk8000004iPE0,COc1ccc(NC(=O)C2(CN)CC(O)C2)cc1CO,Local ZINC tranches,ZINC_DIP2A_Activators/H20/H20P020.smi.gz
ZINCk8000004hJul,CCOCCOCCC(=O)N1Cc2n[nH]cc2[C@@H]1CO,Local ZINC tranches,ZINC_DIP2A_Activators/H20/H20P020.smi.gz
ZINCk8000004iom2,COC(=O)[C@@H](NC(=O)[C@H]1CC(C(C)(C)C)=NO1)[C@@H](C)O,Local ZINC tranches,ZINC_DIP2A_Activators/H20/H20P020.smi.gz
ZINCk8000004i7D6,CN1C(=O)CC[C@@H](NC(=O)CCc2cccnc2)C1=O,Local ZINC tranches,ZINC_DIP2A_Activators/H20/H20P020.smi.gz
ZINCk8000004hN0P,CCS(=O)(=O)NCCS(=O)(=O)N(C)CC1CC(F)(F)C1,Local ZINC tranches,ZINC_DIP2A_Activators/H20/H20P020.smi.gz
ZINCk8000004igRP,CNC[C@@H](O)CN(C)S(=O)(=O)c1ccc(OC)cc1C,Local ZINC tranches,ZINC_DIP2A_Activators/H20/H20P020.smi.gz
ZINCk8000004hdNg,CC(=O)[C@@H]1CCCN(C(=O)[C@@]2(C)CCCNS2(=O)=O)C1,Local ZINC tranches,ZINC_DIP2A_Activators/H20/H20P020.smi.gz
ZINCk8000004hpD6,CC1(C)C[C@H](COC(=O)C[C@@H]2CCS(=O)(=O)C2)NC1=O,Local ZINC tranches,ZINC_DIP2A_Activators/H20/H20P020.smi.gz
ZINCk8000004i4YV,CN(CCCNS(C)(=O)=O)C(=O)CC[C@H]1CCCN1C,Local ZINC tranches,ZINC_DIP2A_Activators/H20/H20P020.smi.gz
ZINCk8000004hB7S,CCN(C[C@@H]1C[C@@]2(CCNC2)CO1)[C@H]1CCS(=O)(=O)C1,Local ZINC tranches,ZINC_DIP2A_Activators/H20/H20P020.smi.gz
ZINCk8000004iT8b,CS(=O)(=O)C[C@H]1C[C@@H](NC(=O)[C@H](F)C2CCNCC2)C1,Local ZINC tranches,ZINC_DIP2A_Activators/H20/H20P020.smi.gz
ZINCk8000004jr4u,Cc1cc(OCC(=O)NCCCc2nncn2C)no1,Local ZINC tranches,ZINC_DIP2A_Activators/H20/H20P020.smi.gz
ZINCk8000004hvb5,CCCN(CC)CCNC(=O)c1ncsc1S(N)(=O)=O,Local ZINC tranches,ZINC_DIP2A_Activators/H20/H20P020.smi.gz
ZINCk8000004ja3G,C[C@H](C(=O)N[C@@H]1CCn2ccnc2C1)[C@@H]1CCC(=O)N1,Local ZINC tranches,ZINC_DIP2A_Activators/H20/H20P020.smi.gz
ZINCk8000004hzvB,CCN(CC(=O)N(C)C)C(=O)[C@@H]1CCC[C@H](C(N)=O)C1,Local ZINC tranches,ZINC_DIP2A_Activators/H20/H20P020.smi.gz
ZINCk8000004iVTx,C[C@@H](C#N)COC(=O)c1c2c(nn1C)CCS(=O)(=O)C2,Local ZINC tranches,ZINC_DIP2A_Activators/H20/H20P020.smi.gz
ZINCk8000004haTj,CC#CC[C@@H](CO)NC(=O)NC[C@H]1COC(C)(C)CO1,Local ZINC tranches,ZINC_DIP2A_Activators/H20/H20P020.smi.gz
ZINCk8000004i4LG,CN(CCC(=O)NC1CC1)S(=O)(=O)[C@@H]1C[C@H]2CC[C@H]1O2,Local ZINC tranches,ZINC_DIP2A_Activators/H20/H20P020.smi.gz
ZINCk8000004jDPf,Cn1cc(CN(C(=O)[C@H](N)CO)c2ccccc2)cn1,Local ZINC tranches,ZINC_DIP2A_Activators/H20/H20P020.smi.gz
ZINCk8000004jj9q,C[C@H]1CN(S(C)(=O)=O)CCN1C(=O)OC1CCOCC1,Local ZINC tranches,ZINC_DIP2A_Activators/H20/H20P020.smi.gz
ZINCk8000004i8cH,CN1CC(=O)N(CCN[C@@H]2[C@@H]3CCO[C@H]3C2(C)C)C1=O,Local ZINC tranches,ZINC_DIP2A_Activators/H20/H20P020.smi.gz
ZINCk8000004hJE1,CCOCCO[C@@H](C)C(=O)N1CCO[C@@H](CN(C)C)C1,Local ZINC tranches,ZINC_DIP2A_Activators/H20/H20P020.smi.gz
ZINCk8000004iaIG,CN1CC[C@@H](N(C)C(=O)NC[C@H]2CCCCS2(=O)=O)C1,Local ZINC tranches,ZINC_DIP2A_Activators/H20/H20P020.smi.gz
ZINCk8000004j0FK,C[C@@H](O)C[C@H]1CCCCN1C(=O)c1cc(C(N)=O)[nH]n1,Local ZINC tranches,ZINC_DIP2A_Activators/H20/H20P020.smi.gz
ZINCk8000004j5Pf,C[C@@H]1C[C@@H](N(C)C(=O)N[C@H]2CCS(=O)(=O)C2)CCN1C,Local ZINC tranches,ZINC_DIP2A_Activators/H20/H20P020.smi.gz
