target,prediction,residual
11.798970222473145,11.163298606872559,-0.6356716156005859
11.33657169342041,11.251527786254883,-0.08504390716552734
11.100000381469727,11.390406608581543,0.2904062271118164
11.100000381469727,10.983573913574219,-0.11642646789550781
11.100000381469727,10.977038383483887,-0.12296199798583984
11.637601852416992,11.861777305603027,0.22417545318603516
11.100000381469727,10.950896263122559,-0.14910411834716797
10.702059745788574,10.117623329162598,-0.5844364166259766
11.59999942779541,11.215582847595215,-0.3844165802001953
11.59999942779541,11.392040252685547,-0.20795917510986328
11.40000057220459,11.195976257324219,-0.2040243148803711
11.59999942779541,12.09296989440918,0.49297046661376953
14.32184886932373,14.69898796081543,0.3771390914916992
14.100000381469727,13.019372940063477,-1.08062744140625
11.100000381469727,11.094676971435547,-0.0053234100341796875
13.699980735778809,12.888663291931152,-0.8113174438476562
13.652841567993164,13.836305618286133,0.18346405029296875
11.90000057220459,12.307005882263184,0.40700531005859375
12.19999885559082,12.329880714416504,0.1298818588256836
12.49999713897705,12.659921646118164,0.15992450714111328
13.399989128112793,13.679454803466797,0.2794656753540039
12.49999713897705,13.3200044631958,0.82000732421875
13.000008583068848,13.797093391418457,0.7970848083496094
11.100000381469727,11.360997200012207,0.26099681854248047
11.100000381469727,11.104479789733887,0.004479408264160156
11.100000381469727,11.107747077941895,0.007746696472167969
11.100000381469727,11.25479507446289,0.15479469299316406
11.199999809265137,11.071802139282227,-0.12819766998291016
11.59999942779541,11.35119342803955,-0.24880599975585938
12.100000381469727,12.349486351013184,0.24948596954345703
13.100000381469727,12.862521171569824,-0.23747920989990234
11.59999942779541,12.895198822021484,1.2951993942260742
11.300000190734863,11.097944259643555,-0.2020559310913086
11.100000381469727,11.07507038116455,-0.02493000030517578
11.999998092651367,12.132182121276855,0.13218402862548828
11.59999942779541,11.222118377685547,-0.3778810501098633
11.100000381469727,10.954163551330566,-0.14583683013916016
11.100000381469727,11.00971508026123,-0.0902853012084961
12.100000381469727,10.731958389282227,-1.3680419921875
11.100000381469727,11.120818138122559,0.02081775665283203
11.100000381469727,11.094676971435547,-0.0053234100341796875
11.59999942779541,13.4049654006958,1.8049659729003906
11.59999942779541,11.130621910095215,-0.4693775177001953
11.59999942779541,11.068534851074219,-0.5314645767211914
13.399989128112793,11.967162132263184,-1.4328269958496094
12.89999771118164,13.378823280334473,0.47882556915283203
11.59999942779541,11.560328483581543,-0.03967094421386719
11.40000057220459,11.081605911254883,-0.31839466094970703
11.100000381469727,11.026054382324219,-0.07394599914550781
12.599996566772461,12.927875518798828,0.3278789520263672
11.100000381469727,11.192708969116211,0.09270858764648438
11.100000381469727,11.215582847595215,0.11558246612548828
13.600038528442383,13.901660919189453,0.3016223907470703
11.40000057220459,11.035857200622559,-0.36414337158203125
10.800000190734863,10.82999038696289,0.029990196228027344
11.199999809265137,11.163298606872559,-0.036701202392578125
12.49999713897705,12.666457176208496,0.1664600372314453
10.600000381469727,10.196049690246582,-0.40395069122314453
11.199999809265137,11.16003131866455,-0.03996849060058594
11.5,11.568497657775879,0.0684976577758789
12.799991607666016,13.692525863647461,0.8925342559814453
13.000008583068848,13.274255752563477,0.2742471694946289
11.199999809265137,10.918218612670898,-0.2817811965942383
11.199999809265137,10.911683082580566,-0.2883167266845703
13.800057411193848,14.41142749786377,0.6113700866699219
11.199999809265137,11.068534851074219,-0.13146495819091797
11.199999809265137,11.166566848754883,-0.033432960510253906
11.199999809265137,11.016250610351562,-0.18374919891357422
12.699997901916504,13.313468933105469,0.6134710311889648
13.600038528442383,13.267720222473145,-0.3323183059692383
13.500007629394531,13.940874099731445,0.44086647033691406
11.199999809265137,11.107747077941895,-0.09225273132324219
11.199999809265137,10.918218612670898,-0.2817811965942383
11.199999809265137,10.980305671691895,-0.2196941375732422
12.39999771118164,12.862521171569824,0.4625234603881836
11.40000057220459,11.235189437866211,-0.1648111343383789
12.100000381469727,12.672992706298828,0.5729923248291016
11.199999809265137,11.143692970275879,-0.05630683898925781
11.90000057220459,12.153422355651855,0.2534217834472656
11.199999809265137,11.081605911254883,-0.1183938980102539
11.199999809265137,11.048928260803223,-0.15107154846191406
11.59999942779541,11.209047317504883,-0.39095211029052734
11.199999809265137,11.026054382324219,-0.17394542694091797
11.199999809265137,11.05219554901123,-0.14780426025390625
11.199999809265137,11.081605911254883,-0.1183938980102539
12.160480499267578,11.25479507446289,-0.9056854248046875
11.199999809265137,11.189440727233887,-0.01055908203125
11.199999809265137,10.980305671691895,-0.2196941375732422
11.199999809265137,10.934557914733887,-0.26544189453125
11.17498779296875,11.088141441345215,-0.08684635162353516
11.199999809265137,11.303812026977539,0.10381221771240234
11.199999809265137,11.146960258483887,-0.05303955078125
11.199999809265137,11.277669906616211,0.07767009735107422
10.622879028320312,10.30715274810791,-0.31572628021240234
11.56980037689209,11.718121528625488,0.14832115173339844
11.199999809265137,11.124086380004883,-0.0759134292602539
11.199999809265137,11.035857200622559,-0.16414260864257812
12.699997901916504,11.901806831359863,-0.7981910705566406
10.589405059814453,10.555500030517578,-0.033905029296875
11.100000381469727,10.980305671691895,-0.11969470977783203
12.29999828338623,10.921486854553223,-1.3785114288330078
11.199999809265137,11.022786140441895,-0.1772136688232422
11.199999809265137,11.061999320983887,-0.13800048828125
11.199999809265137,11.405111312866211,0.20511150360107422
11.800000190734863,10.96723461151123,-0.8327655792236328
11.100000381469727,11.326685905456543,0.2266855239868164
11.199999809265137,11.173102378845215,-0.026897430419921875
11.300000190734863,11.140424728393555,-0.1595754623413086
11.199999809265137,11.186173439025879,-0.013826370239257812
11.199999809265137,12.790631294250488,1.5906314849853516
11.199999809265137,11.140424728393555,-0.05957508087158203
11.59999942779541,11.16983413696289,-0.43016529083251953
11.199999809265137,10.931289672851562,-0.2687101364135742
11.199999809265137,11.124086380004883,-0.0759134292602539
11.59999942779541,11.218850135803223,-0.3811492919921875
12.49999713897705,11.865861892700195,-0.6341352462768555
13.999974250793457,14.058511734008789,0.05853748321533203
11.199999809265137,11.12735366821289,-0.0726461410522461
14.581485748291016,14.908123016357422,0.32663726806640625
10.702059745788574,12.672992706298828,1.970932960510254
11.199999809265137,11.097944259643555,-0.10205554962158203
11.199999809265137,11.081605911254883,-0.1183938980102539
11.800000190734863,11.284205436706543,-0.5157947540283203
11.199999809265137,11.097944259643555,-0.10205554962158203
11.199999809265137,11.12735366821289,-0.0726461410522461
12.660667419433594,12.329880714416504,-0.33078670501708984
12.29999828338623,12.777560234069824,0.47756195068359375
10.798970222473145,10.686209678649902,-0.11276054382324219
11.199999809265137,11.08487319946289,-0.1151266098022461
11.199999809265137,11.137157440185547,-0.06284236907958984
11.199999809265137,11.235189437866211,0.03518962860107422
11.40000057220459,11.035857200622559,-0.36414337158203125
12.599996566772461,13.313468933105469,0.7134723663330078
11.199999809265137,11.012983322143555,-0.18701648712158203
13.981694221496582,13.993157386779785,0.011463165283203125
11.199999809265137,11.238456726074219,0.03845691680908203
12.100000381469727,12.545551300048828,0.44555091857910156
14.100000381469727,13.05204963684082,-1.0479507446289062
10.100000381469727,9.692817687988281,-0.4071826934814453
11.199999809265137,11.104479789733887,-0.09552001953125
11.40000057220459,11.173102378845215,-0.226898193359375
10.668636322021484,10.490145683288574,-0.17849063873291016
13.100000381469727,10.516287803649902,-2.583712577819824
14.05860710144043,13.797093391418457,-0.26151371002197266
10.497940063476562,10.176443099975586,-0.32149696350097656
14.100000381469727,14.35914421081543,0.2591438293457031
14.145757675170898,14.045440673828125,-0.10031700134277344
11.100000381469727,11.035857200622559,-0.06414318084716797
9.100000381469727,8.581788063049316,-0.5182123184204102
11.90000057220459,11.837268829345703,-0.06273174285888672
11.90000057220459,11.892820358276367,-0.007180213928222656
11.90000057220459,11.912426948547363,0.012426376342773438
11.90000057220459,11.822564125061035,-0.07743644714355469
11.90000057220459,11.949189186096191,0.04918861389160156
11.999998092651367,12.414841651916504,0.4148435592651367
11.90000057220459,11.914877891540527,0.0148773193359375
12.29999828338623,12.356021881103516,0.056023597717285156
11.90000057220459,11.696450233459473,-0.2035503387451172
11.90000057220459,11.955724716186523,0.055724143981933594
11.90000057220459,11.714550971984863,-0.18544960021972656
11.90000057220459,11.891186714172363,-0.008813858032226562
12.39999771118164,11.883017539978027,-0.5169801712036133
12.39999771118164,13.091262817382812,0.6912651062011719
11.90000057220459,11.939386367797852,0.03938579559326172
11.90000057220459,11.947555541992188,0.047554969787597656
11.90000057220459,11.973697662353516,0.07369709014892578
11.90000057220459,11.907526016235352,0.007525444030761719
11.90000057220459,11.97533130645752,0.07533073425292969
11.90000057220459,11.8568754196167,-0.043125152587890625
11.90000057220459,11.90099048614502,0.0009899139404296875
11.90000057220459,11.908342361450195,0.008341789245605469
12.934590339660645,11.5382719039917,-1.3963184356689453
11.90000057220459,11.9099760055542,0.009975433349609375
11.90000057220459,11.983500480651855,0.08349990844726562
11.90000057220459,11.757413864135742,-0.14258670806884766
11.999998092651367,13.378823280334473,1.3788251876831055
11.90000057220459,12.022713661193848,0.12271308898925781
11.90000057220459,11.955724716186523,0.055724143981933594
11.90000057220459,11.754146575927734,-0.14585399627685547
12.29999828338623,12.895198822021484,0.5952005386352539
11.90000057220459,12.035783767700195,0.13578319549560547
11.90000057220459,12.024347305297852,0.12434673309326172
11.90000057220459,11.86913013458252,-0.030870437622070312
11.90000057220459,11.916511535644531,0.016510963439941406
11.90000057220459,12.078265190124512,0.17826461791992188
11.90000057220459,11.894454956054688,-0.005545616149902344
11.90000057220459,11.939386367797852,0.03938579559326172
11.923245429992676,11.427985191345215,-0.49526023864746094
10.100000381469727,9.78431510925293,-0.3156852722167969
11.100000381469727,11.205779075622559,0.10577869415283203
11.100000381469727,11.058731079101562,-0.04126930236816406
11.100000381469727,10.88227367401123,-0.2177267074584961
11.100000381469727,11.176369667053223,0.0763692855834961
11.100000381469727,11.081605911254883,-0.01839447021484375
11.100000381469727,10.960699081420898,-0.13930130004882812
10.622879028320312,10.59471321105957,-0.028165817260742188
11.100000381469727,10.88227367401123,-0.2177267074584961
12.29999828338623,12.895198822021484,0.5952005386352539
11.100000381469727,11.045660018920898,-0.054340362548828125
12.600086212158203,10.931289672851562,-1.6687965393066406
11.100000381469727,10.950896263122559,-0.14910411834716797
11.100000381469727,11.003179550170898,-0.09682083129882812
11.100000381469727,12.4344482421875,1.3344478607177734
12.29999828338623,11.609344482421875,-0.6906538009643555
11.100000381469727,11.758231163024902,0.6582307815551758
11.100000381469727,11.065266609191895,-0.03473377227783203
11.100000381469727,12.088068008422852,0.988067626953125
11.40000057220459,12.115843772888184,0.7158432006835938
11.100000381469727,11.012983322143555,-0.08701705932617188
11.100000381469727,11.107747077941895,0.007746696472167969
11.100000381469727,11.022786140441895,-0.07721424102783203
11.100000381469727,10.911683082580566,-0.18831729888916016
11.100000381469727,11.045660018920898,-0.054340362548828125
11.100000381469727,10.784241676330566,-0.31575870513916016
11.199999809265137,11.05219554901123,-0.14780426025390625
11.100000381469727,10.856131553649902,-0.24386882781982422
12.799991607666016,13.20236587524414,0.402374267578125
11.800000190734863,11.714423179626465,-0.08557701110839844
11.100000381469727,10.934557914733887,-0.16544246673583984
11.100000381469727,11.081605911254883,-0.01839447021484375
11.100000381469727,11.403477668762207,0.30347728729248047
11.100000381469727,11.078337669372559,-0.02166271209716797
11.100000381469727,10.937825202941895,-0.16217517852783203
11.5,11.248260498046875,-0.251739501953125
11.199999809265137,11.120818138122559,-0.07918167114257812
13.800057411193848,13.241578102111816,-0.5584793090820312
12.19999885559082,12.947482109069824,0.7474832534790039
11.199999809265137,10.980305671691895,-0.2196941375732422
11.90000057220459,11.628133773803711,-0.2718667984008789
11.199999809265137,11.016250610351562,-0.18374919891357422
11.199999809265137,11.055463790893555,-0.14453601837158203
11.300000190734863,11.192708969116211,-0.10729122161865234
11.40000057220459,11.434520721435547,0.03452014923095703
13.399989128112793,13.901660919189453,0.5016717910766602
11.199999809265137,11.055463790893555,-0.14453601837158203
11.199999809265137,11.24499225616455,0.04499244689941406
11.199999809265137,11.124086380004883,-0.0759134292602539
11.199999809265137,11.097944259643555,-0.10205554962158203
11.199999809265137,11.133889198303223,-0.06611061096191406
11.199999809265137,11.05219554901123,-0.14780426025390625
11.199999809265137,10.901880264282227,-0.29811954498291016
11.300000190734863,11.182905197143555,-0.1170949935913086
12.54854965209961,13.601029396057129,1.0524797439575195
11.199999809265137,11.133889198303223,-0.06611061096191406
11.199999809265137,11.012983322143555,-0.18701648712158203
11.199999809265137,11.081605911254883,-0.1183938980102539
10.800000190734863,10.496681213378906,-0.30331897735595703
11.108774185180664,11.035857200622559,-0.07291698455810547
11.100000381469727,11.029321670532227,-0.0706787109375
11.100000381469727,10.941093444824219,-0.1589069366455078
10.622879028320312,10.320222854614258,-0.3026561737060547
11.300000190734863,11.058731079101562,-0.24126911163330078
11.300000190734863,11.035857200622559,-0.2641429901123047
11.300000190734863,12.057024002075195,0.757023811340332
11.300000190734863,10.516287803649902,-0.7837123870849609
12.49999713897705,13.561816215515137,1.061819076538086
11.300000190734863,11.026054382324219,-0.27394580841064453
12.49999713897705,12.552085876464844,0.05208873748779297
11.300000190734863,11.176369667053223,-0.12363052368164062
11.999998092651367,11.338122367858887,-0.6618757247924805
11.300000190734863,11.146960258483887,-0.15303993225097656
11.300000190734863,11.150228500366211,-0.14977169036865234
11.300000190734863,11.05219554901123,-0.2478046417236328
11.300000190734863,10.963967323303223,-0.3360328674316406
11.300000190734863,11.11755084991455,-0.1824493408203125
12.19999885559082,11.937751770019531,-0.26224708557128906
10.399999618530273,11.396942138671875,0.9969425201416016
11.300000190734863,11.16003131866455,-0.1399688720703125
10.800000190734863,11.689200401306152,0.8892002105712891
11.300000190734863,11.163298606872559,-0.1367015838623047
13.999974250793457,13.561816215515137,-0.4381580352783203
12.29999828338623,13.13701057434082,0.8370122909545898
11.300000190734863,11.097944259643555,-0.2020559310913086
13.899971008300781,13.692525863647461,-0.2074451446533203
11.300000190734863,11.316882133483887,0.016881942749023438
11.300000190734863,11.215582847595215,-0.08441734313964844
11.300000190734863,11.228653907775879,-0.07134628295898438
11.5,12.186100006103516,0.6861000061035156
12.49999713897705,11.630993843078613,-0.8690032958984375
11.300000190734863,11.37243366241455,0.0724334716796875
10.100000381469727,9.928094863891602,-0.171905517578125
11.100000381469727,10.098017692565918,-1.0019826889038086
11.300000190734863,11.08487319946289,-0.21512699127197266
11.5,11.377335548400879,-0.1226644515991211
11.699999809265137,11.83645248413086,0.13645267486572266
11.90000057220459,12.790631294250488,0.8906307220458984
11.5,11.753737449645996,0.2537374496459961
11.300000190734863,11.156763076782227,-0.14323711395263672
11.300000190734863,11.738114356994629,0.4381141662597656
11.300000190734863,11.235189437866211,-0.06481075286865234
11.40000057220459,11.195976257324219,-0.2040243148803711
10.800000190734863,9.915023803710938,-0.8849763870239258
11.5,11.222118377685547,-0.2778816223144531
11.300000190734863,11.280937194824219,-0.01906299591064453
11.300000190734863,11.274401664733887,-0.025598526000976562
11.5,12.117477416992188,0.6174774169921875
15.757576942443848,15.640095710754395,-0.11748123168945312
11.90000057220459,11.120818138122559,-0.7791824340820312
10.600000381469727,10.228726387023926,-0.3712739944458008
11.999998092651367,12.954017639160156,0.9540195465087891
11.300000190734863,11.065266609191895,-0.23473358154296875
11.800000190734863,11.499876022338867,-0.3001241683959961
11.300000190734863,11.577484130859375,0.2774839401245117
13.986056327819824,13.522603988647461,-0.4634523391723633
13.800057411193848,14.280717849731445,0.48066043853759766
11.5,11.401844024658203,-0.09815597534179688
11.300000190734863,11.354461669921875,0.05446147918701172
12.799991607666016,12.499802589416504,-0.3001890182495117
11.300000190734863,11.12735366821289,-0.17264652252197266
12.100000381469727,11.753533363342285,-0.3464670181274414
11.59999942779541,11.972063064575195,0.37206363677978516
13.999974250793457,14.895051956176758,0.8950777053833008
11.300000190734863,11.374068260192871,0.07406806945800781
13.563508033752441,14.581350326538086,1.0178422927856445
11.600018501281738,10.745028495788574,-0.8549900054931641
11.5,11.87893295288086,0.3789329528808594
11.100000381469727,10.437861442565918,-0.6621389389038086
11.5,11.235189437866211,-0.26481056213378906
13.000008583068848,11.321784019470215,-1.6782245635986328
13.986056327819824,14.594420433044434,0.6083641052246094
14.299970626831055,13.587958335876465,-0.7120122909545898
10.785805702209473,11.377335548400879,0.5915298461914062
13.608638763427734,14.947336196899414,1.3386974334716797
11.300000190734863,11.824198722839355,0.5241985321044922
11.59999942779541,12.99976634979248,1.3997669219970703
11.800000190734863,11.424717903137207,-0.37528228759765625
11.300000190734863,10.928022384643555,-0.3719778060913086
13.299970626831055,11.829099655151367,-1.4708709716796875
11.300000190734863,11.680009841918945,0.38000965118408203
14.622879028320312,15.064974784851074,0.4420957565307617
13.000008583068848,14.424498558044434,1.424489974975586
12.29999828338623,11.99657154083252,-0.30342674255371094
12.89999771118164,12.195902824401855,-0.7040948867797852
14.500117301940918,14.751272201538086,0.25115489959716797
11.300000190734863,11.146960258483887,-0.15303993225097656
11.300000190734863,11.316882133483887,0.016881942749023438
11.300000190734863,11.294008255004883,-0.005991935729980469
14.700325965881348,14.35914421081543,-0.34118175506591797
11.5,11.629768371582031,0.12976837158203125
11.300000190734863,11.235189437866211,-0.06481075286865234
11.300000190734863,11.08487319946289,-0.21512699127197266
11.5,11.509678840637207,0.009678840637207031
14.384318351745605,14.712059020996094,0.3277406692504883
11.40000057220459,11.199243545532227,-0.20075702667236328
11.300000190734863,11.490072250366211,0.19007205963134766
11.702059745788574,11.277669906616211,-0.4243898391723633
11.699999809265137,12.159957885742188,0.4599580764770508
11.90000057220459,12.895198822021484,0.9951982498168945
12.668636322021484,13.078191757202148,0.40955543518066406
12.799991607666016,12.888663291931152,0.08867168426513672
11.59999942779541,11.707938194274902,0.10793876647949219
11.90000057220459,11.579117774963379,-0.32088279724121094
13.2000150680542,12.875592231750488,-0.32442283630371094
14.600313186645508,13.718667984008789,-0.8816452026367188
11.699999809265137,12.862521171569824,1.1625213623046875
10.199999809265137,10.10455322265625,-0.09544658660888672
11.5,11.455760955810547,-0.044239044189453125
12.29999828338623,12.545551300048828,0.24555301666259766
12.49999713897705,12.001473426818848,-0.4985237121582031
13.299970626831055,12.28413200378418,-1.015838623046875
13.2000150680542,13.587958335876465,0.3879432678222656
11.90000057220459,11.362630844116211,-0.5373697280883789
11.5,11.944287300109863,0.4442873001098633
11.999998092651367,12.03905200958252,0.039053916931152344
14.299970626831055,13.326539993286133,-0.9734306335449219
11.5,11.401844024658203,-0.09815597534179688
10.100000381469727,9.849669456481934,-0.25033092498779297
11.5,12.287399291992188,0.7873992919921875
11.5,11.521932601928711,0.021932601928710938
10.300000190734863,10.098017692565918,-0.2019824981689453
11.5,11.509678840637207,0.009678840637207031
13.000008583068848,13.548745155334473,0.548736572265625
11.300000190734863,12.06029224395752,0.7602920532226562
10.702059745788574,10.470539093017578,-0.2315206527709961
10.702059745788574,10.44439697265625,-0.2576627731323242
11.100000381469727,11.088141441345215,-0.011858940124511719
13.100000381469727,12.947482109069824,-0.15251827239990234
11.100000381469727,11.048928260803223,-0.051072120666503906
13.832828521728516,14.346073150634766,0.51324462890625
12.099998474121094,12.751418113708496,0.6514196395874023
11.199999809265137,11.094676971435547,-0.10532283782958984
12.89999771118164,13.418036460876465,0.5180387496948242
11.798970222473145,11.261330604553223,-0.5376396179199219
12.799991607666016,12.244918823242188,-0.5550727844238281
11.199999809265137,11.21231460571289,0.012314796447753906
11.93889045715332,12.173028945922852,0.23413848876953125
12.39999771118164,11.560328483581543,-0.8396692276000977
10.702059745788574,10.52935791015625,-0.17270183563232422
11.199999809265137,11.267866134643555,0.06786632537841797
11.100000381469727,11.04239273071289,-0.05760765075683594
11.800000190734863,11.716822624206543,-0.08317756652832031
12.599996566772461,12.106040954589844,-0.4939556121826172
13.2000150680542,12.803701400756836,-0.3963136672973633
10.100000381469727,10.12415885925293,0.024158477783203125
10.399999618530273,10.032662391662598,-0.3673372268676758
10.702059745788574,10.692745208740234,-0.009314537048339844
11.199999809265137,11.30871295928955,0.10871315002441406
11.199999809265137,11.222118377685547,0.022118568420410156
12.020818710327148,12.037418365478516,0.016599655151367188
11.199999809265137,11.035857200622559,-0.16414260864257812
12.49999713897705,11.311981201171875,-1.1880159378051758
11.999998092651367,11.774365425109863,-0.2256326675415039
10.702059745788574,10.542428970336914,-0.15963077545166016
11.199999809265137,11.491705894470215,0.2917060852050781
10.702059745788574,10.555500030517578,-0.1465597152709961
13.500007629394531,13.280791282653809,-0.21921634674072266
10.702059745788574,10.555500030517578,-0.1465597152709961
10.399999618530273,9.95423698425293,-0.44576263427734375
11.100000381469727,10.99991226196289,-0.10008811950683594
11.199999809265137,11.364264488220215,0.16426467895507812
10.800000190734863,10.88227367401123,0.08227348327636719
14.711014747619629,15.22182559967041,0.5108108520507812
11.999998092651367,12.254722595214844,0.25472450256347656
10.100000381469727,10.084946632385254,-0.015053749084472656
13.500007629394531,13.496461868286133,-0.0035457611083984375
11.5,11.11755084991455,-0.3824491500854492
14.19690990447998,14.306859970092773,0.10995006561279297
10.100000381469727,9.640534400939941,-0.45946598052978516
10.702059745788574,10.50975227355957,-0.1923074722290039
11.5,11.595457077026367,0.09545707702636719
11.199999809265137,11.5064115524292,0.3064117431640625
13.145757675170898,13.25464916229248,0.10889148712158203
11.199999809265137,11.097944259643555,-0.10205554962158203
13.52021598815918,13.823235511779785,0.30301952362060547
11.199999809265137,10.82999038696289,-0.3700094223022461
11.199999809265137,11.133889198303223,-0.06611061096191406
11.199999809265137,11.026054382324219,-0.17394542694091797
14.19690990447998,14.228434562683105,0.031524658203125
11.199999809265137,11.143692970275879,-0.05630683898925781
11.22493839263916,11.156763076782227,-0.0681753158569336
11.100000381469727,11.035857200622559,-0.06414318084716797
11.199999809265137,11.03258991241455,-0.16740989685058594
14.50893497467041,14.672845840454102,0.1639108657836914
10.401029586791992,10.457468032836914,0.056438446044921875
10.798970222473145,11.133889198303223,0.3349189758300781
13.685027122497559,13.862447738647461,0.17742061614990234
11.100000381469727,11.068534851074219,-0.03146553039550781
12.100000381469727,11.912426948547363,-0.18757343292236328
11.100000381469727,11.029321670532227,-0.0706787109375
11.100000381469727,11.029321670532227,-0.0706787109375
11.199999809265137,11.218850135803223,0.018850326538085938
11.199999809265137,11.143692970275879,-0.05630683898925781
11.999998092651367,11.444324493408203,-0.5556735992431641
11.100000381469727,11.026054382324219,-0.07394599914550781
11.999998092651367,12.192635536193848,0.19263744354248047
11.800000190734863,11.883834838867188,0.08383464813232422
11.199999809265137,11.12735366821289,-0.0726461410522461
11.999998092651367,11.182905197143555,-0.8170928955078125
11.999998092651367,11.830734252929688,-0.1692638397216797
11.199999809265137,11.08487319946289,-0.1151266098022461
11.199999809265137,11.302177429199219,0.10217761993408203
11.747817039489746,11.945921897888184,0.1981048583984375
11.497940063476562,11.261330604553223,-0.23660945892333984
11.199999809265137,11.444324493408203,0.2443246841430664
11.999998092651367,11.923864364624023,-0.07613372802734375
10.399999618530273,9.915023803710938,-0.48497581481933594
11.199999809265137,11.179637908935547,-0.020361900329589844
10.401029586791992,10.254868507385254,-0.14616107940673828
10.652841567993164,11.07507038116455,0.4222288131713867
11.199999809265137,11.457395553588867,0.25739574432373047
10.5,10.215656280517578,-0.2843437194824219
11.798970222473145,11.297276496887207,-0.5016937255859375
11.59999942779541,11.622007369995117,0.02200794219970703
9.923909187316895,9.627463340759277,-0.2964458465576172
10.399999618530273,10.045733451843262,-0.3542661666870117
11.90410041809082,11.636303901672363,-0.26779651641845703
11.59999942779541,11.41491413116455,-0.18508529663085938
13.2000150680542,11.913244247436523,-1.2867708206176758
11.90000057220459,11.78784465789795,-0.11215591430664062
13.600038528442383,13.692525863647461,0.09248733520507812
11.90000057220459,12.875592231750488,0.9755916595458984
11.90000057220459,11.892820358276367,-0.007180213928222656
10.699999809265137,10.464003562927246,-0.23599624633789062
11.90000057220459,11.927131652832031,0.027131080627441406
11.90000057220459,11.870763778686523,-0.029236793518066406
11.90000057220459,11.705794334411621,-0.19420623779296875
11.90000057220459,11.9099760055542,0.009975433349609375
11.90000057220459,11.908342361450195,0.008341789245605469
11.90000057220459,11.94265365600586,0.04265308380126953
13.100000381469727,14.64670467376709,1.5467042922973633
11.90000057220459,11.775590896606445,-0.12440967559814453
12.19999885559082,11.861777305603027,-0.33822154998779297
11.90000057220459,11.801323890686035,-0.09867668151855469
11.90000057220459,11.796831130981445,-0.10316944122314453
11.59999942779541,11.564413070678711,-0.03558635711669922
12.799991607666016,14.17615032196045,1.3761587142944336
12.19999885559082,13.352681159973145,1.1526823043823242
10.899999618530273,11.267866134643555,0.36786651611328125
11.90000057220459,11.864228248596191,-0.03577232360839844
11.90000057220459,11.838086128234863,-0.06191444396972656
11.90000057220459,11.827466011047363,-0.07253456115722656
11.90000057220459,11.896088600158691,-0.0039119720458984375
11.90000057220459,12.00637435913086,0.10637378692626953
11.90000057220459,11.838903427124023,-0.061097145080566406
11.90000057220459,11.869946479797363,-0.030054092407226562
11.90000057220459,11.770280838012695,-0.12971973419189453
11.90000057220459,11.775999069213867,-0.12400150299072266
10.622879028320312,10.045733451843262,-0.5771455764770508
11.90000057220459,11.77273178100586,-0.12726879119873047
11.90000057220459,11.85851001739502,-0.04149055480957031
13.2000150680542,14.019299507141113,0.8192844390869141
11.90000057220459,11.834001541137695,-0.06599903106689453
14.100000381469727,13.5748872756958,-0.5251131057739258
10.399999618530273,11.137157440185547,0.7371578216552734
12.39999771118164,11.844621658325195,-0.5553760528564453
11.90000057220459,11.949189186096191,0.04918861389160156
11.90000057220459,11.79846477508545,-0.10153579711914062
11.90000057220459,11.816437721252441,-0.08356285095214844
11.90000057220459,11.749652862548828,-0.15034770965576172
11.100000381469727,10.483610153198242,-0.6163902282714844
11.90000057220459,11.929582595825195,0.02958202362060547
11.0,10.666603088378906,-0.33339691162109375
11.90000057220459,11.949189186096191,0.04918861389160156
11.90000057220459,12.980159759521484,1.0801591873168945
12.49999713897705,11.698083877563477,-0.8019132614135742
11.90000057220459,11.941020011901855,0.041019439697265625
11.100000381469727,11.08487319946289,-0.015127182006835938
11.100000381469727,12.107674598693848,1.007674217224121
11.41395092010498,11.302177429199219,-0.11177349090576172
10.100000381469727,9.797386169433594,-0.3026142120361328
11.100000381469727,13.37228775024414,2.272287368774414
11.100000381469727,11.124086380004883,0.02408599853515625
11.199999809265137,11.035857200622559,-0.16414260864257812
11.199999809265137,11.146960258483887,-0.05303955078125
11.199999809265137,11.16003131866455,-0.03996849060058594
11.199999809265137,11.30871295928955,0.10871315002441406
11.199999809265137,11.277669906616211,0.07767009735107422
11.213943481445312,11.195976257324219,-0.01796722412109375
11.199999809265137,11.748836517333984,0.5488367080688477
11.199999809265137,11.400209426879883,0.2002096176147461
11.5,11.532552719116211,0.03255271911621094
11.59999942779541,12.140351295471191,0.5403518676757812
11.199999809265137,11.225385665893555,0.02538585662841797
11.5,11.812353134155273,0.31235313415527344
11.199999809265137,11.195976257324219,-0.004023551940917969
11.199999809265137,11.176369667053223,-0.023630142211914062
11.5,11.944287300109863,0.4442873001098633
11.199999809265137,11.058731079101562,-0.14126873016357422
11.699999809265137,11.374068260192871,-0.3259315490722656
11.100000381469727,10.983573913574219,-0.11642646789550781
11.100000381469727,10.738492965698242,-0.3615074157714844
11.199999809265137,11.130621910095215,-0.06937789916992188
11.199999809265137,11.445958137512207,0.2459583282470703
11.199999809265137,11.658360481262207,0.4583606719970703
11.199999809265137,11.05219554901123,-0.14780426025390625
11.59999942779541,11.41491413116455,-0.18508529663085938
11.5,11.944287300109863,0.4442873001098633
11.213943481445312,10.986841201782227,-0.22710227966308594
11.798970222473145,12.04885482788086,0.24988460540771484
11.798970222473145,12.431180000305176,0.6322097778320312
11.100000381469727,10.450932502746582,-0.6490678787231445
11.800000190734863,11.222118377685547,-0.5778818130493164
11.800000190734863,11.11755084991455,-0.6824493408203125
11.199999809265137,11.163298606872559,-0.036701202392578125
11.199999809265137,11.11755084991455,-0.08244895935058594
11.5,11.25479507446289,-0.24520492553710938
13.299970626831055,11.584836959838867,-1.7151336669921875
12.49999713897705,11.957358360290527,-0.5426387786865234
11.800000190734863,11.855241775512695,0.05524158477783203
11.300000190734863,11.133889198303223,-0.16611099243164062
11.213943481445312,11.238456726074219,0.02451324462890625
12.116100311279297,11.759252548217773,-0.35684776306152344
11.5,11.8462553024292,0.3462553024291992
11.199999809265137,11.192708969116211,-0.007290840148925781
11.199999809265137,11.182905197143555,-0.01709461212158203
11.199999809265137,11.150228500366211,-0.04977130889892578
11.5,11.316882133483887,-0.18311786651611328
11.199999809265137,11.192708969116211,-0.007290840148925781
11.199999809265137,11.331586837768555,0.13158702850341797
11.5,11.061999320983887,-0.4380006790161133
11.59999942779541,11.6126127243042,0.012613296508789062
11.199999809265137,11.120818138122559,-0.07918167114257812
11.199999809265137,11.11755084991455,-0.08244895935058594
11.199999809265137,11.120818138122559,-0.07918167114257812
11.199999809265137,11.179637908935547,-0.020361900329589844
11.100000381469727,10.911683082580566,-0.18831729888916016
10.966461181640625,11.424717903137207,0.45825672149658203
12.850003242492676,12.88212776184082,0.03212451934814453
11.199999809265137,11.179637908935547,-0.020361900329589844
11.5,12.01781177520752,0.5178117752075195
11.300000190734863,11.16983413696289,-0.13016605377197266
12.100000381469727,11.28747272491455,-0.8125276565551758
15.330449104309082,11.605259895324707,-3.725189208984375
11.100000381469727,11.006447792053223,-0.0935525894165039
10.798970222473145,10.970502853393555,0.17153263092041016
10.401029586791992,10.555500030517578,0.15447044372558594
11.497940063476562,12.627243995666504,1.1293039321899414
12.100000381469727,12.159957885742188,0.05995750427246094
12.798970222473145,14.00622844696045,1.2072582244873047
11.100000381469727,10.986841201782227,-0.1131591796875
11.199999809265137,11.16003131866455,-0.03996849060058594
11.59999942779541,12.888663291931152,1.2886638641357422
11.199999809265137,11.248260498046875,0.04826068878173828
11.199999809265137,11.176369667053223,-0.023630142211914062
11.199999809265137,11.365898132324219,0.16589832305908203
12.29999828338623,12.803701400756836,0.5037031173706055
11.199999809265137,11.094676971435547,-0.10532283782958984
11.199999809265137,11.179637908935547,-0.020361900329589844
11.100000381469727,11.006447792053223,-0.0935525894165039
11.199999809265137,11.101211547851562,-0.09878826141357422
11.59999942779541,12.5194091796875,0.9194097518920898
11.199999809265137,11.12735366821289,-0.0726461410522461
11.199999809265137,11.176369667053223,-0.023630142211914062
11.199999809265137,11.035857200622559,-0.16414260864257812
11.199999809265137,11.320150375366211,0.12015056610107422
11.199999809265137,11.182905197143555,-0.01709461212158203
11.199999809265137,11.258063316345215,0.058063507080078125
11.199999809265137,11.37243366241455,0.17243385314941406
11.800000190734863,12.901734352111816,1.1017341613769531
11.199999809265137,11.209047317504883,0.009047508239746094
11.199999809265137,11.780492782592773,0.5804929733276367
11.199999809265137,11.199243545532227,-0.0007562637329101562
11.199999809265137,11.140424728393555,-0.05957508087158203
11.199999809265137,11.124086380004883,-0.0759134292602539
11.100000381469727,10.986841201782227,-0.1131591796875
11.199999809265137,11.225385665893555,0.02538585662841797
10.622879028320312,9.653605461120605,-0.969273567199707
11.199999809265137,11.12735366821289,-0.0726461410522461
11.199999809265137,11.143692970275879,-0.05630683898925781
11.199999809265137,11.334855079650879,0.1348552703857422
11.199999809265137,11.101211547851562,-0.09878826141357422
11.199999809265137,11.21231460571289,0.012314796447753906
11.5,11.294008255004883,-0.2059917449951172
11.199999809265137,11.173102378845215,-0.026897430419921875
11.199999809265137,11.11755084991455,-0.08244895935058594
11.199999809265137,11.182905197143555,-0.01709461212158203
11.199999809265137,11.294008255004883,0.0940084457397461
11.199999809265137,11.163298606872559,-0.036701202392578125
11.100000381469727,10.96723461151123,-0.1327657699584961
11.199999809265137,11.114282608032227,-0.08571720123291016
11.100000381469727,10.963967323303223,-0.1360330581665039
11.199999809265137,10.980305671691895,-0.2196941375732422
11.199999809265137,11.352828025817871,0.15282821655273438
11.199999809265137,11.130621910095215,-0.06937789916992188
11.199999809265137,11.166566848754883,-0.033432960510253906
11.199999809265137,11.133889198303223,-0.06611061096191406
11.300000190734863,11.12735366821289,-0.17264652252197266
11.300000190734863,11.311981201171875,0.011981010437011719
11.300000190734863,11.241724967956543,-0.05827522277832031
11.300000190734863,11.114282608032227,-0.18571758270263672
11.300000190734863,11.271134376525879,-0.028865814208984375
12.699997901916504,13.95394515991211,1.2539472579956055
11.300000190734863,11.111015319824219,-0.18898487091064453
11.300000190734863,11.20251178741455,-0.0974884033203125
13.2000150680542,14.163080215454102,0.9630651473999023
11.300000190734863,11.104479789733887,-0.19552040100097656
11.300000190734863,11.111015319824219,-0.18898487091064453
11.90000057220459,11.786619186401367,-0.11338138580322266
11.90000057220459,11.958992004394531,0.058991432189941406
11.300000190734863,11.114282608032227,-0.18571758270263672
11.90000057220459,11.895271301269531,-0.004729270935058594
11.90000057220459,11.690425872802734,-0.20957469940185547
11.100000381469727,10.95743179321289,-0.14256858825683594
11.300000190734863,11.124086380004883,-0.17591381072998047
11.300000190734863,11.111015319824219,-0.18898487091064453
11.300000190734863,11.124086380004883,-0.17591381072998047
11.300000190734863,11.179637908935547,-0.1203622817993164
11.300000190734863,11.133889198303223,-0.16611099243164062
11.90000057220459,11.80908489227295,-0.09091567993164062
11.90000057220459,11.829916954040527,-0.0700836181640625
11.90000057220459,11.840537071228027,-0.0594635009765625
11.300000190734863,11.20251178741455,-0.0974884033203125
11.90000057220459,11.816437721252441,-0.08356285095214844
11.90000057220459,11.85769271850586,-0.04230785369873047
11.300000190734863,11.195976257324219,-0.10402393341064453
11.300000190734863,11.186173439025879,-0.11382675170898438
11.300000190734863,11.251527786254883,-0.04847240447998047
11.90000057220459,11.655909538269043,-0.24409103393554688
11.170580863952637,11.048928260803223,-0.12165260314941406
12.100000381469727,12.176297187805176,0.07629680633544922
10.622879028320312,9.967308044433594,-0.6555709838867188
11.40000057220459,11.228653907775879,-0.17134666442871094
11.300000190734863,11.133889198303223,-0.16611099243164062
11.300000190734863,11.602808952331543,0.3028087615966797
11.90000057220459,11.658360481262207,-0.2416400909423828
11.300000190734863,11.5913724899292,0.29137229919433594
11.300000190734863,10.983573913574219,-0.31642627716064453
11.300000190734863,11.08487319946289,-0.21512699127197266
11.100000381469727,10.983573913574219,-0.11642646789550781
11.90000057220459,11.865044593811035,-0.03495597839355469
11.90000057220459,11.92141342163086,0.02141284942626953
11.300000190734863,11.003179550170898,-0.29682064056396484
11.300000190734863,11.231921195983887,-0.06807899475097656
11.449999809265137,11.962260246276855,0.5122604370117188
11.90000057220459,11.796013832092285,-0.10398674011230469
11.300000190734863,11.153495788574219,-0.14650440216064453
12.19999885559082,11.101211547851562,-1.0987873077392578
11.300000190734863,11.097944259643555,-0.2020559310913086
11.300000190734863,11.195976257324219,-0.10402393341064453
10.798970222473145,10.20911979675293,-0.5898504257202148
11.90000057220459,11.767829895019531,-0.1321706771850586
11.300000190734863,11.383871078491211,0.08387088775634766
11.300000190734863,11.251527786254883,-0.04847240447998047
11.300000190734863,11.222118377685547,-0.0778818130493164
11.90000057220459,11.832367897033691,-0.06763267517089844
11.300000190734863,11.251527786254883,-0.04847240447998047
11.999998092651367,12.099505424499512,0.09950733184814453
11.300000190734863,11.311981201171875,0.011981010437011719
11.90000057220459,11.795197486877441,-0.10480308532714844
12.19999885559082,12.195902824401855,-0.004096031188964844
11.300000190734863,12.467124938964844,1.1671247482299805
11.300000190734863,11.218850135803223,-0.08115005493164062
12.29999828338623,12.254722595214844,-0.04527568817138672
11.199999809265137,10.941093444824219,-0.25890636444091797
11.300000190734863,11.11755084991455,-0.1824493408203125
11.40000057220459,11.385504722595215,-0.014495849609375
11.40000057220459,11.370800018310547,-0.02920055389404297
11.199999809265137,10.918218612670898,-0.2817811965942383
12.100000381469727,12.96708869934082,0.8670883178710938
11.300000190734863,11.166566848754883,-0.13343334197998047
11.40000057220459,11.432887077331543,0.032886505126953125
11.999998092651367,12.225313186645508,0.22531509399414062
11.40000057220459,11.577484130859375,0.17748355865478516
11.40000057220459,11.003179550170898,-0.3968210220336914
11.59999942779541,11.5807523727417,-0.019247055053710938
11.40000057220459,11.235189437866211,-0.1648111343383789
11.40000057220459,11.341390609741211,-0.058609962463378906
11.300000190734863,11.24499225616455,-0.0550079345703125
11.40000057220459,11.431253433227539,0.03125286102294922
11.300000190734863,11.176369667053223,-0.12363052368164062
11.5,11.305445671081543,-0.19455432891845703
11.300000190734863,11.297276496887207,-0.00272369384765625
11.40000057220459,11.494974136352539,0.09497356414794922
11.59999942779541,12.225313186645508,0.6253137588500977
11.699999809265137,11.6126127243042,-0.0873870849609375
11.300000190734863,11.378969192504883,0.07896900177001953
11.5,11.137157440185547,-0.3628425598144531
11.199999809265137,11.05219554901123,-0.14780426025390625
11.40000057220459,12.973624229431152,1.5736236572265625
11.59999942779541,11.584019660949707,-0.015979766845703125
11.5,11.146960258483887,-0.3530397415161133
13.000008583068848,11.94265365600586,-1.0573549270629883
11.90000057220459,11.563596725463867,-0.33640384674072266
11.90000057220459,12.581496238708496,0.6814956665039062
14.500117301940918,14.319931030273438,-0.18018627166748047
11.90000057220459,12.574960708618164,0.6749601364135742
11.5,9.54903793334961,-1.9509620666503906
11.90000057220459,11.566047668457031,-0.3339529037475586
11.40000057220459,10.372507095336914,-1.0274934768676758
10.300000190734863,9.993450164794922,-0.3065500259399414
12.19999885559082,11.513763427734375,-0.6862354278564453
11.5,11.981866836547852,0.48186683654785156
13.600038528442383,12.261258125305176,-1.338780403137207
12.49999713897705,11.848706245422363,-0.6512908935546875
10.100000381469727,10.032662391662598,-0.0673379898071289
11.19690990447998,10.921486854553223,-0.2754230499267578
11.100000381469727,11.039125442504883,-0.06087493896484375
11.100000381469727,10.836524963378906,-0.2634754180908203
11.100000381469727,10.84959602355957,-0.25040435791015625
11.100000381469727,11.071802139282227,-0.0281982421875
11.100000381469727,11.104479789733887,0.004479408264160156
11.59999942779541,12.150155067443848,0.5501556396484375
11.100000381469727,11.05219554901123,-0.047804832458496094
11.100000381469727,10.973770141601562,-0.12623023986816406
11.100000381469727,11.03258991241455,-0.06741046905517578
11.100000381469727,11.006447792053223,-0.0935525894165039
11.100000381469727,10.983573913574219,-0.11642646789550781
11.100000381469727,10.947628021240234,-0.1523723602294922
11.90000057220459,12.346219062805176,0.44621849060058594
11.100000381469727,10.895344734191895,-0.20465564727783203
11.100000381469727,11.012983322143555,-0.08701705932617188
11.100000381469727,10.937825202941895,-0.16217517852783203
11.100000381469727,10.944360733032227,-0.1556396484375
11.100000381469727,10.836524963378906,-0.2634754180908203
11.100000381469727,11.274401664733887,0.17440128326416016
11.100000381469727,11.078337669372559,-0.02166271209716797
11.100000381469727,10.996644020080566,-0.10335636138916016
11.100000381469727,10.99991226196289,-0.10008811950683594
11.100000381469727,10.901880264282227,-0.1981201171875
11.100000381469727,11.088141441345215,-0.011858940124511719
11.100000381469727,11.00971508026123,-0.0902853012084961
11.100000381469727,11.08487319946289,-0.015127182006835938
11.100000381469727,10.944360733032227,-0.1556396484375
11.100000381469727,10.977038383483887,-0.12296199798583984
11.40000057220459,11.143692970275879,-0.25630760192871094
11.100000381469727,11.101211547851562,0.0012111663818359375
11.100000381469727,11.035857200622559,-0.06414318084716797
11.100000381469727,10.84959602355957,-0.25040435791015625
11.100000381469727,10.941093444824219,-0.1589069366455078
11.100000381469727,11.058731079101562,-0.04126930236816406
11.100000381469727,11.111015319824219,0.011014938354492188
11.100000381469727,11.048928260803223,-0.051072120666503906
11.999998092651367,11.8887357711792,-0.11126232147216797
11.800000190734863,11.734539985656738,-0.065460205078125
11.300000190734863,10.267939567565918,-1.0320606231689453
11.699999809265137,12.143619537353516,0.4436197280883789
11.800000190734863,11.398575782775879,-0.4014244079589844
11.699999809265137,11.864228248596191,0.1642284393310547
11.699999809265137,12.20897388458252,0.5089740753173828
11.0,10.24179744720459,-0.7582025527954102
12.29999828338623,11.816437721252441,-0.48356056213378906
11.90000057220459,11.601175308227539,-0.2988252639770508
11.699999809265137,11.634669303894043,-0.06533050537109375
11.699999809265137,11.526834487915039,-0.17316532135009766
11.699999809265137,11.723970413208008,0.023970603942871094
12.39999771118164,11.856059074401855,-0.5439386367797852
11.699999809265137,12.405037879943848,0.7050380706787109
11.699999809265137,12.06029224395752,0.3602924346923828
11.699999809265137,12.182832717895508,0.4828329086303711
11.31705379486084,11.486804962158203,0.16975116729736328
12.599996566772461,11.607710838317871,-0.9922857284545898
13.100000381469727,12.718740463256836,-0.3812599182128906
11.300000190734863,11.455760955810547,0.1557607650756836
11.300000190734863,11.238456726074219,-0.06154346466064453
11.59999942779541,12.450786590576172,0.8507871627807617
11.300000190734863,11.442689895629883,0.14268970489501953
11.300000190734863,11.258063316345215,-0.04193687438964844
11.300000190734863,11.554610252380371,0.2546100616455078
11.300000190734863,11.405111312866211,0.10511112213134766
10.100000381469727,9.496753692626953,-0.6032466888427734
11.300000190734863,11.163298606872559,-0.1367015838623047
12.29999828338623,12.986695289611816,0.6866970062255859
11.300000190734863,11.261330604553223,-0.038669586181640625
11.300000190734863,11.294008255004883,-0.005991935729980469
10.702059745788574,10.320222854614258,-0.3818368911743164
11.300000190734863,11.957358360290527,0.6573581695556641
12.89999771118164,13.862447738647461,0.9624500274658203
11.300000190734863,11.267866134643555,-0.032134056091308594
10.100000381469727,9.692817687988281,-0.4071826934814453
11.90000057220459,11.290740966796875,-0.6092596054077148
11.300000190734863,11.328319549560547,0.028319358825683594
14.100000381469727,14.267646789550781,0.1676464080810547
11.300000190734863,11.392040252685547,0.0920400619506836
11.90000057220459,11.503143310546875,-0.39685726165771484
11.300000190734863,10.006521224975586,-1.2934789657592773
11.300000190734863,11.357728958129883,0.05772876739501953
11.300000190734863,11.209047317504883,-0.09095287322998047
10.702059745788574,10.182978630065918,-0.5190811157226562
11.300000190734863,11.302177429199219,0.0021772384643554688
11.300000190734863,11.08487319946289,-0.21512699127197266
11.300000190734863,11.5913724899292,0.29137229919433594
12.599996566772461,12.712204933166504,0.11220836639404297
11.300000190734863,11.048928260803223,-0.2510719299316406
11.100000381469727,11.166566848754883,0.06656646728515625
12.49999713897705,12.228580474853516,-0.27141666412353516
11.59999942779541,11.657135009765625,0.057135581970214844
11.800000190734863,11.925498008728027,0.12549781799316406
11.59999942779541,11.478635787963867,-0.12136363983154297
11.800000190734863,10.228726387023926,-1.5712738037109375
11.59999942779541,11.561963081359863,-0.038036346435546875
11.699999809265137,12.076630592346191,0.3766307830810547
11.59999942779541,11.486804962158203,-0.11319446563720703
10.100000381469727,10.516287803649902,0.4162874221801758
12.699997901916504,13.150081634521484,0.45008373260498047
10.199999809265137,9.83659839630127,-0.3634014129638672
11.59999942779541,11.503143310546875,-0.09685611724853516
11.59999942779541,11.592188835144043,-0.0078105926513671875
13.399989128112793,13.535675048828125,0.13568592071533203
11.699999809265137,11.751287460327148,0.05128765106201172
12.249999046325684,12.365825653076172,0.11582660675048828
10.100000381469727,10.516287803649902,0.4162874221801758
11.59999942779541,11.736581802368164,0.1365823745727539
10.5,10.078411102294922,-0.4215888977050781
11.59999942779541,11.5913724899292,-0.008626937866210938
11.59999942779541,11.755167007446289,0.1551675796508789
11.699999809265137,11.827466011047363,0.12746620178222656
11.59999942779541,11.540721893310547,-0.05927753448486328
11.100000381469727,10.091482162475586,-1.0085182189941406
12.19999885559082,12.179564476013184,-0.02043437957763672
11.59999942779541,11.856059074401855,0.2560596466064453
12.49999713897705,11.919779777526855,-0.5802173614501953
11.800000190734863,12.068461418151855,0.2684612274169922
11.199999809265137,11.284205436706543,0.08420562744140625
11.5,11.485170364379883,-0.014829635620117188
11.5,12.6468505859375,1.1468505859375
13.000008583068848,13.561816215515137,0.5618076324462891
11.199999809265137,11.983500480651855,0.7835006713867188
11.199999809265137,11.091408729553223,-0.10859107971191406
11.199999809265137,11.173102378845215,-0.026897430419921875
11.199999809265137,11.179637908935547,-0.020361900329589844
11.199999809265137,11.454127311706543,0.25412750244140625
11.199999809265137,11.382237434387207,0.1822376251220703
11.199999809265137,11.225385665893555,0.02538585662841797
11.199999809265137,11.258063316345215,0.058063507080078125
11.199999809265137,11.215582847595215,0.015583038330078125
11.59999942779541,11.143692970275879,-0.45630645751953125
10.300000190734863,10.091482162475586,-0.20851802825927734
11.199999809265137,11.231921195983887,0.03192138671875
11.199999809265137,10.983573913574219,-0.21642589569091797
11.199999809265137,11.176369667053223,-0.023630142211914062
11.199999809265137,11.081605911254883,-0.1183938980102539
11.5,11.590555191040039,0.09055519104003906
11.199999809265137,11.241724967956543,0.04172515869140625
11.5,11.542356491088867,0.04235649108886719
11.199999809265137,11.176369667053223,-0.023630142211914062
11.199999809265137,11.182905197143555,-0.01709461212158203
11.199999809265137,11.334855079650879,0.1348552703857422
11.199999809265137,11.140424728393555,-0.05957508087158203
11.199999809265137,11.088141441345215,-0.11185836791992188
11.800000190734863,13.045514106750488,1.245513916015625
11.5,11.834001541137695,0.3340015411376953
11.199999809265137,11.24499225616455,0.04499244689941406
11.199999809265137,11.238456726074219,0.03845691680908203
10.100000381469727,9.83659839630127,-0.26340198516845703
11.5,11.473733901977539,-0.026266098022460938
11.59999942779541,11.25479507446289,-0.34520435333251953
13.2000150680542,14.228434562683105,1.0284194946289062
11.199999809265137,11.068534851074219,-0.13146495819091797
11.199999809265137,11.251527786254883,0.051527976989746094
11.999998092651367,11.75169563293457,-0.24830245971679688
11.199999809265137,11.029321670532227,-0.17067813873291016
11.199999809265137,11.294008255004883,0.0940084457397461
10.401029586791992,9.83659839630127,-0.5644311904907227
11.199999809265137,11.114282608032227,-0.08571720123291016
11.100000381469727,10.970502853393555,-0.12949752807617188
11.199999809265137,11.114282608032227,-0.08571720123291016
11.199999809265137,11.341390609741211,0.14139080047607422
11.90000057220459,11.978598594665527,0.0785980224609375
11.199999809265137,11.143692970275879,-0.05630683898925781
11.199999809265137,11.05219554901123,-0.14780426025390625
10.199999809265137,9.849669456481934,-0.3503303527832031
11.199999809265137,10.99991226196289,-0.2000875473022461
11.5,11.614246368408203,0.11424636840820312
11.5,12.372361183166504,0.8723611831665039
10.600000381469727,10.431325912475586,-0.16867446899414062
11.90000057220459,11.467198371887207,-0.4328022003173828
11.999998092651367,12.372361183166504,0.3723630905151367
11.90000057220459,11.613429069519043,-0.2865715026855469
12.49999713897705,12.169761657714844,-0.33023548126220703
10.300000190734863,10.10455322265625,-0.19544696807861328
10.300000190734863,9.980379104614258,-0.31962108612060547
11.90000057220459,11.781718254089355,-0.11828231811523438
11.90000057220459,11.569314956665039,-0.3306856155395508
11.90000057220459,11.708295822143555,-0.19170475006103516
11.40000057220459,11.494974136352539,0.09497356414794922
13.399989128112793,12.973624229431152,-0.4263648986816406
13.399989128112793,13.601029396057129,0.20104026794433594
11.90000057220459,11.754554748535156,-0.1454458236694336
12.39999771118164,12.339683532714844,-0.060314178466796875
11.90000057220459,11.918146133422852,0.01814556121826172
11.497940063476562,11.528468132019043,0.03052806854248047
11.300000190734863,11.426351547241211,0.12635135650634766
10.300000190734863,9.875811576843262,-0.42418861389160156
11.90000057220459,11.483536720275879,-0.41646385192871094
11.90000057220459,11.652642250061035,-0.2473583221435547
11.90000057220459,11.70390510559082,-0.19609546661376953
12.19999885559082,12.67952823638916,0.47952938079833984
11.359637260437012,11.541539192199707,0.1819019317626953
13.100000381469727,14.685916900634766,1.585916519165039
11.5,11.753737449645996,0.2537374496459961
12.89999771118164,13.862447738647461,0.9624500274658203
11.90000057220459,11.717180252075195,-0.18282032012939453
11.90000057220459,12.182832717895508,0.28283214569091797
11.798970222473145,10.379042625427246,-1.4199275970458984
11.5,10.666603088378906,-0.8333969116210938
14.923909187316895,15.483244895935059,0.5593357086181641
15.279458045959473,13.4049654006958,-1.8744926452636719
12.39999771118164,11.838903427124023,-0.5610942840576172
11.90000057220459,11.998205184936523,0.0982046127319336
11.90000057220459,12.320076942443848,0.4200763702392578
11.5,11.622823715209961,0.12282371520996094
14.500117301940918,14.555208206176758,0.055090904235839844
12.29999828338623,11.725605010986328,-0.5743932723999023
11.90000057220459,11.635486602783203,-0.2645139694213867
11.5,11.8568754196167,0.3568754196166992
13.500007629394531,13.444177627563477,-0.05583000183105469
13.399989128112793,13.267720222473145,-0.13226890563964844
11.90000057220459,12.120745658874512,0.22074508666992188
12.39999771118164,13.431106567382812,1.0311088562011719
11.90000057220459,11.726472854614258,-0.17352771759033203
12.108774185180664,12.67952823638916,0.5707540512084961
11.192051887512207,10.07187557220459,-1.1201763153076172
11.100000381469727,10.977038383483887,-0.12296199798583984
10.100000381469727,9.745101928710938,-0.35489845275878906
11.300000190734863,11.318516731262207,0.01851654052734375
12.799991607666016,12.855985641479492,0.05599403381347656
11.100000381469727,11.561145782470703,0.46114540100097656
11.5,11.104479789733887,-0.3955202102661133
11.100000381469727,11.00971508026123,-0.0902853012084961
11.300000190734863,11.068534851074219,-0.23146533966064453
11.100000381469727,10.869202613830566,-0.23079776763916016
11.100000381469727,11.081605911254883,-0.01839447021484375
11.40000057220459,11.581568717956543,0.18156814575195312
11.300000190734863,11.767829895019531,0.46782970428466797
11.199999809265137,11.029321670532227,-0.17067813873291016
13.299970626831055,12.718740463256836,-0.5812301635742188
11.100000381469727,10.977038383483887,-0.12296199798583984
11.100000381469727,11.04239273071289,-0.05760765075683594
11.100000381469727,10.99991226196289,-0.10008811950683594
11.300000190734863,11.182905197143555,-0.1170949935913086
11.300000190734863,11.081605911254883,-0.21839427947998047
11.300000190734863,11.228653907775879,-0.07134628295898438
11.300000190734863,11.192708969116211,-0.10729122161865234
11.100000381469727,11.045660018920898,-0.054340362548828125
11.100000381469727,12.13381576538086,1.0338153839111328
11.100000381469727,10.898612022399902,-0.20138835906982422
13.2000150680542,12.653386116027832,-0.5466289520263672
12.100000381469727,12.104406356811523,0.004405975341796875
11.917398452758789,11.331586837768555,-0.5858116149902344
11.100000381469727,11.960626602172852,0.860626220703125
11.100000381469727,11.035857200622559,-0.06414318084716797
11.5,11.21231460571289,-0.2876853942871094
13.000008583068848,12.875592231750488,-0.12441635131835938
11.5,11.743322372436523,0.24332237243652344
11.1181058883667,10.947628021240234,-0.17047786712646484
11.40000057220459,11.488438606262207,0.08843803405761719
11.300000190734863,11.094676971435547,-0.2053232192993164
12.19999885559082,13.078191757202148,0.8781929016113281
11.300000190734863,11.16003131866455,-0.1399688720703125
11.59999942779541,11.7177734375,0.11777400970458984
11.100000381469727,11.048928260803223,-0.051072120666503906
14.100000381469727,13.431106567382812,-0.6688938140869141
11.800000190734863,11.480269432067871,-0.3197307586669922
12.19999885559082,12.205706596374512,0.005707740783691406
11.300000190734863,11.209047317504883,-0.09095287322998047
11.300000190734863,11.403477668762207,0.10347747802734375
11.100000381469727,11.290740966796875,0.19074058532714844
11.100000381469727,11.114282608032227,0.0142822265625
11.59999942779541,11.228653907775879,-0.37134552001953125
12.19999885559082,11.643655776977539,-0.5563430786132812
11.798970222473145,11.385504722595215,-0.4134654998779297
11.100000381469727,11.101211547851562,0.0012111663818359375
11.100000381469727,10.490145683288574,-0.6098546981811523
12.699997901916504,13.038978576660156,0.33898067474365234
11.100000381469727,11.143692970275879,0.043692588806152344
11.300000190734863,11.111015319824219,-0.18898487091064453
11.100000381469727,11.339756965637207,0.23975658416748047
11.100000381469727,11.019518852233887,-0.08048152923583984
11.699999809265137,11.734335899353027,0.034336090087890625
11.40000057220459,12.182832717895508,0.782832145690918
11.90000057220459,11.568497657775879,-0.33150291442871094
12.19999885559082,11.111015319824219,-1.0889835357666016
11.59999942779541,11.058731079101562,-0.5412683486938477
11.100000381469727,11.016250610351562,-0.08374977111816406
11.300000190734863,11.179637908935547,-0.1203622817993164
11.100000381469727,10.983573913574219,-0.11642646789550781
11.128995895385742,11.022786140441895,-0.10620975494384766
11.40000057220459,11.343024253845215,-0.056976318359375
11.40000057220459,11.267866134643555,-0.13213443756103516
11.40000057220459,11.251527786254883,-0.14847278594970703
11.40000057220459,11.310346603393555,-0.08965396881103516
12.100000381469727,12.310274124145508,0.21027374267578125
11.40000057220459,11.071802139282227,-0.3281984329223633
11.40000057220459,11.294008255004883,-0.10599231719970703
11.40000057220459,11.28747272491455,-0.11252784729003906
11.40000057220459,11.16003131866455,-0.23996925354003906
11.699999809265137,12.205706596374512,0.505706787109375
11.40000057220459,11.209047317504883,-0.19095325469970703
11.40000057220459,11.277669906616211,-0.1223306655883789
11.800000190734863,11.621190071105957,-0.17881011962890625
11.40000057220459,11.305445671081543,-0.09455490112304688
11.40000057220459,11.218850135803223,-0.1811504364013672
11.40000057220459,11.130621910095215,-0.269378662109375
11.40000057220459,11.344657897949219,-0.055342674255371094
11.90000057220459,11.798872947692871,-0.10112762451171875
11.40000057220459,11.225385665893555,-0.17461490631103516
11.40000057220459,11.447591781616211,0.047591209411621094
11.40000057220459,11.437788963317871,0.03778839111328125
11.40000057220459,11.509678840637207,0.10967826843261719
11.40000057220459,11.544807434082031,0.1448068618774414
11.40000057220459,11.357728958129883,-0.04227161407470703
11.90000057220459,11.477001190185547,-0.42299938201904297
12.699997901916504,12.12401294708252,-0.5759849548339844
11.40000057220459,11.048928260803223,-0.3510723114013672
11.40000057220459,11.411646842956543,0.011646270751953125
12.359378814697266,11.936118125915527,-0.4232606887817383
11.40000057220459,11.918146133422852,0.5181455612182617
11.59999942779541,11.741687774658203,0.14168834686279297
12.799991607666016,11.483536720275879,-1.3164548873901367
11.5,11.444324493408203,-0.055675506591796875
11.59999942779541,11.641204833984375,0.041205406188964844
11.5,11.504776954650879,0.004776954650878906
12.39999771118164,13.431106567382812,1.0311088562011719
12.89999771118164,12.414841651916504,-0.4851560592651367
11.5,11.635894775390625,0.135894775390625
11.5,11.277669906616211,-0.22233009338378906
11.5,11.284205436706543,-0.21579456329345703
11.699999809265137,11.774365425109863,0.07436561584472656
12.49999713897705,12.329880714416504,-0.17011642456054688
11.5,11.388772964477539,-0.11122703552246094
11.5,12.35929012298584,0.8592901229858398
11.5,11.294008255004883,-0.2059917449951172
13.299970626831055,14.058511734008789,0.7585411071777344
11.5,11.71317195892334,0.21317195892333984
13.500007629394531,13.163152694702148,-0.3368549346923828
11.5,11.209047317504883,-0.2909526824951172
11.59999942779541,11.339756965637207,-0.2602424621582031
12.89999771118164,13.744810104370117,0.8448123931884766
11.5,11.566864013671875,0.066864013671875
11.5,11.564413070678711,0.06441307067871094
11.999998092651367,12.84945011138916,0.849452018737793
12.39999771118164,12.93441104888916,0.5344133377075195
11.5,11.747406959533691,0.2474069595336914
11.5,11.264598846435547,-0.23540115356445312
13.2000150680542,13.163152694702148,-0.03686237335205078
11.5,11.333221435546875,-0.166778564453125
12.39999771118164,11.84707260131836,-0.5529251098632812
11.800000190734863,11.396942138671875,-0.4030580520629883
11.199999809265137,11.081605911254883,-0.1183938980102539
11.800000190734863,11.70666217803955,-0.0933380126953125
11.199999809265137,11.143692970275879,-0.05630683898925781
13.2000150680542,13.293862342834473,0.09384727478027344
12.599996566772461,12.431180000305176,-0.16881656646728516
11.199999809265137,11.209047317504883,0.009047508239746094
11.199999809265137,11.114282608032227,-0.08571720123291016
13.100000381469727,13.300397872924805,0.20039749145507812
10.622879028320312,10.47707462310791,-0.14580440521240234
11.5,11.360997200012207,-0.13900279998779297
11.199999809265137,11.029321670532227,-0.17067813873291016
11.199999809265137,11.107747077941895,-0.09225273132324219
11.699999809265137,11.658360481262207,-0.04163932800292969
12.29999828338623,12.437715530395508,0.13771724700927734
12.799991607666016,11.501509666442871,-1.2984819412231445
11.199999809265137,10.908415794372559,-0.2915840148925781
11.199999809265137,12.303738594055176,1.103738784790039
13.899971008300781,13.548745155334473,-0.3512258529663086
11.199999809265137,11.25479507446289,0.054795265197753906
11.199999809265137,11.03258991241455,-0.16740989685058594
13.600038528442383,13.967015266418457,0.3669767379760742
11.199999809265137,11.357728958129883,0.1577291488647461
11.199999809265137,11.439422607421875,0.23942279815673828
11.999998092651367,11.271134376525879,-0.7288637161254883
11.199999809265137,11.186173439025879,-0.013826370239257812
12.29999828338623,12.372361183166504,0.07236289978027344
10.622879028320312,10.333293914794922,-0.2895851135253906
11.199999809265137,11.150228500366211,-0.04977130889892578
13.2000150680542,13.418036460876465,0.21802139282226562
11.199999809265137,11.290740966796875,0.09074115753173828
11.199999809265137,11.146960258483887,-0.05303955078125
11.199999809265137,11.114282608032227,-0.08571720123291016
11.199999809265137,10.96723461151123,-0.23276519775390625
11.100000381469727,11.07507038116455,-0.02493000030517578
11.699999809265137,11.261330604553223,-0.43866920471191406
11.199999809265137,11.723562240600586,0.5235624313354492
11.199999809265137,11.094676971435547,-0.10532283782958984
11.199999809265137,11.179637908935547,-0.020361900329589844
11.199999809265137,11.557061195373535,0.35706138610839844
11.59999942779541,11.599541664123535,-0.000457763671875
11.199999809265137,11.271134376525879,0.07113456726074219
13.100000381469727,12.940946578979492,-0.15905380249023438
11.59999942779541,12.248187065124512,0.6481876373291016
11.199999809265137,11.03258991241455,-0.16740989685058594
13.399989128112793,13.509532928466797,0.1095438003540039
11.999998092651367,12.790631294250488,0.7906332015991211
11.199999809265137,11.156763076782227,-0.043236732482910156
11.199999809265137,11.156763076782227,-0.043236732482910156
14.200179100036621,14.306859970092773,0.10668087005615234
11.199999809265137,11.225385665893555,0.02538585662841797
11.199999809265137,11.11755084991455,-0.08244895935058594
11.699999809265137,11.356095314025879,-0.3439044952392578
11.999998092651367,11.114282608032227,-0.8857154846191406
11.199999809265137,11.061999320983887,-0.13800048828125
11.699999809265137,11.367532730102539,-0.33246707916259766
10.100000381469727,9.810456275939941,-0.28954410552978516
11.199999809265137,11.30871295928955,0.10871315002441406
11.199999809265137,11.078337669372559,-0.12166213989257812
11.199999809265137,11.321784019470215,0.12178421020507812
11.199999809265137,11.199243545532227,-0.0007562637329101562
11.199999809265137,11.35119342803955,0.15119361877441406
10.622879028320312,11.794380187988281,1.1715011596679688
12.49999713897705,12.23184871673584,-0.26814842224121094
12.485102653503418,13.143546104431152,0.6584434509277344
10.622879028320312,9.66667652130127,-0.956202507019043
10.100000381469727,11.416548728942871,1.3165483474731445
11.40000057220459,11.261330604553223,-0.1386699676513672
12.29999828338623,11.717000961303711,-0.5829973220825195
11.100000381469727,10.980305671691895,-0.11969470977783203
12.870326042175293,13.496461868286133,0.6261358261108398
11.999998092651367,11.848706245422363,-0.1512918472290039
10.399999618530273,10.39211368560791,-0.007885932922363281
11.5,11.462296485900879,-0.037703514099121094
11.300000190734863,11.467198371887207,0.16719818115234375
13.000008583068848,13.391894340515137,0.39188575744628906
11.40000057220459,11.958992004394531,0.5589914321899414
11.59999942779541,11.434520721435547,-0.16547870635986328
12.799991607666016,13.849376678466797,1.0493850708007812
11.300000190734863,11.199243545532227,-0.10075664520263672
14.100000381469727,14.045440673828125,-0.05455970764160156
11.5,11.467198371887207,-0.03280162811279297
11.5,11.514580726623535,0.014580726623535156
12.89999771118164,11.491705894470215,-1.4082918167114258
11.999998092651367,12.52921199798584,0.5292139053344727
11.581485748291016,11.504776954650879,-0.07670879364013672
11.401029586791992,11.303812026977539,-0.09721755981445312
11.90000057220459,12.99976634979248,1.0997657775878906
11.90000057220459,11.427985191345215,-0.472015380859375
11.300000190734863,11.179637908935547,-0.1203622817993164
11.5,11.383871078491211,-0.11612892150878906
12.39999771118164,11.294008255004883,-1.1059894561767578
11.59999942779541,11.25479507446289,-0.34520435333251953
11.5,11.513763427734375,0.013763427734375
11.300000190734863,11.522749900817871,0.2227497100830078
13.000008583068848,12.993230819702148,-0.006777763366699219
11.800000190734863,11.21231460571289,-0.5876855850219727
13.568521499633789,10.601248741149902,-2.9672727584838867
11.300000190734863,11.114282608032227,-0.18571758270263672
12.821246147155762,13.614100456237793,0.7928543090820312
11.800000190734863,12.009642601013184,0.2096424102783203
11.999998092651367,12.633779525756836,0.6337814331054688
11.90000057220459,13.065120697021484,1.1651201248168945
11.100000381469727,10.944360733032227,-0.1556396484375
11.40000057220459,11.277669906616211,-0.1223306655883789
11.90000057220459,11.28747272491455,-0.6125278472900391
11.5,11.792746543884277,0.29274654388427734
12.699997901916504,11.539088249206543,-1.160909652709961
11.300000190734863,11.146960258483887,-0.15303993225097656
11.699999809265137,12.437715530395508,0.7377157211303711
13.600038528442383,14.12386703491211,0.5238285064697266
11.800000190734863,11.258063316345215,-0.5419368743896484
11.5,11.300543785095215,-0.19945621490478516
11.5,11.510496139526367,0.010496139526367188
12.599996566772461,12.84945011138916,0.24945354461669922
11.59999942779541,11.637937545776367,0.03793811798095703
11.90000057220459,12.408306121826172,0.508305549621582
12.89999771118164,12.692599296569824,-0.2073984146118164
11.300000190734863,11.048928260803223,-0.2510719299316406
11.300000190734863,11.318516731262207,0.01851654052734375
12.19999885559082,12.7318115234375,0.5318126678466797
11.59999942779541,11.603626251220703,0.0036268234252929688
11.300000190734863,11.493340492248535,0.19334030151367188
10.401029586791992,10.24179744720459,-0.15923213958740234
11.300000190734863,11.326685905456543,0.026685714721679688
13.100000381469727,12.901734352111816,-0.19826602935791016
11.119999885559082,11.081605911254883,-0.03839397430419922
11.300000190734863,11.24499225616455,-0.0550079345703125
11.90000057220459,11.606893539428711,-0.2931070327758789
11.300000190734863,11.567681312561035,0.2676811218261719
11.59999942779541,11.762723922729492,0.16272449493408203
11.300000190734863,11.218850135803223,-0.08115005493164062
11.300000190734863,11.228653907775879,-0.07134628295898438
11.300000190734863,11.078337669372559,-0.2216625213623047
11.699999809265137,11.960626602172852,0.26062679290771484
12.344124794006348,12.836379051208496,0.49225425720214844
11.300000190734863,11.163298606872559,-0.1367015838623047
11.300000190734863,11.406744956970215,0.10674476623535156
11.90000057220459,12.228580474853516,0.3285799026489258
10.100000381469727,9.901952743530273,-0.19804763793945312
11.5,11.439422607421875,-0.060577392578125
11.5,11.300543785095215,-0.19945621490478516
11.5,11.442689895629883,-0.05731010437011719
11.5,11.5064115524292,0.006411552429199219
11.800000190734863,11.841354370117188,0.04135417938232422
11.5,11.434520721435547,-0.06547927856445312
11.5,11.625683784484863,0.12568378448486328
11.5,11.472100257873535,-0.027899742126464844
13.000008583068848,12.042319297790527,-0.9576892852783203
11.5,11.470465660095215,-0.029534339904785156
11.90000057220459,13.156617164611816,1.2566165924072266
11.5,11.5807523727417,0.08075237274169922
11.800000190734863,11.432887077331543,-0.3671131134033203
11.800000190734863,13.110869407653809,1.3108692169189453
11.5,11.584019660949707,0.08401966094970703
11.199999809265137,11.006447792053223,-0.19355201721191406
14.0098237991333,14.372215270996094,0.36239147186279297
11.5,11.490072250366211,-0.009927749633789062
12.29999828338623,13.13701057434082,0.8370122909545898
11.5,11.585653305053711,0.08565330505371094
11.5,11.454127311706543,-0.04587268829345703
11.5,11.641613960266113,0.14161396026611328
11.5,11.315248489379883,-0.1847515106201172
11.5,11.251527786254883,-0.2484722137451172
11.5,11.311981201171875,-0.188018798828125
11.999998092651367,12.00637435913086,0.0063762664794921875
11.5,11.442689895629883,-0.05731010437011719
11.100000381469727,10.823454856872559,-0.27654552459716797
11.100000381469727,10.751564025878906,-0.3484363555908203
11.5,11.893637657165527,0.39363765716552734
11.5,11.462296485900879,-0.037703514099121094
11.5,11.392040252685547,-0.10795974731445312
11.5,11.647740364074707,0.14774036407470703
11.5,10.970502853393555,-0.5294971466064453
11.5,11.403477668762207,-0.09652233123779297
12.49999713897705,12.146886825561523,-0.35311031341552734
11.5,11.501509666442871,0.0015096664428710938
11.5,11.455760955810547,-0.044239044189453125
11.5,11.512946128845215,0.012946128845214844
11.5,11.426351547241211,-0.07364845275878906
11.5,11.261330604553223,-0.23866939544677734
12.137921333312988,12.086434364318848,-0.051486968994140625
11.5,11.392040252685547,-0.10795974731445312
11.5,12.043953895568848,0.5439538955688477
13.999974250793457,13.862447738647461,-0.1375265121459961
11.5,11.432887077331543,-0.06711292266845703
11.5,11.535820960998535,0.035820960998535156
11.5,11.390406608581543,-0.10959339141845703
11.5,11.652234077453613,0.15223407745361328
11.59999942779541,11.437788963317871,-0.16221046447753906
11.59999942779541,11.37243366241455,-0.22756576538085938
11.59999942779541,11.633444786071777,0.03344535827636719
13.737936973571777,14.17615032196045,0.4382133483886719
11.59999942779541,11.432887077331543,-0.1671123504638672
13.299970626831055,13.378823280334473,0.07885265350341797
11.5,11.668980598449707,0.16898059844970703
11.40000057220459,11.478635787963867,0.07863521575927734
11.100000381469727,10.993376731872559,-0.10662364959716797
12.100000381469727,11.343024253845215,-0.7569761276245117
11.59999942779541,12.52921199798584,0.9292125701904297
11.100000381469727,11.441056251525879,0.34105587005615234
11.100000381469727,10.705816268920898,-0.3941841125488281
13.2000150680542,13.359216690063477,0.15920162200927734
11.699999809265137,11.504776954650879,-0.1952228546142578
11.59999942779541,11.481903076171875,-0.11809635162353516
11.100000381469727,11.12735366821289,0.027353286743164062
11.800000190734863,11.75087833404541,-0.049121856689453125
11.100000381469727,10.973770141601562,-0.12623023986816406
11.100000381469727,11.012983322143555,-0.08701705932617188
11.100000381469727,10.751564025878906,-0.3484363555908203
11.40000057220459,11.374068260192871,-0.02593231201171875
11.59999942779541,11.537454605102539,-0.0625448226928711
11.100000381469727,11.294008255004883,0.19400787353515625
11.59999942779541,12.106040954589844,0.5060415267944336
12.699997901916504,11.642022132873535,-1.0579757690429688
11.100000381469727,10.941093444824219,-0.1589069366455078
11.40000057220459,11.326685905456543,-0.07331466674804688
11.40000057220459,11.228653907775879,-0.17134666442871094
11.100000381469727,10.76463508605957,-0.33536529541015625
11.100000381469727,11.385504722595215,0.2855043411254883
12.29999828338623,11.655909538269043,-0.6440887451171875
11.100000381469727,10.934557914733887,-0.16544246673583984
14.162118911743164,14.712059020996094,0.5499401092529297
11.59999942779541,11.511312484741211,-0.08868694305419922
11.40000057220459,11.532552719116211,0.1325521469116211
11.59999942779541,11.530101776123047,-0.06989765167236328
11.59999942779541,11.701250076293945,0.10125064849853516
12.29999828338623,11.970429420471191,-0.32956886291503906
11.59999942779541,11.657135009765625,0.057135581970214844
11.100000381469727,11.199243545532227,0.0992431640625
11.59999942779541,11.525200843811035,-0.074798583984375
11.40000057220459,9.901952743530273,-1.4980478286743164
12.699997901916504,13.012836456298828,0.3128385543823242
11.800000190734863,11.866679191589355,0.06667900085449219
11.5,12.222044944763184,0.7220449447631836
11.100000381469727,11.081605911254883,-0.01839447021484375
11.59999942779541,11.544807434082031,-0.055191993713378906
11.100000381469727,10.950896263122559,-0.14910411834716797
11.5,12.13545036315918,0.6354503631591797
11.100000381469727,10.96723461151123,-0.1327657699584961
11.100000381469727,11.124086380004883,0.02408599853515625
11.59999942779541,12.173028945922852,0.5730295181274414
11.100000381469727,10.937825202941895,-0.16217517852783203
12.699997901916504,13.705596923828125,1.005599021911621
11.699999809265137,12.143619537353516,0.4436197280883789
12.699997901916504,13.058585166931152,0.35858726501464844
11.100000381469727,11.114282608032227,0.0142822265625
12.100000381469727,12.810237884521484,0.7102375030517578
12.699997901916504,12.333148002624512,-0.3668498992919922
11.100000381469727,10.901880264282227,-0.1981201171875
11.59999942779541,11.481903076171875,-0.11809635162353516
11.100000381469727,11.026054382324219,-0.07394599914550781
11.100000381469727,10.960699081420898,-0.13930130004882812
11.40000057220459,11.267866134643555,-0.13213443756103516
11.100000381469727,11.012983322143555,-0.08701705932617188
11.199999809265137,11.657952308654785,0.45795249938964844
11.59999942779541,11.628133773803711,0.02813434600830078
14.700325965881348,14.254575729370117,-0.44575023651123047
11.59999942779541,11.660811424255371,0.06081199645996094
11.100000381469727,10.95743179321289,-0.14256858825683594
11.59999942779541,11.592188835144043,-0.0078105926513671875
11.59999942779541,11.822155952453613,0.22215652465820312
11.100000381469727,11.00971508026123,-0.0902853012084961
11.100000381469727,11.029321670532227,-0.0706787109375
11.59999942779541,11.515397071838379,-0.08460235595703125
11.5,11.465564727783203,-0.034435272216796875
11.59999942779541,11.517848014831543,-0.08215141296386719
10.622879028320312,10.084946632385254,-0.5379323959350586
12.261151313781738,12.13381576538086,-0.1273355484008789
11.100000381469727,11.045660018920898,-0.054340362548828125
10.581485748291016,10.228726387023926,-0.35275936126708984
11.100000381469727,11.081605911254883,-0.01839447021484375
11.52021598815918,11.609344482421875,0.08912849426269531
11.52021598815918,11.768442153930664,0.24822616577148438
11.100000381469727,11.035857200622559,-0.06414318084716797
11.100000381469727,10.911683082580566,-0.18831729888916016
10.5,10.254868507385254,-0.2451314926147461
11.100000381469727,11.258063316345215,0.15806293487548828
12.799991607666016,13.535675048828125,0.7356834411621094
11.100000381469727,10.918218612670898,-0.18178176879882812
11.59999942779541,12.043953895568848,0.4439544677734375
11.100000381469727,11.048928260803223,-0.051072120666503906
11.100000381469727,10.816919326782227,-0.2830810546875
12.100000381469727,12.725275993347168,0.6252756118774414
11.59999942779541,11.388772964477539,-0.2112264633178711
11.40000057220459,11.805000305175781,0.4049997329711914
11.100000381469727,11.039125442504883,-0.06087493896484375
11.300000190734863,11.140424728393555,-0.1595754623413086
12.19999885559082,12.254722595214844,0.05472373962402344
12.49999713897705,13.418036460876465,0.9180393218994141
11.100000381469727,10.937825202941895,-0.16217517852783203
11.100000381469727,11.25479507446289,0.15479469299316406
11.300000190734863,11.039125442504883,-0.26087474822998047
13.2000150680542,13.038978576660156,-0.16103649139404297
11.59999942779541,11.823381423950195,0.22338199615478516
11.40000057220459,11.039125442504883,-0.36087512969970703
11.100000381469727,10.843060493469238,-0.2569398880004883
11.100000381469727,11.303812026977539,0.2038116455078125
11.100000381469727,11.097944259643555,-0.002056121826171875
11.100000381469727,10.705816268920898,-0.3941841125488281
11.100000381469727,10.99991226196289,-0.10008811950683594
11.100000381469727,11.447591781616211,0.3475914001464844
11.199999809265137,11.238456726074219,0.03845691680908203
11.1181058883667,10.970502853393555,-0.14760303497314453
11.100000381469727,10.816919326782227,-0.2830810546875
11.100000381469727,11.261330604553223,0.1613302230834961
11.100000381469727,11.189440727233887,0.08944034576416016
11.90000057220459,11.045660018920898,-0.8543405532836914
11.100000381469727,10.941093444824219,-0.1589069366455078
11.100000381469727,10.918218612670898,-0.18178176879882812
11.100000381469727,10.905147552490234,-0.1948528289794922
11.59999942779541,11.736786842346191,0.13678741455078125
11.59999942779541,11.225385665893555,-0.37461376190185547
11.300000190734863,11.035857200622559,-0.2641429901123047
11.100000381469727,11.124086380004883,0.02408599853515625
11.100000381469727,11.339756965637207,0.23975658416748047
11.100000381469727,10.836524963378906,-0.2634754180908203
11.100000381469727,11.006447792053223,-0.0935525894165039
11.100000381469727,11.163298606872559,0.06329822540283203
11.100000381469727,11.006447792053223,-0.0935525894165039
11.59999942779541,11.90099048614502,0.3009910583496094
11.999998092651367,12.23184871673584,0.23185062408447266
11.100000381469727,11.00971508026123,-0.0902853012084961
11.100000381469727,11.081605911254883,-0.01839447021484375
11.999998092651367,11.176369667053223,-0.8236284255981445
11.100000381469727,11.107747077941895,0.007746696472167969
11.100000381469727,11.071802139282227,-0.0281982421875
11.100000381469727,11.097944259643555,-0.002056121826171875
11.300000190734863,11.218850135803223,-0.08115005493164062
11.800000190734863,12.659921646118164,0.8599214553833008
11.300000190734863,11.130621910095215,-0.16937828063964844
11.699999809265137,11.228653907775879,-0.4713459014892578
11.300000190734863,11.137157440185547,-0.1628427505493164
11.300000190734863,11.274401664733887,-0.025598526000976562
11.300000190734863,11.078337669372559,-0.2216625213623047
11.300000190734863,11.114282608032227,-0.18571758270263672
12.100000381469727,12.427912712097168,0.3279123306274414
11.999998092651367,12.986695289611816,0.9866971969604492
11.300000190734863,11.235189437866211,-0.06481075286865234
11.300000190734863,11.478635787963867,0.1786355972290039
11.300000190734863,11.35119342803955,0.0511932373046875
11.300000190734863,11.176369667053223,-0.12363052368164062
11.300000190734863,11.058731079101562,-0.24126911163330078
11.300000190734863,11.274401664733887,-0.025598526000976562
11.59999942779541,12.4769287109375,0.8769292831420898
11.300000190734863,11.140424728393555,-0.1595754623413086
11.300000190734863,11.24499225616455,-0.0550079345703125
12.882515907287598,13.810164451599121,0.9276485443115234
11.100000381469727,10.751564025878906,-0.3484363555908203
10.622879028320312,10.300617218017578,-0.3222618103027344
12.668636322021484,12.29393482208252,-0.37470149993896484
10.622879028320312,11.427985191345215,0.8051061630249023
11.699999809265137,11.11755084991455,-0.5824489593505859
11.699999809265137,11.669185638427734,-0.030814170837402344
11.699999809265137,11.728872299194336,0.02887248992919922
11.699999809265137,11.723638534545898,0.02363872528076172
11.699999809265137,11.740769386291504,0.04076957702636719
11.699999809265137,12.169761657714844,0.46976184844970703
11.699999809265137,11.630993843078613,-0.06900596618652344
11.699999809265137,11.601175308227539,-0.09882450103759766
11.699999809265137,11.738930702209473,0.03893089294433594
11.699999809265137,11.642839431762695,-0.057160377502441406
11.699999809265137,11.686136245727539,-0.013863563537597656
11.699999809265137,11.679600715637207,-0.020399093627929688
10.401029586791992,10.032662391662598,-0.36836719512939453
11.699999809265137,11.608528137207031,-0.09147167205810547
11.699999809265137,11.807451248168945,0.1074514389038086
11.699999809265137,11.800915718078613,0.10091590881347656
11.699999809265137,11.700738906860352,0.0007390975952148438
11.699999809265137,11.779675483703613,0.07967567443847656
11.699999809265137,11.720141410827637,0.0201416015625
11.699999809265137,11.704721450805664,0.004721641540527344
11.699999809265137,11.87975025177002,0.1797504425048828
11.699999809265137,11.679396629333496,-0.020603179931640625
11.699999809265137,11.720549583435059,0.020549774169921875
11.40000057220459,11.613429069519043,0.21342849731445312
11.40000057220459,11.143692970275879,-0.25630760192871094
11.999998092651367,11.639979362487793,-0.3600187301635742
11.40000057220459,11.491705894470215,0.091705322265625
11.999998092651367,12.12401294708252,0.12401485443115234
11.600000381469727,11.729127883911133,0.12912750244140625
11.59999942779541,11.352828025817871,-0.24717140197753906
11.999998092651367,11.712559700012207,-0.28743839263916016
11.5,11.455760955810547,-0.044239044189453125
11.40000057220459,11.258063316345215,-0.141937255859375
11.999998092651367,11.516214370727539,-0.4837837219238281
11.40000057220459,11.28747272491455,-0.11252784729003906
11.999998092651367,12.130548477172852,0.13055038452148438
12.599996566772461,11.680418014526367,-0.9195785522460938
11.699999809265137,11.781718254089355,0.08171844482421875
11.999998092651367,12.686063766479492,0.686065673828125
11.40000057220459,11.442689895629883,0.04268932342529297
11.40000057220459,11.398575782775879,-0.0014247894287109375
11.800000190734863,10.522823333740234,-1.277176856994629
11.699999809265137,11.80990219116211,0.10990238189697266
13.899971008300781,13.561816215515137,-0.33815479278564453
11.999998092651367,12.021079063415527,0.021080970764160156
11.40000057220459,11.377335548400879,-0.022665023803710938
13.600038528442383,13.679454803466797,0.07941627502441406
11.999998092651367,12.375628471374512,0.37563037872314453
11.40000057220459,12.07172966003418,0.6717290878295898
12.89999771118164,12.88212776184082,-0.017869949340820312
10.199999809265137,10.50975227355957,0.3097524642944336
11.999998092651367,11.909159660339355,-0.09083843231201172
11.40000057220459,11.413280487060547,0.013279914855957031
11.40000057220459,11.114282608032227,-0.2857179641723633
13.600038528442383,14.045440673828125,0.4454021453857422
12.39999771118164,12.320076942443848,-0.07992076873779297
11.40000057220459,11.410013198852539,0.010012626647949219
11.999998092651367,12.043953895568848,0.04395580291748047
11.40000057220459,11.199243545532227,-0.20075702667236328
11.999998092651367,11.893637657165527,-0.10636043548583984
11.999998092651367,12.053756713867188,0.05375862121582031
11.100000381469727,10.875738143920898,-0.22426223754882812
12.19999885559082,12.59456729888916,0.39456844329833984
11.40000057220459,11.143692970275879,-0.25630760192871094
11.5,11.680009841918945,0.1800098419189453
12.100000381469727,11.939386367797852,-0.160614013671875
11.100000381469727,11.383871078491211,0.2838706970214844
11.100000381469727,11.022786140441895,-0.07721424102783203
11.100000381469727,11.258063316345215,0.15806293487548828
11.102182388305664,10.888809204101562,-0.21337318420410156
11.5,11.186173439025879,-0.3138265609741211
11.699999809265137,11.496607780456543,-0.20339202880859375
11.100000381469727,11.290740966796875,0.19074058532714844
11.100000381469727,10.614319801330566,-0.48568058013916016
11.100000381469727,12.057024002075195,0.9570236206054688
11.100000381469727,10.862667083740234,-0.2373332977294922
11.100000381469727,11.026054382324219,-0.07394599914550781
11.100000381469727,10.983573913574219,-0.11642646789550781
11.100000381469727,11.019518852233887,-0.08048152923583984
11.100000381469727,11.05219554901123,-0.047804832458496094
11.100000381469727,11.091408729553223,-0.008591651916503906
11.100000381469727,11.035857200622559,-0.06414318084716797
11.100000381469727,11.592188835144043,0.4921884536743164
11.100000381469727,10.960699081420898,-0.13930130004882812
11.999998092651367,12.757953643798828,0.7579555511474609
11.100000381469727,10.986841201782227,-0.1131591796875
11.100000381469727,11.029321670532227,-0.0706787109375
11.100000381469727,11.16003131866455,0.06003093719482422
11.40000057220459,11.735254287719727,0.3352537155151367
11.100000381469727,10.99991226196289,-0.10008811950683594
11.100000381469727,10.898612022399902,-0.20138835906982422
11.100000381469727,10.934557914733887,-0.16544246673583984
11.100000381469727,11.137157440185547,0.03715705871582031
11.100000381469727,10.934557914733887,-0.16544246673583984
11.100000381469727,11.091408729553223,-0.008591651916503906
11.100000381469727,10.973770141601562,-0.12623023986816406
10.199999809265137,9.862740516662598,-0.33725929260253906
11.497940063476562,11.520298957824707,0.02235889434814453
11.59999942779541,11.9312162399292,0.33121681213378906
11.5,11.280937194824219,-0.21906280517578125
14.171333312988281,14.215363502502441,0.044030189514160156
13.899971008300781,14.045440673828125,0.14546966552734375
12.100000381469727,11.952457427978516,-0.14754295349121094
11.699999809265137,12.40177059173584,0.7017707824707031
10.798970222473145,12.692599296569824,1.8936290740966797
14.90134334564209,14.136938095092773,-0.7644052505493164
10.5,9.901952743530273,-0.5980472564697266
11.59999942779541,11.441056251525879,-0.15894317626953125
11.300000190734863,10.254868507385254,-1.0451316833496094
12.39999771118164,11.764766693115234,-0.6352310180664062
11.5,12.078265190124512,0.5782651901245117
11.100000381469727,10.84959602355957,-0.25040435791015625
11.699999809265137,11.569314956665039,-0.13068485260009766
12.850003242492676,11.35119342803955,-1.498809814453125
11.59999942779541,11.421449661254883,-0.17854976654052734
11.5,11.657544136047363,0.15754413604736328
11.5,11.290740966796875,-0.209259033203125
11.90000057220459,11.609344482421875,-0.29065608978271484
12.100000381469727,11.693897247314453,-0.40610313415527344
10.699999809265137,10.548964500427246,-0.15103530883789062
11.5,11.24499225616455,-0.2550077438354492
11.90000057220459,12.568425178527832,0.6684246063232422
12.986056327819824,13.862447738647461,0.8763914108276367
11.100000381469727,11.297276496887207,0.19727611541748047
11.59999942779541,12.512873649597168,0.9128742218017578
11.100000381469727,11.370800018310547,0.2707996368408203
11.100000381469727,11.03258991241455,-0.06741046905517578
11.100000381469727,10.970502853393555,-0.12949752807617188
11.100000381469727,11.04239273071289,-0.05760765075683594
11.199999809265137,11.32995319366455,0.12995338439941406
11.100000381469727,11.071802139282227,-0.0281982421875
11.999998092651367,11.003179550170898,-0.9968185424804688
11.100000381469727,11.068534851074219,-0.03146553039550781
11.100000381469727,11.061999320983887,-0.038001060485839844
11.100000381469727,10.960699081420898,-0.13930130004882812
11.100000381469727,10.843060493469238,-0.2569398880004883
11.300000190734863,11.209047317504883,-0.09095287322998047
11.100000381469727,11.045660018920898,-0.054340362548828125
11.90000057220459,11.725605010986328,-0.17439556121826172
11.999998092651367,13.614100456237793,1.6141023635864258
12.29999828338623,10.990108489990234,-1.309889793395996
11.5,11.627317428588867,0.1273174285888672
13.100000381469727,12.096237182617188,-1.003763198852539
11.100000381469727,10.84959602355957,-0.25040435791015625
12.100000381469727,11.25479507446289,-0.8452053070068359
11.100000381469727,11.039125442504883,-0.06087493896484375
11.999998092651367,11.71837329864502,-0.28162479400634766
11.100000381469727,11.026054382324219,-0.07394599914550781
12.699997901916504,13.95394515991211,1.2539472579956055
12.39999771118164,12.16649341583252,-0.2335042953491211
12.29999828338623,12.954017639160156,0.6540193557739258
11.100000381469727,10.934557914733887,-0.16544246673583984
12.699997901916504,13.156617164611816,0.4566192626953125
11.100000381469727,10.918218612670898,-0.18178176879882812
11.100000381469727,11.065266609191895,-0.03473377227783203
11.100000381469727,11.07507038116455,-0.02493000030517578
11.100000381469727,11.029321670532227,-0.0706787109375
10.798970222473145,11.516214370727539,0.7172441482543945
14.100000381469727,14.319931030273438,0.21993064880371094
11.100000381469727,12.079898834228516,0.9798984527587891
11.100000381469727,10.803848266601562,-0.29615211486816406
11.170580863952637,11.048928260803223,-0.12165260314941406
11.90000057220459,11.973697662353516,0.07369709014892578
11.90000057220459,11.967162132263184,0.06716156005859375
11.90000057220459,11.968795776367188,0.06879520416259766
11.90000057220459,11.945921897888184,0.04592132568359375
12.49999713897705,14.136938095092773,1.6369409561157227
11.165501594543457,11.003179550170898,-0.1623220443725586
11.90000057220459,11.972063064575195,0.07206249237060547
11.90000057220459,12.061925888061523,0.1619253158569336
11.90000057220459,11.945921897888184,0.04592132568359375
11.90000057220459,12.829843521118164,0.9298429489135742
11.90000057220459,11.999838829040527,0.0998382568359375
11.90000057220459,12.032516479492188,0.13251590728759766
11.90000057220459,11.952457427978516,0.05245685577392578
13.299970626831055,11.871580123901367,-1.4283905029296875
11.90000057220459,11.885468482971191,-0.014532089233398438
11.90000057220459,11.92223072052002,0.022230148315429688
11.100000381469727,11.475367546081543,0.3753671646118164
11.165501594543457,10.960699081420898,-0.2048025131225586
11.90000057220459,12.014543533325195,0.11454296112060547
11.90000057220459,12.244918823242188,0.34491825103759766
11.90000057220459,12.106040954589844,0.2060403823852539
11.90000057220459,12.019445419311523,0.1194448471069336
11.815606117248535,13.228507995605469,1.4129018783569336
11.199999809265137,11.012983322143555,-0.18701648712158203
11.199999809265137,11.166566848754883,-0.033432960510253906
11.5,11.209047317504883,-0.2909526824951172
11.199999809265137,11.137157440185547,-0.06284236907958984
11.199999809265137,11.048928260803223,-0.15107154846191406
11.59999942779541,11.929582595825195,0.32958316802978516
11.199999809265137,11.173102378845215,-0.026897430419921875
11.199999809265137,11.625683784484863,0.42568397521972656
11.177759170532227,11.045660018920898,-0.13209915161132812
11.199999809265137,11.432887077331543,0.23288726806640625
13.000008583068848,11.582386016845703,-1.4176225662231445
11.199999809265137,11.611795425415039,0.41179561614990234
11.100000381469727,10.905147552490234,-0.1948528289794922
11.59999942779541,11.186173439025879,-0.41382598876953125
11.199999809265137,11.222118377685547,0.022118568420410156
11.199999809265137,11.078337669372559,-0.12166213989257812
11.59999942779541,11.465564727783203,-0.13443470001220703
11.199999809265137,11.192708969116211,-0.007290840148925781
11.59999942779541,11.683277130126953,0.08327770233154297
12.49999713897705,11.755576133728027,-0.7444210052490234
11.199999809265137,11.05219554901123,-0.14780426025390625
11.699999809265137,12.93441104888916,1.2344112396240234
12.100000381469727,10.07187557220459,-2.0281248092651367
11.100000381469727,10.990108489990234,-0.10989189147949219
11.0,10.006521224975586,-0.9934787750244141
11.199999809265137,11.058731079101562,-0.14126873016357422
11.199999809265137,11.69246768951416,0.49246788024902344
10.199999809265137,9.849669456481934,-0.3503303527832031
11.199999809265137,11.03258991241455,-0.16740989685058594
14.008035659790039,13.4049654006958,-0.6030702590942383
11.199999809265137,10.993376731872559,-0.20662307739257812
11.5,11.333221435546875,-0.166778564453125
11.199999809265137,11.24499225616455,0.04499244689941406
11.199999809265137,11.022786140441895,-0.1772136688232422
11.199999809265137,11.153495788574219,-0.04650402069091797
12.19999885559082,10.973770141601562,-1.2262287139892578
11.199999809265137,11.107747077941895,-0.09225273132324219
11.199999809265137,10.970502853393555,-0.22949695587158203
11.199999809265137,11.045660018920898,-0.15433979034423828
11.199999809265137,11.535820960998535,0.33582115173339844
11.199999809265137,11.76742172241211,0.5674219131469727
11.699999809265137,10.84959602355957,-0.8504037857055664
11.199999809265137,11.068534851074219,-0.13146495819091797
11.59999942779541,11.297276496887207,-0.3027229309082031
11.199999809265137,11.143692970275879,-0.05630683898925781
11.199999809265137,11.045660018920898,-0.15433979034423828
11.199999809265137,11.189440727233887,-0.01055908203125
11.199999809265137,11.231921195983887,0.03192138671875
13.000008583068848,13.130475044250488,0.13046646118164062
11.199999809265137,11.016250610351562,-0.18374919891357422
11.199999809265137,11.947555541992188,0.7475557327270508
10.622879028320312,10.176443099975586,-0.44643592834472656
11.199999809265137,11.271134376525879,0.07113456726074219
11.199999809265137,11.039125442504883,-0.1608743667602539
11.999998092651367,13.104333877563477,1.1043357849121094
11.199999809265137,11.130621910095215,-0.06937789916992188
11.5,11.258063316345215,-0.24193668365478516
11.199999809265137,11.385504722595215,0.18550491333007812
11.300000190734863,11.310346603393555,0.010346412658691406
11.90000057220459,12.19917106628418,0.29917049407958984
11.59999942779541,12.6468505859375,1.0468511581420898
11.5,11.357728958129883,-0.1422710418701172
11.800000190734863,12.137084007263184,0.3370838165283203
11.90000057220459,11.333221435546875,-0.5667791366577148
11.5,11.459029197692871,-0.040970802307128906
11.5,11.593823432922363,0.09382343292236328
12.19999885559082,11.8462553024292,-0.3537435531616211
11.999998092651367,11.883834838867188,-0.11616325378417969
11.800000190734863,11.789070129394531,-0.010930061340332031
11.5,12.261258125305176,0.7612581253051758
11.5,11.331586837768555,-0.1684131622314453
11.800000190734863,11.039125442504883,-0.7608747482299805
11.351812362670898,10.078411102294922,-1.2734012603759766
11.199999809265137,11.521116256713867,0.32111644744873047
11.199999809265137,11.150228500366211,-0.04977130889892578
11.300000190734863,11.218850135803223,-0.08115005493164062
10.199999809265137,9.71895980834961,-0.48104000091552734
11.5,11.406744956970215,-0.09325504302978516
11.5,11.331586837768555,-0.1684131622314453
11.100000381469727,11.048928260803223,-0.051072120666503906
11.300000190734863,11.166566848754883,-0.13343334197998047
11.100000381469727,11.581568717956543,0.4815683364868164
11.100000381469727,11.08487319946289,-0.015127182006835938
11.100000381469727,11.303812026977539,0.2038116455078125
11.100000381469727,11.153495788574219,0.05349540710449219
11.100000381469727,11.07507038116455,-0.02493000030517578
11.40000057220459,11.365898132324219,-0.034102439880371094
11.800000190734863,11.209047317504883,-0.5909528732299805
11.59999942779541,12.601102828979492,1.001103401184082
11.100000381469727,11.261330604553223,0.1613302230834961
11.59999942779541,12.686063766479492,1.086064338684082
12.29999828338623,12.93441104888916,0.6344127655029297
11.100000381469727,11.016250610351562,-0.08374977111816406
11.100000381469727,11.088141441345215,-0.011858940124511719
11.100000381469727,11.016250610351562,-0.08374977111816406
11.100000381469727,10.823454856872559,-0.27654552459716797
14.100000381469727,14.189221382141113,0.08922100067138672
11.100000381469727,11.107747077941895,0.007746696472167969
11.100000381469727,11.029321670532227,-0.0706787109375
11.100000381469727,11.228653907775879,0.12865352630615234
11.100000381469727,11.111015319824219,0.011014938354492188
11.100000381469727,11.111015319824219,0.011014938354492188
11.100000381469727,11.029321670532227,-0.0706787109375
11.100000381469727,11.039125442504883,-0.06087493896484375
11.300000190734863,11.182905197143555,-0.1170949935913086
11.100000381469727,11.225385665893555,0.12538528442382812
11.40000057220459,11.947555541992188,0.5475549697875977
11.100000381469727,11.101211547851562,0.0012111663818359375
11.100000381469727,12.084799766540527,0.9847993850708008
11.300000190734863,11.807043075561523,0.5070428848266602
11.100000381469727,11.166566848754883,0.06656646728515625
11.100000381469727,10.836524963378906,-0.2634754180908203
11.100000381469727,11.039125442504883,-0.06087493896484375
13.000008583068848,13.587958335876465,0.5879497528076172
11.100000381469727,10.99991226196289,-0.10008811950683594
11.199999809265137,11.101211547851562,-0.09878826141357422
11.100000381469727,11.153495788574219,0.05349540710449219
11.100000381469727,11.03258991241455,-0.06741046905517578
11.100000381469727,11.04239273071289,-0.05760765075683594
11.100000381469727,11.081605911254883,-0.01839447021484375
11.100000381469727,10.973770141601562,-0.12623023986816406
11.100000381469727,11.150228500366211,0.050228118896484375
11.100000381469727,11.12735366821289,0.027353286743164062
11.100000381469727,11.267866134643555,0.16786575317382812
11.100000381469727,11.16983413696289,0.06983375549316406
11.59999942779541,12.014543533325195,0.41454410552978516
11.999998092651367,12.053756713867188,0.05375862121582031
14.100000381469727,14.437569618225098,0.3375692367553711
10.798970222473145,10.79731273651123,-0.0016574859619140625
11.199999809265137,11.192708969116211,-0.007290840148925781
12.19999885559082,11.758843421936035,-0.44115543365478516
10.702059745788574,10.692745208740234,-0.009314537048339844
11.40000057220459,11.494974136352539,0.09497356414794922
11.199999809265137,11.07507038116455,-0.12492942810058594
11.40000057220459,12.146886825561523,0.7468862533569336
10.199999809265137,9.588251113891602,-0.6117486953735352
11.199999809265137,11.225385665893555,0.02538585662841797
11.199999809265137,11.284205436706543,0.08420562744140625
11.199999809265137,11.104479789733887,-0.09552001953125
11.199999809265137,11.07507038116455,-0.12492942810058594
11.199999809265137,11.173102378845215,-0.026897430419921875
11.199999809265137,11.120818138122559,-0.07918167114257812
11.199999809265137,11.12735366821289,-0.0726461410522461
11.303733825683594,11.241724967956543,-0.06200885772705078
13.683745384216309,14.032370567321777,0.34862518310546875
12.100000381469727,11.829916954040527,-0.2700834274291992
11.719788551330566,10.745028495788574,-0.9747600555419922
11.199999809265137,11.068534851074219,-0.13146495819091797
11.199999809265137,11.094676971435547,-0.10532283782958984
10.497940063476562,10.058804512023926,-0.4391355514526367
11.199999809265137,11.091408729553223,-0.10859107971191406
11.199999809265137,11.179637908935547,-0.020361900329589844
11.100000381469727,10.82999038696289,-0.27000999450683594
10.326213836669922,12.140351295471191,1.8141374588012695
11.199999809265137,11.022786140441895,-0.1772136688232422
11.199999809265137,11.12735366821289,-0.0726461410522461
11.199999809265137,11.035857200622559,-0.16414260864257812
11.199999809265137,11.111015319824219,-0.08898448944091797
11.199999809265137,11.091408729553223,-0.10859107971191406
12.49999713897705,12.7318115234375,0.23181438446044922
11.199999809265137,11.088141441345215,-0.11185836791992188
11.100000381469727,11.594639778137207,0.49463939666748047
11.199999809265137,11.078337669372559,-0.12166213989257812
11.100000381469727,11.035857200622559,-0.06414318084716797
14.299970626831055,13.548745155334473,-0.751225471496582
11.199999809265137,11.107747077941895,-0.09225273132324219
11.199999809265137,11.088141441345215,-0.11185836791992188
11.100000381469727,10.019591331481934,-1.080409049987793
13.800057411193848,13.248113632202148,-0.5519437789916992
11.999998092651367,12.692599296569824,0.692601203918457
11.40000057220459,11.120818138122559,-0.27918243408203125
12.100000381469727,10.542428970336914,-1.5575714111328125
11.40000057220459,11.707478523254395,0.3074779510498047
11.100000381469727,11.434520721435547,0.3345203399658203
11.59999942779541,11.807451248168945,0.20745182037353516
11.199999809265137,11.048928260803223,-0.15107154846191406
12.19999885559082,11.521116256713867,-0.6788825988769531
13.2000150680542,13.496461868286133,0.2964468002319336
12.100000381469727,12.00637435913086,-0.09362602233886719
14.100000381469727,14.69898796081543,0.5989875793457031
15.600313186645508,15.535528182983398,-0.06478500366210938
11.100000381469727,10.983573913574219,-0.11642646789550781
11.699999809265137,11.856059074401855,0.15605926513671875
11.100000381469727,11.205779075622559,0.10577869415283203
11.100000381469727,11.585653305053711,0.4856529235839844
11.199999809265137,11.791929244995117,0.5919294357299805
11.100000381469727,11.755780220031738,0.6557798385620117
11.800000190734863,11.632627487182617,-0.1673727035522461
10.399999618530273,9.980379104614258,-0.4196205139160156
11.199999809265137,11.111015319824219,-0.08898448944091797
12.49999713897705,11.72958755493164,-0.7704095840454102
11.199999809265137,11.107747077941895,-0.09225273132324219
11.199999809265137,11.186173439025879,-0.013826370239257812
13.899971008300781,13.823235511779785,-0.0767354965209961
11.199999809265137,11.477001190185547,0.27700138092041016
11.699999809265137,11.991669654846191,0.2916698455810547
13.299970626831055,12.686063766479492,-0.6139068603515625
11.199999809265137,11.05219554901123,-0.14780426025390625
11.199999809265137,11.071802139282227,-0.12819766998291016
13.299970626831055,12.09133529663086,-1.2086353302001953
10.199999809265137,9.627463340759277,-0.5725364685058594
11.199999809265137,11.071802139282227,-0.12819766998291016
11.199999809265137,11.166566848754883,-0.033432960510253906
11.40000057220459,12.297203063964844,0.8972024917602539
12.799991607666016,12.024347305297852,-0.7756443023681641
11.100000381469727,11.261330604553223,0.1613302230834961
11.199999809265137,11.146960258483887,-0.05303955078125
11.999998092651367,11.352828025817871,-0.6471700668334961
12.89999771118164,13.248113632202148,0.3481159210205078
12.19999885559082,11.560328483581543,-0.6396703720092773
11.40000057220459,11.646106719970703,0.24610614776611328
11.199999809265137,11.088141441345215,-0.11185836791992188
12.100000381469727,11.806633949279785,-0.2933664321899414
11.199999809265137,11.065266609191895,-0.1347332000732422
14.100000381469727,14.594420433044434,0.49442005157470703
11.100000381469727,11.28747272491455,0.18747234344482422
11.699999809265137,12.99976634979248,1.2997665405273438
13.2000150680542,13.522603988647461,0.3225889205932617
11.199999809265137,11.055463790893555,-0.14453601837158203
11.199999809265137,11.091408729553223,-0.10859107971191406
11.199999809265137,11.068534851074219,-0.13146495819091797
11.100000381469727,10.640460968017578,-0.45953941345214844
11.199999809265137,11.143692970275879,-0.05630683898925781
10.702059745788574,9.928094863891602,-0.7739648818969727
11.199999809265137,12.074996948242188,0.8749971389770508
11.199999809265137,11.241724967956543,0.04172515869140625
11.199999809265137,11.307079315185547,0.10707950592041016
11.199999809265137,11.179637908935547,-0.020361900329589844
12.29999828338623,11.598724365234375,-0.7012739181518555
11.199999809265137,11.071802139282227,-0.12819766998291016
11.199999809265137,11.444324493408203,0.2443246841430664
13.299970626831055,14.110795974731445,0.8108253479003906
11.199999809265137,11.140424728393555,-0.05957508087158203
11.199999809265137,11.589738845825195,0.3897390365600586
11.199999809265137,11.16983413696289,-0.030165672302246094
12.49999713897705,13.08472728729248,0.5847301483154297
11.699999809265137,12.718740463256836,1.0187406539916992
11.5,12.313541412353516,0.8135414123535156
11.699999809265137,12.323345184326172,0.6233453750610352
12.799991607666016,12.089701652526855,-0.7102899551391602
11.300000190734863,11.659995079040527,0.35999488830566406
13.100000381469727,11.980232238769531,-1.1197681427001953
12.19999885559082,11.199243545532227,-1.0007553100585938
12.29999828338623,12.047221183776855,-0.252777099609375
14.500117301940918,14.35914421081543,-0.14097309112548828
11.100000381469727,10.898612022399902,-0.20138835906982422
14.497940063476562,14.476781845092773,-0.021158218383789062
11.5,11.307079315185547,-0.19292068481445312
11.199999809265137,11.104479789733887,-0.09552001953125
11.90000057220459,11.305445671081543,-0.5945549011230469
13.100000381469727,12.947482109069824,-0.15251827239990234
10.100000381469727,10.18951416015625,0.08951377868652344
11.199999809265137,11.483536720275879,0.2835369110107422
13.500007629394531,14.24150562286377,0.7414979934692383
13.777780532836914,12.777560234069824,-1.0002202987670898
11.175305366516113,11.199243545532227,0.02393817901611328
14.100000381469727,14.254575729370117,0.15457534790039062
13.699980735778809,13.333074569702148,-0.36690616607666016
11.5,11.460662841796875,-0.039337158203125
12.39999771118164,13.078191757202148,0.6781940460205078
13.100000381469727,13.228507995605469,0.1285076141357422
12.49999713897705,12.06029224395752,-0.43970489501953125
12.699997901916504,12.29393482208252,-0.4060630798339844
11.5,12.02924919128418,0.5292491912841797
11.59999942779541,11.354461669921875,-0.24553775787353516
11.5,11.526017189025879,0.026017189025878906
11.59999942779541,11.770076751708984,0.17007732391357422
11.199999809265137,11.163298606872559,-0.036701202392578125
11.5,11.528468132019043,0.02846813201904297
11.199999809265137,11.133889198303223,-0.06611061096191406
13.899971008300781,14.17615032196045,0.27617931365966797
11.5,11.876482009887695,0.3764820098876953
13.600038528442383,13.940874099731445,0.3408355712890625
11.90000057220459,12.470393180847168,0.5703926086425781
11.199999809265137,11.238456726074219,0.03845691680908203
11.5,11.235189437866211,-0.26481056213378906
12.49999713897705,12.146886825561523,-0.35311031341552734
11.199999809265137,11.231921195983887,0.03192138671875
11.300000190734863,11.927131652832031,0.627131462097168
11.199999809265137,11.07507038116455,-0.12492942810058594
11.199999809265137,11.395308494567871,0.19530868530273438
12.39999771118164,12.901734352111816,0.5017366409301758
11.199999809265137,11.218850135803223,0.018850326538085938
13.800057411193848,13.313468933105469,-0.4865884780883789
11.199999809265137,11.124086380004883,-0.0759134292602539
11.5,11.480269432067871,-0.019730567932128906
11.199999809265137,11.734335899353027,0.5343360900878906
11.199999809265137,11.199243545532227,-0.0007562637329101562
11.199999809265137,12.09133529663086,0.8913354873657227
11.5,11.69246768951416,0.19246768951416016
11.699999809265137,11.69583797454834,-0.004161834716796875
11.199999809265137,11.258063316345215,0.058063507080078125
13.500007629394531,11.988402366638184,-1.5116052627563477
11.199999809265137,11.294008255004883,0.0940084457397461
14.299970626831055,14.215363502502441,-0.08460712432861328
10.100000381469727,9.732030868530273,-0.3679695129394531
12.39999771118164,11.707836151123047,-0.6921615600585938
11.199999809265137,11.21231460571289,0.012314796447753906
12.19999885559082,12.581496238708496,0.3814973831176758
12.100000381469727,12.67952823638916,0.5795278549194336
14.986056327819824,15.091115951538086,0.10505962371826172
10.300000190734863,10.47707462310791,0.17707443237304688
9.100000381469727,9.496753692626953,0.39675331115722656
11.90000057220459,11.79397201538086,-0.10602855682373047
11.90000057220459,12.244918823242188,0.34491825103759766
11.90000057220459,11.947555541992188,0.047554969787597656
11.90000057220459,11.862594604492188,-0.037405967712402344
11.90000057220459,11.851157188415527,-0.0488433837890625
11.90000057220459,11.87975025177002,-0.020250320434570312
11.999998092651367,12.186100006103516,0.18610191345214844
11.90000057220459,11.826648712158203,-0.07335186004638672
13.699980735778809,13.4049654006958,-0.2950153350830078
11.90000057220459,11.764562606811523,-0.1354379653930664
13.000008583068848,13.13701057434082,0.13700199127197266
11.90000057220459,11.584019660949707,-0.3159809112548828
11.90000057220459,11.834818840026855,-0.06518173217773438
11.90000057220459,11.284205436706543,-0.6157951354980469
11.90000057220459,11.875664710998535,-0.024335861206054688
11.90000057220459,11.839719772338867,-0.060280799865722656
11.90000057220459,11.914877891540527,0.0148773193359375
11.90000057220459,13.901660919189453,2.0016603469848633
11.90000057220459,11.898539543151855,-0.001461029052734375
11.90000057220459,11.76762580871582,-0.13237476348876953
11.90000057220459,11.952457427978516,0.05245685577392578
11.90000057220459,11.722464561462402,-0.1775360107421875
11.90000057220459,11.78784465789795,-0.11215591430664062
11.90000057220459,11.887919425964355,-0.012081146240234375
11.90000057220459,11.760068893432617,-0.13993167877197266
11.100000381469727,10.963967323303223,-0.1360330581665039
11.100000381469727,10.95743179321289,-0.14256858825683594
11.100000381469727,10.803848266601562,-0.29615211486816406
11.199999809265137,10.941093444824219,-0.25890636444091797
11.199999809265137,11.003179550170898,-0.19682025909423828
11.199999809265137,11.022786140441895,-0.1772136688232422
12.29999828338623,12.375628471374512,0.07563018798828125
10.622879028320312,10.673138618469238,0.05025959014892578
12.100000381469727,12.548818588256836,0.4488182067871094
11.300000190734863,11.323417663574219,0.02341747283935547
11.199999809265137,11.016250610351562,-0.18374919891357422
11.199999809265137,10.996644020080566,-0.2033557891845703
11.199999809265137,11.08487319946289,-0.1151266098022461
11.199999809265137,11.05219554901123,-0.14780426025390625
11.199999809265137,11.097944259643555,-0.10205554962158203
13.299970626831055,12.607637405395508,-0.6923332214355469
12.100000381469727,12.339683532714844,0.2396831512451172
11.59999942779541,11.442689895629883,-0.15730953216552734
11.199999809265137,11.339756965637207,0.1397571563720703
11.199999809265137,11.08487319946289,-0.1151266098022461
11.199999809265137,10.963967323303223,-0.23603248596191406
12.100000381469727,12.053756713867188,-0.04624366760253906
11.199999809265137,11.097944259643555,-0.10205554962158203
11.199999809265137,11.280937194824219,0.08093738555908203
11.199999809265137,11.029321670532227,-0.17067813873291016
11.199999809265137,11.124086380004883,-0.0759134292602539
11.177759170532227,10.99991226196289,-0.17784690856933594
11.199999809265137,11.16003131866455,-0.03996849060058594
11.199999809265137,11.284205436706543,0.08420562744140625
11.199999809265137,11.107747077941895,-0.09225273132324219
12.19999885559082,12.76448917388916,0.5644903182983398
11.199999809265137,11.081605911254883,-0.1183938980102539
11.300000190734863,11.022786140441895,-0.27721405029296875
11.199999809265137,11.061999320983887,-0.13800048828125
11.199999809265137,11.231921195983887,0.03192138671875
12.19999885559082,12.405037879943848,0.20503902435302734
11.300000190734863,11.634261131286621,0.3342609405517578
11.300000190734863,11.153495788574219,-0.14650440216064453
11.40000057220459,11.205779075622559,-0.19422149658203125
11.5,11.284205436706543,-0.21579456329345703
11.5,11.012983322143555,-0.4870166778564453
11.40000057220459,12.290667533874512,0.8906669616699219
12.100000381469727,12.535747528076172,0.4357471466064453
11.90000057220459,10.980305671691895,-0.9196949005126953
11.300000190734863,11.166566848754883,-0.13343334197998047
11.300000190734863,11.16983413696289,-0.13016605377197266
10.401029586791992,9.95423698425293,-0.4467926025390625
11.300000190734863,11.370800018310547,0.0707998275756836
12.349998474121094,12.440983772277832,0.09098529815673828
12.100000381469727,11.767217636108398,-0.3327827453613281
11.300000190734863,11.140424728393555,-0.1595754623413086
11.300000190734863,11.498241424560547,0.1982412338256836
12.19999885559082,12.672992706298828,0.4729938507080078
11.199999809265137,11.192708969116211,-0.007290840148925781
11.199999809265137,11.114282608032227,-0.08571720123291016
11.999998092651367,12.431180000305176,0.4311819076538086
12.100000381469727,11.79846477508545,-0.30153560638427734
12.699997901916504,12.784095764160156,0.08409786224365234
11.300000190734863,11.143692970275879,-0.15630722045898438
13.600038528442383,11.8674955368042,-1.7325429916381836
11.622879028320312,12.356021881103516,0.7331428527832031
11.199999809265137,11.173102378845215,-0.026897430419921875
12.799991607666016,12.88212776184082,0.08213615417480469
11.5,11.64978313446045,0.14978313446044922
11.5,11.526017189025879,0.026017189025878906
11.300000190734863,11.189440727233887,-0.11055946350097656
11.699999809265137,12.725275993347168,1.0252761840820312
11.5,11.071802139282227,-0.42819786071777344
11.300000190734863,11.333221435546875,0.03322124481201172
11.199999809265137,11.061999320983887,-0.13800048828125
11.199999809265137,11.012983322143555,-0.18701648712158203
11.5,11.300543785095215,-0.19945621490478516
11.59999942779541,11.35119342803955,-0.24880599975585938
11.40000057220459,11.437788963317871,0.03778839111328125
13.000008583068848,12.254722595214844,-0.7452859878540039
11.199999809265137,11.195976257324219,-0.004023551940917969
11.300000190734863,11.137157440185547,-0.1628427505493164
10.5,10.673138618469238,0.17313861846923828
11.5,12.034150123596191,0.5341501235961914
10.699999809265137,11.068534851074219,0.36853504180908203
11.5,11.336488723754883,-0.1635112762451172
11.199999809265137,11.016250610351562,-0.18374919891357422
11.300000190734863,11.442689895629883,0.14268970489501953
11.300000190734863,11.297276496887207,-0.00272369384765625
13.299970626831055,11.993303298950195,-1.3066673278808594
11.300000190734863,11.225385665893555,-0.0746145248413086
10.5,10.496681213378906,-0.00331878662109375
10.100000381469727,9.614392280578613,-0.4856081008911133
11.59999942779541,11.320150375366211,-0.2798490524291992
11.300000190734863,11.081605911254883,-0.21839427947998047
13.500007629394531,13.352681159973145,-0.14732646942138672
11.300000190734863,11.143692970275879,-0.15630722045898438
12.49999713897705,11.89037036895752,-0.6096267700195312
11.199999809265137,11.071802139282227,-0.12819766998291016
11.800000190734863,11.570948600769043,-0.2290515899658203
11.999998092651367,11.740360260009766,-0.25963783264160156
11.800000190734863,11.85851001739502,0.05850982666015625
13.899971008300781,14.372215270996094,0.4722442626953125
11.300000190734863,11.235189437866211,-0.06481075286865234
11.199999809265137,11.045660018920898,-0.15433979034423828
12.19999885559082,12.218777656555176,0.01877880096435547
11.40000057220459,11.199243545532227,-0.20075702667236328
11.40000057220459,11.986767768859863,0.5867671966552734
10.100000381469727,11.274401664733887,1.1744012832641602
10.100000381469727,9.928094863891602,-0.171905517578125
11.59999942779541,11.343024253845215,-0.2569751739501953
10.100000381469727,11.359362602233887,1.2593622207641602
10.100000381469727,11.490072250366211,1.3900718688964844
10.100000381469727,11.35119342803955,1.2511930465698242
10.100000381469727,11.882200241088867,1.7821998596191406
10.100000381469727,11.11755084991455,1.0175504684448242
10.100000381469727,10.790777206420898,0.6907768249511719
10.100000381469727,11.560328483581543,1.4603281021118164
10.100000381469727,11.20251178741455,1.1025114059448242
11.699999809265137,11.493340492248535,-0.20665931701660156
12.699997901916504,12.93441104888916,0.23441314697265625
12.799991607666016,12.842914581298828,0.0429229736328125
11.90000057220459,11.85769271850586,-0.04230785369873047
11.699999809265137,11.586470603942871,-0.11352920532226562
11.90000057220459,11.903440475463867,0.0034399032592773438
11.699999809265137,11.615471839904785,-0.08452796936035156
11.90000057220459,11.680418014526367,-0.21958255767822266
11.699999809265137,11.470465660095215,-0.22953414916992188
13.399989128112793,13.28732681274414,-0.11266231536865234
11.90000057220459,11.526834487915039,-0.3731660842895508
11.90000057220459,11.6550931930542,-0.24490737915039062
11.999998092651367,11.780083656311035,-0.21991443634033203
13.699980735778809,13.993157386779785,0.29317665100097656
11.699999809265137,11.516214370727539,-0.18378543853759766
13.000008583068848,13.784022331237793,0.7840137481689453
11.699999809265137,11.631402015686035,-0.06859779357910156
11.699999809265137,11.653459548950195,-0.046540260314941406
13.500007629394531,14.12386703491211,0.6238594055175781
11.90000057220459,11.518665313720703,-0.3813352584838867
11.699999809265137,11.6126127243042,-0.0873870849609375
11.699999809265137,11.488438606262207,-0.2115612030029297
11.90000057220459,11.874031066894531,-0.025969505310058594
11.699999809265137,11.707121849060059,0.007122039794921875
11.699999809265137,11.80908489227295,0.1090850830078125
11.90000057220459,11.664487838745117,-0.23551273345947266
11.90000057220459,11.842988014221191,-0.05701255798339844
13.100000381469727,13.535675048828125,0.43567466735839844
11.699999809265137,11.463930130004883,-0.2360696792602539
12.19999885559082,11.669185638427734,-0.5308132171630859
11.90000057220459,11.915695190429688,0.015694618225097656
11.90000057220459,11.820114135742188,-0.07988643646240234
11.90000057220459,11.752921104431152,-0.1470794677734375
11.90000057220459,11.735459327697754,-0.16454124450683594
11.90000057220459,11.937751770019531,0.037751197814941406
11.90000057220459,13.653312683105469,1.753312110900879
11.699999809265137,11.561145782470703,-0.1388540267944336
11.699999809265137,12.842914581298828,1.1429147720336914
11.90000057220459,11.927948951721191,0.027948379516601562
13.000008583068848,13.267720222473145,0.2677116394042969
11.90000057220459,11.834001541137695,-0.06599903106689453
11.90000057220459,11.755576133728027,-0.1444244384765625
12.49999713897705,12.699134826660156,0.19913768768310547
13.800057411193848,14.633633613586426,0.8335762023925781
11.699999809265137,11.69951343536377,-0.0004863739013671875
11.699999809265137,11.804183006286621,0.10418319702148438
12.39999771118164,11.968795776367188,-0.4312019348144531
11.90000057220459,11.815620422363281,-0.0843801498413086
11.699999809265137,11.543990135192871,-0.15600967407226562
11.699999809265137,12.146886825561523,0.4468870162963867
12.599996566772461,12.303738594055176,-0.29625797271728516
11.90000057220459,11.8462553024292,-0.053745269775390625
11.90000057220459,11.730863571166992,-0.16913700103759766
11.90000057220459,11.705130577087402,-0.1948699951171875
11.90000057220459,11.829099655151367,-0.07090091705322266
11.999998092651367,11.675107955932617,-0.32489013671875
11.699999809265137,11.441056251525879,-0.2589435577392578
11.699999809265137,11.510496139526367,-0.18950366973876953
11.90000057220459,11.724225997924805,-0.17577457427978516
11.699999809265137,11.68246078491211,-0.017539024353027344
11.800000190734863,11.830734252929688,0.03073406219482422
11.800000190734863,11.967162132263184,0.1671619415283203
11.800000190734863,11.619148254394531,-0.18085193634033203
11.800000190734863,11.723536491394043,-0.07646369934082031
11.800000190734863,11.496607780456543,-0.3033924102783203
11.800000190734863,11.7825345993042,-0.017465591430664062
11.800000190734863,11.727596282958984,-0.0724039077758789
11.800000190734863,11.812353134155273,0.012352943420410156
11.800000190734863,11.923864364624023,0.12386417388916016
11.800000190734863,11.747406959533691,-0.052593231201171875
11.800000190734863,11.67572021484375,-0.12427997589111328
11.800000190734863,11.811127662658691,0.011127471923828125
11.800000190734863,11.577484130859375,-0.22251605987548828
11.800000190734863,11.71013355255127,-0.08986663818359375
11.800000190734863,11.944287300109863,0.144287109375
11.800000190734863,11.751899719238281,-0.04810047149658203
11.800000190734863,11.697267532348633,-0.10273265838623047
11.800000190734863,11.724889755249023,-0.07511043548583984
11.800000190734863,11.77804183959961,-0.021958351135253906
11.800000190734863,11.897722244262695,0.09772205352783203
11.800000190734863,11.626500129699707,-0.17350006103515625
11.699999809265137,11.557877540588379,-0.1421222686767578
10.199999809265137,10.032662391662598,-0.16733741760253906
11.699999809265137,11.815620422363281,0.11562061309814453
10.100000381469727,10.078411102294922,-0.021589279174804688
11.699999809265137,11.662854194641113,-0.03714561462402344
11.699999809265137,11.70033073425293,0.00033092498779296875
11.699999809265137,11.638754844665527,-0.061244964599609375
11.300000190734863,11.639571189880371,0.3395709991455078
12.89999771118164,13.483390808105469,0.5833930969238281
11.699999809265137,11.731119155883789,0.031119346618652344
13.2000150680542,13.16968822479248,-0.03032684326171875
11.699999809265137,11.990036010742188,0.2900362014770508
11.300000190734863,11.166566848754883,-0.13343334197998047
11.300000190734863,11.156763076782227,-0.14323711395263672
12.599996566772461,13.08472728729248,0.48473072052001953
11.5,11.508045196533203,0.008045196533203125
11.300000190734863,11.587287902832031,0.28728771209716797
11.699999809265137,11.774365425109863,0.07436561584472656
11.699999809265137,11.81521224975586,0.11521244049072266
11.5,11.684706687927246,0.1847066879272461
11.966461181640625,10.450932502746582,-1.515528678894043
13.100000381469727,13.359216690063477,0.25921630859375
11.699999809265137,11.803366661071777,0.10336685180664062
13.100000381469727,13.940874099731445,0.8408737182617188
12.29999828338623,12.163226127624512,-0.13677215576171875
11.300000190734863,11.374068260192871,0.07406806945800781
11.5,11.5170316696167,0.01703166961669922
12.29999828338623,12.5618896484375,0.26189136505126953
11.300000190734863,11.05219554901123,-0.2478046417236328
12.100000381469727,11.352828025817871,-0.7471723556518555
11.59999942779541,11.77722454071045,0.17722511291503906
11.207905769348145,11.078337669372559,-0.12956809997558594
10.699999809265137,10.666603088378906,-0.03339672088623047
11.699999809265137,11.710338592529297,0.010338783264160156
11.699999809265137,11.800915718078613,0.10091590881347656
11.699999809265137,11.567681312561035,-0.13231849670410156
11.5,11.261330604553223,-0.23866939544677734
11.90000057220459,11.691650390625,-0.20835018157958984
12.409804344177246,12.408306121826172,-0.0014982223510742188
11.5,11.16983413696289,-0.3301658630371094
11.699999809265137,11.387138366699219,-0.31286144256591797
11.5,11.120818138122559,-0.3791818618774414
11.100000381469727,10.931289672851562,-0.16871070861816406
11.300000190734863,11.369166374206543,0.06916618347167969
11.699999809265137,11.841354370117188,0.14135456085205078
11.699999809265137,11.667755126953125,-0.03224468231201172
13.100000381469727,13.163152694702148,0.06315231323242188
12.599996566772461,12.61417293548584,0.014176368713378906
11.5,11.547257423400879,0.047257423400878906
11.100000381469727,10.692745208740234,-0.4072551727294922
11.59999942779541,11.795605659484863,0.19560623168945312
11.90000057220459,11.094676971435547,-0.805323600769043
11.699999809265137,11.752103805541992,0.05210399627685547
11.699999809265137,11.891186714172363,0.19118690490722656
11.699999809265137,11.759047508239746,0.059047698974609375
11.5,11.311981201171875,-0.188018798828125
12.100000381469727,11.311981201171875,-0.7880191802978516
11.699999809265137,12.25145435333252,0.5514545440673828
11.800000190734863,11.692059516906738,-0.107940673828125
12.599996566772461,12.146886825561523,-0.4531097412109375
11.213943481445312,10.937825202941895,-0.27611827850341797
11.300000190734863,11.543990135192871,0.2439899444580078
12.29999828338623,11.944287300109863,-0.3557109832763672
11.699999809265137,11.498241424560547,-0.20175838470458984
11.699999809265137,11.722311019897461,0.02231121063232422
11.5,11.754146575927734,0.2541465759277344
11.90000057220459,12.040685653686523,0.1406850814819336
11.699999809265137,11.796831130981445,0.0968313217163086
11.427902221679688,11.429619789123535,0.0017175674438476562
13.953871726989746,15.430960655212402,1.4770889282226562
11.699999809265137,11.718290328979492,0.01829051971435547
11.90000057220459,11.72097110748291,-0.1790294647216797
11.40000057220459,11.655909538269043,0.2559089660644531
11.699999809265137,11.6657133102417,-0.0342864990234375
11.999998092651367,12.895198822021484,0.8952007293701172
11.300000190734863,11.378969192504883,0.07896900177001953
12.599996566772461,13.163152694702148,0.5631561279296875
13.52021598815918,14.712059020996094,1.191843032836914
11.29382038116455,11.339756965637207,0.04593658447265625
11.699999809265137,11.691446304321289,-0.008553504943847656
12.29999828338623,12.869056701660156,0.5690584182739258
12.29999828338623,12.686063766479492,0.3860654830932617
11.90000057220459,12.424644470214844,0.5246438980102539
11.90000057220459,11.767012596130371,-0.13298797607421875
11.90000057220459,11.848706245422363,-0.05129432678222656
11.90000057220459,12.222044944763184,0.32204437255859375
11.90000057220459,11.7825345993042,-0.11746597290039062
11.90000057220459,12.040685653686523,0.1406850814819336
9.702059745788574,9.339902877807617,-0.36215686798095703
12.100000381469727,11.9099760055542,-0.19002437591552734
12.100000381469727,12.150155067443848,0.050154685974121094
12.29999828338623,12.888663291931152,0.5886650085449219
11.100000381469727,10.908415794372559,-0.19158458709716797
11.90000057220459,11.82583236694336,-0.07416820526123047
11.90000057220459,11.820930480957031,-0.0790700912475586
11.90000057220459,11.947555541992188,0.047554969787597656
11.90000057220459,11.924681663513184,0.02468109130859375
11.100000381469727,11.416548728942871,0.31654834747314453
11.90000057220459,11.86913013458252,-0.030870437622070312
11.90000057220459,12.235116004943848,0.3351154327392578
13.100000381469727,13.744810104370117,0.6448097229003906
11.90000057220459,11.775590896606445,-0.12440967559814453
11.897940635681152,11.952457427978516,0.05451679229736328
11.90000057220459,11.907526016235352,0.007525444030761719
11.90000057220459,11.739339828491211,-0.1606607437133789
12.100000381469727,12.447519302368164,0.3475189208984375
11.966461181640625,12.777560234069824,0.8110990524291992
13.299970626831055,13.078191757202148,-0.22177886962890625
11.90000057220459,11.89037036895752,-0.009630203247070312
11.90000057220459,11.668164253234863,-0.23183631896972656
11.90000057220459,11.675107955932617,-0.22489261627197266
11.90000057220459,11.915695190429688,0.015694618225097656
13.999974250793457,14.058511734008789,0.05853748321533203
11.90000057220459,11.303812026977539,-0.5961885452270508
12.599996566772461,12.973624229431152,0.3736276626586914
12.637601852416992,12.205706596374512,-0.43189525604248047
11.199999809265137,10.901880264282227,-0.29811954498291016
11.199999809265137,10.980305671691895,-0.2196941375732422
11.199999809265137,11.003179550170898,-0.19682025909423828
11.199999809265137,11.133889198303223,-0.06611061096191406
11.199999809265137,11.022786140441895,-0.1772136688232422
11.199999809265137,11.133889198303223,-0.06611061096191406
11.300000190734863,11.865044593811035,0.5650444030761719
11.199999809265137,11.176369667053223,-0.023630142211914062
11.199999809265137,11.091408729553223,-0.10859107971191406
11.199999809265137,11.08487319946289,-0.1151266098022461
12.39999771118164,12.901734352111816,0.5017366409301758
11.199999809265137,11.055463790893555,-0.14453601837158203
11.199999809265137,12.068461418151855,0.8684616088867188
11.199999809265137,11.04239273071289,-0.1576070785522461
11.199999809265137,11.130621910095215,-0.06937789916992188
11.199999809265137,11.195976257324219,-0.004023551940917969
11.199999809265137,11.061999320983887,-0.13800048828125
11.199999809265137,10.986841201782227,-0.21315860748291016
11.199999809265137,11.00971508026123,-0.19028472900390625
11.59999942779541,11.225385665893555,-0.37461376190185547
11.199999809265137,11.12735366821289,-0.0726461410522461
11.199999809265137,11.413280487060547,0.21328067779541016
11.199999809265137,11.205779075622559,0.005779266357421875
11.199999809265137,11.078337669372559,-0.12166213989257812
11.90000057220459,12.555354118347168,0.6553535461425781
11.100000381469727,10.627389907836914,-0.4726104736328125
11.90000057220459,11.362630844116211,-0.5373697280883789
11.300000190734863,11.137157440185547,-0.1628427505493164
11.800000190734863,12.189367294311523,0.38936710357666016
11.300000190734863,11.729536056518555,0.4295358657836914
11.300000190734863,11.300543785095215,0.0005435943603515625
11.5,11.305445671081543,-0.19455432891845703
11.300000190734863,11.702373504638672,0.4023733139038086
11.300000190734863,11.261330604553223,-0.038669586181640625
11.100000381469727,11.785802841186523,0.6858024597167969
11.300000190734863,11.143692970275879,-0.15630722045898438
11.300000190734863,11.251527786254883,-0.04847240447998047
11.699999809265137,11.631810188293457,-0.06818962097167969
11.300000190734863,11.222118377685547,-0.0778818130493164
11.300000190734863,11.241724967956543,-0.05827522277832031
11.300000190734863,11.357728958129883,0.05772876739501953
11.300000190734863,11.088141441345215,-0.21185874938964844
11.300000190734863,11.521932601928711,0.22193241119384766
11.100000381469727,10.92475414276123,-0.1752462387084961
11.5,12.264525413513184,0.7645254135131836
11.300000190734863,11.078337669372559,-0.2216625213623047
11.300000190734863,11.120818138122559,-0.1791820526123047
11.288002014160156,11.385504722595215,0.0975027084350586
12.39999771118164,13.091262817382812,0.6912651062011719
11.59999942779541,12.19917106628418,0.5991716384887695
11.100000381469727,11.08487319946289,-0.015127182006835938
11.40000057220459,11.503143310546875,0.10314273834228516
11.40000057220459,11.120818138122559,-0.27918243408203125
11.300000190734863,11.114282608032227,-0.18571758270263672
13.798970222473145,13.95394515991211,0.15497493743896484
13.652841567993164,14.215363502502441,0.5625219345092773
13.351812362670898,13.4049654006958,0.053153038024902344
10.401029586791992,10.052268981933594,-0.34876060485839844
12.474687576293945,12.084799766540527,-0.38988780975341797
12.986056327819824,13.326539993286133,0.3404836654663086
11.100000381469727,11.697471618652344,0.5974712371826172
12.476750373840332,12.980159759521484,0.5034093856811523
14.19690990447998,14.790485382080078,0.5935754776000977
11.59999942779541,11.566047668457031,-0.033951759338378906
11.953871726989746,12.875592231750488,0.9217205047607422
11.100000381469727,11.77722454071045,0.6772241592407227
13.140958786010742,13.150081634521484,0.009122848510742188
13.100000381469727,13.176223754882812,0.07622337341308594
14.44678783416748,15.012690544128418,0.5659027099609375
14.500117301940918,12.450786590576172,-2.049330711364746
11.664271354675293,13.313468933105469,1.6491975784301758
11.40000057220459,11.629768371582031,0.2297677993774414
11.81896686553955,10.52935791015625,-1.2896089553833008
11.895879745483398,11.534187316894531,-0.3616924285888672
11.800000190734863,11.743424415588379,-0.056575775146484375
11.800000190734863,11.676945686340332,-0.12305450439453125
11.497940063476562,11.445958137512207,-0.05198192596435547
13.000008583068848,13.16968822479248,0.1696796417236328
11.40000057220459,11.467198371887207,0.06719779968261719
12.39999771118164,12.5618896484375,0.16189193725585938
11.999998092651367,11.828283309936523,-0.17171478271484375
11.800000190734863,11.72795295715332,-0.07204723358154297
11.800000190734863,11.925498008728027,0.12549781799316406
11.800000190734863,11.653459548950195,-0.14654064178466797
11.800000190734863,11.730403900146484,-0.0695962905883789
12.599996566772461,13.587958335876465,0.9879617691040039
13.923909187316895,14.346073150634766,0.4221639633178711
11.800000190734863,11.635486602783203,-0.16451358795166016
11.800000190734863,11.656318664550781,-0.14368152618408203
11.800000190734863,11.637120246887207,-0.16287994384765625
11.456547737121582,11.877299308776855,0.42075157165527344
11.800000190734863,11.767217636108398,-0.032782554626464844
10.622879028320312,10.228726387023926,-0.3941526412963867
12.226679801940918,13.025907516479492,0.7992277145385742
11.800000190734863,11.801323890686035,0.001323699951171875
11.40000057220459,11.540721893310547,0.14072132110595703
12.947711944580078,12.574960708618164,-0.37275123596191406
11.100000381469727,10.843060493469238,-0.2569398880004883
11.800000190734863,11.74618148803711,-0.053818702697753906
11.800000190734863,11.728412628173828,-0.07158756256103516
11.800000190734863,11.140424728393555,-0.6595754623413086
12.821246147155762,11.907526016235352,-0.9137201309204102
11.800000190734863,12.189367294311523,0.38936710357666016
11.821246147155762,11.644881248474121,-0.17636489868164062
11.800000190734863,12.810237884521484,1.010237693786621
13.095678329467773,12.895198822021484,-0.20047950744628906
11.923909187316895,11.838086128234863,-0.08582305908203125
12.900752067565918,12.280864715576172,-0.6198873519897461
11.40000057220459,11.748223304748535,0.3482227325439453
11.401029586791992,10.918218612670898,-0.48281097412109375
11.800000190734863,11.76742172241211,-0.032578468322753906
11.800000190734863,13.718667984008789,1.9186677932739258
11.800000190734863,11.659177780151367,-0.1408224105834961
11.800000190734863,12.16649341583252,0.36649322509765625
11.800000190734863,11.8250150680542,0.025014877319335938
14.202372550964355,13.28732681274414,-0.9150457382202148
13.476750373840332,14.136938095092773,0.6601877212524414
10.622879028320312,10.196049690246582,-0.42682933807373047
11.800000190734863,11.72519588470459,-0.07480430603027344
10.918156623840332,12.074996948242188,1.1568403244018555
11.497940063476562,10.42479133605957,-1.0731487274169922
11.800000190734863,11.664079666137695,-0.13592052459716797
11.800000190734863,11.722413063049316,-0.07758712768554688
12.19999885559082,12.277596473693848,0.07759761810302734
11.300000190734863,10.699280738830566,-0.6007194519042969
11.5,11.179637908935547,-0.3203620910644531
10.401029586791992,10.150300979614258,-0.2507286071777344
12.100000381469727,13.333074569702148,1.2330741882324219
11.300000190734863,11.251527786254883,-0.04847240447998047
12.49999713897705,12.927875518798828,0.42787837982177734
11.300000190734863,11.339756965637207,0.03975677490234375
12.19999885559082,11.968795776367188,-0.2312030792236328
12.29999828338623,12.32661247253418,0.02661418914794922
12.19999885559082,12.921339988708496,0.7213411331176758
12.19999885559082,12.202438354492188,0.0024394989013671875
12.19999885559082,11.96389389038086,-0.23610496520996094
11.300000190734863,11.07507038116455,-0.2249298095703125
11.300000190734863,11.120818138122559,-0.1791820526123047
13.899971008300781,13.561816215515137,-0.33815479278564453
11.59999942779541,13.431106567382812,1.8311071395874023
11.300000190734863,11.320150375366211,0.020150184631347656
13.399989128112793,13.33961009979248,-0.0603790283203125
11.300000190734863,11.624458312988281,0.32445812225341797
12.19999885559082,12.6468505859375,0.4468517303466797
12.19999885559082,12.096237182617188,-0.10376167297363281
12.19999885559082,12.25145435333252,0.05145549774169922
11.5,11.137157440185547,-0.3628425598144531
13.800057411193848,13.862447738647461,0.06239032745361328
12.19999885559082,12.307005882263184,0.10700702667236328
12.999629020690918,13.208901405334473,0.2092723846435547
11.300000190734863,11.094676971435547,-0.2053232192993164
12.19999885559082,12.5618896484375,0.3618907928466797
10.622879028320312,10.398649215698242,-0.2242298126220703
12.19999885559082,12.24165153503418,0.041652679443359375
12.29999828338623,12.44425106048584,0.14425277709960938
11.5,11.970429420471191,0.4704294204711914
11.59999942779541,11.577484130859375,-0.022515296936035156
11.5,11.026054382324219,-0.47394561767578125
12.19999885559082,12.280864715576172,0.08086585998535156
11.300000190734863,10.96723461151123,-0.3327655792236328
12.49999713897705,12.6468505859375,0.14685344696044922
12.39999771118164,13.006301879882812,0.6063041687011719
13.100000381469727,12.93441104888916,-0.1655893325805664
12.19999885559082,12.254722595214844,0.05472373962402344
12.19999885559082,12.096237182617188,-0.10376167297363281
12.19999885559082,12.066827774047852,-0.13317108154296875
11.90000057220459,12.182832717895508,0.28283214569091797
11.40000057220459,11.380603790283203,-0.01939678192138672
11.90000057220459,11.727544784545898,-0.1724557876586914
11.087162971496582,10.267939567565918,-0.8192234039306641
11.40000057220459,11.569314956665039,0.16931438446044922
11.90000057220459,11.986767768859863,0.08676719665527344
11.100000381469727,11.20251178741455,0.10251140594482422
11.90000057220459,11.316882133483887,-0.5831184387207031
11.40000057220459,11.343024253845215,-0.056976318359375
11.90000057220459,11.750470161437988,-0.14953041076660156
12.100000381469727,12.030882835388184,-0.06911754608154297
11.90000057220459,12.02761459350586,0.12761402130126953
11.90000057220459,11.313614845275879,-0.5863857269287109
11.90000057220459,11.664487838745117,-0.23551273345947266
11.90000057220459,11.659177780151367,-0.24082279205322266
11.90000057220459,12.132182121276855,0.23218154907226562
12.100000381469727,11.829099655151367,-0.2709007263183594
11.100000381469727,11.449225425720215,0.3492250442504883
11.40000057220459,11.395308494567871,-0.00469207763671875
12.39999771118164,12.8167724609375,0.4167747497558594
11.100000381469727,11.310346603393555,0.21034622192382812
11.261137962341309,10.993376731872559,-0.26776123046875
11.100000381469727,11.483536720275879,0.38353633880615234
11.90000057220459,11.717971801757812,-0.18202877044677734
11.90000057220459,11.431253433227539,-0.4687471389770508
11.800000190734863,11.822973251342773,0.022973060607910156
13.2000150680542,13.601029396057129,0.4010143280029297
11.90000057220459,11.842988014221191,-0.05701255798339844
12.699997901916504,13.130475044250488,0.4304771423339844
11.90000057220459,12.05048942565918,0.15048885345458984
11.100000381469727,11.520298957824707,0.42029857635498047
11.100000381469727,10.96723461151123,-0.1327657699584961
12.29999828338623,12.4344482421875,0.13444995880126953
11.59999942779541,11.636712074279785,0.036712646484375
14.100000381469727,13.744810104370117,-0.3551902770996094
11.90000057220459,11.686545372009277,-0.2134552001953125
10.685027122497559,10.254868507385254,-0.4301586151123047
13.399989128112793,14.306859970092773,0.9068708419799805
11.798970222473145,11.990036010742188,0.19106578826904297
11.90000057220459,11.535820960998535,-0.3641796112060547
11.999998092651367,11.800098419189453,-0.19989967346191406
11.90000057220459,11.67735481262207,-0.22264575958251953
11.90000057220459,11.797648429870605,-0.10235214233398438
11.90000057220459,11.945921897888184,0.04592132568359375
11.90000057220459,11.501509666442871,-0.39849090576171875
12.100000381469727,12.248187065124512,0.14818668365478516
11.90000057220459,11.258063316345215,-0.641937255859375
11.90000057220459,11.786619186401367,-0.11338138580322266
11.90000057220459,11.784985542297363,-0.11501502990722656
11.90000057220459,11.842170715332031,-0.057829856872558594
11.90000057220459,12.28413200378418,0.38413143157958984
11.90000057220459,11.700840950012207,-0.1991596221923828
11.5,11.628951072692871,0.1289510726928711
11.100000381469727,10.947628021240234,-0.1523723602294922
11.100000381469727,10.911683082580566,-0.18831729888916016
11.100000381469727,11.045660018920898,-0.054340362548828125
11.100000381469727,10.970502853393555,-0.12949752807617188
11.100000381469727,10.911683082580566,-0.18831729888916016
11.100000381469727,11.029321670532227,-0.0706787109375
12.89999771118164,13.587958335876465,0.6879606246948242
11.100000381469727,10.666603088378906,-0.4333972930908203
11.100000381469727,10.803848266601562,-0.29615211486816406
13.299970626831055,13.4049654006958,0.1049947738647461
11.100000381469727,10.898612022399902,-0.20138835906982422
12.49999713897705,13.359216690063477,0.8592195510864258
11.100000381469727,10.88227367401123,-0.2177267074584961
11.100000381469727,11.048928260803223,-0.051072120666503906
12.599996566772461,12.79716682434082,0.19717025756835938
11.800000190734863,12.235116004943848,0.4351158142089844
11.100000381469727,11.605259895324707,0.5052595138549805
11.100000381469727,10.96723461151123,-0.1327657699584961
11.100000381469727,10.973770141601562,-0.12623023986816406
11.100000381469727,11.336488723754883,0.23648834228515625
11.100000381469727,10.869202613830566,-0.23079776763916016
11.100000381469727,11.061999320983887,-0.038001060485839844
11.100000381469727,11.111015319824219,0.011014938354492188
11.100000381469727,11.048928260803223,-0.051072120666503906
11.40000057220459,11.917328834533691,0.5173282623291016
11.100000381469727,12.173028945922852,1.073028564453125
11.100000381469727,11.11755084991455,0.01755046844482422
11.100000381469727,10.911683082580566,-0.18831729888916016
11.100000381469727,11.331586837768555,0.23158645629882812
11.100000381469727,10.986841201782227,-0.1131591796875
11.300000190734863,13.130475044250488,1.830474853515625
11.100000381469727,11.600358963012695,0.5003585815429688
11.100000381469727,11.026054382324219,-0.07394599914550781
11.300000190734863,10.905147552490234,-0.3948526382446289
13.487215995788574,13.914731979370117,0.42751598358154297
11.100000381469727,10.885541915893555,-0.21445846557617188
12.100000381469727,12.173028945922852,0.073028564453125
11.108774185180664,10.934557914733887,-0.17421627044677734
11.699999809265137,11.566864013671875,-0.13313579559326172
12.19999885559082,13.306933403015137,1.1069345474243164
11.5,12.132182121276855,0.6321821212768555
11.90000057220459,11.926315307617188,0.026314735412597656
11.5,11.320150375366211,-0.17984962463378906
11.800000190734863,12.855985641479492,1.055985450744629
11.5,11.370800018310547,-0.12919998168945312
11.5,11.424717903137207,-0.07528209686279297
12.19999885559082,12.738347053527832,0.5383481979370117
11.5,11.357728958129883,-0.1422710418701172
11.5,11.498241424560547,-0.001758575439453125
11.5,11.400209426879883,-0.09979057312011719
11.5,11.459029197692871,-0.040970802307128906
11.90000057220459,12.212242126464844,0.3122415542602539
12.100000381469727,12.790631294250488,0.6906309127807617
11.5,11.43615436553955,-0.06384563446044922
11.5,11.215582847595215,-0.28441715240478516
11.5,11.316882133483887,-0.18311786651611328
11.5,11.780083656311035,0.28008365631103516
11.5,11.403477668762207,-0.09652233123779297
11.5,11.294008255004883,-0.2059917449951172
12.19999885559082,12.323345184326172,0.12334632873535156
11.5,11.579117774963379,0.0791177749633789
11.5,11.370800018310547,-0.12919998168945312
11.5,11.321784019470215,-0.17821598052978516
11.5,11.408378601074219,-0.09162139892578125
11.5,11.398575782775879,-0.1014242172241211
11.5,11.284205436706543,-0.21579456329345703
11.59999942779541,11.431253433227539,-0.1687459945678711
11.5,11.441056251525879,-0.058943748474121094
11.5,11.622007369995117,0.12200736999511719
11.5,10.745028495788574,-0.7549715042114258
11.300000190734863,11.730761528015137,0.43076133728027344
12.100000381469727,12.212242126464844,0.11224174499511719
11.40000057220459,11.346292495727539,-0.05370807647705078
11.300000190734863,11.08487319946289,-0.21512699127197266
11.300000190734863,11.111015319824219,-0.18898487091064453
13.699980735778809,13.914731979370117,0.2147512435913086
11.300000190734863,11.111015319824219,-0.18898487091064453
11.300000190734863,11.631810188293457,0.33180999755859375
11.699999809265137,11.630993843078613,-0.06900596618652344
12.599996566772461,12.483464241027832,-0.1165323257446289
11.300000190734863,11.143692970275879,-0.15630722045898438
11.300000190734863,11.179637908935547,-0.1203622817993164
11.100000381469727,10.483610153198242,-0.6163902282714844
11.40000057220459,11.280937194824219,-0.1190633773803711
11.307608604431152,11.658360481262207,0.3507518768310547
12.207905769348145,12.525944709777832,0.3180389404296875
10.401029586791992,10.006521224975586,-0.39450836181640625
11.999998092651367,12.109308242797852,0.10931015014648438
11.300000190734863,11.16983413696289,-0.13016605377197266
10.798970222473145,10.379042625427246,-0.41992759704589844
11.300000190734863,11.228653907775879,-0.07134628295898438
12.39999771118164,12.895198822021484,0.49520111083984375
11.300000190734863,11.481903076171875,0.18190288543701172
11.300000190734863,11.325052261352539,0.02505207061767578
11.300000190734863,11.21231460571289,-0.08768558502197266
11.800000190734863,11.462296485900879,-0.3377037048339844
11.100000381469727,11.871580123901367,0.7715797424316406
11.100000381469727,11.848706245422363,0.7487058639526367
11.300000190734863,11.454127311706543,0.1541271209716797
14.299970626831055,14.594420433044434,0.2944498062133789
12.29999828338623,12.777560234069824,0.47756195068359375
12.100000381469727,11.742913246154785,-0.3570871353149414
11.90000057220459,11.860143661499023,-0.039856910705566406
11.90000057220459,11.251527786254883,-0.648472785949707
11.90000057220459,11.512946128845215,-0.387054443359375
11.90000057220459,11.653050422668457,-0.2469501495361328
11.100000381469727,10.895344734191895,-0.20465564727783203
11.59999942779541,12.115843772888184,0.5158443450927734
10.899999618530273,10.59471321105957,-0.3052864074707031
11.59999942779541,11.691855430603027,0.09185600280761719
11.90000057220459,11.649374961853027,-0.2506256103515625
11.999998092651367,11.874848365783691,-0.12514972686767578
11.90000057220459,11.413280487060547,-0.48672008514404297
12.699997901916504,11.5701322555542,-1.1298656463623047
11.699999809265137,12.086434364318848,0.38643455505371094
10.199999809265137,10.627389907836914,0.42739009857177734
11.90000057220459,12.106040954589844,0.2060403823852539
11.90000057220459,11.676945686340332,-0.2230548858642578
11.59999942779541,11.284205436706543,-0.3157939910888672
11.100000381469727,10.92475414276123,-0.1752462387084961
11.100000381469727,10.905147552490234,-0.1948528289794922
11.59999942779541,11.691446304321289,0.0914468765258789
12.89999771118164,12.751418113708496,-0.14857959747314453
11.699999809265137,11.209047317504883,-0.4909524917602539
11.59999942779541,11.662445068359375,0.062445640563964844
11.100000381469727,11.757209777832031,0.6572093963623047
11.90000057220459,11.662854194641113,-0.23714637756347656
12.699997901916504,13.679454803466797,0.979456901550293
11.90000057220459,12.692599296569824,0.7925987243652344
11.300000190734863,11.968795776367188,0.6687955856323242
11.90000057220459,11.679600715637207,-0.2203998565673828
11.90000057220459,11.720703125,-0.17929744720458984
13.500007629394531,13.849376678466797,0.3493690490722656
11.300000190734863,11.498241424560547,0.1982412338256836
11.300000190734863,11.280937194824219,-0.01906299591064453
11.90000057220459,11.773957252502441,-0.12604331970214844
11.300000190734863,11.431253433227539,0.13125324249267578
11.90000057220459,11.882200241088867,-0.017800331115722656
10.899999618530273,10.568571090698242,-0.33142852783203125
11.59999942779541,11.514580726623535,-0.085418701171875
11.90000057220459,11.763745307922363,-0.13625526428222656
11.100000381469727,11.772322654724121,0.6723222732543945
11.90000057220459,12.022713661193848,0.12271308898925781
11.90000057220459,11.834818840026855,-0.06518173217773438
12.799991607666016,12.225313186645508,-0.5746784210205078
11.100000381469727,10.980305671691895,-0.11969470977783203
11.100000381469727,11.006447792053223,-0.0935525894165039
13.487215995788574,13.810164451599121,0.3229484558105469
11.100000381469727,10.954163551330566,-0.14583683013916016
11.999998092651367,11.896905899047852,-0.10309219360351562
11.999998092651367,12.810237884521484,0.8102397918701172
11.999998092651367,11.892004013061523,-0.10799407958984375
12.099998474121094,11.789887428283691,-0.31011104583740234
11.999998092651367,11.871580123901367,-0.12841796875
12.699997901916504,12.803701400756836,0.10370349884033203
12.49999713897705,12.555354118347168,0.05535697937011719
12.599996566772461,12.712204933166504,0.11220836639404297
11.999998092651367,11.865861892700195,-0.13413619995117188
11.999998092651367,11.95409107208252,-0.045907020568847656
11.999998092651367,11.909159660339355,-0.09083843231201172
15.200179100036621,15.117258071899414,-0.08292102813720703
11.999998092651367,12.686063766479492,0.686065673828125
11.999998092651367,12.02761459350586,0.027616500854492188
11.999998092651367,12.025980949401855,0.02598285675048828
11.999998092651367,11.939386367797852,-0.060611724853515625
13.000008583068848,12.718740463256836,-0.2812681198120117
11.100000381469727,11.019518852233887,-0.08048152923583984
11.999998092651367,12.001473426818848,0.0014753341674804688
11.999998092651367,11.703495979309082,-0.29650211334228516
15.600313186645508,15.74466323852539,0.1443500518798828
11.999998092651367,11.863410949707031,-0.13658714294433594
11.999998092651367,12.431180000305176,0.4311819076538086
11.999998092651367,11.805000305175781,-0.19499778747558594
11.999998092651367,11.949189186096191,-0.05080890655517578
11.999998092651367,11.871580123901367,-0.12841796875
11.59999942779541,11.657544136047363,0.057544708251953125
12.89999771118164,11.615471839904785,-1.2845258712768555
11.300000190734863,11.388772964477539,0.08877277374267578
11.300000190734863,11.764153480529785,0.4641532897949219
13.399989128112793,14.019299507141113,0.6193103790283203
11.5,11.531736373901367,0.03173637390136719
11.300000190734863,11.405111312866211,0.10511112213134766
11.5,11.8143949508667,0.3143949508666992
11.300000190734863,11.182905197143555,-0.1170949935913086
12.89999771118164,13.862447738647461,0.9624500274658203
12.29999828338623,12.277596473693848,-0.022401809692382812
11.300000190734863,11.179637908935547,-0.1203622817993164
11.300000190734863,11.573399543762207,0.27339935302734375
11.300000190734863,11.347926139831543,0.04792594909667969
11.300000190734863,11.179637908935547,-0.1203622817993164
12.699997901916504,11.740360260009766,-0.9596376419067383
11.953871726989746,11.523567199707031,-0.43030452728271484
11.300000190734863,11.369166374206543,0.06916618347167969
11.699999809265137,12.159957885742188,0.4599580764770508
11.300000190734863,11.05219554901123,-0.2478046417236328
13.2000150680542,11.80908489227295,-1.39093017578125
11.300000190734863,11.343024253845215,0.04302406311035156
11.300000190734863,11.528468132019043,0.2284679412841797
12.599996566772461,11.228653907775879,-1.371342658996582
14.200179100036621,13.33961009979248,-0.8605690002441406
10.699999809265137,10.18951416015625,-0.5104856491088867
11.699999809265137,11.626909255981445,-0.0730905532836914
11.5,11.77273178100586,0.2727317810058594
10.800000190734863,10.15683650970459,-0.6431636810302734
11.5,11.561145782470703,0.061145782470703125
11.300000190734863,10.464003562927246,-0.8359966278076172
11.5,11.526017189025879,0.026017189025878906
11.5,11.173102378845215,-0.32689762115478516
11.5,12.065194129943848,0.5651941299438477
11.5,11.370800018310547,-0.12919998168945312
11.5,11.508045196533203,0.008045196533203125
11.999998092651367,12.218777656555176,0.2187795639038086
11.5,11.560328483581543,0.06032848358154297
12.39999771118164,11.803366661071777,-0.5966310501098633
11.5,11.566047668457031,0.06604766845703125
12.49999713897705,12.672992706298828,0.17299556732177734
11.40000057220459,11.536637306213379,0.13663673400878906
11.40000057220459,11.323417663574219,-0.0765829086303711
11.90000057220459,11.906708717346191,0.0067081451416015625
11.40000057220459,11.267866134643555,-0.13213443756103516
11.40000057220459,11.385504722595215,-0.014495849609375
11.25,11.362630844116211,0.11263084411621094
11.59999942779541,11.585653305053711,-0.014346122741699219
11.40000057220459,11.552976608276367,0.15297603607177734
13.000008583068848,13.33961009979248,0.3396015167236328
11.40000057220459,11.893637657165527,0.4936370849609375
11.25,11.209047317504883,-0.04095268249511719
11.40000057220459,11.578301429748535,0.1783008575439453
11.40000057220459,11.303812026977539,-0.09618854522705078
11.40000057220459,11.445958137512207,0.04595756530761719
11.40000057220459,11.294008255004883,-0.10599231719970703
11.40000057220459,11.400209426879883,0.00020885467529296875
12.19999885559082,13.110869407653809,0.9108705520629883
11.40000057220459,11.166566848754883,-0.23343372344970703
11.40000057220459,11.437788963317871,0.03778839111328125
11.40000057220459,11.24499225616455,-0.15500831604003906
11.40000057220459,11.222118377685547,-0.17788219451904297
11.5,11.903440475463867,0.4034404754638672
11.40000057220459,11.339756965637207,-0.06024360656738281
13.000008583068848,13.058585166931152,0.05857658386230469
11.40000057220459,11.310346603393555,-0.08965396881103516
11.3798189163208,11.294008255004883,-0.08581066131591797
11.40000057220459,11.354461669921875,-0.045538902282714844
11.40000057220459,11.300543785095215,-0.099456787109375
11.40000057220459,11.43615436553955,0.03615379333496094
11.40000057220459,11.150228500366211,-0.2497720718383789
11.199999809265137,11.176369667053223,-0.023630142211914062
11.199999809265137,11.758231163024902,0.5582313537597656
11.199999809265137,11.315248489379883,0.1152486801147461
11.199999809265137,11.261330604553223,0.06133079528808594
11.199999809265137,11.222118377685547,0.022118568420410156
14.757576942443848,14.594420433044434,-0.16315650939941406
11.199999809265137,11.241724967956543,0.04172515869140625
11.199999809265137,11.274401664733887,0.07440185546875
11.199999809265137,11.231921195983887,0.03192138671875
12.020818710327148,11.883834838867188,-0.13698387145996094
11.401029586791992,11.25479507446289,-0.14623451232910156
10.497940063476562,11.029321670532227,0.5313816070556641
11.199999809265137,11.333221435546875,0.13322162628173828
10.401029586791992,10.065340042114258,-0.3356895446777344
10.798970222473145,10.098017692565918,-0.7009525299072266
11.199999809265137,11.238456726074219,0.03845691680908203
10.351812362670898,9.83659839630127,-0.5152139663696289
11.199999809265137,11.238456726074219,0.03845691680908203
13.3006591796875,13.470319747924805,0.1696605682373047
11.199999809265137,11.341390609741211,0.14139080047607422
11.199999809265137,11.280937194824219,0.08093738555908203
10.401029586791992,10.169907569885254,-0.23112201690673828
10.100000381469727,9.78431510925293,-0.3156852722167969
11.199999809265137,11.209047317504883,0.009047508239746094
10.622879028320312,10.281010627746582,-0.34186840057373047
11.401029586791992,11.452493667602539,0.051464080810546875
10.622879028320312,10.18951416015625,-0.4333648681640625
10.622879028320312,10.267939567565918,-0.35493946075439453
11.497940063476562,12.001473426818848,0.5035333633422852
10.895879745483398,10.35943603515625,-0.5364437103271484
11.199999809265137,11.274401664733887,0.07440185546875
11.199999809265137,11.205779075622559,0.005779266357421875
10.32184886932373,9.967308044433594,-0.3545408248901367
11.401029586791992,11.179637908935547,-0.2213916778564453
11.199999809265137,11.218850135803223,0.018850326538085938
11.199999809265137,11.28747272491455,0.08747291564941406
11.199999809265137,11.267866134643555,0.06786632537841797
11.199999809265137,11.346292495727539,0.14629268646240234
10.622879028320312,10.196049690246582,-0.42682933807373047
11.199999809265137,11.218850135803223,0.018850326538085938
10.242667198181152,9.823527336120605,-0.4191398620605469
11.199999809265137,11.228653907775879,0.028654098510742188
10.702059745788574,10.398649215698242,-0.30341053009033203
11.199999809265137,11.362630844116211,0.16263103485107422
10.52021598815918,9.888882637023926,-0.6313333511352539
11.199999809265137,11.30871295928955,0.10871315002441406
10.497940063476562,9.575180053710938,-0.922760009765625
12.89999771118164,13.300397872924805,0.40040016174316406
11.199999809265137,11.241724967956543,0.04172515869140625
11.199999809265137,11.258063316345215,0.058063507080078125
9.798970222473145,9.562108993530273,-0.2368612289428711
9.497940063476562,9.313760757446289,-0.18417930603027344
14.100000381469727,14.150009155273438,0.05000877380371094
11.40000057220459,11.646924018859863,0.24692344665527344
11.40000057220459,11.441056251525879,0.04105567932128906
9.798970222473145,9.601322174072266,-0.1976480484008789
13.100000381469727,13.228507995605469,0.1285076141357422
11.05860710144043,11.388772964477539,0.3301658630371094
11.40000057220459,11.408378601074219,0.008378028869628906
11.40000057220459,11.277669906616211,-0.1223306655883789
12.100000381469727,12.261258125305176,0.16125774383544922
11.40000057220459,11.524383544921875,0.12438297271728516
11.40000057220459,11.395308494567871,-0.00469207763671875
10.738271713256836,10.56203556060791,-0.17623615264892578
10.622879028320312,10.215656280517578,-0.4072227478027344
10.100000381469727,9.83659839630127,-0.26340198516845703
11.40000057220459,11.294008255004883,-0.10599231719970703
12.986056327819824,12.836379051208496,-0.14967727661132812
11.40000057220459,11.137157440185547,-0.26284313201904297
12.757576942443848,12.653386116027832,-0.10419082641601562
11.40000057220459,11.501509666442871,0.10150909423828125
11.40000057220459,11.480269432067871,0.08026885986328125
11.40000057220459,11.346292495727539,-0.05370807647705078
11.100000381469727,11.248260498046875,0.14826011657714844
14.798970222473145,14.81662654876709,0.017656326293945312
11.578862190246582,12.365825653076172,0.7869634628295898
11.40000057220459,11.382237434387207,-0.017763137817382812
9.798970222473145,9.862740516662598,0.06377029418945312
9.798970222473145,9.823527336120605,0.024557113647460938
12.359637260437012,12.692599296569824,0.3329620361328125
11.40000057220459,11.300543785095215,-0.099456787109375
11.40000057220459,11.431253433227539,0.03125286102294922
12.344124794006348,12.686063766479492,0.34193897247314453
11.40000057220459,11.339756965637207,-0.06024360656738281
10.702059745788574,10.431325912475586,-0.2707338333129883
11.40000057220459,11.401844024658203,0.0018434524536132812
11.40000057220459,11.349559783935547,-0.05044078826904297
10.52021598815918,9.901952743530273,-0.6182632446289062
11.199999809265137,11.08487319946289,-0.1151266098022461
11.199999809265137,11.199243545532227,-0.0007562637329101562
11.199999809265137,11.124086380004883,-0.0759134292602539
11.199999809265137,11.045660018920898,-0.15433979034423828
11.199999809265137,11.156763076782227,-0.043236732482910156
11.5,11.012983322143555,-0.4870166778564453
11.199999809265137,11.395308494567871,0.19530868530273438
11.199999809265137,11.182905197143555,-0.01709461212158203
11.199999809265137,11.173102378845215,-0.026897430419921875
11.199999809265137,11.153495788574219,-0.04650402069091797
11.100000381469727,11.003179550170898,-0.09682083129882812
11.199999809265137,10.937825202941895,-0.2621746063232422
11.199999809265137,11.679192543029785,0.47919273376464844
11.199999809265137,11.166566848754883,-0.033432960510253906
11.199999809265137,11.081605911254883,-0.1183938980102539
11.199999809265137,11.104479789733887,-0.09552001953125
11.5,11.120818138122559,-0.3791818618774414
11.199999809265137,11.035857200622559,-0.16414260864257812
11.199999809265137,11.137157440185547,-0.06284236907958984
11.199999809265137,12.310274124145508,1.110274314880371
11.199999809265137,12.25145435333252,1.0514545440673828
11.199999809265137,11.28747272491455,0.08747291564941406
11.100000381469727,10.79731273651123,-0.3026876449584961
11.798970222473145,11.646106719970703,-0.1528635025024414
11.199999809265137,11.390406608581543,0.19040679931640625
11.300000190734863,11.543172836303711,0.24317264556884766
11.199999809265137,11.006447792053223,-0.19355201721191406
10.100000381469727,9.601322174072266,-0.49867820739746094
11.199999809265137,11.091408729553223,-0.10859107971191406
11.199999809265137,11.72601318359375,0.5260133743286133
11.199999809265137,10.895344734191895,-0.3046550750732422
11.199999809265137,11.179637908935547,-0.020361900329589844
13.2000150680542,13.653312683105469,0.45329761505126953
11.199999809265137,11.568497657775879,0.3684978485107422
11.199999809265137,11.11755084991455,-0.08244895935058594
11.199999809265137,10.983573913574219,-0.21642589569091797
12.100000381469727,11.923864364624023,-0.17613601684570312
11.199999809265137,11.70390510559082,0.5039052963256836
11.90000057220459,11.494974136352539,-0.4050264358520508
13.299970626831055,12.607637405395508,-0.6923332214355469
11.800000190734863,11.781718254089355,-0.018281936645507812
13.100000381469727,13.267720222473145,0.16771984100341797
11.199999809265137,11.374068260192871,0.17406845092773438
11.300000190734863,11.274401664733887,-0.025598526000976562
11.199999809265137,11.05219554901123,-0.14780426025390625
11.199999809265137,11.081605911254883,-0.1183938980102539
11.90000057220459,11.662854194641113,-0.23714637756347656
12.799991607666016,13.666383743286133,0.8663921356201172
12.19999885559082,11.222118377685547,-0.9778804779052734
11.199999809265137,11.598724365234375,0.3987245559692383
11.199999809265137,10.895344734191895,-0.3046550750732422
11.199999809265137,10.970502853393555,-0.22949695587158203
11.199999809265137,10.944360733032227,-0.25563907623291016
12.49999713897705,13.261184692382812,0.7611875534057617
11.199999809265137,11.022786140441895,-0.1772136688232422
11.999998092651367,11.356095314025879,-0.6439027786254883
11.199999809265137,11.326685905456543,0.12668609619140625
11.199999809265137,11.045660018920898,-0.15433979034423828
11.199999809265137,11.012983322143555,-0.18701648712158203
11.199999809265137,11.078337669372559,-0.12166213989257812
11.199999809265137,11.022786140441895,-0.1772136688232422
11.199999809265137,10.996644020080566,-0.2033557891845703
12.29999828338623,12.083166122436523,-0.21683216094970703
12.599996566772461,13.267720222473145,0.6677236557006836
11.199999809265137,11.360997200012207,0.1609973907470703
11.199999809265137,11.094676971435547,-0.10532283782958984
11.5,11.192708969116211,-0.30729103088378906
11.199999809265137,10.990108489990234,-0.20989131927490234
12.100000381469727,11.146960258483887,-0.9530401229858398
11.100000381469727,11.539905548095703,0.43990516662597656
11.90000057220459,11.860960006713867,-0.039040565490722656
11.90000057220459,11.929582595825195,0.02958202362060547
11.90000057220459,12.93441104888916,1.0344104766845703
11.100000381469727,11.071802139282227,-0.0281982421875
11.90000057220459,11.784168243408203,-0.11583232879638672
11.90000057220459,11.85851001739502,-0.04149055480957031
11.90000057220459,11.842988014221191,-0.05701255798339844
10.702059745788574,10.254868507385254,-0.4471912384033203
11.90000057220459,12.104406356811523,0.2044057846069336
11.710108757019043,11.871580123901367,0.16147136688232422
11.90000057220459,11.9312162399292,0.031215667724609375
11.90000057220459,11.838903427124023,-0.061097145080566406
11.254901885986328,10.84959602355957,-0.4053058624267578
11.90000057220459,11.905075073242188,0.005074501037597656
12.49999713897705,12.777560234069824,0.27756309509277344
11.90000057220459,12.225313186645508,0.32531261444091797
11.90000057220459,11.90099048614502,0.0009899139404296875
11.90000057220459,12.542283058166504,0.6422824859619141
14.500117301940918,14.437569618225098,-0.06254768371582031
11.90000057220459,11.81521224975586,-0.08478832244873047
11.90000057220459,11.853608131408691,-0.04639244079589844
12.49999713897705,13.666383743286133,1.166386604309082
11.90000057220459,11.84707260131836,-0.05292797088623047
11.710108757019043,11.847888946533203,0.13778018951416016
14.500117301940918,14.633633613586426,0.1335163116455078
11.90000057220459,11.823381423950195,-0.07661914825439453
12.531798362731934,12.450786590576172,-0.08101177215576172
12.49999713897705,12.137084007263184,-0.3629131317138672
10.401029586791992,10.169907569885254,-0.23112201690673828
11.90000057220459,11.927948951721191,0.027948379516601562
11.90000057220459,11.817663192749023,-0.0823373794555664
11.699999809265137,11.972063064575195,0.2720632553100586
12.19999885559082,12.8167724609375,0.6167736053466797
12.49999713897705,13.019372940063477,0.5193758010864258
11.699999809265137,11.980232238769531,0.28023242950439453
11.699999809265137,11.740973472595215,0.040973663330078125
11.699999809265137,11.646106719970703,-0.053893089294433594
11.800000190734863,11.797648429870605,-0.0023517608642578125
10.5,10.267939567565918,-0.23206043243408203
11.699999809265137,11.599541664123535,-0.10045814514160156
12.19999885559082,11.94265365600586,-0.25734519958496094
11.699999809265137,11.630993843078613,-0.06900596618652344
11.90000057220459,11.775182723999023,-0.1248178482055664
11.90000057220459,13.679454803466797,1.779454231262207
11.90000057220459,11.912426948547363,0.012426376342773438
11.254901885986328,10.862667083740234,-0.39223480224609375
11.90000057220459,12.068461418151855,0.16846084594726562
11.90000057220459,11.99657154083252,0.09657096862792969
11.90000057220459,12.153422355651855,0.2534217834472656
11.90000057220459,11.829099655151367,-0.07090091705322266
11.90000057220459,11.991669654846191,0.09166908264160156
11.90000057220459,11.967162132263184,0.06716156005859375
11.90000057220459,11.725323677062988,-0.17467689514160156
11.90000057220459,11.907526016235352,0.007525444030761719
11.90000057220459,11.981866836547852,0.08186626434326172
14.100000381469727,12.973624229431152,-1.1263761520385742
11.90000057220459,11.939386367797852,0.03938579559326172
13.999974250793457,12.699134826660156,-1.3008394241333008
11.90000057220459,11.998205184936523,0.0982046127319336
11.800000190734863,11.848706245422363,0.0487060546875
11.90000057220459,11.962260246276855,0.062259674072265625
11.90000057220459,11.796422958374023,-0.1035776138305664
11.90000057220459,12.182832717895508,0.28283214569091797
11.90000057220459,11.8887357711792,-0.011264801025390625
11.497940063476562,11.549708366394043,0.05176830291748047
11.90000057220459,12.303738594055176,0.40373802185058594
11.90000057220459,12.777560234069824,0.8775596618652344
13.000008583068848,12.447519302368164,-0.5524892807006836
11.90000057220459,11.955724716186523,0.055724143981933594
11.90000057220459,11.755372047424316,-0.14462852478027344
12.49999713897705,11.7931547164917,-0.7068424224853516
11.199999809265137,11.035857200622559,-0.16414260864257812
11.199999809265137,11.218850135803223,0.018850326538085938
12.29999828338623,11.79928207397461,-0.5007162094116211
11.199999809265137,10.99991226196289,-0.2000875473022461
12.29999828338623,12.073363304138184,-0.22663497924804688
11.59999942779541,11.137157440185547,-0.4628419876098633
11.199999809265137,11.130621910095215,-0.06937789916992188
11.199999809265137,11.05219554901123,-0.14780426025390625
11.199999809265137,11.05219554901123,-0.14780426025390625
10.5,9.901952743530273,-0.5980472564697266
11.90000057220459,11.473733901977539,-0.4262666702270508
14.100000381469727,13.692525863647461,-0.4074745178222656
10.199999809265137,10.143765449523926,-0.05623435974121094
11.699999809265137,11.692059516906738,-0.007940292358398438
11.199999809265137,10.954163551330566,-0.2458362579345703
11.199999809265137,11.143692970275879,-0.05630683898925781
11.199999809265137,11.21231460571289,0.012314796447753906
11.199999809265137,11.04239273071289,-0.1576070785522461
12.205130577087402,12.744882583618164,0.5397520065307617
11.199999809265137,11.111015319824219,-0.08898448944091797
11.199999809265137,10.705816268920898,-0.4941835403442383
13.299970626831055,12.93441104888916,-0.36555957794189453
11.300000190734863,11.048928260803223,-0.2510719299316406
11.59999942779541,11.153495788574219,-0.4465036392211914
11.199999809265137,11.048928260803223,-0.15107154846191406
11.199999809265137,11.137157440185547,-0.06284236907958984
11.199999809265137,11.562779426574707,0.3627796173095703
11.199999809265137,11.088141441345215,-0.11185836791992188
11.199999809265137,11.055463790893555,-0.14453601837158203
11.199999809265137,11.124086380004883,-0.0759134292602539
12.599996566772461,12.67952823638916,0.07953166961669922
11.100000381469727,11.124086380004883,0.02408599853515625
11.59999942779541,11.623641014099121,0.023641586303710938
12.19999885559082,13.08472728729248,0.8847284317016602
11.100000381469727,11.241724967956543,0.1417245864868164
11.100000381469727,11.03258991241455,-0.06741046905517578
11.999998092651367,11.173102378845215,-0.8268957138061523
11.100000381469727,10.836524963378906,-0.2634754180908203
11.100000381469727,11.450860023498535,0.3508596420288086
11.100000381469727,10.92475414276123,-0.1752462387084961
11.59999942779541,11.788252830505371,0.18825340270996094
11.100000381469727,10.96723461151123,-0.1327657699584961
11.100000381469727,11.35119342803955,0.2511930465698242
11.90000057220459,11.271134376525879,-0.6288661956787109
11.699999809265137,11.150228500366211,-0.5497713088989258
11.100000381469727,11.209047317504883,0.10904693603515625
11.100000381469727,11.08487319946289,-0.015127182006835938
11.59999942779541,11.321784019470215,-0.2782154083251953
11.59999942779541,11.77273178100586,0.17273235321044922
11.100000381469727,11.258063316345215,0.15806293487548828
11.0,10.15683650970459,-0.8431634902954102
11.100000381469727,10.908415794372559,-0.19158458709716797
11.100000381469727,11.195976257324219,0.09597587585449219
11.100000381469727,11.209047317504883,0.10904693603515625
11.100000381469727,10.970502853393555,-0.12949752807617188
11.100000381469727,11.39367389678955,0.2936735153198242
11.199999809265137,11.039125442504883,-0.1608743667602539
11.59999942779541,11.561963081359863,-0.038036346435546875
11.100000381469727,11.303812026977539,0.2038116455078125
11.100000381469727,11.173102378845215,0.07310199737548828
10.622879028320312,11.374068260192871,0.7511892318725586
11.841362953186035,11.673474311828613,-0.16788864135742188
11.90000057220459,11.97533130645752,0.07533073425292969
13.100000381469727,14.306859970092773,1.2068595886230469
11.90000057220459,11.887102127075195,-0.012898445129394531
11.90000057220459,11.824198722839355,-0.07580184936523438
11.90000057220459,13.45724868774414,1.5572481155395508
11.90000057220459,11.805408477783203,-0.09459209442138672
11.90000057220459,12.238384246826172,0.33838367462158203
11.90000057220459,11.702985763549805,-0.19701480865478516
11.90000057220459,11.778858184814453,-0.12114238739013672
11.90000057220459,11.949189186096191,0.04918861389160156
11.90000057220459,11.810718536376953,-0.08928203582763672
11.90000057220459,11.839719772338867,-0.060280799865722656
11.90000057220459,11.862594604492188,-0.037405967712402344
11.90000057220459,12.672992706298828,0.7729921340942383
11.199999809265137,10.960699081420898,-0.23930072784423828
11.699999809265137,11.199243545532227,-0.5007562637329102
11.199999809265137,11.248260498046875,0.04826068878173828
11.199999809265137,11.133889198303223,-0.06611061096191406
11.40000057220459,11.022786140441895,-0.3772144317626953
11.5,11.03258991241455,-0.4674100875854492
11.40000057220459,11.24499225616455,-0.15500831604003906
12.542492866516113,11.483536720275879,-1.0589561462402344
11.90000057220459,11.634669303894043,-0.2653312683105469
11.199999809265137,11.251527786254883,0.051527976989746094
11.199999809265137,10.79731273651123,-0.40268707275390625
11.300000190734863,11.978598594665527,0.6785984039306641
11.199999809265137,11.156763076782227,-0.043236732482910156
11.199999809265137,11.133889198303223,-0.06611061096191406
11.199999809265137,11.163298606872559,-0.036701202392578125
11.5,11.820114135742188,0.3201141357421875
11.199999809265137,11.016250610351562,-0.18374919891357422
11.40000057220459,11.218850135803223,-0.1811504364013672
11.5,11.022786140441895,-0.47721385955810547
12.39999771118164,11.16983413696289,-1.23016357421875
12.19999885559082,11.225385665893555,-0.9746131896972656
11.300000190734863,11.694305419921875,0.3943052291870117
11.199999809265137,10.918218612670898,-0.2817811965942383
11.199999809265137,11.137157440185547,-0.06284236907958984
11.199999809265137,11.048928260803223,-0.15107154846191406
11.999998092651367,12.23184871673584,0.23185062408447266
11.999998092651367,12.06029224395752,0.060294151306152344
10.399999618530273,9.967308044433594,-0.4326915740966797
13.699980735778809,13.05204963684082,-0.6479310989379883
11.999998092651367,11.875664710998535,-0.12433338165283203
12.49999713897705,12.421377182006836,-0.07861995697021484
12.29999828338623,12.16649341583252,-0.13350486755371094
11.999998092651367,12.169761657714844,0.16976356506347656
11.999998092651367,12.016178131103516,0.016180038452148438
12.599996566772461,12.535747528076172,-0.06424903869628906
11.59999942779541,11.597090721130371,-0.0029087066650390625
11.300000190734863,11.375701904296875,0.07570171356201172
12.49999713897705,12.300470352172852,-0.19952678680419922
11.999998092651367,12.096237182617188,0.09623908996582031
11.999998092651367,12.173028945922852,0.17303085327148438
11.5,12.489999771118164,0.9899997711181641
11.5,11.111015319824219,-0.38898468017578125
11.999998092651367,12.329880714416504,0.3298826217651367
11.999998092651367,12.212242126464844,0.21224403381347656
11.300000190734863,11.365898132324219,0.06589794158935547
11.300000190734863,11.097944259643555,-0.2020559310913086
11.999998092651367,12.19917106628418,0.1991729736328125
11.100000381469727,10.751564025878906,-0.3484363555908203
11.100000381469727,10.898612022399902,-0.20138835906982422
11.999998092651367,11.981866836547852,-0.018131256103515625
11.800000190734863,12.07009506225586,0.2700948715209961
11.999998092651367,12.287399291992188,0.2874011993408203
11.300000190734863,10.771170616149902,-0.5288295745849609
13.999974250793457,13.313468933105469,-0.6865053176879883
11.999998092651367,11.764562606811523,-0.23543548583984375
12.100000381469727,12.437715530395508,0.33771514892578125
11.999998092651367,12.222044944763184,0.2220468521118164
11.999998092651367,12.176297187805176,0.1762990951538086
12.599996566772461,11.365898132324219,-1.2340984344482422
12.699997901916504,12.06029224395752,-0.6397056579589844
11.300000190734863,10.970502853393555,-0.3294973373413086
11.100000381469727,10.76463508605957,-0.33536529541015625
11.90000057220459,12.235116004943848,0.3351154327392578
11.199999809265137,11.016250610351562,-0.18374919891357422
11.5,12.271060943603516,0.7710609436035156
11.100000381469727,10.895344734191895,-0.20465564727783203
11.800000190734863,12.02761459350586,0.2276144027709961
11.5,11.968795776367188,0.4687957763671875
11.199999809265137,11.061999320983887,-0.13800048828125
12.100000381469727,12.973624229431152,0.8736238479614258
11.199999809265137,11.356095314025879,0.1560955047607422
11.199999809265137,11.078337669372559,-0.12166213989257812
11.199999809265137,11.176369667053223,-0.023630142211914062
11.199999809265137,11.022786140441895,-0.1772136688232422
11.199999809265137,11.111015319824219,-0.08898448944091797
11.199999809265137,11.07507038116455,-0.12492942810058594
11.199999809265137,11.472100257873535,0.27210044860839844
11.199999809265137,10.99991226196289,-0.2000875473022461
11.300000190734863,11.5913724899292,0.29137229919433594
11.199999809265137,11.071802139282227,-0.12819766998291016
11.100000381469727,10.934557914733887,-0.16544246673583984
11.199999809265137,11.07507038116455,-0.12492942810058594
11.199999809265137,10.996644020080566,-0.2033557891845703
11.199999809265137,11.186173439025879,-0.013826370239257812
11.300000190734863,11.416548728942871,0.11654853820800781
11.199999809265137,11.331586837768555,0.13158702850341797
11.199999809265137,11.045660018920898,-0.15433979034423828
11.199999809265137,11.300543785095215,0.10054397583007812
11.699999809265137,11.613429069519043,-0.08657073974609375
11.199999809265137,11.039125442504883,-0.1608743667602539
11.100000381469727,11.618330955505371,0.5183305740356445
11.59999942779541,11.00971508026123,-0.5902843475341797
11.199999809265137,11.061999320983887,-0.13800048828125
11.199999809265137,11.039125442504883,-0.1608743667602539
11.800000190734863,11.689200401306152,-0.11079978942871094
11.800000190734863,11.76762580871582,-0.03237438201904297
11.800000190734863,11.815620422363281,0.015620231628417969
11.800000190734863,11.790295600891113,-0.00970458984375
10.622879028320312,10.496681213378906,-0.12619781494140625
11.100000381469727,11.039125442504883,-0.06087493896484375
10.242667198181152,10.019591331481934,-0.22307586669921875
10.100000381469727,9.83659839630127,-0.26340198516845703
9.401029586791992,9.248406410217285,-0.15262317657470703
10.497940063476562,10.464003562927246,-0.033936500549316406
10.22493839263916,10.006521224975586,-0.21841716766357422
10.622879028320312,10.71235179901123,0.08947277069091797
13.100000381469727,13.496461868286133,0.39646148681640625
11.100000381469727,11.140424728393555,0.040424346923828125
12.039679527282715,11.396942138671875,-0.6427373886108398
11.578862190246582,11.9099760055542,0.3311138153076172
11.86143970489502,12.043953895568848,0.18251419067382812
13.100000381469727,13.496461868286133,0.39646148681640625
11.100000381469727,11.039125442504883,-0.06087493896484375
10.401029586791992,10.333293914794922,-0.06773567199707031
14.200179100036621,14.672845840454102,0.47266674041748047
11.800000190734863,11.717875480651855,-0.08212471008300781
11.800000190734863,11.707121849060059,-0.09287834167480469
9.401029586791992,9.143838882446289,-0.2571907043457031
11.05860710144043,11.447591781616211,0.38898468017578125
12.100000381469727,12.10277271270752,0.0027723312377929688
11.999998092651367,11.854424476623535,-0.14557361602783203
11.800000190734863,11.79928207397461,-0.0007181167602539062
11.800000190734863,11.568497657775879,-0.23150253295898438
11.800000190734863,11.791112899780273,-0.008887290954589844
10.798970222473145,9.862740516662598,-0.9362297058105469
11.800000190734863,11.683685302734375,-0.11631488800048828
9.893174171447754,9.78431510925293,-0.10885906219482422
12.19690990447998,12.869056701660156,0.6721467971801758
11.100000381469727,10.82999038696289,-0.27000999450683594
11.800000190734863,11.8250150680542,0.025014877319335938
11.800000190734863,11.78335189819336,-0.016648292541503906
11.800000190734863,11.673270225524902,-0.12672996520996094
12.89999771118164,12.76448917388916,-0.13550853729248047
11.800000190734863,12.855985641479492,1.055985450744629
11.800000190734863,11.694305419921875,-0.10569477081298828
12.32184886932373,12.542283058166504,0.22043418884277344
11.800000190734863,11.759864807128906,-0.04013538360595703
12.476750373840332,12.290667533874512,-0.1860828399658203
11.999998092651367,12.290667533874512,0.29066944122314453
13.100000381469727,12.588031768798828,-0.5119686126708984
10.702059745788574,10.67967414855957,-0.022385597229003906
11.800000190734863,12.672992706298828,0.8729925155639648
11.213943481445312,9.993450164794922,-1.2204933166503906
10.702059745788574,10.64699649810791,-0.05506324768066406
10.777780532836914,9.849669456481934,-0.9281110763549805
9.401029586791992,9.143838882446289,-0.2571907043457031
10.986056327819824,10.92475414276123,-0.06130218505859375
11.100000381469727,11.00971508026123,-0.0902853012084961
12.100000381469727,12.921339988708496,0.8213396072387695
14.100000381469727,12.88212776184082,-1.2178726196289062
10.401029586791992,10.098017692565918,-0.3030118942260742
11.100000381469727,10.996644020080566,-0.10335636138916016
11.622879028320312,11.32995319366455,-0.2929258346557617
10.622879028320312,10.522823333740234,-0.10005569458007812
10.702059745788574,10.673138618469238,-0.028921127319335938
10.145757675170898,9.640534400939941,-0.505223274230957
11.401029586791992,11.754758834838867,0.353729248046875
12.702059745788574,12.980159759521484,0.27810001373291016
10.702059745788574,10.640460968017578,-0.061598777770996094
9.94163703918457,9.575180053710938,-0.3664569854736328
14.419136047363281,14.424498558044434,0.005362510681152344
9.798970222473145,9.95423698425293,0.15526676177978516
10.100000381469727,10.18951416015625,0.08951377868652344
13.52021598815918,13.705596923828125,0.1853809356689453
13.117729187011719,13.45724868774414,0.3395195007324219
13.05860710144043,13.4049654006958,0.3463582992553711
10.497940063476562,10.182978630065918,-0.31496143341064453
9.798970222473145,9.653605461120605,-0.14536476135253906
10.622879028320312,10.450932502746582,-0.17194652557373047
9.798970222473145,9.640534400939941,-0.15843582153320312
9.100000381469727,9.209193229675293,0.1091928482055664
11.100000381469727,10.660067558288574,-0.43993282318115234
11.199999809265137,11.251527786254883,0.051527976989746094
10.594849586486816,10.503216743469238,-0.09163284301757812
11.199999809265137,11.225385665893555,0.02538585662841797
11.199999809265137,11.401844024658203,0.2018442153930664
11.401029586791992,11.43615436553955,0.035124778747558594
11.199999809265137,11.28747272491455,0.08747291564941406
12.29999828338623,12.016178131103516,-0.28382015228271484
10.702059745788574,10.490145683288574,-0.2119140625
11.199999809265137,11.528468132019043,0.32846832275390625
11.710833549499512,12.15669059753418,0.44585704803466797
10.702059745788574,10.464003562927246,-0.23805618286132812
10.100000381469727,9.692817687988281,-0.4071826934814453
11.199999809265137,11.341390609741211,0.14139080047607422
12.693459510803223,13.561816215515137,0.8683567047119141
12.100000381469727,12.398502349853516,0.29850196838378906
10.401029586791992,10.911683082580566,0.5106534957885742
11.199999809265137,11.261330604553223,0.06133079528808594
11.199999809265137,11.11755084991455,-0.08244895935058594
11.199999809265137,11.140424728393555,-0.05957508087158203
9.401029586791992,8.986987113952637,-0.41404247283935547
11.199999809265137,11.290740966796875,0.09074115753173828
10.100000381469727,9.980379104614258,-0.11962127685546875
11.199999809265137,10.745028495788574,-0.4549713134765625
11.199999809265137,11.153495788574219,-0.04650402069091797
10.32184886932373,10.35943603515625,0.03758716583251953
11.497940063476562,11.523567199707031,0.02562713623046875
10.738271713256836,10.614319801330566,-0.12395191192626953
11.999998092651367,12.001473426818848,0.0014753341674804688
11.199999809265137,11.264598846435547,0.06459903717041016
14.986056327819824,14.777414321899414,-0.20864200592041016
10.497940063476562,10.019591331481934,-0.4783487319946289
11.199999809265137,11.182905197143555,-0.01709461212158203
10.702059745788574,10.548964500427246,-0.15309524536132812
11.199999809265137,11.078337669372559,-0.12166213989257812
11.199999809265137,11.215582847595215,0.015583038330078125
11.199999809265137,11.16003131866455,-0.03996849060058594
11.199999809265137,11.267866134643555,0.06786632537841797
12.29999828338623,12.372361183166504,0.07236289978027344
10.702059745788574,10.470539093017578,-0.2315206527709961
10.401029586791992,10.169907569885254,-0.23112201690673828
11.199999809265137,11.644064903259277,0.4440650939941406
11.199999809265137,11.140424728393555,-0.05957508087158203
11.199999809265137,11.251527786254883,0.051527976989746094
11.199999809265137,11.356095314025879,0.1560955047607422
11.568521499633789,11.837268829345703,0.26874732971191406
11.5,11.107747077941895,-0.39225292205810547
12.100000381469727,12.169761657714844,0.06976127624511719
11.199999809265137,12.421377182006836,1.2213773727416992
11.199999809265137,11.290740966796875,0.09074115753173828
11.59999942779541,11.539905548095703,-0.06009387969970703
11.199999809265137,11.218850135803223,0.018850326538085938
9.92102336883545,9.71895980834961,-0.20206356048583984
11.199999809265137,11.16983413696289,-0.030165672302246094
10.22493839263916,9.901952743530273,-0.3229856491088867
10.401029586791992,10.228726387023926,-0.1723031997680664
11.199999809265137,11.081605911254883,-0.1183938980102539
11.401029586791992,11.408378601074219,0.0073490142822265625
10.020818710327148,9.78431510925293,-0.23650360107421875
11.578862190246582,11.988402366638184,0.40954017639160156
9.798970222473145,9.575180053710938,-0.22379016876220703
10.702059745788574,10.640460968017578,-0.061598777770996094
13.652841567993164,13.640241622924805,-0.012599945068359375
10.32184886932373,10.267939567565918,-0.0539093017578125
10.637601852416992,10.843060493469238,0.2054586410522461
10.100000381469727,9.339902877807617,-0.7600975036621094
11.100000381469727,11.120818138122559,0.02081775665283203
10.55593204498291,10.235261917114258,-0.32067012786865234
9.798970222473145,9.941165924072266,0.1421957015991211
10.702059745788574,10.44439697265625,-0.2576627731323242
9.97848129272461,9.83659839630127,-0.14188289642333984
10.078810691833496,9.732030868530273,-0.34677982330322266
10.22493839263916,10.117623329162598,-0.1073150634765625
10.497940063476562,10.346364974975586,-0.15157508850097656
9.702059745788574,9.326831817626953,-0.3752279281616211
9.497940063476562,9.26147747039795,-0.23646259307861328
10.923909187316895,10.784241676330566,-0.13966751098632812
10.186185836791992,9.915023803710938,-0.2711620330810547
13.19690990447998,12.588031768798828,-0.6088781356811523
9.798970222473145,10.006521224975586,0.2075510025024414
11.19690990447998,11.360997200012207,0.16408729553222656
10.095678329467773,9.862740516662598,-0.23293781280517578
13.497940063476562,13.444177627563477,-0.05376243591308594
11.100000381469727,11.058731079101562,-0.04126930236816406
10.702059745788574,10.620855331420898,-0.08120441436767578
11.199999809265137,11.195976257324219,-0.004023551940917969
11.199999809265137,11.326685905456543,0.12668609619140625
11.199999809265137,11.290740966796875,0.09074115753173828
9.401029586791992,9.104625701904297,-0.2964038848876953
11.199999809265137,11.07507038116455,-0.12492942810058594
11.199999809265137,11.258063316345215,0.058063507080078125
11.199999809265137,11.124086380004883,-0.0759134292602539
12.39999771118164,12.07009506225586,-0.32990264892578125
11.199999809265137,11.238456726074219,0.03845691680908203
11.199999809265137,11.5064115524292,0.3064117431640625
11.199999809265137,11.315248489379883,0.1152486801147461
11.300000190734863,11.153495788574219,-0.14650440216064453
12.367606163024902,12.5618896484375,0.19428348541259766
11.020818710327148,11.186173439025879,0.16535472869873047
11.100000381469727,11.28747272491455,0.18747234344482422
11.199999809265137,11.150228500366211,-0.04977130889892578
10.702059745788574,10.457468032836914,-0.24459171295166016
9.798970222473145,9.823527336120605,0.024557113647460938
11.199999809265137,11.284205436706543,0.08420562744140625
11.100000381469727,11.019518852233887,-0.08048152923583984
11.199999809265137,11.450860023498535,0.25086021423339844
12.145757675170898,12.447519302368164,0.3017616271972656
11.199999809265137,11.107747077941895,-0.09225273132324219
10.100000381469727,9.83659839630127,-0.26340198516845703
10.702059745788574,10.490145683288574,-0.2119140625
11.199999809265137,11.104479789733887,-0.09552001953125
11.199999809265137,11.061999320983887,-0.13800048828125
11.199999809265137,11.08487319946289,-0.1151266098022461
12.55593204498291,12.666457176208496,0.11052513122558594
11.300000190734863,11.834818840026855,0.5348186492919922
12.020818710327148,12.738347053527832,0.7175283432006836
10.608638763427734,10.581642150878906,-0.026996612548828125
11.199999809265137,11.300543785095215,0.10054397583007812
11.199999809265137,11.235189437866211,0.03518962860107422
11.40000057220459,11.334855079650879,-0.06514549255371094
13.622879028320312,13.627171516418457,0.004292488098144531
11.199999809265137,11.215582847595215,0.015583038330078125
11.923909187316895,12.024347305297852,0.10043811798095703
11.300000190734863,11.760886192321777,0.46088600158691406
9.798970222473145,9.457541465759277,-0.3414287567138672
11.199999809265137,11.045660018920898,-0.15433979034423828
9.100000381469727,9.026200294494629,-0.07380008697509766
11.199999809265137,11.271134376525879,0.07113456726074219
11.199999809265137,11.166566848754883,-0.033432960510253906
11.300000190734863,11.92141342163086,0.6214132308959961
11.199999809265137,11.061999320983887,-0.13800048828125
10.100000381469727,9.810456275939941,-0.28954410552978516
11.199999809265137,11.267866134643555,0.06786632537841797
10.401029586791992,10.196049690246582,-0.20497989654541016
11.90000057220459,11.205779075622559,-0.6942214965820312
11.199999809265137,11.176369667053223,-0.023630142211914062
13.22493839263916,13.025907516479492,-0.19903087615966797
11.199999809265137,11.339756965637207,0.1397571563720703
11.999998092651367,11.065266609191895,-0.9347314834594727
10.702059745788574,10.56203556060791,-0.14002418518066406
10.5,10.718887329101562,0.2188873291015625
10.32184886932373,10.098017692565918,-0.2238311767578125
14.100000381469727,14.29378890991211,0.1937885284423828
11.699999809265137,11.486804962158203,-0.2131948471069336
11.800000190734863,11.504776954650879,-0.2952232360839844
10.702059745788574,10.555500030517578,-0.1465597152709961
12.19999885559082,11.790295600891113,-0.40970325469970703
9.497940063476562,9.287618637084961,-0.21032142639160156
11.699999809265137,12.493267059326172,0.7932672500610352
12.986056327819824,12.901734352111816,-0.08432197570800781
12.100000381469727,11.782942771911621,-0.31705760955810547
12.702059745788574,13.13701057434082,0.4349508285522461
13.19151496887207,13.05204963684082,-0.13946533203125
11.100000381469727,11.523567199707031,0.4235668182373047
10.738271713256836,10.627389907836914,-0.11088180541992188
11.100000381469727,11.16003131866455,0.06003093719482422
11.699999809265137,11.86913013458252,0.1691303253173828
12.599996566772461,11.316882133483887,-1.2831144332885742
12.351812362670898,12.633779525756836,0.2819671630859375
9.798970222473145,9.522895812988281,-0.2760744094848633
14.100000381469727,14.215363502502441,0.11536312103271484
10.844727516174316,10.640460968017578,-0.20426654815673828
12.100000381469727,12.24165153503418,0.14165115356445312
13.497940063476562,13.744810104370117,0.2468700408935547
11.699999809265137,12.450786590576172,0.7507867813110352
11.90000057220459,11.871580123901367,-0.028420448303222656
11.800000190734863,11.729280471801758,-0.07071971893310547
9.94163703918457,9.588251113891602,-0.35338592529296875
13.798970222473145,14.150009155273438,0.35103893280029297
10.798970222473145,11.006447792053223,0.20747756958007812
10.497940063476562,10.385578155517578,-0.11236190795898438
12.29999828338623,12.790631294250488,0.4906330108642578
10.702059745788574,10.660067558288574,-0.0419921875
13.581485748291016,13.679454803466797,0.09796905517578125
12.699997901916504,12.5194091796875,-0.1805887222290039
10.100000381469727,9.797386169433594,-0.3026142120361328
12.821246147155762,12.539015769958496,-0.2822303771972656
10.986056327819824,10.79731273651123,-0.18874359130859375
13.000008583068848,12.771024703979492,-0.22898387908935547
11.199999809265137,11.140424728393555,-0.05957508087158203
12.39999771118164,12.908269882202148,0.5082721710205078
11.300000190734863,11.470465660095215,0.17046546936035156
11.199999809265137,11.058731079101562,-0.14126873016357422
11.59999942779541,11.452493667602539,-0.1475057601928711
11.59999942779541,11.95409107208252,0.3540916442871094
13.000008583068848,11.536637306213379,-1.4633712768554688
11.199999809265137,11.048928260803223,-0.15107154846191406
11.199999809265137,11.133889198303223,-0.06611061096191406
12.599996566772461,11.300543785095215,-1.299452781677246
11.199999809265137,11.016250610351562,-0.18374919891357422
11.199999809265137,11.035857200622559,-0.16414260864257812
11.199999809265137,11.05219554901123,-0.14780426025390625
11.199999809265137,11.088141441345215,-0.11185836791992188
11.199999809265137,11.674086570739746,0.4740867614746094
13.999974250793457,12.712204933166504,-1.2877693176269531
11.199999809265137,11.026054382324219,-0.17394542694091797
11.40000057220459,11.488438606262207,0.08843803405761719
11.199999809265137,11.124086380004883,-0.0759134292602539
12.100000381469727,11.875664710998535,-0.2243356704711914
11.199999809265137,11.068534851074219,-0.13146495819091797
11.199999809265137,10.983573913574219,-0.21642589569091797
11.199999809265137,11.163298606872559,-0.036701202392578125
11.199999809265137,11.03258991241455,-0.16740989685058594
11.199999809265137,11.012983322143555,-0.18701648712158203
11.90000057220459,12.480195999145508,0.580195426940918
11.40000057220459,11.490072250366211,0.0900716781616211
10.622879028320312,10.182978630065918,-0.43990039825439453
11.59999942779541,11.716694831848145,0.11669540405273438
11.59999942779541,11.5595121383667,-0.04048728942871094
11.59999942779541,11.584836959838867,-0.015162467956542969
10.622879028320312,10.235261917114258,-0.3876171112060547
11.59999942779541,11.655909538269043,0.05591011047363281
14.400162696838379,14.868910789489746,0.4687480926513672
11.59999942779541,11.549708366394043,-0.05029106140136719
11.59999942779541,11.808676719665527,0.2086772918701172
11.59999942779541,11.805817604064941,0.20581817626953125
11.59999942779541,11.516214370727539,-0.0837850570678711
10.800000190734863,9.967308044433594,-0.8326921463012695
11.59999942779541,11.646514892578125,0.046515464782714844
11.5,11.455760955810547,-0.044239044189453125
11.5,11.349559783935547,-0.15044021606445312
11.5,11.688383102416992,0.1883831024169922
11.5,11.344657897949219,-0.15534210205078125
11.5,11.205779075622559,-0.2942209243774414
11.5,11.444324493408203,-0.055675506591796875
11.5,11.43615436553955,-0.06384563446044922
11.5,11.357728958129883,-0.1422710418701172
11.5,11.315248489379883,-0.1847515106201172
11.5,11.472100257873535,-0.027899742126464844
11.5,11.615471839904785,0.11547183990478516
11.5,11.356095314025879,-0.1439046859741211
11.5,11.153495788574219,-0.34650421142578125
11.59999942779541,12.67952823638916,1.07952880859375
11.5,11.614246368408203,0.11424636840820312
11.5,11.455760955810547,-0.044239044189453125
11.5,11.398575782775879,-0.1014242172241211
11.59999942779541,11.730199813842773,0.13020038604736328
11.59999942779541,11.488438606262207,-0.11156082153320312
11.59999942779541,11.271134376525879,-0.32886505126953125
11.999998092651367,12.016178131103516,0.016180038452148438
11.59999942779541,11.840537071228027,0.2405376434326172
11.999998092651367,12.480195999145508,0.4801979064941406
11.59999942779541,11.870763778686523,0.2707643508911133
10.401029586791992,10.15683650970459,-0.24419307708740234
11.777780532836914,12.686063766479492,0.9082832336425781
10.29382038116455,9.888882637023926,-0.404937744140625
12.668636322021484,12.757953643798828,0.08931732177734375
11.254901885986328,11.006447792053223,-0.24845409393310547
10.622879028320312,10.601248741149902,-0.021630287170410156
10.702059745788574,10.568571090698242,-0.13348865509033203
14.100000381469727,14.12386703491211,0.023866653442382812
9.798970222473145,9.980379104614258,0.18140888214111328
10.242667198181152,10.006521224975586,-0.2361459732055664
10.100000381469727,9.915023803710938,-0.18497657775878906
10.497940063476562,10.431325912475586,-0.06661415100097656
13.543697357177734,13.640241622924805,0.09654426574707031
10.702059745788574,10.535893440246582,-0.1661663055419922
9.798970222473145,9.66667652130127,-0.132293701171875
12.821246147155762,12.574960708618164,-0.24628543853759766
9.798970222473145,9.745101928710938,-0.05386829376220703
9.798970222473145,9.601322174072266,-0.1976480484008789
9.100000381469727,9.980379104614258,0.8803787231445312
14.100000381469727,14.019299507141113,-0.08070087432861328
11.020818710327148,10.980305671691895,-0.040513038635253906
10.622879028320312,10.516287803649902,-0.10659122467041016
11.100000381469727,11.133889198303223,0.033888816833496094
9.702059745788574,9.339902877807617,-0.36215686798095703
13.401029586791992,13.293862342834473,-0.10716724395751953
10.622879028320312,10.405184745788574,-0.21769428253173828
13.19151496887207,13.05204963684082,-0.13946533203125
10.165501594543457,10.006521224975586,-0.1589803695678711
12.351812362670898,12.463857650756836,0.1120452880859375
11.05860710144043,11.039125442504883,-0.019481658935546875
11.540742874145508,11.088141441345215,-0.45260143280029297
11.199999809265137,11.058731079101562,-0.14126873016357422
11.199999809265137,12.320076942443848,1.120077133178711
11.100000381469727,11.21231460571289,0.11231422424316406
11.40000057220459,11.261330604553223,-0.1386699676513672
11.199999809265137,11.029321670532227,-0.17067813873291016
11.5,12.218777656555176,0.7187776565551758
13.100000381469727,13.143546104431152,0.04354572296142578
11.100000381469727,10.928022384643555,-0.17197799682617188
11.100000381469727,10.950896263122559,-0.14910411834716797
11.199999809265137,11.055463790893555,-0.14453601837158203
11.90000057220459,11.225385665893555,-0.6746149063110352
11.5,11.839719772338867,0.3397197723388672
11.199999809265137,11.091408729553223,-0.10859107971191406
11.90000057220459,13.065120697021484,1.1651201248168945
11.100000381469727,10.856131553649902,-0.24386882781982422
11.90000057220459,12.109308242797852,0.20930767059326172
11.199999809265137,11.491705894470215,0.2917060852050781
12.100000381469727,12.109308242797852,0.009307861328125
11.800000190734863,12.106040954589844,0.30604076385498047
11.40000057220459,11.133889198303223,-0.2661113739013672
11.100000381469727,11.048928260803223,-0.051072120666503906
11.100000381469727,10.96723461151123,-0.1327657699584961
13.999974250793457,13.418036460876465,-0.5819377899169922
11.100000381469727,10.934557914733887,-0.16544246673583984
12.100000381469727,12.751418113708496,0.6514177322387695
11.59999942779541,12.686063766479492,1.086064338684082
11.999998092651367,12.829843521118164,0.8298454284667969
11.215384483337402,11.094676971435547,-0.12070751190185547
11.199999809265137,10.869202613830566,-0.3307971954345703
11.100000381469727,11.094676971435547,-0.0053234100341796875
11.199999809265137,10.990108489990234,-0.20989131927490234
13.100000381469727,12.973624229431152,-0.12637615203857422
12.89999771118164,12.235116004943848,-0.664881706237793
11.199999809265137,11.045660018920898,-0.15433979034423828
11.100000381469727,11.124086380004883,0.02408599853515625
11.699999809265137,11.16983413696289,-0.5301656723022461
11.199999809265137,11.045660018920898,-0.15433979034423828
11.199999809265137,11.390406608581543,0.19040679931640625
11.5,11.820114135742188,0.3201141357421875
11.199999809265137,11.303812026977539,0.10381221771240234
11.100000381469727,11.302177429199219,0.2021770477294922
11.59999942779541,11.382237434387207,-0.21776199340820312
11.199999809265137,11.693999290466309,0.4939994812011719
11.40000057220459,12.025980949401855,0.6259803771972656
11.999998092651367,12.313541412353516,0.31354331970214844
13.000008583068848,13.156617164611816,0.15660858154296875
11.100000381469727,11.022786140441895,-0.07721424102783203
12.29999828338623,13.071656227111816,0.7716579437255859
11.199999809265137,11.225385665893555,0.02538585662841797
11.199999809265137,11.094676971435547,-0.10532283782958984
11.100000381469727,11.029321670532227,-0.0706787109375
11.100000381469727,11.41491413116455,0.3149137496948242
11.199999809265137,11.251527786254883,0.051527976989746094
11.5,11.801323890686035,0.30132389068603516
11.5,10.898612022399902,-0.6013879776000977
11.59999942779541,11.486804962158203,-0.11319446563720703
11.100000381469727,11.006447792053223,-0.0935525894165039
12.599996566772461,12.771024703979492,0.17102813720703125
11.100000381469727,10.944360733032227,-0.1556396484375
11.300000190734863,11.07507038116455,-0.2249298095703125
11.100000381469727,11.088141441345215,-0.011858940124511719
13.399989128112793,11.598724365234375,-1.801264762878418
11.999998092651367,11.124086380004883,-0.8759117126464844
11.5,11.369166374206543,-0.13083362579345703
11.40000057220459,10.954163551330566,-0.44583702087402344
11.100000381469727,11.695122718811035,0.5951223373413086
11.199999809265137,11.058731079101562,-0.14126873016357422
11.40000057220459,11.659177780151367,0.25917720794677734
11.5,11.537454605102539,0.03745460510253906
11.5,11.6019926071167,0.10199260711669922
11.5,12.228580474853516,0.7285804748535156
11.40000057220459,12.011276245117188,0.6112756729125977
11.100000381469727,11.003179550170898,-0.09682083129882812
11.798970222473145,11.944287300109863,0.14531707763671875
11.100000381469727,11.318516731262207,0.21851634979248047
11.5,11.392040252685547,-0.10795974731445312
11.100000381469727,10.895344734191895,-0.20465564727783203
11.5,11.352828025817871,-0.1471719741821289
10.401029586791992,12.382164001464844,1.9811344146728516
12.100000381469727,12.212242126464844,0.11224174499511719
11.5,11.297276496887207,-0.20272350311279297
11.5,11.452493667602539,-0.04750633239746094
11.5,11.432887077331543,-0.06711292266845703
11.5,11.557061195373535,0.057061195373535156
11.5,11.736581802368164,0.23658180236816406
13.100000381469727,12.04885482788086,-1.0511455535888672
11.5,11.503143310546875,0.003143310546875
11.5,11.313614845275879,-0.1863851547241211
11.5,11.541539192199707,0.04153919219970703
11.5,11.861777305603027,0.36177730560302734
11.5,11.486804962158203,-0.013195037841796875
12.32184886932373,13.012836456298828,0.6909875869750977
11.5,11.748019218444824,0.24801921844482422
10.798970222473145,11.058731079101562,0.25976085662841797
11.100000381469727,10.222190856933594,-0.8778095245361328
11.5,11.101211547851562,-0.3987884521484375
11.300000190734863,11.192708969116211,-0.10729122161865234
11.300000190734863,11.104479789733887,-0.19552040100097656
11.800000190734863,12.757953643798828,0.9579534530639648
11.300000190734863,11.088141441345215,-0.21185874938964844
11.300000190734863,11.094676971435547,-0.2053232192993164
12.29999828338623,11.264598846435547,-1.0353994369506836
11.300000190734863,11.120818138122559,-0.1791820526123047
11.300000190734863,11.12735366821289,-0.17264652252197266
11.300000190734863,11.068534851074219,-0.23146533966064453
12.19999885559082,12.372361183166504,0.1723623275756836
11.300000190734863,11.721979141235352,0.4219789505004883
11.300000190734863,11.20251178741455,-0.0974884033203125
11.5,11.837268829345703,0.3372688293457031
11.300000190734863,11.124086380004883,-0.17591381072998047
12.699997901916504,13.195830345153809,0.4958324432373047
12.19999885559082,12.601102828979492,0.4011039733886719
11.300000190734863,11.097944259643555,-0.2020559310913086
12.29999828338623,12.375628471374512,0.07563018798828125
12.799991607666016,13.235042572021484,0.43505096435546875
11.300000190734863,11.673270225524902,0.37327003479003906
13.100000381469727,13.156617164611816,0.056616783142089844
11.40000057220459,11.998205184936523,0.5982046127319336
11.90000057220459,11.962260246276855,0.062259674072265625
11.40000057220459,11.837268829345703,0.4372682571411133
11.300000190734863,11.104479789733887,-0.19552040100097656
11.800000190734863,12.388699531555176,0.5886993408203125
12.100000381469727,11.408378601074219,-0.6916217803955078
11.100000381469727,10.568571090698242,-0.5314292907714844
11.59999942779541,11.579117774963379,-0.02088165283203125
11.59999942779541,11.637529373168945,0.037529945373535156
11.59999942779541,11.528468132019043,-0.07153129577636719
11.59999942779541,11.703495979309082,0.10349655151367188
11.59999942779541,11.702679634094238,0.10268020629882812
11.59999942779541,11.601175308227539,0.0011758804321289062
11.59999942779541,11.521116256713867,-0.07888317108154297
11.59999942779541,11.712406158447266,0.11240673065185547
11.59999942779541,11.546441078186035,-0.053558349609375
11.100000381469727,10.346364974975586,-0.7536354064941406
11.59999942779541,11.557877540588379,-0.04212188720703125
11.100000381469727,10.39211368560791,-0.7078866958618164
11.59999942779541,11.587287902832031,-0.012711524963378906
12.05860710144043,10.607784271240234,-1.4508228302001953
11.59999942779541,11.75700569152832,0.15700626373291016
12.699997901916504,13.640241622924805,0.9402437210083008
11.90000057220459,11.749652862548828,-0.15034770965576172
11.90000057220459,11.865861892700195,-0.03413867950439453
11.90000057220459,11.912426948547363,0.012426376342773438
11.90000057220459,11.785802841186523,-0.1141977310180664
11.90000057220459,11.955724716186523,0.055724143981933594
11.90000057220459,11.746793746948242,-0.15320682525634766
11.90000057220459,11.739645957946777,-0.1603546142578125
11.90000057220459,11.834001541137695,-0.06599903106689453
11.90000057220459,11.802549362182617,-0.09745121002197266
11.90000057220459,11.827466011047363,-0.07253456115722656
13.100000381469727,12.784095764160156,-0.3159046173095703
12.29999828338623,11.993303298950195,-0.30669498443603516
11.90000057220459,11.742198944091797,-0.15780162811279297
13.500007629394531,13.927803039550781,0.42779541015625
11.90000057220459,11.797648429870605,-0.10235214233398438
11.90000057220459,11.796013832092285,-0.10398674011230469
11.90000057220459,11.721966743469238,-0.17803382873535156
11.90000057220459,12.705669403076172,0.805668830871582
11.90000057220459,12.512873649597168,0.6128730773925781
11.90000057220459,11.875664710998535,-0.024335861206054688
11.90000057220459,11.777632713317871,-0.12236785888671875
11.90000057220459,11.78866195678711,-0.11133861541748047
11.90000057220459,11.834818840026855,-0.06518173217773438
11.90000057220459,11.839719772338867,-0.060280799865722656
11.90000057220459,11.826648712158203,-0.07335186004638672
13.699980735778809,14.17615032196045,0.4761695861816406
11.90000057220459,11.819296836853027,-0.0807037353515625
11.300000190734863,12.751418113708496,1.4514179229736328
12.100000381469727,12.143619537353516,0.04361915588378906
11.5,12.02924919128418,0.5292491912841797
11.800000190734863,11.579117774963379,-0.22088241577148438
10.5,10.163372039794922,-0.3366279602050781
11.5,11.610979080200195,0.11097908020019531
12.100000381469727,12.751418113708496,0.6514177322387695
10.399999618530273,10.091482162475586,-0.3085174560546875
11.40000057220459,11.816845893859863,0.41684532165527344
11.300000190734863,11.039125442504883,-0.26087474822998047
12.89999771118164,13.470319747924805,0.5703220367431641
13.600038528442383,13.967015266418457,0.3669767379760742
11.59999942779541,11.673474311828613,0.07347488403320312
11.800000190734863,11.617105484008789,-0.18289470672607422
12.29999828338623,12.757953643798828,0.45795536041259766
11.199999809265137,11.097944259643555,-0.10205554962158203
12.799991607666016,13.346145629882812,0.5461540222167969
11.300000190734863,11.277669906616211,-0.022330284118652344
11.5,11.7013521194458,0.20135211944580078
11.550000190734863,11.563596725463867,0.013596534729003906
11.800000190734863,11.561963081359863,-0.238037109375
12.799991607666016,13.110869407653809,0.31087779998779297
12.49999713897705,12.552085876464844,0.05208873748779297
11.800000190734863,11.655909538269043,-0.1440906524658203
13.399989128112793,13.45724868774414,0.057259559631347656
11.300000190734863,11.120818138122559,-0.1791820526123047
13.000008583068848,13.666383743286133,0.6663751602172852
12.599996566772461,11.470465660095215,-1.129530906677246
12.699997901916504,12.163226127624512,-0.5367717742919922
11.300000190734863,11.163298606872559,-0.1367015838623047
11.300000190734863,11.215582847595215,-0.08441734313964844
14.700325965881348,15.274109840393066,0.5737838745117188
11.699999809265137,12.6468505859375,0.9468507766723633
11.59999942779541,11.370800018310547,-0.22919940948486328
10.199999809265137,10.30715274810791,0.10715293884277344
13.500007629394531,13.914731979370117,0.41472434997558594
11.2805757522583,11.209047317504883,-0.07152843475341797
11.699999809265137,11.365898132324219,-0.33410167694091797
11.300000190734863,11.21231460571289,-0.08768558502197266
11.0,10.365971565246582,-0.634028434753418
11.300000190734863,11.354461669921875,0.05446147918701172
12.39999771118164,12.19917106628418,-0.20082664489746094
11.300000190734863,10.977038383483887,-0.32296180725097656
12.49999713897705,12.940946578979492,0.4409494400024414
11.90000057220459,11.6444730758667,-0.2555274963378906
13.800057411193848,13.927803039550781,0.1277456283569336
11.999998092651367,11.323417663574219,-0.6765804290771484
11.300000190734863,11.689200401306152,0.38920021057128906
11.999998092651367,11.423084259033203,-0.5769138336181641
11.800000190734863,11.640796661376953,-0.15920352935791016
11.800000190734863,11.468832015991211,-0.33116817474365234
11.40000057220459,11.124086380004883,-0.27591419219970703
12.799991607666016,12.427912712097168,-0.37207889556884766
10.300000190734863,10.281010627746582,-0.01898956298828125
11.300000190734863,11.554610252380371,0.2546100616455078
11.300000190734863,11.20251178741455,-0.0974884033203125
11.40000057220459,11.490072250366211,0.0900716781616211
13.594849586486816,11.045660018920898,-2.549189567565918
10.622879028320312,11.508045196533203,0.8851661682128906
11.100000381469727,11.071802139282227,-0.0281982421875
11.800000190734863,12.447519302368164,0.6475191116333008
11.300000190734863,11.235189437866211,-0.06481075286865234
11.100000381469727,11.189440727233887,0.08944034576416016
11.100000381469727,11.186173439025879,0.08617305755615234
11.40000057220459,12.31680965423584,0.91680908203125
11.100000381469727,10.986841201782227,-0.1131591796875
11.100000381469727,10.977038383483887,-0.12296199798583984
11.5,10.918218612670898,-0.5817813873291016
11.100000381469727,10.901880264282227,-0.1981201171875
11.100000381469727,11.794380187988281,0.6943798065185547
11.100000381469727,11.356095314025879,0.25609493255615234
11.100000381469727,10.980305671691895,-0.11969470977783203
11.199999809265137,11.097944259643555,-0.10205554962158203
11.100000381469727,11.048928260803223,-0.051072120666503906
11.100000381469727,11.003179550170898,-0.09682083129882812
11.100000381469727,11.434520721435547,0.3345203399658203
12.89999771118164,12.692599296569824,-0.2073984146118164
11.100000381469727,10.954163551330566,-0.14583683013916016
11.100000381469727,11.012983322143555,-0.08701705932617188
11.199999809265137,11.853608131408691,0.6536083221435547
11.100000381469727,11.048928260803223,-0.051072120666503906
11.100000381469727,10.803848266601562,-0.29615211486816406
11.300000190734863,12.653386116027832,1.3533859252929688
11.100000381469727,10.96723461151123,-0.1327657699584961
13.2000150680542,13.522603988647461,0.3225889205932617
11.5,12.066827774047852,0.5668277740478516
12.699997901916504,11.712176322937012,-0.9878215789794922
11.199999809265137,11.022786140441895,-0.1772136688232422
11.199999809265137,10.931289672851562,-0.2687101364135742
11.699999809265137,11.897722244262695,0.1977224349975586
11.199999809265137,11.094676971435547,-0.10532283782958984
11.199999809265137,11.124086380004883,-0.0759134292602539
11.199999809265137,11.176369667053223,-0.023630142211914062
11.199999809265137,11.472100257873535,0.27210044860839844
11.199999809265137,11.300543785095215,0.10054397583007812
12.599996566772461,12.705669403076172,0.10567283630371094
11.199999809265137,11.189440727233887,-0.01055908203125
11.199999809265137,11.04239273071289,-0.1576070785522461
11.199999809265137,12.385432243347168,1.1854324340820312
11.199999809265137,10.99991226196289,-0.2000875473022461
11.999998092651367,11.490072250366211,-0.5099258422851562
13.500007629394531,12.829843521118164,-0.6701641082763672
11.199999809265137,11.07507038116455,-0.12492942810058594
11.199999809265137,11.241724967956543,0.04172515869140625
11.699999809265137,12.31680965423584,0.6168098449707031
11.199999809265137,11.199243545532227,-0.0007562637329101562
11.199999809265137,11.088141441345215,-0.11185836791992188
12.599996566772461,12.607637405395508,0.007640838623046875
11.199999809265137,11.25479507446289,0.054795265197753906
11.199999809265137,11.137157440185547,-0.06284236907958984
11.199999809265137,11.061999320983887,-0.13800048828125
11.5,12.290667533874512,0.7906675338745117
12.100000381469727,12.473660469055176,0.3736600875854492
11.5,11.557877540588379,0.057877540588378906
11.90000057220459,11.891186714172363,-0.008813858032226562
11.199999809265137,11.101211547851562,-0.09878826141357422
11.199999809265137,11.068534851074219,-0.13146495819091797
11.199999809265137,11.091408729553223,-0.10859107971191406
11.699999809265137,11.652642250061035,-0.04735755920410156
11.699999809265137,11.682868957519531,-0.01713085174560547
11.699999809265137,11.344657897949219,-0.35534191131591797
11.100000381469727,10.89207649230957,-0.20792388916015625
11.699999809265137,12.058658599853516,0.3586587905883789
11.699999809265137,11.637120246887207,-0.06287956237792969
11.59999942779541,11.795197486877441,0.19519805908203125
11.699999809265137,11.615063667297363,-0.08493614196777344
14.200179100036621,14.215363502502441,0.015184402465820312
11.59999942779541,11.547257423400879,-0.05274200439453125
11.699999809265137,11.588921546936035,-0.11107826232910156
11.699999809265137,11.679805755615234,-0.020194053649902344
11.699999809265137,11.92223072052002,0.2222309112548828
13.986056327819824,14.738201141357422,0.7521448135375977
11.999998092651367,12.640315055847168,0.6403169631958008
11.699999809265137,11.548074722290039,-0.15192508697509766
12.100000381469727,12.875592231750488,0.7755918502807617
11.59999942779541,11.486804962158203,-0.11319446563720703
11.19690990447998,10.751564025878906,-0.4453458786010742
13.100000381469727,12.59456729888916,-0.5054330825805664
11.59999942779541,11.567681312561035,-0.032318115234375
11.59999942779541,11.491705894470215,-0.10829353332519531
11.59999942779541,11.173102378845215,-0.4268970489501953
12.49999713897705,12.408306121826172,-0.0916910171508789
13.149993896484375,14.110795974731445,0.9608020782470703
11.699999809265137,11.717754364013672,0.017754554748535156
11.699999809265137,11.717780113220215,0.017780303955078125
11.699999809265137,11.615471839904785,-0.08452796936035156
11.699999809265137,11.656318664550781,-0.04368114471435547
11.90000057220459,11.691038131713867,-0.20896244049072266
11.254901885986328,10.705816268920898,-0.5490856170654297
11.90000057220459,12.00637435913086,0.10637378692626953
11.699999809265137,11.725221633911133,0.025221824645996094
11.699999809265137,11.641613960266113,-0.05838584899902344
11.699999809265137,11.72399616241455,0.023996353149414062
11.59999942779541,11.318516731262207,-0.2814826965332031
11.59999942779541,11.405111312866211,-0.19488811492919922
11.699999809265137,11.662445068359375,-0.03755474090576172
11.699999809265137,11.6019926071167,-0.0980072021484375
11.59999942779541,11.770280838012695,0.17028141021728516
11.59999942779541,11.622007369995117,0.02200794219970703
11.699999809265137,11.72185230255127,0.021852493286132812
11.701029777526855,11.594639778137207,-0.10638999938964844
11.699999809265137,11.782942771911621,0.08294296264648438
11.699999809265137,11.651824951171875,-0.04817485809326172
11.699999809265137,11.579117774963379,-0.12088203430175781
11.699999809265137,11.632627487182617,-0.06737232208251953
11.254901885986328,10.620855331420898,-0.6340465545654297
11.999998092651367,12.163226127624512,0.16322803497314453
11.90000057220459,11.945921897888184,0.04592132568359375
11.699999809265137,11.791929244995117,0.09192943572998047
11.699999809265137,11.565230369567871,-0.13476943969726562
12.39999771118164,11.793562889099121,-0.6064348220825195
13.100000381469727,11.762723922729492,-1.3372764587402344
12.100000381469727,10.977038383483887,-1.1229619979858398
11.199999809265137,11.554610252380371,0.3546104431152344
11.40000057220459,11.766400337219238,0.36639976501464844
11.199999809265137,12.228580474853516,1.028580665588379
11.199999809265137,10.954163551330566,-0.2458362579345703
11.40000057220459,11.091408729553223,-0.3085918426513672
11.199999809265137,10.993376731872559,-0.20662307739257812
11.199999809265137,10.973770141601562,-0.22622966766357422
11.199999809265137,11.24499225616455,0.04499244689941406
12.49999713897705,11.663262367248535,-0.8367347717285156
12.29999828338623,12.457322120666504,0.15732383728027344
11.199999809265137,11.752307891845703,0.5523080825805664
11.199999809265137,11.396942138671875,0.19694232940673828
11.199999809265137,11.21231460571289,0.012314796447753906
11.199999809265137,11.385504722595215,0.18550491333007812
11.40000057220459,11.549708366394043,0.14970779418945312
11.199999809265137,11.189440727233887,-0.01055908203125
11.199999809265137,13.587958335876465,2.387958526611328
11.199999809265137,11.300543785095215,0.10054397583007812
11.199999809265137,11.20251178741455,0.0025119781494140625
11.199999809265137,10.993376731872559,-0.20662307739257812
11.699999809265137,11.941020011901855,0.24102020263671875
11.199999809265137,10.986841201782227,-0.21315860748291016
12.39999771118164,13.267720222473145,0.8677225112915039
11.199999809265137,11.826648712158203,0.6266489028930664
11.199999809265137,11.05219554901123,-0.14780426025390625
11.199999809265137,10.99991226196289,-0.2000875473022461
10.100000381469727,9.862740516662598,-0.2372598648071289
10.622879028320312,10.20911979675293,-0.4137592315673828
11.800000190734863,12.718740463256836,0.9187402725219727
13.2000150680542,13.33961009979248,0.13959503173828125
11.800000190734863,11.750470161437988,-0.049530029296875
11.800000190734863,12.88212776184082,1.082127571105957
12.49999713897705,11.795605659484863,-0.7043914794921875
11.800000190734863,11.685115814208984,-0.1148843765258789
11.800000190734863,11.706048965454102,-0.09395122528076172
14.19690990447998,14.163080215454102,-0.033829689025878906
12.100000381469727,12.110941886901855,0.010941505432128906
11.90000057220459,13.5748872756958,1.674886703491211
12.699997901916504,12.633779525756836,-0.06621837615966797
12.207905769348145,12.67952823638916,0.4716224670410156
11.800000190734863,11.721124649047852,-0.07887554168701172
14.400162696838379,13.4049654006958,-0.9951972961425781
10.401029586791992,10.182978630065918,-0.21805095672607422
11.800000190734863,12.378896713256836,0.5788965225219727
9.798970222473145,9.653605461120605,-0.14536476135253906
11.800000190734863,11.728362083435059,-0.07163810729980469
10.100000381469727,10.313688278198242,0.21368789672851562
13.600038528442383,13.561816215515137,-0.038222312927246094
11.800000190734863,11.736377716064453,-0.06362247467041016
11.800000190734863,11.97533130645752,0.17533111572265625
11.800000190734863,12.066827774047852,0.2668275833129883
11.800000190734863,11.670001983642578,-0.12999820709228516
11.800000190734863,11.493340492248535,-0.3066596984863281
11.800000190734863,11.887919425964355,0.08791923522949219
12.21878433227539,11.839719772338867,-0.37906455993652344
11.800000190734863,11.650191307067871,-0.1498088836669922
11.800000190734863,11.531736373901367,-0.2682638168334961
12.599996566772461,12.388699531555176,-0.21129703521728516
11.800000190734863,11.667346954345703,-0.13265323638916016
11.100000381469727,10.575106620788574,-0.5248937606811523
11.800000190734863,11.6019926071167,-0.19800758361816406
11.800000190734863,11.967162132263184,0.1671619415283203
11.800000190734863,11.548074722290039,-0.2519254684448242
11.800000190734863,11.753737449645996,-0.04626274108886719
12.49999713897705,12.032516479492188,-0.4674806594848633
11.476750373840332,11.00971508026123,-0.46703529357910156
11.800000190734863,11.708142280578613,-0.09185791015625
11.800000190734863,11.973697662353516,0.17369747161865234
11.800000190734863,11.829099655151367,0.029099464416503906
11.800000190734863,11.557877540588379,-0.24212265014648438
11.800000190734863,11.915695190429688,0.11569499969482422
11.800000190734863,11.620373725891113,-0.17962646484375
11.800000190734863,12.225313186645508,0.42531299591064453
11.800000190734863,11.763541221618652,-0.03645896911621094
11.800000190734863,11.673882484436035,-0.12611770629882812
12.49999713897705,12.790631294250488,0.2906341552734375
11.800000190734863,11.736479759216309,-0.06352043151855469
11.800000190734863,11.716171264648438,-0.08382892608642578
11.800000190734863,12.004740715026855,0.2047405242919922
11.800000190734863,12.053756713867188,0.2537565231323242
11.800000190734863,11.870763778686523,0.07076358795166016
11.800000190734863,11.707887649536133,-0.09211254119873047
14.200179100036621,13.37228775024414,-0.8278913497924805
11.800000190734863,11.704007148742676,-0.0959930419921875
11.800000190734863,11.706356048583984,-0.0936441421508789
11.800000190734863,12.4344482421875,0.6344480514526367
11.800000190734863,11.765378952026367,-0.034621238708496094
11.90000057220459,12.094603538513184,0.19460296630859375
11.800000190734863,11.639979362487793,-0.1600208282470703
11.49855899810791,11.517848014831543,0.019289016723632812
11.800000190734863,11.753533363342285,-0.046466827392578125
11.999998092651367,11.828283309936523,-0.17171478271484375
11.800000190734863,11.807043075561523,0.007042884826660156
11.800000190734863,11.779675483703613,-0.02032470703125
13.399989128112793,14.228434562683105,0.8284454345703125
11.59999942779541,11.71370792388916,0.11370849609375
11.100000381469727,10.287546157836914,-0.8124542236328125
13.299970626831055,12.659921646118164,-0.6400489807128906
12.100000381469727,11.924681663513184,-0.17531871795654297
11.800000190734863,11.706560134887695,-0.09344005584716797
11.800000190734863,11.87975025177002,0.07975006103515625
10.497940063476562,10.705816268920898,0.20787620544433594
12.427902221679688,12.336416244506836,-0.09148597717285156
11.685027122497559,10.620855331420898,-1.0641717910766602
11.144793510437012,10.614319801330566,-0.5304737091064453
11.344124794006348,11.05219554901123,-0.2919292449951172
11.230768203735352,11.222118377685547,-0.008649826049804688
11.487215995788574,10.950896263122559,-0.5363197326660156
11.55593204498291,11.302177429199219,-0.2537546157836914
10.596209526062012,10.91495132446289,0.3187417984008789
10.600000381469727,10.862667083740234,0.2626667022705078
12.699997901916504,13.071656227111816,0.3716583251953125
12.39999771118164,12.960553169250488,0.5605554580688477
11.699999809265137,11.523567199707031,-0.17643260955810547
12.19999885559082,12.5194091796875,0.3194103240966797
10.600000381469727,11.019518852233887,0.41951847076416016
11.300000190734863,11.490072250366211,0.19007205963134766
11.300000190734863,11.104479789733887,-0.19552040100097656
11.59999942779541,11.00971508026123,-0.5902843475341797
12.49999713897705,12.388699531555176,-0.111297607421875
11.300000190734863,11.156763076782227,-0.14323711395263672
11.300000190734863,11.934484481811523,0.6344842910766602
11.59999942779541,11.302177429199219,-0.2978219985961914
10.5,9.941165924072266,-0.5588340759277344
11.699999809265137,11.688995361328125,-0.011004447937011719
12.49999713897705,12.408306121826172,-0.0916910171508789
11.699999809265137,12.653386116027832,0.9533863067626953
11.300000190734863,11.21231460571289,-0.08768558502197266
11.300000190734863,11.511312484741211,0.21131229400634766
11.300000190734863,11.133889198303223,-0.16611099243164062
11.300000190734863,11.120818138122559,-0.1791820526123047
11.300000190734863,11.114282608032227,-0.18571758270263672
12.49999713897705,12.499802589416504,-0.000194549560546875
13.000008583068848,12.119111061096191,-0.8808975219726562
11.300000190734863,11.039125442504883,-0.26087474822998047
11.59999942779541,11.16003131866455,-0.4399681091308594
11.300000190734863,11.163298606872559,-0.1367015838623047
11.40000057220459,11.101211547851562,-0.29878902435302734
11.300000190734863,11.058731079101562,-0.24126911163330078
12.799991607666016,13.5748872756958,0.7748956680297852
12.100000381469727,11.408378601074219,-0.6916217803955078
11.59999942779541,11.385504722595215,-0.2144947052001953
11.90000057220459,11.927131652832031,0.027131080627441406
13.299970626831055,13.123939514160156,-0.17603111267089844
10.199999809265137,10.12415885925293,-0.07584095001220703
12.100000381469727,12.323345184326172,0.2233448028564453
11.999998092651367,12.470393180847168,0.4703950881958008
11.100000381469727,12.346219062805176,1.2462186813354492
11.999998092651367,11.545623779296875,-0.4543743133544922
12.29999828338623,12.280864715576172,-0.019133567810058594
11.800000190734863,12.254722595214844,0.45472240447998047
11.90000057220459,11.445958137512207,-0.4540424346923828
12.49999713897705,12.287399291992188,-0.21259784698486328
12.599996566772461,13.16968822479248,0.5696916580200195
11.699999809265137,12.333148002624512,0.633148193359375
12.953871726989746,13.346145629882812,0.3922739028930664
11.487215995788574,11.305445671081543,-0.18177032470703125
13.39242935180664,13.679454803466797,0.28702545166015625
12.586782455444336,12.705669403076172,0.11888694763183594
11.427902221679688,11.498241424560547,0.07033920288085938
10.622879028320312,10.281010627746582,-0.34186840057373047
11.90000057220459,11.728055000305176,-0.17194557189941406
11.800000190734863,11.860960006713867,0.060959815979003906
11.40000057220459,11.290740966796875,-0.10925960540771484
11.90000057220459,11.927948951721191,0.027948379516601562
11.90000057220459,11.7825345993042,-0.11746597290039062
11.800000190734863,11.773957252502441,-0.026042938232421875
11.5,11.646514892578125,0.146514892578125
11.5,11.447591781616211,-0.05240821838378906
11.5,11.432887077331543,-0.06711292266845703
11.800000190734863,12.03905200958252,0.23905181884765625
11.40000057220459,11.30871295928955,-0.09128761291503906
12.871816635131836,13.385358810424805,0.5135421752929688
11.90000057220459,11.5807523727417,-0.3192481994628906
11.40000057220459,11.28747272491455,-0.11252784729003906
12.29999828338623,11.776408195495605,-0.523590087890625
11.40000057220459,11.39367389678955,-0.0063266754150390625
11.999998092651367,12.29393482208252,0.29393672943115234
11.5,11.67204475402832,0.1720447540283203
11.800000190734863,11.718728065490723,-0.08127212524414062
11.800000190734863,11.631810188293457,-0.16819000244140625
13.100000381469727,12.280864715576172,-0.8191356658935547
11.800000190734863,11.763949394226074,-0.03605079650878906
12.39999771118164,11.853608131408691,-0.5463895797729492
12.599996566772461,11.721992492675781,-0.8780040740966797
11.40000057220459,11.441056251525879,0.04105567932128906
11.90000057220459,11.826648712158203,-0.07335186004638672
11.40000057220459,11.28747272491455,-0.11252784729003906
11.40000057220459,11.400209426879883,0.00020885467529296875
11.999998092651367,11.631402015686035,-0.36859607696533203
11.90000057220459,12.627243995666504,0.7272434234619141
11.40000057220459,11.25479507446289,-0.14520549774169922
13.299970626831055,14.12386703491211,0.8238964080810547
11.90000057220459,11.79846477508545,-0.10153579711914062
11.5,11.280937194824219,-0.21906280517578125
11.40000057220459,11.24499225616455,-0.15500831604003906
11.40000057220459,11.79928207397461,0.39928150177001953
11.40000057220459,11.307079315185547,-0.09292125701904297
12.100000381469727,12.057024002075195,-0.04297637939453125
11.40000057220459,12.751418113708496,1.3514175415039062
11.800000190734863,11.797648429870605,-0.0023517608642578125
11.40000057220459,11.403477668762207,0.0034770965576171875
11.90000057220459,11.849523544311523,-0.050477027893066406
11.40000057220459,11.531736373901367,0.13173580169677734
11.90000057220459,11.71424388885498,-0.18575668334960938
11.5,11.849523544311523,0.34952354431152344
11.800000190734863,11.770484924316406,-0.02951526641845703
11.40000057220459,11.437788963317871,0.03778839111328125
11.40000057220459,11.341390609741211,-0.058609962463378906
11.40000057220459,11.267866134643555,-0.13213443756103516
11.800000190734863,11.830734252929688,0.03073406219482422
11.5,11.557877540588379,0.057877540588378906
11.5,11.569314956665039,0.06931495666503906
11.90000057220459,14.163080215454102,2.2630796432495117
11.40000057220459,11.195976257324219,-0.2040243148803711
11.5,11.331586837768555,-0.1684131622314453
11.800000190734863,11.751899719238281,-0.04810047149658203
11.40000057220459,11.454127311706543,0.054126739501953125
12.100000381469727,11.883834838867188,-0.21616554260253906
11.59999942779541,11.962260246276855,0.3622608184814453
12.39999771118164,12.76448917388916,0.36449146270751953
11.40000057220459,11.374068260192871,-0.02593231201171875
11.40000057220459,11.179637908935547,-0.22036266326904297
11.40000057220459,11.241724967956543,-0.15827560424804688
11.41395092010498,11.28747272491455,-0.1264781951904297
13.100000381469727,11.877299308776855,-1.222701072692871
12.19999885559082,11.939386367797852,-0.26061248779296875
11.90000057220459,11.8250150680542,-0.07498550415039062
11.59999942779541,11.494974136352539,-0.1050252914428711
11.40000057220459,11.195976257324219,-0.2040243148803711
10.622879028320312,10.372507095336914,-0.25037193298339844
11.40000057220459,11.509678840637207,0.10967826843261719
11.800000190734863,11.784168243408203,-0.015831947326660156
11.800000190734863,11.72958755493164,-0.07041263580322266
11.5,11.346292495727539,-0.15370750427246094
13.100000381469727,13.5748872756958,0.4748868942260742
11.90000057220459,11.845438957214355,-0.054561614990234375
11.5,11.498241424560547,-0.001758575439453125
11.90000057220459,11.817663192749023,-0.0823373794555664
11.90000057220459,11.750266075134277,-0.1497344970703125
11.90000057220459,11.805000305175781,-0.0950002670288086
11.40000057220459,11.360997200012207,-0.03900337219238281
12.49999713897705,12.011276245117188,-0.4887208938598633
12.19999885559082,12.014543533325195,-0.185455322265625
11.40000057220459,11.316882133483887,-0.08311843872070312
11.40000057220459,11.341390609741211,-0.058609962463378906
11.90000057220459,11.947555541992188,0.047554969787597656
11.5,11.311981201171875,-0.188018798828125
12.39999771118164,12.110941886901855,-0.28905582427978516
11.40000057220459,11.377335548400879,-0.022665023803710938
11.303733825683594,11.225385665893555,-0.07834815979003906
11.800000190734863,11.770893096923828,-0.029107093811035156
11.800000190734863,11.722949981689453,-0.07705020904541016
10.300000190734863,10.18951416015625,-0.11048603057861328
11.55842113494873,10.980305671691895,-0.5781154632568359
12.89999771118164,12.993230819702148,0.09323310852050781
11.800000190734863,11.765787124633789,-0.03421306610107422
12.49999713897705,12.718740463256836,0.21874332427978516
11.40000057220459,11.274401664733887,-0.12559890747070312
13.2000150680542,13.849376678466797,0.6493616104125977
12.39999771118164,12.659921646118164,0.25992393493652344
11.40000057220459,11.323417663574219,-0.0765829086303711
11.90000057220459,11.957358360290527,0.0573577880859375
13.399989128112793,13.692525863647461,0.29253673553466797
11.40000057220459,11.315248489379883,-0.08475208282470703
12.29999828338623,11.385504722595215,-0.9144935607910156
11.59999942779541,12.842914581298828,1.242915153503418
11.40000057220459,11.20251178741455,-0.19748878479003906
11.90000057220459,11.945921897888184,0.04592132568359375
11.40000057220459,11.280937194824219,-0.1190633773803711
11.40000057220459,11.39367389678955,-0.0063266754150390625
12.599996566772461,13.189294815063477,0.5892982482910156
12.89999771118164,12.001473426818848,-0.898524284362793
12.29999828338623,12.189367294311523,-0.11063098907470703
12.699997901916504,13.509532928466797,0.809535026550293
12.599996566772461,12.744882583618164,0.14488601684570312
11.40000057220459,11.307079315185547,-0.09292125701904297
11.5,11.534187316894531,0.03418731689453125
12.29999828338623,11.734642028808594,-0.5653562545776367
11.40000057220459,11.28747272491455,-0.11252784729003906
11.40000057220459,11.695428848266602,0.2954282760620117
12.100000381469727,11.491705894470215,-0.6082944869995117
11.40000057220459,11.338122367858887,-0.061878204345703125
11.90000057220459,11.709725379943848,-0.1902751922607422
11.800000190734863,11.802958488464355,0.0029582977294921875
11.5,11.833184242248535,0.33318424224853516
11.40000057220459,11.302177429199219,-0.0978231430053711
11.90000057220459,11.744444847106934,-0.15555572509765625
13.720135688781738,14.045440673828125,0.3253049850463867
12.100000381469727,11.838903427124023,-0.2610969543457031
11.40000057220459,11.388772964477539,-0.011227607727050781
11.100000381469727,10.333293914794922,-0.7667064666748047
12.100000381469727,12.4344482421875,0.33444786071777344
13.699980735778809,13.561816215515137,-0.13816452026367188
11.90000057220459,11.841354370117188,-0.058646202087402344
11.90000057220459,11.736990928649902,-0.1630096435546875
11.5,11.473733901977539,-0.026266098022460938
13.800057411193848,13.627171516418457,-0.17288589477539062
11.800000190734863,11.82583236694336,0.025832176208496094
11.90000057220459,11.7825345993042,-0.11746597290039062
11.40000057220459,11.238456726074219,-0.1615438461303711
12.100000381469727,12.31680965423584,0.21680927276611328
11.5,11.277669906616211,-0.22233009338378906
11.40000057220459,11.294008255004883,-0.10599231719970703
10.699999809265137,10.339829444885254,-0.3601703643798828
10.600000381469727,11.97533130645752,1.375330924987793
11.59999942779541,11.752103805541992,0.15210437774658203
12.799991607666016,12.146886825561523,-0.6531047821044922
11.999998092651367,12.339683532714844,0.33968544006347656
12.699997901916504,12.751418113708496,0.05142021179199219
11.699999809265137,11.861777305603027,0.16177749633789062
11.999998092651367,12.132182121276855,0.13218402862548828
12.599996566772461,12.467124938964844,-0.1328716278076172
13.2000150680542,13.274255752563477,0.07424068450927734
12.19999885559082,12.8167724609375,0.6167736053466797
11.59999942779541,11.403477668762207,-0.19652175903320312
11.59999942779541,11.629768371582031,0.029768943786621094
11.999998092651367,12.45405387878418,0.4540557861328125
12.29999828338623,12.8167724609375,0.5167741775512695
11.59999942779541,12.222044944763184,0.6220455169677734
12.89999771118164,13.228507995605469,0.3285102844238281
11.999998092651367,12.339683532714844,0.33968544006347656
11.999998092651367,12.01781177520752,0.017813682556152344
11.999998092651367,12.003107070922852,0.003108978271484375
11.699999809265137,11.364264488220215,-0.3357353210449219
11.59999942779541,11.303812026977539,-0.2961874008178711
11.699999809265137,11.644064903259277,-0.055934906005859375
13.2000150680542,13.901660919189453,0.7016458511352539
11.59999942779541,11.290740966796875,-0.30925846099853516
11.999998092651367,12.169761657714844,0.16976356506347656
11.999998092651367,11.958992004394531,-0.04100608825683594
11.90000057220459,11.918146133422852,0.01814556121826172
11.59999942779541,11.333221435546875,-0.26677799224853516
11.59999942779541,11.418182373046875,-0.18181705474853516
11.300000190734863,11.173102378845215,-0.12689781188964844
11.300000190734863,11.777632713317871,0.4776325225830078
11.300000190734863,11.877299308776855,0.5772991180419922
11.800000190734863,12.522676467895508,0.7226762771606445
11.300000190734863,10.911683082580566,-0.3883171081542969
11.5,11.6232328414917,0.12323284149169922
11.300000190734863,12.202438354492188,0.9024381637573242
11.300000190734863,11.182905197143555,-0.1170949935913086
12.699997901916504,12.4344482421875,-0.2655496597290039
11.300000190734863,11.218850135803223,-0.08115005493164062
11.300000190734863,11.8568754196167,0.5568752288818359
12.699997901916504,13.058585166931152,0.35858726501464844
11.300000190734863,11.107747077941895,-0.19225311279296875
11.300000190734863,11.081605911254883,-0.21839427947998047
11.300000190734863,11.192708969116211,-0.10729122161865234
11.300000190734863,10.937825202941895,-0.36217498779296875
11.300000190734863,11.058731079101562,-0.24126911163330078
11.300000190734863,11.065266609191895,-0.23473358154296875
11.699999809265137,12.855985641479492,1.1559858322143555
11.300000190734863,11.04239273071289,-0.25760746002197266
11.300000190734863,11.189440727233887,-0.11055946350097656
11.699999809265137,11.431253433227539,-0.26874637603759766
11.300000190734863,11.179637908935547,-0.1203622817993164
11.300000190734863,11.763132095336914,0.4631319046020508
11.300000190734863,11.199243545532227,-0.10075664520263672
11.300000190734863,12.356021881103516,1.0560216903686523
11.300000190734863,11.195976257324219,-0.10402393341064453
11.199999809265137,11.05219554901123,-0.14780426025390625
11.199999809265137,10.970502853393555,-0.22949695587158203
13.899971008300781,13.810164451599121,-0.08980655670166016
14.299970626831055,14.280717849731445,-0.019252777099609375
12.29999828338623,11.235189437866211,-1.0648088455200195
12.39999771118164,12.888663291931152,0.4886655807495117
11.199999809265137,12.271060943603516,1.071061134338379
12.29999828338623,12.45405387878418,0.15405559539794922
11.300000190734863,11.179637908935547,-0.1203622817993164
11.199999809265137,11.593823432922363,0.39382362365722656
13.800057411193848,12.5618896484375,-1.2381677627563477
11.199999809265137,11.05219554901123,-0.14780426025390625
11.199999809265137,10.856131553649902,-0.3438682556152344
12.599996566772461,12.086434364318848,-0.5135622024536133
11.5,11.486804962158203,-0.013195037841796875
11.199999809265137,11.307079315185547,0.10707950592041016
11.699999809265137,12.267793655395508,0.5677938461303711
11.199999809265137,11.12735366821289,-0.0726461410522461
13.800057411193848,12.5618896484375,-1.2381677627563477
12.599996566772461,11.576667785644531,-1.0233287811279297
12.699997901916504,12.823307991027832,0.12331008911132812
13.899971008300781,14.202292442321777,0.3023214340209961
12.699997901916504,11.863410949707031,-0.8365869522094727
11.199999809265137,11.310346603393555,0.11034679412841797
11.199999809265137,11.065266609191895,-0.1347332000732422
11.59999942779541,11.624049186706543,0.024049758911132812
11.999998092651367,12.921339988708496,0.9213418960571289
14.400162696838379,13.692525863647461,-0.707636833190918
11.999998092651367,12.421377182006836,0.42137908935546875
11.90000057220459,12.030882835388184,0.13088226318359375
11.800000190734863,12.00637435913086,0.2063741683959961
11.199999809265137,11.331586837768555,0.13158702850341797
11.199999809265137,12.16649341583252,0.9664936065673828
11.699999809265137,11.480269432067871,-0.21973037719726562
11.699999809265137,11.891186714172363,0.19118690490722656
11.90000057220459,11.819296836853027,-0.0807037353515625
12.49999713897705,11.798872947692871,-0.7011241912841797
13.383996963500977,14.450640678405762,1.0666437149047852
12.19999885559082,11.845438957214355,-0.35455989837646484
12.599996566772461,12.640315055847168,0.04031848907470703
11.59999942779541,10.464003562927246,-1.135995864868164
12.599996566772461,12.705669403076172,0.10567283630371094
11.699999809265137,11.616289138793945,-0.0837106704711914
11.699999809265137,11.768442153930664,0.06844234466552734
11.699999809265137,11.75149154663086,0.051491737365722656
11.699999809265137,11.630176544189453,-0.0698232650756836
13.299970626831055,13.784022331237793,0.4840517044067383
11.800000190734863,11.16983413696289,-0.6301660537719727
11.300000190734863,12.297203063964844,0.9972028732299805
11.699999809265137,12.640315055847168,0.9403152465820312
11.699999809265137,12.03905200958252,0.3390522003173828
11.5,11.729893684387207,0.22989368438720703
12.100000381469727,12.875592231750488,0.7755918502807617
11.300000190734863,11.290740966796875,-0.009259223937988281
11.100000381469727,10.91495132446289,-0.18504905700683594
11.100000381469727,11.012983322143555,-0.08701705932617188
11.100000381469727,10.84959602355957,-0.25040435791015625
11.40000057220459,11.758843421936035,0.3588428497314453
11.59999942779541,11.498241424560547,-0.10175800323486328
11.5,11.475367546081543,-0.02463245391845703
11.100000381469727,11.390406608581543,0.2904062271118164
12.599996566772461,13.150081634521484,0.5500850677490234
11.100000381469727,11.114282608032227,0.0142822265625
11.100000381469727,11.026054382324219,-0.07394599914550781
11.100000381469727,10.990108489990234,-0.10989189147949219
11.100000381469727,10.918218612670898,-0.18178176879882812
13.500007629394531,13.927803039550781,0.42779541015625
12.599996566772461,13.006301879882812,0.40630531311035156
12.100000381469727,13.11740493774414,1.017404556274414
11.40000057220459,11.767829895019531,0.3678293228149414
11.100000381469727,10.862667083740234,-0.2373332977294922
11.800000190734863,12.088068008422852,0.2880678176879883
11.90000057220459,11.862594604492188,-0.037405967712402344
13.000008583068848,12.875592231750488,-0.12441635131835938
11.100000381469727,10.934557914733887,-0.16544246673583984
12.699997901916504,13.195830345153809,0.4958324432373047
11.100000381469727,11.163298606872559,0.06329822540283203
11.100000381469727,10.901880264282227,-0.1981201171875
11.100000381469727,10.941093444824219,-0.1589069366455078
11.100000381469727,10.836524963378906,-0.2634754180908203
11.100000381469727,11.776408195495605,0.6764078140258789
11.40000057220459,11.901806831359863,0.5018062591552734
11.100000381469727,11.035857200622559,-0.06414318084716797
11.999998092651367,12.078265190124512,0.07826709747314453
11.100000381469727,11.336488723754883,0.23648834228515625
11.100000381469727,10.82999038696289,-0.27000999450683594
11.100000381469727,10.911683082580566,-0.18831729888916016
11.40000057220459,11.649374961853027,0.2493743896484375
11.100000381469727,11.344657897949219,0.2446575164794922
11.100000381469727,10.937825202941895,-0.16217517852783203
11.5,11.130621910095215,-0.36937808990478516
11.59999942779541,11.778450012207031,0.1784505844116211
11.100000381469727,10.937825202941895,-0.16217517852783203
11.199999809265137,10.885541915893555,-0.31445789337158203
11.800000190734863,12.509605407714844,0.7096052169799805
11.800000190734863,11.689812660217285,-0.11018753051757812
11.800000190734863,11.743934631347656,-0.05606555938720703
11.800000190734863,11.965527534484863,0.16552734375
10.100000381469727,9.823527336120605,-0.2764730453491211
11.90000057220459,11.749448776245117,-0.15055179595947266
11.800000190734863,11.541539192199707,-0.25846099853515625
13.2000150680542,12.125646591186523,-1.0743684768676758
11.5,11.501509666442871,0.0015096664428710938
11.800000190734863,11.671635627746582,-0.12836456298828125
11.800000190734863,11.742607116699219,-0.05739307403564453
11.800000190734863,11.664896011352539,-0.13510417938232422
11.800000190734863,11.754962921142578,-0.045037269592285156
11.699999809265137,11.615063667297363,-0.08493614196777344
11.100000381469727,10.990108489990234,-0.10989189147949219
11.59999942779541,11.731067657470703,0.13106822967529297
11.100000381469727,10.960699081420898,-0.13930130004882812
11.59999942779541,11.63916301727295,0.03916358947753906
11.800000190734863,11.789478302001953,-0.010521888732910156
11.100000381469727,11.111015319824219,0.011014938354492188
11.699999809265137,12.034150123596191,0.3341503143310547
9.668636322021484,9.509824752807617,-0.1588115692138672
11.100000381469727,11.061999320983887,-0.038001060485839844
11.699999809265137,11.904257774353027,0.20425796508789062
12.668636322021484,13.019372940063477,0.3507366180419922
11.5,11.182905197143555,-0.3170948028564453
11.59999942779541,11.595457077026367,-0.004542350769042969
9.401029586791992,9.117696762084961,-0.28333282470703125
11.100000381469727,11.133889198303223,0.033888816833496094
10.702059745788574,10.718887329101562,0.01682758331298828
10.622879028320312,10.431325912475586,-0.19155311584472656
11.800000190734863,11.660811424255371,-0.1391887664794922
11.5,11.5064115524292,0.006411552429199219
11.300000190734863,11.228653907775879,-0.07134628295898438
12.19999885559082,11.905075073242188,-0.2949237823486328
12.497940063476562,13.045514106750488,0.5475740432739258
11.59999942779541,11.336488723754883,-0.26351070404052734
11.800000190734863,11.624866485595703,-0.17513370513916016
11.100000381469727,10.960699081420898,-0.13930130004882812
11.800000190734863,11.654275894165039,-0.14572429656982422
11.699999809265137,12.159957885742188,0.4599580764770508
13.299970626831055,13.300397872924805,0.00042724609375
11.100000381469727,11.199243545532227,0.0992431640625
10.100000381469727,9.915023803710938,-0.18497657775878906
11.100000381469727,11.323417663574219,0.2234172821044922
11.800000190734863,11.724507331848145,-0.07549285888671875
13.2000150680542,13.346145629882812,0.14613056182861328
11.999998092651367,12.280864715576172,0.2808666229248047
11.100000381469727,11.035857200622559,-0.06414318084716797
11.800000190734863,11.770689010620117,-0.029311180114746094
11.5,11.860960006713867,0.3609600067138672
11.5,11.89037036895752,0.39037036895751953
11.100000381469727,10.954163551330566,-0.14583683013916016
11.020818710327148,11.410013198852539,0.3891944885253906
11.800000190734863,11.762519836425781,-0.03748035430908203
11.699999809265137,11.68715763092041,-0.012842178344726562
12.599996566772461,13.104333877563477,0.5043373107910156
11.59999942779541,11.605259895324707,0.005260467529296875
11.59999942779541,11.740973472595215,0.1409740447998047
10.738271713256836,10.379042625427246,-0.35922908782958984
11.699999809265137,11.905891418457031,0.20589160919189453
11.800000190734863,11.796013832092285,-0.003986358642578125
12.799991607666016,12.986695289611816,0.18670368194580078
10.122276306152344,9.915023803710938,-0.20725250244140625
11.800000190734863,12.323345184326172,0.5233449935913086
12.100000381469727,12.215509414672852,0.115509033203125
10.399999618530273,10.692745208740234,0.29274559020996094
11.40000057220459,11.573399543762207,0.1733989715576172
11.100000381469727,11.186173439025879,0.08617305755615234
10.798970222473145,10.771170616149902,-0.027799606323242188
11.800000190734863,11.508045196533203,-0.29195499420166016
12.19999885559082,12.516140937805176,0.31614208221435547
12.89999771118164,13.11740493774414,0.2174072265625
10.798970222473145,10.725422859191895,-0.07354736328125
11.800000190734863,12.202438354492188,0.4024381637573242
11.59999942779541,11.418182373046875,-0.18181705474853516
11.5,11.294008255004883,-0.2059917449951172
12.49999713897705,11.694510459899902,-0.8054866790771484
9.497940063476562,9.352973937988281,-0.14496612548828125
11.800000190734863,11.792338371276855,-0.0076618194580078125
11.19690990447998,11.05219554901123,-0.14471435546875
12.49999713897705,11.866679191589355,-0.6333179473876953
11.800000190734863,11.708499908447266,-0.09150028228759766
11.999998092651367,11.978598594665527,-0.021399497985839844
12.100000381469727,12.329880714416504,0.22988033294677734
12.100000381469727,12.127281188964844,0.027280807495117188
11.100000381469727,11.026054382324219,-0.07394599914550781
9.401029586791992,9.274547576904297,-0.1264820098876953
11.100000381469727,10.96723461151123,-0.1327657699584961
11.5,11.003179550170898,-0.49682044982910156
11.800000190734863,11.705130577087402,-0.09486961364746094
11.800000190734863,13.058585166931152,1.258584976196289
11.5,11.398575782775879,-0.1014242172241211
11.199999809265137,10.816919326782227,-0.38308048248291016
10.798970222473145,9.862740516662598,-0.9362297058105469
12.100000381469727,11.85769271850586,-0.2423076629638672
10.702059745788574,10.673138618469238,-0.028921127319335938
11.100000381469727,10.977038383483887,-0.12296199798583984
10.100000381469727,10.457468032836914,0.3574676513671875
11.90000057220459,11.831550598144531,-0.0684499740600586
11.100000381469727,11.003179550170898,-0.09682083129882812
11.90000057220459,12.074996948242188,0.17499637603759766
11.800000190734863,11.724481582641602,-0.07551860809326172
11.800000190734863,11.998205184936523,0.19820499420166016
11.999998092651367,13.150081634521484,1.1500835418701172
12.89999771118164,12.790631294250488,-0.10936641693115234
11.800000190734863,11.720409393310547,-0.0795907974243164
12.89999771118164,12.6468505859375,-0.2531471252441406
11.800000190734863,11.68715763092041,-0.11284255981445312
10.401029586791992,10.10455322265625,-0.2964763641357422
13.100000381469727,13.097798347473145,-0.0022020339965820312
13.699980735778809,14.24150562286377,0.5415248870849609
11.800000190734863,11.7253999710083,-0.0746002197265625
13.899971008300781,13.875518798828125,-0.02445220947265625
12.699997901916504,13.215436935424805,0.5154390335083008
13.899971008300781,14.881980895996094,0.9820098876953125
11.800000190734863,11.937751770019531,0.13775157928466797
11.800000190734863,11.721711158752441,-0.07828903198242188
12.29999828338623,12.7318115234375,0.43181324005126953
10.100000381469727,9.941165924072266,-0.15883445739746094
12.100000381469727,12.16649341583252,0.06649303436279297
10.401029586791992,10.27447509765625,-0.1265544891357422
9.401029586791992,9.287618637084961,-0.11341094970703125
12.100000381469727,12.336416244506836,0.23641586303710938
13.22493839263916,13.038978576660156,-0.1859598159790039
12.601689338684082,12.842914581298828,0.2412252426147461
11.401029586791992,11.586470603942871,0.1854410171508789
11.19690990447998,11.321784019470215,0.12487411499023438
10.100000381469727,9.705888748168945,-0.39411163330078125
14.100000381469727,13.744810104370117,-0.3551902770996094
13.29382038116455,13.385358810424805,0.0915384292602539
12.702059745788574,12.921339988708496,0.21928024291992188
9.986056327819824,9.78431510925293,-0.20174121856689453
10.702059745788574,10.607784271240234,-0.09427547454833984
11.100000381469727,11.03258991241455,-0.06741046905517578
10.401029586791992,10.215656280517578,-0.18537330627441406
10.622879028320312,10.30715274810791,-0.31572628021240234
13.100000381469727,13.326539993286133,0.22653961181640625
12.344124794006348,12.738347053527832,0.3942222595214844
10.798970222473145,9.901952743530273,-0.8970174789428711
13.43724250793457,13.548745155334473,0.11150264739990234
13.899971008300781,13.862447738647461,-0.03752326965332031
12.29999828338623,12.117477416992188,-0.18252086639404297
12.100000381469727,12.424644470214844,0.3246440887451172
11.5,11.447591781616211,-0.05240821838378906
11.5,11.472100257873535,-0.027899742126464844
12.100000381469727,11.574216842651367,-0.5257835388183594
11.5,11.459029197692871,-0.040970802307128906
11.5,12.725275993347168,1.225275993347168
11.5,11.264598846435547,-0.23540115356445312
11.5,11.231921195983887,-0.2680788040161133
11.800000190734863,11.410013198852539,-0.3899869918823242
12.29999828338623,13.248113632202148,0.948115348815918
11.5,12.862521171569824,1.3625211715698242
11.5,11.297276496887207,-0.20272350311279297
11.5,11.626091957092285,0.12609195709228516
11.5,11.459029197692871,-0.040970802307128906
11.5,11.667142868041992,0.1671428680419922
12.19999885559082,11.91079330444336,-0.28920555114746094
11.5,11.398575782775879,-0.1014242172241211
11.5,11.28747272491455,-0.21252727508544922
11.5,11.377335548400879,-0.1226644515991211
14.798970222473145,14.228434562683105,-0.5705356597900391
11.136212348937988,10.731958389282227,-0.4042539596557617
11.5,11.349559783935547,-0.15044021606445312
11.5,11.439422607421875,-0.060577392578125
12.594849586486816,10.95743179321289,-1.6374177932739258
11.5,12.128914833068848,0.6289148330688477
12.100000381469727,11.988402366638184,-0.11159801483154297
13.000008583068848,13.836305618286133,0.8362970352172852
11.59999942779541,11.605259895324707,0.005260467529296875
12.799991607666016,14.17615032196045,1.3761587142944336
11.999998092651367,12.004740715026855,0.004742622375488281
11.5,11.653867721557617,0.1538677215576172
11.5,11.630993843078613,0.13099384307861328
12.89999771118164,12.803701400756836,-0.09629631042480469
11.5,12.205706596374512,0.7057065963745117
11.5,11.380603790283203,-0.11939620971679688
11.5,11.209047317504883,-0.2909526824951172
11.5,11.498241424560547,-0.001758575439453125
11.5,11.462296485900879,-0.037703514099121094
11.5,11.238456726074219,-0.26154327392578125
13.000008583068848,14.895051956176758,1.8950433731079102
11.699999809265137,11.651008605957031,-0.04899120330810547
11.699999809265137,11.716056823730469,0.01605701446533203
10.800000190734863,10.215656280517578,-0.5843439102172852
10.399999618530273,10.098017692565918,-0.30198192596435547
15.100000381469727,15.300251007080078,0.20025062561035156
11.699999809265137,11.566047668457031,-0.13395214080810547
11.90000057220459,11.9205961227417,0.020595550537109375
11.699999809265137,11.647740364074707,-0.05225944519042969
10.622879028320312,10.228726387023926,-0.3941526412963867
11.699999809265137,11.690629959106445,-0.009369850158691406
12.49999713897705,12.339683532714844,-0.16031360626220703
10.699999809265137,9.993450164794922,-0.7065496444702148
11.699999809265137,11.7332124710083,0.03321266174316406
14.600313186645508,14.398356437683105,-0.20195674896240234
11.699999809265137,11.760682106018066,0.06068229675292969
14.400162696838379,12.27432918548584,-2.125833511352539
11.699999809265137,11.791112899780273,0.09111309051513672
11.699999809265137,11.568497657775879,-0.1315021514892578
11.800000190734863,11.691242218017578,-0.10875797271728516
11.777780532836914,12.057024002075195,0.27924346923828125
11.699999809265137,11.515397071838379,-0.1846027374267578
11.45817756652832,11.501509666442871,0.04333209991455078
11.699999809265137,11.994937896728516,0.2949380874633789
12.599996566772461,12.771024703979492,0.17102813720703125
11.699999809265137,11.589738845825195,-0.1102609634399414
12.100000381469727,13.097798347473145,0.997797966003418
10.300000190734863,9.993450164794922,-0.3065500259399414
11.699999809265137,13.065120697021484,1.3651208877563477
11.699999809265137,11.585653305053711,-0.11434650421142578
11.699999809265137,11.638754844665527,-0.061244964599609375
11.699999809265137,11.718953132629395,0.018953323364257812
11.800000190734863,11.6126127243042,-0.18738746643066406
13.800057411193848,12.993230819702148,-0.8068265914916992
13.19690990447998,14.254575729370117,1.0576658248901367
11.999998092651367,12.67952823638916,0.679530143737793
13.399989128112793,13.509532928466797,0.1095438003540039
11.800000190734863,11.896088600158691,0.09608840942382812
11.90000057220459,11.613429069519043,-0.2865715026855469
11.699999809265137,11.892004013061523,0.19200420379638672
11.699999809265137,12.261258125305176,0.5612583160400391
11.699999809265137,11.629768371582031,-0.07023143768310547
13.000008583068848,12.555354118347168,-0.4446544647216797
12.599996566772461,12.218777656555176,-0.38121891021728516
13.531798362731934,12.93441104888916,-0.5973873138427734
13.899971008300781,13.496461868286133,-0.40350914001464844
13.699980735778809,12.699134826660156,-1.0008459091186523
13.899971008300781,14.41142749786377,0.5114564895629883
11.999998092651367,11.776816368103027,-0.22318172454833984
11.59999942779541,11.547257423400879,-0.05274200439453125
11.59999942779541,11.646514892578125,0.046515464782714844
11.999998092651367,11.859326362609863,-0.1406717300415039
11.59999942779541,11.793562889099121,0.19356346130371094
11.999998092651367,12.07172966003418,0.0717315673828125
11.999998092651367,11.939386367797852,-0.060611724853515625
11.59999942779541,11.331586837768555,-0.26841259002685547
11.59999942779541,11.431253433227539,-0.1687459945678711
11.999998092651367,12.02924919128418,0.0292510986328125
12.599996566772461,12.620708465576172,0.020711898803710938
13.761445999145508,13.509532928466797,-0.25191307067871094
11.59999942779541,12.016178131103516,0.41617870330810547
11.59999942779541,11.626091957092285,0.026092529296875
11.999998092651367,12.066827774047852,0.06682968139648438
11.999998092651367,12.037418365478516,0.03742027282714844
13.020818710327148,13.195830345153809,0.17501163482666016
11.999998092651367,12.032516479492188,0.03251838684082031
11.293607711791992,12.110941886901855,0.8173341751098633
11.59999942779541,11.437788963317871,-0.16221046447753906
11.59999942779541,11.546441078186035,-0.053558349609375
11.999998092651367,12.003107070922852,0.003108978271484375
11.59999942779541,11.5170316696167,-0.08296775817871094
11.59999942779541,11.462296485900879,-0.13770294189453125
11.699999809265137,11.834001541137695,0.1340017318725586
11.800000190734863,13.306933403015137,1.5069332122802734
11.300000190734863,11.574216842651367,0.2742166519165039
11.999998092651367,11.980232238769531,-0.019765853881835938
13.2000150680542,13.483390808105469,0.28337574005126953
13.800057411193848,13.33961009979248,-0.4604473114013672
11.59999942779541,11.375701904296875,-0.22429752349853516
11.999998092651367,11.97533130645752,-0.024666786193847656
11.699999809265137,10.937825202941895,-0.7621746063232422
11.999998092651367,11.958992004394531,-0.04100608825683594
11.999998092651367,11.916511535644531,-0.08348655700683594
11.59999942779541,11.450860023498535,-0.149139404296875
11.999998092651367,12.489999771118164,0.4900016784667969
12.275223731994629,12.627243995666504,0.352020263671875
11.59999942779541,11.130621910095215,-0.4693775177001953
11.59999942779541,11.569314956665039,-0.030684471130371094
11.999998092651367,11.986767768859863,-0.013230323791503906
11.59999942779541,11.315248489379883,-0.28475093841552734
11.59999942779541,11.405111312866211,-0.19488811492919922
11.999998092651367,11.98513412475586,-0.014863967895507812
11.59999942779541,11.251527786254883,-0.34847164154052734
12.15403938293457,11.37243366241455,-0.7816057205200195
11.999998092651367,12.043953895568848,0.04395580291748047
13.800057411193848,13.797093391418457,-0.002964019775390625
13.401029586791992,13.352681159973145,-0.048348426818847656
12.100000381469727,13.346145629882812,1.246145248413086
11.198454856872559,11.120818138122559,-0.07763671875
11.999998092651367,12.037418365478516,0.03742027282714844
11.199999809265137,11.834001541137695,0.6340017318725586
10.622879028320312,10.47707462310791,-0.14580440521240234
11.999998092651367,11.829916954040527,-0.17008113861083984
11.59999942779541,11.584019660949707,-0.015979766845703125
11.999998092651367,11.999838829040527,-0.00015926361083984375
11.5,12.440983772277832,0.940983772277832
11.999998092651367,12.065194129943848,0.06519603729248047
11.999998092651367,12.153422355651855,0.15342426300048828
11.999998092651367,11.577484130859375,-0.4225139617919922
11.999998092651367,12.117477416992188,0.11747932434082031
11.999998092651367,12.04885482788086,0.04885673522949219
11.59999942779541,12.02761459350586,0.4276151657104492
11.59999942779541,11.439422607421875,-0.16057682037353516
11.59999942779541,11.692059516906738,0.09206008911132812
13.699980735778809,14.084653854370117,0.3846731185913086
13.899971008300781,14.24150562286377,0.3415346145629883
11.999998092651367,11.860960006713867,-0.1390380859375
13.344124794006348,11.653459548950195,-1.6906652450561523
11.999998092651367,12.032516479492188,0.03251838684082031
11.59999942779541,12.375628471374512,0.7756290435791016
11.999998092651367,11.769259452819824,-0.23073863983154297
11.999998092651367,12.238384246826172,0.2383861541748047
12.49999713897705,12.960553169250488,0.4605560302734375
11.300000190734863,11.601175308227539,0.3011751174926758
11.999998092651367,11.925498008728027,-0.07450008392333984
12.699997901916504,11.362630844116211,-1.337367057800293
11.59999942779541,11.644064903259277,0.04406547546386719
11.90000057220459,12.7318115234375,0.8318109512329102
10.401029586791992,11.925498008728027,1.5244684219360352
11.199999809265137,11.610979080200195,0.4109792709350586
11.999998092651367,11.813578605651855,-0.18641948699951172
11.999998092651367,12.003107070922852,0.003108978271484375
14.90134334564209,14.41142749786377,-0.4899158477783203
11.59999942779541,11.470465660095215,-0.1295337677001953
11.699999809265137,11.813578605651855,0.11357879638671875
12.39999771118164,13.293862342834473,0.893864631652832
11.199999809265137,11.235189437866211,0.03518962860107422
12.207905769348145,11.960626602172852,-0.24727916717529297
12.49999713897705,12.310274124145508,-0.18972301483154297
14.400162696838379,14.267646789550781,-0.13251590728759766
13.299970626831055,11.045660018920898,-2.2543106079101562
11.199999809265137,11.061999320983887,-0.13800048828125
11.40000057220459,11.088141441345215,-0.311859130859375
13.500007629394531,12.41157341003418,-1.0884342193603516
12.19999885559082,11.11755084991455,-1.0824480056762695
11.300000190734863,11.32995319366455,0.0299530029296875
11.199999809265137,11.478635787963867,0.27863597869873047
11.59999942779541,11.124086380004883,-0.47591304779052734
11.199999809265137,10.921486854553223,-0.27851295471191406
12.699997901916504,12.516140937805176,-0.18385696411132812
11.40000057220459,11.91079330444336,0.5107927322387695
11.199999809265137,11.006447792053223,-0.19355201721191406
11.90000057220459,11.25479507446289,-0.6452054977416992
11.199999809265137,11.029321670532227,-0.17067813873291016
14.400162696838379,12.88212776184082,-1.5180349349975586
11.199999809265137,11.143692970275879,-0.05630683898925781
13.299970626831055,12.777560234069824,-0.5224103927612305
12.699997901916504,13.927803039550781,1.2278051376342773
11.199999809265137,11.05219554901123,-0.14780426025390625
13.999974250793457,13.483390808105469,-0.5165834426879883
11.5,11.039125442504883,-0.4608745574951172
11.40000057220459,11.630584716796875,0.23058414459228516
12.418758392333984,11.21231460571289,-1.2064437866210938
10.100000381469727,10.385578155517578,0.28557777404785156
13.078810691833496,12.8167724609375,-0.2620382308959961
11.52021598815918,11.019518852233887,-0.500697135925293
11.100000381469727,10.640460968017578,-0.45953941345214844
13.122276306152344,13.705596923828125,0.5833206176757812
11.594849586486816,11.146960258483887,-0.4478893280029297
11.698599815368652,11.508045196533203,-0.19055461883544922
14.500117301940918,14.52906608581543,0.02894878387451172
12.622879028320312,12.888663291931152,0.26578426361083984
13.999974250793457,13.601029396057129,-0.3989448547363281
11.699999809265137,11.543990135192871,-0.15600967407226562
11.699999809265137,11.424717903137207,-0.2752819061279297
12.100000381469727,11.986767768859863,-0.11323261260986328
11.699999809265137,11.871580123901367,0.17158031463623047
11.699999809265137,11.732701301574707,0.03270149230957031
11.59999942779541,11.424717903137207,-0.17528152465820312
11.699999809265137,11.496607780456543,-0.20339202880859375
11.999998092651367,11.563596725463867,-0.4364013671875
13.000008583068848,13.352681159973145,0.3526725769042969
11.100000381469727,11.67653751373291,0.5765371322631836
11.699999809265137,11.625274658203125,-0.07472515106201172
12.599996566772461,11.635486602783203,-0.9645099639892578
11.59999942779541,12.222044944763184,0.6220455169677734
11.59999942779541,11.503143310546875,-0.09685611724853516
11.59999942779541,11.563596725463867,-0.03640270233154297
12.49999713897705,12.640315055847168,0.1403179168701172
11.699999809265137,11.658360481262207,-0.04163932800292969
10.199999809265137,10.607784271240234,0.40778446197509766
12.100000381469727,11.919779777526855,-0.1802206039428711
15.283266067504883,15.561670303344727,0.27840423583984375
14.999629020690918,14.333002090454102,-0.6666269302368164
12.19999885559082,12.248187065124512,0.048188209533691406
11.699999809265137,11.586470603942871,-0.11352920532226562
13.401029586791992,12.927875518798828,-0.47315406799316406
11.59999942779541,12.339683532714844,0.7396841049194336
11.59999942779541,11.380603790283203,-0.21939563751220703
14.600313186645508,13.20236587524414,-1.3979473114013672
13.935599327087402,13.95394515991211,0.01834583282470703
10.899999618530273,10.944360733032227,0.044361114501953125
11.699999809265137,11.749652862548828,0.049653053283691406
10.543697357177734,11.595457077026367,1.0517597198486328
11.699999809265137,12.271060943603516,0.5710611343383789
13.048455238342285,12.869056701660156,-0.1793985366821289
15.500117301940918,15.483244895935059,-0.016872406005859375
12.39999771118164,11.718636512756348,-0.681361198425293
15.100000381469727,15.587812423706055,0.4878120422363281
11.699999809265137,11.871580123901367,0.17158031463623047
11.59999942779541,11.622415542602539,0.022416114807128906
14.844727516174316,15.274109840393066,0.42938232421875
11.699999809265137,11.557061195373535,-0.14293861389160156
11.699999809265137,11.633444786071777,-0.06655502319335938
13.699980735778809,13.13701057434082,-0.5629701614379883
10.798970222473145,10.947628021240234,0.14865779876708984
14.200179100036621,14.803555488586426,0.6033763885498047
11.59999942779541,11.730353355407715,0.1303539276123047
11.699999809265137,12.169761657714844,0.46976184844970703
14.100000381469727,11.983500480651855,-2.116499900817871
11.699999809265137,11.472100257873535,-0.22789955139160156
11.90000057220459,14.215363502502441,2.3153629302978516
11.699999809265137,11.644064903259277,-0.055934906005859375
11.699999809265137,11.711716651916504,0.011716842651367188
11.699999809265137,11.747406959533691,0.04740715026855469
11.699999809265137,12.25145435333252,0.5514545440673828
13.600038528442383,13.11740493774414,-0.4826335906982422
14.798970222473145,14.672845840454102,-0.12612438201904297
13.800057411193848,13.875518798828125,0.07546138763427734
14.90134334564209,14.12386703491211,-0.7774763107299805
11.100000381469727,14.450640678405762,3.350640296936035
12.39999771118164,12.460589408874512,0.060591697692871094
11.59999942779541,11.630176544189453,0.03017711639404297
11.100000381469727,10.905147552490234,-0.1948528289794922
11.100000381469727,10.931289672851562,-0.16871070861816406
11.100000381469727,11.00971508026123,-0.0902853012084961
12.699997901916504,12.244918823242188,-0.4550790786743164
11.300000190734863,11.061999320983887,-0.23800086975097656
11.100000381469727,11.16003131866455,0.06003093719482422
12.100000381469727,10.996644020080566,-1.1033563613891602
12.39999771118164,12.659921646118164,0.25992393493652344
11.100000381469727,11.08487319946289,-0.015127182006835938
12.39999771118164,13.313468933105469,0.9134712219238281
13.2000150680542,12.356021881103516,-0.8439931869506836
11.300000190734863,11.222118377685547,-0.0778818130493164
11.100000381469727,10.963967323303223,-0.1360330581665039
11.100000381469727,10.960699081420898,-0.13930130004882812
11.100000381469727,11.071802139282227,-0.0281982421875
11.699999809265137,10.84959602355957,-0.8504037857055664
11.699999809265137,11.752103805541992,0.05210399627685547
11.100000381469727,10.885541915893555,-0.21445846557617188
11.100000381469727,10.941093444824219,-0.1589069366455078
11.300000190734863,11.854424476623535,0.5544242858886719
11.100000381469727,11.097944259643555,-0.002056121826171875
11.300000190734863,11.163298606872559,-0.1367015838623047
11.5,10.79731273651123,-0.7026872634887695
11.40000057220459,10.993376731872559,-0.40662384033203125
11.40000057220459,11.712967872619629,0.31296730041503906
11.100000381469727,10.954163551330566,-0.14583683013916016
11.300000190734863,11.392040252685547,0.0920400619506836
11.59999942779541,10.784241676330566,-0.8157577514648438
11.100000381469727,11.150228500366211,0.050228118896484375
11.100000381469727,11.012983322143555,-0.08701705932617188
11.300000190734863,11.447591781616211,0.14759159088134766
11.100000381469727,10.823454856872559,-0.27654552459716797
11.100000381469727,11.114282608032227,0.0142822265625
13.000008583068848,13.346145629882812,0.34613704681396484
12.100000381469727,12.078265190124512,-0.021735191345214844
11.40000057220459,11.261330604553223,-0.1386699676513672
11.300000190734863,11.72026252746582,0.42026233673095703
11.300000190734863,11.215582847595215,-0.08441734313964844
11.300000190734863,11.277669906616211,-0.022330284118652344
11.300000190734863,11.20251178741455,-0.0974884033203125
12.799991607666016,11.442689895629883,-1.3573017120361328
11.100000381469727,11.111015319824219,0.011014938354492188
11.90000057220459,11.871580123901367,-0.028420448303222656
12.100000381469727,13.025907516479492,0.9259071350097656
11.90000057220459,11.883017539978027,-0.0169830322265625
11.90000057220459,11.957358360290527,0.0573577880859375
11.90000057220459,11.801323890686035,-0.09867668151855469
11.90000057220459,11.826648712158203,-0.07335186004638672
11.90000057220459,13.731739044189453,1.8317384719848633
11.90000057220459,11.8568754196167,-0.043125152587890625
11.90000057220459,11.714831352233887,-0.18516921997070312
11.90000057220459,11.923864364624023,0.023863792419433594
11.90000057220459,12.012909889221191,0.11290931701660156
11.90000057220459,11.887919425964355,-0.012081146240234375
11.90000057220459,11.991669654846191,0.09166908264160156
11.90000057220459,11.93285083770752,0.03285026550292969
11.90000057220459,11.537454605102539,-0.3625459671020508
13.2000150680542,14.712059020996094,1.5120439529418945
11.90000057220459,11.807043075561523,-0.0929574966430664
11.90000057220459,12.001473426818848,0.10147285461425781
11.90000057220459,11.790295600891113,-0.10970497131347656
12.799991607666016,13.25464916229248,0.45465755462646484
11.90000057220459,11.883834838867188,-0.016165733337402344
11.90000057220459,11.808268547058105,-0.09173202514648438
12.100000381469727,11.892004013061523,-0.20799636840820312
11.90000057220459,11.83645248413086,-0.06354808807373047
11.90000057220459,11.862594604492188,-0.037405967712402344
12.39999771118164,12.908269882202148,0.5082721710205078
11.90000057220459,11.860960006713867,-0.039040565490722656
11.90000057220459,11.85851001739502,-0.04149055480957031
11.999998092651367,12.408306121826172,0.4083080291748047
11.5,11.349559783935547,-0.15044021606445312
11.5,11.618330955505371,0.1183309555053711
11.5,11.491705894470215,-0.008294105529785156
11.59999942779541,11.704211235046387,0.10421180725097656
13.500007629394531,13.509532928466797,0.009525299072265625
11.5,11.43615436553955,-0.06384563446044922
13.299970626831055,13.718667984008789,0.4186973571777344
11.5,11.462296485900879,-0.037703514099121094
11.5,11.258063316345215,-0.24193668365478516
13.699980735778809,13.561816215515137,-0.13816452026367188
13.699980735778809,12.79716682434082,-0.9028139114379883
10.399999618530273,10.006521224975586,-0.3934783935546875
11.5,11.831550598144531,0.33155059814453125
12.699997901916504,12.993230819702148,0.29323291778564453
11.5,11.68184757232666,0.18184757232666016
12.39999771118164,11.632627487182617,-0.7673702239990234
11.5,11.764357566833496,0.2643575668334961
11.821246147155762,10.95743179321289,-0.8638143539428711
10.242667198181152,10.320222854614258,0.07755565643310547
14.05860710144043,11.685319900512695,-2.3732872009277344
12.291789054870605,13.038978576660156,0.7471895217895508
12.651293754577637,12.588031768798828,-0.0632619857788086
11.50893497467041,11.784168243408203,0.27523326873779297
11.986056327819824,12.862521171569824,0.87646484375
12.784029960632324,12.257989883422852,-0.5260400772094727
11.90000057220459,11.69328498840332,-0.20671558380126953
13.100000381469727,13.823235511779785,0.7232351303100586
11.103487968444824,11.290740966796875,0.18725299835205078
11.90000057220459,12.058658599853516,0.15865802764892578
14.359637260437012,14.751272201538086,0.3916349411010742
10.199999809265137,9.888882637023926,-0.31111717224121094
11.300000190734863,11.215582847595215,-0.08441734313964844
11.90000057220459,12.065194129943848,0.1651935577392578
11.90000057220459,12.307005882263184,0.40700531005859375
14.719788551330566,14.542137145996094,-0.17765140533447266
11.90000057220459,12.189367294311523,0.2893667221069336
11.90000057220459,12.066827774047852,0.16682720184326172
11.90000057220459,12.297203063964844,0.3972024917602539
11.90000057220459,12.037418365478516,0.13741779327392578
11.90000057220459,12.043953895568848,0.1439533233642578
11.999998092651367,11.947555541992188,-0.05244255065917969
11.100000381469727,10.937825202941895,-0.16217517852783203
11.300000190734863,11.055463790893555,-0.2445363998413086
11.0,10.294081687927246,-0.7059183120727539
11.300000190734863,10.99991226196289,-0.30008792877197266
11.300000190734863,11.28747272491455,-0.0125274658203125
11.90000057220459,12.088068008422852,0.18806743621826172
11.300000190734863,11.25479507446289,-0.045205116271972656
11.40000057220459,11.421449661254883,0.02144908905029297
11.90000057220459,12.153422355651855,0.2534217834472656
11.800000190734863,12.4344482421875,0.6344480514526367
11.90000057220459,11.745772361755371,-0.15422821044921875
15.157705307006836,12.993230819702148,-2.1644744873046875
11.90000057220459,11.92223072052002,0.022230148315429688
11.90000057220459,12.012909889221191,0.11290931701660156
11.90000057220459,12.076630592346191,0.17663002014160156
11.90000057220459,12.047221183776855,0.14722061157226562
11.0,10.673138618469238,-0.3268613815307617
11.90000057220459,12.001473426818848,0.10147285461425781
11.90000057220459,11.770689010620117,-0.12931156158447266
11.300000190734863,11.388772964477539,0.08877277374267578
11.800000190734863,11.258063316345215,-0.5419368743896484
11.59999942779541,12.790631294250488,1.1906318664550781
11.242667198181152,10.47707462310791,-0.7655925750732422
11.138579368591309,11.818479537963867,0.6799001693725586
11.844727516174316,11.534187316894531,-0.31054019927978516
11.100000381469727,11.235189437866211,0.13518905639648438
10.594849586486816,12.19917106628418,1.6043214797973633
10.100000381469727,11.614654541015625,1.5146541595458984
12.46151065826416,12.712204933166504,0.25069427490234375
12.828158378601074,12.99976634979248,0.17160797119140625
12.712610244750977,12.248187065124512,-0.46442317962646484
11.622879028320312,10.490145683288574,-1.1327333450317383
12.594849586486816,12.692599296569824,0.09774971008300781
11.33657169342041,11.561963081359863,0.22539138793945312
11.710833549499512,11.315248489379883,-0.3955850601196289
12.765545845031738,12.125646591186523,-0.6398992538452148
11.597573280334473,12.4769287109375,0.8793554306030273
10.702059745788574,11.153495788574219,0.45143604278564453
11.31467056274414,10.35943603515625,-0.9552345275878906
12.16348648071289,12.13545036315918,-0.028036117553710938
12.273924827575684,11.08487319946289,-1.189051628112793
11.423306465148926,11.442689895629883,0.01938343048095703
13.100000381469727,13.431106567382812,0.33110618591308594
11.100000381469727,11.544807434082031,0.4448070526123047
10.401029586791992,10.921486854553223,0.5204572677612305
11.699999809265137,12.67952823638916,0.9795284271240234
11.699999809265137,11.767012596130371,0.06701278686523438
10.300000190734863,10.320222854614258,0.02022266387939453
11.699999809265137,11.656726837158203,-0.043272972106933594
11.699999809265137,11.991669654846191,0.2916698455810547
15.679688453674316,14.712059020996094,-0.9676294326782227
12.362251281738281,12.503069877624512,0.14081859588623047
11.699999809265137,12.037418365478516,0.3374185562133789
11.699999809265137,12.310274124145508,0.6102743148803711
11.699999809265137,11.704926490783691,0.0049266815185546875
12.46151065826416,12.16649341583252,-0.2950172424316406
12.05860710144043,11.75149154663086,-0.3071155548095703
12.207905769348145,12.179564476013184,-0.028341293334960938
11.622879028320312,10.601248741149902,-1.0216302871704102
13.01009464263916,12.173028945922852,-0.8370656967163086
12.46151065826416,12.140351295471191,-0.32115936279296875
12.960121154785156,13.914731979370117,0.9546108245849609
13.453596115112305,14.215363502502441,0.7617673873901367
10.971923828125,10.503216743469238,-0.4687070846557617
11.986056327819824,10.911683082580566,-1.0743732452392578
11.800000190734863,11.684094429016113,-0.11590576171875
12.798970222473145,13.5748872756958,0.7759170532226562
10.800000190734863,10.50975227355957,-0.29024791717529297
11.800000190734863,11.533370018005371,-0.2666301727294922
12.89999771118164,12.672992706298828,-0.2270050048828125
14.33657169342041,14.489852905273438,0.15328121185302734
12.699997901916504,12.516140937805176,-0.18385696411132812
11.90966796875,12.303738594055176,0.3940706253051758
10.199999809265137,10.065340042114258,-0.1346597671508789
11.800000190734863,11.6126127243042,-0.18738746643066406
11.800000190734863,12.063559532165527,0.26355934143066406
10.199999809265137,9.888882637023926,-0.31111717224121094
12.599996566772461,13.444177627563477,0.8441810607910156
11.800000190734863,11.454127311706543,-0.3458728790283203
11.798970222473145,11.606893539428711,-0.1920766830444336
12.39999771118164,12.215509414672852,-0.18448829650878906
11.999998092651367,12.189367294311523,0.18936920166015625
12.89999771118164,12.76448917388916,-0.13550853729248047
11.999998092651367,12.169761657714844,0.16976356506347656
12.015423774719238,12.751418113708496,0.7359943389892578
11.999998092651367,12.973624229431152,0.9736261367797852
12.799991607666016,12.836379051208496,0.03638744354248047
12.29999828338623,13.37228775024414,1.0722894668579102
11.59999942779541,11.486804962158203,-0.11319446563720703
12.39999771118164,13.4049654006958,1.0049676895141602
11.59999942779541,11.669389724731445,0.06939029693603516
10.300000190734863,10.261404037475586,-0.038596153259277344
11.999998092651367,12.59456729888916,0.594569206237793
13.600038528442383,13.5748872756958,-0.02515125274658203
12.19999885559082,11.949189186096191,-0.2508096694946289
11.699999809265137,11.459029197692871,-0.24097061157226562
11.999998092651367,12.44425106048584,0.44425296783447266
11.699999809265137,12.427912712097168,0.7279129028320312
13.000008583068848,11.716401100158691,-1.2836074829101562
11.999998092651367,11.993303298950195,-0.006694793701171875
11.999998092651367,12.159957885742188,0.1599597930908203
11.999998092651367,12.045587539672852,0.045589447021484375
11.999998092651367,11.849523544311523,-0.15047454833984375
12.19999885559082,12.901734352111816,0.7017354965209961
12.599996566772461,12.457322120666504,-0.14267444610595703
14.500117301940918,13.836305618286133,-0.6638116836547852
13.100000381469727,13.143546104431152,0.04354572296142578
11.999998092651367,11.676129341125488,-0.3238687515258789
11.999998092651367,12.140351295471191,0.14035320281982422
11.999998092651367,11.709674835205078,-0.29032325744628906
11.999998092651367,12.921339988708496,0.9213418960571289
14.049986839294434,13.241578102111816,-0.8084087371826172
11.999998092651367,12.035783767700195,0.035785675048828125
11.59999942779541,11.338122367858887,-0.26187705993652344
11.699999809265137,11.797648429870605,0.09764862060546875
11.0,10.385578155517578,-0.6144218444824219
11.999998092651367,12.086434364318848,0.08643627166748047
11.999998092651367,12.06029224395752,0.060294151306152344
11.999998092651367,11.999838829040527,-0.00015926361083984375
15.798970222473145,14.319931030273438,-1.479039192199707
10.399999618530273,10.27447509765625,-0.12552452087402344
11.59999942779541,11.672248840332031,0.0722494125366211
11.999998092651367,11.981866836547852,-0.018131256103515625
11.999998092651367,12.290667533874512,0.29066944122314453
12.699997901916504,13.587958335876465,0.8879604339599609
12.100000381469727,12.96708869934082,0.8670883178710938
11.90000057220459,11.824198722839355,-0.07580184936523438
12.755607604980469,14.437569618225098,1.681962013244629
11.497940063476562,10.92475414276123,-0.573185920715332
11.411847114562988,10.771170616149902,-0.6406764984130859
11.90000057220459,11.85851001739502,-0.04149055480957031
11.699999809265137,11.065266609191895,-0.6347332000732422
11.90000057220459,12.032516479492188,0.13251590728759766
12.19999885559082,12.182832717895508,-0.0171661376953125
11.40000057220459,11.310346603393555,-0.08965396881103516
11.90000057220459,11.94265365600586,0.04265308380126953
10.491527557373047,10.555500030517578,0.06397247314453125
13.449484825134277,12.914804458618164,-0.5346803665161133
11.90000057220459,11.88955307006836,-0.010447502136230469
11.90000057220459,11.988402366638184,0.08840179443359375
12.100000381469727,11.883017539978027,-0.21698284149169922
11.90000057220459,11.999838829040527,0.0998382568359375
11.881983757019043,12.053756713867188,0.17177295684814453
11.5,11.829916954040527,0.32991695404052734
12.599996566772461,13.45724868774414,0.8572521209716797
11.40000057220459,11.302177429199219,-0.0978231430053711
11.90000057220459,12.35929012298584,0.45928955078125
11.100000381469727,11.727544784545898,0.6275444030761719
11.90000057220459,11.822155952453613,-0.07784461975097656
15.100000381469727,14.790485382080078,-0.30951499938964844
12.29999828338623,11.918146133422852,-0.3818521499633789
11.5,11.583203315734863,0.08320331573486328
12.19999885559082,11.80908489227295,-0.3909139633178711
11.100000381469727,11.150228500366211,0.050228118896484375
11.90000057220459,11.925498008728027,0.0254974365234375
11.800000190734863,11.343024253845215,-0.45697593688964844
12.19999885559082,12.146886825561523,-0.053112030029296875
14.821246147155762,14.581350326538086,-0.23989582061767578
10.300000190734863,9.78431510925293,-0.5156850814819336
12.49999713897705,13.065120697021484,0.5651235580444336
11.90000057220459,12.440983772277832,0.5409832000732422
13.685027122497559,14.46371078491211,0.7786836624145508
11.90000057220459,12.073363304138184,0.17336273193359375
11.90000057220459,11.870763778686523,-0.029236793518066406
11.40000057220459,11.674495697021484,0.27449512481689453
11.90000057220459,11.98513412475586,0.08513355255126953
11.90000057220459,10.196049690246582,-1.7039508819580078
11.90000057220459,12.034150123596191,0.13414955139160156
11.40000057220459,11.120818138122559,-0.27918243408203125
11.90000057220459,12.117477416992188,0.21747684478759766
11.90000057220459,11.958992004394531,0.058991432189941406
11.88477611541748,11.814804077148438,-0.06997203826904297
10.702059745788574,10.300617218017578,-0.4014425277709961
12.769180297851562,12.463857650756836,-0.30532264709472656
11.90000057220459,11.658769607543945,-0.24123096466064453
11.40000057220459,11.685115814208984,0.28511524200439453
14.100000381469727,14.346073150634766,0.24607276916503906
12.49999713897705,12.84945011138916,0.3494529724121094
12.39999771118164,13.097798347473145,0.6978006362915039
12.29999828338623,12.869056701660156,0.5690584182739258
12.29999828338623,12.653386116027832,0.35338783264160156
12.29999828338623,12.297203063964844,-0.0027952194213867188
10.622879028320312,10.42479133605957,-0.1980876922607422
11.699999809265137,11.606893539428711,-0.09310626983642578
12.29999828338623,13.640241622924805,1.3402433395385742
12.29999828338623,12.4344482421875,0.13444995880126953
12.29999828338623,12.777560234069824,0.47756195068359375
10.401029586791992,11.124086380004883,0.7230567932128906
12.29999828338623,12.372361183166504,0.07236289978027344
12.29999828338623,14.032370567321777,1.7323722839355469
10.5,10.575106620788574,0.07510662078857422
11.100000381469727,10.82999038696289,-0.27000999450683594
12.29999828338623,12.280864715576172,-0.019133567810058594
12.100000381469727,11.724609375,-0.37539100646972656
11.999998092651367,12.5194091796875,0.5194110870361328
12.29999828338623,12.320076942443848,0.020078659057617188
12.174633979797363,12.20897388458252,0.03433990478515625
12.29999828338623,12.440983772277832,0.14098548889160156
12.29999828338623,12.248187065124512,-0.05181121826171875
12.29999828338623,12.349486351013184,0.049488067626953125
12.29999828338623,12.27432918548584,-0.025669097900390625
11.999998092651367,11.241724967956543,-0.7582731246948242
12.599996566772461,12.842914581298828,0.2429180145263672
12.29999828338623,12.49653434753418,0.19653606414794922
12.58545207977295,12.405037879943848,-0.18041419982910156
12.29999828338623,12.489999771118164,0.1900014877319336
11.5,12.065194129943848,0.5651941299438477
12.29999828338623,12.467124938964844,0.16712665557861328
11.699999809265137,11.548074722290039,-0.15192508697509766
10.399999618530273,10.202585220336914,-0.19741439819335938
10.401029586791992,10.254868507385254,-0.14616107940673828
12.29999828338623,12.414841651916504,0.11484336853027344
12.29999828338623,12.450786590576172,0.1507883071899414
13.2000150680542,12.421377182006836,-0.7786378860473633
12.29999828338623,12.019445419311523,-0.28055286407470703
12.39999771118164,13.391894340515137,0.9918966293334961
12.29999828338623,12.372361183166504,0.07236289978027344
12.29999828338623,12.552085876464844,0.2520875930786133
12.29999828338623,12.555354118347168,0.2553558349609375
12.29999828338623,12.24165153503418,-0.05834674835205078
12.29999828338623,12.342950820922852,0.042952537536621094
10.100000381469727,10.620855331420898,0.5208549499511719
11.29382038116455,10.692745208740234,-0.6010751724243164
12.29999828338623,12.76448917388916,0.4644908905029297
12.531798362731934,10.464003562927246,-2.0677947998046875
12.29999828338623,12.264525413513184,-0.035472869873046875
13.594849586486816,14.097724914550781,0.5028753280639648
11.90000057220459,12.267793655395508,0.36779308319091797
12.219758033752441,12.699134826660156,0.47937679290771484
11.175721168518066,10.718887329101562,-0.4568338394165039
12.29999828338623,12.189367294311523,-0.11063098907470703
12.353365898132324,12.581496238708496,0.22813034057617188
11.543697357177734,11.844621658325195,0.30092430114746094
12.29999828338623,12.07009506225586,-0.2299032211303711
10.699999809265137,10.20911979675293,-0.49088001251220703
11.821246147155762,12.421377182006836,0.6001310348510742
11.90000057220459,12.089701652526855,0.18970108032226562
11.699999809265137,11.667551040649414,-0.032448768615722656
11.90000057220459,12.483464241027832,0.5834636688232422
11.699999809265137,11.441056251525879,-0.2589435577392578
11.100000381469727,10.862667083740234,-0.2373332977294922
11.90000057220459,11.947555541992188,0.047554969787597656
11.56132984161377,11.9312162399292,0.3698863983154297
11.90000057220459,11.769872665405273,-0.1301279067993164
11.90000057220459,11.94265365600586,0.04265308380126953
11.497940063476562,11.785802841186523,0.28786277770996094
11.56132984161377,11.32995319366455,-0.23137664794921875
11.699999809265137,11.558694839477539,-0.14130496978759766
13.600038528442383,13.784022331237793,0.18398380279541016
11.90000057220459,11.9312162399292,0.031215667724609375
11.90000057220459,11.983500480651855,0.08349990844726562
12.020818710327148,11.475367546081543,-0.5454511642456055
11.90000057220459,11.905075073242188,0.005074501037597656
15.200179100036621,15.247967720031738,0.04778861999511719
11.800000190734863,11.561145782470703,-0.23885440826416016
11.800000190734863,11.6019926071167,-0.19800758361816406
11.90000057220459,11.7931547164917,-0.10684585571289062
12.49999713897705,12.300470352172852,-0.19952678680419922
12.599996566772461,12.297203063964844,-0.3027935028076172
11.90000057220459,11.423084259033203,-0.4769163131713867
11.999998092651367,11.667960166931152,-0.33203792572021484
12.49999713897705,11.914060592651367,-0.5859365463256836
11.999998092651367,11.998205184936523,-0.00179290771484375
11.90000057220459,11.864228248596191,-0.03577232360839844
11.699999809265137,11.290740966796875,-0.4092588424682617
11.699999809265137,11.818888664245605,0.11888885498046875
11.90000057220459,11.912426948547363,0.012426376342773438
10.100000381469727,10.006521224975586,-0.09347915649414062
12.51296329498291,13.33961009979248,0.8266468048095703
13.600038528442383,13.5748872756958,-0.02515125274658203
12.100000381469727,11.834818840026855,-0.2651815414428711
11.90000057220459,11.828283309936523,-0.0717172622680664
11.90000057220459,12.094603538513184,0.19460296630859375
11.90000057220459,11.691650390625,-0.20835018157958984
12.699997901916504,12.954017639160156,0.25401973724365234
11.90000057220459,11.841354370117188,-0.058646202087402344
11.90000057220459,11.952457427978516,0.05245685577392578
11.911954879760742,11.882200241088867,-0.029754638671875
11.90000057220459,11.782942771911621,-0.11705780029296875
11.699999809265137,11.644064903259277,-0.055934906005859375
11.90000057220459,11.960626602172852,0.06062602996826172
11.90000057220459,11.929582595825195,0.02958202362060547
11.90000057220459,11.871580123901367,-0.028420448303222656
11.90000057220459,11.822564125061035,-0.07743644714355469
14.500117301940918,14.738201141357422,0.2380838394165039
11.100000381469727,10.937825202941895,-0.16217517852783203
11.100000381469727,11.455760955810547,0.3557605743408203
11.100000381469727,10.575106620788574,-0.5248937606811523
11.800000190734863,11.830734252929688,0.03073406219482422
11.800000190734863,11.74638557434082,-0.05361461639404297
12.19999885559082,12.218777656555176,0.01877880096435547
11.800000190734863,11.844621658325195,0.04462146759033203
12.39999771118164,13.078191757202148,0.6781940460205078
12.39999771118164,12.666457176208496,0.26645946502685547
11.800000190734863,11.729944229125977,-0.07005596160888672
11.800000190734863,11.702271461486816,-0.09772872924804688
11.800000190734863,11.176369667053223,-0.6236305236816406
11.800000190734863,11.834818840026855,0.03481864929199219
11.800000190734863,11.832367897033691,0.032367706298828125
11.800000190734863,11.80459213256836,0.004591941833496094
11.800000190734863,11.806633949279785,0.006633758544921875
11.100000381469727,10.823454856872559,-0.27654552459716797
11.90000057220459,12.110941886901855,0.21094131469726562
11.800000190734863,11.658360481262207,-0.14163970947265625
11.800000190734863,11.757822036743164,-0.04217815399169922
11.800000190734863,11.838086128234863,0.0380859375
11.800000190734863,11.673474311828613,-0.12652587890625
11.999998092651367,11.621599197387695,-0.3783988952636719
11.800000190734863,12.120745658874512,0.32074546813964844
11.800000190734863,11.6810302734375,-0.11896991729736328
11.800000190734863,11.684706687927246,-0.11529350280761719
11.800000190734863,11.752511978149414,-0.04748821258544922
11.59999942779541,11.563596725463867,-0.03640270233154297
11.59999942779541,11.682868957519531,0.0828695297241211
11.59999942779541,11.396942138671875,-0.20305728912353516
11.59999942779541,12.84945011138916,1.24945068359375
11.59999942779541,11.388772964477539,-0.2112264633178711
11.59999942779541,12.03905200958252,0.4390525817871094
11.59999942779541,11.498241424560547,-0.10175800323486328
11.59999942779541,11.385504722595215,-0.2144947052001953
13.699980735778809,13.640241622924805,-0.059739112854003906
11.90000057220459,11.508045196533203,-0.3919553756713867
12.699997901916504,12.27432918548584,-0.42566871643066406
11.59999942779541,11.91161060333252,0.3116111755371094
11.59999942779541,13.091262817382812,1.4912633895874023
11.59999942779541,11.503143310546875,-0.09685611724853516
11.59999942779541,12.159957885742188,0.5599584579467773
11.59999942779541,11.225385665893555,-0.37461376190185547
11.59999942779541,12.02924919128418,0.42924976348876953
11.59999942779541,11.427985191345215,-0.1720142364501953
13.100000381469727,13.05204963684082,-0.04795074462890625
11.59999942779541,11.280937194824219,-0.3190622329711914
11.59999942779541,11.176369667053223,-0.4236297607421875
11.59999942779541,11.382237434387207,-0.21776199340820312
12.799991607666016,11.552159309387207,-1.2478322982788086
11.800000190734863,11.587287902832031,-0.21271228790283203
11.59999942779541,11.315248489379883,-0.28475093841552734
12.49999713897705,13.653312683105469,1.153315544128418
12.39999771118164,11.80990219116211,-0.5900955200195312
11.59999942779541,11.341390609741211,-0.2586088180541992
11.800000190734863,11.94265365600586,0.1426534652709961
12.29999828338623,12.927875518798828,0.6278772354125977
11.59999942779541,11.431253433227539,-0.1687459945678711
12.19999885559082,11.419816017150879,-0.7801828384399414
11.800000190734863,11.593823432922363,-0.2061767578125
11.800000190734863,11.994937896728516,0.19493770599365234
11.324753761291504,10.699280738830566,-0.6254730224609375
11.800000190734863,11.939386367797852,0.13938617706298828
13.543697357177734,14.437569618225098,0.8938722610473633
11.100000381469727,11.449225425720215,0.3492250442504883
11.800000190734863,11.852790832519531,0.05279064178466797
11.100000381469727,10.99991226196289,-0.10008811950683594
11.800000190734863,11.883834838867188,0.08383464813232422
11.020818710327148,11.088141441345215,0.0673227310180664
11.800000190734863,12.244918823242188,0.4449186325073242
10.100000381469727,9.823527336120605,-0.2764730453491211
13.71092414855957,13.823235511779785,0.11231136322021484
10.100000381469727,9.810456275939941,-0.28954410552978516
11.777780532836914,12.470393180847168,0.6926126480102539
13.466531753540039,13.496461868286133,0.02993011474609375
11.999998092651367,12.13381576538086,0.1338176727294922
12.635290145874023,10.555500030517578,-2.0797901153564453
10.401029586791992,10.111087799072266,-0.28994178771972656
11.800000190734863,11.962260246276855,0.1622600555419922
12.19690990447998,11.058731079101562,-1.138178825378418
14.668636322021484,14.607491493225098,-0.06114482879638672
10.401029586791992,11.882200241088867,1.481170654296875
11.100000381469727,10.954163551330566,-0.14583683013916016
12.100000381469727,11.789887428283691,-0.31011295318603516
10.702059745788574,10.261404037475586,-0.4406557083129883
11.800000190734863,11.816437721252441,0.016437530517578125
11.800000190734863,11.653050422668457,-0.14694976806640625
12.583288192749023,13.025907516479492,0.44261932373046875
12.699997901916504,13.306933403015137,0.6069355010986328
11.800000190734863,11.919779777526855,0.11977958679199219
11.800000190734863,12.179564476013184,0.3795642852783203
11.275223731994629,12.333148002624512,1.0579242706298828
11.800000190734863,11.749652862548828,-0.050347328186035156
11.800000190734863,12.001473426818848,0.20147323608398438
11.999998092651367,12.297203063964844,0.29720497131347656
11.100000381469727,10.977038383483887,-0.12296199798583984
11.100000381469727,11.107747077941895,0.007746696472167969
11.100000381469727,10.50975227355957,-0.5902481079101562
13.060409545898438,13.627171516418457,0.5667619705200195
11.800000190734863,11.820114135742188,0.02011394500732422
11.869550704956055,11.019518852233887,-0.850031852722168
13.25051498413086,13.731739044189453,0.48122406005859375
12.337321281433105,11.264598846435547,-1.0727224349975586
11.100000381469727,10.607784271240234,-0.4922161102294922
11.100000381469727,10.996644020080566,-0.10335636138916016
11.100000381469727,10.92475414276123,-0.1752462387084961
11.699999809265137,11.107747077941895,-0.5922527313232422
11.300000190734863,12.218777656555176,0.9187774658203125
12.29999828338623,13.150081634521484,0.8500833511352539
11.999998092651367,12.725275993347168,0.7252779006958008
11.100000381469727,11.045660018920898,-0.054340362548828125
11.100000381469727,10.88227367401123,-0.2177267074584961
11.100000381469727,11.325052261352539,0.2250518798828125
11.90000057220459,11.035857200622559,-0.8641433715820312
11.100000381469727,10.973770141601562,-0.12623023986816406
11.40000057220459,11.457395553588867,0.057394981384277344
11.5,10.862667083740234,-0.6373329162597656
11.100000381469727,11.73025131225586,0.6302509307861328
11.100000381469727,11.04239273071289,-0.05760765075683594
13.000008583068848,13.25464916229248,0.2546405792236328
13.500007629394531,13.731739044189453,0.23173141479492188
11.100000381469727,11.302177429199219,0.2021770477294922
11.5,12.908269882202148,1.4082698822021484
12.599996566772461,12.777560234069824,0.17756366729736328
14.200179100036621,12.418108940124512,-1.7820701599121094
11.100000381469727,10.99991226196289,-0.10008811950683594
13.800057411193848,13.4049654006958,-0.3950920104980469
11.100000381469727,10.888809204101562,-0.21119117736816406
11.300000190734863,11.403477668762207,0.10347747802734375
13.600038528442383,12.346219062805176,-1.253819465637207
12.39999771118164,12.313541412353516,-0.086456298828125
12.699997901916504,13.22197151184082,0.5219736099243164
11.300000190734863,12.581496238708496,1.2814960479736328
11.40000057220459,11.068534851074219,-0.3314657211303711
12.29999828338623,12.875592231750488,0.5755939483642578
11.999998092651367,11.05219554901123,-0.9478025436401367
11.300000190734863,10.95743179321289,-0.34256839752197266
12.19999885559082,11.925498008728027,-0.27450084686279297
11.40000057220459,11.302177429199219,-0.0978231430053711
11.100000381469727,11.140424728393555,0.040424346923828125
12.19999885559082,11.861777305603027,-0.33822154998779297
13.600038528442383,13.797093391418457,0.19705486297607422
11.59999942779541,12.169761657714844,0.5697622299194336
12.195114135742188,11.284205436706543,-0.9109086990356445
11.699999809265137,12.908269882202148,1.2082700729370117
11.5,11.604443550109863,0.10444355010986328
12.799991607666016,12.790631294250488,-0.009360313415527344
11.100000381469727,10.970502853393555,-0.12949752807617188
11.100000381469727,10.977038383483887,-0.12296199798583984
11.90000057220459,11.586470603942871,-0.31352996826171875
12.29999828338623,12.35929012298584,0.059291839599609375
10.199999809265137,10.07187557220459,-0.12812423706054688
13.600038528442383,13.444177627563477,-0.15586090087890625
10.100000381469727,10.032662391662598,-0.0673379898071289
12.799991607666016,13.012836456298828,0.2128448486328125
12.100000381469727,11.724379539489746,-0.37562084197998047
13.600038528442383,13.235042572021484,-0.36499595642089844
12.39999771118164,12.127281188964844,-0.2727165222167969
11.5,11.496607780456543,-0.0033922195434570312
11.800000190734863,11.24499225616455,-0.5550079345703125
11.999998092651367,11.594639778137207,-0.40535831451416016
11.40000057220459,11.341390609741211,-0.058609962463378906
12.49999713897705,12.030882835388184,-0.4691143035888672
12.100000381469727,11.674290657043457,-0.42570972442626953
13.800057411193848,12.065194129943848,-1.73486328125
13.399989128112793,13.927803039550781,0.5278139114379883
13.100000381469727,12.908269882202148,-0.19173049926757812
12.599996566772461,12.437715530395508,-0.16228103637695312
11.59999942779541,12.480195999145508,0.8801965713500977
12.599996566772461,13.078191757202148,0.4781951904296875
12.39999771118164,12.297203063964844,-0.10279464721679688
11.100000381469727,10.771170616149902,-0.3288297653198242
11.699999809265137,11.555427551269531,-0.14457225799560547
14.500117301940918,14.032370567321777,-0.4677467346191406
12.799991607666016,12.947482109069824,0.1474905014038086
10.399999618530273,9.980379104614258,-0.4196205139160156
13.500007629394531,13.20236587524414,-0.2976417541503906
12.19999885559082,13.123939514160156,0.9239406585693359
11.999998092651367,11.434520721435547,-0.5654773712158203
11.5,11.450860023498535,-0.049139976501464844
12.29999828338623,12.888663291931152,0.5886650085449219
11.449999809265137,11.514580726623535,0.06458091735839844
14.500117301940918,13.496461868286133,-1.0036554336547852
12.89999771118164,13.640241622924805,0.7402439117431641
12.29999828338623,12.59456729888916,0.2945690155029297
11.59999942779541,13.215436935424805,1.6154375076293945
11.25,11.12735366821289,-0.12264633178710938
12.799991607666016,13.509532928466797,0.7095413208007812
12.799991607666016,13.019372940063477,0.21938133239746094
11.100000381469727,11.107747077941895,0.007746696472167969
12.699997901916504,13.601029396057129,0.901031494140625
13.100000381469727,13.431106567382812,0.33110618591308594
13.800057411193848,13.37228775024414,-0.42776966094970703
11.100000381469727,10.823454856872559,-0.27654552459716797
11.40000057220459,11.43615436553955,0.03615379333496094
11.90000057220459,11.924681663513184,0.02468109130859375
11.90000057220459,11.897722244262695,-0.0022783279418945312
11.90000057220459,11.916511535644531,0.016510963439941406
11.90000057220459,11.918146133422852,0.01814556121826172
14.236677169799805,14.542137145996094,0.30545997619628906
11.90000057220459,11.896088600158691,-0.0039119720458984375
11.90000057220459,11.853608131408691,-0.04639244079589844
11.90000057220459,11.976964950561523,0.0769643783569336
11.90000057220459,11.851974487304688,-0.048026084899902344
11.90000057220459,11.874031066894531,-0.025969505310058594
11.90000057220459,11.8674955368042,-0.032505035400390625
11.100000381469727,10.673138618469238,-0.4268617630004883
11.100000381469727,10.986841201782227,-0.1131591796875
11.90000057220459,11.95409107208252,0.05409049987792969
13.869550704956055,14.52906608581543,0.659515380859375
11.90000057220459,11.8462553024292,-0.053745269775390625
11.90000057220459,11.902624130249023,0.0026235580444335938
11.90000057220459,11.970429420471191,0.07042884826660156
11.90000057220459,11.927131652832031,0.027131080627441406
11.90000057220459,12.061925888061523,0.1619253158569336
10.100000381469727,10.182978630065918,0.0829782485961914
11.90000057220459,12.047221183776855,0.14722061157226562
11.213943481445312,11.019518852233887,-0.19442462921142578
11.90000057220459,11.765174865722656,-0.1348257064819336
11.999998092651367,12.032516479492188,0.03251838684082031
11.953871726989746,11.98513412475586,0.03126239776611328
11.90000057220459,11.950822830200195,0.05082225799560547
11.512984275817871,11.367532730102539,-0.14545154571533203
11.5,11.668572425842285,0.16857242584228516
11.59999942779541,11.367532730102539,-0.2324666976928711
11.5,11.411646842956543,-0.08835315704345703
11.5,11.274401664733887,-0.22559833526611328
11.5,11.465564727783203,-0.034435272216796875
11.5,11.468832015991211,-0.031167984008789062
12.699997901916504,13.418036460876465,0.7180385589599609
11.5,11.326685905456543,-0.17331409454345703
11.34392261505127,11.369166374206543,0.025243759155273438
11.5,10.718887329101562,-0.7811126708984375
11.5,11.290740966796875,-0.209259033203125
11.5,11.395308494567871,-0.1046915054321289
11.5,11.575033187866211,0.07503318786621094
11.5,11.431253433227539,-0.06874656677246094
11.5,11.450860023498535,-0.049139976501464844
11.5,11.344657897949219,-0.15534210205078125
11.5,11.316882133483887,-0.18311786651611328
11.5,11.429619789123535,-0.07038021087646484
11.5,11.388772964477539,-0.11122703552246094
11.5,11.562779426574707,0.06277942657470703
11.5,11.421449661254883,-0.07855033874511719
11.5,11.387138366699219,-0.11286163330078125
13.100000381469727,13.679454803466797,0.5794544219970703
11.5,11.475367546081543,-0.02463245391845703
11.5,11.519481658935547,0.019481658935546875
11.5,11.952457427978516,0.4524574279785156
11.5,11.32995319366455,-0.17004680633544922
11.5,11.418182373046875,-0.081817626953125
11.5,11.485170364379883,-0.014829635620117188
11.5,11.452493667602539,-0.04750633239746094
11.5,11.43615436553955,-0.06384563446044922
11.90000057220459,11.807043075561523,-0.0929574966430664
11.90000057220459,11.838086128234863,-0.06191444396972656
11.90000057220459,11.686136245727539,-0.21386432647705078
11.699999809265137,12.001473426818848,0.30147361755371094
11.699999809265137,12.686063766479492,0.9860639572143555
11.800000190734863,11.205779075622559,-0.5942211151123047
11.199999809265137,10.944360733032227,-0.25563907623291016
12.19999885559082,12.313541412353516,0.11354255676269531
11.90000057220459,11.91161060333252,0.011610031127929688
11.199999809265137,10.980305671691895,-0.2196941375732422
11.199999809265137,11.08487319946289,-0.1151266098022461
11.699999809265137,11.803366661071777,0.10336685180664062
11.199999809265137,11.21231460571289,0.012314796447753906
11.199999809265137,11.140424728393555,-0.05957508087158203
11.199999809265137,11.068534851074219,-0.13146495819091797
11.199999809265137,11.163298606872559,-0.036701202392578125
11.199999809265137,11.039125442504883,-0.1608743667602539
11.199999809265137,10.947628021240234,-0.25237178802490234
11.800000190734863,12.073363304138184,0.2733631134033203
14.500117301940918,13.967015266418457,-0.5331020355224609
11.199999809265137,10.954163551330566,-0.2458362579345703
11.199999809265137,11.978598594665527,0.7785987854003906
13.500007629394531,13.927803039550781,0.42779541015625
13.100000381469727,12.777560234069824,-0.32244014739990234
11.199999809265137,10.970502853393555,-0.22949695587158203
11.199999809265137,11.228653907775879,0.028654098510742188
11.199999809265137,11.880566596984863,0.6805667877197266
11.199999809265137,11.150228500366211,-0.04977130889892578
11.699999809265137,12.115843772888184,0.4158439636230469
11.999998092651367,12.61417293548584,0.6141748428344727
11.199999809265137,11.055463790893555,-0.14453601837158203
13.299970626831055,12.947482109069824,-0.35248851776123047
12.49999713897705,13.470319747924805,0.9703226089477539
11.199999809265137,11.475367546081543,0.27536773681640625
11.199999809265137,10.993376731872559,-0.20662307739257812
11.199999809265137,11.114282608032227,-0.08571720123291016
11.199999809265137,10.983573913574219,-0.21642589569091797
11.199999809265137,10.91495132446289,-0.2850484848022461
11.699999809265137,11.354461669921875,-0.3455381393432617
11.59999942779541,11.434520721435547,-0.16547870635986328
12.49999713897705,13.601029396057129,1.1010322570800781
12.49999713897705,12.627243995666504,0.12724685668945312
12.49999713897705,12.463857650756836,-0.036139488220214844
11.90000057220459,12.480195999145508,0.580195426940918
12.49999713897705,12.5194091796875,0.01941204071044922
12.49999713897705,12.300470352172852,-0.19952678680419922
12.49999713897705,12.59456729888916,0.09457015991210938
12.49999713897705,12.84945011138916,0.3494529724121094
12.113227844238281,10.76463508605957,-1.348592758178711
11.5,11.427985191345215,-0.07201480865478516
12.49999713897705,12.29393482208252,-0.20606231689453125
15.400162696838379,14.52906608581543,-0.8710966110229492
13.13605785369873,11.364264488220215,-1.7717933654785156
12.49999713897705,12.784095764160156,0.28409862518310547
12.49999713897705,12.4769287109375,-0.02306842803955078
10.199999809265137,10.10455322265625,-0.09544658660888672
10.199999809265137,10.019591331481934,-0.18040847778320312
12.799991607666016,11.758843421936035,-1.0411481857299805
14.100000381469727,12.84945011138916,-1.2505502700805664
15.500117301940918,14.202292442321777,-1.2978248596191406
10.699999809265137,10.758099555969238,0.05809974670410156
12.49999713897705,12.418108940124512,-0.08188819885253906
12.799991607666016,12.427912712097168,-0.37207889556884766
15.700325965881348,15.326393127441406,-0.3739328384399414
12.799991607666016,13.313468933105469,0.5134773254394531
11.699999809265137,12.803701400756836,1.1037015914916992
12.49999713897705,12.40177059173584,-0.09822654724121094
11.5,11.356095314025879,-0.1439046859741211
12.49999713897705,12.460589408874512,-0.03940773010253906
11.59999942779541,11.693795204162598,0.0937957763671875
11.5,11.325052261352539,-0.17494773864746094
13.999974250793457,14.620562553405762,0.6205883026123047
12.89999771118164,13.006301879882812,0.10630416870117188
15.299970626831055,15.69237995147705,0.3924093246459961
11.800000190734863,11.98513412475586,0.1851339340209961
11.5,11.743730545043945,0.2437305450439453
12.49999713897705,13.110869407653809,0.6108722686767578
11.5,11.264598846435547,-0.23540115356445312
11.5,11.313614845275879,-0.1863851547241211
10.800000190734863,10.908415794372559,0.10841560363769531
11.5,11.369166374206543,-0.13083362579345703
13.869550704956055,14.215363502502441,0.3458127975463867
11.5,11.512129783630371,0.012129783630371094
13.399989128112793,12.405037879943848,-0.9949512481689453
12.39999771118164,13.156617164611816,0.7566194534301758
11.100000381469727,11.35119342803955,0.2511930465698242
11.100000381469727,11.081605911254883,-0.01839447021484375
11.100000381469727,12.659921646118164,1.5599212646484375
12.100000381469727,12.008008003234863,-0.09199237823486328
11.59999942779541,11.6019926071167,0.0019931793212890625
12.89999771118164,13.614100456237793,0.7141027450561523
11.100000381469727,10.990108489990234,-0.10989189147949219
11.100000381469727,11.012983322143555,-0.08701705932617188
12.89999771118164,11.968795776367188,-0.9312019348144531
13.711395263671875,11.720945358276367,-1.9904499053955078
12.19999885559082,12.705669403076172,0.5056705474853516
12.19999885559082,12.914804458618164,0.7148056030273438
11.100000381469727,10.941093444824219,-0.1589069366455078
11.5,12.088068008422852,0.5880680084228516
11.100000381469727,11.03258991241455,-0.06741046905517578
12.599996566772461,12.61417293548584,0.014176368713378906
11.100000381469727,10.862667083740234,-0.2373332977294922
11.100000381469727,11.11755084991455,0.01755046844482422
12.39999771118164,12.718740463256836,0.3187427520751953
11.100000381469727,10.983573913574219,-0.11642646789550781
11.90000057220459,11.833184242248535,-0.06681632995605469
11.100000381469727,11.022786140441895,-0.07721424102783203
13.800057411193848,13.535675048828125,-0.26438236236572266
11.59999942779541,11.120818138122559,-0.47918128967285156
12.799991607666016,13.849376678466797,1.0493850708007812
11.100000381469727,11.061999320983887,-0.038001060485839844
11.699999809265137,12.287399291992188,0.5873994827270508
11.497940063476562,11.673678398132324,0.17573833465576172
11.300000190734863,11.277669906616211,-0.022330284118652344
11.5,11.865861892700195,0.3658618927001953
11.699999809265137,11.192708969116211,-0.5072908401489258
13.999974250793457,13.653312683105469,-0.3466615676879883
13.600038528442383,13.352681159973145,-0.24735736846923828
11.120241165161133,10.977038383483887,-0.1432027816772461
11.5,12.244918823242188,0.7449188232421875
14.500117301940918,14.00622844696045,-0.49388885498046875
11.199999809265137,11.07507038116455,-0.12492942810058594
13.43998908996582,13.5748872756958,0.13489818572998047
13.100000381469727,12.725275993347168,-0.3747243881225586
11.199999809265137,11.07507038116455,-0.12492942810058594
11.199999809265137,11.124086380004883,-0.0759134292602539
11.699999809265137,12.084799766540527,0.3847999572753906
11.100000381469727,10.937825202941895,-0.16217517852783203
12.29999828338623,11.622823715209961,-0.6771745681762695
12.32184886932373,12.424644470214844,0.10279560089111328
11.844727516174316,12.23184871673584,0.38712120056152344
11.699999809265137,12.228580474853516,0.5285806655883789
14.100000381469727,12.842914581298828,-1.2570858001708984
11.800000190734863,11.370800018310547,-0.4292001724243164
13.699980735778809,13.33961009979248,-0.3603706359863281
11.199999809265137,11.029321670532227,-0.17067813873291016
11.199999809265137,11.24499225616455,0.04499244689941406
11.199999809265137,11.137157440185547,-0.06284236907958984
13.399989128112793,13.823235511779785,0.4232463836669922
11.300000190734863,11.039125442504883,-0.26087474822998047
11.699999809265137,11.411646842956543,-0.28835296630859375
11.699999809265137,11.432887077331543,-0.26711273193359375
11.028118133544922,11.140424728393555,0.11230659484863281
11.199999809265137,11.28747272491455,0.08747291564941406
11.699999809265137,12.24165153503418,0.541651725769043
13.909893989562988,14.93426513671875,1.0243711471557617
11.199999809265137,11.061999320983887,-0.13800048828125
14.999629020690918,14.725130081176758,-0.27449893951416016
11.321125984191895,11.274401664733887,-0.04672431945800781
12.771620750427246,13.359216690063477,0.5875959396362305
13.203804016113281,13.561816215515137,0.35801219940185547
11.199999809265137,11.359362602233887,0.15936279296875
14.702059745788574,13.888589859008789,-0.8134698867797852
12.799991607666016,12.803701400756836,0.0037097930908203125
13.800057411193848,13.967015266418457,0.16695785522460938
11.497940063476562,12.074996948242188,0.577056884765625
10.401029586791992,11.25479507446289,0.8537654876708984
11.39242935180664,11.326685905456543,-0.06574344635009766
11.100000381469727,11.03258991241455,-0.06741046905517578
11.175793647766113,11.156763076782227,-0.01903057098388672
11.199999809265137,11.333221435546875,0.13322162628173828
14.710025787353516,14.424498558044434,-0.28552722930908203
10.401029586791992,10.065340042114258,-0.3356895446777344
11.199999809265137,11.305445671081543,0.10544586181640625
11.199999809265137,11.137157440185547,-0.06284236907958984
11.199999809265137,11.186173439025879,-0.013826370239257812
12.699997901916504,12.823307991027832,0.12331008911132812
11.199999809265137,11.290740966796875,0.09074115753173828
10.100000381469727,9.993450164794922,-0.10655021667480469
11.100000381469727,10.885541915893555,-0.21445846557617188
11.100000381469727,11.258063316345215,0.15806293487548828
10.100000381469727,10.078411102294922,-0.021589279174804688
11.800000190734863,12.089701652526855,0.2897014617919922
10.199999809265137,10.18951416015625,-0.010485649108886719
11.199999809265137,11.395308494567871,0.19530868530273438
13.456547737121582,13.679454803466797,0.22290706634521484
14.466531753540039,13.862447738647461,-0.6040840148925781
12.100000381469727,11.5595121383667,-0.5404882431030273
11.100000381469727,11.029321670532227,-0.0706787109375
12.49999713897705,14.032370567321777,1.5323734283447266
15.415047645568848,15.561670303344727,0.1466226577758789
10.100000381469727,11.195976257324219,1.0959758758544922
11.199999809265137,11.513763427734375,0.3137636184692383
11.199999809265137,11.248260498046875,0.04826068878173828
11.199999809265137,11.035857200622559,-0.16414260864257812
12.622879028320312,12.96708869934082,0.3442096710205078
11.90000057220459,12.320076942443848,0.4200763702392578
11.199999809265137,11.120818138122559,-0.07918167114257812
12.39999771118164,12.8167724609375,0.4167747497558594
11.199999809265137,10.970502853393555,-0.22949695587158203
10.401029586791992,10.045733451843262,-0.35529613494873047
11.699999809265137,11.714755058288574,0.0147552490234375
12.972895622253418,13.313468933105469,0.3405733108520508
11.100000381469727,10.990108489990234,-0.10989189147949219
13.399989128112793,14.00622844696045,0.6062393188476562
10.100000381469727,10.130694389343262,0.030694007873535156
11.199999809265137,11.21231460571289,0.012314796447753906
11.199999809265137,11.120818138122559,-0.07918167114257812
11.699999809265137,11.516214370727539,-0.18378543853759766
11.300000190734863,11.143692970275879,-0.15630722045898438
11.300000190734863,11.11755084991455,-0.1824493408203125
11.300000190734863,11.107747077941895,-0.19225311279296875
13.500007629394531,13.548745155334473,0.048737525939941406
13.000008583068848,12.914804458618164,-0.0852041244506836
12.699997901916504,12.810237884521484,0.11023998260498047
11.300000190734863,11.347926139831543,0.04792594909667969
12.821246147155762,12.395235061645508,-0.4260110855102539
12.19999885559082,11.753125190734863,-0.44687366485595703
11.100000381469727,11.124086380004883,0.02408599853515625
11.300000190734863,11.24499225616455,-0.0550079345703125
11.800000190734863,12.058658599853516,0.25865840911865234
11.300000190734863,11.186173439025879,-0.11382675170898438
12.100000381469727,11.924681663513184,-0.17531871795654297
13.000008583068848,12.829843521118164,-0.1701650619506836
11.300000190734863,11.323417663574219,0.02341747283935547
11.300000190734863,11.205779075622559,-0.09422111511230469
13.100000381469727,13.940874099731445,0.8408737182617188
11.300000190734863,11.534187316894531,0.23418712615966797
11.274371147155762,11.16003131866455,-0.11433982849121094
14.986056327819824,15.143400192260742,0.15734386444091797
11.300000190734863,11.182905197143555,-0.1170949935913086
11.300000190734863,11.133889198303223,-0.16611099243164062
13.699980735778809,14.019299507141113,0.3193187713623047
11.277451515197754,11.08487319946289,-0.19257831573486328
11.40000057220459,11.30871295928955,-0.09128761291503906
11.300000190734863,11.261330604553223,-0.038669586181640625
11.300000190734863,11.133889198303223,-0.16611099243164062
11.300000190734863,11.222118377685547,-0.0778818130493164
11.300000190734863,11.16003131866455,-0.1399688720703125
15.200179100036621,15.22182559967041,0.021646499633789062
11.300000190734863,11.199243545532227,-0.10075664520263672
12.39999771118164,11.156763076782227,-1.243234634399414
14.600313186645508,14.045440673828125,-0.5548725128173828
12.599996566772461,12.342950820922852,-0.2570457458496094
11.300000190734863,11.048928260803223,-0.2510719299316406
11.100000381469727,10.941093444824219,-0.1589069366455078
11.300000190734863,11.153495788574219,-0.14650440216064453
15.500117301940918,15.143400192260742,-0.3567171096801758
11.702059745788574,11.267866134643555,-0.43419361114501953
11.300000190734863,11.192708969116211,-0.10729122161865234
13.2000150680542,13.784022331237793,0.5840072631835938
11.300000190734863,11.521116256713867,0.2211160659790039
11.699999809265137,11.627725601196289,-0.07227420806884766
11.800000190734863,11.811535835266113,0.01153564453125
11.90000057220459,12.414841651916504,0.5148410797119141
11.800000190734863,11.851157188415527,0.05115699768066406
12.100000381469727,11.901806831359863,-0.19819355010986328
11.800000190734863,12.159957885742188,0.3599576950073242
12.39999771118164,12.503069877624512,0.1030721664428711
11.800000190734863,11.758639335632324,-0.04136085510253906
11.800000190734863,11.765174865722656,-0.03482532501220703
11.800000190734863,11.766400337219238,-0.033599853515625
11.999998092651367,11.39367389678955,-0.6063241958618164
11.800000190734863,12.215509414672852,0.4155092239379883
12.39999771118164,12.973624229431152,0.5736265182495117
11.800000190734863,11.639571189880371,-0.1604290008544922
11.699999809265137,12.993230819702148,1.2932310104370117
12.100000381469727,11.843804359436035,-0.2561960220336914
12.608638763427734,12.212242126464844,-0.3963966369628906
11.800000190734863,11.941020011901855,0.1410198211669922
11.699999809265137,11.455760955810547,-0.24423885345458984
11.800000190734863,11.812761306762695,0.012761116027832031
11.699999809265137,11.778450012207031,0.07845020294189453
11.800000190734863,11.490072250366211,-0.30992794036865234
12.39999771118164,12.215509414672852,-0.18448829650878906
13.2000150680542,13.267720222473145,0.06770515441894531
11.800000190734863,12.132182121276855,0.3321819305419922
11.800000190734863,11.763541221618652,-0.03645896911621094
11.699999809265137,11.564413070678711,-0.13558673858642578
11.800000190734863,11.85769271850586,0.057692527770996094
12.100000381469727,11.738114356994629,-0.36188602447509766
14.719788551330566,14.76434326171875,0.044554710388183594
11.699999809265137,11.552159309387207,-0.1478404998779297
12.100000381469727,12.339683532714844,0.2396831512451172
12.799991607666016,13.914731979370117,1.1147403717041016
11.800000190734863,12.20897388458252,0.40897369384765625
11.800000190734863,11.792338371276855,-0.0076618194580078125
11.800000190734863,10.771170616149902,-1.028829574584961
11.100000381469727,10.790777206420898,-0.3092231750488281
11.699999809265137,11.731884956359863,0.03188514709472656
11.800000190734863,11.990036010742188,0.19003582000732422
12.100000381469727,12.11257553100586,0.012575149536132812
11.699999809265137,11.7506742477417,0.0506744384765625
11.699999809265137,11.277669906616211,-0.4223299026489258
10.622879028320312,10.091482162475586,-0.5313968658447266
11.100000381469727,10.365971565246582,-0.7340288162231445
11.40000057220459,11.539905548095703,0.13990497589111328
11.749999046325684,11.584019660949707,-0.16597938537597656
11.40000057220459,11.490072250366211,0.0900716781616211
10.399999618530273,10.27447509765625,-0.12552452087402344
11.40000057220459,11.346292495727539,-0.05370807647705078
13.100000381469727,13.208901405334473,0.1089010238647461
11.40000057220459,11.454127311706543,0.054126739501953125
11.383996963500977,11.346292495727539,-0.0377044677734375
11.40000057220459,11.395308494567871,-0.00469207763671875
13.699980735778809,12.49653434753418,-1.203446388244629
11.40000057220459,11.344657897949219,-0.055342674255371094
11.40000057220459,11.485170364379883,0.08516979217529297
11.40000057220459,11.465564727783203,0.06556415557861328
11.25,11.395308494567871,0.1453084945678711
10.401029586791992,10.078411102294922,-0.3226184844970703
11.100000381469727,10.633926391601562,-0.46607398986816406
12.599996566772461,13.267720222473145,0.6677236557006836
11.40000057220459,12.146886825561523,0.7468862533569336
11.40000057220459,11.475367546081543,0.07536697387695312
11.40000057220459,11.375701904296875,-0.024298667907714844
11.40000057220459,10.977038383483887,-0.4229621887207031
11.5,11.447591781616211,-0.05240821838378906
12.19999885559082,11.74536418914795,-0.4546346664428711
11.40000057220459,11.403477668762207,0.0034770965576171875
11.40000057220459,11.359362602233887,-0.040637969970703125
13.000008583068848,13.731739044189453,0.7317304611206055
11.40000057220459,11.392040252685547,-0.007960319519042969
11.100000381469727,10.405184745788574,-0.6948156356811523
11.40000057220459,11.452493667602539,0.05249309539794922
12.39999771118164,11.819296836853027,-0.5807008743286133
11.40000057220459,11.406744956970215,0.006744384765625
11.40000057220459,11.463930130004883,0.06392955780029297
11.432546615600586,10.18951416015625,-1.243032455444336
14.351812362670898,14.738201141357422,0.38638877868652344
11.40000057220459,11.405111312866211,0.005110740661621094
11.40000057220459,11.344657897949219,-0.055342674255371094
11.40000057220459,11.459029197692871,0.05902862548828125
11.40000057220459,11.365898132324219,-0.034102439880371094
11.40000057220459,11.459029197692871,0.05902862548828125
11.40000057220459,11.356095314025879,-0.04390525817871094
11.40000057220459,11.416548728942871,0.01654815673828125
11.40000057220459,11.43615436553955,0.03615379333496094
11.40000057220459,11.398575782775879,-0.0014247894287109375
11.40000057220459,11.633035659790039,0.23303508758544922
10.399999618530273,10.182978630065918,-0.21702098846435547
11.100000381469727,10.228726387023926,-0.8712739944458008
12.19999885559082,11.630993843078613,-0.569005012512207
11.100000381469727,10.666603088378906,-0.4333972930908203
11.40000057220459,11.441056251525879,0.04105567932128906
11.40000057220459,11.369166374206543,-0.030834197998046875
11.25,11.338122367858887,0.08812236785888672
11.303733825683594,11.334855079650879,0.031121253967285156
11.40000057220459,11.571765899658203,0.17176532745361328
11.40000057220459,11.850339889526367,0.45033931732177734
13.399989128112793,13.228507995605469,-0.17148113250732422
13.800057411193848,14.019299507141113,0.21924209594726562
11.100000381469727,10.895344734191895,-0.20465564727783203
12.39999771118164,12.372361183166504,-0.02763652801513672
12.19999885559082,12.627243995666504,0.4272451400756836
11.5,11.830734252929688,0.3307342529296875
11.199999809265137,10.918218612670898,-0.2817811965942383
11.199999809265137,11.16983413696289,-0.030165672302246094
12.39999771118164,11.676129341125488,-0.7238683700561523
11.149999618530273,11.016250610351562,-0.13374900817871094
12.100000381469727,12.408306121826172,0.3083057403564453
11.199999809265137,11.068534851074219,-0.13146495819091797
13.500007629394531,13.306933403015137,-0.19307422637939453
11.699999809265137,12.405037879943848,0.7050380706787109
11.199999809265137,10.954163551330566,-0.2458362579345703
11.199999809265137,11.022786140441895,-0.1772136688232422
11.699999809265137,12.699134826660156,0.9991350173950195
12.799991607666016,12.5618896484375,-0.23810195922851562
14.200179100036621,11.816437721252441,-2.3837413787841797
11.300000190734863,11.375701904296875,0.07570171356201172
13.600038528442383,13.967015266418457,0.3669767379760742
12.799991607666016,13.110869407653809,0.31087779998779297
11.199999809265137,11.284205436706543,0.08420562744140625
11.199999809265137,10.928022384643555,-0.27197742462158203
11.90000057220459,12.836379051208496,0.9363784790039062
14.100000381469727,12.607637405395508,-1.4923629760742188
13.299970626831055,12.52921199798584,-0.7707586288452148
11.199999809265137,10.875738143920898,-0.3242616653442383
11.199999809265137,11.137157440185547,-0.06284236907958984
12.599996566772461,12.244918823242188,-0.35507774353027344
11.199999809265137,11.323417663574219,0.12341785430908203
12.799991607666016,13.078191757202148,0.2782001495361328
12.799991607666016,13.235042572021484,0.43505096435546875
14.200179100036621,14.398356437683105,0.19817733764648438
13.800057411193848,13.045514106750488,-0.7545433044433594
11.300000190734863,11.449225425720215,0.14922523498535156
14.600313186645508,14.555208206176758,-0.04510498046875
11.199999809265137,10.89207649230957,-0.3079233169555664
11.40000057220459,12.718740463256836,1.318739891052246
11.199999809265137,11.195976257324219,-0.004023551940917969
13.999974250793457,14.17615032196045,0.1761760711669922
11.199999809265137,11.003179550170898,-0.19682025909423828
11.59999942779541,11.534187316894531,-0.0658121109008789
11.699999809265137,11.648149490356445,-0.051850318908691406
11.699999809265137,11.628951072692871,-0.07104873657226562
11.100000381469727,11.739748001098633,0.6397476196289062
11.999998092651367,11.842988014221191,-0.15701007843017578
11.699999809265137,12.089701652526855,0.38970184326171875
11.59999942779541,11.681439399719238,0.08143997192382812
11.59999942779541,11.624866485595703,0.02486705780029297
11.699999809265137,11.583203315734863,-0.11679649353027344
11.699530601501465,11.914060592651367,0.21452999114990234
10.300000190734863,10.437861442565918,0.1378612518310547
11.699999809265137,11.604443550109863,-0.09555625915527344
11.800000190734863,11.929582595825195,0.12958240509033203
11.699999809265137,11.85851001739502,0.1585102081298828
11.59999942779541,11.616697311401367,0.01669788360595703
12.599996566772461,13.104333877563477,0.5043373107910156
11.699999809265137,11.658360481262207,-0.04163932800292969
11.59999942779541,11.528468132019043,-0.07153129577636719
11.699999809265137,11.853608131408691,0.1536083221435547
11.699999809265137,11.662036895751953,-0.037962913513183594
11.59999942779541,11.762519836425781,0.1625204086303711
11.59999942779541,11.572583198547363,-0.027416229248046875
11.34999942779541,11.318516731262207,-0.031482696533203125
11.699999809265137,11.640388488769531,-0.05961132049560547
14.100000381469727,14.829697608947754,0.7296972274780273
11.59999942779541,12.057024002075195,0.45702457427978516
10.600000381469727,10.111087799072266,-0.48891258239746094
11.59999942779541,11.475367546081543,-0.12463188171386719
11.59999942779541,11.491705894470215,-0.10829353332519531
11.59999942779541,11.540721893310547,-0.05927753448486328
11.699999809265137,11.616289138793945,-0.0837106704711914
12.39999771118164,12.842914581298828,0.4429168701171875
11.699999809265137,11.499876022338867,-0.20012378692626953
11.456547737121582,10.418254852294922,-1.0382928848266602
11.59999942779541,11.562779426574707,-0.037220001220703125
11.100000381469727,10.666603088378906,-0.4333972930908203
11.59999942779541,11.666938781738281,0.0669393539428711
11.59999942779541,11.646924018859863,0.046924591064453125
11.59999942779541,11.656726837158203,0.05672740936279297
11.59999942779541,11.69951343536377,0.09951400756835938
11.59999942779541,11.630584716796875,0.030585289001464844
11.637601852416992,11.70114803314209,0.06354618072509766
11.59999942779541,11.566864013671875,-0.033135414123535156
11.100000381469727,10.503216743469238,-0.5967836380004883
14.200179100036621,14.136938095092773,-0.06324100494384766
11.699999809265137,11.501509666442871,-0.19849014282226562
11.59999942779541,11.365898132324219,-0.2341012954711914
10.702059745788574,11.535820960998535,0.8337612152099609
10.5,10.313688278198242,-0.1863117218017578
10.5,10.052268981933594,-0.44773101806640625
11.5,11.534187316894531,0.03418731689453125
12.100000381469727,11.457395553588867,-0.6426048278808594
11.5,11.383871078491211,-0.11612892150878906
11.5,11.779675483703613,0.2796754837036133
11.100000381469727,11.656726837158203,0.5567264556884766
11.5,11.480269432067871,-0.019730567932128906
11.5,12.574960708618164,1.074960708618164
11.5,11.431253433227539,-0.06874656677246094
11.800000190734863,11.644881248474121,-0.1551189422607422
11.90000057220459,11.720664978027344,-0.1793355941772461
11.5,11.423084259033203,-0.07691574096679688
11.5,11.560328483581543,0.06032848358154297
12.699997901916504,13.025907516479492,0.3259096145629883
11.5,11.998205184936523,0.49820518493652344
11.300000190734863,11.915695190429688,0.6156949996948242
11.999998092651367,11.968795776367188,-0.031202316284179688
11.999998092651367,12.222044944763184,0.2220468521118164
11.300000190734863,11.463930130004883,0.16392993927001953
11.999998092651367,12.307005882263184,0.3070077896118164
11.4605131149292,11.261330604553223,-0.19918251037597656
11.999998092651367,11.488438606262207,-0.5115594863891602
11.999998092651367,12.303738594055176,0.3037405014038086
11.999998092651367,12.215509414672852,0.21551132202148438
11.999998092651367,12.042319297790527,0.042321205139160156
11.699999809265137,11.284205436706543,-0.41579437255859375
12.100000381469727,12.29393482208252,0.19393444061279297
12.29999828338623,12.548818588256836,0.24882030487060547
11.300000190734863,11.16983413696289,-0.13016605377197266
11.999998092651367,11.8462553024292,-0.15374279022216797
11.300000190734863,11.383871078491211,0.08387088775634766
11.300000190734863,11.338122367858887,0.03812217712402344
11.90000057220459,11.441056251525879,-0.45894432067871094
11.999998092651367,12.257989883422852,0.2579917907714844
11.999998092651367,12.228580474853516,0.22858238220214844
11.999998092651367,12.20897388458252,0.20897579193115234
11.300000190734863,11.333221435546875,0.03322124481201172
11.59999942779541,11.195976257324219,-0.4040231704711914
11.59999942779541,11.421449661254883,-0.17854976654052734
11.300000190734863,11.619556427001953,0.31955623626708984
11.5,11.599541664123535,0.09954166412353516
11.800000190734863,11.344657897949219,-0.45534229278564453
11.59999942779541,11.447591781616211,-0.15240764617919922
11.300000190734863,10.996644020080566,-0.3033561706542969
11.300000190734863,11.550525665283203,0.25052547454833984
11.59999942779541,11.39367389678955,-0.20632553100585938
11.999998092651367,12.13381576538086,0.1338176727294922
11.999998092651367,12.146886825561523,0.14688873291015625
11.999998092651367,12.043953895568848,0.04395580291748047
11.90000057220459,11.82583236694336,-0.07416820526123047
11.40000057220459,11.411646842956543,0.011646270751953125
13.100000381469727,12.888663291931152,-0.21133708953857422
11.75,10.973770141601562,-0.7762298583984375
11.100000381469727,11.853608131408691,0.7536077499389648
11.5,11.111015319824219,-0.38898468017578125
11.90000057220459,12.79716682434082,0.8971662521362305
11.40000057220459,10.970502853393555,-0.42949771881103516
11.100000381469727,11.11755084991455,0.01755046844482422
11.100000381469727,11.012983322143555,-0.08701705932617188
12.100000381469727,12.31680965423584,0.21680927276611328
12.799991607666016,11.225385665893555,-1.574605941772461
11.40000057220459,11.359362602233887,-0.040637969970703125
11.100000381469727,10.944360733032227,-0.1556396484375
11.800000190734863,11.844621658325195,0.04462146759033203
11.100000381469727,10.996644020080566,-0.10335636138916016
11.100000381469727,10.99991226196289,-0.10008811950683594
11.100000381469727,11.120818138122559,0.02081775665283203
11.100000381469727,10.931289672851562,-0.16871070861816406
11.100000381469727,13.483390808105469,2.383390426635742
11.100000381469727,10.996644020080566,-0.10335636138916016
11.100000381469727,10.96723461151123,-0.1327657699584961
11.199999809265137,11.496607780456543,0.29660797119140625
11.100000381469727,10.931289672851562,-0.16871070861816406
11.100000381469727,11.03258991241455,-0.06741046905517578
11.100000381469727,10.977038383483887,-0.12296199798583984
11.100000381469727,11.03258991241455,-0.06741046905517578
11.59999942779541,11.297276496887207,-0.3027229309082031
11.100000381469727,10.970502853393555,-0.12949752807617188
11.100000381469727,10.91495132446289,-0.18504905700683594
11.100000381469727,11.016250610351562,-0.08374977111816406
11.100000381469727,10.91495132446289,-0.18504905700683594
11.100000381469727,10.963967323303223,-0.1360330581665039
11.100000381469727,10.947628021240234,-0.1523723602294922
11.100000381469727,10.88227367401123,-0.2177267074584961
11.100000381469727,11.012983322143555,-0.08701705932617188
11.40000057220459,10.977038383483887,-0.4229621887207031
12.49999713897705,12.019445419311523,-0.48055171966552734
11.40000057220459,12.23184871673584,0.83184814453125
11.999998092651367,11.624049186706543,-0.3759489059448242
11.800000190734863,11.785802841186523,-0.014197349548339844
11.800000190734863,11.754146575927734,-0.045853614807128906
11.800000190734863,11.671635627746582,-0.12836456298828125
12.599996566772461,13.640241622924805,1.0402450561523438
14.400162696838379,14.489852905273438,0.0896902084350586
11.999998092651367,11.777632713317871,-0.2223653793334961
11.800000190734863,13.37228775024414,1.5722875595092773
13.299970626831055,14.35914421081543,1.059173583984375
11.800000190734863,11.757413864135742,-0.042586326599121094
11.800000190734863,11.69777774810791,-0.10222244262695312
11.800000190734863,12.823307991027832,1.0233078002929688
11.800000190734863,11.633444786071777,-0.16655540466308594
11.800000190734863,11.673882484436035,-0.12611770629882812
11.800000190734863,11.811944007873535,0.011943817138671875
11.800000190734863,11.639979362487793,-0.1600208282470703
11.800000190734863,11.67715072631836,-0.1228494644165039
11.800000190734863,11.734539985656738,-0.065460205078125
11.800000190734863,11.7332124710083,-0.0667877197265625
11.800000190734863,11.599541664123535,-0.20045852661132812
11.800000190734863,11.842988014221191,0.042987823486328125
11.800000190734863,12.15669059753418,0.3566904067993164
11.800000190734863,11.749856948852539,-0.05014324188232422
11.800000190734863,11.781718254089355,-0.018281936645507812
11.800000190734863,11.650599479675293,-0.1494007110595703
11.800000190734863,11.872397422790527,0.07239723205566406
12.19999885559082,11.737807273864746,-0.4621915817260742
11.5,11.00971508026123,-0.49028491973876953
11.699999809265137,11.588104248046875,-0.11189556121826172
12.950006484985352,14.032370567321777,1.0823640823364258
11.699999809265137,11.586470603942871,-0.11352920532226562
11.699999809265137,11.686545372009277,-0.013454437255859375
12.19999885559082,11.676741600036621,-0.5232572555541992
11.699999809265137,11.486804962158203,-0.2131948471069336
11.5,11.302177429199219,-0.19782257080078125
13.000008583068848,13.993157386779785,0.9931488037109375
11.699999809265137,11.563596725463867,-0.13640308380126953
12.29999828338623,11.699411392211914,-0.6005868911743164
11.699999809265137,11.675107955932617,-0.02489185333251953
11.5,10.856131553649902,-0.6438684463500977
11.699999809265137,11.711920738220215,0.011920928955078125
11.55593204498291,10.705816268920898,-0.8501157760620117
11.543697357177734,11.654275894165039,0.11057853698730469
10.643633842468262,11.513763427734375,0.8701295852661133
13.895879745483398,12.535747528076172,-1.3601322174072266
12.282434463500977,12.633779525756836,0.3513450622558594
10.401029586791992,10.261404037475586,-0.13962554931640625
12.401029586791992,11.773548126220703,-0.6274814605712891
12.280455589294434,12.12401294708252,-0.15644264221191406
12.830487251281738,11.743934631347656,-1.086552619934082
11.794648170471191,11.632219314575195,-0.1624288558959961
10.100000381469727,10.339829444885254,0.23982906341552734
13.953871726989746,12.895198822021484,-1.0586729049682617
11.100000381469727,12.12401294708252,1.024012565612793
11.668636322021484,13.692525863647461,2.0238895416259766
