name,molecule_chembl_id,smiles,max_phase,best_pchembl,best_standard_nM,activity_types,source,zinc_id
(S)-(+)-DIMETHINDENE,CHEMBL564226,C[C@H](C1=C(CCN(C)C)Cc2ccccc21)c1ccccn1,,9.4,0.4,Ki,ChEMBL,H1_ACTIVE_000
ZOTEPINE,CHEMBL285802,CN(C)CCOC1=Cc2ccccc2Sc2ccc(Cl)cc21,,9.21,0.62,Ki,ChEMBL,H1_ACTIVE_001
DIMETHINDENE,CHEMBL22108,CC(C1=C(CCN(C)C)Cc2ccccc21)c1ccccn1,3.0,9.16,0.6918,Ki,ChEMBL,H1_ACTIVE_002
DESLORATADINE,CHEMBL1172,Clc1ccc2c(c1)CCc1cccnc1C2=C1CCNCC1,4.0,9.01,0.97,Ki,ChEMBL,H1_ACTIVE_003
KETOTIFEN FUMARATE,CHEMBL1633,CN1CCC(=C2c3ccccc3CC(=O)c3sccc32)CC1.O=C(O)/C=C/C(=O)O,,9.0,1.0,IC50,ChEMBL,H1_ACTIVE_004
CLOZAPINE,CHEMBL42,CN1CCN(C2=Nc3cc(Cl)ccc3Nc3ccccc32)CC1,,8.96,1.1,Ki,ChEMBL,H1_ACTIVE_005
AMITRIPTYLINE,CHEMBL629,CN(C)CCC=C1c2ccccc2CCc2ccccc21,,8.95,1.12,Ki,ChEMBL,H1_ACTIVE_006
OLANZAPINE,CHEMBL715,Cc1cc2c(s1)Nc1ccccc1N=C2N1CCN(C)CC1,,8.92,1.2,Ki,ChEMBL,H1_ACTIVE_007
PYRILAMINE,CHEMBL511,COc1ccc(CN(CCN(C)C)c2ccccn2)cc1,4.0,8.89,1.3,Alpha;EC50;IC50;Ki,ChEMBL,H1_ACTIVE_008
TRIPROLIDINE,CHEMBL855,Cc1ccc(/C(=C\CN2CCCC2)c2ccccn2)cc1,4.0,8.8,1.6,Activity;Ki,ChEMBL,H1_ACTIVE_009
MIRTAZAPINE,CHEMBL654,CN1CCN2c3ncccc3Cc3ccccc3C2C1,,8.8,1.6,Ki,ChEMBL,H1_ACTIVE_010
ASTEMIZOLE,CHEMBL296419,COc1ccc(CCN2CCC(Nc3nc4ccccc4n3Cc3ccc(F)cc3)CC2)cc1,4.0,8.52,3.0,Ki,ChEMBL,H1_ACTIVE_011
RUPATADINE,CHEMBL91397,Cc1cncc(CN2CCC(=C3c4ccc(Cl)cc4CCc4cccnc43)CC2)c1,4.0,8.41,3.9,IC50,ChEMBL,H1_ACTIVE_012
CETIRIZINE,CHEMBL1000,O=C(O)COCCN1CCN(C(c2ccccc2)c2ccc(Cl)cc2)CC1,4.0,8.23,5.89,Ki,ChEMBL,H1_ACTIVE_013
FEXOFENADINE,CHEMBL914,CC(C)(C(=O)O)c1ccc(C(O)CCCN2CCC(C(O)(c3ccccc3)c3ccccc3)CC2)cc1,4.0,7.57,27.0,IC50;Ki,ChEMBL,H1_ACTIVE_014
LORATADINE,CHEMBL998,CCOC(=O)N1CCC(=C2c3ccc(Cl)cc3CCc3cccnc32)CC1,4.0,7.43,37.0,IC50;Ki,ChEMBL,H1_ACTIVE_015
TRIPELENNAMINE,CHEMBL1241,CN(C)CCN(Cc1ccccc1)c1ccccn1,4.0,7.4,39.81,Alpha;IC50;Ki,ChEMBL,H1_ACTIVE_016
TERFENADINE,CHEMBL17157,CC(C)(C)c1ccc(C(O)CCCN2CCC(C(O)(c3ccccc3)c3ccccc3)CC2)cc1,4.0,7.4,40.0,Ki,ChEMBL,H1_ACTIVE_017
LEVOCETIRIZINE DIHYDROCHLORIDE,CHEMBL1201190,Cl.Cl.O=C(O)COCCN1CCN([C@H](c2ccccc2)c2ccc(Cl)cc2)CC1,4.0,7.3,50.0,Ki,ChEMBL,H1_ACTIVE_018
CHLORPHENIRAMINE,CHEMBL505,CN(C)CCC(c1ccc(Cl)cc1)c1ccccn1,4.0,7.18,66.0,IC50,ChEMBL,H1_ACTIVE_019
,,CC1(CCNC(=O)C(=O)NC[C@@H]2C[C@H]3CC[C@H]32)CC1,,,,,,ZINCjk00000AivMm
,,Cc1ccc(C#N)cc1C(=O)N[C@@H](CO)C(=O)N[C@@H](CO)[C@@H](C)O,,,,,,ZINCo400000HFAhi
,,Fc1cc2[nH]cc(CN[C@@H]3CCCOC3)c2cc1F,,,,,,ZINCjx00000eU9In
,,CCC=CC=CC(=O)N[C@H](CC1CCC1)C(=O)N1CCSCC[C@@H]1C,,,,,,ZINCpF00000sVrEZ
,,CSc1ccnc(N2CC[C@](CO)(CNC(=O)[C@H]3CCCSC3)C2)n1,,,,,,ZINCpm00001BP6Kd
,,CSc1ccnc(N2CCC[C@@H](CNC(=O)C[C@@H]3CCC(=O)N3)C2)n1,,,,,,ZINCpi00001BP6K4
,,CC[C@H](C)C[C@@H](C)C(=O)N1CCC[C@@H]1CNC(=O)c1ccnnc1Cl,,,,,,ZINCpz000005RGEk
,,COC1CC(N=c2[nH]c(N3CC[C@@H](c4ccccc4)C3)nc(=N)[nH]2)C1,,,,,,ZINCpq00000CF5r9
,,CSc1ccnc(N2CC[C@](C)(NC(=O)[C@H]3C[C@H]4O[C@@H]3[C@@H]3C[C@H]43)C2)n1,,,,,,ZINCpn00001BP6Ka
,,Cc1cccc(Cl)c1COC(=O)[C@H](F)[C@@H]1CCC(=O)N1C,,,,,,ZINClw00000nlpop
,,CSc1ccnc(N2CC3(CCN(C(=O)[C@@H]4[C@@H]5CCOC[C@H]54)C3)C2)n1,,,,,,ZINCpl00001BP6JP
,,CC1=C(CNC(=O)N2CC[C@@H]3[C@@H](O)C(C)(C)[C@@H]32)SCCO1,,,,,,ZINCln00000AivMv
,,CCc1ncc(S(=O)(=O)N[C@H](CC)CNC(=O)[C@@H]2C[C@H]2C#N)s1,,,,,,ZINCng00001A1dJG
,,CCN1CC[C@@H]1CNC(=O)[C@@]1(CO)CCN(C(=O)C(=O)NC2CC2)C1,,,,,,ZINCp4000015MdZr
,,CCN1CC[C@@H]1CNC(=O)C1(N(C)C(=O)[C@@H]2CC(C3CC3)=NO2)CC1,,,,,,ZINCpd000015MdZz
,,COC[C@@H](CC(=O)N1CCC[C@H]2COC[C@H]21)NC(=O)/C=C/C(F)F,,,,,,ZINCof00000HT9I1
,,CCN1CC[C@H]1CNC(=O)c1c[nH]nc1CCNC(=O)C1=COCC1,,,,,,ZINCp7000015MdZk
,,Fc1cc2[nH]cc(CCN[C@@H]3CCOC3)c2cc1F,,,,,,ZINCjt00000eU9Ih
,,CC[C@H](C)C[C@@H](C)C(=O)NC[C@H]1CCCCN1C(=O)[C@H](OC)C1CC1,,,,,,ZINCpz000005RH0G
,,C[C@H](NC(=O)[C@@H]1C[C@]1(F)Cl)C(C)(C)C(=O)N1C[C@H]2CCCC[C@H]21,,,,,,ZINCny00000r2mEt
,,C=C1CC(NC(=O)C(=O)N2CC[C@@H]3NC(=O)NC[C@H]3C2)C1,,,,,,ZINCl500000AivMa
,,COC1CC(Nc2[nH]c(=NC[C@H]3CSCCS3)nc3c2cnn3C)C1,,,,,,ZINCps00000CF5rh
,,Cc1cc(NC(=O)N2C[C@@H]3[C@H](C2)CS3(=O)=O)nc(C)c1Br,,,,,,ZINCln00000AivMA
,,CC1(C)C=C(C(=O)N[C@H]2C[C@H]2CNC(=O)c2cnc3sccc3c2)C1,,,,,,ZINCpy00000oyTme
,,CSC1CC(N(C)C(=O)[C@H](CN(C)C)NC(=O)Cc2csc(C)n2)C1,,,,,,ZINCpj00001BP6Jw
,,CSC1CC(N(C)C(=O)[C@H](NC(=O)[C@H](O)C(C)(C)C)[C@H]2CCOC2)C1,,,,,,ZINCpi00001BP6JB
,,COC[C@@H](CC(=O)N1CCC[C@H](C)[C@@H]1CO)NC(=O)C1(SC)CC1,,,,,,ZINCog00000HT9I9
,,Fc1cc2[nH]cc(CNC[C@@H]3CCCS3)c2cc1F,,,,,,ZINCjE00000eU9Il
,,CC(C(=O)N1[C@H](C)C[C@@H]1C(=O)N[C@H]1C[C@]2(CCCO2)C1)=C1CCC1,,,,,,ZINCot00000sXlz7
,,CCN1CC[C@H]1CNC(=O)CCC1(C)CN(C(=O)c2cncnc2)C1,,,,,,ZINCpf000015Me04
,,C=C1CC(C(=O)NC[C@@H](C)CN(C)C(=O)c2c(F)cccc2F)C1,,,,,,ZINCox0000027Kyc
,,COc1cc(N=c2[nH]c(CNC(=O)[C@H]3C[C@H]3C(N)=O)cs2)ccc1Cl,,,,,,ZINCps00000CF5r6
,,CC[C@H](C)C[C@@H](C)C(=O)N[C@@H](C)CNC(=O)CCc1c(C)noc1C,,,,,,ZINCpz000005RH3M
,,Cc1cc(NC(=O)CS(=O)(=O)C23CC(C2)C3)cc(O)c1C,,,,,,ZINClp00000AivMr
,,Cc1cc(=NC(=O)CN2C[C@@H]3CCO[C@]3(CO)C2)[nH]o1,,,,,,ZINCk600000AivM2
,,CCN1CC[C@@H]1CNC(=O)C1(F)CN(C(=O)C[C@H]2CC[C@H](C)CO2)C1,,,,,,ZINCpf000015MdZw
,,COC1CC(N=c2[nH]c3c(c(=NC[C@]4(OC)CCSC4)[nH]2)COC3)C1,,,,,,ZINCpq00000CF5r1
,,CCN(CCCNC(=O)CC(Cl)Cl)C(=O)C12CCC(CC1)CC2,,,,,,ZINCnF00000llstd
,,Cc1ccc(CN(C)c2nc(=N)nc(N3CCO[C@H](CO)C3)[nH]2)o1,,,,,,ZINCo700000HFAhv
,,O=C(N[C@H]1CCO[C@@H](C2CC2)C1)c1cc(Cl)ncc1O,,,,,,ZINCkr000000jLoZ
,,O=C(NCc1ccc(CCNC(=O)[C@H]2CC[C@H]2F)cc1)C1=CCCC1,,,,,,ZINCpy00000oyTsM
,,Cc1ccc(C#N)cc1NC(=O)[C@H](CO)NC(=O)[C@]12COC[C@H]1C2,,,,,,ZINCo900000HFAhp
,,CC1(C)CN(C(=O)C(=O)N2CC[C@@H]3[C@@H](O)C[C@@H]32)C[C@@H]1CN,,,,,,ZINCl500000AivM6
,,CCN1CC[C@@H]1CNC(=O)C1(NC(=O)CCCC(=O)N(C)C)CSC1,,,,,,ZINCp6000015MdZF
,,CCN(CCCNC(=O)CC(Cl)Cl)C(=O)c1cccc(Cl)c1C,,,,,,ZINCnI00000llstf
,,CC[C@H](C)C[C@@H](C)C(=O)NCC[C@@H]1CCCN(C(=O)C2(OC)CC2)C1,,,,,,ZINCpz000005RGSW
,,C=CC1CC(N=c2[nH]c(N3CCN(C)CC3)nc3c2COCC3)C1,,,,,,ZINCom00000t6fIE
,,Cc1ccc(C#N)cc1NC(=O)[C@H](CC(N)=O)NC(=O)[C@H]1CCO1,,,,,,ZINCo500000HFAho
,,COC[C@@H](C)C(=O)N1CCC[C@@H](CC(=O)NCCOC(C)=O)CC1,,,,,,ZINCof00000HT9Ig
,,C=CCCCCC(=O)N[C@@H](CC1CCC1)C(=O)N1CCSC[C@@H](C)C1,,,,,,ZINCpG00000sVrF1
,,C[C@H](NC(=O)[C@H]1C[C@@]1(F)Cl)C(C)(C)C(=O)N1CCC2(CSC2)C1,,,,,,ZINCnu00000r2mEs
,,Cc1nc(-c2ccsc2)ccc1C(=O)N1C[C@@]2(C)C[C@@]2(C(=O)O)C1,,,,,,ZINCoA0000087TsN
,,CSc1ccnc(N2CCC(CO)(CNC(=O)C(SC)SC)CC2)n1,,,,,,ZINCpp00001BP6Kg
,,COC[C@H](C)C(=O)N1CCC[C@H]1C(=O)N[C@H]1CCCN(C2CC2)C1,,,,,,ZINCog00000HT9HS
,,C#Cc1ccc(C(=O)N2CCC[C@H]2[C@@H](C)NC(=O)[C@H](C)C2CCC2)o1,,,,,,ZINCpy00000oyToY
,,Cc1nc(-c2ccnc(-n3cccc3)c2)n(C[C@@H]2CCCCO2)n1,,,,,,ZINCoA0000087Tpn
,,COc1c(CN=c2ncnc(N(C)C[C@H](C)C(C)C)[nH]2)c(C)nn1C,,,,,,ZINCps00000CF5qW
,,Cc1ccc(C#N)cc1C(=O)NOCC(=O)NCCNS(N)(=O)=O,,,,,,ZINCo400000HFAhj
,,COC[C@@]1(C)COCCN1C(=O)COCCc1ccc(Cl)s1,,,,,,ZINCms000000DBdQ
,,Cc1nocc1C(=O)NC1CC(NS(=O)(=O)Cc2ccccc2)C1,,,,,,ZINCoj00000opcNw
,,COC1CC(N=c2[nH]c(N(C)Cc3ocnc3C)nc3c2COC3)C1,,,,,,ZINCpq00000CF5re
,,CCN1CC[C@@H]1CNC(=O)c1cnn(CCNC(=O)CCCOC)c1,,,,,,ZINCp8000015MdZn
,,CCN1CC[C@@H]1CNC(=O)C(C)(C)CCNC(=O)C1CN(C(C)=O)C1,,,,,,ZINCp8000015Me0c
,,CC(C(=O)N1[C@H](C)C[C@@H]1C(=O)NCC[C@H]1C[C@@H](O)C1)=C1CCCC1,,,,,,ZINCor00000sXlz4
,,Cc1cc(NC(=O)C(=O)N2CC[C@H](O)[C@H]2C)ncc1Br,,,,,,ZINCkg00000AivMb
,,CC1=C(C(=O)N[C@H](C)C2CCNCC2)C(S(N)(=O)=O)=C(C)O1,,,,,,ZINCmc00000fJPCC
,,CCc1ncc(S(=O)(=O)N[C@H](C)CNC(=O)C[C@H](C)C(F)F)o1,,,,,,ZINCnj00001A1dJX
,,CCc1ncc(S(=O)(=O)N[C@H](C)CN(C)C(=O)[C@@H](C)CC#N)s1,,,,,,ZINCnj00001A1dJQ
,,CCN1CC[C@H]1CNC(=O)CC1(CNC(=O)[C@]2(C)COC(=O)N2)CC1,,,,,,ZINCp5000015Me01
,,CCc1ncc(S(=O)(=O)N[C@H](CC)[C@@H](CC)NC(=O)[C@H](C)O)o1,,,,,,ZINCnb00001A1dJC
,,CC[C@H](C(=O)N[C@H](C)CCCNC(=O)C(C)(C)c1cc[nH]n1)C(C)C,,,,,,ZINCpx00000oyT74
,,C=C1CC(C(=O)NC[C@@H](C)CNC(=O)c2cc(F)c(C)cc2F)C1,,,,,,ZINCox0000027Kzf
,,NC1=NC(CC(=O)NC2CCN(C(=O)C3=NOC=C3)C2)=CS1,,,,,,ZINCm800000fJPob
,,CCN1CC[C@H]1CNC(=O)C#CC(C)(C)CNC(=O)[C@]1(C)CCCO1,,,,,,ZINCpf000015Me06
,,Cc1cc(NC(=O)C(=O)N(C)CC[C@@H]2CCO2)cnc1Cl,,,,,,ZINClm00000AivMl
,,CCN1CC[C@@H]1CNC(=O)C1(NC(=O)CC[C@H](C)OC)CCOCC1,,,,,,ZINCpc000015MdZG
,,COC1CC(N=c2[nH]c(C3CC3)nc(=NCCCc3nncs3)[nH]2)C1,,,,,,ZINCps00000CF5r5
,,CC(C)=C(C)CC(=O)N[C@H](CC1CCC1)C(=O)NC1C2CCC1CC2,,,,,,ZINCpH00000sVrF6
,,COC1CC(N=c2[nH]c(=NC[C@@H](C)S(C)(=O)=O)c3ccccc3[nH]2)C1,,,,,,ZINCpq00000CF5ri
,,CCC[C@](C)(CC)C(=O)N[C@H]1CCN(C(=O)CC2CCC2)C1,,,,,,ZINCmB000004pexQ
,,Cc1nc(-c2ccn(C(C)C)c2C)n(-c2cccc(C(N)=O)c2)n1,,,,,,ZINCoA0000087Tnp
,,CCc1ncc(S(=O)(=O)N[C@@H](C)CN(C)C(=O)C[C@H](C)CC)o1,,,,,,ZINCnn00001A1dJN
,,CC1(C)CN(C(=O)C(=O)N[C@@H]2C[C@@H]3COC[C@@H]32)CC1(F)F,,,,,,ZINClc00000AivMq
,,O=C(N[C@H]1CCOc2ccc(Br)cc21)[C@H]1C=CCNC1,,,,,,ZINCkr000000jLqW
,,CCN1CC[C@H]1CNC(=O)C1(NC(=O)[C@H]2CCCCNC2=O)CSC1,,,,,,ZINCp5000015MdZK
,,C[C@H](Sc1ccc(Cl)cc1)C(=O)NCCOCCNC(=O)C[C@@H](C)F,,,,,,ZINCpy00000oyTaQ
,,CCc1ncc(S(=O)(=O)N[C@@H](C)CNC(=O)[C@@H]2CCCSC2)o1,,,,,,ZINCnh00001A1dK0
,,COC1CC(Nc2[nH]c(=NCC[C@@H](C)O)nc3c2ncn3C(C)C)C1,,,,,,ZINCpr00000CF5rg
,,CCc1ncc(S(=O)(=O)N[C@@H](C)CNC(=O)C[C@@H](C)CC)n1C,,,,,,ZINCni00001A1dJW
,,Cc1cccc(Cl)c1C(=O)N1CC[C@H]([C@@H]2CCCN2C)C1,,,,,,ZINClC00000nlpor
,,CN(CC1CCN(C(=O)C#CC2CC2)C1)C(=O)C(C)(C)C#N,,,,,,ZINCmi00000fJPok
,,CCC[C@](C)(CCCNC(=O)c1nocc1Br)C1OCCO1,,,,,,ZINCmB000004pez1
,,CC[C@H](C)C[C@H](C)C(=O)N(C)CCN(C)C(=O)CC12COC(C)(C1)C2,,,,,,ZINCpz000005RHga
,,CCN1CC[C@@H]1CNC(=O)CC1=CCN(C(=O)[C@@H](O)CN(C)C)CC1,,,,,,ZINCp5000015Me00
,,CCN(CC(C)NC(=O)C(F)F)C(=O)C=CCOCCOC,,,,,,ZINCme00000fJPF1
,,CCN1CC[C@@H]1CNC(=O)C1=NO[C@H](CNC(=O)c2ccc(F)s2)C1,,,,,,ZINCpf000015MdZR
,,CSc1ccnc(N2CCC(C(C)(C)CNC(=O)CNC=O)CC2)n1,,,,,,ZINCpj00001BP6JU
,,CCN1CC[C@H]1CNC(=O)CCCCCNC(=O)c1ccncc1N,,,,,,ZINCph000015Me0b
,,CCN1CC[C@@H]1CNC(=O)c1c[nH]nc1CNC(=O)C1=NNC(=O)C1,,,,,,ZINCp4000015MdZl
,,CC[C@H](C)C[C@@H](C)C(=O)N[C@@H]1CCCCN(C(=O)C2(C(C)=O)CC2)C1,,,,,,ZINCpz000005RH5V
,,C[C@H](NC(=O)[C@@H]1C[C@@]1(F)Cl)c1nocc1C(=O)N[C@@H]1CC1(C)C,,,,,,ZINCnt00000r2mEr
,,CSC1CC(N(C)C(=O)[C@@H](NC(=O)c2ncc(C)cc2F)[C@H](C)O)C1,,,,,,ZINCpj00001BP6Jz
,,CSC1CC(N(C)C(=O)[C@@H](NC(=O)C[C@@H]2C[C@H]3C=C[C@@H]2C3)[C@H](C)O)C1,,,,,,ZINCpo00001BP6JA
,,COC[C@H](C)C(=O)N1CC=C[C@H]1C(=O)NCC#Cc1cccnc1,,,,,,ZINCob00000HT9HP
,,CCN1CC[C@H]1CNC(=O)C1(NC(=O)[C@H]2OCCC2(C)C)CC(F)C1,,,,,,ZINCpf000015MdZL
,,COC[C@H](C)C(=O)N1CCC[C@H](CCC(=O)N2C[C@](C)(O)CO2)C1,,,,,,ZINCoe00000HT9I7
,,C=C1CC(C(=O)NC[C@@H](CC)NC(=O)c2cccc3[nH]ccc23)C1,,,,,,ZINCox0000027KD6
,,CCN1CC[C@H]1CNC(=O)c1sccc1CNC(=O)[C@H]1CNC(=O)C1,,,,,,ZINCp9000015MdZV
,,COC[C@H](C)C(=O)N1CCC[C@H]1C(=O)N[C@H]1C2CCN(CC2)[C@@H]1C,,,,,,ZINCoe00000HT9HR
,,CC[C@H](C)C[C@H](C)C(=O)N(C)C1CCN(c2cc(Cl)c(O)nn2)CC1,,,,,,ZINCpz000005RHd2
,,CC[C@H](C)C[C@@H](C)C(=O)N1CC[C@H](C)N(C(=O)c2snnc2C)CC1,,,,,,ZINCpz000005RGIx
,,CCN1CC[C@@H]1CNC(=O)c1n[nH]c2c1CN(C(=O)[C@@H](O)CSC)C2,,,,,,ZINCp5000015MdZO
,,COC[C@H](C)C(=O)N1CCC[C@@H](CCNC(=O)C2CS(=O)C2)CC1,,,,,,ZINCod00000HT9Ib
,,C=CC(C)(C)CC(=O)N[C@@H](CC1CCC1)C(=O)NC1C2CCC1CC2,,,,,,ZINCpF00000sVrF4
,,CCc1ncc(S(=O)(=O)N[C@H](C)CCNC(=O)[C@H]2C[C@@H](O)C2)s1,,,,,,ZINCnc00001A1dJH
,,CCc1ncc(S(=O)(=O)N[C@@H](C)CCC(=O)OC(C)(C)C)n1C,,,,,,ZINCnn00001A1dJB
,,CC[C@H](C)C[C@@H](C)C(=O)NC[C@H](CC)NC(=O)c1cnn(C2CC2)c1,,,,,,ZINCpz000005RGZw
,,C[C@H]1CC[C@@H]1C(=O)NC[C@H]1CCCN(C(=O)C[C@H]2CSCCO2)CC1,,,,,,ZINCpt00000yMt0W
,,CCN(CCCNC(=O)CC(Cl)Cl)C(=O)c1ccc(Cl)cc1C,,,,,,ZINCnI00000llstg
,,Cc1ccc(C#N)cc1C(=O)NOCC(=O)N[C@@H](C)CS(C)(=O)=O,,,,,,ZINCo600000HFAhk
,,Cc1nc(-c2cccs2)sc1C(=O)NCCNC(=O)[C@H](C)C1CC1,,,,,,ZINCoA0000087TlX
,,Cc1nc(-c2ccn(C)n2)sc1CC(=O)N[C@H]1C[C@@H]2CCC[C@@H]2C1,,,,,,ZINCoA0000087TnU
,,Cc1cccc(NCCNC(=O)C(=O)N2C[C@H](C)[C@@H](C(=O)O)C2)n1,,,,,,ZINCo600000HFAhx
,,O=C(N[C@H]1CCO[C@H](c2cccnc2)C1)c1ccns1,,,,,,ZINCkr000000jLq1
,,COC(=O)C1(S(C)(=O)=O)CN(C(=O)C(C)C2=CC=C(Br)S2)C1,,,,,,ZINCmk00000fJQ4y
,,CCc1ncc(S(=O)(=O)N[C@H]2C[C@H]2NC(=O)[C@@H](C)[C@H](O)CC)s1,,,,,,ZINCnc00001A1dJo
,,O=C(N[C@H]1CCOC2(CCCC2)C1)C1(F)CCOCC1,,,,,,ZINCkr000000jLnW
,,CSc1ccnc(N2CCC[C@@H]2CN(C)C(=O)c2ccncc2N)n1,,,,,,ZINCpp00001BP6K0
,,CC1=CN(CC2=CC(C(=O)NC(C)C3=NNC=N3)=NO2)N=C1,,,,,,ZINCme00000fJQ75
,,CC[C@H](C)C[C@H](C)C(=O)N(C)CCN(C(=O)[C@@H](C)CN(C)C)C(C)C,,,,,,ZINCpz000005RHfO
,,CC(C)NC(=O)C(=O)N[C@@H](C)CNC(=O)CC(C)NC(N)=O,,,,,,ZINCm400000fJPJ9
,,CCc1ncc(S(=O)(=O)N[C@H]2C[C@@H](NC(=O)C[C@H](C)CC)C2)o1,,,,,,ZINCnl00001A1dJq
,,CCc1ncc(S(=O)(=O)N[C@@H](C)CNC(=O)[C@H](C)OC(C)=O)s1,,,,,,ZINCna00001A1dK3
,,CSc1ccnc(N2CCC[C@@H](NC(=O)CCOC3COC3)CC2)n1,,,,,,ZINCpk00001BP6K6
,,CCc1ncc(S(=O)(=O)N[C@H](C)CNC(=O)c2ccn(C)c2)s1,,,,,,ZINCnh00001A1dJR
,,Cc1cccc(Cl)c1CNS(=O)(=O)c1cc(Cl)cnc1O,,,,,,ZINCly00000nlpon
,,COC[C@@H](C)C(=O)N1CC=C[C@H]1C(=O)N(C)CCc1ncccn1,,,,,,ZINCob00000HT9HQ
,,Cc1ccc(C#N)cc1NC(=O)C#CCNC(=O)c1n[nH]c(=N)[nH]1,,,,,,ZINCo500000HFAhm
,,Cc1cc(=NC(=O)C(=O)N2C[C@@H]3COC[C@@H]3O2)[nH]o1,,,,,,ZINCj500000AivMh
,,CCc1ncc(S(=O)(=O)N[C@H](C)CN(C)C(=O)[C@@H]2C[C@H]2Cl)n1C,,,,,,ZINCnd00001A1dJP
,,CCC[C@H](CC1CCCC1)C(=O)NC/C=C\CNC(=O)C1(C)COC1,,,,,,ZINCpy00000oyTiZ
,,Cc1cccc(Cl)c1C(=O)NC1(c2ncc(Br)cn2)CC1,,,,,,ZINClG00000nlpot
,,Cc1nocc1C(=O)Nc1ccc(C(=O)N2CCO[C@@H](C)C2)nc1,,,,,,ZINCok00000opcNv
,,CCN1CC[C@H]1CNC(=O)C#CC(C)(C)CNC(=O)[C@@H]1CCCOC1,,,,,,ZINCpd000015Me0a
,,CCN1CC[C@@H]1CNC(=O)CC(C)(C)CNC(=O)c1cnnc(O)c1,,,,,,ZINCp7000015Me0d
,,CCN(CCNC(=O)C1CC1C)C(=O)C1=C(C)N=CN=C1C,,,,,,ZINCmj00000fJPNi
,,COC1(CCN=c2ncnc(N[C@H]3CCCN(C4CC4)C3)[nH]2)CCC1,,,,,,ZINCps00000CF5qY
,,CCc1ncc(S(=O)(=O)N[C@H](C)CNC(=O)Cc2ccsc2)o1,,,,,,ZINCnj00001A1dJU
,,CSC1CC(N(C)C(=O)[C@@H](Cn2cccn2)NC(=O)[C@H]2CC[C@H]2C)C1,,,,,,ZINCpn00001BP6Jv
,,CC#CCCCC(=O)NC(C)(C)CN(C)C(=O)[C@@H]1CC[C@@H]2[C@H]1C2(F)F,,,,,,ZINCpy00000oyT9d
,,C[C@H](NC(=O)[C@@H]1C[C@]1(F)Cl)[C@@H]1C[C@H]1C(=O)NOCC1(C)CCC1,,,,,,ZINCns00000r2mEE
,,CCc1ncc(S(=O)(=O)N[C@H](C)CCCNC(=O)CC(Cl)Cl)o1,,,,,,ZINCnp00001A1dJy
,,CSc1ccnc(N2CCC[C@H](CNC(=O)C#C[C@@H]3CCOC3)C2)n1,,,,,,ZINCpl00001BP6K3
,,CSC1CC(N(C)C(=O)[C@@H](C(C)C)[C@@H](C)NC(=O)[C@@H](C)NC(C)=O)C1,,,,,,ZINCpm00001BP6Jt
,,CCN(CCCNC(=O)CC(Cl)Cl)C(=O)c1[nH]ccc1C1CC1,,,,,,ZINCnA00000llsti
,,CN(CCNC(=O)C1=CC(O)=NN1C)C(=O)CC1CC1(Cl)Cl,,,,,,ZINCme00000fJP9O
,,C=CC1CC(N=c2[nH]c(=NCCNC(=O)CC)[nH]c3c2COC3)C1,,,,,,ZINCoo00000t6fIK
,,CCN1CC[C@@H]1CNC(=O)CCCCCNC(=O)CCC(=O)N(C)C,,,,,,ZINCpd000015Me0e
,,CCN1CC[C@H]1CNC(=O)CC1(NC(=O)Cc2cc(C)n(C)n2)CC1,,,,,,ZINCpb000015Me02
,,C=CC1CC(N=c2[nH]c(=N)[nH]c(=NCc3cnc(O)c(F)c3)[nH]2)C1,,,,,,ZINCom00000t6fIP
,,Fc1cc(C(F)F)ccc1CNc1cc(C(F)F)nc2ncnn12,,,,,,ZINCoH00000kov2y
,,Cc1cc(=NC(=O)N2CC[C@@H]3[C@@H](O)C[C@@H]32)cc(C)[nH]1,,,,,,ZINCjm00000AivMw
,,C=C1CC(C(=O)NCC[C@@H]2CCCN(C(=O)c3cc(O)cs3)C2)C1,,,,,,ZINCox0000027Kuy
,,Cc1nocc1C(=O)NC12CCC(NC(=O)C(=O)C(C)C)(CC1)C2,,,,,,ZINCol00000opcNu
,,COC[C@@H](CC(=O)N1CCC[C@H]1CSC)NC(=O)Cc1cn[nH]c1,,,,,,ZINCoe00000HT9HZ
,,CC[C@H](C)C[C@H](C)C(=O)N(C)CCN(C)C(=O)c1ccnc(Cl)c1N,,,,,,ZINCpz000005RHhd
,,CCc1ncc(S(=O)(=O)N[C@H](C)CNC(=O)[C@@H](SC)C(C)C)s1,,,,,,ZINCno00001A1dK4
,,CCc1ccncc1N[C@H](c1nnnn1C)C1CC(OC)(OC)C1,,,,,,ZINCon00000t6fIX
,,CSc1ccnc(N2CC[C@@](C)(NC(=O)CC[C@H]3CCS3(=O)=O)C2)n1,,,,,,ZINCpi00001BP6K9
,,CSc1ccnc(N2CC[C@@](C)(CNC(=O)CCC(=O)N(C)C)C2)n1,,,,,,ZINCpj00001BP6JY
,,CCc1ncc(S(=O)(=O)N[C@H](C)CCNC(=O)c2cnco2)o1,,,,,,ZINCnd00001A1dJE
,,C=C1CC(C(=O)NC[C@@H](C)CNc2ncnc3[nH]c(C)c(C)c23)C1,,,,,,ZINCox0000027KzK
,,COC[C@@]1(C)CN(C(=O)CCc2ccc(O)c(Cl)c2)CCO1,,,,,,ZINCms000000DB9E
,,CCN1CC[C@@H]1CNC(=O)C1(NC(=O)c2cc(O)cc(=O)o2)CSC1,,,,,,ZINCp5000015MdZC
,,CCC[C@](C)(CC)C(=O)N[C@H]1CCN(C(=O)C2CC2)[C@@H]1CC,,,,,,ZINCmB000004pexL
,,CSc1ccnc(N2CC[C@@](C)(NC(=O)CC3COCCOC3)C2)n1,,,,,,ZINCpj00001BP6K8
,,Cc1ccc(C#N)cc1NC(=O)C#CCNC(=O)[C@H]1CNC(=O)N1,,,,,,ZINCo500000HFAhn
,,COC1CC(N=c2[nH]c(=NCCCCS(C)(=O)=O)[nH]c3c2CSC3)C1,,,,,,ZINCpq00000CF5rf
,,C=CC/C=C/CCC(=O)NC1(CNC(=O)c2coc(C(C)=O)c2)CC1,,,,,,ZINCpx00000oyTt0
,,Cc1c(CNC(=O)N2CC[C@@H]3CNC[C@@H]3C2)cnn1C,,,,,,ZINCka00000AivMx
,,CCC1CC(N=c2[nH]c(=NC)[nH]c(=N[C@@H](C)Cn3cncn3)[nH]2)C1,,,,,,ZINCom00000t6fIO
,,CCc1ncc(S(=O)(=O)N[C@@H]2CN(C(=O)C[C@H](C)O)C[C@@H]2C)o1,,,,,,ZINCn700001A1dJu
,,CCN1CC[C@@H]1CNC(=O)c1n[nH]cc1CNC(=O)c1c[nH]c(=N)o1,,,,,,ZINCp5000015MdZP
,,COC[C@@H](CC(=O)N1CCC[C@@H](C)C1)NC(=O)c1cc(OC)n[nH]1,,,,,,ZINCoe00000HT9I3
,,Cc1nc(-c2ccsc2)sc1C(=O)NC[C@H](C)NC(=O)[C@H]1C[C@@H]1C,,,,,,ZINCoA0000087TuB
,,CSc1ccnc(N2CC3(CN(C(=O)C4SCCCS4)CCO3)C2)n1,,,,,,ZINCpo00001BP6JR
,,CCc1ncc(S(=O)(=O)N[C@H](CO)CNC(=O)CC=C(Cl)Cl)o1,,,,,,ZINCnd00001A1dK5
,,CSc1ccnc(N2C[C@]34CCC[C@]3(CN(C(=O)[C@H]3CCO3)C4)C2)n1,,,,,,ZINCpo00001BP6JK
,,CC[C@H](C)C[C@@H](NC(=O)NCC1(c2ccccc2OC)CC1)C(=O)O,,,,,,ZINCpz000005RHcr
,,C=CC(C)(C)CC(=O)N[C@H](CC1CCC1)C(=O)N1[C@H]2C=CC[C@H]1CC2,,,,,,ZINCpF00000sVrF3
,,Cc1cc(NC(=O)C(=O)N2CC[C@@H]3CNC(=O)[C@@H]3C2)sn1,,,,,,ZINCl500000AivM8
,,CCN1CC[C@H]1CNC(=O)C1(N(C)C(=O)c2cnncc2NC)CC1,,,,,,ZINCp9000015MdZy
,,Cc1cccc(Cl)c1C(=O)N1CC(OC(F)(F)[C@@H](F)Br)C1,,,,,,ZINClH00000nlpos
,,Cc1nc(-c2ccncc2)cc(N2C[C@@H](C)O[C@@H](C(F)(F)F)C2)n1,,,,,,ZINCoA0000087TrL
,,CCSC[C@H](C)c1cn(CCC(=O)NCCCc2ccccn2)nn1,,,,,,ZINCpw00000oyTqd
,,CCc1ncc(S(=O)(=O)N[C@@H](C)CN(C)C(=O)[C@H]2CC2(F)F)o1,,,,,,ZINCng00001A1dJO
,,CCN1CC[C@@H]1CNC(=O)CCCCCCNC(=O)c1ncn(C)n1,,,,,,ZINCpd000015Me07
,,CCN1CC[C@@H]1CNC(=O)c1n[nH]c2c1CN(C(=O)C1=C(C)CC1)C2,,,,,,ZINCph000015MdZN
,,COC1CC(N=c2[nH]c(N3CCC[C@H](N(C)C)C3)nc3c2CCC3)C1,,,,,,ZINCpq00000CF5r8
,,C[C@H](NC(=O)[C@@H]1C[C@]1(F)Cl)C(C)(C)C(=O)N[C@@H]1CCCSCC1,,,,,,ZINCny00000r2mEy
,,OC1(CN2CCN3C(=NN=C3CC(F)(F)F)C2)CCCOC1,,,,,,ZINCmd00000fJPP1
,,CC[C@H](C)C[C@H](C)C(=O)N(C)C[C@@H]1CN(C(=O)[C@@]2(C)C[C@@H]2Br)CCO1,,,,,,ZINCpz000005RHi2
,,CC1(C)CN(C(=O)C(=O)N2C[C@@H]3CCCS(=O)(=O)[C@@H]3C2)C1,,,,,,ZINCl500000AivMd
,,CCc1ncc(S(=O)(=O)N[C@@H](C)CCCNC(=O)C[C@H](C)O)o1,,,,,,ZINCnb00001A1dJz
,,Fc1cc2[nH]cc(CN[C@@H]3CC=CCC3)c2cc1F,,,,,,ZINCjG00000eU9Im
,,CC[C@H](C)C[C@@H](C)C(=O)N[C@@H](C)CNC(=O)c1n[nH]cc1C1CCC1,,,,,,ZINCpz000005RH4v
,,Cc1nc(-c2ccn(CC(F)F)n2)n(CCc2ccccc2F)n1,,,,,,ZINCoA0000087Tom
,,CCc1ncc(S(=O)(=O)N[C@H](CC)CNC(=O)CC(C)(C)O)s1,,,,,,ZINCng00001A1dJF
,,CSc1ccnc(N2CCC[C@H]2CN(C)C(=O)c2cnc(N)cn2)n1,,,,,,ZINCpj00001BP6K1
,,C[C@H](NC(=O)[C@@H]1C[C@]1(F)Cl)c1nocc1C(=O)N(C)CC1CC1,,,,,,ZINCns00000r2mEp
,,Cc1nc(-c2ccsc2)sc1C(=O)NCCN(C)C(=O)[C@H]1C[C@@H]1C,,,,,,ZINCoA0000087TtQ
,,C#CCOCC(=O)NCC#CCNC(=O)CN1N=NC(C)=N1,,,,,,ZINCm300000fJPPV
,,CC1=C(C(=O)N(C)CC(C)(C)CNC(=O)C2(F)CC2)ON=C1,,,,,,ZINCmn00000fJPvA
,,COC[C@@]1(C)CN(C(=O)N[C@H](C)c2ncccc2Cl)CCO1,,,,,,ZINCms000000DBaI
,,CCN1CC[C@H]1CNC(=O)c1occc1CNC(=O)Cn1cnnc1,,,,,,ZINCp6000015MdZT
,,CCN1CC[C@H]1CNC(=O)c1nc(CNC(=O)COCCF)oc1C,,,,,,ZINCpa000015MdZx
,,C[C@@H]1CC[C@@H]1C(=O)NC[C@H]1CCCN1Cc1cn(CC(C)(C)C)nn1,,,,,,ZINCpu00000yMt0U
,,CCN1CC[C@@H]1CNC(=O)[C@]1(NC(=O)C[C@@H](O)CC(C)C)CCSC1,,,,,,ZINCpf000015MdZI
,,COC1CC(N=c2[nH]c(N3CCc4nocc4C3)nc3c2SCC3)C1,,,,,,ZINCps00000CF5r7
,,CCc1ncc(S(=O)(=O)N[C@H](C)CNC(=O)[C@@H]2CC[C@H]2C)n1C,,,,,,ZINCne00001A1dJY
,,C[C@H](NC(=O)[C@@H]1C[C@@]1(F)Cl)[C@@H]1C[C@H]1C(=O)NCC(C)(C)C(F)F,,,,,,ZINCnu00000r2mEC
,,Cc1cc(NC(=O)C(=O)N2C[C@H]3C[C@@H](O)CC[C@H]3C2)sn1,,,,,,ZINClg00000AivMg
,,Fc1cc2[nH]cc(CNCC=CBr)c2c(F)c1F,,,,,,ZINCiF00000eU9Ik
,,C[C@H](NC(=O)[C@@H]1C[C@]1(F)Cl)c1nocc1C(=O)N[C@@H]1CC1(C)C,,,,,,ZINCnt00000r2mEq
,,C=CCCCC(=O)NCC(C)CN(C)C(=O)[C@H]1CNC(=O)C1,,,,,,ZINCmc00000fJPgn
,,C=CC1CC(N=c2[nH]c(=NC)[nH]c(=NCCN(C)CC(F)F)[nH]2)C1,,,,,,ZINCoo00000t6fIN
,,COC[C@@]1(C)CCN([C@H](C)C(=O)Nc2ccccc2C#N)C1,,,,,,ZINCms000000DB5E
,,COC[C@@]1(C)CN(C(=O)[C@H](C)Cc2cccc(F)c2)CCO1,,,,,,ZINCms000000DBbh
,,CC1(C)CCC[C@]1(N)C(=O)N1CCN(Cc2ccc(F)cc2F)CC1,,,,,,ZINCpv00000oySYi
,,CSC1CCN([C@H](c2cccnn2)c2nnnn2[C@H]2CCOC2)CC1,,,,,,ZINCpj00001BP6JI
,,Cc1cc(=NC(=O)CN2CCO[C@H](C)[C@H]2C(N)=O)[nH]o1,,,,,,ZINCk500000AivM4
,,CCN1CC[C@@H]1CNC(=O)c1ncoc1CNC(=O)[C@H](F)C(F)(F)F,,,,,,ZINCpg000015MdZA
,,CCN1CC[C@H]1CNC(=O)CC1=CCN(C(=O)[C@](C)(O)C2CC2)CC1,,,,,,ZINCpf000015MdZZ
,,COC[C@H](C)C(=O)N1CCC[C@@H](C(C)(C)C(=O)N(CCO)OC)C1,,,,,,ZINCof00000HT9I6
,,CC1(CCNC(=O)C(=O)N[C@@H]2C[C@@H]3CC[C@@H]32)CCC1,,,,,,ZINCjl00000AivMp
,,CC[C@H](C)C[C@@H](C)C(=O)N[C@H]1CCN(C(=O)C(C)(C)CCCO)[C@@H]1C,,,,,,ZINCpz000005RH9X
,,CCN1CC[C@@H]1CNC(=O)c1n[nH]cc1CNC(=O)CNC(=O)OC,,,,,,ZINCp5000015MdZQ
,,COC[C@@H](CC(=O)N1CCC[C@H]2COC[C@H]21)NC(=O)[C@@H]1C[C@@]1(F)Cl,,,,,,ZINCog00000HT9I2
,,CCN1CC[C@H]1CNC(=O)[C@]1(F)CCN(C(=O)c2ccc(O)cn2)C1,,,,,,ZINCpb000015MdZs
,,CC(C(=O)N1[C@H](C)C[C@@H]1C(=O)N=c1cc(C2CC2)n(C)[nH]1)=C1CC1,,,,,,ZINCot00000sXlyZ
,,COC[C@@H](CC(=O)N1CCC[C@@H](C)[C@H]1CO)NC(=O)c1ccco1,,,,,,ZINCog00000HT9I8
,,COC[C@H](C)C(=O)N1CCC[C@@H]1C(=O)N[C@H]1C[C@@H](CO)C12CCC2,,,,,,ZINCof00000HT9HT
,,CSc1ccnc(N2CC3(CCN(C(=O)Cc4ccn(C)c4)C3)C2)n1,,,,,,ZINCpo00001BP6JO
,,COC1CC(N=c2[nH]c(N3CCO[C@@H](C)CC3)nc3cccnc23)C1,,,,,,ZINCps00000CF5rb
,,C=CC1CC(N=c2[nH]c(N3CCOCC3)nc(=NCCSC)[nH]2)C1,,,,,,ZINCoo00000t6fIF
,,CCN1CC[C@@H]1CNC(=O)C1(F)CN(C(=O)c2cc([N+](=O)[O-])n[nH]2)C1,,,,,,ZINCp5000015MdZu
,,CSc1cc(N[C@@H](CCCC#N)c2nnnn2[C@H]2CCOC2)nn1C,,,,,,ZINCpp00001BP6JJ
,,CCCCCCC(=O)N[C@@H](CC1CCC1)C(=O)N1CCSCC[C@H]1C,,,,,,ZINCpJ00000sVrF0
,,CCN(CCCNC(=O)/C=C/C(F)F)C(=O)C1=C[C@@](C)(CC)C1,,,,,,ZINCnz00000llstb
,,CC[C@H](C)C[C@@H](C)C(=O)NC[C@@H](NC(=O)[C@H](C(C)C)N(C)C)C(C)C,,,,,,ZINCpz000005RGVo
,,CC[C@H](C)C[C@@H](C)C(=O)NCCCCC1CN(C(=O)CC(C)(C)O)C1,,,,,,ZINCpz000005RGR4
,,Fc1cc2[nH]cc(CN3C[C@@H]4C[C@H]3CS4)c2cc1F,,,,,,ZINCjB00000eU9Ii
,,CC[C@H](C)C[C@H](C)C(=O)N(C)C1CN(C(=O)C[C@@H]2COC(C)(C)C2)C1,,,,,,ZINCpz000005RHdw
,,CC1(C)C[C@](C)(NCc2cn(CC3(O)CCNCC3)nn2)C(=O)O1,,,,,,ZINCo500000HFAhu
,,COC1CCN(c2ncnc(=NCC(C)(C)CN3CCCC3)[nH]2)CC1,,,,,,ZINCpq00000CF5qV
,,CCc1ncc(S(=O)(=O)N[C@@H](C)CNC(=O)[C@H]2CCCN2C)o1,,,,,,ZINCn700001A1dJZ
,,CSC1CCN([C@H](c2ccc(C)nc2)c2nnnn2C2COC2)CC1,,,,,,ZINCpo00001BP6JH
,,CCN1CC[C@H]1CNC(=O)c1coc(CNC(=O)[C@@H]2CC(=O)CS2)n1,,,,,,ZINCp7000015MdZp
,,COC[C@H](C)C(=O)N1CCC([C@@H](C)C(=O)NCCC[S@](C)=O)CC1,,,,,,ZINCog00000HT9Ie
,,CCc1ncc(S(=O)(=O)N[C@@H]2CN(C(=O)[C@@H]3C[C@H]3Cl)C[C@H]2C)o1,,,,,,ZINCnf00001A1dJv
,,Cc1ccc(F)c(C(=O)NC(C)(C)CNC(=O)[C@@H]2[C@H]3C[C@H]3[C@H]3C[C@H]32)c1,,,,,,ZINCpw00000oyTcT
,,O=C(CCC1=CC=CC=N1)NC1CN(C(=O)C2=CN=CO2)C1,,,,,,ZINCmc00000fJPPd
,,CCN1CC[C@@H]1CNC(=O)CC(C)(C)CNC(=O)[C@@H]1CCN(C)C1=O,,,,,,ZINCp8000015Me0g
,,Cc1ccc(C#N)cc1NC(=O)c1cc(CNC(=O)C(N)=O)[nH]n1,,,,,,ZINCo500000HFAhl
,,CON=CC(=O)NC(C)C1(O)CN(C(=O)C2COCCO2)C1,,,,,,ZINCm400000fJPVP
,,COC1CC(Nc2ncnc(=N[C@H](C)c3cc4n(n3)CCCC4)[nH]2)C1,,,,,,ZINCpr00000CF5qZ
,,CSc1ccnc(N2CCC[C@H](CNC(=O)c3sc(O)nc3C)C2)n1,,,,,,ZINCpp00001BP6K2
,,CC[C@H](C)C[C@@H](C)C(=O)N[C@H](C)CC1CN(C(=O)CCC(C)(C)O)C1,,,,,,ZINCpz000005RH8m
,,Cc1nc(-c2ccncc2Cl)n(-c2ccc(S(C)(=O)=O)cc2C)n1,,,,,,ZINCoA0000087Ts1
,,CC(C(=O)N1[C@@H](C)C[C@H]1C(=O)N(C)[C@@H]1C[C@H]2CC[C@@H]1O2)=C1CCC1,,,,,,ZINCos00000sXlz5
,,CC1(C)CN(C(=O)C(=O)N[C@@H]2C[C@H]3CC[C@@H]32)CC1(F)F,,,,,,ZINCkk00000AivMo
,,CCN1CC[C@@H]1CNC(=O)c1c[nH]nc1CCNC(=O)C1CC(C)C1,,,,,,ZINCpf000015MdZj
,,CSCC(=O)N[C@@H]1COC[C@@H]1NC(=O)[C@H](C)C1=CC=CC=C1,,,,,,ZINCmh00000fJPRh
,,CSc1ccnc(N2CC[C@](C)(CCNC(=O)[C@H](C)OC(C)=O)C2)n1,,,,,,ZINCpo00001BP6JV
,,CCN1CC[C@H]1CNC(=O)[C@@](C)(CC)CNC(=O)CSc1nc[nH]n1,,,,,,ZINCpc000015Me0h
,,N#CC1=NC=C(C(=O)N2CCC(NC(=O)C3CC3(F)F)C2)S1,,,,,,ZINCmg00000fJPWR
,,C=CC1CC(N=c2[nH]c(=NC[C@@H](C)C(=O)NC)[nH]c3c2COC3)C1,,,,,,ZINCom00000t6fIJ
,,Cc1nocc1C(=O)N=c1[nH][nH]c2c1CN(Cc1ccncc1)C2,,,,,,ZINCoi00000opcNB
,,CCN1CC[C@@H]1CNC(=O)C1(SC)CN(C(=O)C[C@H]2COC(=O)C2)C1,,,,,,ZINCp6000015MdZW
,,CC(CO)(CNC(=O)C1=CC(Br)=NO1)NC(=O)CC(F)(F)F,,,,,,ZINCmf00000fJPUw
,,COC[C@@]1(C)COCCN1C(=O)c1ccc(C(C)(C)C)cn1,,,,,,ZINCms000000DBeL
,,Cc1nc(-c2ccnc(N3CCCCC3)n2)n(C[C@H](C)C2CC2)n1,,,,,,ZINCoA0000087TpW
,,Cc1nocc1C(=O)NC1(CC(=O)NCCc2ncc[nH]2)CCC1,,,,,,ZINCoh00000opcNx
,,Cc1nocc1C(=O)NC[C@@]12C[C@@H]1CN(C(=O)CCCCCO)C2,,,,,,ZINCoh00000opcNC
,,CCc1ncc(S(=O)(=O)N[C@@H](C)CN(C)C(=O)c2ccns2)o1,,,,,,ZINCnh00001A1dJM
,,C[C@H]1CC[C@H]1C(=O)NC[C@H]1CC[C@@H](CNC(=O)[C@@]2(C)CCOC2)CC1,,,,,,ZINCpu00000yMt0T
,,CSC1CC(N(C)C(=O)[C@H](CN=[N+]=[N-])NC(=O)CCc2cnco2)C1,,,,,,ZINCpn00001BP6Jx
,,CC1CCN(C(=O)C(=O)N[C@@H]2C[C@@H]3CC[C@H]2N3)CC1,,,,,,ZINCj800000AivMn
,,C[C@H](NC(=O)[C@@H]1C[C@]1(F)Cl)[C@@H]1C[C@H]1C(=O)NCCSC(C)(C)C,,,,,,ZINCnx00000r2mED
,,Cc1cc(NC(=O)C(=O)N2CC[C@@H]3CN[C@@H]3C2)n(C)n1,,,,,,ZINCk500000AivM7
,,CCc1ccncc1N[C@@]1(c2nnnn2C)C[C@H](C)N(C2CC2)C1,,,,,,ZINCon00000t6fIT
,,CSc1ccnc(N2Cc3ccccc3[C@H](NC(=O)CN(C)C)C2)n1,,,,,,ZINCpp00001BP6JL
,,CCc1ncc(S(=O)(=O)N[C@@H](C)CN(C)C(=O)c2cc[nH]c2)o1,,,,,,ZINCng00001A1dJL
,,CC1(C)CN(C(=O)C(=O)N2C[C@@H]3C[C@]3(O)C2)C[C@@H](CO)O1,,,,,,ZINCl400000AivMc
,,CCc1ncc(S(=O)(=O)N[C@@H](C)CCN(C)C(=O)[C@H]2C[C@@H]2C)o1,,,,,,ZINCnk00001A1dJD
,,Cc1nocc1C(=O)Nc1c[nH]nc1C(=O)N1CCCC[C@@H]1C#N,,,,,,ZINCok00000opcNy
,,Cc1cc(=NC(=O)N2C[C@@H]3CCS(=O)(=O)[C@@H]3C2)cc[nH]1,,,,,,ZINCkg00000AivMz
,,CCN1CC[C@@H]1CNC(=O)[C@@]1(F)CCN(C(=O)C=Cc2cc[nH]n2)C1,,,,,,ZINCpb000015MdZt
,,CSC1CC(N[C@H]2CCn3ncnc3C2)(c2nnnn2CC(C)C)C1,,,,,,ZINCpi00001BP6JG
,,CCc1ncc(S(=O)(=O)N[C@H](C)CNC(=O)[C@H]2C[C@@H](OC)C2)o1,,,,,,ZINCna00001A1dK1
,,C[C@@]1(CCNC(=O)C(=O)N2CCC3(C=C3)CC2)C[C@]1(F)Cl,,,,,,ZINClp00000AivM5
,,CC(C(=O)N1[C@H](C)CC[C@@H]1C(=O)NCc1[nH]cnc1C)=C1CCC1,,,,,,ZINCos00000sXlyT
,,Cc1nc(-c2ccsc2)sc1C(=O)NCCNC(=O)C[C@H]1C[C@@H]1C,,,,,,ZINCoA0000087Tu1
,,COCCC(CNC(=O)C=CC1=CC=CO1)NC(=O)C(C)O,,,,,,ZINCm900000fJP7E
,,Cc1nocc1C(=O)N1[C@@H](C(=O)N(CCCO)C(C)C)C[C@@H]2C[C@H]21,,,,,,ZINCoi00000opcNt
,,Cc1nocc1C(=O)N(c1ncc2ccsc2n1)C1(CN)COC1,,,,,,ZINCoj00000opcNz
,,CCN1CC[C@H]1CNC(=O)C(CC)(CC)CNC(=O)c1[nH]nnc1C,,,,,,ZINCpe000015Me08
,,CSc1ccnc(N2CCC[C@@H](NC(=O)c3ccnc(F)c3O)C2)n1,,,,,,ZINCpo00001BP6K5
,,C=C1CC(N)(C(=O)N2CCC[C@@H]3NCCCC[C@H]32)C1,,,,,,ZINCjh00000AivMu
,,O=C(N[C@H]1CCOC2(CCSCC2)C1)N1CC[C@@H](F)C1,,,,,,ZINCkr000000jLon
,,CCc1ccncc1N[C@@H](c1ccc(OC)cn1)c1nnnn1C,,,,,,ZINCon00000t6fIU
,,CCN1CC[C@H]1CNC(=O)c1c[nH]nc1CNC(=O)[C@@H](F)C(C)(C)O,,,,,,ZINCp5000015MdZm
,,CCc1ncc(S(=O)(=O)N[C@H]2CN(C(=O)[C@@H](C)CC)C[C@H]2O)s1,,,,,,ZINCnc00001A1dJw
,,Cc1nc(-c2ccn(C)n2)sc1CC(=O)NCC1CCC(F)CC1,,,,,,ZINCoA0000087TnD
,,CCc1ncc(S(=O)(=O)N[C@H]2C[C@H](NC(=O)[C@@H]3CCCS3)C2)s1,,,,,,ZINCnl00001A1dJt
,,C[C@H](NC(=O)[C@H]1C[C@]1(F)Cl)C(C)(C)C(=O)N1CCS[C@H](C)CC1,,,,,,ZINCnx00000r2mEv
,,Fc1ccc(F)c(OCCN=c2cc(C(F)F)c3c[nH][nH]c-3n2)c1,,,,,,ZINCoG00000kov2v
,,C=CC1CC(N=c2[nH]c(N3CCS(=O)(=O)CC3)nc3c2SCC3)C1,,,,,,ZINCon00000t6fIG
,,CCc1ncc(S(=O)(=O)N[C@H]2C[C@@H](CNC(=O)[C@H]3C[C@@H]3Cl)C2)s1,,,,,,ZINCnl00001A1dJp
,,C[C@H]1CC[C@H]1C(=O)NC[C@@H]1C[C@@H](CNc2nccc(C(F)F)n2)CO1,,,,,,ZINCpt00000yMt0Z
,,CC1CC(C(N)=O)CN(C(=O)CN2C=C(C(=O)NO)N=N2)C1,,,,,,ZINCm400000fJQ6B
,,CC[C@H](C)C[C@@H](C)C(=O)N[C@@H](C)CCNC(=O)[C@@H]1CCN1C(C)(C)C,,,,,,ZINCpz000005RH3p
,,CCc1ccncc1N[C@@H](c1nc[nH]n1)c1nnnn1C(C)(C)C,,,,,,ZINCon00000t6fIW
,,Cc1cc(NC(=O)C(=O)N2C[C@@H]3C[C@H](C2)N3C)ccc1N,,,,,,ZINCla00000AivMf
,,COC1CC(N=c2ncnc(N(C)Cc3cccc([N+](=O)[O-])c3)[nH]2)C1,,,,,,ZINCpq00000CF5qU
,,CSc1ccnc(N2CC[C@@](C)(CNC(=O)[C@H]3CCCN(C)C3)C2)n1,,,,,,ZINCpo00001BP6JZ
,,CCN(CCCNC(=O)CC(Cl)Cl)C(=O)Cc1ccccc1C,,,,,,ZINCnA00000llstj
,,CC[C@H](C(=O)N(C)CCCNC(=O)[C@H](C)CC1CCC1)n1cccn1,,,,,,ZINCpw00000oyT71
,,CON=CC(=O)N1CC[C@H]2CN(C(=O)CC3CC34CC4)[C@H]2C1,,,,,,ZINCme00000fJQ9B
,,CCc1ncc(S(=O)(=O)N[C@H]2C[C@@H](NC(=O)C[C@@H](O)CF)C2)s1,,,,,,ZINCn900001A1dJr
,,CCN1CC[C@H]1CNC(=O)[C@@]1(OC)CCN(C(=O)Cc2cnsc2)C1,,,,,,ZINCpb000015MdZU
,,CCN1CC[C@@H]1CNC(=O)C1(F)CN(C(=O)CC[C@H]2CCCCO2)C1,,,,,,ZINCpg000015MdZv
,,CCCC(=O)N[C@@]12C[C@@H]1CN(C(=O)C(OCC)C1CCC1)C2,,,,,,ZINCmn00000fJPdE
,,CSc1ccnc(N2CC3(CC[C@H](CNC(=O)[C@@H]4CC4(F)F)O3)C2)n1,,,,,,ZINCpn00001BP6JM
,,CCN1CC[C@H]1CNC(=O)C#CC(C)(C)CNC(=O)Cc1ccoc1,,,,,,ZINCph000015Me09
,,O=C(N[C@H]1CCO[C@H](C2CC2)C1)C1(O)CCCCCC1,,,,,,ZINCkr000000jLpK
,,CCc1ncc(S(=O)(=O)N[C@@H](C)[C@H](C)NC(=O)CN(C)CC)o1,,,,,,ZINCn900001A1dJK
,,CC(C(=O)N1[C@@H](C)C[C@@H]1C(=O)NCc1cccnc1F)=C1CCC1,,,,,,ZINCot00000sXlz2
,,CC(C(=O)N1[C@H](C)C[C@@H]1C(=O)N1CC[C@@H](CCO)C1)=C1CCCC1,,,,,,ZINCoq00000sXlyW
,,CC[C@H](C)C[C@@H](C)C(=O)N1CCC[C@@H](CCNC(=O)c2nncs2)C1,,,,,,ZINCpz000005RGCK
,,Cc1cc(NC(=O)N2CCC[C@@H]3[C@H]2CCN3C)c(C)nn1,,,,,,ZINCln00000AivMt
,,CCN(CCCNC(=O)CC(Cl)Cl)C(=O)c1cc(F)cc(F)c1,,,,,,ZINCnB00000llsth
,,CSc1ccnc(N2CC[C@](CO)(CNC(=O)[C@@H](C)CC(F)F)C2)n1,,,,,,ZINCpn00001BP6Kf
,,CCSCCC(=O)N[C@@H](CCOC)CNC(=O)[C@H]1CCCC(F)(F)C1,,,,,,ZINCpv00000oyTsl
,,CSC1CC(N(C)C(=O)[C@H](O)CCNC(=O)c2ccnn2C(C)C)C1,,,,,,ZINCpi00001BP6JD
,,CSc1ccnc(N2CCCC[C@@H](NC(=O)c3ccc(=N)[nH]n3)C2)n1,,,,,,ZINCpj00001BP6JW
,,CCc1ccncc1N[C@H](c1ncc([C@H](C)O)s1)c1nnnn1C,,,,,,ZINCoo00000t6fIV
,,CCN1CC[C@@H]1CNC(=O)CCC1(NC(=O)[C@H]2CCNC2=O)CCC1,,,,,,ZINCp7000015Me05
,,COC[C@@H](CC(=O)N1CCC[C@H](C)[C@@H]1CO)NC(=O)CC(F)(F)F,,,,,,ZINCog00000HT9Ia
,,CC(C)(C)CCC(=O)N[C@@H](CC1CCC1)C(=O)NC1CC2(CCC2)C1,,,,,,ZINCpJ00000sVrF7
,,CCn1cc(CC(=O)N[C@H]2C[C@@H]2NC(=O)C(C)(C)C)c2ccccc21,,,,,,ZINCpw00000oyT1t
,,COC[C@H](C)C(=O)N1CCC([C@H](C)C(=O)N(C)[C@@H](C)C(N)=O)CC1,,,,,,ZINCoa00000HT9If
,,Fc1ccc(F)c(OCCNCc2ncc(C3CCCCC3)[nH]2)c1,,,,,,ZINCoJ00000kov2w
,,CCC[C@](C)(NC(=O)OC(C)(C)C)C(=O)N(C)CC(C)(F)F,,,,,,ZINCmB000004pezp
,,Cc1c[nH]c(C(=O)N[C@@H]2CN(C(=O)Cc3ccsc3)CC(F)(F)C2)c1,,,,,,ZINCpv00000oyT02
,,CCC[C@](C)(NC(=O)OC(C)(C)C)C(=O)N=[S@@](C)(=O)C(C)C,,,,,,ZINCmB000004pezs
,,CCN1CC[C@H]1CNC(=O)C[C@]1(C)CCN(C(=O)CN(C)C(C)=O)C1,,,,,,ZINCp9000015MdZY
,,C[C@H]1CC[C@H]1C(=O)NC[C@@H]1CCCN(C(=O)C[C@H]2CSCCO2)CC1,,,,,,ZINCpt00000yMt0X
,,CSC1CC(N(C)C(=O)[C@H](F)[C@H](C)CNC(=O)c2cncc(C)n2)C1,,,,,,ZINCpo00001BP6Jy
,,CCN1CC[C@@H]1CNC(=O)C1(NC(=O)CCOCC(F)F)CC(F)C1,,,,,,ZINCpe000015MdZJ
,,Cc1ccc(C#N)cc1NC(=O)[C@@H](O)CNC(=O)CN(C)C(N)=O,,,,,,ZINCo500000HFAhs
,,CC1(C)CN(C(=O)CN2CCO[C@@H]3COC[C@H]32)CCO1,,,,,,ZINCk500000AivM3
,,C=CC(O)C(=O)N1CC[C@@H](O)[C@H](NC(=O)C2=C(C)ON=C2)C1,,,,,,ZINCm500000fJPSU
,,CC[C@H](C)C[C@@H](C)C(=O)N1CCC[C@@H]1CNC(=O)[C@@H](F)OC(F)(F)F,,,,,,ZINCpz000005RGE0
,,CSC1CC(N(C)C(=O)[C@@H]2CO[C@H](CNC(=O)Cc3cnsc3)C2)C1,,,,,,ZINCpl00001BP6Js
,,COC1CCN(c2[nH]c(=NCCC3CC(O)C3)nc3scnc23)CC1,,,,,,ZINCps00000CF5rc
,,Cc1ccc(C#N)cc1NC(=O)CNC(=O)c1cn(C)c(=O)cn1,,,,,,ZINCo900000HFAht
,,CC1CC(NC(=O)N2CC3(C2)OC[C@H]2C[C@H]23)C1,,,,,,ZINChi00000AivMs
,,CSC1CC(N(C)C(=O)CNC(=O)CNC(=O)[C@H](C)CC2CCC2)C1,,,,,,ZINCpj00001BP6JE
,,C[C@H](NC(=O)[C@@H]1C[C@]1(F)Cl)C(C)(C)C(=O)NC[C@]1(C)CCCO1,,,,,,ZINCnr00000r2mEx
,,CCc1ncc(S(=O)(=O)N[C@@H](C)CCNC(=O)[C@@H](C#N)CC)s1,,,,,,ZINCnk00001A1dJI
,,Cc1nocc1C(=O)NCC1(C(=O)NCCCCCN(C)C)CC1,,,,,,ZINCoj00000opcNF
,,COC1CC(N=c2[nH]c3c(c(=N[C@@H](C)c4ccn(C)n4)[nH]2)COC3)C1,,,,,,ZINCpq00000CF5r4
,,Cc1cc(CCN[C@](C)(CCS(C)(=O)=O)c2nnnn2C)ccn1,,,,,,ZINCo900000HFAhw
,,CSc1ccnc(N2CCC(C)(CNC(=O)[C@]34COC[C@H]3C4)CC2)n1,,,,,,ZINCpp00001BP6JX
,,Cc1cccc(Cl)c1COC(=O)c1ccn2ncnc2n1,,,,,,ZINClu00000nlpoo
,,CCN1CC[C@H]1CNC(=O)C(C)(C)CCNC(=O)CCOCCOC,,,,,,ZINCpd000015Me0f
,,C=C(C)CCCC(=O)N[C@H](CC1CCC1)C(=O)N1CCCSC[C@@H]1C,,,,,,ZINCpH00000sVrEX
,,CSc1ccnc(N2CC[C@@](CO)(CNC(=O)C3CC(C)(C)C3)C2)n1,,,,,,ZINCpp00001BP6Kc
,,CC[C@H](C)C[C@@H](C)C(=O)NCC1CN(C(=O)COC2CCCCC2)C1,,,,,,ZINCpz000005RGQ8
,,CSc1ccnc(N2CC(C3CCN(C(=O)CCN(C)C)CC3)C2)n1,,,,,,ZINCpo00001BP6JT
,,COC[C@@]1(C)CCN1C(=O)N[C@@H]1COc2cc(F)cc(F)c21,,,,,,ZINCms000000DB7e
,,CC(C(=O)N1[C@@H](C)C[C@@H]1C(=O)N1CCO[C@@H](C(C)C)C1)=C1CCC1,,,,,,ZINCot00000sXlyY
,,COC[C@@]1(C)NC(=O)N(Cc2cccc3ccccc23)C1=O,,,,,,ZINCms000000DBfA
,,CCC1CC(N=c2[nH]c(=N)[nH]c(=NCCOC[C@@H]3CCCO3)[nH]2)C1,,,,,,ZINCom00000t6fIR
,,COC(=O)CC(C)(C)NC(=O)C(=O)NC1=CC(Cl)=NC(C)=C1,,,,,,ZINCmk00000fJPkb
,,CCN(CCCNC(=O)CC(Cl)Cl)C(=O)c1cc2occc2[nH]1,,,,,,ZINCnz00000llste
,,CCc1ncc(S(=O)(=O)N[C@@H](C)C2CC(NC(=O)CCF)C2)s1,,,,,,ZINCnm00001A1dJx
,,CCc1ncc(S(=O)(=O)N[C@H](C)CNC(=O)c2cnc(C)[nH]2)o1,,,,,,ZINCn900001A1dJS
,,CC(C(=O)N1[C@H](C)CC[C@@H]1C(=O)N[C@H]1CCC[C@H](O)CC1)=C1CC1,,,,,,ZINCos00000sXlyV
,,C=C1CC(C(=O)NCC[C@H](C)NC(=O)CCCc2nc(C)cs2)C1,,,,,,ZINCox0000027KvI
,,COC[C@H](C)C(=O)N1CC=C[C@H]1C(=O)N[C@@H](C)c1ncc(C)cn1,,,,,,ZINCog00000HT9HU
,,CCC1CC(N=c2[nH]c(=NC)[nH]c(=NCc3cccc(O)n3)[nH]2)C1,,,,,,ZINCoo00000t6fIM
,,C[C@H](NC(=O)[C@H]1C[C@]1(F)Cl)C(C)(C)C(=O)N1C[C@@H](F)C[C@@H](F)C1,,,,,,ZINCnt00000r2mEu
,,O=C(N[C@H]1CCOc2ccccc21)[C@H]1C[C@H]2CC[C@H]1O2,,,,,,ZINCkr000000jLrk
,,COC[C@@]1(C)CCN1S(=O)(=O)N=[S@@](C)(=O)c1cccc(Br)c1,,,,,,ZINCms000000DB98
,,CCN1CC[C@H]1CNC(=O)C1(NC(=O)C[C@H](O)CC(C)C)CC(F)C1,,,,,,ZINCpf000015MdZH
,,Cc1ccc(C#N)cc1NC(=O)[C@@H](O)C1CN(C(=O)C[C@@H](C)O)C1,,,,,,ZINCo900000HFAhq
,,C=C1CC(C(=O)NCC[C@H](C)NC(=O)c2cc(F)c(O)c(Cl)c2)C1,,,,,,ZINCox0000027Kwd
,,COC[C@H](C)C(=O)N1CCC([C@H](C)C(=O)N2CC([S@@](C)=O)C2)CC1,,,,,,ZINCod00000HT9Id
,,CSc1ccnc(N2CC3(CC(NC(=O)C4CCN(C)CC4)C3)C2)n1,,,,,,ZINCpm00001BP6JN
,,COC1CCN(c2ncnc(=NCc3nc4cnccc4s3)[nH]2)CC1,,,,,,ZINCpr00000CF5qT
,,CC(C(=O)N1[C@@H](C)C[C@H]1C(=O)NCCC(C)(C)N(C)C)=C1CCC1,,,,,,ZINCot00000sXlz3
,,CCC1CC(N=c2[nH]c(=N)[nH]c(=NC[C@]3(COC)CCCO3)[nH]2)C1,,,,,,ZINCom00000t6fIQ
,,CCc1ccncc1N[C@]1(c2nnnn2CC)C[C@H]2C[C@@H]1C[C@H]2O,,,,,,ZINCon00000t6fIS
,,CSC1CC(N[C@H]2C[C@H](n3cncn3)C2)(c2nnnn2CCCF)C1,,,,,,ZINCpj00001BP6JF
,,CCN1CC[C@@H]1CNC(=O)C1(NC(=O)c2cc(C(C)=O)[nH]n2)CSC1,,,,,,ZINCp6000015MdZB
,,C[C@H](NC(=O)[C@H]1C[C@@]1(F)Cl)C(C)(C)C(=O)NC1(CC2CC2)CC1,,,,,,ZINCny00000r2mEw
,,Cc1cccc(Cl)c1COC(=O)Cn1cccc(Br)c1=O,,,,,,ZINClD00000nlpoq
,,C[C@H](NC(=O)[C@@H]1C[C@]1(F)Cl)[C@@H](C)C(=O)N1CCC(C2CC2)CC1,,,,,,ZINCnx00000r2mEF
,,C=C(C)CCCC(=O)N[C@H](CC1CCC1)C(=O)N1C[C@H](C)C[C@H]1CC,,,,,,ZINCpK00000sVrEY
,,C=C1CCN(C(=O)C(=O)N2C[C@@H]3C[C@H](C2)N3C)C1,,,,,,ZINCi500000AivMe
,,C=CCCCCC(=O)N[C@@H](CC1CCC1)C(=O)NC1C2CCC1CC2,,,,,,ZINCpH00000sVrF5
,,CCc1ncc(S(=O)(=O)N[C@H]2C[C@@H](NC(=O)[C@@H]3CC[C@@H]3F)C2)o1,,,,,,ZINCnf00001A1dJs
,,COC[C@@]1(C)CN(C(=O)Nc2cc(C)ccc2OC)CCO1,,,,,,ZINCms000000DBaP
,,CCN1CC[C@H]1CNC(=O)c1coc(CNC(=O)Cn2nccn2)n1,,,,,,ZINCp5000015MdZq
,,O=C(NCC1CC1CNC(=O)C1SCCCS1)C1=COC=C1,,,,,,ZINCmp00000fJPWj
,,CCN1CC[C@H]1CNC(=O)[C@@]1(NC(=O)C(=O)C(C)(C)C)CCN(C)C1,,,,,,ZINCp6000015MdZM
,,CSc1ccnc(N2CC(CCNC(=O)c3cc(C)nc(C)n3)C2)n1,,,,,,ZINCpo00001BP6K7
,,C=CC1CC(N=c2[nH]c(=NC)[nH]c(=NCc3c(Br)nnn3C)[nH]2)C1,,,,,,ZINCon00000t6fIL
,,O=C(Cc1ccsn1)N[C@@H]1CC[C@@H]1NC(=O)c1ccc(Cl)c(Cl)c1O,,,,,,ZINCpx00000oySWZ
,,C[C@H](NC(=O)[C@H]1C[C@]1(F)Cl)[C@@H]1C[C@H]1C(=O)NCC1(C2CC2)CC1,,,,,,ZINCnt00000r2mEB
,,CC[C@H](C)C[C@@H](C)C(=O)NC[C@@H](CC)NC(=O)c1scnc1COC,,,,,,ZINCpz000005RGVc
,,CSc1ccnc(N2CC[C@](CO)(CNC(=O)[C@H]3C[C@H]3C(F)F)C2)n1,,,,,,ZINCpk00001BP6Ke
,,CCN1CC[C@H]1CNC(=O)CC1(OC)CN(C(=O)c2sncc2C)C1,,,,,,ZINCpe000015Me03
,,C[C@@H]1CC[C@@H]1C(=O)NC[C@H]1CC[C@H](c2cn(C[C@H](O)CCl)nn2)CC1,,,,,,ZINCpt00000yMt0S
,,CCC(O)C(F)(F)C(=O)NC[C@]1(F)C[C@H](NC(=O)COC)C1,,,,,,ZINCm700000fJPDl
,,COC1CC(N=c2[nH]c(N3CC[C@H](N(C)C)C3)nc3c2CCCC3)C1,,,,,,ZINCpq00000CF5ra
,,Cc1ccc(CN(C)C(=O)C23CC(NC(=O)CNC=O)(C2)C3)cn1,,,,,,ZINCo700000HFAhy
,,CC(C(=O)N1[C@H](C)C[C@@H]1C(=O)N(C)[C@H]1COCC1(C)C)=C1CCC1,,,,,,ZINCot00000sXlz6
,,CCN1CC[C@@H]1CNC(=O)c1occc1CNC(=O)C(F)(F)[C@H](C)O,,,,,,ZINCpd000015MdZS
,,CC(C(=O)N1[C@H](C)C[C@@H]1C(=O)N1C[C@H](O)C[C@H]1C(C)C)=C1CCC1,,,,,,ZINCoq00000sXlyX
,,Fc1cc(C(F)F)ccc1CN=c1ccc2nnc(C3CC3)n2[nH]1,,,,,,ZINCoG00000kov2x
,,COC1CC(N=c2[nH]c3c(c(=N[C@@H]4CC[C@H]5C[C@@H]4CO5)[nH]2)COC3)C1,,,,,,ZINCpq00000CF5r3
,,C=CCNC(=O)C1(N2C=C(C3=CSN=C3)N=N2)CCOCC1,,,,,,ZINCmi00000fJPr0
,,CSc1ccnc(N2CC[C@]3(CCN(C(=O)c4cnc(S)[nH]4)C3)C2)n1,,,,,,ZINCpp00001BP6JS
,,Fc1cc2[nH]cc(CN[C@]34CCC[C@H]3C4)c2cc1F,,,,,,ZINCjE00000eU9Ij
,,COC[C@@]1(C)CCN1C(=O)NC1CCN(C2CCCC2)CC1,,,,,,ZINCms000000DB6K
,,Cc1cc(NC(=O)C(=O)N2CC[C@@H]3COC(=O)[C@@H]32)n(C)n1,,,,,,ZINCl500000AivM9
,,CC1(C)C[C@@H](CO)N(C(=O)C(=O)NC2=CC=C(C#N)C=N2)C1,,,,,,ZINCmb00000fJPab
,,CC(C(=O)N1[C@H](C)C[C@@H]1C(=O)Nc1cccc(NC=O)c1)=C1CC1,,,,,,ZINCos00000sXlz0
,,C#CCCCCC(=O)N[C@@H](CC1CCC1)C(=O)NC1CCCCCC1,,,,,,ZINCpG00000sVrF8
,,COC[C@@H](CC(=O)N1CCC[C@H](CCO)C1)NC(=O)/C=C/C(F)F,,,,,,ZINCof00000HT9Ic
,,C=C1CC(C(=O)NC[C@@H](CC)NC(=O)C2(OC)CCCCCC2)C1,,,,,,ZINCox0000027KCq
,,COc1c(CN=c2ncnc(N[C@H](C)CC(F)(F)F)[nH]2)occc1=O,,,,,,ZINCpr00000CF5r0
,,O=C(N[C@H]1CCO[C@H](c2ccncc2)C1)C1(CF)CC1,,,,,,ZINCkr000000jLqe
,,C=C(C)CCCC(=O)N[C@@H](CC1CCC1)C(=O)N1CC[Si](C)(C)CC1,,,,,,ZINCpJ00000sVrF2
,,COC1CC(N=c2[nH]c3c(c(=NCCN4CC[C@H]5C[C@H]54)[nH]2)SCC3)C1,,,,,,ZINCps00000CF5r2
,,COC[C@@H](CC(=O)N1CCC[C@@H]1CO)NC(=O)C1CC2(CCC2)C1,,,,,,ZINCog00000HT9HW
,,C[C@H](NC(=O)[C@H]1C[C@]1(F)Cl)[C@@H]1C[C@H]1C(=O)NC1(CCF)CCC1,,,,,,ZINCnu00000r2mEA
,,C[C@H](NC(=O)[C@@H]1C[C@]1(F)Cl)[C@@H]1C[C@H]1C(=O)N1CCC2(CSC2)C1,,,,,,ZINCnq00000r2mEz
,,C=CC1CC(N=c2[nH]c(N(C)CCN(C)C)nc3ncn(C)c23)C1,,,,,,ZINCon00000t6fII
,,Cc1nocc1C(=O)N(C)C1CN(S(=O)(=O)Cc2ccccc2)C1,,,,,,ZINCoi00000opcNE
,,COC[C@@H](CC(=O)N1CC=C[C@@H]1C(=O)OC)NC(=O)[C@H](F)C(C)C,,,,,,ZINCoa00000HT9HY
,,CCN1CC[C@@H]1CNC(=O)C[C@@]1(C)CCN1C(=O)[C@@H]1CC2(CC2)CO1,,,,,,ZINCph000015MdZX
,,COC1CCN(c2ncnc(=NC[C@@H]3CCc4cccnc43)[nH]2)CC1,,,,,,ZINCpq00000CF5qX
,,C=CCCO[C@@H](C)C(=O)NC[C@H]1CCCN1C(=O)CC1(C2CC2)CC1,,,,,,ZINCpw00000oyTmn
,,CSc1ccnc(N2CC3(CCN(C(=O)[C@@H](C)[C@H](O)C(C)C)C3)C2)n1,,,,,,ZINCpo00001BP6JQ
,,CSc1ccnc(N2CCC(C)(NC(=O)[C@@H]3CN4CC[C@H]3C4)CC2)n1,,,,,,ZINCpm00001BP6Kb
,,COC[C@@H](CC(=O)N1CCC[C@@H]1CO)NC(=O)CCC(C)(C)OC,,,,,,ZINCoc00000HT9HX
,,CCc1ncc(S(=O)(=O)N[C@H](C)CNC(=O)c2cnn(C)c2)o1,,,,,,ZINCn600001A1dJT
,,CSC1CC(N(C)C(=O)[C@@H](O)C2CN(C(=O)[C@H]3C[C@H]4CC[C@@H]3C4)C2)C1,,,,,,ZINCpl00001BP6JC
,,C#CC1(C(=O)NC[C@@H](C)N(C)C(=O)C(F)CC2CCC2)CC1,,,,,,ZINCmo00000fJQ2X
,,CC(C(=O)N1[C@H](C)CC[C@@H]1C(=O)NCCCCCN(C)C)=C1CC1,,,,,,ZINCot00000sXlyU
,,CCN1CC[C@H]1CNC(=O)C1(NC(=O)c2c[nH]nc2OC)CC(F)C1,,,,,,ZINCp8000015MdZE
,,COC[C@H](C)C(=O)N1CCC[C@@H]2[C@@H](NC(=O)C=CCO)C(C)(C)[C@@H]21,,,,,,ZINCof00000HT9I0
,,COC[C@@H](CC(=O)N1CCC[C@@H](C)C1)NC(=O)[C@H]1C[C@H](O)[C@@H](F)C1,,,,,,ZINCoe00000HT9I5
,,CC[C@H](C)C[C@@H](C)C(=O)NCCO[C@@H]1CCN(C(=O)C2(C)CCC2)C1,,,,,,ZINCpz000005RGSz
,,CC[C@H](C)C[C@H](C)C(=O)N(C)CCCCN(C)C(=O)[C@@H](C)CN(C)C,,,,,,ZINCpz000005RHfu
,,Cc1nocc1C(=O)N(C)C1CN(C(=O)c2cc([N+](=O)[O-])cs2)C1,,,,,,ZINCol00000opcND
,,CCN(CCCNC(=O)/C=C/C(F)F)C(=O)C=CC1CCCC1,,,,,,ZINCnz00000llstc
,,CCc1ncc(S(=O)(=O)N[C@H](C)CNC(=O)[C@@H]2CCN(C)C2)s1,,,,,,ZINCna00001A1dK2
,,CCN1CC[C@H]1CNC(=O)[C@]1(NC(=O)c2cn(C)cc2C)CCSC1,,,,,,ZINCph000015MdZD
,,Cc1nc(-c2cccs2)sc1C(=O)N1CCO[C@@H](C(=O)C2CC2)C1,,,,,,ZINCoA0000087Tld
,,C[C@H]1CC[C@H]1C(=O)NC[C@H]1CCCN1C(=O)c1cc(CC2CC2)on1,,,,,,ZINCpt00000yMt0V
,,C[C@H]1CC[C@@H]1C(=O)N(C)[C@H]1CCCN(C(=O)CN(C)C2CCC2)CC1,,,,,,ZINCpt00000yMt0Y
,,Cc1cc(NC(=O)C(=O)N(C)CC[C@@H]2CCO2)ccc1F,,,,,,ZINCln00000AivMk
,,CCN1CC[C@@H]1CNC(=O)c1coc(CNC(=O)c2ccnn2C)c1,,,,,,ZINCpd000015MdZo
,,Cc1ccc(C#N)cc1NC(=O)[C@H](O)CNC(=O)[C@]1(O)CCSC1,,,,,,ZINCo700000HFAhr
,,CC1CCN(C(=O)C(=O)N2CCO[C@@H]3COC[C@H]32)CC1,,,,,,ZINCk500000AivMi
,,CC1CCN(C(=O)N2C[C@@H]3CCO[C@]3(CN)C2)CC1,,,,,,ZINCje00000AivMy
,,CSC1CC(N(C)C(=O)[C@H](CC(F)F)NC(=O)c2cncc(C)n2)C1,,,,,,ZINCpo00001BP6Ju
,,CC1(C)CN(C(=O)C(=O)NCC23CC2(C)C3)CC1(F)F,,,,,,ZINCkk00000AivMj
,,CCC[C@H](OC)C(=O)N[C@@H]1CC[C@](F)(CNC(=O)CSCC(C)C)C1,,,,,,ZINCpw00000oyTqC
,,C=CC1CC(N=c2[nH]c(N(C)CC[C@H]3CCCN3C)nc(=N)[nH]2)C1,,,,,,ZINCon00000t6fIH
,,CC[C@H](C)C[C@@H](C)C(=O)N1CCC[C@]1(C)CNC(=O)C1CCOCC1,,,,,,ZINCpz000005RGGr
,,C=C1CC(C(=O)NC[C@@H](C)N(C)C(=O)c2coc3c2CCCC3)C1,,,,,,ZINCox0000027KAN
,,Cc1nocc1C(=O)Nc1nc(C(=O)Nc2ccnnc2O)cs1,,,,,,ZINCok00000opcNA
,,COC1CC(N=c2[nH]c(N(C)Cc3cscn3)nc3ncn(C)c23)C1,,,,,,ZINCpq00000CF5rd
,,CCc1ncc(S(=O)(=O)N[C@H](C)CNC(=O)C[C@H](C)C2CC2)s1,,,,,,ZINCnp00001A1dJV
,,CCC1=CNC(CNC(=O)C(C)N2C=C(C(C)OC)N=N2)=N1,,,,,,ZINCmh00000fJQ1B
,,CC(C(=O)N1[C@@H](C)C[C@H]1C(=O)NCc1cc(C2CC2)n[nH]1)=C1CC1,,,,,,ZINCoq00000sXlz1
,,COC[C@H](C)C(=O)N1CCC[C@H](CC(=O)N[C@H]2C[C@@H](O)[C@H](F)C2)C1,,,,,,ZINCoe00000HT9Ih
,,C=C1CC(C(=O)NC[C@@H](C)CNC(=O)[C@H](C)c2ccc(F)cc2)C1,,,,,,ZINCox0000027Kz4
,,CCc1ncc(S(=O)(=O)N[C@@H](C)CCCNC(=O)[C@H](C)OC)s1,,,,,,ZINCnj00001A1dJA
,,COC[C@@]1(C)CCN(S(=O)(=O)c2ccc([N+](=O)[O-])cc2Cl)C1,,,,,,ZINCms000000DB5g
,,CC[C@H](C)C[C@@H](C)C(=O)N[C@@H](C)CCNC(=O)CC[C@H]1CCCN1C,,,,,,ZINCpz000005RH3d
,,COC[C@H](C)C(=O)N1CCC[C@@H]1C(=O)N[C@@H](CO)Cc1ccco1,,,,,,ZINCob00000HT9HV
,,CCc1ncc(S(=O)(=O)N[C@H](C)[C@@H](C)NC(=O)[C@H]2C[C@@H]2CC)s1,,,,,,ZINCnp00001A1dJJ
,,COC[C@@H](CC(=O)N1CCC[C@@H](C)C1)NC(=O)C1(O)CC(CF)C1,,,,,,ZINCoe00000HT9I4
,,Cc1[nH]c(C#N)cc1C(=O)N[C@H](CC1CCC1)C(=O)NCC(F)(F)Cl,,,,,,ZINCpu00000iVBT3
,,C[C@H](CO)C(=O)NCCC1(NC(=O)c2nc3ccccc3[nH]2)CC1,,,,,,ZINCof00000EMDOi
,,Cc1cc(F)cc(C(=O)NOCC(=O)Nc2ccsc2C)c1,,,,,,ZINCmy00000guWYQ
,,COC[C@]1(C(=O)NCCCC[C@@H]2CCCNC2)CCOC1,,,,,,ZINClj00000BmFXH
,,CCC(=O)N[C@@H](C)C(=O)N[C@]1(C)C[C@@H](NC(=O)CC2(C3CC3)CC2)C1,,,,,,ZINCpm00000KgzRl
,,CCC(=O)N[C@@H](C)C(=O)N1CC(C)(NC(=O)C[C@@H]2CCC(C)(C)C2)C1,,,,,,ZINCpo00000KgzR4
,,COCCO[C@H](C)C(=O)N[C@H]1CC[C@@H](C)N(Cc2cccc(Cl)c2)C1,,,,,,ZINCpy0000057oBo
,,CCC(=O)N[C@H](C)[C@@H]1CN(C(=O)Cc2ccn(CC(C)C)n2)CCO1,,,,,,ZINCpi00000KgzQB
,,C[C@H](CO)C(=O)NC(C)(C)CCCNC(=O)c1ncnc(O)c1Cl,,,,,,ZINCoa00000EMDOs
,,CCC(=O)N[C@@H](C)C(=O)N1CCC([C@H](C)NC(=O)[C@H]2C[C@H](F)C2)CC1,,,,,,ZINCpj00000KgzR0
,,CC[C@](C)(CNC(=S)N[C@@H]1CCC(=O)NC1)c1ccccn1,,,,,,ZINCmk00000uDIMP
,,CN(NC(=O)c1cc(C2CC2)cs1)c1ccccn1,,,,,,ZINCjy000009IVXG
,,Cc1cc(F)cc(C(=O)OCc2coc(S(C)(=O)=O)c2)c1O,,,,,,ZINCmr00000guWYU
,,CC1CC(C(=O)N(C)CCN2CCN(C(=O)[C@H]3CCN(C)C3)CC2)C1,,,,,,ZINCpb00000ttL68
,,CCC(=O)N[C@H](C)C(=O)N1CCC(NC(=O)C2=CCCC[C@@H]2C)CC1,,,,,,ZINCpn00000KgzR3
,,N#Cc1ccc(C(=O)N[C@@H]2COC[C@H]2NC(=O)c2ccns2)s1,,,,,,ZINCng00001A3V6L
,,CCC(=O)N[C@H](C)C(=O)N1CCC[C@@H](CNC(=O)c2occc2Cl)C1,,,,,,ZINCpo00000KgzQY
,,CC1=NO[C@H](C(=O)N2CCO[C@@](C)(CNC(=O)Cc3cncs3)C2)C1,,,,,,ZINCpb00000ttDwN
,,CCC(=O)N[C@@H](C)C(=O)N1CC(NC(=O)c2cc(Cl)cc(SC)c2)C1,,,,,,ZINCpp00000KgzRb
,,CSCCC(=O)N(C)[C@@H](C)CCNC(=O)[C@@H]1C[C@H]1Sc1ccccc1,,,,,,ZINCpC00000nt0ju
,,CC[C@H](C)n1cc([C@@H](C(=O)NCCCSC)N(C)CCCF)cn1,,,,,,ZINCoA00000tdDqE
,,Cc1cc(F)cc(C(=O)N=S2(=O)CCC3(CC2)CNC3)c1I,,,,,,ZINCmx00000guWYT
,,CCCCn1nnnc1[C@H](NC[C@@H]1CCCSC1)c1ncc(C)o1,,,,,,ZINCov00000pbjan
,,Cc1cc(Cl)cc([C@H](C)N[C@H]2CSc3cnnn3C2)c1,,,,,,ZINCkA00000fEC2K
,,COCC1(C(=O)N(C)CC(C)(C)CO)CC(N)C1,,,,,,ZINCi800000BmFXE
,,CC1=NO[C@H](C(=O)NCC2(CNC(=O)[C@@]3(CO)CC3(F)F)CCC2)C1,,,,,,ZINCpb00000ttEO4
,,COCCOCc1nnc(-c2ccccc2SCc2noc(C)n2)o1,,,,,,ZINCpy0000057odn
,,CC1=NO[C@H](C(=O)NC[C@@H](O)CN(C)C(=O)C(C)(C)OC(C)C)[C@H]1C,,,,,,ZINCpb00000ttFs5
,,COCCSCC(=O)N1CCC[C@@H](n2cc(-c3sccc3C)nn2)C1,,,,,,ZINCpy0000057oU2
,,CCCN(OC)C(=O)[C@@H]1CCC[C@H]1NC(=O)CC1(N(C)C)CCC1,,,,,,ZINCop00000FzHh6
,,Cc1cc(F)c(CC(=O)OC[C@H]2CCN(C)C(=O)C2)cc1F,,,,,,ZINCms00000guWYV
,,N#Cc1cc(Cl)c(N2CCC[C@]3(CNS(=O)(=O)N3)C2)c(C#N)c1,,,,,,ZINCne00001A3V79
,,CCC(=O)N[C@H](C)C(=O)N1CC2(CC[C@@H]2NC(=O)CC2(C)CCC2)C1,,,,,,ZINCpl00000KgzQQ
,,N#Cc1ccc(N2CC(CCNC(=O)Cc3cn[nH]c3)C2)nn1,,,,,,ZINCn800001A3V7f
,,CC[C@H](C)n1cc([C@H](C(=O)NCCCSC)N2CCSCC2)cn1,,,,,,ZINCoy00000tdDqD
,,CCC[C@@]1(NC(=O)NCCOc2ccc(O)cc2OC)CCOC1,,,,,,ZINCoq00000035G9
,,CCC(=O)N[C@@H](C)C(=O)NC1CCN(C(=O)CCCCCOC)CC1,,,,,,ZINCpi00000KgzRs
,,CC[C@H](C)n1cc([C@H](C(=O)NCCSC)N2C[C@@H](F)C[C@H]2C)cn1,,,,,,ZINCoy00000tdDqG
,,CCC[C@@](C)(CC)C(=O)N(C)CCN(C)C(=O)c1cc(Cl)on1,,,,,,ZINCnA000003NHZD
,,CC[C@H](C)n1cc([C@H](C(=O)NCC(F)F)N(C)CC2CCC2)cn1,,,,,,ZINCoA00000tdDqF
,,COCCOc1ccc(Cl)cc1-c1noc([C@@H]2CNCC(C)(C)O2)n1,,,,,,ZINCpy0000057oM8
,,CCC(=O)N[C@H](C)C(=O)N1C[C@@H](NC(=O)c2cocc2Br)C2(CC2)C1,,,,,,ZINCpm00000KgzRa
,,CCC(=O)N[C@@H](C)C(=O)Nc1ccc(NC(=O)[C@@H]2CCOC2)c(C)c1,,,,,,ZINCpo00000KgzRo
,,COC[C@]1(C(=O)NC(C)(C)CCC(=O)OC)CC1(F)F,,,,,,ZINCkl00000BmFXF
,,CCCCn1nnnc1[C@@H](NC[C@H]1CCCSCC1)C1(C)COC1,,,,,,ZINCow00000pbjaq
,,N#Cc1cc(Cl)ccc1CS(=O)(=O)N1CCOc2c[nH]nc2C1,,,,,,ZINCnm00001A3V74
,,Cc1scc(C(=O)NCC[C@@H](C)CCNC(=O)[C@@H]2CCO2)c1C1CC1,,,,,,ZINCpz00000nt0oZ
,,C#CC[C@@](C)(N)C(=O)NNC(=O)c1ccc(C(F)(F)F)cc1,,,,,,ZINCmi00000uDIME
,,COCCOc1ccc(-c2noc([C@]3(N)CCC[C@H]4C[C@@H]43)n2)cc1F,,,,,,ZINCpy0000057oJB
,,CC[C@H]1CN(c2cc(NCCc3nccn3C)ncn2)CCS1,,,,,,ZINCnr00000r0PwG
,,N#Cc1ccc(C(=O)N[C@H]2C[C@H](NC(=O)C3SCCCS3)C2)o1,,,,,,ZINCnn00001A3V6I
,,CC[C@@H](C)[C@H](OC)C(=O)N[C@H]1C[C@@H](CNC(=O)CCCCCSC)C1,,,,,,ZINCpz00000nt09h
,,CCCC[C@H](COC)NC(=O)N[C@H](CC)c1ccccc1,,,,,,ZINClG000003nszd
,,CCC(=O)N[C@@H](C)C(=O)NC1(CCNC(=O)C2[C@H](C)[C@H]2C)CCCC1,,,,,,ZINCpn00000KgzRr
,,CCC(=O)N[C@@H](C)C(=O)N1CCC[C@@H](CNC(=O)/C=C/[C@H](C)CC)C1,,,,,,ZINCpo00000KgzQZ
,,N#Cc1cccc(S(=O)(=O)NCCNC(=O)C[C@@H]2C=CCC2)c1,,,,,,ZINCnj00001A3V6W
,,CC1=NO[C@](C)(C(=O)N2CCO[C@H](CCNC(=O)c3cnco3)C2)C1,,,,,,ZINCpb00000ttIXL
,,COCC1(C(=O)NCCCCCS(C)(=O)=O)CNC1,,,,,,ZINCj500000BmFXM
,,Cn1ccc(CCC(=O)N2CC(C[C@@H](F)C(=O)NC[Si](C)(C)C)C2)c1,,,,,,ZINCpr00000mdm6O
,,CC1(C(=O)N[C@H]2CCC[C@@H]2NC(=O)c2cncs2)CCC(F)(F)CC1,,,,,,ZINCpB00000nt0b2
,,C[C@@H](CO)C(=O)NCC[C@]1(O)CCCN(C(=O)CC23CC(C2)C3)C1,,,,,,ZINCoc00000EMDOl
,,CO[C@@H]1CC[C@@]2(C(=O)Nc3ccc(C(=O)NC(C)(C)C)cc3)CC[C@@H]12,,,,,,ZINCpD00000nt0pv
,,CCC(=O)N[C@@H](C)[C@@H](CO)NC(=O)c1ccc(COC(F)(F)F)cc1,,,,,,ZINCpn00000KgzQH
,,CCOC(=O)C1=CCCN(C(=O)N(C)c2cccc(Br)c2)C1,,,,,,ZINCmC000003AE4i
,,CCC(=O)N[C@H](C)C(=O)N1CCN(C(=O)[C@H]2C[C@H](CF)C2)[C@H](CC)C1,,,,,,ZINCpj00000KgzRf
,,N#Cc1ccc(N2CC[C@H](CNC(=O)CC(Cl)Cl)[C@H](O)C2)nc1,,,,,,ZINCnk00001A3V7h
,,N#Cc1ccc(I)c(N2C[C@]34CCCC[C@@]3(C2)C(=O)NC4=O)n1,,,,,,ZINCnl00001A3V72
,,CC1=NO[C@H](C(=O)N2C[C@@H]3C[C@H](C2)[C@H](NC(=O)c2nccn2C)C3)C1,,,,,,ZINCpb00000ttE57
,,COCCO[C@H]1CCN(c2nnc(C3CC3)n2CC2=CCCCC2)C1,,,,,,ZINCpy0000057oGr
,,CC1CC(C#N)(C(=O)N[C@@H]2C=C[C@H](CNC(=O)c3cnn(C)n3)C2)C1,,,,,,ZINCpb00000ttKZO
,,Cc1cc(Cl)cc([C@H](C)N[C@@H](C)Cc2nc[nH]n2)c1O,,,,,,ZINCkx00000fEC2O
,,CC[C@@H](C)n1cc([C@@H](C(=O)NCCSC)N(C)C2CC(C)C2)cn1,,,,,,ZINCoB00000tdDqH
,,Cc1cc(F)cc(C(=O)N[C@@H](C(=O)NCCF)C(C)(C)C)c1,,,,,,ZINCmt00000guWYP
,,C[C@@H](NC(=O)C1CCCC1)C(=O)OCc1cccc2c(Br)ccnc12,,,,,,ZINCpH00000ltHL0
,,CC1=NO[C@H](C(=O)N[C@H]2CO[C@H]3CN(C(=O)c4coc(Br)n4)C[C@@H]23)C1,,,,,,ZINCpb00000ttGVy
,,C[C@@H]1ON=C(C(=O)NC[C@@H]2C[C@@H](NC(=O)/C(Cl)=C/Cl)CCO2)[C@H]1C,,,,,,ZINCok00000eoluD
,,Cc1[nH]c(C#N)cc1C(=O)N[C@H]1C[C@@H](N(C)C(=O)[C@H](C)C2CCC2)C1,,,,,,ZINCpt00000iVBT2
,,CCC(=O)N[C@H](C)C(=O)NCC1(NC(=O)CCC(F)(F)C(F)F)CC1,,,,,,ZINCpj00000KgzRC
,,CC1=NO[C@H](C(=O)N2CC[C@@](O)(CNC(=O)c3ncccc3Cl)C2)C1,,,,,,ZINCpb00000ttDIO
,,N#Cc1cc(Cl)cc(C[C@@H](N)C(=O)N[C@H]2CC[C@H](CCN)C2)c1,,,,,,ZINCnn00001A3V77
,,C=CCN(OC)C(=O)[C@@H]1CCC[C@H]1NC(=O)C[C@H]1CC(CC)=NO1,,,,,,ZINCon00000FzHha
,,CCC[C@@]1(CO)CCN(C(=O)c2ccc(=O)n(CC(F)(F)F)c2)C1,,,,,,ZINCoq00000035CJ
,,CCN(CCC(N)=O)C(=O)[C@@H]1CC[C@H]1NC(=O)CC1(N(C)C)CC1,,,,,,ZINCo600000HKAND
,,Cc1cc(Cl)cc([C@H](C)N[C@@H]2[C@@H]3[C@H]4C[C@@H]5[C@H]([C@H]43)[C@@H]52)c1O,,,,,,ZINCkF00000fEC2I
,,CCC(=O)N[C@H](C)C(=O)N[C@]1(C)C[C@@H](NC(=O)[C@H](CC)C(C)(F)F)C1,,,,,,ZINCpn00000KgzRn
,,CCC[C@@](C)(CC)C(=O)N1CC(N(C)C(=O)c2cc(C)co2)C1,,,,,,ZINCnA000003NI2g
,,COCCO[C@H](C)C(=O)N[C@@H](C)CN(C)Cc1cc2ccccc2s1,,,,,,ZINCpy0000057owW
,,CC[C@H]1CN(c2cc(NCc3cc(Cl)n(C)n3)ncn2)CCS1,,,,,,ZINCny00000r0Pwm
,,Cc1cc(F)cc(C(=O)NOCC(=O)N(C)[C@H](C)C(C)C)c1,,,,,,ZINCms00000guWYS
,,N#Cc1ccc(-n2cc(CCN3CCO[C@@H](C#N)C3)nn2)cc1,,,,,,ZINCnf00001A3V7e
,,CC[C@H](C)n1cc([C@H](C(=O)NCC(C)C)N2CC[C@@H]3C[C@H]3C2)cn1,,,,,,ZINCoA00000tdDqv
,,CC1=NO[C@H](CC(=O)NC(C)(C)CCNC(=O)C=CC(=O)N(C)C)C1,,,,,,ZINCpb00000ttHLN
,,CCC(=O)N[C@@H](C)C(=O)N1CCC[C@@H](N(C)C(=O)[C@@H]2[C@@H](C)C2(F)F)C1,,,,,,ZINCpi00000KgzR2
,,N#Cc1ccc(N2CCC[C@H](NC(=O)CCN=[N+]=[N-])CC2)nn1,,,,,,ZINCnl00001A3V7d
,,N#Cc1ccc(C(=O)NNC(=O)N[C@H]2CCc3n[nH]cc32)nc1,,,,,,ZINCn900001A3V6T
,,CC[C@H](C)n1cc([C@@H](C(=O)NC)N2CCc3cccc(C)c32)cn1,,,,,,ZINCoA00000tdDqK
,,CC[C@H](C)n1cc([C@H](C(=O)NCC(C)C)N(C)CCCSC)cn1,,,,,,ZINCoD00000tdDqz
,,CCC[C@@]1(CO)CCN(C(=O)c2ccc(NS(=O)(=O)CC)cc2)C1,,,,,,ZINCoq00000035CM
,,CCC[C@@]1(CO)CCCN1C(=O)C(=O)NC[C@H](C)c1ccccc1,,,,,,ZINCoq00000035yK
,,CC1=NO[C@H](CC(=O)N2C[C@H](F)[C@H](NC(=O)c3cnn(C)c3C)C2)C1,,,,,,ZINCpb00000ttHIW
,,CC[C@@H]1CN(c2cc(NCc3nc(C)ns3)ncn2)CCCO1,,,,,,ZINCns00000r0Pwv
,,C#CCN(OC)C(=O)[C@@H]1CCC[C@H]1NC(=O)c1cncc(C=C)c1,,,,,,ZINCom00000FzHh4
,,CC1CC(C(=O)N2C[C@@H](O)[C@H](CNC(=O)C(O)(C3CC3)C3CC3)C2)C1,,,,,,ZINCpb00000ttLIb
,,CC(C)C(CC(=O)NC[C@]12C[C@H]1CN(C(=O)[C@H]1CC1(C)C)C2)C(C)C,,,,,,ZINCpD00000nt0rl
,,CN(C)S(=O)(=O)NCc1c(Br)cccc1C(F)(F)F,,,,,,ZINCjt000009IVXE
,,C=C(C)Cn1nnnc1[C@H](NC[C@@H]1CC(F)(F)CO1)C1(C)CCC1,,,,,,ZINCou00000pbjaw
,,CC1=NO[C@H](C(=O)NC[C@@H](CO)NC(=O)c2cc(C(F)(F)F)ns2)C1,,,,,,ZINCpb00000ttFqA
,,CCC(=O)N[C@@H](C)CN1CCN(C(=O)CCc2cccnc2C)CC1,,,,,,ZINCpj00000KgzQK
,,CCC=CCNC(=O)NN1CCN(Cc2ccccc2)CC1,,,,,,ZINCmp00000uDIMv
,,CC1CC(C#N)(C(=O)NC[C@@H]2CC[C@H]2NC(=O)c2cc(=O)n(C)o2)C1,,,,,,ZINCpb00000ttKVL
,,C[C@H](CO)C(=O)NCCC1CC(NC(=O)C2(CO)CC(C)(C)C2)C1,,,,,,ZINCoe00000EMDOe
,,CCCN(OC)C(=O)[C@@H]1CCC[C@H](NC(=O)C2CCN(C)CC2)C1,,,,,,ZINCoo00000FzHhg
,,CC[C@H]1CN(c2cc(NC[C@]3(C)CSCCO3)ncn2)CCO1,,,,,,ZINCnq00000r0Pwp
,,CC1=NO[C@H](C(=O)N2CCC(O)(CNC(=O)[C@@H]3CC3(F)F)CC2)[C@H]1C,,,,,,ZINCpb00000ttD4R
,,CC1=NO[C@H](C(=O)N[C@H](CO)CNC(=O)c2cccc(C(C)C)n2)C1,,,,,,ZINCpb00000ttGHL
,,CN1CCC[C@](C)(C(=O)N2CC=C[C@@H](NC(=O)C3CC(Cl)(Cl)C3)C2)C1,,,,,,ZINCpr00000mdm6P
,,CCN(CCC(N)=O)C(=O)[C@@H]1CCCN1C(=O)c1c(C)noc1N,,,,,,ZINCo500000HKANM
,,CCC[C@H](C(=O)N1CCN(c2nc3cccnc3s2)CC1)N(C)C,,,,,,ZINCoq00000035L0
,,N#Cc1ccc(N2CCC[C@@H]2CNC(=O)/C=C/C2CCC2)nn1,,,,,,ZINCnn00001A3V7c
,,CCC(=O)N[C@H](C)C(=O)N1C[C@@H]2C[C@H]1C[C@H]2CNC(=O)/C=C/C(C)C,,,,,,ZINCpk00000KgzR6
,,CCC(=O)N[C@H](C)[C@@H](C)NC(=O)c1cn(-c2c(F)cccc2F)nn1,,,,,,ZINCpl00000KgzQF
,,CCC[C@@]1(COC)CCCN1Cc1cnc(N2CCOCC2)nc1,,,,,,ZINCoq00000035Fw
,,CN1CCC[C@@](C)(C(=O)N2CCC[C@H](C(=O)NC3(C4CC4)CC3)C2)C1,,,,,,ZINCpq00000mdm6H
,,CCC[C@@](C)(CC)C(=O)N(C)CCN(C)C(=O)c1ccc(C)[nH]1,,,,,,ZINCnA000003NHZF
,,N#Cc1ccc(C(=O)N[C@H]2COCC[C@H]2NC(=O)[C@@H]2C[C@H]2F)[nH]1,,,,,,ZINCn800001A3V6K
,,COCCO[C@@H](C)C(=O)N[C@H]1CCN(CC2CCCC2)CC(C)(C)C1,,,,,,ZINCpy0000057olr
,,CCCC1(NC(=O)[C@H]2CCC[C@@H](F)C2)CCN(C(=O)C2(F)CC2)CC1,,,,,,ZINCpC00000nt0cl
,,C#CC(C)(C)NC(=O)NNC(=O)CNc1ccc(OC)cc1,,,,,,ZINCme00000uDIMJ
,,Cc1cc(F)cc(C(=O)O[C@H]2COCCC23OCCO3)c1C,,,,,,ZINCmr00000guWYW
,,C[C@@H]1ON=C(C(=O)N[C@@H]2C[C@@H]2CNC(=O)c2ccncc2Br)[C@H]1C,,,,,,ZINCok00000eolDz
,,CC[C@@H]1CN(c2cc(NC3CC(N(C)C)C3)nc(C)n2)CCS1,,,,,,ZINCnw00000r0Pwi
,,C=C[C@H]1CN(c2cc(NCc3ccc(CC)o3)ncn2)CCO1,,,,,,ZINCnw00000r0Pwl
,,N#Cc1ccc(N2CC[C@H](CNC(=O)[C@H]3C[C@H]3F)[C@H](O)C2)nn1,,,,,,ZINCn600001A3V7j
,,COC[C@]1(C(=O)NC(C)(C)COC(C)C)CCNC1,,,,,,ZINCjf00000BmFXU
,,CCC[C@H](C#N)N(C)C(=O)[C@@H]1CCCN(C(=O)c2ccncc2)C1,,,,,,ZINCoq00000035Ii
,,CC[C@@H](CC(=O)NCCCN(CC)C(=O)CC1(O)CCCC1)C(C)C,,,,,,ZINCpB00000nt0n2
,,C=CCN(OC)C(=O)[C@@H]1CCC[C@H]1NC(=O)[C@@H](C)[C@@H](O)CC(C)C,,,,,,ZINCoo00000FzHhd
,,CC[C@H](C)n1cc([C@H](C(=O)NC(C)(C)C)N2C[C@H]3CCC[C@@H]32)cn1,,,,,,ZINCoC00000tdDqw
,,COC[C@@]1(C(=O)N(C)CCCCCO)C=CCN1,,,,,,ZINCi700000BmFXD
,,CCC(=O)N[C@@H](C)C(=O)N1CCC[C@H](N(C)C(=O)C2CC(CF)C2)C1,,,,,,ZINCpj00000KgzR1
,,COCCOCCn1c(C)nnc1N1CCC[C@H]1c1ccc(C)cc1,,,,,,ZINCpy0000057oas
,,CC(C)(C)CNC(=O)NNS(=O)(=O)c1ccccc1[N+](=O)[O-],,,,,,ZINCmh00000uDIML
,,CCC(=O)N[C@H](C)C(=O)N1CCC[C@H]2CN(C(=O)CC(F)(F)Br)C[C@H]21,,,,,,ZINCpn00000KgzQW
,,CN1CCC[C@](C)(C(=O)N2CCC[C@@H](NC(=O)c3cc(Cl)c[nH]3)C2)C1,,,,,,ZINCpr00000mdm6Q
,,CC1=NO[C@H](C(=O)NC[C@H]2C=CCN2C(=O)c2ccc(C(N)=O)s2)C1,,,,,,ZINCpb00000ttFNA
,,CC[C@@](C)(CNC(=O)NNc1ccc([N+](=O)[O-])c(O)c1)OC,,,,,,ZINCmn00000uDIMx
,,CCC(=O)N[C@H](C)C(=O)NC1CC(NC(=O)c2cccc(Br)c2F)C1,,,,,,ZINCpo00000KgzRp
,,CCC(=O)N[C@@H](C)CN1CCN(C(=O)c2cn(C(F)F)c(C)n2)CC1,,,,,,ZINCpi00000KgzQJ
,,COC[C@]1(C(=O)NC(C)(C)CCCN)CNCCO1,,,,,,ZINCj500000BmFXB
,,COCCO[C@@H](C)c1nnc(N2CCCC2)n1C[C@H](C)c1nccs1,,,,,,ZINCpy0000057onu
,,N#Cc1cccc(S(=O)(=O)NC2CC([C@H](O)C(F)(F)F)C2)c1F,,,,,,ZINCnm00001A3V6V
,,CCC(=O)N[C@@H](CCOC)CNC(=O)C1C[C@@H]2CC[C@H](C1)N2C(C)C,,,,,,ZINCpm00000KgzQP
,,N#Cc1cccc(S(=O)(=O)N[C@@H]2C[C@H]2CNC(=O)[C@@H]2CCO2)c1,,,,,,ZINCn700001A3V6Y
,,Cc1[nH]c(C#N)cc1C(=O)N[C@@H](CC1CCC1)C(=O)N[C@H]1C[C@H](C)C1,,,,,,ZINCpt00000iVBT4
,,CC(C(=O)N[C@@H](C)CNC(=O)c1c[nH]c(=N)c2[nH]ccc12)=C1CCC1,,,,,,ZINCpo00000KgzQN
,,CCCCn1nnnc1[C@H](NC[C@H]1CCCSC1)c1nc(C)co1,,,,,,ZINCov00000pbjao
,,CCCC[C@H](COC)NC(=O)c1cc2ccc(Br)cn2c1,,,,,,ZINClG000003nsA5
,,C=C[C@H]1CN(c2cc(NCc3ccccc3F)ncn2)CCO1,,,,,,ZINCnw00000r0Pwk
,,CC(C(=O)N[C@@H](C)[C@@H](CO)NC(=O)[C@@H](C)c1cc[nH]n1)=C1CCCC1,,,,,,ZINCpj00000KgzQI
,,CC1=NO[C@](C)(C(=O)NC[C@H]2C[C@@H](NC(=O)c3cccc(O)n3)C2)C1,,,,,,ZINCpb00000ttJuA
,,COCCO[C@@H](C)c1nnc([C@H](COC)Oc2cc(F)cc(F)c2)o1,,,,,,ZINCpy0000057ook
,,CCCC[C@H](COC)NC(=O)N1CCC(C(C)(C)C)CC1,,,,,,ZINClG000003nsyt
,,CC1=NO[C@H](C(=O)N[C@H]2COC[C@H]2NC(=O)C2C3(CC3)C23CC3)[C@H]1C,,,,,,ZINCpb00000ttGUC
,,CC1=NO[C@H](C(=O)NC[C@H]2C[C@H](NC(=O)C3(F)CC=CC3)C[C@H]2O)C1,,,,,,ZINCpb00000ttFU1
,,C[C@@H](NC(=O)C1=CCCC1)c1ccc2c(c1)CN(C(=O)C(C)(C)C)C2,,,,,,ZINCpI00000ltHKY
,,CC1=NO[C@H](C(=O)NCCCCCNC(=O)C[C@H]2C=CS(=O)(=O)C2)C1,,,,,,ZINCpb00000ttF2j
,,Cc1[nH]c(C#N)cc1C(=O)N[C@@H](CC1CCC1)C(=O)N[C@@H](C)C1CC1,,,,,,ZINCpt00000iVBT5
,,C[C@H](CO)C(=O)NCC[C@@]1(C)CCN(C(=O)[C@H]2C[C@@H](N(C)C)C2)C1,,,,,,ZINCod00000EMDOc
,,CN(C)S(=O)(=O)[C@@H]1CCN(c2c(Br)cncc2Br)C1,,,,,,ZINCjq000009IVXD
,,CCC(=O)N[C@@H](C)[C@@H](C)NC(=O)c1ccc2[nH]nc(C(=O)OC)c2c1,,,,,,ZINCpj00000KgzQD
,,Cn1ccc(C=CC(=O)N2CCC[C@H](CC(=O)NOCC3CC3)C2)c1,,,,,,ZINCpr00000mdm6E
,,N#Cc1ccc(C(=O)N[C@H](C(=O)NC/C=C\Br)[C@H]2CCCO2)o1,,,,,,ZINCnk00001A3V6S
,,CCC(=O)N[C@@H](C)C(=O)NCC1([C@@H](C)NC(=O)[C@H]2CC=CCC2)CC1,,,,,,ZINCpm00000KgzRB
,,CCN(CCC(N)=O)C(=O)[C@@H]1CC[C@H](CNC(=O)CC(C)(C)O)O1,,,,,,ZINCo500000HKANH
,,CCOC(=O)C1CC(CCNc2ccc(N(C)C)c(F)c2)C1,,,,,,ZINCmC000003AE5g
,,CCOC1(CN(Cc2ncccc2CC)C(=O)[C@@H]2C[C@@]2(F)Cl)CC1,,,,,,ZINCoE00000lz3X4
,,CC1=NO[C@H](C(=O)N[C@H](CO)CNC(=O)[C@@H]2C[C@@H]3C=C[C@H]2CC3)[C@H]1C,,,,,,ZINCpb00000ttGH1
,,C[C@H](NC(=O)c1cccc2c1NCC2)c1nc(-c2ccncc2)cs1,,,,,,ZINCpG00000ltHL4
,,CCC(=O)N[C@H](C)C(=O)N1[C@H]2CC[C@@H]1C[C@@]1(NC(=O)C=C3CC3)C[C@@H]21,,,,,,ZINCpi00000KgzRh
,,CCC(=O)N[C@@H](C)C(=O)NC1(CCNC(=O)[C@@H](C)C(F)F)CCCC1,,,,,,ZINCpn00000KgzRw
,,CCC(=O)N[C@H](C)[C@@H](C)NC(=O)c1ccc(NC2CCOCC2)nc1,,,,,,ZINCpn00000KgzQE
,,CCC(=O)N[C@@H](C)C(=O)N1[C@H]2CC[C@@H]1CN(C(=O)[C@H]1C[C@@H](SC)C1)C2,,,,,,ZINCpi00000KgzRi
,,CN1CCC[C@@](C)(C(=O)N2CC=C[C@H](C(=O)NC3CCCCC3)C2)C1,,,,,,ZINCpr00000mdm6J
,,CC1CC(C(=O)N(C)CCN(C)C(=O)[C@@]23CCCN2S(=O)(=O)CC3)C1,,,,,,ZINCpb00000ttL5O
,,C[C@@H](NC(=O)c1ccc(Br)s1)C(=O)N1CC(F)(c2cccc(F)c2)C1,,,,,,ZINCpE00000ltHKX
,,CC1=NS(=O)(=O)N(C)C=C1C(=O)N[C@@H]1C[C@H]1NC(=O)[C@@H](C)CC(C)C,,,,,,ZINCpb00000ttK5M
,,CCC(=O)N[C@H](C)C(=O)NC[C@]1(C)CCN(C(=O)CC(C)(C)SC)C1,,,,,,ZINCpn00000KgzRA
,,Cn1ccc(C=CC(=O)N2CCC[C@H](C(=O)N3CC[C@H]4C[C@@]43C)C2)c1,,,,,,ZINCps00000mdm6G
,,CCC(=O)N[C@H](C)C(=O)N1CCC(CCNC(=O)[C@H]2C[C@H](F)C2)CC1,,,,,,ZINCpj00000KgzQT
,,C[C@H](NC(=O)c1cccc2c1CCC[C@H]2N)c1cc(F)c(F)c(F)c1,,,,,,ZINCpJ00000ltHL1
,,C[C@@H]1ON=C(C(=O)N[C@@H]2CCN(C(=O)c3cc(Cl)cn3C)C2)[C@H]1C,,,,,,ZINCok00000eolBI
,,CCC[C@@](C)(CC)C(=O)N1CC=C(CNC(=O)[C@H](C)CF)CC1,,,,,,ZINCnA000003NI3H
,,CCN(CCC(N)=O)C(=O)[C@@H]1CC[C@H](NC(=O)[C@H](O)CCSC)C1,,,,,,ZINCo700000HKANK
,,Cc1cc(Cl)cc([C@@H](C)N[C@H](C2CC2)C(C)(C)CO)c1,,,,,,ZINCkK00000fEC2L
,,Cc1cc(F)cc(C(=O)NOCC(=O)Nc2cscc2C)c1,,,,,,ZINCmy00000guWYR
,,CCN(CCC(N)=O)C(=O)[C@@H]1C=C[C@H](NC(=O)c2cnc(C)o2)C1,,,,,,ZINCo900000HKANJ
,,CN(NC(=O)C1CC(CC(F)F)C1)c1ccncc1,,,,,,ZINCjs000009IVXH
,,CC[C@H](C)n1cc([C@@H](C(=O)NC)N2CC[C@H](CC3CCC3)C2)cn1,,,,,,ZINCoB00000tdDqM
,,C=CC[C@@](C)(N)C(=O)Nn1c(C)nnc1-n1nc(C)cc1C,,,,,,ZINCmd00000uDIMw
,,COCC1(C(=O)NCCCC(=O)NCCC(=O)O)CC1,,,,,,ZINCk500000BmFXZ
,,CCN(CCC(N)=O)C(=O)[C@@H]1CC[C@H]1NC(=O)[C@@H](C)C1(O)CCC1,,,,,,ZINCo700000HKANE
,,C[C@@H](CO)C(=O)NCCC(C)(C)CNC(=O)c1cc2n(n1)CCC2,,,,,,ZINCod00000EMDOq
,,CCCCCCO[C@@H](C)C(=O)N[C@H](CNC(=O)C(F)=C(C)C)C1CC1,,,,,,ZINCpC00000nt0vQ
,,COC[C@]1(C(=O)NCC[C@@H]2CC3(CCC3)CO2)C=CCN1,,,,,,ZINClf00000BmFY0
,,CCC(=O)N[C@@H](C)C(=O)NCC12CC(NC(=O)c3cocc3Br)(C1)C2,,,,,,ZINCpn00000KgzRy
,,CCOC(=O)C1CCC(CC(=O)OCc2ncsc2C)CC1,,,,,,ZINCmC000003AE5s
,,CC[C@@](C)(CNC(=O)NNC(=O)c1ccccc1C)C(N)=O,,,,,,ZINCme00000uDIMD
,,CCC[C@H](C(=O)NC[C@H](c1cccc(OC)c1)N(C)C)C(=O)OC,,,,,,ZINCoq00000035NT
,,CCC[C@@]1(CO)CCN(C(=O)c2cc(OC)c3c(c2)OCCO3)C1,,,,,,ZINCoq00000035CG
,,CN(C)S(=O)(=O)CCSc1nc2ncc(Br)cc2s1,,,,,,ZINCju000009IVXC
,,CCOCCCC(=O)NCCN(CC)C(=O)[C@@H]1CCCC[C@H]1C1CC1,,,,,,ZINCpz00000nt0iq
,,CC[C@H]1CN(c2cc(NCCc3ccco3)ncn2)C[C@@H](C)O1,,,,,,ZINCnx00000r0PwA
,,CCOC1(CN(Cc2ncccc2Cl)Cc2ncc(Cl)n2C)CC1,,,,,,ZINCoG00000lz3X8
,,COC[C@@]1(C(=O)NCCCCC(OC)OC)CCNC1,,,,,,ZINCkb00000BmFXK
,,C=CCN(OC)C(=O)[C@@H]1CCC[C@H]1NC(=O)[C@@H]1CC2(CCC2)CO1,,,,,,ZINCoo00000FzHhb
,,CCC(=O)N[C@@H](C)C(=O)N1CCCC(C)(C)[C@H]1CNC(=O)C=C1CC1,,,,,,ZINCpn00000KgzQS
,,N#Cc1ccc(C(=O)N[C@H](CC(=O)N[C@H]2C[C@H](O)C2)C(F)F)o1,,,,,,ZINCnb00001A3V6R
,,CC[C@@H]1CN(c2cc(N(C)Cc3csnc3C)ncn2)CCO1,,,,,,ZINCnu00000r0PwE
,,CCC(=O)N[C@@H](C)C(=O)NC1(CCNC(=O)[C@](C)(F)CC)CCCC1,,,,,,ZINCpp00000KgzRt
,,CCC[C@@H]1C[C@H](C(=O)N(C)CCN(C)CC2CC(C)C2)CCO1,,,,,,ZINCnA000003NHX4
,,C=C(C)Cn1nnnc1[C@H](NC[C@H]1CCCS1)c1csc(C#N)c1,,,,,,ZINCox00000pbjaj
,,CCC(=O)N[C@H](C)C(=O)N1CCC[C@@H]1[C@@H](C)NC(=O)c1occc1Cl,,,,,,ZINCpp00000KgzQV
,,CC[C@H](C)n1cc([C@H](C(=O)NC(C)(C)C)N2CC[Si](C)(C)C2)cn1,,,,,,ZINCoD00000tdDqy
,,COCCO[C@H](C)c1nnc(CCCNC(=O)c2ccc(Cl)cc2)o1,,,,,,ZINCpy0000057oCw
,,Cc1cc(Cl)cc([C@@H](C)N[C@H](C)Cc2cnn(C)c2)c1,,,,,,ZINCkG00000fEC2N
,,COC[C@@]1(C(=O)N(C)CC(CO)CO)C=CCN1,,,,,,ZINCi400000BmFXY
,,C[C@@H](CO)C(=O)NC(C)(C)CCCNC(=O)[C@@H]1C[C@H]1c1cn[nH]c1,,,,,,ZINCof00000EMDOu
,,C[C@H](CO)C(=O)NCCC(C)(C)CNC(=O)C12CCCN1CCC2,,,,,,ZINCoe00000EMDOp
,,CC[C@H]1CN(c2cc(NCc3n[nH]cc3C)ncn2)C[C@@H](C)O1,,,,,,ZINCnr00000r0Pwy
,,C[C@H](CO)C(=O)NCC[C@@]1(C)CCN(C(=O)CN(C)C2CCC2)C1,,,,,,ZINCoe00000EMDOd
,,C[C@H](NC(=O)c1cccc2c1CNC2)c1ccc(F)c(C(F)(F)F)c1,,,,,,ZINCpJ00000ltHL2
,,Cc1[nH]c(C#N)cc1C(=O)N[C@H]1C[C@@H](CCC(=O)N(C)C[C@@H](F)Cl)C1,,,,,,ZINCpu00000iVBSX
,,C[C@@H]1O[C@H](C)C[C@@H]1C(=O)NC12CC(NC(=O)Cc3cscn3)(C1)C2,,,,,,ZINCok00000eolOE
,,C=CCN(OC)C(=O)[C@@H]1CCC[C@H](NC(=O)CCc2cnoc2)C1,,,,,,ZINCoo00000FzHhi
,,CC1=NO[C@H](CC(=O)N2CC3CC2(CNC(=O)[C@@H](O)C(F)(F)F)C3)C1,,,,,,ZINCpb00000ttHpW
,,CC1=NS(=O)(=O)NC(C)=C1CCC(=O)NCCNC(=O)[C@@H]1C=CCC1,,,,,,ZINCpb00000ttKeA
,,CC[C@H](C)n1cc([C@@H](C(=O)NCC(C)C)N2C[C@@H](F)C[C@H]2C)cn1,,,,,,ZINCoB00000tdDqx
,,CCC[C@@](C)(CC)C(=O)N(C)C1CN(C(=O)c2ccoc2C)C1,,,,,,ZINCnA000003NHYZ
,,CCOC1(CN(Cc2ncccc2Cl)C(=O)c2csc(C)n2)CC1,,,,,,ZINCoH00000lz3X9
,,Cn1ccc(CCC(=O)N2CC(C[C@H](F)C(=O)N3CCC3(C)C)C2)c1,,,,,,ZINCpr00000mdm6N
,,CCC(=O)N[C@@H](C)C(=O)NC1(CN(C)C(=O)[C@H](CC)C(F)(F)F)CC1,,,,,,ZINCpl00000KgzRx
,,CCCC[C@H](COC)NC(=O)c1cc2cc(C)ccc2o1,,,,,,ZINClG000003nsA4
,,CC[C@H]1CN(c2cc(N(C)Cc3ccc(C)o3)ncn2)CCO1,,,,,,ZINCnw00000r0Pwz
,,CC1=NO[C@H](C(=O)N[C@H](C)CNC(=O)c2cc(C)c(CO)cn2)[C@H]1C,,,,,,ZINCpb00000ttGEf
,,COCC1(C(=O)NCCCCOC(C)C)CCNCC1,,,,,,ZINCkj00000BmFXV
,,CCN(CCC(N)=O)C(=O)[C@@H]1CC[C@H](CNC(=O)C2CC=CC2)O1,,,,,,ZINCo900000HKANG
,,N#Cc1cc([C@@H](c2nnnn2CC(F)F)N2C[C@H]3C[C@H]3C2)cs1,,,,,,ZINCnp00001A3V71
,,Cc1[nH]c(C#N)cc1C(=O)N[C@H]1C[C@@H](CCC(=O)NCCC2CC2)C1,,,,,,ZINCpu00000iVBSW
,,CC(C)Cn1nnnc1[C@H](NC[C@H]1CCCSCC1)c1ccon1,,,,,,ZINCov00000pbjar
,,COCCOCCn1c(Cc2ccsc2)nnc1N1CCC[C@H](C)C1,,,,,,ZINCpy0000057obk
,,CN1CCC[C@](C)(C(=O)N2CCC[C@@H](NC(=O)/C=C/C(F)F)CC2)C1,,,,,,ZINCpq00000mdm6S
,,Cc1cc(Cl)cc([C@@H](C)N[C@H]2COC[C@@H]2S(C)(=O)=O)c1,,,,,,ZINCkr00000fEC2J
,,C[C@H](CO)C(=O)NCCC(C)(C)CNC(=O)C1CN(C2CCC2)C1,,,,,,ZINCod00000EMDOr
,,C[C@@H](CO)C(=O)NCCCCCNC(=O)c1n[nH]c2cccnc12,,,,,,ZINCoc00000EMDOw
,,CCC[C@H](C(=O)NC[C@H]1COC2(CCOCC2)O1)c1ccccn1,,,,,,ZINCoq00000035O2
,,COC[C@]1(C(=O)NCC(C)(C)OCCO)CCCCN1,,,,,,ZINCk600000BmFXW
,,CC[C@@](C)(CNC(=O)NNc1ccc(OC)c(C)c1)C(N)=O,,,,,,ZINCml00000uDIMy
,,C#CCN(OC)C(=O)[C@@H]1CCC[C@H]1NC(=O)C[C@@H]1CCC[C@H](C)O1,,,,,,ZINCom00000FzHh9
,,COCCO[C@@H](C)c1nnc(N(C)C2CC2)n1CCCCOC(C)C,,,,,,ZINCpy0000057omf
,,Cc1[nH]c(C#N)cc1C(=O)N[C@@H]1C[C@@H](CC(=O)N2CC[C@@H]2C)C1(C)C,,,,,,ZINCpt00000iVBSY
,,N#Cc1ccc(C(=O)N[C@H]2COC[C@@H]2NC(=O)[C@H]2CC2(F)F)o1,,,,,,ZINCna00001A3V6M
,,CC[C@H]1CN(c2cc(NCc3n[nH]cc3Br)ncn2)C[C@H](C)O1,,,,,,ZINCnv00000r0Pwx
,,CC[C@H](C)n1cc([C@H](C(=O)NC)N2CCc3ccsc3[C@@H]2C)cn1,,,,,,ZINCoD00000tdDqL
,,CCC(=O)N[C@H](C)CN(C)C(=O)c1cc(C)n2nc(C)c(CC)c2n1,,,,,,ZINCpo00000KgzQL
,,CCC[C@@](C)(CC)C(=O)N1CC=C[C@H](NC(=O)C(C)(C)CF)C1,,,,,,ZINCnA000003NI3O
,,COC[C@]1(C(=O)NCC[C@](C)(O)C(F)(F)F)CCCCN1,,,,,,ZINClf00000BmFXX
,,COC[C@@]1(C(=O)NC/C=C/C(N)=O)Cc2ccccc2N1,,,,,,ZINCl700000BmFXT
,,CCC[C@@](C)(CC)C(=O)N1CCC2(CN(C(=O)CC3CC3)C2)C1,,,,,,ZINCnA000003NI4a
,,CC[C@H](C)n1cc([C@H](C(=O)NCCCF)N2CCC[C@H]2CC)cn1,,,,,,ZINCoC00000tdDqA
,,CC(C)Cn1nnnc1[C@H](NC[C@H]1CCCSC1)C(C)(C)N(C)C,,,,,,ZINCou00000pbjap
,,CC1CC(C(=O)N(C)C[C@@H](O)CNC(=O)COc2ccc(F)cn2)C1,,,,,,ZINCpb00000ttL7d
,,CCC(=O)N[C@@H](C)C(=O)N1CCC[C@H]1C1(NC(=O)[C@H]2C[C@H](F)C2)CC1,,,,,,ZINCpi00000KgzQU
,,CCC(=O)N[C@H](C)C(=O)NCC1CCC(NC(=O)C2(C)CSC2)CC1,,,,,,ZINCpk00000KgzRz
,,CCC(=O)N[C@@H](C)[C@@H]1CN(C(=O)CC2(c3ccon3)CCC2)CCO1,,,,,,ZINCpm00000KgzQA
,,Cc1[nH]c(C#N)cc1C(=O)N[C@H]1CC[C@@H](C(=O)NC2(C)CC=CC2)C1,,,,,,ZINCpt00000iVBSU
,,CCC(=O)N[C@H](C)C(=O)NC1CCN(C(=O)C2=C[C@H]3CC[C@H]2C3)CC1,,,,,,ZINCpj00000KgzRq
,,C#CCN(OC)C(=O)[C@@H]1CCC[C@H]1NC(=O)CC1(OCC)CCC1,,,,,,ZINCom00000FzHh7
,,CN1CCC[C@](C)(C(=O)N2CCC[C@H](C(=O)NCC3CCCC3)C2)C1,,,,,,ZINCps00000mdm6L
,,CC1=NO[C@H](C(=O)N[C@@H]2CCN(C(=O)CCc3cnccn3)C2)[C@H]1C,,,,,,ZINCpb00000ttGeC
,,C#CCN(OC)C(=O)[C@@H]1CCC[C@H]1NC(=O)c1ccc(O)c(C)c1,,,,,,ZINCom00000FzHh3
,,N#Cc1ccc(N2CCC[C@@H]2CNC(=O)C2[C@@H]3COC[C@@H]23)nc1,,,,,,ZINCnf00001A3V7b
,,CC1=NO[C@](C)(C(=O)NCCOCCN(C)C(=O)[C@H](C)C(C)(C)O)C1,,,,,,ZINCpb00000ttJkr
,,Cc1[nH]c(C#N)cc1C(=O)N[C@H]1C[C@@H](CCC(=O)N[C@]2(C)C[C@@H]2C)C1,,,,,,ZINCpt00000iVBSV
,,CCC(=O)N[C@H](C)C(=O)NC1CC(NC(=O)CC(F)(F)C(C)(F)F)C1,,,,,,ZINCpj00000KgzRu
,,COCCOc1ccc(S(=O)(=O)N2CCC(OC(F)F)CC2)cc1Br,,,,,,ZINCpy0000057oNT
,,C#CC[C@](C)(NC(=O)OC(C)(C)C)C(=O)OCC(OC)OC,,,,,,ZINCmk00000uDIMN
,,CC[C@@](C)(C#N)C(=O)OCC(=O)c1ccc(O)c(C(N)=O)c1,,,,,,ZINCmh00000uDIMO
,,C=C[C@H]1CN(c2cc(NCCc3nc(C)cs3)ncn2)CCO1,,,,,,ZINCns00000r0PwF
,,CC1=NO[C@H](C(=O)N2CC[C@H]3[C@@H]2C[C@H]3NC(=O)Cc2[nH]cnc2C)C1,,,,,,ZINCpb00000ttDQJ
,,CC1=NO[C@H](CC(=O)N[C@H](C)CCNC(=O)c2cc(C(N)=O)co2)C1,,,,,,ZINCpb00000ttIzp
,,CC1=NO[C@](C)(C(=O)N[C@@H]2CC[C@H]2CNC(=O)C#CC2(C)COC2)C1,,,,,,ZINCpb00000ttJAV
,,N#Cc1ccc(C(=O)N[C@@H]2CCN(S(=O)(=O)C3CCCC3)C2)[nH]1,,,,,,ZINCnf00001A3V6J
,,C/C=C/CCNC(=O)NNC(=O)c1ccc2c(c1)NC(=O)C2,,,,,,ZINCmg00000uDIMC
,,CC1=NO[C@H](CC(=O)N[C@@H]2COC[C@@H]2NC(=O)c2cccnc2C)C1,,,,,,ZINCpb00000ttIuY
,,N#Cc1ccc(N2CC[C@](F)(CNC(=O)C3=CCCC3)C2)nn1,,,,,,ZINCnk00001A3V7g
,,COCCO[C@H]1CCN(c2nnc(C3CC3)n2CC2(C(C)C)CC2)C1,,,,,,ZINCpy0000057oGq
,,CN(NC(=O)c1ccc(Cl)c2ccccc12)C1CC1,,,,,,ZINCjC000009IVXI
,,CCC(=O)N[C@@H](C)C(=O)N[C@]1(C)C[C@@H](NC(=O)[C@@H](CC)CC(F)F)C1,,,,,,ZINCpn00000KgzRm
,,CCOC1(CN(Cc2ncccc2C)C(=O)CCC[C@@H](C)F)CC1,,,,,,ZINCoI00000lz3X6
,,CCC[C@@H]1C[C@@H](C(=O)N2CC[C@H](CN(C)CC(C)C)C2)CCO1,,,,,,ZINCnA000003NHWn
,,CC1=NO[C@H](C(=O)N2C[C@@H](NC(=O)CN3CC=CC3)C3(CCC3)C2)C1,,,,,,ZINCpb00000ttDVk
,,CCC[C@H](C(=O)NC[C@H]1CNCC[C@@]12CCOC2)c1ccccn1,,,,,,ZINCoq00000035NZ
,,CCC[C@@H]1C[C@H](C(=O)NCC[C@@H]2CCN(CC(C)C)C2)CCO1,,,,,,ZINCnA000003NHXB
,,C[C@@H]1ON=C(C(=O)N[C@@H]2C[C@H]2NC(=O)C=Cc2ccccc2)[C@H]1C,,,,,,ZINCok00000eolE6
,,CC(C(=O)N[C@@H](C)[C@@H](CO)NC(=O)[C@@]12CCC[C@H]1C2(F)F)=C1CCC1,,,,,,ZINCpp00000KgzQG
,,COCCOCCN1C[C@H]2C[C@@H](NC(=O)c3sccc3Cl)CC[C@H]2C1,,,,,,ZINCpy0000057o87
,,Cc1cc(Cl)cc([C@H](C)N[C@@H](c2nc[nH]n2)C2CC2)c1,,,,,,ZINCkF00000fEC2M
,,N#Cc1cccc(S(=O)(=O)N[C@H]2C[C@H]2NC(=O)c2cc[nH]c2)c1,,,,,,ZINCnd00001A3V6Z
,,C=C[C@H]1CN(c2cc(NCc3nc(CC)cs3)ncn2)CCO1,,,,,,ZINCnu00000r0Pws
,,COCCO[C@H]1CCCN(c2nnc(C3CC3)n2Cc2ccsc2)C1,,,,,,ZINCpy0000057oG5
,,C[C@@H](CO)C(=O)NCCC1(CNC(=O)[C@@H](O)C2=CCCCC2)CC1,,,,,,ZINCoe00000EMDOh
,,C#CC(C)(C)NC(=O)NNC(=O)[C@@H](C)Oc1ccccc1F,,,,,,ZINCmj00000uDIMI
,,COCCO[C@H](C)C(=O)NC[C@@H]1CCCN1C(=O)c1csc(Cl)c1Cl,,,,,,ZINCpy0000057ovd
,,CCN(CCC(N)=O)C(=O)[C@H]1CC[C@H](C(C)C)N1C(=O)C=NOC,,,,,,ZINCo900000HKANF
,,Cc1[nH]c(C#N)cc1C(=O)N[C@H]1C[C@H](CC(=O)N(C)[C@@H](C)C2CC2)C1,,,,,,ZINCpt00000iVBSZ
,,CCC[C@H](C(=O)N[C@@H]1CS(=O)(=O)C12CCOCC2)c1ccccc1,,,,,,ZINCoq00000035PF
,,C[C@@H](NC(=O)c1cccc2c1C(=O)CCN2)c1coc2ccccc12,,,,,,ZINCpJ00000ltHL3
,,COC[C@]1(C(=O)NCCC[C@H]2CCCN2C)CCOC1,,,,,,ZINCkg00000BmFXN
,,CC(C)CCNC(=O)NNC(=O)c1cnc2nc(O)nc-2[nH]1,,,,,,ZINCm500000uDIMH
,,C#CCN(OC)C(=O)[C@@H]1CCC[C@H]1NC(=O)[C@H]1C[C@@H]1c1ccco1,,,,,,ZINCom00000FzHhc
,,C=C(C)CCNC(=O)NNc1nc(=NCC)[nH]c(=NCC)[nH]1,,,,,,ZINCmj00000uDIMB
,,CCC(=O)N[C@@H](C)CNC(=O)[C@H]1CCN(C(=O)OC(C)(C)C)[C@H]2C[C@@H]12,,,,,,ZINCpm00000KgzQO
,,C[C@@H](CO)C(=O)NCC(C)(C)Cc1cn(CCCCC(=O)O)nn1,,,,,,ZINCoe00000EMDOo
,,CC1=NO[C@H](C(=O)N2CC[C@](C)(CNC(=O)CN3CCSCC3)C2)C1,,,,,,ZINCpb00000ttDR4
,,CC1=NO[C@H](C(=O)N[C@@]2(CF)CCN(C(=O)C3(N(C)C)CC3)C2)[C@H]1C,,,,,,ZINCpb00000ttGAd
,,CC1=NS(=O)(=O)NC=C1C(=O)N1CCC(CN(C)C(=O)C(C)C)CC1,,,,,,ZINCpb00000ttKkd
,,C=CCCCNC(=O)NNC(=O)c1cccc([N+](=O)[O-])c1C,,,,,,ZINCmo00000uDIMF
,,Cc1[nH]c(C#N)cc1C(=O)N[C@@H](CC1CCC1)C(=O)N[C@H](C)CCF,,,,,,ZINCpt00000iVBT6
,,CC1=NO[C@H](C(=O)NCCCNC(=O)c2sccc2NS(C)(=O)=O)C1,,,,,,ZINCpb00000ttF87
,,CCCN(OC)C(=O)[C@H]1CCC[C@H](NC(=O)[C@@]2(C)CCCN2C)C1,,,,,,ZINCop00000FzHhf
,,C[C@@H]1SCC[C@@H]1NC(=O)C1(n2cc(-c3ccc(=N)[nH]c3)nn2)CC1,,,,,,ZINCok00000eom0o
,,COC[C@@]1(C(=O)NCCC(C)(C)CN)CNCCO1,,,,,,ZINCj500000BmFXC
,,CCSCCC(=O)NCCN(C(=O)[C@@H]1C[C@@H]1c1ccccc1)C1CC1,,,,,,ZINCpA00000nt0tu
,,CCC(=O)N[C@H](C)C(=O)N1CCN(C(=O)c2occc2Cl)C[C@@H]1CC,,,,,,ZINCpp00000KgzRc
,,CCC(C)(CC)C(=O)NCC1(CNC(=O)C[C@H]2CC[C@H](C)O2)CCC1,,,,,,ZINCpB00000nt0id
,,CCC(=O)N[C@H](C)C(=O)N1C[C@@H]2C[C@]2(NC(=O)c2snc(C)c2Br)C1,,,,,,ZINCpk00000KgzR5
,,COCCOCCn1nccc1-c1nnc(-c2cc3c(s2)CCC3)o1,,,,,,ZINCpy0000057obs
,,COCCOc1cccc(Cn2c(C)nnc2N2CC[C@@H](C)[C@@H]2C)c1,,,,,,ZINCpy0000057oQA
,,C=CCCCNC(=O)N[C@@H](CO)C(=O)OCc1ccccc1,,,,,,ZINCmj00000uDIMu
,,C[C@@H]1O[C@H](C)[C@H](C(=O)N2C[C@@H]3C[C@H]2[C@@H]3NC(=O)c2ccc[nH]2)[C@H]1C,,,,,,ZINCok00000eolTP
,,CCC[C@@](C)(CC)C(=O)N1CC(CNC(=O)[C@@H](C)C(C)(F)F)C1,,,,,,ZINCnA000003NI1M
,,C[C@@H]1ON=C(C(=O)N[C@@H]2C[C@@H](C)CN(C(=O)CCCC#N)C2)[C@H]1C,,,,,,ZINCok00000eolDk
,,CC[C@H]1CN(c2cc(NCc3cn[nH]c3)ncn2)C[C@H](CC)O1,,,,,,ZINCns00000r0Pwr
,,CC[C@H]1CN(c2cc(NCc3cc(C)no3)ncn2)C[C@@H](C)O1,,,,,,ZINCnt00000r0Pwn
,,COCCO[C@H](C)C(=O)NCCCN(C)[C@@H]1CCc2ccc(Cl)cc21,,,,,,ZINCpy0000057otz
,,COCCSCC(=O)N1CCC[C@@H](n2cc(C3CCCCC3)nn2)C1,,,,,,ZINCpy0000057oU4
,,C=CC[C@@H](CNC(=O)c1cc(Cl)cc(Cl)c1O)NC(=O)CCCOC,,,,,,ZINCpz00000nt0wX
,,CCC(=O)N[C@H](C)C(=O)NCC[C@]1(C)CCN(C(=O)C#CC(C)C)C1,,,,,,ZINCpj00000KgzRD
,,CC1=NS(=O)(=O)N(C)C=C1C(=O)NC[C@H](C)N(C)C(=O)[C@@H](C)C1CC1,,,,,,ZINCpb00000ttK29
,,COCCO[C@H](C)C(=O)N[C@@H]1CCN(Cc2ccc(Cl)cc2)[C@@H](C)C1,,,,,,ZINCpy0000057oye
,,CC1=NO[C@H](C(=O)NCCC(C)(C)NC(=O)C[C@@H]2C=CS(=O)(=O)C2)C1,,,,,,ZINCpb00000ttEYD
,,CC1=NO[C@H](C(=O)N[C@@H](CNC(=O)Cc2cncn2C)C2CCC2)C1,,,,,,ZINCpb00000ttG79
,,Cc1cc(F)c(C(F)(F)F)cc1NC(=O)[C@@H]1C[C@@H](O)CCO1,,,,,,ZINCmw00000guWYX
,,COCCOCCN1C[C@H]2C[C@H](NC(=O)c3csc(Cl)c3)CC[C@H]2C1,,,,,,ZINCpy0000057o8d
,,COC[C@@]1(C(=O)NCCCC(C)(C)N)C=CCN1,,,,,,ZINCi700000BmFXA
,,N#Cc1ccc(C(=O)N[C@H]2C[C@H](C(=O)NC34CC(F)(C3)C4)C2)o1,,,,,,ZINCnk00001A3V6H
,,C#CC[C@](C)(NC(=O)OC(C)(C)C)C(=O)NC[C@H](C#C)OC,,,,,,ZINCmg00000uDIMM
,,N#Cc1ccc(C(=O)N[C@H]2C[C@H](C(=O)N3CC[C@H](F)C3)C2)nc1,,,,,,ZINCng00001A3V6G
,,Cc1cc(F)c([C@H](NC2CCCC2)c2nnnn2C)nc1Br,,,,,,ZINCmu00000guWYZ
,,CC/C(C)=C/C(=O)N[C@@H](C)CCCCNC(=O)[C@H]1CCCN1C(C)C,,,,,,ZINCpA00000nt0e2
,,CC1=NO[C@H](C(=O)NC[C@@](C)(CO)NC(=O)Cc2ccoc2C)[C@H]1C,,,,,,ZINCpb00000ttFDW
,,N#Cc1cc(Cl)cc(C[C@@H](N)C(=O)N2CC[C@@H]3COC[C@@H]3C2)c1,,,,,,ZINCnl00001A3V75
,,C[C@@H](CO)C(=O)NCCCC1(NC(=O)CC[C@@H]2CCN(C)C2)CC1,,,,,,ZINCoe00000EMDOn
,,C=CCCn1nnnc1[C@H](NC[C@H]1CCCSCC1)c1cocn1,,,,,,ZINCou00000pbjau
,,C=C(CCNC(=O)CCSCC)CNC(=O)CCCc1ccccc1,,,,,,ZINCpD00000nt0ii
,,C[C@H](CO)C(=O)NCC[C@]1(O)CCCN(C(=O)c2cnc(Cl)s2)C1,,,,,,ZINCoe00000EMDOk
,,CCOC(=O)C1CC(CCN(CCO)Cc2cc(Br)cs2)C1,,,,,,ZINCmC000003AE4M
,,COCCOc1ccc(-c2noc(C[C@H]3CC(C)(C)CN3)n2)cc1F,,,,,,ZINCpy0000057oJ2
,,C=CCCCNC(=O)NNS(=O)(=O)c1ccccc1[N+](=O)[O-],,,,,,ZINCmg00000uDIMK
,,CC1=NO[C@H](CC(=O)N[C@H]2CCCCN(C(=O)CC(=O)N(C)C)C2)C1,,,,,,ZINCpb00000ttICw
,,CCCCn1nnnc1[C@H](NC[C@H]1CCCSC1)c1cc(C)on1,,,,,,ZINCov00000pbjam
,,COC[C@@]1(C(=O)N(C)CC(C)(C)S(C)(=O)=O)CCCCO1,,,,,,ZINCle00000BmFXL
,,CC[C@H]1CN(c2cc(NCc3cnc(C)o3)ncn2)C[C@@H](C)O1,,,,,,ZINCnt00000r0Pwq
,,Cn1ccc(CCC(=O)N2CCC[C@@H](C(=O)N3CC4(CCC4)C3)C2)c1,,,,,,ZINCps00000mdm6F
,,CC1(C)C[C@H]1C(=O)NCC[C@H]1C[C@@H](NC(=O)[C@@H](F)C2CCCCC2)C1,,,,,,ZINCpD00000nt0f2
,,CCC(=O)N[C@@H](C)[C@H](C)NC(=O)C1Cc2cc(OC)c(OC)cc2C1,,,,,,ZINCpo00000KgzQC
,,CCC(=O)N[C@H](C)C(=O)N1C[C@H]2CCN(C(=O)C=C3CC3)C[C@@H](C2)C1,,,,,,ZINCpj00000KgzR8
,,C[C@@H]1Oc2cc(F)ccc2[C@H]1NC(=O)N1CC(c2n[nH]c(=N)o2)C1,,,,,,ZINCok00000eolW3
,,CN(C)S(=O)(=O)CCCN[C@H]1CCc2sc(Cl)cc21,,,,,,ZINCjs000009IVXB
,,CCC[C@@](C)(CC)C(=O)N1CCC[C@H]1CN(C)C(=O)C1CSC1,,,,,,ZINCnA000003NI4K
,,C=CCCn1nnnc1[C@@H](NC[C@H]1C[C@@H]1C1CC1)c1cc(Br)no1,,,,,,ZINCox00000pbjax
,,C[C@@H](CO)C(=O)NCC[C@]1(O)CCCN(C(=O)c2cc(Cl)c[nH]2)C1,,,,,,ZINCod00000EMDOj
,,COCC1(C(=O)NC(C)(C)CCN(C)C)CC(F)(F)C1,,,,,,ZINCko00000BmFXI
,,CCC(=O)N[C@@H](C)C(=O)N1CCN(C(=O)[C@H]2CC[C@H]2C)C2(CCC2)C1,,,,,,ZINCpl00000KgzRe
,,CCCCn1nnnc1[C@@H](NC[C@@H]1CCCSC1)c1cccnc1,,,,,,ZINCow00000pbjal
,,CCC[C@H](C#N)N(C)C(=O)Cc1cc2c(cc1[N+](=O)[O-])OCCO2,,,,,,ZINCoq00000035Ie
,,CC1=NS(=O)(=O)N(C)C=C1C(=O)NC[C@H](C)NC(=O)[C@@H](C)CC1CC1,,,,,,ZINCpb00000ttK2r
,,CCC(=O)N[C@@H](C)C(=O)N1CC(C[C@H](C)NC(=O)c2cocc2Br)C1,,,,,,ZINCpp00000KgzQX
,,Cc1[nH]c(C#N)cc1C(=O)N[C@H]1C[C@@H](C(=O)N2CCC(C)(C)CC2)C1,,,,,,ZINCpt00000iVBT1
,,CC[C@](C)(CNC(=O)NNC(=O)c1ccnc(O)c1)COC,,,,,,ZINCmd00000uDIMG
,,CC[C@H]1CN(c2cc(NCc3nncs3)nc(C)n2)CCCO1,,,,,,ZINCns00000r0Pww
,,CCCN(OC)C(=O)[C@H]1CCC[C@@H](NC(=O)c2ncccn2)CC1,,,,,,ZINCop00000FzHhh
,,CC1=NO[C@H](CC(=O)N(C)C2CC(NC(=O)Cc3nonc3C)C2)C1,,,,,,ZINCpb00000ttH9C
,,CCC[C@@](C)(CC)C(=O)N1CC2(CCN(C(=O)[C@H](F)CC)C2)C1,,,,,,ZINCnA000003NI3m
,,COC[C@]1(C(=O)N(C)CC[C@@H](C)O)CCCCN1,,,,,,ZINCi900000BmFXP
,,CC1=NO[C@H](C(=O)N[C@@H]2CCN(C(=O)c3coc(Br)n3)C[C@H]2CO)C1,,,,,,ZINCpb00000ttGg4
,,C=C(C)CCNC(=O)NNc1nccc(N2CCOCC2)n1,,,,,,ZINCmf00000uDIMA
,,CCCC[C@H](CN)NC(=O)c1ccc(-c2ccsc2)cc1,,,,,,ZINClG000003nswQ
,,C=CCN(OC)C(=O)[C@@H]1CCC[C@H]1NC(=O)[C@@H](O)C1CCCCC1,,,,,,ZINCon00000FzHhe
,,CC1=NO[C@H](C(=O)N[C@@H]2COCC[C@@H]2NC(=O)C23CC4C[C@H]2[C@H]3C4)C1,,,,,,ZINCpb00000ttGoG
,,CCC(=O)N[C@@H](C)C(=O)N[C@]12C[C@H]1CN(C(=O)Cc1sccc1Cl)C2,,,,,,ZINCpl00000KgzRj
,,CCC[C@@](C)(CC)C(=O)N1CC(CNC(=O)Cc2cccs2)C1,,,,,,ZINCnA000003NI1K
,,CC[C@](C)(CNC(=O)NNc1c(F)cc(F)cc1F)C(N)=O,,,,,,ZINCmm00000uDIMz
,,COCCO[C@H](C)C(=O)NCc1ccccc1CN(C)CCC(C)C,,,,,,ZINCpy0000057owp
,,CC[C@H](C)n1cc([C@H](C(=O)NC(C)C)N(C)C2[C@@H]3CCC[C@@H]23)cn1,,,,,,ZINCoB00000tdDqC
,,C[C@@H]1ON=C(C(=O)N[C@H](C)C2CN(C(=O)/C=C/C(F)(F)F)C2)[C@H]1C,,,,,,ZINCok00000eolG0
,,N#Cc1ccc(F)cc1-c1cn(CC(=O)N[C@H]2C[C@H](O)C2)nn1,,,,,,ZINCnb00001A3V70
,,CC[C@H]1CN(c2cc(NCCc3cncs3)nc(C)n2)CCO1,,,,,,ZINCnv00000r0PwD
,,CCC(=O)N[C@@H](C)C(=O)N1CCN(C(=O)C[C@H]2CCC2(F)F)[C@H](C)C1,,,,,,ZINCpj00000KgzRd
,,CCC(=O)N[C@H](C)C(=O)NC1CCN(C(=O)[C@H]2C[C@H](C(F)F)C2)CC1,,,,,,ZINCpj00000KgzRv
,,N#Cc1cccc(S(=O)(=O)N[C@@H]2C=CCN(C(=O)C3CC3)C2)c1,,,,,,ZINCng00001A3V6X
,,CN(NC(=O)c1cc(Br)c2c(c1)CCO2)C1CC1,,,,,,ZINCir000009IVXF
,,Cc1[nH]c(C#N)cc1C(=O)N[C@@H](C)C1(C(=O)N2CC[C@H]2C(C)C)CC1,,,,,,ZINCpt00000iVBT7
,,C[C@H](CO)C(=O)NCCC(C)(C)CNC(=O)CCCc1cnn[nH]1,,,,,,ZINCoa00000EMDOt
,,COC[C@@]1(C(=O)N(C)CC[C@@H]2CCCO2)CNCCO1,,,,,,ZINCk600000BmFXO
,,CCC(=O)N[C@H](C)C(=O)N1C[C@@H](NC(=O)c2ccsc2SC)[C@H](C)C1,,,,,,ZINCpp00000KgzR9
,,N#Cc1ccc(N2CC[C@H](CNC(=O)C[C@H](F)Cl)[C@H](O)C2)nn1,,,,,,ZINCnb00001A3V7i
,,C=CCN(OC)C(=O)[C@@H]1CCC[C@@H](NC(=O)CCCCN(C)C)C1,,,,,,ZINCop00000FzHhj
,,C[C@H](CO)C(=O)NCC(C)(C)CN(C)C(=O)CCO[C@H]1CCOC1,,,,,,ZINCoa00000EMDOv
,,COCC1(C(=O)NCCCCN2CCCCC2)CNC1,,,,,,ZINCkc00000BmFXQ
,,CC[C@H]1CN(c2cc(N(C)CC3=CCSC3)ncn2)CCN1C,,,,,,ZINCnr00000r0PwC
,,CN1CCC[C@](C)(C(=O)N2CCC[C@@H](NC(=O)CC3CC=CC3)C2)C1,,,,,,ZINCpr00000mdm6R
,,CCC1(C(=O)N[C@@H](C)CCCCNC(=O)[C@@H]2[C@@H](C3CC3)C2(F)F)CC1,,,,,,ZINCpC00000nt0rA
,,C[C@@H](CO)C(=O)NCCCC1(NC(=O)c2cncc(C#N)c2)CC1,,,,,,ZINCod00000EMDOm
,,N#Cc1cc(Cl)cc(C(=O)N[C@H]2CC[C@@H]2NS(=O)(=O)CCO)c1,,,,,,ZINCn900001A3V78
,,CC[C@H]1CN(c2cc(NCC3(C)CSC3)nc(C)n2)CCN1C,,,,,,ZINCnu00000r0Pwo
,,N#Cc1ccc(C(=O)N[C@@H](CC(=O)NC2CC=CC2)C2CC2)[nH]1,,,,,,ZINCnm00001A3V6Q
,,COC[C@]1(C(=O)NCC(C)(C)CN=[N+]=[N-])CCCCN1,,,,,,ZINCkl00000BmFXJ
,,CCCN(OC)C(=O)[C@@H]1CCC[C@H]1NC(=O)c1ccc(NC)cn1,,,,,,ZINCoo00000FzHh2
,,CC1CC(C(=O)N2C[C@@H](C)C[C@H](NC(=O)C3(n4cnnn4)CC3)C2)C1,,,,,,ZINCpb00000ttLFR
,,CCN(CCC(N)=O)C(=O)[C@@H]1CC[C@H](CNC(=O)CSC(F)F)O1,,,,,,ZINCo900000HKANI
,,CC[C@H](C)n1cc([C@H](C(=O)NC)N2c3ccccc3C[C@@H]2C)cn1,,,,,,ZINCoA00000tdDqJ
,,CCCCn1nnnc1[C@@H](NC[C@@H]1CCCSCC1)c1cnc[nH]1,,,,,,ZINCou00000pbjas
,,CN1CCC[C@](C)(C(=O)N2CCC[C@@H](CC(=O)N3CC=CCC3)C2)C1,,,,,,ZINCpr00000mdm6D
,,CC[C@H](CNC(=O)C(=O)Nc1ccccc1COC(C)C)CC(F)F,,,,,,ZINCpD00000nt0u3
,,CC[C@H](C)n1cc([C@H](C(=O)NCCCF)N(CCF)C(C)C)cn1,,,,,,ZINCoA00000tdDqB
,,N#Cc1cc(Cl)cc(C[C@@H](N)C(=O)NCCOc2cc[nH]n2)c1,,,,,,ZINCng00001A3V76
,,CC1=NO[C@](C)(C(=O)N[C@H]2C[C@@H](NC(=O)CSc3n[nH]c(=N)s3)C2)C1,,,,,,ZINCpb00000ttJLL
,,CCC(=O)N[C@@H](CCN(C)C(=O)[C@H]1CCN(C2COC2)C1)C(C)(C)C,,,,,,ZINCpk00000KgzQM
,,CC1=NO[C@H](C(=O)NCC(C)(C)NC(=O)c2ccn3nncc3c2)C1,,,,,,ZINCpb00000ttEMo
,,O=C(NC[C@]1(F)CCN(C(=O)CC2CCC2)C1)c1cc(F)ccc1Cl,,,,,,ZINCpD00000nt0lN
,,CCCCn1nnnc1[C@H](NC[C@@H]1CCCSCC1)c1ncco1,,,,,,ZINCow00000pbjav
,,CC1=NO[C@H](CC(=O)NC[C@](C)(CO)NC(=O)c2ccnc(C)c2)C1,,,,,,ZINCpb00000ttIlM
,,C=CC(C)(C)CC(=O)NC[C@H](CCOC)NC(=O)C=C1CC[C@H](C)C1,,,,,,ZINCpz00000nt0p6
,,N#Cc1ccc(C(=O)N[C@H](c2ncc(Br)cn2)C2CC2)c(O)n1,,,,,,ZINCnm00001A3V6N
,,N#Cc1ccc(C(=O)N[C@@H](CC(=O)N2CC(C#N)C2)C2CC2)s1,,,,,,ZINCnl00001A3V6O
,,N#Cc1ccc(C(=O)NOCc2cn([C@@H]3CCC[C@H]3O)nn2)o1,,,,,,ZINCnc00001A3V6U
,,CC[C@@H]1CN(c2cc(NCCc3ccnn3C)ncn2)CCS1,,,,,,ZINCnr00000r0PwB
,,N#Cc1ccc(N2CC[C@H](CNC(=O)CN3CC=CC3)C2)nc1,,,,,,ZINCnd00001A3V7k
,,Cn1ccc(CCC(=O)N2CC=C[C@H](C(=O)NCC3(Cl)CCC3)C2)c1,,,,,,ZINCps00000mdm6M
,,CN1CCC[C@@](C)(C(=O)N2CC=C[C@@H](C(=O)NC3CC(Cl)(Cl)C3)C2)C1,,,,,,ZINCpr00000mdm6K
,,CCC(=O)N[C@@H](C)C(=O)N1C[C@@H]2C[C@H]1[C@@H]2NC(=O)c1sc(C)nc1Br,,,,,,ZINCpk00000KgzR7
,,CCC[C@@H]1C[C@@H](C(=O)NC[C@H]2CCN2Cc2ccsc2)CCO1,,,,,,ZINCnA000003NHWN
,,CCCC[C@H](COC)NCc1cnn(C2CCCCC2)c1,,,,,,ZINClG000003nsBl
,,CC1=NO[C@H](C(=O)NC2CN(C(=O)c3ccc(S(C)(=O)=O)s3)C2)[C@H]1C,,,,,,ZINCpb00000ttEGv
,,C[C@@H]1O[C@H](C)[C@@H](C(=O)N[C@@H]2[C@H]3C[C@@H]2N(C(=O)c2ccc[nH]2)C3)[C@H]1C,,,,,,ZINCok00000eolTH
,,CC1CC(C(=O)N2CC[C@@H](NC(=O)CCCCC(N)=O)C[C@@H](O)C2)C1,,,,,,ZINCpb00000ttLzt
,,C=CCN(OC)C(=O)[C@H]1CCC[C@H]1NC(=O)c1cn(C(C)C)cn1,,,,,,ZINCop00000FzHh5
,,CCCCn1nnnc1[C@@H](NC[C@H]1C[C@@H]1C1CC1)C(C)(C)N(C)C,,,,,,ZINCou00000pbjay
,,CCC(=O)N[C@H](C)C(=O)NC1CC2(C1)CN(C(=O)c1cocc1Br)C2,,,,,,ZINCpm00000KgzRk
,,COCCO[C@H](C)C(=O)NCCCN(CC1CCC(C)CC1)C1CC1,,,,,,ZINCpy0000057otD
,,CC[C@H](C)n1cc([C@H](C(=O)NCCSC)N(C)CC(F)(F)Cl)cn1,,,,,,ZINCoB00000tdDqI
,,Cc1[nH]c(C#N)cc1C(=O)N[C@@H]1C[C@@H](CC(=O)NC[C@@H](F)Cl)C1(C)C,,,,,,ZINCpt00000iVBT0
,,CCOC1(CN(Cc2ncccc2C)C(=O)[C@H]2CC[C@H](C)C2)CC1,,,,,,ZINCoH00000lz3X7
,,COCCOc1ccc(NC(=O)N[C@@H](C(=O)O)c2cscn2)cc1Br,,,,,,ZINCpy0000057oNf
,,C[C@@H](CO)C(=O)N(C)CC1(CNC(=O)CC2CC3(COC3)C2)CC1,,,,,,ZINCod00000EMDOg
,,CC(C)Cn1nnnc1[C@H](NC[C@H]1CCCSCC1)c1cnco1,,,,,,ZINCov00000pbjat
,,CC[C@@H]1CN(c2cc(NCc3nc(C)ns3)nc(C)n2)CCS1,,,,,,ZINCny00000r0Pwu
,,CC1=NO[C@H](C(=O)NC[C@H]2CCN(C(=O)Cn3cc(C)cn3)C2)[C@H]1C,,,,,,ZINCpb00000ttFPd
,,CCC(=O)N[C@H](C)C(=O)NCCC1(CNC(=O)[C@]2(C)CC2(Cl)Cl)CC1,,,,,,ZINCpo00000KgzRE
,,C[C@H](NC(=O)C1CC=CC1)[C@H]1CCCN(C(=O)CCCC(F)(F)Br)C1,,,,,,ZINCpI00000ltHKZ
,,CCN(CCC(N)=O)C(=O)[C@@H]1CCCN1C(=O)c1ccc(C)nn1,,,,,,ZINCo700000HKANL
,,COC[C@]1(C(=O)NCC(C)(C)n2ccnc2)C=CCN1,,,,,,ZINCk800000BmFXR
,,CCC(=O)N[C@@H](C)C(=O)N1CC2=C(CN(C(=O)CC3(C)CCC3)C2)C1,,,,,,ZINCpk00000KgzQR
,,N#Cc1cc(CN2CCC3(CC2)C[C@H](O)CNC3=O)ccc1Br,,,,,,ZINCnn00001A3V7a
,,CC[C@@H]1CN(c2cc(NCc3ncc(C)s3)ncn2)CCCO1,,,,,,ZINCny00000r0Pwt
,,C[C@H](CO)C(=O)NCCC1CCN(C(=O)[C@H](O)c2ccco2)CC1,,,,,,ZINCoc00000EMDOf
,,C#CCN(OC)C(=O)[C@@H]1CCC[C@H]1NC(=O)CC[C@H]1CCCCO1,,,,,,ZINCom00000FzHh8
,,CCCC[C@H](N)CC(=O)N1CCC(C)(C)c2ccccc21,,,,,,ZINClG000003nsDC
,,CCOC(=O)C=C(C)CNC(=O)c1nsc2cc(Br)ccc12,,,,,,ZINCmC000003AE6r
,,CCOC1(CN(Cc2ncccc2C)C(=O)C2(CC)CCC2)CC1,,,,,,ZINCoI00000lz3X5
,,Cc1cc(F)c([C@H](NC2CC2)c2nnnn2C2CC2)nc1Br,,,,,,ZINCmu00000guWYY
,,C[C@@H]1SCC[C@@H]1NC(=NCCOCCS(C)(=O)=O)NC1CCCC1,,,,,,ZINCok00000eom03
,,CCOC(=O)C1CCC(CC(=O)NCc2cnc(Br)s2)CC1,,,,,,ZINCmC000003AE5n
,,CCC(=O)N[C@@H](C)C(=O)N1CCSC[C@H]1CCNC(=O)CC(F)(F)Cl,,,,,,ZINCpl00000KgzRg
,,CC[C@H]1CN(c2ccncc2S(=O)(=O)N2CCSCC2)CCS1,,,,,,ZINCnr00000r0Pwj
,,CC1=NS(=O)(=O)NC=C1C(=O)NCCCNC(=O)[C@]1(C)CC=CCC1,,,,,,ZINCpb00000ttKt0
,,C=C(C)Cn1nnnc1[C@@H](NC[C@@H]1CCCS1)c1nc(C)c(C)o1,,,,,,ZINCou00000pbjak
,,CCC[C@H](C(=O)N[C@@H](C(=O)OC)c1ccc(F)c(C)c1)C(=O)OC,,,,,,ZINCoq00000035P8
,,C=CCCC(F)(F)C(=O)N[C@H](CNC(=O)C=CCF)c1ccccc1,,,,,,ZINCpA00000nt0jt
,,CC1=NO[C@H](C(=O)NC[C@@H](C)CNC(=O)c2ccc(C)nc2O)[C@H]1C,,,,,,ZINCpb00000ttFoG
,,N#Cc1ccc(N2CC[C@@H](NC(=O)[C@@H](O)CC3CCC3)C2)nn1,,,,,,ZINCnb00001A3V7l
,,CC1=NO[C@H](C(=O)N[C@](C)(CO)CNC(=O)[C@H]2C[C@@]3(CC3(F)F)C2)C1,,,,,,ZINCpb00000ttH6k
,,CN1CCC[C@](C)(C(=O)N2CC=C[C@H](C(=O)N[C@@]3(C)CC3(C)C)C2)C1,,,,,,ZINCpq00000mdm6I
,,COCC1(C(=O)NC(C)(C)CNC(N)=O)CC(N)C1,,,,,,ZINCj500000BmFXS
,,CC1=NO[C@H](C(=O)N2CC[C@@H](CO)[C@H](NC(=O)c3csc(C)n3)C2)C1,,,,,,ZINCpb00000ttDzX
,,COC[C@]1(C(=O)NCC(C)(C)C(F)F)C=CCN1,,,,,,ZINCif00000BmFXG
,,Cc1[nH]c(C#N)cc1C(=O)N[C@@H](CCC(C)C)C(=O)NC12CC(C1)C2,,,,,,ZINCpt00000iVBT8
,,N#Cc1ccc(I)c(N2CCN(C(=O)N3CCOCC3)CC2)n1,,,,,,ZINCnh00001A3V73
,,N#Cc1ccc(C(=O)N[C@@H](CC(=O)N2C[C@H](O)CO2)C2CC2)s1,,,,,,ZINCnc00001A3V6P
,,C[C@@H](NC(=O)C12CC(C[C@@H]1C(=O)O)C2)c1cccs1,,,,,,ZINCju00000eTefF
,,CC(C)(C)OC(=O)N1CC2(C[C@H](CNC(=O)c3coc(O)n3)CO2)C1,,,,,,ZINCpd000015Klan
,,CC(C)C(=O)C(=O)N1CC2(C[C@@H](NC(=O)[C@H](O)CC(C)(C)C)CO2)C1,,,,,,ZINCpa000015KlaD
,,CCOC(=O)[C@H](CC)C(=O)N1CC[C@@](CF)(C(=O)OC)C1,,,,,,ZINClf000007ehhA
,,CSCC[C@@H](C)NC(=O)[C@H]1CCN(C(=O)C2=CCCCCC2)C12CC2,,,,,,ZINCpF00000sZ5Ax
,,CO[C@H](CC1CC1)C(=O)N[C@H]1CC[C@@H](NC(=O)[C@H](C)CC(C)C)C1,,,,,,ZINCow00000pgLsF
,,CCC#CCN=c1[nH]ccc(=N[C@H]2CCN(c3ccn(C)n3)C2)[nH]1,,,,,,ZINCon00000t7H2h
,,CN(CCC(=O)NC1([C@@H](O)CO)CC1)C(=O)[C@@H]1CCCCNC1=O,,,,,,ZINCo400000HLYHZ
,,CC(C)(C)OC(=O)N1CC2(C[C@@H](CNC(=O)[C@H]3C[C@@H]3[N+](=O)[O-])CO2)C1,,,,,,ZINCpd000015Klao
,,COC(=O)[C@@]12CC[C@@](C(=O)NC3(C4CCCC4)CCC3)(CN1)C2,,,,,,ZINCnp00001A3Jgd
,,CC[C@H](C)CCC(=O)N1CCC[C@](F)(CNC(=O)[C@H](C)COC)CC1,,,,,,ZINCpz00000xA6ft
,,C[C@@H]1CN2CCC[C@H]2CN1C(=O)[C@H]1CCCN(CC2CCC2)C1,,,,,,ZINCnr00000otW79
,,CSCC[C@H](C)NC(=O)[C@H]1CCN(C(=O)C2=CCCCCC2)C[C@H]1C,,,,,,ZINCpG00000sZ5Az
,,COC(=O)[C@@]12CC[C@@](C(=O)N(C)CCc3noc(C)n3)(CO1)C2,,,,,,ZINCna00001A3JgC
,,C=C(C)CCN=c1[nH]c(N2C[C@]34CCC[C@]3(COC4)C2)nc(=N)[nH]1,,,,,,ZINCoo00000t7H2j
,,COC(=O)C12CCC(C(=O)N[C@@H]3[C@H](CN)CCC34CCC4)(C1)C2,,,,,,ZINCnn00001A3JgT
,,C[C@@H]1CN(C(=O)c2ccccc2)[C@H]1C(=O)Nc1ccccc1CCO,,,,,,ZINCpt00000tAh2c
,,CC[C@@H](C)C=CC(=O)N1CCC[C@](F)(C(=O)N2CCCC3(CC3)C2)C1,,,,,,ZINCpD00000xA6fv
,,C[C@@H]1CN(C(=O)C2CC(C)(C)C2)[C@@H]1C(=O)NCc1cc(C2CC2)no1,,,,,,ZINCpu00000tAh2g
,,C=CCC[C@H](C)Nc1cc(N2C[C@H](CO)OC3(CCC3)C2)nc(C)n1,,,,,,ZINCpw00000xEMWS
,,CCOC(=O)[C@H](F)C1CN(C(=O)c2cn(C)nc2CC)C1,,,,,,ZINClf000007ehCV
,,CC[C@@](C)(CN=c1[nH]c(N2CC[C@@H](C)C2)nc2c1COC2)C(N)=O,,,,,,ZINCom00000t7H2z
,,C=C1CC[C@@H](CN(CCC(C)(C)OC)C(=O)C2=CCN(C)CC2)C1,,,,,,ZINCoC00000t65k0
,,COC(=O)[C@@]12CC[C@@](C(=O)Nc3cc4c(cn3)CCC4)(CO1)C2,,,,,,ZINCnm00001A3Jge
,,C#CC[C@H](O)C(=O)NC/C=C/CC(=O)N1CCCC[C@H]1C#C,,,,,,ZINCma00000wZXmZ
,,CN(CCC(=O)NC1([C@H](O)CO)CC1)C(=O)[C@H]1CC(=O)OC1(C)C,,,,,,ZINCo500000HLYI1
,,CC[C@](C)(O)C(=O)N1CC2(CO)CC1(C(=O)NC[C@H](O)C(C)(C)C)C2,,,,,,ZINCp6000015Klbb
,,C[C@@H]1CN(C2CC2)CCN1C1CCN(Cc2ccccc2)CC1,,,,,,ZINCny00000otW7e
,,CN(CCC(=O)NC1([C@@H](O)CO)CC1)C(=O)[C@@]1(C#N)CCCOC1,,,,,,ZINCo500000HLYHV
,,CCOC(=O)[C@H]1CCCN(S(=O)(=O)N2CCS[C@@H](C)C2)C1,,,,,,ZINClf000007ei0R
,,COC(=O)[C@@]12CC[C@@](C(=O)N[C@@H]3[C@H]4C[C@@H]5CO[C@@H]3[C@H]5C4)(C1)NC2,,,,,,ZINCn800001A3JgS
,,C[C@@H](CCCNC(=O)CCOC1CCC1)NC(=O)[C@H]1CCOC1(C)C,,,,,,ZINCpr00000iFAHK
,,C[C@@H]1CN(C(=O)N[C@@H]2C[C@@H]3COC[C@H]32)CC[C@H]1NC(=O)OC(C)(C)C,,,,,,ZINCpp00001BNeR2
,,CCOC(=O)[C@H]1CCCN(C(=O)C2(OC)CCOCC2)C1,,,,,,ZINClf000007ehYH
,,CC[C@](C)(O)C(=O)N1CC2CC(C(=O)NC[C@@H](OC)C(F)(F)F)(C2)C1,,,,,,ZINCpg000015Klaf
,,COC(=O)[C@]12CC[C@](C(=O)N[C@@H]3C[C@@H](O)C34CC(F)(F)C4)(C1)C2,,,,,,ZINCnj00001A3JgQ
,,C[C@H](NC(=O)[C@@]12CCC[C@@H]1[C@H]2Br)C(=O)C1CC1,,,,,,ZINChq00000eTefE
,,COC(=O)[C@@]12CC[C@@](C(=O)Nc3ccc(CC#N)cc3)(CO1)C2,,,,,,ZINCno00001A3Jgf
,,CN1C[C@@H](Nc2cc(S(=O)(=O)N(C)C)ccc2N(C)C)CCC1=O,,,,,,ZINCog00000HbAax
,,C[C@H]1CN(C(=O)C2=CCCCC2)[C@@H]1C(=O)NCC12CCC(CC1)OC2,,,,,,ZINCpu00000tAh2f
,,CSCC[C@H](C)NC(=O)[C@@H]1C[C@H](C)CCN1C(=O)Cc1cc(C)cs1,,,,,,ZINCpE00000sZ5Ap
,,FC(F)(F)COc1ccc(N2CC[C@@H](OCC3CC3)C2)nc1,,,,,,ZINCmA00000dzb9D
,,COC(=O)C12CCC(C(=O)N3CCO[C@@H](C(C)(C)F)C3)(CC1)O2,,,,,,ZINCni00001A3Jgc
,,CC[C@H](C)CC(=O)NNC(=O)c1cc(-c2ccccc2)[nH]n1,,,,,,ZINCms000000Azf0
,,COC(=O)[C@@]12CC[C@@](C(=O)NC[C@@H]3CC[C@H]4CNC[C@H]43)(CO1)C2,,,,,,ZINCna00001A3JgJ
,,CC(C)CCN=c1[nH]c(C(=O)N2CC3(COC3)[C@@](F)(CO)C2)cs1,,,,,,ZINCon00000t7H2i
,,COC(=O)[C@@]12CC[C@@](C(=O)NCc3ccnc(OC)c3)(CO1)C2,,,,,,ZINCne00001A3Jgw
,,C[C@@H]1CN(c2nccc3n[nH]cc23)CCN1c1ccc(F)cn1,,,,,,ZINCns00000otW7r
,,C[C@@H]1CN(C(=O)C2CC(C)(C)C2)[C@@H]1C(=O)N1CCC2(CC1)C[C@H]2C#N,,,,,,ZINCpu00000tAh27
,,CC[C@@H](CCCC(=O)N1CCC=C(F)C1)NC(=O)[C@@H](CC(C)C)OC,,,,,,ZINCpB00000xA6fl
,,C[C@@H](CCCNC(=O)C(F)=C1CCCC1)NC(=O)CSc1nc[nH]n1,,,,,,ZINCpq00000iFAHQ
,,CC[C@](C)(O)C(=O)N1CC2(C[C@@H](C(=O)N3CC[C@H]4CCC[C@H]43)CO2)C1,,,,,,ZINCph000015Klap
,,C=C[C@](C)(O)C(=O)N1C[C@@]2(CNC(=O)C3=CCCC[C@@H]3C)C[C@H]1CO2,,,,,,ZINCph000015KlaT
,,CC(C)C[C@H](C)Nc1ccc(S(=O)(=O)N(C)C[C@@H]2CCCN2C)cn1,,,,,,ZINCpw00000xEMWE
,,CN1C[C@H](C(=O)O[C@@H]2CCc3ccccc3NC2=O)OCCC1=O,,,,,,ZINCod00000HbAar
,,CC(C)C(=O)C(=O)N1CC2(C[C@H](C(=O)Nc3ccc[n+]([O-])c3)CO2)C1,,,,,,ZINCp7000015Klar
,,C#CC[C@@H](O)C(=O)N(CC#C)CC(=O)N1CCC[C@](C)(F)C1,,,,,,ZINCm700000wZXmX
,,C[C@H]1CN(C(=O)C2CC(C)(C)C2)CCN1S(=O)(=O)C[C@@]1(C)CC1(F)F,,,,,,ZINCpt00000tAh24
,,CCOC(=O)[C@H]1CCCN(C(=O)c2ccn(COC)n2)C1,,,,,,ZINClf000007ehZY
,,CC[C@H](C)C(=O)NCC1(NC(=O)OC(C)(C)C)CCOCC1,,,,,,ZINCms000000Azc3
,,C#CC[C@@H](O)C(=O)NC/C=C/CC(=O)N1CC(C)(C)C[C@@H]1C,,,,,,ZINCmg00000wZXmV
,,CC(C)C[C@@H](C)Nc1ccc(S(=O)(=O)N[C@@H]2CC23CC(O)C3)cc1F,,,,,,ZINCpy00000xEMWL
,,CC[C@@H](C)CCC(=O)N1CCC[C@@](F)(CNC(=O)C2CC(CF)C2)C1,,,,,,ZINCpC00000xA6fo
,,CC(C)C(=O)C(=O)N1CC2CC(C(=O)N[C@H]3CC[C@H](N(C)C)C3)(C2)C1,,,,,,ZINCpg000015Klah
,,C[C@@H]1CN(C(=O)C2CC(C)(C)C2)[C@@H]1C(=O)Nc1ccccc1CCO,,,,,,ZINCpu00000tAh2d
,,C[C@H]1CN(C2CC2)CCN1Cc1c(-c2n[nH]cc2Cl)ncn1C,,,,,,ZINCnr00000otW7f
,,C[C@@H]1CN(C(=O)C2=CCCCC2)[C@@H]1C(=O)Nc1ccc(N(C)C)nc1,,,,,,ZINCpu00000tAh2e
,,COC(=O)C12CCC(C(=O)N[C@@H]3CN(C)CC34CC4)(CC1)NC2,,,,,,ZINCn800001A3JgU
,,CCOC(=O)[C@H](NC(=O)[C@@H]1[C@@H]2C[C@H]2[C@H]2C[C@H]21)[C@@H]1CCOC1,,,,,,ZINClf000007ehLu
,,COC(=O)[C@@]12CC[C@@](C(=O)Nc3cccc(F)c3OC)(CN1)C2,,,,,,ZINCnk00001A3Jgg
,,C[C@H](CC(=O)NC[C@H](O)C(=O)NCC1(CCO)CCC1)C(C)(C)C,,,,,,ZINCoi00000sIKbX
,,C[C@H](CCCNC(=O)C(F)=CC1CC1)NC(=O)c1cncc(C#N)c1,,,,,,ZINCps00000iFAHR
,,CSCC[C@H](C)NC(=O)[C@H]1C[C@@H](N=[N+]=[N-])CN1C(=O)c1sccc1Cl,,,,,,ZINCpF00000sZ5At
,,CO[C@H](C(=O)N(Cc1ccccn1)C[C@]1(Cl)CC1(F)F)C(C)C,,,,,,ZINCnA00000sYn7D
,,CC#CC[C@H](C)Nc1cc(N2CC[C@@H](c3ccnn3C)C2)nc(C)n1,,,,,,ZINCpx00000xEMWQ
,,CO[C@H](C(=O)N(Cc1ccc(C)nc1)CC1(C)CC1)C1CCC1,,,,,,ZINCnD00000sYn7J
,,C[C@H]1CN(C(=S)NC(=O)C2CCOCC2)CC[C@@H]1NC(=O)C(F)(F)F,,,,,,ZINCpi00001BNeRH
,,COC(=O)[C@@]12CC[C@@](C(=O)N=c3cnn(CC4CC4)[nH]3)(CN1)C2,,,,,,ZINCn900001A3Jgn
,,CC(C)C(=O)C(=O)N1CC2=C(CN(C(=O)C=CCN3CCCC3)C2)C1,,,,,,ZINCpe000015KlaI
,,CCOC(=O)[C@H](F)CCNC(=O)[C@](C)(NC(C)=O)C(C)C,,,,,,ZINClf000007ehEp
,,CO[C@H](C(=O)N(Cc1ccccn1)C[C@@]1(C)C[C@H]1C)C1(C)CC1,,,,,,ZINCnC00000sYn7B
,,CO[C@@H](CC1CC1)C(=O)N[C@H]1C[C@H]1CNC(=O)CCCC(C)(C)C,,,,,,ZINCow00000pgLsJ
,,CC/C=C\CN=c1[nH]c(N2Cc3c[nH]nc3C(C)(C)C2)nc(=N)[nH]1,,,,,,ZINCoo00000t7H2m
,,CC[C@H](C(N)=O)N(C)Cc1cccc(Br)c1OCC(C)(C)O,,,,,,ZINCms000000Az4i
,,C[C@@H]1CN2CCC[C@@H]2CN1Cc1cccc(-c2nc(=N)s[nH]2)c1,,,,,,ZINCnu00000otW76
,,C[C@H](CC(=O)NC[C@@H](O)C(=O)NC1(CO)CCCC1)CC(C)(C)C,,,,,,ZINCoj00000sIKbU
,,CC(C)(CCN=c1[nH]c(N2CC=C(CO)CC2)nc(=N)[nH]1)C1CC1,,,,,,ZINCoo00000t7H2v
,,C#CC[C@H](O)C(=O)NCCCCC(=O)N1CC(C(C)(C)C)C1,,,,,,ZINCmh00000wZXmQ
,,C[C@@H]1CN(C(=O)N[C@@H]2CCON(C(=O)OC(C)(C)C)C2)CC(F)(F)O1,,,,,,ZINCpp00001BNeR6
,,CC1(C)C[C@H](CN(CCCC[C@@H]2CCCO2)C(=O)[C@@H]2C[C@@H]2F)CO1,,,,,,ZINCoD00000t65jX
,,CC[C@H](C)C=CC(=O)N1CC[C@@](CF)(C(=O)NCc2ccoc2C)C1,,,,,,ZINCpz00000xA6fB
,,C/C=C/C=C/C(=O)N(C)CC1CN(C(=O)Cc2cccnc2Cl)C1,,,,,,ZINCot00000ib7xB
,,CC1(C)C[C@@H](CN(CC(C)(C)C(F)F)C(=O)Cn2ccnc2)CO1,,,,,,ZINCoy00000t65jV
,,C[C@@H]1CN(C(=O)N[C@H]2C[C@H]3C[C@H]2C[C@@]3(O)C(F)(F)F)CC2(COC2)O1,,,,,,ZINCpi00001BNeR1
,,CN1C[C@@H](C(=O)O)N(C(=O)c2nc3cc(Br)ccc3n2C)CC1=O,,,,,,ZINCod00000HbAas
,,CC(C)(C)OC(=O)N1CC2(C[C@H](NCC(=O)N3CCOCC3)CO2)C1,,,,,,ZINCp8000015KlaC
,,C[C@H]1CN(C(=O)OC(C)(C)C)C[C@@H](C(=O)N2CCO[C@@H]3C[C@H](C)[C@@H]32)O1,,,,,,ZINCpm00001BNeRA
,,CC(C)(C)CN=c1[nH]c(N2CC[C@@H](c3cnccn3)C2)nc(=N)[nH]1,,,,,,ZINCom00000t7H2y
,,C[C@@H]1CN(c2ccccc2)CCN1CC(=O)NC1CC(F)(F)C1,,,,,,ZINCnr00000otW7m
,,C=C1CC[C@H](CN(CCC(C)(C)OC)C(=O)CN2C[C@H]3C[C@H]3C2)C1,,,,,,ZINCoz00000t65k8
,,CC[C@H](C)C(=O)NCC(=O)O[C@H](C)COc1cccc(F)c1,,,,,,ZINCms000000Azc0
,,C[C@@H]1CN(C(=O)OC(C)(C)C)CC[C@H]1C(=O)N[C@@](C)(C(N)=O)C(F)F,,,,,,ZINCpl00001BNeRd
,,C=C=CCCN=c1[nH]c(N2CCC[C@H](C(N)=O)C2)nc2c1CCC2,,,,,,ZINCoo00000t7H2t
,,CC(C)C[C@@H](C)Nc1cc(N2CCn3c(nnc3C3CC3)C2)ncn1,,,,,,ZINCpy00000xEMWT
,,CCOC(=O)[C@H](C[C@@H](C)CC)NC(=O)CCCNC(N)=O,,,,,,ZINClf000007ehx4
,,CCC#CCN=c1[nH]c(N2CC[C@]3(CC[C@@H](OC)C3)C2)nc(=N)[nH]1,,,,,,ZINCom00000t7H2o
,,CCOC(=O)[C@H](F)[C@H]1CCN(C[C@H](O)CN(C)C(C)C)C1,,,,,,ZINClf000007ehHL
,,C[C@@H]1CN(C2CC2)CCN1Cc1ccnc(-c2ccnnc2)c1,,,,,,ZINCns00000otW7h
,,C=C[C@@](C)(O)C(=O)N1CC2CC(C(=O)NCCN3CCCCC3)(C2)C1,,,,,,ZINCpd000015Klag
,,CN(CCC(=O)NC1([C@H](O)CO)CC1)C(=O)CO[C@H]1CCCOC1,,,,,,ZINCo500000HLYI2
,,CC=C[C@H](O)C(=O)NCC(C)(C)C(=O)N1CCCCC[C@@H]1C,,,,,,ZINCmo00000wZXmW
,,CC(C)(CO)C(=O)N1CC2(C[C@H](C(=O)NCCc3nccs3)CO2)C1,,,,,,ZINCpa000015Klat
,,C/C=C/C=C/C(=O)N(C)CC1CN(C(=O)c2nn(C)c(C)c2Br)C1,,,,,,ZINCor00000ib7xz
,,CC(C)(C)OC(=O)N1CC2(CC(=O)CN2CC(=O)CCS(C)(=O)=O)C1,,,,,,ZINCp8000015KlaM
,,C[C@H]1CN(Cc2cc(-c3cc4ccccc4n3C)n[nH]2)CCO1,,,,,,ZINCnx00000otW7u
,,C[C@@H](CC(=O)NC[C@H](O)C(=O)N=c1ccn(C(C)(C)C)[nH]1)C(F)F,,,,,,ZINCoj00000sIKbR
,,C[C@@H](CC(=O)NC[C@H](O)C(=O)Nc1cccc(N(C)C)c1)C(F)F,,,,,,ZINCok00000sIKbO
,,C[C@H](CC(=O)NC[C@H](O)C(=O)NCc1cccc(F)n1)C(C)(C)C,,,,,,ZINCoj00000sIKbW
,,C[C@H](CC(=O)NC[C@H](O)C(=O)NCc1ccccc1)c1ccco1,,,,,,ZINCol00000sIKbV
,,C[C@H]1CN(C(=O)OC(C)(C)C)C[C@@H]1C(=O)N1C[C@@]2(F)CC[C@@]1(CO)C2,,,,,,ZINCpp00001BNeRm
,,C[C@H]1CN(C(=O)OC(C)(C)C)C[C@@H](C(=O)N2CC[C@]3(CC[C@H]3O)C2)O1,,,,,,ZINCpj00001BNeRy
,,CCOC(=O)[C@H](CC(F)(F)F)NC(=O)[C@@H]1C[C@@H]1[C@@H]1C[C@@H]1N,,,,,,ZINClf000007ehga
,,C[C@H]1CN(c2ccc(NC(=O)N=c3nc[nH][nH]3)cc2)C[C@@H](C)O1,,,,,,ZINCnq00000otW7o
,,CCC[C@H](O)C(=O)NCCCCC(=O)N1CCC2(CCC2)C1,,,,,,ZINCmo00000wZXmL
,,C[C@H]1CN(C(=O)OC(C)(C)C)C[C@@H]1NC(=O)C(=O)N1C[C@H]2CC[C@@H]1C2,,,,,,ZINCpj00001BNeRq
,,C[C@H](CC(=O)NC[C@@H](O)C(=O)NCC[C@]1(C)CCOC1)C(C)(C)C,,,,,,ZINCok00000sIKc1
,,CC[C@](C)(CN=c1[nH]c(C)cc(=N[C@H](C)c2nc(=N)[nH][nH]2)[nH]1)OC,,,,,,ZINCoo00000t7H2g
,,CC(C)(C)OC(=O)N1CC2(CC(=O)N[C@H]2C(=O)N2C[C@H](O)C2(C)C)C1,,,,,,ZINCp6000015KlaN
,,C[C@@H](CCCNC(=O)[C@](C)(O)CC(F)F)NC(=O)c1ccc(F)cc1,,,,,,ZINCps00000iFAHM
,,C=C1CC[C@@H](CN(CCC(C)(C)OC)C(=O)c2coc(CO)c2)C1,,,,,,ZINCoD00000t65k1
,,CC(C)(C)OC(=O)N1CC2(C[C@@H](CN3CCSC[C@@H]3C(N)=O)CO2)C1,,,,,,ZINCpf000015Klam
,,FC(F)(F)COc1ccc(-n2cc(CC3CCC3)nn2)cn1,,,,,,ZINCmz00000dzb9C
,,CC(C)(C)OC(=O)N1CC2(COC2)C[C@H]1C(=O)N[C@H]1CC[C@H]1C(=O)O,,,,,,ZINCpf000015KlaZ
,,C=CCC[C@H](C)Nc1ccc(S(=O)(=O)NC[C@@H](COC)OC)cc1F,,,,,,ZINCpv00000xEMWJ
,,C[C@H]1CN(C(=O)c2ccccc2)[C@@H]1C(=O)N1CCC2(CCCO2)CC1,,,,,,ZINCpt00000tAh28
,,C=C[C@@](C)(O)C(=O)N1CC2(CO)CC1(C(=O)Nc1ccccc1O)C2,,,,,,ZINCpc000015Klb6
,,CC[C@](C)(O)C(=O)N1CC2(CO)CC1(C(=O)N[C@H](C)C1CCCC1)C2,,,,,,ZINCph000015Klbd
,,C[C@@H]1CN(C(=O)C2=CC(C)(C)C2)CCN(S(=O)(=O)CC(C)(C)CF)C1,,,,,,ZINCpu00000tAh26
,,C[C@H]1CN(C(=O)OC(C)(C)C)C[C@@H]1NC(=O)NC[C@@H](C1CC1)N(C)C,,,,,,ZINCpo00001BNeRs
,,CC1(C)C[C@H](CN(CC(C)(C)C(F)F)C(=O)C2=COCCO2)CO1,,,,,,ZINCoy00000t65jU
,,C[C@@H]1CN(C(=O)OC(C)(C)C)CCN1C(=O)N[C@@]1(C)CCS(=O)(=O)C1,,,,,,ZINCpi00001BNeRB
,,C=CCCCCCN(C)C[C@@H]1CCCN1C(=O)[C@H](CC(C)C)OC,,,,,,ZINCoH000002fLKi
,,CCOC(=O)[C@H](COC)N(C(=O)C1(CC)COC1)C1CC1,,,,,,ZINClf000007ehsu
,,C#CCCCC(=O)NCC[C@H]1CCCN(S(=O)(=O)CCCCCl)C1,,,,,,ZINCot00000ib7xK
,,CC[C@](C)(O)C(=O)N1CC2(CO)CC1(C(=O)NC[C@@H](O)C(C)(C)O)C2,,,,,,ZINCp4000015Klbc
,,CC[C@](C)(O)C(=O)N1CC2(C[C@@H](C(=O)N[C@@H](C)c3cnc[nH]3)CO2)C1,,,,,,ZINCp9000015Klaz
,,CN(CCC(=O)NC1([C@@H](O)CO)CC1)C(=O)CC[C@H]1CCCCO1,,,,,,ZINCo700000HLYHX
,,COC(=O)[C@@]12CC[C@@](C(=O)N[C@H]3CCC[C@@H](C(=O)O)C3)(CO1)C2,,,,,,ZINCne00001A3JgO
,,CO[C@@H](C(=O)N(Cc1ccccn1)C[C@H](C)N=[N+]=[N-])C1CCC1,,,,,,ZINCnz00000sYn7H
,,COC(=O)[C@@]12CC[C@@](C(=O)NCc3nc(CSC)no3)(CN1)C2,,,,,,ZINCn800001A3Jgy
,,CC#CC[C@H](C)Nc1cc(=NC2CC3(CCOC3)C2)[nH]c(COC)n1,,,,,,ZINCpy00000xEMWY
,,CO[C@@H](C(=O)N(Cc1ccc(C)nc1C)CC1(C)CC1)C1CC1,,,,,,ZINCnC00000sYn7M
,,CC[C@H](C)CCC(=O)N1CC[C@](CF)(C(=O)NCc2cnc(C)s2)C1,,,,,,ZINCpA00000xA6fD
,,COC(=O)[C@@]12CC[C@@](C(=O)NCC[C@@H]3CCCN(C)C3)(CN1)C2,,,,,,ZINCnb00001A3JgG
,,COC(=O)C12CCC(C(=O)NC[C@@H]3CCNC[C@H]3C)(CC1)NC2,,,,,,ZINCna00001A3JgK
,,C#CCCCC(=O)N(C)CC1CN(S(=O)(=O)c2ccccc2Cl)C1,,,,,,ZINCos00000ib7xG
,,CC[C@H](CCCC(=O)N1CCC(CF)CC1)NC(=O)[C@]1(C)CC1(F)F,,,,,,ZINCpD00000xA6fm
,,C=CCC[C@@H](C)Nc1ccc(S(=O)(=O)NCC[C@H]2CCCN2C)cn1,,,,,,ZINCpw00000xEMWD
,,C[C@H]1CN(S(C)(=O)=O)C[C@]1(C)CNC(=O)c1cc(CC#N)ccc1F,,,,,,ZINCpl00001BNeRJ
,,CO[C@H](C(=O)N(Cc1ccc(Cl)s1)C[C@@H]1CCCOC1)C1CC1,,,,,,ZINCnF00000sYn7w
,,CC#CC[C@H](C)Nc1ccc(S(=O)(=O)N[C@H]2CCC[C@@H]2OC)cc1F,,,,,,ZINCpy00000xEMWM
,,CCOC(=O)[C@H]1CCCN(S(=O)(=O)[C@H]2C[C@H]3CC[C@H]2O3)C1,,,,,,ZINClf000007ei1b
,,COC(=O)[C@]12CC[C@](C(=O)N[C@@H]3CC[C@H]4CCCN4C3=O)(C1)C2,,,,,,ZINCnf00001A3JgP
,,CO[C@H](C(=O)N(Cc1ccccn1)C[C@@H]1C=CCC1)C1CCC1,,,,,,ZINCnB00000sYn7G
,,C[C@H]1CN(C(=O)OC(C)(C)C)C[C@@H](C)N1C(=O)N[C@@H](C(N)=O)C1CC1,,,,,,ZINCpi00001BNeRw
,,CC[C@H](C(N)=O)N1CCCc2c(NC(=O)C(C)C)cccc21,,,,,,ZINCms000000Az4n
,,C[C@H]1CN(C(=O)N[C@H]2C[C@@H](CNC(=O)OC(C)(C)C)C2)C[C@H]1N(C)C,,,,,,ZINCpo00001BNeR3
,,C[C@@H](CC(=O)NC[C@H](O)C(=O)Nc1cc(O)ccc1F)C(F)(F)F,,,,,,ZINCol00000sIKbS
,,CC=CCNC(=O)CCC[C@@H](C)NC(=O)[C@@]1(C)CCCS1,,,,,,ZINClw00000jsONd
,,CCC#CCN=c1[nH]c(N2CC[C@](CO)(CCC)C2)nc(=NC)[nH]1,,,,,,ZINCon00000t7H2w
,,CO[C@H](C(=O)N(Cc1ccccn1)CC(C)(C)C(C)C)C1CC1,,,,,,ZINCnF00000sYn7E
,,FC(F)(F)COc1ccc(-n2cc(CC3CC3)nn2)cc1Cl,,,,,,ZINCmI00000dzb9B
,,CC[C@H](C)C(=O)NCC(=O)OCc1cc2c(cc1Cl)OCO2,,,,,,ZINCms000000AzbT
,,C=C[C@](C)(O)C(=O)N1CC2(CO)CC1(C(=O)N(C)CCCCOC)C2,,,,,,ZINCp7000015Klb9
,,C=CCCCCCN(C)C[C@@H]1CCCN(C(=O)[C@@H](CC)OCC)C1,,,,,,ZINCoH000002fLJY
,,C#CC[C@H](O)C(=O)N(C)CCCC(=O)N1CCC[C@@](C)(F)C1,,,,,,ZINCmf00000wZXmY
,,CC[C@](C)(O)C(=O)N1CC2(CCN(C(=O)CCCc3cc[nH]n3)C2)C1,,,,,,ZINCpf000015KlaH
,,COC(=O)C12CCC(C(=O)NC[C@@]3(CF)CC3(C)C)(CC1)CO2,,,,,,ZINCnp00001A3Jgx
,,C[C@H]1CN(C(=O)N[C@@H]2C[C@H](CO)N(C(=O)OC(C)(C)C)C2)C[C@H](C)S1,,,,,,ZINCpo00001BNeR4
,,C[C@H]1CN(C(=O)NCCN2CCCC(C)(C)C2)C[C@H]1N1CCOCC1,,,,,,ZINCpk00001BNeQY
,,C[C@H]1CN(C(=O)OC(C)(C)C)[C@H]1C(=O)N[C@@H](C[C@H]1CCCO1)C(=O)O,,,,,,ZINCpj00001BNeRE
,,CC(C)C(=O)C(=O)N1CC2CC(C(=O)NC[C@H](CO)CC3CC3)(C2)C1,,,,,,ZINCpf000015Klae
,,C[C@@H]1CN(Cc2c(-c3cccc4[nH]ccc34)cnn2C)CCO1,,,,,,ZINCnx00000otW7s
,,C=CCCCC(=O)N(C)C[C@H]1CCCN(c2cc(C#N)ncn2)C1,,,,,,ZINCot00000ib7xI
,,C[C@@H]1CN(C(=O)OC(C)(C)C)C[C@H]1CCC(=O)N[C@H](C)C(=O)N(C)C,,,,,,ZINCpo00001BNeRi
,,CC(C)CNC(=O)CCC[C@@H](C)NC(=O)c1ccc(Cl)o1,,,,,,ZINClz00000jsONb
,,C=C(C)CNC(=O)C(C)(C)[C@@H](C)NC(=O)c1ccc(Cl)o1,,,,,,ZINClx00000jsONa
,,CC(C)(C)OC(=O)N1CC2(CC(=O)N[C@H]2C(=O)NOCCCCF)C1,,,,,,ZINCpf000015KlaO
,,C=CCC[C@H](C)Nc1ccc(S(=O)(=O)NCC[C@@H](O)COC)c(Br)c1,,,,,,ZINCpy00000xEMWF
,,CN(CCC(=O)NC1([C@@H](O)CO)CC1)C(=O)[C@@H]1CCCC(=O)N1C,,,,,,ZINCo400000HLYI0
,,CC=C[C@@H](O)C(=O)N(CCC)CC(=O)N1CC[C@]1(C)COC,,,,,,ZINCmd00000wZXmK
,,CC[C@H](C)C(=O)NCC(=O)NC(C)(C)c1cccc(OC)c1,,,,,,ZINCms000000Azac
,,C=C[C@@](C)(O)C(=O)N1CC2(CO)CC1(C(=O)N[C@@H](CCC)C1CC1)C2,,,,,,ZINCpf000015Klbe
,,CC1(C)C[C@@H](CN(CC(C)(C)[C@H]2CCCO2)C(=O)[C@H]2C[C@H]2F)CO1,,,,,,ZINCoB00000t65jW
,,COC(=O)C12CCC(C(=O)N(CC3CC3)[C@H]3CCNC3)(CC1)O2,,,,,,ZINCne00001A3Jgr
,,C=C[C@](C)(O)C(=O)N1CC2(C[C@H](C(=O)N(C)C[C@H]3CC3(F)F)CO2)C1,,,,,,ZINCpc000015Klav
,,C=CCCCC(=O)NCCc1cnc(NC(=O)CC(=O)OCC)s1,,,,,,ZINCoq00000ib7xu
,,CC(C)(CO)C(=O)N1CC2(CO)CC1(C(=O)N1CCS[C@@H]3CC[C@@H]31)C2,,,,,,ZINCpa000015Klb5
,,C=C[C@@H](CC)CC(=O)N1CC[C@@](CF)(C(=O)NC2(CF)CCCC2)C1,,,,,,ZINCpB00000xA6fA
,,CN(CCC(=O)NC1([C@@H]2CCCOC2)CC1)C(=O)CSCC(N)=O,,,,,,ZINCo700000HLYHT
,,CC=CCNC(=O)CCC[C@@H](C)NC(=O)c1cc[nH]c1C,,,,,,ZINClt00000jsONg
,,CC(C)C[C@H](C)Nc1cc(N2CCN(C)[C@H](c3ncc[nH]3)C2)ncn1,,,,,,ZINCpv00000xEMWU
,,CC1(C)C[C@H](CN(CCCCCF)C(=O)[C@H](O)c2ccco2)CO1,,,,,,ZINCoA00000t65jT
,,C[C@@H](CC(=O)NC[C@H](O)C(=O)N(C)Cc1ccccc1F)C(F)F,,,,,,ZINCol00000sIKc0
,,C[C@H]1CN(C(=O)N[C@H]2CCCN(S(=O)(=O)C3CC3)C2)C[C@H]1P(C)(C)=O,,,,,,ZINCpl00001BNeR0
,,C[C@H]1CN(C(=O)OC(C)(C)C)CCN1C(=O)N(C)[C@H](CCO)C(F)F,,,,,,ZINCpp00001BNeRC
,,C[C@H]1CN(C2CC2)CCN1c1cc(C(=O)O)c2ccccc2n1,,,,,,ZINCnw00000otW7d
,,C=C[C@](C)(O)C(=O)N1CC2(CCN(C(=O)[C@@H](CN(C)C)C(C)C)C2)C1,,,,,,ZINCpe000015KlaK
,,COC(=O)[C@@]12CC[C@@](C(=O)NCCCCC3(N)CCC3)(CN1)C2,,,,,,ZINCne00001A3JgD
,,C[C@@H]1CN(C(=O)N[C@H]2CCN(CC3CCOCC3)C2)CC[C@H]1CCO,,,,,,ZINCpl00001BNeR5
,,C[C@H]1CN(C(=O)OC(C)(C)C)CCCN1C(=O)[C@@]12CC[C@@H](COC1)O2,,,,,,ZINCpn00001BNeRf
,,CC#CC[C@@H](C)Nc1ccc(S(=O)(=O)N[C@H](C)CCCCO)cc1F,,,,,,ZINCpy00000xEMWO
,,C=C[C@](C)(O)C(=O)N1CC2(CO)CC1(C(=O)NCC(F)(F)COC)C2,,,,,,ZINCp5000015Klba
,,C[C@H](CC(=O)NC[C@@H](O)C(=O)NCC1(N(C)C)CC1)CC(C)(C)C,,,,,,ZINCoh00000sIKbY
,,CC[C@@H](CCCC(=O)N1CC[C@](C)(F)C1)NC(=O)CCn1cccc1,,,,,,ZINCpz00000xA6fi
,,CSCC[C@H](C)NC(=O)[C@@H]1C[C@H](F)CN1C(=O)[C@H](C)CCCC(C)C,,,,,,ZINCpG00000sZ5As
,,CN1C[C@@H](C(=O)O)N(S(=O)(=O)c2cc(F)ccc2C(F)F)CC1=O,,,,,,ZINCoc00000HbAat
,,CC[C@H](C)CCNC(=O)C(=O)N[C@@H]1CCO[C@@H](C(C)(C)C)C1,,,,,,ZINCms000000Azhy
,,COC(=O)C12CCC(C(=O)N(C)C[C@H]3CCC[C@H]3O)(CC1)NC2,,,,,,ZINCnc00001A3JgE
,,COC(=O)[C@@]12CC[C@@](C(=O)N[C@@H]3CCN(C)C4(CC4)C3)(C1)NC2,,,,,,ZINCna00001A3JgR
,,C[C@@H]1CN(C(=O)OC(C)(C)C)[C@H](C)CN1C(=O)CC[C@@H]1CCS1(=O)=O,,,,,,ZINCpo00001BNeRF
,,C[C@H](CCCNC(=O)[C@@](C)(O)CC(F)(F)F)NC(=O)c1cc(Cl)no1,,,,,,ZINCpq00000iFAHL
,,CN1C[C@H](C(=O)NNC(=O)CSc2ncnc3ccsc23)CC1=O,,,,,,ZINCoa00000HbAao
,,C[C@@H]1CN(C(=O)OC(C)(C)C)[C@H](C)CN1C(=O)NC[C@@H]1CCC(=O)N1,,,,,,ZINCpj00001BNeRG
,,CC[C@@H](CCCC(=O)N1CCC=C(F)C1)NC(=O)[C@@H](CC1CC1)OC,,,,,,ZINCpz00000xA6fk
,,CC(C)(C)OC(=O)N1CC2(CC(=O)O[C@H]2COC(=O)[C@@H]2CCOC2)C1,,,,,,ZINCph000015KlaQ
,,CC[C@H](C)C=CC(=O)N1CCC[C@](F)(C(=O)N2CC(SC(F)F)C2)C1,,,,,,ZINCpA00000xA6fy
,,CC[C@@](C)(O)C(=O)N1CC2(C[C@@H](C(=O)NC3(C(F)(F)F)CC3)CO2)C1,,,,,,ZINCpf000015Klas
,,C=CCC[C@H](C)Nc1ccc(S(=O)(=O)NC[C@@H](C)N(C)C)cc1C#N,,,,,,ZINCpv00000xEMWH
,,CN(CCC(=O)NC1[C@@H](O)C[C@@H]1O)C(=O)c1n[nH]c2ccccc12,,,,,,ZINCo500000HLYHU
,,C[C@H](NC(=O)C12CC(C[C@H]1N)C2)C12CCC(CC1)C2,,,,,,ZINCjr00000eTefG
,,CN1C[C@H](N(C)C(=O)c2ccccc2N2CCNC2=O)CCC1=O,,,,,,ZINCof00000HbAaE
,,C[C@H]1CN(S(C)(=O)=O)C[C@]1(C)CNC(=O)c1cnnc2ccccc12,,,,,,ZINCpi00001BNeRK
,,CN(C)CC(=O)NC1(CC(=O)NC[C@](C)(O)CCO)CCCCC1,,,,,,ZINCo600000HLYHH
,,C[C@@H]1CN(C(=O)OC(C)(C)C)[C@H]1C(=O)NCC1(O)C[C@@H]2CC[C@H](C1)O2,,,,,,ZINCpk00001BNeRD
,,CC=C[C@H](O)C(=O)NCC(C)(C)C(=O)N1CCC(C)=C(C)C1,,,,,,ZINCmm00000wZXmU
,,C[C@H]1CN2C[C@H](NCc3nc(-c4ccccc4)cs3)C[C@H]2CO1,,,,,,ZINCnx00000otW7b
,,C#CCCNC(=O)CCC[C@@H](C)NC(=O)C1=CCC[C@H]1C,,,,,,ZINClr00000jsON9
,,COC(=O)[C@@]12CC[C@@](C(=O)Nc3ccc(N)c(OC)c3)(CN1)C2,,,,,,ZINCnf00001A3Jgj
,,CCC#CCN=c1[nH]c(N2CCC(CCCO)CC2)nc(=NC)[nH]1,,,,,,ZINCon00000t7H2s
,,C=C=CCCN=c1[nH]c(N2CC[C@]3(CC[C@@H](O)C3)C2)nc(=NC)[nH]1,,,,,,ZINCon00000t7H2n
,,C[C@H]1CN(C(=O)NC[C@H](Cc2ccccc2)N(C)C)CC2(COC2)O1,,,,,,ZINCpj00001BNeQX
,,CC=C[C@H](O)C(=O)NC/C=C/CC(=O)N1CCC[C@@]1(C)CO,,,,,,ZINCm900000wZXmN
,,CCCC[C@@H](C)N=c1ccn2ncc(S(=O)(=O)NC(C)(C)CF)c2[nH]1,,,,,,ZINCpx00000xEMWX
,,C[C@@H]1CN(C2CC2)CCN1Cc1cccnc1-c1cccn1C,,,,,,ZINCnx00000otW7g
,,CC(C)C(=O)C(=O)N1CC2(C[C@H](C(=O)NCCOCCCO)CO2)C1,,,,,,ZINCp5000015Klax
,,CN(CCC(=O)NC1CC(=O)NC(=O)C1)C(=O)[C@@H]1C[C@H](F)CN1C,,,,,,ZINCo400000HLYHL
,,CCC#CCN=c1[nH]c(N2CC[C@](C)(N(C)C)C2)nc2c1COC2,,,,,,ZINCoo00000t7H2u
,,C[C@H](NC(=O)[C@]12CCC[C@H]1NCC2)c1sccc1Cl,,,,,,ZINCjB00000eTefJ
,,CC(C)(C)OC(=O)N1CC2(CO)CC1(C(=O)N1CC3(CCC3=O)C1)C2,,,,,,ZINCpf000015Klb0
,,C=CCC[C@H](C)Nc1ccc(S(=O)(=O)N[C@H](C)CS(C)(=O)=O)cc1Cl,,,,,,ZINCpy00000xEMWP
,,CN1C[C@@H](NC2CCC3(CC2)C(=O)Nc2ccccc23)CS1(=O)=O,,,,,,ZINCog00000HbAav
,,C=C1CC[C@@H](CN(CCC(C)(C)OC)C(=O)C2(O)CCSCC2)C1,,,,,,ZINCoC00000t65k3
,,C=C1CC[C@H](CN(CCC(C)(C)OC)CC2CCS(=O)(=O)CC2)C1,,,,,,ZINCoC00000t65jZ
,,C/C(=C\CO)C(=O)N1CC2(CCN(C(=O)CCn3cccn3)CC2)C1,,,,,,ZINCpc000015KlaJ
,,CCC(CC)C(=O)NCCc1cnc(NC(=O)[C@@H]2CCCN2C)s1,,,,,,ZINCos00000ib7xv
,,CSCC[C@H](C)NC(=O)[C@H]1CCN(C(=O)C2=CCCCC2)CC1(C)C,,,,,,ZINCpG00000sZ5Au
,,CO[C@H](C(=O)N(Cc1ccc(Cl)s1)CC1(OC)CC1)C1CCC1,,,,,,ZINCnH00000sYn7v
,,CN1C[C@H](N)C[C@H]1C(=O)N1CCC[C@@H](c2nnc(S)n2C2CC2)C1,,,,,,ZINCoc00000HbAaB
,,COC(=O)[C@@]12CC[C@@](C(=O)N(C)[C@@H]3CC[C@H]4CNC[C@@H]43)(CO1)C2,,,,,,ZINCnb00001A3JgI
,,CC[C@H](C)CCC(=O)N1CCC[C@@](F)(CNC(=O)C2CC(C)(F)C2)C1,,,,,,ZINCpD00000xA6fp
,,CC[C@H](C)C=CC(=O)N1CCC[C@](F)(C(=O)NC2(C3CCC3)CC2)C1,,,,,,ZINCpD00000xA6fz
,,CN1C[C@H](Nc2ccc(N3CCOCC3)cc2C(N)=O)CCC1=O,,,,,,ZINCoc00000HbAaw
,,CO[C@@H](C(=O)N(Cc1ccccn1)Cc1cc(C)co1)C(C)C,,,,,,ZINCnB00000sYn7y
,,COC(=O)[C@@]12CC[C@@](C(=O)NC3CC([C@@H]4CCOC4)C3)(C1)NC2,,,,,,ZINCnc00001A3Jgh
,,CN1C[C@H](N)C[C@H]1C(=O)Nc1ncc(-c2ccc([N+](=O)[O-])cc2)[nH]1,,,,,,ZINCof00000HbAaC
,,COC(=O)[C@@]12CC[C@@](C(=O)Nc3cn(CC(F)F)nn3)(CN1)C2,,,,,,ZINCn700001A3Jgm
,,CC[C@H](C)C(=O)NCC(=O)N(C)[C@H](C)c1cccc(C#N)c1,,,,,,ZINCms000000Az9r
,,CC(C)C[C@H](C)Nc1cc(N2CCO[C@@H](CCCN(C)C)C2)ncn1,,,,,,ZINCpy00000xEMWW
,,C=C=CCCN=c1[nH]c(N2CC[C@]3(CCCN3C)C2)nc(=NC)[nH]1,,,,,,ZINCon00000t7H2p
,,CC[C@H](C)CC(=O)N1CCC2(CCOCC2)[C@H](C(=O)OC)C1,,,,,,ZINCms000000Azer
,,C=C[C@@H](CC)CC(=O)N1CCC[C@@](F)(CNC(=O)C2(F)CCC2)CC1,,,,,,ZINCpD00000xA6fq
,,C[C@H]1CN(C(=O)OC(C)(C)C)C[C@@H]1CCC(=O)N[C@@H]1CCC(=O)NC1,,,,,,ZINCpm00001BNeRh
,,C[C@H](NC(=O)C12CC(C[C@H]1N)C2)C1CCCCC1,,,,,,ZINCir00000eTefH
,,C[C@H]1CN(Cc2c(-c3cc(Cl)ccc3Cl)cnn2C)CC(=O)N1,,,,,,ZINCnx00000otW7t
,,CN(CCC(=O)NC1CCS(=O)CC1)C(=O)Cn1ncn(C)c1=O,,,,,,ZINCo400000HLYHQ
,,CCCC[C@H](C)Nc1cc(N2CCN([C@@H]3CCOC3)CC2)nc(C)n1,,,,,,ZINCpw00000xEMWV
,,C[C@@H]1CN2CCC[C@H]2CN1C[C@H]1CC(=O)N(c2ccccc2)C1,,,,,,ZINCns00000otW78
,,CN(CCC(=O)NC1CC(=O)NC(=O)C1)C(=O)CN1CSCC1=O,,,,,,ZINCo400000HLYHO
,,CN1C[C@@H](NCCCN2C(=O)CN(C)C2=O)[C@H](c2ccccc2)C1,,,,,,ZINCof00000HbAaA
,,CC=C[C@@H](O)C(=O)NCC(C)=CC(=O)N1CC[C@](C)(CO)C1,,,,,,ZINCm800000wZXn3
,,CC(C)(C)OC(=O)N1CC2(C[C@H](O)[C@H](O)CN2C[C@H]2CCCCO2)C1,,,,,,ZINCpf000015KlaF
,,C[C@H]1CN(C(=O)OC(C)(C)C)C[C@@H]1CNS(=O)(=O)CC[C@H]1CCCO1,,,,,,ZINCpp00001BNeRl
,,CO[C@@H](CC1CC1)C(=O)N[C@@H]1CCCN(c2ncc(Cl)cn2)CC1,,,,,,ZINCou00000pgLsH
,,C=C[C@](C)(O)C(=O)N1C[C@@]2(CNC(=O)[C@@H](C)CC(F)(F)F)C[C@H]1CO2,,,,,,ZINCpf000015KlaX
,,C[C@@H](CCCNC(=O)C[C@H](O)C(Cl)(Cl)Cl)NC(=O)C12CC(C#N)(C1)C2,,,,,,ZINCps00000iFAHF
,,C=CCCCCCN(C)C[C@@H]1CCCCN1C(=O)C[C@H](C)COC,,,,,,ZINCoH000002fLJH
,,CO[C@@H](C(=O)N(Cc1ccc(C)nc1)CC1(Br)CC1)C(C)(C)C,,,,,,ZINCnH00000sYn7I
,,C/C=C/C=C/C(=O)N(C)CC1CN(C(=O)c2cc(C3CC3)on2)C1,,,,,,ZINCos00000ib7xx
,,CCCC[C@@H](C)Nc1ccc(S(=O)(=O)NC[C@H]2CCN(CC)C2)cn1,,,,,,ZINCpw00000xEMWG
,,CCOC(=O)[C@H](C[C@H](C)CC)NC(=O)Cn1ccc(=N)[nH]1,,,,,,ZINClf000007ehyM
,,CO[C@@H](C(=O)N(Cc1ccc(Cl)s1)C[C@H](O)C1CCC1)C1CC1,,,,,,ZINCnD00000sYn7x
,,CC[C@H](C)CC(=O)N1CC[C@@](C(=O)OC)(C2CCOCC2)C1,,,,,,ZINCms000000AzeD
,,CC(C)C(=O)C(=O)N1CC2CC(C(=O)NC[C@H]3CCCNC3=O)(C2)C1,,,,,,ZINCp6000015Klad
,,C[C@H]1CN(C(=O)OC(C)(C)C)CCCN1C(=O)NC1CC(C(N)=O)C1,,,,,,ZINCpi00001BNeRg
,,CC(C)[C@@H](O)C(=O)NC(C)(C)CC(=O)N1CC[C@]1(C)C(C)C,,,,,,ZINCmp00000wZXmI
,,COC(=O)C12CCC(C(=O)N[C@@H]3COc4cnccc43)(CC1)O2,,,,,,ZINCne00001A3JgV
,,C[C@@H](CC(=O)NC[C@@H](O)C(=O)NCC1(O)CCCC1)CC(C)(C)C,,,,,,ZINCoj00000sIKbZ
,,CC[C@H](C)CCC(=O)N1CC[C@@](CF)(C(=O)N2C[C@H]3CCC[C@H]3C2)C1,,,,,,ZINCpC00000xA6fx
,,CN(CCC(=O)NC1([C@@H](O)CO)CC1)C(=O)[C@]1(O)CCOC1(C)C,,,,,,ZINCo400000HLYHW
,,C[C@H]1CN(C(=O)OC(C)(C)C)CC[C@@H]1C(=O)N1CC(F)(CC(=O)O)C1,,,,,,ZINCpp00001BNeRa
,,CC(C)C(=O)C(=O)N1CC2(C[C@H](C(=O)N[C@@H]3C[C@]3(C)C(F)F)CO2)C1,,,,,,ZINCpf000015Klay
,,C=CCCCCCN(C)C[C@@H]1CCCCN1C(=O)[C@@H](C)CCOC,,,,,,ZINCoH000002fLJJ
,,CCOC(=O)[C@H](CC1CC(F)(F)C1)NC(=O)c1cnn[nH]1,,,,,,ZINClf000007ehkg
,,C[C@H]1CN(C(=O)OC(C)(C)C)C[C@@H]1CNC1CCC(CO)(CO)CC1,,,,,,ZINCpp00001BNeRj
,,COC(=O)[C@@]12CC[C@@](C(=O)N3CCOC[C@H]3C(F)(F)F)(CO1)C2,,,,,,ZINCne00001A3Jgb
,,C[C@@H]1CN(C(=O)OC(C)(C)C)CC[C@H]1C(=O)N1C[C@H](CC#N)[C@@H](O)C1,,,,,,ZINCpm00001BNeRb
,,CO[C@@H](C(=O)N(Cc1ccc(Cl)o1)C[C@H](O)C1CCC1)C(C)C,,,,,,ZINCnA00000sYn7t
,,CN1C[C@H](N(C)C(=O)c2cnc(-c3ccnn3C)cn2)CCC1=O,,,,,,ZINCob00000HbAaF
,,CCOC(=O)[C@H](NCc1nc(C(C)C)n[nH]1)[C@H]1CCOC1,,,,,,ZINClf000007ehPT
,,CN1C[C@H](NCc2cn(CC(=O)O)c3ncccc23)C2(CC2)C1=O,,,,,,ZINCoe00000HbAaz
,,CC=C[C@H](O)C(=O)NC/C=C/CC(=O)N1CCCC2(CC2)C1,,,,,,ZINCmj00000wZXmO
,,C#CC[C@H](O)C(=O)N(C)CCCC(=O)N1CC[C@](C)(C#N)C1,,,,,,ZINCm900000wZXn1
,,C=C(C)CCN=c1[nH]c(N2Cc3cncnc3[C@@H](C)C2)nc(=N)[nH]1,,,,,,ZINCon00000t7H2l
,,CCCCNC(=O)C(C)(C)[C@@H](C)NC(=O)c1ccn(C)c1,,,,,,ZINClq00000jsONf
,,C[C@@H](CCCNC(=O)C[C@@H](O)c1ccccc1)NC(=O)[C@]1(F)C[C@H]1C,,,,,,ZINCps00000iFAHE
,,C[C@@H](CCCNC(=O)CCSC(F)(F)F)NC(=O)c1ncncc1F,,,,,,ZINCps00000iFAHO
,,C[C@@H]1CN(C(=O)C2CC(C)(C)C2)[C@H]1C(=O)N1CCC(OC2CC2)CC1,,,,,,ZINCpu00000tAh2a
,,C[C@@H]1CN2CCC[C@@H]2CN1Cc1cccc(-c2n[nH]c(=N)s2)c1,,,,,,ZINCnu00000otW77
,,COC(=O)[C@@]12CC[C@@](C(=O)Nc3ccn4nccc4n3)(CO1)C2,,,,,,ZINCnd00001A3Jgl
,,CCC(CC)NC(=O)[C@@]1(NC(=O)[C@@H](C)CC)CCSC1,,,,,,ZINCkt00000cvxXf
,,C[C@H]1CN(C(=O)OC(C)(C)C)C[C@@H]1C(=O)N1C[C@@H]2[C@H]3C=C[C@@H](O3)[C@H]2C1,,,,,,ZINCpp00001BNeRn
,,C#CC[C@H](O)C(=O)N(CC)CCC(=O)N1CC[C@](C)(C#N)C1,,,,,,ZINCm900000wZXn2
,,CN(CCC(=O)NC1CC(=O)NC(=O)C1)C(=O)C1[C@@H]2CC(=O)C[C@@H]12,,,,,,ZINCo400000HLYHJ
,,C/C(=C\CO)C(=O)N1CC2(CN(C(=O)C[C@@H]3C=CCC3)C[C@H]2CO)C1,,,,,,ZINCpb000015KlaW
,,COC(=O)C12CCC(C(=O)NCc3[nH]c(C)nc3C)(CC1)NC2,,,,,,ZINCnd00001A3Jgz
,,CC#CC[C@H](C)Nc1cc(NC2CCN(C(=O)C3CC3)CC2)ncn1,,,,,,ZINCpv00000xEMWZ
,,CSCC[C@@H](C)NC(=O)[C@@H]1CCN(C(=O)C2CC(C)(C)C2)C(C)(C)C1,,,,,,ZINCpG00000sZ5Av
,,CCC(CC)NC(=O)[C@]1(NC(=O)[C@H](C)CC)CCSC1,,,,,,ZINCkt00000cvxXe
,,C[C@H]1CN(C(=O)OC(C)(C)C)CCCN1C[C@@H]1CC1(C(=O)O)C(=O)O,,,,,,ZINCpk00001BNeRe
,,COC(=O)C12CCC(C(=O)Nc3cc(Cl)ncc3C(N)=O)(C1)C2,,,,,,ZINCnl00001A3Jgi
,,C[C@H]1CN(C2CC2)CCN1C(=O)Nc1ccc(C(F)(F)F)cn1,,,,,,ZINCny00000otW7k
,,C/C=C/C=C/C(=O)N(C)CC1CN(S(=O)(=O)c2cccc(F)c2)C1,,,,,,ZINCoq00000ib7xH
,,CC(C)(C)OC(=O)N1CC2(C[C@H](NC(=O)N[C@@H]3[C@H]4COC[C@H]43)CO2)C1,,,,,,ZINCpd000015KlaE
,,CSCC[C@H](C)NC(=O)[C@@H]1C[C@H](C)CCN1C(=O)C[C@@H]1CCCSC1,,,,,,ZINCpE00000sZ5Aq
,,COC(=O)[C@@]12CC[C@@](C(=O)NC[C@H]3CC[C@H]3CN=[N+]=[N-])(CO1)C2,,,,,,ZINCnl00001A3JgH
,,CCOC(=O)[C@H](CCC#N)NC(=O)C1(N)CC2(CCC2)C1,,,,,,ZINClf000007ehm7
,,C[C@H]1CN(C(=O)OC(C)(C)C)C[C@@H]1CNC(=O)[C@H]1CC(C)(C)C(=O)N1,,,,,,ZINCpl00001BNeRk
,,C[C@H]1CN2C[C@H](NC(=O)[C@@]3(c4cccs4)CC3(C)C)C[C@H]2CO1,,,,,,ZINCnt00000otW7c
,,CC(C)C(=O)C(=O)N1CC2(CN(C(=O)C[C@H]3CC3(C)C)C[C@@H]2CO)C1,,,,,,ZINCpf000015KlaV
,,CC[C@H](C)/C=C/C(=O)N1CCC[C@@](F)(CNC(=O)C2(F)CCC2)CC1,,,,,,ZINCpD00000xA6fr
,,C=CCC[C@@H](C)Nc1ccc(S(=O)(=O)NCC(C)(C)C(N)=O)c(Cl)c1,,,,,,ZINCpy00000xEMWC
,,CCOC(=O)[C@H](COC)NC(=O)COc1ccc(Br)cn1,,,,,,ZINClf000007ehtb
,,CO[C@H](C(=O)N(Cc1ccccn1)Cc1ccc(C)s1)C(C)C,,,,,,ZINCnG00000sYn7z
,,CC[C@@H](C)CCC(=O)N1CCC[C@](F)(C(=O)N2C[C@H]3CC=C[C@H]2C3)C1,,,,,,ZINCpD00000xA6fw
,,C[C@H]1CN(C(=O)OC(C)(C)C)C[C@@H](C)[C@H]1N[C@@H]1CCN(CCCO)C1,,,,,,ZINCpp00001BNeRv
,,CC[C@@H](CCCC(=O)N1CCC=C(F)C1)NC(=O)C[C@@H]1CCCCO1,,,,,,ZINCpA00000xA6fh
,,CC(C)(C)OC(=O)N1C[C@@]2(CNC(=O)N3CC(F)(C#N)C3)C[C@H]1CO2,,,,,,ZINCpg000015KlaY
,,CO[C@H](CC1CC1)C(=O)N[C@@H]1CC[C@H](NC(=O)[C@@H](C)SC(C)C)C1,,,,,,ZINCou00000pgLsG
,,CC(C)C[C@@H](C)Nc1ccc(S(=O)(=O)NCCn2cccn2)cc1F,,,,,,ZINCpy00000xEMWK
,,CC(C)(C)OC(=O)N1CC2(CC(NC(=O)NC[C@@H]3CNC(=O)C3)C2)C1,,,,,,ZINCpe000015KlaL
,,CN(C)CC(=O)NC1(CC(=O)NCCN2CCC[C@@H](O)C2)CCC1,,,,,,ZINCo500000HLYHI
,,C[C@@H]1CN(C(=O)N[C@H]2CCC[C@@H](C(=O)NC3CC3)C2)CC[C@H]1CCO,,,,,,ZINCpo00001BNeQZ
,,C[C@H](CCCNC(=O)CCN1CCC1)NC(=O)c1ccc(F)c(F)c1,,,,,,ZINCpq00000iFAHH
,,CO[C@H](C(=O)N(Cc1ccc(C)nc1)CC1CCC1)C1CCC1,,,,,,ZINCnD00000sYn7K
,,C[C@H](CCCNC(=O)CCN1CCC1)NC(=O)c1ccc(Cl)cc1O,,,,,,ZINCpr00000iFAHG
,,C[C@H]1CN(C(=O)N[C@H]2CN(C(=O)OC(C)(C)C)C[C@H]2F)CC(F)(F)O1,,,,,,ZINCpp00001BNeR7
,,CO[C@@H](C(=O)N(Cc1c(C)ccnc1C)CC(F)(F)Cl)C1CC1,,,,,,ZINCnC00000sYn7N
,,CC(C)(C)OC(=O)N1CC2(C[C@H]2C(=O)N[C@@]23CO[C@@H](CNC2=O)C3)C1,,,,,,ZINCp6000015Klal
,,CC=C[C@H](O)C(=O)NCC(C)(C)C(=O)N1CC(CC(C)C)C1,,,,,,ZINCml00000wZXmT
,,COC(=O)[C@@]12CC[C@@](C(=O)NCC3(C4(O)CCC4)CC3)(C1)NC2,,,,,,ZINCna00001A3Jgq
,,CN(CCC(=O)NC1CC(=O)NC(=O)C1)C(=O)Cn1cnnc1O,,,,,,ZINCo300000HLYHN
,,CCCCCN=c1[nH]c(N2C[C@]3(C)CN(C)C[C@@]3(C)C2)nc(=N)[nH]1,,,,,,ZINCoo00000t7H2k
,,C[C@@H]1CN(C2CC2)CCN1Cc1cnc(-c2ccccn2)nc1,,,,,,ZINCns00000otW7i
,,C=C[C@](C)(O)C(=O)N1CC2CC(C(=O)NOC(COC)COC)(C2)C1,,,,,,ZINCp5000015Klak
,,C[C@H]1CN(S(C)(=O)=O)C[C@]1(C)CNC(=O)c1ccc2ccccc2n1,,,,,,ZINCpo00001BNeRI
,,C=CCC[C@H](C)Nc1ccc(S(=O)(=O)N[C@@H]2CCCOC2)cc1C#N,,,,,,ZINCpx00000xEMWN
,,CC[C@H](C)CCC(=O)N1CCC[C@](F)(CNC(=O)[C@@H](F)C(C)(F)F)C1,,,,,,ZINCpC00000xA6fu
,,CCOC(=O)[C@H](CCOC)NC(=O)[C@@H]1CCCC[C@]1(C)N,,,,,,ZINClf000007ehpf
,,C[C@@H]1CN(C(=O)OC(C)(C)C)C[C@@H]1NC(=O)[C@H](F)Oc1cnn(C)c1,,,,,,ZINCpk00001BNeRp
,,COC(=O)[C@@]12CC[C@@](C(=O)NCC3(c4ccsc4)CC3)(C1)NC2,,,,,,ZINCnl00001A3Jgp
,,COC(=O)[C@@]12CC[C@@](C(=O)NCC3(CC(F)(F)F)CC3)(CN1)C2,,,,,,ZINCnl00001A3Jgv
,,CC(C)/C=C/C(=O)N(C)C[C@H]1CCCN(c2nccc(C#N)n2)C1,,,,,,ZINCos00000ib7xJ
,,C[C@@H]1CN(c2ccc(NC(=O)CCN(C)C)cc2Cl)C[C@@H](C)O1,,,,,,ZINCny00000otW7n
,,CN1C[C@H](N2C(=O)N[C@@H](Cc3cccc(Cl)c3)C2=O)CCS1(=O)=O,,,,,,ZINCoe00000HbAau
,,CC[C@](C)(O)C(=O)N1CC2(C[C@H](C(=O)N3CC(C)(N(C)C)C3)CO2)C1,,,,,,ZINCp5000015Klaq
,,CO[C@H](CC1CC1)C(=O)N[C@H]1CC[C@@H](NC(=O)c2ccsc2C)C1,,,,,,ZINCow00000pgLsC
,,C[C@H]1CN(C(=O)C2CCCCC2)[C@@H]1C(=O)N1CCC(C)(CCO)CC1,,,,,,ZINCpu00000tAh29
,,C=C1CC[C@H](CN(CCC(C)(C)OC)C(=O)[C@@H](C)N(C)C(C)=O)C1,,,,,,ZINCoy00000t65k7
,,C[C@@H]1CN(C(=O)OC(C)(C)C)CC[C@@H]1C(=O)N1CC(CO)(C(F)F)C1,,,,,,ZINCpp00001BNeR9
,,C[C@H]1CN(C(=O)OC(C)(C)C)C[C@H]1n1cc(C[C@@H]2CCOC2=O)nn1,,,,,,ZINCpo00001BNeRo
,,CCC(CC)C(=O)N(C)CC1CN(S(=O)(=O)c2ccc(Br)cn2)C1,,,,,,ZINCot00000ib7xF
,,CN1C[C@H](C(=O)OCC(=O)NC(=O)C2CC2)c2ccccc2C1=O,,,,,,ZINCoa00000HbAaq
,,COC(=O)[C@@]12CC[C@@](C(=O)NCc3noc(C4CC4)n3)(C1)NC2,,,,,,ZINCn800001A3JgA
,,CN1C[C@@H](N(C)C(=O)c2cccc3[nH]c(=O)c(=O)[nH]c23)CCC1=O,,,,,,ZINCod00000HbAaD
,,CC[C@](C)(O)C(=O)N1CC2(CO)CC1(C(=O)NC1(C)CS(=O)(=O)C1)C2,,,,,,ZINCp4000015Klb7
,,CC=CCNC(=O)C(C)(C)[C@@H](C)NC(=O)c1cc(Cl)ns1,,,,,,ZINClw00000jsONe
,,CC[C@@H](C)/C=C/C(=O)N1CCC[C@@](F)(CNC(=O)C2(F)CCCC2)C1,,,,,,ZINCpD00000xA6fs
,,CO[C@H](C(=O)N(Cc1ccccn1)C[C@]1(C)C[C@H]1C)C1CCC1,,,,,,ZINCnC00000sYn7A
,,CO[C@H](CC1CC1)C(=O)N[C@H]1CCCN(C(=O)CC2CCC2)[C@H]1C,,,,,,ZINCou00000pgLsI
,,C=C1CC[C@H](CN(CCCCC(=O)OC)Cc2c(Br)nnn2C)C1,,,,,,ZINCoA00000t65k9
,,CC(C)C(=O)C(=O)N1CC2(C[C@@H](C(=O)NC[C@@H](CO)C3CC3)CO2)C1,,,,,,ZINCp5000015Klaw
,,C=C1CC[C@@H](CN(CCC(C)(C)OC)C(=O)c2nccnc2C)C1,,,,,,ZINCoD00000t65k2
,,C[C@H]1CN(C(=O)OC(C)(C)C)C[C@H](CNC(=O)N2CC[C@H](C#N)C2)O1,,,,,,ZINCpl00001BNeRx
,,COC(=O)[C@@]12CC[C@@](C(=O)NC[C@@]3(C)CCCC3(F)F)(C1)NC2,,,,,,ZINCnm00001A3Jgs
,,CO[C@@H](C(=O)N(Cc1ccccn1)C[C@](C)(F)C(C)C)C(C)C,,,,,,ZINCnE00000sYn7F
,,COC(=O)[C@]12CC[C@](C(=O)N(C)[C@H](c3ncon3)C3CC3)(C1)C2,,,,,,ZINCnn00001A3JgL
,,CSCC[C@@H](C)NC(=O)[C@@H]1C[C@@H]2C[C@@H]2N1C(=O)[C@@H](C)CCCC(C)C,,,,,,ZINCpG00000sZ5Ao
,,CN(C)CC(=O)NC1[C@H]2CC[C@H]1CN(C(=O)[C@H]1C[C@@]13CCOC3)C2,,,,,,ZINCo900000HLYHS
,,C[C@H]1CN(C2CC2)CCN1CC(=O)NCc1ccc(F)c(Br)c1,,,,,,ZINCnt00000otW7j
,,C[C@H]1CN(c2ccc(NC(=O)N=c3nc[nH]s3)cc2)C[C@H](C)O1,,,,,,ZINCnx00000otW7p
,,COC(=O)[C@@]12CC[C@@](C(=O)Nc3ccc(OC)cc3C)(CN1)C2,,,,,,ZINCnm00001A3Jgk
,,CCCC[C@H](C)Nc1cc(NC2CN(c3cccnn3)C2)nc(C)n1,,,,,,ZINCpy00000xEMX1
,,CSCC[C@@H](C)NC(=O)[C@H]1CCN(C(=O)C2(C)CC(C)(C)C2)C[C@H]1C,,,,,,ZINCpF00000sZ5Ay
,,CC=C[C@H](O)C(=O)NCCCCC(=O)N1CCCC[C@H]1CF,,,,,,ZINCml00000wZXn0
,,C[C@@H](CCCNC(=O)[C@@](C)(O)CC(F)F)NC(=O)C=Cc1ccco1,,,,,,ZINCpr00000iFAHN
,,CO[C@H](C(=O)N(Cc1ccccn1)CC1[C@H](C)[C@H]1C)C1CCC1,,,,,,ZINCnB00000sYn7C
,,COC(=O)C12CCC(C(=O)NC[C@@]34CCCN[C@@H]3CCC4)(C1)C2,,,,,,ZINCnn00001A3Jgo
,,CC(C)[C@@H](O)C(=O)N(C)C/C=C/C(=O)N1CC[C@]1(C)C(C)C,,,,,,ZINCmm00000wZXmH
,,CC(C)CCC(=O)NCCCN1CCN(c2ccnc(Br)n2)CC1,,,,,,ZINCot00000ib7xL
,,CC=C[C@H](O)C(=O)N(C)C/C=C/C(=O)N1CC[C@](C)(CC)C1,,,,,,ZINCml00000wZXmR
,,C[C@H]1CN(C(=O)c2ccccc2CC#N)[C@@H]1C(=O)N1C2CCC1CC2,,,,,,ZINCpt00000tAh25
,,COC(=O)[C@@]12CC[C@@](C(=O)N(CCO)[C@H]3CCO[C@H]3C)(CO1)C2,,,,,,ZINCn600001A3JgN
,,C[C@H](NC(=O)C12CC(C[C@@H]1N)C2)c1ncccc1Cl,,,,,,ZINCjq00000eTefI
,,CC[C@@](C)(O)C(=O)N1CC2(CO)CC1(C(=O)NCC1(COC)CC1)C2,,,,,,ZINCp6000015Klb8
,,CC=C[C@@H](O)C(=O)NC(C)(C)CC(=O)N1CC[C@@]2(CCO2)C1,,,,,,ZINCmc00000wZXmM
,,C[C@@H]1CN(C(=O)C2=CC(C)(C)C2)[C@H]1C(=O)N1CCOC2(CCC2)CC1,,,,,,ZINCpt00000tAh2b
,,C[C@H]1CN(C(=O)OC(C)(C)C)C[C@H]1NC(=O)N[C@@H]1CC[C@H]([S@@](C)=O)C1,,,,,,ZINCpo00001BNeRu
,,C#CCCCC(=O)NCCc1c[nH]c(=NCc2ccc(CO)o2)s1,,,,,,ZINCot00000ib7xD
,,C[C@H]1CN(C2CCN([C@H]3C[C@@H]4CC[C@H](C3)N4C)CC2)C[C@@H](C)O1,,,,,,ZINCnr00000otW7q
,,CCOC(=O)[C@H](CC1CC1)NC(=O)[C@H](N)CCOC(C)C,,,,,,ZINClf000007ehkP
,,CN(CCC(=O)NC1(C)CS(=O)(=O)C1)C(=O)C[C@@H]1C=NN(C)C1=O,,,,,,ZINCo400000HLYHR
,,CC(C)CCC(=O)N(C)CC1CN(C(=O)CC2CCN(C)CC2)C1,,,,,,ZINCoq00000ib7xC
,,CC[C@H](C)C=CC(=O)N1CC[C@@](CF)(C(=O)NCC2(SC)CCC2)C1,,,,,,ZINCpB00000xA6fE
,,C=C=CCNC(=O)CCC[C@@H](C)NC(=O)c1cc(C)c[nH]1,,,,,,ZINClq00000jsONc
,,CO[C@@H](CC1CC1)C(=O)N[C@H]1CC[C@@H](NC(=O)[C@H](C)C(C)(C)C)C1,,,,,,ZINCow00000pgLsE
,,C=C(CC)CN=c1[nH]c(N2CC[C@@H]3[C@H](CCCN3C)C2)nc(=N)[nH]1,,,,,,ZINCon00000t7H2x
,,CC[C@@](C)(CN=c1[nH]c(N2CCC(=CBr)CC2)nc(=N)[nH]1)C(N)=O,,,,,,ZINCom00000t7H2q
,,C=C[C@](C)(O)C(=O)N1CC2(C=C(C(=O)N[C@@H]3CCCN(C)C3)CO2)C1,,,,,,ZINCp5000015Klai
,,C[C@@H]1CN(C(=O)OC(C)(C)C)C[C@@H](C(=O)N2CC[C@@](C)(O)C[C@H]2C)O1,,,,,,ZINCpn00001BNeRz
,,COC(=O)[C@@]12CC[C@@](C(=O)NCc3ccc(O)c(O)c3)(CN1)C2,,,,,,ZINCn900001A3Jgu
,,CC(C)C(=O)C(=O)N1CC2(C[C@@H](C(=O)N[C@H](C)c3nccs3)CO2)C1,,,,,,ZINCph000015KlaA
,,CC[C@](C)(O)C(=O)N1CC2(CCN2C(=O)[C@@H]2[C@H](C(=O)OC)C2(C)C)C1,,,,,,ZINCpa000015KlaG
,,CC=C[C@H](O)C(=O)N(CC)CCC(=O)N1CC(C)(CCO)C1,,,,,,ZINCm900000wZXn4
,,CO[C@H](CC1CC1)C(=O)N[C@@H]1CC[C@@H](NC(=O)CCC(C)(C)C)C1,,,,,,ZINCox00000pgLsD
,,CCOC(=O)[C@H](CNC(=O)[C@H]1CCCC(=O)N1)CC(C)C,,,,,,ZINClf000007ehqA
,,CCOC(=O)[C@H](NC(=O)[C@H](O)c1cccnc1)C1CCC1,,,,,,ZINClf000007ehM3
,,CN(CCC(=O)NC1CC(=O)NC(=O)C1)C(=O)CCc1csnn1,,,,,,ZINCo500000HLYHK
,,CN(CCC(=O)NC1CCS(=O)CC1)C(=O)c1cnn2c1CCC2,,,,,,ZINCo900000HLYHP
,,CN1C[C@H](N(C)C(=O)NCc2nnn(C)c2C(F)(F)F)CCC1=O,,,,,,ZINCob00000HbAaG
,,CC/C=C(\C)C(=O)N(C)CC1CN(C(=O)c2cnc(SC)nc2)C1,,,,,,ZINCoq00000ib7xy
,,CC(C)(C)OC(=O)N1CC2(CC(=O)N[C@H](C3CC3)[C@H](O)CO)CC1C2,,,,,,ZINCpg000015KlaP
,,CN(CCC(=O)NC1([C@@H](O)CO)CC1)C(=O)C[C@H]1CCCC(=O)C1,,,,,,ZINCo500000HLYHY
,,FC(F)(F)COc1cccnc1N1CC[C@H]2CCC[C@@H]2CC1,,,,,,ZINCmK00000dzb9E
,,CCOC(=O)[C@H](CCOC)NC(=O)c1cn(CC)nc1C,,,,,,ZINClf000007ehpL
,,CC/C=C(\C)C(=O)N(C)CC1CN(C(=O)Cc2cccc(O)c2)C1,,,,,,ZINCos00000ib7xA
,,C[C@H](CC(=O)NC[C@@H](O)C(=O)Nc1ccc(F)cc1O)C(F)(F)F,,,,,,ZINCol00000sIKbP
,,CN1C[C@@H](NCc2cnc(CCNC(=O)OC(C)(C)C)s2)C(=O)N1,,,,,,ZINCoc00000HbAay
,,CC[C@@](C)(O)C(=O)N1CC2(CO)CC1(C(=O)N1CCC(C)(C)[C@H]1C)C2,,,,,,ZINCph000015Klb1
,,CC#CC[C@@H](C)Nc1cc(N2CCC(OCCCOC)CC2)ncn1,,,,,,ZINCpx00000xEMWR
,,COC(=O)[C@@]12CC[C@@](C(=O)N(C)C[C@H]3CCC(F)(F)C3)(CO1)C2,,,,,,ZINCnp00001A3JgF
,,C[C@H](CCCNC(=O)CC[S@](C)=O)NC(=O)Cc1cccc(F)c1Cl,,,,,,ZINCpr00000iFAHP
,,C[C@H]1CN(C(=O)OC(C)(C)C)C[C@@H]1NC(=O)N1CCN2CCC[C@@H]2C1,,,,,,ZINCpn00001BNeRr
,,CC[C@@H](CCCC(=O)N1CCC(C)(F)CC1)NC(=O)c1cc(C)c[nH]1,,,,,,ZINCpD00000xA6fn
,,C[C@H]1CN(C(=O)OC(C)(C)C)CC[C@H]1COC(=O)Cc1ncnn1C,,,,,,ZINCpn00001BNeR8
,,CC[C@H](C)C(=O)N1CCC[C@H](C(=O)Nc2nc(C)c(C)[nH]2)C1,,,,,,ZINCms000000Az6u
,,C[C@@H]1CN2CCC[C@@H]2CN1C(=O)NCc1c(F)ccc(F)c1F,,,,,,ZINCnu00000otW7a
,,C=CCCCNC(=O)C1(NC(=O)[C@H](C)C(F)F)CCC1,,,,,,ZINCkq00000cvxXg
,,COC(=O)[C@@]12CC[C@@](C(=O)N(CCO)[C@@H]3CCCSC3)(CO1)C2,,,,,,ZINCne00001A3JgM
,,CC(C)(C)OC(=O)N1CC2(CN(CC(=O)NC[C@@H](O)C(C)(C)O)C2)C1,,,,,,ZINCp5000015KlaS
,,C=C1CC[C@H](CN(CCC(C)(C)OC)C(=O)[C@@H](C)n2ccnn2)C1,,,,,,ZINCoy00000t65k6
,,CN1C[C@@H](C(=O)NNC(=O)NC[C@@](C)(F)c2ccccc2)CC1=O,,,,,,ZINCoc00000HbAap
,,CC(C)C(=O)C(=O)N1CC2(CO)CC1(C(=O)N1CC(O)(C(N)=O)C1)C2,,,,,,ZINCp3000015Klb4
,,CCOC(=O)[C@H](CC(F)(F)F)NC(=O)Cc1cncn1C,,,,,,ZINClf000007ehg0
,,CN(CCC(=O)NC1CC(=O)NC(=O)C1)C(=O)[C@@H](C#N)C(C)(C)C,,,,,,ZINCo500000HLYHM
,,CCCC[C@H](C)Nc1cc(NC2CCN(S(=O)(=O)CC)CC2)ncn1,,,,,,ZINCpw00000xEMX0
,,CC[C@](C)(O)C(=O)N1CC2(C=C(C(=O)N[C@@H]3C[C@H]3CCOC)CO2)C1,,,,,,ZINCp8000015Klaj
,,C=C1CC[C@@H](CN(CCC(C)(C)OC)C(=O)[C@](C)(F)C(=O)OC)C1,,,,,,ZINCoy00000t65k4
,,CO[C@@H](C(=O)N(Cc1ccc(C)nc1C)CC1(Br)CC1)C(C)C,,,,,,ZINCnG00000sYn7L
,,CC1(C)C[C@@H](CN[C@](C)(CCCl)c2nnnn2C(C)(C)C)CCO1,,,,,,ZINCoA00000t65jY
,,CC1(C)C[C@@H](CN(CCCCCF)C(=O)[C@@H](O)C2CCCC2)CO1,,,,,,ZINCoD00000t65jS
,,CC(C)(C)OC(=O)N1CC2(CC(S(=O)(=O)N3C[C@@H]4C[C@H]3C[C@H]4O)C2)C1,,,,,,ZINCph000015KlaR
,,C[C@H]1CN(C(=O)OC(C)(C)C)CC[C@@H]1C(=O)N1CCO[C@H]2COC[C@H]21,,,,,,ZINCpl00001BNeRc
,,COC(=O)[C@@]12CC[C@@](C(=O)NC[C@@]3(C)CC(F)(F)CN3)(CO1)C2,,,,,,ZINCnc00001A3Jgt
,,C[C@@H]1CN(C2CC2)CCN1C(=O)Nc1nc2c(s1)C(=O)CCC2,,,,,,ZINCnt00000otW7l
,,C[C@H](CC(=O)NC[C@H](O)C(=O)Nc1cnn(CCF)c1)C(C)(C)C,,,,,,ZINCoj00000sIKbT
,,C[C@H]1CN(C(=O)OC(C)(C)C)C[C@H]1NC(=O)NCCOC(=O)C1CC1,,,,,,ZINCpk00001BNeRt
,,COC(=O)[C@@]12CC[C@@](C(=O)NCCc3cn(C)nc3C)(CO1)C2,,,,,,ZINCnb00001A3JgB
,,C[C@@H](CC(=O)NC[C@H](O)C(=O)NC1(CCF)CCC1)n1cccc1,,,,,,ZINCoj00000sIKbQ
,,C/C(=C\CO)C(=O)N1C[C@@]2(CNC(=O)C=C3CCOCC3)C[C@H]1CO2,,,,,,ZINCp7000015KlaU
,,C=C[C@H](CC)CC(=O)N1CC[C@@](CF)(C(=O)NC[C@]2(Cl)CC2(F)F)C1,,,,,,ZINCpz00000xA6fC
,,CSCC[C@H](C)NC(=O)[C@@H]1C[C@H](F)CCN1C(=O)C(C)=CC(C)(C)C,,,,,,ZINCpF00000sZ5Ar
,,C[C@H]1CN(C(=O)NC[C@@H]2[C@H]3CCCO[C@@H]23)C[C@H]1NC(=O)OC(C)(C)C,,,,,,ZINCpp00001BNeQW
,,CC[C@](C)(O)C(=O)N1CC2(CO)CC1(C(=O)N1CCC[C@@H](F)CC1)C2,,,,,,ZINCpe000015Klb2
,,CCC(C)(C)C(=O)N(C)CC1CN(S(=O)(=O)c2ccc(Br)cn2)C1,,,,,,ZINCot00000ib7xE
,,C#CCCCC(=O)NCCc1cnc(NC(=O)[C@@H](C)OCC=C)s1,,,,,,ZINCor00000ib7xw
,,C#CC[C@@H](O)C(=O)N(CC#C)CC(=O)N1CC(CC)(CC)C1,,,,,,ZINCma00000wZXmP
,,CC[C@](C)(CN=c1[nH]c(N2CCC(C)=C(Br)C2)nc(=N)[nH]1)C(N)=O,,,,,,ZINCom00000t7H2r
,,CC(C)(C)OC(=O)N1CC2(C[C@@H](NC3CC4(CNC(=O)N4)C3)CO2)C1,,,,,,ZINCpb000015KlaB
,,C=C1CC[C@@H](CN(CCC(C)(C)OC)C(=O)[C@H](CCOC)OC)C1,,,,,,ZINCoA00000t65k5
,,C=C[C@](C)(O)C(=O)N1CC2(C[C@@H](C(=O)NCC(C)(CO)CO)CO2)C1,,,,,,ZINCp4000015Klau
,,CC[C@H](CCCC(=O)N1CC(C)(CF)C1)NC(=O)[C@H]1C[C@@H]1C(F)(F)F,,,,,,ZINCpA00000xA6fj
,,CC=C[C@H](O)C(=O)N(CC)CCC(=O)N1CC(C(C)(C)C)C1,,,,,,ZINCmm00000wZXmS
,,CO[C@@H](C(=O)N(Cc1ccc(Cl)s1)Cc1nccn1C)C1CC1,,,,,,ZINCnA00000sYn7u
,,C=CCC[C@@H](C)Nc1ccc(S(=O)(=O)NC[C@H](C)N(CC)CC)cn1,,,,,,ZINCpy00000xEMWI
,,CC(C)(C)OC(=O)N1CC2(CO)CC1(C(=O)N1CC[C@H]3OC[C@H]3C1)C2,,,,,,ZINCpf000015Klb3
,,CCOC(=O)[C@H](NCc1nn(C)c2c1COCC2)C1CC1,,,,,,ZINClf000007ehPY
,,CSCC[C@H](C)NC(=O)[C@@H]1CCN(C(=O)c2ccccc2Cl)C1(C)C,,,,,,ZINCpI00000sZ5Aw
,,CC[C@H](C)C(=O)N1CSC[C@H]1C(=O)NC[C@H](C)OC(C)(C)C,,,,,,ZINCms000000Az7M
,,C#CC[C@@H](O)C(=O)N(C)CCCC(=O)N1CC[C@@]1(C)CCO,,,,,,ZINCm500000wZXmJ
,,CCN(CCCNC(=O)[C@H](CCSC)N(C)C)C(=O)[C@H]1CC12CC2,,,,,,ZINCoo00000qocG5
,,CCC[C@]1(NC(=O)CCC[C@@H](C)NC(=O)c2c[nH]c(C)c2)CCOC1,,,,,,ZINCpw00000xDNh9
,,C=CCNc1c(CC(C)C)nc2c([C@@H](C)O)cc(Br)cn12,,,,,,ZINClJ00000nm2aD
,,C#CC1(C(=O)OCCc2ccc(F)c(Cl)c2)CCCC1,,,,,,ZINCkH000002xn1B
,,CCN(CCCNC(=O)[C@H](C)N1CC(C)C1)C(=O)C1CC(SC)C1,,,,,,ZINCoo00000qocGd
,,CCC(=O)N1CC[C@H](C)N(C(=O)C23C[C@H]4C[C@@H](CC(O)(C4)C2)C3)CC1,,,,,,ZINCpr000002afOW
,,CCN(CCCNC(=O)[C@H](CCOC)OC)C(=O)[C@@H](C)C1CCC1,,,,,,ZINCoo00000qocG2
,,CCOC1(CNC(=O)[C@@H](O)CCNC(=O)CCc2nccn2C)CC1,,,,,,ZINCp5000015Mzcj
,,CCOC1(CNC(=O)[C@H](O)CC(F)(F)F)CN(C(=O)c2cnsc2)C1,,,,,,ZINCpe000015Mzch
,,CCC(=O)N1CC[C@H](C(=O)N[C@@H]2CCCN(CCc3cccs3)C2)C1,,,,,,ZINCpr000002afLW
,,CN(C[C@H]1CCCS1)c1ccc(C2CN(C(=O)OC(C)(C)C)C2)nn1,,,,,,ZINCpB00000xChN1
,,CN(C[C@@H]1CCCOC1)C(=O)[C@H]1CCC(C)(C)N(C(=O)C(C)(C)C)C1,,,,,,ZINCpz00000xChMJ
,,CN(C[C@H]1CCCOC1)C(=O)[C@H](NC(=O)c1ccc(Cl)s1)C1(C)CC1,,,,,,ZINCpB00000xChML
,,CCN(CCCNC(=O)[C@@H](C)[C@@H](O)C(C)C)C(=O)C(C)(C)COC,,,,,,ZINCom00000qocFX
,,CN(C[C@@H]1CCCOC1)C(=O)[C@H]1CCCCC[C@H]1NC(=O)C(C)(C)Cl,,,,,,ZINCpz00000xChMI
,,C[C@@H](C(=O)NC[C@@H](C)N(C)C(=O)CCc1csc(=N)[nH]1)N(C)C,,,,,,ZINCnb00000gOkzD
,,C[C@@H](C(=O)NC[C@@H]1C[C@H]1CNC(=O)C(=O)C(C)(C)C)N1CCC1,,,,,,ZINCnb00000gOl7s
,,CCN(CCCNC(=O)[C@@H](C)[C@@H](O)CC(C)C)C(=O)c1cnco1,,,,,,ZINCom00000qocFV
,,COc1ccc([C@H]2NC(=O)N(c3ccccc3C)C2=O)cc1O,,,,,,ZINCnv000001GkXt
,,O=C1CC[C@@H](NC(=O)C2(CNC(=O)[C@@H]3CCCS3)CCC2)CCN1,,,,,,ZINCof00000HUfF4
,,Cc1ccc(NC(=O)NC[C@@H](O)C(F)F)cc1S(=O)(=O)C1CCCC1,,,,,,ZINCpu000000qEha
,,CCOC1(CNC(=O)[C@H](O)CC(N)=O)CN(C(=O)[C@H](C)CCOC)C1,,,,,,ZINCp4000015Mzcn
,,Cc1oc(Br)cc1C(=O)N[C@H]1CCC[C@@H]1NC(=O)c1ncn(C)n1,,,,,,ZINCol00000lX5yB
,,C[C@@H]1CCSCCN1C(=O)CCn1cnc2c(N)ncnc21,,,,,,ZINCmh000006loXM
,,C[C@@H]1CN(C(=O)OC(C)(C)C)[C@@H]1C(=O)NNc1cccnn1,,,,,,ZINCmh000006lpDg
,,CSC=CC(=O)N[C@@H](CNC(=O)CSc1nc[nH]n1)c1ccccc1,,,,,,ZINCpn00000Khd6I
,,C=CCNc1c(CC(C)(C)C)nc2c(CCC)nccn12,,,,,,ZINClI00000nm2aw
,,CC[C@](C)(NS(=O)(=O)c1cncc(OC(C)C)c1)c1nc(C)cs1,,,,,,ZINCoC000000GZMe
,,COc1ccc2[nH]c(C(=O)N3C[C@@H](C)C(O)[C@H](C)C3)c(C)c2c1,,,,,,ZINCnv000001Glzm
,,C[C@@H](CCNC(=O)NC[C@]1(O)CCN(S(C)(=O)=O)C1)c1nc[nH]n1,,,,,,ZINCo400000HJGrx
,,CSC[C@H](C)C(=O)N1CC[C@](F)(CNC(=O)c2cccc(CO)n2)C1,,,,,,ZINCpi00000Khd76
,,CN(C[C@H]1CCCOC1)S(=O)(=O)c1ccc(NC/C=C/Br)c(C#N)c1,,,,,,ZINCpz00000xChMP
,,CCSCC(=O)N[C@@H](C(=O)OC)c1cccnc1,,,,,,ZINCih000001ue6j
,,C[C@@H]1CN(C(=O)C2([C@]3(O)CCNC3)CCC2)CC(C)(C)CO1,,,,,,ZINCmh000006lpq4
,,C[C@@H]1CCN[C@H](C)[C@H]1NC(=O)C=Cc1ccc(S(C)(=O)=O)o1,,,,,,ZINCmh000006loUa
,,CCS(=O)(=O)N1CCC[C@H]1CNCc1ccco1,,,,,,ZINCih000001udQY
,,C[C@H](CC#N)C(=O)NCCC1(NC(=O)CCS(N)(=O)=O)CCCC1,,,,,,ZINCo700000HJGrO
,,COc1ccc([C@](C)(O)CN[C@@H]2CCCN3CCCC[C@H]23)cc1,,,,,,ZINCnv000001Gl0z
,,C[C@@H](C(=O)NC[C@@H]1CCC12CCN(C(=O)C(N)=O)CC2)C(F)F,,,,,,ZINCnb00000gOkRP
,,C[C@@H](CC#N)C(=O)NCc1nocc1C(=O)N[C@H]1C[C@H](O)[C@H](O)C1,,,,,,ZINCo500000HJGrr
,,C=CCNc1c(CCCC)nc2cc(C(=O)NC)ccn12,,,,,,ZINClw00000nm2aC
,,C[C@@H](C(=O)NC[C@H](C)C1CC1)n1cc(CNC(=O)CC#N)nn1,,,,,,ZINCnb00000gOljf
,,CCCN(C)CCC(=O)N(C)[C@@H](C)CN=c1cc(C)[nH]cc1C#N,,,,,,ZINCos000003d0Uj
,,CN(C[C@H]1CCCS1)c1ccc(S(=O)(=O)N[C@]2(C)CCOC2)cc1Br,,,,,,ZINCpC00000xChN6
,,CCS(=O)(=O)C1CN(C(=O)c2cccc(Br)n2)C1,,,,,,ZINCih000001udve
,,CCOC1(CNC(=O)[C@@H](O)CNC(=O)Cc2ccc(C)o2)CN(C)C1,,,,,,ZINCp5000015Mzcv
,,CCS(=O)(=O)N(C)CC(=O)N(C)CCC(C)(C)C,,,,,,ZINCih000001udO2
,,CCC(=O)N1CC[C@@H]2[C@H](CCCN2c2nc(O)c3ccccc3n2)C1,,,,,,ZINCpr000002afsy
,,CC[C@](C)(O)CNCc1csc(N(C(C)=O)c2ccc(F)cc2)n1,,,,,,ZINCoC000000GZPV
,,C[C@@H]1CCc2n[nH]cc2[C@H]1C(=O)Nc1ccnc2ncnn12,,,,,,ZINCmh000006lpko
,,CC[C@@H]1CCC[C@@H](CN(CC2CC2)C(=O)[C@@]2(C#N)CCCO2)C1,,,,,,ZINCnF00000sUPmO
,,CCOC1CN(C(=O)[C@@H](O)CCCNC(=O)c2cc3occc3[nH]2)C1,,,,,,ZINCpe000015Mzc7
,,CC[C@H]1CCC[C@H](CN(CC2CC2)C(=O)C2CN(C(C)=O)C2)C1,,,,,,ZINCnz00000sUPmP
,,C[C@@H](C(=O)NCCNC(=O)C=Cc1ccccc1F)S(C)(=O)=O,,,,,,ZINCnb00000gOjVf
,,CCC(=O)N1CC[C@H](C)[C@H](NC(=O)CCc2cccc(OC)n2)[C@H]1C,,,,,,ZINCpr000002afUq
,,CN(C[C@@H]1CCC(=O)N1)c1nc(=NCCCC2CC2)[nH]c2ccsc12,,,,,,ZINCpA00000xChMW
,,CC[C@@H]1CCC[C@@H](CN(CC2CC2)C(=O)c2ccc(C#N)[nH]2)C1,,,,,,ZINCnJ00000sUPmH
,,CN(C[C@H]1CCCO[C@@H]1c1ccnn1C)CC1(O)CCC(C)(C)CC1,,,,,,ZINCpB00000xChMT
,,CCC(=O)N1CC[C@@]2(NC(=O)CCCCC(=O)NC)CCCCC[C@@H]12,,,,,,ZINCpr000002afGS
,,CCS(=O)(=O)CC1CCN(Cc2nncs2)CC1,,,,,,ZINCih000001udxv
,,CCOC1CN(C(=O)[C@H](O)C2CN(C(=O)[C@@H]3CCO[C@@H]3C(C)C)C2)C1,,,,,,ZINCp7000015MzbP
,,CC[C@](C)(NC[C@H](CCOC)NC(=O)OC(C)(C)C)c1nccs1,,,,,,ZINCoC000000GZKl
,,CN(C[C@H]1CCCOC1)C(=O)[C@@H](NC(=O)CSC(C)(C)C)C(C)(C)C,,,,,,ZINCpz00000xChMO
,,C[C@@H]1CN(C(=O)[C@@H]2CC(C(=O)OC(C)(C)C)=NO2)[C@H](C)CO1,,,,,,ZINCmh000006lpEP
,,Cc1ccc2c(C(=O)N=[S@]3(=O)CC[C@@]4(CCCN4)C3)ccnc2c1,,,,,,ZINCow000007IlNC
,,C[C@H](CCNC(=O)NCC1(S(C)(=O)=O)CC[N+](C)([O-])CC1)[S@@](C)=O,,,,,,ZINCo500000HJGrB
,,COC1(C)CN(CC(=O)N[C@H](C)[C@H](C)NC(=O)c2scnc2Cl)C1,,,,,,ZINCoh00000lX5sZ
,,CCOc1sccc1C(=O)NCCNCCOC,,,,,,ZINCih000001udsM
,,CSC[C@@H](C)C(=O)N1CCC[C@H](CNC(=O)c2cn(C)nc2O)CC1,,,,,,ZINCpk00000Khd6X
,,CSC[C@@H](C)C(=O)N1CCC2(CC[C@H](NC(=O)C3CN(C)C3)C2)CC1,,,,,,ZINCpo00000Khd6P
,,CCS(=O)(=O)NCCN1CCSC[C@@H]1C1CCC1,,,,,,ZINCih000001udVc
,,O=C1CC[C@@H](NC(=O)C2(NC(=O)C3CC(F)(F)C3)CC(F)C2)CN1,,,,,,ZINCoa00000HUfFh
,,CCOC1(CNC(=O)[C@H](O)CNC(=O)[C@H](C)CC(=O)OC)CN(C)C1,,,,,,ZINCp4000015Mzcz
,,C[C@@H](C(=O)NC[C@@H]1CN(C(=O)C2CSC2)C(C)(C)C1)S(C)(=O)=O,,,,,,ZINCnb00000gOl1B
,,CSC[C@@H](C)C(=O)N1CC(CCO)(NC(=O)c2cnc(C(C)C)s2)C1,,,,,,ZINCpp00000Khd73
,,C[C@@H](C(=O)NC[C@@H](C)NC(=O)/C(F)=C/CCF)N1CCOCC1,,,,,,ZINCnb00000gOkAI
,,CSC[C@H](C)C(=O)N1CCC([C@](C)(O)CNC(=O)C2(C)CSC2)CC1,,,,,,ZINCpo00000Khd6W
,,CCS(=O)(=O)C[C@@H](C)NCc1ncc([C@@H](C)O)s1,,,,,,ZINCih000001udJN
,,CN(CCNC(=O)[C@]1(Br)CC12CCC2)C(=O)CCCCNC(N)=O,,,,,,ZINCoh00000lX5mv
,,C[C@@H]1CC[C@@H](NC(=O)C[C@@H](N)COCc2ccccc2)CN1,,,,,,ZINCmh000006lp4K
,,C#CC1(N(C)S(=O)(=O)c2ccc([N+](=O)[O-])cc2Cl)CCCC1,,,,,,ZINCmy00000gvvXc
,,CCOC1(CNC(=O)Cn2cccc2)CN(C(=O)COCC2CC2)C1,,,,,,ZINCpc000015MzcF
,,C#CC1(N(C)S(=O)(=O)CC2(CC(F)F)CCC2)CCOCC1,,,,,,ZINCms00000gvvXg
,,CCCN(C)CCC(=O)N(C)CC[C@H](NC(=O)[C@H]1C=C1C)C(C)C,,,,,,ZINCos000003d0Qy
,,CCSc1ccc(C(=O)N2CCOCCN2)cn1,,,,,,ZINCih000001ueAn
,,C[C@@H](CC#N)C(=O)NCC1(O)CC(C(=O)N2CCC[C@@]2(C)CO)C1,,,,,,ZINCo700000HJGrs
,,CN(C[C@H]1CCCS1)c1ccc(S(=O)(=O)NC(C)(C)CCO)c(Br)c1,,,,,,ZINCpC00000xChN7
,,Cc1ccc2c(=O)c(-c3nc(CO)nn3[C@H]3CCSC3)c[nH]c2c1,,,,,,ZINCow000007IlJH
,,C[C@H](CC#N)C(=O)NCC1(O)CCN(C(=O)Cc2cnns2)CC1,,,,,,ZINCo700000HJGrw
,,CCN(CCCNC(=O)[C@H](C)N1CCC1)C(=O)[C@@H](C)c1cncs1,,,,,,ZINCom00000qocGb
,,O=C1CC[C@H](NC(=O)C2(F)CN(C(=O)c3csc(Cl)n3)C2)CCN1,,,,,,ZINCod00000HUfFc
,,C[C@@H]1CN(C(=O)Cc2ccc(C=O)[nH]2)C[C@@]2(CCCOC2)O1,,,,,,ZINCmh000006lpAp
,,O=C1CC[C@H](NC(=O)C2(CNC(=O)[C@H]3CCSC3)CC=CC2)CN1,,,,,,ZINCob00000HUfF5
,,CCC[C@]1(NC(=O)/C(Cl)=C/Cl)CCCN(C(=O)c2csnc2C)C1,,,,,,ZINCoG00000bkAvk
,,O=C1CC[C@H](NC(=O)c2coc(CNC(=O)CC3CC3)c2)CCN1,,,,,,ZINCog00000HUfF8
,,C=CCC1(NC(=O)CCC[C@@H](C)NC(=O)[C@@]2(COC)C=CCC2)CC1,,,,,,ZINCpy00000xDNha
,,CCOC1(CNC(=O)[C@H](O)CNC(=O)[C@@](C)(F)C(=O)OC)CN(C)C1,,,,,,ZINCp4000015Mzcx
,,Cc1ccc2[nH]cc(C[C@H](C)NC(=O)NCc3cncnc3)c2c1,,,,,,ZINCow000007IlHO
,,C[C@@H](C(=O)NC[C@@H](CO)NC(=O)c1csc(O)n1)c1ccsc1,,,,,,ZINCnb00000gOkIb
,,C[C@@H](CC#N)C(=O)NCc1ocnc1C(=O)N1CCOC[C@@H](O)C1,,,,,,ZINCo500000HJGrA
,,CSC[C@H](C)C(=O)N1CC[C@@H](CN(C)C(=O)Cc2ccnc(O)c2)C1,,,,,,ZINCpm00000Khd7b
,,C[C@H](CCNC(=O)CCCC(C)(F)F)NC(=O)CN1CCOC1=O,,,,,,ZINCoi00000lX5u4
,,CC[C@H]1CCC[C@@H](CN(CC2CC2)C(=O)Cc2cccn2C)C1,,,,,,ZINCnK00000sUPmT
,,Cc1cc(CN(C[C@@H]2CCCCO2)C(=O)/C=C/C2=CCCCC2)n[nH]1,,,,,,ZINCpG00000FF3yW
,,C[C@@H](C(=O)NC[C@@]1(NC(=O)COC2CC2)CCOC1)P(C)(C)=O,,,,,,ZINCnb00000gOlha
,,CSC[C@@H](C)C(=O)N1CC2(CC[C@@H]2NC(=O)C2CN(CC(C)C)C2)C1,,,,,,ZINCpm00000Khd6K
,,CCOc1nn(C)cc1NC(=O)CCCCNC,,,,,,ZINCih000001udqu
,,C[C@@H](C(=O)NC[C@@H](C)NC(=O)CCc1nncn1C)C(F)(F)F,,,,,,ZINCnb00000gOkBu
,,C#CC(CC)(CC)NC(=O)N1CCC[C@H]1CC(C)(C)C,,,,,,ZINCkH000002xmYs
,,CCN(CCCNC(=O)[C@@H](CC(C)(C)C)OC)C(=O)[C@H]1CCOC1,,,,,,ZINCoo00000qocFM
,,CCC[C@]1(NC(=O)/C(Cl)=C/Cl)CCCN(C(=O)[C@@H]2C[C@H]2C(C)C)C1,,,,,,ZINCoI00000bkAvl
,,C[C@@H]1CC[C@@H](C2CCC2)CN1C(=O)CN(C)S(=O)(=O)N(C)C,,,,,,ZINCmh000006lp1e
,,C[C@@H]1CCn2ncnc2N1S(=O)(=O)c1ccc([N+](=O)[O-])cc1,,,,,,ZINCmh000006lpnW
,,C#CC(CC)(CC)NC(=O)Nc1cc(C)c(Br)c(C)n1,,,,,,ZINCkH000002xmYT
,,C[C@@H]1CN(C(=O)Cc2csc(-c3ncccn3)n2)C[C@@H]1CN,,,,,,ZINCmh000006lpBo
,,COc1ccc([S@](C)(=O)=NC(=O)c2n[nH]c3c2CCSC3)cc1,,,,,,ZINCnv000001GlsW
,,O=C1CC[C@H](NC(=O)C2(NC(=O)CC3CC4(CC4)C3)CC2)CCN1,,,,,,ZINCog00000HUfFj
,,C=CCC1(NC(=O)CCC[C@@H](C)NC(=O)C2=C[C@]3(CCOC3)C2)CC1,,,,,,ZINCpw00000xDNgW
,,CCOC1(CNC(=O)[C@H](O)C2CN(C(=O)C3(C4CC4)CC3)C2)CCC1,,,,,,ZINCpg000015MzbG
,,CCOC1CN(C(=O)[C@@H](OC)C2CN(C(=O)C3(C(C)(C)O)CC3)C2)C1,,,,,,ZINCp8000015MzbT
,,O=C1CC[C@@H](NC(=O)[C@@]2(F)CCN(C(=O)C3CCCC3)C2)CCN1,,,,,,ZINCof00000HUfFa
,,C#CC(CC)(CC)NC(=O)c1cc2ccc(Cl)cc2[nH]1,,,,,,ZINCkH000002xmZx
,,CCOC1(CNC(=O)[C@@H](O)CCSC)CN(C(=O)Cc2cnoc2)C1,,,,,,ZINCp6000015Mzcp
,,Cc1cc2ncc(NC(=O)[C@@H]3C[C@@H](F)C(=O)N3)cn2n1,,,,,,ZINCk800000BlI2K
,,CCCN(C)CCC(=O)N(C)[C@@H](C)CCNC(=O)[C@H](F)CC1CC1,,,,,,ZINCos000003d0U7
,,C[C@@H]1CCO[C@@H]1CC(=O)N1C[C@H](C(=O)O)C2(CCOCC2)C1,,,,,,ZINCmh000006loVZ
,,C[C@@H](CC#N)C(=O)NCCc1n[nH]cc1C(=O)NCc1cn[nH]c1,,,,,,ZINCo800000HJGrQ
,,C#CC1(N(C)S(=O)(=O)CC23CCC(CC2)OC3)CCCCC1,,,,,,ZINCmv00000gvvXf
,,CSC[C@@H](C)C(=O)N1CC[C@H](CCNC(=O)c2n[nH]c3c2COC3)C1,,,,,,ZINCpk00000Khd7a
,,CCCC1(NC(=O)CCC[C@@H](C)NC(=O)c2ccc([N+](=O)[O-])[nH]2)CC1,,,,,,ZINCpw00000xDNh2
,,CC[C@@H]1CCC[C@H](CN(CC2CC2)C(=O)C2(SC)CC(=O)C2)C1,,,,,,ZINCnJ00000sUPmS
,,CCOC1(CNC(=O)[C@@H](O)CCCNC(=O)[C@@H]2CCCS2)CN(C)C1,,,,,,ZINCp5000015Mzcd
,,C=CCNc1c(CC(C)(C)C)nc2ccc(C(N)=S)cn12,,,,,,ZINClB00000nm2ax
,,C[C@@H](C(=O)NC[C@@H](O)CNC(=O)c1cc(Cl)ns1)C1(O)CCC1,,,,,,ZINCnb00000gOkOh
,,CO[C@H](CNC(=O)c1cc(O)cc(Br)c1)CC(C)C,,,,,,ZINCjz000003vxXx
,,C[C@@H](C(=O)NCCNC(=O)c1ccc(F)cn1)N1CCSCC1,,,,,,ZINCnb00000gOk9R
,,CCOC1(CNC(=O)[C@H](O)CC(C)C)CN(C(=O)CCCN(C)C)C1,,,,,,ZINCpa000015Mzc3
,,CCS(=O)(=O)N1CC(CN[C@H]2CC[C@H](C)SC2)C1,,,,,,ZINCih000001udQb
,,CCN(CCCNC(=O)[C@@H](C)C(F)(F)F)C(=O)C[S@](=O)C(F)(F)F,,,,,,ZINCoo00000qocFS
,,Cc1ccc(NC(=O)NC[C@H]2C(=O)NCC[C@H]2C)cc1N1CCCC1,,,,,,ZINCpu000000qEi8
,,CSC[C@H](C)C(=O)N1CC[C@H]2CN(C(=O)C3(F)CCN(C)CC3)C[C@H]21,,,,,,ZINCpk00000Khd78
,,CCOC1(CNC(=O)[C@@H](O)CCNC(=O)[C@H](C)S(C)(=O)=O)CN(C)C1,,,,,,ZINCp4000015Mzcm
,,CCN(CCCNC(=O)[C@@H](C)CF)C(=O)c1cccn2cncc12,,,,,,ZINCop00000qocFP
,,CCOC1(CNC(=O)[C@@H](O)CNC(=O)[C@@H](SCC)C(C)C)CN(C)C1,,,,,,ZINCp6000015MzcA
,,C#CC1(N(C)S(=O)(=O)c2nccn2C=C)CCC(F)(F)CC1,,,,,,ZINCmr00000gvvXe
,,CSC[C@H](C)C(=O)N1CC(CCO)(NC(=O)c2ccc(O)c(F)c2)C1,,,,,,ZINCpi00000Khd72
,,CC(C)C1(NC(=O)C(C)(C)[C@H](C)NC(=O)CCc2cccnc2)CC1,,,,,,ZINCpy00000xDNhh
,,CCOC1CN(C(=O)[C@@H](OC)C2CN(C(=O)c3cc(OC)cs3)C2)C1,,,,,,ZINCpg000015MzbU
,,C[C@@H](C(=O)NCC[C@H](O)C(F)F)n1cc(CN2CCCC2)nn1,,,,,,ZINCnb00000gOkrf
,,CCOC1(CNC(=O)CN2CCCC2=O)CN(C(=O)[C@H](C)NC=O)C1,,,,,,ZINCp4000015MzcG
,,CCOC1(CNC(=O)[C@@H](O)CNC(=O)Cc2cc(C)on2)CCCC1,,,,,,ZINCpa000015Mzcw
,,CCCC1(NC(=O)CCC[C@@H](C)NC(=O)CC2=CCN(C)CC2)CC1,,,,,,ZINCpx00000xDNhe
,,CSC[C@@H](C)C(=O)N1CCCCC[C@@H]1CNC(=O)c1c(C)nnn1C,,,,,,ZINCpm00000Khd6V
,,COc1ccc([C@H]2C[C@@H](NC(=O)[C@@H]3NCCC34CCC4)C2)cc1,,,,,,ZINCnv000001GkTb
,,CN(C[C@H]1CCCO[C@@H]1c1nccn1C)C[C@]1(O)CCCC(C)(C)C1,,,,,,ZINCpB00000xChMU
,,CN(C[C@@H]1CCCS1)c1ccc(S(=O)(=O)N2CC[C@@H](C#N)C2)cc1Cl,,,,,,ZINCpC00000xChN5
,,CSC[C@H](C)C(=O)N1CC[C@H]2[C@@H](C1)CN2C(=O)CCc1cn(C)cn1,,,,,,ZINCpk00000Khd77
,,C[C@@H](CC#N)C(=O)NCCC1(C(=O)NCCN2CCOCC2)CC1,,,,,,ZINCo800000HJGrM
,,C=CC[C@]1(NC(=O)CCC[C@@H](CC)NC(=O)CSC(F)F)CCOC1,,,,,,ZINCpy00000xDNgV
,,Cc1cc(CN(C[C@@H]2CCCCO2)C(=O)C(C)(C)C2CCC2)nn1C,,,,,,ZINCpE00000FF3yX
,,C[C@@H](CC#N)C(=O)NCc1ocnc1C(=O)N1CCCNC(=O)C1,,,,,,ZINCo500000HJGry
,,CSCCC(=O)N[C@@H](CNC(=O)C#CC1CC(F)(F)C1)[C@@H]1CCOC1,,,,,,ZINCpk00000Khd6C
,,C[C@@H](CC#N)C(=O)NCCC1CN(C(=O)CN2CCOCC2=O)C1,,,,,,ZINCo500000HJGrH
,,C[C@@H](C(=O)NCCNC(=O)/C=C/[C@@H]1CCCO1)c1cncnc1,,,,,,ZINCnb00000gOjRH
,,CC[C@](C)(O)CN(Cc1ccccc1)C(=O)c1ccc(COC)o1,,,,,,ZINCoC000000GZNV
,,CCOC1(CNC(=O)[C@H](O)CNC(=O)[C@@H](C)c2ccnn2C)CCC1,,,,,,ZINCp6000015Mzcy
,,C[C@H](CC#N)C(=O)N(C)CC1(O)CN(C(=O)CC[C@@H]2CCOC2)C1,,,,,,ZINCo900000HJGrT
,,CSC[C@@H](C)C(=O)N1CC(CCO)(NC(=O)[C@@H](C)c2ccccc2)C1,,,,,,ZINCpo00000Khd74
,,C[C@@H](C(=O)NC[C@@H](NC(=O)C12CC(CCO1)C2)C1CC1)N(C)C,,,,,,ZINCnb00000gOkJe
,,CCN(CCCNC(=O)[C@H](C)[C@@H](C)S(C)(=O)=O)C(=O)CC(F)(F)Cl,,,,,,ZINCom00000qocFU
,,CCOC1CN(C(=O)[C@H](O)CCCNC(=O)[C@@H]2CC(=O)N[C@H](C)C2)C1,,,,,,ZINCp5000015Mzcf
,,CCOC1(CNC(=O)[C@@H](O)CSC)CN(C(=O)c2cnc(S)nc2)C1,,,,,,ZINCp5000015MzcB
,,CCN(CCCNC(=O)[C@@H](C)CO)C(=O)[C@H](C)c1cccc(Br)n1,,,,,,ZINCop00000qocG3
,,CCN(CCCNC(=O)[C@H](CC(C)C)OC)C(=O)[C@H]1C[C@@H](OC)C1,,,,,,ZINCoo00000qocFN
,,C[C@@H](C(=O)NC[C@H](NC(=O)CCn1ccnn1)C1CC1)C(F)F,,,,,,ZINCnb00000gOltb
,,C=CCC1(NC(=O)C(C)(C)[C@@H](C)NC(=O)c2ccc(C#N)[nH]2)CCC1,,,,,,ZINCpw00000xDNgY
,,CSC[C@@H](C)C(=O)N1CCC[C@H](NC(=O)c2cnn(C(C)C)n2)CC1,,,,,,ZINCpp00000Khd6Y
,,CSC[C@H](C)C(=O)N1CC[C@H](C)N(C(=O)c2cnn(C(C)C)n2)CC1,,,,,,ZINCpp00000Khd7e
,,CCOC1(CNC(=O)[C@@H](O)CNC(=O)C2CCS(=O)CC2)CN(C)C1,,,,,,ZINCp4000015Mzcu
,,C[C@@H]1CC[C@H](O)[C@H]([C@@H]2CCCN2C(=O)[C@H]2CCO[C@@H]2CN)C1,,,,,,ZINCmh000006lpgi
,,CN(C[C@@H]1CCC(=O)N1)[C@H](C(=O)NCCC1CC1)c1cc(Cl)sc1Cl,,,,,,ZINCpC00000xChMY
,,CCS(=O)(=O)CCNC(=O)c1ccc(F)c(F)c1,,,,,,ZINCih000001udE6
,,O=C1CC[C@H](NC(=O)C2(NC(=O)c3cc(Cl)ns3)CSC2)CCN1,,,,,,ZINCod00000HUfFg
,,C[C@@H](C(=O)NC[C@H]1C=C[C@@H](NC(=O)[C@]2(C)CCOC2)C1)N(C)C,,,,,,ZINCnb00000gOlB6
,,CCN(CCCNC(=O)[C@H](C)N1CCC1)C(=O)C[C@@H]1CCC1(F)F,,,,,,ZINCoo00000qocGa
,,CCOC1CN(C(=O)Cn2cc(CNC(=O)[C@@H]3CC[C@H]3C#N)nn2)C1,,,,,,ZINCp5000015MzcJ
,,CCC(=O)N1CC[C@H](C(=O)NC[C@H]2CCCN2Cc2ncc(Cl)s2)C1,,,,,,ZINCpr000002afLs
,,COc1ccc([C@H]2C[C@H](C)N(Cc3nnc(N(C)C)o3)C2)cc1,,,,,,ZINCnv000001GkVl
,,CCCC[C@@H](CNC(=O)[C@@H]1C[C@@H]1F)NC(=O)[C@H](CCC)NC(C)=O,,,,,,ZINCok00000lX5xf
,,CCOC1(CNC(=O)[C@@H](OC)C(=O)OC)CN(C(=O)[C@H](F)C(C)C)C1,,,,,,ZINCp5000015Mzco
,,CCOC1(CNC(=O)[C@@H](O)CCNC(=O)[C@H](C)OCOC)CCCC1,,,,,,ZINCp9000015Mzcl
,,C[C@@H](CC#N)C(=O)NCCC1CN(C(=O)[C@@H]2CN3CCN2CC3)C1,,,,,,ZINCo500000HJGrF
,,C[C@H](CC#N)C(=O)NCCC1(C(=O)NC2(CO)CC(O)C2)CCC1,,,,,,ZINCo800000HJGrI
,,C[C@@H](C(=O)NC[C@@H]1C[C@H]1NC(=O)c1cocn1)c1cncnc1,,,,,,ZINCnb00000gOlc8
,,CCOC1(CNC(=O)[C@H](O)C(C)C)CN(C(=O)[C@@]2(C)CCCN2C)C1,,,,,,ZINCp8000015Mzc5
,,COc1ccc([C@H]2COCCN2S(=O)(=O)CCCC2CC2)cc1,,,,,,ZINCnv000001GkQb
,,CCOC1CN(C(=O)[C@H](OC)C2CN(C(=O)C(C)(C)CC(C)=O)C2)C1,,,,,,ZINCpd000015MzbW
,,CCN(CCCNC(=O)[C@H]([C@@H](C)OC)N(C)C)C(=O)CC(C)(C)C,,,,,,ZINCon00000qocG8
,,CC(C)C1(NC(=O)C(C)(C)[C@@H](C)NC(=O)C2=C[C@]3(CCOC3)C2)CC1,,,,,,ZINCpv00000xDNgX
,,C[C@@H](C(=O)NC[C@@H](CO)NC(=O)c1cnsc1)c1cccnc1,,,,,,ZINCnb00000gOkHX
,,CCCCC1(C(=O)N[C@H]2C[C@@H]2CNC(=O)Cc2nc[nH]n2)CCC1,,,,,,ZINCoj00000lX5uS
,,C[C@@H](C(=O)NCCN(C)S(C)(=O)=O)n1cc(-c2cccs2)nn1,,,,,,ZINCnb00000gOjPP
,,Cc1ccc(NC(=O)NC(=O)CN2CCC(C[C@@H](C)O)CC2)c(C)c1,,,,,,ZINCpu000000qEao
,,O=C1CC[C@H](NC(=O)[C@@]2(F)CCN(C(=O)CC3CCC3)C2)CCN1,,,,,,ZINCof00000HUfFb
,,CSC=CC(=O)N[C@@H](CNC(=O)[C@H](CC[S@](C)=O)N(C)C)C(C)(C)C,,,,,,ZINCpi00000Khd6F
,,C[C@@H](C(=O)NC[C@@H]1C[C@H]1NC(=O)C1(C(N)=O)CCC1)C(C)(F)F,,,,,,ZINCnb00000gOl9p
,,Cc1ccc2c(C(=O)N3C[C@@H]4ON=C(C(F)F)[C@H]4C3)ccnc2c1,,,,,,ZINCow000007IlN9
,,C=CCNc1ccc(CCCNC(=O)OC(C)(C)C)cc1,,,,,,ZINClH00000nm2az
,,CCOC1(CNC(=O)[C@@H](O)c2cnc[nH]2)CN(C(=O)[C@@H]2CCN2C)C1,,,,,,ZINCp4000015MzbF
,,CSC=CC(=O)N[C@@H](CNC(=O)C(=O)NC1CC1)c1ccccc1Br,,,,,,ZINCpo00000Khd6H
,,CCS[C@@H]1CC[C@]1(O)CNC(=O)[C@@H]1C[C@H](C)CO1,,,,,,ZINCih000001uetc
,,CSC[C@H](C)C(=O)N1CC[C@H](CNC(=O)c2nc(SC)ncc2N)C1,,,,,,ZINCpj00000Khd7f
,,COc1ccc([C@H]2COCCN2C(=O)c2c(C)ccn2C)cc1,,,,,,ZINCnv000001GkPB
,,CCN(CCCNC(=O)[C@@H](C)n1ccc(Br)n1)C(=O)c1nncs1,,,,,,ZINCon00000qocGc
,,CSC[C@H](C)C(=O)N1CCC[C@](O)(CCNC(=O)C2(N=[N+]=[N-])CC2)C1,,,,,,ZINCpm00000Khd70
,,C[C@@H](C(=O)NCCN(C)C(=O)Cn1ncnn1)[C@@H](C)C(C)(C)C,,,,,,ZINCnb00000gOjIP
,,C#CC1(C(=O)Nc2nc3ccc(C)cc3s2)CCCC1,,,,,,ZINCkH000002xn1u
,,C#CCC(CC#C)C(=O)NC[C@H](C)CN(C)C(=O)[C@H](O)CCCC,,,,,,ZINCok00000lX5jg
,,C[C@@H](C(=O)NC[C@@H](CN1CCCC1)C1CC1)n1cc(CO)nn1,,,,,,ZINCnb00000gOkE5
,,Cc1ccc2c(C(=O)NCC#CCNC(=O)/C(Cl)=C/Cl)c[nH]c2c1,,,,,,ZINCow000007IlOI
,,CN(C[C@H]1CCCS1)c1cccc(S(=O)(=O)NCC2(C)CCCC2)n1,,,,,,ZINCpC00000xChN3
,,CCS(=O)(=O)Cc1noc([C@@H](C)[C@@H]2CCOC2)n1,,,,,,ZINCih000001udNV
,,C#CCC1(NC(=O)CCC[C@@H](C)NC(=O)CCc2ccc(C)o2)CC1,,,,,,ZINCpy00000xDNhf
,,CCN(CCCNC(=O)[C@H](C)CO)C(=O)c1c(F)ccc(N)c1Br,,,,,,ZINCon00000qocG0
,,C[C@H](CC#N)C(=O)N(C)CC1CCN(C(=O)[C@@H]2CNC(=O)O2)CC1,,,,,,ZINCo900000HJGrE
,,CCS[C@H](C)C(=O)NS(=O)(=O)C[C@H]1CC[C@@H](C)O1,,,,,,ZINCih000001uevM
,,Cc1ccc(NC(=O)NC(=O)CN[C@]2(CO)CCC(C)(C)C2)c(C)c1,,,,,,ZINCpu000000qEdq
,,Cc1ccc(NC(=O)NC(=O)[C@@H](C)SCCN2CCOCC2)c(C)c1,,,,,,ZINCpu000000qEen
,,CCC=C(C)C(=O)N1CSC[C@H]1C(=O)NC1(c2ncc[nH]2)CC1,,,,,,ZINCnn00000I6oIg
,,CSC[C@@H](C)C(=O)N1CC2(C1)CN(C(=O)[C@@H](O)c1ccc(C)cc1)C2,,,,,,ZINCpm00000Khd6J
,,COc1ccc2[nH]c(C(=O)N(C)[C@@H]3CCN(C)C[C@@H]3C)cc2c1,,,,,,ZINCnv000001GlwL
,,CSCCC(=O)N[C@H](CNC(=O)c1nc2c(s1)CN(C)CC2)C1CC1,,,,,,ZINCpl00000Khd6B
,,CN(C[C@@H]1CCC(=O)N1)[C@H](C(=O)NC1CCCCC1)c1sccc1Br,,,,,,ZINCpC00000xChMX
,,CCCC1(NC(=O)C(C)(C)[C@H](C)NC(=O)c2cncc(OC)c2)CC1,,,,,,ZINCpw00000xDNh8
,,CCC1(N(C)S(=O)(=O)c2c[nH]c(=NCCSC)cc2C)CC1,,,,,,ZINCmx00000gvvXd
,,CCC(=O)N1CC[C@H](C)[C@H](NC(=O)Cc2ccc([S@@](C)=O)cc2)[C@H]1C,,,,,,ZINCpr000002afUA
,,CC[C@@H]1CCC[C@H](CN(CC2CC2)C(=O)Cc2ccncc2)C1,,,,,,ZINCnK00000sUPmU
,,C[C@@H](CC#N)C(=O)NCCc1cc(C(=O)N(C)C[C@@H](O)CO)no1,,,,,,ZINCo500000HJGrC
,,CO[C@H](CNC(=O)c1ccc(F)cc1C)CC(C)C,,,,,,ZINCjz000003vxYn
,,CSC[C@H](O)C(=O)N[C@](C)(CO)CNC(=O)CC1CCCCCCC1,,,,,,ZINCpk00000Khdei
,,CCS(=O)(=O)N1CCC[C@@H]1CNC[C@@H]1CCSC1,,,,,,ZINCih000001udQJ
,,C=CCC1(NC(=O)CCC[C@@H](C)NC(=O)c2ccco2)CCOCC1,,,,,,ZINCpy00000xDNh3
,,CCOC1(CNC(=O)[C@@H](O)CC)CN(C(=O)C23CC(C)(CCO2)C3)C1,,,,,,ZINCpa000015Mzc6
,,CSc1nn(C)cc1C(=O)N(C)CCCNC(=O)Cc1cc[nH]c1,,,,,,ZINCoi00000lX5yx
,,C[C@@H](CC#N)C(=O)NCc1ocnc1C(=O)N1C[C@@H]2C[C@H]1CN2C,,,,,,ZINCo900000HJGrz
,,COc1ccc([N+](=O)[O-])cc1NC(=O)CCN(C)C[C@@H]1C[C@@H]1C,,,,,,ZINCnv000001GleK
,,C#CC(C)(C)C(=O)N[C@H]1CC[C@H](c2ccc(Cl)cc2)C1,,,,,,ZINCkH000002xmVm
,,O=C1CC[C@H](NC(=O)c2coc(CNC(=O)C3CC(F)C3)c2)CN1,,,,,,ZINCoc00000HUfF7
,,CCS(=O)(=O)N(C)CC(=O)NC1(C)CCCCC1,,,,,,ZINCih000001udOc
,,CCCC1(NC(=O)C(C)(C)[C@@H](C)NC(=O)c2nccn2CC)CCC1,,,,,,ZINCpy00000xDNhd
,,CCOC1CN(C(=O)[C@@H](OC)C2CN(C(=O)C[C@H]3CCCN3C)C2)C1,,,,,,ZINCp7000015MzbX
,,C[C@@H]1CN(C(=O)C2([C@@H]3CCCO3)CC2)C[C@@H]1N1CCOCC1,,,,,,ZINCmh000006lppP
,,CCOC1(CNC(=O)[C@@H](O)CCCNC(=O)C2=CCCCO2)CCC1,,,,,,ZINCpg000015Mzc8
,,Cc1ccc2[nH]cc(CCNC(=O)NCc3ccc(C)nn3)c2c1,,,,,,ZINCow000007IlG5
,,CCOC1(CNC(=O)[C@H](O)[C@@H](C)CC)CN(C(=O)CCOC2CC2)C1,,,,,,ZINCpc000015Mzcr
,,C[C@@H](C(=O)NC[C@@H]1CCN(C(=O)c2n[nH]cc2F)C1)C(C)(C)O,,,,,,ZINCnb00000gOkXf
,,C=CCCO[C@@H](C)C(=O)NCCN(C)C(=O)Cc1cccnc1C,,,,,,ZINCok00000lX5jL
,,CCS[C@H]1CCC[C@H](NC(=O)C2(CO)COC2)C1,,,,,,ZINCih000001uexR
,,CCOC1(CNC(=O)[C@@H](O)CCSC)CN(C(=O)[C@@H](F)C(C)(C)O)C1,,,,,,ZINCp5000015Mzcq
,,CCC(=O)N1CC[C@@]2(CCCN2C(=O)c2cccc(C[S@@](C)=O)c2)C1,,,,,,ZINCpr000002afBN
,,CCSC[C@H](N)C(=O)N(CC)C1CCC(N)CC1,,,,,,ZINCih000001uej1
,,CCN(CCCNC(=O)[C@@H](CC(C)(C)C)OC)C(=O)C1(OC)CC1,,,,,,ZINCop00000qocFL
,,C=CCNc1c(CCCCCO)nc2cncc(OC)n12,,,,,,ZINClq00000nm2aA
,,CC[C@](C)(NS(=O)(=O)c1cc(Br)ccc1C(=O)OC)c1nccs1,,,,,,ZINCoC000000GZLB
,,CC[C@H]1CCC[C@H](CN(CC2CC2)C(=O)c2cc(OC)no2)C1,,,,,,ZINCnH00000sUPmK
,,CCN(CCCNC(=O)[C@H](C)CCOC)C(=O)[C@@]1(CC)CCOC1,,,,,,ZINCoo00000qocFO
,,CCOC1CN(C(=O)[C@@H](O)C2CN(C(=O)c3cc(N)cc(F)c3)C2)C1,,,,,,ZINCp6000015MzbJ
,,C[C@H](CC#N)C(=O)NCCC1CC(C(=O)NC[C@@H]2CNC(=O)C2)C1,,,,,,ZINCo900000HJGrD
,,COc1ccc([S@](C)(=O)=NC(=O)c2cn3c(n2)CCCC3)cc1,,,,,,ZINCnv000001GlsP
,,CCC(=O)N1CC[C@H](C(F)(F)F)[C@H](NC(=O)[C@@]23C[C@@H]2COC3(C)C)C1,,,,,,ZINCpr000002afOp
,,CCOC1(CNC(=O)[C@@H](O)CCNC(=O)[C@H](C)n2ccnn2)CCC1,,,,,,ZINCp5000015Mzck
,,C[C@@H]1CN(C(=O)[C@@H]2CNC3(CCOCC3)C2)C[C@H](C2CC2)O1,,,,,,ZINCmh000006lpH0
,,C[C@@H]1CC[C@H](O)[C@H]([C@H]2CCCN2C(=O)[C@H]2NCCO[C@@H]2C)C1,,,,,,ZINCmh000006lpgQ
,,CC[C@](C)(O)CN(Cc1ccccc1)C(=O)c1cc(=N)[nH]cc1Br,,,,,,ZINCoC000000GZNL
,,CCS(=O)(=O)CCN(CCOC)Cc1ccco1,,,,,,ZINCih000001udCm
,,CC[C@H]1CCC[C@H](CN(CC2CC2)C(=O)c2cn(CC)cn2)C1,,,,,,ZINCnJ00000sUPmN
,,C#CCC1(NC(=O)CCC[C@@H](CC)NC(=O)[C@H]2OCC[C@H]2C)CCC1,,,,,,ZINCpv00000xDNgS
,,C[C@@H](C(=O)NC[C@@H](O)CNC(=O)CC1CC2(CC2)C1)C(C)(C)O,,,,,,ZINCnb00000gOkNe
,,CN(C[C@@H]1CCC(=O)N1)c1nccc(=NCCCCC2CCCC2)[nH]1,,,,,,ZINCpz00000xChMV
,,C=CCNc1c(CC(C)(C)C)nc2cc([N+](=O)[O-])ccn12,,,,,,ZINClE00000nm2ay
,,CCN(CCCNC(=O)[C@H](C)N1CC(C)C1)C(=O)c1cocc1C,,,,,,ZINCoo00000qocGe
,,CCOC1CN(C(=O)[C@H](OC)C2CN(C(=O)Cc3scnc3C)C2)C1,,,,,,ZINCpd000015MzbV
,,CCOC1(CNC(=O)[C@H](O)C2CC(F)(F)C2)CN(C(=O)[C@@H](C)SC)C1,,,,,,ZINCpe000015MzbD
,,COc1ccc([N+](=O)[O-])cc1[C@@H](C)NC(=O)[C@](C)(OC)C1CC1,,,,,,ZINCnv000001GlkN
,,C=CCC1(NC(=O)CCC[C@H](CC)NC(=O)[C@@H]2CC(CC)=NO2)CC1,,,,,,ZINCpy00000xDNgR
,,CCOC1(CNC(=O)[C@@H](O)C2CN(C(=O)Cc3cccs3)C2)CCC1,,,,,,ZINCph000015MzbL
,,COc1ccc([C@H]2CN(C(=O)C[C@]3(C)CCCO3)CCO2)cc1,,,,,,ZINCnv000001GkLB
,,CCOC1(CNC(=O)[C@@H](O)CNC(=O)[C@]2(CC)CCCO2)CN(C)C1,,,,,,ZINCp5000015Mzct
,,CSC[C@@H](C)C(=O)N1CC[C@@](C)(NC(=O)CCCCn2ccnn2)C1,,,,,,ZINCpl00000Khd6Z
,,C[C@@H](C(=O)NCCNC(=O)[C@@H](O)Cc1ccccn1)C(C)(F)F,,,,,,ZINCnb00000gOk1y
,,C[C@H](CCNC(=O)N(C)Cc1nnc2n1CCOC2)c1nc[nH]n1,,,,,,ZINCo800000HJGrP
,,C=C(CNc1ccc(CC#N)cc1)c1cccc(OC)c1,,,,,,ZINClI00000nm2aE
,,CCC(=O)N1CC[C@@H]2[C@@H](CCCN2C(=O)c2ccc(OC)cc2N)C1,,,,,,ZINCpr000002afs2
,,CCCN(C)CC(=O)NCCCCCCN(C)C(=O)CC[S@](C)=O,,,,,,ZINCoi00000lX5op
,,C[C@@H](CC#N)C(=O)NCCC1CN(C(=O)[C@@H](O)c2cncn2C)C1,,,,,,ZINCo500000HJGrG
,,CCC[C@]1(NC(=O)/C(Cl)=C/Cl)CCCN(C(=O)[C@@]2(Cl)CC2(F)F)C1,,,,,,ZINCoG00000bkAvi
,,CSC=CC(=O)N[C@H](CNC(=O)C[C@@H]1CCNC(=O)C1)C1CCCC1,,,,,,ZINCpl00000Khd6D
,,C#CC(CC)(CC)NC(=O)Nc1cnc(C)c(Br)c1C,,,,,,ZINCkH000002xmZ7
,,CCOc1ncccc1CNC(=O)OC1COC1,,,,,,ZINCih000001udp9
,,Cc1ccc(NC(=O)NC(=O)[C@H](C)N2CC[C@@]3(CCOC3)C2)c(C)c1,,,,,,ZINCpu000000qEeV
,,CCOC1(CNC(=O)[C@@H](O)C2CC2)CN(C(=O)[C@@](C)(O)C2CCC2)C1,,,,,,ZINCp6000015MzbB
,,O=C(O)[C@H](CC1CCCCC1)NCc1nsc2ccccc12,,,,,,ZINCmI00000ajGiV
,,CSC[C@H](C)C(=O)N1CC[C@]2(CCCN2C(=O)COc2cn[nH]c2)C1,,,,,,ZINCpj00000Khd6Q
,,CCOC1(CNC(=O)[C@@H](O)CSC)CN(C(=O)[C@](C)(OC)C(C)C)C1,,,,,,ZINCpb000015MzcD
,,CCS(=O)(=O)CCNC(=N)Nc1ccc(C)cc1,,,,,,ZINCih000001udCX
,,CN(C[C@H]1CCCOC1)C(=O)[C@H](NC(=O)CCCCCF)C(C)(C)C,,,,,,ZINCpz00000xChMN
,,CC[C@](C)(OC)C(=O)NC[C@@H](c1cccc(C(F)(F)F)c1)N(C)C,,,,,,ZINCoC000000GZQL
,,CCOC1(CNC(=O)[C@@H](O)C(C)(C)C)CN(C(=O)c2[nH]cnc2C)C1,,,,,,ZINCpa000015Mzc1
,,C=CC[C@]1(NC(=O)CCC[C@@H](C)NC(=O)C2(F)CC=CC2)CCOC1,,,,,,ZINCpv00000xDNhc
,,CC[C@](CC(=O)O)(C(=O)NCC1[C@H]2CCC[C@H]12)c1ccc(C)cc1,,,,,,ZINCoC000000GZRy
,,CCCC1(NC(=O)C(C)(C)[C@@H](C)NC(=O)CCc2cc(C)on2)CC1,,,,,,ZINCpy00000xDNhj
,,CCCN(C)CCC(=O)N(C)[C@H](C)CCNC(=O)C1(C)CC(F)C1,,,,,,ZINCos000003d0Vk
,,O=C(O)[C@@H](c1cccnc1)N1CC[C@@H](c2ccc(Cl)cc2)C1,,,,,,ZINCmD00000ajGiU
,,Cc1cc2nc(C(=O)OCCN(C)C)cn2cc1C,,,,,,ZINCjm00000BlI2Q
,,C#CC(C)(C)N(CC)CC[C@H](C)OCc1ccccc1,,,,,,ZINCkH000002xmWm
,,C[C@@H](C(=O)NC[C@@H](CO)NC(=O)C1(O)CCSCC1)C(C)(C)C,,,,,,ZINCnb00000gOkF6
,,C[C@H](CC#N)C(=O)NCCC1(C(=O)NC[C@]2(O)C[C@@H](O)C2)CCC1,,,,,,ZINCo800000HJGrJ
,,CCN(CCCNC(=O)[C@@H](CCSC)N(C)C)C(=O)[C@H]1CCCS1,,,,,,ZINCop00000qocG6
,,CSC[C@H](C)C(=O)N1CC2(CN(C(=O)c3ccc(CO)cc3F)C2)C1,,,,,,ZINCpm00000Khd6N
,,CCOC1(CNC(=O)[C@@H](O)c2cncn2C)CN(C(=O)[C@H](C)CC)C1,,,,,,ZINCp8000015MzbE
,,CC[C@@H]1CCC[C@@H](CN(CC2CC2)C(=O)c2c[nH]c(C#N)c2)C1,,,,,,ZINCnJ00000sUPmQ
,,CCCC1(NC(=O)C(C)(C)[C@@H](C)NC(=O)C#C[C@@]2(C)CCCO2)CC1,,,,,,ZINCpv00000xDNhg
,,C[C@@H](C(=O)NC[C@@H](O)CNC(=O)c1ccc(N)c(Br)n1)C(F)F,,,,,,ZINCnb00000gOkOx
,,CCOC1(CNC(=O)[C@H](O)CC)CN(C(=O)c2c(CO)n[nH]c2C)C1,,,,,,ZINCp5000015Mzc9
,,CN(C[C@@H]1CCCOC1)S(=O)(=O)c1[nH]c(=NCC(C)(C)C)ccc1Br,,,,,,ZINCpD00000xChMR
,,Cc1cc2nc(C(=O)N3CC=CC3)ccc2c(=O)n1C,,,,,,ZINCki00000BlI2M
,,CC[C@](C)(O)CNC(=O)c1ccccc1OCc1ccc(F)cc1,,,,,,ZINCoC000000GZPM
,,CC[C@@H]1CCC[C@H](CN(CC2CC2)C(=O)c2cn(C)c(C)n2)C1,,,,,,ZINCnH00000sUPmM
,,COc1ccc([C@H]2CN(C[C@H](O)CC3CCCC3)CCN2)cc1,,,,,,ZINCnv000001GkNw
,,CCOC1CN(C(=O)[C@H](O)C2CN(C(=O)CCN3CCOCC3)C2)C1,,,,,,ZINCp4000015MzbN
,,CCC=C(C)C(=O)N1CSC[C@@H]1C(=O)NC1(C(=O)N(C)C)CC1,,,,,,ZINCnf00000I6oIh
,,CCCN(C)CCC(=O)N1CC(C)(NC(=O)[C@@H]2CCC[C@@H](C)C2)C1,,,,,,ZINCos000003d0ZA
,,CCOC1(CNC(=O)[C@@H](O)C2CN(C(=O)[C@@H](O)CCC(C)C)C2)CC1,,,,,,ZINCp8000015MzbQ
,,C[C@@H](C(=O)NC[C@H](NC(=O)C(C)(C)CO)C1CCC1)N1CCC1,,,,,,ZINCnb00000gOlsk
,,CSC[C@@H](C)C(=O)N1CC(CCO)(NC(=O)c2ccc(O)cc2F)C1,,,,,,ZINCpi00000Khd71
,,C[C@@H](C(=O)NCCCNC(=O)Cn1cc(F)ccc1=O)C(F)F,,,,,,ZINCnb00000gOjq7
,,CCOC1(CNC(=O)[C@H](O)CCC(C)C)CN(C(=O)C[S@](=O)CC)C1,,,,,,ZINCp8000015MzbZ
,,C[C@@H]1CN(C(=O)[C@H]2CC[C@@]3(CC2)CNC(=O)C3)CC[C@@H]1CN,,,,,,ZINCmh000006lpMy
,,CCSC[C@H](N)C(=O)NC1CC2(CO[C@H](C)C2)C1,,,,,,ZINCih000001uejj
,,CCCC1(NC(=O)C(C)(C)[C@@H](C)NC(=O)c2ccc(NC)cn2)CC1,,,,,,ZINCpx00000xDNh1
,,Cc1ccc2c(C(=O)NC[C@@H]3C[C@@H]3CNC(=O)C(C)C)c[nH]c2c1,,,,,,ZINCow000007IlTq
,,Cc1cc2nc(C(=O)N[C@@H](C)[C@H](C)N)ccc2c(=O)n1C,,,,,,ZINCld00000BlI2P
,,C#CCC1(NC(=O)CCC[C@H](CC)NC(=O)[C@@H](CC(C)C)OC)CC1,,,,,,ZINCpx00000xDNgT
,,CCN(CCCNC(=O)[C@H](C)CS(C)(=O)=O)C(=O)[C@]1(C)CC1(Cl)Cl,,,,,,ZINCom00000qocG7
,,O=C1CC[C@H](NC(=O)[C@]2(NC(=O)C3=CCCCC3)CCSC2)CN1,,,,,,ZINCoe00000HUfFe
,,CCOC1(CNC(=O)[C@@H](O)C2CN(C(=O)c3ccsc3OC)C2)CC1,,,,,,ZINCpe000015MzbK
,,CC[C@@H]1CCC[C@@H](CN(CC2CC2)C(=O)c2ccc(CO)o2)C1,,,,,,ZINCnI00000sUPmI
,,C[C@@H]1CC[C@@H](N)CN1C(=O)CCSc1ncnc2[nH]cnc12,,,,,,ZINCmh000006lp40
,,CCOC1(CNC(=O)[C@@H](O)CCCNC(=O)[C@@](C)(O)C(F)(F)F)CC1,,,,,,ZINCp8000015Mzcc
,,CCOC1(CNC(=O)[C@@H](OC)C2CC2)CN(C(=O)[C@@](C)(O)C(C)C)C1,,,,,,ZINCpb000015MzbS
,,CCOC1(CNC(=O)[C@@H](O)C(C)(C)CC)CN(C(=O)COCCF)C1,,,,,,ZINCpb000015MzbY
,,CC(C)C1(NC(=O)CCC[C@@H](C)NC(=O)c2ccncc2O)CCC1,,,,,,ZINCpx00000xDNh6
,,CCS(=O)(=O)CCCN1CCC([C@@H](C)CO)CC1,,,,,,ZINCih000001udya
,,Cc1ccc2c(C(=O)N3CC(C)(NC(=O)[C@@H]4C[C@@H]4Cl)C3)coc2c1,,,,,,ZINCow000007IlLo
,,O=C1CC[C@H](NC(=O)C2(NC(=O)C3CCCCC3)CSC2)CCN1,,,,,,ZINCof00000HUfFf
,,CCN(CCCNC(=O)[C@@H](C)[C@H](O)C(C)C)C(=O)Cc1ccns1,,,,,,ZINCom00000qocFW
,,CCN(CCCNC(=O)[C@H](CCO)N(C)C)C(=O)c1sccc1Cl,,,,,,ZINCom00000qocG4
,,CSC[C@H](C)C(=O)N1CC[C@H](CN(C)C(=O)C(C)(C)n2ccnn2)C1,,,,,,ZINCpj00000Khd7c
,,CN(C[C@H]1CCCS1)c1cccc(S(=O)(=O)NC2C(C)(C)C2(C)C)n1,,,,,,ZINCpB00000xChN2
,,O=C1CC[C@@H](NC(=O)[C@@]2(F)CCCN(C(=O)C3(Cl)CC3)C2)CCN1,,,,,,ZINCoe00000HUfF9
,,CCOC1(CNC(=O)[C@H](O)CC(C)C)CN(C(=O)CC(C)(C)OC)C1,,,,,,ZINCpf000015Mzc2
,,C[C@H](CC#N)C(=O)NCCC1(C(=O)N[C@@H]2[C@@H](O)C[C@H]2O)CCCC1,,,,,,ZINCo800000HJGrN
,,CCC(=O)N1CC[C@@]2(CCCC[C@@H]2NC(=O)[C@@]23CCCN(CC2)C3)C1,,,,,,ZINCpr000002afz5
,,CN(C[C@@H]1CCCOC1)C(=O)[C@@H](NC(=O)c1sccc1Cl)C1(C)CC1,,,,,,ZINCpB00000xChMM
,,CN(C[C@H]1CCCS1)c1ccc(S(=O)(=O)NCCSC(F)(F)F)cn1,,,,,,ZINCpz00000xChN8
,,CCCN(C)CCC(=O)N(C)C[C@H](C)CNC(=O)C[C@@H]1C=CCC1,,,,,,ZINCos000003d0Sc
,,C[C@@H](CC#N)C(=O)NCCc1ocnc1CNC(=O)C1=NOCC1,,,,,,ZINCo800000HJGrR
,,C[C@@H](CC#N)C(=O)N(C)CC1(O)CN(C(=O)[C@]2(C)CNC(=O)C2)C1,,,,,,ZINCo500000HJGrS
,,CCOC1CN(C(=O)[C@H](O)CCCNC(=O)C[C@@H](O)C2CCCC2)C1,,,,,,ZINCpa000015Mzcb
,,CCC(=O)N1CC[C@H](C(=O)N[C@H](C)CCCN=c2ncc(Br)c[nH]2)C1,,,,,,ZINCpr000002afMi
,,CCOC1(CNC(=O)[C@@H](O)CNC(=O)c2cccc(CC)n2)CCC1,,,,,,ZINCpe000015Mzcs
,,C=CC[C@@]1(NC(=O)C(C)(C)[C@H](C)NC(=O)c2ccc(F)s2)CCOC1,,,,,,ZINCpy00000xDNh0
,,CCOC1CN(C(=O)[C@@H](O)C2CN(C(=O)C[C@H]3CCCC34CC4)C2)C1,,,,,,ZINCpg000015MzbM
,,CC[C@@H]1CCC[C@H](CN(CC2CC2)C(=O)c2ncc(F)cn2)C1,,,,,,ZINCnG00000sUPmR
,,CCC(=O)N1CC[C@H](C2CC2)[C@@H]1CNC(=O)c1n[nH]cc1C(F)(F)F,,,,,,ZINCpr000002afYL
,,C[C@@H](C(=O)NC[C@@H](CO)NC(=O)CCC(C)(C)F)n1ccnc1,,,,,,ZINCnb00000gOkFH
,,CO[C@H](CNC(=O)c1cscn1)c1ccc(Cl)cc1,,,,,,ZINCjz000003vxZm
,,CCC(=O)N1CC[C@H](C)[C@@H](CNC(=O)c2ncoc2[C@H]2CCCO2)C1,,,,,,ZINCpr000002afQN
,,C[C@@H]1CCS(=O)(=O)CCN1C(=O)c1csc(-c2ncc[nH]2)n1,,,,,,ZINCmh000006loXz
,,CC[C@@H]1CCC[C@H](CN(CC2CC2)C(=O)C2(C(C)(C)O)CC2)C1,,,,,,ZINCnJ00000sUPmJ
,,CSC[C@H](C)C(=O)N1CC[C@@H](CCNC(=O)c2cocc2C(N)=O)C1,,,,,,ZINCpj00000Khd79
,,C#CC1(N(C)S(=O)(=O)c2ccc(N=[N+]=[N-])cc2)CCOCC1,,,,,,ZINCmu00000gvvXb
,,C[C@@H]1CC[C@@](N)(C(=O)N[C@@H]2CCCN(CC(F)(F)F)C2=O)C1,,,,,,ZINCmh000006lp6T
,,C[C@@H](C(=O)NCCNC(=O)CSC[C@@H]1CCCO1)n1ccnc1,,,,,,ZINCnb00000gOjYO
,,O=C1CC[C@H](NC(=O)C2(CNC(=O)CSCC(F)F)CC2)CCN1,,,,,,ZINCoc00000HUfF6
,,CCOC1(CNC(=O)[C@H](OC)C(C)C)CN(C(=O)CCS(N)(=O)=O)C1,,,,,,ZINCp5000015Mzc4
,,C[C@@H]1CCc2nc(C(=O)NC[C@@H](C)c3nncn3C)cn2C1,,,,,,ZINCmh000006lpkJ
,,C=CCC1(NC(=O)C(C)(C)[C@@H](C)NC(=O)C2CCC(C)(O)CC2)CC1,,,,,,ZINCpw00000xDNgZ
,,Cc1cc(CN(C[C@H]2CCCCO2)C(=O)C(C)(C)CCCF)ccn1,,,,,,ZINCpK00000FF3yY
,,C[C@@H]1CN(C(=O)c2cc(-c3ccncc3)nn2C)C[C@@H]1CN,,,,,,ZINCmh000006lpPH
,,CCN(CCCNC(=O)[C@H](C)N1CCC1)C(=O)c1c(Cl)noc1C,,,,,,ZINCom00000qocG9
,,CO[C@H](CNC(=O)c1cc2scc(C)c2[nH]1)C(C)C,,,,,,ZINCjz000003vxXE
,,CCOC1(CNC(=O)[C@H](O)C2CN(C(=O)CS(=O)(=O)CC)C2)CCC1,,,,,,ZINCp5000015MzbR
,,O=C1CC[C@@H](NC(=O)C2(NC(=O)C3CC(CC4CC4)C3)CC2)CN1,,,,,,ZINCoe00000HUfFd
,,CSC[C@H](C)C(=O)N1CCC2(CN(C(=O)Cc3cccnc3O)C2)C1,,,,,,ZINCpj00000Khd6S
,,C[C@@H](C(=O)NCCOCCN(C)C(=O)[C@@H]1CCCN1C)C(F)F,,,,,,ZINCnb00000gOkgO
,,CCOC1(CNC(=O)[C@H](O)C2CC2)CN(C(=O)[C@@H](C)n2cncn2)C1,,,,,,ZINCp5000015MzbC
,,CCOC1CN(C(=O)[C@@H](O)C2CN(C(=O)c3cc(C)ncc3C)C2)C1,,,,,,ZINCp9000015MzbI
,,C[C@@H](C(=O)NCCNC(=O)C(C)(C)C)n1cc(CCC#N)nn1,,,,,,ZINCnb00000gOjRU
,,CSC[C@H](C)C(=O)N1CC[C@@H](CNC(=O)C2CN(C)C2)C(F)(F)CC1,,,,,,ZINCpl00000Khd7d
,,C=CCC1(NC(=O)CCC[C@@H](C)NC(=O)CCc2cc(C)on2)CC1,,,,,,ZINCpy00000xDNhi
,,CCOC1CN(C(=O)[C@H](O)C2CN(C(=O)[C@@]3(CC)CCNC3=O)C2)C1,,,,,,ZINCp4000015MzbH
,,CCCN(C)CCC(=O)N1CCC(C)(CN=c2ccnc[nH]2)CC1,,,,,,ZINCos000003d16j
,,O=C1CC[C@@H](NC(=O)C2(NC(=O)CCCC3CC3)CSC2)CCN1,,,,,,ZINCof00000HUfFk
,,C[C@@H](C(=O)NC[C@@H](O)CN(C)C(=O)C(C)(C)CN(C)C)C1CC1,,,,,,ZINCnb00000gOkL2
,,C#CCC1(NC(=O)CCC[C@@H](C)NC(=O)C2(CCN=[N+]=[N-])CC2)CC1,,,,,,ZINCpy00000xDNh7
,,C=CCC1(NC(=O)C(C)(C)[C@H](C)NC(=O)C2=CCCOC2)CC=CC1,,,,,,ZINCpw00000xDNh4
,,Cc1cc2nc(C(=O)NC(C)(C)C)ccc2c(=O)n1C,,,,,,ZINCkn00000BlI2N
,,CN(C[C@H]1CCCS1)c1ccc(Br)c(S(=O)(=O)NCc2ccco2)n1,,,,,,ZINCpC00000xChMZ
,,CSC[C@@H](C)C(=O)N1CC2(CCN(C(=O)Cn3cc(Cl)c(C)n3)C2)C1,,,,,,ZINCpp00000Khd6M
,,CCC(=O)N1CC[C@H](C)[C@@H]1CNC(=O)c1cc(-c2ccncc2)no1,,,,,,ZINCpr000002afSA
,,CCC(=O)N1CC[C@H](C(=O)NC[C@H]2CCN2[C@@H](C)c2ccccc2)C1,,,,,,ZINCpr000002afLy
,,CCN(CCCNC(=O)[C@H](C)C(F)(F)F)C(=O)[C@H]1C[C@@H](N(C)C)C1,,,,,,ZINCoo00000qocFR
,,O=C1CC[C@@H](NC(=O)C2(NC(=O)C3=C(Cl)CCC3)CCC2)C(=O)N1,,,,,,ZINCoc00000HUfFi
,,Cc1ccc(NC(=O)NC(=O)CN2CC[C@@H]3OCCC[C@H]3C2)cc1C,,,,,,ZINCpu000000qEc5
,,C[C@@H](C(=O)NC[C@H](CO)NC(=O)c1cccc(F)c1N)C(F)F,,,,,,ZINCnb00000gOlq3
,,CCS(=O)(=O)Nc1nn(CC(C)(F)F)cc1C#N,,,,,,ZINCih000001udYW
,,CCN(CCCNC(=O)[C@@H](C)CN(C)C)C(=O)C[C@H]1CCC1(F)F,,,,,,ZINCop00000qocFY
,,CCOc1nc(C(=O)N(CCO)CC(C)C)co1,,,,,,ZINCih000001udl2
,,C[C@@H](C(=O)NC[C@@H](NC(=O)CC1CSC1)C1CCC1)S(C)(=O)=O,,,,,,ZINCnb00000gOkJE
,,CCOC1(CNC(=O)[C@H](O)CC(F)(F)F)CN(C(=O)[C@H]2C=CCC2)C1,,,,,,ZINCpg000015Mzci
,,CSC[C@H](C)C(=O)N1CC2(CC(NC(=O)C3CCC(CO)CC3)C2)C1,,,,,,ZINCpo00000Khd6L
,,COc1ccc2[nH]c(C(=O)N3C[C@H](O)CC4(CCC4)C3)cc2c1,,,,,,ZINCnv000001GlA5
,,CCCC1(NC(=O)CCC[C@H](CC)NC(=O)[C@H](C)C(=O)OC)CCC1,,,,,,ZINCpx00000xDNgU
,,CN(C[C@H]1CCCO[C@H]1c1ccccc1)C(=O)C12CCC(CC1)CN2,,,,,,ZINCpB00000xChMS
,,O=C(NC[C@@H]1C[C@H]1NC(=O)[C@]1(Br)CC12CCC2)c1ncc(F)cn1,,,,,,ZINCol00000lX5jH
,,C[C@@H](C(=O)NC[C@@H]1C[C@H]1NC(=O)CC1(C)CC1)N1CCOCC1,,,,,,ZINCnb00000gOl9V
,,CC=CC(=O)N1Cc2ccnn2C[C@@H](NC(=O)c2cnc(C)s2)C1,,,,,,ZINCoj00000lX5ve
,,CSC=CC(=O)N[C@@H](C)CNC(=O)c1ncnc2c1ncn2C1CC1,,,,,,ZINCpi00000Khd6z
,,Cc1ncn(C)c1C(=O)N1CC(NC(=O)C2=C[C@H]3CC=CC[C@@H]23)C1,,,,,,ZINCoh00000lX5lF
,,C[C@@H]1CN(C(=O)Cc2ccc(C=O)[nH]2)C[C@]2(CCCOC2)O1,,,,,,ZINCmh000006lpAr
,,C[C@@H](C(=O)NCCN(C)C(=O)[C@@H](NC(N)=O)C(C)(C)C)C(F)F,,,,,,ZINCnb00000gOjJ0
,,CSC[C@H](C)C(=O)N1CCC2(CN(C(=O)c3cncc(CO)c3)C2)C1,,,,,,ZINCpi00000Khd6R
,,C[C@@H]1CN(C(=O)CCc2ccccc2C(N)=O)C[C@@H](C)C1N,,,,,,ZINCmh000006lpsZ
,,CCN(CCCNC(=O)[C@@H](C)[C@@H]1CCC(=O)N1C)C(=O)C=C(Cl)Cl,,,,,,ZINCop00000qocFT
,,Cc1cc(CN(C[C@@H]2CCCCO2)C(=O)CC(C2CC2)C2CC2)on1,,,,,,ZINCpH00000FF3yV
,,CCCNc1c(CC(C)C)nc2ccc(OC(C)C)nn12,,,,,,ZINClF00000nm2aB
,,C[C@@H](CC#N)C(=O)NCC1(O)CC(C(=O)NC[C@H]2C=CCOC2)C1,,,,,,ZINCo700000HJGrv
,,CSC[C@H](C)C(=O)N1CC(CCO)(NC(=O)C(=O)c2ccc(Cl)s2)C1,,,,,,ZINCpm00000Khd75
,,C#CCC1(NC(=O)C(C)(C)[C@@H](C)NC(=O)c2cc(F)cc(F)c2)CC1,,,,,,ZINCpx00000xDNh5
,,CO[C@H](CC(C)C)C(=O)NCCCN(C(=O)C1(C)COC1)C1CC1,,,,,,ZINCol00000lX5jT
,,CSC=CC(=O)N[C@@H](CNC(=O)[C@@H](C1CC1)S(C)(=O)=O)CC(F)(F)F,,,,,,ZINCpi00000Khd6E
,,CCSC1(CNC(=O)c2cc(C(N)=O)c[nH]2)CC1,,,,,,ZINCih000001ue4x
,,CCOC1(CNC(=O)[C@H](O)CC)CN(C(=O)[C@H]2CC(F)(F)C2(C)C)C1,,,,,,ZINCph000015Mzce
,,C[C@@H]1CC[C@@](N)(C(=O)NC[C@H]2CCC3(CCNCC3)CO2)C1,,,,,,ZINCmh000006lp6J
,,Cc1ccc(NC(=O)NC[C@@]2(C)CCCS2)cc1N1C(=O)CNC1=O,,,,,,ZINCpu000000qEhN
,,CCCN(C)CCC(=O)N1CCC(CC)(NC(=O)[C@@H]2C[C@H]2C)CC1,,,,,,ZINCos000003d16W
,,Cc1ccc(NC(=O)NC(=O)CSc2ncnc3[nH]cnc23)c(C)c1,,,,,,ZINCpu000000qEdC
,,CCN(CCCNC(=O)[C@H](C)C(F)F)C(=O)c1ccnc(C)c1O,,,,,,ZINCop00000qocFQ
,,CSC[C@H](C)C(=O)N1CC2(CN(C(=O)CCCn3cc(C)cn3)C2)C1,,,,,,ZINCpm00000Khd6O
,,CC[C@](C)(NS(=O)(=O)c1ccc(C(=O)OC)cc1Br)c1nccs1,,,,,,ZINCoC000000GZLV
,,C[C@@H](C(=O)NC[C@H](CO)NC(=O)Cc1csnn1)C1CCCC1,,,,,,ZINCnb00000gOlon
,,CN(C[C@H]1CCCOC1)S(=O)(=O)c1ccc(N[C@H]2CCSC2)c(Cl)c1,,,,,,ZINCpD00000xChMQ
,,CC[C@H]1CCC[C@H](CN(CC2CC2)C(=O)C2CCS(=O)CC2)C1,,,,,,ZINCnG00000sUPmL
,,CSC[C@@H](C)C(=O)N1CCC[C@]1(C)CNC(=O)Cc1ncn(C)c1C,,,,,,ZINCpn00000Khd6T
,,Cc1cc2ncc(NC(=O)[C@@H](O)CCCN)cn2n1,,,,,,ZINCj600000BlI2L
,,CCOC1(CNC(=O)CN2CC(C)(OC)C2)CN(C(=O)C=CSC)C1,,,,,,ZINCp9000015MzcK
,,CCOC1CN(C(=O)[C@H](O)C2CN(C(=O)[C@H]3CCCCC(=O)C3)C2)C1,,,,,,ZINCp8000015MzbO
,,CCCN(C)CCC(=O)N(C)CC[C@@H](NC(=O)C1(F)CC1)C(C)C,,,,,,ZINCos000003d0Qr
,,CCOC1(CNC(=O)[C@@H](SC)C2CC2)CN(C(=O)C(F)(F)[C@@H](C)O)C1,,,,,,ZINCpe000015MzcE
,,CN(C[C@@H]1CCCS1)c1ccc(S(=O)(=O)N2CCC[C@](C)(F)C2)cn1,,,,,,ZINCpz00000xChN4
,,C[C@@H]1CCc2nc(C(=O)NCCNC(=O)C3CCC3)cn2C1,,,,,,ZINCmh000006lpkI
,,CCC1(N(C)S(=O)(=O)c2ccc(N(C)CC(Cl)Cl)nc2)CC1,,,,,,ZINCmy00000gvvXa
,,CSC=CC(=O)N[C@@H](CNC(=O)c1cocc1C(N)=O)CC(F)(F)F,,,,,,ZINCpk00000Khd6A
,,CCOC1(CNC(=O)[C@@H](O)CC(C)C)CN(C(=O)c2cc(Cl)n[nH]2)C1,,,,,,ZINCpe000015Mzc0
,,CCOc1nc(C(=O)N[C@@H](C)C2(O)CCC2)co1,,,,,,ZINCih000001udlN
,,C[C@@H](C(=O)NC[C@H](CO)NC(=O)c1cc(Cl)cnn1)C(F)(F)F,,,,,,ZINCnb00000gOlps
,,Cc1cc2nc(C(=O)N(C)[C@H]3CC[C@H](N)C3)cn2cc1C,,,,,,ZINClp00000BlI2O
,,C[C@H](CC#N)C(=O)NCC1(O)CC(C(=O)N(C)CC(C)(C)CO)C1,,,,,,ZINCo800000HJGru
,,C[C@H](CC#N)C(=O)N(C)CC1(O)CN(C(=O)CCNC(=O)CO)C1,,,,,,ZINCo400000HJGrU
,,CCC[C@@]1(NC(=O)CCC[C@@H](C)NC(=O)c2csnc2C)CCOC1,,,,,,ZINCpy00000xDNhb
,,C[C@@H]1CN(C(=O)[C@H](N)c2ccc3ccccc3c2)CC(=O)N1,,,,,,ZINCmh000006lpKz
,,COc1ccc([C@H]2NC(=O)N(Cc3cccc(Cl)n3)C2=O)cc1,,,,,,ZINCnv000001GkWy
,,CCC[C@@]1(NC(=O)/C(Cl)=C/Cl)CCCN(C(=O)c2csc(C)n2)C1,,,,,,ZINCoG00000bkAvj
,,CN(C[C@@H]1CCCS1)c1ccc(Br)c(S(=O)(=O)N[C@H]2CC23CCC3)n1,,,,,,ZINCpD00000xChN0
,,CSC[C@@H](C)C(=O)N1CCC[C@]2(C1)CN(C(=O)C1(C)CSC1)CCO2,,,,,,ZINCpp00000Khd6U
,,CCC(=O)N1CC[C@H](C(F)(F)F)[C@H](NC(=O)[C@H](CC)n2ccnc2)C1,,,,,,ZINCpr000002afOs
,,CCOC1(CNC(=O)CN2CCCCC2=O)CN(C(=O)[C@H]2C[C@H]2Cl)C1,,,,,,ZINCp9000015MzcH
,,CC[C@](C)(NS(=O)(=O)c1c(F)cc(C#N)cc1F)c1nc(C)cs1,,,,,,ZINCoC000000GZLt
,,C[C@H](CC#N)C(=O)NCCC1(C(=O)NC[C@](C)(O)CN(C)C)CC1,,,,,,ZINCo800000HJGrK
,,C[C@@H](C(=O)NCCNC(=O)COC1CC=CC1)c1cncnc1,,,,,,ZINCnb00000gOjYh
,,CCCN(C)CCC(=O)N1CC=C[C@H](NC(=O)C[C@H](C)C(C)C)C1,,,,,,ZINCos000003d15T
,,C[C@@H]1CN(C(=O)C2(C#N)CCOCC2)C[C@@]2(CCO[C@@H]2C)O1,,,,,,ZINCmh000006lpoW
,,CCOC1(CNC(=O)[C@@H](O)CCCNC(=O)Cc2ccnn2C)CC1,,,,,,ZINCp5000015Mzca
,,CSCCC(=O)N[C@H](CNC(=O)[C@@H](O)C(F)(F)F)Cc1ccccc1,,,,,,ZINCpl00000Khd6G
,,COc1ccc([C@](C)(NC(=O)N2CCCC[C@H]2C)C(=O)O)cc1,,,,,,ZINCnv000001GkYJ
,,CN(C[C@H]1CCCOC1)C(=O)[C@@H](CC(F)F)NC(=O)c1sccc1Cl,,,,,,ZINCpA00000xChMK
,,C[C@@H](C(=O)NC[C@@H]1CCN(C)C1=O)n1cc(-c2nccs2)nn1,,,,,,ZINCnb00000gOkXr
,,CCCN(C)CCC(=O)N(C)C[C@@H](C)CNC(=O)Cc1ccsc1,,,,,,ZINCos000003d0QO
,,CCOC1(CNC(=O)[C@H](O)CCCNC(=O)[C@@H](C)C2(O)CCC2)CC1,,,,,,ZINCpa000015Mzcg
,,CCOC1(CNC(=O)Cn2cc([C@](C)(O)COC)nn2)CCSCC1,,,,,,ZINCpb000015MzcI
,,CCC1(N(C)S(=O)(=O)CC2(OC)CCC(F)(F)CC2)COC1,,,,,,ZINCmq00000gvvXh
,,CCN(CCCNC(=O)[C@H](C)COC)C(=O)C(=O)c1cc(Br)co1,,,,,,ZINCoo00000qocFZ
,,CCOC1(CNC(=O)[C@@H](O)CSC)CN(C(=O)C[C@H]2CC=CCC2)C1,,,,,,ZINCph000015MzcC
,,C[C@H](CC#N)C(=O)NCCC1(C(=O)NC[C@@](C)(O)CN(C)C)CC1,,,,,,ZINCo800000HJGrL
,,C[C@@H]1CN(C(=O)[C@H]2C[C@@H](OC(F)(F)F)CN2)Cc2c[nH]nc21,,,,,,ZINCmh000006lpNp
,,C[C@@H](C(=O)NC[C@@H](CO)NC(=O)CC(C)(C)C(F)(F)F)N(C)C,,,,,,ZINCnb00000gOkFt
,,C[C@H](CC#N)C(=O)NCC1(O)CC(C(=O)NCc2nnnn2C)C1,,,,,,ZINCo400000HJGrt
,,CCN(CCCNC(=O)[C@H](CCOC)OC)C(=O)CC[C@@H]1C[C@H]1C,,,,,,ZINCoo00000qocG1
,,Cc1ccc2c(C(=O)NCCNC(=O)[C@H]3C[C@@H]3C)ccnc2c1Cl,,,,,,ZINCow000007IlS7
,,CCCC[C@@H](CC)CN(C[C@@H]1CSCCO1)C(=O)C1(F)CC1,,,,,,ZINCmG00000hhMJr
,,CN(CCCC(=O)N1C[C@H]2[C@@H](C1)OCCN2C(=O)CO)N=O,,,,,,ZINCm400000lp9iw
,,COC[C@H](NC(=O)c1cnn2c1OCC2)C(=O)N1CC(=O)N[C@H](C)C1,,,,,,ZINCp4000015O9xf
,,CNC(=O)[C@@H]([C@@H]1C[C@H]1c1cccs1)N1CCCC[C@@]12CCOC2,,,,,,ZINCnw00000r315f
,,CNC(=O)[C@H]([C@@H]1C[C@H]1c1ccsc1)N(C)Cc1c(Br)cnn1C,,,,,,ZINCnv00000r315s
,,CCOCC(=O)N1CCOC[C@H]1C(=O)N(C)Cc1nc(C)ns1,,,,,,ZINCn600000UmC4H
,,Cc1nnc([C@@H](C)N2CC([C@H](C)NC(=O)c3cc(Cl)ccc3F)C2)o1,,,,,,ZINCpz000002AYBK
,,C#CC1(C(=O)NC[C@H](C)CC2CCC2)CCN(C(=O)[C@H]2C[C@H]2C)CC1,,,,,,ZINCpy00000xDtkp
,,C=C[C@@H](O)C(=O)N[C@H]1CC[C@H](NC(=O)C2=CNC3=NCCCN23)C1,,,,,,ZINCo600000EJm9w
,,CCCC1CC(C(=O)N[C@H]2CCN(C(=O)c3cc([N+](=O)[O-])n[nH]3)C2)C1,,,,,,ZINCpk00000y6RsR
,,COC[C@H](NC(=O)C1(CNC(=O)COC2CC2)CC=CC1)C(=O)OC,,,,,,ZINCp5000015O9wu
,,Cc1cc(=NC(=O)CC[C@@H]2CCNC2)c2c([nH]1)CCCC2,,,,,,ZINClv00000nlxng
,,CCCc1cc(C(=O)N[C@H](CC)CNC(=O)CCCC#N)cc(O)n1,,,,,,ZINCpm00000y6RtJ
,,CSC(SC)C(=O)N[C@@H]1CCC[C@H]1CC(=O)N[C@@H]1CCCNC1=O,,,,,,ZINCoh00000sLqAb
,,CNC(=O)[C@H]([C@@H]1C[C@H]1c1ccsc1)N1C[C@H]2CC[C@H]1[C@H](CO)C2,,,,,,ZINCnq00000r315q
,,CCN(CC)C(=O)[C@@H](C)Nc1ccc(N(C)C)c(F)c1,,,,,,ZINCkv000000S0E0
,,CCS[C@H](C(=O)N[C@H]1CCC[C@H]1C(=O)N(C)CC1CCC1)C(C)C,,,,,,ZINCoD00000thkdS
,,C#CC1(C(=O)NC[C@H](C)CC2CC2)CN(C(=O)C[C@H]2C[C@H](SC)C2)C1,,,,,,ZINCpv00000xDtkg
,,COCC1CN(C(=O)[C@H]2CC=C[C@H](NC(=O)C(C)(C)[C@@H](C)O)C2)C1,,,,,,ZINCof00000HSSkw
,,COC[C@H](NC(=O)c1c[nH]nc1Cl)C(=O)N1CCC([C@H](C)CO)CC1,,,,,,ZINCpc000015O9xd
,,CSC(SC)C(=O)N[C@H]1C=CCC[C@H]1C(=O)N1CC2(CC[C@@H]2O)C1,,,,,,ZINCok00000sLqA4
,,CC(C)c1cc(C(=O)N[C@H]2[C@@H]3C[C@H]2N(C(=O)C[C@H]2CCCO2)C3)no1,,,,,,ZINCpm00000y6Rt2
,,CC[C@@H](O)C(=O)N[C@H]1CC[C@H](NC(=O)[C@]2(C)CCNC(=O)C2)CC1,,,,,,ZINCo800000EJm9u
,,C=C[C@H](O)C(=O)N[C@H]1CC[C@H](NC(=O)c2cnc(OC)nc2C)C1,,,,,,ZINCo700000EJm9x
,,CCCc1cc(C(=O)N[C@H]2[C@@H]3CN(C(=O)[C@@]4(F)CC4(F)F)C[C@@H]32)n[nH]1,,,,,,ZINCpi00000y6Rt7
,,C[C@@]1(c2ccc(N[C@@H]3CCC4(CC4)C3)cc2)NC(=O)NC1=O,,,,,,ZINCmu00000ezwBK
,,CC[C@]1(C(=O)NC[C@H](C)CC2CC2)CCN(C(=O)CN(C)C(C)C)C1,,,,,,ZINCpv00000xDtkc
,,CCS[C@@H](C(=O)N[C@H]1CCC[C@@H]1C(=O)N[C@@H]1CC[C@H](C)C1)C(C)C,,,,,,ZINCoD00000thkdV
,,C1CCC([C@H]2CCN(N3C[C@H]4CCC[C@H]4C3)C2)C1,,,,,,ZINCiB00000bHj31
,,COC[C@H](NC(=O)c1c[nH]c(=S)cn1)C(=O)N1CC[C@]12CCCSC2,,,,,,ZINCpg000015O9x6
,,C=CC[C@H](CC(=O)N[C@H]1CC(C)(C)C12CC2)NC(=O)C1=NO[C@H](C)C1,,,,,,ZINCps00000mafXG
,,CCCC1CC(C(=O)N[C@@H](CC)CNC(=O)c2cc(N)cc(O)n2)C1,,,,,,ZINCpo00000y6RtF
,,CCS[C@@H](C(=O)N[C@H]1CCC[C@@H]1C(=O)N1C[C@H](C)C1(C)C)C(C)C,,,,,,ZINCoD00000thkdM
,,CCOCC(=O)N1CCOC[C@H]1C(=O)N1CCOC(C)(C)[C@H]1C,,,,,,ZINCn800000UmC4D
,,COC[C@H](NC(=O)c1c[nH]c(C(N)=O)c1)C(=O)N1CCC[C@H](CF)C1,,,,,,ZINCp6000015O9wT
,,Cc1c2cc(CNC[C@@H](O)c3ccccc3)ccc2nn1C,,,,,,ZINCmx00000ezwBH
,,CCOCC(=O)N1CCOC[C@H]1C(=O)N1CC(N2CC(O)C2)C1,,,,,,ZINCn400000UmC4C
,,CC(C)[C@@H](CC(=O)N[C@@H]1CCCCC12CC2)NC(=O)[C@H](O)C(F)(F)F,,,,,,ZINCps00000mafXJ
,,COC[C@H](NC(=O)c1cnc(OC)nc1)C(=O)N(C)[C@H]1CCCOC1,,,,,,ZINCp5000015O9wr
,,C#CC1(C(=O)N(C)[C@@H](C)CC2CC2)CCN(C(=O)[C@@H](C)N=[N+]=[N-])CC1,,,,,,ZINCpv00000xDtka
,,COCC1(CNC(=O)[C@@H]2CC=C[C@H](O)C2)CN(C(=O)C(C)(C)Br)C1,,,,,,ZINCog00000HSSky
,,CSC(SC)C(=O)N[C@H]1C=CC[C@H](C(=O)N[C@@H](C)c2nc[nH]n2)C1,,,,,,ZINCok00000sLqAj
,,Cc1c2cc(CN[C@@H](CO)Cc3nccs3)ccc2nn1C,,,,,,ZINCmq00000ezwBQ
,,CCN(C[C@@H](C)C#N)C(=O)[C@@H]1CN(C(=O)c2n[nH]cc2Cl)C[C@H]1C,,,,,,ZINCon00000tc4Hw
,,CNC(=O)[C@H]([C@@H]1C[C@H]1c1ccsc1)N1CC[C@](OC)(C(F)F)C1,,,,,,ZINCnt00000r315p
,,CC[C@H](O)C(=O)N[C@@H]1C=C[C@H](CNC(=O)CSc2nnnn2C)C1,,,,,,ZINCo500000EJm9p
,,CCCC1CC(C(=O)N[C@@H]2CN(C(=O)C34CCC(CC3)O4)C[C@H]2O)C1,,,,,,ZINCpi00000y6Rt9
,,CSC(SC)C(=O)N[C@@H]1CCC[C@H]1CC(=O)NC[C@H]1CCOC1=O,,,,,,ZINCoj00000sLqAa
,,CCOCC(=O)N1CC(OCC(=O)N[C@H](CC)c2nccs2)C1,,,,,,ZINCnf00000UmC58
,,CCCc1cc(C(=O)N[C@H](C)CCN(C)C(=O)[C@H]2C[C@H](C#N)C2)n[nH]1,,,,,,ZINCpo00000y6Rtz
,,CN(CCCC(=O)N(C)Cc1cn([C@H]2C[C@H](O)C2)nn1)N=O,,,,,,ZINCm900000lp9iK
,,COC[C@H](NC(=O)c1c[nH]c(C(N)=O)c1)C(=O)NC[C@@H]1CC[C@H]1CO,,,,,,ZINCp4000015O9wX
,,Cc1ccccc1[C@H]1CCCN([C@H]2C[C@@H]3CNC(=O)C[C@H](C3)C2)C1,,,,,,ZINCoE00000eteKA
,,C[C@]1(c2ccc(NC(=NO)c3nonc3N)cc2)CC1(F)F,,,,,,ZINCmr00000ezwBR
,,CCOCC(=O)N1CCOC[C@@H]1CC(=O)N1C[C@H](C)[C@@H](C)[C@@H]1C,,,,,,ZINCnh00000UmC4q
,,CCCc1cc(C(=O)N[C@@H](CC)CNC(=O)[C@@](C)(C#N)CC)nn1C,,,,,,ZINCpp00000y6RtK
,,CCN(C[C@H](C)C#N)C(=O)[C@@H]1[C@H]2CCN(C(=O)[C@H](C)CC#N)C[C@H]21,,,,,,ZINCom00000tc4Ho
,,CC[C@](C)(OC)C(=O)N[C@H](CC(C)C)c1cn([C@H](C)C(C)=O)nn1,,,,,,ZINCou00000BBiEv
,,Cc1c2ccc(N[C@@H](C)C3CCS(=O)(=O)CC3)cc2nn1C,,,,,,ZINCmv00000ezwBP
,,C#C[C@@]1(C(=O)NC[C@@H](C)CC2CCC2)CCN(C(=O)C2[C@H](C)[C@H]2C)C1,,,,,,ZINCpw00000xDtkl
,,CCN(C[C@@H](C)C#N)C(=O)[C@H]1CN(C(=O)c2cc[nH]c2)CC12CC2,,,,,,ZINCoo00000tc4Hu
,,CCS[C@@H](C(=O)N[C@H]1CCC[C@@H]1C(=O)N(C)CC1(C)CC1)C(C)C,,,,,,ZINCoD00000thkdR
,,COC[C@@H](NC(=O)c1c[nH]nc1CCNC(=O)[C@H]1CCSC1)C1CC1,,,,,,ZINCpf000015O9x9
,,CCCC1CC(C(=O)N[C@@H]2[C@H]3C[C@@H]2N(C(=O)COCCOCC)C3)C1,,,,,,ZINCpl00000y6Rt6
,,CC(C)c1cc(C(=O)N[C@H](C)CCN(C)C(=O)CC2(O)CC2)n(C)n1,,,,,,ZINCpk00000y6Rtw
,,COC[C@H](NC(=O)c1cnc(O)o1)C(=O)NCc1cc(F)ccc1F,,,,,,ZINCp9000015O9wC
,,Cc1nnc([C@@H](C)N2CCCC[C@@H](NC(=O)[C@H](C)CC(F)(F)F)C2)o1,,,,,,ZINCpz000002AYES
,,C#CC[C@H](CC(=O)N[C@@H]1CCCc2n[nH]cc21)NC(=O)C[C@@H](C)CC,,,,,,ZINCps00000mafXD
,,CCN(C[C@@H](C)C#N)C(=O)[C@@H]1CN(C(=O)CCOC)CC12CCC2,,,,,,ZINCom00000tc4HB
,,COC[C@H](NC(=O)c1cnc(OC)s1)C(=O)N1C[C@H](C)[C@H](N=[N+]=[N-])C1,,,,,,ZINCpg000015O9wy
,,CC(C)c1cc(C(=O)N[C@@H]2CN(C(=O)c3c[nH]nc3Br)[C@@H]3C[C@@H]23)on1,,,,,,ZINCpp00000y6Rtg
,,Cc1nnc([C@@H](C)N2CC[C@H]3CC[C@@H](C2)N3C(=O)[C@H](C)C2CCC2)o1,,,,,,ZINCpz000002AYMg
,,CC1(c2cc(CNCCNc3cc(C#N)ccn3)no2)CC1,,,,,,ZINCmr00000ezwBI
,,CCC1(C(=O)NC[C@@H](C)CC2CC2)CN(C(=O)[C@@H](C)CCCOC)C1,,,,,,ZINCpy00000xDtkj
,,CC(C)c1cc(C(=O)N[C@@H]2CCN(C(=O)[C@@H](CO)C(C)(C)C)C2)no1,,,,,,ZINCpn00000y6RsV
,,CCCc1cc(C(=O)N[C@@H]2CN(C(=O)[C@H]3C[C@@H](C#N)C3)[C@H]3C[C@@H]23)no1,,,,,,ZINCpl00000y6Rtj
,,C[C@@H]1CNC(=O)C[C@H](NCc2ccc(CO)cc2F)C1,,,,,,ZINCkj00000Bmgc3
,,Cc1ccccc1[C@H]1CCCN(C(=O)c2cc(C(C)C)nn2C)C1,,,,,,ZINCoI00000eteKC
,,CCOCC(=O)N1CC(=O)C[C@@H]1C(=O)N1CC(=O)N(C)[C@H](C)C1,,,,,,ZINCn400000UmC4E
,,C=C[C@H](CC)CC(=O)N1CC[C@@H]1CC(=O)NCC(C)(C)n1cccn1,,,,,,ZINCpt00000iZp32
,,CN(C(C)(C)C(=O)NCc1ccoc1C(F)(F)F)S(C)(=O)=O,,,,,,ZINCml00000lp9iH
,,CN(C(C)(C)C(=O)Nc1cccc(C(C)(C)O)c1)S(C)(=O)=O,,,,,,ZINCml00000lp9iF
,,CCCc1cc(C(=O)N[C@H]2CN(C(=O)[C@]34CC[C@@H]3C4)CC[C@H]2F)n[nH]1,,,,,,ZINCpo00000y6Rta
,,CCCC1CC(C(=O)N[C@@H](C)CCNC(=O)CCc2nncn2C)C1,,,,,,ZINCpl00000y6RtI
,,CCCc1cc(C(=O)N[C@H](C)CCN(C)C(=O)[C@H](F)C(C)(C)O)no1,,,,,,ZINCpn00000y6RtC
,,COC[C@H](NC(=O)c1c[nH]c(=O)cn1)C(=O)NOC[C@H](O)C(C)(C)C,,,,,,ZINCp4000015O9x5
,,CCS[C@@H](C(=O)N[C@@H]1CCC[C@@H]1NC(=O)C[C@H]1CCSC1)C(C)C,,,,,,ZINCoA00000thke0
,,C#CC[C@H](CC(=O)N[C@@H]1CCCC2(CC1)CC2)NC(=O)CC(C)(C)O,,,,,,ZINCps00000mafXy
,,CCN(C[C@H](C)C#N)C(=O)[C@H]1CN(C(=O)C[C@H](C)C2CC2)CCO1,,,,,,ZINCom00000tc4HA
,,CCN(CC)C(=O)[C@@H]1CCCN1Cc1nc(C)c(C)s1,,,,,,ZINCkv000000S0Fd
,,CCCc1cc(C(=O)N[C@@H]2CN(C(=O)C=C(C)C(F)F)[C@H]3C[C@@H]23)n[nH]1,,,,,,ZINCpp00000y6Rti
,,C#CC1(C(=O)N(C)[C@H](C=C)C2CC2)CCN(C(=O)CSC(F)F)CC1,,,,,,ZINCpw00000xDtke
,,CCS[C@H](C(=O)N[C@H]1CCC[C@H]1n1cc(CCSC)nn1)C(C)C,,,,,,ZINCoB00000thkdW
,,Cc1cc(NC(=O)CC[C@@H]2CCCS2)cc(C(=O)O)c1C,,,,,,ZINClG00000nlxnd
,,C[C@H]1CN(C(=O)C[C@H]2CSCCN2)C[C@@H](C)N1C,,,,,,ZINCic00000BmgbN
,,COC[C@H](NC(=O)c1cnc(OC)s1)C(=O)NCC[C@H]1CCCCO1,,,,,,ZINCpf000015O9wz
,,CCCc1cc(C(=O)N[C@@H]2CN(C(=O)C3=CCCS3)[C@@H]3C[C@@H]23)nn1C,,,,,,ZINCpn00000y6Rtd
,,COCC1CN(C(=O)[C@@H]2CCCCN2C(=O)C2CN(C(C)C)C2)C1,,,,,,ZINCoe00000HSSkB
,,Cc1cc(C)cc(CNC(=O)c2cc(C(F)(F)F)nn2CC2CC2)c1,,,,,,ZINCpI00000k4iBg
,,Cc1nnc([C@@H](C)N2C[C@H]3C[C@H](NC(=O)c4csnc4C)C[C@H]2C3)s1,,,,,,ZINCpz000002AYOw
,,COC[C@H](NC(=O)c1c[nH]c(C(N)=O)c1)C(=O)NCCCCCCO,,,,,,ZINCp5000015O9wW
,,CCOCC(=O)N1CC(OCC(=O)N(C[C@@H](C)C#N)C2CC2)C1,,,,,,ZINCna00000UmC55
,,C[C@@H]1CN(C(=O)C[C@H](O)CC(C)(C)C)CC2(CNC2)O1,,,,,,ZINCkd00000Bmgcb
,,COC[C@H](NC(=O)c1c[nH]nc1C)C(=O)N1CC[C@H](c2ccon2)C1,,,,,,ZINCpa000015O9xa
,,CCOCC(=O)N1CC(OCC(=O)N(C)CC2(O)CN(C)C2)C1,,,,,,ZINCn400000UmC52
,,CCCc1cc(C(=O)N[C@H](CC)CNC(=O)c2ncccc2N)no1,,,,,,ZINCpl00000y6RtG
,,Cc1cc(NC(=O)CC[C@@H]2C[C@H](C)N(C)[C@@H]2C)ccc1N,,,,,,ZINClA00000nlxne
,,C=C[C@@H](CC)CC(=O)N1CC[C@@H]1CC(=O)Nc1cccn(CC)c1=O,,,,,,ZINCpu00000iZp2W
,,CCCc1cc(C(=O)N[C@H](C)CCN(C)C(=O)[C@H](C)OCOC)no1,,,,,,ZINCpm00000y6RtB
,,C[C@H]1CN(C(=O)C[C@@H](C)N)Cc2cncnc21,,,,,,ZINChc00000BmgbW
,,COC[C@@H](CN=c1ccnc(N[C@H](C)c2ncnn2C)[nH]1)C(C)C,,,,,,ZINCor00000t0U0f
,,Cc1cc(=NC(=O)/C=C/[C@H]2CCCN2)c2c([nH]1)CCCC2,,,,,,ZINClv00000nlxnb
,,CSC(SC)C(=O)N[C@@H]1CCC[C@H]1CNC(=O)c1nccnc1N,,,,,,ZINCoh00000sLqAc
,,C=CCCOCC(=O)N[C@H](CC)c1cn(-c2cccc(Cl)n2)nn1,,,,,,ZINCou00000BBiEq
,,C[C@H]1CN(C(=O)C[C@@H](O)C2CCCC2)CCS(=O)(=O)C1,,,,,,ZINCke00000Bmgc9
,,COC[C@H](NC(=O)c1cnc(OC)s1)C(=O)N1CCc2nc[nH]c2C1,,,,,,ZINCp8000015O9wx
,,CCN(C[C@H](C)C#N)C(=O)[C@H]1[C@@H]2C[C@H]1CN2C(=O)c1nocc1Cl,,,,,,ZINCon00000tc4Hl
,,C=C[C@@H](O)C(=O)N[C@@H]1CC[C@@H](C)N(C(=O)CNC(=O)CN(C)C)C1,,,,,,ZINCo400000EJm9o
,,COC[C@H](C)N=c1cc[nH]cc1S(=O)(=O)N(C)CC1CCSCC1,,,,,,ZINCos00000t0U0h
,,C#CC[C@H](CC(=O)N[C@H]1CCCc2n[nH]cc21)NC(=O)[C@H](C=C)CC,,,,,,ZINCpq00000mafXF
,,Cc1nnc(N[C@H]2CCCC[C@H]2NC(=O)[C@@H]2CC2(Cl)Cl)c(C#N)c1C,,,,,,ZINCpz000002AYpu
,,CCS[C@@H](C(=O)N[C@H]1CCC[C@@H]1C(=O)NCC=CCSC)C(C)C,,,,,,ZINCoA00000thkdU
,,C=CC[C@H](CC(=O)N[C@H]1C=CCC1)NC(=O)c1ncc2ccccn12,,,,,,ZINCps00000mafXw
,,COC[C@H](NC(=O)c1c[nH]c(=O)cn1)C(=O)N[C@H]1CCCCC[C@@H]1C,,,,,,ZINCpc000015O9x3
,,Cc1nnc(N[C@@H]2CC[C@H]3CN(C(=O)CCC(C)C)C[C@H]3C2)nc1C,,,,,,ZINCpz000002AYdM
,,C[C@@H]1CN(C(=O)C[C@@H](N)c2cccc(Br)c2)C[C@H]1N,,,,,,ZINCjm00000Bmgc0
,,C[C@@H]1CN(C(=O)C[C@@H](C(F)F)N2CCOCC2)C[C@H]1CN,,,,,,ZINCl900000BmgbT
,,C=CC[C@H](CC(=O)N[C@@H]1CC(C)(C)C12CCC2)NC(=O)[C@H]1CCN1C,,,,,,ZINCps00000mafXL
,,C[C@@H]1CNC(=O)C[C@H](NCCc2cccc(CO)c2)C1,,,,,,ZINCki00000Bmgc4
,,COC[C@H](C)N=c1cc[nH]cc1S(=O)(=O)NCc1cccc(C)c1,,,,,,ZINCot00000t0U0g
,,CCOCC(=O)N1CCOC[C@@H](C(=O)N(C(C)C)C2CCC2)C1,,,,,,ZINCni00000UmC4X
,,C=C[C@H](O)C(=O)N[C@H]1CC[C@H](NC(=O)c2cnn(C(C)C)c2N)C1,,,,,,ZINCo900000EJm9z
,,C[C@@H]1CN(C(=O)CCN2CCCCC2)CC(C)(C)O1,,,,,,ZINCjo00000Bmgcf
,,CCOCC(=O)N1CC(=O)C[C@@H]1C(=O)N[C@@H](C)Cc1cccs1,,,,,,ZINCng00000UmC4P
,,COCC1CN(C(=O)[C@H]2CC=C[C@H](NC(=O)c3csc(O)n3)C2)C1,,,,,,ZINCoc00000HSSkv
,,CCN(CC)C(=O)[C@@H]1CCCN1C(=O)c1csc(C)c1,,,,,,ZINCkv000000S0EU
,,COC[C@H](NC(=O)c1c[nH]c(=N)o1)C(=O)N1CC[C@@]12CCCOCC2,,,,,,ZINCp7000015O9wY
,,CCOCC(=O)N1CCOC[C@H]1CC(=O)N1CC([S@](C)(=N)=O)C1,,,,,,ZINCn500000UmC4r
,,COC[C@H](NC(=O)c1cnc(O)o1)C(=O)Nc1cnc(C)c(C)c1C,,,,,,ZINCpc000015O9wA
,,COC[C@H](NC(=O)c1c[nH]c(C)cc1=O)C(=O)N[C@H](CO)CN(C)C,,,,,,ZINCp4000015O9wO
,,COC[C@H](CN=c1ccnc(NC[C@@]23CCC[C@H]2C3(F)F)[nH]1)OC,,,,,,ZINCot00000t0U08
,,CCN(C[C@@H](C)C#N)C(=O)[C@@H]1[C@H]2CN(C(=O)C3=CCCSC3)C[C@H]21,,,,,,ZINCon00000tc4Hp
,,CCOCC(=O)N1CC(OCC(=O)N2CC[C@H]3CC[C@@H](C2)S3)C1,,,,,,ZINCnd00000UmC4Z
,,COC[C@H](NC(=O)c1c[nH]nc1OC)C(=O)NC[C@H](O)C1CCCC1,,,,,,ZINCp5000015O9xe
,,C[C@H]1CN(C(=O)C[C@@H]2CS(=O)(=O)CCN2C)C[C@@H]1C(=O)O,,,,,,ZINCl500000BmgbO
,,CCCCOCC(=O)N[C@@H](CC)Cc1cn(Cc2cccs2)nn1,,,,,,ZINCow00000BBiEu
,,COC[C@H](NC(=O)c1cnc(OC)cn1)C(=O)N[C@@H]1CC(=O)N(C)C1,,,,,,ZINCp4000015O9wi
,,CNC(=O)[C@H]([C@@H]1C[C@H]1C1OCCO1)N(C)Cc1ccccc1Br,,,,,,ZINCnq00000r315w
,,Cc1cc(CCC(=O)N(Cc2cc(C)on2)CC2CC2)ccn1,,,,,,ZINCnA00000sQHCB
,,COC[C@H](NC(=O)c1c[nH]cc1C)C(=O)N[C@H]1C[C@H]2[C@H](O)[C@H](O)C[C@@H]12,,,,,,ZINCp5000015O9wF
,,Cc1nnc(N[C@H]2CCC[C@H](NC(=O)C3CC4(CCC4)C3)C2)nc1C,,,,,,ZINCpz000002AYr7
,,CC(C)c1cc(C(=O)N[C@@H]2[C@H]3C[C@@H]2N(C(=O)[C@@H]2CC(C)(C)O2)C3)no1,,,,,,ZINCpm00000y6Rt4
,,CC[C@H](C)C=CC(=O)N1CC[C@@H]1CC(=O)NCc1ccc(OC)nc1,,,,,,ZINCpt00000iZp2X
,,COC[C@H](NC(=O)c1c[nH]c(C)cc1=O)C(=O)NOC[C@H](O)C(C)C,,,,,,ZINCp5000015O9wP
,,COC[C@H](NC(=O)c1c[nH]ccc1=O)C(=O)NC[C@H]1C[C@@H](N(C)C)C1,,,,,,ZINCp5000015O9wJ
,,C1CCC([C@@H]2CCN(N3C[C@H]4C[C@@H]4C3)C2)CC1,,,,,,ZINChx00000bHj33
,,CCN(C[C@@H](C)C#N)C(=O)[C@@H]1[C@H]2CN(C(=O)c3nocc3Cl)C[C@H]21,,,,,,ZINCom00000tc4Hq
,,CCOCC(=O)N1CCOC[C@@H](NC(=O)c2cnc(SC)[nH]2)C1,,,,,,ZINCn700000UmC4Y
,,Cc1c2cc(CNC[C@H](CC(=O)O)C(C)C)ccc2nn1C,,,,,,ZINCmx00000ezwBG
,,CCOCC(=O)N1CC(OCC(=O)N2CC[C@@H](N(C)CC)C2)C1,,,,,,ZINCn500000UmC50
,,COCC1(CNC(=O)[C@H]2CC=C[C@H](NC(=O)C3(C)COC3)C2)CC1,,,,,,ZINCog00000HSSku
,,CC(C)c1cc(C(=O)N[C@@H]2[C@H]3C[C@@H]2N(C(=O)[C@@H]2CC2(C)C)C3)n(C)n1,,,,,,ZINCpp00000y6Rt3
,,CCCC[C@H](CC)CN(C[C@@H]1CSCCO1)C(=O)C1(C)CC1,,,,,,ZINCmJ00000hhMJq
,,CN(C(C)(C)C(=O)NC[C@@H]1CC(C(C)(C)C)=NO1)S(C)(=O)=O,,,,,,ZINCmf00000lp9iW
,,CCOCC(=O)N1CC(OCC(=O)N[C@H]2CCOC(C)(C)C2)C1,,,,,,ZINCn900000UmC56
,,CCS[C@@H](C(=O)N[C@H]1CCC[C@@H]1C(=O)N(C)CCC1CC1)C(C)C,,,,,,ZINCoD00000thkdT
,,CCOCC(=O)N1CCOC[C@@H]1CN(C)C(=O)[C@H]1CCC[C@H]1F,,,,,,ZINCne00000UmC4A
,,COC[C@H](NC(=O)c1cnc(OC)s1)C(=O)N1CC[C@@]2(C=CCO2)C1,,,,,,ZINCpa000015O9ww
,,C[C@H]1CN(C(=O)C[C@H](CN)C2CCC2)[C@@H](C)CO1,,,,,,ZINCij00000BmgbV
,,CN(CCCC(=O)NC(C)(C)CNC(=O)[C@@H]1C=CCC1)N=O,,,,,,ZINCmj00000lp9iM
,,CCOCC(=O)N1CC(=O)C[C@@H]1C(=O)N1CC(C(=O)N(C)C)C1,,,,,,ZINCn400000UmC4B
,,COC[C@H](NC(=O)c1c[nH]c(=O)cn1)C(=O)NCC1(OC)CCCC1,,,,,,ZINCp5000015O9x2
,,CCOCC(=O)N1CCOC[C@H](C(=O)N(C)Cc2ncco2)C1,,,,,,ZINCn700000UmC4W
,,CN(CCCC(=O)NCC(C)(C)NC(=O)[C@H]1CC1(F)F)N=O,,,,,,ZINCmg00000lp9iL
,,Cc1ccccc1[C@@H]1CCCN(C(=O)c2cccc([N+](=O)[O-])c2)C1,,,,,,ZINCoJ00000eteKD
,,Cc1cc(NC(=O)CC[C@H]2C[C@@H](N)C2(C)C)nc(C)c1Br,,,,,,ZINClF00000nlxnf
,,COC[C@@H](NC(=O)C1(CNC(=O)[C@@H](C)NC(C)=O)CCC1)C1(C)CC1,,,,,,ZINCpd000015O9wm
,,COCC1CN(C(=O)[C@H]2CCC[C@H](NC(=O)[C@H]3CCN3C)CC2)C1,,,,,,ZINCoe00000HSSkx
,,COC[C@@H](NC(=O)[C@@]1(CNC(=O)CNC(N)=O)CC12CCC2)C(C)C,,,,,,ZINCp7000015O9wt
,,COC[C@H](NC(=O)c1c[nH]c2ccncc12)C(=O)N(C)C1CN(C)C1,,,,,,ZINCp6000015O9wD
,,C[C@@H]1CN(C(=O)C=CI)CCCN1C(=O)c1nn[nH]c1Cl,,,,,,ZINClk00000Bmgcc
,,CC[C@H](C)C=CC(=O)N1CC[C@H]1CC(=O)N[C@@H]1CN(CC)CC1(C)C,,,,,,ZINCpu00000iZp35
,,Cc1nnc(N[C@H]2CN(C(=O)c3cnc(Cl)s3)CC(C)(C)C2)nc1C,,,,,,ZINCpz000002AYtN
,,Cc1nnc(N[C@@H]2CCN(C(=O)Cc3csc(Cl)c3)C2)c(C#N)c1C,,,,,,ZINCpz000002AYca
,,CC1(c2cc(CN[C@H]3CCC[C@H]3Cn3ccnn3)no2)CC1,,,,,,ZINCms00000ezwBM
,,C=C[C@@H](O)C(=O)N[C@H]1CC[C@H](NC(=O)c2ccc(C(N)=O)cc2)C1,,,,,,ZINCo700000EJm9t
,,CN(CCCC(=O)N(C)C[C@H](O)CN(C)C(=O)C1CC1)N=O,,,,,,ZINCm600000lp9iP
,,CSC(SC)C(=O)N[C@@H]1CCC[C@H]1NC(=O)c1cncc(CO)c1,,,,,,ZINCoj00000sLqAh
,,CCCC1CC(C(=O)N[C@H]2CN(C(=O)COCCCF)C[C@H]2OC)C1,,,,,,ZINCpl00000y6Rtm
,,COC[C@H](C)N=c1ccnc(N[C@H]2C[C@H]2NC(=O)OC(C)(C)C)[nH]1,,,,,,ZINCoq00000t0U0d
,,CCN(C[C@H](C)C#N)C(=O)[C@@H]1[C@H]2CN(C(=O)CC3CC(F)C3)C[C@H]21,,,,,,ZINCoo00000tc4Hr
,,CCN(C[C@H](C)C#N)C(=O)[C@@H]1CN(C(=O)CC(C)(C)C#N)C[C@H]1F,,,,,,ZINCon00000tc4Hy
,,Cc1ccccc1[C@@H]1CCCN([C@H]2CCOC3(CCOCC3)C2)C1,,,,,,ZINCoJ00000eteKB
,,COC[C@H](NC(=O)c1cnc(O)o1)C(=O)Nc1cn(C)c(=O)cc1C,,,,,,ZINCp5000015O9wB
,,CC1(c2ccc(NC(=O)c3cc(Cl)cnn3)cc2)OCCO1,,,,,,ZINCmw00000ezwBS
,,CNC(=O)[C@H]([C@@H]1C[C@H]1c1cccs1)N1CCO[C@H](CC(C)C)C1,,,,,,ZINCnx00000r315j
,,COC[C@H](NC(=O)C1(CNC(=O)CN2C(=O)CNC2=O)CC1)C1CC1,,,,,,ZINCp4000015O9wq
,,CSC(SC)C(=O)N[C@H]1CCC[C@H]1C(=O)N1C[C@H]2CCN(C)[C@H]2C1,,,,,,ZINCok00000sLqAd
,,COCC1(CNC(=O)[C@@H]2C=CCCN2C(=O)CC2(O)CCC2)CC1,,,,,,ZINCof00000HSSkF
,,CN(C(C)(C)C(=O)N1C[C@@H]2CCC[C@H](C1)NC2=O)S(C)(=O)=O,,,,,,ZINCm500000lp9iv
,,CCCc1cc(C(=O)N[C@H]2[C@H]3C[C@@H]2N(C(=O)c2[nH]cnc2C)C3)no1,,,,,,ZINCpj00000y6RsZ
,,Cc1c(CN(C=O)CC[C@H]2CCSC2)cccc1[N+](=O)[O-],,,,,,ZINClA00000nlxnh
,,CCC1(C(=O)NC[C@@H](C)CC2CC2)CN(C(=O)[C@H]2CCCC(=O)C2)C1,,,,,,ZINCpv00000xDtki
,,CC(C)c1cc(C(=O)N[C@@H]2CN(C(=O)c3cncnc3)[C@@H]3C[C@H]23)on1,,,,,,ZINCpi00000y6Rtf
,,Cc1nnc(N[C@@]23CC[C@@H](C[C@H]2NC(=O)c2cc(Br)co2)C3)nc1C,,,,,,ZINCpz000002AYhj
,,CC1(C)CN(C(=O)C=C[C@@H]2CCCCN2)[C@H]1c1cccs1,,,,,,ZINClD00000nlxn9
,,COC[C@H](NC(=O)c1c[nH]c(=O)cn1)C(=O)N[C@H](CCO)C(C)(C)C,,,,,,ZINCp5000015O9x4
,,CCS[C@H](C(=O)N[C@H]1CCC[C@H]1NC(=O)c1nscc1C)C(C)C,,,,,,ZINCoz00000thkdY
,,Cc1cc(NC(=O)CC[C@@H]2CCC(=O)C2)ccc1N=[N+]=[N-],,,,,,ZINClK00000nlxnc
,,CN(CCCC(=O)NC[C@](C)(O)CNC(=O)[C@@H]1C[C@H]1F)N=O,,,,,,ZINCm500000lp9iU
,,COC[C@H](CN=c1ccnc(NCC(=O)NC(C)(C)C)[nH]1)C(C)C,,,,,,ZINCor00000t0U0c
,,CNC(=O)[C@H]([C@@H]1C[C@@H]1c1ccc(F)cc1)N(C)C1[C@H]2CCC[C@H]12,,,,,,ZINCnx00000r315b
,,CN(CCCC(=O)N(C)CC(=O)O)C(=O)CC1(C2CC2)CC1,,,,,,ZINCmj00000lp9iV
,,Cc1ccc(C)c(CNC(=O)c2cccc(NC(=O)NC3CC3)c2)c1,,,,,,ZINCpF00000k4iBf
,,CCS[C@H](C(=O)N[C@H]1CCC[C@H]1C(=O)N1C[C@H](C)C1(C)C)C(C)C,,,,,,ZINCoD00000thkdN
,,CN(CCCC(=O)N1CCN(C(=O)c2ccns2)CC1)N=O,,,,,,ZINCme00000lp9iz
,,CSC(SC)C(=O)N[C@H]1CCC[C@H](NC(=O)[C@]2(C#N)CCOC2)C1,,,,,,ZINCol00000sLqAk
,,CC[C@H](C)C=CC(=O)N1CC[C@@H]1CC(=O)NC[C@@H]1CCC[C@H](CO)C1,,,,,,ZINCpu00000iZp33
,,CCCc1cc(C(=O)N[C@H](C)CCN(C)C(=O)[C@@]23COC[C@@H]2C3)no1,,,,,,ZINCpm00000y6Rtt
,,C[C@@H]1CN(C(=O)C[C@@H](N)CCCCN)CC2(CNC2)O1,,,,,,ZINCk500000Bmgc6
,,C[C@H]1CNC(=O)C[C@@H](NCCOc2ccncc2)C1,,,,,,ZINCjf00000Bmgc7
,,Cc1nnc(N[C@H]2C[C@H](NC(=O)[C@@H]3CCCCC34CCC4)C2)nc1C,,,,,,ZINCpz000002AYvs
,,CSC(SC)C(=O)N[C@H]1CCC[C@H]1C(=O)NCCCn1ccnn1,,,,,,ZINCoh00000sLqAf
,,CC[C@@H](C)CCC(=O)N1CC[C@H]1CC(=O)NCCn1nc(C)cc1C,,,,,,ZINCpu00000iZp34
,,Cc1c2cc(CNC[C@@H](C)Cc3cn[nH]c3)ccc2nn1C,,,,,,ZINCmv00000ezwBF
,,COC[C@H](NC(=O)c1c[nH]ccc1=O)C(=O)N1C[C@H]2CCN(C)[C@H]2C1,,,,,,ZINCp5000015O9wG
,,Cc1nnc(N[C@H]2CCCC[C@H]2NC(=O)CC2CC3(CC3)C2)nc1C,,,,,,ZINCpz000002AYpn
,,CCCc1cc(C(=O)N[C@@H](C)CCN(C)C(=O)[C@@H]2CCCCO2)n[nH]1,,,,,,ZINCpo00000y6Rty
,,CN(CCCC(=O)N1CCN(C(=O)C2CCC2)[C@H]2C[C@@H]21)N=O,,,,,,ZINCmf00000lp9iy
,,CN(CCCC(=O)N1CC[C@H]1CNC(=O)CC1CCC1)N=O,,,,,,ZINCmi00000lp9iq
,,COC[C@H](NC(=O)[C@@]1(CNC(=O)[C@H](O)C(C)C)CCCO1)C(=O)OC,,,,,,ZINCp4000015O9wp
,,CN(C(C)(C)C(=O)N1C[C@@H](C2CC2)[C@@](F)(CO)C1)S(C)(=O)=O,,,,,,ZINCm800000lp9ix
,,CCN(C[C@H](C)C#N)C(=O)[C@@H]1[C@H]2CN(C(=O)[C@H]3C[C@H](SC)C3)C[C@H]21,,,,,,ZINCoo00000tc4Hs
,,CN(CCCC(=O)N1CCN(C(=O)C=CCO)[C@@H]2C[C@@H]21)N=O,,,,,,ZINCm500000lp9iB
,,Cc1nnc([C@@H](C)N(C)[C@H](C)CNC(=O)Cc2ccc(Cl)c(F)c2)o1,,,,,,ZINCpz000002AYA8
,,CN(CCCC(=O)N1CCN(C(=O)CO)[C@H]2CCC[C@H]21)N=O,,,,,,ZINCm500000lp9iD
,,C[C@@H]1CN(C(=O)C[C@@H](C)C(F)(F)F)CCCN1,,,,,,ZINChn00000BmgbR
,,COC[C@H](NC(=O)c1c[nH]c(C)cc1=O)C(=O)N1CCSC[C@@H]1CO,,,,,,ZINCp5000015O9wM
,,CCOCC(=O)N1CC(OCC(=O)N[C@@H](C)c2nc(=O)o[nH]2)C1,,,,,,ZINCn500000UmC57
,,CCOCC(=O)N1CC(=O)C[C@@H]1C(=O)N(C)CCc1cccs1,,,,,,ZINCnf00000UmC4J
,,CN(CCCC(=O)NC1CN(C(=O)[C@]2(C)C=CCC2)C1)N=O,,,,,,ZINCmg00000lp9iG
,,C#CC[C@H](CC(=O)N[C@@H]1CCCc2c[nH]nc21)NC(=O)CC(C)(C)C,,,,,,ZINCps00000mafXB
,,CNC(=O)[C@@H]([C@@H]1C[C@H]1c1cccs1)N1CC[C@@H](OC)C12CCC2,,,,,,ZINCnw00000r315h
,,CCCC[C@H](CC)CN(C[C@@H]1CSCCO1)C(=O)C=CSC,,,,,,ZINCmK00000hhMJt
,,Cc1c(CN(C=O)CC[C@@H]2CC[C@@H]3C[C@H]23)ccc(F)c1F,,,,,,ZINClG00000nlxna
,,CN(C(C)(C)C(=O)NCc1ncc(C(F)F)cn1)S(C)(=O)=O,,,,,,ZINCmd00000lp9iI
,,CCOCC(=O)N1CCOC[C@H]1C(=O)N[C@H]1CO[C@@H](C(C)C)C1,,,,,,ZINCn700000UmC4O
,,COCC1CN(C(=O)[C@H]2CCC[C@H]2NC(=O)[C@@]2(C)CCCN2C)C1,,,,,,ZINCoe00000HSSko
,,C[C@@H]1CN(C(=O)C[C@@H](N)C2CC2)C(C)(C)CO1,,,,,,ZINChh00000BmgbZ
,,CCN(C[C@@H](C)C#N)C(=O)[C@H]1[C@@H]2C[C@H]1CN2C(=O)[C@@H]1[C@H]2CCC[C@H]21,,,,,,ZINCoo00000tc4Hm
,,C#CC[C@H](CC(=O)N[C@H]1CCCCC12CC2)NC(=O)Cc1cc[nH]c1,,,,,,ZINCps00000mafXH
,,C=CC[C@H](CC(=O)N[C@@H]1CCCC1(F)F)NC(=O)CCCOC(C)=O,,,,,,ZINCpq00000mafXr
,,CC[C@H](C)C=CC(=O)N1CC[C@H]1CC(=O)NCCCc1c[nH]nc1C,,,,,,ZINCpt00000iZp30
,,CCS[C@@H](C(=O)N[C@H]1CCC[C@H]1CNC(=O)C1(C)CCC1)C(C)C,,,,,,ZINCoD00000thkdK
,,CNC(=O)[C@H]([C@@H]1C[C@H]1c1ccnn1C)N(C)[C@@H]1CCC[C@@H](C)C1,,,,,,ZINCnr00000r315l
,,C#CC[C@H](CC(=O)N[C@@H]1CCCc2c[nH]nc21)NC(=O)C(CC)CC,,,,,,ZINCps00000mafXA
,,CCOCC(=O)N1CCOC[C@H]1C(=O)N[C@@H]1[C@@H](O)[C@H]2CCO[C@H]21,,,,,,ZINCn400000UmC4N
,,COC[C@H](NC(=O)c1c[nH]c(=O)cn1)C(=O)N1C[C@H]2CCC[C@@H](C2)C1,,,,,,ZINCp7000015O9x1
,,COCC1(CNC(=O)[C@@H]2CC=CCN2C(=O)c2cncn2C)CC1,,,,,,ZINCod00000HSSkC
,,CC[C@@H](O)C(=O)N[C@H]1CC[C@H](NC(=O)c2c[nH]c(C(N)=O)c2)CC1,,,,,,ZINCo600000EJm9y
,,CCCc1cc(C(=O)N[C@H]2[C@@H]3C[C@H]2N(C(=O)C(C)(C)SC)C3)n(C)n1,,,,,,ZINCpo00000y6Rt1
,,CCOCC(=O)N1CCO[C@@H](C)[C@@H]1C(=O)NCc1cccnn1,,,,,,ZINCn500000UmC5e
,,C[C@@H]1CN(C(=O)C[C@H](N)C(=O)O)C2(CCC2)CO1,,,,,,ZINCi500000Bmgc8
,,CNC(=O)[C@H]([C@@H]1C[C@H]1c1ccnn1C)N1CCCCC(C)(C)C1,,,,,,ZINCnr00000r315k
,,CCCc1cc(C(=O)N[C@@H]2CN(C(=O)C3(Cl)CC3)CC[C@H]2O)ccn1,,,,,,ZINCpk00000y6Rte
,,C=CC1(C(=O)N(C)[C@@H](CC)C2CC2)CCN(C(=O)[C@H](C)OCC)CC1,,,,,,ZINCpy00000xDtkb
,,CC(C)c1cc(C(=O)N[C@@H]2COC3(C2)CN(C(=O)[C@@H]2C[C@@H]2Br)C3)n[nH]1,,,,,,ZINCpk00000y6Rtn
,,Cc1nnc(N[C@@H]2CN(C(=O)[C@@H]3CCCC(C)(C)C3)C[C@@H]2C)nc1C,,,,,,ZINCpz000002AYeF
,,COC[C@H](NC(=O)c1c[nH]c(=S)cn1)C(=O)N[C@H]1C[C@@H]1c1ccco1,,,,,,ZINCpd000015O9x8
,,C[C@@H]1CN(C(=O)C[C@H](N)C(C)(C)C)CC2(CCOCC2)O1,,,,,,ZINCll00000Bmgc5
,,CCOCC(=O)N1CC(OCC(=O)Nc2ccc(CC)nc2)C1,,,,,,ZINCne00000UmC51
,,CSC(SC)C(=O)N[C@@H]1CCC[C@H]1NC(=O)c1c(C)nn(C)c1N,,,,,,ZINCoh00000sLqAg
,,COC[C@H](NC(=O)c1c[nH]c(C#N)c1C)C(=O)N1CC(CN(C)C)C1,,,,,,ZINCp5000015O9wQ
,,CCOCC(=O)N1CCO[C@H]2CN(C(=O)[C@@H]3COC(=O)N3)C[C@@H]21,,,,,,ZINCn400000UmC5c
,,CCOCC(=O)N1CCOC[C@H]1CC(=O)N(C)C[C@@H]1CC1(C)C,,,,,,ZINCnh00000UmC4t
,,CN(CCCC(=O)NCC1(NC(=O)CC[S@](C)=O)CC1)N=O,,,,,,ZINCm500000lp9iJ
,,CCS[C@H](C(=O)N[C@H]1CCC[C@@H]1C(=O)N(C1CC1)C1CC1)C(C)C,,,,,,ZINCoC00000thkdP
,,C[C@H]1CN(C(=O)C=CI)[C@H](C)CN1C(=O)CCS(C)(=O)=O,,,,,,ZINCle00000Bmgcd
,,CNC(=O)[C@@H]([C@@H]1C[C@H]1c1ccsc1)N1CCc2nc(Cl)[nH]c2C1,,,,,,ZINCnu00000r315m
,,CCCC[C@H](CC)CN(C[C@H]1CO[C@H](C)C1)C(=O)[C@@H](O)CC,,,,,,ZINCmC00000hhMJp
,,COC[C@@H](NC(=O)C1(CNC(=O)CCNC(C)=O)CC1)c1ccco1,,,,,,ZINCpb000015O9wj
,,Cc1nnc(N[C@H]2CCCN(C(=O)C3C(C)(C)C3(C)C)CC2)nc1C,,,,,,ZINCpz000002AYpW
,,CCOCC(=O)N1CCOC[C@H]1C(=O)NCc1cc(=O)cc[nH]1,,,,,,ZINCn500000UmC4G
,,COC[C@H](NC(=O)c1c[nH]c(C)cc1=O)C(=O)N1C[C@H]2[C@H](C1)C2(F)F,,,,,,ZINCp7000015O9wL
,,CCCc1cc(C(=O)N[C@H]2CN(C(=O)C3(Br)CC3)C[C@H]2OC)n(C)n1,,,,,,ZINCpi00000y6Rtb
,,CCN(C[C@@H](C)C#N)C(=O)[C@@H]1[C@H]2CCN(C(=O)C3SCCS3)C[C@H]21,,,,,,ZINCoo00000tc4Hn
,,COC[C@H](NC(=O)c1c[nH]c(C#N)c1C)C(=O)N(C)CCC(C)(C)O,,,,,,ZINCpb000015O9wR
,,CCOCC(=O)N1CC(=O)C[C@@H]1C(=O)N[C@@H](C)CCC(F)(F)F,,,,,,ZINCng00000UmC4Q
,,CSC(SC)C(=O)N[C@@H]1CCC[C@H](CNC(=O)[C@H]2COCCO2)C1,,,,,,ZINCoi00000sLqAi
,,CCN(CC)C(=O)[C@@H](C)ONC(=N)C1CCCCCC1,,,,,,ZINCkv000000S0E5
,,CCOCC(=O)N1CCO[C@H]2CN(C(=O)Cc3csnn3)C[C@H]21,,,,,,ZINCn500000UmC59
,,CSC(SC)C(=O)N[C@H]1CC[C@](C)(CNC(=O)c2nnsc2N)C1,,,,,,ZINCol00000sLqA8
,,C[C@@]1(c2ccc(N[C@H]3C[C@H]4CC[C@H]3C4)cc2)NC(=O)NC1=O,,,,,,ZINCmt00000ezwBO
,,Cc1nnc([C@@H](C)N2[C@H]3CC[C@H]2CN(C(=O)c2c[nH]c(Br)c2)CC3)o1,,,,,,ZINCpz000002AYQ5
,,COC[C@H](NC(=O)c1cnc(OC)nc1)C(=O)NCCOCC(C)C,,,,,,ZINCp6000015O9ws
,,COC[C@H](CN=c1ccnc(N[C@H](C)c2nc(C)oc2C)[nH]1)OC,,,,,,ZINCot00000t0U0e
,,COC[C@@H](NC(=O)C1(CNC(=O)[C@@H](CO)OC)CCCCC1)C1CC1,,,,,,ZINCpc000015O9wo
,,COC[C@H](NC(=O)c1c[nH]c(=S)cn1)C(=O)NCC1(C)CC(F)(F)C1,,,,,,ZINCpg000015O9x7
,,C#CC[C@H](CC(=O)N[C@@H]1CCCC1(F)F)NC(=O)C[C@@H]1CCO[C@@H]1C,,,,,,ZINCpq00000mafXs
,,CCN(CC)C(=O)Nc1ccc(C(=O)N(C)C)c(C)c1,,,,,,ZINCkv000000S0CG
,,C#CC1(C(=O)N(C)[C@H](CC)C2CC2)CN(C(=O)[C@H]2C[C@]2(C)C(C)C)C1,,,,,,ZINCpx00000xDtkh
,,CCN(CC)C(=O)OCn1cnc2c(Cl)scc2c1=O,,,,,,ZINCkv000000S0Dl
,,C[C@H]1CN(C(=O)C[C@H]2OCCC2(C)C)C[C@@H](C)O1,,,,,,ZINCio00000BmgbP
,,CCOCC(=O)N1CCOC[C@@H]1CC(=O)NC[C@@H]1CNC(=O)C1,,,,,,ZINCn400000UmC4w
,,CCCC1CC(C(=O)N[C@H]2CCN(C(=O)c3ncsc3C)C[C@@H]2O)C1,,,,,,ZINCpp00000y6RsT
,,CC(C)c1cc(C(=O)N[C@H]2[C@@H]3C[C@H]2N(C(=O)c2c[nH]c(=N)s2)C3)no1,,,,,,ZINCpk00000y6RsY
,,CC(C)c1cc(C(=O)N[C@@H]2CN(C(=O)[C@@H]3CCO3)CC23CCC3)n[nH]1,,,,,,ZINCpk00000y6Rtk
,,CCCc1cc(C(=O)N[C@@H](C)CCN(C)C(=O)COC(C)C)n(C)n1,,,,,,ZINCpn00000y6RtE
,,CCOCC(=O)N1CCOC[C@H]1CC(=O)NC[C@H](O)COCC,,,,,,ZINCn500000UmC4x
,,CCC[C@H](CC(=O)N[C@H]1CCCC2(CCC2)C1)NC(=O)[C@H](C)NC=O,,,,,,ZINCpq00000mafXz
,,COC[C@H](NC(=O)c1c[nH]c(=N)o1)C(=O)NC[C@@H]1CCC2(CC2)CO1,,,,,,ZINCp6000015O9x0
,,CN(C(C)(C)C(=O)N1CCOC2(CCSCC2)C1)S(C)(=O)=O,,,,,,ZINCmd00000lp9iE
,,CCN(CC)C(=O)[C@@H](C)N(C[C@@H]1C[C@H]2CC[C@H]1C2)OC,,,,,,ZINCkv000000S0DM
,,CC(C)c1cc(C(=O)N[C@@H]2CN(C(=O)C3CC=CC3)[C@H]3C[C@H]23)nn1C,,,,,,ZINCpo00000y6Rtc
,,CNC(=O)[C@H]([C@@H]1C[C@H]1c1ccco1)N1C[C@H](C)OC(C)(C)[C@H]1C,,,,,,ZINCnt00000r315d
,,CNC(=O)[C@H]([C@@H]1C[C@H]1c1ccco1)N1CCC(CCC#N)CC1,,,,,,ZINCnv00000r315c
,,CC[C@@H](O)C(=O)N[C@H]1CC[C@H](NC(=O)c2ccnc(C(N)=O)c2)C1,,,,,,ZINCo500000EJm9v
,,CC(C)c1cc(C(=O)N[C@@H]2CCN(C(=O)C(C)(Cl)Cl)C[C@@H]2CO)no1,,,,,,ZINCpp00000y6RsU
,,CCN(CC)C(=O)[C@@H]1CCCN1c1nc(Cl)c(C#N)s1,,,,,,ZINCkv000000S0Fk
,,CC[C@]1(C(=O)NC[C@@H](C)CC2CCC2)CCN(C(=O)[C@@H](C)COC)C1,,,,,,ZINCpy00000xDtkr
,,COC[C@@H](NC(=O)C1(CNC(=O)[C@H](C)NC(N)=O)CCCC1)C(C)C,,,,,,ZINCpb000015O9wn
,,C[C@H]1CN(C(=O)CCN2CCCCCC2)CC[C@H]1CN,,,,,,ZINCkm00000Bmgch
,,CN(CCCC(=O)N[C@@](C)(CNC(=O)CCF)C1CC1)N=O,,,,,,ZINCmh00000lp9iS
,,COCC1CN(C(=O)[C@@H]2CC=CCN2C(=O)CC2OCCCO2)C1,,,,,,ZINCoa00000HSSkG
,,CCOCC(=O)N1CCOC[C@@H](C(=O)NCC2(SCC)CC2)C1,,,,,,ZINCnf00000UmC4U
,,CC[C@]1(C(=O)NC[C@H](C)CC2CCC2)CCN(C(=O)[C@@H]2C[C@H]2C#N)C1,,,,,,ZINCpx00000xDtkq
,,CC(C)c1cc(C(=O)N[C@H](C)CCN(C)C(=O)[C@@H](C)N(C)C)nn1C,,,,,,ZINCpk00000y6RtA
,,CCOCC(=O)N1CC(=O)C[C@@H]1C(=O)N[C@H](C(F)F)C(C)(C)C,,,,,,ZINCnf00000UmC4S
,,CN(CCCC(=O)N1CCCN(C(=O)C(C)(Cl)Cl)CC1)N=O,,,,,,ZINCmm00000lp9iu
,,CCC[C@H](CC(=O)N[C@H]1CCCC1(F)F)NC(=O)[C@@H](C)COC(C)=O,,,,,,ZINCpr00000mafXv
,,C[C@@H]1CN(C(=O)CCN2CCN(CCCN)CC2)C[C@@H]1O,,,,,,ZINCl500000Bmgcn
,,COC[C@H](NC(=O)c1c[nH]c(C)cc1=O)C(=O)NCCC[C@H](C)CO,,,,,,ZINCp5000015O9wN
,,Cc1c2ccc(NC[C@H]3NCC34CCOCC4)cc2nn1C,,,,,,ZINCmq00000ezwBE
,,Cc1c2ccc(N[C@H]3CCC[C@H]4[C@@H]3[C@@H]4[N+](=O)[O-])cc2nn1C,,,,,,ZINCmx00000ezwBN
,,CSC(SC)C(=O)N[C@H]1CCC[C@H]1C(=O)NCc1cccc(O)n1,,,,,,ZINCoj00000sLqAe
,,C[C@@H]1CN(C(=O)C[C@H]2COC(C)(C)CO2)CO1,,,,,,ZINChd00000BmgbM
,,COC[C@@H](NC(=O)C1(CNC(=O)[C@H]2CCCC(=O)C2)CC1)C(=O)OC,,,,,,ZINCp5000015O9wk
,,CSC(SC)C(=O)N[C@H]1CC=CC[C@H]1C(=O)NCc1ncccn1,,,,,,ZINCol00000sLqA7
,,CN(CCCC(=O)N(C)CCCNC(=O)[C@H](O)C1CC1)N=O,,,,,,ZINCm700000lp9iO
,,C=CCCOCC(=O)N[C@@H](Cc1cn([C@@H](C)CC)nn1)CC(F)F,,,,,,ZINCov00000BBiEo
,,Cc1nnc(N[C@@H]2CC[C@H]3CN(C(=O)C=CI)C[C@H]3C2)c(C#N)c1C,,,,,,ZINCpz000002AYdI
,,C[C@H]1CN(C(=O)C[C@H](CCN)C(F)(F)F)C[C@H](C)O1,,,,,,ZINCjl00000BmgbS
,,CCCC1CC(C(=O)N[C@@H](C)CCN(C)C(=O)c2cnn(C)c2N)C1,,,,,,ZINCpn00000y6Rtu
,,CC1(C)CCC(C(=O)N(CC2=CCCOC2)C[C@@H]2C[C@@H]2Cl)CC1,,,,,,ZINCnK00000sQHCA
,,COC[C@H](NC(=O)c1c[nH]c(C)cc1=O)C(=O)N1CC[C@](F)(CF)C1,,,,,,ZINCp9000015O9wK
,,CSC(SC)C(=O)N[C@@H]1CCCCN(C(=O)[C@]2(C)CCC(=O)N2)C1,,,,,,ZINCoi00000sLqAl
,,C=C[C@H](O)C(=O)N[C@H]1CC[C@H](NC(=O)c2cccc3ncnn23)C1,,,,,,ZINCo600000EJm9s
,,C[C@H]1CNC(=O)C[C@H](Nc2cnn3c2OCC(C)(C)C3)C1,,,,,,ZINClm00000Bmgc2
,,CC(C)c1cc(C(=O)N[C@@H](C)CCN(C)C(=O)[C@@H](O)C2CCC2)on1,,,,,,ZINCpp00000y6RtD
,,Cc1ccccc1[C@H]1CCCN(CC(=O)N2CCC[C@H](C)CC2)C1,,,,,,ZINCoI00000eteKz
,,COC[C@H](NC(=O)c1c[nH]c(C(N)=O)c1)C(=O)N1CC[C@H]1C1CCC1,,,,,,ZINCp8000015O9wU
,,CCS[C@H](C(=O)N[C@H]1CCC[C@H]1CC(=O)N[C@H](C)[C@H](C)F)C(C)C,,,,,,ZINCoD00000thkdJ
,,C=C(C)COCC(=O)N[C@@H](C)Cc1cn(CC[C@H]2CC2(Cl)Cl)nn1,,,,,,ZINCov00000BBiEs
,,COC[C@H](NC(=O)C1(CNC(=O)[C@H]2CCCC(=O)N2C)CC1)C(C)C,,,,,,ZINCpc000015O9wl
,,CCS[C@H](C(=O)N[C@H]1CCC[C@H]1C(=O)NCC1(F)CCC1)C(C)C,,,,,,ZINCoA00000thkdQ
,,C[C@H]1CN(C(=O)CCN2CCN(CCCN)CC2)[C@H]1C,,,,,,ZINCk800000Bmgcp
,,CC[C@@H](C)C=CC(=O)N1CC[C@@H]1CC(=O)NCC1CCN(CC)CC1,,,,,,ZINCpu00000iZp2Y
,,CCCc1cc(C(=O)N[C@H]2[C@H]3C[C@@H]2N(C(=O)[C@@H](C)C(C)C)C3)n(C)n1,,,,,,ZINCpp00000y6Rt5
,,CCCc1cc(C(=O)N[C@@H](CC)CNC(=O)C2(N=[N+]=[N-])CC2)n(C)n1,,,,,,ZINCpo00000y6RtH
,,COC[C@H](NC(=O)c1cnn2c1OCC2)C(=O)N[C@H](C)c1nncs1,,,,,,ZINCp5000015O9xh
,,Cc1cccc(C(=O)N(Cc2cc(C)on2)C[C@@H](C)C2CC2)c1,,,,,,ZINCnJ00000sQHCC
,,CCOCC(=O)N1CCOC[C@H]1CC(=O)N(CCF)CCOC,,,,,,ZINCn600000UmC4u
,,COC[C@H](NC(=O)c1c[nH]c(C#N)c1C)C(=O)NC[C@@H](C)S(N)(=O)=O,,,,,,ZINCp4000015O9wS
,,CN(CCCC(=O)NCCCCNC(=O)[C@@H](F)C1CC1)N=O,,,,,,ZINCmh00000lp9iN
,,COC[C@H](NC(=O)c1cnn2c1OCC2)C(=O)N[C@H]1CC[C@H]2CC[C@@H]12,,,,,,ZINCp9000015O9xg
,,C=CC[C@H](CC(=O)N[C@@H]1CCCC1(F)F)NC(=O)C1=NOC(C)(C)C1,,,,,,ZINCps00000mafXq
,,CC[C@@H](O)C(=O)N[C@H]1CC[C@@H](N(C)C(=O)[C@H]2CCCN2C=O)CC1,,,,,,ZINCo800000EJm9r
,,COC[C@H](CN=c1ccnc(N(C)CCN(C)C2CC2)[nH]1)C(C)C,,,,,,ZINCot00000t0U09
,,CCOCC(=O)N1CC(=O)C[C@@H]1C(=O)NC[C@H](CC1CC1)OC,,,,,,ZINCn700000UmC4K
,,Cc1c2cc(CN[C@@H]3CCCC[C@@H]3C(N)=O)ccc2nn1C,,,,,,ZINCmq00000ezwBL
,,C=CCCOCC(=O)N[C@H](C)Cc1cn(CC2CCCCC2)nn1,,,,,,ZINCou00000BBiEr
,,CNC(=O)[C@H]([C@@H]1C[C@H]1c1ccsc1)N1CCC[C@](O)(C2CC2)C1,,,,,,ZINCns00000r315n
,,CNC(=O)[C@@H]([C@@H]1C[C@H]1c1ccsc1)N(C)[C@@H]1CCOC(C)(C)C1,,,,,,ZINCny00000r315v
,,CCN(C[C@@H](C)C#N)C(=O)[C@@H]1CN(C(=O)CC2(C)CC2)C[C@H]1OC,,,,,,ZINCom00000tc4Hx
,,CN(CCCC(=O)N(C)CCNC(=O)[C@@H](F)C1CCC1)N=O,,,,,,ZINCmg00000lp9iT
,,COCC1CN(C(=O)[C@H]2C=CCCN2C(=O)c2cccnc2O)C1,,,,,,ZINCoc00000HSSkz
,,CC[C@@]1(C(=O)NC[C@@H](C)CC2CCC2)CCN(C(=O)C2=COCC2)C1,,,,,,ZINCpy00000xDtkm
,,CNC(=O)[C@H]([C@@H]1C[C@H]1c1cccs1)N1CC[C@H](OC)[C@@H]1C1CC1,,,,,,ZINCnu00000r315i
,,CCOCC(=O)N1CCOC[C@H]1C(=O)N(C)CC1(O)CN(C)C1,,,,,,ZINCn400000UmC4I
,,CNC(=O)[C@H]([C@@H]1C[C@H]1c1ccsc1)N(C)[C@H]1CCN(C)C[C@H]1C,,,,,,ZINCns00000r315u
,,CCOCC(=O)N1CCOC[C@@H]1CC(=O)NC[C@H](O)C(=O)OC,,,,,,ZINCn400000UmC4y
,,CCCc1cc(C(=O)N[C@H](C)C(C)(C)NC(=O)COCCF)nn1C,,,,,,ZINCpj00000y6Rtr
,,Cc1nnc(N[C@@]23CCC[C@H]2CN(C(=O)c2coc(Br)c2)C3)nc1C,,,,,,ZINCpz000002AYgW
,,COC[C@H](C)N=c1ccnc(NC[C@H]2CCN(CC(F)(F)F)C2)[nH]1,,,,,,ZINCos00000t0U0a
,,Cc1c2cc(CN[C@H]3C4CCN(CC4)[C@@H]3C)ccc2nn1C,,,,,,ZINCmu00000ezwBJ
,,CCCCOCC(=O)N[C@@H](Cc1cn([C@H](C)CC)nn1)CC(F)F,,,,,,ZINCox00000BBiEp
,,CCN(C[C@H](C)C#N)C(=O)[C@H]1CN(C(=O)c2ccc[nH]2)CC12CC2,,,,,,ZINCoo00000tc4Ht
,,C#C[C@]1(C(=O)NC[C@H](C)CC2CCC2)CCN(C(=O)C=C2CCC2)C1,,,,,,ZINCpy00000xDtkn
,,Cc1cc(C)c(C)c(NC(=O)c2ccc(N3N=CCC3=O)cc2)c1C,,,,,,ZINCpI00000k4iBj
,,C1CCC([C@H]2CCN(N3C[C@H]4CC[C@@H]3C4)C2)CC1,,,,,,ZINCiC00000bHj32
,,COC[C@H](NC(=O)c1c[nH]c(=N)o1)C(=O)Nc1ccc2nccn2c1,,,,,,ZINCp8000015O9wZ
,,C=C(C)COCC(=O)N[C@H](C)Cc1cn([C@@H]2CCC[C@H](C)C2)nn1,,,,,,ZINCow00000BBiEt
,,C[C@@H]1CN(C(=O)CCN2CCNCC2)CC2(CCCC2)O1,,,,,,ZINCle00000Bmgcm
,,CCCc1cc(C(=O)N[C@@H]2CN(C(=O)c3[nH]ccc3C)[C@@H]3C[C@H]23)n[nH]1,,,,,,ZINCpm00000y6Rth
,,Cc1nnc(N[C@H]2[C@@H]3CN(C(=O)c4cccc(Cl)c4Cl)C[C@@H]32)nc1C,,,,,,ZINCpz000002AYwf
,,COC[C@H](NC(=O)c1c[nH]nc1C)C(=O)NC[C@H]1CCC[C@@H](OC)C1,,,,,,ZINCpd000015O9xb
,,CCCc1cc(C(=O)N[C@H]2CCN(C(=O)C3(C)COC3)C23CC3)n[nH]1,,,,,,ZINCpi00000y6RsS
,,CCCc1cc(C(=O)N[C@@H](C)C[C@@H](C)NC(=O)/C=C(\C)COC)n[nH]1,,,,,,ZINCpp00000y6Rts
,,C[C@H]1CN(C(=O)C[C@@H](CN)C(F)F)CC1(F)F,,,,,,ZINChj00000BmgbX
,,CCCC1CC(C(=O)N[C@H]2[C@@H]3CN(C(=O)CCCN(C)N=O)C[C@@H]32)C1,,,,,,ZINCpn00000y6Rt8
,,CSC(SC)C(=O)N[C@H]1CC=CC[C@H]1C(=O)N1CCSC[C@H]1CO,,,,,,ZINCok00000sLqA6
,,CCS[C@H](C(=O)N[C@H]1CCC[C@H]1n1cc([C@@H](C)OC)nn1)C(C)C,,,,,,ZINCoz00000thkdX
,,CCCc1cc(C(=O)N[C@@H](CC)CNC(=O)[C@H](C)[C@@H](O)CC)n(C)n1,,,,,,ZINCpk00000y6RtL
,,CC(C)c1cc(C(=O)N[C@@H](Cc2ccccc2)[C@@H](O)C(=O)O)nn1C,,,,,,ZINCpj00000y6Rto
,,C[C@H]1CN(C(=O)C[C@H](CN)C2CCC2)CC2(CCC2)O1,,,,,,ZINCkp00000BmgbU
,,C[C@H]1CN(C(=O)C[C@H](C)CCN)CCN1c1ccccn1,,,,,,ZINClk00000BmgbQ
,,CN(CCCC(=O)N1CC[C@H](c2cccc(CO)c2)C1)N=O,,,,,,ZINCmo00000lp9ir
,,COC[C@H](NC(=O)c1c[nH]ccc1=O)C(=O)N1CCN(C(C)=O)CC1,,,,,,ZINCp5000015O9wH
,,COC[C@H](NC(=O)c1c[nH]ccc1=O)C(=O)Nc1ccccc1OC,,,,,,ZINCph000015O9wI
,,COCC1(CNC(=O)[C@H]2CCC[C@H]2NC(=O)[C@H]2CCCN2C)CC1,,,,,,ZINCof00000HSSks
,,CCCC[C@H](CC)CN(C[C@H]1CSCCO1)C(=O)C[C@H](C)O,,,,,,ZINCmz00000hhMJs
,,C[C@@H]1CN(C(=O)CCN2CCN(CCCN)CC2)CCO1,,,,,,ZINCl500000Bmgco
,,Cc1cccc(CCNC(=O)[C@]2(C)C[C@@H](C(=O)OC(C)(C)C)C2)c1C,,,,,,ZINCpH00000k4iBh
,,C[C@@H]1CN(C(=O)C[C@@H](N)c2ccc(Cl)cc2)C[C@H]1CN,,,,,,ZINCkn00000Bmgc1
,,CCOCC(=O)N1CCO[C@H](C2CN(C(=O)CC3CCC3)C2)C1,,,,,,ZINCne00000UmC5d
,,CCOCC(=O)N1CCOC[C@@H](C(=O)NCc2cnc(C)s2)C1,,,,,,ZINCnb00000UmC4T
,,COC[C@H](NC(=O)[C@]1(CNC(=O)C(=O)N(C)C)CC12CCC2)C1CC1,,,,,,ZINCp8000015O9wv
,,CC[C@H](O)C(=O)N[C@H]1CC[C@@H](N(C)C(=O)CC(=O)NC2CC2)CC1,,,,,,ZINCo900000EJm9q
,,CCOCC(=O)N1CCOC[C@H]1C(=O)N[C@H](CCOC)COC,,,,,,ZINCn500000UmC4R
,,COC[C@]1(CNC(=O)[C@H]2CCC[C@@H]2O)CCN(C(=O)C2CSC2)C1,,,,,,ZINCoa00000HSSkt
,,COCC1CN(C(=O)[C@H]2CCC[C@H]2NC(=O)Cc2cc(C)no2)C1,,,,,,ZINCof00000HSSkp
,,C#CC1(C(=O)NC[C@H](C)CC2CC2)CN(C(=O)C=CC(C)(C)SC)C1,,,,,,ZINCpw00000xDtkf
,,COCC1(CNC(=O)[C@H]2CCCCN2C(=O)C2COCOC2)CC1,,,,,,ZINCob00000HSSkD
,,CCOCC(=O)N1CCOC[C@H]1CC(=O)N[C@H]1CC[C@@H]1N(C)C,,,,,,ZINCn500000UmC4z
,,CCN(CC)C(=O)[C@@H](C)N1CC[C@H]1Cc1ccccc1,,,,,,ZINCkv000000S0DU
,,C[C@H]1CN(C(=O)CCN2CCCCC2)C[C@]1(F)C(=O)O,,,,,,ZINCkh00000Bmgce
,,CN(CCCC(=O)N1CC[C@H](NC(=O)c2ccoc2)C1)N=O,,,,,,ZINCmg00000lp9it
,,COC[C@H](NC(=O)c1c[nH]nc1C)C(=O)N[C@@H]1C[C@@](C)(OC)C1(C)C,,,,,,ZINCpd000015O9xc
,,COCC1CN(C(=O)[C@H]2CCCCN2C(=O)c2cc(=O)cc[nH]2)C1,,,,,,ZINCoe00000HSSkA
,,CSC(SC)C(=O)N[C@H]1C=CCC[C@H]1C(=O)N1CC2(CCN2C)C1,,,,,,ZINCok00000sLqA5
,,CCCc1cc(C(=O)N[C@H](C)CCCNC(=O)C=C[S@](C)=O)ccn1,,,,,,ZINCpp00000y6Rtq
,,CSC(SC)C(=O)N[C@H]1CCCCCN(C(=O)[C@@H]2CCS2(=O)=O)C1,,,,,,ZINCoh00000sLqA9
,,CCS[C@@H](C(=O)N[C@H]1CCC[C@H]1CNC(=O)[C@H]1C=CCC1)C(C)C,,,,,,ZINCoB00000thkdL
,,CN(CCCC(=O)N1CCN(C(=O)C=CBr)C[C@@H]1CF)N=O,,,,,,ZINCmi00000lp9iA
,,CCCc1cc(C(=O)N[C@@H](C(C)C)[C@H](C)NC(=O)CNC=O)c(C)o1,,,,,,ZINCpl00000y6Rtp
,,C[C@H]1CN(C(=O)CCn2cc(N)cn2)C[C@]2(CCOC2)O1,,,,,,ZINCl800000Bmgcq
,,CCOCC(=O)N1CC(OCC(=O)N(CC)[C@@H]2CCCOC2)C1,,,,,,ZINCn800000UmC53
,,CCOCC(=O)N1CCO[C@H]2CN(C(=O)[C@H]3C[C@H](SC)C3)C[C@@H]21,,,,,,ZINCnc00000UmC5b
,,CCCCOCC(=O)N[C@@H](Cc1cn(CC(C)C)nn1)CC(F)F,,,,,,ZINCou00000BBiEm
,,C#CC[C@H](CC(=O)N[C@@H]1CCCc2n[nH]cc21)NC(=O)[C@H](C)CCC,,,,,,ZINCps00000mafXE
,,CC(C)[C@@H](CC(=O)N[C@H]1CCCc2c[nH]nc21)NC(=O)[C@@H](C)N=[N+]=[N-],,,,,,ZINCpr00000mafXC
,,CCC[C@H](CC(=O)N[C@H]1CCCCC12CC2)NC(=O)[C@H](COC)OC,,,,,,ZINCpr00000mafXI
,,CNC(=O)[C@@H]([C@@H]1C[C@H]1c1ccsc1)N1CCOC[C@@]12CCSC2,,,,,,ZINCnr00000r315r
,,CCS[C@@H](C(=O)N[C@@H]1CCC[C@@H]1NC(=O)C(C)(C)N=[N+]=[N-])C(C)C,,,,,,ZINCoA00000thkdZ
,,CCOCC(=O)N1CC(=O)C[C@@H]1C(=O)N(C)C1CCN(C)CC1,,,,,,ZINCn500000UmC4F
,,COCC1CN(C(=O)[C@H]2CCC[C@H]2NC(=O)C=Cc2cocn2)C1,,,,,,ZINCog00000HSSkr
,,COC[C@@H](CN=c1ccnc(NC[C@H]2C(F)(F)C23CCC3)[nH]1)OC,,,,,,ZINCot00000t0U0b
,,COC[C@H](NC(=O)c1c[nH]c(C(N)=O)c1)C(=O)N1CC[C@H](CCO)C1,,,,,,ZINCp5000015O9wV
,,C=C[C@H](CC)CC(=O)N1CC[C@H]1CC(=O)NCCCCc1ncc[nH]1,,,,,,ZINCpu00000iZp31
,,CC(C)c1cc(C(=O)N[C@H](C)CCN(C)C(=O)[C@@]2(O)CCSC2)no1,,,,,,ZINCpm00000y6Rtv
,,CC[C@H](CCCC(=O)N1CC[C@H]1CF)NC(=O)[C@]1(C)CCCN(C)C1,,,,,,ZINCpt00000iZp36
,,COC[C@H](NC(=O)c1c[nH]c2ccncc12)C(=O)NCCC1(C)N=N1,,,,,,ZINCpf000015O9wE
,,C=CCCOCC(=O)N[C@@H](c1cn(COCCC)nn1)C(C)(C)C,,,,,,ZINCou00000BBiEl
,,CCOCC(=O)N1CCOC[C@@H]1CC(=O)NC1CC(C)(CC)C1,,,,,,ZINCnj00000UmC4s
,,C=C[C@]1(C(=O)N(C)[C@H](C)CC2CC2)CCN(C(=O)COC(C)(C)C)C1,,,,,,ZINCpy00000xDtkd
,,C[C@@H]1CN(C(=O)CCN2CCC[C@H](N(C)C)C2)CCO1,,,,,,ZINCkc00000Bmgci
,,C#CC[C@H](CC(=O)N[C@H]1CCCC2(C1)N=N2)NC(=O)CCCC#CC,,,,,,ZINCps00000mafXx
,,C=C[C@]1(C(=O)NC[C@@H](C)CC2CCC2)CCN(C(=O)C=CCOC)C1,,,,,,ZINCpv00000xDtko
,,CN(CCCC(=O)N(C)CCNC(=O)c1cn(C)nn1)N=O,,,,,,ZINCm500000lp9iR
,,CCN(C[C@@H](C)C#N)C(=O)[C@@H]1CN(C(=O)CCCCOC)C[C@H]1F,,,,,,ZINCom00000tc4Hz
,,CNC(=O)[C@@H]([C@@H]1C[C@H]1c1ccsc1)N1CC[C@H](C2=NOCC2)C1,,,,,,ZINCnq00000r315o
,,C[C@@H]1CN(C(=O)C[C@H](O)CC2CC2)C(C)(C)CO1,,,,,,ZINCil00000Bmgca
,,C=C[C@](C)(O)CC(=O)N[C@@H](C)c1cn([C@@H]2CC[C@H]3CCC[C@H]32)nn1,,,,,,ZINCov00000BBiEn
,,C#CC[C@H](CC(=O)N[C@H]1CCCC1(F)F)NC(=O)[C@@H]1CC[C@H]1OCC,,,,,,ZINCpq00000mafXt
,,C[C@H]1CN(C(=O)C[C@@H](n2ccnc2)C(F)(F)F)CCCN1,,,,,,ZINCll00000BmgbY
,,CCCCOCC(=O)N[C@H](c1cn([C@@H](C)CC)nn1)[C@@H]1CCCO1,,,,,,ZINCou00000BBiEj
,,Cc1cc(C)c(C)c(NC(=O)c2ccc(-n3ccnc3C)nc2)c1C,,,,,,ZINCpK00000k4iBi
,,CNC(=O)[C@H]([C@@H]1C[C@H]1c1ccsc1)N(C)C[C@@]1(OC)CCSC1,,,,,,ZINCnu00000r315t
,,COCC1CN(C(=O)[C@H]2CCCCN2C(=O)CCc2nncs2)C1,,,,,,ZINCof00000HSSkH
,,COCC1(CNC(=O)[C@H]2C=CCCN2C(=O)c2nonc2C)CC1,,,,,,ZINCoc00000HSSkE
,,C[C@H]1CN(C(=O)CCn2cc(I)cn2)C[C@@H](C)S1(=O)=O,,,,,,ZINCkf00000Bmgcl
,,CCS[C@H](C(=O)N[C@H]1CCC[C@@H]1C(=O)N1CCS[C@H](C)C1)C(C)C,,,,,,ZINCoA00000thkdO
,,CNC(=O)[C@H]([C@@H]1C[C@H]1c1ccco1)N(C)C[C@@H](C)c1nccs1,,,,,,ZINCnw00000r315e
,,CCOCC(=O)N1CCOC[C@@H](C(=O)NCCc2cnco2)C1,,,,,,ZINCn500000UmC4V
,,C#CC[C@H](CC(=O)N[C@@H]1CCCC1(F)F)NC(=O)[C@H](CC1CC1)OC,,,,,,ZINCpq00000mafXu
,,CCOCC(=O)N1CC(=O)C[C@@H]1C(=O)N(C)[C@@H](C)c1ccco1,,,,,,ZINCng00000UmC4L
,,C=CC[C@H](CC(=O)N[C@@H]1CC(C)(C)C12CC2)NC(=O)CN1CC=CC1,,,,,,ZINCpq00000mafXK
,,CCN(CC)C(=O)Nc1ccccc1[C@@H]1CCC(=O)N1,,,,,,ZINCkv000000S0D1
,,CNC(=O)[C@H]([C@@H]1C[C@H]1c1cccs1)N1CC[C@](CO)(C(C)C)C1,,,,,,ZINCnt00000r315g
,,CC(C)c1cc(C(=O)N[C@@H]2CN(C(=O)[C@H](C)C#N)C[C@@H]2N=[N+]=[N-])no1,,,,,,ZINCpl00000y6Rtl
,,C[C@@H]1CN(C(=O)CCn2cc(I)cn2)CC2(CNC2)O1,,,,,,ZINCka00000Bmgcj
,,CCCc1cc(C(=O)N[C@H]2CCN(C(=O)[C@@H](O)CCC)C23CC3)n[nH]1,,,,,,ZINCpj00000y6RsW
,,CCCc1cc(C(=O)N[C@H]2CCOC[C@H]2NC(=O)[C@]23CC[C@@H]2C3)no1,,,,,,ZINCpk00000y6RsX
,,CCOCC(=O)N1CC(=O)C[C@@H]1C(=O)N[C@H]1CC[C@H](C2CC2)C1,,,,,,ZINCne00000UmC4M
,,COCC1(CNC(=O)[C@H]2CCC[C@H]2NC(=O)CC2OCCO2)CC1,,,,,,ZINCob00000HSSkq
,,Cc1cc(=NC(=O)CC[C@@H](C)c2ccccc2)[nH]nc1Cl,,,,,,ZINClJ00000nlxni
,,CC(C)c1cc(C(=O)N[C@@H](C)CCN(C)C(=O)[C@@H]2CC=CCO2)n[nH]1,,,,,,ZINCpo00000y6Rtx
,,CCN(C[C@H](C)C#N)C(=O)[C@@H]1CN(C(=O)c2ccsn2)CC1(F)F,,,,,,ZINCoo00000tc4Hv
,,C[C@@H]1CN(C(=O)CCn2cc(I)cn2)CC[C@H]1CN,,,,,,ZINCjj00000Bmgck
,,CCOCC(=O)N1CCO[C@H]2CN(C(=O)[C@@H]3CC(C)=NO3)C[C@@H]21,,,,,,ZINCn500000UmC5a
,,CCCCOCC(=O)N[C@@H](c1cn([C@@H](C)[C@@H](C)OC)nn1)C(C)C,,,,,,ZINCov00000BBiEk
,,CCOCC(=O)N1CC(OCC(=O)NCC[C@H](C)C(F)(F)F)C1,,,,,,ZINCnf00000UmC54
,,CC(C)c1cc(C(=O)N[C@H]2[C@@H]3C[C@H]2N(C(=O)Cc2ccco2)C3)no1,,,,,,ZINCpp00000y6Rt0
,,CNC(=O)[C@H]([C@@H]1C[C@@H]1c1ccc(F)cc1)N1C[C@H]2[C@@H](C1)C2(C)C,,,,,,ZINCnw00000r315a
,,CCOCC(=O)N1CCOC[C@@H]1CC(=O)N(C)[C@@H]1CCCOC1,,,,,,ZINCn800000UmC4v
,,Cc1ccc(CC(=O)N(Cc2ccc(O)nc2)CC(C)C)cc1,,,,,,ZINCnD00000sQHCD
,,C[C@H]1CN(C(=O)CCN2CCCCC2)CC[S@](=O)C1,,,,,,ZINCjg00000Bmgcg
,,CCC1(C(=O)NC[C@@H](C)CC2CC2)CN(C(=O)[C@@H](CC(C)C)OC)C1,,,,,,ZINCpy00000xDtkk
,,CC[C@H](C)C=CC(=O)N1CC[C@H]1CC(=O)NCc1nccn1C1CC1,,,,,,ZINCpu00000iZp2Z
,,Cc1nnc(N[C@H]2CCN(C(=O)CSCCC(C)C)C[C@@H]2C)nc1C,,,,,,ZINCpz000002AYrY
,,CC(C)N1CC[C@H](NC(=O)[C@@]2(C)CCN(C(=O)c3ncn(C)n3)C2)C1,,,,,,ZINCp8000015KYOL
,,CCCCC/C=C/CC(=O)N1CC[C@H](C(=O)N(CC)C[C@@H](O)CO)O1,,,,,,ZINCpi00000SFZaP
,,C#CCSCC(=O)N(C)CCCCC(=O)NCCNC(=O)NC,,,,,,ZINCn600000UkTPi
,,CCCN1CC[C@@H](NC(=O)C2=CCN(C(=O)C(F)(F)[C@H](O)CC)C2)C1,,,,,,ZINCpd000015KYP8
,,C#CCSCC(=O)N(Cc1c(C)ncn1C)CC(C)(C)F,,,,,,ZINClr00000p6ui4
,,CC(C)CCCCCC(=O)N1CC[C@H](O)[C@@H]1C(=O)N(C)[C@H](C)CCO,,,,,,ZINCpn00000SFZbs
,,CN(CCNC(=O)c1ncccn1)C(=O)[C@]1(C)CCCS1,,,,,,ZINClf00000janxP
,,O=C(CCCF)N[C@@H]1CN(C(=O)[C@@H]2[C@H]3[C@@H]4CC[C@@H](C4)[C@H]32)[C@H]2CCC[C@H]12,,,,,,ZINCpv00000xKmR0
,,CCCN1CC[C@@H](NC(=O)C2=CC[C@H](NC(=O)CNC(=O)OC)C2)C1,,,,,,ZINCp7000015KYOH
,,CC[C@@H](CO)NC(=O)C[C@H]1CN(C(=O)[C@H](CC2CC2)OC)CCO1,,,,,,ZINCo9000012IQhy
,,Cc1nc(C[C@H]2CCNC2)sc1C(=O)NC[C@@H]1COC(C)(C)C1,,,,,,ZINCnr00000kfD9o
,,CS[C@@H](C)C(=O)NC1(C)CCC(NC(=O)C2CS(=O)C2)CC1,,,,,,ZINCmg00000x6ful
,,CO[C@@H]1Cc2ccccc2N(C(=O)c2ccc(S(C)(=O)=O)nc2)C1,,,,,,ZINCon000001lrVf
,,C=CCCCC(C)(C)C(=O)N1CC[C@H](C(=O)N[C@H]2[C@H](O)C[C@H]2OC)C1,,,,,,ZINCpk00000SFZb5
,,C=CCC(=O)NC1CC(CNc2nccc(OCCC)n2)C1,,,,,,ZINCmr000002DHat
,,O=C(C=CCF)N[C@@H]1CN(C(=O)[C@@H]2C[C@@H]2c2cccs2)[C@H]2CCC[C@@H]12,,,,,,ZINCpy00000xKmQY
,,C#CCCCCCCC(=O)N1CC[C@@H](C(=O)N[C@H]2CCC(=O)NC2)C1,,,,,,ZINCpi00000SFZb0
,,CC(C)N1CC[C@H](NC(=O)C2=CCCN(C(=O)C3(CO)CCC3)C2)C1,,,,,,ZINCpf000015KYOK
,,Cn1nc(Cl)cc1CN(Cc1ccc2c(n1)OCCO2)C[C@@H]1C[C@H]1Br,,,,,,ZINCpA00000O87z3
,,CO[C@@H]1N[C@H](C(=O)NC[C@H]2CC(=O)Nc3ccccc32)CC[C@@H]1Br,,,,,,ZINCon000001ls2F
,,CS[C@H](C)C(=O)NC1CCC(C(=O)N2CC(O)(CO)C2)CC1,,,,,,ZINCm500000x6fuq
,,O=C(C=CCF)N[C@@H]1C[C@H]2[C@@H](C1)[C@@H]2NC(=O)[C@]12CCCC[C@H]1CCC2,,,,,,ZINCpy00000xKmQz
,,Cc1nc(C(=O)N(C)C[C@H]2CCN(C(=O)C3=CSCS3)C2)n(C)n1,,,,,,ZINCoj00000dla63
,,O=C(CCCF)N[C@@H]1CN(C(=O)C2CC(C(F)(F)F)C2)[C@H]2CCC[C@@H]12,,,,,,ZINCpy00000xKmQQ
,,CCCN1CC[C@H](NC(=O)C2=C(F)CN(C(=O)[C@H](C)NC=O)CC2)C1,,,,,,ZINCp7000015KYP9
,,Cc1nc(C(=O)N(C)C[C@@H]2CCN(C(=O)CC(C)(C)O)C2)c(C)o1,,,,,,ZINCoj00000dl9X8
,,CC[C@H](CO)NC(=O)C[C@@H]1C[C@@H](O)CN1C(=O)C[C@H]1CCCOC1,,,,,,ZINCo6000012IQho
,,O=C(NCCCCCF)C1CCN(C(=O)c2cnnc(O)c2)CC1,,,,,,ZINCoe00000HUBt7
,,Cc1nc(C(=O)N(C)C[C@H]2COCCN2C(=O)CP(C)(C)=O)cs1,,,,,,ZINCoj00000dla7v
,,COC[C@H]1CC[C@@H]1C(=O)N(C)[C@@H](C(=O)NCC[C@H]1C[C@H](F)C1)C1CC1,,,,,,ZINCpr00000mdZhT
,,CCC(C)(C)CCCC(=O)N1CC[C@H](O)[C@@H]1C(=O)NCC1CC(O)C1,,,,,,ZINCpk00000SFZbp
,,C=CCSCC(=O)NC(C)(C)/C=C/C(=O)NC[C@H]1CC(C)=NO1,,,,,,ZINCnm00000UkTP1
,,CCCSCC(=O)NC(C)(C)/C=C/C(=O)NCC(=O)NCCO,,,,,,ZINCn500000UkTPm
,,Cc1c(CC(=O)N2CCN(C(=O)C(F)F)[C@@H](C)C2)ccc(Cl)c1Cl,,,,,,ZINCoB00000kf2ls
,,CCC(=O)N1CCC[C@@H]1CCc1ccccc1,,,,,,ZINChA0000016XnO
,,CCCN1CC[C@@H](NC(=O)c2cc(CNC(=O)CCC(N)=O)no2)C1,,,,,,ZINCp5000015KYOO
,,CC[C@H](NC(=O)[C@H]1C[C@@](C)(NC(=O)[C@]23CCC[C@H]2C3)C1)c1ncc[nH]1,,,,,,ZINCpu00000j01HR
,,CCCN1CC[C@@H](NC(=O)[C@@]2(C)C=CCN2C(=O)c2n[nH]cc2C)C1,,,,,,ZINCpg000015KYOD
,,C#CCSCC(=O)NC(C)(C)/C=C/C(=O)N[C@H](C)[C@H]1CCOC1,,,,,,ZINCnj00000UkTPy
,,CCC(=O)N1CCC[C@H]1c1ccc(F)c(F)c1,,,,,,ZINChA0000016Xo0
,,Cn1nc(Cl)cc1CN(CC1CC2(CCC2)C1)C(=O)[C@H](O)C1(C)CC1,,,,,,ZINCpB00000O87yR
,,O=C(C=CCF)N[C@H]1CN(C(=O)[C@@H]2CCC3(CCC3)C2)C[C@@H]1C1CC1,,,,,,ZINCpy00000xKmQX
,,C#CCSCC(=O)N(Cc1ccncc1F)C[C@@H]1C[C@@H]1Cl,,,,,,ZINClv00000p6uhX
,,Cc1nc(C(=O)N(C)CCNC(=O)c2cc(C3CC3)[nH]n2)c(C)o1,,,,,,ZINCoj00000dl9M3
,,CS[C@H](C)C(=O)NC1(CCCC(=O)NOC[C@H](C)O)CCC1,,,,,,ZINCmj00000x6fux
,,COc1cccc(-c2noc([C@]3(C)CC(=O)C34CCC4)n2)c1,,,,,,ZINCmB00000hlYCp
,,C#CCSCC(=O)N(CC#C)CCC(=O)N[C@H]1C[C@@H]1C(F)(F)F,,,,,,ZINCni00000UkTPp
,,Cc1nc(C(=O)N(C)CCNC(=O)[C@@H]2CC(=O)NC2(C)C)c(Br)s1,,,,,,ZINCoj00000dl9JS
,,C=CCC(=O)NC1(CNC(=O)[C@@H](F)c2ccc(F)cc2)CC1,,,,,,ZINCmr000002DH5r
,,O=C(NCCCCCF)[C@H]1CCCC[C@H]1NC(=O)C1(CO)COC1,,,,,,ZINCof00000HUBtb
,,O=C(NCCCCCF)C1=NO[C@@H](CNC(=O)[C@@H]2CC=CCO2)C1,,,,,,ZINCoe00000HUBt9
,,CCC(C)(C)CCCC(=O)N1CC[C@@H](C(=O)N[C@@H]2CCC(=O)NC2)C1,,,,,,ZINCpo00000SFZb1
,,Cc1nc(C(C)(F)F)ccc1C(=O)N1CCC[C@H]2NCCC[C@H]21,,,,,,ZINCny00000kfD9d
,,O=C(NCCCCCF)[C@H]1CC=CCN1C(=O)C[C@]1(O)CCOC1,,,,,,ZINCof00000HUBtc
,,COc1cccc(-c2noc(-c3cc(C#N)[nH]c3C)n2)c1Br,,,,,,ZINCmG00000hlYCo
,,CC[C@@H](CO)NC(=O)C[C@H]1CN(C(=O)C[C@H](O)CC(C)C)CCO1,,,,,,ZINCo8000012IQhx
,,Cc1nc(C(=O)N(C)C[C@@H]2CCN(C(=O)c3nnsc3C)C2)co1,,,,,,ZINCoj00000dl9Yk
,,CN(CCNC(=O)c1ccc(F)cn1)C(=O)C(C)(C)C#N,,,,,,ZINClf00000jan8W
,,CCCN1CC[C@H](NC(=O)C23CC(CN2C(=O)COCCCF)C3)C1,,,,,,ZINCpf000015KYOy
,,C=C(C)CCNC(=O)[C@@]1(C(C)C)CCN(C(=O)[C@H](C)COCC)C1,,,,,,ZINCow00000pa68I
,,Cn1nc(Cl)cc1CN(CC1(C)CCC1)C(=O)c1cc(F)cnc1O,,,,,,ZINCpB00000O87z6
,,Cn1nc(Cl)cc1CN(CC1=CCCC1)C(=O)c1cnc(O)c(F)c1,,,,,,ZINCpA00000O87z7
,,C=C(C)CNC(=O)[C@H](c1ccn(C(C)C)c1)N(C)[C@@H]1CCC(F)(F)C1,,,,,,ZINCpJ00000sWRtk
,,Cc1nc(C[C@@H]2CCNC2)sc1C(=O)N1CCC(F)(F)C1(C)C,,,,,,ZINCny00000kfD9l
,,Cc1nc(C(=O)N(C)CCNC(=O)[C@@]2(C#N)[C@@H](C#N)C2(C)C)cs1,,,,,,ZINCoj00000dl9Kz
,,CS[C@@H](C)C(=O)N[C@]1(C)C[C@H](C(=O)NC[C@@]2(C)CCOC2)C1,,,,,,ZINCml00000x6fuH
,,Cc1nc(C(C)(F)F)ccc1C(=O)N1CC[C@H]2CCNC[C@@H]2C1,,,,,,ZINCnv00000kfD9e
,,C#CCCCCCCC(=O)N1CC([C@@H](OC)C(=O)NCC[C@@H](C)O)C1,,,,,,ZINCpj00000SFZbf
,,C#CCSCC(=O)N(C)C(C)(C)CC(=O)N[C@H]1C[C@H](O)[C@H]1OC,,,,,,ZINCn800000UkTPq
,,CO[C@@H]1N[C@@H](C(=O)NCc2ccc(N(C)C(C)=O)cc2)CC[C@@H]1Br,,,,,,ZINCon000001lrXH
,,CC(C)N1CC[C@H](NC(=O)[C@@]2(C)C[C@@H](O)CN2C(=O)c2ccns2)C1,,,,,,ZINCpd000015KYOI
,,O=C(C=CCF)N[C@H]1CN(C(=O)C2CC(CC3CC3)C2)CC(F)(F)C1,,,,,,ZINCpw00000xKmQM
,,Cn1nc(Cl)cc1CN(CC1=CCCC1)C(=O)[C@@]12CCC[C@H]1C(=O)C2,,,,,,ZINCpC00000O87z5
,,CS[C@@H](C)C(=O)NC1CCC(C(=O)NCC2(C#N)CC2)CC1,,,,,,ZINCmo00000x6fus
,,CC(C)N1CC[C@H](NC(=O)[C@@]2(C)CCN(C(=O)Cn3cnnn3)C2)C1,,,,,,ZINCp5000015KYOQ
,,CS[C@H](C)C(=O)NC1CC([C@H](C)NC(=O)[C@H](C)CC(N)=O)C1,,,,,,ZINCmc00000x6fuB
,,CS[C@@H](C)C(=O)NC1CCC(CC(=O)NC[C@H](F)CO)CC1,,,,,,ZINCmi00000x6fuk
,,CCCN1CC[C@@H](NC(=O)c2cc(CNC(=O)[C@H]3CCCO3)[nH]n2)C1,,,,,,ZINCpa000015KYOP
,,CO[C@@H]1Cc2ccccc2N(C(=O)c2ccc3nnnn3c2)[C@H]1C,,,,,,ZINCon000001lrVh
,,C=C[C@@H](C)ONC(=O)C[C@H](CCC)NC(=O)c1cn(CCO)nn1,,,,,,ZINCo7000012IQhJ
,,CC(C)N1CC[C@@H](NC(=O)C2(N(C)C(=O)C(=O)NC3CC3)CC2)C1=O,,,,,,ZINCp5000015KYPt
,,CC(C)N1CC[C@H](NC(=O)C2=CCN(C(=O)C[C@@H]3CCOC3=O)C2)C1,,,,,,ZINCp9000015KYP7
,,COC[C@H]1CC[C@@H]1C(=O)NC[C@H](C(=O)N1CC[C@@H](CSC)C1)C(C)C,,,,,,ZINCps00000mdZhR
,,CS[C@@H](C)C(=O)NC1CC(C)(C(=O)N(C)Cc2cocn2)C1,,,,,,ZINCmm00000x6fuu
,,CC(C)CNC(=O)[C@@H](c1ccn(C(C)C)c1)N(C)[C@H]1CCCC1(F)F,,,,,,ZINCpK00000sWRtj
,,C=CCSCC(=O)NCC(C)(C)CC(=O)N(CCO)C[C@@H](C)O,,,,,,ZINCnc00000UkTPk
,,CCCCC/C=C/CC(=O)N1CC[C@@H](NC(=O)CCNC(=O)NC)C1,,,,,,ZINCpl00000SFZba
,,CN(CCNC(=O)c1cc(Cl)cn1C)C(=O)c1cc[nH]n1,,,,,,ZINClf00000jan3i
,,CC[C@@H](NC(=O)[C@H]1C=CCN(C(=O)C2=CCCCC2)C1)c1ncc[nH]1,,,,,,ZINCpu00000j01I2
,,Cn1nc(Cl)cc1CN(C[C@@]1(C)CC1(C)C)C(=O)CN1CCCCC1,,,,,,ZINCpD00000O87yW
,,CN(CCNC(=O)c1cc(N)ccc1O)C(=O)CC1CC1,,,,,,ZINClf00000jan54
,,CCCCCNC(=O)[C@@]1(C(C)C)CCN(C(=O)[C@H]2CCO[C@H]2C)C1,,,,,,ZINCov00000pa68G
,,CS[C@@H](C)C(=O)NC1CC([C@@H](C)NC(=O)c2cnc(O)o2)C1,,,,,,ZINCmd00000x6fuy
,,COC[C@H]1CC[C@@H]1C(=O)N(CCNC(=O)[C@]1(F)CC=CCC1)C1CC1,,,,,,ZINCps00000mdZi2
,,CCCC(CCC)CC(=O)N1CC[C@H](O)[C@@H]1C(=O)NO[C@@H]1CCOC1,,,,,,ZINCpj00000SFZbu
,,CCC(CC)NC(=O)[C@]1(C(C)C)CCN(C(=O)CSCCOC)C1,,,,,,ZINCov00000pa68S
,,CC(C)N1CC[C@H](NC(=O)C2(N(C)C(=O)CN3CC[C@H](C)C3)CC2)C1,,,,,,ZINCpf000015KYPr
,,C=CCSCC(=O)N(Cc1ccnc(C)c1)C[C@@H]1C[C@@H]1Cl,,,,,,ZINClC00000p6uhZ
,,Cc1nc(CC(F)(F)F)sc1C(=O)Nc1ccc(CCO)nc1,,,,,,ZINCnx00000kfD9k
,,CCCCCNC(=O)[C@@]1(CC)CCCN(C(=O)CSCCOC)C1,,,,,,ZINCow00000pa68T
,,C=C[C@H](NC(=O)[C@H]1CCCN(C(=O)C23CC(C#N)(C2)C3)CC1)C1CC1,,,,,,ZINCpt00000j01HU
,,C=C[C@H](CO)NC(=O)C[C@@H](CC(C)C)NC(=O)[C@]1(C)CCNC1=O,,,,,,ZINCo6000012IQhG
,,C#CCn1c(C)cc(C(=O)N[C@@H](C)CNC(=O)[C@H]2CC2(C)C)c1C,,,,,,ZINCoq0000056JQr
,,CC(C)N1CC[C@H](NC(=O)c2cnc(CNC(=O)[C@@H]3C[C@@H]3Cl)nc2)C1,,,,,,ZINCpf000015KYPc
,,CN(CCNC(=O)c1cnsn1)C(=O)CCc1ccoc1,,,,,,ZINClf00000janr9
,,CC(C)N1CC[C@@H](NC(=O)C2(CNC(=O)[C@@]3(C)CC3(F)F)CC2)C1=O,,,,,,ZINCpg000015KYPd
,,O=C(NCCCCCF)[C@H]1CCN(C(=O)c2n[nH]cc2[N+](=O)[O-])C1,,,,,,ZINCog00000HUBth
,,C=C[C@H](CO)NC(=O)C[C@H](CCCC)NC(=O)C[C@@H]1CCC(=O)N1,,,,,,ZINCo9000012IQhH
,,C=CCSCC(=O)N(Cc1ccnc(Cl)c1)C[C@H]1C[C@H]1Cl,,,,,,ZINClG00000p6ui1
,,CN(CCNC(=O)c1ccccn1)C(=O)Cc1cnsc1,,,,,,ZINClf00000janch
,,CCCC(CCC)CC(=O)N1CC[C@H](O)[C@@H]1C(=O)NC[C@H](O)C(C)C,,,,,,ZINCpm00000SFZbt
,,C#CCSCC(=O)NCCC(C)(C)C(=O)NCCOCC(F)F,,,,,,ZINCni00000UkTPj
,,C#CCSCC(=O)N[C@@](C)(CC#C)C(=O)NCCOCC(N)=O,,,,,,ZINCn400000UkTPl
,,CC[C@@H](CO)NC(=O)C[C@@H]1CCN(C(=O)[C@@H]2CCCC(=O)N2C)C1,,,,,,ZINCo7000012IQhs
,,C=CCSCC(=O)NC[C@](C)(CC)C(=O)NC[C@H]1C[C@@H]1[N+](=O)[O-],,,,,,ZINCni00000UkTP5
,,CO[C@@H]1C[C@H]2C[C@H]1C[C@H]2NC(=O)c1ccc(-n2ccnc2O)cc1,,,,,,ZINCon000001lrRl
,,CC[C@@H](NC(=O)[C@@H]1CCCN(C(=O)C2CC3(CC3)C2)CC1)C(C)(C)O,,,,,,ZINCpu00000j01HW
,,CC(C)N1CC[C@H](NC(=O)C2=CCN(C(=O)[C@]34CCC[C@H]3C4)C2)C1=O,,,,,,ZINCpg000015KYOV
,,CC(C)SCC(=O)NCCCCCC(=O)NC[C@@H]1CCOC1=O,,,,,,ZINCnk00000UkTP8
,,CC(C)N1CC[C@H](NC(=O)[C@]23CCC[C@H]2CCN3C(=O)C(F)F)C1=O,,,,,,ZINCph000015KYOw
,,C#CCCCCCCC(=O)N1CC[C@H](C(=O)N[C@](C)(CO)C(F)F)C1,,,,,,ZINCpp00000SFZaR
,,COc1cccc(-c2noc(C3(C(C)(C)OC)CC3)n2)c1Br,,,,,,ZINCmJ00000hlYCq
,,CCCN1CC[C@@H](NC(=O)c2cnc(CNC(=O)C[C@@H](C)F)nc2)C1,,,,,,ZINCpg000015KYPb
,,COC[C@H]1CC[C@@H]1C(=O)NCCN(C)C(=O)/C(F)=C\c1ccccc1,,,,,,ZINCps00000mdZi0
,,O=C(CCCF)N[C@H]1CCN(C(=O)c2cc(F)cc(F)c2F)C[C@H]1F,,,,,,ZINCpv00000xKmQF
,,CS[C@H](C)C(=O)NC1CC(C)(C(=O)NCc2coc(C)n2)C1,,,,,,ZINCmm00000x6fut
,,C=CCSCC(=O)NCCCCCC(=O)NC[C@H]1CCN1CC,,,,,,ZINCnn00000UkTP7
,,C#CCSCC(=O)N(C)CC(C)(C)C(=O)N[C@H](C)c1nncs1,,,,,,ZINCnl00000UkTPx
,,O=C(CCCF)N[C@@H]1CN(C(=O)C2C[C@@H]3CC[C@H](C2)S3)CC(F)(F)C1,,,,,,ZINCpx00000xKmQR
,,CCC(CC)CCCC(=O)N1CC[C@@H](C(=O)NC2(C(N)=O)CCC2)C1,,,,,,ZINCpp00000SFZaJ
,,COC[C@H]1CC[C@@H]1C(=O)NCCN(C(=O)CC(C)(C)COC)C(C)C,,,,,,ZINCpq00000mdZi3
,,CC[C@@H](NC(=O)[C@H]1C[C@@](C)(NC(=O)[C@]23CC[C@@H](OC)[C@H]2C3)C1)C1CC1,,,,,,ZINCpt00000j01HT
,,C=CCSCC(=O)N(C)C(C)(C)CC(=O)N[C@@H]1CCC[C@]1(C)O,,,,,,ZINCnp00000UkTPn
,,CC(C)N1CC[C@H](NC(=O)c2cnc(CNC(=O)C[C@H](C)F)nc2)C1,,,,,,ZINCpg000015KYPa
,,CCCN1CC[C@@H](NC(=O)C2(N(C)C(=O)C=CC(=O)OCC)CC2)C1,,,,,,ZINCpc000015KYPp
,,Cc1nc(C)c(C(=O)N[C@H](CC(=O)O)Cc2cccc(Br)c2)o1,,,,,,ZINCny00000kfD99
,,CC(C)N1CC[C@H](NC(=O)c2c(CNC(=O)C3CC3)cnn2C)C1=O,,,,,,ZINCp7000015KYOW
,,O=C(CCCF)N[C@H]1C[C@@H](OCC(=O)N2CCCC23CCCCC3)C1,,,,,,ZINCpx00000xKmQC
,,CN(CCNC(=O)c1ccsc1)C(=O)CN1CCSCC1,,,,,,ZINClf00000jani8
,,Cc1nc(C(C)C)sc1C(=O)NC[C@@H]1CO[C@@H](C(F)(F)F)CN1,,,,,,ZINCns00000kfD9b
,,C#C[C@H](NC(=O)[C@H]1C=CCN(C(=O)C23CCC(CC2)C3)C1)C1CCC1,,,,,,ZINCpu00000j01HQ
,,C#CCSCC(=O)N(C)C(C)(C)CC(=O)NC[C@@H](O)[C@@H](C)CC,,,,,,ZINCnl00000UkTPg
,,Cn1nc(Cl)cc1CN(CC1(C)CCC1)C(=O)c1[nH]nnc1C(F)F,,,,,,ZINCpz00000O87z8
,,C=CCSCC(=O)N(C)CCCCC(=O)N[C@H]1CN(C)NC1=O,,,,,,ZINCn500000UkTPw
,,CS[C@H](C)C(=O)NC1CC(C)(C(=O)NC[C@@H]2CCOC2=O)C1,,,,,,ZINCmd00000x6fuw
,,CC[C@H](NC(=O)[C@H]1C[C@@](C)(NC(=O)C2=C(C)CC2)C1)c1ncccn1,,,,,,ZINCpu00000j01HZ
,,CCCN1CC[C@@H](NC(=O)C2=CCN(C(=O)C3(SC)CC(=O)C3)C2)C1,,,,,,ZINCpe000015KYP2
,,COC[C@H]1CC[C@@H]1C(=O)N(CC(=O)N[C@H]1C[C@@H]1[C@@H]1C[C@H]1C)CC1CC1,,,,,,ZINCpq00000mdZi8
,,CCCSCC(=O)NC(C)(C)CCC(=O)NCCCS(N)(=O)=O,,,,,,ZINCnb00000UkTOY
,,C#CCn1cc(CNC(=O)c2cc(C)nc3c(O)cccc23)cn1,,,,,,ZINCoq0000056JWA
,,Cc1nc(C(=O)N(C)CCNC(=O)C(F)(F)[C@@H](O)C2CC2)sc1C,,,,,,ZINCoj00000dl9Gz
,,Cc1cc(C(=O)N2CCN(C(=O)CC(F)(F)Cl)[C@H](C(C)C)C2)sn1,,,,,,ZINCoz00000kf2lk
,,C=CCCCCCCC(=O)N1CC[C@H](O)[C@@H]1C(=O)N(C)[C@H]1C[C@@H](O)C1,,,,,,ZINCpk00000SFZbr
,,CC(C)N1CC[C@@H](NC(=O)C2(C)CN(C(=O)CCC3(C)N=N3)C2)C1=O,,,,,,ZINCpf000015KYP5
,,Cc1nc(C(=O)N(C)C[C@H]2CCCN2C(=O)CN(C)C(C)C)co1,,,,,,ZINCoj00000dla5J
,,C#CCn1cc(N=c2[nH]nc(CCCCC#N)n2CCC#N)cn1,,,,,,ZINCoq0000056JXg
,,CCCN1CC[C@H](NC(=O)C2=CCN(C(=O)c3snc(C)c3N)C2)C1,,,,,,ZINCpg000015KYP3
,,Cc1nc(C[C@H]2CCNC2)sc1C(=O)NC[C@H]1COCC1(C)C,,,,,,ZINCnq00000kfD9n
,,O=C(C=CCF)N[C@H]1CN(C(=O)C2CC(C(F)(F)F)C2)C2(CCC2)C1,,,,,,ZINCpx00000xKmQP
,,Cn1nc(Cl)cc1CN(CC1CC2(CCCO2)C1)C(=O)c1ccc[nH]1,,,,,,ZINCpA00000O87yS
,,Cn1nc(Cl)cc1CN(CC1CCCC1)C(=O)[C@H]1CN2CCC[C@H]1C2,,,,,,ZINCpz00000O87za
,,CCCN1CC[C@@H](NC(=O)C2CC(n3cc(C4OCCO4)nn3)C2)C1,,,,,,ZINCpe000015KYOT
,,C=C1CC(C(=O)N2CCN(C(=O)CC(F)(F)Cl)C[C@@H]2CC(F)F)C1,,,,,,ZINCoy00000kf2li
,,CC[C@H](CO)NC(=O)C[C@@H](CC1CC1)NC(=O)CCOC1COC1,,,,,,ZINCo9000012IQhC
,,CCC#CCNC(=O)[C@@]1(CC)CCCN(C(=O)[C@@H](F)C2CCC2)C1,,,,,,ZINCow00000pa68L
,,CCC(CC)NC(=O)[C@]1(CC)CCCN(C(=O)[C@H]2C[C@H](OC)C2)C1,,,,,,ZINCox00000pa68F
,,CCN(CCSC)C(=O)CCCNC(=O)C(F)=C1CCCCC1,,,,,,ZINCnC00000lluNu
,,COC[C@H]1CC[C@@H]1C(=O)N(CC(=O)N[C@H]1C[C@@H](CSC)C1)CC1CC1,,,,,,ZINCpr00000mdZi9
,,O=C(C=CCF)N[C@@H]1C[C@@H](C(=O)NOCCCC(F)(F)F)C12CCC2,,,,,,ZINCpv00000xKmQB
,,C=C(C)CNC(=O)[C@@H](c1ccn(CCC)c1)N(C)[C@@H](C)c1ccco1,,,,,,ZINCpJ00000sWRtl
,,CN(CCNC(=O)c1cnc(O)s1)C(=O)CC1CC=CC1,,,,,,ZINClf00000janlj
,,CC[C@@H](CO)NC(=O)C[C@H]1CCN(C(=O)[C@@H]2COCCO2)C1(C)C,,,,,,ZINCo9000012IQht
,,Cc1nccc(C(=O)N[C@H](C)CNC(=O)c2cc(I)c[nH]2)c1C,,,,,,ZINCnr00000kfD98
,,CS[C@@H](C)C(=O)NC1CC([C@@H](C)NC(=O)[C@H](O)C2CCC2)C1,,,,,,ZINCmi00000x6fuC
,,CC(C)N1CC[C@@H](N[C@H](c2nnnn2C)C(C)(C)N2CCCC2)C1=O,,,,,,ZINCpd000015KYOq
,,C=CCSCC(=O)NC(C)(C)CCC(=O)NC[C@H]1CCN1CC,,,,,,ZINCnn00000UkTP6
,,CO[C@@H]1Cc2ccccc2N(C(=O)N2CCN(C(C)C)C(=O)C2)C1,,,,,,ZINCon000001lrUk
,,CCCN1CC[C@@H](NC(=O)C2CCN(C(=O)C3(CO)CCC3)CC2)C1,,,,,,ZINCpf000015KYP0
,,Cc1nc(C[C@H]2CCNC2)sc1C(=O)NC[C@@](C)(O)CC(C)C,,,,,,ZINCnr00000kfD9m
,,C=CCSCC(=O)N(C)CC(C)(C)C(=O)N[C@H]1CCC[C@H](O)C1,,,,,,ZINCno00000UkTPo
,,CS[C@H](C)C(=O)NC1CCC(C(=O)N2CC(C(N)=O)C2)CC1,,,,,,ZINCm900000x6fuo
,,CCN(CCSC)C(=O)/C=C/CN(C)C(=O)CCC[C@H]1C[C@@H]1C,,,,,,ZINCnA00000lluNs
,,Cc1cc(C(=O)N2CCN(C(=O)C[C@@H]3CC[C@H]3C3CC3)CC2)cs1,,,,,,ZINCoB00000kf2lm
,,CC(C)N1CC[C@H](NC(=O)C2(F)CCN(C(=O)[C@H]3CCCO3)CC2)C1,,,,,,ZINCpg000015KYPm
,,CCCC[C@H](F)C(=O)N1CC[C@H](CN(C)C(=O)c2ccc(Cl)s2)C1,,,,,,ZINCoI00000gszFW
,,Cc1cc(C(=O)N2CC(NC(=O)C[C@H]3C=CCC3)C2)c(Br)cc1F,,,,,,ZINCoB00000kf2ll
,,CCC(=CC(=O)OCC[C@@H]1OCC[C@@H]1C)CC,,,,,,ZINChA0000016Xla
,,CC[C@H](CO)NC(=O)C[C@H]1CCN(C(=O)c2cn(C3CC3)nn2)C1,,,,,,ZINCo9000012IQhp
,,CC(C)N1CC[C@H](NC(=O)[C@@]23C[C@@H]2CCN3C(=O)CCOC2CC2)C1,,,,,,ZINCph000015KYOz
,,C#C[C@H](NC(=O)[C@H]1CCCN(C(=O)C2CCCC2)[C@H]1CC)[C@@H](C)OC,,,,,,ZINCpt00000j01I1
,,O=C(NCCCCCF)[C@@H]1CCCN1NC(=O)[C@@H]1CC=C[C@H](O)C1,,,,,,ZINCog00000HUBtd
,,O=C(C=CCF)N[C@H]1CCN(C(=O)CC2CC(C3CC3)C2)[C@@H]1C1CC1,,,,,,ZINCpy00000xKmQG
,,C=CC(C)(C)NC(=O)[C@@]1(C(C)C)CCN(C(=O)C(=O)C(C)(C)C)C1,,,,,,ZINCov00000pa68Q
,,CCCN1CC[C@H](NC(=O)C2=CCN(C(=O)[C@@]3(CC)CCOC3)C2)C1,,,,,,ZINCph000015KYOX
,,COC[C@H]1CC[C@@H]1C(=O)NC[C@H](NC(=O)[C@@H]1CCC2(CC2)C1)C1CC1,,,,,,ZINCps00000mdZhX
,,CN(CCNC(=O)c1ccn(C)n1)C(=O)Cc1cccs1,,,,,,ZINClf00000janeu
,,CC[C@@H](CO)NC(=O)C[C@H]1C[C@H](NC(=O)[C@H](O)[C@@H](OC)C(C)C)C1,,,,,,ZINCo7000012IQhn
,,CN(CCNC(=O)c1cc(F)n[nH]1)C(=O)[C@H]1CC12CCC2,,,,,,ZINClf00000jan4N
,,Cc1nc(C(C)(F)F)ccc1C(=O)N=[S@@](C)(=O)C1CCNCC1,,,,,,ZINCnu00000kfD9h
,,C=CCCCCCCC(=O)N1CC[C@H](C(=O)NCCc2cnn[nH]2)O1,,,,,,ZINCpl00000SFZaN
,,CCCCNC(=O)[C@@H](c1ccnc(CC)c1)N1C[C@@H](C)CCC12CC2,,,,,,ZINCpI00000sWRte
,,CCC(=O)NCCOCc1ccc(Cl)cc1Cl,,,,,,ZINChA0000016XoU
,,CCCn1cc([C@@H](N[C@H](C)C(=O)NC)c2nnnn2CCCF)nn1,,,,,,ZINCp5000015KYOu
,,CCCN1CC[C@@H](NC(=O)C2=CCN(C(=O)c3ccc[n+]([O-])c3)C2)C1,,,,,,ZINCp9000015KYOY
,,CC(C)N1CC[C@H](NC(=O)C2=CC[C@@H](NC(=O)[C@H](O)C(F)(F)F)C2)C1,,,,,,ZINCpd000015KYOG
,,CS[C@H](C)C(=O)NC1(CCCC(=O)NCC[C@H](C)O)CCC1,,,,,,ZINCmo00000x6fuv
,,CCCCC/C=C/CC(=O)N1CC[C@H](C(=O)N[C@H]2CCC(=O)NC2)O1,,,,,,ZINCpk00000SFZb2
,,C#CCSCC(=O)NC(C)(C)CCC(=O)N[C@H](CO)C1(O)CC1,,,,,,ZINCn600000UkTPB
,,C#CCSCC(=O)N(C)C(C)(C)CC(=O)N[C@H](CO)C1CCC1,,,,,,ZINCni00000UkTPA
,,Cc1nc(C(=O)N(C)[C@@H](C)CNC(=O)c2cc(F)c[nH]2)c(C)n1C,,,,,,ZINCoj00000dlaaz
,,C#CCn1cccc(CNC[C@@]2(C)OCCc3ccccc32)c1=O,,,,,,ZINCoq0000056K0c
,,Cc1ncc(C(F)(F)F)cc1C(=O)N(CCF)[C@@H]1CCCNC1,,,,,,ZINCnv00000kfD9i
,,CCCN1CC[C@H](NC(=O)[C@]23CCC[C@@H]2CCN3C(=O)C[C@@H](C)O)C1,,,,,,ZINCph000015KYOv
,,C=C[C@H](CO)NC(=O)C[C@H]1CCN(C(=O)[C@]2(C#N)CCCOC2)C1,,,,,,ZINCo8000012IQhq
,,CC(C)N1CC[C@H](NC(=O)C2=CCCN(C(=O)c3ccoc3)C2)C1=O,,,,,,ZINCph000015KYOJ
,,CCCC(CCC)CC(=O)N1CC[C@H](C(=O)NC[C@H](C)CO)[C@H](O)C1,,,,,,ZINCpl00000SFZaT
,,COc1ccccc1[C@H](N[C@@H](C)C1CCCC1)[C@@H](C)N,,,,,,ZINCkC00000amFkY
,,O=C(CCCF)N[C@H]1CN(C(=O)c2ncc(Cl)cc2F)CC(F)(F)C1,,,,,,ZINCpv00000xKmQV
,,COC[C@H]1CC[C@@H]1C(=O)N(C)[C@@H](C(=O)NC[C@]1(C)CCCS1)C1CC1,,,,,,ZINCps00000mdZhS
,,Cc1cc(C(=O)N2CCN(C(=O)CC(F)(F)Cl)C[C@H]2C)ncc1Br,,,,,,ZINCoA00000kf2lj
,,C#CCn1cc(N=c2[nH]nc([C@@H]3CCCN3C)n2CC2CC2)cn1,,,,,,ZINCoq0000056JXJ
,,O=C(NCCCCCF)[C@H]1CCN(C(=O)c2ns[nH]c2=O)CCO1,,,,,,ZINCod00000HUBti
,,C=CCCCC(C)(C)C(=O)N1CC([C@@H](OC)C(=O)N2CC[C@H]2CO)C1,,,,,,ZINCpk00000SFZbd
,,CCCC(CCC)CC(=O)N1CC[C@H](NC(=O)[C@@H]2COC(=O)N2)[C@H]1C,,,,,,ZINCpo00000SFZbb
,,Cn1nc(Cl)cc1CN(Cc1cc2n(n1)CCCO2)C[C@@H]1CC1(C)C,,,,,,ZINCpB00000O87yT
,,CC(C)SCC(=O)NC(C)(C)/C=C/C(=O)NC[C@@H](CO)N(C)C,,,,,,ZINCnc00000UkTPc
,,O=C(C=CCF)N[C@H]1CN(C(=O)c2cncc(Cl)c2)CC12CCCC2,,,,,,ZINCpx00000xKmQU
,,O=C(CCCF)N[C@H]1[C@H]2C[C@@H]3[C@H]1[C@@H]3[C@@H]2C(=O)N1CCC[C@@H]2CCC[C@@H]21,,,,,,ZINCpv00000xKmQK
,,C=C[C@@H](CO)NC(=O)C[C@@H](CC1CC1)NC(=O)C#C[C@H]1CCOC1,,,,,,ZINCo9000012IQhB
,,Cn1nc(Cl)cc1CN(C[C@@]1(C)Cc2ccccc21)C(=O)CCC#N,,,,,,ZINCpC00000O87z2
,,C=C[C@H](CO)NC(=O)C[C@H]1CCN(C(=O)COC2CCOCC2)C1,,,,,,ZINCo6000012IQhw
,,CO[C@@H]1Cc2ccccc2N(Cc2cnnn2[C@H]2CCCNC2)C1,,,,,,ZINCon000001lrVB
,,CCCC(C)(CCC)C(=O)N1CC[C@@H](C(=O)N[C@@H](C)CS(C)(=O)=O)O1,,,,,,ZINCpm00000SFZb7
,,C=CCC(=O)NC1(CNc2ccc([N+](=O)[O-])cc2Cl)COC1,,,,,,ZINCmr000002DH71
,,C=CCSCC(=O)N(Cc1ccn(C)c(=O)c1)CC(C)C,,,,,,ZINCls00000p6ui2
,,CS[C@@H](C)C(=O)N[C@]1(C)CCC[C@H]1NC(=O)[C@H](C)S(N)(=O)=O,,,,,,ZINCm500000x6fuj
,,CCC(=O)N[C@@H]1CCCOc2cc(Cl)ccc21,,,,,,ZINChA0000016Xpr
,,CS[C@H](C)C(=O)NC1CCC(C(=O)N=c2ccn(C)[nH]2)CC1,,,,,,ZINCmn00000x6fur
,,COC[C@H]1CC[C@@H]1C(=O)N(CC(=O)N1C[C@H]2CCC[C@H]2C1)C1CCC1,,,,,,ZINCps00000mdZi5
,,CC(C)N1CC[C@H](NC(=O)[C@]2(C)CCN(C(=O)Cc3cnoc3)C2)C1,,,,,,ZINCpg000015KYON
,,CCC(CC)CCCC(=O)N1CC[C@@H](C(=O)NCCc2cnn[nH]2)O1,,,,,,ZINCpm00000SFZaO
,,CCCN1CC[C@@H](NC(=O)C2(F)CN(C(=O)c3ncn(C)c3C)C2)C1,,,,,,ZINCpa000015KYPn
,,CCCCCC(C)(C)C(=O)N1CC[C@@H](C(=O)N[C@@]23C[C@@H]2CN(C)C3)O1,,,,,,ZINCpp00000SFZaI
,,Cn1nc(Cl)cc1CN(Cc1cccc2cncn12)C[C@H]1CCCO1,,,,,,ZINCpz00000O87zd
,,CC[C@H](CO)NC(=O)C[C@H]1CCN(C(=O)[C@H]([C@@H](C)OC)N(C)C)C1,,,,,,ZINCo6000012IQhu
,,CCCN1CC[C@@H](NC(=O)C2(N(C)C(=O)C[C@H](C)C(=O)OC)CC2)C1,,,,,,ZINCpd000015KYPq
,,O=C(C=CCF)N[C@@H]1CN(C(=O)[C@H]2C[C@H]2C(F)F)C2(CCCCC2)C1,,,,,,ZINCpy00000xKmQZ
,,CC(C)(C)CC(C)(C)C(=O)N1CC[C@@H](C(=O)N[C@H]2C[C@@H](O)[C@H](F)C2)O1,,,,,,ZINCpp00000SFZb3
,,C#CCSCC(=O)N(CC#C)CCC(=O)NC[C@@H]1C=CCOC1,,,,,,ZINCnb00000UkTP3
,,CN(CCNC(=O)c1ncc(Br)cc1N)C(=O)[C@@H]1C[C@H]1F,,,,,,ZINClf00000janwN
,,C=CCCCNC(=O)[C@]1(C(C)C)CCN(C(=O)[C@H](CC)OCC)C1,,,,,,ZINCox00000pa68J
,,C=CCCCCCCC(=O)N1CC([C@@H](OC)C(=O)NC[C@@H](F)CO)C1,,,,,,ZINCpk00000SFZbk
,,O=C(CC[C@H]1CCCCN1C(=O)c1cccs1)NCCC1(CO)CC1,,,,,,ZINCpy00000xKmUr
,,C#CCn1cccc1C(=O)N(C)C[C@H](C)NC(=O)C1=CC(C)(C)C1,,,,,,ZINCoq0000056K6J
,,CCCN1CC[C@@H](NC(=O)C2(C)CN(C(=O)c3nnc(S)n3C)C2)C1,,,,,,ZINCp7000015KYP1
,,C=CCSCC(=O)N(CC=C)CCC(=O)NC[C@H](O)CC(C)C,,,,,,ZINCno00000UkTPf
,,O=C(CCCF)N[C@@H]1CN(C(=O)c2[nH]ccc2C2CC2)CC(F)(F)C1,,,,,,ZINCpw00000xKmQW
,,CCCN1CC[C@@H](NC(=O)C2(C)CN(C(=O)Cc3nonc3C)C2)C1,,,,,,ZINCp9000015KYP4
,,CS[C@H](C)C(=O)N[C@]1(C)C[C@H](C(=O)NCC[C@H](C)CCO)C1,,,,,,ZINCml00000x6fuJ
,,C#CC[C@@](C)(NC(=O)c1ccc(CC)[nH]1)C(=O)N1CCC[C@@H]1CC,,,,,,ZINCou00000pa68U
,,CS[C@@H](C)C(=O)NC1CC(C)(C(=O)N2CCC3(CC2)N=N3)C1,,,,,,ZINCmo00000x6fum
,,CCCSCC(=O)NC(C)(C)CCC(=O)N(C)CCS(C)(=O)=O,,,,,,ZINCnj00000UkTOX
,,O=C(C=CCF)N[C@@H]1CN(C(=O)c2ccc(C(F)F)o2)[C@H]2CCC[C@@H]12,,,,,,ZINCpy00000xKmQN
,,C#CCCCNC(=O)[C@]1(C(C)C)CCN(C(=O)[C@H](SC)C2CC2)C1,,,,,,ZINCov00000pa68N
,,CCN(CCSC)C(=O)/C=C/CN(C)C(=O)[C@]1(C)CC[C@@H](C)C1,,,,,,ZINCnA00000lluNr
,,Cn1nc(Cl)cc1CN(C[C@]1(C)CC1(F)F)C(=O)CCc1nncs1,,,,,,ZINCpz00000O87yY
,,CCC(C)=C(C)C(=O)N1C[C@@H]2C(CNC(=O)[C@@H]3C[C@]3(C)Br)[C@H]2C1,,,,,,ZINCnx000005nFUK
,,C=C=CCCNC(=O)[C@]1(CC)CCCN(C(=O)CO[C@H](C)CC)C1,,,,,,ZINCow00000pa68R
,,COC[C@H]1CC[C@@H]1C(=O)N(C)[C@@H](C(=O)N[C@@H](C)c1nccs1)C1CC1,,,,,,ZINCps00000mdZhW
,,O=C(CCCF)N[C@@H]1CN(C(=O)c2cnc(C3CC3)s2)[C@@H]2CCC[C@H]12,,,,,,ZINCpy00000xKmQT
,,CN(CCNC(=O)c1ccc(C(F)F)cc1F)C(=O)CO,,,,,,ZINClf00000jan7x
,,COc1ccccc1[C@H](N[C@H]1CN2CC[C@H]1C2)C1CC1,,,,,,ZINCku00000amFkX
,,COC[C@H]1CC[C@@H]1C(=O)N(CC(=O)N1CCS[C@@H]2CC[C@@H]21)CC1CC1,,,,,,ZINCpq00000mdZi6
,,Cc1nc(C(=O)N(C)C[C@@H](O)CNC(=O)CC[C@@H]2CC2(C)C)co1,,,,,,ZINCoj00000dl9TM
,,C=CCC(=O)NC1(CNC(=O)[C@H]2C[C@H](N=[N+]=[N-])C2)CCCC1,,,,,,ZINCmr000002DH61
,,O=C(CCCF)N[C@H]1[C@H]2C[C@@H]3[C@H]1[C@@H]3[C@@H]2C(=O)NC1CC2(CCCC2)C1,,,,,,ZINCpv00000xKmQL
,,CCCn1cc([C@@H](N[C@H](C)C2COC2)c2nnnn2C2(C)CC2)nn1,,,,,,ZINCpe000015KYOr
,,C#CCn1cccc1C(=O)N(C)CCNC(=O)CCCC(F)(F)F,,,,,,ZINCoq0000056K4X
,,CCCSCC(=O)NC(C)(C)/C=C/C(=O)NC[C@@H](O)CN(C)C,,,,,,ZINCnc00000UkTPh
,,CO[C@@H]1Cc2ccc(NC(=O)[C@H](N)Cc3ccnc(Cl)n3)cc2C1,,,,,,ZINCon000001lrTv
,,C#CCn1cc(CN(C)C(=NCc2cnc(C)s2)NC2CC2)cn1,,,,,,ZINCoq0000056JVv
,,CCCCCCCCC(=O)N1CC[C@@H](C(=O)N2CC(N(C)OC)C2)O1,,,,,,ZINCpp00000SFZaF
,,CN(CCNC(=O)c1cc(Br)no1)C(=O)C1(O)CCCC1,,,,,,ZINClf00000jan1u
,,C#C[C@H](NC(=O)[C@@H]1C=CCN(C(=O)[C@@]23CC[C@@H](C[C@@H]2F)C3)C1)C(C)C,,,,,,ZINCpt00000j01HS
,,Cc1cc(C(=O)N2CCN(C(=O)C[C@H](C)N(C)C)[C@@H](C)C2)c(Br)s1,,,,,,ZINCoy00000kf2lp
,,CN(CCNC(=O)c1cc(F)c[nH]1)C(=O)[C@@]1(C)CCCO1,,,,,,ZINClf00000jan4f
,,CCCN1CC[C@H](NC(=O)c2c(CNC(=O)C=CCO)cnn2C)C1,,,,,,ZINCp5000015KYP6
,,CCCSCC(=O)NCCCCCC(=O)N[C@@H](C)[C@@H](O)C(F)F,,,,,,ZINCnp00000UkTPz
,,CC(C)N1CC[C@H](NC(=O)C2(CNC(=O)[C@@](C)(O)C3CCC3)CC2)C1,,,,,,ZINCpg000015KYPf
,,CC(C)N1CC[C@H](NC(=O)C2(CNC(=O)[C@@H](C)N=[N+]=[N-])CCC2)C1=O,,,,,,ZINCpg000015KYPg
,,CC(C)N1CC[C@H](NC(=O)[C@@]2(C)C=CCN2C(=O)[C@@H](O)C(F)(F)F)C1,,,,,,ZINCpc000015KYOF
,,CC[C@@H](NC(=O)[C@@H]1CCCN(C(=O)C2(C)CCC2)C1)c1ccn(C)n1,,,,,,ZINCpu00000j01HY
,,C=CCCCNC(=O)[C@]1(CC=C)CCN(C(=O)[C@H](C)OCC=C)C1,,,,,,ZINCou00000pa68K
,,Cn1nc(Cl)cc1CN(CC1(C)CC2(CCC2)C1)C(=O)[C@@H](O)C1CC1,,,,,,ZINCpB00000O87z1
,,CS[C@@H](C)C(=O)N[C@]1(C)CCC[C@H]1NC(=O)c1conc1C,,,,,,ZINCmo00000x6fuh
,,O=C(NCCCCCF)c1cc(CNC(=O)[C@@]2(O)CCSC2)[nH]n1,,,,,,ZINCod00000HUBt5
,,CCCN1CC[C@@H](NC(=O)C2=C[C@H](O)[C@H](NC(=O)C3(CC)CC3)C2)C1,,,,,,ZINCpf000015KYOR
,,Cc1ncc([C@@H](C)NCCc2cn(-c3ccccc3)nn2)cn1,,,,,,ZINCns00000kfD9q
,,CC(C)N1CC[C@H](NC(=O)[C@@]2(C)C=CCN2C(=O)[C@H]2CCCN2C)C1,,,,,,ZINCpe000015KYOE
,,CCCC(C)(CCC)C(=O)N1CC[C@H](C(=O)N[C@@H]2CCS(=O)(=O)C2)O1,,,,,,ZINCpk00000SFZb4
,,CCCN1CC[C@H](NC(=O)C2=C[C@H](O)[C@H](NC(=O)c3cocn3)C2)C1,,,,,,ZINCp6000015KYOS
,,Cc1nc(C(C)(F)F)ccc1C(=O)N(CCF)[C@H]1CCCNC1,,,,,,ZINCnw00000kfD9g
,,O=C(CCCF)N[C@H]1CCO[C@H]1C(=O)Nc1cccc2ccccc12,,,,,,ZINCpy00000xKmQH
,,CCCCC/C=C/CC(=O)N1CC[C@@H](OCC(=O)NC[C@H](C)CO)C1,,,,,,ZINCpo00000SFZbi
,,CC(C)N1CC[C@H](NC(=O)C2(NC(=O)[C@@]34CSC[C@@H]3C4)CSC2)C1=O,,,,,,ZINCpa000015KYPu
,,Cn1nc(Cl)cc1CN(Cc1cc(Br)n[nH]1)CC(O)(C1CC1)C1CC1,,,,,,ZINCpB00000O87yU
,,CC[C@@H](NC(=O)[C@@H]1CCCN1NC(=O)COC(C)C)C1CCCCC1,,,,,,ZINCpt00000j01HL
,,CC(C)(C)CCCCC(=O)N1CC[C@H](O)[C@@H]1C(=O)NCC1CC(O)C1,,,,,,ZINCpk00000SFZbo
,,C#CCSCC(=O)N(CC=C)CCC(=O)N[C@@H]1[C@H]2CCCO[C@H]21,,,,,,ZINCng00000UkTPv
,,CN(CCNC(=O)c1ccc(N)cc1F)C(=O)[C@H]1C[C@@H]1F,,,,,,ZINClf00000jan9z
,,C=CCCCCCCC(=O)N1CC[C@H](C(=O)N(C)C[C@@H](O)COC)O1,,,,,,ZINCpl00000SFZaQ
,,CS[C@@H](C)C(=O)N[C@]1(C)C[C@H](C(=O)N2CCN(C)[C@@H](C)C2)C1,,,,,,ZINCmh00000x6fuD
,,COC[C@H]1CC[C@@H]1C(=O)N(CC(=O)N1CCC[C@@H](F)CC1)CC1CC1,,,,,,ZINCps00000mdZi4
,,COC[C@H]1CC[C@@H]1C(=O)N(C)[C@H](C(=O)N[C@@H]1C[C@]1(C)C(F)F)C1CC1,,,,,,ZINCpq00000mdZhV
,,C=CCSCC(=O)N(Cc1ccn(C)c1)CC1SCCS1,,,,,,ZINClA00000p6uhV
,,CO[C@@H]1C[C@H]2C[C@H]1C[C@H]2NC(=O)c1cncc(N2CCCC2=O)c1,,,,,,ZINCon000001lrRx
,,CC(C)N1CC[C@H](NC(=O)c2coc(CNC(=O)C3(F)CC3)c2)C1=O,,,,,,ZINCph000015KYPl
,,COC[C@H]1CC[C@@H]1C(=O)NCCN(CC1CC1)C(=O)c1cc(C)ns1,,,,,,ZINCpq00000mdZhY
,,C=C[C@H](CO)NC(=O)C[C@@H](CC1CC1)NC(=O)[C@H](C)NC(=O)CC,,,,,,ZINCo8000012IQhE
,,CS[C@@H](C)C(=O)NC1CC([C@@H](C)NC(=O)Cc2cnc[nH]2)C1,,,,,,ZINCmh00000x6fuz
,,Cn1nc(Cl)cc1CN(CC1CC=CC1)C[C@@H]1CO[C@@H]2CCC[C@H]2O1,,,,,,ZINCpB00000O87z4
,,CCC(C)(C)CCCC(=O)N1CC[C@@H](C(=O)N2CCOC[C@@H](O)C2)C1,,,,,,ZINCpm00000SFZaG
,,CC(C)N1CC[C@@H](N[C@H](c2cnn3c2CCC3)c2nnnn2C)C1=O,,,,,,ZINCp6000015KYOp
,,CC[C@H](CO)NC(=O)C[C@@H](CC1CC1)NC(=O)[C@H]1CC(=O)CCO1,,,,,,ZINCo8000012IQhD
,,C=CC(C)(C)NC(=O)[C@@]1(CC)CCCN(C(=O)COC2CCC2)C1,,,,,,ZINCow00000pa68P
,,CCCC(CCC)CC(=O)N1CC[C@@H](C(=O)N2C[C@H](O)[C@H](O)C2)[C@@H]1C,,,,,,ZINCpj00000SFZaD
,,CCC(C)(C)CCCC(=O)N1CC[C@@H](OCC(=O)NCCC(N)=O)C1,,,,,,ZINCpi00000SFZbh
,,O=C(NCCCCCF)C1(NC(=O)[C@]23COC[C@H]2C3)CCOCC1,,,,,,ZINCof00000HUBt8
,,Cc1nc(C)c(C(=O)N[C@@H](C(=O)O)C2Cc3ccccc3C2)s1,,,,,,ZINCnt00000kfD9a
,,CN(CCNC(=O)c1cnsn1)C(=O)C1C2(CC2)C12CC2,,,,,,ZINClf00000janr7
,,CO[C@@H]1N[C@H](C(=O)N(C)CC(=O)Nc2cccc(Cl)c2)CC[C@@H]1F,,,,,,ZINCon000001lrZH
,,COC[C@H]1CC[C@@H]1C(=O)N(CC(=O)Nc1ccc(F)nc1C)C1CC1,,,,,,ZINCpr00000mdZi7
,,CS[C@@H](C)C(=O)NC1CCC(C(=O)N2CC(F)(C#N)C2)CC1,,,,,,ZINCmk00000x6fup
,,CS[C@H](C)C(=O)N[C@]1(C)C[C@H](C(=O)N2CCS(=N)(=O)CC2)C1,,,,,,ZINCmf00000x6fuF
,,C#CCn1cccc1C(=O)N(C)CCCNC(=O)Cc1cccs1,,,,,,ZINCoq0000056K37
,,CC[C@@H](CO)NC(=O)C[C@H]1COCCN1C(=O)[C@H]1CC(C)(C)CO1,,,,,,ZINCo9000012IQhz
,,C=C(C)CNC(=O)[C@H](c1ccnc(CC)c1)N1C[C@H](C)CCC[C@H]1C,,,,,,ZINCpI00000sWRtf
,,CC[C@@H](NC(=O)[C@@H]1C=CCN(C(=O)C2(C)CC(C)(C)C2)C1)C(C)(C)O,,,,,,ZINCpu00000j01I3
,,CCCC(C)(CCC)C(=O)N1CC([C@@H](OC)C(=O)NC[C@H](F)CO)C1,,,,,,ZINCpl00000SFZbl
,,C=CCC(=O)NC1CC2(CCN(C(=O)[C@H](F)CC3CC3)C2)C1,,,,,,ZINCmr000002DHbk
,,CO[C@@H]1Cc2ccc(NC(=O)[C@@H]3CN[C@@H]4CCOC[C@@H]4C3)cc2C1,,,,,,ZINCon000001lrTn
,,C=CCSCC(=O)N(Cc1ccncc1)CC1CC(=C)C1,,,,,,ZINClC00000p6uhT
,,Cn1nc(Cl)cc1CN(C[C@]1(C)CC1(C)C)C(=O)[C@H](O)c1ccco1,,,,,,ZINCpB00000O87yV
,,C#CCn1cc(CN(C)C(=NCC[C@H]2C[C@H](F)C2)NCCF)cn1,,,,,,ZINCoq0000056JV9
,,O=C(CCCF)N[C@H]1CCN(C(=O)c2ccc([N+](=O)[O-])s2)[C@@H]1C1CC1,,,,,,ZINCpv00000xKmQE
,,COC[C@H]1CC[C@@H]1C(=O)NCCN(CC1CC1)C(=O)c1nscc1C,,,,,,ZINCpq00000mdZhZ
,,CCCC(CCC)CC(=O)N1CC[C@@H](C(=O)NCCOCCOC)O1,,,,,,ZINCpp00000SFZaY
,,CCCCC/C=C/CC(=O)N1CC[C@H](O)[C@@H]1C(=O)N(C)CC[C@H](C)O,,,,,,ZINCpn00000SFZbq
,,Cn1nc(Cl)cc1CN(C[C@]1(C)CC1(F)F)C(=O)C(C)(C)C(C)(C)O,,,,,,ZINCpC00000O87yZ
,,CS[C@H](C)C(=O)N[C@]1(C)CCC[C@H]1NC(=O)[C@@H]1CCC(=O)N1,,,,,,ZINCmb00000x6fui
,,CCC(=O)N1CCC[C@H]1CCc1ccccc1,,,,,,ZINChA0000016XnW
,,CCCC(CCC)CC(=O)N1CC[C@H](O)[C@@H]1C(=O)N1[C@@H](C)C[C@@H]1CO,,,,,,ZINCpl00000SFZbn
,,Cc1nc(C(=O)N(C)C[C@H](C)NC(=O)C2(C#N)CCC2)c(C)n1C,,,,,,ZINCoj00000dla07
,,CCCN1CC[C@H](NC(=O)[C@]2(CO)CCN(C(=O)c3ccns3)C2)C1,,,,,,ZINCpb000015KYPk
,,C#CCSCC(=O)N[C@](C)(CC#C)C(=O)NC[C@H]1CCCSC1,,,,,,ZINCnl00000UkTP4
,,Cn1nc(Cl)cc1CN(Cc1ccc(C2CC2)o1)CC1(C)OCCO1,,,,,,ZINCpD00000O87zc
,,C#CCn1cccc(CN2CC[C@]3(CCCN(C)C3)[C@@H](C)C2)c1=O,,,,,,ZINCoq0000056K04
,,C#CCSCC(=O)NCCC(C)(C)C(=O)NC[C@H](C)OC(F)F,,,,,,ZINCnm00000UkTPb
,,CCCN1CC[C@@H](NC(=O)C2(N(C)C(=O)CN(C)CCOC)CC2)C1,,,,,,ZINCp7000015KYPs
,,CC(C)N1CC[C@H](NC(=O)C2=CCN(C(=O)C3=CCCSC3)C2)C1=O,,,,,,ZINCpf000015KYOZ
,,CO[C@@H]1N[C@@H](C(=O)NCc2c(Cl)c(C(F)(F)F)nn2C)CC[C@@H]1F,,,,,,ZINCon000001lrXp
,,C#CCSCC(=O)NC(C)(C)CCC(=O)NC[C@H](O)C1CCC1,,,,,,ZINCnj00000UkTPe
,,C=CCSCC(=O)NC[C@](C)(CC)C(=O)NC[C@H]1COC[C@H]1O,,,,,,ZINCnb00000UkTP9
,,C=C[C@@H](CO)NC(=O)C[C@H]1CCN(C(=O)CCc2nccn2C)C1,,,,,,ZINCo8000012IQhr
,,C=CCCCNC(=O)[C@]1(C(C)C)CCN(C(=O)[C@H](CC=C)OC)C1,,,,,,ZINCov00000pa68H
,,CC(C)n1cc([C@H](N[C@@H](C)c2nnc(CO)s2)c2nnnn2C)nn1,,,,,,ZINCp7000015KYOs
,,C#CCSCC(=O)NCC(C)(C)CC(=O)N[C@H]1CCN(C)C1=O,,,,,,ZINCn800000UkTPr
,,CCC(C)(C)CCCC(=O)N1CC[C@@H](C(=O)N[C@@](C)(CO)COC)C1,,,,,,ZINCpp00000SFZaS
,,CS[C@H](C)C(=O)NC1(C/C=C/C(=O)N2CC[C@H]2CO)CCC1,,,,,,ZINCmj00000x6fun
,,Cc1nc(C(C)(F)F)ccc1C(=O)N1CCC2(CCNCC2)C1,,,,,,ZINCnx00000kfD9c
,,C=CCSCC(=O)N(Cc1ccn(CCF)n1)CC(Cl)Cl,,,,,,ZINClz00000p6ui0
,,CCC(CC)CCCC(=O)N1CC[C@@H](OCC(=O)N2CC(CO)C2)C1,,,,,,ZINCpm00000SFZbe
,,CCCN1CC[C@@H](NC(=O)C2(C)CC(NC(=O)c3n[nH]c(O)n3)C2)C1,,,,,,ZINCp5000015KYOM
,,CC(C)N1CC[C@H](NC(=O)c2ccn(CCNC(=O)[C@@H](C)C#N)c2)C1,,,,,,ZINCpf000015KYOU
,,CCC(=N)NOC[C@@H]1CCCC[C@H]1C(F)(F)F,,,,,,ZINChA0000016XlT
,,C=CCC(=O)NC1CC(CNC(=O)C#CC2CCCCC2)C1,,,,,,ZINCmr000002DH9H
,,CCCCCCCCC(=O)N1CC[C@H](C(=O)N(CCO)CCO)[C@H]1C,,,,,,ZINCpn00000SFZaX
,,O=C(NCCCCCF)C1=CCCN(C(=O)C[C@]2(O)CCOC2)C1,,,,,,ZINCof00000HUBt6
,,CN(CCNC(=O)c1ccc(Br)nc1N)C(=O)[C@H]1C[C@H]1F,,,,,,ZINClf00000jan6S
,,Cc1cc(C(=O)N2CC(NC(=O)C(F)(F)c3csc(Cl)n3)C2)cs1,,,,,,ZINCoy00000kf2lr
,,CCCCC/C=C/CC(=O)N1CC[C@@H](C(=O)NCc2nncn2C)C1,,,,,,ZINCpo00000SFZaM
,,C#CCn1cc(CN(C)C(=O)C[C@@H]2CCc3ncc(Br)n3C2)cn1,,,,,,ZINCoq0000056JVC
,,CN(CCNC(=O)c1cn[nH]c1)C(=O)c1ccc(Cl)cn1,,,,,,ZINClf00000jank3
,,CCCC(C)(CCC)C(=O)N1CC[C@@H](C(=O)NCCn2ncnn2)C1,,,,,,ZINCpi00000SFZaW
,,CCC(C)(C)CCCC(=O)N1CC[C@@H](OCC(=O)NOCCOC)C1,,,,,,ZINCpp00000SFZbm
,,CN(CCNC(=O)c1coc(Cl)n1)C(=O)C1CCOCC1,,,,,,ZINClf00000jans2
,,Cc1nc(CC(F)(F)F)sc1CC(=O)NNC(=O)NCC(C)C,,,,,,ZINCnq00000kfD9j
,,C=C1CC(C(=O)N2CCN(C(=O)[C@@H]3CC34CCCCCC4)CC2)C1,,,,,,ZINCoz00000kf2lu
,,CS[C@H](C)C(=O)N[C@]1(C)C[C@H](C(=O)NCC2(O)CCCC2)C1,,,,,,ZINCmk00000x6fuI
,,C=CCSCC(=O)N(C)C(C)(C)CC(=O)N[C@H]1CCS(=O)(=O)C1,,,,,,ZINCne00000UkTPt
,,COC[C@H]1CC[C@@H]1C(=O)NC[C@@H](C(=O)NCCCN=[N+]=[N-])C(C)(C)C,,,,,,ZINCps00000mdZhU
,,C=CCC(=O)NC1CC(CNc2cc(OC(C)C)ncn2)C1,,,,,,ZINCmr000002DHaq
,,CCCN1CC[C@@H](NC(=O)[C@@]23C[C@@H](CO2)N(C(=O)C=CC(C)C)C3)C1,,,,,,ZINCph000015KYOA
,,Cn1nc(Cl)cc1CN(CC1CCC1)C(=O)c1ccn2cncc2c1,,,,,,ZINCpB00000O87yX
,,O=C(CCCF)N[C@H]1[C@@H]2CC[C@@H](C2)[C@H]1C(=O)NC[C@H]1C[C@@H]1C1CCC1,,,,,,ZINCpy00000xKmQJ
,,C=CCSCC(=O)N(Cc1ccn(C)c1)CC1CC=CC1,,,,,,ZINClC00000p6uhU
,,C=CCSCC(=O)N(Cc1ccn(C)c1)CC(C)(C)CO,,,,,,ZINCls00000p6uhW
,,C#CCn1cc(NC(=O)N2CCP(=O)(c3ccccc3)CC2)cn1,,,,,,ZINCoq0000056JY6
,,CC(C)CCCCCC(=O)N1CC[C@H](C(=O)N[C@H](CO)CN(C)C)C1,,,,,,ZINCpk00000SFZb8
,,O=C(NCCCCCF)[C@@H]1C[C@@H]2C[C@@H]2N1C(=O)[C@]1(CO)CCCO1,,,,,,ZINCod00000HUBte
,,CN(CCNC(=O)c1cc(F)c[nH]1)C(=O)[C@H]1CCCCO1,,,,,,ZINClf00000jan4g
,,CC(C)N1CC[C@H](NC(=O)[C@@]2(C(C)C)CCN(C(=O)C=CCO)C2)C1,,,,,,ZINCpg000015KYOB
,,CCC(C)(C)CCCC(=O)N1CC[C@@H](C(=O)N2CC(O)(COC)C2)C1,,,,,,ZINCpm00000SFZaH
,,Cc1nc(C[C@H]2CCN(C(=O)CC[C@@H](C)C#N)C2)sc1C(=O)O,,,,,,ZINCnu00000kfD9p
,,C#CCn1cccc(CN[C@H]2CCC[C@@H]2C(=O)OC(C)(C)C)c1=O,,,,,,ZINCoq0000056K0m
,,CS[C@@H](C)C(=O)N[C@]1(C)C[C@H](C(=O)NC[C@@]2(C)CCCO2)C1,,,,,,ZINCmn00000x6fuG
,,CCC(=O)N(CC)CCOc1ccc(Br)cc1,,,,,,ZINChA0000016XnA
,,C#CCCCCCCC(=O)N1CC[C@H](C(=O)NC[C@H](C)OCCO)C1,,,,,,ZINCpj00000SFZaV
,,C#CCn1cccc1C(=O)N(C)C[C@@H]1CCN(C(=O)[C@H](C)CC)C1,,,,,,ZINCoq0000056K6l
,,CCN(CCSC)C(=O)/C=C/CNC(=O)[C@@H]1CCC=CCCC1,,,,,,ZINCnA00000lluNv
,,C=CCCCC(C)(C)C(=O)N1CC[C@@H](C(=O)N[C@H]2COC[C@H]2OC)O1,,,,,,ZINCpk00000SFZb6
,,CCC(C)(C)CCCC(=O)N1CC[C@@H](C(=O)NCc2cn(C)nn2)C1,,,,,,ZINCpo00000SFZaK
,,C=CCSCC(=O)NCCC(C)(C)C(=O)NC[C@H]1CCC[C@@H]1O,,,,,,ZINCnn00000UkTOZ
,,C#CCSCC(=O)N(CC#C)CCC(=O)NC[C@H](CO)C1CC1,,,,,,ZINCn900000UkTPa
,,CO[C@@H]1Cc2ccccc2N(C(=O)NC[C@@H]2C[C@@H]3OCC[C@@H]3O2)C1,,,,,,ZINCon000001lrUI
,,C=C1CC(C(=O)N2CCN(C(=O)CC(F)(F)Br)[C@@H](C3CCC3)C2)C1,,,,,,ZINCoB00000kf2lh
,,CCC(=O)CCN1CCC[C@](C)(C(F)(F)F)C1,,,,,,ZINChA0000016XmY
,,CC(C)N1CC[C@H](NC(=O)C2(CNC(=O)C3(O)CCCCC3)CC2)C1,,,,,,ZINCph000015KYPe
,,CCCN1CC[C@H](NC(=O)C23CC(CN2C(=O)c2ccnnc2)C3)C1,,,,,,ZINCpc000015KYOx
,,CCCCC/C=C/CC(=O)N1CC[C@@H](NC(=O)[C@@H](O)CCN(C)C)C1,,,,,,ZINCpl00000SFZbc
,,C=C[C@@H](CO)NC(=O)C[C@H](CCC)NC(=O)[C@@]1(C)CCC(=O)NC1,,,,,,ZINCo8000012IQhI
,,CCCSCC(=O)N(CC1CCN(C)CC1)C[C@H]1C[C@@H]1C,,,,,,ZINClz00000p6uhY
,,C=CCSCC(=O)N(C)CC(C)(C)C(=O)N[C@@H]1CCOC[C@H]1F,,,,,,ZINCnm00000UkTPs
,,C=CCCCCCCC(=O)N1CC[C@@H](n2cc(C3(O)COC3)nn2)C1,,,,,,ZINCpn00000SFZb9
,,O=C(NCCCCCF)[C@@H]1CCN(C(=O)C2(n3nccn3)CC2)O1,,,,,,ZINCob00000HUBtg
,,C#CCCCCCCC(=O)N1CC[C@@H](C(=O)NCc2ncccn2)O1,,,,,,ZINCpl00000SFZaL
,,C/C=C/CCNC(=O)[C@@]1(CC)CCCN(C(=O)[C@H](O)CCCC)C1,,,,,,ZINCow00000pa68M
,,C=C[C@H](NC(=O)[C@@H]1CCCN1NC(=O)CSCCC(C)C)C(F)(F)F,,,,,,ZINCpu00000j01HM
,,COc1ccc(Cc2noc(C3CC(F)(CF)C3)n2)c(Cl)n1,,,,,,ZINCmC00000hlYCr
,,O=C(C=CCF)N[C@@H]1CN(C(=O)c2cccc(O)c2Cl)[C@H]2CCC[C@@H]12,,,,,,ZINCpw00000xKmQO
,,CCCN1CC[C@@H](NC(=O)c2c[nH]nc2CCNC(=O)C2CCC2)C1,,,,,,ZINCpg000015KYPh
,,C#CCn1cccc1C(=O)N(C)CCCN(C)C(=O)C1CC=CC1,,,,,,ZINCoq0000056K2n
,,C#CCSCC(=O)NC[C@@](C)(CC)C(=O)NC[C@@H](C)S(C)(=O)=O,,,,,,ZINCna00000UkTPd
,,O=C(NCCCCCF)C1CC(CCNC(=O)[C@@H]2CCNC2=O)C1,,,,,,ZINCof00000HUBt3
,,CCCN1CC[C@H](NC(=O)c2nc(CNC(=O)[C@@H](C)C#N)oc2C)C1,,,,,,ZINCpf000015KYPo
,,C=CCC(=O)NC1(CNC(=O)[C@@H]2CC[C@]3(C2)CC3(F)F)CC1,,,,,,ZINCmr000002DH5z
,,C=C[C@H](CO)NC(=O)C[C@@H](CC1CC1)NC(=O)c1cccc(O)n1,,,,,,ZINCo9000012IQhA
,,CS[C@H](C)C(=O)NC1CC([C@@H](C)NC(=O)[C@@H]2CCC(=O)N2)C1,,,,,,ZINCma00000x6fuA
,,CO[C@@H]1C[C@H]2C[C@H]1C[C@H]2NC(=O)c1ccnc(O[C@H]2CCOC2)c1,,,,,,ZINCon000001lrRu
,,C#CCCCCCCC(=O)N1CC[C@@H](C(=O)N(CCO)OC)[C@H]1CC,,,,,,ZINCpp00000SFZaZ
,,C#CCSCC(=O)NCCCCCC(=O)N[C@@H]1CCS(=O)(=O)C1,,,,,,ZINCn900000UkTPu
,,Cc1nc(C(C)(F)F)ccc1C(=O)NCC1(CC(=O)O)CCC1,,,,,,ZINCny00000kfD9f
,,CC[C@H](CO)NC(=O)C[C@H]1CCN(C(=O)[C@H](O)c2cccnc2)C1,,,,,,ZINCo8000012IQhv
,,CC(C)N1CC[C@H](NC(=O)[C@@]2(C)C=CCN2C(=O)c2ccsn2)C1=O,,,,,,ZINCpg000015KYOC
,,CC(C)CNC(=O)[C@H](c1ccn(C(C)C)c1)N1CCSC2(CCC2)C1,,,,,,ZINCpI00000sWRtg
,,CCC(=O)COc1ccc(Br)c(C)c1[N+](=O)[O-],,,,,,ZINChA0000016Xnj
,,C#C[C@H](NC(=O)[C@H]1CCCN(C(=O)C2C3(CC3)C23CC3)CC1)C1CC1,,,,,,ZINCpt00000j01HV
,,COc1ccc(Cc2noc([C@]3(C)C[C@H]3C)n2)c(Cl)c1OC,,,,,,ZINCmG00000hlYCm
,,CO[C@@H]1Cc2ccccc2N(C(=O)c2ccn3nnnc3c2)[C@@H]1C,,,,,,ZINCon000001lrVi
,,Cc1cc(C(=O)N2CC(NC(=O)[C@H]3CC34CCCCCC4)C2)co1,,,,,,ZINCoy00000kf2lt
,,C#CCSCC(=O)N(Cc1ccn(C(F)F)n1)CC(C)C,,,,,,ZINClw00000p6ui3
,,C#CCCCCCCC(=O)N1CC([C@@H](OC)C(=O)NCC[C@H](C)O)C1,,,,,,ZINCpj00000SFZbg
,,CO[C@@H]1N[C@H](C(=O)NC[C@]2(CO)C[C@H]2c2ccccc2)CC[C@@H]1Br,,,,,,ZINCon000001ls2N
,,C#CCn1c(C)cc(C(=O)N[C@H](C)CN(C)C(=O)CSCC)c1C,,,,,,ZINCoq0000056JRQ
,,CO[C@@H]1N[C@H](C(=O)N2CCN(c3ccc(C)cc3)CC2)CC[C@H]1F,,,,,,ZINCon000001ls0m
,,O=C(NCCCCCCS(=O)(=O)CCO)NC1CC(OC2CC2)C1,,,,,,ZINCof00000HUBt2
,,COc1cccc(-c2noc(-c3ccc(I)nc3)n2)c1OC,,,,,,ZINCmE00000hlYCn
,,C=C[C@H](CO)NC(=O)C[C@@H](CC1CC1)NC(=O)[C@H](F)C(=O)OCC,,,,,,ZINCo8000012IQhF
,,CN(CCNC(=O)c1ccnc(Br)c1N)C(=O)[C@H]1C[C@@H]1F,,,,,,ZINClf00000janeU
,,CS[C@@H](C)C(=O)N[C@]1(C)C[C@H](C(=O)N2CCNC(=O)[C@H]2C)C1,,,,,,ZINCm900000x6fuE
,,C#CCn1cccc1C(=O)N(C)C[C@@H](C)NC(=O)CSCC(C)C,,,,,,ZINCoq0000056K5S
,,CC[C@H](NC(=O)[C@@H]1CCCN(CC)C1)C(=O)Nc1ccc(SC)nc1,,,,,,ZINCpt00000j01HP
,,Cn1nc(Cl)cc1CN(Cc1cccc2c1COC2)C(=O)/C=C/CF,,,,,,ZINCpB00000O87zb
,,C=CCCCC(C)(C)C(=O)N1CC[C@H](C(=O)N2CC(NC(C)=O)C2)O1,,,,,,ZINCpi00000SFZaE
,,Cc1cc(C(=O)N2CCN(C(=O)CC#N)[C@H](C)[C@@H]2C)c(Br)cc1F,,,,,,ZINCoy00000kf2lq
,,C=CCSCC(=O)NC[C@@](C)(CC)C(=O)NC[C@@H]1CC(C)=NO1,,,,,,ZINCnn00000UkTP2
,,C#CCn1cc(CN(C)C(=NCC)NCc2ccc(C#N)s2)cn1,,,,,,ZINCoq0000056JU1
,,O=C(NCCCCCF)[C@@H]1CCOC[C@@H]1NC(=O)[C@@H]1[C@H]2COC[C@H]21,,,,,,ZINCoc00000HUBtj
,,CC(C)n1cc([C@H](N[C@@H](C)CC(N)=O)c2nnnn2CCCF)nn1,,,,,,ZINCp7000015KYOt
,,CN(CCNC(=O)c1ccc(F)cc1N)C(=O)[C@@H]1C[C@@H]1F,,,,,,ZINClf00000jan8S
,,Cn1nc(Cl)cc1CN(CC1CC(=C2CC2)C1)C(=O)[C@H]1CCC[C@@H]1O,,,,,,ZINCpA00000O87z0
,,C=CCC(=O)NC1(CNC(=O)c2cccc(O)c2)CCCC1,,,,,,ZINCmr000002DH6v
,,CC[C@H](NC(=O)[C@H]1CCCN(C)C1)C(=O)N[C@@H]1CC=C(C(C)C)CC1,,,,,,ZINCpu00000j01HO
,,O=C(NCCCCCF)C1=CCCN(C(=O)[C@]2(CO)CCCO2)C1,,,,,,ZINCof00000HUBt4
,,CC(C)=CCNC(=O)[C@]1(C(C)C)CCN(C(=O)Cn2cccc2)C1,,,,,,ZINCou00000pa68O
,,C=CCC(=O)NC1(CNC(=O)c2cncc(C)c2)CCCC1,,,,,,ZINCmr000002DH6H
,,O=C(NCCCCCF)[C@@H]1[C@H]2CC[C@H](C2)N1C(=O)[C@]1(O)CCOC1,,,,,,ZINCod00000HUBtk
,,CCCN1CC[C@@H](NC(=O)[C@@]2(COC)C=CCN2C(=O)C2CSC2)C1,,,,,,ZINCpd000015KYPj
,,O=C(CCCF)N[C@H]1C[C@@H](CCC(=O)N2[C@H]3CC[C@H]2CC2(C3)N=N2)C1,,,,,,ZINCpx00000xKmQA
,,O=C(CCCF)N[C@H]1C[C@@H](OCC(=O)N2CCCC[C@@H]2C2CCC2)C1,,,,,,ZINCpv00000xKmQD
,,C#CCSCC(=O)N[C@](C)(CC#C)C(=O)NC[C@@H]1CC[C@H](O)C1,,,,,,ZINCnb00000UkTP0
,,CC[C@H](NC(=O)[C@@H]1CCCN1NC(=O)OC(C)(C)C)[C@@H]1CCCCO1,,,,,,ZINCpt00000j01HN
,,CCCN1CC[C@@H](NC(=O)c2c[nH]nc2CNC(=O)CC2CSC2)C1,,,,,,ZINCpf000015KYPi
,,O=C(CCCF)N[C@H]1CN(C(=O)c2ccnc(S)c2)CC12CCCC2,,,,,,ZINCpw00000xKmQS
,,O=C(NCCCCCF)[C@@H]1CC12CC(NC(=O)C1(CO)COC1)C2,,,,,,ZINCob00000HUBta
,,CCCCC/C=C/CC(=O)N1CC[C@H](C(=O)NC[C@@H](C)OC)[C@H](O)C1,,,,,,ZINCpo00000SFZaU
,,Cc1cc(C(=O)N2CCN(C(=O)CCC#N)[C@H](C)C2)cc(Cl)c1Br,,,,,,ZINCoD00000kf2lg
,,C=C1CC(C(=O)N2CCN(C(=O)C[C@@H]3C[C@H]3CC)C[C@@H]2C2CC2)C1,,,,,,ZINCoy00000kf2ln
,,CC[C@@H](NC(=O)[C@H]1C[C@@](C)(NC(=O)C2CC3(CC(C)C3)C2)C1)[C@@H](C)O,,,,,,ZINCpt00000j01HX
,,O=C(NCCCCCF)[C@H]1CCN(C(=O)C2CCOCC2)C[C@H]1O,,,,,,ZINCoe00000HUBtf
,,CC[C@H](NC(=O)[C@H]1CCCN(C(=O)C2(C)CCC2)C1)c1nccn1C,,,,,,ZINCpu00000j01I0
,,O=C(CCCF)N[C@@H]1CCO[C@H](C(=O)NCCCC2CCCCC2)C1,,,,,,ZINCpy00000xKmQI
,,CCN(CCSC)C(=O)/C=C/CN(C)C(=O)[C@@H]1CCC[C@@H](C)C1,,,,,,ZINCnA00000lluNt
,,C=CCCCC(C)(C)C(=O)N1CC([C@@H](OC)C(=O)NC[C@H](F)CO)C1,,,,,,ZINCpi00000SFZbj
,,CO[C@@H]1Cc2ccc(NC(=O)CCc3c(C)ncnc3O)cc2C1,,,,,,ZINCon000001lrSj
,,COC[C@H]1CC[C@@H]1C(=O)N(CCNC(=O)c1cc(Cl)ccn1)C1CC1,,,,,,ZINCpr00000mdZi1
,,Cn1nc(Cl)cc1CN(CC1CCCC1)C(=O)[C@]1(O)C[C@H]2CC[C@H]1C2,,,,,,ZINCpB00000O87z9
,,CCN(CCSC)C(=O)C(C)(C)NC(=O)[C@@H]1CCC(C)=C(C)C1,,,,,,ZINCnC00000lluNw
,,Cc1cc(C(=O)N2CCN(C(=O)CCC#N)[C@H]3CCC[C@H]32)oc1Br,,,,,,ZINCoy00000kf2lf
,,Cc1cc(C(=O)N2CCN(C(=O)C[C@H](C)N(C)C)C[C@@H]2C)sc1Br,,,,,,ZINCoy00000kf2lo
,,C=CCCC(=O)N(CC)CCCNC(=O)c1cn(C)nc1C(C)C,,,,,,ZINCou00000dR3kr
,,O=C(N[C@H]1C[C@H]1C(=O)Nc1ccc(Br)nc1)c1cc(Br)ccc1I,,,,,,ZINCoJ00000cpQMR
,,Cc1nn(C)nc1C(=O)NC[C@@H](C)CNC(=O)[C@H]1CC1(F)F,,,,,,ZINCm800000SxMRM
,,CC(C)(CNC(=O)CCCCC#N)C(=O)N[C@H]1CCCCC1(C)C,,,,,,ZINCoC00000nLkPm
,,C[C@H]1CN(C(=O)/C=C/CNC(=O)C[C@@H]2CCCNC2=O)C[C@H]1N=[N+]=[N-],,,,,,ZINCpd000015LCw9
,,Cc1nn(C)nc1C(=O)N(C)CCNC(=O)c1coc(Cl)n1,,,,,,ZINCm800000SxMRH
,,CN(C(=O)NC[C@@H]1CC[C@@H]2[C@@H](C1)C2(F)F)[C@H]1CC1(C)C,,,,,,ZINCkB000001QKwI
,,C#C[C@](C)(NC(=O)CC(C)(C)CNC(=O)[C@H](C)CCC)C1CCC1,,,,,,ZINCoC00000nLkPf
,,O=C(N[C@@H]1C[C@@H]1C(=O)Nc1ccc(Br)nc1)c1cc(I)ccc1Cl,,,,,,ZINCoI00000cpQMS
,,CCn1nnnc1[C@@](C)(COC(C)=O)N[C@H]1CCSC2(CCC2)C1,,,,,,ZINCoo00000tbXYt
,,CC[C@H](F)C(=O)N[C@@H]1CN(C(=O)COCCOCCO)C[C@H]1C,,,,,,ZINCn500000DaAU9
,,C#CCCCC(=O)N1CCC(N(C)C(=O)[C@H]2C[C@]2(C)C(F)F)CC1,,,,,,ZINCov00000dR3rE
,,CC=C(F)C(=O)N[C@@H]1C[C@@H]2C[C@H]1N(C(=O)Cn1ccc(C)n1)C2,,,,,,ZINCnh00000DaBDL
,,C=CC1(CO)CCN(C(=O)C(C)(C)[C@H](C)NC(=O)[C@@H](C)OCC)CC1,,,,,,ZINCpn00001BL23p
,,Cc1cc(CCCN(CCCC2CCC2)Cc2ncc(C)n2C)on1,,,,,,ZINCpK00000FEFEe
,,CC(C)S(=O)(=O)[C@H]1CCN(c2cc(-c3ccncc3)nc(Cl)n2)C1,,,,,,ZINCov00000dR3k8
,,CC1(C)CSCCN1C(=O)[C@]12OCCC[C@H]1C2(F)F,,,,,,ZINCjr00000bHqxW
,,CCC1CN(C(=O)CCC2CC2)CCN1C(=O)CCC(C)CN(C)C,,,,,,ZINCpw00000jzVFM
,,C[C@H](N=[N+]=[N-])C(=O)NC[C@@H](O)CCNC(=O)C[C@@H]1C[C@H]2CC[C@@H]1C2,,,,,,ZINCok00000K85ey
,,CN(C(=O)[C@@]1(c2ccccc2)CCCO1)[C@H]1C[C@H]2CC[C@@H]1O2,,,,,,ZINCmu00000nFdBC
,,CC1(C)C[C@]1(C)NC(=O)c1cnc(CNC(=O)[C@@H]2C=CCCC2)nc1,,,,,,ZINCpt00000iUv1H
,,CC[C@H](C)CCN(C[C@@H](C)[C@@H]1CCOC1)C(=O)Cc1ncc[nH]1,,,,,,ZINCny00000EWawN
,,CCCOCC(=O)N[C@H]1CC[C@H]1NC(=O)c1cn(C)nc1OC,,,,,,ZINCn800000DaBJZ
,,C/C=C(\C)C(=O)N[C@H]1C[C@]12CCN(C(=O)c1ccc(C3CC3)nn1)C2,,,,,,ZINCpq00000ma0yD
,,C=CCC(=O)N[C@H]1CN(C(=O)[C@H](CC)n2cncn2)C[C@H]1CC,,,,,,ZINCnh00000DaBPj
,,COC1(CNC(=NCCSC)N2CC[C@@H](c3nncs3)C2)CCC1,,,,,,ZINCos000008qOep
,,C[C@H]1CN(C(=O)/C=C/CNC(=O)CCOC2COC2)[C@H](C)C(C)(C)O1,,,,,,ZINCpe000015LCwd
,,C=CC1(CO)CCN(C(=O)c2sccc2CNC(=O)[C@@H](O)CC)CC1,,,,,,ZINCpl00001BL23i
,,CN(C(=O)C1(C2CCCC2)CCNCC1)[C@@H]1CCC[C@@H](O)C1,,,,,,ZINCmt00000nFdBy
,,CCn1ccc(C(=O)NC2(CC(=O)N[C@]3(C)C[C@@H](O)C3)CCC2)n1,,,,,,ZINCof000011PLkl
,,CCc1nc(C#N)cc(=N[C@@H]2CCC[C@H](NC(=O)[C@H]3C[C@]3(C)Br)C2)[nH]1,,,,,,ZINCpz000002hUj8
,,CCn1nnnc1[C@](CCOC)(Nc1cnn(CCF)c1)C(C)C,,,,,,ZINCoo00000tbXYy
,,O=C(N1CCC2(CCSCC2)C1)N1CCCc2c(Cl)ccnc21,,,,,,ZINCnI000002Yr7e
,,CCn1ccc(C(=O)N[C@]2(C(=O)N3CC([C@@H](C)O)C3)CC2(C)C)n1,,,,,,ZINCoc000011PLkw
,,CC1(C)CSCCN1C(=O)C12CCC(F)(CC1)C2,,,,,,ZINCiA00000bHqxV
,,CCCN(CCNC(=O)[C@H](C)SC)c1nnco1,,,,,,ZINCih000009bl8q
,,C[C@H]1CN(C(=O)C#CCNC(=O)[C@@H]2[C@H]3CCCCC[C@H]32)CC(=O)N1C,,,,,,ZINCpc000015LCww
,,C[C@H](N=[N+]=[N-])C(=O)NC[C@@H](C)[C@H](F)C(=O)NC1(CCO)CCCC1,,,,,,ZINCol00000K85ej
,,CCc1nc(C#N)cc(=NCCN(C)C(=O)[C@@]2(C)CCC[C@H]2CC)[nH]1,,,,,,ZINCpz000002hU4y
,,C[C@H]1CN(C(=O)C#CCNC(=O)C(F)(F)C(C)(C)O)[C@H](C)C(C)(C)O1,,,,,,ZINCpf000015LCwg
,,CC1(C)C[C@@]1(C)NC(=O)[C@]1(CNC(=O)c2ccc(F)cc2)CCCO1,,,,,,ZINCpu00000iUv1K
,,CCCC(=O)NC[C@H](C)Nc1ncc(Cl)c(O)n1,,,,,,ZINCih000009bkFS
,,C#CCCN(C)CC(=O)N[C@H](C)CCNC(=O)[C@H](C)NC(N)=O,,,,,,ZINCn500000DaC2u
,,CCC1CCCN(CC(=O)N(C)CCN(C)C(=O)C2=C(Cl)CCC2)C1,,,,,,ZINCpx00000jA5NJ
,,C=CC1(CO)CCN(C(=O)[C@]2(C)C[C@H](NC(=O)C3CC(F)C3)C2)CC1,,,,,,ZINCpo00001BL237
,,COC1(CNC(=NCCF)NC[C@H](CO)C2CCCCC2)CCC1,,,,,,ZINCos000008qOaW
,,C=CC1(CO)CCN([C@H](c2nnnn2CC(F)F)C2(C)CSC2)CC1,,,,,,ZINCpp00001BL22U
,,C=C[C@H](C)CCN(C[C@@H](CC(C)C)OC)C(=O)CC1OCCO1,,,,,,ZINCny00000EWawI
,,CCCC(=O)N[C@@H](C)CN(C)C(=O)C#CC1CC1,,,,,,ZINCih000009bkGV
,,C[C@H]1CN(C(=O)C(C)(C)NC(=O)CCc2csnn2)CC[C@@H]1N(C)C,,,,,,ZINCph000015LCvX
,,Cc1nnc(=NCC2=CCN(C(=O)CC(C)(F)F)C2)[nH]c1C,,,,,,ZINCmn00000SxMS3
,,C[C@@H]1CN(C(=O)C#CCNC(=O)[C@@H]2C[C@H](O)[C@@H](F)C2)CC(C)(C)CO1,,,,,,ZINCpa000015LCwr
,,COCC(=O)N[C@@]12CCC[C@@H](CN(C(=O)C3=CCCOC3)C1)C2,,,,,,ZINCne00000DaCuO
,,O=C(N1CCCCO1)N(Cc1ccc(Cl)cc1)c1ccccn1,,,,,,ZINCnI000002Yrcg
,,CN(C(=O)[C@]1(c2ccc(F)cc2)C[C@H](O)C1)C1CC2(C1)N=N2,,,,,,ZINCmq00000nFdBG
,,C=CCCC(=O)N1CCN(C(=O)/C=C(\C)COC)C(CC(F)(F)F)C1,,,,,,ZINCpv00000jA24Y
,,CC=CCC(=O)N[C@@H]1C[C@]12CCN(C(=O)C1CCC(CCO)CC1)C2,,,,,,ZINCps00000ma0yL
,,CN(C)C(=O)C#CC(=O)N(C)CCCNC(=O)[C@H]1CCC[C@@H](O)C1,,,,,,ZINCo500000omfK1
,,C[C@H](N=[N+]=[N-])C(=O)NC[C@H](Nc1ncc2c(ncn2C)n1)C1CC1,,,,,,ZINCoj00000K85es
,,Cc1nn(C)nc1C(=O)N[C@H]1CCC[C@@H]1NC(=O)C(C)(F)F,,,,,,ZINCmb00000SxMRP
,,C/C(=C\CNC(=O)C(C)(C)CF)C(=O)N1CC(C2CCCCC2)C1,,,,,,ZINCoA00000nLkPA
,,Cc1nnc(N(C)CC2(CNC(=O)[C@H](O)C(F)(F)F)CC2)o1,,,,,,ZINCmc00000SxMSd
,,CCC(=CC(=O)N1CCN(C(=O)CN2CC(C)(C)C2)C(CC)C1)CC,,,,,,ZINCpv00000jA4rh
,,CCc1coc(CN(CCOCC(F)F)C(=O)Cn2cc[nH]c2=N)n1,,,,,,ZINCpj00001BL22L
,,CC1(C)C[C@@]1(C)NC(=O)c1coc(CNC(=O)[C@@H]2CCC[C@H](O)C2)c1,,,,,,ZINCpt00000iUv1T
,,CCC(=O)NC[C@H]1[C@H](C)CCN1c1nnc(C)o1,,,,,,ZINCih000009bk8g
,,COC1(CNC(=NCCN2C[C@H]3C[C@H]3C2)NC(C)C)CCCCC1,,,,,,ZINCos000008qOdN
,,Cc1nc(C)n(O)c1C(=O)N[C@@H](C)[C@@H]1CCCN1C(=O)[C@H](C)O,,,,,,ZINCn800000DaB7w
,,C=C[C@@H](C)CCN(C[C@@H](C)CC1CC1)C(=O)CCc1nn[nH]n1,,,,,,ZINCnw00000EWaww
,,O=C(N1CCCCCCC1)N1CCC[C@H]1CCc1ccccn1,,,,,,ZINCnI000002Yrbq
,,CCC[C@H](C)c1nc(-c2cc(C)c3[nH]nnc3c2)n(C)n1,,,,,,ZINClz000006XnIv
,,O=C(N[C@@H]1C[C@@H]1C(=O)Nc1ccc(C2CC2)cc1)c1csc(Cl)n1,,,,,,ZINCoE00000cpQMT
,,CCc1nc(C#N)cc(=N[C@@H](C)CCNC(=O)C[C@]2(C)C[C@@]2(F)Cl)[nH]1,,,,,,ZINCpz000002hUgY
,,CCc1nc(=N[C@H](C)CCNC(=O)[C@@H](C(C)C)N2CCCCC2)s[nH]1,,,,,,ZINCpz000002hTrQ
,,Cc1nnc(N(C)CC2(CNC(=O)[C@@H]3CC=CCO3)CC2)o1,,,,,,ZINCmg00000SxMSc
,,CN(C(=O)[C@@]1(c2ccccc2Br)C[C@H]1CO)C1CC2(C1)N=N2,,,,,,ZINCmu00000nFdBA
,,Cc1oc(C)c(C(=O)NCCNC(=O)[C@H]2CCCNC2=O)c1Br,,,,,,ZINCng00000DaC6P
,,CN(C)C(=O)C#CC(=O)N(C)C[C@H](O)CNC(=O)[C@H]1CCC1(C)C,,,,,,ZINCo500000omfYf
,,C=C[C@@H](C)CCN(C[C@H](CC(C)C)OC)C(=O)c1nnsc1N,,,,,,ZINCny00000EWawG
,,CCn1nnnc1[C@@](C)(COCCOC)N[C@@H]1CCC2(CCC2)C1,,,,,,ZINCoo00000tbXYp
,,COC1(CNC(=NCCOC2CCC2)NCC(F)F)CCSCC1,,,,,,ZINCos000008qOe0
,,C[C@H]1CN(C(=O)CCCNC(=O)[C@@H]2CSCC(=O)N2)C12CCOCC2,,,,,,ZINCp7000015LCwA
,,C#CCOc1ccc(CNCC2(CCO)CCCC2)cc1Br,,,,,,ZINCmE00000bhytC
,,CCn1nnnc1[C@](C)(COC(C)=O)NCc1cnc(C(F)F)s1,,,,,,ZINCom00000tbXYr
,,CCCCC(O)C(=O)N(C)[C@H]1CN(C(=O)C2CC(C)(C)C2)CC[C@H]1C,,,,,,ZINCpw00000jzZ0c
,,C[C@@H](N=[N+]=[N-])C(=O)NC[C@@H](NC(=O)[C@@H]1CC[C@H]2C[C@@H]1CO2)C1CC1,,,,,,ZINCol00000K85eu
,,CCCCCC(=O)N(C)[C@@H](C)CNC(=O)C(C)=O,,,,,,ZINCih000009bkQf
,,CN(C)C(=O)C#CC(=O)N(C)CCNC(=O)c1ocnc1C1CC1,,,,,,ZINCo500000omfTu
,,Cc1nnc(=NC[C@]2(CNC(=O)[C@H](C)O)CC2(F)F)[nH]c1C,,,,,,ZINCma00000SxMS5
,,C=C[C@H](C)CCN(C[C@H](C)CCC)C(=O)c1cc(O)nc(O)n1,,,,,,ZINCnr00000EWawE
,,CN(C(=O)NC[C@@]1(C)CC1(C)C)c1ccccc1C#N,,,,,,ZINCkB000001QKxx
,,COC1(CNC(=NCCF)NCc2ccc3c(c2)COC3)CCC1,,,,,,ZINCos000008qObM
,,C#C[C@@](C)(NC(=O)CC(C)(C)CNC(=O)[C@H](C)CCCC)C1CC1,,,,,,ZINCoC00000nLkPg
,,CC1(C)C[C@@]1(Br)C(=O)N1CC[C@@H]1CNC(=O)c1cnncc1O,,,,,,ZINCng00000DaC4G
,,CCc1nc(=N[C@H]2CN(C(=O)c3ccc(C)c(OC)c3)C[C@@H]2C)s[nH]1,,,,,,ZINCpz000002hTQ5
,,CC[C@]1(CO)CCN(C(=O)/C(C)=C/CNC(=O)[C@H]2C[C@H]3CC[C@@H]2O3)C1,,,,,,ZINCpi00001BL23r
,,C[C@H]1CN(C(=O)C(C)(C)NC(=O)[C@@H]2C[C@@H](F)C(=O)N2)[C@H](C)C(C)(C)O1,,,,,,ZINCpb000015LCwq
,,CC[C@@]1(CO)CCN([C@H](c2c(Cl)ncn2C)c2nnnn2C2CC2)C1,,,,,,ZINCpl00001BL22R
,,CCn1ccc(C(=O)NC2CN(S(=O)(=O)[C@H]3CC3(C)C)C2)cc1=O,,,,,,ZINCoa000011PLkt
,,CCCCCC(C)CC(=O)N1C[C@@H](C)[C@](C)(CNC(=O)C=NOC)C1,,,,,,ZINCpy00000jzTjU
,,CC[C@@]1(CO)CCN(C(=O)[C@]23CC[C@H](C[C@@H]2NC(=O)[C@@H]2C[C@@H]2F)C3)C1,,,,,,ZINCpm00001BL234
,,CN(CCNC(=O)[C@H]1Cc2c(Cl)cccc21)C(=O)CCCN=[N+]=[N-],,,,,,ZINCow00000dR3cq
,,Cc1nn(C)nc1C(=O)N[C@@H]1CC[C@H]1NC(=O)[C@H](C)N=[N+]=[N-],,,,,,ZINCm700000SxMRR
,,C=CC1(CO)CCN([C@@H](CCOCC)c2nnnn2CC(F)F)CC1,,,,,,ZINCpm00001BL230
,,CC[C@@]1(CO)CCN(C(=O)[C@@]2(CNC(=O)[C@H]3C[C@H]3C)CC23CCC3)C1,,,,,,ZINCpp00001BL23b
,,CCc1nc(=N[C@H]2CN(C(=O)[C@@H](C)CCCOC)CC23CCC3)s[nH]1,,,,,,ZINCpz000002hTP7
,,C[C@@H](N=[N+]=[N-])C(=O)NC[C@H](NS(=O)(=O)CCO)c1ccc(Cl)cc1,,,,,,ZINCoh00000K85ex
,,CCn1ccc(C(=O)NC2CC(NC(=O)[C@@H](C)CC#N)C2)cc1=O,,,,,,ZINCod000011PLkj
,,CCn1cc(CC(=O)NC2CCC(N=c3[nH]nc(C)o3)CC2)nn1,,,,,,ZINCog000011PLkg
,,C[C@@H]1CN(C(=O)C#CCNC(=O)[C@@](C)(F)c2ccon2)CC(=O)N1C,,,,,,ZINCp5000015LCw7
,,C[C@@H]1CN(C(=O)C#CCNC(=O)[C@@H]2CCc3c[nH]nc32)C[C@@H]1N(C)C,,,,,,ZINCp5000015LCwj
,,C[C@@H]1CN(C(=O)/C=C/CNC(=O)CCc2nncs2)C[C@@H](C2CC2)O1,,,,,,ZINCph000015LCvZ
,,CCn1nnnc1[C@](C)(COC)Nc1ccc2c(c1)CN(C)CC2,,,,,,ZINCom00000tbXYv
,,CCc1nc(C#N)cc(=NC[C@H]2C[C@H](C)N(C(=O)CCC(C)C)C2)[nH]1,,,,,,ZINCpz000002hUfH
,,CC[C@]1(CO)CCN(C(=O)C[C@H]2CCN(C(=O)[C@H]3C=C(C)CS3)C2)C1,,,,,,ZINCpp00001BL23D
,,CC(C)(CNC(=O)C(C)(C)CF)CC(=O)N[C@H]1CC[C@H](C2CC2)C1,,,,,,ZINCoC00000nLkPr
,,CCC(=O)N[C@@H]1CN(C(=O)c2nccs2)C[C@@H]1C,,,,,,ZINCih000009bkcs
,,C[C@H]1CN(C(=O)/C=C/CNC(=O)CNc2ncccn2)C[C@H]1N=[N+]=[N-],,,,,,ZINCpd000015LCwL
,,CN(C)C(=O)C#CC(=O)N(C)CCN(C)C(=O)[C@H]1CC(C)(C)CO1,,,,,,ZINCo500000omfM9
,,C[C@H](N=[N+]=[N-])C(=O)NC[C@@H](NC(=O)[C@@H](O)C1=CCCCC1)C1CC1,,,,,,ZINCol00000K85ev
,,CCn1nnnc1[C@@](C)(COC(C)=O)N[C@@H]1CC[C@H]2C[C@@H]1C2(C)C,,,,,,ZINCoo00000tbXYs
,,Cc1nn(C)nc1C(=O)N[C@H]1C[C@@H](NC(=O)CSC(F)F)C1,,,,,,ZINCma00000SxMRV
,,C=CC1(CO)CCN(C(=O)C2(CC)CN(C(=O)c3cnsc3)C2)CC1,,,,,,ZINCpn00001BL238
,,C[C@H](N=[N+]=[N-])C(=O)NC[C@@H](C(=O)N1CC[C@H]2[C@@H]1C[C@H]2O)C(C)(C)C,,,,,,ZINCok00000K85eq
,,C[C@@H]1CN(C(=O)C#CCNC(=O)C[C@H]2COC[C@@H](C)O2)CC[C@H]1CO,,,,,,ZINCp5000015LCwb
,,CN(C(=O)c1ns[nH]c1=O)[C@@H]1CN(C(=O)Cc2ccns2)C[C@H]1O,,,,,,ZINCo500000omfi8
,,CC(C)C[C@@H](C(N)=O)C(=O)N[C@H]1C[C@@H]1NC(=O)c1cccn1C,,,,,,ZINCn700000DaANR
,,CCCOCC(=O)N(C)[C@@H](C)CNC(=O)CCC,,,,,,ZINCih000009blfE
,,C[C@@H](CNC(=O)C(C)(C)[C@@H]1CCCCO1)N(C)C(=O)CC(C)(C)F,,,,,,ZINCow00000dR3eI
,,CC1(C)C[C@]1(C)NC(=O)C1(CNC(=O)c2cccc3[nH]ncc23)CC1,,,,,,ZINCpt00000iUv1J
,,C=CC1(CO)CCN(C(=O)CC[C@H](NC(=O)COCC)C(C)C)CC1,,,,,,ZINCpn00001BL23s
,,C[C@@H]1CN(C(=O)C(C)(C)NC(=O)[C@H]2CN3CCN2CC3)CC[C@@H]1CO,,,,,,ZINCp5000015LCwx
,,CC[C@@H](C)CCN(C[C@H](CC)C(C)C)C(=O)Cn1[nH]cnc1=N,,,,,,ZINCny00000EWawC
,,C[C@@H]1CN(C(=O)C(C)(C)NC(=O)CCOCC2CCC2)CC(=O)N1C,,,,,,ZINCpd000015LCwe
,,COC1(CNC(=NCC[C@@H]2CCN(C)C2)N[C@H](C)C2CC2)CCC1,,,,,,ZINCos000008qOgx
,,Cc1nnc(N(C)C[C@@]2(C)CCN(C(=O)CCN(C)C)C2)o1,,,,,,ZINCmg00000SxMS8
,,Cc1nnc(N(C)C[C@]2(C)CCN(C(=O)c3cc[nH]n3)C2)o1,,,,,,ZINCmg00000SxMS6
,,CCc1coc(CN(CCOCC(F)F)C(=O)CC2CS(=O)(=O)C2)n1,,,,,,ZINCpi00001BL22J
,,C=C[C@H](C)CCN(C[C@@H](CC)C(C)C)C(=O)Cn1nnnc1C,,,,,,ZINCnx00000EWawD
,,C[C@H]1CN(C(=O)CCCNC(=O)[C@H]2CN(C)CCN2C)[C@@H](C)CCO1,,,,,,ZINCp7000015LCwy
,,C[C@@H]1CN(C(=O)C(C)(C)NC(=O)C[C@@H]2CCCC(=O)C2)C[C@H]1C(N)=O,,,,,,ZINCpc000015LCw8
,,C[C@H]1CC[C@@H]1C(=O)NCCN(C(=O)c1[nH][nH]c(=N)c1Br)C1CC1,,,,,,ZINCnl00000DaClm
,,CCCOc1cccc(NCc2c(C)nn3c2OCCC3)c1,,,,,,ZINCmD00000bhytB
,,C[C@@H]1CN(C(=O)C#CCNC(=O)CCc2nc(O)n[nH]2)C[C@@H]1N(C)C,,,,,,ZINCp4000015LCvY
,,CN(C)C(=O)C#CC(=O)N(C)C1CCN(C(=O)C2(C#N)CC2)CC1,,,,,,ZINCo500000omfAF
,,C[C@H]1CN(C(=O)/C=C/CNC(=O)[C@H]2CCN(C)C2=O)Cc2nncn21,,,,,,ZINCp5000015LCws
,,C=C(C)CCC(=O)N[C@@H](CO)CNC(=O)C(F)(F)[C@@H](O)C(C)C,,,,,,ZINCnb00000DaCxq
,,Cc1nn(C)nc1C(=O)NCCN=c1ccn2nccc2[nH]1,,,,,,ZINCm600000SxMRN
,,CN(C)C(=O)C#CC(=O)N(C)CCNC(=O)C=CSc1nc[nH]n1,,,,,,ZINCo500000omfNJ
,,C[C@H]1CN(C(=O)/C=C/CNC(=O)CCC(CF)CF)C2(CC2)C(=O)N1,,,,,,ZINCpe000015LCw1
,,CN(C(=O)[C@]1(c2ccccc2)CCOC1)[C@@H]1CCCC[C@@H]1N,,,,,,ZINCmq00000nFdBE
,,C#CCOc1ccc(CNCc2ccnc(OC)c2Br)cc1,,,,,,ZINCmB00000bhytz
,,O=C(N[C@@]1(CO)C[C@@H](O)C12CCC2)N1CCN[C@H](C(F)(F)F)C1,,,,,,ZINCn700000DaBm2
,,CCn1nnnc1[C@](C)(COC)NC1(c2ccc(OC)cc2)CC1,,,,,,ZINCoo00000tbXYu
,,COC1(CNC(=NCCF)NC[C@H]2CSCCO2)CCC(C)CC1,,,,,,ZINCos000008qObl
,,CCC1(CO)CCN(C(=O)C[C@@H]2C[C@H](C)N(C(=O)[C@@H]3C[C@H]3F)C2)CC1,,,,,,ZINCpp00001BL23x
,,CN(C(=O)[C@@]1(c2ccccc2)CCCO1)[C@@H]1CCCC[C@@H]1N,,,,,,ZINCmu00000nFdBB
,,C[C@H](N=[N+]=[N-])C(=O)NC[C@@H](NC(=O)c1cnn2c1CCC2)C1CC1,,,,,,ZINCoh00000K85et
,,C=CC1(CO)CCN(C(=O)C[C@H]2CCC[C@H]2NC(=O)C=CCF)CC1,,,,,,ZINCpp00001BL23u
,,CCN(C[C@H](C)NC(=O)COC(C)(C)CC)C(=O)c1csnc1C,,,,,,ZINCow00000dR3fg
,,CC(=O)OCC(=O)N1CC(CNC(=O)CN2CC[C@](C)(O)C2)C1,,,,,,ZINCn400000DaCxf
,,CCCOc1ccc(CNCc2ccn(C(C)(C)C)c2)cn1,,,,,,ZINCmH00000bhytv
,,C[C@H]1CN(C(=O)/C=C/CNC(=O)CCOCC(C)(C)C)CC(=O)N1C,,,,,,ZINCpe000015LCwf
,,CCCCC(O)C(=O)N1CCC[C@H](N(C)C(=O)CC2CC(C)(C)C2)C1,,,,,,ZINCpy00000jzKyC
,,Cc1nnc(NC2CC(NC(=O)[C@H](F)C(C)(F)F)C2)nc1C,,,,,,ZINCml00000SxMS1
,,CC1CN(C(=O)C2(C#N)CC=CC2)CCCN1C(=O)C1CCCCC1,,,,,,ZINCpy00000jzQns
,,CCCC(=O)N1CC[C@@H]1CNC(=O)C1=CCSC1,,,,,,ZINCih000009bkAW
,,C=C[C@@H](C)CCN(C[C@@H](C)CC(C)C)C(=O)[C@@H]1CN(C)C(=O)N1,,,,,,ZINCnx00000EWawA
,,CN(C(=O)c1sccc1F)[C@@H]1CN(C(=O)[C@H]2C[C@H]2C(N)=O)C[C@H]1O,,,,,,ZINCo500000omfrB
,,CC[C@]1(CO)CCN([C@@H](C[C@@H]2CCCO2)c2nnnn2C2(C)CC2)C1,,,,,,ZINCpo00001BL22Z
,,C=C(C)CC(=O)N[C@H]1C[C@@]12CCN(C(=O)C1CCC(CCO)CC1)C2,,,,,,ZINCps00000ma0yK
,,C/C(=C\CNC(=O)CCC(CF)CF)C(=O)NC1CCC=CCC1,,,,,,ZINCoz00000nLkPv
,,CC[C@@]1(CO)CCN(C(=O)C[C@H]2C[C@@H](NC(=O)COCC(C)C)C2)C1,,,,,,ZINCpl00001BL23A
,,Cc1nnc(N(C)CC2(CNC(=O)C3COCOC3)CC2)o1,,,,,,ZINCm900000SxMSa
,,C/C(=C\CNC(=O)C(C)(C)CF)C(=O)NCC1[C@H]2CCCCC[C@H]12,,,,,,ZINCoz00000nLkPB
,,CCC1(C(=O)N2CC(NC(=O)[C@@H](C)CF)C2)CC1,,,,,,ZINCih000009bkph
,,C/C(=C\CNC(=O)CCCCCN=[N+]=[N-])C(=O)N1[C@@H](C)CC[C@H]1C,,,,,,ZINCoD00000nLkPq
,,C=CCOc1cccc(NCc2ccn([C@H]3CC3(F)F)n2)c1,,,,,,ZINCmG00000bhytx
,,CCn1nccc1C(=O)N1C[C@H](NC(=O)C2(SC)CC2)[C@H]2C[C@@H]21,,,,,,ZINCnh00000DaC4Z
,,C=C[C@H](C)CCN(C[C@@H](CCC)OC)C(=O)[C@H]1COCCN1C,,,,,,ZINCnr00000EWawL
,,CC[C@]1(CO)CCN(C(=O)C[C@H]2CCN(C(=O)CC[C@@H](C)OC)C2)C1,,,,,,ZINCpm00001BL23C
,,C[C@H]1C[C@@H](C(=O)N2CCCN(C(=O)C3(C)CCCC3)CCC2)CO1,,,,,,ZINCou00000dR3nE
,,CCCC[C@@H](N)CC(=O)NC[C@@H]1C[C@H]2CC[C@H]1N2,,,,,,ZINCih000009bkZb
,,C[C@H]1COC[C@H](C)N1Cc1cn(CC(=O)N2CCCCC2)nn1,,,,,,ZINCnf00000DaCnu
,,C=C(C)CC(=O)N[C@H]1C[C@@]12CCN(C(=O)c1cc(C(C)C)nn1C)C2,,,,,,ZINCps00000ma0yI
,,COC[C@@]1(C(=O)NC2CN(C(=O)C3(CF)COC3)C2)CC1(F)F,,,,,,ZINCn500000DaAFU
,,Cc1nn(C)nc1C(=O)N(CCN=[N+]=[N-])Cc1ccn(C)c1,,,,,,ZINCmk00000SxMRO
,,CC[C@@]1(CO)CCN([C@@H](c2occc2C)c2nnnn2CCC#N)C1,,,,,,ZINCpm00001BL22V
,,C#CCCN(C(=O)CC(C)(C)CNC(=O)[C@@H](C)CC)C1CCCC1,,,,,,ZINCoD00000nLkPe
,,CN(C(=O)NC[C@@H]1C[C@H]2C=C[C@H]1CC2)C1CCSCC1,,,,,,ZINCkB000001QKx2
,,CC[C@@]1(CO)CCN([C@@H](c2ncc(C)o2)c2nnnn2CCSC)C1,,,,,,ZINCpl00001BL22T
,,CCC=CC(=O)N[C@H]1C[C@]12CCN(C(=O)c1cc(CC(C)C)[nH]n1)C2,,,,,,ZINCps00000ma0yG
,,CCC[C@H](C)c1nc([C@H](F)C(C)C)n(-c2cnnn2C)n1,,,,,,ZINClz000006XnMp
,,CC1(C)C[C@]1(C)NC(=O)C1(CNC(=O)c2cnc3cc[nH]c3c2)CC1,,,,,,ZINCpt00000iUv1M
,,CCCC[C@@H](C)C(=O)N1CCN(C(=O)C2CC23CCOCC3)C[C@H]1C,,,,,,ZINCpw00000jzI3x
,,CC[C@@]1(CO)CCN(C(=O)CCCCNC(=O)[C@H]2CCCC[C@H]2O)C1,,,,,,ZINCpk00001BL23q
,,C[C@@H]1CN(C(=O)C(C)(C)NC(=O)Cn2ncn(C)c2=O)CC(=O)N1C,,,,,,ZINCp4000015LCwJ
,,O=C1CCCc2ccc(N3C(=O)N[C@@H](C[C@H]4CC4(F)F)C3=O)cc21,,,,,,ZINCow00000dR3nP
,,CCCC[C@@H](CNC(=O)CC)NC(=O)[C@@H](F)OC,,,,,,ZINCih000009bkYK
,,CN(C)C(=O)C#CC(=O)N(C)[C@@H]1CCCN(C(=O)[C@@H](O)C(F)F)C1,,,,,,ZINCo500000omg0x
,,C[C@H]1CN(C(=O)C(C)(C)NC(=O)C[C@H]2NC(=O)NC2=O)C[C@@H](C)N1C,,,,,,ZINCp5000015LCwc
,,CCC(F)(F)C(=O)N1CC(Nc2ccncn2)C1,,,,,,ZINCih000009bknv
,,CCC1(CO)CCN(C(=O)[C@](C)(CC)CNC(=O)[C@@H](C)N(C)C)CC1,,,,,,ZINCpk00001BL23m
,,C#CCOc1cccc(NCc2ccnc(P(C)(C)=O)c2)c1,,,,,,ZINCmz00000bhytA
,,COC[C@H](C)C(=O)N(C)CCCCCNC(=O)/C=C/C(C)(C)SC,,,,,,ZINCox00000dR3jq
,,CCC(=O)N[C@]1(C)CCN(C(=O)CCCC#N)C1,,,,,,ZINCih000009bkiH
,,C[C@H](N=[N+]=[N-])C(=O)NC[C@@H](C)CNC(=O)c1cn2c(n1)CCCC2,,,,,,ZINCok00000K85el
,,CN(C(=O)c1ns[nH]c1=O)[C@H]1CCCN(C(=O)[C@H]2C[C@H]2C(N)=O)C1,,,,,,ZINCo500000omfk5
,,CN(C)C(=O)C#CC(=O)N(C)CC(C)(C)CNC(=O)CC[S@@](C)=O,,,,,,ZINCo500000omfCM
,,CC(C)=CC(=O)N[C@H]1C[C@]12CCN(C(=O)c1ccc3[nH]ccc3n1)C2,,,,,,ZINCps00000ma0yC
,,CCn1cc(CC(=O)NC2(CC(=O)N[C@H]3C[C@H](O)C3)CCC2)cn1,,,,,,ZINCob000011PLkm
,,CCC(CC)C(=O)N1C[C@H]2CN(C(=O)C(O)CC(C)(C)C)C[C@@]2(C)C1,,,,,,ZINCpv00000jzJOs
,,C[C@H]1CN(C(=O)/C=C/CNC(=O)[C@@H]2CCCCNC2=O)CC(C)(C)O1,,,,,,ZINCpc000015LCwm
,,C=C[C@H](C)CCN(C[C@H](CCC)OC)C(=O)[C@@H](O)[C@H](O)C(C)C,,,,,,ZINCns00000EWawM
,,C[C@@H]1CN(C(=O)CCCNC(=O)[C@@]2(O)CCOC2(C)C)C[C@@H]1N(C)C,,,,,,ZINCp8000015LCvO
,,CCCCCC(O)CC(=O)N(C)C1CCN(C(=O)CC(F)(F)F)CC1,,,,,,ZINCpx00000jzKDO
,,CN(C(=O)C1(c2ccccc2C#N)CCC1)[C@H]1CC[C@H]1CO,,,,,,ZINCms00000nFdBF
,,C=CC1(CO)CCN(C(=O)C(C)(C)[C@@H](C)NC(=O)[C@H](C)OCC)CC1,,,,,,ZINCpn00001BL23o
,,Cc1nn(C)nc1C(=O)N[C@H](C)CNc1cnc(C#N)cn1,,,,,,ZINCm600000SxMRZ
,,COC1(CNC(=NCCc2nnc(C)s2)N[C@@H]2C[C@@H]2C)CCCC1,,,,,,ZINCos000008qOja
,,Cc1nn(C)nc1C(=O)NC[C@H](C)CN(C)C(=O)[C@@H]1C[C@H]1F,,,,,,ZINCm900000SxMRL
,,CC[C@H](C)CCN(C[C@H](C)C1CCC1)C(=O)[C@H]1CN(C)C(=O)N1,,,,,,ZINCnx00000EWawr
,,CCC1(CO)CCN(C(=O)C2(C)CC(NC(=O)[C@@H]3CCOC3)C2)CC1,,,,,,ZINCpj00001BL239
,,C[C@@H](N=[N+]=[N-])C(=O)NC[C@H](CO)CNC(=O)C[C@H]1C[C@H]2C=C[C@@H]1C2,,,,,,ZINCoh00000K85ep
,,C[C@@H]1CN(C(=O)C#CCNC(=O)C=Cc2cccnc2)C[C@@H](C)C1O,,,,,,ZINCpc000015LCvS
,,CC[C@]1(CO)CCN(C(=O)C[C@@H]2C[C@H](F)CN2C(=O)CC(C)(F)F)C1,,,,,,ZINCpp00001BL23y
,,C=CC(CCC)CC(=O)N1[C@H]2CC[C@@H]1CN(C(=O)CCCN(C)C)C2,,,,,,ZINCpv00000jzPe0
,,CCCOc1cc(OC)ccc1C(=O)N(CC(N)=O)CC(=O)O,,,,,,ZINCna00000DaACn
,,CCCC(=O)NC1(C)CN(C(=O)C#CC(C)C)C1,,,,,,ZINCih000009bkBY
,,C=C[C@H](C)CCN(C[C@@H](CC)C(C)C)C(=O)[C@H]1C[C@H](O)CN1C,,,,,,ZINCnx00000EWawz
,,CCn1nnnc1[C@@](C)(COC)Nc1cccc(C(=O)OC)c1C,,,,,,ZINCon00000tbXYx
,,Cc1nn(C)nc1C(=O)N[C@H]1CC[C@H]1NC(=O)C1[C@H](C)[C@H]1C,,,,,,ZINCma00000SxMRQ
,,CC(C)CC(=O)N[C@H]1C[C@@]12CCN(C(=O)c1ccc(CN(C)C)o1)C2,,,,,,ZINCpr00000ma0yM
,,CC(C)Oc1ccc(CN(C)C2CCN(C(C)C)CC2)cn1,,,,,,ZINCmB00000bhytw
,,CCn1ccc(C(=O)NC2CN(S(=O)(=O)c3cnccc3C)C2)n1,,,,,,ZINCoa000011PLkq
,,CCC1(CO)CCN(C(=O)C[C@H]2CCCN(C(=O)C3CSC3)C2)CC1,,,,,,ZINCpp00001BL23v
,,CN(C)C(=O)C#CC(=O)N(C)CCCNC(=O)C[C@H]1CCCOC1,,,,,,ZINCo500000omfIK
,,CC(C)(CNC(=O)CCC(CF)CF)NC(=O)C[C@]12CCC[C@@H]1C2,,,,,,ZINCoz00000nLkPx
,,CCn1cc(CC(=O)NC2CN(c3nnc(C(F)(F)F)s3)C2)nn1,,,,,,ZINCod000011PLkp
,,C[C@H](N=[N+]=[N-])C(=O)NC[C@H](C)N1CCN(c2cncc(Cl)n2)CC1,,,,,,ZINCok00000K85en
,,CN(C(=O)c1ns[nH]c1=O)[C@@H]1CC[C@H](NC(=O)Cn2cncn2)C1,,,,,,ZINCo500000omfhi
,,CC1(C)CSCCN1C(=O)[C@@]12OCCC[C@@H]1C2(F)F,,,,,,ZINCjr00000bHqxX
,,C=CC1(CO)CCN(C(=O)C2(NC(=O)[C@H](C)[C@@H](C)COC)CC2)CC1,,,,,,ZINCpj00001BL23f
,,C[C@@H]1CN(C(=O)/C=C/CNC(=O)[C@H]2CCCC[C@@H]2O)CC[C@@H]1N(C)C,,,,,,ZINCpg000015LCwk
,,CC[C@@]1(CO)CCN(C(=O)CC2CC(NC(=O)CN(C)C(C)C)C2)C1,,,,,,ZINCpi00001BL23k
,,C=CC1(CO)CCN([C@H](C[C@H]2CCCO2)c2nnnn2C2CC2)CC1,,,,,,ZINCpo00001BL22Y
,,COCCCCC(=O)N[C@H](CNC(=O)[C@H](C)C1CCCC1)C1CC1,,,,,,ZINCow00000dR3sU
,,C[C@@H]1CN(C(=O)C#CCNC(=O)CCC(CF)CF)Cc2nncn21,,,,,,ZINCpc000015LCw2
,,CC[C@@]1(CO)CCN(C(=O)C[C@H]2CCN(C(=O)c3cc(Cl)no3)C2)C1,,,,,,ZINCpo00001BL23B
,,CCCCOCC(=O)N(C)CCCN(C)C(C)=O,,,,,,ZINCih000009bkWi
,,CCn1ccc(C(=O)NC2(C(=O)N3CCCCO3)CC(O)C2)c1C,,,,,,ZINCof000011PLku
,,CCn1nnnc1[C@](C)(COC)Nc1ccc2c(c1)CN=[S@@]2(C)=O,,,,,,ZINCom00000tbXYw
,,C[C@@H]1CN(C(=O)C#CCNC(=O)CNc2cccnc2)CC(C)(C)O1,,,,,,ZINCpc000015LCwK
,,C[C@H]1CN(C(=O)C#CCNC(=O)[C@H]2CCNC(=O)C2)C2(CC2)C(=O)N1,,,,,,ZINCp4000015LCwt
,,Cc1nnc(N(C)CC2(CNC(=O)c3cnc(O)o3)CC2)o1,,,,,,ZINCm900000SxMS9
,,CCOCC(=O)NCCC(C)(C)NC(=O)CCCCC(=O)NC,,,,,,ZINCnd00000DaB3B
,,C=C[C@@H](C)CCN(C[C@@H](CC(C)C)OC)C(=O)CNC(=O)NC,,,,,,ZINCnq00000EWawK
,,CN(C)C(=O)C#CC(=O)N(C)CCNC(=O)[C@@]1(C(F)F)CCCO1,,,,,,ZINCo500000omfQq
,,CC1(C)C[C@]1(C)NC(=O)C1(CNC(=O)C2CCOCC2)CC2(CC2)C1,,,,,,ZINCpt00000iUv1L
,,Cc1nn(C)nc1C(=O)N[C@H]1CCN(C(=O)C2(F)CCC2)C1,,,,,,ZINCm900000SxMRX
,,CCn1cc(CC(=O)Nc2cnc3n2CC[C@H](C(=O)OC)C3)nn1,,,,,,ZINCoa000011PLko
,,CCc1nc(C#N)cc(=NC[C@@H](C)N(C)C(=O)C2=C[C@@](C)(CC)C2)[nH]1,,,,,,ZINCpz000002hU8f
,,CC[C@@H](C)CCCC(=O)NCCNC(=O)C(=O)NCCC(N)=O,,,,,,ZINCn500000DaCIm
,,Cc1cc(C)nc(C(=O)N[C@H]2C=CCN(C(=O)[C@@H]3C[C@@H]3Br)C2)c1,,,,,,ZINCnp00000DaCFp
,,C=CC1(CO)CCN(C(=O)[C@](C)(CC)CNC(=O)[C@H](O)CCC)CC1,,,,,,ZINCpk00001BL23n
,,C[C@H]1CN(C(=O)C#CCNC(=O)CCC2(C#N)CCC2)C[C@@H](CO)O1,,,,,,ZINCp7000015LCvT
,,CCCN1CC[C@H](CNC(=O)CCCN(C)C)C1,,,,,,ZINCih000009blc8
,,CCCC(=O)N1CC(CNC(=O)c2ccns2)C1,,,,,,ZINCih000009bkzG
,,CN(C(=O)c1sncc1Br)[C@H]1CCN(C(=O)Cn2nnc(=N)[nH]2)C1,,,,,,ZINCo500000omfvc
,,CCc1nc(=N[C@H](CNC(=O)c2conc2C)c2ccccc2)s[nH]1,,,,,,ZINCpz000002hTEr
,,CN(C(=O)c1scnc1C1CC1)C1CN(C(=O)CNS(N)(=O)=O)C1,,,,,,ZINCo500000omfs4
,,COC1(CNC(=NCCF)NC[C@@H]2CCS[C@@H](C)C2)CCOCC1,,,,,,ZINCos000008qOar
,,CCOCC(=O)NCC(C)(C)NC(=O)COCC1CCOCC1,,,,,,ZINCna00000DaBDy
,,C[C@@H]1CN(C(=O)CCCNC(=O)CN2CCC[C@H]2C)C2(CC2)C(=O)N1,,,,,,ZINCp8000015LCwD
,,CC1(C(=O)N2CCCCC[C@@H]2CCO)CCNCC1,,,,,,ZINCjl00000BlOfv
,,C[C@H]1CN(C(=O)C#CCNC(=O)CC2COCCOC2)C[C@H]1N=[N+]=[N-],,,,,,ZINCp9000015LCvP
,,C[C@H]1CN(C(=O)/C=C/CNC(=O)Cn2c(O)nnc2O)C[C@@]1(C)CO,,,,,,ZINCp4000015LCwI
,,CC1(C)C[C@@]1(C)NC(=O)C1(CNC(=O)c2ccc3n[nH]cc3c2)CC1,,,,,,ZINCpt00000iUv1I
,,CCc1coc(CN(CCOCC(F)F)C(=O)[C@H]2COC[C@@H](C)O2)n1,,,,,,ZINCpm00001BL22K
,,C=C(Br)CC(=O)N1CCC[C@H]2[C@@H]1CCN2C(=O)C1(C2CCCO2)CC1,,,,,,ZINCpy00000jzJaZ
,,C[C@H]1CN(C(=O)C(C)(C)NC(=O)C[C@H]2CCC(=O)N2)CCN1CCO,,,,,,ZINCp5000015LCwa
,,CN(C(=O)NC[C@@H]1CC[C@H]2C[C@@H]2C1)C1(C(F)(F)F)CC1,,,,,,ZINCkB000001QKwP
,,C/C=C(\C)C(=O)N[C@H]1C[C@]12CCN(C(=O)c1cccc3[nH]ncc13)C2,,,,,,ZINCps00000ma0yE
,,CCC=CC(=O)N[C@H]1C[C@]12CCN(C(=O)c1cc(CCC)n(C)n1)C2,,,,,,ZINCpq00000ma0yH
,,C/C(=C\CNC(=O)CCCCC#N)C(=O)NC1(C)CC2(CCC2)C1,,,,,,ZINCoz00000nLkPj
,,CN(C)C(=O)C#CC(=O)N(C)CCNC(=O)C[C@@H]1C[C@@H](O)C1(C)C,,,,,,ZINCo500000omfP6
,,CCC(=O)c1cccc(NCc2cc(O)cc(C(=O)O)c2)c1,,,,,,ZINCmC00000bhytE
,,CC(C)(CNC(=O)CCC(CF)CF)C(=O)Nc1ccc(Cl)nc1,,,,,,ZINCoB00000nLkPw
,,Cc1nn(C)nc1C(=O)N[C@H]1CC[C@@H](NS(=O)(=O)C(C)C)C1,,,,,,ZINCm700000SxMRS
,,C[C@H]1CN(C(=O)CCCNC(=O)[C@@H]2CCCCN2C)Cc2nncn21,,,,,,ZINCpb000015LCwl
,,C[C@H]1CN(C(=O)/C=C/CNC(=O)[C@@H]2C[C@H]3CC(=O)[C@H]2O3)C[C@H]1N=[N+]=[N-],,,,,,ZINCpb000015LCwp
,,C#CCCCC(=O)N(CCN(C)C(=O)C1CCC(C)(C)CO1)C(C)C,,,,,,ZINCpw00000jzVYD
,,C[C@@H]1CN(C(=O)/C=C/CNC(=O)[C@H](CO)C(F)(F)F)C12CCOCC2,,,,,,ZINCpe000015LCwC
,,CC[C@]1(CO)CCN(C(=O)CCCN(C)C(=O)C[C@H]2C[C@H](OC)C2)C1,,,,,,ZINCpm00001BL23t
,,Cc1nc(Br)oc1C(=O)N1C[C@@H]2C[C@H]1[C@@H]2NC(=O)c1sccc1F,,,,,,ZINCov00000dR3dp
,,CCC=CC(=O)N[C@H]1C[C@]12CCN(C(=O)c1cc(C(C)C)nn1C)C2,,,,,,ZINCps00000ma0yJ
,,O=C(N1CCCC1)N1CCC[C@H](NCc2cc(Cl)ccc2Br)C1,,,,,,ZINCnI000002Yr8q
,,CCc1nc(=N[C@H](C)[C@H]2CCN(C(=O)[C@@H](C)c3cccnc3)C2)s[nH]1,,,,,,ZINCpz000002hTzd
,,CCc1nc(C#N)cc(=NCCCN(C)C(=O)[C@H]2CCC(C)(C)C2)[nH]1,,,,,,ZINCpz000002hU2k
,,Cn1ncc(Br)c1CN1CCOC[C@H]1c1nc(C(F)(F)F)n[nH]1,,,,,,ZINCno00000DaCUp
,,C=C[C@H](C)CCN(C[C@H](C)[C@@H]1CCOC1)C(=O)[C@@](C)(O)COC,,,,,,ZINCnq00000EWawP
,,C[C@@H]1CN(C(=O)C#CCNC(=O)CCCC(F)(F)F)CCN1CCO,,,,,,ZINCp9000015LCw3
,,C[C@H]1CN(C(=O)CCCNC(=O)CN2CCC(O)CC2)CC(=O)N1C,,,,,,ZINCp5000015LCwG
,,C[C@]1(NC(=O)C=Cc2ccc[nH]2)CCN(C(=O)c2csnc2Br)C1,,,,,,ZINCow00000dR3rK
,,CCCN1CC=C(CNC(=O)c2cc[nH]n2)CC1,,,,,,ZINCih000009blaf
,,CN(C(C)(C)C#N)S(=O)(=O)CCCCS(=O)(=O)N1CC[C@H](O)CO1,,,,,,ZINCo500000omfvp
,,CC[C@@]1(CO)CCN(C(=O)c2n[nH]c3c2CN(C(=O)C[C@@H](C)F)C3)C1,,,,,,ZINCpi00001BL23h
,,CN(C(=O)C1(c2ccccc2)CCNCC1)C1CC2(C1)N=N2,,,,,,ZINCmq00000nFdBD
,,Cc1nnc(N(C)CCCCN(C)C(=O)[C@]23CSC[C@@H]2C3)o1,,,,,,ZINCmo00000SxMSe
,,CCC1(C(=O)NC2CCN(CCCO)CC2)CC1,,,,,,ZINCih000009bkpB
,,CN(C(=O)c1ns[nH]c1=O)C1CN(C(=O)CCc2nncn2C)C1,,,,,,ZINCo500000omfdm
,,C#CCCC(=O)N[C@H]1C[C@]12CCN(C(=O)c1cc(C)cc(C)c1N)C2,,,,,,ZINCpq00000ma0yF
,,C[C@H](N=[N+]=[N-])C(=O)NC[C@@H](NS(=O)(=O)c1ccc(C#N)s1)C1CC1,,,,,,ZINCok00000K85ew
,,C=C[C@@H](C)CCN(C[C@H](C)CC1CC1)C(=O)C[C@@H]1COC[C@H]1O,,,,,,ZINCny00000EWawx
,,CN(C(=O)c1ns[nH]c1=O)[C@H]1CCN(C(=O)[C@@H]2CSCC(=O)N2)C1,,,,,,ZINCo500000omfls
,,C/C(=C\CNC(=O)CC(C)(C)C#N)C(=O)NCC1CCCCCC1,,,,,,ZINCoA00000nLkPk
,,CC1(C)C[C@@]1(C)NC(=O)c1c[nH]nc1CNC(=O)c1ccccc1F,,,,,,ZINCpt00000iUv1P
,,Cc1nn(C)nc1C(=O)N[C@H](C)CCNC(=O)[C@H]1CC1(Cl)Cl,,,,,,ZINCmf00000SxMRY
,,CCc1nc(C#N)cc(=NC[C@H](C)CNC(=O)[C@@H]2CCC[C@H]2CC)[nH]1,,,,,,ZINCpz000002hUc8
,,CCc1coc(CN(CCOCCCF)C(=O)[C@@H](CCOC)OC)n1,,,,,,ZINCpp00001BL22I
,,CCc1coc(CN(CCOCCSC)C(=O)[C@H]2COC(=O)N2C)n1,,,,,,ZINCpj00001BL22N
,,CO[C@@H](C)C(=O)N[C@H](CO)CCCCNC(=O)CC1(OC)CC1,,,,,,ZINCn900000DaC8T
,,Cc1nn(C)nc1C(=O)N(CCCOCC1CC1)CC1CC1,,,,,,ZINCmn00000SxMRI
,,CC1(C)C[C@]1(C)NC(=O)c1cncc(CNC(=O)[C@]23CSC[C@@H]2C3)c1,,,,,,ZINCpt00000iUv1E
,,O=C(CO[C@H]1CCOC1)N1CC(n2cc(-c3ccns3)nn2)C1,,,,,,ZINCnb00000DaB0K
,,CCCN(C)C[C@H](C)NC(=O)c1cc(C)nn1C,,,,,,ZINCih000009bl52
,,O=C(N[C@@H]1CCCC[C@H]1NC(=O)[C@@]1(Br)CC1(F)F)[C@@H]1C[C@@H]2C[C@@H]2C1,,,,,,ZINCox00000dR3qD
,,C=C[C@H](C)CCN(C[C@@H](CC(C)C)OC)C(=O)CN(C)C(N)=O,,,,,,ZINCnq00000EWawJ
,,C=C[C@H](C)CCN(C[C@@H](C)[C@H]1CCOC1)C(=O)C#CC(C)(C)O,,,,,,ZINCnu00000EWawO
,,CC(C)(CNC(=O)CCC(CF)CF)NC(=O)Cc1ccsc1Cl,,,,,,ZINCoC00000nLkPy
,,CCN1CC(CC(=O)NC2CC(NS(=O)(=O)[C@@H]3CC[C@@H](C)C3)C2)C1,,,,,,ZINCog000011PLkk
,,C/C(=C\CNC(=O)CC(C)(C)C#N)C(=O)N[C@@H]1[C@@H](C)CCC[C@H]1C,,,,,,ZINCoz00000nLkPo
,,CC1(C)CSCCN1C(=O)[C@@]12CCCC[C@@H]1C2,,,,,,ZINChz00000bHqxT
,,CN(C)C(=O)C#CC(=O)N(C)C1CN(C(=O)C[C@@H](O)C(Cl)(Cl)Cl)C1,,,,,,ZINCo500000omfBA
,,C[C@H]1CN(C(=O)C#CCNC(=O)C=CC(=O)N(C)C)C[C@@H](C(N)=O)O1,,,,,,ZINCp3000015LCw6
,,C=CC1(CO)CCN(C(=O)C2(F)CCN(C(=O)C3(C)CC3)CC2)CC1,,,,,,ZINCpp00001BL23c
,,CCn1ccc(C(=O)NC2CN(S(=O)(=O)CC3(C)CC(C)C3)C2)n1,,,,,,ZINCog000011PLkr
,,CC[C@]1(CO)CCN(C(=O)C[C@H]2CCCN(C(=O)[C@@H](O)C(C)C)C2)C1,,,,,,ZINCpi00001BL23w
,,O=C(N1CCCCCCCCC1)C1(O)CC(c2ccccc2)C1,,,,,,ZINCnI000002YrbM
,,Cc1nnc(NC2C[C@@H]3C(NC(=O)[C@H]4C[C@H]4F)[C@H]3C2)nc1C,,,,,,ZINCmh00000SxMS0
,,CCc1nc(C#N)cc(=NCCC[C@@H](C)NC(=O)C(C)(C)CSC)[nH]1,,,,,,ZINCpz000002hU3b
,,CC[C@@]1(CO)CCN([C@H](C(=O)NCCCF)c2c(C)c(I)nn2C)C1,,,,,,ZINCpp00001BL233
,,C[C@@H]1CN(C(=O)C(C)(C)NC(=O)CCc2ccccn2)C[C@H]1C(N)=O,,,,,,ZINCpa000015LCvR
,,CCn1ccc(C(=O)NC2(C(=O)N3CC[C@H]4C[C@@H]43)CC(O)C2)c1C,,,,,,ZINCog000011PLkv
,,C[C@H](N=[N+]=[N-])C(=O)N(C)[C@@H](C)CNC(=O)[C@H]1CCn2cncc2C1,,,,,,ZINCoh00000K85em
,,CCN(CCNC(=O)CC1(OC)CC1)C(=O)CCSC1CCCC1,,,,,,ZINCov00000dR3fC
,,CC1(C)C[C@]1(C)NC(=O)c1cnc(CNC(=O)C[C@@H]2C=CCC2)nc1,,,,,,ZINCpt00000iUv1G
,,CCC1(C(=O)NC[C@@H]2CCCN2C[C@@H](C)O)CC1,,,,,,ZINCih000009bkq8
,,Cc1nn(C)nc1C(=O)N(C[C@H]1C[C@@H]1C)C[C@H]1[C@@H]2COC[C@@H]21,,,,,,ZINCmh00000SxMRJ
,,CCc1nc(=N[C@H](CCNC(=O)Cc2ccc(C)nc2)C(C)C)s[nH]1,,,,,,ZINCpz000002hTBE
,,CCc1nc(C#N)cc(=N[C@H](CC)CNC(=O)C[C@@]2(C)C[C@]2(F)Cl)[nH]1,,,,,,ZINCpz000002hUm4
,,CCc1nc(=N[C@H]2CCN(C(=O)C(F)(F)c3cscn3)C[C@H]2C)s[nH]1,,,,,,ZINCpz000002hTJL
,,CN1CC[C@H](C(=O)NCCC2CN(C(=O)c3cscn3)C2)C1=O,,,,,,ZINCn800000DaB2s
,,COC1(CNC(=NCCSC)N2CC[C@H](c3nncs3)C2)CCC1,,,,,,ZINCos000008qOev
,,O=C(N1CCCCc2ccc(Br)cc21)N1CC[C@H]2COCC[C@H]21,,,,,,ZINCnI000002Yreg
,,CCC1(S(=O)(=O)NC(=O)c2coc(C#N)c2)CC1,,,,,,ZINCih000009bktE
,,C[C@@]1(NC(=O)c2cncc(N)n2)CCN(C(=O)CC(F)(F)F)C1,,,,,,ZINCnd00000DaBx3
,,CCCC(C(=O)N(C)CCN(C(=O)C1CC(C)(F)C1)C(C)C)N(C)C,,,,,,ZINCpv00000jA11d
,,CC[C@@H](C)CCN(C[C@@H](C)C1CCCCC1)C(=O)CS(N)(=O)=O,,,,,,ZINCnx00000EWawt
,,Cc1nnc(N(C)CC2(CNC(=O)CCOC(C)C)CC2)o1,,,,,,ZINCml00000SxMSb
,,CCc1nc(=N[C@H](C)CCNC(=O)[C@@](C)(OC)c2ccccc2)s[nH]1,,,,,,ZINCpz000002hTs4
,,C[C@H]1CN(C(=O)CCCNC(=O)CN2CCNC(=O)C2)CC[C@H]1CO,,,,,,ZINCp4000015LCwH
,,C=CC=CCC(=O)N1CCN(C(=O)C2CCOCC2(C)C)CCC1C,,,,,,ZINCpw00000jzYUs
,,CC(C)(CNC(=O)CCC(CF)CF)CC(=O)NC1CC(C)(C)C1,,,,,,ZINCoB00000nLkPs
,,C[C@H]1CN(C(=O)C(C)(C)NC(=O)CN2CCCNC2=O)[C@@H](C)CCO1,,,,,,ZINCp9000015LCwF
,,CCC[C@H](CC(C)C)C(=O)N[C@H]1CCCN(C(=O)CC)C1,,,,,,ZINClz000006XnNT
,,O=C(N1CCC2(CCC2)C1)[C@]1(Cc2cccc(Br)c2)CCOC1,,,,,,ZINCnI000002Yr5y
,,CCSCCC(=O)N1CC[C@@H](O)[C@H](NC(=O)c2ncsc2C)C1,,,,,,ZINCni00000DaBxN
,,C[C@H]1CN(C(=O)CCCNC(=O)C=C[C@H]2CCCN2C)C[C@@H](C)N1C,,,,,,ZINCpg000015LCw4
,,O=C(NC[C@@H]1CN(C(=O)CC2(O)CC2)CCO1)C1CC2(CC2)C1,,,,,,ZINCna00000DaBUo
,,CC[C@@]1(CO)CCN([C@@H](c2ccc3nc[nH]c3c2)c2nnnn2C)C1,,,,,,ZINCpi00001BL22Q
,,C[C@@H]1CN(C(=O)C(C)(C)NC(=O)C#CC2CCCC2)C[C@@H](C(N)=O)O1,,,,,,ZINCp7000015LCvQ
,,CC1(C)C[C@]1(C)NC(=O)c1cn(CCNC(=O)CC2=CCCC2)cn1,,,,,,ZINCpu00000iUv1F
,,CC(=O)NCCCCN(C)C(=O)CNC(=O)c1ccc(Br)cc1,,,,,,ZINCnl00000DaAGv
,,C/C(=C\CNC(=O)C(C)(C)CF)C(=O)N1CC2(CCC2)C12CCC2,,,,,,ZINCoz00000nLkPz
,,C#CCCC(=O)N1CC[C@H]2CN(C(=O)c3csc(C)c3CC)C[C@H]21,,,,,,ZINCox00000dR3qg
,,CCCCSCC(=O)N(C)CCN(C)C(=O)C1CCCN(CCC)C1,,,,,,ZINCpv00000jzLKW
,,CC(C)(O)c1cccc(NCc2c(F)cccc2[N+](=O)[O-])n1,,,,,,ZINCmz00000bhytF
,,CCc1nc(C#N)cc(=NC[C@H](C)N(C)C(=O)[C@@H]2CCC[C@H]2CC)[nH]1,,,,,,ZINCpz000002hUdc
,,C=C[C@@H](C)CCN(C[C@@H](C)CCC(C)C)C(=O)[C@@H]1CNC(=O)N1,,,,,,ZINCnx00000EWawy
,,C[C@@H]1CN(C(=O)/C=C/CNC(=O)C=Cc2cocn2)CCN1C1CC1,,,,,,ZINCpg000015LCvW
,,O=C(N1CCC2(CCCN2)CC1)C(F)(F)c1cccc(Cl)c1Cl,,,,,,ZINCnI000002Yr6y
,,COC1(CNC(=NCCc2ccn(C(C)C)n2)NC2CCC2)CC1,,,,,,ZINCos000008qOil
,,CC[C@@H](C)CCN(C[C@@H](CC(C)C)OC)C(=O)C1(O)CC(O)C1,,,,,,ZINCnr00000EWawH
,,C[C@@H]1CN(C(=O)C#CCNC(=O)[C@H]2C3C[C@@H]4C2[C@@H]4C3)CC2(CCC2)O1,,,,,,ZINCph000015LCwh
,,CC[C@]1(CO)CCN(C(=O)CC2CCN(C(=O)[C@H](C)COC)CC2)C1,,,,,,ZINCpl00001BL23j
,,CCc1nc(C#N)cc(=N[C@@H]2CCCC[C@@H]2NC(=O)CC2(C)CC2)[nH]1,,,,,,ZINCpz000002hUi8
,,CN(C(=O)c1ns[nH]c1=O)C1CC(NC(=O)[C@@]2(C)COCCO2)C1,,,,,,ZINCo500000omfc0
,,C/C(=C\CNC(=O)CCCCC#N)C(=O)N[C@@H](C)Cc1cccs1,,,,,,ZINCoz00000nLkPp
,,CCc1coc(CN(CCSC(C)C)Cc2cn(CC(N)=O)nn2)n1,,,,,,ZINCpk00001BL22P
,,CN(C(=O)NC[C@@]1(C(C)(C)C)CCCO1)C1CCCC1,,,,,,ZINCkB000001QKxr
,,COC(=O)N1CC[C@@H](OC(=O)CCc2cnc3n2CCCC3)C1,,,,,,ZINCnl00000DaBiC
,,CCC[C@H](CC(=O)O)NC(=O)c1cccnc1SC(C)C,,,,,,ZINClz000006XnN0
,,CC[C@H](C)CCN(C[C@H](C)CC1CC1)C(=O)c1nc(=O)n(C)[nH]1,,,,,,ZINCny00000EWawv
,,C[C@H]1CN(C(=O)CCCNC(=O)[C@@H]2CC[C@H](O)CN2C)C[C@@H](C)[C@@H]1O,,,,,,ZINCp5000015LCwn
,,C[C@H](CCNC(=O)c1ccc[n+]([O-])c1)NC(=O)[C@H](O)C(F)(F)F,,,,,,ZINCn500000DaC7E
,,Cc1nnc(N(C)C[C@@]2(C)CCN(C(=O)CCCC#N)C2)o1,,,,,,ZINCmn00000SxMS7
,,O=C(NC[C@H]1CCCCNC1)C12CC(c3ccccc3)(CO1)C2,,,,,,ZINCnp00000DaAYi
,,C[C@H]1CN(C(=O)C#CCNC(=O)[C@H]2COCCN2C)C2(CC2)C(=O)N1,,,,,,ZINCp4000015LCwz
,,COC(=O)[C@H]1CC[C@H](S(=O)(=O)NCc2ccc(N(C)C)cn2)C1,,,,,,ZINCnf00000DaAP6
,,C[C@@H]1CN(C(=O)CCCNC(=O)CCc2cn[nH]c2)C[C@@H](C(N)=O)O1,,,,,,ZINCp5000015LCvU
,,CN(C)C(=O)C#CC(=O)N(C)[C@@H]1CCN(C(=O)[C@H](O)C(F)(F)F)C1,,,,,,ZINCo500000omg2g
,,CN(C(=O)[C@]1(c2cccc(Br)c2)CCCO1)[C@H]1CC[C@H]1CO,,,,,,ZINCmw00000nFdBz
,,CS(=O)(=O)c1ccc(N2CCOC[C@H]2Cc2ccccc2)nn1,,,,,,ZINCnj00000DaBPo
,,CC1(C)C[C@@]1(C)NC(=O)C1(CNC(=O)Cn2cccc2)CC2(CC2)C1,,,,,,ZINCpu00000iUv1O
,,C[C@@H]1CN(C(=O)/C=C/CNC(=O)Cn2cccnc2=O)C[C@@]1(C)CO,,,,,,ZINCp5000015LCwE
,,CCn1cc(CC(=O)NC2CN(S(=O)(=O)CCCC(C)C)C2)cn1,,,,,,ZINCog000011PLks
,,Cc1nn(C)nc1C(=O)N[C@H]1C[C@H](Nc2ncncc2F)C1,,,,,,ZINCma00000SxMRU
,,CC[C@@]1(CO)CCN(C(=O)C[C@@H]2C[C@H](F)CN2C(=O)[C@H](F)C(C)C)C1,,,,,,ZINCpp00001BL23z
,,C[C@H](N=[N+]=[N-])C(=O)NC[C@@H](C)[C@H](F)C(=O)NCC[C@H](C)N1CCC1,,,,,,ZINCoj00000K85ek
,,CC1(C)C[C@@]1(C)NC(=O)c1coc(CNC(=O)C2=C[C@H]3C=C[C@H]2C3)n1,,,,,,ZINCpt00000iUv1S
,,C[C@H]1CN(C(=O)C#CCNC(=O)CCCc2cnn[nH]2)C[C@H](C)C1O,,,,,,ZINCp5000015LCw0
,,CCc1coc(CN(CCOC[C@@H]2CCCO2)C(=O)[C@H](O)C2CC2)n1,,,,,,ZINCpl00001BL22M
,,CC1(C)C[C@@]1(C)NC(=O)c1cnn(CCNC(=O)c2csc(Cl)n2)c1,,,,,,ZINCpt00000iUv1R
,,C[C@H]1CN(C(=O)CCCNC(=O)[C@H](C)CC(F)(F)F)CCN1CCO,,,,,,ZINCpf000015LCwB
,,C/C(=C\CNC(=O)CCCCC#N)C(=O)N1CC[C@H]1CC(C)(C)C,,,,,,ZINCoB00000nLkPh
,,Cc1ccnc(C(=O)N2CCN(C)C3(CCN(C)CC3)C2)c1N,,,,,,ZINCne00000EWbZb
,,C=CC1(CO)CCN([C@@H](CCC(C)C)c2nnnn2C2COC2)CC1,,,,,,ZINCpp00001BL22W
,,C=C[C@@H](C)CCN(C[C@@H](C)C1CCOCC1)C(=O)C(=O)N(C)C,,,,,,ZINCnr00000EWawu
,,CCCN(CC(=O)OCC)S(=O)(=O)c1cnsc1,,,,,,ZINCih000009bl6U
,,CCc1coc(CN(CCO[C@@H]2CCCCO2)C(=O)[C@H]2CCN2C)n1,,,,,,ZINCpo00001BL22O
,,C[C@H]1CN(C(=O)C(C)(C)NC(=O)CCCn2cncn2)C[C@H]1N=[N+]=[N-],,,,,,ZINCph000015LCw5
,,CCc1nc(C#N)cc(=NC[C@H](C)N(C)C(=O)[C@H]2CCCC[C@@H]2C)[nH]1,,,,,,ZINCpz000002hUdo
,,COC1(CNC(=NCCF)NC[C@@H]2COC(C)(C)C2)CCSCC1,,,,,,ZINCos000008qOau
,,CC[C@]1(CO)CCN(C(=O)[C@@]2(F)CCN(C(=O)CC(C)(C)C#N)C2)C1,,,,,,ZINCpk00001BL23d
,,C=C[C@H](C)CCN(C[C@H](C)C(C)(C)C)C(=O)Cn1cnc(=N)[nH]1,,,,,,ZINCnv00000EWawB
,,C[C@H]1CN(C(=O)/C=C/CNC(=O)[C@@H]2CC(=O)CCO2)C2(CC2)C(=O)N1,,,,,,ZINCp5000015LCwv
,,CN(C)C(=O)C#CC(=O)N(C)CC1(NC(=O)[C@H]2C[C@@H](C#N)C2)CC1,,,,,,ZINCo500000omfFF
,,CCn1ccc(C(=O)NC2CN(c3cc(C)nc(CO)n3)C2)c1C,,,,,,ZINCog000011PLkn
,,C[C@H](N=[N+]=[N-])C(=O)N(C)[C@@H](C(=O)N1C[C@@H](C)[C@@H](N(C)C)C1)C1CC1,,,,,,ZINCoj00000K85er
,,C/C(=C\CNC(=O)CCC(CF)CF)C(=O)N1CCCCC12CC2,,,,,,ZINCoz00000nLkPu
,,CC[C@]1(CO)CCN([C@H](C(=O)NC(C)C)c2cccc3ncnn23)C1,,,,,,ZINCpj00001BL232
,,CC[C@]1(CO)CCN(C(=O)C2CC(CCNC(=O)[C@H]3CCSC3)C2)C1,,,,,,ZINCpo00001BL236
,,CCCC[C@H](NS(=O)(=O)c1cnsc1)C(=O)OC,,,,,,ZINCih000009bl1d
,,COC1(CNC(=NCCF)NCc2ccc(SC)o2)CCOCC1,,,,,,ZINCos000008qObL
,,CC[C@@]1(CO)CCN([C@@H](c2conc2C)c2nnnn2CC(F)F)C1,,,,,,ZINCpk00001BL22S
,,O=C(C=C1CCC1)N[C@H]1C[C@@H]1NC(=O)/C(F)=C/c1cccc(F)c1,,,,,,ZINCow00000dR3si
,,Cc1nn(C)nc1C(=O)N[C@H]1CCN(c2cnc(F)cn2)C1,,,,,,ZINCm600000SxMRW
,,CC=CCCC(=O)N(CCC)C1CCN(C(=O)CC(C)CN(C)C)C1,,,,,,ZINCpx00000jzR0t
,,Cc1nn(C)nc1C(=O)N[C@H]1C[C@H]1N=c1nc(C(C)C)[nH]s1,,,,,,ZINCmg00000SxMRT
,,CCc1nc(=N[C@H](C)[C@H]2CCN(C(=O)c3cnc(F)c(C)c3)C2)s[nH]1,,,,,,ZINCpz000002hTzz
,,CCCCNC(=O)CN1CCC[C@H]2CC[C@@]21CN,,,,,,ZINCih000009bkVP
,,CC(C)(CNC(=O)CCCCC#N)C(=O)NC[C@H]1CCCC1(C)C,,,,,,ZINCoB00000nLkPl
,,C[C@H](N=[N+]=[N-])C(=O)NC[C@@H](CN=c1nn[nH]n1C)c1ccccc1,,,,,,ZINCoi00000K85eo
,,Cc1cc(CCCN(CCCC2(C)CC2)Cc2ccc(O)nn2)on1,,,,,,ZINCpE00000FEFEd
,,CC(C)(CNC(=O)CCC(CF)CF)CNC(=O)[C@@]1(C)CC1(C)C,,,,,,ZINCoA00000nLkPt
,,O=C(C=CC1CCC1)N[C@H]1C[C@@H]1NC(=O)Cc1cccc(Cl)c1F,,,,,,ZINCox00000dR3nu
,,C[C@@H]1CN(C(=O)C#CCNC(=O)[C@@H]2CCC(=O)NC2)CC[C@H]1N(C)C,,,,,,ZINCp5000015LCwo
,,C[C@H]1CN(C(=O)C#CCNC(=O)[C@@H]2CC(=O)C23CCC3)C[C@@H](C)[C@@H]1O,,,,,,ZINCp9000015LCwu
,,C[C@@H](N=[N+]=[N-])C(=O)NC[C@@H](O)CC(=O)N(C)[C@H](C)c1ccncc1,,,,,,ZINCoh00000K85ez
,,Cc1nnc(=NCC2=CCN(C(=O)C=C3CCC3)C2)[nH]c1C,,,,,,ZINCmn00000SxMS2
,,Cc1nnc(=NCC2(CNC(=O)/C=C/C(F)F)CC2)[nH]c1C,,,,,,ZINCmm00000SxMS4
,,CCc1nc(=N[C@H](C)[C@H]2CN(C(=O)c3sc(F)cc3C)CCO2)s[nH]1,,,,,,ZINCpz000002hTAc
,,CCc1nc(=N[C@H]2CCN(C(=O)c3cc(C(F)F)on3)C[C@H]2C)s[nH]1,,,,,,ZINCpz000002hTLJ
,,CCC1(CO)CCN(C(=O)[C@@]2(NC(=O)[C@H](OC)C3CC3)C[C@H]2C)CC1,,,,,,ZINCpj00001BL23g
,,CC(C)OCCC(=O)N(C)C1CN(C(=O)C2C=CCCC2)CC12CC2,,,,,,ZINCpw00000jzOy6
,,C/C(=C\CNC(=O)C(C)(C)CC#N)C(=O)N[C@H]1CCC[C@@H]1C(C)C,,,,,,ZINCoz00000nLkPn
,,CCC(C)(C)C(=O)N1CCN(c2nnco2)CC1,,,,,,ZINCih000009bkjh
,,CCCN(C)CC(=O)N[C@@H](C)C1CN(CCC)C1,,,,,,ZINCih000009bl39
,,C=CC1(CO)CCN([C@@H](CCCOC)C(=O)NC[C@H]2CCCO2)CC1,,,,,,ZINCpj00001BL22X
,,CCCOc1ccc(CN(C)c2ccnc([N+](=O)[O-])c2)cc1,,,,,,ZINCmE00000bhyty
,,CCN1CCC(C(=O)NC2CC(CNC(=O)C3(C)COC3)C2)CC1,,,,,,ZINCod000011PLkh
,,CCn1cc(CC(=O)N[C@]2(C)CCN(C(=O)[C@H]3C[C@H]3C#N)C2)cn1,,,,,,ZINCod000011PLki
,,CCn1nnnc1[C@@](C)(COCCOC)N[C@H](C1CCC1)C1CC1,,,,,,ZINCon00000tbXYq
,,CN(C(=O)NC[C@@H]1C[C@H]2C[C@H]1[C@@H]1C[C@@H]21)c1ccccc1,,,,,,ZINCkB000001QKx7
,,CCc1nc(C#N)cc(=NCCN(C)C(=O)[C@H]2CCC=CCCC2)[nH]1,,,,,,ZINCpz000002hU4C
,,CC[C@@]1(CO)CCN(C(=O)[C@@]2(C)C=CCN2C(=O)CCP(C)(C)=O)C1,,,,,,ZINCpn00001BL235
,,C[C@@H]1CN(C(=O)/C=C/CNC(=O)CCc2cnn[nH]2)[C@H](C)C(C)(C)O1,,,,,,ZINCpe000015LCvV
,,C[C@@H](CN(C)C(=O)[C@@H]1CCC(=O)N1)NC(=O)[C@@H]1CC2(CC2)CO1,,,,,,ZINCn500000DaCtn
,,CN(C)C(=O)C#CC(=O)N(C)C1CN(C(=O)c2cc(Br)n(C)n2)C1,,,,,,ZINCo500000omfCl
,,Cc1nn(C)nc1C(=O)N(C[C@H]1CO[C@@H](C)C1)CC(F)(F)Cl,,,,,,ZINCmo00000SxMRK
,,CC[C@@]1(CO)CCN(C(=O)c2cc(CNC(=O)[C@@H](O)C(C)C)cs2)C1,,,,,,ZINCpm00001BL23a
,,CC(C)(CNC(=O)CCCCC#N)C(=O)N1CC[C@@H]2CCCC[C@H]21,,,,,,ZINCoA00000nLkPi
,,CCCN(CCO)CCNC(=O)Cc1ccsc1,,,,,,ZINCih000009bl8S
,,C=CCC1(C(=O)N2CCC(CN(C)C(=O)COCCCC)CC2)CC1,,,,,,ZINCpy00000jzPNn
,,CCC1(CO)CCN([C@H](C)C(=O)NS(=O)(=O)CC(C)(C)C(C)C)CC1,,,,,,ZINCpp00001BL231
,,Cc1nnc(N(C)CCCCN(C)C(=O)C2[C@@H]3COC[C@@H]23)o1,,,,,,ZINCmf00000SxMSf
,,CC[C@]1(CO)CCN(C(=O)CC2(CNC(=O)C(C)(C)CC#N)CC2)C1,,,,,,ZINCpo00001BL23l
,,C=C[C@H](C)CCN(C[C@H](C)CCC)C(=O)[C@H](COC)NC(C)=O,,,,,,ZINCnw00000EWawF
,,CCCCN(C)C(=O)C1CCN(S(=O)(=O)F)CC1,,,,,,ZINCih000009bkTA
,,C[C@@H]1CN(C(=O)C#CCNC(=O)[C@H]2C[C@]2(C)C(F)F)C2(CC2)C(=O)N1,,,,,,ZINCp8000015LCwi
,,CCC1(CO)CCN(C(=O)C2(NC(=O)C3[C@@H]4CCC[C@@H]34)CSC2)CC1,,,,,,ZINCpm00001BL23e
,,CCc1nc(C#N)cc(=NC[C@H](NC(=O)c2csc(C)c2)C2CC2)[nH]1,,,,,,ZINCpz000002hUei
,,C[C@H](NC(=O)CN1CCOCC1)[C@@H](C)NC(=O)CCCCCF,,,,,,ZINCne00000DaCf9
,,O=C(N1CCCCc2cc(Br)ccc21)N1CCCc2n[nH]cc21,,,,,,ZINCnI000002YrdU
,,NC(=O)c1cc(Br)ccc1NC(=O)c1c[nH]c(=O)c2ccnn12,,,,,,ZINCnh00000DaBOA
,,C#CC[C@H](C)C(=O)N(C)CC1CCCCN1C(=O)COCCCCC,,,,,,ZINCpw00000jzWLV
,,CCC1(C(=O)N[C@@H]2CCCN(CCO)C2)CCC1,,,,,,ZINCih000009bkqB
,,CN(C(=O)NC[C@H]1Cc2cc(Br)ccc2O1)C(C)(C)C,,,,,,ZINCkB000001QKze
,,CCc1nc(C#N)cc(=NCCN(C)C(=O)[C@H]2CCCC(C)(C)C2)[nH]1,,,,,,ZINCpz000002hU4D
,,CC1(C)C[C@]1(C)NC(=O)c1cnn(CCNC(=O)c2ccoc2Cl)c1,,,,,,ZINCpu00000iUv1Q
,,C=C[C@H](C)CCN(C[C@@H](C)C1CCCC1)C(=O)[C@@H](O)CN(C)C,,,,,,ZINCnx00000EWaws
,,C#CCOc1ccc(CNCc2cc(OC)ccn2)cc1Br,,,,,,ZINCmB00000bhytD
,,CN(C)C(=O)C#CC(=O)N(C)[C@@H]1CCCN(C(=O)C2COC2)CC1,,,,,,ZINCo500000omg0n
,,O=C(N1CCC2(CCSCC2)CC1)C1([C@@H]2CCCO2)CCCC1,,,,,,ZINCnI000002Yr7k
,,CC1(C)CSCCN1C(=O)[C@@]12CCCC[C@H]1C2,,,,,,ZINChz00000bHqxU
,,CCC(=O)N[C@H]1CCN([C@@H](C)c2ncccn2)C1,,,,,,ZINCih000009bkgP
,,CCc1nc(C#N)cc(=NCCN(CC)C(=O)C[C@@H]2C=CCCC2)[nH]1,,,,,,ZINCpz000002hU59
,,CCc1nc(=N[C@H]2CCN(C(=O)Cc3c(C)noc3Cl)C[C@H]2C)s[nH]1,,,,,,ZINCpz000002hTKR
,,CC1(C)C[C@]1(C)NC(=O)[C@@]1(CNC(=O)c2cncc(Cl)c2)CCCO1,,,,,,ZINCpt00000iUv1N
,,CO[C@@H]1C[C@H]2CC[C@]1(C(=O)Nc1ncccc1-c1nn[nH]n1)C2,,,,,,ZINCnk00000RNfr3
,,COCC1(C(=O)N[C@H]2C[C@@H](C)N(Cc3ccccc3)C2)CC(F)(F)C1,,,,,,ZINCpy00000pM0tR
,,Cc1ncc(CC(=O)N(C)[C@@H](C)CC(=O)N[C@@H]2CCCN(C)CC2)s1,,,,,,ZINCpo00001BKHhv
,,CO[C@@H]1C[C@@H]2C[C@H](C1)CN2C(=O)NCCCOc1ncccn1,,,,,,ZINCnk00000RNfrk
,,CC1(C)C[C@]1(C)C(=O)N[C@H]1C[C@](C)(NC(=O)[C@@H]2CC[C@H]3C[C@@H]2CO3)C1,,,,,,ZINCpt00000gsd4p
,,C[C@@]1(C(=O)N2CC[C@@H](C3CC3)C2)CCN(C(=O)C2=CCCCO2)C1,,,,,,ZINCor00000moXrO
,,CC[C@@H](CNC(=O)C1(C)COC1)NC(=O)c1ccc2c(c1)CCC2,,,,,,ZINCoo000007KDmD
,,CCC=C(F)C(=O)N[C@H]1C[C@@](F)(CNc2ncc(C)cc2[N+](=O)[O-])C1,,,,,,ZINCpz0000027Qwa
,,CN(CC1CCC(F)(F)CC1)C(=O)C(=O)N1CCC(F)(F)[C@H]1CO,,,,,,ZINCok00000e7PFo
,,C=CC[C@H](C)NC1(c2nnnn2C2(C)CC2)COC1,,,,,,ZINCjf00000Pvj1m
,,C[C@@]1(C(=O)N2CC[C@@H](CCC(=O)N3CC=CCC3)C2)CCC(=O)C1,,,,,,ZINCor00000moXs3
,,CCS(=O)(=O)N(C)CCCNC(=NC)NCCC(=O)N(C)C,,,,,,ZINCm5000008ogRn
,,CCS(=O)(=O)N(C)CCCNC(=O)N[C@@H](CO)[C@@H]1CCOC1,,,,,,ZINCm5000008ogTm
,,C[C@@H]1CN(C(=O)C23CC(NC(=O)[C@@H]4CCC(=O)C4)(C2)C3)CC[S@]1=O,,,,,,ZINCo900000HJtyR
,,CC1(C(=O)N2CC[C@@H](c3cn([C@@H]4C5C[C@@H]6C4[C@@H]6C5)nn3)C2)CSC1,,,,,,ZINCor00000moXrU
,,C[C@H]1CN(C(=O)C23[C@H]4CC(C[C@H]42)[C@H]3NC(=O)c2nc[nH]n2)CCO1,,,,,,ZINCo500000HJtz2
,,CO[C@@H]1C[C@@H]2C[C@H](C1)CN2C(=O)c1ccc(=O)n(C[C@H](C)O)c1,,,,,,ZINCne00000RNfrg
,,COC[C@]1(C(=O)N[C@@H](C)[C@H]2CCCN2C(=O)CC(C)(F)F)C=CCC1,,,,,,ZINCpv00000pM0u8
,,CC(C)CCO[C@H](C)C(=O)N1C[C@H](C)[C@@H]1C(=O)N(C)CC1(C)CC1,,,,,,ZINCov00000padGk
,,CCC[C@@H](C#N)C(=O)N[C@@H](COC)C(=O)NC[C@H]1COC[C@@H]1N(C)C,,,,,,ZINCp5000015JYTg
,,CCc1noc(C(=O)N[C@@H](C)C[C@H](C)NC(=O)C=C(C)C)c1C,,,,,,ZINCnv000009Vzzs
,,CCS(=O)(=O)N(C)CCNC(=NC)N1C[C@H]2CCN(C)[C@H]2C1,,,,,,ZINCm5000008ogWs
,,CO[C@H]1C[C@H]2C[C@H]1CN(S(=O)(=O)c1c(C)[nH]c(C)c1C(=O)O)C2,,,,,,ZINCnj00000RNfrd
,,C[C@@H](NC(=O)[C@@H]1CCc2nccn21)C(=O)NCCc1ccncc1,,,,,,ZINCoc00000HQWjz
,,CO[C@@H]1C[C@H]2C[C@@H](C(=O)N3CC(c4n[nH]c5c4CCC5)C3)C[C@H]21,,,,,,ZINCno00000RNfrq
,,Cc1nc(C)c(C(=O)NC[C@H](C)CNC(=O)[C@H]2CC[C@H]2C#N)c(C)n1,,,,,,ZINCpk00001BKHhE
,,CO[C@@H]1C[C@H]2C[C@H]1CN(C(=O)COCc1nc(C3CC3)no1)C2,,,,,,ZINCnj00000RNfrb
,,C[C@H](NC(=O)[C@H]1CCc2nccn21)[C@@H](C)C(=O)NCCC(C)(C)O,,,,,,ZINCod00000HQWjm
,,COCC1(C(=O)N[C@@H](C)CCCNC(=O)C23CCC(C2)C3)CC=CC1,,,,,,ZINCpv00000pM0tX
,,C=Cn1cc(CN(Cc2cc(Br)n[nH]2)CC2(CF)CC(F)(F)C2)cn1,,,,,,ZINCpI00000FKK6l
,,C[C@@H](NC(=O)[C@@H]1CCc2nccn21)C(=O)NCC1(C)CCOCC1,,,,,,ZINCoe00000HQWjx
,,CCC[C@H](C#N)C(=O)N[C@H](C(=O)N1CC(=O)N(C)[C@@H](C)C1)[C@@H](C)CC,,,,,,ZINCph000015JYTI
,,CC(C)CCO[C@@H](C)C(=O)N1CCn2c(nnc2CC(C)(C)C)C1,,,,,,ZINCow00000padGm
,,C[C@@H](NC(=O)[C@@H]1CCc2nccn21)C(=O)Nc1cnccc1CO,,,,,,ZINCoa00000HQWjw
,,CC#C[C@H](C)NC1CCN(C[C@@H]2CCCO2)CC1,,,,,,ZINCim00000Pvj23
,,CC(C)C(F)(F)C(=O)OCc1ccc(CO)c2ccccc12,,,,,,ZINCmG00000dwutw
,,CC(C)[C@H](C)NC1(c2nnnn2C2CCC2)CSC1,,,,,,ZINCjp00000Pvj1n
,,CCC=C(F)C(=O)N[C@H](C)C[C@@H](C)NC(=O)[C@H](C)Cc1ccncc1,,,,,,ZINCpz0000027Q35
,,CCC[C@@H](C#N)C(=O)N[C@H](C(=O)N1CC2(CCOCC2)C1)[C@@H](C)OC,,,,,,ZINCpg000015JYTj
,,C[C@]1(C(=O)N2CC[C@@H](Cc3ccc(C(F)F)cc3)C2)C[C@H](O)CN1,,,,,,ZINCor00000moXrX
,,CCC(=CC(=O)N1CCCS(=O)(=O)CC1)c1ccc(C)cc1,,,,,,ZINCmu0000015Zft
,,C[C@@H]1CN(C(=O)C23CC(NC(=O)CCS(N)(=O)=O)(C2)C3)C[C@@H](C)O1,,,,,,ZINCo500000HJtyQ
,,CC(C)[C@H](C#N)C(=O)N[C@@H](C(=O)NCC[C@H](C)N(C)C)C1(O)CCC1,,,,,,ZINCpc000015JYU4
,,C[C@H]1CCN(C(=O)C2=CCOCC2)[C@H](C(=O)N2CCCC(F)(F)C2)C1,,,,,,ZINCps00000CE87Z
,,CCN(C(C)=O)c1ccc(NCc2ccc(C)cc2[N+](=O)[O-])cn1,,,,,,ZINCoC00000Ik5oN
,,O=C(OC[C@H](CO)C(F)(F)F)c1cc(Br)cc2nc[nH]c12,,,,,,ZINClw00000gkmXX
,,CCc1noc(C(=O)N[C@@H](C)C[C@@H](C)NC(=O)C=C(C)C)c1C,,,,,,ZINCnv000009Vzzr
,,CCC[C@@H](C#N)C(=O)N[C@H](C(=O)NCCC(=O)N1CCCC1)C1CC1,,,,,,ZINCpf000015JYUb
,,CO[C@H]1C[C@H]2C[C@H](C(=O)NCC(=O)c3cc(F)ccc3O)C[C@@H]12,,,,,,ZINCno00000RNfry
,,CCOc1ncc(CN(CC[C@H](C)F)C(=O)[C@@]2(C)CCO[C@H]2C)s1,,,,,,ZINCoE00000lz5d2
,,C[C@H]1CN(C(=O)C23CC(NC(=O)CCNC(N)=O)(C2)C3)CC[S@@]1=O,,,,,,ZINCo500000HJtyO
,,Cc1ncc(CC(=O)N(C)[C@@H](C)CC(=O)N(C)C[C@](C)(O)C2CC2)s1,,,,,,ZINCpo00001BKHhs
,,CCC[C@@H](C#N)C(=O)N[C@H](C(=O)NCCCc1nc[nH]n1)C1(C)CC1,,,,,,ZINCpg000015JYTX
,,CCC[C@@H](C#N)C(=O)N[C@@H](C(=O)NCCCC(N)=O)c1cccnc1,,,,,,ZINCpb000015JYTZ
,,C[C@H]1CN(C(=O)C23CC(NC(=O)C#CC(C)(C)O)(C2)C3)CC(=O)N1,,,,,,ZINCo500000HJtyI
,,CCC[C@@H](CNC1CCC(CS(C)(=O)=O)CC1)C(=O)O,,,,,,ZINCkm00000Pvj1C
,,CCOc1ncc(CN(CC[C@H](C)F)Cc2cnc(CC)nc2)s1,,,,,,ZINCoG00000lz5d1
,,CN(CC1(NC(=O)c2cncn2C)CC1)C(=O)C1=C[C@@H]2CCC[C@@H]12,,,,,,ZINCok00000e7P6d
,,CC[C@@H](CNC(=O)C1(Br)CC1)NC(=O)CCNC(=O)c1ccsc1,,,,,,ZINCoo000007KD82
,,CCS(=O)(=O)N(C)CC(=O)N[C@@H]1CCCN(C(C)=O)C[C@@H]1F,,,,,,ZINCm5000008ogEK
,,CCn1cc(CN(Cc2cc(Br)nn2C)C[C@@H]2CCCC23CC3)cn1,,,,,,ZINCpJ00000FKK6j
,,C=CC[C@H](C)NC1CCN(CCC(=O)OCC)CC1,,,,,,ZINCjp00000Pvj22
,,CN(CC1CC(F)(F)C1)C(=O)C(=O)NCc1ccc2cncn2c1,,,,,,ZINCok00000e7PBd
,,CC[C@@H](CNC(=O)C(F)(F)C(F)F)NC(=O)c1ccn(C(F)F)n1,,,,,,ZINCoo000007KCWq
,,CC[C@@H](CNC(=O)C1(C(C)(F)F)CC1)NC(=O)C=Cc1cn[nH]c1,,,,,,ZINCoo000007KD9b
,,CCC(=CC(=O)N1[C@H](C)CCS1(=O)=O)c1ccc(OC)cc1,,,,,,ZINCmu0000015ZgF
,,CC[C@@H](CNC(=O)C(F)(F)CC)Nc1ncc([N+](=O)[O-])cc1CO,,,,,,ZINCoo000007KD02
,,CCC[C@H](C#N)C(=O)N[C@H](C(=O)N1C[C@@H]2CN(C)C[C@@H]2C1)C(C)(C)O,,,,,,ZINCp8000015JYTA
,,Cc1nc(C)c(C(=O)N(C)[C@@H](C)CNC(=O)[C@@H](F)C[C@@H]2CCOC2)o1,,,,,,ZINCpm00001BKHhG
,,CCn1cc(CN(Cc2cc(Br)co2)Cc2cnc(COC)s2)cn1,,,,,,ZINCpK00000FKK6c
,,COCC1(C(=O)N[C@H]2[C@@H]3C[C@H]2N(C(=O)C=C(C)C(C)(C)C)C3)CCC1,,,,,,ZINCpv00000pM0tT
,,C=CCC(C)NS(=O)(=O)C1=CC(C(C)=O)=CC=C1OC,,,,,,ZINCkr000007dWBN
,,C[C@H]1CCN(C(=O)C2=CCOCC2)[C@H](C(=O)N(C)C2CC(F)(F)C2)C1,,,,,,ZINCps00000CE880
,,CC1(C)C[C@@]1(C)C(=O)N[C@@H]1CCCN(C(=O)[C@H]2C[C@@H]3CC[C@H](C2)O3)C1,,,,,,ZINCpu00000gsd4q
,,CC[C@@H](CNC(=O)C1(C(C)C)CC1)NC(=O)c1cnn2c1CCC2,,,,,,ZINCoo000007KDac
,,C#CC[C@@H](CNc1cc(CS(N)(=O)=O)ccn1)C1CC1,,,,,,ZINCkj00000Pvj1R
,,COCCCN(C)CCNCC1=C(Br)C=C(F)C(C)=C1,,,,,,ZINCkz000007dWzY
,,C=CC[C@H](C)N=c1cc(C)nc(N[C@@H]2CNC(=O)C2)[nH]1,,,,,,ZINCkk00000Pvj1L
,,COCC1(C(=O)N[C@H](C)[C@H]2CCCN2C(=O)[C@H]2C[C@@H]2C)CCCCC1,,,,,,ZINCpx00000pM0ua
,,Cc1ncc(CC(=O)N(C)[C@@H](C)CC(=O)NCC2=CCCN(C)C2)s1,,,,,,ZINCpm00001BKHho
,,CCc1noc(C)c1C(=O)N[C@H]1CCN(C(=O)/C(Cl)=C/Cl)[C@H]1C,,,,,,ZINCnv000009VzED
,,CC1=CC=CC(C)=C1C(=O)NC1=CC=CC(C(=O)O)=C1,,,,,,ZINCkC000007dWCb
,,CC1(C)C[C@]1(C)C(=O)N[C@H]1C[C@](F)(CNC(=O)CC2CCOCC2)C1,,,,,,ZINCpt00000gsd4u
,,CC(C)[C@@H](C#N)C(=O)N[C@H](C(=O)N1CC[C@H]2C(=O)NC[C@H]2C1)C1CC1,,,,,,ZINCp8000015JYTu
,,C=Cn1cc(CN(Cc2cc(Br)co2)Cc2cnc(SC)n2C)cn1,,,,,,ZINCpJ00000FKK6d
,,CO[C@H]1CC(C(=O)OCC(=O)N[C@H](C)c2ccco2)C[C@@H]1OC,,,,,,ZINCnk00000RNfr2
,,CCC[C@@H](C)N[C@@]1(c2nnnn2CCCSC)CCOC1,,,,,,ZINClo00000Pvj1t
,,O=C(OC[C@@H](CO)C(F)(F)F)c1cc2c(cc1Cl)OCO2,,,,,,ZINClt00000gkmXV
,,CC(C)[C@@H](C)Nc1cc(NCc2nc[nH]n2)ncn1,,,,,,ZINCjm00000Pvj1Y
,,CC(C)CCO[C@H](C)C(=O)N1[C@H]2CC[C@@H]1C[C@H]2C(=O)N(C)C(C)C,,,,,,ZINCow00000padGr
,,CCC[C@H](C#N)C(=O)N[C@H](C(=O)NCCC(=O)NO)c1ccccc1,,,,,,ZINCpd000015JYUc
,,CCC=C(F)C(=O)N[C@H]1C[C@@H]2CN(C(=O)c3cccc(Cl)n3)C[C@@H]2C1,,,,,,ZINCpz0000027QvB
,,CO[C@H]1C[C@H]2CC[C@H]1C[C@H]2C(=O)OCC(=O)N=c1cccn[nH]1,,,,,,ZINCnk00000RNfr4
,,CCC=C(F)C(=O)N[C@@H]1C[C@H]1[C@@H]1CCCN(c2nnc(C(F)F)o2)C1,,,,,,ZINCpz0000027PKq
,,C[C@@H](NC(=O)[C@@H]1CCc2nccn21)C(=O)N1CCCN(C)C[C@H]1C,,,,,,ZINCoa00000HQWjr
,,CC(C)[C@H](CNC1CC([C@@H]2CCOC2)C1)N(C)C,,,,,,ZINCip00000Pvj1H
,,C[C@@H](NC(=O)[C@H]1CCc2nccn21)C(=O)NC1(c2cc[nH]n2)CC1,,,,,,ZINCoa00000HQWju
,,COCC1(C(=O)N[C@@H]2CN(C(=O)c3ccsc3C)[C@@H]3C[C@H]23)CCCC1,,,,,,ZINCpv00000pM0tU
,,CC(C)[C@H](CNC1C[C@@H](C)S(=O)(=O)[C@H](C)C1)ON,,,,,,ZINCie00000Pvj1V
,,CCC[C@@H](C#N)C(=O)N[C@H](C(=O)NC[C@H]1CN(C)CCO1)[C@@H](C)CC,,,,,,ZINCpf000015JYUf
,,CC(C)CCO[C@@H](C)C(=O)N1C[C@@H](C(=O)NC2(C)CC2)C[C@@H](C)C1,,,,,,ZINCov00000padGl
,,C[C@H](NC(=O)[C@@H]1CCc2nccn21)[C@H](C)C(=O)NC1CCOCC1,,,,,,ZINCoe00000HQWjl
,,COC[C@]1(C(=O)N[C@H](C)CCN(C)C(=O)CSC(C)C)CC=CCC1,,,,,,ZINCpy00000pM0u6
,,CC1(C(=O)N2CC[C@H](CCC(=O)N3CCC34CCOCC4)C2)CC1,,,,,,ZINCor00000moXs2
,,CCC[C@H](C)NC1(c2nnnn2CCOC)CC(SC)C1,,,,,,ZINClo00000Pvj1w
,,CCC[C@@H](C)NC1(c2nnnn2C)CC(CC#N)C1,,,,,,ZINCjl00000Pvj1q
,,C[C@H]1CCN(C(=O)c2ccoc2Cl)[C@@H](C(=O)N[C@@H]2CC23CC(O)C3)C1,,,,,,ZINCps00000CE87V
,,CCC[C@@H](C#N)C(=O)N[C@H](C(=O)NC[C@@](C)(O)CCOC)[C@@H](C)OC,,,,,,ZINCp9000015JYUa
,,CCc1noc(C)c1CN=C(N[C@@H](C)COC)N1CCCCC1,,,,,,ZINCnv000009VzGJ
,,CN(CC1(NC(=O)c2coc(CO)c2)CC1)C(=O)c1coc(Cl)n1,,,,,,ZINCok00000e7Pcu
,,C=CC[C@@H](C)N=c1cc(C)[nH]c(=NCCNC(=O)NC)[nH]1,,,,,,ZINCll00000Pvj1N
,,CCC=C(F)C(=O)N[C@H](CCCC)CNC(=O)c1[nH]c(=N)sc1CC,,,,,,ZINCpz0000027Q9G
,,CC(C)CCO[C@H](C)C(=O)N1CCN(C(=O)C[C@H]2CC[C@H]2C)CC1,,,,,,ZINCov00000padGp
,,CCN(CCOc1ccccc1C)C(=O)NC[C@@]12CC[C@H]1COC2,,,,,,ZINCoy00000Ik5oE
,,O=C(OC[C@H](CO)C(F)(F)F)c1cccc2c1CCCC2,,,,,,ZINCly00000gkmY0
,,CCC[C@H](C#N)C(=O)N[C@@H](C(=O)N1CC[C@@]2(COC(=O)N2)C1)C(C)C,,,,,,ZINCpd000015JYTl
,,CCC[C@@H](C#N)C(=O)N[C@H](C(=O)N1CC[C@@](O)(CC(C)C)C1)[C@@H](C)O,,,,,,ZINCpe000015JYTx
,,CCC[C@@H](C#N)C(=O)N[C@H](C(=O)NC1(C(=O)NC(C)C)CC1)C1CC1,,,,,,ZINCpf000015JYTO
,,CCC[C@H](C#N)C(=O)N[C@@H](C(=O)N1CCOC[C@@](C)(O)C1)C(C)(C)C,,,,,,ZINCpg000015JYTF
,,CCC[C@@H](C)N=c1[nH]c(=N[C@H](C)CSC)[nH]c2ncn(CC)c12,,,,,,ZINCnG00000ljoPP
,,C[C@@H]1CN(C(=O)C23CC(NC(=O)CN(C)C)(C2)C3)C[C@@H](C(N)=O)O1,,,,,,ZINCo400000HJtyX
,,Cc1ccc(C(C)C)c(OCC(=O)NCC2CN(C3CC3)C2)c1,,,,,,ZINCnx00000iCZsE
,,COCC1(C(=O)N[C@H](C)[C@H]2CCCN2C(=O)CSC2CC2)CCCC1,,,,,,ZINCpv00000pM0ub
,,CCC[C@@H](C#N)C(=O)N[C@@H](C(=O)N1CCN(CC(N)=O)CC1)C1CC1,,,,,,ZINCp5000015JYTE
,,CC(C)[C@H](C#N)C(=O)N[C@H](C(=O)NCC1CN(C(N)=O)C1)C(C)(C)O,,,,,,ZINCp5000015JYTQ
,,C[C@@H](NC(=O)[C@@H]1CCc2nccn21)C(=O)N1CCC[C@](C)(C#N)C1,,,,,,ZINCog00000HQWjp
,,C[C@@H](NC(=O)[C@H]1CCc2nccn21)C(=O)NC1([C@H]2CCCO2)CC1,,,,,,ZINCod00000HQWjv
,,Cc1nccc(C(=O)N(C)[C@@H](C)CC(=O)N[C@]2(C)CCOC2=O)c1C,,,,,,ZINCpj00001BKHhn
,,CCN(CCOc1ccccc1OC)C(=O)N[C@H]1C[C@@]1(C)C1CC1,,,,,,ZINCoC00000Ik5oG
,,C=CC[C@H](C)Nc1ccc(S(=O)(=O)NCCC#N)cn1,,,,,,ZINCkm00000Pvj1S
,,Cc1nc(C=CC(=O)N(C)[C@@H](C)CNC(=O)[C@@H](C)N2CCCC2)cs1,,,,,,ZINCpp00001BKHhF
,,CC(C)[C@@H](CN=c1cc(NCCCCO)nc[nH]1)N(C)C,,,,,,ZINClm00000Pvj1Z
,,CC(=O)c1csc(C(=O)COC(=O)C2=CCCS2)c1,,,,,,ZINCjw000005PDVc
,,CCC[C@H](C)N=c1[nH]c(=NC)[nH]c(=NCc2nc(C)c(C)s2)[nH]1,,,,,,ZINCnB00000ljoPY
,,CN(CC1CCC1)C(=O)CCn1cc(-c2ccc(CO)nc2)nn1,,,,,,ZINCok00000e7PG8
,,CCC=C(F)C(=O)N[C@H](C)[C@H]1CCN(C(=O)COC2CCCCC2)C1,,,,,,ZINCpz0000027Q7P
,,C=CC[C@@H](C)N=c1cc(NC[C@](C)(CO)OC)nc(C)[nH]1,,,,,,ZINClp00000Pvj20
,,CO[C@H]1C[C@H]2C[C@H]1CN(C(=O)NCCNc1nccc(C)n1)C2,,,,,,ZINCni00000RNfrc
,,CC[C@@H](CNC(=O)C1(C)CC=CC1)NC(=O)c1conc1COC,,,,,,ZINCoo000007KDiK
,,COCC1(C(=O)N[C@H]2C[C@H]3C[C@H]2N(C(=O)c2cscc2SC)C3)CC1,,,,,,ZINCpw00000pM0tQ
,,CC(C)[C@H](C#N)C(=O)N[C@H](C(=O)N1CCC(C(C)(C)O)CC1)[C@@H](C)O,,,,,,ZINCpc000015JYTo
,,CC[C@@H](CNC(=O)C1(C)COC1)NC(=O)CCCC(=O)C(C)(C)C,,,,,,ZINCoo000007KDlX
,,COCC1(C(=O)N[C@@H](C)CCCNC(=O)C2=C[C@@H]3CCCC[C@H]23)CC1,,,,,,ZINCpv00000pM0tY
,,Cc1nc(/C=C/C(=O)NC[C@H](C)CNc2cnc(C#N)cn2)[nH]c1C,,,,,,ZINCpl00001BKHhC
,,CCN(C(C)=O)c1nc(CN2CC[C@@]3(CCCN3)C(C)(C)C2)cs1,,,,,,ZINCoy00000Ik5oX
,,CO[C@@H]1C[C@@H]2C[C@H](C1)CN2S(=O)(=O)c1c(C)nn2cccnc12,,,,,,ZINCni00000RNfrn
,,C[C@H]1CCN(C(=O)c2ccoc2Cl)[C@H](C(=O)N2C[C@@H]3C[C@]3(CO)C2)C1,,,,,,ZINCpq00000CE87R
,,CCC[C@H](C#N)C(=O)N[C@H](C(=O)NCc1nnnn1CC)C1CCC1,,,,,,ZINCpb000015JYTS
,,Cc1nc(C)c(C(=O)NC[C@@H](C)C(=O)NCCCn2ccnc2C)o1,,,,,,ZINCpj00001BKHhL
,,Cc1nc(C)c(C(=O)N(C)[C@@H](CC(F)F)C(=O)N[C@]2(C)C[C@H](O)C2)o1,,,,,,ZINCpk00001BKHhz
,,CO[C@@H]1C[C@@H]2C[C@H](C1)CN2C(=O)Cc1ccc([N+](=O)[O-])c(O)c1,,,,,,ZINCno00000RNfrh
,,CC1(C)C[C@]1(C)C(=O)N[C@@H]1C[C@H]1CNC(=O)CSCc1ccccn1,,,,,,ZINCpt00000gsd4w
,,C[C@@H]1CCN(C(=O)C2=CCOCC2)[C@@H](C(=O)NC[C@@]2(Cl)CC2(F)F)C1,,,,,,ZINCpq00000CE881
,,CN(CC1(NC(=O)c2sncc2Br)CC1)C(=O)C[C@H]1COCCO1,,,,,,ZINCok00000e7PtY
,,Cc1nc(C)c(C(=O)NC[C@H](CF)NS(=O)(=O)c2cc(C)sc2C)[nH]1,,,,,,ZINCpn00001BKHhU
,,C[C@@H]1CN(C(=O)C23CC(NC(=O)CP(C)(C)=O)(C2)C3)CC(=O)N1C,,,,,,ZINCo900000HJtz1
,,CC(C)CCO[C@@H](C)C(=O)N1C[C@H](C)CC[C@@H]1C(=O)N[C@@H](C)CF,,,,,,ZINCov00000padGi
,,CCC[C@H](C#N)C(=O)N[C@H](C(=O)NC[C@H]1CCCNC1=O)C1(C)CC1,,,,,,ZINCpe000015JYUe
,,C[C@H]1CN(C(=O)C23CC(NC(=O)CN(C)C(N)=O)(C2)C3)CCCO1,,,,,,ZINCo500000HJtyY
,,Cc1nccc(C(=O)N(C)[C@@H](C)CC(=O)NC[C@H](CO)C(C)C)c1C,,,,,,ZINCpp00001BKHht
,,CN(CC1(NC(=O)c2cnc[nH]c2=N)CC1)C(=O)c1coc(Br)c1,,,,,,ZINCok00000e7P4G
,,CO[C@H]1C[C@H]2C[C@H]1CN(S(=O)(=O)c1c(C)[nH]c(C(=O)O)c1C)C2,,,,,,ZINCnj00000RNfre
,,Cc1ncc(CC(=O)NC[C@H](CF)NS(=O)(=O)C2CC3(CCC3)C2)s1,,,,,,ZINCpn00001BKHhT
,,CCC=C(F)C(=O)N[C@@H]1C[C@@H](C)N(C(=O)c2ccc(N)c(SC)c2)C1,,,,,,ZINCpz0000027PGa
,,COCC1(C(=O)N[C@H](C)CCN(C)C(=O)C2(SC)CCC2)CC=CC1,,,,,,ZINCpw00000pM0u2
,,CO[C@@H]1C[C@H]2C[C@H](C(=O)Nc3cc(S(C)(=O)=O)ccc3N)C[C@H]21,,,,,,ZINCnm00000RNfrv
,,CN(CC1(NC(=O)c2ncncc2Cl)CC1)C(=O)[C@@H]1CCCCO1,,,,,,ZINCok00000e7Ppc
,,CCC[C@H](C#N)C(=O)N[C@@H](C(=O)N(C)CCCSC)c1cn(C)nn1,,,,,,ZINCph000015JYU1
,,Cc1ncc(CC(=O)N(C[C@H](C)n2cccn2)C[C@@H]2CO[C@@H](C)C2)[nH]1,,,,,,ZINCpp00001BKHhV
,,CO[C@@H]1C[C@@H]2C[C@H](C1)CN2S(=O)(=O)c1c(F)cccc1[N+](=O)[O-],,,,,,ZINCnp00000RNfro
,,CC(C)[C@@H](C)Nc1ccc(S(=O)(=O)N[C@H](C)CCO)cn1,,,,,,ZINCll00000Pvj1T
,,C=CC[C@H](C)Nc1cc(NCC2(C)CS(=O)(=O)C2)ncn1,,,,,,ZINCln00000Pvj1X
,,CCC(=CC(=O)NC[C@@H]1CCCNC1=O)c1ccc(C)cc1,,,,,,ZINCmu0000015Zhp
,,CC(C)[C@@H](C#N)C(=O)N[C@H](C(=O)N1CCc2ncsc2C1)C(C)(C)O,,,,,,ZINCpg000015JYTm
,,CC(C)[C@@H](C)NC1(c2nnnn2C)CCN(C)CC1,,,,,,ZINCjd00000Pvj1s
,,CC1(C(=O)N2CC[C@H](c3cn(CC4C[C@H]5C[C@@H]5C4)nn3)C2)CSC1,,,,,,ZINCot00000moXrT
,,CC[C@@H](CNC(=O)C(F)=Cc1c[nH]cn1)NC(=O)C1CC(C)(F)C1,,,,,,ZINCoo000007KD7t
,,COCC1(C(=O)N[C@H](C)[C@H]2CCCN2C(=O)[C@@H]2C[C@H]2C)CCCCC1,,,,,,ZINCpx00000pM0u9
,,Cc1nc(C)c(C(=O)N(C)[C@H](CC(F)F)C(=O)N2CC(F)(C#N)C2)o1,,,,,,ZINCpk00001BKHhy
,,CC(C)[C@H](CNC1CC2(COCCO2)C1)N1CCCC1,,,,,,ZINCkm00000Pvj1x
,,CCN(CCOc1ccccc1C)C(=O)NC[C@]1(C)CO[C@H](C)C1,,,,,,ZINCoC00000Ik5oF
,,CCC[C@H](C#N)C(=O)N[C@H](C(=O)NCC[C@H](COC)OC)C(C)(C)O,,,,,,ZINCp9000015JYU5
,,CN(CC1(O)CC1)C(=O)[C@]1(C)C[C@@H](NC(=O)OC(C)(C)C)CCO1,,,,,,ZINCok00000e7Pwn
,,Cc1nc(C)c(C(=O)NC[C@H](CF)Nc2ncnc3sc(=N)[nH]c23)o1,,,,,,ZINCpk00001BKHhS
,,CCC[C@H](C)N=c1[nH]c(=NC)[nH]c(=NCCCC2CC(C)C2)[nH]1,,,,,,ZINCnH00000ljoQ0
,,CC(C)[C@H](C#N)C(=O)N[C@H](C(=O)N(C)[C@@H](C)CC(N)=O)c1ccoc1,,,,,,ZINCpf000015JYUh
,,COCC1(C(=O)N[C@H](C)CCN(C)C(=O)[C@H](C)CC(F)F)CC=CC1,,,,,,ZINCpw00000pM0u5
,,CCS(=O)(=O)N1CC(C(=O)N[C@H]2CCN(C(C)=O)C2(C)C)C1,,,,,,ZINCm5000008ohlx
,,CCN(C(C)=O)c1ccc(NC(=O)c2c(C)ccnc2OC)cc1,,,,,,ZINCoA00000Ik5oR
,,CCC[C@@H](C)N=c1ccc(Br)c(S(=O)(=O)NCCO)[nH]1,,,,,,ZINCkn00000Pvj1A
,,CCN(C)C(=O)c1cccc(C(=O)OC[C@@H]2C[C@H](C(C)C)CO2)c1,,,,,,ZINCoz00000Ik5oI
,,CCC[C@H](CNC1CCC(CS(C)(=O)=O)CC1)C(=O)OC,,,,,,ZINCln00000Pvj1D
,,CCOC(=O)COC1=CC=C(OCCOC(F)F)C=C1,,,,,,ZINCks000007dWzD
,,CCC=C(F)C(=O)N[C@@H]1C[C@H](C)N(C(=O)c2ccc(C)c(C)c2O)C1,,,,,,ZINCpz0000027PJL
,,CCC[C@H](C#N)C(=O)N[C@@H](C(=O)N1CC(CC)(CO)C1)[C@@H]1CCCO1,,,,,,ZINCpe000015JYTp
,,C=CC[C@H](C)N=c1cc(C)nc(N2CC[C@@H](C(N)=O)C2)[nH]1,,,,,,ZINClk00000Pvj1I
,,C[C@@H](NC(=O)[C@@H]1CCc2c[nH]nc21)C(=O)N[C@@H](CO)CCC1CC1,,,,,,ZINCoc00000HQWji
,,CCN(C(C)=O)c1ccc(NC(=O)N[C@H](C)[C@H](OC)C(F)F)cc1,,,,,,ZINCoy00000Ik5oU
,,Cc1nc(C)c(C(=O)N(C)[C@@H](C)CC(=O)N2CCNC(=O)C[C@@H]2C)s1,,,,,,ZINCpj00001BKHhl
,,CO[C@H]1C[C@H]2C[C@H]1CN(C(=O)c1cccc(OC3CNC3)c1)C2,,,,,,ZINCnl00000RNfr8
,,CCC#CC[C@@H](CC)OC(=O)c1cncc(-n2ccnc2)n1,,,,,,ZINCmu0000015Zew
,,CCC[C@H](C#N)C(=O)N[C@@H](C(=O)NCC[C@H](CC)CO)C1(O)CCC1,,,,,,ZINCpe000015JYU3
,,CCC=C(F)C(=O)N[C@@H]1C[C@@H](C)N(C(=O)CC[C@H]2CC(C)(C)CO2)C1,,,,,,ZINCpz0000027PFu
,,CCC#CCOC(=O)c1ccc(CN2CCO[C@H](C)C2)cc1,,,,,,ZINCmu0000015Zee
,,CC[C@@H](CNC(=O)C1(C)COC1)NC(=O)c1ccc(C(C)C)nc1,,,,,,ZINCoo000007KDmw
,,CC1(C)C[C@@]1(C)C(=O)N[C@H]1C[C@@H]1NC(=O)c1ncoc1-c1ccco1,,,,,,ZINCpt00000gsd4x
,,CC(C)CCO[C@@H](C)C(=O)N1CCCN(C(=O)[C@@H]2CC[C@H]2C)CC1,,,,,,ZINCov00000padGg
,,CC[C@@H](CNC(=O)C(F)(F)[C@@H](C)O)NC(=O)CCC1CC(F)(F)C1,,,,,,ZINCoo000007KD1L
,,CCS(=O)(=O)N(C)CC(=O)N[C@@H]1C[C@@H]1CNC(=O)[C@@H]1C[C@H]1C,,,,,,ZINCm5000008ogGN
,,CCN(CCO)c1ccc(NC(=O)NCCc2sccc2F)cc1,,,,,,ZINCoA00000Ik5oS
,,CO[C@H]1C[C@H]2C[C@@H](C(=O)NCc3ccc(S(N)(=O)=O)cc3)C[C@@H]12,,,,,,ZINCng00000RNfrx
,,CO[C@@H]1C[C@@H]2C[C@H](C1)CN2C(=O)N[C@H](C)c1nc([C@@H](C)O)n[nH]1,,,,,,ZINCnh00000RNfrm
,,O=C(C=CC1=CC=C(Cl)C=C1)NC1CCC2CC2CC1,,,,,,ZINCkK000007dWCq
,,CC(C)[C@H](C#N)C(=O)N[C@H](C(=O)N[C@]1(CO)C[C@H]2CCC[C@@H]21)[C@@H](C)O,,,,,,ZINCp9000015JYTN
,,CCC[C@@H](C#N)C(=O)N[C@@H](C(=O)N1CCc2nn[nH]c2C1)C1(C)CC1,,,,,,ZINCpf000015JYTn
,,CC(C)[C@@H](C#N)C(=O)N[C@H](CO)[C@H](C)NC(=O)c1ccnc(O)c1F,,,,,,ZINCp9000015JYTh
,,CCC=C(F)C(=O)N[C@H](C)CCCNC(=O)CSC[C@H]1CCCCO1,,,,,,ZINCpz0000027PYD
,,CCC[C@@H](C)NC1(c2nnnn2CCOC)CC(F)(F)C1,,,,,,ZINCln00000Pvj1v
,,C=CC[C@@H](C)N=c1[nH]c(=NC)[nH]c(=NCc2ccccc2F)[nH]1,,,,,,ZINCnA00000ljoPW
,,C[C@H](NC(=O)[C@@H]1CCc2nccn21)[C@H](C)C(=O)N(C)[C@H]1CC[C@H]1O,,,,,,ZINCoa00000HQWjo
,,CCC(=CC(=O)N1CCN(C)C(=O)[C@H]1C)c1ccc(C)cc1,,,,,,ZINCmu0000015ZfC
,,Cc1nccc(C(=O)N(C)[C@@H](C)CC(=O)NC2CC([C@H](C)O)C2)c1C,,,,,,ZINCpo00001BKHhm
,,CO[C@@H]1C[C@@H]2C[C@H](C1)CN2C(=O)CCc1nc2ncccn2n1,,,,,,ZINCng00000RNfri
,,CCS(=O)(=O)N1CC(C(=O)NC[C@H](C)NC(=O)[C@@H](C)CF)C1,,,,,,ZINCm5000008ohgN
,,Cc1nccc(C(=O)N(C)[C@@H](C)CC(=O)NCC[C@]2(C)CCCO2)n1,,,,,,ZINCpn00001BKHhp
,,CN(CC1(NC(=O)c2nc(=N)cc[nH]2)CC1)C(=O)c1ccc(Br)o1,,,,,,ZINCok00000e7PjU
,,CC(C)CCO[C@H](C)C(=O)N1CC[C@H](NC(=O)[C@@H]2CC[C@H]2C)[C@H]1C,,,,,,ZINCov00000padGf
,,CC(C)CCO[C@@H](C)C(=O)N1CCN(C(=O)C2(Cl)CC2)C[C@@H](C)C1,,,,,,ZINCov00000padGo
,,CN(CC1CC1)c1nnc(-c2cncnc2O)n1C[C@@H]1CCCO1,,,,,,ZINCok00000e7PEY
,,CCC(=CC(=O)NC[C@]1(C)CN(CC)C1=O)c1ccccc1,,,,,,ZINCmu0000015ZhL
,,CCn1cc(CN(Cc2cc(Br)n[nH]2)C[C@@](C)(CC)[C@@H](C)O)c(C)n1,,,,,,ZINCpE00000FKK6n
,,CO[C@@H]1C[C@H]2C[C@@H](C(=O)Nn3c(C)cc(C)c(C#N)c3=O)C[C@H]21,,,,,,ZINCnk00000RNfrz
,,C#CC[C@H](C)N=c1cc(C(=O)OCC)cn[nH]1,,,,,,ZINChk00000Pvj1P
,,CC(C)CCO[C@H](C)C(=O)N1C[C@H]2N(C(=O)C(C)C)CC[C@@]2(C)C1,,,,,,ZINCov00000padGh
,,CC(C)[C@H](C#N)C(=O)N[C@H](CO)[C@H](C)NC(=O)C1(CF)CC(F)(F)C1,,,,,,ZINCph000015JYTi
,,CO[C@@H]1C[C@@H]2C[C@H](C1)CN2C(=O)NCCNc1nccc(C)n1,,,,,,ZINCnk00000RNfrl
,,CC(C)CCO[C@@H](C)C(=O)N1C[C@H](C)C[C@H]1C(=O)N1CC=CCC1,,,,,,ZINCou00000padGj
,,CCN(C)C(=O)c1cccc(C(=O)OCC(C)(C)COC(C)C)c1,,,,,,ZINCoD00000Ik5oH
,,CC(C)[C@@H](C#N)C(=O)N[C@@H](C(=O)NCCCS(C)(=O)=O)c1ccco1,,,,,,ZINCpd000015JYUd
,,CCN(CCO)c1ccc(NCc2ccc(CCC(=O)O)s2)cc1,,,,,,ZINCoB00000Ik5oO
,,CC(C)[C@@H](C#N)C(=O)N[C@@H](C(=O)NCCCOCCO)c1ccco1,,,,,,ZINCpd000015JYU9
,,CC(C)[C@H](C)Nc1cc(N(C)CCN(C)C)ncn1,,,,,,ZINCjp00000Pvj21
,,CCN(C)C(=O)c1cccc(NC(=O)C[C@@H]2CC[C@H]3[C@H]2C3(F)F)c1,,,,,,ZINCoD00000Ik5oM
,,CCS(=O)(=O)N1CC(C(=O)N[C@@H]2CCN(C(=O)C=CBr)C2)C1,,,,,,ZINCm5000008ohj6
,,CCc1noc(CN=C(NC2CCC2)N[C@@H](C)c2ccoc2)n1,,,,,,ZINCnv000009VzUy
,,CO[C@H]1C[C@@H]2CC[C@H](C1)N2C(=O)N[C@H]1CCc2cnc(C)n2C1,,,,,,ZINCno00000RNfr5
,,CC[C@@H](CNC(=O)C1(C(C)(F)F)CC1)NC(=O)c1nccc(C)n1,,,,,,ZINCoo000007KD9z
,,CCC[C@@H](C)N=c1[nH]c(=NC)[nH]c(=NCc2cc(C)sc2C)[nH]1,,,,,,ZINCnI00000ljoPX
,,CCC[C@H](C#N)C(=O)N[C@@H](C(=O)N1CC(CO)(CO)C1)c1ccco1,,,,,,ZINCp7000015JYTz
,,CCS(=O)(=O)N1CC(C(=O)NCCNC(=O)[C@H]2[C@@H](C)[C@H]2C)C1,,,,,,ZINCm5000008ohem
,,CC(C)CCO[C@@H](C)C(=O)N1[C@H]2C[C@H]1CN(C(=O)C1CCCC1)C2,,,,,,ZINCou00000padGs
,,CCC[C@H](C#N)C(=O)N[C@@H](C(=O)N1CCN(CC)CC1)C1(O)CCC1,,,,,,ZINCpa000015JYTD
,,CC1(C)C[C@@]1(C)C(=O)N[C@@H]1CCCN(C(=O)CN2CCCCC2)CC1,,,,,,ZINCpu00000gsd4r
,,Cc1ncc(CC(=O)N(C)[C@H](C)C(=O)N[C@@H]2CCCN(C3CC3)C2)s1,,,,,,ZINCpl00001BKHhN
,,CN(CC1(O)CC1)C(=O)C(=O)N[C@@H](c1ccccc1)c1ccoc1,,,,,,ZINCok00000e7PuV
,,CN1C=C(Cl)C(CC2=NOC(C3=CC=CC=C3O)=N2)=N1,,,,,,ZINCku000007dWBc
,,CCC[C@@H](C#N)C(=O)N[C@H](C(=O)NC[C@@H](C)c1ncc[nH]1)C(C)(C)O,,,,,,ZINCpe000015JYUg
,,C[C@H]1CN(C(=O)[C@@]23CCN(C(=O)CCC(N)=O)CC[C@H]2C3)CCO1,,,,,,ZINCo700000HJtyJ
,,CO[C@@H]1C[C@H]2C[C@@H](C(=O)N3CCN(Cc4cn[nH]c4)CC3)C[C@H]21,,,,,,ZINCnh00000RNfrt
,,CC[C@@H](CNC(=O)C(CC)(CC)CO)NC(=O)Cc1ncc(C)s1,,,,,,ZINCoo000007KCU1
,,CCC[C@@H](CN=c1[nH]cnc(NCCC2CC(C)C2)c1C)OC,,,,,,ZINCnI00000ljoPS
,,CCC[C@H](C)NC1(c2nnnn2CCOCC)CCC1,,,,,,ZINCko00000Pvj1u
,,C[C@@]1(C(=O)N2CC[C@@H](C3CCC3)C2)CCCN1C(=O)COCCF,,,,,,ZINCoq00000moXrP
,,CC1(C(=O)N2CC[C@@H](C(C)(C)NC(=O)CC3CC=CC3)C2)COC1,,,,,,ZINCor00000moXs0
,,CCc1noc(C[C@@]2(O)CCCN(c3cc(F)cc(Br)n3)C2)n1,,,,,,ZINCnv000009VA24
,,Cc1nc(C)c(C(=O)NC[C@H](C)CC(=O)N(C)CCc2cnc[nH]2)s1,,,,,,ZINCpp00001BKHhr
,,CCN(CCO)c1ccc(N[C@H](C)C(=O)Nc2ccccc2)cc1,,,,,,ZINCoz00000Ik5oQ
,,CCC=C(F)C(=O)N[C@@H]1C[C@H]2CN(C(=O)c3cnc(CCC)s3)C[C@H]21,,,,,,ZINCpz0000027PMC
,,Cc1ncc(CC(=O)NC[C@H](CF)Nc2ncnc3sc(C)nc23)[nH]1,,,,,,ZINCpl00001BKHhR
,,CC(C)[C@H](C#N)C(=O)N[C@@H](C(=O)N1CC(CN(C)C)C1)[C@@H]1CCOC1,,,,,,ZINCp9000015JYTw
,,CCCC(F)(F)C(=O)OC[C@H]1CCN(C(=O)OC(C)(C)C)C1,,,,,,ZINCmC00000dwutz
,,CCC[C@H](CN=c1[nH]cnc(NCC[C@@H](C)C(F)F)c1C)OC,,,,,,ZINCnH00000ljoPT
,,C[C@H](NC(=O)[C@H]1CCc2nccn21)[C@H](C)C(=O)N(C)CC(C)(C)O,,,,,,ZINCod00000HQWjn
,,C=CC[C@@H](C)N=c1[nH]c(N[C@@H](COC)C2CC2)nc2c1CCC2,,,,,,ZINCnB00000ljoPQ
,,CCS(=O)(=O)N(C)CCCN[C@H]1CS(=O)(=O)N2CCCC[C@H]12,,,,,,ZINCm5000008ogVs
,,CC1(C(=O)N2CC[C@H](C3(C)CC3)C2)CN(C(=O)c2ccncc2)C1,,,,,,ZINCor00000moXrS
,,CC1(C(=O)N2CC[C@H](C(C)(C)NC(=O)CCC3CCC3)C2)COC1,,,,,,ZINCot00000moXs1
,,CCc1noc(C)c1CN=C(NC(C)C)N[C@@H](C)[C@@H]1CCCO1,,,,,,ZINCnv000009VzFI
,,CO[C@@H]1C[C@H]2C[C@H]1CN(C(=O)CCc1cnc(C3CNC3)o1)C2,,,,,,ZINCnh00000RNfra
,,CC(C)C(F)(F)C(=O)OC[C@@H](C)CCNC(=O)OC(C)(C)C,,,,,,ZINCmD00000dwutA
,,C[C@@H]1CCN(C(=O)c2ccoc2)[C@@H](C(=O)Nc2cncc(CO)c2)C1,,,,,,ZINCpq00000CE87P
,,CCC#CCOC(=O)C[C@@H](NC(C)=O)c1c(F)cccc1F,,,,,,ZINCmu0000015ZdC
,,CCC[C@H](C#N)C(=O)N[C@@H](C(=O)NCCC(N)=O)C1(O)CCCCC1,,,,,,ZINCp6000015JYU8
,,C[C@@H]1CCN(C(=O)c2ccoc2Cl)[C@H](C(=O)NCc2cncn2C)C1,,,,,,ZINCps00000CE87T
,,Cc1nc(C)c(C(=O)NC[C@@H](C)C(=O)N[C@H]2CN(C(C)C)C[C@@H]2C)s1,,,,,,ZINCpp00001BKHhO
,,CC[C@@H](CNC(=O)C1(C(N)=O)CCC1)NC(=O)CCCC(C)(C)C,,,,,,ZINCoo000007KDeb
,,CCC=C(F)C(=O)N[C@H](CNC(=O)c1ccn(C(C)C)n1)C(C)(C)C,,,,,,ZINCpz0000027Qd0
,,C=Cn1cc(CN(Cc2cc(Br)n[nH]2)CC(C)(C)[C@@](C)(O)CC)cn1,,,,,,ZINCpG00000FKK6o
,,CCC=C(F)C(=O)N[C@@H]1CN(C(=O)[C@H](CC)OCC)[C@H]2CCCC[C@@H]12,,,,,,ZINCpz0000027PCM
,,CC(C)C(F)(F)C(=O)OCCC1(C(=O)OC(C)(C)C)CCC1,,,,,,ZINCmH00000dwuty
,,CCC[C@H](C)N=c1[nH]c(=NC)[nH]c(=NCCc2ccc(Br)s2)[nH]1,,,,,,ZINCnJ00000ljoPZ
,,CN(CC1CC1)C(=O)C(=O)N[C@H]1CCC[C@H]1NC(=O)OC(C)(C)C,,,,,,ZINCok00000e7PCd
,,CCS(=O)(=O)N(C)CCNC(=NC)NCC1(CC(N)=O)CC1,,,,,,ZINCm5000008ogWA
,,CC1(C)C[C@@]1(C)C(=O)N[C@@H]1C[C@H]1C1CCN(C(=O)c2nncs2)CC1,,,,,,ZINCpt00000gsd4v
,,CCc1noc(CCNC(=NCCC(C)C)N2CC[C@@H](C)C2)n1,,,,,,ZINCnv000009VzS0
,,CCC[C@H](CN=c1[nH]cnc(NC[C@H]2CC=CCC2)c1C)OC,,,,,,ZINCnH00000ljoPU
,,CCC(=CC(=O)NCc1ncc(C(=O)O)c(C(F)F)n1)CC,,,,,,ZINCmu0000015ZhZ
,,C[C@H](NC(=O)[C@H]1CCc2cnnn2C1)C1CC(NC(=O)C2CC2)C1,,,,,,ZINCoc00000HQWjj
,,CC1(C)C[C@]1(C)C(=O)N[C@H]1CCCN(C(=O)Cn2cc(Cl)cn2)CC1,,,,,,ZINCpu00000gsd4s
,,CCC[C@H](C#N)C(=O)N[C@H](C(=O)NC1C[C@@H]2C[C@H]2C1)c1cn(C)nn1,,,,,,ZINCpe000015JYTL
,,CCS(=O)(=O)N(C)CC(=O)N[C@@H](C)CNC(=O)CC(F)(F)F,,,,,,ZINCm5000008ogD1
,,CCS(=O)(=O)N1CC(C(=O)NCC[C@H]2CCN(C(C)=O)C2)C1,,,,,,ZINCm5000008oheT
,,CC(C)[C@H](C#N)C(=O)N[C@H](C(=O)NCCc1cnco1)[C@@H]1CCOC1,,,,,,ZINCpc000015JYTU
,,CCC[C@H](C)N=c1cccc(S(=O)(=O)N[C@H](C)CCO)[nH]1,,,,,,ZINCln00000Pvj1F
,,CO[C@@H]1C[C@@H]2C[C@H](C1)CN2C(=O)CS(=O)(=O)c1ccccc1F,,,,,,ZINCnm00000RNfrj
,,CCc1noc(C)c1CN=C(NC1CCOCC1)N[C@@H](C)CC,,,,,,ZINCnv000009VzGb
,,CCn1cc(CN(Cc2cc(Br)cs2)C[C@H]2C[C@@H](C3CC3)CO2)nn1,,,,,,ZINCpJ00000FKK6h
,,Cc1nccc(C(=O)NC[C@H](C)C(=O)N[C@@H](CO)C2CCCCC2)n1,,,,,,ZINCpi00001BKHhP
,,CCS(=O)(=O)N1CC(C(=O)N2C[C@@H]3CC[C@]3(NC(C)=O)C2)C1,,,,,,ZINCm5000008oh9k
,,O=C(OC[C@H](CO)C(F)(F)F)c1cc(C2CCCC2)no1,,,,,,ZINClw00000gkmXY
,,CC(C)[C@@H](C#N)C(=O)N[C@H](C(=O)N1CC(O)(CCO)C1)c1ccoc1,,,,,,ZINCp7000015JYTG
,,C[C@@H]1CCN(C(=O)C2CCOCC2)[C@H](C(=O)N(C)[C@H]2CC[C@H]3C[C@H]32)C1,,,,,,ZINCps00000CE882
,,C[C@@H](NC(=O)[C@H]1CCc2nccn21)C(=O)N(C)CC1CCOCC1,,,,,,ZINCod00000HQWjA
,,Cc1ncc(CC(=O)NC[C@@H](C)C(=O)NC[C@@H]2CC(C3CC3)=NO2)s1,,,,,,ZINCpk00001BKHhM
,,CCN(C)C(=O)C1CCN(c2nc(C3CC3)cn3cccc23)CC1,,,,,,ZINCoz00000Ik5oV
,,CC(C)[C@@H](CNC1CC([C@@H]2CCOC2)C1)N(C)C,,,,,,ZINCip00000Pvj1G
,,CC[C@@H](CNC(=O)C(F)=C(C)C1CC1)NC(=O)Cn1ccnc1C,,,,,,ZINCoo000007KD64
,,CC(C)[C@@H](C#N)C(=O)N[C@H](C(=O)N1CCC(F)CC1)c1cn(C)nn1,,,,,,ZINCpd000015JYTt
,,CCC(=CC(=O)NCC(=O)N1CCc2ccccc2C1)CC,,,,,,ZINCmu0000015ZgU
,,C#CC[C@H](CN=c1ccc(=NC)[nH][nH]1)C1CC1,,,,,,ZINChp00000Pvj1M
,,CC(C)[C@@H](C#N)C(=O)N[C@@H](C(=O)NCC#Cc1cnn(C)c1)C1CC1,,,,,,ZINCpb000015JYTW
,,CC[C@@H](CNC(=O)C1(C)CCC(OC)CC1)NC(=O)COC(F)F,,,,,,ZINCoo000007KDj1
,,CCC[C@@H](C#N)C(=O)N[C@H](C(=O)NCC1(N(C)C)CCC1)[C@@H](C)OC,,,,,,ZINCpg000015JYTR
,,Cc1nc(C)c(C(=O)N(C)[C@@H](C)CC(=O)N[C@@H](CO)C2CCCC2)o1,,,,,,ZINCpo00001BKHhx
,,CC1(C)C[C@@]1(C)C(=O)N[C@@H]1CCCN(C(=O)C(=O)c2ccccc2)C1,,,,,,ZINCpu00000gsd4t
,,CC[C@@H](CNC(=O)C(F)(F)CC)NC(=O)Cn1ccc(C(F)F)n1,,,,,,ZINCoo000007KCZa
,,CCc1noc(CCN=C(NCCC2(C)CC2)NCC(C)C)n1,,,,,,ZINCnv000009VzQl
,,CCC=C(F)C(=O)N[C@@H]1CCN(C(=O)[C@@H](C)OC2CCCC2)C[C@@H]1C,,,,,,ZINCpz0000027Pq5
,,CC1(C(=O)N2CC[C@H](C(C)(C)C)C2)CN(C(=O)CC2CC(=O)C2)C1,,,,,,ZINCoq00000moXrY
,,Cc1ncc(CC(=O)NC[C@@H](C)CN(C)C(=O)[C@H]2C[C@H]3C=C[C@@H]2C3)[nH]1,,,,,,ZINCpm00001BKHhD
,,CC[C@@H](CNC(=O)C(F)(F)[C@@H](O)C1CC1)Nc1cc(C)nc(C)n1,,,,,,ZINCoo000007KD2q
,,CCN(CCO)c1ccc(NCc2c(Cl)[nH]c(C)c2C(=O)O)cc1,,,,,,ZINCoB00000Ik5oP
,,CC[C@@H](CNC(=O)C1(C)CCN(C)CC1)NC(=O)CCCN=[N+]=[N-],,,,,,ZINCoo000007KDkS
,,CCC=C(F)C(=O)N[C@@H]1C[C@H](C)N(C(=O)C[C@@H](O)CC[C@H](C)CC)C1,,,,,,ZINCpz0000027PIY
,,CC(C)[C@H](C#N)C(=O)N[C@H](C(=O)NC1CC(C)(CO)C1)[C@@H]1CCOC1,,,,,,ZINCpb000015JYTJ
,,C[C@H](NC(=O)[C@@H]1CCc2nccn21)[C@@H](C)C(=O)N1CCCOCC1,,,,,,ZINCod00000HQWjk
,,CO[C@H]1C[C@H]2C[C@@H](C(=O)N3CCN(c4noc(C)n4)CC3)C[C@@H]12,,,,,,ZINCng00000RNfrs
,,CC[C@@H](CNC(=O)C(F)(F)[C@H](O)C(C)C)NC(=O)c1ccc(C)o1,,,,,,ZINCoo000007KD3g
,,C[C@H](NC(=O)[C@H]1CCc2nccn21)C(=O)N1CCCN(C)C[C@H]1C,,,,,,ZINCoa00000HQWjs
,,CCC=C(F)C(=O)N[C@H]1CCN(C(=O)c2ccc(O)c(F)c2)[C@@H](C)C1,,,,,,ZINCpz0000027QlW
,,CC(C)[C@H](C#N)C(=O)N[C@@H](C(=O)N1CC[C@](C)(O)[C@H](O)C1)C1(C)CC1,,,,,,ZINCpa000015JYTs
,,CCS(=O)(=O)N(C)CC(=O)N[C@@H](C)Cn1cc([C@H](C)O)nn1,,,,,,ZINCm5000008ogDT
,,CCS(=O)(=O)N(C)CCNC(=O)CCn1cc([C@@H](C)O)nn1,,,,,,ZINCm5000008ogZp
,,C[C@H]1CCN(C(=O)c2ccoc2CNC(=O)[C@@H](O)C(F)(F)F)[C@@H](C)C1,,,,,,ZINCpq00000CE87W
,,CCC[C@H](C#N)C(=O)N[C@H](C(=O)N1CC2(CNC(=O)C2)C1)C(C)(C)C,,,,,,ZINCpe000015JYTk
,,CCC=C(F)C(=O)N[C@H]1CCCCN(C(=O)C[C@@H]2C[C@@H](C)O[C@H]2C)C1,,,,,,ZINCpz0000027Qe7
,,C[C@H]1CCN(C(=O)c2ccoc2Cl)[C@@H](C(=O)N2CC([S@@](C)(=N)=O)C2)C1,,,,,,ZINCpq00000CE87S
,,CCC=C(F)C(=O)N[C@H]1CCN(C(=O)c2cc(C(C)C)[nH]n2)C1(C)C,,,,,,ZINCpz0000027QkG
,,CCS(=O)(=O)N(C)CC(=O)N[C@H](C)CNC(=O)[C@H](C)C(F)F,,,,,,ZINCm5000008ogKx
,,CC[C@@H](CNC(=O)C1(C)CC(C)C1)NC(=O)C#C[C@@H]1CCCOC1,,,,,,ZINCoo000007KDew
,,C=CC[C@@H](C)N[C@@]1(c2nnnn2CCC)CCSC1,,,,,,ZINCjp00000Pvj1r
,,Cc1nc(C)c(C(=O)N(C)[C@H](C)C(=O)NCc2cncc(C#N)c2)o1,,,,,,ZINCpj00001BKHhK
,,CO[C@@H]1C[C@H]2C[C@@H](C(=O)Nc3ccc(NS(N)(=O)=O)cc3)C[C@H]21,,,,,,ZINCnj00000RNfru
,,CCC=C(F)C(=O)N[C@@H]1CN(C(=O)c2cc(O)ccc2C)CC[C@@H]1C,,,,,,ZINCpz0000027PDo
,,CCn1cc(CN(Cc2cc(Br)cs2)C[C@]2(CO)CC23CCC3)nn1,,,,,,ZINCpG00000FKK6e
,,CC(C)CCO[C@@H](C)C(=O)N1[C@H](C)CC[C@@H]1C(=O)NOC/C=C/Cl,,,,,,ZINCow00000padGt
,,C[C@@H]1CN(C(=O)C23CC(NC(=O)[C@@H]4C[C@H](O)CN4C)(C2)C3)CCS1,,,,,,ZINCo600000HJtyU
,,CCS(=O)(=O)N1CC(C(=O)NCCNC(=O)C(C)=C2CC2)C1,,,,,,ZINCm5000008ohd8
,,CCC[C@H](C#N)C(=O)N[C@@H](C(=O)NC1(CO)CCC1)c1ccnn1C,,,,,,ZINCpb000015JYTM
,,CC(C)[C@H](C#N)C(=O)N[C@H](C(=O)N1CC[C@@H](CN(C)C)C1)C(C)(C)O,,,,,,ZINCpa000015JYTv
,,CCn1cc(CN(Cc2cc(Br)cs2)C[C@H]2CC3(CCC3)CO2)nn1,,,,,,ZINCpK00000FKK6g
,,CO[C@@H]1C[C@@H]2C[C@H](C1)CN2C(=O)c1ccc(CNS(C)(=O)=O)o1,,,,,,ZINCnf00000RNfrf
,,CN(CC12CC3CC(CC(C3)C1)C2)C(=O)[C@H]1C[C@H]1C(=O)NCCO,,,,,,ZINCok00000e7Pyy
,,CCn1cc(CN(Cc2cc(Br)nn2C)C[C@@H]2CCC[C@@H](F)C2)cn1,,,,,,ZINCpJ00000FKK6k
,,Cc1nc(CCC(=O)NC[C@H](CF)Nc2ccc([S@@](N)=O)cn2)cs1,,,,,,ZINCpj00001BKHhQ
,,CC(=O)c1cnc(NCc2cncc(C)n2)c(Cl)c1,,,,,,ZINCjw000005PDUM
,,CCC[C@@H](C)N=c1cccc(S(=O)(=O)NCC[C@H](C)O)[nH]1,,,,,,ZINCln00000Pvj1E
,,COC[C@@]1(C(=O)N[C@H](C)C2CCN(C(=O)C(C)(Cl)Cl)CC2)CC1(F)F,,,,,,ZINCpv00000pM0tW
,,C=Cn1cc(CN(Cc2cc(Br)n[nH]2)C[C@]2(O)CCCC2(C)C)cn1,,,,,,ZINCpE00000FKK6m
,,CC[C@@H](CNC(=O)C1(C)CC(F)(F)C1)NC(=O)C=Cc1cnc[nH]1,,,,,,ZINCoo000007KDfa
,,CCC=C(F)C(=O)N[C@H](C)CCCNC(=O)c1ccc2c(c1)CCN2,,,,,,ZINCpz0000027PZF
,,Cc1ncc(CC(=O)NC[C@H](C)C(=O)N2CCN(C)C[C@@H]2C2CC2)s1,,,,,,ZINCpi00001BKHhI
,,CCC[C@H](C#N)C(=O)N[C@@H](C(=O)N1C[C@@](C)(O)CO1)c1cnn(C)c1,,,,,,ZINCp6000015JYTy
,,C[C@@]1(C(=O)N2CC[C@H](CC3CC3)C2)CCCN1C(=O)C1=COCC1,,,,,,ZINCot00000moXrW
,,C=CC[C@@H](C)N=c1cc(C)nc(N(C)CCC(N)=O)[nH]1,,,,,,ZINCkk00000Pvj1K
,,CCC[C@H](C)N=c1cc(C)nc(NC2CS(=O)(=O)C2)[nH]1,,,,,,ZINCkl00000Pvj1J
,,CCS(=O)(=O)N(C)CCNS(=O)(=O)CC12CCN(CC1)CC2,,,,,,ZINCm5000008oh3u
,,CC(C)[C@H](CNC1C[C@@H](C)S(=O)(=O)[C@H](C)C1)CC(=O)O,,,,,,ZINCkm00000Pvj1U
,,CN(CC1CC1)C[C@H]1CCN(C(=O)C2(C3(O)CCOCC3)CC2)C1,,,,,,ZINCok00000e7PDJ
,,CCC[C@H](C#N)C(=O)N[C@H](C(=O)N(C)[C@@H](C)C(=O)N(C)C)C1(C)CC1,,,,,,ZINCph000015JYUi
,,CC(C)[C@H](C#N)C(=O)N[C@H](C(=O)NC1CC(C)(CO)C1)[C@H]1CCOC1,,,,,,ZINCpb000015JYTK
,,C[C@H]1CN(C(=O)C23CC(NC(=O)C[C@H](O)CN(C)C)(C2)C3)CCS1,,,,,,ZINCo900000HJtyM
,,C[C@@H]1CCN(C(=O)c2ccoc2Cl)[C@@H](C(=O)NCc2nccn2C)C1,,,,,,ZINCps00000CE87U
,,CCn1cc(CN(Cc2cc(Br)nn2C)C[C@@](C)(F)C(C)C)c(C)n1,,,,,,ZINCpK00000FKK6i
,,CC1(C(=O)N2CC[C@H](C3(C)N=N3)C2)CN(C(=O)c2cc(Cl)c[nH]2)C1,,,,,,ZINCor00000moXrV
,,COCC1(C(=O)N[C@H](C)CCN(C)C(=O)[C@@H]2CCCSC2)CCCC1,,,,,,ZINCpw00000pM0u4
,,CCC[C@H](C#N)C(=O)N[C@H](C(=O)N1C[C@H](O)CC(C)(C)C1)[C@@H](C)OC,,,,,,ZINCpg000015JYTB
,,Cc1nc(C)c(C(=O)NC[C@@H](C)CNS(=O)(=O)CCCOC(C)C)s1,,,,,,ZINCpo00001BKHhH
,,CCS(=O)(=O)N(C)CC(=O)N[C@@H](C)CN(C)C(=O)[C@H](C)C#N,,,,,,ZINCm5000008ogCx
,,COC[C@@]1(C(=O)N[C@@H](C)CCN(C)C(=O)c2cc(Cl)cs2)CCCO1,,,,,,ZINCpv00000pM0u0
,,C[C@H](NC(=O)[C@@H]1CCc2nccn21)C(=O)N1CCN(C)C(C)(C)C1,,,,,,ZINCoa00000HQWjt
,,CC(C)C(F)(F)C(=O)OCCc1cccc(OC(F)(F)F)c1,,,,,,ZINCmJ00000dwutx
,,COC[C@@]1(C(=O)N[C@@H](C)CCN(C)C(=O)CCC2CCC2)CC1(F)F,,,,,,ZINCpv00000pM0u3
,,CC1(C(=O)N2CC[C@H](C3(C)CC3)C2)CN(C(=O)[C@]23CSC[C@@H]2C3)C1,,,,,,ZINCos00000moXrR
,,COC[C@@]1(C(=O)N[C@@H](C)[C@@H](C)NC(=O)c2cnc(Cl)s2)CC=CCC1,,,,,,ZINCpx00000pM0ud
,,CC[C@@H](CNC(=O)C1(C)CC(F)C1)NC(=O)C[C@](C)(O)C(F)(F)F,,,,,,ZINCoo000007KDfR
,,O=C(OC[C@@H](CO)C(F)(F)F)c1ccc2ccncc2c1,,,,,,ZINClv00000gkmXZ
,,CC(C)C(F)(F)C(=O)NN1CCC(c2ccc(Br)cc2)CC1,,,,,,ZINCmJ00000dwutu
,,CCS(=O)(=O)N1CC(C(=O)N(C)CCN(C)C(=O)C(C)C)C1,,,,,,ZINCm5000008oh4E
,,Cc1ncc(CC(=O)N(C)[C@@H](C)C(=O)N2CCN(C)[C@H](C(C)C)C2)s1,,,,,,ZINCpm00001BKHhJ
,,CCn1cc(CN(Cc2cc(Br)c[nH]2)C[C@@H](CO)CC(C)(C)C)nn1,,,,,,ZINCpE00000FKK6a
,,CC(C)[C@H](C#N)C(=O)N[C@@H](C(=O)N(C)C[C@H]1COCCO1)C1CCC1,,,,,,ZINCpf000015JYU2
,,Cc1nc(C)c(C(=O)NC[C@H](C)[C@H](F)C(=O)N[C@@H]2CCCN(C)C2)s1,,,,,,ZINCpm00001BKHhB
,,CCC[C@H](C#N)C(=O)N[C@H](C(=O)N(C)Cc1nc[nH]n1)C1(O)CCC1,,,,,,ZINCp7000015JYTV
,,CCC[C@@H](CNC1CC(CCS(C)(=O)=O)C1)C(=O)OC,,,,,,ZINCkj00000Pvj1B
,,CCC[C@H](C#N)C(=O)N[C@H](C(=O)N1CC(N2CCOC2=O)C1)C(C)C,,,,,,ZINCpd000015JYTC
,,CCC=C(F)C(=O)N[C@@H]1CN(C(=O)[C@H](CC)OCC)[C@H]2CCCC[C@H]12,,,,,,ZINCpz0000027PCN
,,CCC#CCOC(=O)c1ccc(CN2CCO[C@@H](C)C2)cc1,,,,,,ZINCmu0000015Zed
,,COCC1(C(=O)N[C@H]2[C@@H]3C[C@H]2N(C(=O)c2ccc(Br)cc2C)C3)CC1,,,,,,ZINCpv00000pM0tS
,,C[C@H](NC(=O)[C@H]1CCc2nccn21)C(=O)N1CC[C@@H](OCCF)C1,,,,,,ZINCoa00000HQWjq
,,C[C@@H]1CCN(C(=O)c2cc(=O)cc[nH]2)C[C@H]1CC(=O)N[C@H]1C[C@@H](C)C1,,,,,,ZINCpr00000CE883
,,CC(=O)c1cnc(N[C@H]2C[C@@H](O)C23CCC3)c(Cl)c1,,,,,,ZINCjw000005PDUQ
,,CC(C)CCO[C@@H](C)C(=O)N1CCSC[C@H]1C(=O)N(C)CC(C)C,,,,,,ZINCou00000padGq
,,CCC[C@H](C)Nc1cc(N2CC[C@@H](OCCO)C2)ncn1,,,,,,ZINClm00000Pvj1W
,,C=CC[C@H](C)N=c1ccc(Br)c(S(=O)(=O)N(C)CCO)[nH]1,,,,,,ZINClo00000Pvj1z
,,COCC1(C(=O)N[C@H](C)CCN(C)C(=O)c2ccc(C)cc2F)CC1,,,,,,ZINCpv00000pM0tZ
,,CCC[C@H](C#N)C(=O)N[C@H](C(=O)NCC#CCOC)c1cn(C)nn1,,,,,,ZINCp5000015JYU0
,,CC(C)[C@@H](C#N)C(=O)N[C@@H](C(=O)NCCCN1CCOC1=O)C1CC1,,,,,,ZINCpc000015JYU7
,,CCC[C@@H](C#N)C(=O)N[C@@H](C(=O)N(C)Cc1cccnc1O)C1CC1,,,,,,ZINCph000015JYTT
,,O=C(OC[C@@H](CO)C(F)(F)F)c1cc2nc(Cl)ccc2s1,,,,,,ZINClC00000gkmXW
,,COC[C@]1(C(=O)N[C@H](C)[C@H]2CCCN2C(=O)/C=C/C(C)C)C=CCC1,,,,,,ZINCpw00000pM0u7
,,CCN(CCO)c1ccc(NC(=O)N[C@H]2CC3CCC2CC3)cc1,,,,,,ZINCoC00000Ik5oT
,,C[C@@H]1CN(C(=O)C23CC(NC(=O)[C@H]4C[C@@H](O)C4)(C2)C3)C[C@@H]1N(C)C,,,,,,ZINCo800000HJtyT
,,CO[C@@H]1C[C@H]2C[C@H]1CN(C(=O)c1cc(-n3cccn3)ccn1)C2,,,,,,ZINCnn00000RNfr9
,,COC[C@]1(C(=O)N[C@H](C)[C@H]2CCCN2C(=O)CSC(C)C)C=CCC1,,,,,,ZINCpw00000pM0uc
,,CCN(C)C(=O)c1ccc(CN[C@H](CN(C)C)c2cccs2)cc1,,,,,,ZINCoC00000Ik5oK
,,Cc1nc(C)c(C(=O)N(C)[C@H](C)CC(=O)N[C@@H]2CCN(C)C[C@@H]2C)o1,,,,,,ZINCpl00001BKHhw
,,C[C@@H]1CCN(C(=O)C2CC(OC3CC3)C2)[C@H](C(=O)N2C[C@H]3C[C@H]3C2)C1,,,,,,ZINCpq00000CE87Y
,,C[C@@H]1CN(C(=O)C23CC(NC(=O)CCNC(=O)CO)(C2)C3)CCS1,,,,,,ZINCo500000HJtyP
,,Cc1ncc(CC(=O)N(C[C@H](C)[C@H]2CCOC2)CC2(CO)CCC2)[nH]1,,,,,,ZINCpp00001BKHhA
,,CCN(C)C(=O)c1ccc(CN[C@H](CO)C(C)(C)C(F)(F)F)cc1,,,,,,ZINCoy00000Ik5oL
,,CCn1cc(CN(Cc2cc(Br)cs2)C[C@](C)(O)C2CCCC2)nn1,,,,,,ZINCpK00000FKK6f
,,C=CC[C@H](C)NC1(c2nnnn2CC=C)CC(COC)C1,,,,,,ZINClm00000Pvj1p
,,COCC1(C(=O)N[C@@H]2C[C@H]3C[C@H]2CN(C(=O)c2cc(Cl)cs2)C3)CC1,,,,,,ZINCpx00000pM0tP
,,CC(C)[C@H](CNC1CC(C2OCCO2)C1)C(=O)O,,,,,,ZINCig00000Pvj1y
,,NCCONC(=O)C1(CC2=CC=CC=C2)CCCCC1,,,,,,ZINCkr000007dWBm
,,CC(C)[C@@H](CNC1CCC(S(C)(=O)=O)CC1)C(=O)O,,,,,,ZINCji00000Pvj1Q
,,CCC=C(F)C(=O)N[C@@]1(C)CCCN(C(=O)CCC2CC(OC)C2)C1,,,,,,ZINCpz0000027PPR
,,O=C(OC[C@@H](CO)C(F)(F)F)C1(c2cccc(Cl)c2)CC1,,,,,,ZINClA00000gkmXU
,,C=CC[C@H](C)NC1(c2nnnn2CCC2CC2)COC1,,,,,,ZINCki00000Pvj1o
,,C[C@@H]1CCN(C(=O)C2CC(OC3CC3)C2)[C@H](C(=O)N2CC(F)(F)C2)C1,,,,,,ZINCpq00000CE87X
,,CO[C@H]1C[C@@H]2CC[C@H](C1)N2S(=O)(=O)c1ccccc1S(N)(=O)=O,,,,,,ZINCnc00000RNfr6
,,CCc1noc(C)c1NC(=O)Nc1nc2c(OC)ncnc2s1,,,,,,ZINCnv000009VzLo
,,C[C@H]1CN(C(=O)C23CC(NC(=O)CCN(C)CCO)(C2)C3)CCO1,,,,,,ZINCo500000HJtyN
,,CCC[C@@H](C#N)C(=O)N[C@H](C(=O)NCC(C)(C)C(=O)NCC)[C@@H](C)O,,,,,,ZINCp6000015JYTY
,,C[C@H]1CCN(C(=O)c2cc(=O)cc[nH]2)C[C@@H]1N=c1[nH]nc(C2CC2)o1,,,,,,ZINCpq00000CE884
,,CC[C@@H](CNC(=O)C(F)(F)C1(OC)CCC1)NC(=O)[C@H]1CC1(F)F,,,,,,ZINCoo000007KCXp
,,C[C@H]1CN(C(=O)C23CC(NC(=O)[C@@H]4CCC(=O)O4)(C2)C3)CC[S@@]1=O,,,,,,ZINCo500000HJtyS
,,COC[C@]1(C(=O)N[C@H](C)CCN(C)C(=O)c2sccc2Cl)CCCO1,,,,,,ZINCpv00000pM0u1
,,CC[C@@H](CNC(=O)C1(C)CCC(OC)CC1)NC(=O)[C@@H](C)COC,,,,,,ZINCoo000007KDj3
,,CC[C@@H](CNC(=O)C(F)=CC1CC1)NC(=O)c1cccc(C#N)n1,,,,,,ZINCoo000007KD7c
,,CCC=C(F)C(=O)N[C@@H]1CC[C@H]2CN(C(=O)c3ccc(C)[nH]3)C[C@H]2C1,,,,,,ZINCpz0000027PAf
,,CCN(C)C(=O)C1CCN(C(=O)Cc2cc(Cl)c(F)cc2Cl)CC1,,,,,,ZINCoD00000Ik5oW
,,CO[C@@H]1C[C@H]2C[C@H](CNCc3cccc(OCC(N)=O)c3)C[C@H]21,,,,,,ZINCnn00000RNfrp
,,C[C@H](NC(=O)[C@H]1CCc2nccn21)C(=O)NCc1ccnc(F)c1,,,,,,ZINCod00000HQWjy
,,COCC1(C(=O)N[C@@H](C)[C@@H](C)NC(=O)[C@H](F)c2ccccc2)CCC1,,,,,,ZINCpv00000pM0ue
,,CC(C)CCO[C@@H](C)C(=O)N1CCN(c2ncns2)CC(C)(C)C1,,,,,,ZINCow00000padGn
,,CC1(C(=O)N2CC[C@H](C(C)(C)C)C2)CN(C(=O)[C@@H](O)C(C)(C)C)C1,,,,,,ZINCor00000moXrZ
,,CC[C@@H](CNC(=O)C1(C(F)F)CC1)N=c1nc(OC)cc(OC)[nH]1,,,,,,ZINCoo000007KDbT
,,C[C@@H]1CN(C(=O)C23CC(NC(=O)[C@H](F)C(C)(C)O)(C2)C3)CC[S@]1=O,,,,,,ZINCo700000HJtyW
,,CCS(=O)(=O)N1CC(CNC(=NC)N2CC[C@@H](O)[C@@H](C)C2)C1,,,,,,ZINCm5000008ohna
,,CCC[C@H](C#N)C(=O)N[C@@H](C(=O)N1CCC(C(N)=O)CC1)C1(C)CC1,,,,,,ZINCpf000015JYTq
,,CC(C)[C@H](CN=c1ccc([N+](=O)[O-])c(O)[nH]1)OCCO,,,,,,ZINCkh00000Pvj1O
,,C[C@H]1CN(C(=O)C23CC(NC(=O)CN(C)C(N)=O)(C2)C3)CC[S@]1=O,,,,,,ZINCo500000HJtyZ
,,CCC=C(F)C(=O)N[C@H]1CCC[C@@H]1CN=c1ccc2ncc[nH]c-2n1,,,,,,ZINCpz0000027Qio
,,CCC[C@H](C#N)C(=O)N[C@H](C(=O)NCC1([C@H](O)C(C)C)CC1)[C@@H](C)O,,,,,,ZINCpd000015JYTP
,,C[C@@H]1CN(C(=O)C23CC(NC(=O)[C@H]4CCS4(=O)=O)(C2)C3)CC[C@H]1O,,,,,,ZINCo500000HJtyV
,,CN(CC1(NC(=O)c2cnsc2)CC1)C(=O)Cc1cc(Cl)n(C)n1,,,,,,ZINCok00000e7PaP
,,CCC=C(F)C(=O)N[C@H]1CN(C(=O)Cc2sc(C)nc2C)CC[C@@H]1C,,,,,,ZINCpz0000027QrZ
,,CCCC(F)(F)C(=O)N(NC(=O)OC(C)(C)C)[C@@H](C)C1CC1,,,,,,ZINCmE00000dwutv
,,Cc1nc(CCC(=O)NC[C@@H](C)N(C)C(=O)[C@@H]2CCC[C@H]2O)oc1C,,,,,,ZINCpj00001BKHhW
,,CCC=C(F)C(=O)N[C@H](C)C1CN(C(=O)c2cc3c(o2)CCCC3)C1,,,,,,ZINCpz0000027PVJ
,,CC(C)N1N=CC=C1CNCC1CCCCC(F)(F)C1,,,,,,ZINCkH000007dWzy
,,C[C@H]1CCN(C(=O)c2ccoc2Cl)C[C@@H]1NC(=O)[C@@H]1CCCN(C)C1,,,,,,ZINCps00000CE87Q
,,Cc1nc(C)c(C(=O)N(C)[C@@H](C)CC(=O)NCCN2CC=CCC2)s1,,,,,,ZINCpp00001BKHhu
,,CCN(C)C(=O)c1ccc(CNc2ccnc(N3CCC3)c2)cc1,,,,,,ZINCoz00000Ik5oJ
,,CCC=C(F)C(=O)N[C@H]1CN(c2ncnc3c2CCCC3)CC1(C)C,,,,,,ZINCpz0000027QtB
,,CCC[C@H](C#N)C(=O)N[C@@H](C(=O)N1CCC(CO)CC1)[C@H]1CCCO1,,,,,,ZINCpe000015JYTr
,,CO[C@@H]1C[C@H]2C[C@H]1CN(C(=O)c1ccc(CNS(C)(=O)=O)o1)C2,,,,,,ZINCne00000RNfr7
,,CC1=CC(=O)N2N=C(OC3=CC=C(F)C=C3Cl)SC2=N1,,,,,,ZINCkA000007dWCr
,,CC[C@@H](CNC(=O)C1(C)CC(F)C1)Nc1ncnc2c1ncn2C,,,,,,ZINCoo000007KDgE
,,C[C@H]1CN(C(=O)C23CC(NC(=O)C[C@@H]4CNC(=O)O4)(C2)C3)C[C@@H]1O,,,,,,ZINCo500000HJtyL
,,CCC[C@H](C)N=c1[nH]c(=NC)[nH]c(=NCc2ccccc2Br)[nH]1,,,,,,ZINCnI00000ljoPV
,,CCC[C@H](CN=c1[nH]cnc(NCc2ccoc2C)c1C)OC,,,,,,ZINCnF00000ljoPR
,,CN(CC1(NC(=O)c2cnc3nccn3c2)CC1)C(=O)C(C)(C)C,,,,,,ZINCok00000e7P4b
,,CC1(C(=O)N2CC[C@H](C3(C)CC3)C2)CC(NC(=O)c2cocn2)C1,,,,,,ZINCos00000moXrQ
,,CC1(C)C[C@]1(C)C(=O)N[C@@H]1C[C@H]1NC(=O)C=Cc1ccc([N+](=O)[O-])s1,,,,,,ZINCpu00000gsd4y
,,C[C@@H]1CN(C(=O)C23CC(NC(=O)C(=O)N(C)C)(C2)C3)CC[C@@H]1CO,,,,,,ZINCo500000HJtz0
,,CCc1noc(C)c1CNC(=NCCOC)NC1CCCCC1,,,,,,ZINCnv000009VzIZ
,,COC[C@]1(C(=O)N[C@H]2CN(C(=O)C(C)(Cl)Cl)CC3(CC3)C2)C=CCC1,,,,,,ZINCpw00000pM0tV
,,CCS(=O)(=O)N1CC(CNC(=NC)NCC2CC(OC)C2)C1,,,,,,ZINCm5000008ohnD
,,Cc1ncc(CC(=O)NC[C@@H](C)CC(=O)N(C)Cc2c[nH]nc2C)s1,,,,,,ZINCpo00001BKHhq
,,CO[C@H]1C[C@H]2C[C@H](C(=O)Nc3nc(O)c4cnn(C)c4n3)C[C@@H]12,,,,,,ZINCnc00000RNfrw
,,CCC[C@H](C#N)C(=O)N[C@@H](C(=O)N1CCO[C@@H](CF)C1)C1(O)CCC1,,,,,,ZINCpb000015JYTH
,,CC(C)[C@H](C#N)C(=O)N[C@@H](C(=O)N(C)C[C@H](O)CF)c1ccnn1C,,,,,,ZINCp7000015JYU6
,,CCn1cc(CN(Cc2cc(Br)c[nH]2)C[C@H](OC)C(F)(F)F)c(C)n1,,,,,,ZINCpI00000FKK6b
,,C[C@@H]1CN(C(=O)[C@]23CCN(C(=O)C(C)(C)O)CC[C@H]2C3)CC[S@]1=O,,,,,,ZINCo900000HJtyK
,,C[C@H](NC(=O)[C@@H]1CCc2nccn21)C(=O)N(C)[C@@H]1CCOC[C@H]1C,,,,,,ZINCod00000HQWjB
,,CC[C@@H](CNC(=O)C1(C(F)(F)F)CCC1)NC(=O)c1ccncn1,,,,,,ZINCoo000007KDbA
,,CO[C@H]1C[C@H]2C[C@@H](C(=O)N3CCN(c4nccnn4)CC3)C[C@@H]12,,,,,,ZINCnb00000RNfrr
,,CC(=O)c1cc(F)cc(C2=CC[C@H](N3CCCC3)CC2)c1,,,,,,ZINClK00000sBup0
,,C[C@H](CNC(=O)[C@H]1CC[C@@H](NC(=O)C(C)(C)C#N)CC1)OCCO,,,,,,ZINCod000011Py6Z
,,CCN1Cc2ccccc2[C@H](NC(=O)NC[C@@]23C[C@H]4C[C@H]2[C@H]3[C@H]4O)C1,,,,,,ZINCpo00000aRKXi
,,Cc1cncn1CC(=O)N1C[C@@H](NC(=O)COC2COC2)CC[C@H]1C,,,,,,ZINCp7000006bjXJ
,,CC[C@@H](C(=O)N(C)[C@@H](CC(C)C)C(=O)N1CCCC1)N(C)C,,,,,,ZINCmo00000x18nI
,,C[C@H](CNC(=O)[C@H]1C=C[C@H](NC(=O)C=Cc2cocn2)C1)N(C)C,,,,,,ZINCoe000011Py6U
,,CCn1cccc1CN(CC1(F)CCC1)C(=O)[C@@H]1C[C@@H](C)CO1,,,,,,ZINCnB00000sWSjV
,,CC=CC[C@@H](N)C(=O)NCc1nc(Cl)c(C)cc1F,,,,,,ZINCjq00000aSfAz
,,Cc1cncc(CC(=O)N2CCOC3(C2)CN(C(=O)C(C)(C)O)C3)c1,,,,,,ZINCp7000006binD
,,Cc1cncn1CC(=O)N[C@H]1CCN(C(=O)c2ns[nH]c2=O)C[C@@H]1F,,,,,,ZINCp7000006bkKO
,,C[C@H](F)CCNC(=O)/C=C/[C@@H]1CCCN1C(=O)C[C@@H]1CCOC1(C)C,,,,,,ZINCpw00000xImwP
,,COCC=CC(=O)N1C[C@@H](C(=O)N2C[C@H]3CCCC[C@H]32)C2(CC2)C1,,,,,,ZINCoo00000tdpak
,,C=C1CC(C)(C(=O)N[C@H](C)CCNC(=O)c2nc(C)c(C)cc2Br)C1,,,,,,ZINCpE00000oIW3N
,,CCC(C)(C)CN(Cc1csc(C)n1)C(=O)[C@H]1C[C@@H](C(=O)OC)C1,,,,,,ZINCoE00000lu9KN
,,CC[C@@H](C(=O)NC[C@@H](C)C1CC1)N(C)C(=O)c1nocc1C,,,,,,ZINCmp00000x18nu
,,CCCC[C@@H](NC(=O)C=C(C1CC1)C1CC1)C(=O)N(C)C[C@H](O)CF,,,,,,ZINCpr00000m9IIE
,,COC1CCN(C(=O)C[C@@H](CNC(=O)CSCC(F)F)OC)CC1,,,,,,ZINCoh00000sKn8R
,,CC1(C)CN(C(=O)[C@H]2CCCCO2)CC[C@H]1NC(=O)c1coc(Br)c1,,,,,,ZINCpz0000024VNp
,,CC[C@@H](CO)N(CC)C(=O)[C@H]1C[C@H](NC(=O)[C@@H]2C=CCCC2)C1,,,,,,ZINCno00001A2aMS
,,Cc1cccc(C(=O)N2C[C@@H](C(=O)N(C)C[C@@H](F)Cl)C3(CC3)C2)c1N,,,,,,ZINCpu00000iUzqU
,,Cc1cncnc1N1CC[C@H](C)[C@@H](NC(=O)CN2CCCS2(=O)=O)C1,,,,,,ZINCp7000006bl6Z
,,C[C@H](CNC(=O)[C@H]1C=C[C@@H](NC(=O)CC2CC(F)C2)C1)OCCO,,,,,,ZINCoc000011Py6P
,,C[C@H](F)CCNC(=O)/C=C/CC(C)(C)NC(=O)[C@@H]1CCC(=O)C[C@H]1C,,,,,,ZINCpw00000xImwF
,,C[C@H](F)CCNC(=O)/C=C/CC1(NC(=O)C[C@H]2CCCOC2)CCC1,,,,,,ZINCpw00000xImwD
,,CC[C@@H](CO)N(CC)C(=O)[C@H](NC(=O)[C@]12COC[C@H]1C2)C(C)C,,,,,,ZINCnd00001A2aMX
,,C[C@H](F)CCNC(=O)/C=C/[C@H]1CCCN1C(=O)CC[C@@H]1CCC(=O)C1,,,,,,ZINCpv00000xImwO
,,CC1(C)CN(C(=O)COC(F)F)CC[C@H]1NC(=O)Cc1csc(Cl)c1,,,,,,ZINCpz0000024Ve8
,,Cc1cncn1CC(=O)NCCC[C@H]1CCCN1CC(=O)NCC#N,,,,,,ZINCp7000006bkby
,,COC1CCN(C(=O)C[C@@H](C)NC(=O)[C@H]2CCO[C@H]2C(C)C)CC1,,,,,,ZINCol00000sKn8P
,,CCN1C[C@@H](C(=O)NC2(CN=c3[nH]cncc3Cl)CCCC2)CC1=O,,,,,,ZINCpo00000aRJJo
,,CCCS(=O)(=O)C1CN(C(=O)c2cc(F)ccc2N=[N+]=[N-])C1,,,,,,ZINCmu00000eAdBP
,,CC1(C)CN(C(=O)C[C@H]2CCC3(CCC3)O2)C[C@H]1CN=c1nc[nH]s1,,,,,,ZINCpz0000024Vl3
,,CCCC[C@H](NC(=O)Cc1scnc1C)C(=O)NCc1ncc(C)o1,,,,,,ZINCps00000m9IIr
,,CC[C@H](C(=O)N(C)CCOC)N(C)C(=O)C#CC1CCOCC1,,,,,,ZINCnd00001A2aN1
,,Cc1cnccc1C(=O)NC1CN(C(=O)c2cc(C(N)=O)ccn2)C1,,,,,,ZINCp7000006bjaB
,,CC1(C)CN(C(=O)[C@]2(C)CCCO2)C[C@@H]1CN=c1[nH]nc(C(F)F)s1,,,,,,ZINCpz0000024VSW
,,CC(C)c1ncc([C@H](C(=O)NCCC2CC2)N2CCCOCC2)[nH]1,,,,,,ZINCos00000sRZVg
,,C[C@H](F)CCNC(=O)C(C)(C)[C@@H]1CCN(C(=O)[C@@H]2OCCC2(C)C)C1,,,,,,ZINCpv00000xImwM
,,CC1(C)CN(C(=O)[C@@H]2C(F)(F)C23CCC3)CC[C@H]1NC(=O)C1(Cl)CC1,,,,,,ZINCpz0000024VrI
,,Cc1cncc(C(=O)N2C[C@H](CNC(=O)[C@H]3COC(=O)C3)[C@@H](C)C2)n1,,,,,,ZINCp7000006bh3c
,,CO[C@@](C)(C(=O)N1C[C@@H]2C[C@]2(NC(=O)[C@H](C)C(C)(C)C)C1)C(C)C,,,,,,ZINCou00000hlpEA
,,CCN1C[C@@H](C(=O)N(C)C[C@H](C)N=c2[nH]c3cccnc3s2)CC1=O,,,,,,ZINCpo00000aRJB9
,,COCCC(=O)N1C[C@@H]2C[C@H]1C[C@H]2CNC(=O)c1sc(Br)cc1F,,,,,,ZINCow00000hlpEH
,,C[C@H](F)CCNC(=O)/C=C/CC1(NC(=O)CCCCN(C)C)CCC1,,,,,,ZINCpv00000xImwC
,,CO[C@@](C)(C(=O)N1C[C@H]2CC[C@H]1CN2C(=O)/C=C/C(C)C)C(C)C,,,,,,ZINCou00000hlpEC
,,CC(C)S(=O)(=O)C1CN(C(=O)Cc2csc(C(C)(C)C)n2)C1,,,,,,ZINCmq00000eAdBS
,,COc1cc(NC(=O)C[C@@H](C)N(C)C(=O)CNC(C)=O)ccc1F,,,,,,ZINCoh00000sKn8H
,,CCN1CC[C@]2(CCCN(C(=O)[C@H](C)n3nnnc3C(C)(C)C)C2)C1,,,,,,ZINCpo00000aRJvO
,,Cc1cnccc1C(=O)N1CC2(C1)CN(C(=O)[C@H]1CCN(C)C1=O)C2,,,,,,ZINCp7000006biXy
,,CCN=c1[nH]c(C(=O)N[C@@H]2CCN(C(=O)CC[C@H](C)O)[C@@H](C)C2)cs1,,,,,,ZINCpo00000aRLLl
,,C[C@H](CNC(=O)[C@H]1CC[C@H](NC(=O)Cc2csnn2)CC1)N(C)C,,,,,,ZINCoe000011Py6R
,,CCn1cccc1CN(CC1(F)CC1)C(=O)[C@H](C)CC(F)(F)F,,,,,,ZINCnJ00000sWSjP
,,CC[C@@H](C(=O)NC[C@@H](C)CC(C)C)N(C)C(=O)C1=NOCC1,,,,,,ZINCmn00000x18nF
,,Cc1cncnc1N1CCO[C@H](CNC(=O)c2coc(C(N)=O)c2)C1,,,,,,ZINCp7000006bl35
,,CCCC[C@H](CNC(=O)[C@@H]1C[C@H]1COC)NC(=O)CN(C)C(N)=O,,,,,,ZINCo600000Bq5oL
,,CC[C@H](C(=O)NC[C@@](C)(O)COC)N(C)C(=O)CC1(O)CCC1,,,,,,ZINCn600001A2aN9
,,CCOc1cc(F)cc(-c2cc(C)c3nc(O)oc3c2)c1,,,,,,ZINClG00000sBuoY
,,CCN=c1[nH]c(C(=O)N2CC=C[C@@H](NC(=O)CO[C@@H](C)CC)C2)cs1,,,,,,ZINCpo00000aRL7q
,,CCN1CC[C@H]1C(=O)N[C@@H](C)CCNC(=O)c1cnc(C(F)(F)F)s1,,,,,,ZINCpo00000aRJ24
,,COC(C)(C)C(=O)N1C[C@@H](C(=O)N2C[C@H]3[C@@H](C2)C3(C)C)C2(CC2)C1,,,,,,ZINCon00000tdpal
,,COC(=O)C1=CC=C(CNC(=O)C2=C(C)N=C(Br)S2)S1,,,,,,ZINCkz0000062FKD
,,Cc1cnn(C)c1C(=O)NC[C@H](C)N(C)C(=O)C1CCS(=O)(=O)CC1,,,,,,ZINCp7000006bmco
,,Cc1nc(CN[C@H](C)c2cnn(C3CC3)c2)cc(C(F)F)n1,,,,,,ZINCmB000003z8MQ
,,CC[C@@H](C(=O)N(C)[C@H](C)CC1CC1)N(C)C(=O)[C@H]1C[C@@H](O)C1,,,,,,ZINCmm00000x18nC
,,Cc1cncc(C(=O)N[C@@H]2CN(C(=O)c3nncn3C)CC[C@@H]2C)n1,,,,,,ZINCp7000006bhWw
,,CCN1CC[C@H]1C(=O)NC[C@H](C)CNC(=O)CSc1cccc(F)c1,,,,,,ZINCpo00000aRILa
,,CCOc1cc(F)cc(-c2ccn3c2C(=O)NC[C@H]3C)c1,,,,,,ZINClz00000sBup2
,,COCCCC(=O)N1C[C@H](C(=O)N2C[C@H]3[C@@H](C2)C3(C)C)C2(CC2)C1,,,,,,ZINCon00000tdpam
,,CCN1C[C@H](NC(=O)[C@@H]2Cc3ccncc3C2)CC2(CCOCC2)C1,,,,,,ZINCpo00000aRKPF
,,Cc1nc(CN[C@H](C)c2nnnn2C2CCCCC2)c(C)s1,,,,,,ZINCmB000003z8MT
,,CC[C@@H](CO)N(CC)C(=O)[C@@H]1CC[C@@H]1NC(=O)C[C@H](C)C(F)F,,,,,,ZINCnn00001A2aMN
,,CC(C)(CCCl)C(=O)NCC(O)CCC1=CC=CC=C1,,,,,,ZINCkx0000062FM9
,,CC[C@H](C(=O)NCCCOC)N(C)C(=O)CNC(=O)C(C)(C)C,,,,,,ZINCnb00001A2aN4
,,Cc1cncn1CC(=O)NC[C@H]1CC2(CC2)CN1c1ncnc(=N)[nH]1,,,,,,ZINCp7000006bko6
,,CCOC(=O)c1cc(C(=O)NCC2(NC(=O)C(N)=O)CC2)[nH]c1C,,,,,,ZINCo500000Bq55C
,,COCC=CC(=O)N1C[C@@H](C(=O)N2CCC[C@H]2CSC)C2(CC2)C1,,,,,,ZINCon00000tdpae
,,CCN1CC[C@H]1C(=O)NC[C@@]1(C)CCCN1C(=O)c1nc(Cl)oc1C,,,,,,ZINCpo00000aRIJM
,,C[C@@H](F)CC(=O)N[C@H]1CN(C(=O)CN2CCOCC2=O)CC1(C)C,,,,,,ZINCo500000Bq5rb
,,CN1C[C@H](O)CC[C@@H]1C(=O)NC[C@](C)(O)C1CCC1,,,,,,ZINCj700000PzACo
,,C=C(C)C[C@@H](N)C(=O)N(Cc1ccoc1)C1CC1,,,,,,ZINCiq00000aSfAx
,,CC(C)c1ncc([C@@H](C(=O)NC(C)(C)C)N2CCO[C@H]3CC[C@H]32)[nH]1,,,,,,ZINCot00000sRZVj
,,C/C=C/C[C@@H](NC(=O)C=C(C1CC1)C1CC1)C(=O)NCC[S@@](=O)CC,,,,,,ZINCpq00000m9IIG
,,C=C(C)C[C@H](NC(=O)C=C(C1CC1)C1CC1)C(=O)N1CCC(O)CC1,,,,,,ZINCpr00000m9IIy
,,C=CCCC(C)(C)CNC(=O)C[C@H](NC(=O)[C@@H](C#N)CC)C1CC1,,,,,,ZINCoz00000t8U2S
,,Cc1ccc(C(=O)N[C@@H](C)CCNC(=O)c2cncc(Br)c2Cl)cc1,,,,,,ZINCpH00000oIW3J
,,CC[C@@H](C(=O)N(C)[C@H](C)C1CC1)N(C)C(=O)Cn1ccnc1,,,,,,ZINCmj00000x18nw
,,CC[C@@H](C(=O)N(C)[C@H](C)c1cn([C@@H](C)CO)nn1)C1COC1,,,,,,ZINCmg00000x18nz
,,C[C@@H](CNC(=O)[C@H]1C=C[C@@H](NC(=O)CCCN=[N+]=[N-])C1)S(C)(=O)=O,,,,,,ZINCoc000011Py71
,,CCN1CC[C@H]1C(=O)N[C@]1(C)CCCN(C(=O)CSCC(F)(F)F)C1,,,,,,ZINCpo00000aRJsH
,,Cc1cnccc1C=CC(=O)N[C@H](C)C1(O)CN(C(=O)[C@H](C)CO)C1,,,,,,ZINCp7000006bjvN
,,CCN=c1[nH]c(C(=O)NC[C@@H](NC(=O)Cc2cscn2)C2CC2)cs1,,,,,,ZINCpo00000aRLyo
,,CN(C)[C@@H](CO)C(=O)NC1(CNC(=O)CS[C@@H]2CCOC2=O)CC1,,,,,,ZINCo400000Bq5nq
,,Cc1cncc(C(=O)NC[C@@H](NC(=O)Cn2ccc(=N)[nH]2)C(C)C)n1,,,,,,ZINCp7000006bhqB
,,CN1C[C@H](O)CC[C@H]1C(=O)N[C@@](C)(CO)C(C)(C)O,,,,,,ZINCj500000PzACr
,,C=CCC[C@H](NC(=O)CC(C1CC1)C1CC1)C(=O)NC1(CO)CCC1,,,,,,ZINCps00000m9IIA
,,Cc1cc(CCC(=O)N2C[C@@H](C(=O)N(C)C[C@@H](F)Cl)C(C)(C)C2)no1,,,,,,ZINCpt00000iUzqV
,,CC[C@@H](C(=O)NC[C@](C)(O)[C@@H](C)CC)N(C)C(=O)[C@@H](C)N(C)C,,,,,,ZINCng00001A2aMU
,,CCN1CC[C@H]1C(=O)NC[C@H](C)N=c1[nH]c(C2CC2)nc2c1CCC2,,,,,,ZINCpo00000aRIMK
,,CCN1CC[C@H]1C(=O)N[C@H](C)CNC(=O)c1cc(C(C)C)ccc1O,,,,,,ZINCpo00000aRJig
,,COC1CCN(C(=O)C[C@H](C)CNC(=O)CCOCC2CC2)CC1,,,,,,ZINCol00000sKn8y
,,C[C@H](F)CCNC(=O)CC[C@H]1CC[C@@H](NC(=O)[C@H](O)CC(C)(C)C)C1,,,,,,ZINCpx00000xImwN
,,CC[C@@H](C(=O)N[C@](C)(CO)C(=O)N[C@H]1CC=CCC1)C(=O)OC,,,,,,ZINCn800001A2aNi
,,CCN1Cc2ccccc2[C@@H](NC(=O)N[C@@H]2CCCN(CC)C2=O)C1,,,,,,ZINCpo00000aRKUP
,,CC[C@@H](C(=O)NC[C@@H](C)C(C)C)N(C)C(=O)Cc1ccon1,,,,,,ZINCmo00000x18nK
,,Cc1cnn(C)c1C(=O)NC[C@@H]1CCC[C@H]1NC(=O)[C@H](C)S(C)(=O)=O,,,,,,ZINCp7000006bm7P
,,CC1(C)CN(C(=O)Cc2cscn2)CC[C@H]1NC(=O)C1=CCCCC1,,,,,,ZINCpz0000024Vpf
,,CC[C@@H](C(=O)NC[C@H]1OCC[C@H]1C)N(C)C(=O)c1cnns1,,,,,,ZINCmf00000x18np
,,CC[C@@H](CO)N(CC)C(=O)[C@H]1CCN1C(=O)C[C@H]1C[C@H](OC)C1,,,,,,ZINCng00001A2aMT
,,CCCc1ncc([C@@H](C(=O)NCC(C)C)N(C)[C@H]2CCOC2=O)s1,,,,,,ZINCor00000sRZVl
,,C[C@@H](O)C[C@H]1COCCN1S(=O)(=O)c1ccc2ncnc(O)c2c1,,,,,,ZINCo600000Bq53w
,,CC[C@@H](C(=O)N(C)[C@H](CC)C1CC1)N(C)C(=O)CCN(C)C,,,,,,ZINCmo00000x18nB
,,Cc1cncc(CC(=O)N2CC(CNC(=O)[C@@H](C)CS(C)(=O)=O)C2)c1,,,,,,ZINCp7000006biia
,,COC1CCN(C(=O)C[C@H](CNC(=O)C2=CC(C)(C)C2)OC)CC1,,,,,,ZINCol00000sKn8I
,,Cc1cncnc1N1CC([C@H]2CCCN(C(=O)[C@@H](C)S(N)(=O)=O)C2)C1,,,,,,ZINCp7000006bkTy
,,CO[C@](C)(C(=O)N1C[C@H]2CCN(C(=O)C=CBr)C[C@@H](C2)C1)C(C)C,,,,,,ZINCow00000hlpEK
,,CC1(C)CN(C(=O)[C@]2(C#N)CC2(C)C)C[C@@H]1NC(=O)c1cc(Br)co1,,,,,,ZINCpz0000024VRK
,,CC1CC(CC(=O)N[C@H](C)CCNC(=O)c2c(O)cc(Cl)cc2Cl)C1,,,,,,ZINCpH00000oIW3K
,,CC1(C)CN(C(=O)c2cc(N)ccc2Cl)C[C@@H]1NC(=O)C1=CCCS1,,,,,,ZINCpz0000024W1B
,,Cc1cncn1CC(=O)N[C@H](C)CCCNC(=O)C[C@@H]1CCNC1=O,,,,,,ZINCp7000006bkEK
,,COC1CCN(C(=O)C[C@@H](C)N(C)C(=O)C2=NOC(C)(C)C2)CC1,,,,,,ZINCok00000sKn8E
,,Cc1cccc(C(=O)N2C[C@@H](C(=O)N(C)C[C@H](C)CO)CC2(C)C)c1,,,,,,ZINCpt00000iUzqS
,,CCN1CC[C@H]1C(=O)NC[C@H](C)CN(C)C(=O)c1ccsc1COC,,,,,,ZINCpo00000aRIKP
,,Cn1cnn(Cc2nc(-c3cscn3)nn2-c2ccnnc2)c1=O,,,,,,ZINCo700000Bq5b0
,,COCCCC(=O)N1C[C@@H](C(=O)N2CC(F)(C3CC3)C2)C(C)(C)C1,,,,,,ZINCoo00000tdpai
,,CC[C@@H](C(=O)N(C)[C@@H](C)CC1CC1)N(C)C(=O)C1CN(C)C1,,,,,,ZINCmk00000x18nA
,,C[S+](C)CC[C@H](O)C(=O)N[C@H]1C[C@@H](CNC(=O)[C@@H]2CCC(=O)O2)C1,,,,,,ZINCo500000Bq5q4
,,CCOc1cc(F)cc(-c2ccn(C[C@H]3CCOC3)n2)c1,,,,,,ZINClB00000sBup5
,,CN1C[C@@H](O)CC[C@H]1C(=O)NC/C=C/C(F)F,,,,,,ZINCh900000PzAC8
,,CN(CCO)CC(=O)NCCCC[C@@H](CO)NC(=O)CCC(F)F,,,,,,ZINCo500000Bq5ag
,,CC[C@@H](C(=O)NC[C@H]1OCC[C@H]1C)N(C)C(=O)CN(C)CC,,,,,,ZINCmd00000x18nq
,,CO[C@@](C)(C(=O)N1C[C@@H]2C[C@]2(NC(=O)c2ccoc2Br)C1)C(C)C,,,,,,ZINCou00000hlpEx
,,CC[C@H](C(=O)NC[C@@](C)(O)CO)N(C)C(=O)c1ccc(Cl)cn1,,,,,,ZINCna00001A2aNd
,,C[C@H](F)CCNC(=O)CCCC(C)(C)NC(=O)[C@@H]1CC(=O)C12CCC2,,,,,,ZINCpw00000xImwH
,,Cc1cc(C)c(C(=O)N2C[C@H](C(=O)NCC[C@H](C)CO)C3(CC3)C2)s1,,,,,,ZINCpt00000iUzqR
,,C[C@H](F)CCNC(=O)C(C)(C)[C@@H]1CCCN1C(=O)[C@@H]1CCCC(=O)C1,,,,,,ZINCpw00000xImwK
,,CC[C@@H](C(=O)N[C@](C)(CO)C(=O)NC[C@@H](C)C(C)(F)F)N(C)C,,,,,,ZINCnc00001A2aNb
,,COC1CCN(C(=O)C[C@@H](C)NC(=O)[C@@H]2CC[C@H]3C[C@@H]2CO3)CC1,,,,,,ZINCoj00000sKn8O
,,CN(Cc1ccc(=N)[nH]c1)C(=O)NCc1ncccc1C(F)F,,,,,,ZINCnt00000oKSET
,,C/C=C/C[C@H](NC(=O)C=C(C1CC1)C1CC1)C(=O)NCCCN(C)C,,,,,,ZINCps00000m9IIF
,,C[C@@H](CNC(=O)[C@H]1C=C[C@@H](NC(=O)C(C)(C)[C@@H](C)O)C1)CN(C)C,,,,,,ZINCod000011Py6X
,,Cc1cncc(C(=O)N[C@H](C)CNC(=O)[C@H](NC(N)=O)C(C)(C)C)n1,,,,,,ZINCp7000006bi3B
,,CC[C@@H](C(=O)NC[C@H]1OC(=O)NC1(C)C)N(C)C(=O)[C@@H](C)O,,,,,,ZINCm500000x18ns
,,CC1(C)CN(C(=O)Cc2ccoc2)CC[C@H]1NC(=O)c1c[nH]cc1Br,,,,,,ZINCpz0000024Voj
,,COCCC(=O)N1C[C@@H](C)C[C@H](NC(=O)c2cscc2C2CC2)C1,,,,,,ZINCow00000hlpEN
,,CCOc1cc(F)cc(-c2ccnc([C@@H]3CCCN3)c2)c1,,,,,,ZINClH00000sBup4
,,C#CCC[C@@H](N)C(=O)N(CC)c1ccc(Br)cc1,,,,,,ZINCiv00000aSfAE
,,Cc1ccc(C(=O)N[C@@H](C)CCNC(=O)c2c(Cl)noc2C)cc1Cl,,,,,,ZINCpF00000oIW3I
,,CCN1C[C@H](C(=O)N[C@H]2CCC[C@H]2CN=c2[nH]cncc2Br)CC1=O,,,,,,ZINCpo00000aRKMn
,,CC1(C)CN(C(=O)c2cc[nH]c2)C[C@H]1NC(=O)c1nc(Cl)ccc1Cl,,,,,,ZINCpz0000024W4Z
,,CN1C[C@H](O)CC[C@@H]1C(=O)NCC[C@H](O)C(=O)N1CCC1,,,,,,ZINCl400000PzACk
,,CC[C@H](C(=O)NC[C@](C)(O)C(F)F)N(C)C(=O)Cc1cc[nH]n1,,,,,,ZINCn900001A2aMG
,,CCn1cccc1CN(CC1(F)CCC1)C(=O)/C=C/C(F)(F)F,,,,,,ZINCnI00000sWSjT
,,CN1C[C@@H](O)CC[C@@H]1C(=O)NCC(C)(C)CNC(=O)CO,,,,,,ZINCl400000PzAC6
,,CC1(C)CC(CNC2CCCC3=CC=C(O)C=C32)CN1,,,,,,ZINCkx0000062FMf
,,C/C=C/C[C@H](NC(=O)Cc1scnc1C)C(=O)NC[C@]1(C)CCCO1,,,,,,ZINCpr00000m9IIp
,,CO[C@@](C)(C(=O)N1C[C@H]2CC[C@H]1CN2C(=O)C(F)=C(C)C)C(C)C,,,,,,ZINCov00000hlpED
,,CCN=c1[nH]c(C(=O)N(C)C[C@H]2CCCN2C(=O)CCCCO)cs1,,,,,,ZINCpo00000aRL2U
,,Cc1cnc2c(C(=O)NC[C@@H](C)CNC(=O)CSC(=N)N)cnn2c1,,,,,,ZINCp7000006bfPE
,,CC(C)c1ncc([C@@H](C(=O)NC(C)(C)C)N(C)CC(F)(F)CO)[nH]1,,,,,,ZINCoq00000sRZVk
,,CC1(C)CN(C(=O)C[C@H]2CCCCO2)C[C@@H]1CNc1cncc(Cl)n1,,,,,,ZINCpz0000024Vlg
,,CC[C@@H](C(=O)NC[C@@](C)(O)C(F)(F)F)N(C)C(=O)[C@@H](O)C(C)C,,,,,,ZINCnc00001A2aMC
,,CC[C@H](C(=O)NC[C@](C)(O)CO)N(C)C(=O)c1cccnc1S,,,,,,ZINCn600001A2aNe
,,Cc1cncc(C(=O)N2CC[C@H](CNC(=O)[C@@H](NC=O)C(C)C)C2)n1,,,,,,ZINCp7000006bgRW
,,CCN(CCNC(=O)c1cscc1OC)C(=O)CCS(=O)(=O)NC,,,,,,ZINCo800000Bq5fn
,,CCn1cccc1CN(CC1(F)CCC1)C(=O)[C@]1(C)CC1(F)F,,,,,,ZINCnH00000sWSjR
,,CN(Cc1ccc([N+](=O)[O-])c(O)c1)C1CCN(CC(F)F)CC1,,,,,,ZINCnu00000oKSF6
,,COc1cc(NC(=O)C[C@@H](C)NC(=O)C(F)(F)[C@@H](C)O)ccc1O,,,,,,ZINCoi00000sKn8N
,,C=CCC[C@H](NC(=O)Cc1scnc1C)C(=O)N(C)C[C@H](O)CCC,,,,,,ZINCpq00000m9IIt
,,CC[C@@H](CO)N(CC)C(=O)[C@H](O)CCNC(=O)Cc1cnsc1,,,,,,ZINCn700001A2aMY
,,CC[C@@H](CO)N(CC)C(=O)[C@H](C)NC(=O)[C@@H]1[C@@H]2C[C@@H]3[C@H]1[C@@H]3C2=O,,,,,,ZINCn700001A2aMV
,,Cc1nc(CO)ncc1NCc1cc(Cl)ccc1OC(F)F,,,,,,ZINCmB000003z8Ob
,,CC(=O)c1cc(F)ccc1OCc1nnc(C2CC2)n1C,,,,,,ZINClw00000sBuoV
,,CCN1CC[C@H]1C(=O)NC[C@H]1CN(c2ncc(Cl)cn2)CCC1(F)F,,,,,,ZINCpo00000aRIUd
,,C=CCC[C@@H](N)C(=O)NCCc1cc(Br)c(Br)s1,,,,,,ZINCiC00000aSfAB
,,Cc1cncc(C(=O)N[C@@H]2CCCN(C(=O)[C@H](C)S(N)(=O)=O)[C@H]2C)c1,,,,,,ZINCp7000006bhRZ
,,CCN1C[C@H](C(=O)N2CCC(CC)(N=c3[nH]nc(C)s3)CC2)CC1=O,,,,,,ZINCpo00000aRKeD
,,Cc1cnn(C)c1C(=O)NC[C@H]1CN(C(=O)c2cnc[nH]2)CCCO1,,,,,,ZINCp7000006bmhH
,,Cc1cncnc1N1CC[C@@H](NC(=O)CN2C(=O)[C@H](C)[C@@H](C)C2=O)C1,,,,,,ZINCp7000006bl5a
,,CC1(C)CN(C(=O)[C@]2(F)CCOC2)C[C@H]1CN=c1[nH]c(Cl)ncc1Br,,,,,,ZINCpz0000024VTK
,,CN1C[C@@H](O)CC[C@@H]1C(=O)NC(C)(C)CCO,,,,,,ZINCh500000PzAC7
,,CCC(CC)(CC)CNC(=O)C[C@@H](NC(=O)[C@H](C)CO)C(C)(C)C,,,,,,ZINCoy00000t8U2P
,,CCN=c1[nH]c(C(=O)NCCCN(C)C(=O)c2cnn(C)c2Cl)cs1,,,,,,ZINCpo00000aRLtU
,,C=CC(C)(C)CCCNC(=O)C[C@H](NC(=O)[C@H](C)CSC)C(F)F,,,,,,ZINCoC00000t8U2R
,,CC[C@@H](CO)N(CC)C(=O)[C@H]1CCC2(CC2)N1C(=O)[C@@H](C)OC,,,,,,ZINCnh00001A2aMK
,,C[C@@H](CNC(=O)[C@H]1C=C[C@H](NC(=O)c2sccc2Cl)C1)S(N)(=O)=O,,,,,,ZINCoe000011Py6M
,,C[C@@H](CNC(=O)[C@H]1C=C[C@@H](NC(=O)CCn2ccnn2)C1)C(F)F,,,,,,ZINCod000011Py73
,,CC1(C)CN(C(=O)[C@@H]2CSCCS2)CC[C@H]1NC(=O)c1cc(Br)c[nH]1,,,,,,ZINCpz0000024VBN
,,C=CCCCCN(Cc1csc(C)n1)C(=O)[C@H]1CC[C@@H](N(C)C)C1,,,,,,ZINCoI00000lu9KM
,,Cc1cnn(C)c1C(=O)N(C)[C@H](C)CNC(=O)C[C@@H]1CCS(=O)(=O)C1,,,,,,ZINCp7000006blrp
,,CC[C@@H](C(=O)N(C)[C@H](C)Cc1cn[nH]c1)N1C(=O)CCC1=O,,,,,,ZINCmd00000x18nE
,,CN1C[C@H](O)CC[C@@H]1C(=O)NCC[C@@H]1CCC2(CC2)CO1,,,,,,ZINClf00000PzACh
,,CC[C@H](C(=O)NC[C@@](C)(O)CO)N(C)C(=O)[C@H](C)n1cccc1,,,,,,ZINCn700001A2aNg
,,C[C@H](F)CCNC(=O)C(C)(C)[C@@H]1CCCN(C(=O)C(=O)C(C)(C)C)C1,,,,,,ZINCpx00000xImwL
,,CC[C@@H](CO)N(CC)C(=O)[C@H]1C[C@H](NC(=O)[C@@H]2CC23CCC3)C1,,,,,,ZINCnm00001A2aMR
,,COCCC(=O)N1C[C@H]2CCC[C@@](CNC(=O)CC(F)(F)Br)(C2)C1,,,,,,ZINCov00000hlpEB
,,Cc1cncnc1N1CCN(C(=O)[C@H]2CN3CCC2CC3)C[C@@H](O)C1,,,,,,ZINCp7000006bkZf
,,C[C@H](CC1=CC=CC=C1)C(=O)N[C@H](C)C1=CN=CC=N1,,,,,,ZINCkv0000062FKn
,,CCN=c1[nH]c(C(=O)NC[C@@H]2CCN2C(=O)[C@]2(C)CCCCO2)cs1,,,,,,ZINCpo00000aRLAy
,,CC[C@H](C(=O)N(C)[C@@H](C)c1cn(CCF)nn1)n1cncn1,,,,,,ZINCmg00000x18ny
,,CC(C)S(=O)(=O)C1CN(C(=O)c2ccc(C(F)(F)Cl)cc2)C1,,,,,,ZINCmw00000eAdBN
,,CN(Cc1ccc([N+](=O)[O-])c(C(=O)O)c1)C[C@@](C)(O)C(F)(F)F,,,,,,ZINCnq00000oKSF4
,,CCN1CCc2ccccc2[C@@H]1CNC(=O)c1ccnn1CCOC,,,,,,ZINCpo00000aRJwE
,,CC[C@H](C(=O)N[C@@](C)(CO)C(=O)NCCSCC(C)C)N(C)C,,,,,,ZINCnc00001A2aNh
,,CC(C)C[C@@H](NC(=O)C=C(C1CC1)C1CC1)C(=O)N(C)C1(CO)CC1,,,,,,ZINCps00000m9IIC
,,CCN1N=C(C(=O)N(C)C2=NC=CC(C)=N2)C(Cl)=C1Br,,,,,,ZINCkw0000062FNR
,,C[C@@H](CNC(=O)[C@H]1C=C[C@@H](NC(=O)[C@@]2(O)CCOC2)C1)C(C)(F)F,,,,,,ZINCoc000011Py6L
,,Cc1cncn1CC(=O)NC[C@H](C)NC(=O)C[C@@H]1CCCNC(=O)C1,,,,,,ZINCp7000006bklY
,,CC[C@@H](C(=O)N[C@](C)(CO)C(=O)NC[C@H](F)C1CCC1)N(C)C,,,,,,ZINCna00001A2aNc
,,CC1(C)CN(C(=O)[C@@H]2CC23CCSCC3)CC[C@@H]1NC(=O)C1=CCC1,,,,,,ZINCpz0000024Vuh
,,CCN1C[C@@H](C(=O)N2CCC[C@H](CNC(=O)C(Br)=C(C)C)C2)CC1=O,,,,,,ZINCpo00000aRJGG
,,Cc1nnnn1CC(=O)N(C)C1CN(C(=O)C[C@@H]2CC3CC2C3)C1,,,,,,ZINCo600000Bq5vt
,,CCN=c1[nH]c(C(=O)N[C@H](C)CN(C)C(=O)c2[nH]c(C)nc2C)cs1,,,,,,ZINCpo00000aRLNy
,,CCN1C[C@H](C(=O)N(C)C[C@H](C)NC(=O)C[C@@H](C)C(C)C)CCC1=O,,,,,,ZINCpo00000aRK9P
,,CN(C)c1ccc([N+](=O)[O-])c(NC(=O)c2cc([N+](=O)[O-])sn2)c1,,,,,,ZINCns00000oKSF5
,,CO[C@](C)(C(=O)N1C[C@@H]2C[C@]2(NC(=O)c2ccc(Cl)s2)C1)C(C)C,,,,,,ZINCox00000hlpEw
,,CC[S@@](=O)CC(=O)N1CCOC[C@@H]1CCNC(=O)CCCCOC,,,,,,ZINCo900000Bq5od
,,CO[C@@](C)(C(=O)N1C[C@@H]2C[C@H](C1)CN2C(=O)CC(F)(F)Br)C(C)C,,,,,,ZINCou00000hlpEJ
,,COC1(CNC(=O)[C@H](C)OCC(C)C)CN(C(=O)[C@@H](O)CSC)C1,,,,,,ZINCo700000Bq5vC
,,COC1(C)CN(C(=O)C[C@@H](C)N(C)C(=O)[C@@H](C)n2nccc2C)C1,,,,,,ZINCoi00000sKn8G
,,CO[C@@](C)(C(=O)N1C[C@@H]2CCCN(C(=O)C=C(C)C)[C@@H]2C1)C(C)C,,,,,,ZINCou00000hlpEG
,,CC1(C)CN(C(=O)N[C@H]2CCCCC23CCCCC3)CCN1CCO,,,,,,ZINCpz0000024Vqe
,,CC[C@@H](C(=O)N[C@@](C)(CO)CNC(=O)[C@@H]1CC[C@H]1C)C(F)(F)F,,,,,,ZINCnm00001A2aN5
,,C=CCC[C@@H](N)C(=O)NCCC1CC(C)(C)C1,,,,,,ZINChs00000aSfAF
,,CO[C@@](C)(C(=O)N1C[C@H]2[C@H](CNC(=O)C=C(C)Cl)C[C@H]2C1)C(C)C,,,,,,ZINCou00000hlpEL
,,C[C@H](F)CCNC(=O)C(C)(C)CCCNC(=O)[C@H]1CCN1C(C)(C)C,,,,,,ZINCpw00000xImwG
,,Cc1ccc(CC(=O)N2C[C@@H](C(=O)N(C)CCN=[N+]=[N-])C(F)(F)C2)s1,,,,,,ZINCpu00000iUzqY
,,CC[C@H](C(=O)NC[C@](C)(O)C(F)F)N(C)C(=O)C1CC(CF)C1,,,,,,ZINCnj00001A2aMD
,,CCN1C[C@H](C(=O)N(C)[C@@H](C)CCNC(=O)c2cc(C)cs2)CC1=O,,,,,,ZINCpo00000aRKaJ
,,C[C@H](CNC(=O)[C@H]1C=C[C@@H](NC(=O)Cc2ccsc2)C1)S(C)(=O)=O,,,,,,ZINCof000011Py6Q
,,Cc1cncc(CC(=O)N2CC(O)(CNC(=O)[C@@H]3CC[C@H](C)O3)C2)c1,,,,,,ZINCp7000006bikd
,,C=C(C)C[C@H](NC(=O)CC(C1CC1)C1CC1)C(=O)N[C@H]1C[C@H](CO)C1,,,,,,ZINCpr00000m9IIH
,,Cc1cnccc1C(=O)N(C)C[C@H](C)NC(=O)CN1C(=O)CCC1=O,,,,,,ZINCp7000006biTa
,,COC(C)(C)C(=O)N1C[C@@H](C(=O)N2CCC(CF)CC2)C(F)(F)C1,,,,,,ZINCon00000tdpac
,,C=C(C)CCCN(Cc1csc(C)n1)C(=O)[C@H]1CCc2nccn21,,,,,,ZINCoF00000lu9KJ
,,Cc1cncc(CC(=O)NC2(C)CN(C(=O)C[C@@H]3CCNC3=O)C2)c1,,,,,,ZINCp7000006bisy
,,Cc1cncc(C(=O)N2CCC[C@H]2CN(C)C(=O)[C@@H](C)S(N)(=O)=O)c1,,,,,,ZINCp7000006bgAW
,,CC[C@H](C(=O)NC[C@](C)(O)CO)N(C)C(=O)[C@@H]1[C@@H]2CC[C@H](F)[C@@H]21,,,,,,ZINCn600001A2aNf
,,CCN1C[C@H](C(=O)N[C@H](C)CCCCNC(=O)CC2(C)CC2)CC1=O,,,,,,ZINCpo00000aRKHJ
,,CCN1C[C@@H](C(=O)NC[C@@H](C)CN=c2cc(C)nc(Cl)[nH]2)CCC1=O,,,,,,ZINCpo00000aRJQE
,,CC[C@@H](CO)N(CC)C(=O)[C@H]1C[C@H](NC(=O)CC2CC(C)C2)C1,,,,,,ZINCnp00001A2aMQ
,,COc1cc(=NC(=O)C[C@H](C)CNC(=O)c2cc(C)c[nH]2)[nH]n1C,,,,,,ZINCok00000sKn8w
,,CC[C@@H](C(=O)NC[C@H](C)CC1CCC1)N(C)C(=O)C=NOC,,,,,,ZINCmn00000x18nD
,,Cc1cncn1CC(=O)N[C@@H](C)CN(C)C(=O)[C@]1(C)CCCS1(=O)=O,,,,,,ZINCp7000006bku0
,,C[C@@H](CNC(=O)[C@H]1C=C[C@H](NC(=O)CCOCC2CC2)C1)[C@@H](C)O,,,,,,ZINCof000011Py74
,,Cc1cncn1CC(=O)N[C@@H](CNC(=O)C[C@@H]1CCC(=O)N1)C(C)C,,,,,,ZINCp7000006bkw4
,,CCN=c1[nH]c(C(=O)N2CCC[C@](C)(NC(=O)C[C@@H](O)CC)C2)cs1,,,,,,ZINCpo00000aRLcE
,,CN1C[C@@H](O)CC[C@H]1C(=O)NCCCOC(=N)O,,,,,,ZINCi500000PzACs
,,C[C@H](F)CCNC(=O)CCCC(C)(C)NC(=O)C[C@H]1CCCCN1C,,,,,,ZINCpx00000xImwE
,,CC[C@@H](CO)N(CC)C(=O)[C@H]1CC[C@H]1NC(=O)[C@@H]1CC[C@H](C)O1,,,,,,ZINCng00001A2aMO
,,C/C=C/C[C@H](NC(=O)C=C(C1CC1)C1CC1)C(=O)N(C)C[C@@H](C)CO,,,,,,ZINCps00000m9IID
,,CC[C@@H](CO)N(CC)C(=O)[C@@H]1CCC[C@H]1NC(=O)CCN(C)C,,,,,,ZINCne00001A2aMM
,,CN(Cc1ccc(=N)[nH]c1)S(=O)(=O)C[C@@]1(C)CCCCC1(F)F,,,,,,ZINCnw00000oKSEV
,,Cc1cncnc1N(C)[C@@H]1CCCN(C(=O)C2CN(S(C)(=O)=O)C2)C1,,,,,,ZINCp7000006bkQo
,,COC1(C)CN(C(=O)C[C@@H](C)NC(=O)c2cnc3cc[nH]c3c2)C1,,,,,,ZINCoj00000sKn8J
,,CC(C)S(=O)(=O)C1CN(C(=O)CCc2cccc(Cl)c2F)C1,,,,,,ZINCmu00000eAdBT
,,CC[C@@H](C(=O)N[C@@](C)(CO)C(=O)N[C@H]1C[C@@H](COC)C1)C(C)C,,,,,,ZINCng00001A2aNj
,,CCCS(=O)(=O)C1CN(C(=O)c2c(C)sc3ccccc23)C1,,,,,,ZINCmy00000eAdBQ
,,Cc1cnc[nH]c1=NC[C@H]1C[C@@H](C)N(C(=O)c2cnc(O)nc2O)C1,,,,,,ZINCp7000006bg6N
,,CC[C@H](C(=O)NC[C@](C)(O)COC)N(C)C(=O)c1cnc(Cl)s1,,,,,,ZINCnh00001A2aN8
,,COC1(CCNC(=O)C[C@@H](C)O)CN(C(=O)[C@H](C)C2CCCC2)C1,,,,,,ZINCoj00000sKn8S
,,COCCCC(=O)N1C[C@@H](C(=O)N2CC[C@H](C3CC3)C2)C(F)(F)C1,,,,,,ZINCon00000tdpaf
,,CO[C@](C)(C(=O)N1CC(CNC(=O)[C@H](SC)C(C)(C)C)C1)C(C)C,,,,,,ZINCou00000hlpEt
,,CN1C[C@H](O)CC[C@H]1C(=O)NCC[C@H]1CCC(C)(C)C1,,,,,,ZINCkn00000PzACi
,,CN(C)c1ccc([N+](=O)[O-])cc1CNC[C@@H]1CC(C)(C)C(=O)O1,,,,,,ZINCnq00000oKSEY
,,CC#CC[C@H](NC(=O)Cc1scnc1C)C(=O)NC[C@@H](SC)C1CC1,,,,,,ZINCpr00000m9IIu
,,CC1(C)CN(C(=O)c2cc(Cl)cs2)CC[C@H]1NC(=O)C[C@@H](O)C1CC1,,,,,,ZINCpz0000024VZL
,,CCN1C[C@H](C(=O)N2C[C@@H](NC(=O)c3cc(Cl)cs3)[C@H](C)C2)CC1=O,,,,,,ZINCpo00000aRKkb
,,Cc1cnn(C)c1C(=O)N(C)CCN(C)C(=O)[C@@H](C)[C@H]1CCC(=O)N1,,,,,,ZINCp7000006blnh
,,C[C@H](F)CCNC(=O)CCCCCN(C)C(=O)[C@@H]1CCN1C(C)(C)C,,,,,,ZINCpx00000xImwI
,,C[C@H](CNC(=O)[C@H]1C=C[C@H](NC(=O)C#CC(C)(C)C)C1)OCCO,,,,,,ZINCoc000011Py6V
,,CCCC[C@H](NC(=O)CC(C1CC1)C1CC1)C(=O)N[C@@H]1[C@H]2COC[C@H]21,,,,,,ZINCps00000m9III
,,Cc1cnn(C)c1C(=O)NCCC[C@@H](C)NC(=O)[C@H]1CCS(=O)(=O)C1,,,,,,ZINCp7000006bm0A
,,CCC(CC)(CNC(=O)Cn1cncn1)NC(=O)[C@H](O)CCSC,,,,,,ZINCo700000Bq5mO
,,Cc1nc(CN[C@@H]2c3ccccc3S(=O)(=O)[C@@H]2C)ccc1Br,,,,,,ZINCmB000003z8Mq
,,CCN1C[C@H]2[C@H]3CC[C@@H]([C@H]2C1)N(C(=O)c1cn2nccc2nc1C)C3,,,,,,ZINCpo00000aRKSf
,,CCCc1ncc([C@@H](C(=O)NC2COC2)N(CC)[C@@H](C)COC)s1,,,,,,ZINCoq00000sRZVd
,,CCn1cccc1CN(CC1(F)CCC1)C(=O)[C@@H]1CCC1(F)F,,,,,,ZINCnH00000sWSjU
,,C=C/C=C/CCN(Cc1csc(C)n1)C(=O)[C@@H]1CC(C2CC2)=NO1,,,,,,ZINCoE00000lu9KI
,,CN1C[C@@H](O)CC[C@H]1C(=O)N(CCC#N)C1CC1,,,,,,ZINCi900000PzACl
,,CCN1Cc2ccccc2[C@@H](NC(=O)NC[C@@]23C[C@H]4C[C@H]2[C@H]3[C@H]4O)C1,,,,,,ZINCpo00000aRKUC
,,COC[C@@H](OC)C(=O)N[C@H]1C[C@@H]1NC(=O)c1[nH]nc2ncccc12,,,,,,ZINCo500000Bq53h
,,CCN1CC[C@H]1C(=O)N[C@H](C)C1CCN(C(=O)C#CC(C)(C)C)CC1,,,,,,ZINCpo00000aRJdy
,,CCN1C[C@H]2C[C@@H](NC(=O)c3cccc4c3NC(=O)CO4)CC[C@H]2C1,,,,,,ZINCpo00000aRKRz
,,C[C@H](CNC(=O)[C@H]1C=C[C@@H](NC(=O)C(C)(C)Cl)C1)N1CCOCC1,,,,,,ZINCof000011Py6Y
,,CC[C@H](C(=O)NCCCOC)N(C)C(=O)CN(C)C(=O)C1CC1,,,,,,ZINCn800001A2aN3
,,CN1C[C@H](O)CC[C@H]1C(=O)NCCC[C@H](O)C(=O)O,,,,,,ZINCj400000PzACd
,,Cc1cnccc1C(=O)N1CCC[C@H]1CN(C)C(=O)Cn1cnnn1,,,,,,ZINCp7000006bj0I
,,Cc1cnccc1C=CC(=O)NC[C@@H](O)CNC(=O)[C@H](C)CN(C)C,,,,,,ZINCp7000006bjuq
,,CCN=c1[nH]c(C(=O)N2CCC[C@H](NC(=O)CCCCO)CC2)cs1,,,,,,ZINCpo00000aRLbu
,,CCOc1cc(F)cc(-c2cc(C)ncc2OCOC)c1,,,,,,ZINClF00000sBup1
,,CN1C[C@@H](O)CC[C@H]1C(=O)NCCCC(F)(F)F,,,,,,ZINCif00000PzAC9
,,CC[C@@H](CO)N(CC)C(=O)[C@H](CNC(=O)[C@@H](O)C(C)C)C(C)C,,,,,,ZINCng00001A2aMW
,,CC[C@@H](C(=O)NC[C@@H](C)C(C)C)N(C)C(=O)c1n[nH]c(=N)[nH]1,,,,,,ZINCmc00000x18nJ
,,CC(C)S(=O)(=O)C1CN(C(=O)Cc2cccc3ccoc23)C1,,,,,,ZINCmq00000eAdBR
,,CCC(CC)CN(Cc1csc(C)n1)C(=O)[C@H]1CCO[C@@H]1C1CC1,,,,,,ZINCoK00000lu9KP
,,COc1cc(=NC(=O)C[C@@H](C)N(C)C(=O)c2cccnc2)[nH]n1C,,,,,,ZINCoj00000sKn8C
,,CC[C@H](C(=O)N(C)CCOC)N(C)C(=O)c1cc(C(C)=O)c[nH]1,,,,,,ZINCnh00001A2aN0
,,Cc1cnn(C)c1C(=O)N1CC[C@](O)([C@H](C)NC(=O)c2cocn2)C1,,,,,,ZINCp7000006blMI
,,CCn1cccc1CN(CC1(F)CC1)C(=O)[C@@H]1C[C@@H](C)O[C@@H]1C,,,,,,ZINCnB00000sWSjO
,,CC(C)c1ncc([C@@H](C(=O)NCC2CC2)N(C)C[C@H]2CCCO2)[nH]1,,,,,,ZINCos00000sRZVf
,,C=C[C@@](O)(C(=O)N(C)CCNC(=O)CN1C[C@H]2C[C@H]2C1)C(F)(F)F,,,,,,ZINCo500000Bq5cO
,,CN1C[C@H](O)CC[C@H]1C(=O)NC[C@@](C)(C(=O)O)S(C)(=O)=O,,,,,,ZINCl400000PzACg
,,CC(C)c1ncc([C@H](C(=O)NC2COC2)N2CC[C@](F)(CF)C2)s1,,,,,,ZINCos00000sRZVb
,,COC1(CCNC(=O)C[C@@H](C)CNC(=O)[C@@H]2CC(C)=NO2)CCC1,,,,,,ZINCoj00000sKn8A
,,C[C@H](CNC(=O)[C@H]1CC[C@@H](NC(=O)C(C)(C)O)CC1)n1cccn1,,,,,,ZINCog000011Py72
,,CCN=c1[nH]c(C(=O)N[C@H]2CN(C(=O)c3cccnc3)C[C@@H]2C)cs1,,,,,,ZINCpo00000aRLRI
,,COCCC(=O)N1C[C@@H]2CC[C@H](C1)CN2C(=O)c1cc(C)c(Br)o1,,,,,,ZINCou00000hlpEE
,,CCn1cccc1CN(CC1(F)CC1)C(=O)[C@@H]1CC=CC[C@H]1C,,,,,,ZINCnJ00000sWSjN
,,C[C@@H](CNC(=O)[C@H]1C=C[C@@H](NC(=O)CC2OCCCO2)C1)N=[N+]=[N-],,,,,,ZINCog000011Py6S
,,Cc1nc(CNC[C@@]2(CO)C[C@H]2c2ccc(F)cc2)c(C)s1,,,,,,ZINCmB000003z8Ke
,,Cc1cncc(C(=O)N[C@H](C)[C@@H]2CCN(C(=O)c3ncnn3C)C2)n1,,,,,,ZINCp7000006bi4N
,,Cc1cncc(C(=O)N2CCN(C(=O)c3cccnn3)C[C@H](O)C2)c1,,,,,,ZINCp7000006bgG2
,,CC(=O)c1cc(F)cc(-c2ccc(F)c(CC(N)=O)c2)c1,,,,,,ZINCly00000sBuoZ
,,CO[C@](C)(C(=O)N1C[C@H]2C[C@@]2(NC(=O)c2cscc2Cl)C1)C(C)C,,,,,,ZINCox00000hlpEy
,,CO[C@](C)(C(=O)N1CCCN(C(=O)[C@H](F)CC(C)C)CC1)C(C)C,,,,,,ZINCou00000hlpEs
,,Cc1cncc(C(=O)N2CC[C@H](NC(=O)C3(C(N)=O)CCC3)[C@H]2C)n1,,,,,,ZINCp7000006bgSi
,,CN(Cc1ccc(NS(C)(=O)=O)cc1)c1c(Cl)nnc(Cl)c1N,,,,,,ZINCnt00000oKSF8
,,Cc1cnn(C)c1C(=O)N1CC[C@H]([C@H](C)NC(=O)[C@@H]2COCCO2)C1,,,,,,ZINCp7000006blLy
,,COc1cc(=NC(=O)C[C@@H](C)NC(=O)[C@H](C)n2cccc2)[nH]n1C,,,,,,ZINCoj00000sKn8Q
,,CC#CC[C@H](NC(=O)Cc1scnc1C)C(=O)NC(C)(C)C#CCC,,,,,,ZINCps00000m9IIs
,,CCN=c1[nH]c(C(=O)NC[C@H]2CCN2C(=O)[C@H]2C3C[C@@H]4C2[C@@H]4C3)cs1,,,,,,ZINCpo00000aRLGW
,,CC1(C)CN(C(=O)[C@@H]2CC[C@@H]3C[C@H]3C2)C[C@H]1CN=c1cc(F)nc[nH]1,,,,,,ZINCpz0000024VAL
,,CN1C[C@H](O)CC[C@@H]1C(=O)NCCC[C@@H]1CCC[C@@H]1O,,,,,,ZINCka00000PzACb
,,Cc1cnn(C)c1C(=O)N[C@H](C)C1CN(C(=O)CCC(=O)N(C)C)C1,,,,,,ZINCp7000006bmwJ
,,COC(C)(C)C(=O)N1C[C@@H](C(=O)N2CC(F)(C3CC3)C2)C[C@@H](C)C1,,,,,,ZINCoo00000tdpaj
,,C[C@H](CNC(=O)[C@H]1C=C[C@H](NC(=O)c2n[nH]c(=N)[nH]2)C1)CC1CC1,,,,,,ZINCoc000011Py6K
,,COC1CCN(C(=O)C[C@@H](C)CNC(=O)[C@H]2CC(=O)C2(C)C)CC1,,,,,,ZINCoj00000sKn8B
,,Cc1cncc(CC(=O)NC[C@H]2CCN2C(=O)C[C@@]2(O)CCOC2)c1,,,,,,ZINCp7000006biAc
,,CN(Cc1ccc([N+](=O)[O-])cc1)C(=O)c1ccc2nnsc2c1,,,,,,ZINCny00000oKSEZ
,,Cc1cnn(C)c1C(=O)N1CCO[C@H](CNC(=O)[C@H]2CCCOC2)C1,,,,,,ZINCp7000006blEV
,,COCCC(=O)N1CC(CNC(=O)[C@H](C)c2ccc(C)c(Br)c2)C1,,,,,,ZINCou00000hlpEp
,,Cc1cnn(C)c1C(=O)N1C[C@@H](C)[C@@H](NC(=O)CS(=O)(=O)C(C)C)C1,,,,,,ZINCp7000006blMZ
,,C[C@H](F)CCNC(=O)CCCCCNC(=O)c1cc2cnccc2[nH]1,,,,,,ZINCpx00000xImwJ
,,C[C@@H](CNC(=O)[C@H]1C=C[C@@H](NC(=O)CCCCC#N)C1)OCCO,,,,,,ZINCoc000011Py6W
,,CC(C)c1ncc([C@H](C(=O)NC2COC2)N2CCC[C@H]2C(C)C)[nH]1,,,,,,ZINCos00000sRZVa
,,CCCS(=O)(=O)C1CN(C(=O)C=Cc2ccc(F)c(C)c2)C1,,,,,,ZINCmr00000eAdBU
,,CC[C@@H](C(=O)NC[C@@H](C)C(C)(C)C)N(C)C(=O)[C@@H](C)NC=O,,,,,,ZINCmh00000x18nG
,,CC[C@H](C(=O)N(C)CCOC)N(C)C(=O)c1ccccc1OC,,,,,,ZINCnm00001A2aMZ
,,CC1(C)CN(C(=O)c2ccc(F)o2)CC[C@H]1NC(=O)C1(CCF)CC1,,,,,,ZINCpz0000024Wb4
,,CC1(C)CN(C(=O)[C@]2(C)CCC(F)(F)C2)CC[C@@H]1NC(=O)C1CSC1,,,,,,ZINCpz0000024VSB
,,CN1C[C@H](O)CC[C@H]1C(=O)NC(C)(C)C(=O)NCCF,,,,,,ZINCk500000PzACf
,,CCN1C[C@@H](C(=O)N2CCC(C)(CNC(=O)C=CBr)CC2)CCC1=O,,,,,,ZINCpo00000aRJF6
,,COCC=CC(=O)N1C[C@@H](C(=O)N2CC(CSC)C2)C2(CCC2)C1,,,,,,ZINCom00000tdpah
,,CCCS(=O)(=O)C1CN(C(=O)c2ccc(OC(C)C)cc2)C1,,,,,,ZINCmr00000eAdBO
,,CC[C@@H](CO)N(CC)C(=O)[C@@H]1CCCC[C@@H]1NC(=O)[C@H]1C[C@@H]1C,,,,,,ZINCnp00001A2aML
,,CN1C[C@@H](O)CC[C@@H]1C(=O)NCCC(=O)N1CC=CC1,,,,,,ZINCk500000PzACt
,,C[C@@H](CNC(=O)[C@H]1C=C[C@H](NC(=O)CCC2(C)N=N2)C1)S(C)(=O)=O,,,,,,ZINCob000011Py6T
,,COc1c(CNC(=O)C[C@@H](C)N(C)C(=O)[C@H]2C=CCC2)cnn1C,,,,,,ZINCoi00000sKn8F
,,C=CCC[C@H](NC(=O)C=C(C1CC1)C1CC1)C(=O)NC1CN(CC)C1,,,,,,ZINCpq00000m9IIz
,,Cc1cnccc1C(=O)N1C[C@@H]2C[C@@H](NC(=O)CSCC(N)=O)[C@H]2C1,,,,,,ZINCp7000006bj76
,,CCn1cccc1CN(CC1(F)CC1)C(=O)[C@@H](C)OC(F)(F)F,,,,,,ZINCnC00000sWSjQ
,,Cc1cc(C)c(C(=O)N2C[C@H](C(=O)N(C)C[C@@H](C)O)CCC2(C)C)o1,,,,,,ZINCpt00000iUzqT
,,CCCC(CCC)CNC(=O)C[C@H](NC(=O)[C@@H](O)C(C)C)C(C)C,,,,,,ZINCoy00000t8U2V
,,C1=CC2=C(NCC2)C(CN2CCCC(C3CCC3)C2)=C1,,,,,,ZINCkG0000062FJV
,,CN(Cc1ccc([N+](=O)[O-])cc1)C(=O)[C@@H](N)C[C@H]1C=CCCC1,,,,,,ZINCnw00000oKSF1
,,CCN1C[C@@H](C(=O)N2CCCC[C@@H]2CN(C)Cc2cscn2)CC1=O,,,,,,ZINCpo00000aRJFK
,,CC(C)C[C@@H](N)C(=O)NC(CC1CC1)CC1CC1,,,,,,ZINCiu00000aSfAA
,,CCN1CC[C@H]1C(=O)NC[C@@H]1C[C@H](F)CN1C(=O)C[C@@H]1CC=CCC1,,,,,,ZINCpo00000aRII7
,,Cc1cc(CCC(=O)N2C[C@@H](C(=O)N(C)C[C@@H](F)Cl)C(C)(C)C2)on1,,,,,,ZINCpt00000iUzqW
,,Cc1cncc(C(=O)N2CCC[C@](C)(NC(=O)CCS(N)(=O)=O)C2)c1,,,,,,ZINCp7000006bgBL
,,Cc1cnccc1C(=O)NC[C@@H](C)CN(C)C(=O)CN(C)S(C)(=O)=O,,,,,,ZINCp7000006bjdQ
,,CCCCCCCCNC(=O)C[C@H](NC(=O)[C@H](C)N=[N+]=[N-])C(F)F,,,,,,ZINCoD00000t8U2U
,,CN(Cc1ccc([N+](=O)[O-])cc1)C(=O)NCc1cn(C)nc1Cl,,,,,,ZINCnt00000oKSF2
,,Cc1cncc(C(=O)N2C[C@@]3(CNC(=O)C4=COCC4)C[C@H]2CO3)n1,,,,,,ZINCp7000006bh1n
,,Cc1ccc(CC(=O)N2C[C@H](C(=O)NC[C@@H]3CCCO3)C(C)(C)C2)s1,,,,,,ZINCpt00000iUzr1
,,C[C@@H](NC(=O)CCNC(=O)C(C)(C)C)[C@@H]1CCCN1C(=O)C(N)=O,,,,,,ZINCo500000Bq5oA
,,Cc1cnn(C)c1C(=O)N1CCOC[C@H](NC(=O)[C@@H]2CCO[C@@H]2C)C1,,,,,,ZINCp7000006blDG
,,CCC(CC)(CC)CNC(=O)C[C@H](NC(=O)[C@@H](C)N=[N+]=[N-])C(F)F,,,,,,ZINCoB00000t8U2T
,,Cc1cncnc1N1CCN(C)[C@@H](CNC(=O)[C@@H]2CC23CC(O)C3)C1,,,,,,ZINCp7000006bkZl
,,CCN1C[C@@H](C(=O)NCCCC[C@@H](C)NC(=O)CC2CC2)CCC1=O,,,,,,ZINCpo00000aRJN0
,,CC[C@@H](C(=O)N(C)[C@H](C)C(C)C)N(C)C(=O)[C@@H]1CNC(=O)O1,,,,,,ZINCme00000x18nL
,,CNC(=O)C1=CC=C(NC(=O)N2CCC(C)(C)C2)C=C1,,,,,,ZINCkt0000062FNP
,,CC[C@@H](C(=O)NC[C@@H](C)CCCO)N(C)C(=O)c1csnn1,,,,,,ZINCmf00000x18nN
,,CCC1=CC=CC(OC)=C1NCCC(COC)COC,,,,,,ZINCkz0000062FMk
,,Cc1cnc(O)c(CNC(=O)C(=O)N2CCCCNCC(F)(F)C2)c1,,,,,,ZINCp7000006bfH7
,,C=C(C)C[C@H](NC(=O)Cc1scnc1C)C(=O)N[C@H]1CCC[C@@H]1C#N,,,,,,ZINCps00000m9IIv
,,CO[C@@](C)(C(=O)N1CC(C)(NC(=O)[C@H](C)CC(C)(F)F)C1)C(C)C,,,,,,ZINCou00000hlpEq
,,CCN1C[C@H](C(=O)N(C)C[C@@H](C)NC(=O)c2snc(Cl)c2Cl)CC1=O,,,,,,ZINCpo00000aRK9n
,,Cc1cnn(C)c1C(=O)N1C[C@@]2(CNC(=O)c3ccno3)C[C@H]1CO2,,,,,,ZINCp7000006blPf
,,CN1C[C@H](O)CC[C@H]1C(=O)NC[C@@](C)(O)C(C)(C)C,,,,,,ZINCj900000PzACq
,,CO[C@](C)(C(=O)N1C[C@@H]2C[C@]2(NC(=O)CCC(C)(C)C)C1)C(C)C,,,,,,ZINCov00000hlpEz
,,CC[C@H](C(=O)NC[C@](C)(O)COC)N(C)C(=O)COCCCF,,,,,,ZINCn700001A2aNa
,,CN1C[C@H](O)CC[C@@H]1C(=O)NC[C@@](C)(N)C1CCC1,,,,,,ZINCj600000PzACm
,,COC1(C)CN(C(=O)C[C@H](C)C(C)(C)NC(=O)[C@H](O)CCSC)C1,,,,,,ZINCoi00000sKn8u
,,Cc1cnccc1C(=O)N1CCC[C@H]2CN(CC(=O)NC(N)=O)C[C@H]21,,,,,,ZINCp7000006bj0X
,,CCN=c1[nH]c(C(=O)N2CCOC[C@H](NC(=O)[C@H](C)C(C)C)C2)cs1,,,,,,ZINCpo00000aRLfh
,,CCN1Cc2ccccc2[C@@H](NC(=O)C(=O)NCc2cc(C)co2)C1,,,,,,ZINCpo00000aRKTJ
,,Cc1cncn1CC(=O)N[C@@H](C)CCNC(=O)[C@@H]1CCCCNC1=O,,,,,,ZINCp7000006bkth
,,COCCCC(=O)N1C[C@H](C(=O)N2CCCOCC2)CCC1(C)C,,,,,,ZINCom00000tdpag
,,CCn1cccc1CN(CC1(F)CCC1)C(=O)c1ncoc1C,,,,,,ZINCnD00000sWSjS
,,Cc1ccc(C(=O)N[C@H](C)CCNC(=O)C2=CSCS2)c(C2CC2)c1,,,,,,ZINCpH00000oIW3L
,,Cc1cncc(C(=O)N[C@H]2[C@@H]3CN(c4cc(C(N)=O)ncn4)C[C@@H]32)c1,,,,,,ZINCp7000006biea
,,CC[C@@H](C(=O)N(C)[C@@H](C)C1CC1)N(C)C(=O)CC1CC(=O)C1,,,,,,ZINCmo00000x18nv
,,CCN1C[C@@H](C(=O)N[C@H](CCNC(=O)c2ccsc2)C(C)C)CC1=O,,,,,,ZINCpo00000aRK21
,,CO[C@](C)(C(=O)N1CC(F)(CNC(=O)c2cscc2Cl)C1)C(C)C,,,,,,ZINCox00000hlpEu
,,COc1c(CNC(=O)C[C@@H](C)NC(=O)c2cocc2C)cnn1C,,,,,,ZINCoh00000sKn8K
,,COC1(C)CN(C(=O)C[C@@H](C)CNC(=O)[C@H]2CC3(CCO2)CC3)C1,,,,,,ZINCoj00000sKn8z
,,CCN1C[C@H](C(=O)NCCCN(c2ncncc2Br)C(C)C)CC1=O,,,,,,ZINCpo00000aRKql
,,CCCCCCCCNC(=O)C[C@@H](NC(=O)[C@H](CC)OC)C(F)F,,,,,,ZINCoA00000t8U2Q
,,CCN=c1[nH]c(C(=O)N(C)[C@H](C)CCNC(=O)[C@@H](CC)N(C)C)cs1,,,,,,ZINCpo00000aRL3S
,,CO[C@@](C)(C(=O)N1CCCN(C(=O)[C@H](C)CSC)CCC1)C(C)C,,,,,,ZINCou00000hlpEr
,,CCCC[C@H](NC(=O)Cc1scnc1C)C(=O)N[C@H]1CCC[C@@H](O)C1,,,,,,ZINCpq00000m9IIw
,,Cc1cncc(CC(=O)N2CC[C@H]([C@H](C)NC(=O)[C@H]3CC(=O)N3)C2)c1,,,,,,ZINCp7000006bipO
,,CCCc1ncc([C@H](C(=O)NCC(C)C)N2CC[C@H]2C(=O)OC)s1,,,,,,ZINCor00000sRZVh
,,Cc1cc(C)c(C(=O)N2C[C@@H](C(=O)NCC(C)(F)F)C3(CC3)C2)cn1,,,,,,ZINCpt00000iUzqP
,,CC[C@@H](CO)N(CC)C(=O)[C@@H]1CC12CC(NC(=O)[C@H]1C[C@H]1C)C2,,,,,,ZINCnl00001A2aMJ
,,COCCCC(=O)N1C[C@H](C(=O)N2CCC[C@@H]2COC)CC[C@@H]1C,,,,,,ZINCom00000tdpad
,,CC1(C)CN(C(=O)c2cc(Cl)c(F)cc2O)C[C@H]1NC(=O)C1(Cl)CC1,,,,,,ZINCpz0000024VYl
,,COC1CCN(C(=O)C[C@H](C)CNC(=O)c2cn(C)c(C)n2)CC1,,,,,,ZINCoh00000sKn8x
,,CCN=c1[nH]c(C(=O)N[C@H](C)CNC(=O)[C@@H]2[C@H](C)O[C@H](C)[C@@H]2C)cs1,,,,,,ZINCpo00000aRLNT
,,COC1(CCNC(=O)C[C@@H](C)NC(=O)Cc2ccccn2)CCC1,,,,,,ZINCol00000sKn8L
,,CN1C[C@H](O)CC[C@H]1C(=O)NCC(C)(CO)CO,,,,,,ZINCi400000PzACe
,,CCCc1ncc([C@@H](C(=O)NCC2CC2)N2C[C@H]3COC[C@H]3C2)s1,,,,,,ZINCos00000sRZVe
,,CC1(C)CN(C(=O)COC2CCCC2)C[C@@H]1CN=c1ncc(Cl)c[nH]1,,,,,,ZINCpz0000024Vei
,,COC1(C)CN(C(=O)C[C@H](C)CNC(=O)c2cccc(F)c2N)C1,,,,,,ZINCok00000sKn8v
,,CC[C@@H](C(=O)N(C)[C@@H](CC)CC(=O)N1CC[C@H]1CO)N(C)C,,,,,,ZINCmb00000x18nM
,,CCN1C[C@H](C(=O)N(C)CCCN(C)C(=O)c2ccoc2Br)CC1=O,,,,,,ZINCpo00000aRK7a
,,CC1(C)CN(C(=O)[C@@H]2C[C@@H]2F)CC[C@H]1NC(=O)C[C@H]1CCC(F)(F)C1,,,,,,ZINCpz0000024VCv
,,CC[C@H](C(=O)NC[C@](C)(O)C(F)F)N(C)C(=O)[C@H](O)CCSC,,,,,,ZINCna00001A2aMH
,,CO[C@@](C)(C(=O)N1C[C@@H]2CC[C@H](C1)N2C(=O)c1cccs1)C(C)C,,,,,,ZINCow00000hlpEF
,,Cc1cccc(C(=O)N2C[C@H](C(=O)NCCC(F)(F)Cl)C(F)(F)C2)n1,,,,,,ZINCpu00000iUzqQ
,,COC(=O)CC(=O)NC[C@H](O)CN(C)C(=O)c1ncccc1SC,,,,,,ZINCo500000Bq5eN
,,CN(Cc1ccc([N+](=O)[O-])cc1)C(=O)[C@@]1(CO)C[C@H]1C(F)(F)F,,,,,,ZINCnr00000oKSF0
,,CN1C[C@H](O)CC[C@H]1C(=O)NCCCNC(=O)C1=CCC1,,,,,,ZINCl500000PzACn
,,CC[C@@H](C(=O)N(C)[C@@H](C)CC(C)C)N(C)C(=O)[C@@H](O)CSC,,,,,,ZINCmo00000x18nH
,,CC[C@@H](CO)N(CC)C(=O)[C@H]1CC[C@H]1NC(=O)[C@H]1CC(C)=NO1,,,,,,ZINCnc00001A2aMP
,,CN1C[C@H](O)CC[C@H]1C(=O)NCC[C@H]1CCCNC1,,,,,,ZINCj500000PzACj
,,Cc1cnccc1C(=O)N[C@@H](C)C1(O)CN(C(=O)Cc2csnn2)C1,,,,,,ZINCp7000006bjjg
,,Cc1cncc(C(=O)N2CCCC[C@H]2CNC(=O)Cn2nccn2)n1,,,,,,ZINCp7000006bgvG
,,C[C@H](CNC(=O)[C@H]1CC[C@H](NC(=O)CC2CCC2)CC1)S(N)(=O)=O,,,,,,ZINCoc000011Py6N
,,COc1cc(NC(=O)C[C@@H](C)NC(=O)CCOC(C)=O)ccc1O,,,,,,ZINCoh00000sKn8M
,,CC[C@H](C(=O)N(C)CCOC(C)=O)N(C)C(=O)[C@@H](C#N)C(C)C,,,,,,ZINCng00001A2aMA
,,Cc1cncn1CC(=O)N[C@H]1CCCN(C(=O)c2cn(C)nn2)CC1,,,,,,ZINCp7000006bkJj
,,CO[C@](C)(C(=O)N1C[C@@H](C)C[C@H](NC(=O)C2=CCCC2)C1)C(C)C,,,,,,ZINCov00000hlpEM
,,C[C@H](CNC(=O)[C@H]1C=C[C@H](NC(=O)CC(=O)N(C)C)C1)C(C)(F)F,,,,,,ZINCof000011Py75
,,CC#CC[C@H](NC(=O)Cc1scnc1C)C(=O)NC[C@@]1(Cl)CC1(F)F,,,,,,ZINCpq00000m9IIq
,,C=C/C=C/CCN(Cc1csc(C)n1)C(=O)[C@@H]1CC(C)(C)CN1C,,,,,,ZINCoG00000lu9KK
,,CCn1cccc1CN(CC1(F)CC1)C(=O)C[C@@H]1CCO[C@@H]1C,,,,,,ZINCnB00000sWSjM
,,CCCC[C@H](N)C(=O)NCCC1CCCCCC1,,,,,,ZINCiz00000aSfAG
,,CC(C)c1ncc([C@H](C(=O)NC(C)(C)C)N2CCN(C)[C@@H](C)C2)[nH]1,,,,,,ZINCor00000sRZVi
,,CCN1C[C@H](C(=O)N[C@H](C)CCCNc2snc(C)c2C#N)CC1=O,,,,,,ZINCpo00000aRKIr
,,Cc1cccc(C(=O)N2C[C@@H](C(=O)N(C)CCN=[N+]=[N-])C(F)(F)C2)c1,,,,,,ZINCpu00000iUzqX
,,CN(Cc1ccc([N+](=O)[O-])cc1)C(=O)N[C@@H]1CN(C)C(C)(C)C1,,,,,,ZINCns00000oKSF3
,,Cc1cnn(C)c1C(=O)NC[C@H]1CC[C@H](NC(=O)c2cn(C)nn2)C1,,,,,,ZINCp7000006bmhk
,,Cc1nc(CN[C@](C)(CO)c2cccc([N+](=O)[O-])c2)c(Br)s1,,,,,,ZINCmB000003z8No
,,Cn1c(C(=O)NCCOCCNC(=O)[C@@H]2COC(=O)O2)cnc1O,,,,,,ZINCo400000Bq5ia
,,COC1(C)CN(C(=O)C[C@@H](C)N(C)C(=O)c2cc(CO)c(C)o2)C1,,,,,,ZINCoh00000sKn8D
,,Cc1cnn(C)c1C(=O)N[C@@H](C)CN(C)C(=O)c1cc[nH]c(=N)c1N,,,,,,ZINCp7000006bmlY
,,CC[C@@H](C(=O)NC[C@@H](C)c1cccs1)N(C)C(=O)[C@H](O)CC,,,,,,ZINCmp00000x18nx
,,CC1(C)CN(C(=O)c2c(O)cccc2Cl)C[C@H]1NC(=O)[C@H]1C=CCC1,,,,,,ZINCpz0000024VVo
,,CCN=c1[nH]c(C(=O)NC[C@@H](C2CC2)N(C)C(=O)[C@H](C)COC)cs1,,,,,,ZINCpo00000aRLxV
,,Cc1cncc(C(=O)N2CC[C@H]2CNC(=O)[C@@H]2[C@H]3[C@H]4C[C@H]2C(=O)[C@@H]34)n1,,,,,,ZINCp7000006bgVB
,,CC[C@H](C(=O)N(C)CCOC(F)F)N(C)C(=O)c1cnnn1C,,,,,,ZINCn900001A2aME
,,CN(Cc1ccc([N+](=O)[O-])c(O)c1)[C@H]1CCCC[C@H]1S(C)(=O)=O,,,,,,ZINCnq00000oKSF7
,,C[C@@H](CNC(=O)[C@H]1C=C[C@H](NC(=O)CC(C)(F)F)C1)n1ccnn1,,,,,,ZINCog000011Py70
,,Cc1ccc(CC(=O)N2C[C@H](C(=O)N(C)[C@H]3CC[C@@H]3C)C(F)(F)C2)o1,,,,,,ZINCpu00000iUzr0
,,CC[C@H](C(=O)NCCCOC)N(C)C(=O)[C@H]1OCC[C@H]1C(C)C,,,,,,ZINCnk00001A2aN2
,,Cc1cc(C)c(C(=O)N2C[C@@H](C(=O)NCC(F)(F)CO)CC2(C)C)s1,,,,,,ZINCpt00000iUzqZ
,,CN1C[C@@H](O)CC[C@@H]1C(=O)NCCC(=O)C1CCCC1,,,,,,ZINCkd00000PzACp
,,C=C(C)C[C@H](N)C(=O)NCC[C@]1(C)CC1(Cl)Cl,,,,,,ZINCht00000aSfAC
,,CC(C)(C)[C@@H](N)C(=O)NCCC1CCC2(CC1)CC2,,,,,,ZINCjy00000aSfAD
,,C[C@@H](CNC(=O)[C@H]1C=C[C@H](NC(=O)Cc2ccccn2)C1)N(C)C,,,,,,ZINCod000011Py6O
,,CSC1(C(=O)NC2=NC3=CC(Cl)=C(Cl)C=C3N2C)CC1,,,,,,ZINCkH0000062FMw
,,CN(Cc1ccc([N+](=O)[O-])cc1)Cc1cn(C)nc1OC(F)F,,,,,,ZINCnv00000oKSEW
,,Cc1cncc(C(=O)N2CCN(C(=O)[C@]3(F)CCOC3)C[C@@H](O)C2)c1,,,,,,ZINCp7000006bgFV
,,CCCC[C@@H](NC(=O)Cc1scnc1C)C(=O)N[C@@H](COC)C1CC1,,,,,,ZINCps00000m9IIx
,,CCOc1cc(F)cc(-c2ccn3c(CO)cnc3c2)c1,,,,,,ZINClA00000sBup3
,,COCCC(=O)N1C[C@H]2C[C@@]2(NC(=O)c2cc(C)c(Cl)cc2Cl)C1,,,,,,ZINCow00000hlpEv
,,CN(Cc1ccc([N+](=O)[O-])cc1)Cc1cnn(CC(F)(F)F)n1,,,,,,ZINCnt00000oKSEX
,,CCOc1cc(F)cc(-c2cc(-c3nnco3)ccn2)c1,,,,,,ZINClD00000sBuoX
,,CC[C@H](C(=O)NC[C@](C)(O)C(F)F)N(C)C(=O)CN(C)C1CC1,,,,,,ZINCna00001A2aMI
,,CC[C@H](C(=O)NC[C@](C)(O)C(F)(F)F)N(C)C(=O)[C@@H]1CC[C@@H]1C,,,,,,ZINCnm00001A2aMB
,,Cc1cncn1CC(=O)N[C@]1(C)CCN(C(=O)C[C@@H]2COCCO2)C1,,,,,,ZINCp7000006bkO0
,,Cc1ccc(C(=O)N[C@@H](C)CCNC(=O)c2c(Cl)noc2C)c(Br)c1,,,,,,ZINCpG00000oIW3H
,,CC[C@H](C(=O)N[C@@](C)(CO)CNC(=O)[C@@H](C)C1CC1)C(=O)OC,,,,,,ZINCn800001A2aN6
,,CC(=O)c1cc(F)ccc1OCC[C@@H]1C[C@H](C)O[C@H](C)C1,,,,,,ZINClK00000sBuoW
,,CC1(C)CN(C(=O)[C@@H]2CCC[C@@H]3C[C@H]32)C[C@H]1CN=c1[nH]ccnc1F,,,,,,ZINCpz0000024VyA
,,C=C(C)C[C@@H](NC(=O)C=C(C1CC1)C1CC1)C(=O)NCc1cc[nH]n1,,,,,,ZINCps00000m9IIB
,,CC[C@H](C(=O)NC[C@H]1OCC[C@@H]1F)N1CCN(CCO)CC1,,,,,,ZINCm500000x18nr
,,CC[C@H](C(=O)NC[C@H](CC1CC1)C(=O)NCCSC)N(C)C,,,,,,ZINCmj00000x18nt
,,Cc1cncc(C(=O)NC[C@@H](C)CNC(=O)CNc2ncccn2)n1,,,,,,ZINCp7000006bhon
,,CN(Cc1ccc(=N)[nH]c1)C(=O)N[C@@H]1COc2ccc(F)cc21,,,,,,ZINCnq00000oKSEU
,,CO[C@@](C)(C(=O)N1C[C@@H]2C[C@H]1CN2C(=O)c1ccsc1C)C(C)C,,,,,,ZINCov00000hlpEI
,,CCN1CC[C@H]1C(=O)NC[C@H]1C[C@@H]2CC[C@H](C1)N2C(=O)C1(SC)CC1,,,,,,ZINCpo00000aRIUs
,,CCC(C)(C)CN(Cc1csc(C)n1)C(=O)[C@@H]1CC(=O)[C@H]1C1CC1,,,,,,ZINCoI00000lu9KO
,,C=C=C[C@@H](C)C(=O)NC[C@H](C)NC(=O)c1cc(C#N)c(O)nc1N,,,,,,ZINCo600000Bq58M
,,CC[C@H](C(=O)NC[C@](C)(O)C(F)F)N(C)C(=O)CC1CC(F)C1,,,,,,ZINCnk00001A2aMF
,,CN1C[C@H](O)CC[C@H]1C(=O)NCCC[C@H]1CC1(F)F,,,,,,ZINCjf00000PzACa
,,CC(C)C[C@H](N)C(=O)NCc1cc(O)cc(Br)c1,,,,,,ZINCir00000aSfAy
,,CC[C@H](C(=O)NC[C@](C)(O)COC)N(C)C(=O)c1ccsc1C,,,,,,ZINCnk00001A2aN7
,,CCN=c1[nH]c(C(=O)N2C[C@H](NC(=O)[C@H](F)OC)CC(C)(C)C2)cs1,,,,,,ZINCpo00000aRLpv
,,CCCc1ncc([C@@H](C(=O)NC2COC2)N(C)CCCOCC)s1,,,,,,ZINCoq00000sRZVc
,,C=C(C)C[C@H](N)C(=O)NCc1cc(I)c(F)cc1F,,,,,,ZINCju00000aSfAw
,,Cc1cncn1CC(=O)NC[C@H]1CN(C(=O)CSCCC#N)CCO1,,,,,,ZINCp7000006bkpQ
,,CCN1CC[C@H]1C(=O)NC[C@@H]1C[C@H]2CC[C@H]1N2C(=O)Cc1ccsc1,,,,,,ZINCpo00000aRIIx
,,CC1(C)CN(C(=O)c2cc(F)c[nH]2)CC[C@@H]1NC(=O)[C@H]1CCC1(C)C,,,,,,ZINCpz0000024W0G
,,CC1CCC(C(=O)N[C@H](C)CCNC(=O)c2csnc2C2CC2)CC1,,,,,,ZINCpE00000oIW3M
,,CCC(CC)(CN(Cc1csc(C)n1)C(=O)[C@@H]1CC[C@@H](C)O1)OC,,,,,,ZINCoF00000lu9KL
,,CN1C[C@H](O)CC[C@@H]1C(=O)NC(C)(C)[C@H](O)C(F)F,,,,,,ZINCj500000PzACc
,,CCN1CC[C@H]1C(=O)N[C@]1(C)CCN(C(=O)C23CCC(F)(CC2)C3)C1,,,,,,ZINCpo00000aRJt5
,,C=C(Cl)CNC(=O)N1C[C@H](CC(=O)OC)CC12CCOCC2,,,,,,ZINCmo00000x1uhU
,,C=CCN1CCCN(C(=O)C[C@H](CC2CC2)NC(=O)C(Cl)Cl)CC1,,,,,,ZINCor00000mrRCB
,,CCC(C)(CC)NC(=O)C12CC(NC(=O)Cc3ccon3)(C1)C2,,,,,,ZINCnp00000UhuQ2
,,C[C@@](O)(C(=O)N(Cc1sccc1CO)C[C@@]1(C)CCOC1)C1CCC1,,,,,,ZINCpv00000QnS2N
,,O=C(NCc1ccncc1OCC(F)(F)F)c1coc(I)c1,,,,,,ZINCmB00000loZvt
,,CN1CCN(Cc2ncc(Cl)cc2Cl)CC2(CC2)C1,,,,,,ZINCjz00000gZHNk
,,C=CCN(CC)C(=O)CCNC(=O)CCc1ccccn1,,,,,,ZINCll00000PwWPU
,,Cc1cc(C(=O)N2C[C@@H]3[C@@H](C[C@H]3NC(=O)c3cccnn3)C2)c(C)s1,,,,,,ZINCpq000001EdWW
,,O=C(CSc1nc[nH]n1)NCCNC(=O)[C@@H]1COc2ccccc21,,,,,,ZINCo900000EK7yn
,,C#CCN(CC)C(=O)CCNC(=O)[C@@H]1CCC[C@@H](C#N)C1,,,,,,ZINClj00000PwWQd
,,CC[C@H]1[C@@H](O)CCN1C(=O)C1(CNC(=O)c2cncnc2)CCCC1,,,,,,ZINCph000015KtYC
,,CC[C@@H]1CC[C@](O)(C(=O)N[C@H]2C[C@H]3CC[C@H]2N(C(=O)[C@H](C)O)C3)C1,,,,,,ZINCoe00000xiBlw
,,CCCCCOCC(=O)NC[C@H]1CCN1C(=O)CCc1csc(C)n1,,,,,,ZINCpt00000dWc8b
,,C=CC=CCCNC(=O)C12CC(NC(=O)c3cnn(C)n3)(C1)C2,,,,,,ZINCnd00000UhuPW
,,CC[C@H]1[C@@H](O)CCN1C(=O)[C@]1(NC(=O)[C@H]2COC(=O)N2C)CCSC1,,,,,,ZINCp5000015KtZ2
,,C[C@@H](CCNC(=O)c1cc(CF)on1)NC(=O)c1cc(Cl)ns1,,,,,,ZINCnr000007PTZL
,,CCC(CC)(CNC(=O)[C@@]12C[C@@H](CO1)N(C(=O)CSC)C2)OC,,,,,,ZINCng00000UhuPR
,,O=C(CSc1nc[nH]n1)NCCN(CC1CC1)C(=O)c1cn[nH]c1,,,,,,ZINCo800000EK7ym
,,C=CCN1CCC(NC(=O)C[C@@H](C)CNC(=O)c2cccs2)CC1,,,,,,ZINCos00000mrRCF
,,CC[C@H]1[C@@H](O)CCN1C(=O)C1(NC(=O)c2cccc[n+]2[O-])CCCC1,,,,,,ZINCpd000015KtYU
,,C#CCCO[C@@H](C)C(=O)N1CC(N(C)C(=O)C=Cc2nccs2)C1,,,,,,ZINCoi00000bbvqW
,,Cc1cc(C(=O)N2C[C@H](C)CN(C(=O)C3(CO)CCC3)C[C@H]2C)co1,,,,,,ZINCpq000001Ee2a
,,C#CCC(C)(C)NC(=O)C12CC(NC(=O)C3=CCOCC3)(C1)C2,,,,,,ZINCni00000UhuPU
,,CCCn1ccc(=NC(=O)C[C@@H]2CCCN2C(=O)CCCC#N)[nH]1,,,,,,ZINCot00000mrRCs
,,C[C@@H](CCNC(=O)[C@]1(C)CCOC1)N(C)C(=O)C=CC1CCC1,,,,,,ZINCnr000007PTKN
,,CCS[C@H](C)C(=O)N(C[C@@H]1CC[C@H](C2CC2)O1)C[C@H](OC)C1CCC1,,,,,,ZINCpH00000FLjT8
,,CCCN1CCCN(C(=O)C[C@@H](C)CNC(=O)C2(CC)CC2)CC1,,,,,,ZINCos00000mrRCE
,,COc1ccccc1[C@H]1CCCN(C(=O)C#C[C@@H]2CCOC2)CC1,,,,,,ZINCoy000005eIuq
,,C[C@](O)(C(=O)N(CCCC1CC1)Cc1cnc2n1CCC2)C1CCC1,,,,,,ZINCpy00000QnS31
,,C[C@@H](CCNC(=O)[C@H]1CCCO1)NC(=O)Cc1ccc(Br)cc1,,,,,,ZINCnr000007PTB0
,,O=C(CSc1nc[nH]n1)NCCN(C(=O)Cn1cnnc1)C1CC1,,,,,,ZINCo500000EK7yo
,,O=C(CSc1nc[nH]n1)NC[C@H](CO)CNC(=O)[C@H]1CSCCS1,,,,,,ZINCo500000EK7y7
,,CC[C@H]1[C@@H](O)CCN1C(=O)[C@]1(NC(=O)c2cnn(C)c2)CCC[C@@H]1C,,,,,,ZINCpg000015KtYW
,,C=CCN(CC)C(=O)CCNC(=O)C[C@@H]1C[C@@H](O)C1(C)C,,,,,,ZINClj00000PwWQ6
,,Cc1cnsc1C(=O)N[C@@H]1C[C@@H]2CC[C@H](C1)N2c1nc(Cl)ncc1F,,,,,,ZINCpz000002yX8s
,,C=C(Cl)CNC(=O)CO[C@H]1C[C@@H](NC(=O)[C@@H]2CC[C@H](F)C2)C1,,,,,,ZINCmm00000x1uhD
,,CCCN(CC)C(=O)CCNC(=O)C[C@H]1CC[C@@H](C)O1,,,,,,ZINCkn00000PwWQ4
,,C[C@@H](CCNC(=O)[C@H]1CCCc2scnc21)N(C)C(=O)C(F)F,,,,,,ZINCnr000007PTBM
,,O=C(CSc1nc[nH]n1)NC[C@@H](CO)CNC(=O)[C@@H]1C=CCCC1,,,,,,ZINCo600000EK7y6
,,CC[C@H]1[C@@H](O)CCN1C(=O)C1(F)CCN(C(=O)[C@H]2CCNC2=O)CC1,,,,,,ZINCp5000015KtYO
,,CC[C@H]1[C@@H](O)CCN1C(=O)[C@@]1(NC(=O)[C@@H]2CC[C@H](C(N)=O)C2)C[C@H]1C,,,,,,ZINCp7000015KtZ1
,,C#CCCO[C@@H](C)C(=O)N(C)C[C@@H]1C[C@H](F)CN1C(=O)CCC#C,,,,,,ZINCoi00000bbvlo
,,C[C@@H](NC(=O)Cc1ccsn1)C1CN(C(=O)CCOC2CCCC2)C1,,,,,,ZINCpp00000SKGNa
,,C#CCCO[C@@H](C)C(=O)NC[C@H](CC)NC(=O)c1nn(C)cc1Br,,,,,,ZINCoi00000bbw8u
,,C[C@@H](CCNC(=O)[C@H]1CCC2(CCC2)CO1)NC(=O)C1(C)CC1,,,,,,ZINCnr000007PTzr
,,Cn1cc(NCc2nc(Cl)c3ccccn23)cn1,,,,,,ZINCit00000gZHNl
,,Cn1cc(NCc2ncc(C3CCC3)[nH]2)c(Br)n1,,,,,,ZINCix00000gZHNj
,,O=C(CSc1nc[nH]n1)NC[C@H](CO)CNC(=O)[C@]1(Cl)CC1(F)F,,,,,,ZINCo500000EK7y3
,,C[C@H](NC(=O)Cc1c(F)cccc1Br)c1cn([C@@H]2COC[C@H]2O)nn1,,,,,,ZINCpl00000SKGNx
,,CCCC=CCNC(=O)[C@@]12C[C@@H](CO1)N(C(=O)[C@H]1CC[C@H]1C)C2,,,,,,ZINCno00000UhuPM
,,C=C(Cl)CNC(=O)CO[C@@H]1CCN(C(=O)C[C@@H](C)N(C)C)C1,,,,,,ZINCme00000x1uhI
,,C[C@H](NC(=O)Cc1cn(C2CC2)cn1)[C@H](C)NC(=O)C1(C2CC2)CC1,,,,,,ZINCpp00000SKGNz
,,CC[C@H]1[C@@H](O)CCN1C(=O)C1(NC(=O)C[C@H]2C[C@@H](O)C2(C)C)CCC1,,,,,,ZINCph000015KtYZ
,,CC(C)n1ccc(=NC(=O)C[C@H]2CCN2C(=O)CCC2(C)N=N2)[nH]1,,,,,,ZINCot00000mrRCx
,,Cc1cc(F)cc(C(=O)N=c2[nH]n(CCO)cc2C)c1I,,,,,,ZINClu00000bV6og
,,Cc1cnsc1C(=O)N[C@H]1CN(C(=O)C2(C3CC3)CCC2)CC[C@@H]1C,,,,,,ZINCpz000002yXpp
,,Cc1cc(C(=O)N2C[C@@H]3[C@@H](CCC[C@H]3NC(=O)COC(F)F)C2)sn1,,,,,,ZINCpq000001EdUa
,,CCC(CC)CNC(=O)[C@@]12C[C@@H]1CN(C(=O)[C@@H](C)NC(N)=O)C2,,,,,,ZINCna00000UhuPB
,,CCCN(CC)C(=O)CCNC(=O)[C@H]1CC12CCC2,,,,,,ZINCjp00000PwWQb
,,C[C@H](NC(=O)Cc1ccsn1)C(C)(C)C(=O)N[C@@]12C[C@@H]1COC2(C)C,,,,,,ZINCpp00000SKGNi
,,CC[C@@](C)(CNC(=O)CC(C)(C)C#N)C(=O)NCCC(F)F,,,,,,ZINCms00000gwiRT
,,C=C(Cl)CNS(=O)(=O)c1cccc(=N[C@H]2CN(C)C[C@H]2C)[nH]1,,,,,,ZINCmk00000x1uhZ
,,CC/C=C(\C)CNC(=O)[C@@]12C[C@@H]1CN(C(=O)c1cn(C)cn1)C2,,,,,,ZINCnj00000UhuPq
,,C[C@@H](NC(=O)CC1CCSCC1)C1(C(=O)N2CC(O)(C(F)F)C2)CC1,,,,,,ZINCpm00000SKGN1
,,C[C@@](O)(C(=O)N(CCc1ccncc1F)Cc1cncs1)C(F)(F)F,,,,,,ZINCpv00000QnS2S
,,C[C@@](O)(C(=O)N(CCCC[C@@H]1CCCO1)Cc1cn[nH]c1)C1CCC1,,,,,,ZINCpw00000QnS39
,,C[C@H](NC(=O)Cc1ccsn1)C1(C(=O)N(C)C2CN(C3CC3)C2)CC1,,,,,,ZINCpi00000SKGNd
,,CCCN(CC)C(=O)CCNC(=O)[C@@H]1CC[C@H](O)CN1C,,,,,,ZINCl800000PwWQg
,,Cc1cnsc1C(=O)N[C@@H]1C[C@H]2C[C@@H](C1)N(C(=O)c1ncc(Cl)s1)C2,,,,,,ZINCpz000002yXbG
,,Cc1noc(C)c1NC(=O)CCCCN(C)C(=O)[C@@H]1CC[C@@H](C)O1,,,,,,ZINCou00000p7R2L
,,CCCC=CCNC(=O)C12CC(NC(=O)C3COCOC3)(C1)C2,,,,,,ZINCnh00000UhuPY
,,CC/C=C(\C)CNC(=O)[C@@]12C[C@@H]1CN(C(=O)CN(C)C(C)=O)C2,,,,,,ZINCnd00000UhuPD
,,Cc1cc(C(=O)N2C[C@H](C)[C@H](NC(=O)[C@H]3CC=CCC3)C2)cc(O)n1,,,,,,ZINCpq000001EeuW
,,Cc1noc(C)c1NC(=O)CC[C@@H]1CCN(C(=O)[C@H]2CC2(F)F)C1,,,,,,ZINCov00000p7R2P
,,C[C@@](O)(C(=O)N(CCCCCCO)C[C@@H]1C[C@H]2C=C[C@H]1C2)C(F)(F)F,,,,,,ZINCpy00000QnS38
,,C[C@@](O)(C(=O)NCCc1nc([C@@H]2C[C@H]3C[C@H]2[C@H]2C[C@H]23)cs1)C(F)(F)F,,,,,,ZINCpy00000QnS2Z
,,C/C=C/CCCNC(=O)[C@@]12C[C@@H]1CN(C(=O)c1cncnc1)C2,,,,,,ZINCnk00000UhuPr
,,C[C@@H](CCNC(=O)c1cc(F)cc(Br)c1)NC(=O)C1=CCOC1,,,,,,ZINCnr000007PU4C
,,C#C[C@H](NC[C@H](O)COc1cc(Cl)ccc1F)C1CCCCC1,,,,,,ZINCnD00000hdJjq
,,CCS[C@@H](C)C(=O)NC[C@H]1CC[C@@H](CNC(=O)C[C@H](C)C(C)C)CC1,,,,,,ZINCpI00000FLjTc
,,C[C@H](NC(=O)Cc1ccsn1)[C@@H](C)C(=O)N1CCC(OC2CC2)CC1,,,,,,ZINCpp00000SKGNp
,,C=C[C@](C)(CC)NC(=O)[C@@]12C[C@@H]1CN(C(=O)c1n[nH]c(O)n1)C2,,,,,,ZINCn600000UhuPs
,,C=CC(C)(C)CNC(=O)C12CC(NC(=O)Cc3ccon3)(C1)C2,,,,,,ZINCnl00000UhuQ1
,,C[C@H](C#N)C(=O)NCC1CC2(C1)CN(C(=O)[C@@H]1[C@H]3CCCCC[C@H]31)C2,,,,,,ZINCpt00000dWc0F
,,C[C@](O)(C(=O)N(Cc1nccs1)C[C@@H]1C[C@H](C2CC2)CO1)C1CCC1,,,,,,ZINCpy00000QnS2K
,,CC(C)N(C)[C@@H](CCc1ccsc1)C(=O)NC(C)(C)C,,,,,,ZINCkD00000cwlfW
,,CC[C@@H]1CN(C(=O)C2(CCF)CC2)CCN1C(=O)Cn1cncn1,,,,,,ZINCoe00000xiBFD
,,CC[C@@H]1CN(C(=O)C2(C)CS(=O)(=O)C2)CCN1C(=O)CC(F)(F)F,,,,,,ZINCoe00000xiBF8
,,CC[C@@H](NC[C@H](O)C12CCC(CC1)C2)c1c(F)cc(F)cc1F,,,,,,ZINCnK00000hdJjl
,,CC[C@H]1[C@@H](O)CCN1C(=O)c1c[nH]nc1CCNC(=O)C1(OC)CC1,,,,,,ZINCp8000015KtYG
,,C[C@H](CC1CC1)CN(CCC[C@@H]1CCOC1)C(=O)CSCCC#N,,,,,,ZINCoH00000lylHy
,,CCCn1ccc(=NC(=O)C[C@@H](C)N(C)C(=O)C#CC2CCC2)[nH]1,,,,,,ZINCos00000mrRCQ
,,Cc1cnsc1C(=O)N[C@@H]1CCCC[C@@H]1CNC(=O)C1C[C@@H]2C[C@H]2C1,,,,,,ZINCpz000002yWYh
,,C#C[C@@H](NC[C@@H](O)C12CC3CC(CC(C3)C1)C2)C1CC(F)(F)C1,,,,,,ZINCnC00000hdJjk
,,C[C@@H](NC(=O)Cc1ccsn1)C(C)(C)C(=O)N(C)Cc1cnccn1,,,,,,ZINCpm00000SKGNj
,,CC[C@H]1[C@@H](O)CCN1C(=O)C1([C@H](C)NC(=O)C2=NOC(C)(C)C2)CC1,,,,,,ZINCph000015KtYA
,,CC[C@H]1[C@@H](O)CCN1C(=O)c1ccoc1CNC(=O)C1(CO)COC1,,,,,,ZINCp5000015KtYw
,,CC[C@H]1[C@@H](O)CCN1C(=O)CC1(N(C)C(=O)c2cccc(=O)o2)CC1,,,,,,ZINCpg000015KtZc
,,C[C@H](NC(=O)Cc1ccsn1)[C@@H](C)C(=O)N1CCN(C2(C)CC2)CC1,,,,,,ZINCpl00000SKGNr
,,CCC#CCCNC(=O)[C@@]12C[C@@H]1CN(C(=O)CNC(=O)OC)C2,,,,,,ZINCn700000UhuPE
,,C#CCCCCNC(=O)C12CC(NC(=O)c3cc(=N)[nH][nH]3)(C1)C2,,,,,,ZINCnb00000UhuPT
,,CC[C@H]1[C@@H](O)CCN1C(=O)[C@@]1(F)CCCN(C(=O)COCCOC)C1,,,,,,ZINCp9000015KtYM
,,C[C@@H](NC(=O)Cc1ccsn1)c1nocc1C(=O)NCC#CC1CC1,,,,,,ZINCpm00000SKGNf
,,CCS[C@H](C)C(=O)NC[C@H]1CC[C@@H](CNC(=O)[C@@]2(C)CC2(Cl)Cl)CC1,,,,,,ZINCpH00000FLjTa
,,C[C@@](O)(C(=O)N(CCCc1ccsc1)Cc1nc(CO)cs1)C1CC1,,,,,,ZINCpy00000QnS34
,,Cc1cnsc1C(=O)N[C@@H]1CCC[C@@H]2CN(C(=O)[C@@H]3C[C@@]3(C)Br)C[C@@H]21,,,,,,ZINCpz000002yX0v
,,N[C@@H]1CC[C@H]1NC(=O)c1cccc(Nc2ccccc2)c1,,,,,,ZINClw00000bV6pJ
,,CC[C@@H]1CN(C(=O)C(=O)NC[C@@H]2CCOCC23CCC3)CCN1C,,,,,,ZINCoe00000xiBsL
,,C=C(Cl)CNC(=O)CO[C@H]1C[C@@H](NC(=O)C2(COC)CC2)C1,,,,,,ZINCmf00000x1uhC
,,CCC(C)(CC)NC(=O)[C@@]12C[C@@H]1CN(C(=O)[C@H]1CCC(=O)N1)C2,,,,,,ZINCne00000UhuPy
,,CCC#CCCNC(=O)C12CC(NC(=O)Cc3cnns3)(C1)C2,,,,,,ZINCng00000UhuQ3
,,CCC1(F)CN(C(=O)[C@H]2C=C[C@H](NC(=O)C=C3CCOCC3)C2)C1,,,,,,ZINCon00000FwIYX
,,CCC(C)(C)CNC(=O)[C@@]12C[C@@H](CO1)N(C(=O)[C@@H]1C[C@@]1(F)Cl)C2,,,,,,ZINCno00000UhuPJ
,,Cc1cnsc1C(=O)N[C@H]1C[C@@H](C)N(C(=O)CC2(C(F)(F)F)CC2)C1,,,,,,ZINCpz000002yXpT
,,C[C@@H](NC(=O)Cc1ccsn1)[C@@H](C)NC(=O)c1cc2cc[nH]c2cn1,,,,,,ZINCpo00000SKGNu
,,C[C@](O)(C(=O)N(CCC1CSC1)Cc1nc2c([nH]1)CCCC2)C1CC1,,,,,,ZINCpv00000QnS2W
,,Cn1cc(NCc2nsc3ccccc23)c(Cl)n1,,,,,,ZINCiC00000gZHNo
,,C[C@H](NC(=O)Cc1ccsn1)C1(C(=O)NCCc2cccnc2)CC1,,,,,,ZINCpn00000SKGNe
,,C=CCN1CCCN(C(=O)C[C@@H](C)N(C)C(=O)C[C@H](C)CC)CC1,,,,,,ZINCot00000mrRCR
,,C[C@@H](NC(=O)Cc1ccsn1)C1CC(NC(=O)C[C@H]2CSCCO2)C1,,,,,,ZINCpm00000SKGN7
,,CC[C@H](CNC(=O)Cc1cc(F)c(F)cc1F)NC(=O)[C@]12CC[C@H]1C2,,,,,,ZINCpu00000dWcgN
,,C#CCN(CC)C(=O)CCNC(=O)[C@@H]1CCC(=O)C[C@@H]1C,,,,,,ZINClf00000PwWQh
,,C#C[C@@H](NC[C@@H](O)COc1cc(Cl)ccc1F)C1CCCCC1,,,,,,ZINCnD00000hdJjp
,,CCC1(F)CN(C(=O)[C@H]2CC[C@@H](C)N(C(=O)[C@H]3CCC[C@H]3O)C2)C1,,,,,,ZINCon00000FwIYT
,,COc1ccccc1[C@]1(C)C[C@H]1NC(=O)c1c[nH]nc1C(F)(F)F,,,,,,ZINCoy000005eIBp
,,C#CCN(CC)C(=O)CCNC(=O)C[C@@H]1CC=CCC1,,,,,,ZINCkn00000PwWQ2
,,CCOC(CC(=O)N1CCCC[C@@H]1CCNC(=O)C[C@@H](C)F)OCC,,,,,,ZINCpu00000dWc5T
,,C[C@@H](CCNC(=O)c1cc(Br)cn1C)NC(=O)Cc1cscn1,,,,,,ZINCnr000007PTVf
,,Cc1cnsc1C(=O)NC[C@]1(C)CCCN1C(=O)[C@@H]1CCC[C@H]2C[C@@H]21,,,,,,ZINCpz000002yWRp
,,C[C@@H](CC1CC1)CN(CCC[C@H]1CCOC1)C(=O)[C@H](O)C(C)(C)C,,,,,,ZINCoE00000lylHw
,,C=C(Cl)CNC(=O)CSCCNC(=O)c1cc(OCC)no1,,,,,,ZINCmk00000x1uhO
,,C[C@H](CC1CC1)CN(CCC[C@@H]1CCOC1)C(=O)C(F)(F)C(F)F,,,,,,ZINCoJ00000lylHv
,,C=C[C@](C)(CC)NC(=O)[C@@]12C[C@@H]1CN(C(=O)CCS(C)(=O)=O)C2,,,,,,ZINCnd00000UhuPv
,,CC[C@H]1[C@@H](O)CCN1C(=O)[C@]1(N=[N+]=[N-])CCN(C(=O)C[C@H](C)OC)C1,,,,,,ZINCpg000015KtZ7
,,C[C@@H](NC(=O)Cc1cn(C2CC2)cn1)C1CN(C(=O)[C@H]2CCSC2)C1,,,,,,ZINCpk00000SKGNy
,,C[C@@](O)(C(=O)N(CCc1ccoc1)Cc1csc2cncn12)C1CC1,,,,,,ZINCpx00000QnS2V
,,C#CCCO[C@@H](C)C(=O)N1CC[C@H](NC(=O)C2=CCCCO2)[C@@H]1C,,,,,,ZINCoi00000bbvFa
,,C[C@@H](NC(=O)Cc1cn(C2CC2)cn1)[C@@H](C)NC(=O)c1ccncc1,,,,,,ZINCpk00000SKGNA
,,C=CCN(CC)C(=O)CCNC(=O)C[C@@H]1CC[C@H](C#N)C1,,,,,,ZINClo00000PwWQ3
,,O=C(CSc1nc[nH]n1)NC[C@@H](F)CNC(=O)CC1=CCOCC1,,,,,,ZINCo800000EK7yd
,,C[C@@H](CCNC(=O)c1cc(Cl)ns1)NC(=O)CC1=CCOCC1,,,,,,ZINCnr000007PU3B
,,C[C@@H](CCNC(=O)[C@]12C[C@H]1[C@H](C)C2)NC(=O)CCc1nccs1,,,,,,ZINCnr000007PTNY
,,CC[C@H]1[C@@H](O)CCN1C(=O)[C@@]1(NC(=O)c2cnccc2OC)C[C@H]1C,,,,,,ZINCpf000015KtYV
,,C[C@@H](NC(=O)CC1CCSCC1)C1(C(=O)NC[C@@H]2COCCO2)CC1,,,,,,ZINCpj00000SKGN2
,,CCC#CCCNC(=O)C12CC(NC(=O)[C@H]3C[C@@H]3[N+](=O)[O-])(C1)C2,,,,,,ZINCnc00000UhuQ5
,,C[C@@](O)(C(=O)N(CCC12CC(CCO1)C2)Cc1cocn1)C1CCC1,,,,,,ZINCpv00000QnS2O
,,CCC1(F)CN(C(=O)[C@@H]2CC[C@H](CNC(=O)[C@@H]3CCC[C@H]3O)C2)C1,,,,,,ZINCom00000FwIYS
,,CC[C@@H]1CN(C(=O)C2(O)CC2)CCN1C(=O)c1cc(C(C)=O)c[nH]1,,,,,,ZINCoe00000xiBKs
,,COc1ccccc1[C@H](C)N(C)C(=O)c1nn2c(c1C)OCCC2,,,,,,ZINCoy000005eIkM
,,COc1cccnc1C(=O)N1CCC[C@H](CN2CCCCCC2)C1,,,,,,ZINCoy000005eIDl
,,C#CCN(CC)C(=O)CCNC(=O)C[C@H]1OCC[C@@H]1C,,,,,,ZINCkd00000PwWQ8
,,C[C@H](NC(=O)CC1CCSCC1)[C@H](C)NC(=O)C[C@@H]1CCCNC1=O,,,,,,ZINCpk00000SKGN4
,,CC[C@H]1[C@@H](O)CCN1C(=O)C1(CNC(=O)C#CC2(CC)COC2)CC1,,,,,,ZINCpc000015KtYD
,,Cc1cnsc1C(=O)N[C@H](CNC(=O)c1csnc1C)C1CCCC1,,,,,,ZINCpz000002yXkj
,,CCCN1CCC(NC(=O)C[C@@H](CC)NC(=O)c2ccns2)CC1,,,,,,ZINCoq00000mrRCG
,,C[C@@H](NC(=O)Cc1ccsn1)C(C)(C)C(=O)N1CC[C@@]2(CCOC2)C1,,,,,,ZINCpo00000SKGNh
,,CC[C@@H]1CN(C(=O)C(=O)NC2CC2)CCN1C(=O)C1CCSCC1,,,,,,ZINCoe00000xiBrD
,,Cc1coc(C(=O)N(C)CCCN(C)C(=O)[C@@]23CCC[C@@H]2C3(F)F)c1,,,,,,ZINCpz000002yXxx
,,CCOC(=O)N(C)CCCC(=O)NCCc1nc([C@@H]2CCCO2)cs1,,,,,,ZINCpv00000QnS3a
,,COc1cccn2ncc(C(=O)OCCOc3ccccc3C)c12,,,,,,ZINCoy000005eICS
,,COc1cccnc1CNC[C@H]1C[C@@H](C)N(C(=O)OC(C)(C)C)C1,,,,,,ZINCoy000005eIF7
,,C#CCCO[C@@H](C)C(=O)N1C[C@@H]2CN(C(=O)C=CCF)C[C@]2(C)C1,,,,,,ZINCoi00000bbvJc
,,O=C(CSc1nc[nH]n1)NC[C@H](CO)CNC(=O)C[C@@H]1CCCO1,,,,,,ZINCo500000EK7y5
,,C=C(Cl)CNC(=O)CO[C@@H]1CCN(C(=O)[C@H](C)NC(N)=O)C1,,,,,,ZINCm500000x1uhM
,,C=C(Cl)CNC(=O)CSCCNC(=O)[C@@]1(COC)C=CCC1,,,,,,ZINCmm00000x1uhQ
,,C[C@@](O)(C(=O)N(C/C=C/c1ccco1)CCC1(O)CCC1)C(F)(F)F,,,,,,ZINCpx00000QnS33
,,CC[C@@H]1CN(C(=NCCC(C)=O)NC[C@]2(O)CCN(C)C2)CCS1,,,,,,ZINCoe00000xiBmP
,,CCCN(CC)C(=O)CCNC(=O)C(C)(C)CC#N,,,,,,ZINCjm00000PwWPX
,,C[C@H](NC(=O)Cc1ccsn1)[C@@H]1C[C@H]1C(=O)N[C@@H]1CC2(CCC2)[C@@H]1O,,,,,,ZINCpi00000SKGNm
,,CC(C)(CCNC(=O)CCCCC#N)C(=O)NC[C@H]1C[C@@H]1Cl,,,,,,ZINCmt00000gwiRU
,,CCS[C@H](C)C(=O)NC[C@H]1CC[C@H]1C(=O)N[C@@H](C)c1cccc(C)c1,,,,,,ZINCpE00000FLjT7
,,C=C(Cl)CNS(=O)(=O)c1cc(C)cnc1NCC1CN(C)C1,,,,,,ZINCmj00000x1uhY
,,Cc1cc(C(=O)N2C[C@@]34CCC[C@]3(CN(C(=O)C=CCO)C4)C2)cs1,,,,,,ZINCpq000001Ee14
,,CC[C@@H](NC[C@@H](O)COc1ccccc1C(C)C)c1cocn1,,,,,,ZINCnC00000hdJjo
,,O=C(NCc1ccncc1)Nc1cccnc1CC(F)(F)F,,,,,,ZINCmz00000loZvq
,,CC[C@H]1[C@@H](O)CCN1C(=O)CC1(OC)CN(C(=O)CC2CC(=O)C2)C1,,,,,,ZINCp9000015KtZe
,,C[C@H](NC(=O)Cc1ccsn1)[C@@H]1C[C@H]1C(=O)N(C)CC1(N(C)C)CC1,,,,,,ZINCpj00000SKGNl
,,C=CCN1CCC(NC(=O)C[C@@H](CC)NC(=O)[C@@H](F)C(C)C)CC1,,,,,,ZINCoq00000mrRCO
,,C#CCN(CC)C(=O)CCN(C(=O)[C@@H]1C[C@H]1C)C1CC1,,,,,,ZINCkl00000PwWQl
,,C[C@H](CC(F)(F)F)NC(=O)Cc1ccc([Si](C)(C)C)cc1,,,,,,ZINClC00000bV6qB
,,O=C(CSc1nc[nH]n1)NC[C@H](O)CNC(=O)C1(CCF)CCC1,,,,,,ZINCo600000EK7yj
,,O=C(CCCF)NCCC1CN(C(=O)CCOCc2ccccc2)C1,,,,,,ZINCpt00000dWc1L
,,Cc1noc(C)c1NC(=O)CC[C@H](C)NC(=O)c1cccnc1S,,,,,,ZINCov00000p7R2S
,,C=CCN(CC)C(=O)CCNC(=O)Cc1cc(C)nn1C,,,,,,ZINCle00000PwWPR
,,Cc1oc2ccccc2c1CNC(=O)[C@]1(CO)CC1(F)F,,,,,,ZINClt00000bV6tm
,,C[C@@](O)(C(=O)N(CCC#CBr)Cc1cnc(C2CC2)nc1)C(F)(F)F,,,,,,ZINCpx00000QnS35
,,O=C(CSc1nc[nH]n1)NC[C@H](CO)NC(=O)[C@H](F)CC1CCC1,,,,,,ZINCo600000EK7ya
,,C[C@@H](CCNC(=O)c1cc(Br)c[nH]1)NC(=O)c1cc(Cl)cnn1,,,,,,ZINCnr000007PTUu
,,CC[C@H]1[C@@H](O)CCN1C(=O)CC1(OC)CN(C(=O)C[C@@H](O)C(C)C)C1,,,,,,ZINCp9000015KtZf
,,Cc1cc(C(=O)N2C[C@@]3(CNC(=O)C[C@H]4C[C@H]4C)C[C@H]2CO3)c(C)o1,,,,,,ZINCpq000001EdZT
,,C[C@](O)(C(=O)N(CC(C1CC1)C1CC1)C[C@@H]1[C@@H]2CCOC[C@H]21)C1CC1,,,,,,ZINCpw00000QnS2P
,,CCCn1ccc(=NC(=O)C[C@H]2CCN2C(=O)c2nscc2C)[nH]1,,,,,,ZINCot00000mrRCw
,,COc1ccccc1[C@H](OC)c1noc(CSc2cnn(C)c2)n1,,,,,,ZINCoy000005eIu2
,,CCC#CCCNC(=O)[C@@]12C[C@@H]1CN(C(=O)[C@@H]1CCC(=O)C1)C2,,,,,,ZINCnh00000UhuPx
,,C#CCN(CC)C(=O)CCNC(=O)C[C@@H]1COC[C@H](C)O1,,,,,,ZINCl700000PwWQ7
,,CC[C@H]1[C@@H](O)CCN1C(=O)[C@]1(CO)CCN(C(=O)Cc2cc[nH]n2)C1,,,,,,ZINCp5000015KtYI
,,C#CCCOCC(=O)N[C@H]1C[C@H](F)CN(C(=O)/C=C/C(F)(F)F)C1,,,,,,ZINCoi00000bbvaI
,,CCC(C)(C)CNC(=O)[C@@]12C[C@@H](CO1)N(C(=O)[C@H]1C[C@]1(F)Cl)C2,,,,,,ZINCno00000UhuPK
,,C[C@H](NC(=O)Cc1ccsn1)C1(C(=O)N2CC[C@@H](C)[C@H](CO)C2)CC1,,,,,,ZINCpk00000SKGNc
,,C=CCN(CC)C(=O)CCNC(=O)[C@H]1CCN(C)C1,,,,,,ZINCja00000PwWQm
,,CCS[C@H](C)C(=O)NC[C@H]1CCC[C@H](N=c2ccc(C#N)c(C)[nH]2)C1,,,,,,ZINCpE00000FLjT3
,,O=C(CSc1nc[nH]n1)NCCNC(=O)CS[C@@H]1CCS(=O)(=O)C1,,,,,,ZINCo500000EK7yp
,,C#CCCO[C@@H](C)C(=O)NC12CC(NC(=O)c3cc[nH]c3C)(C1)C2,,,,,,ZINCoi00000bbvRa
,,CC[C@H]1[C@@H](O)CCN1C(=O)C1(CNC(=O)[C@H](C)NC(=O)OC)CCC1,,,,,,ZINCp9000015KtYE
,,CN1CCN(CCc2c(Br)cccc2Br)[C@H]2C[C@@H]21,,,,,,ZINCiB00000gZHNr
,,C[C@@](O)(C(=O)N(Cc1ncn2ccccc12)C[C@H]1CC12CC2)C1CC1,,,,,,ZINCpw00000QnS2L
,,C=C(Cl)CNC(=O)CSCCNC(=O)[C@H]1CN2CCN1CC2,,,,,,ZINCm500000x1uhS
,,C[C@H](CC1CC1)CN(CCC[C@H]1CCOC1)C(=O)C[C@@H](C)N(C)C,,,,,,ZINCoE00000lylHu
,,C#CCCOCC(=O)N[C@H]1CN(C(=O)[C@H]2CCCSC2)CC[C@H]1F,,,,,,ZINCoi00000bbv58
,,O=C(CSc1nc[nH]n1)NC[C@@H](CO)CNC(=O)Cc1cccs1,,,,,,ZINCo600000EK7y4
,,CC[C@@H]1CN(C(=O)C2(C(N)=O)CC2)CCN1C(=O)C12CC(C)(C1)C2,,,,,,ZINCoe00000xiBDU
,,CC[C@H]1[C@@H](O)CCN1C(=O)[C@@]1(OC)CCN(C(=O)[C@H]2C=C(C)CS2)C1,,,,,,ZINCpg000015KtZb
,,O=C(CSc1nc[nH]n1)NC[C@@H](O)CNC(=O)Cn1cc(Cl)cn1,,,,,,ZINCo500000EK7yk
,,C[C@@H](NC(=O)Cc1ccsn1)[C@@H]1CCCN1C(=O)C1CC(CCO)C1,,,,,,ZINCpl00000SKGNk
,,O=C(CSc1nc[nH]n1)NC[C@@H](O)CCNC(=O)c1coc(Br)n1,,,,,,ZINCo500000EK7yg
,,C[C@@H](CCNC(=O)[C@H]1C[C@H](C#N)C1)N(C)C(=O)[C@@H](C)C(C)(F)F,,,,,,ZINCnr000007PTFJ
,,CCOc1ccc(CN(C=O)C[C@@](C)(COC)OC)cc1,,,,,,ZINClq00000bV6ma
,,CC(C)n1cc(CNC(=O)C[C@@H](C)CNC(=O)C=CC2CC2)cn1,,,,,,ZINCor00000mrRCJ
,,C[C@@H](CCNC(=O)c1cc(=O)c(Br)c[nH]1)NC(=O)[C@H]1C=CCC1,,,,,,ZINCnr000007PTTV
,,COc1ccccc1[C@H](OC)c1noc(-c2ncnc(C)c2C)n1,,,,,,ZINCoy000005eItT
,,C=CCC(=O)N1CCCN(C(=O)C23CCC(C2)C3)[C@@H](C)C1,,,,,,ZINCls00000bV6tB
,,C#CCCOCC(=O)N[C@H]1CN(C(=O)c2cc(C)[nH]c2C)C[C@H]1C,,,,,,ZINCoi00000bbv5j
,,CCCCCCNC(=O)[C@@]12C[C@@H]1CN(C(=O)[C@@H]1CC=CCO1)C2,,,,,,ZINCno00000UhuPw
,,C/C=C/CCCNC(=O)[C@@]12C[C@@H]1CN(C(=O)CCN(C)CC)C2,,,,,,ZINCnm00000UhuPu
,,C#CCCOCC(=O)N[C@]12CCCN(C(=O)c3cncs3)C[C@H]1C2,,,,,,ZINCoi00000bbvfL
,,O=C(CSc1nc[nH]n1)NC[C@@H](CO)NC(=O)[C@@H](F)n1ccnc1,,,,,,ZINCo400000EK7yb
,,C#CC1(F)CN(C(=O)[C@@H]2CC[C@H](C)CN2C(=O)CCCOCC)C1,,,,,,ZINCom00000FwIYP
,,C/C=C/CCCNC(=O)C12CC(NC(=O)c3n[nH]c(O)n3)(C1)C2,,,,,,ZINCn800000UhuQ0
,,C#CC1(F)CN(C(=O)[C@@H]2C=C[C@H](NC(=O)C=CC3CCCC3)C2)C1,,,,,,ZINCop00000FwIYZ
,,COc1cccnc1CNS(=O)(=O)c1cc(C)cc(C(F)(F)F)c1,,,,,,ZINCoy000005eIFj
,,C[C@H](NC(=O)CC1CCSCC1)[C@@H]1C[C@H]1C(=O)NC(C)(C)CC(N)=O,,,,,,ZINCpk00000SKGN3
,,CC[C@H]1[C@@H](O)CCN1C(=O)[C@]1(NC(=O)CN(C)C(N)=O)CCC[C@@H]1C,,,,,,ZINCp6000015KtZ4
,,C#CC(C)(C)CNC(=O)C12CC(NC(=O)c3ccncc3)(C1)C2,,,,,,ZINCnl00000UhuPS
,,CC[C@H]1[C@@H](O)CCN1C(=O)C1=NO[C@@H](CNC(=O)C2(C)CC=CC2)C1,,,,,,ZINCpf000015KtZ8
,,CCCN1CCCN(C(=O)C[C@H](CC)N(C)C(=O)[C@@H]2C[C@H]2C)CC1,,,,,,ZINCos00000mrRCD
,,C#CC1(F)CN(C(=O)[C@@H]2CC[C@H](C)CN2C(=O)C[C@@H]2CCSC2)C1,,,,,,ZINCop00000FwIYQ
,,COc1ccccc1[C@H](N)c1noc(-c2ccc(Cl)nc2OC)n1,,,,,,ZINCoy000005eIpj
,,CCS[C@H](C)C(=O)NC[C@H]1CCC[C@@H](N=c2[nH]nc(C(C)(C)C)o2)C1,,,,,,ZINCpF00000FLjT6
,,Cc1cnsc1C(=O)NCc1ccccc1CN=c1ncc(F)c[nH]1,,,,,,ZINCpz000002yWSS
,,C#CCN(CC)C(=O)CCNC(=O)[C@@H]1CCC[C@H](CF)C1,,,,,,ZINCln00000PwWQc
,,C#CCCCCNC(=O)[C@@]12C[C@@H]1CN(C(=O)COC1CCC1)C2,,,,,,ZINCnj00000UhuPF
,,Cc1noc(C)c1NC(=O)CC[C@H]1C[C@H](NC(=O)[C@H]2CC2(F)F)C1,,,,,,ZINCov00000p7R2O
,,CC#CC(C)(C)NC(=O)C12CC(NC(=O)c3csc(O)n3)(C1)C2,,,,,,ZINCng00000UhuPZ
,,C#CCN(CC)C(=O)CCNC(=O)[C@H](C)C(C)C,,,,,,ZINCii00000PwWQo
,,CCCN1CCC(NC(=O)C[C@@H](CC)NC(=O)CSC(F)F)CC1,,,,,,ZINCos00000mrRCP
,,C#CCN(CC)C(=O)CCNC(=O)C(CC)(CC)OC,,,,,,ZINCkh00000PwWPY
,,Cc1cnsc1C(=O)NCc1cccc(CN=c2ncc(F)c[nH]2)c1,,,,,,ZINCpz000002yWSO
,,Cc1cc(C(=O)N2C[C@H](C)[C@H](NC(=O)CC[C@H]3CCOC3)C2)[nH]c1C,,,,,,ZINCpq000001Eepc
,,C[C@@H](NC(=O)Cc1ccsn1)C1CC(NC(=O)c2ccc(C#N)[nH]2)C1,,,,,,ZINCpl00000SKGN6
,,Cc1noc(C)c1NC(=O)c1ccoc1CNC(=O)[C@H](C)C(F)F,,,,,,ZINCow00000p7R2F
,,CC[C@H](N)CCN1CCC(Cc2ccc(OC(F)F)cc2)CC1,,,,,,ZINCnG00000hdJjs
,,C=C(Cl)CNC(=O)CO[C@H]1CCN(C(=O)C=C(C)C(F)F)C1,,,,,,ZINCmm00000x1uhH
,,CC[C@H]1[C@@H](O)CCN1C(=O)[C@]1(NC(=O)c2nc(Cl)oc2C)C[C@@H](O)C1,,,,,,ZINCpc000015KtYX
,,COc1ccccc1[C@]1(C)C[C@H]1NC(=O)c1nnc(C(C)(C)C)o1,,,,,,ZINCoy000005eIBX
,,Cc1noc(C)c1NC(=O)C[C@@]1(C)CCN1C(=O)CCP(C)(C)=O,,,,,,ZINCow00000p7R2I
,,O=C(CSc1nc[nH]n1)NC[C@@H](F)CNC(=O)Cn1cnc(Br)c1,,,,,,ZINCo700000EK7ye
,,C=C(Cl)CNC(=O)CSCCNC(=O)[C@@H](C)[C@H](O)CC(C)C,,,,,,ZINCmn00000x1uhT
,,CCS[C@@H](C)C(=O)NC[C@H]1CC[C@@H](CN=c2[nH]nc(C(F)F)s2)CC1,,,,,,ZINCpJ00000FLjT9
,,CCS[C@@H](C)C(=O)NC[C@H]1CC[C@@H](CNC(=O)CCC2CCC2)CC1,,,,,,ZINCpH00000FLjTb
,,CC(C)n1ccc(=NC(=O)C[C@@H]2CN(C(=O)C3CSC3)C[C@H]2C)[nH]1,,,,,,ZINCos00000mrRCA
,,CC[C@H]1[C@@H](O)CCN1C(=O)CCCC(C)(C)NC(=O)C1CS(=O)(=O)C1,,,,,,ZINCpa000015KtZh
,,C#CCN(CC)C(=O)CCNC(=O)C[C@]1(C)CCOC1,,,,,,ZINCkd00000PwWPS
,,CCCn1ccc(=NC(=O)C[C@H]2CCN2C(=O)CO[C@H](C)CC)[nH]1,,,,,,ZINCoq00000mrRCz
,,CC[C@@H]1CN(C(=O)C2=COCCO2)CCN1C(=O)C[C@H]1CCCO1,,,,,,ZINCoe00000xiBTU
,,C[C@H](NC(=O)CC1CCSCC1)[C@H](C)NC(=O)CN1CCC(F)CC1,,,,,,ZINCpp00000SKGN5
,,C=C[C@@H](NCCN1CCC[C@@H](C)C1)c1ccc(OC(C)C)cc1,,,,,,ZINCnK00000hdJjt
,,C#CCCO[C@@H](C)C(=O)NC[C@H](NC(=O)c1cnoc1C)C(C)C,,,,,,ZINCoi00000bbw8J
,,C#CCCO[C@@H](C)C(=O)N1C[C@@H]2CN(C(=O)c3cnsc3)CC[C@@H]21,,,,,,ZINCoi00000bbvJk
,,Cc1noc(C)c1NC(=O)C1=C(F)CN(C(=O)C2CC(C)C2)CC1,,,,,,ZINCox00000p7R2G
,,COc1cccnc1CNC(=O)N[C@@H](c1ccncc1)C1CCC1,,,,,,ZINCoy000005eIED
,,CCC(C)(CC)NC(=O)[C@@]12C[C@@H](CO1)N(C(=O)C1(C#N)CC1)C2,,,,,,ZINCnj00000UhuPG
,,O=C(CSc1nc[nH]n1)NCCn1cc(CNC(=O)C2CC2)nn1,,,,,,ZINCo500000EK7yl
,,C[C@@H](CCNC(=O)[C@H]1C[C@@H](C)CC(C)(C)C1)NC(=O)C1COC1,,,,,,ZINCnr000007PTDI
,,CCCN(C)[C@H](CCC1CCCCC1)C(=O)NC(C)C,,,,,,ZINCkF00000cwlfT
,,C[C@@H](NC(=O)Cc1ccsn1)[C@@H]1C[C@H]1C(=O)N[C@@H]1[C@H]2CCC(F)(F)[C@H]21,,,,,,ZINCpp00000SKGNn
,,CCOCCOCCN(C)C(=S)Nc1cccc(C)c1C,,,,,,ZINClz00000bV6nO
,,Cc1coc(C(=O)N(C)Cc2ccc(CNC(=O)C3(F)CC3)cc2)c1,,,,,,ZINCpz000002yXDW
,,CC[C@@](C)(CNC(=O)CC(C)(C)C#N)C(=O)N[C@@H](C)CSC,,,,,,ZINCmt00000gwiRW
,,CCC1(F)CN(C(=O)[C@H]2C=C[C@H](NC(=O)c3cnc(Cl)n3C)C2)C1,,,,,,ZINCon00000FwIYW
,,C#CCCO[C@@H](C)C(=O)NCCNC(=O)c1cc(C)ccc1OC,,,,,,ZINCoi00000bbw0k
,,CC[C@H](NC[C@@H](O)C(F)(F)C(F)(F)F)c1ccc(OC)c(Cl)c1,,,,,,ZINCnJ00000hdJjn
,,Cc1cnsc1C(=O)N[C@]1(C)CCCN(C(=O)C2(C)CC(F)(F)C2)C1,,,,,,ZINCpz000002yXtQ
,,Cc1cnsc1C(=O)N[C@@H]1CN(C(=O)[C@H]2CC2(C)C)[C@H]2CCCC[C@H]12,,,,,,ZINCpz000002yX7e
,,CC[C@H]1[C@@H](O)CCN1C(=O)C1(N(C)C(=O)[C@H]2CNC(=O)C[C@@H]2C)CC1,,,,,,ZINCp7000015KtYR
,,C[C@@H](CCNC(=O)c1cc(Cl)cn1C)NC(=O)C#CC1CCC1,,,,,,ZINCnr000007PU1m
,,C#CCCO[C@@H](C)C(=O)NCCCNC(=O)c1ccc(C)c(N)c1,,,,,,ZINCoi00000bbvYl
,,CCCN(C)[C@@H](CCc1ccsc1)C(=O)NCCCF,,,,,,ZINCky00000cwlfX
,,CC(C)n1ccc(=NC(=O)C[C@@H](C)CNC(=O)Cc2cc[nH]c2)[nH]1,,,,,,ZINCor00000mrRCI
,,Cn1cc(NCc2sc(Cl)nc2Br)c(C(F)(F)F)n1,,,,,,ZINCjJ00000gZHNp
,,CC[C@H]1[C@@H](O)CCN1C(=O)[C@@]1(CF)CCN(C(=O)c2n[nH]cc2C)C1,,,,,,ZINCpe000015KtYy
,,C#CCC(C)(C)NC(=O)[C@@]12C[C@@H](CO1)N(C(=O)C1(O)CCC1)C2,,,,,,ZINCn700000UhuPI
,,C[C@@H](C(=O)NCCCCN(C)C(=O)c1cn2c(n1)SCC2)C1CCC1,,,,,,ZINCpt00000dWc4a
,,CC[C@H]1[C@@H](O)CCN1C(=O)CCC1(C)CN(C(=O)[C@H](C)C(=O)OC)C1,,,,,,ZINCpd000015KtZg
,,COc1cccnc1CN[C@@H](C)c1ncn(-c2ccccc2C)n1,,,,,,ZINCoy000005eIFn
,,Cc1noc(C)c1NC(=O)c1sccc1CNC(=O)c1cnco1,,,,,,ZINCov00000p7R2H
,,Cc1cnsc1C(=O)NC[C@](C)(NC(=O)[C@@H]1CCC[C@@H]2C[C@@H]21)C1CC1,,,,,,ZINCpz000002yWQo
,,C=CCN(CC)C(=O)CCNC(=O)C[C@H]1CCCOC1,,,,,,ZINCkj00000PwWQ5
,,C=CC(C)(C)CNC(=O)[C@@]12C[C@@H](CO1)N(C(=O)[C@@H]1CCCS1)C2,,,,,,ZINCnl00000UhuPN
,,C=CCN(CC)C(=O)CCNC(=O)[C@@H]1CCC(=O)N(C)C1,,,,,,ZINCl900000PwWQk
,,O=C(CSc1nc[nH]n1)NC[C@H](CO)NC(=O)CCSC(F)(F)F,,,,,,ZINCo700000EK7y8
,,CCCN(C)[C@@H](CCC1CCCC1)C(=O)NC1CCC1,,,,,,ZINCkD00000cwlfS
,,C[C@@H](CCNC(=O)[C@H]1C[C@H](C#N)C1)NC(=O)CC1CC2(CC2)C1,,,,,,ZINCnr000007PTFW
,,Cc1noc(C)c1NC(=O)CCC1CCN(C(=O)[C@H]2C[C@H]2F)CC1,,,,,,ZINCow00000p7R2K
,,COc1ccccc1[C@H](C)N(C)C(=O)c1ccc2nnc(C)n2c1,,,,,,ZINCoy000005eIkn
,,CC[C@H]1[C@@H](O)CCN1C(=O)C1CC(O)(CNC(=O)[C@@H](C)S(N)(=O)=O)C1,,,,,,ZINCp4000015KtYx
,,Cc1cnsc1C(=O)N[C@H](CNC(=O)CCCN=[N+]=[N-])C1CCCC1,,,,,,ZINCpz000002yXjN
,,C[C@@H](NC(=O)Cc1ccsc1)[C@@H](C)C(=O)N[C@H]1[C@@H](CO)[C@@H]2C=C[C@H]1C2,,,,,,ZINCpn00000SKGN0
,,Cc1noc(C)c1NC(=O)CC1CC(NC(=O)CCC2(C)N=N2)C1,,,,,,ZINCou00000p7R2J
,,C#CCN(CC)C(=O)CCNC(=O)C(C)(C)C1CC1,,,,,,ZINCjk00000PwWPV
,,C=C[C@@](C)(CC)NC(=O)[C@@]12C[C@@H](CO1)N(C(=O)[C@H](CO)OC)C2,,,,,,ZINCn500000UhuPP
,,C#CCCO[C@@H](C)C(=O)NC[C@H](C)NC(=O)c1ccc(Br)c(O)n1,,,,,,ZINCoi00000bbw7L
,,C#CC1(F)CN(C(=O)[C@H]2C=C[C@@H](NC(=O)Cc3sccc3C)C2)C1,,,,,,ZINCoo00000FwIYY
,,CCSc1cccc(C(=O)N(C)C[C@@H](O)CN(C)C(=O)C2(Cl)CC2)c1,,,,,,ZINCpu00000dWces
,,C[C@@](O)(C(=O)N(CCC1CCC1)Cc1cnn2c1CCC2)C(F)(F)F,,,,,,ZINCpw00000QnS2Q
,,O=C(NCc1ccncc1F)NNc1cc(F)c(Br)cc1Cl,,,,,,ZINCmG00000loZvo
,,C=C(Cl)CNC(=O)CO[C@@H]1CCN(C(=O)C2(O)CCCC2)C1,,,,,,ZINCmd00000x1uhG
,,C=C(Cl)CNC(=O)N[C@@H]1CC[C@H](O)[C@@H](O)CC[C@@H]1C(=O)OC,,,,,,ZINCma00000x1uhW
,,C[C@@H](CCNC(=O)c1c[nH]c(=N)s1)NC(=O)[C@@H](C)CC1CCC1,,,,,,ZINCnr000007PTR6
,,CCS[C@H](C)C(=O)NC[C@@H]1CCC[C@H](Nc2nccc(C3CC3)n2)C1,,,,,,ZINCpF00000FLjT5
,,CC[C@H]1[C@@H](O)CCN1C(=O)C1=NO[C@@H](CNC(=O)CS(=O)(=O)NC)C1,,,,,,ZINCp4000015KtZa
,,CC[C@](C)(CNC(=O)CCCCC#N)C(=O)N(C)CCCF,,,,,,ZINCmu00000gwiRS
,,C=CCN(CC)C(=O)CCNC(=O)C#CC(C)(C)C,,,,,,ZINCjl00000PwWPW
,,C[C@](O)(C(=O)N(CCc1cccs1)C[C@@H]1[C@@H]2CCOC[C@H]21)C(F)(F)F,,,,,,ZINCpx00000QnS2R
,,C[C@@](O)(C(=O)NCCc1csc(Cc2ccccc2F)n1)C(F)(F)F,,,,,,ZINCpy00000QnS2X
,,CCC1(F)CN(C(=O)[C@@H]2CC[C@H](C)CN2C(=O)c2ccnn2C)C1,,,,,,ZINCom00000FwIYO
,,CCC(C)(CC)NC(=O)[C@@]12C[C@@H]1CN(C(=O)[C@H](CSC)OC)C2,,,,,,ZINCnp00000UhuPC
,,C#CCCO[C@@H](C)C(=O)N1CC(CNC(=O)c2nc(Cl)oc2C)C1,,,,,,ZINCoi00000bbvqc
,,Cc1noc(C)c1NC(=O)CCCCNC(=O)CCOC1CCC1,,,,,,ZINCou00000p7R2N
,,C#CCCO[C@@H](C)C(=O)N1CCC[C@H]1CNC(=O)Cc1cncs1,,,,,,ZINCoi00000bbvyE
,,CC[C@@H]1CN(C(=O)C2(O)CC(C)(C)C2)CCN1C(=O)C=C[S@](C)=O,,,,,,ZINCoe00000xiBK1
,,CC[C@H]1[C@@H](O)CCN1C(=O)C1=NO[C@@H](CNC(=O)c2ccc(C)[nH]2)C1,,,,,,ZINCpb000015KtZ9
,,C#CCCO[C@@H](C)C(=O)N1CC[C@H]1CNC(=O)c1snc(O)c1Cl,,,,,,ZINCoi00000bbvGh
,,C#CCN(CC)C(=O)CCNC(=O)C=CC(=O)N(C)C,,,,,,ZINCk500000PwWPZ
,,Cc1noc(C)c1NC(=O)c1cc(CNC(=O)COC2CC2)cs1,,,,,,ZINCou00000p7R2C
,,Cn1cc(NCc2ncc(Br)[nH]2)c(C(F)F)n1,,,,,,ZINChu00000gZHNi
,,Cc1cc(C(=O)N2C[C@H](C)[C@H](NC(=O)[C@@]3(C)C=CCCC3)C2)nn1C,,,,,,ZINCpq000001EetP
,,CC[C@H]1[C@@H](O)CCN1C(=O)CC1(NC(=O)c2ccc(C(N)=O)o2)CC1,,,,,,ZINCpa000015KtZd
,,Cc1cc(C(=O)N2C[C@H](C)CN(C(=O)[C@@H]3C[C@H]3C)[C@@H](C)C2)nc(C)n1,,,,,,ZINCpq000001Ee7I
,,Cc1noc(C)c1NC(=O)C1=CC[C@H](NC(=O)[C@@H]2C[C@@H]3C[C@@H]3C2)C1,,,,,,ZINCou00000p7R2B
,,CC[C@H]1[C@@H](O)CCN1C(=O)C1(N(C)C(=O)c2[nH]nnc2C2CC2)CC1,,,,,,ZINCpc000015KtYQ
,,CC[C@H]1[C@@H](O)CCN1C(=O)[C@]1(NC(=O)CSCCC#N)CCN(C)C1,,,,,,ZINCp7000015KtZ6
,,C[C@@H](CCNC(=O)c1cc(Br)sn1)NC(=O)CCc1cnoc1,,,,,,ZINCnr000007PTYt
,,C#CCCO[C@@H](C)C(=O)N(C)C[C@@H](C)CNC(=O)c1conc1C,,,,,,ZINCoi00000bbvkJ
,,C[C@](O)(C(=O)N(CCC1(O)CCC1)Cc1ncc(F)cc1Cl)C1CC1,,,,,,ZINCpw00000QnS30
,,C[C@](O)(C(=O)N(Cc1ncn2ccccc12)C[C@@H]1C[C@H]1Cl)C1CCC1,,,,,,ZINCpy00000QnS2M
,,Cc1cc(C(=O)NCC(C)(C)CNC(=O)CC[C@H](C)CN(C)C)ns1,,,,,,ZINCpt00000dWcdZ
,,C[C@H](NC(=O)Cc1ccsn1)[C@@H](C)C(=O)Nc1cccn2ncnc12,,,,,,ZINCpl00000SKGNs
,,CCCn1ccc(=NC(=O)C[C@@H](C)C(C)(C)NC(=O)[C@H](C)OC)[nH]1,,,,,,ZINCor00000mrRCC
,,CCCC=CCNC(=O)[C@@]12C[C@@H](CO1)N(C(=O)[C@H]1CC[C@@H]1C)C2,,,,,,ZINCno00000UhuPL
,,CCCC=CCNC(=O)[C@@]12C[C@@H]1CN(C(=O)[C@H]1OCC[C@H]1C)C2,,,,,,ZINCnn00000UhuPA
,,CC/C=C(\C)CNC(=O)[C@@]12C[C@@H](CO1)N(C(=O)COCCF)C2,,,,,,ZINCne00000UhuPQ
,,Cc1noc(C)c1NC(=O)CC[C@@H]1CCN(C(=O)[C@H]2CCCS2)C1,,,,,,ZINCox00000p7R2Q
,,CC[C@@H](NC[C@@H](O)c1ccccn1)c1nc2ccc(Cl)cc2[nH]1,,,,,,ZINCnD00000hdJjm
,,CC[C@H]1[C@@H](O)CCN1C(=O)[C@]1(F)CCN(C(=O)[C@]2(CC)CCOC2)C1,,,,,,ZINCph000015KtYN
,,Cc1cc(C(=O)N2C[C@H](C)[C@@H](NC(=O)C3(O)CC(C)(C)C3)C2)c(C)o1,,,,,,ZINCpq000001EeeR
,,CC(C)n1cc(CNC(=O)C[C@@H]2CCCCN2C(=O)C(F)F)cn1,,,,,,ZINCor00000mrRCr
,,O=C(CSc1nc[nH]n1)NC[C@@H](O)CCNC(=O)[C@@H]1CCC(=O)N1,,,,,,ZINCo400000EK7yh
,,C[C@@H](CC1CC1)CN(CCC(Cl)Cl)C(=O)c1cnc2[nH]ncc2c1,,,,,,ZINCoK00000lylHz
,,C=C(C)CCCNC(=O)[C@@]12C[C@@H]1CN(C(=O)Cc1cnoc1)C2,,,,,,ZINCnl00000UhuPt
,,C=C(Cl)CNC(=O)CO[C@H]1CCN(C(=O)C2CC(C)(F)C2)C1,,,,,,ZINCmm00000x1uhF
,,CCCN1CCC(NC(=O)C[C@@H](CC)NC(=O)[C@H]2CC[C@@H]2C)CC1,,,,,,ZINCot00000mrRCN
,,CC[C@H]1[C@@H](O)CCN1C(=O)c1c[nH]nc1CNC(=O)c1cc(C)ns1,,,,,,ZINCpg000015KtYH
,,C#CCN(CC)C(=O)CCNC(=O)[C@@H]1CCC(=O)[C@H](C)C1,,,,,,ZINClf00000PwWQi
,,Cc1coc(C(=O)N(C)CCN(C)c2c(F)cc([N+](=O)[O-])cc2F)c1,,,,,,ZINCpz000002yXyt
,,C#CCCO[C@@H](C)C(=O)NCCNC(=O)c1ncc(Cl)c(N)c1Cl,,,,,,ZINCoi00000bbw15
,,C=CCN1CCCN(C(=O)C[C@@H]2C[C@@H](C)N(C(=O)CCC)C2)CC1,,,,,,ZINCor00000mrRCt
,,O=C(NCc1ccncc1O)c1cc2c(Br)c(F)ccc2o1,,,,,,ZINCmD00000loZvs
,,CCCn1ccc(=NC(=O)C[C@@H]2CCN2C(=O)C2CCSCC2)[nH]1,,,,,,ZINCot00000mrRCv
,,CCCn1ccc(=NC(=O)C[C@@H](C)CNC(=O)CC(C)(C)OC)[nH]1,,,,,,ZINCor00000mrRCK
,,CCS[C@H](C)C(=O)NC[C@@H]1CCC[C@@H](Nc2cc(C(F)F)ncn2)C1,,,,,,ZINCpG00000FLjT4
,,C=C(Cl)CNC(=O)N1CCN(C2(C(N)=O)CCCCC2)CC1,,,,,,ZINCmi00000x1uhV
,,C=CC=CCCNC(=O)[C@@]12CCN(C(=O)CCOC)CC[C@H]1C2,,,,,,ZINCnp00000UhuQ4
,,C=CCN1CCC(NC(=O)C[C@@H](C)NC(=O)c2csc(C)c2)CC1,,,,,,ZINCot00000mrRCT
,,C[C@](O)(C(=O)N(CCC#CBr)Cc1ncn2ccccc12)C(F)(F)F,,,,,,ZINCpx00000QnS36
,,C[C@@H](CCNC(=O)c1cc(F)ccc1Br)NC(=O)C=C[S@](C)=O,,,,,,ZINCnr000007PU56
,,CC[C@@H]1CN(C(=O)CC(F)F)CCN1C(=O)c1c[nH]c(C(N)=O)c1,,,,,,ZINCoe00000xiCaA
,,C#CCCOCC(=O)N[C@]12CCC[C@@H]1CN(C(=O)c1ccsn1)C2,,,,,,ZINCoi00000bbvfS
,,C=C(I)CC(=O)NCc1ccncc1OC[C@@H]1CCOC1,,,,,,ZINClu00000bV6tc
,,CCC1(F)CN(C(=O)[C@H]2C=C[C@@H](NC(=O)CCc3cnco3)C2)C1,,,,,,ZINCom00000FwIZ0
,,CC(C)[C@@H](C#N)C(=O)N1CC[C@@H]1CNC(=O)C1CC2(C1)CC(F)(F)C2,,,,,,ZINCpt00000dWcfR
,,C[C@@H](NC(=O)Cc1ccsn1)[C@@H](C)C(=O)NCc1cnc(O)c(F)c1,,,,,,ZINCpj00000SKGNt
,,CC#CC(C)(C)NC(=O)C12CC(NC(=O)C3COCOC3)(C1)C2,,,,,,ZINCnb00000UhuPX
,,C=C(Br)CCC(=O)N(C)C[C@H](C)CNC(=O)CNC(=O)CCC(C)C,,,,,,ZINCpu00000dWch1
,,CC[C@H]1[C@@H](O)CCN1C(=O)C1=CCN(C(=O)[C@@H](C)[C@@H](O)C(C)C)CC1,,,,,,ZINCph000015KtYv
,,C[C@H](NC(=O)Cc1ccsn1)[C@H](C)C(=O)N1C[C@H]2CC[C@@H](C1)C2C#N,,,,,,ZINCpo00000SKGNq
,,CCC1(F)CN(C(=O)[C@H]2CC[C@@H](C)N(C(=O)[C@H](CSC)OC)C2)C1,,,,,,ZINCop00000FwIYU
,,Cn1c(CNCc2ncsc2Br)nc(Br)c1Br,,,,,,ZINChE00000gZHNm
,,CC[C@H]1[C@@H](O)CCN1C(=O)[C@@]1(CO)CCN(C(=O)C[C@H](C)C2CC2)C1,,,,,,ZINCpg000015KtYK
,,COc1ccccc1[C@H](CNC(=O)NC[C@@H]1C[C@H]1C(C)C)N(C)C,,,,,,ZINCoy000005eIod
,,C#CCCCCNC(=O)[C@@]12C[C@@H]1CN(C(=O)[C@H]1CCN1CC)C2,,,,,,ZINCne00000UhuPz
,,C=Cn1nccc1C(=O)N1C[C@H]2C[C@]2(CNC(=O)[C@H](C)CCCC)C1,,,,,,ZINCpt00000dWcfi
,,CC[C@H]1[C@@H](O)CCN1C(=O)[C@@]1(NC(=O)CC(=O)OC(C)(C)C)C[C@H]1C,,,,,,ZINCpf000015KtZ0
,,C[C@](O)(C(=O)N(CCc1ccncc1F)Cc1cnsc1)C(F)(F)F,,,,,,ZINCpv00000QnS2T
,,C#CCCCCNC(=O)[C@@]12C[C@@H](CO1)N(C(=O)[C@H](CC)OC)C2,,,,,,ZINCnd00000UhuPO
,,Cc1cc(C(=O)N2C[C@@]3(C)CN(C(=O)c4nccs4)C[C@@]3(C)C2)no1,,,,,,ZINCpq000001EdYZ
,,C#CCCO[C@@H](C)C(=O)NCC[C@@]1(O)CCN(C(=O)C=C(Cl)Cl)C1,,,,,,ZINCoi00000bbw1G
,,[N-]=[N+]=N[C@H]1CN(C(=O)c2csnc2Cl)C[C@H]1NC(=O)[C@H](F)C(F)(F)F,,,,,,ZINCpt00000dWc4d
,,C[C@@H](CC1CC1)CN(CCC[C@@H]1CCOC1)C(=O)COCC1CC1,,,,,,ZINCoE00000lylHx
,,Cc1cc(C(=O)N2C[C@H](C)[C@@H](NC(=O)CCSC(F)(F)F)C2)ncn1,,,,,,ZINCpq000001EefX
,,C=C(Cl)CNS(=O)(=O)c1cccc(N2C[C@H](F)[C@@H](OC)C2)n1,,,,,,ZINCmi00000x1uhX
,,C#CCCO[C@@H](C)C(=O)N1CC[C@H]2CN(C(=O)c3ccsn3)C[C@H]21,,,,,,ZINCoi00000bbvGv
,,CC[C@@H]1CN(C(=O)C2=CCCSC2)CC[C@H]1NC(=O)C(=O)N(C)C,,,,,,ZINCoe00000xiBRT
,,COc1ccccc1[C@H](OC)C(=O)N[C@@H]1[C@H]2Cc3ccccc3[C@H]21,,,,,,ZINCoy000005eItw
,,C=CCN1CCC(NC(=O)C[C@@H]2CCN2C(=O)[C@@H](C)CCC)CC1,,,,,,ZINCor00000mrRCy
,,C[C@H](NC(=O)Cc1ccsn1)C1CC(NC(=O)CN2CC[C@@H](C)C2)C1,,,,,,ZINCpk00000SKGN8
,,CN1CCN(CCc2c(Br)cccc2Br)[C@@H]2C[C@H]21,,,,,,ZINCiB00000gZHNq
,,CN1CCN(Cc2nnc(C(F)F)s2)CC2(CC2)C1,,,,,,ZINCjq00000gZHNn
,,C#CCN(CC)C(=O)CCNC(=O)C(F)(F)[C@@H](O)CC,,,,,,ZINCk900000PwWQa
,,CC(C)n1ccc(=NC(=O)C[C@@H](C)CNC(=O)CCOC2CC2)[nH]1,,,,,,ZINCor00000mrRCL
,,Cc1noc(C)c1NC(=O)c1ccoc1CNC(=O)C1CC(C)C1,,,,,,ZINCox00000p7R2E
,,CC[C@@H]1CN(C(=O)C(N)=O)CCN1C(=O)c1cc2cccnc2s1,,,,,,ZINCoe00000xiBC9
,,CC[C@H]1[C@@H](O)CCN1C(=O)C1(CNC(=O)COC[C@@H]2CCOC2)CC1,,,,,,ZINCp9000015KtYF
,,C=CCN(CC)C(=O)CCNC(=O)CCC(=O)NCCC,,,,,,ZINCle00000PwWQ0
,,C[C@@](O)(C(=O)NCCc1nc(-c2ccc(C#N)cc2F)cs1)C1CC1,,,,,,ZINCpw00000QnS2Y
,,C=C(Cl)CNC(=O)CSCCNC(=O)c1cncc(OC)c1,,,,,,ZINCmk00000x1uhP
,,CC[C@H](N)CCN1CCc2nc[nH]c2[C@@H]1c1ccc(Cl)cc1Cl,,,,,,ZINCnH00000hdJjr
,,C#CCCO[C@@H](C)C(=O)N1CCN(C(=O)CCC#C)C[C@H]1C1CC1,,,,,,ZINCoi00000bbvzP
,,C[C@H](NC(=O)Cc1ccsn1)c1cn(C[C@H]2CC(C)(C)C(=O)O2)nn1,,,,,,ZINCpk00000SKGN9
,,CC[C@H]1[C@@H](O)CCN1C(=O)C1(N(C)C(=O)[C@@H](O)[C@H](OC)C(C)C)CC1,,,,,,ZINCp9000015KtYS
,,C=C(Cl)CNC(=O)CO[C@H]1CCN(C(=O)CN(C)C(C)C)C1,,,,,,ZINCme00000x1uhN
,,Cc1cnsc1C(=O)N[C@@H]1C[C@H]2CN(C(=O)C3(C)CCCCC3)C[C@H]21,,,,,,ZINCpz000002yXaB
,,O=C(CC12CC(Br)(C1)C2)OC[C@@H]1CCN1C1CCOCC1,,,,,,ZINClu00000bV6u5
,,C=CCN(CC)C(=O)CCNC(=O)[C@@H]1CC(CC)=NO1,,,,,,ZINCkg00000PwWQe
,,C#CC[C@@H](O)C(=O)N1CCC[C@@]1(C)CNC(=O)CCCCCC(C)C,,,,,,ZINCpu00000dWc8G
,,C=CCN(CC)C(=O)CCNC(=O)C[C@@H]1C=CCC1,,,,,,ZINCjo00000PwWQ1
,,C#CC1(F)CN(C(=O)[C@H]2CC[C@H](CNC(=O)CSC3CC3)CC2)C1,,,,,,ZINCop00000FwIYV
,,C=C(C)CCCNC(=O)[C@@]12C[C@@H](CO1)N(C(=O)c1ncc[nH]1)C2,,,,,,ZINCne00000UhuPH
,,CC[C@@H]1CN(C(=O)C=C(Cl)Cl)CCN1C(=O)CNS(=O)(=O)C1CC1,,,,,,ZINCoe00000xiC0y
,,CCCN1CCCN(C(=O)C[C@@H](C)CNC(=O)[C@@H]2CC2(C)C)CC1,,,,,,ZINCor00000mrRCM
,,CC[C@H]1[C@@H](O)CCN1C(=O)C1([C@H](C)NC(=O)CCn2cncn2)CC1,,,,,,ZINCp9000015KtYB
,,C=CCN1CCC(NC(=O)C[C@@H](C)CNC(=O)C=C2CCC2)CC1,,,,,,ZINCoq00000mrRCH
,,COc1ccccc1[C@H](C)c1nc(-c2cnn3ccn(C)c23)no1,,,,,,ZINCoy000005eIng
,,C=C(Cl)CNC(=O)CO[C@H]1CCN(C(=O)[C@@H]2CCCN2C)C1,,,,,,ZINCmb00000x1uhK
,,COc1ccccc1[C@H]1[C@@H](O)CCN1C(=O)NCc1csc(Cl)n1,,,,,,ZINCoy000005eIxZ
,,C=C(Cl)CNC(=O)CSCCNC(=O)c1coc(N(C)C)n1,,,,,,ZINCmg00000x1uhR
,,C=C(Cl)CNC(=O)CO[C@H]1CCN(C(=O)[C@H]2CC(C)=NO2)C1,,,,,,ZINCmc00000x1uhL
,,C=C(Cl)CNC(=O)CO[C@H]1C[C@@H](NC(=O)COC(C)(C)C)C1,,,,,,ZINCmj00000x1uhE
,,CC[C@H]1[C@@H](O)CCN1C(=O)[C@@]1(NC(=O)C#CC2CCOCC2)C[C@H]1C,,,,,,ZINCpc000015KtYY
,,CC(C)N(C)[C@@H](CCc1ccsc1)C(=O)NC1(C)CC1,,,,,,ZINCkA00000cwlfV
,,CC[C@](C)(CNC(=O)CC(C)(C)C#N)C(=O)N[C@@H](C)[C@@H](C)F,,,,,,ZINCmt00000gwiRV
,,C[C@@H](NC(=O)Cc1ccsn1)C1(C(=O)N2CC(c3nncs3)C2)CC1,,,,,,ZINCpk00000SKGNb
,,C=CCN(CC)C(=O)CCNC(=O)[C@@H](C)CCCOC,,,,,,ZINCkl00000PwWQp
,,C[C@H](NC(=O)Cc1ccsn1)[C@@H](C)NC(=O)[C@H](F)C1CCC(=O)CC1,,,,,,ZINCpn00000SKGNw
,,C[C@@](O)(C(=O)N(CCc1ccns1)Cc1cc(F)ncc1F)C1CC1,,,,,,ZINCpv00000QnS2U
,,CC[C@H]1[C@@H](O)CCN1C(=O)C1([C@@H]2CCCN2C(=O)c2cc[nH]n2)CC1,,,,,,ZINCph000015KtYz
,,C=CCN(CC)C(=O)CCNC(=O)[C@H]1CCO[C@@H]1C(C)C,,,,,,ZINCll00000PwWQn
,,CCC(CC)(CNC(=O)N1C[C@@H]2[C@@H](C1)C2(F)F)C(F)(F)F,,,,,,ZINClC00000bV6oT
,,C[C@](O)(C(=O)N(CCCc1cccnc1)Cc1ccns1)C(F)(F)F,,,,,,ZINCpy00000QnS32
,,Cc1cc(C(=O)N2C[C@@H]3[C@@H](C[C@H]3NC(=O)c3ccsc3)C2)nnc1C,,,,,,ZINCpq000001EdXk
,,O=C(CSc1nc[nH]n1)NC[C@@H](CO)NC(=O)Cn1ccc(Br)n1,,,,,,ZINCo500000EK7yc
,,CC[C@@H]1CN(C(=O)C(C)(C)S(C)(=O)=O)CCN1C(=O)[C@@H]1C[C@H]1CF,,,,,,ZINCoe00000xiBwI
,,O=C(CSc1nc[nH]n1)NCCOCCNC(=O)[C@@H]1CC[C@@H]2C[C@@H]21,,,,,,ZINCo700000EK7yr
,,COc1ccccc1[C@H](C)NC(=O)[C@H](C)Oc1cnc(SC)nc1,,,,,,ZINCoy000005eImQ
,,C=CCN(CC)C(=O)CCNC(=O)Cc1coc(C)n1,,,,,,ZINCkg00000PwWPT
,,C[C@@H](NC(=O)Cc1ccsn1)[C@@H](C)NC(=O)c1nccc2cc[nH]c12,,,,,,ZINCpo00000SKGNv
,,COc1ccccc1[C@H](NS(=O)(=O)C[C@H]1CC[C@@H](N)C1)C(C)(C)C,,,,,,ZINCoy000005eIry
,,COCC[C@@H](CNC(=O)CCCC(F)(F)F)NC(=O)c1cnsc1C,,,,,,ZINCpu00000dWcf1
,,COc1ccccc1[C@H]1CN(C(=O)c2cccc(Cl)c2O)CCN1,,,,,,ZINCoy000005eIvS
,,Cc1cc(C(=O)N2C[C@H](C)CN(C(=O)[C@H](C)CF)[C@H](C)C2)nc(C)n1,,,,,,ZINCpq000001Ee8n
,,CC[C@@H]1CN(C(=O)C2(O)CCC2)CCN1C(=O)c1cc(C#N)c[nH]1,,,,,,ZINCoe00000xiBLl
,,CC[C@@H]1CN(C(=O)C2(F)CCC2)CCN1C(=O)CN1CSCC1=O,,,,,,ZINCoe00000xiBIR
,,CC[C@H]1[C@@H](O)CCN1C(=O)C1(NC(=O)COC[C@@H]2CCOC2)CCC1,,,,,,ZINCpa000015KtZ5
,,O=C(CSc1nc[nH]n1)NC[C@@H](O)CCNC(=O)[C@H]1CCOC1=O,,,,,,ZINCo400000EK7yi
,,CC[C@H]1[C@@H](O)CCN1C(=O)[C@]1(CO)CCN(C(=O)[C@H](O)CC(N)=O)C1,,,,,,ZINCp3000015KtYL
,,Cc1cnsc1C(=O)N[C@H]1C[C@@H](C)N(C(=O)C=C(C2CC2)C2CC2)C1,,,,,,ZINCpz000002yXpR
,,Cc1coc(C(=O)N(C)[C@@H](C)CCNC(=O)CCc2cscn2)c1C,,,,,,ZINCpz000002yXE9
,,CCC1(F)CN(C(=O)[C@@H]2CC[C@H](C)CN2C(=O)[C@H]2CC[C@H](O)C2)C1,,,,,,ZINCon00000FwIYR
,,CC[C@H]1[C@@H](O)CCN1C(=O)C1(N(C)C(=O)CN2C[C@H]3CC[C@H]2C3)CC1,,,,,,ZINCpe000015KtYT
,,C[C@](O)(C(=O)N(CCCCCCCCO)C[C@@H]1CCOC1)C1CCC1,,,,,,ZINCpx00000QnS37
,,C=C(Cl)CNC(=O)CO[C@@H]1CCN(C(=O)CCS(N)(=O)=O)C1,,,,,,ZINCm500000x1uhJ
,,COc1ccccc1[C@]1(C)C[C@@H]1NC(=O)NCCOCC1CCC1,,,,,,ZINCoy000005eIzy
,,CC(C)N1CCCN(C(=O)C[C@@H]2CCN2C(=O)c2cccs2)CC1,,,,,,ZINCos00000mrRCu
,,O=C(NCc1ccncc1)N1Cc2ccc(C3CC3)cc2C1,,,,,,ZINCmB00000loZvp
,,CC(C)n1ccc(=NC(=O)C[C@@H](C)N(C)C(=O)[C@@H]2CC[C@H]2C#N)[nH]1,,,,,,ZINCor00000mrRCS
,,O=C(CSc1nc[nH]n1)NC[C@@H](NC(=O)C1(O)CCCC1)C1CC1,,,,,,ZINCo800000EK7yf
,,Cc1noc(C)c1NC(=O)CCCCN(C)C(=O)C(=O)C(C)(C)C,,,,,,ZINCou00000p7R2M
,,Cc1cc(C(=O)N2C[C@H](C)[C@H](NC(=O)C[C@@]3(C)C[C@]3(F)Cl)C2)nn1C,,,,,,ZINCpq000001EeqB
,,C#CCN(CC)C(=O)CCNC(=O)[C@H]1CCC(F)(F)C1,,,,,,ZINCkk00000PwWQf
,,O=C(CSc1nc[nH]n1)NCCOCCNC(=O)c1cnc(S)[nH]1,,,,,,ZINCo500000EK7yq
,,C[C@@H](CCNC(=O)c1cc(Br)ccn1)NC(=O)Cc1cnsc1,,,,,,ZINCnr000007PTUX
,,CC[C@@H]1CN(C(=O)CC(C)(C)O)CCN1C(=O)c1nn(C)nc1Br,,,,,,ZINCoe00000xiC90
,,C=CCN(CC)C(=O)CCNC(=O)C[C@@H](O)[C@@H](C)CC,,,,,,ZINCkj00000PwWQ9
,,C[C@H](CC1CC1)CN(CC(C)(C)n1cccn1)C(=O)CC1(C)CC1,,,,,,ZINCoK00000lylHA
,,CC[C@H]1[C@@H](O)CCN1C(=O)[C@]1(NC(=O)[C@@H](C)N2CCCC2)CCSC1,,,,,,ZINCpe000015KtZ3
,,COc1cccnc1CNCc1ccc(C)cc1O[C@H]1CCOC1,,,,,,ZINCoy000005eIFe
,,O=C(CSc1nc[nH]n1)NC[C@@H](CO)NC(=O)[C@H]1CCCC1(F)F,,,,,,ZINCo500000EK7y9
,,CC[C@@H]1CN(C(=O)CC(C)(F)F)CCN1C(=O)Cc1nncn1C,,,,,,ZINCoe00000xiC9m
,,CC[C@H]1[C@@H](O)CCN1C(=O)C1(F)CN(C(=O)C=Cc2cc(C)no2)C1,,,,,,ZINCpf000015KtYP
,,Cc1coc(C(=O)N(C)C[C@H](C)NC(=O)c2c[nH]c3ccccc23)c1,,,,,,ZINCpz000002yXCs
,,CC[C@H]1[C@@H](O)CCN1C(=O)[C@]1(CO)CCN(C(=O)C[C@@H](C)C2CC2)C1,,,,,,ZINCpg000015KtYJ
,,O=C(NCc1ccncc1)Nc1cnc2cc(Br)ccc2c1,,,,,,ZINCmH00000loZvr
,,Cc1noc(C)c1NC(=O)CC[C@H](C)NC(=O)c1ccccc1O,,,,,,ZINCov00000p7R2R
,,Cc1noc(C)c1NC(=O)C1=CCN(C(=O)[C@@]23CCCC[C@H]2C3)C1,,,,,,ZINCov00000p7R2D
,,C[C@H](NC(=O)Cc1ccsn1)[C@@H]1CCN(C(=O)[C@@H]2CCC[C@H](O)C2)C1,,,,,,ZINCpl00000SKGNo
,,C=CC=CCCNC(=O)C12CC(NC(=O)c3cnn(C)c3)(C1)C2,,,,,,ZINCnj00000UhuPV
,,COc1cccnc1CNCCC1(CNC(=O)OC(C)(C)C)CC1,,,,,,ZINCoy000005eIES
,,CCCN(C)[C@H](CCc1ccco1)C(=O)NCC1CC1,,,,,,ZINCku00000cwlfU
,,C#CC[C@](C)(NC(=O)CC(C)(C)C#N)C(=O)N(CC)CCC,,,,,,ZINCmq00000gwiRR
,,C[C@H](NC(=O)Cc1ccsn1)c1nocc1C(=O)NC[C@H](C)[C@H](C)O,,,,,,ZINCpi00000SKGNg
,,C=CCN(CC)C(=O)CCNC(=O)[C@@H]1CCC(=O)NC1,,,,,,ZINCk600000PwWQj
,,Cc1cn2nc(C(=O)N3C[C@H]4C[C@@H]3C[C@@H]4C(F)F)ccc2n1,,,,,,ZINCmr00000nCBJ1
,,CCC[C@@H](NC(N)=O)C(=O)N1CC(CO)(NC(=O)c2nsnc2O)C1,,,,,,ZINCp4000004teAT
,,COCC[C@@H](NC1[C@@H]2C[C@@H]2[C@H]2C[C@@H]12)c1ccccc1,,,,,,ZINCjA00000bIeY0
,,Cc1cc(C)c(C(=O)NC[C@H]2COC[C@H]2NC(=O)[C@H]2C[C@H]2F)o1,,,,,,ZINCnh00000N0hy1
,,CCC[C@@](C)(O)C(=O)N1CC(O)(CCNC(=O)C[C@@H](O)CN(C)C)C1,,,,,,ZINCp4000004thfZ
,,Cc1cccc(C(=O)NCC[C@@H](O)CNC(=O)CC(F)(F)Cl)n1,,,,,,ZINCni00000N0hxu
,,Cc1cn2nc(Cl)cc(NC(=O)C[C@@H]3C[C@H]4COC[C@@H]34)c2n1,,,,,,ZINCmt00000nCBIW
,,CC(C)n1cnc2c(NCC[C@@H](C)O)nc(N3C[C@H](F)[C@@H](F)C3)nc21,,,,,,ZINCpq00000mbEhe
,,CN(C)C[C@@H](CC(=O)NCCNC(=O)/C=C/[C@@H]1CCCO1)C(F)F,,,,,,ZINCod00000AkNvp
,,O=C(C1=CCN(C(=O)C2CC(F)(F)C2)CC1)N1CC[C@]2(C=CCO2)C1,,,,,,ZINCpn00000SNULA
,,CN(C(=O)C1=CC=CN=C1O)C1CN(C(=O)C2CC(F)C2)C1,,,,,,ZINCme00000kyHjt
,,O=C(CC1=COC=N1)NCC1(F)CN(C(=O)C2CCCS2)C1,,,,,,ZINCmd00000kyHEp
,,O=C(c1ccc[n+]([O-])c1)N1C[C@H]2CCN(C(=O)C3=CCCS3)[C@H]2C1,,,,,,ZINCog00000AkO12
,,O=C(C1=CCN(C(=O)C2CC(F)(CF)C2)CC1)N1C[C@H]2COC[C@H]2C1,,,,,,ZINCpj00000SNULy
,,Cc1cn2nc(Cl)cc(NC(=O)NC3[C@H]4C[C@H]4[C@@H]4C[C@H]34)c2n1,,,,,,ZINCmu00000nCBIZ
,,O=C(C=CSCc1ccco1)N1CCO[C@H]([C@@H]2CCCCO2)C1,,,,,,ZINCny00000DIDXL
,,CCC[C@@H](C(=O)NCC1(O)CN(C(=O)c2ccccn2)C1)S(N)(=O)=O,,,,,,ZINCp4000004tcIg
,,CN(CCCNC(=O)CCCCCC#N)C(=O)[C@@H](O)CC[S+](C)C,,,,,,ZINCog00000AkNOu
,,CCC[C@H](C(=O)N1CC(NC(=O)[C@@]2(C)CCC(=O)NC2)C1)S(N)(=O)=O,,,,,,ZINCp4000004tixq
,,CC(=O)OCCNS(=O)(=O)c1ccc2c(c1)CCCN2,,,,,,ZINCke00000GfHV8
,,CCC[C@@H](O)CC(=O)NCCOC1CN(C(=O)[C@@H]2CCS(=O)(=O)N2)C1,,,,,,ZINCp4000004tgy9
,,C[C@@H]1C[C@H](NC(=O)[C@@H](c2cccc(F)c2)N2CCOCC2)CCS1,,,,,,ZINCov000002WO9k
,,C=C(C)C[C@@H](NC(=O)c1cnc(Cl)s1)C(=O)NC[C@@H]1CC[C@H]1CO,,,,,,ZINCop00000Fxsak
,,CCC[C@@H](NC(N)=O)C(=O)N1C[C@@H](NC(=O)CS(=O)(=O)NC)[C@H](C)C1,,,,,,ZINCp4000004tf19
,,C[C@]1(NC(=O)C=Cc2cscn2)CCN(C(=O)CC2CCSCC2)C1,,,,,,ZINCpx000004bcBZ
,,O=C(C1CCN(C(=O)C2(F)CCCCC2)CC1)N1CC[C@@H](F)[C@H](O)C1,,,,,,ZINCpo00000SNUM9
,,CC(C)=CCCC(=O)N1CC[C@@H]2CCC[C@]21C(=O)N1CC(C)(CF)C1,,,,,,ZINCpD00000xxQYk
,,CC(=O)OCCNC(=O)N1CCCC[C@@H]1CNS(C)(=O)=O,,,,,,ZINCl500000GfHUQ
,,O=C(C1=CCN(C(=O)C2(CF)CC2)CC1)N1C[C@@H]2CCC[C@@H](O)[C@H]2C1,,,,,,ZINCpl00000SNULN
,,Cc1cccc(C(=O)NCCCNC(=O)[C@@H]2CN3CC[C@H]2C3)n1,,,,,,ZINCnb00000N0hxF
,,O=C(C1CCN(C(=O)C2(CO)CCC2)CC1)N1CCC[C@H](C(F)F)C1,,,,,,ZINCpo00000SNULY
,,COCCN(C)C1CN(C(=O)C2=C3NC(O)=NC3=CN=C2)C1,,,,,,ZINCm600000kyI83
,,C#CCC[C@H](NC(=O)c1cnc(Cl)s1)C(=O)N1CC[C@@H](O)[C@H]1CC,,,,,,ZINCom00000Fxsaf
,,Cc1cc(CCC(=O)NC[C@H]2CCN2C(=O)[C@@]2(F)C[C@@H]2C)no1,,,,,,ZINCnj00000N0hxU
,,C[C@]1(NC(=O)C=C[C@H]2CCOC2)CCCN(C(=O)c2ccoc2Br)C1,,,,,,ZINCpx000004bcwb
,,O=C(C1=CCN(C(=O)c2ccnn2C(F)F)C1)N1CCCC(F)(F)C1,,,,,,ZINCpp00000SNULE
,,CCC[C@H](C(=O)N1CC(OCCNC(=O)C(C)(C)CO)C1)S(N)(=O)=O,,,,,,ZINCp4000004tiJ7
,,CCC[C@H](C(=O)NCC(=O)NCc1cn([C@@H](C)CO)nn1)S(N)(=O)=O,,,,,,ZINCp4000004tk38
,,CC1CC(CCC(=O)NCCCN(CCO)C(=O)[C@@H]2C[C@H]2C)C1,,,,,,ZINCnn00000N0hxA
,,COC(CN(CC[C@@H]1CCCC12CC2)C(=O)c1ccc(O)cc1)OC,,,,,,ZINCpE00000FMccR
,,CCC[C@@H](C(=O)N[C@@]1(C)CCN(C(=O)COC2COC2)C1)S(N)(=O)=O,,,,,,ZINCp4000004tdUk
,,CC(C)(C)OC(=O)N1[C@H]2CC[C@H]1[C@@H](C(=O)NNc1ncncc1Cl)C2,,,,,,ZINCpt00000f0b7C
,,C[C@]1(NC(=O)CC[C@@H]2CC2(F)F)CCN(C(=O)[C@@H]2C[C@H]3C=C[C@H]2C3)C1,,,,,,ZINCpx000004bda4
,,CCC[C@@H](NC(N)=O)C(=O)N[C@H](C)C[C@@H](C)NC(=O)[C@@H]1CNC(=O)N1,,,,,,ZINCp4000004tfZT
,,C=CC[C@@H](NC(=O)[C@@H]1CC=CCC1)C(=O)NC[C@H]1CCC2(CC2)C1,,,,,,ZINCoB00000tbRCJ
,,C[C@@H]1C[C@H](NC(=O)[C@@H]2CC(=O)N(c3ccc(Cl)c(F)c3)C2)[C@@H](C)O1,,,,,,ZINCov000002WO9s
,,CC(=O)OCCN(C)S(=O)(=O)c1ccc(C(C)C)nn1,,,,,,ZINCkd00000GfHV7
,,O=C(NCCCN1CCCCCC1)C1=CC2=NN=CN2N=C1,,,,,,ZINCmh00000kyHyD
,,CC1CC(CCC(=O)NCC[C@@H](O)CNC(=O)c2cnsc2)C1,,,,,,ZINCnl00000N0hxs
,,C[C@]1(NC(=O)CC2CC=CC2)CCCN(C(=O)C2=C(Cl)CCOC2)C1,,,,,,ZINCpx000004bcLF
,,CC(C)n1cnc2c(N(C)CCC#N)[nH]c(=NC[C@H](C)[C@@H](C)O)nc21,,,,,,ZINCpr00000mbEhc
,,C[C@H]1[C@H](NC(=O)COC2CC=CC2)CCN1C(=O)C1=CCCCO1,,,,,,ZINCol00000sIxby
,,C#CC[C@H](C)C(=O)N[C@H]1C[C@@H](NC(=O)C2=NNC(=O)C=C2)C1,,,,,,ZINCm500000kyI6X
,,CSc1cc(NC(=O)N2C[C@H](C)O[C@@H]3CCCC[C@H]32)ccn1,,,,,,ZINCmD00000g0qqI
,,CCC[C@@H](NC(N)=O)C(=O)NCC1CN(C(=O)CCN(C)CCO)C1,,,,,,ZINCp4000004tfj3
,,Cc1cn2nc(C(=O)NC3C4(CCC4)C34CCC4)ccc2n1,,,,,,ZINCmu00000nCBJ2
,,O=C(CCSc1nc(-c2ccc(Br)cn2)n[nH]1)Nc1cn[nH]c1,,,,,,ZINCnu00000DIDXE
,,CC(C)(C)OC(=O)Nc1ccc(CC(=O)NN2CCCC2=O)c(F)c1,,,,,,ZINCpt00000f0b7D
,,CN(CC1=CN(C2CCC2)N=N1)C(=O)C1=CC(Cl)=NNC1=O,,,,,,ZINCmg00000kyI8P
,,CCC[C@H](C(=O)NC[C@@H](C)N(C)C(=O)C1(NC(N)=O)CC1)S(N)(=O)=O,,,,,,ZINCp4000004tkzv
,,CCC[C@@H](OCC)C(=O)NC1(CO)CN(C(=O)CCn2cnnn2)C1,,,,,,ZINCp4000004th5U
,,CC#CCCC(=O)NC[C@H](O)CC(=O)N1CCn2nc(C)cc2C1,,,,,,ZINCo800000HGQ9n
,,C[C@]1(NC(=O)CSc2cccc(F)c2)CCN(C(=O)[C@@H]2CCSC2)C1,,,,,,ZINCpx000004bdyl
,,CCC[C@@H](C(=O)NC[C@H](O)CNC(=O)CC1(O)CCCC1)S(N)(=O)=O,,,,,,ZINCp4000004tdsj
,,O=C(C1=CCN(C(=O)c2cccnn2)C1)N1CCC[C@H](CC2CC2)C1,,,,,,ZINCpo00000SNULs
,,C[C@]1(NC(=O)COCC(F)F)CCN(Cc2cc3ccccc3o2)C1,,,,,,ZINCpx000004bdqB
,,CCC[C@@H](NC(N)=O)C(=O)N1CC(CO)(NC(=O)[C@H](CC)[C@@H](C)O)C1,,,,,,ZINCp4000004teA4
,,O=C(C1=CCN(C(=O)c2cc(F)cnc2O)C1)N1C[C@H]2CCC[C@H]2C1,,,,,,ZINCpl00000SNULz
,,CC(=O)OCCNC(=O)c1cscc1C(N)=O,,,,,,ZINCh700000GfHUO
,,O=C(C1=CCN(C(=O)c2cc(O)cc(=O)o2)C1)N1CCCCCCC1,,,,,,ZINCpl00000SNULG
,,C[C@@H]1C[C@H](NC(=O)[C@H]2CCC[C@@H](O)C2)CN(Cc2ccccc2)C1,,,,,,ZINCov000002WOc0
,,CC(C)n1cnc2c(NCCC[C@H](C)O)[nH]c(=NC[C@@H](C)CO)nc21,,,,,,ZINCpq00000mbEhb
,,O=C(C1=CCN(C(=O)C2CC(CF)C2)CC1)N1CCc2n[nH]cc2C1,,,,,,ZINCpk00000SNULk
,,C=C=C[C@@H](C)C(=O)N[C@H]1C=CCC[C@H]1C(=O)NCC(O)(CC)CC,,,,,,ZINCoq00000sU7fs
,,O=C(C1=CCN(C(=O)C2(CF)CC2)CC1)N1CCC[C@H](CCO)CC1,,,,,,ZINCpp00000SNULM
,,CC(=O)OCCN(C)N(CCO)Cc1ccc(Br)s1,,,,,,ZINCjn00000GfHUL
,,N[C@@H]1[C@@H](C(F)(F)F)C[C@H]1C(=O)Nc1cc(C(F)F)ccn1,,,,,,ZINClu00000tExff
,,CC(C)n1cnc2c(NC[C@@H](C)C#N)[nH]c(=N[C@@H]3CCN(C)C3)nc21,,,,,,ZINCpq00000mbEhi
,,O=C(C1=CCN(C(=O)c2cccc3ccnn23)C1)N1C[C@H](F)[C@@H](F)C1,,,,,,ZINCpi00000SNULe
,,Cc1cscc1CN(CC1([C@H](O)C(C)C)CC1)C(=O)[C@H]1C=CCS1,,,,,,ZINCoI00000ls0YH
,,C[C@]1(NC(=O)CC2CC(F)C2)CCN(C(=O)c2cccc(Cl)c2N)C1,,,,,,ZINCpx000004bcJe
,,CC(=O)OCCNC(=O)[C@@]1(C(=O)O)CCCO1,,,,,,ZINCh500000GfHUN
,,Cc1cscc1CN(C[C@]1(Cl)CC12CCC2)C(=O)CC(=O)N(C)C,,,,,,ZINCoE00000ls0YJ
,,CCC[C@@H](OC)C(=O)N1CC(N(C)C(=O)Cn2cnc(C(N)=O)n2)C1,,,,,,ZINCp4000004tgMG
,,CCC(F)C(=O)NCCCCNC(=O)COC1=CC=CN=C1,,,,,,ZINCmi00000kyHRQ
,,CCC[C@H](C(=O)N1CC2(CN(C(=O)CNC(=O)OC)C2)C1)S(N)(=O)=O,,,,,,ZINCp4000004tiNL
,,N[C@@H]1[C@H]2C[C@H]3[C@H]1[C@@]3(C(=O)N1CC[C@H]3CCC(F)(F)C[C@H]31)C2,,,,,,ZINClq00000tExfd
,,CCC[C@H](C(=O)NCCC1(O)CN(C(=O)[C@H](C)OCC)C1)S(N)(=O)=O,,,,,,ZINCp4000004tklT
,,O=C(C1=CCN(C(=O)C2CC(F)C2)CC1)N1CCC[C@H]2OCC[C@H]2C1,,,,,,ZINCpp00000SNULv
,,O=C(C1=CCN(C(=O)C2CC(CC3CC3)C2)C1)N1CC2(CC(O)C2)C1,,,,,,ZINCpl00000SNULd
,,C[C@H]1[C@@H](NC(=O)CO[C@H]2CCN(C(=O)[C@H](O)C(C)(C)C)C2)C1(C)C,,,,,,ZINCoh00000sIxbK
,,O=C(C1CCN(C(=O)[C@@]2(Cl)CC2(F)F)CC1)N1CC[C@@H](OCCF)C1,,,,,,ZINCpo00000SNULQ
,,CC(=O)OCCNC(=O)NCc1ccccc1C,,,,,,ZINCij00000GfHUZ
,,CCC[C@H](C(=O)N1CCN(C(=O)[C@@H]2COC(=O)N2)C[C@H](O)C1)N(C)C,,,,,,ZINCp4000004tj4z
,,Cc1cc(C)c(C(=O)NC[C@H]2CCN2C(=O)/C=C\C(N)=O)cn1,,,,,,ZINCn600000N0hxX
,,CCC[C@H](NC(=O)[C@H]1CC=CCC1)C(=O)NCCCCCN=[N+]=[N-],,,,,,ZINCoC00000tbRCH
,,CC(=O)OCCNC(=O)Nc1cnn2c1OCCCC2,,,,,,ZINCkd00000GfHUW
,,O=C(C1=CCN(C(=O)C2(F)CCOCC2)C1)N1C[C@@H]2C[C@H]3C[C@H]2[C@H]1C3,,,,,,ZINCpl00000SNUMb
,,Cc1cc(C)c(C(=O)NC[C@H]2CCN2C(=O)C[C@@H](C)N(C)C)[nH]1,,,,,,ZINCnj00000N0hxY
,,O=C(C1=CCN(C(=O)c2ccco2)CC1)N1CC[C@H](n2ccnc2)C1,,,,,,ZINCpn00000SNULu
,,C[C@]1(NC(=O)CC[C@H]2CCCOC2)CCN(C(=O)c2nc(Cl)cs2)C1,,,,,,ZINCpx000004bdeb
,,C=C=C[C@@H](C)C(=O)N[C@@H]1CCCC[C@@H]1C(=O)N[C@](C)(CO)C(C)C,,,,,,ZINCor00000sU7fk
,,C[C@]1(NC(=O)CC2CC(F)(F)C2)CCCN(C(=O)c2cc(Br)n[nH]2)C1,,,,,,ZINCpx000004bcIm
,,O=C(C1=CCN(C(=O)c2cncc(O)c2)CC1)N1CC[C@H](C(F)F)C1,,,,,,ZINCpm00000SNULS
,,CC1CC(CCC(=O)NCC[C@H](O)CNC(=O)C#CC2CC2)C1,,,,,,ZINCni00000N0hxt
,,C[C@@H]1C[C@H](NC(=O)[C@@H]2CCC(C)(C)CN2)CN1Cc1ccccc1,,,,,,ZINCov000002WO9A
,,Cc1cccc(NNC(=O)c2c(O)cc[nH]c2=N)c1Cl,,,,,,ZINCkq00000ajXPV
,,C=CC=CCC(=O)NC[C@H](O)CC(=O)N1CCn2c(O)nnc2C1,,,,,,ZINCo400000HGQ9k
,,CC(=O)OCC(=O)N1CC[C@H]1CNC(=O)CC(F)(F)Br,,,,,,ZINCkc00000GfHVc
,,C[C@H]1[C@@H](NC(=O)COCCNC(=O)[C@H]2CCC(C)(C)OC2)C1(C)C,,,,,,ZINCok00000sIxbI
,,CC(C)[C@@H](NC(=O)[C@@H]1C=CCCC1)C(=O)NC[C@@H]1C[C@@H]2CC[C@@H]2C1,,,,,,ZINCoA00000tbRCL
,,CC(C)(C)OC(=O)N1CCO[C@@H](CNC(=O)c2ccc(N)c(Br)c2)C1,,,,,,ZINCpt00000f0b7y
,,O=C(C1=CCN(C(=O)C2(F)CC=CC2)CC1)N1CCC[C@H]1CCCO,,,,,,ZINCpp00000SNUM6
,,CC1CC(CCC(=O)N(C)CCN(C)C(=O)[C@@]2(O)CCOC2)C1,,,,,,ZINCne00000N0hxw
,,CC(C)[C@@H](NC(=O)[C@H]1C=CCCC1)C(=O)NC(C)(C)c1nccs1,,,,,,ZINCoz00000tbRCD
,,C=CC(C)(C)CC(=O)N1CC[C@@H]2CCC[C@]21C(=O)N(C)C(CF)CF,,,,,,ZINCpB00000xxQYE
,,CCC[C@H](C(=O)NC[C@@H](C)NC(=O)CSc1nncn1C)S(N)(=O)=O,,,,,,ZINCp4000004tkBZ
,,O=C(C1=CCN(C(=O)c2cccc(F)c2O)CC1)N1CCC[C@@H](O)C1,,,,,,ZINCpi00000SNULj
,,C/C=C/C[C@H](NC(=O)c1cnc(Cl)s1)C(=O)NCc1csc(O)n1,,,,,,ZINCop00000Fxsah
,,O=C(C1=CCN(C(=O)c2ccon2)CC1)N1CCc2ncccc2C1,,,,,,ZINCpk00000SNULI
,,CCC[C@H](C(=O)N1CCCC(NC(=O)C=NOC)C1)N(C)C,,,,,,ZINCma00000kyHyP
,,N[C@@H]1[C@H]2CC[C@H](O2)[C@@H]1C(=O)N[C@@H]1CCC2(CCCCC2)C1,,,,,,ZINClr00000tExfb
,,C[C@H]1[C@@H](NC(=O)CO[C@H]2CCN(C(=O)CSCCC#N)C2)C1(C)C,,,,,,ZINCok00000sIxbL
,,CC(=O)OCCNC(=O)Nc1nccc(P(C)(C)=O)n1,,,,,,ZINCka00000GfHUX
,,O=C(C1=CCN(C(=O)c2cc(C3CC3)no2)C1)N1C[C@H]2[C@H](C1)C2(F)F,,,,,,ZINCpm00000SNULc
,,Cc1cc(C)c(C(=O)NC[C@H]2CCN2C(=O)[C@]23COC[C@H]2C3)o1,,,,,,ZINCni00000N0hxT
,,CC1CC(CCC(=O)N(C)C[C@@H](C)NC(=O)[C@@H](O)CC(N)=O)C1,,,,,,ZINCn600000N0hxp
,,Cc1cccc(NNC(=O)[C@]2(C(=O)O)CC2(C)C)c1F,,,,,,ZINCkq00000ajXPW
,,CCC[C@H](C(=O)N1CC[C@@](C)(NC(=O)Cn2cncn2)C1)S(N)(=O)=O,,,,,,ZINCp4000004tjmb
,,C=C[C@](C)(O)C(=O)N1C[C@@H]2C[C@@]2(CNC(=O)c2c(C)noc2C)C1,,,,,,ZINCoe00000AkNKB
,,CC(=O)OCCNC(=O)ON=Cc1ccco1,,,,,,ZINChf00000GfHV6
,,O=C(CC1(O)CCC1)NCCC1CN(C(=O)C=Cc2ncc[nH]2)C1,,,,,,ZINCoc00000AkNUY
,,C[C@@H]1C[C@H](NC(=O)c2cn(C)nc2-c2cccc(F)c2)CC[C@H]1O,,,,,,ZINCov000002WOgF
,,CCC[C@H](C(=O)NCC(=O)NCc1cn(CCCO)nn1)C(=O)OC,,,,,,ZINCp4000004tk34
,,C[C@]1(NC(=O)COC2CCCC2)CCN(c2ncnc3sccc23)C1,,,,,,ZINCpx000004bdpa
,,O=C(C1=CCN(C(=O)c2ccc(F)s2)CC1)N1CC(n2ccnn2)C1,,,,,,ZINCpj00000SNULm
,,CNC(=O)N[C@@H](C)C(=O)N1[C@H]2CC[C@@H]1C[C@H]2CNC(=O)C1(Cl)CC1,,,,,,ZINCob00000AkNNE
,,CCC[C@H](C(=O)NC1(CNC(=O)[C@H](C)NC(N)=O)CCC1)S(N)(=O)=O,,,,,,ZINCp4000004tjPZ
,,CCC[C@H](C(=O)N1CC(CNC(=O)C=CSC)(C(N)=O)C1)S(N)(=O)=O,,,,,,ZINCp4000004tiiR
,,C[C@]1(NC(=O)C=Cc2cscn2)CCCN(C(=O)[C@H](F)CC2CC2)C1,,,,,,ZINCpx000004bcBR
,,O=C(CCS(=O)(=O)Cc1cccc(Br)c1)N[C@@H]1[C@H]2C=CCC[C@H]21,,,,,,ZINCny00000DIDXN
,,CC(C)n1cnc2c(NOC[C@@H](O)CN3CCCCC3)nc(Cl)nc21,,,,,,ZINCps00000mbEhp
,,Cc1cc(C)c(C(=O)N(C)C[C@H](O)CN(C)C(=O)C=C2CC2)[nH]1,,,,,,ZINCni00000N0hxr
,,CC(C)n1cnc2c(N[C@@H]3COC[C@H]3F)nc(N3C[C@@H]4C[C@H]4C3)nc21,,,,,,ZINCpq00000mbEhn
,,C[C@]1(NC(=O)CC2CCSCC2)CCN(C(=O)C=Cc2cscn2)C1,,,,,,ZINCpx000004bcOJ
,,CCC[C@@H](NC(N)=O)C(=O)N[C@@H]1C=CCN(C(=O)[C@@H]2CCC(=O)N2)C1,,,,,,ZINCp4000004tfR8
,,CC(=O)OCC(=O)N1CC[C@@H]1CNC(=O)[C@H](O)CC1CC1,,,,,,ZINCl500000GfHVd
,,O=C(C1=CCN(C(=O)C2(C3CC3)CC2)C1)N1CC[C@H](n2ccnc2)C1,,,,,,ZINCpm00000SNUL7
,,C#CCCCC(=O)NC[C@H](OC)C(=O)N1CCOC[C@@H]1CN(C)C,,,,,,ZINCo500000HGQ9u
,,Cc1cn2nc(C(=O)NCc3scnc3C3CC3)ccc2n1,,,,,,ZINCmt00000nCBJ4
,,C=CC=CCC(=O)NC[C@H](O)CC(=O)N1CCNC(=O)[C@@H]1C(C)C,,,,,,ZINCo500000HGQ9s
,,O=C(C1CCN(C(=O)C2(CF)CC2)CC1)N1C[C@@H]2CCC[C@@H](O)[C@H]2C1,,,,,,ZINCpl00000SNULO
,,CCCC[C@H](NC(=O)c1cnc(Cl)n1C)C(=O)N[C@H](C)C[C@H](C)O,,,,,,ZINCom00000Fxsab
,,O=C(C1=CCN(C(=O)[C@@]2(F)CC=CCC2)CC1)N1CCCC[C@@H]1CO,,,,,,ZINCpp00000SNUM8
,,CCN(CCNC(=O)C1=CC=C2OC(=O)NC2=N1)CC(F)F,,,,,,ZINCme00000kyI2S
,,CCC[C@@H](CCCO)C(=O)N1CC(O)(CNC(=O)C2(CO)COC2)C1,,,,,,ZINCp4000004telp
,,CCC[C@@H](NC(N)=O)C(=O)N[C@@]1(C)CCN(c2cc(O)nc(O)n2)C1,,,,,,ZINCp4000004tfWF
,,CCc1cccc(C(=O)N[C@@H](C)c2cc(OC)ccc2OC)c1,,,,,,ZINCnH00000fadim
,,CC(C)[C@H](C)C(=O)N[C@H]1CC=CC[C@H]1C(=O)N(CCCO)C1CC1,,,,,,ZINCor00000sU7fj
,,CC(=O)OCC(=O)N1CCc2cc(F)cnc21,,,,,,ZINChc00000GfHVa
,,CC(C)(C)C#CC(=O)N1CC[C@H]2CCC[C@]21C(=O)NCCCCCF,,,,,,ZINCpA00000xxQYA
,,CCC[C@H](C(=O)N(C)C[C@H](C)NC(=O)c1nc(=O)n(C)[nH]1)S(N)(=O)=O,,,,,,ZINCp4000004ti6X
,,C=C1CCC1C(=O)NC1CCC(NC(=O)C2=CN=CO2)CC1,,,,,,ZINCmn00000kyIkp
,,C=C(C)CCCC(=O)N1CC[C@@H]2CCC[C@@]21C(=O)NC[C@@H](C)COC,,,,,,ZINCpz00000xxQYH
,,O=C(C1=CCN(C(=O)c2csnc2Cl)C1)N1CC[C@@H](n2cccn2)C1,,,,,,ZINCpo00000SNUM3
,,Cc1cccc(C(=O)N(C)[C@H]2CCN(C)C2=O)c1-c1nn[nH]n1,,,,,,ZINCna00000N0hxZ
,,C=CC[C@@H](CNC(=O)[C@H](CC)OCC)NC(=O)c1cc(CO)[nH]n1,,,,,,ZINCob00000AkNsN
,,CC(=O)OCCNC(=O)N(C)[C@@H]1CCCC[C@H]1C,,,,,,ZINCin00000GfHV0
,,C[C@@H]1C[C@H](NC(=O)c2cc(=O)c3cc(Br)ccc3o2)c2ncnn21,,,,,,ZINCov000002WOdN
,,CCC[C@@H](O)CC(=O)N1CC(CNC(=O)CCn2cnnn2)(OC)C1,,,,,,ZINCp4000004tg9G
,,CCCC[C@@H](NC(=O)c1cnc(C)n1C)C(=O)N1CC(F)(CC)C1,,,,,,ZINCop00000Fxsao
,,CCC[C@H](C(=O)NCC1(O)CN(Cc2nnc(CC)o2)C1)S(N)(=O)=O,,,,,,ZINCp4000004tkdL
,,CC(=O)OCCNC(=O)Nc1cnn2c1CCCC2,,,,,,ZINCjf00000GfHUV
,,O=C(C1=CCN(C(=O)C2=C(Cl)CCOC2)CC1)N1CC(OC(F)F)C1,,,,,,ZINCpl00000SNULB
,,O=C(C1=CCN(C(=O)C2(CF)CCOCC2)C1)N1CC[C@H]1C1CCC1,,,,,,ZINCpp00000SNULP
,,C[C@]1(NC(=O)C=CI)CCN(C(=O)c2cnc(-c3ccccc3)[nH]2)C1,,,,,,ZINCpx000004bcuI
,,CC(=O)OCCNC(=O)Nc1ccnc(C(F)F)c1,,,,,,ZINCjn00000GfHUU
,,C[C@H]1[C@H](NC(=O)COC2CCCC2)CCN1C(=O)COCC1CC1,,,,,,ZINCok00000sIxbA
,,O=C(C1=CCN(C(=O)C2CS(=O)C2)CC1)N1CC(C2CCCCC2)C1,,,,,,ZINCpl00000SNUM5
,,COC(CN(CC[C@H]1CCCC12CC2)C[C@@H]1CC12CCOCC2)OC,,,,,,ZINCpG00000FMccP
,,O=C(CCSCc1ccccn1)NC[C@H]1C[C@]2(CCCO2)CO1,,,,,,ZINCnr00000DIDXK
,,C=C(C)C[C@@H](NC(=O)c1cnc(Cl)s1)C(=O)N[C@@H](C)C(=O)OCC,,,,,,ZINCop00000Fxsam
,,CC(=O)OCCNC(=O)N1CCc2c(F)cc(F)cc2C1,,,,,,ZINCll00000GfHUP
,,C[C@H]1[C@H](NC(=O)COCCF)CCN1C(=O)CCc1ccccn1,,,,,,ZINCoh00000sIxbE
,,C[C@]1(NC(=O)CCCC2CCC2)CCN(C(=O)C=C[C@H]2CCCO2)C1,,,,,,ZINCpx000004bcZ4
,,N[C@@H]1[C@H]2CC[C@H](C2)[C@@H]1C(=O)N1CCC[C@](F)(C(F)(F)F)C1,,,,,,ZINCls00000tExf7
,,CC(C)n1cnc2c(NCCC(N)=O)[nH]c(=NC3CC(C)(C)C3)nc21,,,,,,ZINCps00000mbEhf
,,CC(=O)OCCNC(=O)NCc1ccc(Br)s1,,,,,,ZINCho00000GfHUY
,,CCC[C@H](C(=O)N1CC(Cn2cc(COC(=N)O)nn2)C1)S(N)(=O)=O,,,,,,ZINCp4000004tirT
,,CCC[C@@H](C(=O)NC[C@H]1CCN(C(=O)[C@@H]2CNC(=O)O2)C1)S(N)(=O)=O,,,,,,ZINCp4000004tdzk
,,CCC[C@H](C(=O)N1CC(CNC(=O)c2cnncc2O)C1)S(N)(=O)=O,,,,,,ZINCp4000004tin1
,,O=C(CF)c1ccc(-c2ccc(N3CCOCC3=O)cc2)cc1,,,,,,ZINCny00000DIDXR
,,C=CCC[C@H](NC(=O)c1cnc(Cl)s1)C(=O)NCCc1cn[nH]c1,,,,,,ZINCop00000Fxsai
,,CN(C)C1(C(=O)N[C@H]2C[C@](F)(CNC(=O)Cc3cnsc3)C2)CC1,,,,,,ZINCoe00000AkO14
,,C[C@]1(NC(=O)CCCC(F)(F)F)CCN(C(=O)[C@H]2C3C[C@@H]4C2[C@@H]4C3)C1,,,,,,ZINCpx000004bcXJ
,,O=C(CCSCc1ccccc1)N[C@@H]1CC[C@@H]2CCCN2C1=O,,,,,,ZINCnv00000DIDXI
,,CC(=O)OCCNC(=O)NC[C@@H](n1cncn1)C(F)(F)F,,,,,,ZINCl800000GfHV1
,,CCC(C)=C(C)C(=O)N1CC[C@@H]2CCC[C@@]21C(=O)N1C[C@H](C)[C@H](F)C1,,,,,,ZINCpD00000xxQYs
,,CCC[C@H](C(=O)N1CC[C@H]1CNC(=O)CCNC(=O)NC)S(N)(=O)=O,,,,,,ZINCp4000004tjsU
,,CC1=CC=C(CC(=O)NCC(C)CN2CCCC2=O)C(Cl)=N1,,,,,,ZINCmp00000kyHjX
,,CCC[C@H](C(=O)N1CC(NC(=O)[C@H]2CNC(=O)C[C@H]2C)C1)S(N)(=O)=O,,,,,,ZINCp4000004tiy9
,,CC(C)(C)OC(=O)N=c1ccc(C(=O)N[C@H](CCO)C(C)(C)C)n[nH]1,,,,,,ZINCpt00000f0b7F
,,CCC[C@H](C(=O)NC[C@@H](C)CN(C)C(=O)C1CS(=O)(=O)C1)S(N)(=O)=O,,,,,,ZINCp4000004tkwJ
,,C[C@]1(NC(=O)C=Cc2ccsc2)CCN(C(=O)[C@H](F)OC(F)(F)F)C1,,,,,,ZINCpx000004bcAv
,,Cc1cccc(C(=O)N(C)C[C@H](O)CN(C)C)c1-c1nn[nH]n1,,,,,,ZINCn700000N0hxq
,,CC1CC(CCC(=O)N(C)CCN(C)C(=O)[C@@H]2COC(=O)N2)C1,,,,,,ZINCne00000N0hxz
,,CC(C)(C)OC(=O)N1[C@H]2CC[C@H]1[C@H](C(=O)NNc1ccc(Cl)nn1)C2,,,,,,ZINCpt00000f0b7A
,,CCC[C@H](C(=O)N1CCC[C@@]1(C)CNC(=O)COCCO)S(N)(=O)=O,,,,,,ZINCp4000004tiWt
,,O=C(C1=CCN(C(=O)c2ccncc2Cl)C1)N1CCO[C@@H](C2CC2)C1,,,,,,ZINCpn00000SNULC
,,C=C=C[C@@H](C)C(=O)N[C@H]1CCCC[C@H]1C(=O)NC[C@@H](CO)C(C)C,,,,,,ZINCoq00000sU7fo
,,Cc1cccc(C(=O)NC[C@H]2CCC(=O)N2C)c1-c1nn[nH]n1,,,,,,ZINCnb00000N0hxN
,,C[C@]1(NC(=O)CSC(F)F)CCN(C(=O)c2cc(Cl)cc(F)c2N)C1,,,,,,ZINCpx000004bduS
,,O=C(CCSc1ncnc2[nH]cnc12)N1CC[C@@H]2[C@H](C1)[C@@]2(F)Cl,,,,,,ZINCns00000DIDXF
,,C[C@]1(NC(=O)CC2CSC2)CCCN(C(=O)[C@H]2CC[C@H](N=[N+]=[N-])C2)C1,,,,,,ZINCpx000004bcP0
,,CCS(=O)(=O)N1CCCC(C(=O)OCCN(C)C(=O)OC)C1,,,,,,ZINCm800000kyHvA
,,O=C(C1=CCN(C(=O)C2CC(F)(CF)C2)CC1)N1CC[C@@H](CCO)C1,,,,,,ZINCpk00000SNULx
,,O=C(C1=CCN(C(=O)c2cncs2)CC1)N1CCC2(CCC2)[C@@H](O)C1,,,,,,ZINCpm00000SNULT
,,CC(=O)OCCNC(=O)N1CCC[C@@H](C(F)(F)F)C1,,,,,,ZINCjl00000GfHUR
,,CSc1cc(NC(=O)N2C[C@H](C)OC(C)(C)[C@@H]2C)ncc1Br,,,,,,ZINCmJ00000g0qqH
,,CCC=CC=CC(=O)N1CC[C@@H]2CCC[C@]21C(=O)N1O[C@H]2CC[C@H]1C2,,,,,,ZINCpz00000xxQYu
,,O=C(C1CCN(C(=O)C2(n3cccn3)CC2)CC1)N1CCC(F)(F)C1,,,,,,ZINCpk00000SNUMc
,,C#CCC[C@H](NC(=O)c1cnc(Cl)s1)C(=O)N1C[C@@H](C)OC[C@H]1C,,,,,,ZINCop00000Fxsag
,,C[C@H]1[C@H](NC(=O)COC2CC=CC2)CCN1C(=O)C[C@@H]1CCOC1,,,,,,ZINCoi00000sIxbz
,,O=C(C1=CCN(C(=O)C2(CC3CC3)CC2)C1)N1CC[C@H](N2CCC2)C1,,,,,,ZINCpm00000SNUL9
,,C[C@H]1[C@H](NC(=O)CN=S(C)(C)=O)CCN1C(=O)[C@@H]1CC12CCCC2,,,,,,ZINCok00000sIxbw
,,Cc1cn2ncc(-c3ccc(Cc4nnco4)cc3)c2cn1,,,,,,ZINCmw00000nCBIV
,,CCc1cccc(C(=O)N[C@H]2CCO[C@@H](c3ccccc3)C2)c1,,,,,,ZINCnI00000fadil
,,C=CCC(=O)N1CCC[C@@H]1CN(C(=O)c1cnc(O)n1C)C1CC1,,,,,,ZINCoe00000AkOfL
,,O=C(C1=CCN(C(=O)c2ccon2)CC1)N1CC(Cc2ccco2)C1,,,,,,ZINCpn00000SNULJ
,,CC1(C)CC(C)(C(=O)NC[C@H]2CC[C@H]2NC(=O)c2nncs2)C1,,,,,,ZINCnp00000N0hxJ
,,CC(C)(C)OC(=O)Nc1cccn(CC(=O)N2CCCC23CC3)c1=O,,,,,,ZINCpt00000f0b7H
,,Cc1cn2nc(C(=O)N3CC[C@@H](CC4CCC4)C3)ccc2n1,,,,,,ZINCmw00000nCBJ0
,,CCC[C@@H](C)C(=O)N[C@@H]1CCCC[C@@H]1C(=O)N(C)CC(=O)OCC,,,,,,ZINCor00000sU7fm
,,CC(=O)OCCNC(=O)N[C@@H]1CCN2CCC[C@H]12,,,,,,ZINCi600000GfHV3
,,CC(=O)OCCNC(=O)NC[C@@H](O)c1ccsc1,,,,,,ZINCic00000GfHV2
,,CCC[C@H](NC(=O)[C@H]1CC=CCC1)C(=O)NCCc1ccc(C)s1,,,,,,ZINCoD00000tbRCA
,,O=C(C1=CCN(C(=O)C2(CO)CCCCC2)C1)N1CCC2(CC1)N=N2,,,,,,ZINCpk00000SNULZ
,,CC(C)n1cnc2c(N[C@@H](C)CC(N)=O)[nH]c(=NCCC3CC3)nc21,,,,,,ZINCps00000mbEho
,,CCC[C@@](C)(O)C(=O)N1CCN(C(=O)C(=O)NCC(F)F)C[C@H](O)C1,,,,,,ZINCp4000004thlL
,,CCC[C@@H](NC(=O)[C@@H]1CC=CCC1)C(=O)NC[C@H](CC(C)C)OC,,,,,,ZINCoy00000tbRCM
,,CCNC(=O)CC(=O)N[C@H]1CN(C(=O)[C@H]2CCC2(F)F)CC1(C)C,,,,,,ZINCof00000AkNxV
,,C#CCCCCC(=O)N1CC[C@@H]2CCC[C@@]21C(=O)N1CCC[C@@H]2C[C@H]21,,,,,,ZINCpz00000xxQYm
,,C=CC=C(C)C(=O)NC[C@@H](O)CC(=O)N1CCN2C(=O)OC[C@@H]2C1,,,,,,ZINCo500000HGQ9m
,,Cc1cccc(NNC(=O)c2c(O)ccc(F)c2F)n1,,,,,,ZINCkr00000ajXPT
,,COC(CN(CC[C@@H]1CCCC12CC2)C(=O)C1C(C)(C)C1(C)C)OC,,,,,,ZINCpK00000FMccQ
,,CC(=O)OCCNC(=O)N[C@@]12CC[C@@H](C1)[C@H](O)[C@@H]2O,,,,,,ZINCj500000GfHUT
,,C#CCCCCC(=O)N1CC[C@H]2CCC[C@]21C(=O)NC1(CSC)CC1,,,,,,ZINCpz00000xxQYx
,,CC(C)(C)CCC(=O)N1CC[C@H]2CCC[C@]21C(=O)N1CC(F)(CF)C1,,,,,,ZINCpB00000xxQYp
,,C=CC[C@H](NC(=O)[C@@H]1C=CCCC1)C(=O)NCC[C@@H]1CC=CCC1,,,,,,ZINCoC00000tbRCI
,,C=C=CCCC(=O)NC[C@@H](O)CC(=O)N1CCOC[C@H]1CC(N)=O,,,,,,ZINCo500000HGQ9t
,,N[C@H]1[C@@H]2CC[C@@H](C2)[C@H]1C(=O)N[C@@H]1C[C@H]2C[C@H]1[C@H]1CCC[C@H]12,,,,,,ZINClt00000tExf9
,,C[C@]1(NC(=O)C=Cc2ccccn2)CCCN(c2ncncc2Cl)C1,,,,,,ZINCpx000004bcya
,,CCC[C@@H](NC(N)=O)C(=O)N[C@H]1[C@@H]2CN([C@H]3CCC(=O)NC3=O)C[C@@H]21,,,,,,ZINCp4000004tg63
,,Cc1ccc(CC(=O)N(C)CCNC(=O)[C@H]2CCOC2=O)cn1,,,,,,ZINCn600000N0hxE
,,CC(C)(C)/C=C/C(=O)N1CC[C@@H]2CCC[C@]21C(=O)NCC1(C)CSC1,,,,,,ZINCpC00000xxQYy
,,CCC[C@@H](C(=O)N[C@H](C)CNC(=O)[C@@H](O)c1cnn(C)c1)S(N)(=O)=O,,,,,,ZINCp4000004te13
,,C[C@@H]1C[C@H](NC(=O)[C@](C)(c2ccccc2)N2CCCC2)CCN1C,,,,,,ZINCov000002WOcL
,,O=C(C1=CCN(C(=O)c2coc3c2COC3)C1)N1CCC(F)(F)CC1,,,,,,ZINCpp00000SNULW
,,O=C(C1=CCN(C(=O)c2ccncc2O)C1)N(CC1CC1)CC1CC1,,,,,,ZINCpo00000SNULD
,,CC(C)n1cnc2c(NC[C@@H](F)CO)[nH]c(=NCc3nccs3)nc21,,,,,,ZINCps00000mbEhj
,,CC(=O)OCC(=O)N1CC[C@](NC(=O)C=CBr)(C2CC2)C1,,,,,,ZINClf00000GfHVf
,,CCC[C@@H](C(=O)OC)C(=O)N1CC(OCCNC(=O)[C@@H]2CC(=O)N2)C1,,,,,,ZINCp4000004teez
,,CC(C)[C@H](C)C(=O)N[C@@H]1CCCC[C@@H]1C(=O)N[C@@H]1CCC[C@H](O)C1,,,,,,ZINCot00000sU7fu
,,CC(C(=O)NCCNC(=O)C1=CC=C(C#N)N1)C1=CC=CS1,,,,,,ZINCml00000kyHgd
,,CCC[C@@H](O)CC(=O)N[C@@H]1COC2(C1)CN(C(=O)CS(=O)(=O)NC)C2,,,,,,ZINCp4000004tgHf
,,Cc1cc(C)c(C(=O)NC[C@H]2C[C@H]2NC(=O)C=C2CC2)cc1N,,,,,,ZINCno00000N0hxO
,,CC1CC(CCC(=O)N(C)C[C@@H](O)CNC(=O)CSC(C)C)C1,,,,,,ZINCno00000N0hxv
,,O=C(C1=CCN(C(=O)C2CC(C3CC3)C2)C1)N1CCN(C2CC2)CC1,,,,,,ZINCpk00000SNULb
,,CCC[C@@H](NC(N)=O)C(=O)N[C@@H]1CCN([C@H](C)C(=O)NC(=O)NC)C1,,,,,,ZINCp4000004tfSZ
,,CCCCOCC(=O)N[C@H]1C[C@@H]1NC(=O)C(F)C(=O)OCC,,,,,,ZINCm600000kyHVa
,,CC(=O)OCCN(C)N(C)[C@@H](CCO)C(F)F,,,,,,ZINCh900000GfHUK
,,Cc1cc(C)c(C(=O)N(C)[C@@H](C)CNC(=O)C#CC(C)(C)O)s1,,,,,,ZINCnn00000N0hy4
,,O=C(C1=CCN(C(=O)C2(C3(O)CCC3)CC2)C1)N1CC[C@@](F)(CF)C1,,,,,,ZINCpj00000SNUL8
,,O=C(C1=CCN(C(=O)c2cnncc2O)CC1)N1CC[C@H](C2CC2)C1,,,,,,ZINCpi00000SNULU
,,COC1(C(=O)NC[C@@H]2CCN2C(=O)[C@@H]2CC(=O)OC2(C)C)CCC1,,,,,,ZINCoc00000AkNX5
,,O=C(CCSc1ccnc2cc(Cl)ccc12)OCC1(O)COC1,,,,,,ZINCnw00000DIDXD
,,C[C@]1(NC(=O)CC(F)(F)F)CCCN(C(=O)Cc2cccnc2Cl)C1,,,,,,ZINCpx000004bcDR
,,C=CCC[C@H](NC(=O)c1cnc(Cl)s1)C(=O)NCC[C@@H](O)C(F)F,,,,,,ZINCop00000Fxsaj
,,Cc1cn2nc(Cl)cc(NC(=O)[C@@H]3COC4(CCC4)C3)c2n1,,,,,,ZINCmv00000nCBIX
,,CCOCC(=O)NC12CC(C1)N(C(=O)CC1=CC=CN1C)C2,,,,,,ZINCma00000kyHUG
,,CCC[C@H](C(=O)N1CC(O)(CNC(=O)[C@H](O)[C@@H](C)CC)C1)S(N)(=O)=O,,,,,,ZINCp4000004tiEC
,,C[C@@H]1C[C@H](NC(=O)[C@@]2(Cc3ccc(F)cc3)CCCO2)CCN1C,,,,,,ZINCov000002WOaQ
,,Cc1cn2nccc2[nH]c1=NC[C@H]1CCN1C1CCCCC1,,,,,,ZINCmy00000nCBIU
,,C=CCO[C@H](C)C(=O)NCCOCCNC(=O)C=Cc1ncco1,,,,,,ZINCob00000AkNvH
,,C=C=C[C@@H](C)C(=O)N[C@@H]1CCCC[C@@H]1C(=O)NCCOCC(=C)C,,,,,,ZINCot00000sU7fr
,,O=C(CCS(=O)(=O)Cc1ccc(Cl)cc1)NCCC(=O)C1CC1,,,,,,ZINCnr00000DIDXO
,,CCCC(C)=CC(=O)N1CC[C@@H]2CCC[C@@]21C(=O)NCCCN=[N+]=[N-],,,,,,ZINCpD00000xxQYF
,,C[C@]1(NC(=O)CSC(=N)N)CCCN(C(=O)c2cccc(Cl)c2Cl)C1,,,,,,ZINCpx000004bdty
,,C[C@H]1[C@H](NC(=O)COCCCF)CCN1C(=O)c1ncncc1Cl,,,,,,ZINCoi00000sIxbD
,,CC(C)n1cnc2c(NCCF)[nH]c(=NCc3cccnc3O)nc21,,,,,,ZINCpq00000mbEhh
,,CC1CC(CCC(=O)NC[C@@H]2[C@H]3CC[C@H](C3)N2C(=O)C(N)=O)C1,,,,,,ZINCnd00000N0hy0
,,CC(C)[C@H](NC(=O)[C@@H]1CC=CCC1)C(=O)NCCCc1cccs1,,,,,,ZINCoC00000tbRCC
,,CC#CCCCC(=O)N1CC[C@H]2CCC[C@@]21C(=O)N1CC[Si](C)(C)C1,,,,,,ZINCpA00000xxQYt
,,CCC[C@H](C(=O)NC1CN(C(=O)c2cccc(=O)n2C)C1)S(N)(=O)=O,,,,,,ZINCp4000004tk2j
,,C=CC=C(C)C(=O)NC[C@H](O)CC(=O)N1CCN(CCOC)CC1,,,,,,ZINCo500000HGQ9p
,,CC(C)n1cnc2c(NCCS(C)(=O)=O)[nH]c(=N[C@@H](C)C3CC3)nc21,,,,,,ZINCpq00000mbEhl
,,CCc1cccc(C(=O)N[C@H](C)CCc2ccc(O)cc2)c1N,,,,,,ZINCnC00000fadio
,,C[C@H]1[C@H](NC(=O)COCC2CCC2)CCN1C(=O)COC1CCC1,,,,,,ZINCok00000sIxbC
,,CSCC(O)C(=O)N(C)CCN(C)C(=O)C[C@@H]1CNC(=O)C1,,,,,,ZINCm500000kyI5X
,,O=C(C1=CCN(C(=O)c2cscn2)CC1)N1CC(c2ncccn2)C1,,,,,,ZINCpj00000SNUM2
,,CC(=O)OCCNC(=O)ON=Cc1ccc(N(C)C)cc1,,,,,,ZINClj00000GfHV5
,,C=C(C)C[C@H](NC(=O)c1cnc(Cl)s1)C(=O)N[C@H](C)C(=O)OCC,,,,,,ZINCop00000Fxsan
,,CC1=CC=C(S(=O)(=O)CCC(=O)NCC[C@@H]2CCNC2)C=C1,,,,,,ZINCmi00000kyIdc
,,CC(C)n1cnc2c(N[C@H]3CCOC3)[nH]c(=NCCOC(F)F)nc21,,,,,,ZINCps00000mbEhm
,,CC(C)C1=C(CNC(=O)N2C[C@H]3OC[C@@H](CO)[C@H]3C2)N=CO1,,,,,,ZINCmf00000kyI7h
,,O=C(C1=CCN(C(=O)c2cccnc2O)C1)N1CCC(C(F)F)CC1,,,,,,ZINCpm00000SNULr
,,Cc1ccc(CC(=O)NC[C@H]2C[C@H]2NC(=O)C[C@H](C)O)c(Br)c1,,,,,,ZINCnm00000N0hxQ
,,CC(C)(C)/C=C/C(=O)N1CC[C@@H]2CCC[C@]21C(=O)NC1(CF)CCC1,,,,,,ZINCpD00000xxQYw
,,C[C@]1(NC(=O)CCC2CC2)CCCN(C(=O)c2ccc(O)c(Cl)n2)C1,,,,,,ZINCpx000004bcUC
,,O=C(C1=CCN(C(=O)c2cc(Cl)cs2)C1)N1CCN2C(=O)CC[C@@H]2C1,,,,,,ZINCpm00000SNULn
,,Cc1cccc(NNC(=O)c2c(O)cc[nH]c2=N)c1Br,,,,,,ZINCkr00000ajXPU
,,CCC[C@H](C(=O)N1CC2(CN(C(=O)[C@@H]3CCNC3=O)C2)C1)S(N)(=O)=O,,,,,,ZINCp4000004tiOf
,,CCC[C@H](C(=O)N1CCN(C(=O)[C@@H](O)C(C)C)C[C@@H](O)C1)S(N)(=O)=O,,,,,,ZINCp4000004tj3P
,,O=C(C1=CCN(C(=O)c2coc(C3CC3)n2)C1)N1CCC2(CC1)N=N2,,,,,,ZINCpn00000SNULX
,,Cc1ccc(CC(=O)NC[C@H]2CCCN2C(=O)CCC#N)cc1,,,,,,ZINCnp00000N0hxK
,,CCC[C@H](C)C(=O)N[C@H]1C=CCC[C@H]1C(=O)NC[C@@](C)(O)C(F)F,,,,,,ZINCoq00000sU7fl
,,CCC[C@@H](NC(N)=O)C(=O)N1CCC[C@](CO)(NC(=O)C=CCO)C1,,,,,,ZINCp4000004teOt
,,O=C(C1=CCN(C(=O)C2CC(CF)C2)CC1)N1CC[C@@H](CCCO)C1,,,,,,ZINCpn00000SNULl
,,Cc1nnsc1C(=O)N[C@H]1C[C@H](CCNC(=O)Cc2cnc[nH]2)C1,,,,,,ZINCoe00000AkNSj
,,C#CCCCCC(=O)N1CC[C@@H]2CCC[C@@]21C(=O)N[C@@H]1CCC[C@H]1C,,,,,,ZINCpC00000xxQYK
,,CC/C=C/CC(=O)NC[C@H](O)CC(=O)N1CCN(CCO)[C@@H](C)C1,,,,,,ZINCo500000HGQ9r
,,O=C(C1=CCN(C(=O)[C@]2(F)CC=CCC2)C1)N1CCC(F)(F)[C@H](O)C1,,,,,,ZINCpk00000SNUM7
,,CC1CC(CCC(=O)NC[C@H](C)CNC(=O)c2ncccn2)C1,,,,,,ZINCnn00000N0hy2
,,O=C(C1=CCN(C(=O)c2ccccc2F)C1)N1C[C@H]2COC[C@@H](C2)C1,,,,,,ZINCpn00000SNULh
,,Cc1cccc(C(=O)NC[C@@H]2CCN2C(=O)C(C)(C)[C@@H](C)O)c1,,,,,,ZINCnn00000N0hxV
,,Cc1cccc(C(=O)N(C)CCNC(=O)c2cn(C)nc2O)c1,,,,,,ZINCnf00000N0hxC
,,CC(C)n1cnc2c(NCC(C)(C)S(C)(=O)=O)[nH]c(=NCCF)nc21,,,,,,ZINCpq00000mbEhd
,,O=C(C1=CCN(C(=O)C2CCCCC2)C1)N1CC[C@H](n2cncn2)C1,,,,,,ZINCpk00000SNULg
,,O=C(CCS(=O)(=O)Nc1cccc(Cl)c1)OCCc1ccno1,,,,,,ZINCns00000DIDXQ
,,CCCn1cncc1[C@@H](C(=O)NC1CC1)N1CCN(CC)C[C@@H]1CC,,,,,,ZINCpq00000mbEht
,,CCc1cccc(C(=O)N[C@H](C)[C@@H](O)c2cccc(Cl)c2)c1N,,,,,,ZINCnD00000fadip
,,C[C@]1(NC(=O)C=Cc2nccs2)CCCN(C(=O)[C@H]2CCCSC2)C1,,,,,,ZINCpx000004bcCn
,,O=C(C1=CCN(C(=O)c2cc(O)cs2)C1)N1CCC[C@H](N2CCC2)C1,,,,,,ZINCpl00000SNULH
,,CCC[C@H](C(=O)N1CC(O)(CNC(=O)c2cnc(C)[nH]2)C1)S(N)(=O)=O,,,,,,ZINCp4000004tiFH
,,O=C(C1=CCN(C(=O)c2coc(CO)c2)CC1)N1CCCC2(C1)N=N2,,,,,,ZINCpj00000SNUM0
,,CC(C)[C@@H](C)C(=O)N[C@H]1CCCC[C@H]1C(=O)N(C[C@H](C)O)C1CC1,,,,,,ZINCot00000sU7fn
,,C=CC[C@@H](NC(=O)[C@@H]1C=CCCC1)C(=O)N(C)Cc1ccccc1,,,,,,ZINCoA00000tbRCy
,,N[C@@H]1[C@H]2C[C@H]3[C@H]1[C@@]3(C(=O)N1CCC[C@@H]1c1cc(Br)cs1)C2,,,,,,ZINClB00000tExfc
,,CC#CCCCC(=O)N1CC[C@@H]2CCC[C@]21C(=O)N(CC)CCCF,,,,,,ZINCpB00000xxQYB
,,C[C@]1(NC(=O)CC[C@@H]2CCOC2)CCCN(C(=O)c2cnc(Cl)s2)C1,,,,,,ZINCpx000004bdbW
,,C[C@@H](NC(=O)c1cn(C)c(=O)cn1)[C@@H]1CCCN1C(=O)[C@@H]1C[C@H]1C,,,,,,ZINCob00000AkOhN
,,C=CC[C@@H](C)C(=O)N[C@H]1CC=CC[C@H]1C(=O)NC[C@H](C)OC(F)F,,,,,,ZINCot00000sU7fp
,,O=C(C1=CCN(C(=O)c2cc(Cl)n[nH]2)C1)N1CC[C@@H]([C@H]2CCOC2)C1,,,,,,ZINCpj00000SNULp
,,CC1CC(CCC(=O)NC[C@H]2C[C@@H](NC(=O)[C@H](O)C3CC3)C2)C1,,,,,,ZINCnl00000N0hxS
,,CC=CC=CC(=O)NC[C@H](O)CC(=O)N1CCO[C@H]2CN(C)C[C@H]21,,,,,,ZINCo500000HGQ9y
,,O=C(C1CCN(C(=O)C2C3(CC3)C23CC3)CC1)N(CCO)CC1CC1,,,,,,ZINCpm00000SNUL6
,,C[C@]1(NC(=O)CC[C@H]2CC2(Cl)Cl)CCN(C(=O)CSc2nncs2)C1,,,,,,ZINCpx000004bdco
,,CCC[C@@H](C(=O)NC[C@@H](O)CNC(=O)c1[nH]c(O)nc1C)C(=O)OC,,,,,,ZINCp4000004tdaT
,,CC(C)C[C@H](NC(=O)c1cnc(Cl)s1)C(=O)N[C@H](C)c1cnn[nH]1,,,,,,ZINCop00000Fxsal
,,CC(=O)OCC(=O)N1CC[C@H]1CNC(=O)C1CC(CF)C1,,,,,,ZINCl800000GfHVb
,,CCc1cccc(C(=O)N[C@H](C)[C@@H](OC)c2ccc(F)cc2)c1,,,,,,ZINCnI00000fadiq
,,C/C=C/C[C@H](NC(=O)c1cnc(Cl)n1C)C(=O)NOCC1CCC1,,,,,,ZINCop00000Fxsac
,,Cc1ccc(CC(=O)NC[C@@H](C)CNC(=O)[C@H]2C[C@@H](F)C2)cn1,,,,,,ZINCnl00000N0hy5
,,Cc1cccc(C(=O)NC[C@@H]2C[C@H]2NC(=O)C(C)(C)[C@@H](C)O)c1,,,,,,ZINCnm00000N0hxP
,,O=C(C1=CCN(C(=O)c2cnccn2)CC1)N(CC1CC1)CC1CC1,,,,,,ZINCpo00000SNULR
,,C=CC[C@H](C)C(=O)N[C@@H]1CCCC[C@@H]1C(=O)N[C@H]1CCCC[C@@H]1O,,,,,,ZINCos00000sU7ft
,,C#CCn1cnc2ncnc(N[C@@H](c3cccnc3)[C@@H]3CCCO3)c21,,,,,,ZINCpr00000mbEhq
,,C=CC(C)(C)CC(=O)N1CC[C@@H]2CCC[C@@]21C(=O)N1C[C@H]2CCC[C@H]21,,,,,,ZINCpD00000xxQYr
,,CC(C)=C=CC(=O)NC[C@H](O)CC(=O)N1CCOC[C@@H]1CN(C)C,,,,,,ZINCo500000HGQ9v
,,Cc1ccc(CC(=O)NC[C@@H]2C=CCN2C(=O)[C@H]2C[C@H](O)C2)s1,,,,,,ZINCni00000N0hxM
,,CCC[C@H](C(=O)N1C[C@H](NC(=O)[C@@H]2COCCO2)C[C@@H]1C)S(N)(=O)=O,,,,,,ZINCp4000004tjHT
,,CCC(C)=C(C)C(=O)N1CC[C@@H]2CCC[C@]21C(=O)NCC1(C#N)CC1,,,,,,ZINCpz00000xxQYz
,,N[C@@H]1[C@H](CN2CC[C@@H](C(F)(F)F)[C@@H]2C2CC2)[C@H]2CC[C@@H]1C2,,,,,,ZINClA00000tExfg
,,CCC[C@H](C(=O)NC[C@@H]1CCN1C[C@H](O)COCCOC)S(N)(=O)=O,,,,,,ZINCp4000004tkU8
,,C=CCC[C@@H](NC(=O)c1cnc(Cl)s1)C(=O)N1CCC12CC(O)C2,,,,,,ZINCop00000Fxsad
,,CC#CC[C@H](NC(=O)c1cnc(Cl)s1)C(=O)N1CCC[C@H](OC)C1,,,,,,ZINCop00000Fxsae
,,CC(C)(C)OC(=O)N=c1ccc(C(=O)NCC[C@@H]2CCCOC2)n[nH]1,,,,,,ZINCpt00000f0b7E
,,CN(CC(O)CNC(=O)C1=CN=C(C#N)S1)C(=O)CC1CC1,,,,,,ZINCm900000kyHnS
,,O=C(C1=CCN(C(=O)c2csnc2Cl)CC1)N1CC(n2cnnc2)C1,,,,,,ZINCpi00000SNUM4
,,O=C(CCSCc1ccccn1)NC[C@@H]1C[C@]2(CCCO2)CO1,,,,,,ZINCnr00000DIDXJ
,,O=C(C1=CCN(C(=O)c2csc(F)c2)C1)N1C[C@@H]2[C@H]3C=C[C@@H](O3)[C@H]2C1,,,,,,ZINCpm00000SNUM1
,,O=C(C1=CCN(C(=O)c2ccnnc2)C1)N1CCC[C@@H](C2CCC2)C1,,,,,,ZINCpo00000SNULF
,,CC1CC(CCC(=O)N(C)[C@@H](C)CNC(=O)CC2OCCO2)C1,,,,,,ZINCnl00000N0hy3
,,CC(=O)OCCNS(=O)(=O)c1ccc(C(C)C)nn1,,,,,,ZINCja00000GfHV9
,,Cc1cc(CCC(=O)NC[C@H]2C[C@@H](NC(=O)CCC#N)C2)no1,,,,,,ZINCni00000N0hxR
,,COC1(C(=O)OCC(=O)N2CCN(C)C2=O)CCCCCC1,,,,,,ZINCmh00000kyIgu
,,CCC[C@@H](NC(=O)[C@@H]1CC=CCC1)C(=O)N(C)C[C@@](C)(CC)OC,,,,,,ZINCoz00000tbRCF
,,CC(C)(C)OC(=O)N1[C@H]2CC[C@H]1[C@H](C(=O)NNc1ccnc(F)c1)C2,,,,,,ZINCpu00000f0b7B
,,O=C(NC1=NNC(C2CCC2)=N1)C1=CN([C@@H]2CC[C@H]2O)N=N1,,,,,,ZINCmc00000kyI7i
,,C[C@@H]1C[C@H](NC(=O)[C@H]2CCC(C)(C)CN2)CN1Cc1ccccc1,,,,,,ZINCov000002WObM
,,Cc1cscc1CN(CC1([C@@H](O)C(C)C)CC1)C(=O)CP(C)(C)=O,,,,,,ZINCoI00000ls0YI
,,CCC[C@H](C(=O)NCC#Cc1cn(-c2ccn(C)n2)nn1)S(N)(=O)=O,,,,,,ZINCp4000004tk2R
,,C[C@@H]1C[C@H](NC(=O)c2cc(-c3ccccc3C(F)(F)F)[nH]n2)CN1,,,,,,ZINCov000002WOdF
,,N[C@H]1[C@H]2C[C@H]3[C@H]1[C@@]3(C(=O)N1[C@H]3CC[C@H]1CC(CCF)C3)C2,,,,,,ZINClq00000tExfe
,,N[C@@H]1[C@@H](C(=O)N2CC[C@]3(C(F)(F)F)C[C@H]3C2)[C@H]2CCC[C@@H]12,,,,,,ZINClr00000tExfh
,,Cc1cccc(NNC(=O)[C@@]2(N)COC(C)(C)C2)c1Br,,,,,,ZINCkq00000ajXPY
,,CCCC(C)=CC(=O)N1CC[C@@H]2CCC[C@]21C(=O)N(C)CCCOC,,,,,,ZINCpz00000xxQYD
,,C[C@@H]1C[C@H](NC(=O)Nc2ccc(OCC3CC3)cc2)CCS1(=O)=O,,,,,,ZINCov000002WO6R
,,C=C=CCCC(=O)NC[C@H](O)CC(=O)N1CCN(C)C(=O)[C@@H]1CC,,,,,,ZINCo600000HGQ9q
,,C#CC(C)(C)C(=O)NC[C@H](O)CC(=O)N1CC(N(C)CC(C)C)C1,,,,,,ZINCo900000HGQ9o
,,CCC(C)(C)CC(=O)N1CC[C@@H]2CCC[C@@]21C(=O)N1CC(F)(CF)C1,,,,,,ZINCpB00000xxQYq
,,C[C@H]1[C@H](NC(=O)COCC(F)F)CCN1C(=O)c1cncc(F)c1,,,,,,ZINCoi00000sIxbG
,,O=C(C1=CCN(C(=O)c2cn[nH]c2)CC1)N1CC[C@]2(CCCOC2)C1,,,,,,ZINCpi00000SNULV
,,CCC[C@@H](C(=O)NC[C@@H](O)CNC(=O)c1n[nH]c(C)c1O)S(N)(=O)=O,,,,,,ZINCp4000004tdcK
,,N[C@@H]1[C@H]2CC[C@H](C2)[C@@H]1C(=O)NC[C@@H](C1CCC1)C(F)(F)F,,,,,,ZINClu00000tExf8
,,CCC[C@H](C(=O)NCC1(NC(=O)[C@@H]2CN(C)CCO2)CC1)S(N)(=O)=O,,,,,,ZINCp4000004tk6u
,,CCc1cccc(C(=O)N[C@H](C)c2nc(-c3cccs3)n[nH]2)c1,,,,,,ZINCnF00000fadin
,,C[C@H]1[C@@H](NC(=O)CO[C@@H]2CCN(C(=O)[C@@H]3CCC(=O)C3)C2)C1(C)C,,,,,,ZINCoh00000sIxbJ
,,Cc1cccc(C(=O)N(C)CCN(C)C(=O)CC[C@H](C)C#N)n1,,,,,,ZINCno00000N0hxy
,,C=CC(C)(C)CC(=O)N1CC[C@@H]2CCC[C@@]21C(=O)NCC(C)(C)C#N,,,,,,ZINCpA00000xxQYC
,,C[C@]1(NC(=O)CC2CCSCC2)CCN(C(=O)CCc2nccs2)C1,,,,,,ZINCpx000004bcON
,,CCC[C@H](C(=O)NC[C@@H](O)CNC(=O)[C@@H]1COCCN1C)C(=O)OC,,,,,,ZINCp4000004tkLj
,,O=C(CCS(=O)(=O)c1cc(Cl)ccc1Cl)N[C@H]1C[C@]2(CO)C[C@H]12,,,,,,ZINCnq00000DIDXM
,,O=C(C1=CCN(C(=O)C2(CCF)CCC2)C1)N1C[C@H]2COC[C@@H](C2)C1,,,,,,ZINCpn00000SNULw
,,C#CCCCCC(=O)N1CC[C@@H]2CCC[C@@]21C(=O)NC1CC2(CC2)C1,,,,,,ZINCpA00000xxQYv
,,C[C@@H]1[C@H](NC(=O)COCCNC(=O)c2ccc(Cl)cc2)CCN1C,,,,,,ZINCoi00000sIxbH
,,CC(C)[C@@H](NC(=O)[C@H]1CC=CCC1)C(=O)N(C)[C@H]1CCC(F)(F)C1,,,,,,ZINCoB00000tbRCK
,,O=C(C1=CCN(C(=O)C2(CC3CC3)CC2)CC1)N1CC(O)(C(F)F)C1,,,,,,ZINCpl00000SNULa
,,Cc1cccc(C(=O)NC[C@@H]2CCN2C(=O)C(C)(C)[C@@H](C)O)n1,,,,,,ZINCnh00000N0hxW
,,C#CCCCCC(=O)N1CC[C@@H]2CCC[C@@]21C(=O)N1CC[C@H](C)[C@@H]1C,,,,,,ZINCpC00000xxQYo
,,Cc1cc(C)c(C(=O)N(C)CCNC(=O)[C@@H]2C[C@H](F)CN2C)[nH]1,,,,,,ZINCne00000N0hxD
,,CCc1cccc(C(=O)N[C@H]2CCN(Cc3ccccc3)C2)c1,,,,,,ZINCnC00000fadik
,,CCC[C@@H](C)C(=O)N[C@H]1CC=CC[C@H]1C(=O)NC[C@H](CSC)OC,,,,,,ZINCot00000sU7fq
,,Cc1cccc(C(=O)NCCCNC(=O)[C@H](O)CN(C)C)c1N,,,,,,ZINCn500000N0hxH
,,Cc1ccc(CC(=O)NCCCNC(=O)C2CN(C)C2)c(C)c1,,,,,,ZINCng00000N0hxB
,,CC(C)(C)OC(=O)N1CCO[C@@H](CNC(=O)c2ccc(Br)c(N)c2)C1,,,,,,ZINCpt00000f0b7x
,,CC(C)n1cnc2c(NCCOCCO)[nH]c(=NCC(F)(F)Cl)nc21,,,,,,ZINCpq00000mbEhk
,,C[C@@H]1C[C@H](NC(=O)c2cc(-c3ccc4c(c3)CCO4)on2)[C@@H](C)O1,,,,,,ZINCov000002WOdD
,,CCC[C@@H](NC(N)=O)C(=O)N[C@H]1CCN(Cc2nnn(C)n2)C[C@@H]1O,,,,,,ZINCp4000004tg36
,,CCC[C@@H](C(=O)N[C@@H]1COCCN(C(=O)c2nncs2)C1)S(N)(=O)=O,,,,,,ZINCp4000004tdTN
,,C[C@H](CCCCNC(=O)COCC1CC1)NC(=O)[C@@H]1C[C@H]1[N+](=O)[O-],,,,,,ZINCoe00000AkNKG
,,O=C(C1=CCN(C(=O)c2ncc(F)cn2)C1)N1CC[C@H](C2CCC2)C1,,,,,,ZINCpm00000SNUMd
,,CS(=O)(=O)C1CN(C(=O)C2=CN=C(C3=NNN=N3)C(Br)=C2)C1,,,,,,ZINCm500000kyHKQ
,,Cc1ccc(CC(=O)NCC[C@H](C)NC(=O)CCN2CCC2)o1,,,,,,ZINCni00000N0hxo
,,CCC[C@@H](C(=O)N[C@@H]1CN(C(=O)C=CS(C)(=O)=O)C[C@@H]1C)S(N)(=O)=O,,,,,,ZINCp4000004tdRr
,,CCC1=NC(C(=O)N2CC=CC(NC(=O)[C@H]3C[C@H]3C)C2)=CN1,,,,,,ZINCmh00000kyI0s
,,Cc1cc(C)c(C(=O)NCCCN(C)C(=O)C(C)(C)[C@H](C)O)o1,,,,,,ZINCno00000N0hxx
,,CC#CCCCC(=O)N1CC[C@@H]2CCC[C@]21C(=O)NC[C@H](C)C(C)C,,,,,,ZINCpD00000xxQYG
,,C[C@@H]1C[C@H](NC(=O)c2cc3cc(F)ccc3oc2=O)c2nccn21,,,,,,ZINCov000002WOex
,,CC(=O)OCCN(C)N(CCO)Cc1ccc(Cl)cc1,,,,,,ZINCkl00000GfHUM
,,O=C(CCS(=O)(=O)N1CCCO[C@H](C2CC2)C1)c1ccccc1,,,,,,ZINCnq00000DIDXP
,,C[C@]1(NC(=O)CC(F)(F)C(F)F)CCN(C(=O)c2cccnc2Cl)C1,,,,,,ZINCpx000004bcDA
,,CCC[C@H](NC(=O)[C@H]1C=CCCC1)C(=O)N(C)Cc1csnc1C,,,,,,ZINCoA00000tbRCB
,,C[C@H]1[C@H](NC(=O)COCCF)CCN1C(=O)C[C@@H]1COCC1(C)C,,,,,,ZINCoh00000sIxbF
,,Cc1ccc(CC(=O)NC[C@](C)(O)CNC(=O)[C@H]2CC[C@H]2C)o1,,,,,,ZINCnh00000N0hxI
,,Cc1cn2nc(Cl)cc(NC(=O)N3CC[C@@]4(C[C@@H]4F)C3)c2n1,,,,,,ZINCmw00000nCBIY
,,O=C(C=CSc1nc[nH]n1)NCc1ncc(C(F)(F)F)cc1F,,,,,,ZINCns00000DIDXH
,,O=C(C1=CCN(C(=O)c2ccccc2)C1)N1C[C@]23CC[C@]2(COC3)C1,,,,,,ZINCpn00000SNULf
,,CCC=C(F)C(=O)NC[C@@H](C)NC(=O)[C@@H](C)NS(=O)(=O)CCCC,,,,,,ZINCof00000AkO1T
,,CC(=O)OCC(=O)N1CC(CNC(=O)CC2(C)CCC2)C1,,,,,,ZINCld00000GfHVe
,,N[C@H]1[C@@H]2CC[C@@H](C2)[C@H]1C(=O)N[C@@H]1C[C@H]2C[C@H]1[C@@H]1CCC[C@@H]21,,,,,,ZINClt00000tExfa
,,CC(C)[C@@H](NC(=O)[C@@H]1C=CCCC1)C(=O)N(C)Cc1ccccc1,,,,,,ZINCoB00000tbRCz
,,CNC(=O)CCC(=O)N1CC(NC(=O)C2CCCN2C=O)C1,,,,,,ZINCm400000kyHM9
,,O=C(C1=CCN(C(=O)c2cccc(F)c2)C1)N1CC[C@@]2(CCCO2)C1,,,,,,ZINCpp00000SNULi
,,CC#CCCCC(=O)N1CC[C@@H]2CCC[C@]21C(=O)NCCSC(F)F,,,,,,ZINCpA00000xxQYJ
,,CC(C)n1cnc2c(NCCF)nc(N(C)C[C@H]3CCN(C)C3)nc21,,,,,,ZINCpr00000mbEhg
,,CC1(C)CC(CC(=O)NC[C@@H]2CCCN2C(=O)[C@H]2C[C@H](O)C2)C1,,,,,,ZINCnm00000N0hxL
,,Cc1cn2nc(C(=O)Nc3cccc(OCF)c3)ccc2n1,,,,,,ZINCmv00000nCBJ3
,,C[C@@H](CNC(=O)C1=CC(Br)=CN1)CNC(=O)[C@H]1CCC(=O)N1,,,,,,ZINCmb00000kyHJz
,,C=CC=C(C)C(=O)NC[C@H](OC)C(=O)N1CCn2c(O)nnc2C1,,,,,,ZINCo500000HGQ9j
,,Cc1cccc(C(=O)NCCCNC(=O)[C@@H]2O[C@H]3CC[C@H]2C3)c1,,,,,,ZINCnn00000N0hxG
,,C[C@]1(NC(=O)CC2CCCCC2)CCN(C(=O)Cc2ccccn2)C1,,,,,,ZINCpx000004bcNO
,,CC1=CC=C(CC(=O)N2CCCCC(NC(=O)C(N)=O)C2)O1,,,,,,ZINCm700000kyIh8
,,COC(CN(CC[C@H]1C=CCC1)Cc1cc(O)c2ccoc2c1)OC,,,,,,ZINCpJ00000FMccT
,,CC(=O)OCCNC(=O)Nn1cnc2sccc2c1=O,,,,,,ZINCk800000GfHV4
,,CC(=O)OCCN(C)N(C)[C@H]1Cc2ccc(C)cc2C1,,,,,,ZINCko00000GfHUJ
,,O=C(C1=CCN(C(=O)c2cc(Cl)n[nH]2)C1)N1CC[C@]2(CCCCO2)C1,,,,,,ZINCpm00000SNULo
,,CCCn1cncc1[C@@H](C(=O)NC1CC1)N1CCO[C@@H](C2CCC2)C1,,,,,,ZINCpr00000mbEhu
,,O=C(C1=CCN(C(=O)c2ccco2)CC1)N1CCC[C@@]2(C=CCO2)C1,,,,,,ZINCpp00000SNULt
,,C[C@H]1[C@H](NC(=O)COC2CCC2)CCN1C(=O)C[C@]1(C)CCOC1,,,,,,ZINCok00000sIxbx
,,CC(C)(C)/C=C/C(=O)N1CC[C@H]2CCC[C@@]21C(=O)N1CC(C)(CF)C1,,,,,,ZINCpB00000xxQYl
,,Cc1cccc(NNC(=O)[C@]2(N)CCC(C)(C)C2)c1Cl,,,,,,ZINCkz00000ajXPX
,,CCC[C@@H](OC)C(=O)N1CCC(O)(CNC(=O)[C@H]2CNC(=O)N2)CC1,,,,,,ZINCp4000004tgPC
,,CCC[C@@H](O)CC(=O)N1C[C@@]2(CNC(=O)Cn3ncnn3)C[C@H]1CO2,,,,,,ZINCp4000004tgpx
,,CCC(CC)C(=O)NC[C@H](OC)C(=O)N1CCOC[C@@H]1CN(C)C,,,,,,ZINCo900000HGQ9x
,,C=CCCCCC(=O)N1CC[C@H]2CCC[C@@]21C(=O)NCCOCCC,,,,,,ZINCpA00000xxQYI
,,CCC[C@@](C)(O)C(=O)N(C)[C@@H](C)CNC(=O)c1nc(O)nc(O)c1N,,,,,,ZINCp4000004thbO
,,O=C(CCSc1ncnc2[nH]cnc12)NC[C@@]12CCC[C@H]1CC2,,,,,,ZINCnv00000DIDXG
,,C#CCCCC(=O)N1CC[C@@](O)(CNC(=O)c2cn(C)cc2C)C1,,,,,,ZINCoe00000AkOa6
,,CC(C)CCC(=O)NC[C@@H](O)CC(=O)N1CCOC[C@@H]1CN(C)C,,,,,,ZINCo600000HGQ9w
,,C[C@]1(NC(=O)CC=C(Cl)Cl)CCN(C(=O)c2cn3ccccc3n2)C1,,,,,,ZINCpx000004bcRj
,,CC(=O)OCCNC(=O)N1CCN(C(C)=O)CC1(C)C,,,,,,ZINCk800000GfHUS
,,CC(C)(NC(N)=O)C1=CN(CCCC(=O)NC2CCC2)N=N1,,,,,,ZINCmc00000kyHQM
,,C=CC[C@H](NC(=O)[C@H]1CC=CCC1)C(=O)NCCC#CC(C)(C)C,,,,,,ZINCoz00000tbRCE
,,CCC[C@H](C(=O)N1CCO[C@@H]([C@@H](C)NC(=O)CN(C)C)C1)S(N)(=O)=O,,,,,,ZINCp4000004tjet
,,CN(CCCNC(=O)Cc1cnc[nH]1)C(=O)C[C@@H](O)C1CCCC1,,,,,,ZINCoe00000AkOdb
,,C[C@]1(NC(=O)CCOc2ccccc2)CCN(C(=O)[C@@]2(C)C[C@H]2Br)C1,,,,,,ZINCpx000004bd8T
,,Cc1cn2nccc2nc1N1CCC[C@@H](c2cccnn2)C1,,,,,,ZINCms00000nCBIT
,,C[C@@H]1C[C@H](NC(=O)c2c[nH]ccc2=O)CCN1Cc1ccccc1,,,,,,ZINCov000002WOdn
,,O=C(C1=CCN(C(=O)c2cc(Cl)no2)C1)N1CCC[C@]2(CCOC2)C1,,,,,,ZINCpn00000SNULq
,,CCC[C@@H](NC(=O)[C@H]1CC=CCC1)C(=O)NC(C)(C)CCCOC,,,,,,ZINCoz00000tbRCG
,,O=C(C1=CCN(C(=O)C2(F)CCCCCC2)C1)N1CCN2CC[C@H]1C2,,,,,,ZINCpn00000SNUMa
,,CSc1cc(NC(=O)N2C[C@H](O)C[C@@]2(C)C2CCC2)ccn1,,,,,,ZINCmz00000g0qqK
,,C=CCC(=O)NCC[C@H]1C[C@@H](NC(=O)CC2=NC=C(C)O2)C1,,,,,,ZINCml00000kyI5i
,,CCc1cccc(C(=O)N[C@@H](C)COc2ccc(C)cc2)c1N,,,,,,ZINCnD00000fadir
,,CCCn1cncc1[C@@H](C(=O)NC1CC1)N1CC[C@H]1C1CCOCC1,,,,,,ZINCpr00000mbEhs
,,O=C(C1=CCN(C(=O)c2ccsc2Cl)CC1)N1CCn2nncc2C1,,,,,,ZINCpo00000SNULK
,,C[C@]1(NC(=O)CCn2ccnn2)CCN(Cc2c(Cl)cccc2Cl)C1,,,,,,ZINCpx000004bdmA
,,C[C@H]1[C@H](NC(=O)COCC2CC2)CCN1C(=O)COCP(C)(C)=O,,,,,,ZINCoh00000sIxbB
,,COCC[C@@H](N[C@]1(C)C[C@H](O)C1)c1ccccc1,,,,,,ZINCis00000bIeXZ
,,O=C(C=CC1CC1)N1C[C@@H](NC(=O)C2(CO)CCCC2)C[C@H]1CO,,,,,,ZINCob00000AkNxE
,,CCC[C@H](C(=O)N(C)C[C@H](O)CN(C)C(=O)c1cnsn1)S(N)(=O)=O,,,,,,ZINCp4000004ti85
,,COC(CN(CC[C@@H]1C=CCC1)Cc1cc(C(C)(C)C)nn1C)OC,,,,,,ZINCpE00000FMccS
,,C[C@]1(NC(=O)CCn2ccnn2)CCN(Cc2cc(Cl)ccc2Cl)C1,,,,,,ZINCpx000004bdmC
,,C[C@]1(NC(=O)CC2(CO)CC2)CCN(c2nc3cc(Br)cnc3s2)C1,,,,,,ZINCpx000004bcFe
,,CC(C)(C)CC(=O)NC[C@@H](O)CC(=O)N1CCn2c(O)nnc2C1,,,,,,ZINCo500000HGQ9l
,,CSc1cc(NC(=O)N2C[C@H](F)C[C@H]2C(C)(C)O)ccc1Cl,,,,,,ZINCmH00000g0qqJ
,,CCCn1cncc1[C@H](C(=O)NC1CC1)N1CCC[C@H](CCO)CC1,,,,,,ZINCpq00000mbEhr
,,CCC=CC=CC(=O)N1CC[C@@H]2CCC[C@@]21C(=O)N1CCC(F)CC1,,,,,,ZINCpC00000xxQYn
,,CC(N(C)C(=O)NC1=CC=C(N2C=NN=N2)C=C1)C(C)(C)O,,,,,,ZINCmi00000kyHg5
,,C[C@@H]1C=C(C(=O)N(C)C[C@H](C)NC(=O)CCCn2cncn2)CC1,,,,,,ZINCoj00000pGq2r
,,C[C@]1(CO)CCN(C(=O)[C@@]2(C)CCCN2C(=O)c2cocn2)C[C@H]1O,,,,,,ZINCp800000SOCCm
,,CCOCCCCC(=O)N(CC1=CCCSC1)C[C@H](O)C1(Cl)CC1,,,,,,ZINCoC00000tgQt3
,,CC[C@H](C)[C@H](NC(=O)Cc1c(F)cccc1F)C(=O)N(C)C,,,,,,ZINCmr00000aWnmx
,,CCOCC(=O)N1C[C@@H]2CN(C(=O)[C@@H](O)c3ccccc3)CC[C@@H]21,,,,,,ZINCoe00000xge8p
,,Fc1cccc2nc(N3CC[C@@H]([C@H]4CCCNC4)C3)oc12,,,,,,ZINClx00000juJkv
,,C[C@@H]1CN(C(=O)c2cc(O)n(C)n2)C[C@H]1NC(=O)C[C@H]1CCC1(C)C,,,,,,ZINCpl00000KgDmq
,,Cc1c(O)ccc(CN[C@H]2C=C[C@@H](C(=O)N[C@@H]3COC[C@H]3O)C2)c1O,,,,,,ZINCp900000SOCBW
,,C[C@H]1C[C@H](C(=O)O)CN(C(=O)C2(CN(C)C)CCCC2)C1,,,,,,ZINClm00000BmeRh
,,C[C@@H]1CN(C(=O)C2[C@H]3COC[C@H]23)C[C@@]1(C)CNC(=O)c1cc(Cl)c[nH]1,,,,,,ZINCpn00000KgDn7
,,C[C@]1(CO)CCN(C(=O)[C@@H]2C[C@H](O)CN2S(=O)(=O)CC2CC2)C[C@@H]1O,,,,,,ZINCp400000SOCCR
,,C=C[C@H](C)N(C)C(=O)[C@@H]1CCN1C(=O)[C@@H]1C[C@H]1C(=O)OCC,,,,,,ZINCme00000x0YCu
,,Cc1c(O)cc(C(=O)NC[C@@H]2CN(C(=O)C3(O)CC3)CCO2)cc1O,,,,,,ZINCp500000SOCCd
,,CC1(C)CC[C@H](n2cc(C3(O)CCCC3)nn2)CN1C(=O)[C@@H]1C[C@H]1Br,,,,,,ZINCpx00000r75Oq
,,c1cc2c(cc1Cn1cc([C@H]3CCOC3)cn1)COC2,,,,,,ZINCku000000PyiZ
,,C[C@@]1(CO)CCN(C(=O)C[C@H]2CCCN2c2nccc(Br)n2)C[C@@H]1O,,,,,,ZINCph00000SOCCz
,,CN1C[C@@H](O)C[C@]1(C)C(=O)NCC1(C(=O)Nn2cncn2)CC1,,,,,,ZINCn400000Un30A
,,O=C(N[C@@H]1CCC[C@@H]2CCNC[C@H]21)[C@H](F)c1cccc(Cl)c1Cl,,,,,,ZINCnI00000lmD0g
,,Cc1c(O)ccc(CNC2CC(C(=O)NCC3(CO)COC3)C2)c1O,,,,,,ZINCp900000SOCBU
,,C[C@H]1CN(C(=O)C2(C)CSC2)C[C@H]1CNC(=O)Cc1c(Cl)cnn1C,,,,,,ZINCpl00000KgDmA
,,C[C@@H]1C[C@@H](C(=O)O)N1C(=O)Cc1ccnn1C1CCC1,,,,,,ZINCki00000BmeRL
,,CC(=O)CCCCC(=O)N(Cc1c(Cl)ncn1C)C[C@H]1CCSC1,,,,,,ZINCoD00000tgQta
,,Cc1c(O)cc(C(=O)N[C@@H]2CCN(C(=O)[C@H]3C[C@@H]3C)C[C@H]2O)cc1O,,,,,,ZINCpd00000SOCCf
,,C[C@H](C(=O)NC1CC(CNC(=O)c2cccc(N(C)C)c2)C1)C1CC1,,,,,,ZINCpu000002pSVG
,,CN1C[C@H](NS(=O)(=O)c2c(C(=O)O)sc3ccccc23)[C@H](F)C1,,,,,,ZINCnl00000Un30r
,,C[C@]1(CO)CCN(C(=O)[C@@H]2C=C[C@H](NC(=O)CCC(N)=O)C2)C[C@@H]1O,,,,,,ZINCp400000SOCCE
,,CCc1nc(C)[nH]c1C(=O)N(C)C1CN(C(=O)C(C)(C)CSC)C1,,,,,,ZINCop000008EeAq
,,C[C@]1(CO)CCN(C(=O)[C@]2(O)CCN(Cc3ccc(Br)o3)C2)C[C@H]1O,,,,,,ZINCpb00000SOCCx
,,C[C@H]1C[C@@H](C(=O)O)CN(C(=O)C2(N=[N+]=[N-])CCOCC2)C1,,,,,,ZINClk00000BmeRk
,,CCn1cc(CN(C[C@@H]2CC23CC3)C(=O)CN2CCCCCC2)cn1,,,,,,ZINCpz00000O7zdW
,,C[C@@H]1CN(C(=O)c2c(F)cncc2Cl)CCCN1C(=O)C=C[S@](C)=O,,,,,,ZINCpo00000KgDmX
,,Cc1ccc([C@@H](NCCc2cccc(CO)c2)c2cncn2C)cn1,,,,,,ZINCpv00000r75Os
,,CC(C)[C@H]1CC[C@@H](NC(=O)C[C@H](C)N(C)C(=O)c2ncc[nH]2)CC1,,,,,,ZINCov00000paqOy
,,Cc1c(O)ccc(NC(=O)[C@H]2CN(C(=O)c3cn[nH]c3)CCN2)c1C,,,,,,ZINCpd00000SOCC0
,,CN1C[C@H](O)C[C@]1(C)C(=O)NC1(C)CCC(NS(C)(=O)=O)CC1,,,,,,ZINCn500000Un30x
,,Cc1ccc([C@H](N)CC(=O)N(C)Cc2nc(C(F)(F)F)no2)cc1C,,,,,,ZINCpx00000r75Ow
,,C[C@]1(CO)CCN(C(=O)[C@@H]2C[C@H](F)CN2C(=O)C(=O)C2CC2)C[C@@H]1O,,,,,,ZINCp500000SOCCN
,,C[C@H]1C[C@@H](C(=O)O)N1C(=O)C1CN(S(N)(=O)=O)C1,,,,,,ZINCi400000BmeRH
,,C[C@@H]1C[C@@H](C(=O)O)N1C(=O)c1cc2c(=O)[nH]ccn2n1,,,,,,ZINCk500000BmeRx
,,CN1C[C@H](NC(=O)N[C@@H]2CCN(CC(F)(F)F)C2=O)CS1(=O)=O,,,,,,ZINCn500000Un304
,,C[C@@H]1CN(C(=O)[C@@]2(C(F)(F)F)CCN(C)C2)CCN1C(=O)C1CSC1,,,,,,ZINCpi00000KgDn5
,,C[C@@H]1CN(C(=O)c2cc(O)cc(F)c2F)C[C@H]1NC(=O)C(C)(C)CO,,,,,,ZINCpi00000KgDmj
,,CCc1nc(C)[nH]c1C(=O)N1CCC[C@@H](NC(=O)C=CCF)[C@H]1C,,,,,,ZINCop000008EeM5
,,CCOCC(=O)N1C[C@@H]2C[C@]2(NC(=O)C2(c3ccno3)CCC2)C1,,,,,,ZINCoe00000xgemr
,,C[C@H]1CN(C(=O)C2(C(F)(F)F)CCCC2)C[C@H]1NC(=O)[C@H]1C[C@H](O)C1,,,,,,ZINCpo00000KgDn4
,,Cc1ccc([C@H](F)CNC(=O)[C@]2(F)CNCC23CCOCC3)c(C)c1,,,,,,ZINCpv00000r75Op
,,C[C@H]1C[C@@H](C(=O)O)N1C(=O)c1cccc(C2COC2)c1,,,,,,ZINCkk00000BmeRA
,,C[C@@H]1C[C@H](C(=O)O)N1C(=O)c1cc2c(s1)COCC2,,,,,,ZINCjl00000BmeRy
,,CCOCC(=O)N1C[C@@H]2C[C@@H]2[C@@H](NC(=O)c2ccn(C(F)F)n2)C1,,,,,,ZINCoe00000xgedz
,,CC[C@H](NC(N)=O)C(=O)N[C@@H]1C[C@H](NC(=O)[C@@H](CC)SC)C[C@H]1O,,,,,,ZINCo500000HIsbL
,,C[C@]1(CO)CCN(C(=O)C23CC(C(=O)Nc4cnc[nH]4)(C2)C3)C[C@@H]1O,,,,,,ZINCp700000SOCCi
,,CC[C@H](CN(C)C(=O)[C@H]1CCN1C(=O)[C@@H](O)CC(C)C)OC,,,,,,ZINCme00000x0YCK
,,O=C(N[C@@H]1CCC[C@H](C2CC2)C1)[C@H](O)[C@@H]1CCc2ccccc21,,,,,,ZINCnB00000lmD0p
,,C[C@]1(CO)CCN(C(=O)[C@H]2C[C@H](NC(=O)c3cc(F)c[nH]3)C2)C[C@H]1O,,,,,,ZINCp800000SOCCP
,,CC(=O)C(C)(C)CC(=O)N(Cc1c(Cl)c(C)nn1C)C[C@@H]1C[C@@H]1Cl,,,,,,ZINCoD00000tgQt7
,,C[C@]1(CO)CCN(C(=O)CC[C@@H]2CCCN2S(=O)(=O)CCBr)C[C@H]1O,,,,,,ZINCpb00000SOCCy
,,C[C@H]1CN(C(=O)C2(C)CSC2)C[C@@H]1CNC(=O)c1cc(F)cnc1O,,,,,,ZINCpl00000KgDmz
,,C[C@H](CC1CCCC1)CN(C[C@@]1(C)C[C@H]1C)C(=O)CO[C@H]1CCOC1,,,,,,ZINCpI00000FKoLw
,,C[C@H]1C[C@H](C(=O)O)N1C(=O)c1cccnc1-n1nccn1,,,,,,ZINCl900000BmeRB
,,Cc1ccc([C@@H](NC(=O)c2ccc(C(C)C)nc2O)C(=O)O)cc1C,,,,,,ZINCpw00000r75OE
,,C[C@@H]1CN(C(=O)C2(C)CSC2)CCCN1C(=O)c1ccc([N+](=O)[O-])[nH]1,,,,,,ZINCpn00000KgDmw
,,C[C@H]1C[C@H](C(=O)O)CN(C(=O)c2n[nH]cc2F)C1,,,,,,ZINCid00000BmeRj
,,C[C@@]1(CO)CCN(C(=O)C2CCN(C(=O)[C@H]3C[C@H](O)C3)CC2)C[C@H]1O,,,,,,ZINCp500000SOCCq
,,Cc1cc(C(=O)N[C@H](C)[C@H](C)C(=O)N2C[C@H](C)C2(C)C)cc(O)n1,,,,,,ZINCor00000sQcU4
,,CC(C)[C@H]1CC[C@H](NC(=O)C[C@H](C)NC(=O)CC2(O)CCC2)CC1,,,,,,ZINCov00000paqOA
,,CC[C@H](C)[C@H](NC(=O)c1cnc2c(Br)c[nH]c2c1)C(=O)NC,,,,,,ZINCms00000aWnmt
,,C[C@@H]1C[C@H](C(=O)O)N1C(=O)c1ccnc2ccc(O)cc12,,,,,,ZINClm00000BmeRE
,,COC(=O)[C@H](NS(=O)(=O)c1ccc(F)c(C)n1)c1csc(Br)c1,,,,,,ZINCnv00000k3hb3
,,C[C@H]1C[C@@H](C(=O)O)CN(C(=O)C(O)(C2CC2)C2CC2)C1,,,,,,ZINCkh00000BmeRs
,,C[C@]1(CO)CCN(C(=O)C[C@H]2CCCN2c2ncc(F)cn2)C[C@@H]1O,,,,,,ZINCpb00000SOCCA
,,CN1C[C@H](NS(=O)(=O)N2CCC[C@@H](C(=O)O)C2)CC12CCCC2,,,,,,ZINCnc00000Un30v
,,CC(C)[C@H]1CC[C@@H](NC(=O)[C@H]2CCCN2C(=O)[C@H]2C[C@H]2C#N)CC1,,,,,,ZINCou00000paqOJ
,,Cc1c(O)cc(C(=O)N2C[C@@H]3C[C@]3(C(=O)NCC3COC3)C2)cc1O,,,,,,ZINCpc00000SOCC5
,,CN1C[C@H](NC(=O)N[C@@H](CO)CC2CC(F)(F)C2)CCS1(=O)=O,,,,,,ZINCn700000Un30b
,,CC(=O)C(C)(C)CC(=O)N(CC1CC(F)(F)C1)C[C@H]1CO[C@H](C)C1,,,,,,ZINCoC00000tgQt4
,,O=C(N[C@@H]1CCC[C@@H]2CCNC[C@H]21)[C@@H](F)Oc1ccc(Cl)cc1,,,,,,ZINCnz00000lmD0h
,,O=C(N[C@@H]1CCC[C@@H](C2CC2)C1)C1=CCN(C(=O)CC(Cl)Cl)C1,,,,,,ZINCnA00000lmD0l
,,C[C@@H](CC1CCCC1)CN(Cc1cc(Cl)n(C)n1)C(=O)COCCCl,,,,,,ZINCpI00000FKoLz
,,C[C@@H]1CN(C(=O)C2CC(S(C)(=O)=O)C2)C[C@@H]1NC(=O)CC1CCCC1,,,,,,ZINCpj00000KgDmL
,,CC1CCC([C@H](CO)NC(=O)Nc2ccc3c(c2)OCCN3C)CC1,,,,,,ZINCpy00000r75Oj
,,C[C@]1(CO)CCN(C(=O)[C@H]2C[C@H]2C(=O)Nc2ccnc(F)c2)C[C@H]1O,,,,,,ZINCp900000SOCCH
,,CCOCC(=O)N1C[C@H](CCNC(=O)Cc2ccns2)O[C@H](C)C1,,,,,,ZINCoe00000xgetp
,,O=C(NC1(Cc2cccc(F)c2)CCC1)N1CC[C@H]1C1CC1,,,,,,ZINCmE000000mQSZ
,,CC[C@@H](NC(N)=O)C(=O)N[C@@H]1C[C@H](NC(=O)c2nncs2)C[C@H]1O,,,,,,ZINCo400000HIsbF
,,C[C@@H]1C=C(C(=O)N(C)CCN(C)C(=O)c2cc(C#N)n(C)n2)CC1,,,,,,ZINCoh00000pGq2t
,,Cc1c(O)cc(C(=O)N2CCS[C@H](C(=O)NCC3COC3)C2)cc1O,,,,,,ZINCpd00000SOCCb
,,CC(C)[C@@H](O)[C@@H](C)C(=O)N1CC[C@H]2CN(C(=O)[C@@H]3CC[C@H]3C)[C@H](C)[C@H]21,,,,,,ZINCpr00000CDbyl
,,Cc1cc(C(=O)N[C@H](C)[C@@H](C)C(=O)N2CCC(F)(F)C2)cc(C)n1,,,,,,ZINCot00000sQcTV
,,CC[C@H](C)N(C)C(=O)[C@@H]1CCN1C(=O)[C@H](CC)n1ccnc1,,,,,,ZINCmm00000x0YCC
,,C[C@H]1CN(C(=O)C2CC(S(C)(=O)=O)C2)CCN1C(=O)c1cc(Cl)cs1,,,,,,ZINCpo00000KgDmM
,,C=Cn1cc(CN(C[C@@H]2C[C@@]23CC3(F)F)C(=O)CCC(=O)CC)cn1,,,,,,ZINCpB00000O7zdZ
,,O=C(N[C@@H]1CCC[C@H](C2CC2)C1)[C@H]1CCCN(C(=O)C(Cl)Cl)C1,,,,,,ZINCnB00000lmD0n
,,CC[C@@H](CN(C)C(=O)[C@H]1CCN1C(=O)[C@H](F)C(C)(C)O)OC,,,,,,ZINCmb00000x0YCG
,,COC(=O)CN(C)C(=O)C(C)(C)C(=O)Nc1cc(Cl)cc(Cl)c1,,,,,,ZINCnv00000k3hba
,,C[C@H]1CN(C(=O)C2(C)CSC2)CC[C@@H]1N(C)C(=O)/C=C/c1cnc[nH]1,,,,,,ZINCpo00000KgDmt
,,CC(=O)C(C)(C)CC(=O)N(Cc1c(Cl)ncn1C)C[C@@H](F)C1CC1,,,,,,ZINCoB00000tgQtb
,,C#C[C@H](C)N(C)C(=O)[C@@H]1CCN1C(=O)[C@@H]1CC[C@H]2C[C@@H]1CO2,,,,,,ZINCme00000x0YCo
,,O=C(N[C@H]1CCC[C@H](C2CC2)C1)[C@@]12CCC[C@@H](CNC1)C2(F)F,,,,,,ZINCnA00000lmD0j
,,CCc1nc(C(=O)N[C@]2(C)CCN(C(=O)c3coc(Cl)n3)C2)co1,,,,,,ZINCop000008EexG
,,CCc1nc(C(=O)N[C@]23CCC[C@H]2N(c2ccncn2)CC3)co1,,,,,,ZINCop000008Eezj
,,C[C@@H](CC1CCCC1)CN(Cc1cccn1C)C(=O)C1(O)CCCC1,,,,,,ZINCpI00000FKoLC
,,C[C@H](C(=O)NC1CC1)N1CCC(C)(CNC(=O)C2(C)CCCC2)CC1,,,,,,ZINCpu000002pT1n
,,O=C(NC1([C@@H]2CCN(C(=O)C=CI)C2)CC1)c1csc(Cl)c1,,,,,,ZINCmE000000mQTd
,,CC[C@H](C)[C@H](NC(=O)Cc1cc(F)ccc1Br)C(=O)N(C)C,,,,,,ZINCmx00000aWnmw
,,C[C@H]1CC(C(=O)NCCCN(C(=O)CC[C@@H](C)C#N)C2CC2)=NO1,,,,,,ZINCol00000pGq2A
,,C[C@H]1C=C(C(=O)NC[C@@](C)(NC(=O)Cc2nc[nH]n2)C2CC2)CC1,,,,,,ZINCoh00000pGq2x
,,COC(=O)[C@H](O)c1ccc(F)cc1-c1ccc2cn(C)nc2c1,,,,,,ZINCnv00000k3hb4
,,C[C@@H]1CN(C(=O)c2cc(O)nn2C)[C@H](C)CN1C(=O)c1cocc1Br,,,,,,ZINCpo00000KgDmr
,,C[C@H]1C[C@@H](C(=O)O)CN(C(=O)CNC(=O)CN(C)C)C1,,,,,,ZINCk500000BmeRr
,,C[C@H]1CN(C(=O)c2cc(O)cs2)CCN1C(=O)c1cncc(CO)c1,,,,,,ZINCpj00000KgDml
,,C[C@H](C(=O)NC1CC(CNC(=O)[C@]2(C)CCC[C@H]2C)C1)[C@H]1CCOC1,,,,,,ZINCpu000002pSUJ
,,CC(C)N(CCCNC(=O)C[C@@H]1CCC[C@H]1C)C[C@@H]1CCCCO1,,,,,,ZINCoF000001BXG5
,,C[C@H]1C[C@@H](C(=O)O)CN(C(=O)C[C@H]2CCOC2)C1,,,,,,ZINCif00000BmeRp
,,CN1C[C@H](NC(=O)OC(C)(C)C)C[C@H]1C(=O)N1CC([S@@](C)=O)C1,,,,,,ZINCn700000Un30j
,,C[C@H]1CN(C(=O)c2cc(=O)cc[nH]2)C[C@H]1NC(=O)C#CC1CCCC1,,,,,,ZINCpl00000KgDmk
,,CC[C@@H](NC(N)=O)C(=O)N[C@@H]1C[C@H](O)[C@H]1CC(=O)N(OC)C(C)C,,,,,,ZINCo500000HIsbP
,,CC(C)N(CCCNC(=O)Cc1ccc(Cl)s1)CC[C@H]1CCOC1,,,,,,ZINCoF000001BXHt
,,c1cc2c(s1)CCN(CCN=c1[nH]nc(C3CC3)o1)C2,,,,,,ZINCku000000PykJ
,,CC[C@H](NC(N)=O)C(=O)N[C@@H]1C[C@H](NC(=O)C(C)(C)CO)C[C@H]1O,,,,,,ZINCo400000HIsbG
,,C[C@@H](CC1CCCC1)CN(Cc1cccn1C)C(=O)[C@]1(F)CCOC1,,,,,,ZINCpG00000FKoLB
,,C[C@H]1CN(C(=O)C2[C@@H]3COC[C@@H]23)CCN1C(=O)c1cc(Cl)c(Cl)n1C,,,,,,ZINCpo00000KgDnb
,,CC(C)[C@H](O)[C@@H](C)C(=O)N1CC[C@H](C(=O)N(C2CC2)[C@H](C)C2CC2)C1,,,,,,ZINCps00000CDbyz
,,O=C(N[C@@H]1CCC[C@@H]2CCNC[C@H]21)[C@@H](O)c1cc(Cl)cc(Cl)c1,,,,,,ZINCnz00000lmD0i
,,CN1C[C@H](O)C[C@]1(C)C(=O)NCc1cc(C(=O)NCCF)co1,,,,,,ZINCn600000Un30y
,,CCOCC(C)(C)C(=O)N(Cc1c(Cl)cnn1C)CC1(C)CSC1,,,,,,ZINCoC00000tgQt9
,,Cc1ccc([C@H](NC[C@@H]2CC[C@H]2O)c2cccc(S(C)(=O)=O)c2)cc1,,,,,,ZINCpy00000r75Ot
,,CCc1nc(C)[nH]c1C(=O)N1CC[C@@H](c2cn(CC3CC3)nn2)C1,,,,,,ZINCop000008EeRN
,,c1cc2c(cc1CN[C@H]1CO[C@H](C3CC3)C1)CCOC2,,,,,,ZINCku000000PyiD
,,C[C@@H]1C[C@@H](C(=O)O)N1C(=O)[C@@]1(C#N)CC12CCCC2,,,,,,ZINCjl00000BmeRG
,,C[C@H]1C=C(C(=O)NCCCNC(=O)[C@@H]2CCS(=O)(=O)C2(C)C)CC1,,,,,,ZINCoh00000pGq2C
,,Cc1c(O)ccc(NC(=O)C2(F)CN(C(=O)CCS(C)(=O)=O)C2)c1C,,,,,,ZINCpf00000SOCBZ
,,CC[C@H](NC(N)=O)C(=O)N[C@@H]1C[C@H](NC(=O)[C@@H](C)C2CC2)C[C@H]1O,,,,,,ZINCo500000HIsbJ
,,O=C(N[C@@H]1CCC[C@H](C2CC2)C1)C1CCC2(CCOCC2)CC1,,,,,,ZINCnK00000lmD0k
,,C[C@H]1C[C@H](C(=O)O)N1C(=O)C1(C)CS(=O)(=O)C1,,,,,,ZINCh500000BmeRF
,,Cc1c(O)cc(C(=O)N2CCN(C(=O)CN(C)C)[C@H](C#N)C2)cc1O,,,,,,ZINCp700000SOCC9
,,O=C(N[C@@H]1CCC[C@@H]2CCNC[C@@H]21)[C@H]1CC12CCC(F)(F)CC2,,,,,,ZINCnA00000lmD0c
,,CN1C[C@H](NC(=O)N[C@H]2CCc3n[nH]cc32)CC[C@@H]1C(F)(F)F,,,,,,ZINCnn00000Un2ZZ
,,Fc1ccc(-c2nc(N3C[C@H](F)CC[C@@H](F)C3)no2)cc1,,,,,,ZINClB00000juJky
,,CN1C[C@@H](NS(=O)(=O)C[C@@H]2CCCC3(CCC3)O2)CC(F)(F)C1,,,,,,ZINCnn00000Un30u
,,C[C@H](CC1CCCC1)CN(Cc1cccnc1)C(=O)[C@H]1OCC[C@H]1C,,,,,,ZINCpK00000FKoLD
,,CCc1nc(C)[nH]c1C(=O)N1CCN(C(=O)C2CC2)C[C@@H]1C(C)C,,,,,,ZINCop000008EeOn
,,C=C[C@H](C)N(C)C(=O)[C@H]1CCN1C(=O)[C@H]1CCCN1C(C)=O,,,,,,ZINCmc00000x0YCr
,,CC(C)[C@H]1CC[C@H](NC(=O)[C@@H]2CCCN2C(=O)c2cnns2)CC1,,,,,,ZINCou00000paqOH
,,C[C@]1(CO)CCN(C(=O)[C@H]2CCN2Cc2ccccc2C#N)C[C@@H]1O,,,,,,ZINCpd00000SOCCS
,,CN1C[C@@H](NC(=O)N[C@H](CF)c2ccc(C#N)cc2)C(F)(F)C1,,,,,,ZINCno00000Un308
,,C[C@]1(CO)CCN(C(=O)c2n[nH]cc2NC(=O)c2csnn2)C[C@H]1O,,,,,,ZINCp500000SOCCw
,,CC[C@@H](CN(C)C(=O)[C@H]1CCN1C(=O)[C@H]1CCCCS1)OC,,,,,,ZINCmn00000x0YCn
,,C[C@@]1(CO)CCN(C(=O)C2CN(Cc3cc(O)ccc3F)C2)C[C@@H]1O,,,,,,ZINCpb00000SOCCr
,,CCc1nc(C)[nH]c1C(=O)N(C)[C@@H](CNC(=O)[C@H]1C[C@@H]1C)C1CC1,,,,,,ZINCop000008EeEN
,,CN1C[C@@H](NC(=O)N[C@@H]2CCc3[nH]ccc(=O)c3C2)C(C)(C)C1,,,,,,ZINCni00000Un2ZY
,,CC(C)[C@H](O)[C@@H](C)C(=O)N1CC[C@H](CC(=O)N2CCCC[C@@H]2CF)C1,,,,,,ZINCps00000CDbyq
,,C[C@H]1C[C@H](C(=O)O)N1C(=O)Cc1nc2ccccn2c1Br,,,,,,ZINCln00000BmeRM
,,CN1C[C@@H](NC(=O)N[C@@H](CF)c2cccc(F)c2)CCS1(=O)=O,,,,,,ZINCnh00000Un307
,,CC[C@H](CN(C)C(=O)[C@H]1CCN1C(=O)[C@H](C)CC(N)=O)OC,,,,,,ZINCm500000x0YCB
,,CCOCC(=O)N1C[C@@H]2CCC[C@]2(NC(=O)CN2CC(C)(C)C2)C1,,,,,,ZINCoe00000xgdZg
,,Cc1c(O)cc(C(=O)N2C[C@H](O)C[C@@H]2C(=O)NC2CC(O)C2)cc1O,,,,,,ZINCp500000SOCC7
,,Cc1ccc([C@H](C(=O)N[C@H](C)C(F)(C(=O)O)C(=O)O)C(C)(C)C)cc1,,,,,,ZINCpv00000r75Og
,,Cc1c(O)cc(C(=O)N2CC(CNC(=O)c3ccncn3)C2)cc1O,,,,,,ZINCpc00000SOCC4
,,C[C@H]1C[C@H](C(=O)O)CN(C(=O)CCC2(C)COC2)C1,,,,,,ZINCjj00000BmeRm
,,C[C@H]1CN(C(=O)C2[C@@H]3COC[C@@H]23)CCN1C(=O)c1cnc(C(F)F)s1,,,,,,ZINCpm00000KgDnc
,,C=C[C@H](C)N(C)C(=O)[C@@H]1CCN1C(=O)[C@@H]1COC[C@@H]1C(N)=O,,,,,,ZINCm500000x0YCx
,,C[C@H](C(=O)NC1CC1)N1CCN(C(=O)[C@H]2CCCCC2(C)C)[C@H](C)C1,,,,,,ZINCpu000002pT4I
,,COC(=O)CN(C)C(=O)CCCN(C)C(=O)c1nc(Br)sc1Cl,,,,,,ZINCnq00000k3hbb
,,C[C@@]1(CO)CCN(C(=O)[C@@H]2C[C@H](F)CN2C(=O)c2cncs2)C[C@H]1O,,,,,,ZINCp800000SOCCM
,,CCOCC(=O)N1C[C@@H](OC)C[C@@H]1CNC(=O)c1c(Br)n[nH]c1C,,,,,,ZINCoe00000xgdW8
,,O=C(N[C@@H]1CCC[C@@H]2CCNC[C@@H]21)[C@H]1Cc2ccc(Cl)cc2S1,,,,,,ZINCnC00000lmD0d
,,CC[C@H](NC(N)=O)C(=O)N[C@H]1CCO[C@H]1C(=O)N(CC)C[C@H](C)O,,,,,,ZINCo400000HIsbY
,,C[C@H](CC1CCCC1)CN(Cc1cc(Cl)n(C)n1)Cc1ncnn1C,,,,,,ZINCpE00000FKoLy
,,C[C@H]1CN(C(=O)c2c(F)cncc2Br)C[C@@H]1NC(=O)CCN1CCC1,,,,,,ZINCpm00000KgDmW
,,C[C@H]1C[C@H](C(=O)O)CN(C(=O)C2(C(=O)O)CCNCC2)C1,,,,,,ZINCl600000BmeRi
,,C[C@H](C(=O)NC1CC1)N(C)[C@@H]1CCCN(C(=O)[C@@H]2CCCC2(C)C)C1,,,,,,ZINCpu000002pT0i
,,c1cc2cc(CCN[C@H]3C[C@@H]4C[C@H](CN4)C3)ccc2[nH]1,,,,,,ZINCku000000Pym3
,,CN1C[C@@H](O)C[C@@]1(C)C(=O)N1CC=C(C(=O)NOCCF)CC1,,,,,,ZINCn500000Un30w
,,CN1C[C@@H](NS(=O)(=O)c2cccc(OC(F)F)n2)CCS1(=O)=O,,,,,,ZINCn500000Un30m
,,C[C@@H]1CN(C(=O)C2(CF)CC2)C[C@@H]1NC(=O)/C=C/C(=O)OC(C)(C)C,,,,,,ZINCpl00000KgDmP
,,CC[C@@H](C)N(C)C(=O)[C@H]1CCN1C(=O)[C@H]1C[C@@H]2CC[C@H](C1)O2,,,,,,ZINCmo00000x0YCw
,,CNC(=O)CN(Cc1cccc(Cl)c1)CC(F)F,,,,,,ZINCir00000cvjZb
,,C[C@H]1C[C@H](C(=O)O)N1C(=O)COC1CC=CC1,,,,,,ZINChd00000BmeRT
,,Cc1c(O)ccc(NC(=O)[C@@]2(F)CCN(C(=O)[C@H]3CC(=O)N3)C2)c1C,,,,,,ZINCpd00000SOCBY
,,O=C(NC1(C(F)(F)F)CCC1)c1ccc(C(F)(F)F)nc1F,,,,,,ZINCmE000000mQQy
,,Cc1ccc([C@@H](N)CC(=O)NCC(C)(C)[C@@H]2CCCC(=O)N2)cc1C,,,,,,ZINCpv00000r75Ox
,,C[C@]1(CO)CCN(C(=O)[C@H]2CC23CN(C(=O)C2(Br)CCC2)C3)C[C@H]1O,,,,,,ZINCpd00000SOCCC
,,O=C(N[C@@H]1CCC[C@@H]2CCNC[C@@H]21)[C@H](F)c1ccc(Br)cc1Cl,,,,,,ZINCnK00000lmD0f
,,C=C[C@H](C)N(C)C(=O)[C@@H]1CCN1C(=O)[C@@H](F)C[C@H]1CCOC1,,,,,,ZINCmj00000x0YCH
,,Cc1cc(C(=O)N[C@H](C)[C@@H](C)C(=O)N2CC[C@@H](C3(C)CC3)C2)no1,,,,,,ZINCot00000sQcTW
,,CN1C[C@H](O)C[C@]1(C)C(=O)NCCc1cn(CC(C)(C)C)nn1,,,,,,ZINCna00000Un30B
,,CC[C@H](NC(N)=O)C(=O)N[C@@H]1C[C@H](O)[C@@H](NC(=O)C[S@@](=O)CC)C1,,,,,,ZINCo400000HIsbU
,,C[C@@H]1CN(C(=O)c2c(F)cncc2Cl)C[C@H]1CNC(=O)c1csnn1,,,,,,ZINCpo00000KgDmY
,,C[C@H]1CN(C(=O)[C@]2(CF)CC2(F)F)CCCN1C(=O)CCN1CCC1,,,,,,ZINCpl00000KgDmQ
,,C#C[C@H](C)N(C)C(=O)[C@H]1CCN1C(=O)[C@H]1C[C@@H]2CCC[C@@H]2C1,,,,,,ZINCmo00000x0YCv
,,CCOCC(=O)N1C[C@@H]2C[C@@]2(CNC(=O)C[C@H]2COC3CC2C3)C1,,,,,,ZINCoe00000xgedU
,,C[C@H]1CN(C(=O)C2=CCSC2)C[C@H]1CNC(=O)C12CCN(CC1)CC2,,,,,,ZINCpj00000KgDmy
,,C[C@H]1CN(C(=O)C2(CF)CC(F)(F)C2)C[C@H]1NC(=O)CSCCC#N,,,,,,ZINCpp00000KgDmV
,,Fc1cccc2nc(N3C[C@H]4C[C@@]4(C(F)(F)F)C3)cnc12,,,,,,ZINClB00000juJkx
,,CCc1nc(C(C)C)ccc1C(=O)N[C@@H](C)CCNC(=O)C(C)=O,,,,,,ZINCop000008EeA6
,,CCc1nc(C)[nH]c1C(=O)N1CC(N(C)C(=O)c2scnc2Cl)C1,,,,,,ZINCop000008EeIH
,,CC(C)[C@H]1CC[C@@H](NC(=O)C[C@H](C)NC(=O)C[C@@H]2CCCO2)CC1,,,,,,ZINCox00000paqOB
,,CN1C[C@@H](NS(=O)(=O)CC2CC3(CCOCC3)C2)CC(F)(F)C1,,,,,,ZINCnk00000Un30s
,,CC1CCC([C@H](CO)NC(=O)NCCc2ccccc2[N+](=O)[O-])CC1,,,,,,ZINCpw00000r75Ok
,,CC(C)[C@H](O)[C@H](C)C(=O)N1CC[C@H]2[C@H](NC(=O)CCCC3CC3)[C@H]2C1,,,,,,ZINCpr00000CDbyj
,,Cc1ccc([C@@H](N)CNC(=O)C2(c3ccn(C(F)(F)F)n3)CC2)cc1,,,,,,ZINCpv00000r75Oz
,,Cc1c(O)ccc(CN2CC(O)(CNC(=O)[C@@H](O)C(C)(C)C)C2)c1O,,,,,,ZINCpa00000SOCBT
,,C[C@]1(CO)CCN(C(=O)[C@H]2CCN2Cc2cnc(Br)c(F)c2)C[C@H]1O,,,,,,ZINCph00000SOCCT
,,COC(=O)[C@H](OC)C1CCN(C(=O)c2cc(C)c(Br)cn2)CC1,,,,,,ZINCnr00000k3hb5
,,CN1C[C@H](NC(=O)N[C@H]2CC[C@@H](N3CCOCC3)C2)C2(CC2)C1,,,,,,ZINCnc00000Un302
,,C[C@@H]1CN(C(=O)c2cc(O)nc(Br)c2)CC[C@H]1NC(=O)[C@H]1C[C@H](O)C1,,,,,,ZINCpi00000KgDmo
,,Cc1ccc([C@H](C(=O)N[C@@H](C(=O)O)c2cncn2C)C(C)(C)C)cc1,,,,,,ZINCpy00000r75Oh
,,C[C@@]1(CO)CCN(C(=O)C2(F)CCN(Cc3nccs3)CC2)C[C@@H]1O,,,,,,ZINCpg00000SOCCt
,,CCc1nc(C)[nH]c1C(=O)N(C)C[C@@H](C)NC(=O)C1CC(F)(F)C1,,,,,,ZINCop000008EeCD
,,c1cc2cc(-c3nc(C4=NOCC4)no3)ccc2cn1,,,,,,ZINCku000000PylT
,,CC(C)[C@@H](O)[C@@H](C)C(=O)N1CC[C@H]2CN(c3cncc(Cl)n3)C[C@H]2C1,,,,,,ZINCpq00000CDbyk
,,CC(C)[C@@H](O)[C@H](C)C(=O)N1CC[C@H](CC(=O)N2CC(SC(F)F)C2)C1,,,,,,ZINCpq00000CDbys
,,C[C@]1(CO)CCN(C(=O)[C@@H]2C[C@]23CCN(C(=O)C2CCC2)C3)C[C@@H]1O,,,,,,ZINCpc00000SOCCB
,,Cc1ccc([C@H](N)CC(=O)N2CC3(CO)CC(C4CC4)(C2)C3)cc1C,,,,,,ZINCpx00000r75Ov
,,CC(C)[C@H](O)[C@@H](C)C(=O)N1CC[C@H](CC(=O)N2CCC[C@H](F)CC2)C1,,,,,,ZINCps00000CDbyr
,,C[C@H]1CN(C(=O)C2(CF)CCC2)CCN1C(=O)[C@H]1Cc2nnsc2S1,,,,,,ZINCpn00000KgDmR
,,Cc1c(O)cc(C(=O)N2CCOC[C@@H]2CNS(=O)(=O)CC#N)cc1O,,,,,,ZINCp500000SOCCa
,,CN1C[C@@H](NS(=O)(=O)c2cccnc2NCC(Cl)Cl)C(C)(C)C1,,,,,,ZINCnp00000Un30o
,,C[C@@H]1CN(C(=O)C2(C)CSC2)C[C@@H]1NC(=O)c1c(C2CC2)cnn1C,,,,,,ZINCpm00000KgDmB
,,Cc1c(O)ccc(CN[C@H]2C[C@@H](C(=O)N3C[C@@H]4[C@@H](CO)[C@@H]4C3)C2)c1O,,,,,,ZINCpf00000SOCBX
,,C[C@H](C(=O)NC1CC(CNC(=O)[C@H]2CCC[C@H](O)C2)C1)c1cccs1,,,,,,ZINCpu000002pSUe
,,C[C@@H]1C=C(C(=O)NCCCNC(=O)CCCCn2ccnn2)CC1,,,,,,ZINCok00000pGq2z
,,CC(C)[C@H]1CC[C@@H](NC(=O)C[C@@H](C)CNC(=O)C2=COCC2)CC1,,,,,,ZINCox00000paqOx
,,c1cc2c(s1)[C@H](NCc1nc([C@H]3CCCO3)n[nH]1)CC2,,,,,,ZINCku000000Pyl4
,,C=Cn1cc(CN(C[C@H]2CC23CC3)C(=O)[C@@H](C)N2CCCCC2)cn1,,,,,,ZINCpz00000O7zdV
,,Cc1c(O)ccc(CN2C[C@H](O)C[C@@H]2C(=O)Nc2nc(O)cs2)c1O,,,,,,ZINCph00000SOCBP
,,C[C@H]1CN(C(=O)C2CCOCC2)CCN1C(=O)c1ncc(N)cc1Cl,,,,,,ZINCpk00000KgDme
,,CCn1cc(CN(C[C@@H]2CC23CCC3)C(=O)[C@]2(C)CCC[C@H]2O)cn1,,,,,,ZINCpz00000O7ze4
,,CN1C[C@H](NC(=O)NNC(=O)N[C@@H]2CCS(=O)(=O)C2)CCC1=O,,,,,,ZINCn400000Un30g
,,CCOCC(=O)N1C[C@@H]2CCN(C(=O)c3ccc(COC)[nH]3)C[C@@H]21,,,,,,ZINCoe00000xge2l
,,CC(C)[C@@H](O)[C@@H](C)C(=O)N1CC[C@H](CC(=O)NCC(C)(C)C(F)F)C1,,,,,,ZINCps00000CDbyt
,,COC(=O)CN(Cc1cccc(Br)c1)C(=O)[C@H]1CCCCNC1,,,,,,ZINCnt00000k3hb9
,,Cc1cc(C(=O)N[C@H](C)[C@@H](C)C(=O)N2C[C@H]3C[C@H](O)C[C@@H]2C3)cs1,,,,,,ZINCor00000sQcU2
,,C=C[C@@H](C)N(C)C(=O)[C@H]1CCN1C(=O)[C@@H](O)c1ccccc1,,,,,,ZINCmj00000x0YCI
,,C[C@H]1CC(C(=O)N(C)CCNC(=O)c2ccn(C(C)(C)C)c2)=NO1,,,,,,ZINCol00000pGq2w
,,CC(C)[C@H](O)[C@H](C)C(=O)N1CC[C@H]([C@H](F)C(=O)N2CCC[C@@H](C)C2)C1,,,,,,ZINCpq00000CDbyx
,,COC(=O)[C@@H](NC(=O)N[C@@H](C)c1cc(Br)ccc1C)C1COC1,,,,,,ZINCnt00000k3hb2
,,C[C@H]1CN(C(=O)C2(C)CSC2)CCCN1C(=O)C=Cc1cnn(C)c1,,,,,,ZINCpm00000KgDmx
,,CC(C)[C@H]1CC[C@@H](NC(=O)CCN(C)C(=O)[C@@H]2CCC(=O)C2)CC1,,,,,,ZINCov00000paqOD
,,C[C@@H]1C[C@H](C(=O)O)N1C(=O)C(C)(C)c1cnco1,,,,,,ZINCig00000BmeRN
,,CN1C[C@@H](NC(=O)NOC[C@H](O)CN2CCCCC2)CS1(=O)=O,,,,,,ZINCn400000Un30h
,,CC[C@H](NC(N)=O)C(=O)N[C@@H]1C[C@H](NC(=O)CC[S@@](C)=O)C[C@H]1O,,,,,,ZINCo400000HIsbI
,,CC[C@H](NC(N)=O)C(=O)N[C@H]1CCO[C@H]1C(=O)N1CC[C@H]1C(N)=O,,,,,,ZINCo300000HIsbW
,,CC(C)N(CCCNC(=O)C[C@@H]1CCC[C@H]1C)C[C@H]1CC[C@@H](C)O1,,,,,,ZINCoF000001BXG7
,,C[C@H]1CN(C(=O)c2cc(O)cc(F)c2)CC[C@H]1N(C)C(=O)CN(C)C,,,,,,ZINCpk00000KgDmh
,,COC(=O)[C@H](NC(=O)N(C)Cc1ccc(Cl)c(Cl)c1)C1COC1,,,,,,ZINCnt00000k3hb0
,,CC(C)N(CCCNC(=O)C1CCC=CCC1)C[C@H]1CC[C@@H](C)O1,,,,,,ZINCoF000001BXCk
,,C[C@@H]1CN(C(=O)C2(C)CSC2)CCN1C(=O)Cc1cccc(O)c1F,,,,,,ZINCpo00000KgDmI
,,CC(C)[C@H]1CC[C@@H](NC(=O)CCOCCNC(=O)C2(Cl)CC2)CC1,,,,,,ZINCow00000paqOG
,,CCOCC(=O)N1C[C@@H]2C[C@@H](NC(=O)Cc3nn(C)cc3Br)[C@H]1C2,,,,,,ZINCoe00000xgec1
,,CCc1nc(C(=O)Nc2ccnc(-n3cc([C@@H](C)O)nn3)c2)cs1,,,,,,ZINCop000008Eezm
,,Cc1ccc([C@H](NC(=O)c2ccccc2C(N)=O)[C@]2(C)CCCO2)o1,,,,,,ZINCpx00000r75OD
,,COC(=O)[C@@H](OC(=O)c1nn2c(c1I)CCCC2)c1ccco1,,,,,,ZINCnu00000k3hb7
,,CC(=O)C(C)(C)CC(=O)N(CC1=CCCSC1)C[C@@H]1C[C@H](C)CO1,,,,,,ZINCoD00000tgQt2
,,Cc1c(O)ccc(CN2CCNC[C@@H]2C(=O)NCCOC(C)C)c1O,,,,,,ZINCpd00000SOCBR
,,C[C@@]1(CO)CCN(C(=O)C2CC(NCc3cc(Cl)ccn3)C2)C[C@@H]1O,,,,,,ZINCph00000SOCCp
,,Fc1cccc2nc(NC[C@@]34CC[C@@H](CNC3)C4)cnc12,,,,,,ZINClv00000juJkz
,,C[C@@H]1CN(C(=O)c2cc(P(C)(C)=O)cs2)CCN1C(=O)c1cocn1,,,,,,ZINCpp00000KgDms
,,C[C@@]1(CO)CCN(C(=O)C2(F)CCN(C(=O)C(F)(F)Cl)CC2)C[C@H]1O,,,,,,ZINCpd00000SOCCu
,,C[C@@H]1C[C@@H](C(=O)O)CN(C(=O)CCCCCN)C1,,,,,,ZINCig00000BmeRn
,,CCOCC(=O)N1C[C@@H]2C[C@]2(NC(=O)c2cc3c(ccn3C)[nH]2)C1,,,,,,ZINCoe00000xgenn
,,C[C@@]1(CO)CCN(C(=O)[C@H]2CC(F)(F)CN2C(=O)[C@H]2C[C@H]2F)C[C@H]1O,,,,,,ZINCp700000SOCCG
,,CC[C@H](NC(N)=O)C(=O)N[C@@H]1C[C@@H](NC(=O)[C@H](C)N=[N+]=[N-])C[C@H]1O,,,,,,ZINCo500000HIsbM
,,C[C@@H]1CN(C(=O)C2=CCSC2)C[C@H]1NC(=O)C[C@@H]1CC(C)(C)OC1=O,,,,,,ZINCpj00000KgDmD
,,C[C@@H]1C=C(C(=O)NCCCNC(=O)CCCCc2cnn[nH]2)CC1,,,,,,ZINCok00000pGq2y
,,C[C@H]1CC(C(=O)N(C)CCNC(=O)[C@H]2SCc3cccnc32)=NO1,,,,,,ZINCoh00000pGq2D
,,Cc1c(O)cc(C(=O)N2CCN(C(=O)[C@H]3C[C@H]3F)[C@H](C#N)C2)cc1O,,,,,,ZINCpf00000SOCC8
,,CC(C)[C@H]1CC[C@@H](NC(=O)C[C@H](C)N(C)C(=O)[C@H]2CCOC2)CC1,,,,,,ZINCov00000paqOz
,,c1cc2c(cc1OCCN[C@@H]1C[C@H]3CC[C@H]1O3)CCC2,,,,,,ZINCku000000Pyjm
,,Cc1c(O)ccc(CN2CCNC[C@@H]2C(=O)N2CCO[C@@H](O)C2)c1O,,,,,,ZINCp500000SOCBQ
,,C[C@]1(CO)CCN(C(=O)c2ccc(NCc3ncc[nH]3)nc2)C[C@@H]1O,,,,,,ZINCpc00000SOCCo
,,CC(=O)C(C)(C)CC(=O)N(Cc1c(Cl)cnn1C)CC1CC=CC1,,,,,,ZINCoD00000tgQt8
,,C[C@]1(CO)CCN(C(=O)[C@@H]2C[C@H](F)CN(Cc3cscn3)C2)C[C@H]1O,,,,,,ZINCpe00000SOCCO
,,C[C@H]1C=C(C(=O)NCCCNC(=O)c2c3c(nn2C)CCC3)CC1,,,,,,ZINCol00000pGq2u
,,CCc1nc(C)[nH]c1C(=O)N1CC[C@H](C)[C@@H]1CNC(=O)C(C)(F)F,,,,,,ZINCop000008EeT6
,,C=Cn1cc(CN(C[C@H]2C[C@@]23CC3(F)F)C(=O)CCP(C)(C)=O)cn1,,,,,,ZINCpD00000O7ze1
,,C[C@H]1CN(C(=O)c2ccsc2Cl)C[C@@H]1NC(=O)c1cc(CO)n(C)n1,,,,,,ZINCpl00000KgDmK
,,CCc1nc(C)[nH]c1C(=O)N(C)C1CN(C(=O)C[C@H](C)C2CC2)C1,,,,,,ZINCop000008EeAG
,,C=C1CC(C(=O)N[C@@H](C)[C@H](C)C(=O)N2C[C@H]3C[C@H](OC)C[C@@H]2C3)C1,,,,,,ZINCor00000sQcU1
,,CC[C@@H](NC(N)=O)C(=O)N[C@H]1C[C@@H](OCC(=O)N2CCOCC2)C1,,,,,,ZINCo400000HIsbN
,,C[C@H]1CN(C(=O)C2CCOCC2)C[C@@H]1NC(=O)c1ncc(N)cc1Cl,,,,,,ZINCpj00000KgDmd
,,CCOCC(=O)N1C[C@@H]2C[C@@H](NC(=O)c3cccnc3OC)[C@H]1C2,,,,,,ZINCoe00000xgecI
,,C[C@@H]1C[C@@H](C(=O)O)N1C(=O)c1[nH]nnc1C1CC1,,,,,,ZINCi900000BmeRK
,,CC(C)[C@H](O)[C@H](C)C(=O)N1CC[C@H](CC(=O)N[C@@H]2CCC[C@H]2CF)C1,,,,,,ZINCpr00000CDbyw
,,CCOCC(C)(C)C(=O)N(Cc1cccs1)Cc1cc(C)nn1C,,,,,,ZINCoD00000tgQsZ
,,C[C@H]1CN(C(=O)C2(C)CSC2)C[C@@H](C)N(C(=O)c2ccc(O)cn2)C1,,,,,,ZINCpo00000KgDmG
,,C[C@@H]1CN(C(=O)c2cc(O)ccc2F)CC[C@H]1NC(=O)[C@H]1C[C@H](O)C1,,,,,,ZINCpi00000KgDmg
,,CC[C@H](C)[C@H](NC(=O)c1cnc([C@H](C)OC)s1)C(=O)N(C)C,,,,,,ZINCmq00000aWnmu
,,C[C@@H]1CN(C(=O)c2cc(O)cc(F)c2)C[C@H]1NC(=O)c1cc(F)c[nH]1,,,,,,ZINCpo00000KgDmi
,,Cc1c(O)cc(C(=O)N2CC[C@@H]2C(=O)N2CCC[C@@H]2C(N)=O)cc1O,,,,,,ZINCp600000SOCC1
,,C[C@H]1CN(C(=O)c2ccsc2C(F)(F)F)C[C@H]1NC(=O)/C=C\C(N)=O,,,,,,ZINCpj00000KgDmJ
,,CN1C[C@H](NC(=O)OC(C)(C)C)C[C@H]1C(=O)N1CCS(=O)CC1,,,,,,ZINCn700000Un30k
,,C[C@@H]1CN(C(=O)C2(CF)CC(F)(F)C2)C[C@H]1CNC(=O)[C@@H]1CCCO1,,,,,,ZINCpn00000KgDmT
,,C[C@H]1C=C(C(=O)N(C)C[C@@H](C)N(C)C(=O)c2nccnc2N)CC1,,,,,,ZINCoj00000pGq2p
,,C[C@H](C(=O)NC1CC(CNC(=O)[C@@]23CC[C@@H](C2)OC3)C1)c1ccsc1,,,,,,ZINCpu000002pSTf
,,CCc1nc(C)[nH]c1C(=O)N1CCN(C(=O)[C@H]2CC2(C)C)C[C@H]1C,,,,,,ZINCop000008EeQ2
,,Cc1c(O)cc(C(=O)NC2CC(NC(=O)CN(C)C(C)C)C2)cc1O,,,,,,ZINCph00000SOCCc
,,C[C@@H]1C[C@@H](C(=O)O)CN(S(=O)(=O)CCCS(C)(=O)=O)C1,,,,,,ZINCk500000BmeRu
,,CC(C)N(CCCNC(=O)C[C@H](C)c1ccncc1)CC1CCC1,,,,,,ZINCoF000001BXGr
,,CC(=O)CC(C)(C)C(=O)N(CC1C[C@H]2C[C@@H]2C1)C[C@H](O)CC(C)C,,,,,,ZINCoC00000tgQt6
,,CN1C[C@H](NC(=O)NNC(=O)[C@@H]2CCN2C(C)(C)C)C2(CC2)C1,,,,,,ZINCn800000Un30f
,,C#C[C@@H](C)N(C)C(=O)[C@@H]1CCN1C(=O)[C@H](CCC)NC(C)=O,,,,,,ZINCm900000x0YCA
,,CN1C[C@H](NC(=O)NCCNC(=O)C2CC(F)(F)C2)C2(CC2)C1,,,,,,ZINCnb00000Un2ZW
,,C[C@@H]1C[C@@H](C(=O)O)CN(S(=O)(=O)NC2CC2)C1,,,,,,ZINCh600000BmeRv
,,C[C@]1(CO)CCN(C(=O)[C@@H]2C[C@H]3C[C@@H]3N2c2nccc(Br)n2)C[C@@H]1O,,,,,,ZINCpd00000SOCCK
,,Cc1ccc([C@@H](NC(=O)C2CCC3(CC2)CC(O)C3)C(=O)O)cc1C,,,,,,ZINCpy00000r75OB
,,CCOCC(=O)N1C[C@@H]2CCC[C@]2(NC(=O)Cc2csc(=N)[nH]2)C1,,,,,,ZINCoe00000xgdZm
,,COC(=O)[C@@H](O)CCCNC(=O)/C=C/c1c(F)ccc(Cl)c1F,,,,,,ZINCnq00000k3hb6
,,CC[C@H](NC(N)=O)C(=O)N[C@H]1CCO[C@H]1C(=O)NCCC[S@@](C)=O,,,,,,ZINCo400000HIsc2
,,C=C1CC(C(=O)N[C@H](C)[C@H](C)C(=O)N2CC[C@@H](OC3CCC3)C2)C1,,,,,,ZINCos00000sQcTX
,,CC[C@H](NC(N)=O)C(=O)N[C@H]1C[C@H](O)[C@@H](NC(=O)[C@@H](C)COC)C1,,,,,,ZINCo400000HIsbS
,,CC(C)[C@H](O)[C@@H](C)C(=O)N1CC[C@@H](C(=O)N[C@H]2C[C@@H]3CCC[C@@H]3C2)C1,,,,,,ZINCpr00000CDbyA
,,CC(C)[C@H](O)[C@@H](C)C(=O)N1CC[C@@H](C)C[C@H]1C(=O)NCC1(F)CCC1,,,,,,ZINCps00000CDbyn
,,CCOCC(=O)N1C[C@@H]2COCC[C@@]2(NC(=O)/C=C/C(F)(F)F)C1,,,,,,ZINCoe00000xgea8
,,C[C@H]1CN(C(=O)C2(CF)CC(F)(F)C2)CCCN1C(=O)[C@H](O)C1CC1,,,,,,ZINCpl00000KgDmS
,,C[C@@]1(CO)CCN(C(=O)C2CN(C(=O)c3cccnc3F)C2)C[C@H]1O,,,,,,ZINCp500000SOCCs
,,CCc1nc(C)[nH]c1C(=O)N1CC[C@H](C)[C@H](NC(=O)C(C)(C)F)C1,,,,,,ZINCop000008EeTh
,,C[C@@]1(CO)CCN(C(=O)[C@H]2CC[C@H](NCc3cncnc3)C2)C[C@@H]1O,,,,,,ZINCp900000SOCCD
,,c1cc2c(cc1CN[C@H]1CCCN3CCC[C@H]13)COC2,,,,,,ZINCku000000Pyiu
,,C[C@H]1C[C@H](C(=O)O)N1C(=O)c1c(S(N)(=O)=O)ncn1C,,,,,,ZINCk400000BmeRI
,,CC[C@@H](CN(C)C(=O)[C@H]1CCN1C(=O)[C@H]1CC[C@H]2C[C@H]21)OC,,,,,,ZINCml00000x0YCp
,,C#C[C@H](C)N(C)C(=O)[C@H]1CCN1C(=O)[C@@H]1CCCN1C1CC1,,,,,,ZINCmc00000x0YCq
,,CCOCC(C)(C)C(=O)N(Cc1cccs1)Cc1c(C)cnn1C,,,,,,ZINCoD00000tgQt0
,,C[C@@H]1C=C(C(=O)N(C)C[C@H](C)N(C)C(=O)CCn2cncn2)CC1,,,,,,ZINCoj00000pGq2q
,,CC(C)[C@H]1CC[C@@H](NC(=O)C[C@H](C)NC(=O)[C@@H]2CCC(=O)C2)CC1,,,,,,ZINCov00000paqOC
,,C[C@H]1CN(C(=O)c2ccon2)C[C@@H](CCNC(=O)c2occc2Cl)O1,,,,,,ZINCpp00000KgDmn
,,CC[C@@H](NC(N)=O)C(=O)N[C@@H]1C[C@H](NC(=O)/C=C\C(N)=O)C[C@H]1O,,,,,,ZINCo300000HIsbH
,,CC[C@H](CN(C)C(=O)[C@H]1CCN1C(=O)[C@H]1CCCN1C)OC,,,,,,ZINCmb00000x0YCs
,,COC(=O)Cn1ncc2ccc(NCc3nn(C)cc3I)cc21,,,,,,ZINCnr00000k3hb8
,,CC(C)[C@H]1CC[C@@H](NC(=O)[C@H]2CCCN2C(=O)[C@@H]2C[C@H]2C#N)CC1,,,,,,ZINCou00000paqOI
,,C[C@@H]1CN(C(=O)C2CCS(=O)(=O)CC2)C[C@@H]1NC(=O)[C@@]1(C)CC1(C)C,,,,,,ZINCpi00000KgDmN
,,C[C@@H]1C[C@H](C(=O)O)CN(C(=O)Cc2ccnnc2O)C1,,,,,,ZINCk500000BmeRl
,,CC(C)N(CCCNC(=O)CC(C)(C)C1CC1)CC[C@@H]1CCCO1,,,,,,ZINCoF000001BXCH
,,Cc1c(O)cc(C(=O)N[C@H]2CN(C(=O)[C@H]3C[C@H]3F)C[C@H]2C#N)cc1O,,,,,,ZINCpe00000SOCCh
,,C[C@@H]1CN(C(=O)C2(C)CSC2)CC[C@H]1NC(=O)Cc1c(Cl)cnn1C,,,,,,ZINCpn00000KgDmv
,,Cc1ccc([C@H](NCCN2CCC[C@@H](O)C2)c2cccc(C)c2)nc1,,,,,,ZINCpy00000r75Ou
,,CCn1cc(CN(C[C@H]2C[C@@]23CC3(F)F)C(=O)CSCC(F)F)cn1,,,,,,ZINCpC00000O7ze3
,,CC(C)[C@H](O)[C@H](C)C(=O)N1CC[C@@H](c2cccc(NS(C)(=O)=O)c2)C1,,,,,,ZINCpq00000CDbym
,,Cc1ccc([C@@H](NC(=O)c2ccc3nn(C)cc3c2)C(=O)O)cc1C,,,,,,ZINCpx00000r75OC
,,Cc1c(O)ccc(CNC[C@H]2COCCN2C(=O)c2ccno2)c1O,,,,,,ZINCpg00000SOCBV
,,CCc1nc(C)[nH]c1C(=O)N1CC[C@@H](C)[C@H]1CNC(=O)C1=CCC1,,,,,,ZINCop000008EeQL
,,CC(C)[C@@H](O)[C@H](C)C(=O)N1CC[C@H](CC(=O)NCC(F)(F)C(C)C)C1,,,,,,ZINCps00000CDbyu
,,CN1C[C@@H](NC(=O)N[C@H](C(F)F)C2CC(F)(F)C2)CCS1(=O)=O,,,,,,ZINCnf00000Un309
,,CC[C@H](CN(C)C(=O)[C@@H]1CCN1C(=O)[C@H](CSC)OC)OC,,,,,,ZINCme00000x0YCF
,,CCc1nc(C)[nH]c1C(=O)N1CC(F)(F)C[C@H]1CNC(=O)C(C)C,,,,,,ZINCop000008EeHR
,,CC[C@H](NC(N)=O)C(=O)N[C@@H]1C[C@H](NC(=O)[C@@H](C)C(C)C)C[C@H]1O,,,,,,ZINCo500000HIsbK
,,Fc1ccc(-c2nc(N3CC[C@@H](OC(F)F)C3)no2)cc1,,,,,,ZINClw00000juJkw
,,C[C@@H]1C[C@H](C(=O)O)N1C(=O)CCC(F)(F)CCO,,,,,,ZINCie00000BmeRP
,,C[C@]1(CO)CCN(C(=O)[C@@H]2C[C@@H]2NCc2ccnc(Br)c2F)C[C@@H]1O,,,,,,ZINCpg00000SOCCI
,,O=C(N[C@H]1CCC[C@@H](C2CC2)C1)[C@@H]1CCN1C(=O)c1cccs1,,,,,,ZINCnA00000lmD0o
,,Cc1c(O)cc(C(=O)N2CC[C@@H](C(=O)N[C@@H]3COC(=O)C3)C2)cc1O,,,,,,ZINCp900000SOCC2
,,CC1CCC([C@H](CO)NC(=O)C(F)(F)c2cccc(C(=O)O)c2)CC1,,,,,,ZINCpx00000r75Oi
,,CN1C[C@H](NC(=O)N[C@H]2[C@@H](O)[C@H]3CCO[C@@H]23)[C@@H]1c1ccccc1,,,,,,ZINCna00000Un305
,,CNC(=O)CN(Cc1cc(C)cc(C)c1)CC(F)F,,,,,,ZINCjr00000cvjZa
,,C[C@@H]1CN(C(=O)C2(C)CSC2)C[C@@H](C)C1NC(=O)Cc1cncnc1,,,,,,ZINCpj00000KgDmE
,,CC[C@H](NC(N)=O)C(=O)N[C@H]1CCO[C@H]1C(=O)N1CC(O)(CC)C1,,,,,,ZINCo400000HIsbX
,,CC[C@@H](C)N(C)C(=O)[C@H]1CCN1C(=O)[C@H]1OCC[C@H]1C(C)C,,,,,,ZINCmp00000x0YCy
,,C[C@]1(CO)CCN(C(=O)C2CCC(CNC(=O)C(N)=O)CC2)C[C@@H]1O,,,,,,ZINCp400000SOCCn
,,C[C@H](C(=O)NC1CC1)N(C)[C@H]1CCCN(C(=O)[C@@H]2CCC(C)(C)C2)C1,,,,,,ZINCpu000002pT0E
,,CCOCC(=O)N1C[C@@H]2C[C@H]1CN2C(=O)C1(n2cc(Cl)cn2)CC1,,,,,,ZINCoe00000xgegB
,,C[C@@H]1CN(C(=O)c2cc(O)ncn2)CC[C@@H]1N(C)C(=O)[C@H]1C[C@@H](F)C1,,,,,,ZINCpi00000KgDmp
,,CC[C@@H](NC(N)=O)C(=O)N[C@H]1CCO[C@H]1C(=O)N1CC=CC1(C)C,,,,,,ZINCo500000HIsbV
,,CC(C)[C@H]1CC[C@@H](NC(=O)CCNC(=O)C[C@H]2CCCCO2)CC1,,,,,,ZINCox00000paqOF
,,CCn1cc(CN(C[C@H]2C[C@@]23CC3(F)F)C(=O)C2CC(F)(F)C2)cn1,,,,,,ZINCpD00000O7zdX
,,CC[C@H](NC(N)=O)C(=O)N[C@H]1C[C@H](O)[C@@H](NC(=O)[C@H]2CCOC2)C1,,,,,,ZINCo400000HIsbR
,,CN1C[C@H](NC(=O)N[C@@H]2C[C@H]3CC[C@H]2C[C@@H]3O)C2(CCCC2)C1,,,,,,ZINCnn00000Un303
,,CC[C@H](NC(N)=O)C(=O)N[C@H]1CCO[C@H]1C(=O)NCCC(=O)OC,,,,,,ZINCo400000HIsc1
,,CCc1nc(C(C)C)ccc1C(=O)N[C@@H](C)CNC(=O)[C@H](F)OC,,,,,,ZINCop000008EeAa
,,CC(C)[C@H](O)[C@@H](C)C(=O)N1CC[C@H](CCC(=O)N[C@H]2C[C@H](CF)C2)C1,,,,,,ZINCpr00000CDbyp
,,C[C@@H]1CN(C(=O)C2(CF)CC2)CC[C@H]1NC(=O)C1(F)CCN(C)CC1,,,,,,ZINCpl00000KgDmO
,,C[C@@H]1CN(C(=O)C2(C)CSC2)CCN1C(=O)c1cncc2c[nH]nc12,,,,,,ZINCpj00000KgDmH
,,O=C(NC1(c2ccc(Cl)nc2)CCC1)c1ncoc1C1CC1,,,,,,ZINCmE000000mQTW
,,C[C@]1(CO)CCN(C(=O)[C@]23C[C@H]2CN(C(=O)[C@H]2CCCO2)C3)C[C@H]1O,,,,,,ZINCp500000SOCCk
,,CC1(C)CC[C@H](NC(=O)C2=CCC2)[C@@H](CNC(=O)CC2CC(=O)C2)C1,,,,,,ZINCpv00000r75OA
,,CN1C[C@H](NC(=O)OC(C)(C)C)C[C@H]1C(=O)N1CC[C@H]2C[C@H]2C1,,,,,,ZINCnk00000Un30i
,,CC1(C)CC[C@H](CS(=O)(=O)N2CCN(c3cncc(Br)c3)CC2)OC1,,,,,,ZINCpv00000r75On
,,CCn1cc(CN(C[C@@H]2CC23CC3)C(=O)[C@H](C)[C@H](C)COC)c(C)n1,,,,,,ZINCpC00000O7zdU
,,CNC(=O)CN(Cc1ccc(C)cc1Br)CC(F)F,,,,,,ZINCjv00000cvjZ8
,,C[C@H]1C[C@H](C(=O)O)N1C(=O)C1(C(C)(C)O)CC1,,,,,,ZINChc00000BmeRC
,,C[C@H](CC1CCCC1)CN(Cc1cc(Cl)ccc1F)C(=O)CNC=O,,,,,,ZINCpH00000FKoLx
,,CCOCCCCC(=O)NCC1CC(N=c2nc(C3CC3)[nH]s2)C1,,,,,,ZINCoz00000tgQte
,,C[C@@H]1CN(C(=O)C2[C@@H]3COC[C@@H]23)C[C@@H]1NC(=O)CCC1CC(F)(F)C1,,,,,,ZINCpm00000KgDn8
,,C[C@@H]1C=C(C(=O)N(C)C[C@H](O)CNC(=O)C=Cc2ccco2)CC1,,,,,,ZINCol00000pGq2s
,,CN1C[C@@H](NS(=O)(=O)c2ccc(NCCF)c(F)c2)C(C)(C)C1,,,,,,ZINCno00000Un30q
,,CC1(C)CC[C@H](C(=O)OC[C@@H]2CCC3(CCC4(CC3)OCCO4)O2)O1,,,,,,ZINCpx00000r75Ol
,,C=C[C@H](C)N(C)C(=O)[C@@H]1CCN1C(=O)CN1CCC(=O)CC1,,,,,,ZINCm800000x0YCL
,,C[C@@H]1CN(C(=O)C2([C@@H]3CCCO3)CC2)CCCN1C(=O)c1nncs1,,,,,,ZINCpl00000KgDn6
,,CC[C@H](NC(N)=O)C(=O)N[C@H]1C[C@H](O)[C@@H](NC(=O)CSC(C)C)C1,,,,,,ZINCo500000HIsbT
,,COC(=O)[C@@H](NC(=O)NCCc1cc(Cl)ccc1Cl)C1COC1,,,,,,ZINCnq00000k3hb1
,,c1cc2c(s1)CCC[C@@H]2N[C@H]1CNCC12CCOCC2,,,,,,ZINCku000000PykG
,,CC[C@H](NC(N)=O)C(=O)N[C@@H]1C[C@H](O)[C@@H](NC(=O)CC[S@@](C)=O)C1,,,,,,ZINCo400000HIsbQ
,,CN1C[C@H](NC(=O)N[C@@H](CS(C)(=O)=O)C(C)(C)C)C2(CC2)C1=O,,,,,,ZINCn900000Un30c
,,C[C@H]1C[C@@H](C(=O)O)N1C(=O)CCC(=O)N1CCOCC1,,,,,,ZINCk500000BmeRR
,,CN1C[C@H](NC(=O)OC(C)(C)C)C[C@H]1C(=O)NCCC1(C)CC1,,,,,,ZINCno00000Un30l
,,C=C[C@H](C)N(C)C(=O)[C@@H]1CCN1C(=O)[C@H](OC)C1CCCC1,,,,,,ZINCmo00000x0YCJ
,,CN1C[C@H](O)C[C@@]1(C)C(=O)NCC(C)(C)CC(=O)NC[C@@H](F)Br,,,,,,ZINCnd00000Un30C
,,CNC(=O)CN(Cc1cc(C)ccc1Cl)CC(F)F,,,,,,ZINCju00000cvjZ9
,,Cc1cc(C(=O)N[C@H](C)[C@H](C)C(=O)N2CC(C)(N(C)C)C2)c(C)s1,,,,,,ZINCos00000sQcTY
,,O=C(NC1(CF)CCC1)c1csc(Cc2cccc(F)c2)n1,,,,,,ZINCmE000000mQRT
,,C[C@H](CC1CCCC1)CN(Cc1cc(Cl)nn1C)C(=O)c1ncc[nH]1,,,,,,ZINCpG00000FKoLA
,,CCn1cc(CN(C[C@@H]2C[C@]23CC3(F)F)C(=O)C[C@@H](C)C(F)F)nn1,,,,,,ZINCpz00000O7ze0
,,C[C@@H]1C[C@H](C(=O)O)N1C(=O)C(F)(F)c1ncccn1,,,,,,ZINCjc00000BmeRS
,,CCn1cc(CN(C[C@@H]2CC23CCC3)C(=O)C[C@]23CCC[C@H]2C3)nn1,,,,,,ZINCpD00000O7ze7
,,CN1C[C@H](NS(=O)(=O)CC2(CC(=O)O)CC2)CC12CCOCC2,,,,,,ZINCna00000Un30t
,,O=C(N[C@@H]1CCC[C@@H]2CCNC[C@@H]21)[C@@H]1SCCc2ccccc21,,,,,,ZINCnz00000lmD0e
,,CCOCC(=O)N1C[C@@H]2CC[C@H](C1)N2C(=O)c1ccc(C#N)cn1,,,,,,ZINCoe00000xge4e
,,CC(C)[C@H]1CC[C@@H](NC(=O)CCNC(=O)c2ncncc2Cl)CC1,,,,,,ZINCov00000paqOE
,,C[C@@H]1C[C@H](C(=O)O)N1C(=O)c1cc2nccn2c(O)n1,,,,,,ZINCk500000BmeRz
,,CN1C[C@H](NC(=O)NN2CCC(CO)CC2)CC[C@H]1C(F)(F)F,,,,,,ZINCnf00000Un30d
,,C[C@H]1CN(C(=O)c2c(F)cncc2Cl)CCN1C(=O)[C@H]1C[C@@](C)(O)C1,,,,,,ZINCpn00000KgDn1
,,C[C@@H]1C=C(C(=O)N(C)CCNC(=O)[C@H]2CCCC[C@H]2C(N)=O)CC1,,,,,,ZINCoi00000pGq2B
,,C[C@@H]1C[C@@H](C(=O)O)N1C(=O)c1cc2c([nH]1)CCOC2,,,,,,ZINCjd00000BmeRw
,,C[C@@H]1CN(C(=O)C2[C@@H]3COC[C@@H]23)C[C@H]1NC(=O)CSc1ccccc1,,,,,,ZINCpm00000KgDn9
,,C[C@@]1(CO)CCN(C(=O)[C@H]2CC(F)(F)CN2Cc2ccc[nH]2)C[C@H]1O,,,,,,ZINCpe00000SOCCF
,,CC(=O)CC(C)(C)C(=O)N(Cc1cccs1)C[C@H]1[C@H]2COCC[C@@H]21,,,,,,ZINCoD00000tgQt1
,,Cc1cc(C(=O)N[C@H](C)[C@@H](C)C(=O)N2CC(C)(N(C)C)C2)sc1C,,,,,,ZINCos00000sQcTZ
,,CC(C)N(CCCNC(=O)C[C@H]1CCCCO1)Cc1cnc(Br)s1,,,,,,ZINCoF000001BXGV
,,CCOCC(C)(C)C(=O)N(CC1C[C@H]2C[C@@H]2C1)C[C@H](CC)CCO,,,,,,ZINCoD00000tgQt5
,,C[C@]1(CO)CCN(C(=O)[C@@H]2C[C@H](O)CCN2S(=O)(=O)C2CC2)C[C@H]1O,,,,,,ZINCp400000SOCCQ
,,CC[C@H](C)[C@H](NC(=O)Cc1cc(Cl)ccc1O)C(=O)N(C)C,,,,,,ZINCms00000aWnmv
,,C[C@H]1C[C@H](C(=O)O)CN(C(=O)COC(C)(C)CN)C1,,,,,,ZINCj900000BmeRt
,,C[C@H]1CN(C(=O)c2ccon2)CC[C@@H]1NC(=O)c1ncc(Cl)cc1O,,,,,,ZINCpn00000KgDmm
,,CN1C[C@H](NC(=O)N[C@H](CO)c2nncn2C)C2(CCCC2)C1,,,,,,ZINCn600000Un30a
,,CC(=O)C(C)(C)CC(=O)N(Cc1ccn(C2CC2)n1)C[C@@H]1C[C@H]1Cl,,,,,,ZINCoB00000tgQtd
,,C[C@@H]1CN(C(=O)C2[C@@H]3COC[C@@H]23)CCN1C(=O)c1cccc(CF)c1,,,,,,ZINCpn00000KgDna
,,Cc1c(O)cc(C(=O)N2CC[C@@H](NC(=O)CC3CC3)[C@H](O)C2)cc1O,,,,,,ZINCpe00000SOCC3
,,CC(C)[C@H](O)[C@H](C)C(=O)N1CC[C@H](C)C[C@@H]1C(=O)N[C@@H]1CCC[C@H]1F,,,,,,ZINCps00000CDbyo
,,C[C@H](C(=O)NC1CC1)N(C)[C@H]1CCCN(C(=O)C=C2CCCCC2)C1,,,,,,ZINCpu000002pT0B
,,C[C@H]1CN(C(=O)c2c(F)cncc2Cl)C[C@H]1NC(=O)CC1CC(=O)C1,,,,,,ZINCpo00000KgDn0
,,C#C[C@H](C)N(C)C(=O)[C@@H]1CCN1C(=O)[C@H](C)n1cc(C)cn1,,,,,,ZINCme00000x0YCD
,,CCOCC(=O)N1C[C@@H](OCC)[C@H](CNC(=O)[C@H]2CSCCS2)C1,,,,,,ZINCoe00000xgdWV
,,Cc1c(O)ccc(CN2CCO[C@@H](C(=O)NCC3(O)CCC3)C2)c1O,,,,,,ZINCpc00000SOCBS
,,CN1C[C@@H](NC(=O)N[C@@H]2CS(=O)(=O)C23CCOCC3)CCC1=O,,,,,,ZINCn500000Un306
,,C=C[C@H](C)N(C)C(=O)[C@@H]1CCN1C(=O)[C@@H]1CCC(=O)N(C)C1,,,,,,ZINCma00000x0YCt
,,C[C@@H]1CN(C(=O)C2(C(F)F)CC2)CCCN1C(=O)C[C@@H]1CCCN1C,,,,,,ZINCpp00000KgDn3
,,C[C@@]1(CO)CCN(C(=O)C2(F)CN(Cc3cncc(Br)c3)C2)C[C@H]1O,,,,,,ZINCpf00000SOCCv
,,Cc1ccc(S(=O)(=O)N2CCC(C[C@]3(C)NC(=O)NC3=O)CC2)o1,,,,,,ZINCof00000BLQTG
,,C[C@H]1CN(C(=O)C2(C)CSC2)CC[C@@H]1N(C)C(=O)CCc1nncs1,,,,,,ZINCpp00000KgDmu
,,CC(=O)CCCCC(=O)N(Cc1ccn2ccnc2c1)CC(F)F,,,,,,ZINCoA00000tgQtc
,,C[C@@H]1CC(C(=O)NCCCNC(=O)[C@@]2(CC3CC3)CCCO2)=NO1,,,,,,ZINCoh00000pGq2v
,,C=Cn1cc(CN(C[C@@H]2C[C@@]23CC3(F)F)C(=O)[C@H]2C[C@H]2C(F)F)cn1,,,,,,ZINCpC00000O7ze2
,,Cc1c(O)cc(C(=O)N2C[C@@H]3[C@@H](C2)N3C(=O)c2ccncn2)cc1O,,,,,,ZINCpb00000SOCC6
,,CC(C)[C@H](O)[C@H](C)C(=O)N1CC[C@H](CC(=O)NC[C@@H]2CCCCS2)C1,,,,,,ZINCps00000CDbyv
,,Cc1c(O)cc(C(=O)N[C@H]2C[C@@H](C(=O)N3CC[C@@](C)(O)C3)C2)cc1O,,,,,,ZINCpe00000SOCCe
,,CN1C[C@@H](NC(=O)N[C@@H]2CCCC[C@@H](P(C)(C)=O)C2)C[C@H]1CO,,,,,,ZINCnm00000Un301
,,Cc1c(O)cc(C(=O)N[C@@H]2CN(C(=O)c3cocn3)C[C@H]2O)cc1O,,,,,,ZINCp600000SOCCg
,,C[C@H]1CN(C(=O)C2(C)CSC2)C[C@H]1NC(=O)c1ccc2nc[nH]c2c1,,,,,,ZINCpo00000KgDmC
,,C=C[C@@H](C)N(C)C(=O)[C@@H]1CCN1C(=O)[C@H](C)N1CCNC1=O,,,,,,ZINCm600000x0YCE
,,C[C@@H]1CN(C(=O)C2(C)CSC2)C[C@@H](C)C1NC(=O)CCN1CCCC1,,,,,,ZINCpo00000KgDmF
,,CN1C[C@@H](O)C[C@]1(C)C(=O)NCC1(C(=O)N[C@H]2C[C@@H](F)C2)CC1,,,,,,ZINCn500000Un30z
,,CN1C[C@H](NS(=O)(=O)c2cccnc2N(C)CCF)CCC1=O,,,,,,ZINCn900000Un30n
,,Cc1cc(C(=O)N[C@@H](C)[C@H](C)C(=O)N2CC(F)(C3CC3)C2)cn1C,,,,,,ZINCoq00000sQcU0
,,CC1(C)CC[C@@H](Nc2cnccc2C(=O)NC2(c3nc[nH]n3)CC2)C1,,,,,,ZINCpw00000r75Or
,,COC(=O)CN(C(=O)[C@H]1CCCc2c(I)n[nH]c21)C1CCCC1,,,,,,ZINCnt00000k3hbc
,,C[C@H](C(=O)NC1CC(CNC(=O)[C@]2(C)C=CCCC2)C1)[C@@H]1CCOC1,,,,,,ZINCpu000002pSUC
,,C[C@H](C(=O)NC1CC(CNC(=O)c2cccc(Cl)c2)C1)n1cccn1,,,,,,ZINCpu000002pSVD
,,CN1C[C@@H](NS(=O)(=O)c2cccnc2NCCC#N)CC1(C)C,,,,,,ZINCnh00000Un30p
,,C[C@]1(CO)CCN(C(=O)[C@@H]2C[C@H]2NC(=O)c2cncc(Cl)c2)C[C@H]1O,,,,,,ZINCpa00000SOCCJ
,,CCc1nc(C)[nH]c1C(=O)N(C)C[C@@H]1CCCN1C(=O)[C@@H]1C[C@H]1C,,,,,,ZINCop000008EeD6
,,CC[C@H](C)[C@H](NC(=O)Cc1nnn(C)n1)c1ccc(Cl)cc1,,,,,,ZINCmt00000aWnmy
,,CC(C)[C@H](O)[C@@H](C)C(=O)N1CC[C@H](CN=c2ccnc(C3CC3)[nH]2)C1,,,,,,ZINCps00000CDbyy
,,C[C@@H]1C[C@@H](C(=O)O)N1C(=O)c1c(Cl)n[nH]c1C1CC1,,,,,,ZINCjm00000BmeRD
,,C[C@]1(CO)CCN(C(=O)c2ccc(C3=CC(=O)CCC3)nn2)C[C@H]1O,,,,,,ZINCpe00000SOCCl
,,Cc1cc(C(=O)N[C@H](C)[C@@H](C)C(=O)N2CCOC(C)(C)[C@@H]2C)ns1,,,,,,ZINCos00000sQcU5
,,O=C(N[C@@H]1CCC[C@H](C2CC2)C1)C1=CCN(C(=O)CC(Cl)Cl)C1,,,,,,ZINCnA00000lmD0m
,,CC[C@@H](NC(N)=O)C(=O)N[C@@H]1C[C@H](O)[C@H]1CC(=O)NCC(=O)OC,,,,,,ZINCo300000HIsbO
,,C[C@@H]1CN(C(=O)c2c(F)c(N)cc(Cl)c2F)C[C@H]1NC(=O)C1(O)CC1,,,,,,ZINCpj00000KgDn2
,,Cc1cc(C(=O)N[C@H](C)[C@H](C)C(=O)N2C[C@H]3[C@H](C)[C@H]3C2)cc(C)n1,,,,,,ZINCor00000sQcU3
,,CCn1cc(CN(C[C@@H]2CC23CCC3)C(=O)[C@](C)(CC)CC#N)nn1,,,,,,ZINCpB00000O7ze8
,,C[C@H]1CN(C(=O)c2c(F)cncc2Cl)C[C@H]1NC(=O)c1ccnn1C,,,,,,ZINCpk00000KgDmZ
,,CC[C@@H](NC(N)=O)C(=O)N[C@H]1CCO[C@H]1C(=O)NCC[C@H](O)CO,,,,,,ZINCo300000HIsc0
,,C[C@@H]1CN(C(=O)c2cc(O)ccc2Cl)CCN1C(=O)[C@@H](O)CC(F)F,,,,,,ZINCpn00000KgDmf
,,C[C@]1(CO)CCN(C(=O)C23CC(C(=O)N[C@H]4C[C@@H](O)C4)(C2)C3)C[C@H]1O,,,,,,ZINCp500000SOCCj
,,C[C@H](C(=O)NC1CC1)N(CCCNC(=O)C(C)(C)C1CCC1)C1CC1,,,,,,ZINCpu000002pT0U
,,CC(C)N(CCCNC(=O)C[C@H](C)[C@H]1CCCO1)CC1CCCC1,,,,,,ZINCoF000001BXGq
,,C[C@H]1C[C@H](C(=O)O)N1C(=O)CCC(=O)N1CCC(O)CC1,,,,,,ZINCl500000BmeRQ
,,C=Cn1cc(CN(C[C@H]2CC23CCC3)C(=O)[C@@]2(OC)CCSC2)cn1,,,,,,ZINCpA00000O7ze6
,,C=C[C@H](C)N(C)C(=O)[C@@H]1CCN1C(=O)[C@@H](C)C[C@H](C)C(C)=O,,,,,,ZINCmo00000x0YCz
,,C[C@@]1(CO)CCN(C(=O)[C@@H]2C[C@@H](F)CN2C(=O)c2ccns2)C[C@@H]1O,,,,,,ZINCp800000SOCCL
,,C[C@H]1C[C@@H](C(=O)O)N1C(=O)c1nccn1C(F)(F)F,,,,,,ZINCjg00000BmeRJ
,,CN1C[C@H](NC(=O)NNC(=O)CCCS(C)(=O)=O)CCS1(=O)=O,,,,,,ZINCn400000Un30e
,,C[C@H](C(=O)NC1CC1)N(C)[C@H]1CCCN(C(=O)C2=CCCCCC2)C1,,,,,,ZINCpu000002pT0A
,,O=C(NC1(CNC(=O)c2ccc(Cl)s2)CC1)c1coc(Br)c1,,,,,,ZINCmE000000mQSp
,,C[C@@H]1C[C@H](C(=O)O)CN(C(=O)[C@H]2C[C@](O)(C(F)(F)F)C2)C1,,,,,,ZINCli00000BmeRq
,,C[C@@H]1CN(C(=O)C2(CF)CC(F)(F)C2)C[C@H]1NC(=O)CC1(O)CCC1,,,,,,ZINCpm00000KgDmU
,,C[C@H]1CN(C(=O)C2[C@H]3COC[C@H]23)CCN1C(=O)c1nccc(F)c1Cl,,,,,,ZINCpk00000KgDnd
,,CCc1nc(C(C)C)ccc1C(=O)N1CCCCNS(=O)(=O)CC1,,,,,,ZINCop000008EezI
,,c1cc2c3c(c1)N(CCc1ccns1)CCN3CCO2,,,,,,ZINCku000000Pyl5
,,CC1(C)CC[C@@H](C(=O)O)CN1C(=O)c1cnn(-c2cccc(Br)c2)n1,,,,,,ZINCpx00000r75Om
,,CN1C[C@@H](NC(=O)N[C@@H]2CCCc3c(F)cc(Cl)cc32)C(=O)N1,,,,,,ZINCnl00000Un300
,,CCn1cc(CN(C[C@H]2CC23CCC3)C(=O)[C@@]2(C)C[C@@H]2COC)cn1,,,,,,ZINCpA00000O7ze5
,,C[C@@H]1C[C@@H](C(=O)O)N1C(=O)C(C)(C)CCC#N,,,,,,ZINChj00000BmeRO
,,c1cc2c[nH]nc2cc1CN1CC(C2CCOCC2)C1,,,,,,ZINCku000000Pylg
,,CCn1cc(CN(C[C@H]2CC23CCC3)C(=O)C(C)(C)OC(C)C)nn1,,,,,,ZINCpA00000O7ze9
,,CC[C@@H](NC(N)=O)C(=O)N[C@H]1CCO[C@H]1C(=O)NC(C)(C)COC,,,,,,ZINCo500000HIsbZ
,,Cc1ccc([C@@H](F)CNC(=O)c2ccn3cc(CN)nc3c2)cc1C,,,,,,ZINCpy00000r75Oo
,,CN1C[C@@H](NC(=O)N(CCO)C2CCC2)[C@H](c2ccccc2)C1,,,,,,ZINCnm00000Un2ZX
,,Cc1ccc([C@@H](N)CC(=O)NCC[C@@H]2CCNCCC2(F)F)cc1C,,,,,,ZINCpy00000r75Oy
,,C[C@@H]1C[C@H](C(=O)O)CN(C(=O)/C=C(\F)c2cccnc2)C1,,,,,,ZINClp00000BmeRo
,,CCn1cc(CN(C[C@H]2C[C@]23CC3(F)F)C(=O)Cc2cccs2)nn1,,,,,,ZINCpz00000O7zdY
,,O=C(N[C@@H]1C[C@@H](NC(=O)c2cocn2)C12CCC2)c1c[nH]c(=S)cn1,,,,,,ZINCpi00000SOjPN
,,Cc1ccc(SCC(=O)NCC[C@@H]2CCCN2C(=O)[C@H](C)O)cc1,,,,,,ZINCop00000mLQdV
,,C[C@@H](CNC(=O)[C@@H]1CCC12CCC2)NC(=O)c1cn2cc(Br)sc2n1,,,,,,ZINCpz00000evKrr
,,CCC(CC)(CO)C(=O)NC[C@H]1C[C@@H]1CNC(=O)C1(CCF)CC1,,,,,,ZINCon00000mLQaz
,,CO[C@@H](C(=O)NCCN1CC=CC1)C1CN(C(=O)[C@]2(C)CC2(F)F)C1,,,,,,ZINCpa000015OuDP
,,CC[C@H](C)[C@H](NC(=O)C#CC1(C)COC1)C(=O)N1CC[C@@H]2C[C@@H]21,,,,,,ZINCnh00000UjAYs
,,O=C(N[C@H]1C[C@H](O)C12CCC2)C1=CCCN(C(=O)C(F)(F)C2CC2)C1,,,,,,ZINCpm00000SOjQj
,,CC[C@@](CO)(NC(=O)NC[C@H]1CC(F)(F)C1(C)C)c1ccccc1,,,,,,ZINCoC00000nLszJ
,,CCOC1(CN(C[C@H]2[C@@H]3COC[C@@H]32)C(=O)COC2CC2)CC1,,,,,,ZINCmk00000SzLmM
,,CC[C@H](C)[C@H](NC(=O)CCc1cnco1)C(=O)N(C)[C@H](C)CO,,,,,,ZINCnf00000UjAYv
,,CSCCNC(=S)N[C@@H](C)c1ccccc1C,,,,,,ZINChy000009rUAb
,,CC[C@H](C)[C@H](NC(=O)C#CC(C)(C)C)C(=O)NOCC(=O)OC,,,,,,ZINCnd00000UjAYK
,,COc1nccc(C(=O)N2CC[C@]3(C[C@H]3NC(=O)C(N)=O)C2)c1F,,,,,,ZINCo500000HMzdx
,,Cc1c(Br)cc(F)cc1C(=O)NC[C@@H](C)N(C)C(=O)[C@@H](C)N1CCC1,,,,,,ZINCpv0000095y00
,,COC(=O)[C@@H](NC(=O)CCc1ccncc1C)[C@@H]1C[C@H]1C(=O)OC,,,,,,ZINCod000011tNOv
,,Cc1c(Br)cc(F)cc1C(=O)N[C@@H](CNC(=O)[C@H]1CCOC1)C1CC1,,,,,,ZINCpv0000095y98
,,CCC[C@H](CCCO)C(=O)N1CC[C@H](C2(NC(=O)[C@@H](F)CC)CC2)C1,,,,,,ZINCpu000001VOCE
,,CCC[C@H](CCCO)C(=O)N1C[C@@H]2C[C@H](C1)CN2C(=O)CCC1CC1,,,,,,ZINCpu000001VOIl
,,CN(CCCCNC(=O)c1ccc(Br)s1)C(=O)[C@H](O)c1cnc[nH]1,,,,,,ZINCop00000mLQ70
,,CNS(=O)(=O)[C@@H](C)CNC(=O)Cn1nnnc1C,,,,,,ZINCi400000y8tLP
,,C[C@H](OC(C)(C)C)C(=O)N1CCN(C(=O)[C@H]2CCCCS2)[C@H](C)C1,,,,,,ZINCov000006CIZ7
,,CC[C@H](C)[C@H](NC(=O)C(C)=C(C)C)C(=O)N[C@H](CCO)COC,,,,,,ZINCnj00000UjAYV
,,O=C(N[C@@H]1C[C@@H](NC(=O)C2(CO)CC2)C12CCC2)C1CC(F)(CF)C1,,,,,,ZINCpj00000SOjPM
,,C[C@@H](CNC(=O)[C@@H](C)N(C)C)N(C)C(=O)CCc1ccc(Br)c(Cl)c1,,,,,,ZINCpz00000evKe4
,,CCOC1(CN(C[C@H]2[C@@H]3COC[C@@H]32)C(=O)[C@](C)(O)CC)CC1,,,,,,ZINCmk00000SzLmJ
,,CO[C@@H](C(=O)NCCN(C)C1CC1)C1CN(C(=O)CCP(C)(C)=O)C1,,,,,,ZINCpc000015OuEy
,,O=C(N[C@H]1C[C@H](N2CCOCC2)C12CCC2)[C@@H]1CCc2n[nH]cc2C1,,,,,,ZINCpi00000SOjPs
,,CO[C@@H](C(=O)NCCn1ccnc1)C1CN(C(=O)[C@@]2(C)C=CCC2)C1,,,,,,ZINCpe000015OuEh
,,O=C(N[C@@H]1C[C@H](NC(=O)[C@@]2(Cl)CC2(F)F)C[C@H]1O)c1cc(Cl)ccn1,,,,,,ZINCpk00000SOjPL
,,CO[C@@H](C(=O)NCCN(C)C1CC1)C1CN(C(=O)c2n[nH]cc2C)C1,,,,,,ZINCp6000015OuEw
,,O=C(N[C@@H]1C[C@H](NC(=O)c2cscn2)C[C@H]1O)c1coc(C(F)F)c1,,,,,,ZINCpn00000SOjPP
,,O=C(N[C@@H]1C[C@H](NC(=O)[C@H]2CC23CCSCC3)C[C@H]1O)[C@@H]1C=CCC1,,,,,,ZINCpm00000SOjPV
,,CO[C@@H](C(=O)NCCn1cnc(C(=O)N[C@H]2CCO[C@H]2C)c1)C(C)C,,,,,,ZINCpb000015OuEp
,,CC[C@H](C)[C@H](NC(=O)CCc1nc[nH]n1)C(=O)N(C)[C@@H]1C[C@@H]1C,,,,,,ZINCnh00000UjAYD
,,COc1nccc(C(=O)N2CC3(C[C@@H](C(=O)NCCF)CO3)C2)n1,,,,,,ZINCo500000HMzdp
,,COc1nccc(CNC(=O)CONC(=O)[C@H]2NC(=O)C[C@@H]2C)n1,,,,,,ZINCo400000HMzdm
,,C[C@@H](CNC(=O)Cn1cc(Br)cn1)N(C)C(=O)C1=C(Cl)CC[C@@H](C)C1,,,,,,ZINCpz00000evK9L
,,C[C@@H](CNC(=O)Cc1sccc1Br)CNC(=O)c1ccc(F)c(N)c1,,,,,,ZINCpz00000evK7o
,,CO[C@@H](C(=O)NCCn1ccnc1)C1CN(C(=O)c2csnc2C)C1,,,,,,ZINCpb000015OuEi
,,CO[C@@H](C(=O)NCCn1cncn1)C1CN(C(=O)CCS(N)(=O)=O)C1,,,,,,ZINCp3000015OuEr
,,O=C(N[C@@H]1CCCN(S(=O)(=O)C(F)(F)F)C1)[C@@]1(CF)CCCOC1,,,,,,ZINCoh00000sLS2o
,,CO[C@H](C(=O)NCCn1cc(C(=O)NCCC2CCC2)nn1)C1CC1,,,,,,ZINCpd000015OuE9
,,CC[C@H](C)[C@H](NC(=O)CCCCCOC)C(=O)N[C@H](C)COC,,,,,,ZINCno00000UjAZ3
,,C[C@@H](CNC(=O)Cc1cnn(C(F)F)c1)N(C)C(=O)c1cc(Br)cs1,,,,,,ZINCpz00000evJTz
,,COC(=O)[C@@H](NC(=O)c1c[nH]c(=O)c2ccnn12)c1scnc1C,,,,,,ZINCoa000011tNOn
,,CSCCn1nnnc1[C@@]1(NCC2(SC)CCC2)CCCCC[C@@H]1F,,,,,,ZINCpE00000sZ8fp
,,COC(=O)[C@@H](NC(=O)C[C@@]1(C)CNC(=O)C1)c1cccc(F)c1O,,,,,,ZINCod000011tNOu
,,C[C@H](C(=O)NCC1(O)CN(C(=O)c2csc(S)n2)C1)[C@@H](C)C(C)(C)C,,,,,,ZINCpq000005tQTF
,,C[C@@]1(NC(=O)c2csc(S)n2)CCN(C(=O)c2ccc(Cl)nc2N)C1,,,,,,ZINCpq000005tQLG
,,Cc1c(Br)cc([N+](=O)[O-])cc1C(=O)NC[C@@H]1C[C@@H]1CNC(=O)CCF,,,,,,ZINCpv0000095yk1
,,CO[C@H](C(=O)NCCn1cc(C(=O)NCC2(OC)CC2)nn1)C(C)C,,,,,,ZINCp5000015OuE8
,,COc1nccc(C(=O)N2CC[C@@](C)(CC(=O)NCCCO)C2)n1,,,,,,ZINCo800000HMzdC
,,Cc1c(Br)cc(F)cc1C(=O)N[C@H](C)[C@H](C)NC(=O)c1cn(C)cn1,,,,,,ZINCpv0000095ydR
,,CCOc1cnc([C@H](C(=O)NC)N2[C@H]3CC[C@H]2CSC3)nc1,,,,,,ZINCmi00000SzLmU
,,CCC[C@H](CCCO)C(=O)N1C[C@H](CNC(=O)c2ccco2)C[C@H]1C,,,,,,ZINCpu000001VOKK
,,CO[C@H](C(=O)NCCN(C)C)C1CN(C(=O)c2cc(C)cc(O)n2)C1,,,,,,ZINCp5000015OuEA
,,C=C(C)CONC(=O)CN(C(=O)[C@H]1CCC2(CCC2)C1)C1CCC1,,,,,,ZINCoz00000nLszB
,,O=C(N[C@@H]1CCCC2(CCC2)C1)N[C@@H]1CCC[C@@]12CCCO2,,,,,,ZINCmF000000oFLl
,,O=C(N[C@@H]1C[C@H](NC(=O)[C@@H]2C[C@H]2c2cccs2)C[C@H]1O)c1ccco1,,,,,,ZINCpo00000SOjQa
,,CO[C@H](C(=O)NCCn1cc(C(=O)N2[C@@H](C)CC2(C)C)nn1)C1CC1,,,,,,ZINCpe000015OuE4
,,O=C(N[C@@H]1C[C@@H](NC(=O)c2sccc2CO)C[C@H]1O)c1cc(Cl)ns1,,,,,,ZINCpk00000SOjPR
,,CO[C@@H](C(=O)NCCN(C)C1CC1)C1CN(C(=O)c2nscc2C)C1,,,,,,ZINCpd000015OuEx
,,Cc1c(Br)cc(F)cc1C(=O)NC[C@@](C)(NC(=O)[C@H](C)CO)C1CC1,,,,,,ZINCpv0000095y3r
,,CCC[C@H](CCCO)C(=O)N1C[C@H](NC(=O)CCF)[C@@H]2CCCC[C@H]21,,,,,,ZINCpu000001VOL4
,,C[C@@H](CNC(=O)Cc1ccc(Cl)cc1Br)CNC(=O)[C@@]1(C)CCOC1,,,,,,ZINCpz00000evJBY
,,CNS(=O)(=O)NCCCNC(=O)C[C@@H](O)CCSC,,,,,,ZINCj500000y8tMo
,,CC[C@@](C)(O)CCN(Cc1cc(F)ccc1C)C[C@H]1C[C@H](OC)C1,,,,,,ZINCoJ00000xkm9p
,,CCC[C@H](CCCO)C(=O)N1C[C@@H](C)[C@@H](CNC(=O)[C@H]2CC2(C)C)C1,,,,,,ZINCpu000001VOGC
,,O=C(N[C@@H]1C[C@H](NC(=O)[C@H]2C[C@]2(F)Cl)C[C@H]1O)C1CCC(F)(F)CC1,,,,,,ZINCpo00000SOjPW
,,COC(=O)[C@H](NC(=O)c1nnn([C@H]2CCOC2)c1C)[C@H]1CC1(C)C,,,,,,ZINCoe000011tNOr
,,O=C(N[C@@H]1C[C@H](NC(=O)C2C[C@@H]3CCC[C@H]3C2)C[C@H]1O)C1=CCSC1,,,,,,ZINCpm00000SOjPJ
,,CC[C@@](C)(O)CCN(CC1=CCCSC1)C(=O)Nc1ncc(C)s1,,,,,,ZINCoJ00000xkm9o
,,O=C(N[C@@H]1CCCC(F)(F)CC1)[C@@H]1CC[C@H]2COCC[C@H]2C1,,,,,,ZINCmF000000oFKG
,,O=C(N[C@@H]1C[C@H](NC(=O)[C@H]2C3C[C@@H]4C2[C@@H]4C3)C[C@H]1O)c1ccc(F)s1,,,,,,ZINCpl00000SOjPT
,,CNS(=O)(=O)[C@@H](C)CNC(=O)C[S@](=O)c1ccc(Cl)cc1,,,,,,ZINClb00000y8tLV
,,CC[C@H](C)[C@H](NC(=O)C=Cc1ccco1)C(=O)N[C@H](C)COC,,,,,,ZINCnp00000UjAYp
,,CC[C@H](C)[C@H](NC(=O)/C=C/C(C)(C)C)C(=O)NCCNC(N)=O,,,,,,ZINCnf00000UjAYJ
,,COc1nccc(C(=O)N2CCCC[C@@H](C(=O)N[C@H](C)CO)C2)n1,,,,,,ZINCo800000HMzdF
,,O=C(N[C@H]1C[C@H](N2CCOCC2)C12CCC2)N1CCCO[C@@H](CF)C1,,,,,,ZINCpk00000SOjPt
,,C[C@H](CN=c1ncc(Br)c[nH]1)NC(=O)C1CC2(C1)CC(F)(F)C2,,,,,,ZINCnz000003ELbd
,,Nc1c(Cl)cc(C(=O)NC[C@H]2C[C@@H]2c2cn[nH]c2)cc1[N+](=O)[O-],,,,,,ZINCnq00000DIBdj
,,C[C@@H](CNC(=O)Cc1csc(Br)c1)NC(=O)CCCCN1CCCC1,,,,,,ZINCpz00000evJXv
,,O=C(N[C@@H]1C[C@@H](NC(=O)C2(CCCF)CC2)C[C@H]1O)c1cc(Cl)no1,,,,,,ZINCpl00000SOjPE
,,CNS(=O)(=O)[C@@H](C)CNC(=O)C(=O)c1cccc(C)c1,,,,,,ZINCk800000y8tLR
,,CO[C@@H](C(=O)NCCn1cnnn1)C1CN(C(=O)[C@H](C)CC(N)=O)C1,,,,,,ZINCp3000015OuEu
,,C=CCOCCN(CCCNC(=O)[C@H](F)C(F)(F)F)C1CC1,,,,,,ZINCmq000002t8qh
,,CO[C@@H](C(=O)NCCN1CC[C@H]2C[C@H]21)C1CN(C(=O)C2(C)CCC2)C1,,,,,,ZINCpe000015OuDW
,,Cc1c(Br)cc(F)cc1C(=O)NC[C@@]1(C)CCN(C(=O)C2COC2)C1,,,,,,ZINCpv0000095y3u
,,CCC[C@H](CCCO)C(=O)N1CC[C@H](CNC(=O)[C@]2(C)C[C@@]2(F)Cl)C1,,,,,,ZINCpu000001VODb
,,CO[C@@H](C(=O)NCCN1CC[C@@H](C)C1)C1CN(C(=O)c2ccon2)C1,,,,,,ZINCp8000015OuDY
,,C[C@@H](CNC(=O)[C@@H](C)Sc1ccc(Br)cc1)N(C)C(=O)c1cnc[nH]1,,,,,,ZINCpz00000evKgK
,,CO[C@H](C(=O)NCCn1cnc(C(=O)N[C@H]2CCNC2=O)c1)C1CC1,,,,,,ZINCp5000015OuEo
,,Nc1c(Cl)cc(C(=O)N2CC[C@]3(CCC[C@H](CO)O3)C2)nc1Cl,,,,,,ZINCnr00000DIBdd
,,CNS(=O)(=O)N1CCN(C(=O)[C@@H]2C[C@@H](C)C2(C)C)CC1,,,,,,ZINCk800000y8tM8
,,O=C(N[C@@H]1C[C@@H](NC(=O)[C@@H]2CN3CCC[C@H]2C3)C12CCC2)C1CCC1,,,,,,ZINCpm00000SOjQf
,,CNS(=O)(=O)NCC[C@H](OC(C)(C)C)C(=O)O,,,,,,ZINCh500000y8tMj
,,O=C(N[C@@H]1C[C@H](NC(=O)[C@H]2CCCOCC2)C[C@H]1O)c1cc(Cl)ns1,,,,,,ZINCpj00000SOjQ6
,,CCOC1(CN(C)[C@@H](C(=O)NC)c2nn(C)nc2Br)CCC1,,,,,,ZINCmi00000SzLmT
,,Cc1c(Br)cc(F)cc1C(=O)NC[C@@H](C)NC(=O)C12COCC(C1)C2,,,,,,ZINCpv0000095y0h
,,CNS(=O)(=O)NC1CCN(C(=O)CCC2OCCO2)CC1,,,,,,ZINCl500000y8tMd
,,C=CCOCCN(CCNC(=O)C(C)(C)CCC)CCOC,,,,,,ZINCmq000002t8qt
,,C=CCC(C)(C)C(=O)N[C@H]1CN(C(=O)[C@H](O)C(F)F)CC(C)(C)C1,,,,,,ZINCop00000mLQdF
,,CNS(=O)(=O)N1CCC(C(=O)N2CSCC2(C)C)CC1,,,,,,ZINCka00000y8tLZ
,,CO[C@@H](C(=O)NCCN1CC=CC1)C1CN(C(=O)c2occc2C)C1,,,,,,ZINCpc000015OuDQ
,,O=C(N[C@@H]1CCCN(S(=O)(=O)C(F)(F)F)C1)N1C[C@H]2CSC[C@H]2C1,,,,,,ZINCoj00000sLS2p
,,C[C@@H](CNC(=O)[C@@H](O)c1cccc(F)c1)N(C)C(=O)c1ccc(Br)s1,,,,,,ZINCpz00000evKny
,,COC(=O)[C@H](NC(=O)C[C@@H]1CO[C@H](C(F)(F)F)CN1)c1cscn1,,,,,,ZINCod000011tNOD
,,CO[C@H](C(=O)NC[C@H](O)C(=O)N(C)[C@H]1COC(C)(C)C1)C1CCCC1,,,,,,ZINCpc000015OuDF
,,CCOc1cnc(CN[C@@H](C(=O)OC)[C@@H]2CCCCO2)nc1,,,,,,ZINCmg00000SzLmZ
,,CC[C@H](C)[C@H](NC(=O)CCC(C)C)C(=O)N[C@@H]1CCOC[C@H]1O,,,,,,ZINCni00000UjAYS
,,O=C(N[C@@H]1CCCOC1)c1ccc(CNC(=O)[C@]2(O)CCSC2)s1,,,,,,ZINCoh00000sLS2y
,,O=C(N[C@@H]1C[C@H](NC(=O)[C@@H]2[C@H]3CCCC[C@H]32)C[C@H]1O)c1c[nH]nc1Cl,,,,,,ZINCpi00000SOjQd
,,O=C(Oc1ccccc1Cl)[C@@H]1CCCC2(CCC2)O1,,,,,,ZINCjH000009rUBL
,,C[C@@]1(NC(=O)c2cc3c(cc2[N+](=O)[O-])OCO3)CCCC[C@H]1C(=O)O,,,,,,ZINCpq000005tQL1
,,C[C@@]1(CNC(=O)c2csc(S)n2)CCCN1C(=O)c1c[nH]c(C#N)c1,,,,,,ZINCpq000005tQKt
,,COc1nccc(C(=O)N2CC[C@]3(C[C@@H]3C(=O)NOCCF)C2)n1,,,,,,ZINCo900000HMzdw
,,CCOc1cnc(CN(CCSC)Cc2nccn2C)nc1,,,,,,ZINCmp00000SzLmY
,,O=C(N[C@@H]1C[C@H](NC(=O)[C@]23CCC[C@H]2C3)C[C@H]1O)[C@@H]1CC12CCCC2,,,,,,ZINCpo00000SOjPv
,,CCOC1(CN(C)[C@H](C)C(=O)NS(=O)(=O)[C@H](C)CC)CCC1,,,,,,ZINCml00000SzLmS
,,C=CCOCCN1CC([C@H](C)NC(=O)c2ccc(F)cc2)C1,,,,,,ZINCmq000002t8s1
,,Cc1cc(CN[C@@H](C)c2cc3c(Cl)nccc3o2)n[nH]1,,,,,,ZINCkD000002a8oi
,,CCC[C@H](CCCO)C(=O)N1CCN(C(=O)[C@H]2CC23CCC3)C[C@@H]1C,,,,,,ZINCpu000001VOyd
,,C=CCOCCN1CC=C(CCNC(=O)C2(CF)CC2)CC1,,,,,,ZINCmq000002t8s8
,,CNS(=O)(=O)N1CCC[C@]2(C1)NC(=O)N(C)C2=O,,,,,,ZINCi400000y8tLX
,,O=C(N[C@H]1CCCOC12CCOCC2)[C@@]12CC[C@@H](CNC1)C2(F)F,,,,,,ZINCok00000sLS2x
,,Nc1c(Cl)cc(S(=O)(=O)NC[C@@H]2CCn3nccc3C2)cc1Cl,,,,,,ZINCnt00000DIBdn
,,CC[C@H](C)[C@H](NC(=O)C#CC(C)C)C(=O)N[C@H]1COC(C)(C)C1,,,,,,ZINCno00000UjAYT
,,Cc1ccc(C(=O)N2C[C@H](C)[C@@H]2C(=O)N2CC[C@H]3CCC[C@H]32)cn1,,,,,,ZINCos00000sPUnO
,,CO[C@H](C(=O)NC[C@H](O)C(=O)NCCN1CC=C(C)CC1)C1CCC1,,,,,,ZINCp6000015OuDH
,,O=C(N[C@H]1C[C@@H](n2cc(COCCCCO)nn2)C1)c1csc(Cl)n1,,,,,,ZINCpo00000SOjPl
,,COc1nccc(CNC(=O)CONC(=O)[C@H](F)n2ccnc2)n1,,,,,,ZINCo500000HMzdn
,,Cc1cc(CNS(=O)(=O)c2cc(C)c(Br)c(C)c2)sn1,,,,,,ZINCkD000002a8lq
,,CO[C@H](C(=O)NCCn1cncn1)C1CN(C(=O)CCCN(C)C)C1,,,,,,ZINCp5000015OuEq
,,C[C@H](CNC(=O)C(C)(C)C(F)(F)F)CN(C)C(=O)[C@]1(C)C[C@@H]1Br,,,,,,ZINCnz000003ELm3
,,C[C@@H](CNC(=O)Cc1ccc(Cl)cc1Br)NC(=O)C1(O)CCCCC1,,,,,,ZINCpz00000evJCi
,,C[C@H](C(=O)NCC1CCC1)n1cc(-c2ccccc2CC(=O)O)nn1,,,,,,ZINCpq000005tQTJ
,,CC[C@H](C)[C@H](NC(=O)CCC1(C)N=N1)C(=O)NCCN(C)OC,,,,,,ZINCng00000UjAYx
,,CC[C@H](C)[C@H](NC(=O)C=Cc1cscn1)C(=O)NC[C@H](O)CC,,,,,,ZINCnl00000UjAYB
,,O=C(N[C@@H]1C[C@H](NC(=O)c2csc(Cl)n2)C[C@H]1O)C1=C(Cl)CCOC1,,,,,,ZINCpk00000SOjPO
,,O=C(N[C@@H]1CCCOC1)C1=CC[C@H]2CC[C@H]1N2C(=O)c1cnns1,,,,,,ZINCoh00000sLS2A
,,Nc1c(Cl)cc(C(=O)N2CCO[C@H](COCC3CC3)C2)nc1Cl,,,,,,ZINCns00000DIBde
,,C[C@@H](CNC(=O)Cc1ccc(Cl)cc1)NC(=O)Cc1cncc(Br)c1,,,,,,ZINCpz00000evJBQ
,,O=C(N[C@@H]1C[C@H](NC(=O)[C@H]2CCc3ccccc32)C[C@H]1O)C1CCC1,,,,,,ZINCpm00000SOjPZ
,,C[C@@H](CNC(=O)Cc1cscn1)NC(=O)c1nsc2cc(Br)ccc12,,,,,,ZINCpz00000evK4U
,,Cc1c(Br)cc(F)cc1C(=O)N[C@@H](CO)CNC(=O)[C@H]1CCC1(C)C,,,,,,ZINCpv0000095y9u
,,Cc1c(Br)cc(F)cc1C(=O)NCC(C)(C)CNC(=O)[C@H]1C[C@@H](O)C1,,,,,,ZINCpv0000095xVf
,,COC(=O)c1ccc(C(=O)N[C@@H](C)CNC(=O)[C@]2(Cl)CC2(F)F)s1,,,,,,ZINCon00000mLQ98
,,CC[C@H](C)[C@H](NC(=O)CCC(C)(C)C)C(=O)NCCC(=O)NO,,,,,,ZINCnj00000UjAYI
,,O=C(N[C@@H]1C[C@H](NC(=O)C2(C3CC3)CC2)C[C@H]1O)[C@@H]1CC12CCCC2,,,,,,ZINCpo00000SOjPB
,,C[C@H](C(=O)NC[C@@H](NC(=O)OC(C)(C)C)C(=O)O)c1ccc(F)cc1,,,,,,ZINCpq000005tQUC
,,C[C@H](CN=c1nc[nH]s1)N(C)C(=O)c1cc2ccoc2cc1F,,,,,,ZINCnz000003EL9V
,,CCN(CC)C1CCN(C(=O)C[C@H]2CCN(CC(F)(F)F)C2)CC1,,,,,,ZINCov000002QvDE
,,O=C(N[C@H]1C[C@@H](n2cc(CO[C@H]3CCOC3)nn2)C1)c1csc(Cl)n1,,,,,,ZINCpo00000SOjPn
,,O=C(N[C@H]1C[C@H](NC(=O)[C@H]2CC[C@H](F)C2)C[C@@H]1O)C1C2(CC2)C12CC2,,,,,,ZINCpk00000SOjQ5
,,CC[C@](C)(O)CCN(Cc1cccs1)C(=O)Nc1cnc(Cl)nc1,,,,,,ZINCoH00000xkm9n
,,Nc1c(Cl)cc(F)cc1C(=O)N1CC[C@@H](C(=O)c2nccs2)C1,,,,,,ZINCny00000DIBdl
,,COC(=O)[C@H](NC(=O)C=C/C(C)=C/c1ccccc1)C1(O)COC1,,,,,,ZINCog000011tNOy
,,CCOC1(CN(C[C@@H]2CCSC2)C(=O)CNC=O)CCCC1,,,,,,ZINCmm00000SzLmH
,,O=C(N[C@@H]1C[C@H](NC(=O)[C@@H]2[C@H]3CCC[C@H]32)C[C@H]1O)C1CC2(CSC2)C1,,,,,,ZINCpj00000SOjQe
,,CNS(=O)(=O)N1CCC(C(=O)N2C[C@H]3C[C@@]3(CN)C2)CC1,,,,,,ZINCl400000y8tLY
,,O=C(N[C@@H]1C[C@@H](NC(=O)[C@H]2C[C@@H]3CCC[C@@H]3C2)C[C@H]1O)c1cnsc1,,,,,,ZINCpn00000SOjQb
,,C=CCOCCN(CCC)CCNC(=O)[C@H](OCC)C(C)C,,,,,,ZINCmq000002t8pX
,,C[C@H](CNC(=O)C(=O)N1C[C@H]2CC[C@@H](C2)C1)c1ccc(Br)cc1,,,,,,ZINCnz000003ELkl
,,C[C@H](CCCNC(=O)Cc1ccsc1)NC(=O)/C=C/[C@@H]1CCCO1,,,,,,ZINCou000005vRUx
,,CNS(=O)(=O)NC1CCN(C(=O)C(C)(C)[C@@H](C)O)CC1,,,,,,ZINCk500000y8tMe
,,C[C@@H](CNC(=O)Cc1sccc1Br)CNC(=O)c1cccc(F)c1N,,,,,,ZINCpz00000evK7t
,,O=C(N[C@@H]1CCCOC12CCC2)[C@@H]1CN(C(=O)CCCF)CCO1,,,,,,ZINCoh00000sLS2v
,,CSCCn1nnnc1[C@@]1(NCc2occc2C)CCC[C@@H](C)CC1,,,,,,ZINCpF00000sZ8fl
,,O=C(N[C@H]1CCCOC1)C1=CC[C@H]2CC[C@H]1N2C(=O)c1cnsn1,,,,,,ZINCoh00000sLS2B
,,COc1nccc(C(=O)N2CCC[C@@](F)(C(=O)N3CC(O)C3)C2)n1,,,,,,ZINCo500000HMzdH
,,O=C(N[C@@H]1CCCOC12CCC2)[C@@H]1CCN(C(=O)[C@@H]2C=CCS2)O1,,,,,,ZINCok00000sLS2t
,,CC[C@H](C)[C@H](NC(=O)C=C(C)C1CC1)C(=O)NC[C@@H](O)CCO,,,,,,ZINCnd00000UjAYF
,,CNS(=O)(=O)NC1CCN(C(=O)[C@]2(Cl)C[C@@H]2C(C)=O)CC1,,,,,,ZINCl500000y8tMb
,,CO[C@H](C(=O)NCCN1CCC1)C1CN(C(=O)C2(OC)CCCC2)C1,,,,,,ZINCp8000015OuDN
,,O=C(N[C@@H]1C[C@@H](NC(=O)[C@]23CCC[C@H]2C3)C[C@H]1O)[C@H]1CCC(F)(F)C1,,,,,,ZINCpn00000SOjPw
,,CC[C@H](C)[C@H](NC(=O)C=Cc1cc[nH]n1)C(=O)N(C)[C@H](C)CO,,,,,,ZINCnd00000UjAYq
,,CC[C@H](C)[C@H](NC(=O)C=CC(C)C)C(=O)N1CC[C@H](C(N)=O)C1,,,,,,ZINCng00000UjAYM
,,COc1nccc(C(=O)N2CC[C@@]2(C)CC(=O)NC(C)(C)CO)n1,,,,,,ZINCo900000HMzdr
,,O=C(N[C@@H]1C[C@H](NC(=O)[C@]23CCC[C@H]2C3)C[C@H]1O)c1ccccc1F,,,,,,ZINCpn00000SOjPu
,,O=C(N[C@@H]1C[C@H](NC(=O)[C@@]23CC[C@@H](C[C@H]2F)C3)C[C@H]1O)c1cnsc1,,,,,,ZINCpk00000SOjPx
,,CCOC1(CN(C[C@@H]2CCSC2)C(=O)C2COCOC2)CC1,,,,,,ZINCmn00000SzLmG
,,O=C(N[C@@H]1C[C@@H](NC(=O)[C@@H](F)C2CCCC2)C[C@H]1O)C1CCSCC1,,,,,,ZINCpn00000SOjQg
,,O=C(N[C@@H]1C[C@H](NC(=O)[C@H](F)[C@H]2CCOC2)C[C@H]1O)c1sccc1Cl,,,,,,ZINCpl00000SOjQi
,,CC=CCONC(=O)NCCCC1(C2OCCO2)CCCCCC1,,,,,,ZINCoC00000nLszH
,,O=C(N[C@H]1C[C@@H](n2cc(COCCO)nn2)C1)c1c(F)cccc1Cl,,,,,,ZINCpn00000SOjPm
,,CC[C@H](C)[C@H](NC(=O)CCCCC(N)=O)C(=O)NCCCCO,,,,,,ZINCna00000UjAZ2
,,C[C@@H](CNC(=O)[C@@H](C)c1cncnc1)NC(=O)c1cc(Br)ccc1Cl,,,,,,ZINCpz00000evKiL
,,CCOC1CN(C(=O)CC2CC(NC(=O)C3=COCC3)C2)C1,,,,,,ZINCme00000SzLnX
,,Nc1c(Cl)cc(C(=O)NCc2ccc(C(=O)NO)cc2)nc1Cl,,,,,,ZINCnq00000DIBdg
,,O=C(N[C@@H]1C[C@@H](NC(=O)C2(CCCF)CC2)C[C@H]1O)[C@@H]1CC=CCC1,,,,,,ZINCpp00000SOjPF
,,Cc1c(Br)ccc(C(=O)N(C)C2CN(C(=O)[C@@H]3C[C@H]3C(F)F)C2)c1N,,,,,,ZINCpv0000095ylC
,,CC[C@H](C)[C@H](NC(=O)C#CC(C)C)C(=O)NC[C@H]1CCC=CO1,,,,,,ZINCnp00000UjAYQ
,,CC[C@H](C)[C@H](NC(=O)CC(C)(C)C)C(=O)NCC1(O)CN(C)C1,,,,,,ZINCnd00000UjAYO
,,CSCCn1nnnc1[C@@]1(NCc2ncc(Br)s2)CC[C@@H](C(C)C)C1,,,,,,ZINCpG00000sZ8fj
,,COC(=O)[C@H](NC(=O)CCC1(C#N)CCNCC1)c1cccnc1,,,,,,ZINCog000011tNOw
,,Cc1c(Br)cc(F)cc1C(=O)N1CC[C@@H](CCNC(=O)C2COC2)C1,,,,,,ZINCpv0000095xPO
,,CNS(=O)(=O)NC1CCN(C(=O)[C@@H]2C[C@@H]3C=C[C@H]2O3)CC1,,,,,,ZINCl500000y8tMf
,,CNS(=O)(=O)N1CCN(C(=O)[C@H](C)[C@@H](O)CC(C)C)CC1,,,,,,ZINCl500000y8tM9
,,O=C(N[C@@H]1C[C@H](NC(=O)[C@@H]2C[C@@]2(F)Cl)C[C@H]1O)c1cccn1C1CC1,,,,,,ZINCpk00000SOjPX
,,CCc1ncc([C@H]2CC23CC(NC(=O)OC(C)(C)C)C3)o1,,,,,,ZINClD000007f29l
,,C[C@H](CNC(=O)C(C)(C)C1CC1)CN(C)C(=O)c1cc(Cl)c[nH]1,,,,,,ZINCnz000003ELq4
,,CO[C@H](C(=O)NC[C@H](O)C(=O)N[C@H](C)c1ccncc1F)C1CCC1,,,,,,ZINCpc000015OuDL
,,CNS(=O)(=O)[C@H](C)CNC(=O)COc1c(C)nn(C)c1C,,,,,,ZINCl500000y8tLT
,,COC(=O)[C@H](NC(=O)C[C@H]1CCOC[C@@H]1N)c1ccc(OC)cc1,,,,,,ZINCod000011tNOC
,,O=C(N[C@@H]1C[C@H](NC(=O)c2ccc(O)cc2Cl)C[C@H]1O)c1cnsc1,,,,,,ZINCpl00000SOjPG
,,Cc1c(Br)ccc(C(=O)N(C)[C@H](C)CNC(=O)C2(N(C)C)CC2)c1F,,,,,,ZINCpv0000095ypJ
,,O=C(c1cccc(OCCF)c1)N1C[C@H]2OCCC[C@@]2(C(=O)O)C1,,,,,,ZINCon00000mLQbb
,,CCC[C@H](CCCO)C(=O)N1C[C@H](C)[C@H](CNC(=O)C[C@H]2C[C@@H]2C)C1,,,,,,ZINCpu000001VOJr
,,CCOC1(CN(C[C@H]2[C@@H]3COC[C@@H]32)C(=O)[C@@H](C#N)CC)CC1,,,,,,ZINCmo00000SzLmK
,,C[C@@H](CNC(=O)[C@@H](O)c1ccsc1)N(C)C(=O)c1ccc(F)cc1Br,,,,,,ZINCpz00000evKnV
,,C[C@@H](CNC(=O)[C@@H](F)C(C)(C)O)N(C)C(=O)CCCc1ccc(Br)s1,,,,,,ZINCpz00000evKkI
,,O=C(N[C@@H]1C[C@H](NC(=O)[C@H]2CC3CCC2CC3)C[C@H]1O)c1cnco1,,,,,,ZINCpi00000SOjPY
,,CO[C@H](C(=O)NC[C@@H](O)C(=O)NC[C@@H]1NC(=O)NC1=O)C1CCCC1,,,,,,ZINCp3000015OuDG
,,O=C(N[C@@H]1C[C@H](NC(=O)c2ncccc2Cl)C[C@H]1O)c1nc(Cl)cs1,,,,,,ZINCpo00000SOjPQ
,,Cc1ccc(C(=O)N2C[C@@H](C)[C@H]2C(=O)N2CCC3(CC(F)C3)C2)o1,,,,,,ZINCot00000sPUnF
,,CC[C@H](C)[C@H](NC(=O)C=Cc1cncs1)C(=O)N1CC(C#N)C1,,,,,,ZINCnm00000UjAYw
,,CC[C@H](C)[C@H](NC(=O)CCc1cnn[nH]1)C(=O)N[C@H](C)[C@@H](C)F,,,,,,ZINCnh00000UjAYz
,,C[C@H](CNC(=O)C(C)(C)C(F)F)CN(C)C(=O)c1csnc1Cl,,,,,,ZINCnz000003ELn2
,,CC[C@H](C)[C@H](NC(=O)C=Cc1ccnn1C)C(=O)N[C@@H]1C[C@@H]1F,,,,,,ZINCnh00000UjAYr
,,C[C@@H](CNC(=O)Cc1cnns1)NC(=O)c1c(Br)sc2ccccc12,,,,,,ZINCpz00000evJU6
,,COc1nccc(C(=O)N2CCCC[C@H](C(=O)N3CC(O)C3)C2)n1,,,,,,ZINCo500000HMzdE
,,C[C@@]12CCC[C@@H](CN1C(=O)c1cc(I)ccc1F)C2,,,,,,ZINCjI000009rUAn
,,COc1nccc(C(=O)N2CC=C[C@]2(C)C(=O)NC[C@@H](O)CO)n1,,,,,,ZINCo400000HMzdz
,,CCOC1(CN(C[C@@H]2CCOC2)C(=O)CN2CC(O)C2)CC1,,,,,,ZINCm600000SzLmF
,,Cc1c(Br)cc(F)cc1C(=O)N[C@@H]1C[C@H](C)N(C(=O)C2=CCOC2)C1,,,,,,ZINCpv0000095ybU
,,O=C(N[C@H]1CCCOC12CCC2)[C@@H]1CN(C(=O)CC2CC2)CCO1,,,,,,ZINCoi00000sLS2u
,,C=CCCONC(=O)NC[C@@H](NC(=O)OC(C)(C)C)[C@H](C)C(C)C,,,,,,ZINCoz00000nLszK
,,C[C@H](C(=O)NC[C@@H]1CCN1C(=O)c1csc(S)n1)N1CCCCCC1,,,,,,ZINCpq000005tQUN
,,CO[C@H](C(=O)NCCn1cccn1)C1CN(C(=O)[C@H](C)C2CCC2)C1,,,,,,ZINCpf000015OuE0
,,COc1nccc(C(=O)N2CC[C@]2(C)CC(=O)N2CCOCC2)n1,,,,,,ZINCo900000HMzdq
,,O=C(N[C@@H]1CCCOC1)C1CCC(NC(=O)[C@H](O)C2CCC2)CC1,,,,,,ZINCoh00000sLS2C
,,CC(C)(O)[C@H](F)CNc1nc(Cl)nc2cc(Br)sc12,,,,,,ZINCjG000009rUzz
,,O=C(N[C@@H]1CCCOC12CCC2)N1C[C@@H](C(F)(F)F)OC[C@@H]1CO,,,,,,ZINCok00000sLS2w
,,Cc1cc(CNS(=O)(=O)Cc2ncsc2Cl)ccc1I,,,,,,ZINCkD000002a8l7
,,CNS(=O)(=O)N1CCN(C(=O)[C@@]2(C)CCCC[C@H]2C)CC1,,,,,,ZINCle00000y8tM1
,,Nc1c(Cl)cc(C(=O)NCCc2c[nH]c3ncccc23)nc1Cl,,,,,,ZINCny00000DIBdi
,,CNS(=O)(=O)NC1CCN(C(=O)[C@@H]2COC[C@H](C)O2)CC1,,,,,,ZINCl400000y8tMg
,,C[C@@H](CNC(=O)[C@@H](C)n1ccc(Br)n1)NC(=O)c1ccc(F)c(Cl)c1,,,,,,ZINCpz00000evKjS
,,C[C@H](CNC(=O)C(C)(C)C(F)F)NC(=O)c1c(Cl)cncc1Cl,,,,,,ZINCnz000003ELnT
,,CC[C@H](C)[C@H](NC(=O)CCC1(C)CC1)C(=O)N(C)CC(=O)OC,,,,,,ZINCnn00000UjAYk
,,C[C@@H](CNC(=O)N1CCN(C)[C@@H](C2COC2)C1)Sc1ccc(Br)cc1,,,,,,ZINCpz00000evKb1
,,CO[C@@H](C(=O)NCCn1cc(CCN(C)C)nn1)c1cccc(Cl)n1,,,,,,ZINCpf000015OuDS
,,O=C(N[C@H]1CCCN(O)C1=O)[C@@H]1CSCN1C(=O)c1cscc1Cl,,,,,,ZINCok00000sLS2m
,,CC[C@H](C)[C@H](NC(=O)CCC1CCCC1)C(=O)NOCC(N)=O,,,,,,ZINCng00000UjAYo
,,CO[C@H](C(=O)NCCn1cnnc1)C1CN(C(=O)C2C[C@H]3C[C@@H]3C2)C1,,,,,,ZINCp5000015OuEt
,,COC(=O)[C@H](NC(=O)CCn1c(C)ccc1C)[C@H]1CCS(=O)(=O)C1,,,,,,ZINCob000011tNOF
,,C[C@@]1(CNC(=O)c2csc(S)n2)CCN(C(=O)c2cnc(C#N)s2)C1,,,,,,ZINCpq000005tQKF
,,CNS(=O)(=O)NC1CCN(C(=O)c2snc(C)c2Br)CC1,,,,,,ZINCle00000y8tMc
,,CO[C@@H](C(=O)NCCn1ccnc1)C1CN(C(=O)CCNC(C)=O)C1,,,,,,ZINCp4000015OuEk
,,CC(C)CONC(=O)N1CCN(C(=O)OC(C)(C)C)[C@H](C)C[C@H]1C,,,,,,ZINCoA00000nLszF
,,O=C(N[C@@H]1CCCOC12CCC2)c1coc(CNC(=O)C(F)F)n1,,,,,,ZINCoj00000sLS2q
,,CNS(=O)(=O)NCCCNC(=O)[C@H]1COCC[C@@H]1C,,,,,,ZINCj500000y8tMp
,,C[C@H](CN=c1ncc(I)c[nH]1)NC(=O)c1ccc2scnc2c1,,,,,,ZINCnz000003ELfl
,,CSCCn1nnnc1[C@@]1(NCc2sccc2Cl)CCC[C@@H]1C1CC1,,,,,,ZINCpJ00000sZ8fn
,,Nc1c(Cl)c(F)cc(C(=O)N[C@H]2C[C@H](C(=O)O)CC[C@H]2O)c1Cl,,,,,,ZINCnq00000DIBdo
,,CNS(=O)(=O)NCCCNCc1nc(Cl)c(Br)cc1F,,,,,,ZINCkh00000y8tMl
,,C=C(C)CONC(=O)CN(C(=O)C[C@H]1CCCC[C@@H]1C)C1CCC1,,,,,,ZINCoC00000nLszA
,,CSCCn1nnnc1C1(NCC2(F)CCCCC2)CC(C)(CBr)C1,,,,,,ZINCpG00000sZ8fh
,,CO[C@@H](C(=O)NCCN1CCOC[C@@H]1C)C1CN(C(=O)C(C)(F)F)C1,,,,,,ZINCp5000015OuEm
,,C[C@H](CNC(=O)C#CC(C)(C)C)N(C)Cc1c(F)cccc1F,,,,,,ZINCnz000003ELjc
,,C[C@H](C(=O)N1CCN(C(=O)c2csc(S)n2)[C@H]2C[C@@H]21)c1ccccn1,,,,,,ZINCpq000005tQPO
,,CNS(=O)(=O)NCC12CC(C1)[C@H](C(=O)OC)CO2,,,,,,ZINCi500000y8tMi
,,Cc1cc(CN[C@@H](C)c2cc(Br)cc(C)c2O)n(C)n1,,,,,,ZINCkD000002a8o7
,,Cc1cc(CN[C@@H](C2CC2)[C@H]2CCCOC2)cnc1Cl,,,,,,ZINCkD000002a8pM
,,COC(=O)[C@@H](NC(=O)C[C@H]1CCNC1)c1ccc(S(C)(=O)=O)cc1,,,,,,ZINCoa000011tNOB
,,Cc1cc(CN[C@@H](C2CCC2)[C@H]2CCOC2)cc(Cl)n1,,,,,,ZINCkD000002a8pP
,,CO[C@H](C(=O)NCCn1ccnc1C)C1CN(C(=O)[C@H](C)C(C)C)C1,,,,,,ZINCpg000015OuEl
,,O=C(N[C@@H]1CCCOC12CCC2)[C@@H]1C=CCN1C(=O)C1=COCC1,,,,,,ZINCoi00000sLS2r
,,CCOC1(CN(C[C@H]2CO[C@H](C)C2)C(=O)CNC(C)=O)CC1,,,,,,ZINCmf00000SzLmO
,,CO[C@@H](C(=O)NCCN1CCC1)C1CN(C(=O)C[C@H]2C[C@@H]2C2CC2)C1,,,,,,ZINCpd000015OuDO
,,O=C(N[C@@H]1C[C@@H](NC(=O)[C@H]2C[C@H]3C=C[C@@H]2CC3)C[C@H]1O)C1CC=CC1,,,,,,ZINCpm00000SOjQc
,,Cc1cccn2c(C(=O)NC[C@@H]3C[C@@H]3NC(=O)C(C)(C)C)cnc12,,,,,,ZINCop00000mLQ5X
,,COc1nccc(C(=O)N2CC[C@@](C)(CC(=O)N(C)CCO)C2)n1,,,,,,ZINCo700000HMzdB
,,CSCCn1nnnc1[C@]1(NCc2ncc(Br)s2)CC2CCC1CC2,,,,,,ZINCpE00000sZ8fi
,,O=C(N[C@@H]1C[C@H](NC(=O)C2CC(F)(CF)C2)C12CCC2)c1cc[nH]n1,,,,,,ZINCpm00000SOjPI
,,CCOc1cnc(CN[C@@H](C(=O)OC)[C@H]2CCCCO2)nc1,,,,,,ZINCmg00000SzLn0
,,CCN(CCCNC(=O)C[C@H]1CC1(Cl)Cl)C(=O)[C@](C)(COC)OC,,,,,,ZINCop00000mLQe8
,,O=C(N[C@@H]1C[C@H](NC(=O)[C@H]2C[C@@H]2C2CCC2)C[C@H]1O)[C@@H]1C=CCCC1,,,,,,ZINCpp00000SOjQ9
,,CO[C@H](C(=O)NCCN1C[C@H]2C[C@@H]2C1)C1CN(C(=O)[C@@H]2CC2(F)F)C1,,,,,,ZINCp7000015OuEg
,,C[C@H](C(=O)N1CC[C@H](N2C[C@@H](C(=O)O)CC2=O)C1)c1ccc(Br)cc1,,,,,,ZINCpq000005tQQP
,,C[C@@H](CNC(=O)Cc1ccsc1Br)N(C)C(=O)c1cnc(Cl)c(N)c1,,,,,,ZINCpz00000evJPg
,,CNS(=O)(=O)N1CCN(C(=O)[C@@H]2CC[C@@H]2C)CC1,,,,,,ZINCi500000y8tM6
,,CC[C@H](C)[C@H](NC(=O)CCCCC(N)=O)C(=O)N1CC[C@@H]1CO,,,,,,ZINCn700000UjAZ1
,,CCc1ncc(CN2CC[C@@](F)(c3cccc(C)c3)C2)[nH]1,,,,,,ZINClD000007f25Q
,,CNS(=O)(=O)NC1CCN(C(=O)NC2CC(CF)C2)CC1,,,,,,ZINCl500000y8tMh
,,CC[C@H](C)[C@H](NC(=O)C(C)=C(C)C)C(=O)NC[C@@](C)(O)COC,,,,,,ZINCnj00000UjAYP
,,CC[C@H](C)[C@H](NC(=O)CCCCCF)C(=O)N1CC[C@H]1C(N)=O,,,,,,ZINCnh00000UjAYW
,,CO[C@H](C(=O)NCCn1cc(C(=O)N2CC(C#N)C2)cn1)C1CCC1,,,,,,ZINCpa000015OuE3
,,CO[C@@H](C(=O)NCCn1ccc(C(=O)N[C@@H](C)CN(C)C)c1)C1CC1,,,,,,ZINCpd000015OuDV
,,COC(=O)[C@H](NC(=O)[C@@H]1C[C@]12CCNC2)c1ccc2c(c1)CCO2,,,,,,ZINCof000011tNOH
,,O=C(N[C@H]1CCCOC12CCC2)[C@H]1CCN1C(=O)COCCCF,,,,,,ZINCoh00000sLS2s
,,COc1nccc(C(=O)N2CCC[C@@]2(C)C(=O)N2CC[C@@H]2CO)n1,,,,,,ZINCo600000HMzdy
,,COC(=O)[C@H](NC(=O)c1nc2ncccn2n1)C(C)(C)C(F)(F)F,,,,,,ZINCof000011tNOp
,,Cc1cc(CNS(=O)(=O)c2cnc(Br)cc2C)c(C)s1,,,,,,ZINCkD000002a8m7
,,C=C1CCC(C(=O)N2C[C@H](C)[C@H]2C(=O)N2CC(CCOC)C2)CC1,,,,,,ZINCoq00000sPUnL
,,Cc1ccc(C(=O)N2C[C@H](C)[C@@H]2C(=O)N2C[C@H]3CCCC[C@H]32)n1C,,,,,,ZINCor00000sPUnS
,,O=C(N[C@@H]1CCCN(S(=O)(=O)C2CC2)C1)N1CCC[C@](F)(CF)C1,,,,,,ZINCok00000sLS2n
,,CCN1CCC[C@H]1C(=O)N1CCCC[C@H](N(C)C(=O)C=C(Cl)Cl)C1,,,,,,ZINCow000007iSju
,,CSCCn1nnnc1[C@]1(NCc2sc(C)cc2Br)CC[C@H](C)SC1,,,,,,ZINCpK00000sZ8fo
,,COC(=O)[C@H](NC(=O)CCN1C(=O)CCC1=O)c1cncc(Br)c1,,,,,,ZINCod000011tNOG
,,COc1nccc(C(=O)N2CC[C@]2(C)CC(=O)Nn2ccnn2)n1,,,,,,ZINCo500000HMzds
,,CC(C)C(=O)N1C[C@H]2CC[C@@H]1[C@@H]2NC(=O)c1cc(F)c(F)cc1N,,,,,,ZINCop00000mLQbA
,,CCO[C@@]1(CN(C[C@@H](CC)C(C)C)C(=O)C(N)=O)CCOC1,,,,,,ZINCmh00000SzLmP
,,Nc1c(Cl)c(Cl)nc(C(=O)OCc2nnc3cnccn23)c1Cl,,,,,,ZINCnu00000DIBdm
,,CC[C@H](C)[C@H](NC(=O)CC(C)(C)CNC(=O)[C@@H](C)CO)C(N)=O,,,,,,ZINCn700000UjAYY
,,CNS(=O)(=O)N1CC[C@@]2(CCc3ccc(Br)cc32)C1,,,,,,ZINCjo00000y8tLW
,,CCc1nc[nH]c1C(=O)N[C@H](C)c1c(F)cc(Cl)cc1F,,,,,,ZINClD000007f239
,,COc1nccc(CNC(=O)CSCCNC(=O)CNC(N)=O)n1,,,,,,ZINCo400000HMzdo
,,O=C(N[C@H]1C[C@@H](n2cc(CO)nn2)C1)C1CC(c2cccc(F)c2)C1,,,,,,ZINCpp00000SOjPo
,,CCC[C@H](CCCO)C(=O)N1CC[C@H](NC(=O)C=CC2CC2)[C@H](C)C1,,,,,,ZINCpu000001VODG
,,CCC[C@H](CCCO)C(=O)N1CCC[C@](C)(NC(=O)[C@@H]2CCSC2)C1,,,,,,ZINCpu000001VOx0
,,COC(=O)[C@@H](NC(=O)CCc1nc(O)c2ncccc2n1)C(C)C,,,,,,ZINCof000011tNOx
,,CO[C@H](C(=O)NCCn1cc(C(=O)N(C)C2CC=CC2)nn1)C(C)C,,,,,,ZINCpe000015OuE6
,,CCc1ncc(CNC(=O)C=Cc2cccc(F)c2Cl)o1,,,,,,ZINClD000007f26Z
,,C[C@H](CN=c1ncc(I)c[nH]1)N(C)C(=O)c1cnc(C2CC2)s1,,,,,,ZINCnz000003ELeX
,,Cc1c(Br)cc(F)cc1C(=O)N[C@@H](C)CN(C)C(=O)[C@@H]1CCCN1C,,,,,,ZINCpv0000095y7Z
,,C[C@H](CNC(=O)/C=C/CN(C)C)N=c1[nH]c2cc(Cl)ccc2s1,,,,,,ZINCnz000003ELik
,,CO[C@@H](C(=O)NCCn1ccc(C(=O)N[C@H]2CCNC2=O)c1)C1CC1,,,,,,ZINCp5000015OuDU
,,C[C@H](CNC(=O)C#CC(C)(C)C)NC(=O)c1cscc1C(F)F,,,,,,ZINCnz000003ELjt
,,C[C@H](C(=O)N1C[C@H](C(=O)O)C2(CCOCC2)C1)c1cccc(C#N)c1,,,,,,ZINCpq000005tQRE
,,CO[C@H](C(=O)NC[C@@H](O)C(=O)N[C@H]1[C@H]2CC[C@H]3[C@@H](C2)C[C@H]31)C(C)(C)C,,,,,,ZINCpg000015OuDJ
,,CCC[C@H](CCCO)C(=O)N1C[C@@H](C)[C@@H](NC(=O)c2cc(Cl)c[nH]2)C1,,,,,,ZINCpu000001VOGR
,,CO[C@H](C(=O)NCCn1ccc(C(=O)N2CC[C@H]2[C@H](C)O)c1)C1CC1,,,,,,ZINCpc000015OuDT
,,CC(C)CONC(=O)NCCCCC1(NC(=O)OC(C)(C)C)CC1,,,,,,ZINCoB00000nLszI
,,Cc1cc(CC(=O)N2C[C@H](C)[C@@H]2C(=O)N2CC[C@@](C)(C#N)C2)cs1,,,,,,ZINCos00000sPUnH
,,C[C@@H](CNC(=O)Cc1ccc(Br)s1)N(C)C(=O)c1cc(N)nc(Cl)c1,,,,,,ZINCpz00000evJzb
,,C/C=C/C[C@H](C)C(=O)NCCOCCNC(=O)[C@@H](C)NC(C)(C)C,,,,,,ZINCom00000mLQ9O
,,COc1nccc(C(=O)N2CCC=C(C(=O)NC[C@@H](O)CF)C2)n1,,,,,,ZINCo500000HMzdG
,,O=C(N[C@H]1C[C@H](NC(=O)[C@@H]2CC=C[C@H](O)C2)C12CCC2)c1ccc[nH]1,,,,,,ZINCpk00000SOjQ3
,,CC[C@H](C)[C@H](NC(=O)CC(C)(C)C#N)C(=O)NCCOC(=N)O,,,,,,ZINCnc00000UjAZ0
,,O=C(N[C@H]1C[C@H](NC(=O)[C@H]2C=CCC2)C[C@@H]1O)[C@H]1CC2CCC1CC2,,,,,,ZINCpp00000SOjQ0
,,CC[C@H](C)[C@H](NC(=O)C=Cc1cn(C)cn1)C(=O)N(C)C(C)C,,,,,,ZINCno00000UjAYt
,,CCC[C@H](CCCO)C(=O)N1CC[C@@H](C2(NC(=O)CSCC)CC2)C1,,,,,,ZINCpu000001VOzj
,,CCc1ncc(CNC(=O)CC2=Cc3ccccc3C2)s1,,,,,,ZINClD000007f270
,,C[C@@H](CNC(=O)Cc1cscc1Br)N(C)C(=O)c1nc(Cl)ccc1N,,,,,,ZINCpz00000evK3g
,,CC[C@H](C)[C@H](NC(=O)CCCCC#N)C(=O)NCCOC1CC1,,,,,,ZINCno00000UjAYZ
,,CCc1ncccc1NC(=O)c1c(Br)ccc2c1OCO2,,,,,,ZINClD000007f2a0
,,CC[C@H](C)[C@H](NC(=O)C#CC(C)C)C(=O)N1CCOC2(CC2)C1,,,,,,ZINCnl00000UjAYN
,,CNS(=O)(=O)[C@H](C)CNC(=O)[C@@](O)(C(C)C)C(F)(F)F,,,,,,ZINCk500000y8tLU
,,CC[C@H](C)[C@H](NC(=O)C=C=C(C)C)C(=O)NCCn1ncnn1,,,,,,ZINCna00000UjAYR
,,O=C(CCCC1CC1)N[C@H]1CCSC12CN(C(=O)c1cnns1)C2,,,,,,ZINCop00000mLQ6U
,,CO[C@H](C(=O)NCCN1CCCC1)C1CN(C(=O)C(C)(C)[C@@H](C)O)C1,,,,,,ZINCp6000015OuDR
,,Cc1ccc(C(=O)N2C[C@H](C)[C@@H]2C(=O)N2CCC[C@@H]2C)cc1C#N,,,,,,ZINCot00000sPUnJ
,,Cc1ccc(C(=O)N2C[C@H](C)[C@H]2C(=O)N2CC[C@H](C3(C)N=N3)C2)o1,,,,,,ZINCoq00000sPUnP
,,CO[C@H](C(=O)NCCn1ccnc1)C1CN(C(=O)C(C)(C)C(F)F)C1,,,,,,ZINCpd000015OuEj
,,CO[C@H](C(=O)NCCN(C)C1CC1)C1CN(C(=O)[C@@H]2CCS2(=O)=O)C1,,,,,,ZINCp4000015OuEz
,,COC(=O)[C@H](NC(=O)c1c[nH]nc1C)c1ccc(S(C)(=O)=O)cc1,,,,,,ZINCod000011tNOo
,,CO[C@H](C(=O)NCCn1cncn1)C1CN(C(=O)[C@H](O)C(C)(C)C)C1,,,,,,ZINCp5000015OuEs
,,CC[C@H](C)[C@H](NC(=O)C#CC(C)(C)C)C(=O)NCc1ncco1,,,,,,ZINCno00000UjAYH
,,CC[C@H](C)[C@H](NC(=O)C=Cc1cncn1C)C(=O)NOC1CC1,,,,,,ZINCnh00000UjAYu
,,CC[C@H](C)[C@H](NC(=O)CCC1OCCO1)C(=O)N1CC2CC1C2,,,,,,ZINCni00000UjAYE
,,C[C@@H](CNC(=O)Cc1ccn(C)n1)CN(C)C(=O)c1csc(Br)c1Cl,,,,,,ZINCpz00000evJKC
,,O=C(N[C@@H]1CCCOC1)c1ccc(CNC(=O)[C@@H]2CC2(F)F)cn1,,,,,,ZINCoi00000sLS2z
,,C[C@H](C(=O)N1CCC(c2ncc(C(=O)O)cn2)CC1)c1cccnc1,,,,,,ZINCpq000005tQOC
,,Cc1c(Br)cc(F)cc1C(=O)N[C@@H](CO)CNC(=O)C[C@H](C)C1CC1,,,,,,ZINCpv0000095y9m
,,CO[C@H](C(=O)NCCn1cc(C(=O)N2CC[C@@H]2[C@@H](C)O)cn1)C1CC1,,,,,,ZINCp6000015OuE2
,,CNS(=O)(=O)NCCCNCc1cc(Br)c(C)nc1OC,,,,,,ZINClc00000y8tMk
,,CNS(=O)(=O)N1CCN(C(=O)[C@@]2(C)C[C@@H]2C)CC1,,,,,,ZINCi500000y8tM2
,,CC(C)(CONC(=O)N[C@H]1CC=CC[C@@H]1C(F)(F)F)[C@H]1CCCO1,,,,,,ZINCoD00000nLszL
,,COC(=O)[C@H](NC(=O)C[C@@H]1CCn2cncc2C1)[C@@H]1CCCCO1,,,,,,ZINCog000011tNOA
,,CC[C@H](C)[C@H](NC(=O)CCC(C)C)C(=O)N[C@H]1COC[C@H]1OC,,,,,,ZINCnk00000UjAYU
,,C[C@H](CN=c1nc[nH]s1)N(C)C(=O)C[C@H]1CCc2ccccc21,,,,,,ZINCnz000003EL9F
,,O=C(N[C@@H]1C[C@@H](NC(=O)C2CC2)C12CCC2)c1ccc([N+](=O)[O-])nc1,,,,,,ZINCpl00000SOjPC
,,CCOC1(CN(C[C@H]2[C@@H]3COC[C@@H]32)C(=O)C=NOC)CCC1,,,,,,ZINCmi00000SzLmL
,,CC[C@H](C)[C@H](NC(=O)C#CC1CCC1)C(=O)NCCOC(F)F,,,,,,ZINCnm00000UjAYm
,,COC(=O)[C@@H](NC(=O)C[C@H](N)Cc1cccc(F)c1)[C@H]1CCCO1,,,,,,ZINCof000011tNOE
,,C[C@@H](CNC(=O)Cc1ccc(Br)s1)NC(=O)c1cccc2c1OCC2,,,,,,ZINCpz00000evJAi
,,CCc1ncc2c(n1)C[C@H]1CC[C@H]2N1C(=O)CCC=CBr,,,,,,ZINClD000007f29p
,,Cc1ccc(C(=O)N2C[C@@H](C)[C@@H]2C(=O)N2CCC(F)(F)C2)cc1O,,,,,,ZINCoq00000sPUnN
,,CO[C@H](C(=O)NCCn1cc(C(=O)NOCCCCF)cn1)C(C)C,,,,,,ZINCpg000015OuEf
,,CC=CCONC(=O)NC1CCC(C)(NC(=O)OC(C)(C)C)CC1,,,,,,ZINCoA00000nLszG
,,CC[C@H](C)[C@H](NC(=O)CCc1cscn1)C(=O)NCCC(N)=O,,,,,,ZINCnb00000UjAYA
,,Nc1c(Cl)cc(C(=O)NC[C@@]2(CO)C[C@@H]3CCC[C@@H]3C2)nc1Cl,,,,,,ZINCny00000DIBdh
,,O=C(N[C@@H]1C[C@H](NC(=O)[C@@H]2CCCS2)C[C@H]1O)C1CCC(F)(F)CC1,,,,,,ZINCpo00000SOjQ7
,,CO[C@@H](C(=O)NCCn1cc(C(=O)NC[C@@H](C)CO)cn1)C(C)(C)C,,,,,,ZINCpa000015OuEb
,,O=C(N[C@@H]1C[C@H](NC(=O)C2(Br)CC2)C[C@H]1O)c1cncc2c1CCC2,,,,,,ZINCpi00000SOjPA
,,CO[C@H](C(=O)NCCN1CC[C@H]2C[C@H]21)C1CN(C(=O)[C@@H]2C[C@H]2C#N)C1,,,,,,ZINCp5000015OuDX
,,CCOC1(CN(C[C@@H](OC)C2CCC2)C(=O)C2COC2)CC1,,,,,,ZINCmo00000SzLmV
,,O=C(N[C@@H]1C[C@H](NC(=O)[C@H]2CCCS2)C[C@H]1O)C1CC(C(F)(F)F)C1,,,,,,ZINCpl00000SOjQ8
,,CCOC1(CN(C[C@@H]2CCOC2)C(=O)[C@H](O)C(C)C)CCC1,,,,,,ZINCmo00000SzLmD
,,CO[C@H](C(=O)NC[C@@H](O)C(=O)NCCCC1(O)CCC1)C1CCCC1,,,,,,ZINCpa000015OuDE
,,Cc1ccc(C(=O)N2C[C@H](C)[C@@H]2C(=O)N2C[C@H]3CC[C@@]3(C)C2)nc1,,,,,,ZINCor00000sPUnR
,,C[C@@H](CNC(=O)[C@@H](C)OCC(F)(F)F)N(C)C(=O)Cc1ccc(Br)s1,,,,,,ZINCpz00000evKeO
,,CNS(=O)(=O)NCCCNC(=O)CCCCN(C)C(C)=O,,,,,,ZINCl500000y8tMm
,,C[C@H](CNC(=O)C#CC1CC1)N(C)C(=O)c1cc2sccc2s1,,,,,,ZINCnz000003ELjG
,,CNS(=O)(=O)N1CCN(C(=O)c2[nH]c(=N)ccc2C)CC1,,,,,,ZINCl500000y8tM3
,,CC[C@H](C)[C@H](NC(=O)C=Cc1nccs1)C(=O)NC[C@@H](C)OC,,,,,,ZINCno00000UjAYC
,,CNc1ncccc1C(=O)NCCC1CN(C(=O)[C@H]2CC[C@@H]2C)C1,,,,,,ZINCon00000mLQcn
,,CNS(=O)(=O)NC1(c2c(F)cccc2F)CC(F)(F)C1,,,,,,ZINCkm00000y8tMa
,,Nc1c(Cl)cc(C(=O)NC[C@]23CCCC[C@H]2CC(=O)N3)nc1Cl,,,,,,ZINCnr00000DIBdf
,,Cc1cc(CNS(=O)(=O)CCc2cccs2)ccc1Cl,,,,,,ZINCkD000002a8kK
,,C[C@H](CNC(=O)C(C)(C)C1CC1)N(C)C(=O)[C@@]12CCCC[C@H]1C2,,,,,,ZINCnz000003ELql
,,O=C(N[C@@H]1C[C@H](NC(=O)C2(CCF)CCC2)C12CCC2)C1CS(=O)C1,,,,,,ZINCpk00000SOjPH
,,O=C(N[C@@H]1C[C@H](NC(=O)[C@@H]2CC23CC3)C[C@H]1O)[C@H]1CCCCC1(F)F,,,,,,ZINCpn00000SOjPU
,,Nc1c(Cl)cc(C(=O)NC[C@H](O)CCc2ccccc2)nc1Cl,,,,,,ZINCnw00000DIBdk
,,COc1nccc(C(=O)N2CC[C@@]3(C[C@H]3C(=O)N3CC(O)C3)C2)n1,,,,,,ZINCo500000HMzdu
,,CO[C@@H](C(=O)NC[C@@H](O)C(=O)NCCn1cccnc1=O)C(C)(C)C,,,,,,ZINCp4000015OuDI
,,CCOC1(CN(C[C@@H]2[C@H]3CCOC[C@H]32)C(=O)C(N)=O)CCC1,,,,,,ZINCmb00000SzLmI
,,O=C(N[C@@H]1C[C@H](NC(=O)C2=C(Cl)CCCC2)C[C@H]1O)C1=CCOCC1,,,,,,ZINCpl00000SOjPK
,,C=C1CCC(C(=O)N2C[C@H](C)[C@@H]2C(=O)N2CCCOC[C@H]2C)CC1,,,,,,ZINCos00000sPUnQ
,,CSCCn1nnnc1[C@@]1(NCc2sccc2C)CCC[C@@H](SC)C1,,,,,,ZINCpG00000sZ8fm
,,C=CCCONC(=O)CN(C(=O)[C@@H](C)CC1CCCC1)C1CCC1,,,,,,ZINCoC00000nLszD
,,COC(=O)[C@H](NC(=O)c1nnn([C@@H]2CCNC2)c1C)[C@H]1CC1(C)C,,,,,,ZINCoa000011tNOq
,,C=CCCONC(=O)N[C@@H]1CC[C@](C)(CNC(=O)OC(C)(C)C)C1,,,,,,ZINCoy00000nLszM
,,CCOC1(CN(C[C@@H](C)CC)C(=O)[C@@H]2NC(=O)C[C@@H]2C)CC1,,,,,,ZINCmp00000SzLmR
,,Nc1c(Cl)ccc(C(=O)N2CCC(O[C@H]3C[C@@H](N)C3)CC2)c1Cl,,,,,,ZINCnw00000DIBdc
,,O=C(N[C@@H]1C[C@@H](NC(=O)[C@@H](F)C(F)(F)F)C[C@H]1O)C1CC(C2CC2)C1,,,,,,ZINCpk00000SOjQh
,,C[C@H](C(=O)N1CC(CCF)C1)n1cc(-c2cccc(C(=O)O)c2)nn1,,,,,,ZINCpq000005tQO4
,,O=C(N[C@H]1C[C@H](N2CCOCC2)C12CCC2)c1ccc2nc[nH]c2n1,,,,,,ZINCpj00000SOjPq
,,CCc1nc[nH]c1C(=O)Nc1ccc2c(c1)CC[C@@H](C)C2,,,,,,ZINClD000007f23c
,,C[C@@]1(C(=O)O)CC(F)(F)CN1C(=O)c1cccc(S(=O)(=O)C(F)F)c1,,,,,,ZINCpq000005tQHD
,,O=C(N[C@@H]1C[C@H](NC(=O)C2(Br)CC2)C[C@H]1O)c1cc2c([nH]1)CCCC2,,,,,,ZINCpl00000SOjPy
,,O=C(N[C@H]1C[C@@H](n2cc(COCCCCO)nn2)C1)c1ccoc1I,,,,,,ZINCpo00000SOjPk
,,CC(C)CONC(=O)CN(C(=O)[C@@H](F)C1CCCCC1)C1CCC1,,,,,,ZINCoz00000nLszE
,,C[C@H](CN=c1ncc(I)c[nH]1)CNC(=O)C1(C(F)(F)F)CCC1,,,,,,ZINCnz000003ELer
,,O=C(N[C@@H]1CC2CCC1CC2)[C@H]1CCCc2c(O)cccc21,,,,,,ZINCmF000000oFJq
,,C[C@@H](CNC(=O)Cc1cscc1Br)NC(=O)c1ccc2c(c1)NCC2,,,,,,ZINCpz00000evK41
,,O=C(c1ncccn1)N1CCC(NC(=O)[C@]23CCC[C@H]2[C@@H]3Br)CC1,,,,,,ZINCon00000mLQ7T
,,Cc1ccc(C(=O)N2C[C@H](C)[C@@H]2C(=O)N2CC(CC3CC3)C2)cn1,,,,,,ZINCor00000sPUnG
,,O=C(N[C@H]1C[C@H](NC(=O)[C@@H]2CC=CCC2)C[C@@H]1O)C1CCC(F)CC1,,,,,,ZINCpp00000SOjQ1
,,Cc1c(Br)ccc(C(=O)N(C)C2CN(C(=O)[C@@H]3C[C@@H]3C(F)F)C2)c1N,,,,,,ZINCpv0000095ylB
,,Cc1ccc(C(=O)N2C[C@H](C)[C@@H]2C(=O)N2C[C@H]3CCC[C@H]2C3)cn1,,,,,,ZINCos00000sPUnT
,,COc1nccc(C(=O)N2CC[C@]3(C[C@H]3C(=O)NCCCO)C2)n1,,,,,,ZINCo500000HMzdv
,,CC[C@H](C)[C@H](NC(=O)C#CC(C)C)C(=O)N1CC(C(C)(C)O)C1,,,,,,ZINCnk00000UjAYL
,,O=C(N[C@H]1C[C@@H](n2cc(CSCCO)nn2)C1)[C@H]1CC(F)(F)[C@]1(F)Cl,,,,,,ZINCpo00000SOjPp
,,CC[C@H](C)[C@H](NC(=O)C#CC(C)(C)C)C(=O)N1CC[C@@H](C#N)C1,,,,,,ZINCnp00000UjAYG
,,Cc1c(Br)cc(F)cc1C(=O)NC[C@@H](C)CNC(=O)c1c[nH]nc1F,,,,,,ZINCpv0000095xZU
,,CO[C@H](C(=O)NCCn1cc([C@@H](OC)[C@@H]2CCOC2)nn1)C1CCC1,,,,,,ZINCpf000015OuDZ
,,CSCCn1nnnc1C1(NCc2csc(Cl)n2)CC(C(C)(C)C)C1,,,,,,ZINCpF00000sZ8fg
,,C[C@@H](CNC(=O)Cc1sccc1Br)N(C)C(=O)c1cc(C(F)F)[nH]n1,,,,,,ZINCpz00000evK8d
,,CO[C@H](C(=O)NCCn1cc(C(=O)NC[C@@H](O)CCO)nn1)C(C)C,,,,,,ZINCp4000015OuEc
,,CNS(=O)(=O)N1CCN(C(=O)[C@@H]2C[C@H]3C=C[C@@H]2C3)CC1,,,,,,ZINCk500000y8tM7
,,O=C(N[C@@H]1C[C@H](NC(=O)C(F)(F)C(F)(F)F)C[C@H]1O)c1cc(Cl)ns1,,,,,,ZINCpn00000SOjPS
,,CC=CCONC(=O)CN(C(=O)[C@H]1CCC2(CCC2)C1)C1CCC1,,,,,,ZINCoz00000nLszC
,,CC[C@H](C)[C@H](NC(=O)CCC(C)(C)F)C(=O)N1CC(C(N)=O)C1,,,,,,ZINCnf00000UjAYX
,,C[C@H](CN=c1ncc(Br)c[nH]1)N(C)C(=O)[C@@H]1CC[C@H](N=[N+]=[N-])C1,,,,,,ZINCnz000003ELaO
,,COc1nccc(C(=O)N2CC=C[C@@]2(C)C(=O)NOCC(N)=O)n1,,,,,,ZINCo400000HMzdA
,,Cc1c(Br)cc(F)cc1C(=O)N1CCC[C@H]1CNC(=O)[C@@H](C)N(C)C,,,,,,ZINCpv0000095xNE
,,O=C(N[C@@H]1C[C@H](NC(=O)C2(Br)CC2)C[C@H]1O)c1cc2n(c1)CCCC2,,,,,,ZINCpk00000SOjPz
,,CNS(=O)(=O)NCCCNC(=O)CCC(F)(F)C(F)F,,,,,,ZINCk800000y8tMn
,,O=C(N[C@H]1C[C@H](NC(=O)[C@H]2CC[C@H](C3CC3)C2)C[C@@H]1O)C1SCCS1,,,,,,ZINCpn00000SOjQ4
,,C[C@H](C(=O)NCCCCCNC(=O)c1csc(S)n1)c1cnccn1,,,,,,ZINCpq000005tQTU
,,COC(=O)[C@@H](NC(=O)Cc1cccc2nonc12)[C@@H]1CCCCO1,,,,,,ZINCof000011tNOt
,,COc1nc(C)c(C(=O)N2CC[C@]3(CCCN3C(=O)C(N)=O)C2)s1,,,,,,ZINCo700000HMzdt
,,CCN(CC1CCN(C(=O)CC=C(C)C)CC1)C(=O)[C@@H]1CCOC1,,,,,,ZINCou0000057ggX
,,CO[C@H](C(=O)NCCn1cnc(C(=O)NCCN=[N+]=[N-])c1)C1CCC1,,,,,,ZINCpe000015OuEn
,,C[C@@H](CNC(=O)Cc1csc(Br)n1)NC(=O)c1ccc2scnc2c1,,,,,,ZINCpz00000evK0c
,,CC[C@H](C)[C@H](NC(=O)C#CC1CCC1)C(=O)NCCOC(C)=O,,,,,,ZINCng00000UjAYl
,,CO[C@H](C(=O)NCCn1cc(C(=O)N[C@H]2C[C@H](O)[C@H]2O)cn1)C1CC1,,,,,,ZINCp4000015OuEd
,,C[C@@H](CNC(=O)Cc1cscc1Br)CNC(=O)c1ccc(F)cc1N,,,,,,ZINCpz00000evK26
,,CO[C@@H](C(=O)NCCn1ncnn1)C1CN(C(=O)[C@@H]2CCNC2=O)C1,,,,,,ZINCp3000015OuEv
,,Cc1c(Br)cc(F)cc1C(=O)NC/C=C\CNC(=O)Cc1ccon1,,,,,,ZINCpv0000095xTv
,,CNS(=O)(=O)N1CCN(C(=O)[C@H]2CCCCC23CC3)CC1,,,,,,ZINClb00000y8tM5
,,Cc1ccc(C(=O)N2C[C@@H](C)[C@@H]2C(=O)N2CCC(C)(CO)CC2)s1,,,,,,ZINCor00000sPUnI
,,C[C@@H](CNC(=O)Cc1ccc(Br)s1)NC(=O)c1ccnn1C1CCC1,,,,,,ZINCpz00000evJAn
,,CO[C@@H](C(=O)NCCn1cc(C(=O)NCC(C)(C)C)nn1)C1CCC1,,,,,,ZINCpf000015OuEa
,,CC(=O)c1cn(C[C@H]2CN(C)C(=O)CO2)c2nc(Br)ccc12,,,,,,ZINCmo00000SzLmN
,,CCC[C@H](CCCO)C(=O)N1CC[C@H](C)[C@@H](NC(=O)C2CC=CC2)C1,,,,,,ZINCpu000001VOBM
,,C[C@H](C(=O)NC[C@H]1C[C@H](NC(=O)C2(C)CCOCC2)C1)C(C)(C)C,,,,,,ZINCou000003s77A
,,CCc1ncc(C(CNC(=O)OC(C)(C)C)=C(C)C)cn1,,,,,,ZINClD000007f25D
,,O=C(N[C@H]1C[C@H](N2CCOCC2)C12CCC2)C1CC(n2cccn2)C1,,,,,,ZINCpl00000SOjPr
,,O=C(N[C@@H]1C[C@H](NC(=O)C2CCCC2)C[C@H]1O)c1coc(C(F)F)n1,,,,,,ZINCpl00000SOjPD
,,O=C(N[C@H]1C[C@@H](NC(=O)[C@@H]2CCCC(F)(F)C2)C[C@@H]1O)C1CC(F)C1,,,,,,ZINCpm00000SOjQ2
,,CCOC1(CN(C[C@@H](C)CC)C(=O)C2CN(C(C)=O)C2)CC1,,,,,,ZINCmp00000SzLmQ
,,CNS(=O)(=O)N1CCN(C(=O)C[C@H](C)CCC(C)=O)CC1,,,,,,ZINCl500000y8tM4
,,CNS(=O)(=O)N1CCC(C(=O)N[C@@H](C)C2CNC2)CC1,,,,,,ZINCk400000y8tM0
,,C[C@@H](CNC(=O)Cc1csc(Cl)c1)N(C)C(=O)c1cc(=N)[nH]cc1Br,,,,,,ZINCpz00000evK0U
,,O=C(N[C@@H]1CCCN(C(=O)N2CCCC2)C1)[C@@H](O)C[C@H]1CC1(F)F,,,,,,ZINCoh00000sLS2k
,,CO[C@H](C(=O)NCCn1cc(C(=O)NCc2ccco2)cn1)C(C)C,,,,,,ZINCph000015OuE7
,,O=C(N[C@@H]1CCCN(O)C1=O)[C@H]1CCCN1C(=O)C1=C(Cl)CCC1,,,,,,ZINCoh00000sLS2l
,,CO[C@@H](C(=O)NC[C@H](O)C(=O)N[C@H]1[C@@H](CO)[C@@H]2C=C[C@H]1C2)C(C)(C)C,,,,,,ZINCp5000015OuDK
,,CC[C@H](C)[C@H](NC(=O)CCC1(C)CC1)C(=O)NCCOC(=N)O,,,,,,ZINCnj00000UjAYn
,,C=C1CC(CC(=O)N2C[C@@H](C)[C@H]2C(=O)N2CCC(COC)CC2)C1,,,,,,ZINCoq00000sPUnM
,,CSCCn1nnnc1C1(NCc2nc(Cl)cs2)CC(CC(C)C)C1,,,,,,ZINCpF00000sZ8fk
,,CO[C@H](C(=O)NCCn1cc(C(=O)N(C)C2CCCC2)nn1)C1CC1,,,,,,ZINCpe000015OuE5
,,COc1nccc(C(=O)N2CCC[C@@H]2C(=O)N2[C@@H](C)C[C@H]2CO)n1,,,,,,ZINCo600000HMzdI
,,COc1nccc(C(=O)N2CCC=C[C@@H]2C(=O)NOCC(N)=O)n1,,,,,,ZINCo400000HMzdD
,,CO[C@H](C(=O)NC[C@H](O)C(=O)N[C@H](C)C(C)(C)CN(C)C)C(C)(C)C,,,,,,ZINCpc000015OuDM
,,C[C@H](F)CC(=O)N1CC2(CCCN(C(=O)CCCCCC#N)C2)C1,,,,,,ZINCow000007DpC8
,,Cc1c(Br)cc(F)cc1C(=O)NC[C@@H](O)CNC(=O)[C@@H]1CCC1(C)C,,,,,,ZINCpv0000095y1q
,,CCC[C@H](CCCO)C(=O)N1CC[C@@H](NC(=O)C2SCCS2)C[C@H]1C,,,,,,ZINCpu000001VOzX
,,Cc1c(Br)cc(F)cc1C(=O)N[C@@H]1CC[C@H]1CNC(=O)C(C)(C)CO,,,,,,ZINCpv0000095yaC
,,C[C@@H](CNC(=O)Cc1ccsc1Br)CNC(=O)c1ccc(F)c(N)c1,,,,,,ZINCpz00000evJOa
,,CC(=O)c1cn(CCN=c2ccnc([C@@H]3CCOC3)[nH]2)nn1,,,,,,ZINCme00000SzLmX
,,CCOc1cnc(CNC2CCC(O)(C(=O)OC)CC2)nc1,,,,,,ZINCme00000SzLmW
,,C[C@@H](CNC(=O)Cc1sccc1Br)N(C)C(=O)CCN=c1[nH]ccs1,,,,,,ZINCpz00000evK7L
,,CNS(=O)(=O)[C@@H](C)CNC(=O)COC1CCC(F)(F)CC1,,,,,,ZINClc00000y8tLS
,,C=CCOCCN1CCN(C(=O)c2cccn2C(C)C)CC1,,,,,,ZINCmq000002t8vM
,,COC(=O)[C@@H](NC(=O)CCCS(=O)(=O)CCN)c1ccc(Br)cc1,,,,,,ZINCof000011tNOz
,,CC[C@H](C)[C@H](NC(=O)C#CC(C)(C)O)C(=O)NC[C@H]1CC1(F)F,,,,,,ZINCng00000UjAZ4
,,C[C@H](CN=c1ncc(Br)c[nH]1)CNC(=O)c1ccnc(F)c1Cl,,,,,,ZINCnz000003ELaF
,,CNS(=O)(=O)[C@H](C)CNC(=O)CN(C)c1ccc(Cl)cc1,,,,,,ZINCle00000y8tLQ
,,Cc1cc(CN[C@@H](CC(C)C)CS(C)(=O)=O)ccc1Br,,,,,,ZINCkD000002a8q1
,,Cc1ccc(C(=O)N2C[C@H](C)[C@@H]2C(=O)N2CCC[C@H](CO)[C@@H]2C)s1,,,,,,ZINCor00000sPUnK
,,CO[C@H](C(=O)NCCn1cc(C(=O)N[C@H]2CCO[C@H]2C)cn1)C1CC1,,,,,,ZINCp9000015OuEe
,,CCOC1(CN(C[C@@H]2CCOC2)C(=O)[C@H](O)CC)CCCC1,,,,,,ZINCmp00000SzLmE
,,CC[C@H](C)[C@H](NC(=O)CCc1cn[nH]c1)C(=O)N1CC(CO)C1,,,,,,ZINCn900000UjAYy
,,CO[C@@H](C(=O)NCCn1ccc(=O)cc1)C1CN(C(=O)C2CCC2)C1,,,,,,ZINCp8000015OuE1
,,COC(=O)[C@@H](NC(=O)c1sc(-c2cccnc2)nc1C)C1CNC1,,,,,,ZINCog000011tNOs
,,CCN(CC)[C@H](CNC(=O)[C@H]1CC[C@@H](N)CC1)Cc1ccccc1,,,,,,ZINCov000002QyjV
,,O=C(NC[C@]1(O)[C@H]2[C@H]3C[C@@H]4[C@@H]5[C@H]3[C@H]1[C@@H]5C[C@H]42)NC[C@]1(F)CCOC1,,,,,,ZINCof00000yUYzE
,,COCC1CN(C(=O)[C@H](CC(F)F)N(C)C(=O)C[C@@]23CCC[C@H]2C3)C1,,,,,,ZINCpr00000mdQjJ
,,CC[C@H]1C[C@H]1C(=O)N[C@@H](C)[C@H](C)Nc1cc(=O)n2ccccc2n1,,,,,,ZINCoq00000sVmMu
,,CCC[C@H](C)CN(C[C@@H]1CC2(CCO1)CC2)C(=O)[C@H](O)CC(N)=O,,,,,,ZINCok00000K6KVO
,,COCCOCCCN=C(NCc1cccs1)N1CC[C@H](C)[C@@H](C)C1,,,,,,ZINCpC00000cHeO6
,,COC(OC)C(=O)N=c1ccc(-c2ccc(F)cc2)n[nH]1,,,,,,ZINClo00000xcnep
,,COC(=O)CC(=O)NCc1ccc(C(=O)OC)cc1C,,,,,,ZINCkf00000xcnes
,,O=C(Nc1cncc(CO)c1)[C@H]1CN(C(=O)C=CC(F)(F)F)CCO1,,,,,,ZINCpe000015Plz6
,,CC1(C)CCC[C@H](CNC(=O)N2C[C@@H]3CCC[C@]3(CN)C2)C1,,,,,,ZINCmz0000042W7e
,,C[C@@H](CC(=O)NCC1(n2ccnn2)CC1)N(C)C(=O)C(N)=O,,,,,,ZINCm4000010t5WN
,,CC1(CNC(=O)[C@@](C)(NC(=O)COCC(F)F)C2CCC2)CSC1,,,,,,ZINCoo00000t5Giy
,,Cn1cnc(CCNC(=O)N[C@H]2c3cccc(Br)c3CC2(F)F)c1Br,,,,,,ZINCpH00000sYFzJ
,,CCn1ncc2c(NC(=O)C(=O)N[C@@H]3CC34CC(OC)C4)cccc21,,,,,,ZINCpm00001XUuFO
,,O=C(NC[C@]1(O)CCN(C(=O)c2cc(=O)c(Br)c[nH]2)C1)C1=CCC1,,,,,,ZINCof00000yUYp2
,,C=C1CN(C(=O)CCOC2CN(C(=O)C[C@@H]3CCC[C@@H]4C[C@@H]34)C2)C1,,,,,,ZINCoo00000t5GiD
,,CC1=C(Br)SC(CNC(CO)CC2=CC=CC(F)=C2)=N1,,,,,,ZINCkA0000055TIu
,,C=CC[C@H](NC(C)=O)C(=O)N(CCCCC)Cc1nc(CC)co1,,,,,,ZINCoy00000tbNJm
,,O=C(COC1CC1)NCCC1(C(=O)NCC[C@@H]2CCCO2)CC1,,,,,,ZINCnh00000UpruF
,,C[C@@H](CC(=O)NCC1(F)CCC1)NC(=O)Cn1[nH]cnc1=N,,,,,,ZINCm5000010t5WJ
,,C#CCCC[C@@H](C)C(=O)N[C@@H]1C[C@H]2[C@@H]1CCN2C(=O)COCCCC,,,,,,ZINCpt00000gsF93
,,COCC1CN(C(=O)[C@H](CC(C)C)N(C)C(=O)CCc2nccs2)C1,,,,,,ZINCpq00000mdQjC
,,CCC(CC)[C@H](C)C(=O)N[C@H]1C[C@@H](CNC(=O)C2(CN(C)C)CC2)C1,,,,,,ZINCpu00000gsF9a
,,N[C@H](Cc1cccc(F)c1)C(=O)NCCc1ncccc1Br,,,,,,ZINCms00000eB7Qm
,,O=C(COC1CC1)NC/C=C/C(=O)N1CC[C@@H](n2ccnn2)C1,,,,,,ZINCn500000UpruX
,,COC(=O)CC(=O)NCc1ccc2c(c1)C(C)(C)C(=O)N2,,,,,,ZINClg00000xcner
,,C=CC[C@H](NC(C)=O)C(=O)N(CCC(C)(C)C=C)Cc1cc[nH]c1,,,,,,ZINCoA00000tbNJr
,,CO[C@H](C)C(=O)NCCO[C@@H]1CCN(C(=O)CSCCN(C)C)C1,,,,,,ZINCo6000003qYPF
,,CO[C@H](C)C(=O)NC[C@@H](C)NC(=O)c1c[nH]nc1-c1ccnn1C,,,,,,ZINCo6000003qYTN
,,COCCOCc1nnc(N2CCC3(CCCCC3)C2)n1CC(C)C,,,,,,ZINCpC00000cHf3i
,,CC[C@H](C)OCC(=O)N(Cc1cc([N+](=O)[O-])sn1)C[C@H]1C[C@@H]1Cl,,,,,,ZINCny00000EWn5N
,,C=CC[C@@H](NC(C)=O)C(=O)N(C/C=C/C)Cc1ncc(C)cc1Cl,,,,,,ZINCoA00000tbNJh
,,O=C(NC1CN(CC(F)F)C1)[C@@H](O)C1CN(C(=O)CCOC2CC2)C1,,,,,,ZINCp5000015Plzz
,,CCn1nccc1CN(C)C(=O)C(=O)Nc1ccc2c(c1)CCCO2,,,,,,ZINCpo00001XUuG2
,,Cn1c(=NCCCn2cnc3c2CCCC3)[nH]c2c(F)cc(Br)cc21,,,,,,ZINCpK00000sYFzE
,,COC(=O)C(CO)(CO)NC(=O)c1cc(C)c(F)cc1F,,,,,,ZINCl500000xcne3
,,C[C@H](CC(=O)N(C)C1(CO)CC1)NC(=O)[C@H]1C[C@H](O)CN1C,,,,,,ZINCm4000010t5Wx
,,CCn1ncc(C)c1NC(=O)C(=O)N1CCC[C@H]1[C@@]1(C)CCN(C)C1,,,,,,ZINCpk00001XUuGc
,,COCCNC(=NCCc1cncs1)N[C@H](C)c1c(C)cccc1C,,,,,,ZINCpC00000cHeEI
,,O=C(COC1CC1)NCCCCCCC(=O)N[C@@H]1CCCOC1,,,,,,ZINCnl00000UpruH
,,CSCCC(C)(C)C(=O)N(C)C[C@@H](C)C(=O)NC[C@@]12CC[C@@H](CO1)C2,,,,,,ZINCpv00000xK1Fw
,,CC[C@H]1C[C@H]1C(=O)N[C@@H](C)[C@@H]1CCN(S(=O)(=O)c2ccccc2)C1,,,,,,ZINCos00000sVmMr
,,CSCCC(C)(C)C(=O)N(C)C[C@@H](C)C(=O)NCCc1ccncc1,,,,,,ZINCpw00000xK1Fz
,,Cn1cnc(CCNc2cc(=NCc3ccc(Br)cc3)[nH]cn2)c1Br,,,,,,ZINCpK00000sYFzF
,,CSCCC(C)(C)C(=O)NC/C=C/C(=O)N[C@H](C)c1cncc(F)c1,,,,,,ZINCpy00000xK1Fo
,,CO[C@H](C)C(=O)NC[C@@H]1CCN([C@H](C)C(=O)NC(=O)NC(C)C)C1,,,,,,ZINCo6000003qYZC
,,CC(C)[C@H](C)CN(C[C@H]1CC=CCC1)C(=O)Cn1c(O)nnc1O,,,,,,ZINCoj00000K6KVQ
,,CC[C@H]1C[C@H]1C(=O)N[C@H](C)[C@@H]1CCN(c2ccnc3ccnn23)C1,,,,,,ZINCor00000sVmMn
,,CC1(C)CCC[C@H](C(=O)N2CCO[C@@H](c3cc[nH]n3)C2)CC1,,,,,,ZINCmz0000042W45
,,O=C(NC1CN(CC(F)F)C1)[C@@H]1CCN(C(=O)C2CC(C3CC3)C2)O1,,,,,,ZINCpg000015Plzu
,,O=C(NC[C@]12CC[C@H]1CN(C(=O)[C@H]1C[C@@H](O)C1)C2)[C@H]1CSCCS1,,,,,,ZINCof00000yUYT2
,,CCn1ncc2c(NC(=O)C(=O)NC[C@H](O)CC(F)(F)F)cccc21,,,,,,ZINCpk00001XUuFN
,,CCn1nccc1S(=O)(=O)NC(=O)C(C)(C)c1ccc(C#N)c(F)c1,,,,,,ZINCpm00001XUuGb
,,C=CC[C@@H](NC(C)=O)C(=O)N(CCC(C)C)Cc1ccccc1O,,,,,,ZINCoy00000tbNJi
,,COCC1CN(C(=O)[C@@H](C)[C@@H]2CCN(C(=O)C3(C)CC(F)(F)C3)C2)C1,,,,,,ZINCpq00000mdQjU
,,COCCNC(=NCCc1ccc(F)c(Br)c1)NCC(C)(C)CC#N,,,,,,ZINCpC00000cHeq7
,,O=C(NC[C@]12CCC[C@H]1N(C(=O)c1cnn[nH]1)CC2)C1=CCSC1,,,,,,ZINCof00000yUYGM
,,C[C@H]1CCN(C(=O)c2ccsc2)[C@@H]1CNC(=O)C1CSC1,,,,,,ZINClq0000045UBF
,,CCn1ncc(C)c1NC(=O)C(=O)N(C)Cc1c(Br)cncc1OC,,,,,,ZINCpp00001XUuGi
,,CCn1nc(C)cc1NC(=O)C(=O)Nc1cn(CC(F)F)nc1OC,,,,,,ZINCpi00001XUuGg
,,Cc1cnc(O)c(CNC(=O)NC[C@@H](O)[C@@H]2CC3CCC2CC3)c1,,,,,,ZINCom00000t5GiB
,,CSCCCCCC(=O)N(C)[C@](C)(C(=O)N[C@@H]1COC[C@@H]1C)C1CC1,,,,,,ZINCpw00000xK1Fn
,,O=C(COC1CC1)NCCCCC(=O)N1CCO[C@@H](C2CC2)C1,,,,,,ZINCng00000UpruM
,,O=C(NC1CN(CC(F)F)C1)c1ncoc1CNC(=O)[C@H]1CCSC1,,,,,,ZINCpd000015Plzm
,,CC/C=C/C[C@@H](C)C(=O)N[C@H]1C[C@H](CCNC(=O)C(F)(F)[C@@H](C)O)C1,,,,,,ZINCpt00000gsF96
,,COCCO[C@H]1CCCN(C(=NCC(C)C)NC[C@@]2(C)CC2(Cl)Cl)C1,,,,,,ZINCpC00000cHfdt
,,N[C@H](Cc1ccc(C(F)(F)F)cc1)C(=O)NCc1cncs1,,,,,,ZINCmt00000eB7Qr
,,CC[C@H]1C[C@@H]1C(=O)N[C@H](C)[C@@H]1CCN(c2ccn3nccc3n2)C1,,,,,,ZINCor00000sVmMl
,,C[C@H]1CCN(CC(Cl)=CCl)C[C@@H]1NC(=O)C1=COCCO1,,,,,,ZINClq0000045UCQ
,,O=C(COC1CC1)NCCCOCCC(=O)N1C[C@H]2CCC[C@@H]21,,,,,,ZINCng00000Uprv5
,,CCC[C@H](CC)CN(CCSCCOC)C(=O)c1cccnn1,,,,,,ZINCnB00000sTR2u
,,COCCNC(=NCCc1ccc(F)c(C)c1)NC[C@@H]1CC[C@@H](C)C1,,,,,,ZINCpC00000cHeqr
,,O=C(COC1CC1)NCCC[C@H](O)C(=O)N(CCO)CC(F)F,,,,,,ZINCn500000UpruV
,,Cc1cnc(O)c(CNC(=O)N2CCC([C@H]3OCC3(F)F)CC2)c1,,,,,,ZINCom00000t5Giz
,,O=C(COC1CC1)NCCC1(C(=O)N2C[C@@H]3[C@@H](C2)C3(F)F)CC1,,,,,,ZINCnh00000UpruE
,,O=C(Nc1cncc(CO)c1)[C@H](CO)NC(=O)[C@H](O)Cn1cncn1,,,,,,ZINCp3000015Plz8
,,O=C(COC1CC1)N(CCC(=O)N1CCCC[C@@H]1CF)C1CC1,,,,,,ZINCno00000Uprv6
,,N[C@@H](Cc1cccc(F)c1)C(=O)N[C@H]1CC(F)(F)C12CCC2,,,,,,ZINCmt00000eB7Qn
,,O=C(Nc1cncc(F)c1)C1=C(F)CN(C(=O)Cn2cnnn2)CC1,,,,,,ZINCp9000015Plz9
,,CCn1ncc2cc(NC(=O)C(=O)NC34CCC(CO)(C3)C4)ccc21,,,,,,ZINCpk00001XUuFF
,,CCn1nccc1[C@@H]1OCC[C@H]1NC(=O)NOCCc1ccncc1,,,,,,ZINCpm00001XUuFX
,,CCC[C@H](C)CN(CC(F)(F)C(N)=O)C(=O)c1cc(OC)ncn1,,,,,,ZINCok00000K6KVG
,,O=C(Nc1cnc(Cl)nc1)[C@@H]1C[C@H](F)CN1C(=O)[C@@H](CO)C(F)(F)F,,,,,,ZINCph000015PlzH
,,C[C@H](CC(=O)N(C)C1CSC1)N(C)C(=O)c1nnn(C)c1N,,,,,,ZINCm5000010t5WD
,,CCOCCCNC(=O)[C@@H]1C=CCCN1C(=O)c1ccc(Cl)cc1,,,,,,ZINCow00000pfgxQ
,,C=CC[C@@H](C)CN(CC(F)(F)C(N)=O)C(=O)c1nnn(C)c1CC,,,,,,ZINCoh00000K6KVH
,,N[C@H](Cc1cccc(F)c1)C(=O)NNc1cccc(F)c1Cl,,,,,,ZINCmw00000eB7Qp
,,CCn1ncc2c(NNC(=O)N[C@H](C)[C@@H]3CCC(C)(C)O3)ncnc21,,,,,,ZINCpo00001XUuFU
,,CCn1ncc(C)c1NC(=O)C(=O)N1CCC[C@@H]1c1nc(C)c(C)[nH]1,,,,,,ZINCpo00001XUuGd
,,C[C@@H](CC(=O)NCC1(N(C)C)CCC1)NC(=O)CNC(N)=O,,,,,,ZINCm5000010t5WO
,,CC1(C)CCC[C@H](COC(=O)c2ccn([C@@H]3CC3(F)F)n2)O1,,,,,,ZINCmz0000042W7S
,,CC1=CC=C2C=CC=C(C(=O)NC3(CF)COC3)C2=N1,,,,,,ZINCkq0000055TGH
,,COC(OC)C(=O)N1C[C@@H](CO)Oc2cc(F)ccc21,,,,,,ZINCkb00000xcnem
,,O=C(Nc1cncc(F)c1)c1coc(CNC(=O)[C@]23COC[C@H]2C3)n1,,,,,,ZINCph000015Plza
,,CC[C@@H](COC)C(=O)N(Cc1ccoc1)CC1(CO)CCCC1,,,,,,ZINCny00000EWn5W
,,C[C@@H](CC(=O)NCc1cnn[nH]1)NC(=O)CNC(=O)C1CC1,,,,,,ZINCm4000010t5Wo
,,CCC[C@H](NC(C)=O)C(=O)N(CC=C(C)C)Cc1ccc(C)nc1,,,,,,ZINCoz00000tbNJk
,,CCC[C@H](CC)CN(CCSCCOC)C(=O)C1(OC)CCC1,,,,,,ZINCnF00000sTR2x
,,CCC[C@H](CC)CN(CCSC(F)F)C(=O)C[C@@H]1CCCN1C,,,,,,ZINCnK00000sTR2G
,,C[C@H]1CCN(CC2CCOCC2)C[C@@H]1NC(=O)CC1CC1,,,,,,ZINClq0000045UDA
,,C[C@@H](CC(=O)N(C)C1CSC1)NC(=O)CN1C(=O)CCC1=O,,,,,,ZINCm5000010t5WE
,,O=C(COC1CC1)NCCCCC(=O)NC1C[C@@H]2CSC[C@H]2C1,,,,,,ZINCnn00000UpruO
,,C[C@H]1CCN(C(=O)c2ccoc2)C[C@@H]1NC(=O)CC1CC1,,,,,,ZINClq0000045UBn
,,C=C[C@H](C)OCC(=O)N(Cc1ccon1)C[C@@H](CCC)CCO,,,,,,ZINCnt00000EWn63
,,CCn1nc(C)cc1S(=O)(=O)N[C@@H](CCOc1ccccc1)C(=O)O,,,,,,ZINCpk00001XUuGl
,,CC[C@H]1C[C@H]1C(=O)N[C@H](C)[C@@H]1CN(c2nc(C3CC3)ns2)CCO1,,,,,,ZINCor00000sVmMt
,,O=C(COC1CC1)NCc1nocc1C(=O)N[C@@H](CO)CCF,,,,,,ZINCn500000UpruB
,,CC1(CNC(=O)CCOC2CN(C(=O)C(C)(C)CC#N)C2)CCC1,,,,,,ZINCoo00000t5GiC
,,O=C(Nc1cncc(CO)c1)[C@H]1C=CCN1C(=O)CN1CCSCC1,,,,,,ZINCp9000015Plz0
,,O=C(Nc1cncc(F)c1)[C@@H]1C[C@@H]2C[C@@H]2N1C(=O)CN1C[C@H]2C[C@@H]2C1,,,,,,ZINCph000015Plzb
,,O=C(Nc1cnc(Cl)nc1)[C@@H]1COC[C@@H]1NC(=O)[C@@H](F)OC(F)(F)F,,,,,,ZINCpg000015PlzM
,,O=C(NC1CN(CC(F)F)C1)[C@@H](O)CNC(=O)C1(CO)CCOCC1,,,,,,ZINCp4000015PlzB
,,Cc1cnc(O)c(CNC(=O)N2C[C@H](c3ccsc3)[C@@H](CO)C2)c1,,,,,,ZINCom00000t5GiA
,,O=C(Nc1cnc(F)nc1)[C@@H]1C[C@]12CCN(C(=O)c1ccnnc1)C2,,,,,,ZINCpe000015PlzY
,,C[C@@H](CC(=O)NCC1(C(N)=O)CC1)NC(=O)c1cccnc1,,,,,,ZINCm5000010t5Wp
,,COCC1(CNC(=O)[C@H](C)[C@H](C)NC(=O)c2ccccc2O)CCC1,,,,,,ZINCpq00000mdQjV
,,COCCO[C@H](C)c1nc(-c2cc(OC)ccn2)nn1[C@@H](C)C(C)C,,,,,,ZINCpC00000cHfap
,,CSC(C)(C)C=CC(=O)N(C)C[C@@H](C)C(=O)N1CCCOC(C)(C)C1,,,,,,ZINCpy00000xK1Fv
,,O=C(Nc1cncc(CO)c1)[C@@H]1CCN1C(=O)c1nnc(O)nc1O,,,,,,ZINCp4000015Plz3
,,CCn1nc(C)cc1S(=O)(=O)N1CCC2(CC[C@H](S(C)(=O)=O)C2)CC1,,,,,,ZINCpl00001XUuGj
,,C=CC[C@H](NC(C)=O)C(=O)N(C/C=C/C)Cc1cnc(C(F)F)s1,,,,,,ZINCoA00000tbNJg
,,C=C[C@@H](C)OCC(=O)N(Cc1ccoc1)CC12CC(CCO1)C2,,,,,,ZINCnx00000EWn5U
,,CC/C=C/C[C@H](C)C(=O)N[C@H]1C[C@H](CCNC(=O)[C@H]2CCN2CC)C1,,,,,,ZINCpu00000gsF98
,,COC(=O)C(CO)(CO)NC(=O)Cn1c(C)csc1=O,,,,,,ZINCk400000xcnee
,,C[C@H]1CCN(CC2CC2)C[C@H]1NC(=O)[C@@H]1O[C@H](C)C[C@@H]1C,,,,,,ZINClq0000045UDb
,,COCCO[C@H](C)c1nc(CC2CCCC2)nn1-c1ccc(F)nc1,,,,,,ZINCpC00000cHfbV
,,C=C[C@@H](C)OCC(=O)N(Cc1ccoc1)C[C@@]1(CO)CC1(C)C,,,,,,ZINCnw00000EWn5V
,,O=C(NC[C@]1(O)C[C@@H]2CC[C@H](C1)N2C(=O)C[C@H]1CCCO1)C1CC1,,,,,,ZINCof00000yUYz8
,,O=C(Nc1cnc(Cl)nc1)[C@H](O)C1CN(C(=O)[C@@]2(CO)CCCO2)C1,,,,,,ZINCp5000015PlzP
,,CC[C@H](C)OCC(=O)N(Cc1cc(OC)ns1)C[C@@H](O)C(C)C,,,,,,ZINCnt00000EWn5Y
,,CO[C@H](C)C(=O)NC[C@@H](NC(=O)C1CCN(C(N)=O)CC1)C(C)C,,,,,,ZINCo6000003qYUq
,,COCCOCc1cc(C(=O)N2CCC23CC(C(F)F)C3)ccc1F,,,,,,ZINCpC00000cHeXX
,,COC[C@]1(CNC(=O)[C@H](CC(C)C)NC(=O)OC(C)C)CCCOC1,,,,,,ZINCpq00000mdQjE
,,Cn1cnc(-c2ccc(F)cc2)c1C(=O)OCc1c(I)ccnc1F,,,,,,ZINCpH00000sYFzz
,,O=C(COC1CC1)NCc1nocc1C(=O)NCc1cc[nH]n1,,,,,,ZINCn700000Upruy
,,CSCCCCCC(=O)N(C)C[C@@H](C)N(C)C(=O)CCc1csnn1,,,,,,ZINCpw00000xK1FF
,,COCCOCc1ccc(CNC(=O)N[C@H]2C[C@@]2(C)C2(C)CC2)cc1,,,,,,ZINCpC00000cHeYW
,,C[C@H]1CCN(c2ncncc2I)C[C@@H]1NC(=O)C(C)(F)F,,,,,,ZINClq0000045UGZ
,,COC(=O)C(CO)(CO)NC(=O)c1cccc(C(N)=O)c1,,,,,,ZINCl400000xcne2
,,O=C(COC1CC1)NCC#CC(=O)N1C[C@@H]2CCCCC[C@H]2C1,,,,,,ZINCnj00000UpruZ
,,C=COCCCNC(=O)[C@H]1CCC[C@H](NC(=O)[C@H](C)CC2CC2)C1,,,,,,ZINCox00000pfgxM
,,O=C(NC1CN(CC(F)(F)F)C1)N1C[C@]23CCC[C@]2(C1)C(=O)NC3=O,,,,,,ZINCp6000015PlzC
,,CCn1ncc2cc(NC(=O)C(=O)N[C@H](C)CN(C)C(C)C)ccc21,,,,,,ZINCpo00001XUuFK
,,O=C(NC[C@]1(O)CCN(C(=O)[C@@H]2C[C@H]2C2CC2)C1)c1c[nH]nc1Br,,,,,,ZINCof00000yUYli
,,COCC1CN(C(=O)[C@@H](C)[C@@H]2CCCN(C(=O)c3sncc3C)C2)C1,,,,,,ZINCpq00000mdQjP
,,COC[C@]1(CNC(=O)[C@H](C)C(F)F)CCN(C(=O)c2cocc2C)C1,,,,,,ZINCpq00000mdQjH
,,O=C(NC[C@]1(O)CCN(C(=O)Cn2cccc2)C1)c1csnc1Cl,,,,,,ZINCof00000yUYiG
,,CCn1nc(C)cc1NC(=O)C(=O)N1CC(O)(c2ccc(Br)cc2)C1,,,,,,ZINCpm00001XUuGf
,,COCC1(CNC(=O)[C@H](CC(C)C)NC(=O)CC[C@H]2CCCO2)CC1,,,,,,ZINCpq00000mdQjD
,,N[C@H](Cc1ccc(Cl)cc1Cl)C(=O)N1CC2(CCC2)[C@H]1CO,,,,,,ZINCms00000eB7Qt
,,O=C(COC1CC1)NCCCC(=O)N[C@@H]1CCN(CCCO)C1,,,,,,ZINCn500000Uprv2
,,O=C(Nc1cncnc1OC1COC1)c1cn(C[C@@H]2CCOC2)nn1,,,,,,ZINCp7000015PlAa
,,CO[C@H](C)C(=O)NC[C@@H]1CN(C(=O)C2CCN(C)CC2)CCCO1,,,,,,ZINCo6000003qZ0I
,,O=C(NC1CN(CC(F)(F)F)C1)N1CCCC[C@H](N2CCOCC2)C1,,,,,,ZINCph000015PlzD
,,CCC[C@H](CC)CN(CCSCCOC)C(=O)c1csc(=N)[nH]1,,,,,,ZINCnD00000sTR2w
,,COC(=O)C(CO)(CO)NC(=O)Nc1ncccn1,,,,,,ZINCj400000xcnef
,,O=C([C@@H]1CCc2c[nH]nc21)N1CC[C@H]2CCCC[C@H]21,,,,,,ZINCjs000002Me2A
,,CCC[C@H](CC)CN(CCSCCOC)C(=O)[C@@H]1CC(C)=NO1,,,,,,ZINCnB00000sTR2A
,,CC[C@@](C)(O)CN(Cc1sc(C)nc1C)C(=O)C1C(C)(C)C1(C)C,,,,,,ZINCoJ00000lwakJ
,,O=C(COC1CC1)NCC1(NC(=O)C[C@@H]2CCCSC2)CCC1,,,,,,ZINCno00000Uprux
,,CC[C@@H](C)OCC(=O)N(Cc1ccon1)CC(C)(C)CCCO,,,,,,ZINCnw00000EWn60
,,CC[C@H]1C[C@@H]1C(=O)N[C@H](C)[C@H]1CCN(c2ccnc3ccnn23)C1,,,,,,ZINCor00000sVmMm
,,C=CC[C@H](NC(C)=O)C(=O)N(CCC(C)C)Cc1cccc(F)c1,,,,,,ZINCoC00000tbNJj
,,O=C(Nc1cncc(CO)c1)c1cncc(CNC(=O)[C@@H]2CCO2)c1,,,,,,ZINCpc000015PlyY
,,COC(=O)C(CO)(CO)NC(=O)NCc1cc(C)cs1,,,,,,ZINCk500000xcneh
,,COCC1CN(C(=O)[C@H](C)[C@H]2CCN(C(=O)C3(C4(C)CC4)CC3)C2)C1,,,,,,ZINCpr00000mdQjT
,,C=COCCCNC(=O)[C@@H]1CCC[C@H](NC(=O)[C@H](C)N=[N+]=[N-])CC1,,,,,,ZINCou00000pfgxN
,,C[C@@H](CC(=O)NCC1(F)CN(C)C1)NC(=O)[C@@H]1[C@H]2COC[C@H]21,,,,,,ZINCm5000010t5WM
,,CSCCCCCC(=O)NC[C@@](C)(F)CNC(=O)c1cn(C)cc1C,,,,,,ZINCpy00000xK1Fr
,,CSCCC(C)(C)C(=O)NC[C@](C)(F)CNC(=O)C1=C[C@H]2C=C[C@H]1C2,,,,,,ZINCpy00000xK1Fp
,,COCCOCc1nc(-c2ccc(Cl)cn2)nn1Cc1ccccc1,,,,,,ZINCpC00000cHf00
,,CCn1ncc2c(NC(=O)C(=O)N[C@@H](C)Cc3cnco3)cccc21,,,,,,ZINCpn00001XUuFQ
,,O=C(NC1CN(CC(F)F)C1)[C@@H]1C=CCN1C(=O)CO[C@H]1CCOC1,,,,,,ZINCp5000015Plzp
,,CO[C@H](C)C(=O)NC[C@@H](C)CN(C)C(=O)C[C@]1(O)CCCN(C)C1,,,,,,ZINCo6000003qYSw
,,C=CC[C@H](NC(C)=O)C(=O)N(CCCC(C)C)Cc1csc(C)n1,,,,,,ZINCoC00000tbNJo
,,O=C(NC1CN(CC(F)F)C1)C1=CC[C@H](NC(=O)C2=CCOCC2)C1,,,,,,ZINCpc000015Plzj
,,O=C(Nc1cnc(F)nc1)c1n[nH]c2c1CN(C(=O)C#CC1CC1)C2,,,,,,ZINCpe000015PlzW
,,O=C(NC1CN(CC(F)F)C1)C1=CCN(C(=O)[C@H]2CC=CCO2)CC1,,,,,,ZINCpb000015Plzl
,,C[C@@H](CC(=O)NCc1csnn1)NC(=O)[C@@]1(C)COCCO1,,,,,,ZINCm5000010t5WG
,,C=C[C@H](C)OCC(=O)N(Cc1ccns1)C[C@@H]1CCO[C@@H](C)C1,,,,,,ZINCny00000EWn5S
,,N[C@H](Cc1ccc(Cl)cc1)Cc1nc(C2(N)CCCC2)no1,,,,,,ZINCmv00000eB7Qs
,,COC(=O)C(CO)(CO)NC(=O)NCc1ccon1,,,,,,ZINCj400000xcnej
,,CC[C@@](C)(O)CN(Cc1sc(C)nc1C)C[C@@H](C)C1CCOCC1,,,,,,ZINCoH00000lwakH
,,C[C@H](CC(=O)NCC1(C(=O)N[C@H]2COC(=O)C2)CC1)N(C)C,,,,,,ZINCm5000010t5WC
,,CCn1nccc1[C@@H](C)NC(=O)N1CC[C@]2(COCC(F)(F)CO2)C1,,,,,,ZINCpo00001XUuFZ
,,CC[C@@H](C)OCC(=O)N(Cc1ccns1)C[C@]1(C)CSCCO1,,,,,,ZINCny00000EWn5O
,,O=C(COC1CC1)NCc1nc(C(=O)NC[C@@H]2CC2(Cl)Cl)co1,,,,,,ZINCnj00000Upruw
,,COCC1(CNC(=O)[C@H](CC(F)F)NC(=O)C2CC(C)(F)C2)CCC1,,,,,,ZINCpr00000mdQjM
,,CC1(C)CCC[C@H](CNS(=O)(=O)c2cnc3sccc3c2)O1,,,,,,ZINCmz0000042W7z
,,CC#CCN(C(=O)C1=CN(CCC)N=N1)C1CCCC1,,,,,,ZINCkq0000055TLC
,,O=C(NC1CN(CC(F)F)C1)c1cc(CNC(=O)C2CC(F)C2)[nH]n1,,,,,,ZINCpa000015Plzk
,,O=C(Nc1cncc(F)c1)[C@H]1CCN(C(=O)[C@@H]2Cc3nccn3C2)O1,,,,,,ZINCpd000015Plze
,,C[C@@H](CC(=O)NCC1(F)CC1)NC(=O)CN1CCC(O)CC1,,,,,,ZINCm5000010t5WI
,,COC(OC)C(=O)N(Cc1csnn1)C1CC1,,,,,,ZINChc00000xcneu
,,C[C@H]1CCN(Cc2nncs2)C[C@H]1NC(=O)CCC1CC1,,,,,,ZINClq0000045UG0
,,CCn1ncc2c(NC(=O)C(=O)N[C@H](C)c3ncccn3)cccc21,,,,,,ZINCpm00001XUuFP
,,O=C(COC1CC1)NCCCCC(=O)N[C@@H]1CNC(=O)C12CC2,,,,,,ZINCn500000UpruQ
,,COCC1(CNC(=O)[C@@H](C)C(F)(F)F)CN(C(=O)[C@]2(F)CC2(Cl)Cl)C1,,,,,,ZINCpq00000mdQjI
,,CCn1ncc(C)c1NC(=O)C(=O)NCC1(c2cccc(O)c2)CC1,,,,,,ZINCpn00001XUuGh
,,O=C(Nc1cncc(CO)c1)C1=CC[C@H](NC(=O)C2=CCCOC2)C1,,,,,,ZINCpg000015PlyW
,,Cn1cnc(CCCNC(=O)Nc2ccc(OCC3CC3)cc2I)c1,,,,,,ZINCpF00000sYFzD
,,CCn1ncc2c(NC(=O)C(=O)N[C@@H](C)COCC3CC3)cccc21,,,,,,ZINCpp00001XUuFR
,,O=C(COC1CC1)NC/C=C/CC(=O)N1CCc2ccncc21,,,,,,ZINCni00000UpruK
,,O=C(COC1CC1)NCc1nocc1C(=O)N[C@@H]1COC(=O)C1,,,,,,ZINCn500000UpruA
,,CC1(CNC(=O)CCOCCCNC(=O)c2cncc(F)c2)CC1,,,,,,ZINCom00000t5GiI
,,CCC[C@H](NC(C)=O)C(=O)N(CCC(C)(C)CC)C[C@@H]1CCOC1,,,,,,ZINCoz00000tbNJv
,,C=CC[C@@H](C)CN(CCC(=O)NCC(C)C)C(=O)Cn1cncn1,,,,,,ZINCok00000K6KVE
,,O=C(Nc1cnc(F)nc1)[C@@H]1CCN(C(=O)[C@H]2COCCO2)C12CC2,,,,,,ZINCp9000015PlzZ
,,COC[C@]1(CNC(=O)[C@@H](C)[C@H]2CCCO2)CCN(C(=O)C=C(Cl)Cl)C1,,,,,,ZINCpr00000mdQjR
,,O=C(COC1CC1)NCc1ncc(C(=O)NCCC(Cl)Cl)cn1,,,,,,ZINCnh00000Upruv
,,O=C(Nc1cnc(Cl)nc1)[C@@H]1C[C@H](O)CN1C(=O)CCn1cccn1,,,,,,ZINCp9000015PlzI
,,COCC1CN(C(=O)[C@H](C)[C@H]2CCCN(C(=O)[C@H]3C[C@H](SC)C3)C2)C1,,,,,,ZINCpr00000mdQjQ
,,C1=NC2=C(CCCC2)C(N2CCC(C3=NOC=C3)C2)=C1,,,,,,ZINCkz0000055TLd
,,CC1=NC([C@H]2CCCN2C2=NC(CO)=CC(Cl)=C2)=CS1,,,,,,ZINCkD0000055TLD
,,Cn1cnc(CCN=c2[nH]c(=NC3CC3)[nH]c3c2CCCCC3)c1Br,,,,,,ZINCpE00000sYFzH
,,N[C@@H](Cc1cccc(F)c1)C(=O)N[C@@H]1C[C@H]2C=CC[C@H](C2)C1,,,,,,ZINCmv00000eB7Qo
,,CSC(C)(C)C=CC(=O)N(C)C[C@@H](C)C(=O)NCc1ncccc1C,,,,,,ZINCpx00000xK1Fx
,,O=C(COC1CC1)NCc1nocc1C(=O)NCC[C@@H](O)CO,,,,,,ZINCn400000Upruz
,,CCn1nc(C(C)(C)C)cc1NC(=O)C(=O)N1CCC[C@H](C)[C@H]1CO,,,,,,ZINCpn00001XUuGp
,,O=C(NC[C@]1(O)CCN(C(=O)c2csc(Cl)n2)C1)[C@H]1CCCOC1,,,,,,ZINCof00000yUYu4
,,C=Cn1nccc1C(=O)NS(=O)(=O)CCCOc1ccc(OC)cc1,,,,,,ZINCpl00001XUuG5
,,C[C@H]1CCN(c2nnco2)C[C@@H]1NC(=O)c1cc(Br)co1,,,,,,ZINClq0000045UHU
,,C[C@@H](CC(=O)NCC1(CO)CC1)NC(=O)[C@@H]1CCNC(=O)C1,,,,,,ZINCm5000010t5Wy
,,C#CCCC[C@H](C)C(=O)N[C@H]1C[C@H](CCNC(=O)[C@@H]2CCCCO2)C1,,,,,,ZINCpt00000gsF97
,,O=C(Nc1cnc(F)nc1)[C@@H]1[C@H]2C[C@H]2CN1C(=O)CCn1cncn1,,,,,,ZINCp6000015PlA2
,,CCC[C@@H](CC)CN(CCSC(F)F)C(=O)C1(O)CCSCC1,,,,,,ZINCnI00000sTR2E
,,C[C@@H](CC(=O)NCC1(C(N)=O)CC1)NC(=O)C[C@@H]1CCCO1,,,,,,ZINCm5000010t5Wr
,,O=C(COC1CC1)NCC#CC(=O)N1C[C@@H]2CCCCCC[C@H]21,,,,,,ZINCnk00000UpruY
,,CCn1nccc1[C@H](C)NC(=O)NCc1ccc(CC(=O)NC)cc1,,,,,,ZINCpn00001XUuG0
,,O=C(COC1CC1)NC/C=C/CC(=O)N1CC2(CCC(=O)N2)C1,,,,,,ZINCn500000UpruJ
,,CSC(C)(C)C=CC(=O)N(C)C[C@H](C)C(=O)NC(C)(C)c1ncc[nH]1,,,,,,ZINCpv00000xK1FA
,,CCn1nccc1[C@@H](N)C(=O)N1CC2(CCC2)[C@@H]1C1CCN(C)CC1,,,,,,ZINCpm00001XUuG1
,,CCn1nccc1CNC(=O)C(=O)N=c1[nH]n(CC(F)(F)F)cc1Br,,,,,,ZINCpm00001XUuG4
,,CO[C@H](C)C(=O)NC[C@@H](NC(=O)c1cn(C)c(=O)n1C)C(C)(C)C,,,,,,ZINCo6000003qYUU
,,COCC1(CNC(=O)[C@@H](C)[C@H](C)NC(=O)C=Cc2ccc[nH]2)CCC1,,,,,,ZINCpr00000mdQjW
,,COCC1CN(C(=O)[C@@H](CC(C)C)ONC(=O)Cc2ccsc2C)C1,,,,,,ZINCpr00000mdQjG
,,CCC(C)(C)N(C)C(=O)NCC(C)(C)C1=CN=CC=N1,,,,,,ZINCkv0000055THK
,,O=C(NC[C@]12CC[C@H]1CN(C(=O)c1nncn1C1CC1)C2)C1CC1,,,,,,ZINCof00000yUYV1
,,O=C(Nc1cncc(F)c1)[C@@H](F)C1(O)CN(C(=O)Cc2cncs2)C1,,,,,,ZINCpd000015Plzh
,,O=C(NC1CN(CC(F)F)C1)[C@@H]1CCCN(C(=O)c2cnco2)CC1,,,,,,ZINCpf000015Plzq
,,O=C(COC1CC1)NC/C=C/CC(=O)Nc1ccc(F)cc1O,,,,,,ZINCnn00000UpruN
,,C#CCCC[C@H](C)C(=O)N[C@@H]1C[C@H]2[C@@H]1CCN2C(=O)c1n[nH]cc1Br,,,,,,ZINCpt00000gsF92
,,CCC[C@H](C)CN(CC(F)(F)C(N)=O)C(=O)[C@H](OC)[C@H]1CCOC1,,,,,,ZINCok00000K6KVN
,,O=C(Nc1cnccn1)C1CCN(C(=O)[C@@]23CC[C@@](F)(CN2)C3)CC1,,,,,,ZINCpe000015PlzQ
,,O=C(NC[C@]1(O)CCN(C(=O)[C@H]2CCCSC2)C1)C1=CCCCO1,,,,,,ZINCof00000yUYnP
,,CC[C@H](C)OCC(=O)N(Cc1ccns1)C[C@H]1CC2(CC2)CO1,,,,,,ZINCny00000EWn5Q
,,C=CC[C@H](C)CN(C[C@H]1CCC2(CC2)CO1)C(=O)COCC(N)=O,,,,,,ZINCok00000K6KVP
,,CCn1ncc2cc(NC(=O)C(=O)NC[C@@]3(OC)CCSC3)ccc21,,,,,,ZINCpm00001XUuFI
,,COC(=O)C(CO)(CO)NC(=O)c1coc(C2CC2)n1,,,,,,ZINCk500000xcne9
,,CSC(C)(C)C=CC(=O)N(C)C[C@H](C)C(=O)NCCC(C)(C)N(C)C,,,,,,ZINCpw00000xK1FB
,,CSC(C)(C)/C=C/C(=O)NC[C@](C)(F)CNC(=O)[C@H](C)OC(C)(C)C,,,,,,ZINCpy00000xK1Ft
,,O=C(Nc1cnc(Cl)nc1)[C@H]1CN(C(=O)[C@]2(O)CCOC2)CC12CC2,,,,,,ZINCpa000015PlzL
,,C[C@@H](CC(=O)NCC1(C(N)=O)CC1)NC(=O)c1ccncc1,,,,,,ZINCm5000010t5Wq
,,COCCOC1CCC(C(=O)O[C@H]2C(=O)Nc3cc(Br)ccc32)CC1,,,,,,ZINCpC00000cHeLt
,,COC(=O)C(CO)(CO)NC(=O)c1cc(F)cc(Br)c1O,,,,,,ZINCl500000xcne6
,,O=C(COC1CC1)NCCC[C@@H](O)C(=O)N[C@@H]1COCC[C@H]1O,,,,,,ZINCn400000UpruW
,,C=C1CN(C(=O)CCOCCCNC(=O)C2=C(CC)OCCC2)C1,,,,,,ZINCon00000t5GiH
,,O=C(Nc1cnc(F)nc1)[C@@H]1[C@H]2CC[C@H](C2)N1C(=O)Cn1cccn1,,,,,,ZINCpe000015PlA1
,,O=C(COC1CC1)NCCC[C@H](O)C(=O)N1C[C@@H](CO)[C@@H](O)C1,,,,,,ZINCn400000UpruT
,,CC[C@](C)(O)CN(Cc1sc(C)nc1C)C(=O)C1CC(=C2CC2)C1,,,,,,ZINCoH00000lwakI
,,C=CC[C@@H](NC(C)=O)C(=O)N(CCC(C)(C)C)Cc1nc(C)cs1,,,,,,ZINCoC00000tbNJp
,,COC(=O)C(CO)(CO)NC(=O)c1cncc(C)n1,,,,,,ZINCj400000xcne8
,,O=C(NC1CN(CC(F)F)C1)[C@@H]1CN(C(=O)COCCCF)C[C@H]1F,,,,,,ZINCp8000015Plzy
,,C#CCCC[C@@H](C)C(=O)N[C@H]1C[C@@H](CNC(=O)c2ccc(C)nc2)C1,,,,,,ZINCpu00000gsF99
,,O=C(COC1CC1)NCC[C@H](O)C(=O)NC[C@@H]1CNC(=O)CO1,,,,,,ZINCn300000Uprv3
,,O=C(NC1CN(CC(F)F)C1)[C@H]1CC=C[C@H](NC(=O)[C@H](O)C2CC2)C1,,,,,,ZINCp8000015Plzn
,,O=C(NC1CN(CC(F)F)C1)[C@H](O)CCCNC(=O)C1(C2CC2)CC1,,,,,,ZINCpa000015PlzA
,,O=C(Nc1cncc(CO)c1)[C@@H]1CCCN1NC(=O)[C@H]1CCC1(F)F,,,,,,ZINCpg000015Plz2
,,O=C(Nc1cncnc1O)[C@@H]1CC12CC(NC(=O)C1(C3CC3)CC1)C2,,,,,,ZINCph000015PlAb
,,C=COCCCNC(=O)[C@@H]1CCCCN1C(=O)c1oc(C)cc1C,,,,,,ZINCov00000pfgxR
,,COC(OC)C(=O)N1CC(c2cc(F)c(F)c(F)c2)C1,,,,,,ZINCkm00000xcnel
,,CO[C@H](C)C(=O)NCCO[C@@H]1CCN(C(=O)c2ncccc2N)C1,,,,,,ZINCo6000003qYPY
,,C[C@@H](CC(=O)NCC1(CO)CC1)N(C)C(=O)C#CC(C)(C)O,,,,,,ZINCm5000010t5Wv
,,COCC1(CNC(=O)[C@@H](C[C@@H]2CCCO2)C(F)(F)F)CCN(C)CC1,,,,,,ZINCps00000mdQjS
,,COCC1CN(C(=O)[C@@H](CC(F)F)NC(=O)[C@@]23CC[C@@H](C2)C3(C)C)C1,,,,,,ZINCpq00000mdQjL
,,O=C(Nc1cncnc1O)C1=CCN(C(=O)C[C@@H]2CCCC[C@H]2O)C1,,,,,,ZINCpa000015PlA9
,,CC[C@H](C)OCC(=O)N(Cc1ccns1)C[C@H](O)CCC1CC1,,,,,,ZINCny00000EWn5T
,,CCn1ncc2cc(NC(=O)C(=O)N(C3CC3)C(C)(C)CO)ccc21,,,,,,ZINCpn00001XUuFG
,,CSC(C)(C)/C=C/C(=O)N(C)C[C@@H](C)N(C)C(=O)[C@H]1CCCC[C@@H]1O,,,,,,ZINCpv00000xK1FG
,,C[C@H](CC(=O)NCC1(F)CN(c2nnnn2C)C1)CN(C)C,,,,,,ZINCm5000010t5WL
,,C[C@@H](CC(=O)NC[C@]1(F)CCN(C)C1)NC(=O)C(=O)N(C)C,,,,,,ZINCm5000010t5WK
,,O=C(Nc1cncnc1O)c1cc(CNC(=O)[C@@]2(F)CCOC2)[nH]n1,,,,,,ZINCp5000015PlA7
,,CCC[C@@H](C)CN(CC(F)(F)C(N)=O)C(=O)[C@@]1(OC)CCCOC1,,,,,,ZINCol00000K6KVJ
,,COCCNC(=NCCc1ccco1)NC[C@@H]1CCCC[C@H]1C1CC1,,,,,,ZINCpC00000cHeAR
,,O=C(Nc1cncnc1O)[C@@H]1CCCCCN1C(=O)CC1OCCO1,,,,,,ZINCp8000015PlAc
,,O=C(COC1CC1)NCC[C@H](O)C(=O)NCCO[C@@H]1CCOC1,,,,,,ZINCn400000Uprv4
,,COCCNC(=NCCc1cnc(C)s1)N[C@@H]1CCC12CCCCC2,,,,,,ZINCpC00000cHeEt
,,C[C@@H](CC(=O)NCc1cocn1)NC(=O)[C@@H]1CSCC(=O)N1,,,,,,ZINCm5000010t5WB
,,COC(OC)C(=O)Nc1ccc2c(c1)COC(C)(C)O2,,,,,,ZINCko00000xcneo
,,C=CC[C@@H](NC(C)=O)C(=O)N(CCCCC#CC)C[C@H]1CC1(C)C,,,,,,ZINCoB00000tbNJu
,,C=CC[C@@H](C)CN(CC(F)(F)C(N)=O)C(=O)[C@@H](CC(C)C)C(N)=O,,,,,,ZINCoi00000K6KVM
,,CC[C@@H](COC)C(=O)N(Cc1ccon1)C[C@@H]1COCC1(C)C,,,,,,ZINCnt00000EWn62
,,CN1C(NC(=O)C(C)(F)C(C)(C)F)=NC2=CC=CC=C21,,,,,,ZINCkz0000055THL
,,Cn1cnc(-c2ccc(F)cc2)c1C(=O)OCc1ccc(F)cc1F,,,,,,ZINCpI00000sYFzy
,,C[C@@H](CC(=O)NCC1(CO)CCC1)NC(=O)[C@H]1C[C@H]1C(N)=O,,,,,,ZINCm5000010t5Wz
,,O=C(Nc1cncc(CO)c1)c1cccnc1CNC(=O)C1(O)CC1,,,,,,ZINCp9000015PlyX
,,O=C(Nc1cncc([N+](=O)[O-])c1)[C@H]1CN(C(=O)C#CC2CC2)CCO1,,,,,,ZINCpb000015PlzT
,,O=C(Nc1cncc(CO)c1)[C@H](CCF)NC(=O)[C@@H]1CN2CC[C@H]1C2,,,,,,ZINCp9000015Plz7
,,O=C(COC1CC1)NC[C@H]1CCC[C@@H]1C(=O)N1CCCC12CC2,,,,,,ZINCno00000Uprv8
,,COCCOC1CCC(C(=O)OCC(=O)[C@@H]2CCCC3(CC3)C2)CC1,,,,,,ZINCpC00000cHeLp
,,CCn1ncc(C)c1S(=O)(=O)N1CCN(C(=O)c2nc(Br)cs2)CC1,,,,,,ZINCpl00001XUuGk
,,CCC[C@H](NC(C)=O)C(=O)N(CCC(C)C)Cc1cnc(CC)o1,,,,,,ZINCoz00000tbNJl
,,COC(=O)C(CO)(CO)NC(=O)N[C@@H](C)c1cnn(C)c1,,,,,,ZINCl400000xcnek
,,CCn1nccc1S(=O)(=O)NC(=O)c1cccc([C@H](F)C(F)(F)F)n1,,,,,,ZINCpp00001XUuG9
,,COCCO[C@]12CCC[C@@]1(NC(=O)[C@H]1CC[C@@H](C(C)C)CC1)CCO2,,,,,,ZINCpC00000cHffi
,,O=C(NC1CN(CC(F)F)C1)[C@H]1CCOCCN1C(=O)[C@H]1CC12CC2,,,,,,ZINCpa000015Plzw
,,CC[C@H]1C[C@H]1C(=O)N[C@@H](C)[C@H]1CCN(c2ncnn3cccc23)C1,,,,,,ZINCor00000sVmMq
,,O=C([C@@H]1C[C@@H]1F)N(CCO)Cc1ccc(F)c(Br)c1,,,,,,ZINCjs000002Me58
,,CCn1nc(C(C)(C)C)cc1NC(=O)C(=O)N1CC(O)(C2CCC2)C1,,,,,,ZINCpl00001XUuGq
,,CCn1nc(C)c(C)c1NC(=O)C(=O)N1CCO[C@@H](C(F)(F)F)[C@@H]1C,,,,,,ZINCpm00001XUuGm
,,COC(OC)C(=O)NCc1cc(S(N)(=O)=O)c(Cl)cc1Cl,,,,,,ZINCle00000xcnet
,,C#CCCC[C@@H](C)C(=O)N[C@@H]1C[C@@H]2C[C@H](NC(=O)C#CC(C)C)[C@H]1C2,,,,,,ZINCpu00000gsF8Z
,,C=CC[C@H](NC(C)=O)C(=O)N(CCC#CC(C)(C)C)C[C@@H](C)CC,,,,,,ZINCoD00000tbNJs
,,O=C(Nc1cncc(F)c1)[C@@H]1C[C@H](F)CCN1C(=O)C1CS(=O)(=O)C1,,,,,,ZINCpb000015Plzc
,,O=C([C@@H]1CNCC12CC2)N1Cc2ccc(Br)cc2C1,,,,,,ZINCjs000002Me3M
,,C=CC[C@@H](C)CN(CC(F)(F)C(N)=O)C(=O)c1nnn(CC)c1C,,,,,,ZINCoj00000K6KVI
,,O=C(Nc1cnc(Cl)nc1)[C@@H]1C=CCN(C(=O)[C@H]2CN3CC[C@H]2C3)C1,,,,,,ZINCpg000015PlzG
,,O=C(COC1CC1)NCCCC(=O)N1CCN(C(=O)CO)CC1,,,,,,ZINCn400000Uprv0
,,COC(=O)CC(=O)N1CCS(=O)(=O)C[C@@H]1c1ccccc1,,,,,,ZINClb00000xcnen
,,O=C(Nc1cnc(F)nc1)C12CC(CN(C(=O)[C@]3(O)CCSC3)C1)C2,,,,,,ZINCpc000015PlzU
,,COCCNC(=NCCc1ccccc1)NCC1CC(C2CCC2)C1,,,,,,ZINCpC00000cHexy
,,COC(=O)C(CO)(CO)NC(=O)Cc1cc(F)cc(Cl)c1,,,,,,ZINCl600000xcneb
,,CCn1nccc1CN[C@@H]1C[C@H]2CN(C(=O)OC(C)(C)C)CCN2C1,,,,,,ZINCpm00001XUuG3
,,C=COCCCNC(=O)[C@@H]1CCC[C@H](NC(=O)[C@@H](C)CC2CC2)C1,,,,,,ZINCox00000pfgxL
,,O=C(NC[C@]1(O)CCN(C(=O)[C@H]2CCCOC2)C1)c1nc(Cl)cs1,,,,,,ZINCof00000yUYnJ
,,O=C(Nc1cnc(Cl)nc1)[C@H](CCF)NC(=O)[C@H](O)CN1CCCC1,,,,,,ZINCp9000015PlzN
,,C[C@H]1CCN(c2ncncc2Br)[C@@H]1CNC(=O)C=CCF,,,,,,ZINClq0000045UGW
,,COCC1(CNC(=O)[C@@H](CC(F)F)N(C)C(=O)C=CC(F)(F)F)CC1,,,,,,ZINCpr00000mdQjK
,,CC[C@@H](C)OCC(=O)N(Cc1ccns1)CC1(CO)CCCC1,,,,,,ZINCny00000EWn5P
,,O=C(NC[C@]12CC[C@H]1CCN2C(=O)C1CC1)[C@H]1[C@H]2[C@H]3C[C@H]1C(=O)[C@@H]23,,,,,,ZINCof00000yUYL5
,,O=C(NC1CN(CC(F)F)C1)[C@H]1CCCN1C(=O)CC[C@H]1CCOC1,,,,,,ZINCpe000015Plzo
,,O=C(NC[C@]1(O)CCN(C(=O)c2c[nH]nc2Br)C1)[C@@H]1C[C@H]1C1CC1,,,,,,ZINCof00000yUYoS
,,C#CCCC[C@@H](C)C(=O)N[C@@H]1C[C@@H]2CC[C@H](C1)N2C(=O)C1(C#N)CC1,,,,,,ZINCpt00000gsF8V
,,O=C(NC[C@]12CN(C(=O)C(F)(F)C(F)F)C[C@H]1CCO2)[C@@H]1C[C@H]1F,,,,,,ZINCof00000yUYVH
,,C=CC[C@@H](NC(C)=O)C(=O)N(CCC(C)(C)C)CC[C@](C)(O)CC,,,,,,ZINCoy00000tbNJt
,,C[C@@H](CC(=O)NCc1csnn1)N(C)C(=O)[C@@H]1COCCO1,,,,,,ZINCm5000010t5WF
,,CC[C@H]1C[C@@H]1C(=O)N[C@@H](C)[C@@H](C)NS(=O)(=O)c1cccc(F)c1F,,,,,,ZINCor00000sVmMw
,,O=C(Nc1cncc(CO)c1)[C@@H]1C=CCN1C(=O)CO[C@@H]1CCOC1,,,,,,ZINCp6000015Plz1
,,CSCCCCCC(=O)N(C)C[C@@H](C)C(=O)N[C@H](C)c1nnc(C)o1,,,,,,ZINCpv00000xK1FE
,,O=C(COC1CC1)NCCCc1cn(CC2CCOCC2)nn1,,,,,,ZINCnf00000UpruG
,,Cn1cnc(-c2ccc(F)cc2)c1C(=O)Nc1snc2ncccc12,,,,,,ZINCpE00000sYFzx
,,CCn1ncc2cc(NC(=O)C(=O)N[C@@H](C)Cc3cocn3)ccc21,,,,,,ZINCpn00001XUuFJ
,,COCC1CN(C(=O)[C@@H](C)[C@@H]2CCCN(C(=O)c3csnc3C)C2)C1,,,,,,ZINCpq00000mdQjO
,,C=C[C@@H](C)OCC(=O)N(Cc1ccns1)C[C@H]1CC[C@H](O)CC1,,,,,,ZINCnw00000EWn5R
,,CO[C@H](C)C(=O)NC[C@@H]1CN(C)CCN1C(=O)[C@@H](C)[C@H]1CCCO1,,,,,,ZINCo6000003qZ4n
,,CC[C@](C)(O)CN(Cc1sc(C)nc1C)C[C@@H]1CCOC(C)(C)C1,,,,,,ZINCoJ00000lwakG
,,O=C(NC1CN(CC(F)F)C1)[C@@H]1[C@H]2CCN(C(=O)[C@@H]3CC34CC4)C[C@H]21,,,,,,ZINCpf000015Plzx
,,C[C@H]1CCN(C(=O)c2ccco2)C[C@@H]1NC(=O)C1(C)CC1,,,,,,ZINClq0000045UAM
,,COC(=O)C(CO)(CO)NC(=O)Nc1ncc(C#N)s1,,,,,,ZINCk500000xcneg
,,CC/C=C/C[C@H](C)C(=O)N[C@@H]1C[C@H]2C[C@@H](NC(=O)C3(C)COC3)[C@H]2C1,,,,,,ZINCpu00000gsF8Y
,,CSCCCCCC(=O)N(C)C[C@@H](C)C(=O)N[C@H](C)c1ccn(C)n1,,,,,,ZINCpw00000xK1FD
,,C[C@@H](CC(=O)NCc1cnsc1)NC(=O)[C@H]1CN(C)C(=O)N1,,,,,,ZINCm5000010t5Wu
,,C[C@H]1CCNCCN1C(=O)[C@@H]1[C@H]2CC[C@@]1(c1nccs1)C2,,,,,,ZINClq0000045UJK
,,CC[C@H](COC)C(=O)N(Cc1ccon1)C[C@@]1(C)CSCCO1,,,,,,ZINCnr00000EWn5Z
,,COC(=O)C(CO)(CO)NC(=O)c1cc(Br)c(C)cc1Cl,,,,,,ZINClg00000xcne0
,,O=C(Nc1cnc(F)nc1)C1=NO[C@H](CNC(=O)[C@@H](F)C(F)(F)F)C1,,,,,,ZINCpd000015PlzX
,,O=C([C@@H]1COc2ccccc21)N1CC(CC(F)F)C1,,,,,,ZINCjs000002Me48
,,O=C(COC1CC1)NC/C=C/C(=O)N1CCOC[C@@H]1C1CCC1,,,,,,ZINCne00000Uprv1
,,CCC[C@H](NC(C)=O)C(=O)NC(C)(C)Cc1csc([C@@H](C)CC)n1,,,,,,ZINCoD00000tbNJe
,,CCn1nc(C)c(C)c1NC(=O)C(=O)NC[C@H]1CCCN1CC(F)F,,,,,,ZINCpj00001XUuGn
,,C=COCCCNC(=O)[C@H]1C=CCCN1C(=O)C1=C[C@@](C)(CC)C1,,,,,,ZINCov00000pfgxP
,,CC1(CNC(=O)CCOC2CN(C(=O)[C@H](F)C(F)(F)F)C2)CCC1,,,,,,ZINCoo00000t5GiF
,,CC[C@H]1C[C@H]1C(=O)N[C@H](C)[C@H]1CCN(c2ncnc3cc[nH]c23)C1,,,,,,ZINCot00000sVmMp
,,C[C@@H](CC(=O)NCc1ncc(CO)[nH]1)NC(=O)CCC(N)=O,,,,,,ZINCm4000010t5WP
,,C[C@@H](CC(=O)NC[C@]1(CO)CCCO1)NC(=O)[C@H](C)N(C)C,,,,,,ZINCm5000010t5WA
,,CCC[C@H](CC)CN(CCSC(F)F)C(=O)C1CN(C(C)C)C1,,,,,,ZINCnJ00000sTR2C
,,O=C(COC1CC1)NCCC[C@@H](CO)NC(=O)c1ccncc1,,,,,,ZINCn800000UpruS
,,COCCNC(=NCCc1ccc(F)c(C)c1)NC1C(C)(C)C1(C)C,,,,,,ZINCpC00000cHeqh
,,COC(=O)CC(=O)Nc1cc(S(C)(=O)=O)ccc1N,,,,,,ZINCj700000xcneq
,,CCn1nccc1NC(=O)C(=O)Nc1cc([N+](=O)[O-])c(F)cc1OC,,,,,,ZINCpl00001XUuG7
,,CCC[C@@H](CC)CN(CCSCCOC)C(=O)C1(C)CC(=O)C1,,,,,,ZINCnD00000sTR2v
,,Cn1cnc(-c2ccc(F)cc2)c1C(=O)OCc1nn(C)c(Cl)c1Br,,,,,,ZINCpH00000sYFzA
,,CC[C@H]1C[C@@H]1C(=O)N[C@@H](C)[C@@H](C)N=c1[nH]c(C(C)(C)C)nc(=N)[nH]1,,,,,,ZINCor00000sVmMv
,,CCn1nccc1[C@@H]1NC(=O)CC[C@H]1NC(=O)N1CC2(CCC2)[C@H]1C,,,,,,ZINCpo00001XUuFW
,,CO[C@H](C)C(=O)NC[C@@H]1CCCC[C@@H]1NC(=O)CC1=NNC(=O)C1,,,,,,ZINCo6000003qYXN
,,C[C@@H](CC(=O)NCC1(C(N)=O)CC1)NC(=O)[C@H](C)NC(N)=O,,,,,,ZINCm4000010t5Ws
,,C[C@H]1CCN(c2nnc(C#N)s2)[C@H]1CNC(=O)C=C(Cl)Cl,,,,,,ZINClq0000045UHJ
,,C#CCCC[C@@H](C)C(=O)N[C@@H]1C[C@H]2C[C@@H](C1)N(C(=O)CCCOC)C2,,,,,,ZINCpt00000gsF8X
,,CCC[C@H](C)CN(C[C@@H]1CCCC[C@@H]1O)C(=O)COCC(=O)NC,,,,,,ZINCol00000K6KVR
,,C=CC[C@H](C)CN(C[C@@H]1CCC[C@@H]1O)C(=O)[C@@]12C[C@H]3O[C@H]1[C@H]2[C@H]3O,,,,,,ZINCoj00000K6KVS
,,C=C[C@H](C)OCC(=O)N(Cc1ccon1)C[C@@](C)(O)C1(C)CC1,,,,,,ZINCnr00000EWn61
,,CCC[C@H](CC)CN(CCSC(F)F)C(=O)c1ncn(CC)n1,,,,,,ZINCnF00000sTR2D
,,O=C(Nc1cncc(F)c1)[C@@H]1CCN(C(=O)C2CN(C3COC3)C2)O1,,,,,,ZINCp6000015Plzd
,,O=C(COC1CC1)NC/C=C/CC(=O)N1CC[C@H]2C[C@H]1C(=O)O2,,,,,,ZINCn700000UpruL
,,O=C(NC[C@]12CN(C(=O)C3CCC3)C[C@H]1CCO2)C1CCOCC1,,,,,,ZINCof00000yUYWs
,,C[C@@H](CC(=O)NCc1nccn1C)NC(=O)CCNC(N)=O,,,,,,ZINCm4000010t5WQ
,,CCC[C@H](CC)CN(CCSCCOC)Cc1ncccc1O,,,,,,ZINCnH00000sTR2t
,,CSC(C)(C)/C=C/C(=O)NC[C@@](C)(F)CNC(=O)c1ccnc(C)c1,,,,,,ZINCpw00000xK1Fq
,,COCCOCc1ccc(CNC(=O)N[C@@H]2C[C@@H]3CCCC[C@@H]32)cc1,,,,,,ZINCpC00000cHeYR
,,O=C(Nc1cnc(F)nc1)[C@H](O)C1CN(C(=O)CCC(CF)CF)C1,,,,,,ZINCpd000015PlA4
,,CCn1ncc2cc(NC(=O)NC[C@@H]3CSCCS(=O)(=O)N3)ccc21,,,,,,ZINCpi00001XUuFL
,,O=C(COC1CC1)NCCCCCC(=O)N1CCS[C@@H]2CC[C@@H]21,,,,,,ZINCnp00000UpruI
,,COCCNC(=NCCc1ccc2occc2c1)N[C@H]1CC=CCC1,,,,,,ZINCpC00000cHeuc
,,C=COCCCNC(=O)[C@H]1CCC[C@H](NC(=O)[C@H]2C[C@@H](SC)C2)C1,,,,,,ZINCou00000pfgxK
,,CSCCC(C)(C)C(=O)N(C)C[C@H](C)C(=O)NCc1ncccc1F,,,,,,ZINCpx00000xK1Fy
,,COC(OC)C(=O)N(Cc1sccc1C)C[C@@H](C)O,,,,,,ZINCjj00000xcnev
,,O=C(Nc1cncc(CO)c1)c1conc1CNC(=O)[C@@H]1CC1(F)F,,,,,,ZINCpg000015PlyZ
,,O=C(Nc1cn(CC(F)(F)F)nn1)N1CCC(O)(c2cnn[nH]2)CC1,,,,,,ZINCpa000015PlzE
,,O=C(NC1CN(CC(F)F)C1)[C@@H]1CCN(C(=O)[C@H](O)CC(F)(F)F)O1,,,,,,ZINCp5000015Plzv
,,O=C(Nc1cncc(F)c1)[C@@H]1CCOCCN1C(=O)Cn1ccnc1,,,,,,ZINCpc000015Plzf
,,CC(C)C1=CC=C(C(=O)N2CC=C(C#N)CC2)C=C1Cl,,,,,,ZINCkH0000055TI5
,,CC[C@H]1C[C@H]1C(=O)N[C@@H](C)[C@@H]1CCN(c2nc(C)cc(OC)n2)C1,,,,,,ZINCor00000sVmMo
,,O=C(Nc1cncc(CO)c1)[C@@H]1CCN(C(=O)CCOCC2CC2)O1,,,,,,ZINCpe000015Plz5
,,CSCCCCCC(=O)N(C)C[C@H](C)C(=O)N[C@@H]1COC2(CCC2)C1,,,,,,ZINCpy00000xK1FC
,,O=C(NC[C@]12CCC[C@H]1CN(C(=O)C1(O)CC1)C2)c1ccccn1,,,,,,ZINCof00000yUYDd
,,O=C(Nc1cnc(Cl)nc1)[C@H]1CCN(C(=O)Cn2cccc2)CCO1,,,,,,ZINCph000015PlzK
,,CCC[C@H](C)CN(CC(F)(F)C(N)=O)C(=O)[C@H]1CCN(C(C)=O)C1,,,,,,ZINCoi00000K6KVL
,,C=CC[C@H](C)CN(CC(F)(F)C(N)=O)C(=O)C[C@H]1COC[C@H](C)O1,,,,,,ZINCoj00000K6KVK
,,O=C(Nc1cnc(F)nc1)[C@@H]1COCCN1C(=O)C#CC1CCCC1,,,,,,ZINCpf000015PlA3
,,O=C(NC[C@]1(O)CCN(C(=O)[C@H](O)c2ccsc2)C1)C1=CCCC1,,,,,,ZINCof00000yUYmz
,,COC(=O)C(CO)(CO)NC(=O)c1cccc(O)c1Br,,,,,,ZINCk500000xcne4
,,O=C(Nc1cnc(Cl)nc1)C1CC(O)(CNC(=O)[C@@H]2CCCOC2)C1,,,,,,ZINCpd000015PlzF
,,C[C@@H](CC(=O)NCc1cnsc1)NC(=O)c1nnn(C)c1N,,,,,,ZINCm5000010t5Wt
,,CC/C=C/C[C@H](C)C(=O)N[C@@H]1C[C@H]2C[C@@H]1CN(C(=O)C(C)(C)CO)C2,,,,,,ZINCpt00000gsF8W
,,C[C@H]1CCN(C(=O)c2ccc(F)o2)CCN1c1ncns1,,,,,,ZINClq0000045UAg
,,O=C(COC1CC1)NCCc1cc(C(=O)NC[C@@H](F)CO)no1,,,,,,ZINCn500000UpruD
,,CCC(CC)[C@H](C)C(=O)N[C@@H]1C[C@@H]2C[C@H](NC(=O)C(C)(C)CO)[C@H]1C2,,,,,,ZINCpu00000gsF90
,,O=C(Nc1cnc(Cl)nc1)[C@H]1CCN(C(=O)[C@@]2(O)CCSC2)CCO1,,,,,,ZINCpb000015PlzJ
,,COC(=O)C(CO)(CO)NC(=O)c1cccc(Cl)c1,,,,,,ZINCj500000xcne1
,,CCOCCCNC(=O)[C@@H]1CCC[C@H](NC(=O)CSC(F)(F)F)C1,,,,,,ZINCou00000pfgxO
,,CCn1nccc1NC(=O)C(=O)N[C@H](CO)c1cc(C)c(Cl)cc1F,,,,,,ZINCpn00001XUuG8
,,C[C@@H](CC(=O)NCC1(F)CC1)NC(=O)[C@@H](O)c1cnn(C)c1,,,,,,ZINCm5000010t5WH
,,CCn1nccc1S(=O)(=O)NC(=O)c1cc(C(F)(F)F)cc(OC)n1,,,,,,ZINCpk00001XUuGa
,,COC(=O)C(CO)(CO)NC(=O)CCc1cncnc1,,,,,,ZINCk400000xcned
,,N[C@H](Cc1ccc(C(F)(F)F)cc1)C(=O)N1CC=C[C@H]1CF,,,,,,ZINCmt00000eB7Qq
,,O=C(NC1CN(CC(F)F)C1)[C@@H]1C[C@@H]2C[C@@H]2N1C(=O)COCC1CC1,,,,,,ZINCpa000015Plzt
,,O=C(COC1CC1)NC/C=C/CC(=O)N[C@@H](CCO)C1CCC1,,,,,,ZINCne00000UpruR
,,O=C(Nc1cncnc1O)C1=C[C@]2(CCN(C(=O)[C@H]3CCOC3)C2)C1,,,,,,ZINCp8000015PlA5
,,O=C(Nc1cnc(Cl)nc1)[C@H](F)C1(O)CN(C(=O)[C@]23CCC[C@H]2C3)C1,,,,,,ZINCph000015PlzO
,,C=CC[C@@H](NC(C)=O)C(=O)N(CCC/C=C/C)C[C@@H]1[C@H]2CCC[C@H]21,,,,,,ZINCoC00000tbNJw
,,CC(C)N1C=NN=C1COC(=O)CCC1CCOCC1,,,,,,ZINCkr0000055TJT
,,O=C(Nc1cncc([N+](=O)[O-])c1)[C@@H]1CCCN1C(=O)c1csc(O)n1,,,,,,ZINCpf000015PlzS
,,COC(C)(C1CC1)C(C)NC1=CC=CC(Cl)=C1[N+](=O)[O-],,,,,,ZINCkI0000055TJB
,,O=C(Nc1cncc(F)c1)[C@@H]1[C@H]2CN(C(=O)C34CCN(CC3)C4)C[C@H]21,,,,,,ZINCpf000015Plzg
,,C[C@]1(CNC(=O)CCOC2CN(C(=O)CP(C)(C)=O)C2)CCCS1,,,,,,ZINCom00000t5GiG
,,C[C@H]1CCN(CC2CC2)C[C@@H]1NC(=O)c1ccc(F)cn1,,,,,,ZINClq0000045UD2
,,C=C1CN(C(=O)CCOC2CN(C(=O)[C@@H]3C[C@@H]3C3CCCC3)C2)C1,,,,,,ZINCoo00000t5GiE
,,Cn1cnc(CCN=c2[nH]c(=NCC/C=C/Br)c3[nH]ccc3[nH]2)c1Br,,,,,,ZINCpI00000sYFzI
,,CCC[C@H](CC)CN(CCSC(F)F)C(=O)CCc1cn[nH]c1,,,,,,ZINCnJ00000sTR2F
,,O=C(Nc1cncc(F)c1)[C@@H](O)C1CN(C(=O)[C@@H](O)c2ccsc2)C1,,,,,,ZINCpd000015Plzi
,,CCn1nccc1NC(=O)C(=O)Nc1cc(C)c(C(=O)OC)c(C)n1,,,,,,ZINCpi00001XUuG6
,,O=C(Nc1cncc(CO)c1)[C@H]1CCN(C(=O)CCc2cnn[nH]2)O1,,,,,,ZINCp5000015Plz4
,,COCCNC(=NCCc1ccc(F)cc1Cl)NCC[C@@H]1CC1(F)F,,,,,,ZINCpC00000cHesd
,,O=C(NC1CN(CC(F)F)C1)[C@H]1C=CCN(C(=O)CCOC2CC2)C1,,,,,,ZINCpc000015Plzs
,,C=C[C@H](C)OCC(=O)N(Cc1cc([N+](=O)[O-])sn1)CC1(Br)CC1,,,,,,ZINCny00000EWn5M
,,O=C(Nc1cnc(F)nc1)[C@H]1CCN(C(=O)Cn2c(O)nnc2O)C1,,,,,,ZINCp4000015PlA0
,,CO[C@H](C)C(=O)NC[C@@H]1CN(C(=O)c2c(O)cccc2O)CCO1,,,,,,ZINCo6000003qZ38
,,COCCO[C@@H]1CCCN(C(=NCC(C)(C)C)NC2CC(C)(C)C2)C1,,,,,,ZINCpC00000cHf88
,,C#CCCC[C@H](C)C(=O)N[C@@H]1C[C@@H](C)CN(C(=O)c2cnoc2C)C1,,,,,,ZINCpt00000gsF94
,,O=C(Nc1cnc(F)nc1)c1cnc(CNC(=O)C(F)(F)CO)nc1,,,,,,ZINCp5000015PlzV
,,CCC[C@H](C)CCN(CCSCCSCC)Cc1cnnn1C,,,,,,ZINCnJ00000sTR2B
,,CO[C@H](C)C(=O)NC[C@@H]1CCC[C@@H]1NC(=O)CC1=NN(C)C(=O)C1,,,,,,ZINCo6000003qYYy
,,COCCNC(=NCCc1cccc(F)c1)NCC[C@@]1(C)C[C@@]1(F)Cl,,,,,,ZINCpC00000cHewA
,,Cn1cnc(CCCNC(=O)CCc2c(Cl)cccc2C(F)(F)F)c1,,,,,,ZINCpH00000sYFzB
,,CCn1ncc2c(NNC(=O)NCCCCn3cccc3)ncnc21,,,,,,ZINCpn00001XUuFT
,,CCn1ncc(C)c1NC(=O)C(=O)N1CC[C@](COC)(C(F)(F)F)C1,,,,,,ZINCpl00001XUuGe
,,CC1(C)CCC[C@H](C(=O)Nc2cc(OCCO)ccn2)CC1,,,,,,ZINCmz0000042W5e
,,CCn1nccc1CCn1cc(CN(C)CC(=O)OC(C)(C)C)nn1,,,,,,ZINCpl00001XUuFV
,,Cn1cnc(CCCNC(=O)[C@@H]2CC3CC2(c2ccc(Br)cc2)C3)c1,,,,,,ZINCpF00000sYFzC
,,C=C[C@H](C)OCC(=O)N(Cc1ccoc1C)CC1(C)OCCO1,,,,,,ZINCns00000EWn5X
,,O=C(NC[C@]1(O)CCN(C(=O)c2ccccc2Cl)C1)C1=CCOC1,,,,,,ZINCof00000yUYrv
,,O=C(COC1CC1)NCc1ocnc1C(=O)N1CCC2(CC2)C1,,,,,,ZINCng00000UpruC
,,O=C([C@@H]1C[C@@H]1F)N1CCC(Cc2ccncc2)CC1,,,,,,ZINCjs000002Me5b
,,COC(=O)C(CO)(CO)NC(=O)NCc1cc(C)no1,,,,,,ZINCk400000xcnei
,,C=CC[C@H](NC(C)=O)C(=O)N(CC=C)Cc1cccc(F)c1CC,,,,,,ZINCoz00000tbNJd
,,C[C@@H](CC(=O)NCC1(CO)CC1)NC(=O)CCn1cncn1,,,,,,ZINCm5000010t5Ww
,,CCC[C@H](C)CN(CC(F)(F)C(N)=O)C(=O)[C@@]1(CC)CCNC1=O,,,,,,ZINCoi00000K6KVF
,,COCC1(CNC(=O)[C@H](C)[C@@H](C)NC(=O)CCc2nccs2)CCC1,,,,,,ZINCpr00000mdQjX
,,CCn1ncc2c(NC(=O)C(=O)NN3C[C@H]4CCC[C@@H]4C3)cccc21,,,,,,ZINCpn00001XUuFS
,,CC[C@H]1C[C@@H]1C(=O)N[C@@H](C)[C@H]1CCN(S(=O)(=O)c2sncc2C)C1,,,,,,ZINCoq00000sVmMs
,,O=C(NC1CN(CC(F)F)C1)[C@H]1C=CCN(C(=O)Cc2ccco2)C1,,,,,,ZINCpf000015Plzr
,,COCC1(CNC(=O)[C@H](CC(F)F)NC(=O)c2cnsc2)CCCC1,,,,,,ZINCps00000mdQjN
,,COC(=O)C(CO)(CO)NC(=O)c1ccc(CO)c(Cl)c1,,,,,,ZINCl500000xcne5
,,CSCCCCCC(=O)N(C)C[C@H]1[C@@H]2CN(C(=O)C3(C)CSC3)C[C@H]12,,,,,,ZINCpy00000xK1Fu
,,C=CC[C@H](NC(C)=O)C(=O)N(CCC)Cc1cccc(C(F)F)n1,,,,,,ZINCoy00000tbNJc
,,CCn1ncc2cc(NC(=O)C(=O)NCc3ccc(C#N)o3)ccc21,,,,,,ZINCpn00001XUuFH
,,O=C(COC1CC1)NCCC[C@H](O)C(=O)NC1CCCCCC1,,,,,,ZINCni00000UpruU
,,CCC[C@H](NC(C)=O)C(=O)N(CCC(C)(C)C)CC1(O)CCCC1,,,,,,ZINCoy00000tbNJq
,,C[C@@H](CC(=O)NCc1nccn1C)NC(=O)CN(C)C(N)=O,,,,,,ZINCm4000010t5WR
,,C=CC[C@@H](NC(C)=O)C(=O)N(CCCCCC)Cc1ccncc1,,,,,,ZINCoA00000tbNJn
,,COC(=O)C(CO)(CO)NC(=O)c1cn2ncccc2n1,,,,,,ZINCl400000xcne7
,,COC(=O)C(CO)(CO)NC(=O)CCc1cccc(F)c1,,,,,,ZINCl500000xcnec
,,O=C(Nc1cncnc1O)C1=CC[C@@H](NC(=O)C23CCN(CC2)C3)C1,,,,,,ZINCp6000015PlA6
,,COCC1CN(C(=O)[C@H](CC(C)C)ONC(=O)C2CC(C(C)C)C2)C1,,,,,,ZINCps00000mdQjF
,,C=CC[C@H](NC(C)=O)C(=O)N(CCCC)Cc1ccc(CF)cc1,,,,,,ZINCoD00000tbNJf
,,CCn1nc(C)c(C)c1NC(=O)C(=O)N[C@H](CCN(C)C)C(C)(C)C,,,,,,ZINCpp00001XUuGo
,,O=C(COC1CC1)NC/C=C/CC(=O)Nc1cnc(O)c(F)c1,,,,,,ZINCnh00000UpruP
,,CSCCC(C)(C)C(=O)NC[C@](C)(F)CNC(=O)c1n[nH]c(C)c1Cl,,,,,,ZINCpx00000xK1Fs
,,Cn1cnc(CCN=c2ccnc(N[C@@H]3CCCC(F)(F)C3)[nH]2)c1Br,,,,,,ZINCpG00000sYFzG
,,CCC[C@H](CC)CN(CCSCCOC)C(=O)[C@@](C)(O)C1CC1,,,,,,ZINCnB00000sTR2y
,,O=C(NC[C@]1(O)CCSC1)c1cccc2c(-c3nn[nH]n3)c[nH]c12,,,,,,ZINCof00000yUYwm
,,COC(=O)C(CO)(CO)NC(=O)c1n[nH]c(C)c1Cl,,,,,,ZINCj400000xcnea
,,O=C(Nc1cncnc1O)c1cc(CNC(=O)C2SCCS2)ccn1,,,,,,ZINCpe000015PlA8
,,CCn1nccc1[C@H](C)NC(=O)C(=O)Nc1ccc(N2CCC2)cn1,,,,,,ZINCpj00001XUuFY
,,CC/C=C/C[C@@H](C)C(=O)N[C@H]1C[C@H](C)CN(C(=O)c2nccn2C)C1,,,,,,ZINCpt00000gsF95
,,O=C(Nc1cncc([N+](=O)[O-])c1)[C@@H]1CC[C@@H](O)CN1C(=O)C=CCO,,,,,,ZINCp5000015PlzR
,,O=C(COC1CC1)NC[C@H]1CCC[C@H]1C(=O)N1CCC2(CC2)C1,,,,,,ZINCnn00000Uprv7
,,C#CCCC[C@H](C)C(=O)N[C@@H]1C[C@H]2C[C@@H](NC(=O)C=COCC)[C@H]2C1,,,,,,ZINCpt00000gsF91
,,CCn1ncc2c(C(=O)N3CC(C)(C)O[C@@](C)(CO)C3)cc(C)nc21,,,,,,ZINCpn00001XUuFM
,,O=C([C@@H]1CCc2cccnc21)N1CC(CC(F)F)C1,,,,,,ZINCjs000002Me33
,,CCC[C@@H](CC)CN(CCSCCOC)C(=O)[C@@H]1CCCCO1,,,,,,ZINCnF00000sTR2z
,,CC(C)C[C@@H](NCc1cocn1)c1nc[nH]n1,,,,,,ZINChm00000FCrPt
,,C=CC=CCCN=C(NCc1ccc2c(c1)CCO2)NCC1CC1,,,,,,ZINCoB000008hZSu
,,C[C@@H]1[C@H](C(=O)NC2(CO)CN(c3ncccn3)C2)[C@@H]1c1ccccc1,,,,,,ZINCph00000fkyA7
,,C=CC=CCCN=C(NCc1ccco1)N1CCC(F)(C#N)CC1,,,,,,ZINCoB000008hZT5
,,O=C(O)CCCC(=O)N1[C@H]2CC[C@H](F)[C@H]1CC[C@@H]2F,,,,,,ZINCjq00000kgEIE
,,CN1CCCc2ccc(S(=O)(=O)N3C[C@H]4CC[C@@]4(O)C3)cc21,,,,,,ZINCmi000010tmAe
,,O=C(N[C@H]1C[C@@H](NCc2ccc(F)cc2Cl)C1)[C@@H]1C[C@H]1C1CC1,,,,,,ZINCnC00000g0xXV
,,CC(C)[C@H](C)CN(Cc1cnn(CCF)c1)C[C@H]1CC12CCOCC2,,,,,,ZINCpH00000FIg4r
,,C[C@@H]1[C@@H](NC(=O)c2cc([N+](=O)[O-])c[nH]2)CCN1C(=O)CCCCCO,,,,,,ZINCph00000fkuLm
,,C=CC[C@@H](C)NC(=O)CCC1(C)CN(C(=O)C[C@H](O)CC(C)C)C1,,,,,,ZINCou00000k4Xs2
,,CN1CCCc2ccc(C(=O)N(CCO)CCC(=O)O)cc21,,,,,,ZINCmf000010tmAb
,,CN(C[C@H]1CCSC1)C(=O)CC(C)(C)N(C)C(=O)[C@@H]1CC(=O)N(C)C1,,,,,,ZINCpj00000SMafl
,,C=CC[C@@H](C)CN(Cc1cnn(CC(C)C)c1)C[C@H]1COC(C)(C)O1,,,,,,ZINCpH00000FIg4j
,,C=C(CCNC(=O)C1CN(C(N)=O)C1)CNC(=O)c1c[nH]nc1Br,,,,,,ZINCo500000nljrN
,,C=CC=CCCN1C(=O)CCN(C[C@H]2CCOC3(CCC3)C2)C1=O,,,,,,ZINCoB000008hZHU
,,CC(C)C[C@@H](CS(C)(=O)=O)NCC(=O)Nc1nncs1,,,,,,ZINCkb00000FCrPj
,,CN(C[C@H]1CCSC1)C(=O)C(C)(C)CNC(=O)CO[C@H]1CCCOC1,,,,,,ZINCpl00000SMafm
,,CC[C@H](CNC(=O)[C@H](C)CC(C)(C)C)NC(=O)[C@@H]1CCN1C(C)(C)C,,,,,,ZINCpz000005SfDQ
,,C#C[C@H]1CN([C@@H](CC[C@@H]2CC=CCC2)C(=O)NCC(C)C)C[C@@H]1OC,,,,,,ZINCpy00000xGtSG
,,C[C@@H]1[C@@H](NC(=O)c2cc(C(F)F)nn2C)CCN1C(=O)c1cn[nH]c1,,,,,,ZINCph00000fkuzn
,,C=C(CCNC(=O)C1=C(C)OCCC1)CNC(=O)CNS(N)(=O)=O,,,,,,ZINCo500000nliIH
,,CC[C@H](CNC(=O)[C@H](C)[C@@H]1CCCO1)NC(=O)CCCCC(F)(F)F,,,,,,ZINCpz000005SfZF
,,C[C@@H]1[C@@H](NC(=O)c2ccnn2C)CCN1C(=O)c1cc(C(F)F)[nH]n1,,,,,,ZINCph00000fkvtA
,,CN(C[C@@H]1CCSC1)C(=O)C[C@H](O)CNC(=O)[C@]1(C)C[C@H]2C=C[C@H]1C2,,,,,,ZINCpm00000SMafK
,,Cn1cccc1C(=O)N[C@@H]1CC[C@H]1NS(=O)(=O)c1ncc[nH]1,,,,,,ZINCm5000010tmzU
,,CC(C)(C)[C@@H](CS(C)(=O)=O)Nc1nc(Cl)c[nH]c1=O,,,,,,ZINCji00000FCrPi
,,C[C@@H]1[C@H](C(=O)NC[C@@H]2CN(C(=O)[C@@](C)(O)C3CCC3)CCCO2)[C@@H]1C,,,,,,ZINCph00000fkz6t
,,CCSC1(CNC(=O)CC[C@@H](C)NC(=O)Cn2cc(C)cn2)CC1,,,,,,ZINCoo00000tczKI
,,CN(C[C@H]1CCSC1)C(=O)CC1(N(C)C(=O)c2ncncc2N)CC1,,,,,,ZINCpi00000SMafd
,,C[C@@H]1[C@@H](NC(=O)[C@@H]2COC(C)(C)C2)CCN1C(=O)c1cncc(F)n1,,,,,,ZINCph00000fksAS
,,C=CC=CCCN=C(NC(CC)CC)N[C@H]1CC[C@@H](C(=O)OC)C1,,,,,,ZINCoB000008hZL3
,,Cc1cccc([C@H](C)NC[C@H](C)Oc2cc(F)cc(F)c2)n1,,,,,,ZINCmH00000fYwTI
,,C[C@@H]1[C@H](NC(=O)CCS(N)(=O)=O)CCCN1C(=O)CC[C@H]1CC1(Cl)Cl,,,,,,ZINCph00000fkBwE
,,C=CC=CCC(=O)N[C@]12CC[C@H]1CN(C(=O)C1CCCCCC1)C2,,,,,,ZINCoB000008hZF7
,,C[C@H](O)C(=O)NC[C@H]1CCCCN1C(=O)CC12CCC(CC1)CC2,,,,,,ZINCos000008Ft90
,,CN(C[C@@H]1CCSC1)C(=O)[C@@]1(F)CCCN(C(=O)[C@@]2(O)CCSC2)C1,,,,,,ZINCpj00000SMaeR
,,CN(C[C@H]1CCSC1)C(=O)C[C@@H](O)CNC(=O)CCOCC1CCC1,,,,,,ZINCpi00000SMafM
,,CN(C[C@@H]1CCSC1)C(=O)C1(F)CN(C(=O)C=Cc2cnccn2)C1,,,,,,ZINCpi00000SMaeW
,,C=C(CCNC(=O)C1=CCCOC1)CNC(=O)C(=O)NCCOC,,,,,,ZINCo500000nliKk
,,C[C@@H]1[C@@H](NC(=O)c2cccnn2)CCCN1C(=O)C1=NOC(C)(C)C1,,,,,,ZINCph00000fkvi0
,,Cn1cccc1S(=O)(=O)NC(=O)[C@H]1CCCC[C@@H]1S(C)(=O)=O,,,,,,ZINCma000010tmA4
,,Cc1cc(C(=O)N2CCC(O)(CNC(=O)C(C)(F)F)CC2)n[nH]1,,,,,,ZINCna000005428Q
,,C[C@@H]1[C@H](C(=O)N2CCN(C)C[C@H]2CNC(=O)CC[C@H]2CCCO2)[C@@H]1C,,,,,,ZINCph00000fkxMp
,,C[C@@H]1[C@H](NC(=O)C[C@H](O)C2CC2)C[C@H]2CC[C@H]1N2C(=O)c1csnn1,,,,,,ZINCph00000fkC7I
,,Cc1cc(C(=O)C(=O)NCc2csc([C@@H]3CCCOC3)n2)nn1C,,,,,,ZINCol00000K5VF0
,,C[C@@H]1[C@@H](NC(=O)[C@H]2CCc3nn[nH]c3C2)CCN1c1ccnc(Cl)n1,,,,,,ZINCph00000fktUH
,,C[C@@H]1[C@@H](NC(=O)[C@@H]2CCCCN2C)CCN1C(=O)COc1ccsn1,,,,,,ZINCph00000fks6Y
,,C[C@@H]1[C@H](NC(=O)CN(C)C(N)=O)C[C@H]2CC[C@H]1N2c1ncncc1Br,,,,,,ZINCph00000fkBGx
,,C[C@@H]1[C@@H](NC(=O)[C@H]2C[C@](F)(CO)C2)CCN1C(=O)C[C@@H]1CCCCO1,,,,,,ZINCph00000fku6E
,,C=C(CCNC(=O)C1CN(C(N)=O)C1)CNC(=O)c1cnccn1,,,,,,ZINCo500000nljs8
,,C[C@@H]1[C@H](NC(=O)[C@@H]2CC(=O)NC2(C)C)CCCN1C(=O)[C@@H]1CC12CC2,,,,,,ZINCph00000fkCBs
,,CC[C@@H]1CN([C@@H](C[C@@H]2CC2(Cl)Cl)C(=O)NC2CCCCC2)CC(=O)N1,,,,,,ZINCpv00000xGtSO
,,CC1(C)CC[C@@H]1NC(=O)c1cc(CNC(=O)c2nsnc2O)[nH]n1,,,,,,ZINCoe00000HLkZ8
,,C#C[C@H](C)NC(=O)N[C@@H](c1cccc(F)c1)c1ccccn1,,,,,,ZINCmw000001Cayi
,,C=CC=CCCN1CC(=O)N(C[C@H]2CCc3ccccc3C2)C1=O,,,,,,ZINCoB000008hZJs
,,C[C@@H]1[C@H](NC(=O)C[C@H]2COC(=O)C2)CCCN1C(=O)C1=CCCCO1,,,,,,ZINCph00000fkCbP
,,CC1(C)CC[C@H]1NC(=O)C1(F)CCN(C(=O)C2CS(=O)(=O)C2)CC1,,,,,,ZINCoc00000HLkZl
,,CC[C@H](CNC(=O)[C@H](C)CC)NC(=O)CCC[C@H](O)c1ccccc1,,,,,,ZINCpz000005SfGk
,,C[C@@H]1[C@@H](NC(=O)c2cnnc(Cl)c2)CCN1C(=O)c1cc[nH]c(=N)c1,,,,,,ZINCph00000fkw3K
,,C=CC=CCCN=C(NCc1ccccc1C)NC[C@@H]1CCOC1,,,,,,ZINCoB000008hZT0
,,C#C[C@H]1CN([C@@H](CCCC)C(=O)Nc2ccc(OC)cc2C)CCO1,,,,,,ZINCpy00000xGtSF
,,Cc1cc(C)c([C@H](C)NC[C@H]2NCC23CCOCC3)cc1C,,,,,,ZINCmA00000fYwTG
,,C[C@@H]1[C@H](C(=O)N2[C@H]3CC[C@H]2CN(C(=O)c2cn(C)[nH]c2=N)CC3)[C@@H]1C,,,,,,ZINCph00000fkyvV
,,C=C(CCNC(=O)C1=COCCO1)CNC(=O)[C@H]1CC[C@H]1C(N)=O,,,,,,ZINCo500000nliS2
,,Cc1cc(C(=O)N2CC[C@@H](C)N(C(=O)[C@H](C)CO)CC2)ncn1,,,,,,ZINCna00000542OJ
,,C=CC=CCC(=O)N[C@]12CCN(C(=O)c3cscc3CC)C[C@H]1C2,,,,,,ZINCoB000008hZEO
,,C=C(CCNC(=O)C1=NO[C@@H]2COC[C@H]12)CNC(=O)[C@H](O)C1CC1,,,,,,ZINCo500000nlj9O
,,C[C@@H]1[C@H](C(=O)NCC2(O)CCN(C(=O)[C@@H]3COC(C)(C)C3)CC2)[C@@H]1C,,,,,,ZINCph00000fkyHf
,,CC[C@H](CNC(=O)[C@H](C)[C@H](C)CC)NC(=O)CCCCN1CCCC1,,,,,,ZINCpz000005Sg0C
,,C/C=C(\C)C(=O)N1CC2(C1)O[C@]1(C)C[C@@]2(NC(=O)/C=C/C=C/CC)C1,,,,,,ZINCpu000006V0Yg
,,C=CC=CCCN=C(NCc1cc(C)on1)NCC1CC(F)(F)C1,,,,,,ZINCoB000008hZRJ
,,CCCC[C@@H](O)CNC(=O)C[C@H]1CCC[C@@H]1NC(=O)C[C@@H](C)F,,,,,,ZINCnq00000qZCEQ
,,Cn1cccc1C(=O)N[C@H]1CN(C(=O)[C@H]2C[C@@H](O)C2)C[C@H]1O,,,,,,ZINCm5000010tmzY
,,CC[C@H](CNC(=O)[C@H](C)CC(C)(C)C)NC(=O)C[C@@H](C)n1ccnc1,,,,,,ZINCpz000005SfDF
,,CN(C[C@@H]1CCSC1)C(=O)[C@]1(F)CCN(C(=O)[C@H](F)OC(F)(F)F)C1,,,,,,ZINCpp00000SMaeT
,,C=CC=CCCN=C(NCCOc1ncccc1Cl)N[C@@H]1C[C@@H]1C,,,,,,ZINCoB000008hZPw
,,C[C@@H]1[C@H](NC(=O)C23CC(C)(CO2)C3)CCCN1C(=O)c1ncccn1,,,,,,ZINCph00000fkAKP
,,C[C@H](O)C(=O)NC[C@H](NC(=O)c1coc2cccc(Br)c12)C1CC1,,,,,,ZINCos000008Ft7B
,,CC[C@H](CNC(=O)[C@H](C)Cc1ccc(F)cc1)NC(=O)C1(SC)CC1,,,,,,ZINCpz000005SfNM
,,C=CCC[C@@H](O)CNC(=O)C(C)(C)NC(=O)[C@H](C)c1cccs1,,,,,,ZINCnr00000qZCEI
,,Cc1cc(C(=O)N2C[C@@H](NC(=O)c3cn(C)nn3)C[C@H]2C)c[nH]1,,,,,,ZINCna00000543Al
,,C#C[C@H](C)NC(=O)Nc1ccc(C(=O)N[C@@H](C)CC)cc1C,,,,,,ZINCmw000001CayO
,,C#C[C@H]1CN([C@@H](CC[C@H]2C[C@H]2C)C(=O)NCCCC2CC2)C[C@@H]1OC,,,,,,ZINCpw00000xGtSI
,,Cc1cc(C(=O)N2C[C@H](NC(=O)COCCO)C(C)(C)C2)ns1,,,,,,ZINCna00000543O9
,,C=CC=CCC(=O)N[C@H]1C[C@H]2CC[C@@H]1N2C(=O)C1CCC(=C)CC1,,,,,,ZINCoB000008hZwu
,,C[C@@H]1[C@H](NC(=O)C2=NOCC2)CCCN1C(=O)CCCN1CCCC1,,,,,,ZINCph00000fkAV8
,,Cc1cc(C(=O)N2CC[C@@](C)(NC(=O)c3nccn3C)C2)n[nH]1,,,,,,ZINCna000005434a
,,Cc1ccc(C[C@H](CNC[C@H]2CC[C@H](C)CC2)C(=O)O)cc1,,,,,,ZINCmG00000fYwTF
,,CCSC1CN(C(=O)/C=C/[C@H](C)NC(=O)[C@H](F)C2(O)CCCC2)C1,,,,,,ZINCom00000tczKH
,,C[C@@H]1[C@@H](NC(=O)c2nccs2)C[C@H]2CC[C@H]1N2C(=O)[C@@H]1COC(=O)O1,,,,,,ZINCph00000fkwAE
,,C[C@@H]1[C@H](C(=O)N2CC(F)(F)C[C@H]2CNC(=O)CCC(=O)N(C)C)[C@@H]1C,,,,,,ZINCph00000fkx4w
,,C[C@@H]1[C@H](C(=O)NCC2[C@@H]3CN(C(=O)CCc4ccncn4)C[C@@H]23)[C@@H]1C,,,,,,ZINCph00000fkyKo
,,CCC[C@@H](C)CN(Cc1cnn(C(C)(C)C)c1)C(=O)[C@@H]1CCCN1C,,,,,,ZINCpE00000FIg4n
,,CCC(C)(C)CC(=O)N(C)CC[C@H](C)NC(=O)[C@H](O)[C@H](OC)C(C)C,,,,,,ZINCpr00000m9dEM
,,CCSC1(CNC(=O)CC[C@@H](C)NC(=O)Cc2cnn(C)c2)CC1,,,,,,ZINCom00000tczKC
,,Cn1cccc1C(=O)N[C@@H]1CC[C@@H]1NS(=O)(=O)CCCCO,,,,,,ZINCm5000010tmzV
,,C=CC=CCCN1C(=O)CCN(C[C@@H]2CCC3(CCC3)CO2)C1=O,,,,,,ZINCoB000008hZHG
,,Cn1cccc1S(=O)(=O)NC(=O)CN1CC[C@H](CCCO)C1,,,,,,ZINCm5000010tmA6
,,CCSC1CN(C(=O)/C=C/CN(C)C(=O)c2cc(C)nn2CC)C1,,,,,,ZINCoo00000tczKM
,,Cn1cccc1S(=O)(=O)NC(=O)CN1CC[C@]2(CC[C@H]2O)C1,,,,,,ZINCm5000010tmA5
,,C/C=C(\F)C(=O)N1C[C@@H](OC)C[C@H]1CCNC(=O)c1onc(Br)c1C,,,,,,ZINCpt000004E8pm
,,CC[C@@H]1CN([C@H](CCCOC)C(=O)Nc2ccc(F)cc2)CCN1C,,,,,,ZINCpv00000xGtSJ
,,C=CC[C@@H](C)NC(=O)CCC1(C)CN(C(=O)C2(C#N)CCCC2)C1,,,,,,ZINCox00000k4XrW
,,Cc1cc(C(=O)N2CC[C@H](CNC(=O)c3cnc[nH]3)C2)ncn1,,,,,,ZINCna00000543aF
,,CN(C[C@@H]1CCSC1)C(=O)C[C@@H]1CCN(C(=O)Cc2cncn2C)C1,,,,,,ZINCpk00000SMafw
,,CN(C[C@@H]1CCSC1)C(=O)C[C@@H]1CN(C(=O)c2cccnc2)CCO1,,,,,,ZINCpl00000SMafA
,,Cc1cc(C(=O)N2CCN(C(=O)[C@@H](C)[C@H](C)O)C[C@H]2C)nn1C,,,,,,ZINCna00000542vS
,,C[C@@H]1[C@@H](NC(=O)[C@@H]2[C@H]3[C@@H]4CC[C@@H](C4)[C@H]32)CCN1c1cc(=O)n(C)cn1,,,,,,ZINCph00000fksNh
,,C=CCC[C@H](O)CNC(=O)CCCNC(=O)C=C(C)C(C)(C)C,,,,,,ZINCnt00000qZCEC
,,CN1CCCc2cc(CNC3CC4(CNCCO4)C3)ccc21,,,,,,ZINCmm000010tmAc
,,C[C@H](O)C(=O)NC[C@@]1(C)CN(C(=O)C2=CCCC2(C)C)C(C)(C)C1,,,,,,ZINCos000008Ft4K
,,CN(C[C@@H]1CCSC1)C(=O)C1=NO[C@H](CNC(=O)[C@H]2CCC2(F)F)C1,,,,,,ZINCpl00000SMafa
,,C=C(CCNC(=O)C1=COCCO1)CNC(=O)C(=O)N=S(C)(C)=O,,,,,,ZINCo500000nliQh
,,CC[C@H](CNC(=O)[C@H](C)Cc1ccco1)NC(=O)C(C1CC1)C1CC1,,,,,,ZINCpz000005SfPp
,,C=C(CCNC(=O)C1CC1)CNC(=O)Cn1cc(Br)c(O)nc1=O,,,,,,ZINCo500000nljgI
,,CCC[C@@H](C)NC(=O)CCC1(C)CN(C(=O)[C@H]2O[C@H]3CC[C@H]2C3)C1,,,,,,ZINCou00000k4Xs6
,,C=CC[C@@H](C)NC(=O)/C=C/C1CCN(C(=O)[C@@H](CCC)OC)CC1,,,,,,ZINCow00000k4Xs7
,,CC(C)=CCN(CC[C@@H]1CC[C@@H]2C[C@H]12)C(=O)CCc1ccnn1C,,,,,,ZINCoF00000luTgL
,,C[C@H](C[C@@H]1CCCO1)NC(=O)CCc1ccc(Cl)nc1,,,,,,ZINCkx000001gTR2
,,CC[C@@H]1CN([C@H](CCCCCO)C(=O)NCCCC2CC2)[C@H](C)CO1,,,,,,ZINCpx00000xGtSE
,,CCCCCCC(=O)NCCC[C@@H](CO)NC(=O)c1nc(O)c(C)s1,,,,,,ZINCpr00000m9dER
,,C[C@H](O)C(=O)NC[C@H](NC(=O)C(F)=CC1CCCCC1)C1CCC1,,,,,,ZINCos000008Ft6J
,,CCCC[C@H](O)CNC(=O)CCCNC(=O)C[C@H]1CCCSC1,,,,,,ZINCnq00000qZCEG
,,CC1(C)CC[C@@H]1NC(=O)C1(NC(=O)[C@@H](O)C2CCOCC2)CSC1,,,,,,ZINCoc00000HLkZt
,,CC1(C)CC[C@H]1NC(=O)c1c[nH]nc1CCNC(=O)c1cc[nH]n1,,,,,,ZINCog00000HLkZk
,,CC[C@H](CNC(=O)[C@H](C)CC(C)C)NC(=O)c1ccc2c(c1)NCC2,,,,,,ZINCpz000005SfER
,,C/C(=C\C(=O)N[C@@H]1CN(C(=O)C=C(Cl)Cl)C[C@@H]1O)c1ccccc1C,,,,,,ZINCpu000006BFhQ
,,CN(C[C@@H]1CCSC1)C(=O)C[C@@H]1COCCN1C(=O)CC1(C#N)CC1,,,,,,ZINCpl00000SMafC
,,Cc1cc(C(=O)N2C[C@@H](NC(=O)[C@@H](C)O)CC[C@H]2C)ncc1N,,,,,,ZINCna00000543yO
,,C[C@@H]1[C@@H](NC(=O)c2ncn(C)n2)CCN1C(=O)C1CC(C(F)(F)F)C1,,,,,,ZINCph00000fkwAY
,,CCC[C@H](CCN(Cc1cnn(CC(C)C)c1)C(=O)CC#N)C1CC1,,,,,,ZINCpJ00000FIg4l
,,CC1(C)CC[C@H]1NC(=O)C1(CNC(=O)C2CN(C3COC3)C2)CC1,,,,,,ZINCob00000HLkZh
,,CC1CC(CO)(C(=O)N(Cc2ncnn2C)CC23CC(F)(C2)C3)C1,,,,,,ZINCok00000K5VF1
,,CC(C)(C)[C@@H](CO)NC(=O)N=c1ncn(CC(F)(F)F)[nH]1,,,,,,ZINClj00000FCrP6
,,CN(C[C@@H]1CCSC1)C(=O)C[C@H](NC(=O)[C@](C)(O)C1CC1)C(F)(F)F,,,,,,ZINCpn00000SMafJ
,,CN(C[C@H]1CCSC1)C(=O)C1(NC(=O)CSCC(N)=O)CCCCC1,,,,,,ZINCpi00000SMaf6
,,C=CC=CCCN=C(NCCCSC)N1CC[C@@H]([C@H]2CCOC2)C1,,,,,,ZINCoB000008hZOd
,,Cc1cc(C(=O)N2CC[C@H](CNC(=O)C(C)C)C2)nn1CCO,,,,,,ZINCna000005438O
,,CC(C)C[C@@H](O)CNC(=O)CCCNC(=O)C[C@@H]1CC=CCC1,,,,,,ZINCnr00000qZCEE
,,CN(C[C@@H]1CCSC1)C(=O)C[C@@H](NC(=O)c1cncc(O)c1)C(F)F,,,,,,ZINCpn00000SMafI
,,C[C@@H]1[C@H](NC(=O)Cc2cnoc2)CCCN1C(=O)c1cccnc1O,,,,,,ZINCph00000fkCl3
,,Cc1cc(C)c([C@H](C)NC[C@H]2OCCOC23CCC3)c(C)c1,,,,,,ZINCmG00000fYwTH
,,Cc1cc(C(=O)N2CCCO[C@@H](CNC(=O)CCF)C2)n(C)n1,,,,,,ZINCna00000542cy
,,C[C@@H]1[C@H](C(=O)N2CC[C@](C)(NC(=O)[C@H]3CCCn4ncnc43)C2)[C@@H]1C,,,,,,ZINCph00000fkyc1
,,CC#CC[C@@H](CO)NS(=O)(=O)CC[C@H](C)OC,,,,,,ZINCh700000FCrPd
,,CN(C[C@H]1CCSC1)C(=O)CC1(N(C)C(=O)CCC2OCCO2)CC1,,,,,,ZINCpn00000SMafe
,,Cc1cc(C(=O)C(=O)N(C)CCCCN(C)S(C)(=O)=O)ccc1F,,,,,,ZINCok00000K5VF5
,,CCC[C@H](C)NC(=O)CCC1CCN(C(=O)C(C)(C)[C@@H](C)O)CC1,,,,,,ZINCox00000k4Xs0
,,C[C@@H]1[C@@H](NC(=O)c2ccnn2CC(F)F)CCN1C(=O)c1ccon1,,,,,,ZINCph00000fkvu9
,,C=C(CCNC(=O)C1CN(C(C)=O)C1)CNC(=O)CN(C)C(C)=O,,,,,,ZINCo500000nljnO
,,C[C@H](O)C(=O)NC[C@@H]1CCN(C(=O)c2cc(Br)ccc2C2CC2)C1,,,,,,ZINCos000008FsZn
,,CC[C@H]1CN([C@H](CCc2cnccc2C)C(=O)NC(C)C)CCCO1,,,,,,ZINCpx00000xGtSw
,,CN(C[C@@H]1CCSC1)C(=O)C1(NC(=O)[C@H]2CCc3nccn32)CCC1,,,,,,ZINCpm00000SMaf4
,,CCC(C)(C)CC(=O)NCCC[C@@H](CO)NC(=O)[C@@H](CC(C)C)OC,,,,,,ZINCps00000m9dF0
,,CC(C)=C(C)CC(=O)NCCC[C@@H](CO)NC(=O)C[C@@H]1CC[C@H](C)O1,,,,,,ZINCpq00000m9dEW
,,CC#CCCCC(=O)NCCC[C@@H](CO)NC(=O)C[C@H]1C[C@H](SC)C1,,,,,,ZINCpq00000m9dEX
,,C=C[C@H]1CN([C@@H](CCC=C(C)C)C(=O)NCCOCC2CC2)CCO1,,,,,,ZINCpv00000xGtSA
,,CC1(C)CC[C@H]1NC(=O)C1=CCN(C(=O)[C@@]2(CO)CCCO2)CC1,,,,,,ZINCof00000HLkZc
,,C/C=C(\F)C(=O)NCC1(NC(=O)c2cc3c(s2)CN(C)CC3)CCC1,,,,,,ZINCpt000004EcFa
,,C[C@H](O)C(=O)NC[C@@H]1CCCN(C(=O)c2cc(Cl)c(Br)cn2)CC1,,,,,,ZINCos000008FsYp
,,C=C(CCNC(=O)C1CCC1)CNC(=O)CN1CCS(=O)(=O)CC1,,,,,,ZINCo500000nljjl
,,C=CC=CCC(=O)N[C@]12CCC[C@H]1N(C(=O)CC1(C=C)CC1)CC2,,,,,,ZINCoB000008hZCT
,,CC1(C)CC[C@H]1NC(=O)C1(CCNC(=O)C2=NNC(=O)C2)CCC1,,,,,,ZINCoe00000HLkZd
,,C[C@@H]1[C@@H](NC(=O)c2cnc3n2CCS3)CCCN1C(=O)c1cn[nH]c1,,,,,,ZINCph00000fkvM7
,,C[C@@H]1[C@H](C(=O)N(C)C[C@@H](O)CN(C)C(=O)C[C@@H](O)C2CCCC2)[C@@H]1C,,,,,,ZINCph00000fkwRh
,,CC1(C)CC[C@H]1NC(=O)c1ccoc1CNC(=O)c1n[nH]c(=N)[nH]1,,,,,,ZINCoe00000HLkZf
,,Cc1cc(C(=O)N2C[C@H](NC(=O)[C@@H](C)CO)CC[C@H]2C)n(C)n1,,,,,,ZINCna00000543OQ
,,CN(C[C@@H]1CCSC1)C(=O)/C=C/CN(C)C(=O)CCc1ccncn1,,,,,,ZINCpm00000SMafo
,,CC1CCC(O)(C(=O)NCCCC(=O)N[C@H]2CCCC[C@H]2O)CC1,,,,,,ZINCoi00000K5VF6
,,C=C[C@@H]1CN([C@H](CC[C@H]2CCCOC2)C(=O)NC(C)(C)CC)CCO1,,,,,,ZINCpx00000xGtSH
,,CC=C1CN(C(=O)CCCCNC(=O)CC2=CCCC2)C1,,,,,,ZINClv00000jrV6j
,,CC1(C)CC[C@H]1NC(=O)C1(CNC(=O)C(=O)NCC(F)F)CCC1,,,,,,ZINCof00000HLkZj
,,C[C@@H]1[C@@H](NC(=O)[C@]2(O)CCSC2)CCCN1C(=O)c1ccc(F)nc1,,,,,,ZINCph00000fkuml
,,C[C@@H]1[C@@H](NC(=O)c2ccc(O)nc2)CCN1C(=O)CCc1nccs1,,,,,,ZINCph00000fkv14
,,C=C(CCNC(=O)C1=C(C#N)CCC1)CNC(=O)Cn1ncnn1,,,,,,ZINCo500000nliIk
,,Cn1cccc1C(=O)N(CCO)Cc1cn(CCC#N)nn1,,,,,,ZINCm7000010tmzS
,,CC(C)(C)[C@H](CO)NC(=O)Nc1ncc([N+](=O)[O-])cn1,,,,,,ZINCkf00000FCrP4
,,CN(C[C@@H]1CCSC1)C(=O)C[C@H]1C[C@H](NC(=O)c2ccncc2N)C1,,,,,,ZINCpn00000SMafu
,,CC1CC(CO)(C(=O)N(CCC2=CCCC2)Cc2nnn(C)n2)C1,,,,,,ZINCok00000K5VF2
,,CC[C@@H]1CN([C@@H](CCC(C)C)C(=O)NCCC2CC2)C[C@H](C)S1(=O)=O,,,,,,ZINCpw00000xGtSC
,,C/C(=C\C(=O)N[C@](C)(CNC(=O)[C@@H](C(C)C)N(C)C)C(C)C)C(F)F,,,,,,ZINCpu000006BKT2
,,C#CC[C@@H](C)NC(=O)/C=C/C1CCN(C(=O)C[C@@H](C)C2CC2)CC1,,,,,,ZINCox00000k4Xs1
,,Cc1cc(C(=O)N2CC3(CCN(C(=O)C4(O)COC4)C3)C2)cs1,,,,,,ZINCna0000054226
,,C=CC[C@@H](C)NC(=O)CCC1(C)CN(C(=O)C(C)(C)CCOC)C1,,,,,,ZINCox00000k4XrZ
,,C[C@@H]1[C@H](C(=O)N2CC[C@@]3(CCN(C(=O)CCCS(C)(=O)=O)C3)C2)[C@@H]1C,,,,,,ZINCph00000fky3W
,,CCCC(C)=CC(=O)N(C)CC[C@@H](C)NC(=O)[C@@H](C)NC(=O)C1CC1,,,,,,ZINCpq00000m9dEK
,,CN(C[C@H]1CCSC1)C(=O)C[C@@H]1CCN(C(=O)CCc2cn[nH]c2)C1,,,,,,ZINCpn00000SMafx
,,C[C@@H]1[C@@H](NC(=O)[C@@H]2CCCCO2)CCCN1C(=O)[C@H]1C[C@@](F)(CO)C1,,,,,,ZINCph00000fks8c
,,C[C@@H]1[C@@H](NC(=O)c2conc2C(C)(C)C)CCN1c1ncnc(=N)[nH]1,,,,,,ZINCph00000fkwgm
,,C/C=C(\C)C(=O)N[C@@](C)(CNC(=O)[C@@H](C)Cn1ccc(C)n1)C(C)C,,,,,,ZINCpu000006VmhF
,,CN(C[C@H]1CCSC1)C(=O)c1[nH]ccc1CNC(=O)[C@@H](F)C(C)(C)O,,,,,,ZINCpl00000SMaf8
,,Cc1cccc([C@@H](C)NC[C@H]2CC[C@H]2C(=O)OC(C)(C)C)c1,,,,,,ZINCmK00000fYwTE
,,CN(C[C@@H]1CCSC1)C(=O)[C@@]1(NC(=O)c2ccc[n+]([O-])c2)CC1(C)C,,,,,,ZINCpk00000SMaeZ
,,C=C(CCNC(=O)C1=C[S@@](=O)CCC1)CNC(=O)Cn1ccnn1,,,,,,ZINCo500000nliTm
,,Cn1ccc(-c2ccc3c(c2)C(=O)[C@H](CC(=O)O)C3)cc1=O,,,,,,ZINCmo000010tmA8
,,CN(C[C@H]1CCSC1)C(=O)C1(NC(=O)[C@@H]2C[C@H](F)CN2C)CCCC1,,,,,,ZINCpm00000SMaf5
,,CC(C)[C@@H](C)CN(Cc1cnn(C(C)(C)C)c1)C(=O)CCCN(C)C,,,,,,ZINCpG00000FIg4k
,,CN(C[C@H]1CCSC1)C(=O)CCC(C)(C)NC(=O)c1cc(CO)[nH]n1,,,,,,ZINCpk00000SMafh
,,CC1(C)CC[C@H]1NC(=O)C1(NC(=O)[C@@H]2CCC(=O)O2)CCOCC1,,,,,,ZINCoc00000HLkZs
,,CC(C)[C@H](C)NC(=O)CCC1(C)CN(C(=O)[C@]2(C)CCC(=O)C2)C1,,,,,,ZINCov00000k4XrT
,,CC1CCC(O)(C(=O)N[C@H]2CCC[C@@H]2C(=O)NC[C@@H](C)C#N)CC1,,,,,,ZINCok00000K5VFf
,,C=C(CCNC(=O)C1=CCCOC1)CNC(=O)C1CN(C(C)=O)C1,,,,,,ZINCo500000nliKp
,,C=CCC[C@@H](O)CNC(=O)/C=C/CNC(=O)[C@H](C)C(CC)CC,,,,,,ZINCnr00000qZCEJ
,,CC(C)C[C@H](C(=O)O)N1CC[C@H](c2nc[nH]n2)C1,,,,,,ZINCig00000FCrPg
,,C=C(CCNC(=O)C1=NOCC1)CNC(=O)CNC(=O)[C@H]1C[C@@H]1C,,,,,,ZINCo500000nlj4Y
,,CCSC1CN(C(=O)CC[C@@H](C)NC(=O)CN2C[C@H]3CC[C@H]2C3)C1,,,,,,ZINCon00000tczKK
,,CC(C)C[C@@H](NCc1cc(C2CNC2)no1)C(=O)N(C)C,,,,,,ZINClf00000FCrPp
,,Cc1cc(C(=O)N2CC[C@](C)(NC(=O)c3cc[nH]n3)C2)n(C)n1,,,,,,ZINCna00000543qh
,,C[C@H](O)C(=O)NC[C@H]1C=C[C@@H](NC(=O)C(C)(C)c2cscc2Cl)C1,,,,,,ZINCos000008Ft8b
,,CN(C[C@@H]1CCSC1)C(=O)CC(C)(C)CNC(=O)Cc1ccn(C)n1,,,,,,ZINCpn00000SMafi
,,CC1CCC(O)(C(=O)N[C@H]2CC[C@H]2C(=O)N2CC(F)(CF)C2)CC1,,,,,,ZINCoj00000K5VFg
,,C=CC[C@@H](C)NC(=O)CCC1(C)CN(C(=O)c2cccnc2S)C1,,,,,,ZINCow00000k4XrU
,,CC[C@@H]1CN([C@H](C[C@@H]2CC[C@@H]3C[C@H]23)C(=O)NCC2CC2)C[C@H](C)[S@@]1=O,,,,,,ZINCpv00000xGtST
,,CN(C[C@H]1CCSC1)C(=O)C[C@@]1(C)CCN1C(=O)CN1CC(C)(C)C1,,,,,,ZINCpp00000SMafc
,,C[C@@H]1[C@H](C(=O)N2CC3(CCC3)C[C@H]2CNC(=O)[C@@H]2COCCO2)[C@@H]1C,,,,,,ZINCph00000fkxaB
,,CCC(C)=C(C)C(=O)NCCC[C@@H](CO)NC(=O)c1nc(C)oc1C,,,,,,ZINCpq00000m9dEQ
,,CC1CC(CO)(C(=O)N(CCOCCCF)Cc2ccn(C)n2)C1,,,,,,ZINCol00000K5VFe
,,C=CC[C@@H](C)NC(=O)CCC1(C)CN(C(=O)[C@@H]2CC[C@H](CC)O2)C1,,,,,,ZINCow00000k4Xs4
,,CC(C)(C)C#CC(=O)NCCC[C@@H](CO)NC(=O)[C@H]1C[C@@H]1C(C)(C)C,,,,,,ZINCpq00000m9dEY
,,C[C@H](O)C(=O)NC[C@H]1CCCN(C(=O)CSc2ccccc2Br)C1,,,,,,ZINCos000008Ft9o
,,Cc1cc(C(=O)N2CCN(C3CN(C(=O)CC#N)C3)CC2)co1,,,,,,ZINCna00000542Dz
,,CN(C[C@H]1CCSC1)C(=O)[C@@]1(NC(=O)Cc2cncnc2)CC1(C)C,,,,,,ZINCpl00000SMaf2
,,C/C=C/C[C@H](C)C(=O)NCC[C@@H]1CCCN1C(=O)/C=C1\CCN(C)C1,,,,,,ZINCpt00000443Zm
,,CC[C@H](CNC(=O)[C@H](C)CCCOC)NC(=O)Cc1ccc(Cl)cc1,,,,,,ZINCpz000005SfJn
,,C=CC=CCC(=O)N[C@]12CCC[C@H]1CN(C(=O)CSCCCC)C2,,,,,,ZINCoB000008hZCz
,,CC1(C)CC[C@@H]1NC(=O)C1=CCCN(C(=O)C(=O)NCC(F)F)C1,,,,,,ZINCoe00000HLkZ9
,,CN1CCCc2ccc(C(=O)NCc3cn(C)nc3F)cc21,,,,,,ZINCmo000010tmAa
,,C=CC[C@H](C)NC(=O)CCC1(C)CN(C(=O)C[C@H](O)[C@@H](C)CC)C1,,,,,,ZINCou00000k4Xs3
,,C=C(CCNC(=O)C1CN(C(C)=O)C1)CNC(=O)c1cnnn1C,,,,,,ZINCo500000nljpn
,,Cc1cc(C(=O)N2CCOC[C@@H](CNC(=O)[C@H](C)O)C2)oc1C,,,,,,ZINCna00000542G4
,,CC1CCC(O)(C(=O)N[C@H]2CC[C@H](C(=O)NC[C@H](C)O)CC2)CC1,,,,,,ZINCoh00000K5VFh
,,CC[C@H](CNC(=O)[C@H](C)[C@H]1CCCO1)NC(=O)c1c(F)cccc1Cl,,,,,,ZINCpz000005Sg2C
,,C/C(=C\c1cccs1)C(=O)NCCO[C@@H]1CCN(C(=O)C2(F)CC2)C1,,,,,,ZINCpt000002YrVN
,,CN(C[C@@H]1CCSC1)C(=O)[C@@]1(CO)CCN(C(=O)[C@@H](F)C2CCC2)C1,,,,,,ZINCpl00000SMaeQ
,,CCC1CN(C(=O)CCCCNC(=O)c2sccc2F)C1,,,,,,ZINClw00000jrV6i
,,C[C@@H]1[C@@H](NC(=O)c2cc3n(n2)C[C@@H](F)C3)CCN1C(=O)[C@H]1CC1(F)F,,,,,,ZINCph00000fkuOw
,,C/C(=C\c1ccco1)C(=O)N[C@@]1(CO)CCCN(C(=O)/C(Cl)=C/Cl)C1,,,,,,ZINCpu000006BYPD
,,O=C(N[C@H]1C[C@H](NCc2ccc(F)cc2O)C1)c1sccc1Cl,,,,,,ZINCnC00000g0xXW
,,CC[C@@H]1CN([C@H](CCC=C(C)C)C(=O)NC2CCOCC2)C[C@H](C)O1,,,,,,ZINCpy00000xGtSy
,,C=CCCCCC(=O)NCCC[C@@H](CO)NC(=O)C[C@@H]1CCCCO1,,,,,,ZINCpq00000m9dEV
,,C#C[C@H]1CN([C@@H](CCCSC)C(=O)Nc2ccc(F)cc2)C[C@@H]1OC,,,,,,ZINCpy00000xGtSN
,,CN(C[C@@H]1CCSC1)C(=O)c1ncoc1CNC(=O)COCCCF,,,,,,ZINCpk00000SMaeY
,,Cc1c[nH]c(C(=O)N2CC[C@](O)(C(=O)N3CC[C@]4(CCOC4)C3)C2)c1,,,,,,ZINCpb00000SOCwG
,,C=CC=CCCN1CC(=O)N(Cc2cccc(OC(F)F)c2)C1=O,,,,,,ZINCoB000008hZJK
,,C[C@@H]1[C@@H](NC(=O)[C@@H]2CC(=O)NC(=O)N2)CCCN1CC[C@H]1CC1(Cl)Cl,,,,,,ZINCph00000fkrSI
,,C[C@H](C[C@@H]1CCCO1)NC(=O)Nc1nc2c(s1)CCC2,,,,,,ZINCkx000001gTRZ
,,CCCC[C@@H](O)CNC(=O)C(C)(C)NC(=O)CSCCC(C)C,,,,,,ZINCnt00000qZCEL
,,CN(C[C@@H]1CCSC1)C(=O)[C@@]1(F)CCN(C(=O)[C@H](F)OC(F)(F)F)C1,,,,,,ZINCpp00000SMaeU
,,C=CC[C@@H](C)CN(Cc1cnn(CCF)c1)C[C@H]1C[C@H](C)O[C@H](C)C1,,,,,,ZINCpK00000FIg4s
,,Cc1cc(C(=O)N2CCN(C(=O)[C@@H]3CC(=O)N3)[C@@H](C)C2)c(C)o1,,,,,,ZINCna00000542wt
,,CC#CC[C@H](CO)NC(=O)N=c1nc(CC)s[nH]1,,,,,,ZINCif00000FCrP3
,,CC(C)C[C@@H](O)CNC(=O)C[C@@H]1CCCCN1C(=O)CC1CC1,,,,,,ZINCnq00000qZCER
,,CC1(C)CC[C@H]1NC(=O)C1(F)CN(C(=O)COC[C@@H]2CCCO2)C1,,,,,,ZINCog00000HLkZo
,,CC(C)(C)[C@H](CO)NC(=O)Nc1ncnc(Cl)c1NC=O,,,,,,ZINCli00000FCrP7
,,CC1(C)CC[C@H]1NC(=O)[C@]1(NC(=O)c2ncc(F)cn2)C[C@@H](O)C1,,,,,,ZINCob00000HLkZp
,,CC(C)(C)[C@H](C(=O)O)C(=O)NCCc1nncs1,,,,,,ZINCif00000FCrPf
,,C#CCCCCC(=O)NCCC[C@@H](C)NC(=O)COCCCN=[N+]=[N-],,,,,,ZINCps00000m9dEN
,,Cn1cccc1C(=O)N[C@@H](C(=O)N1CC[C@@H]1CO)C(C)(C)O,,,,,,ZINCm5000010tmA0
,,CCCC[C@H](O)CNC(=O)/C=C/CNC(=O)C[C@@H](C)CC(C)C,,,,,,ZINCnt00000qZCEH
,,C[C@@H]1[C@@H](NC(=O)[C@H]2CC2(F)F)CCCN1C(=O)C[C@@H]1CCC(=O)N1C,,,,,,ZINCph00000fktmh
,,CCCCCCC(=O)NCCC[C@@H](CO)NC(=O)[C@@H](C)[C@H](C)COC,,,,,,ZINCps00000m9dF3
,,CN(C[C@@H]1CCSC1)C(=O)C[C@H]1CCCN1C(=O)CN1CC(C)(C)C1,,,,,,ZINCpp00000SMafs
,,Cc1cc(C(=O)N2C[C@H](CNC(=O)C(N)=O)[C@@H](C)C2)ccc1F,,,,,,ZINCna00000543Lq
,,CC1CC(CO)(C(=O)NC[C@@H](C)n2cc([C@H]3CCCOC3)nn2)C1,,,,,,ZINCoi00000K5VFb
,,CN(C[C@@H]1CCSC1)C(=O)c1[nH]ccc1CNC(=O)Cc1cnoc1,,,,,,ZINCpm00000SMaf7
,,C[C@@H]1[C@@H](NC(=O)c2ccccc2-c2cn[nH]c2)CCCN1CC(N)=O,,,,,,ZINCph00000fkvd8
,,C=CC=CCCN1CC(=O)N(Cc2nc3c(s2)C[C@@H](C)CC3)C1=O,,,,,,ZINCoB000008hZJQ
,,CN(C[C@@H]1CCSC1)C(=O)C[C@H](CC1CC1)NC(=O)c1csc(O)n1,,,,,,ZINCpp00000SMafD
,,CC[C@H](CNC(=O)[C@H](C)CF)NC(=O)Cc1ccc2ccccc2c1,,,,,,ZINCpz000005SfL4
,,CC1(C)CC[C@H]1NC(=O)C1=CCN(C(=O)CN2CSCC2=O)CC1,,,,,,ZINCof00000HLkZe
,,CCC[C@H](CNC(=O)/C=C/C1CCN(C(=O)C=C(C)C)CC1)OC,,,,,,ZINCow00000k4XrY
,,C[C@H](O)C(=O)NC[C@@H]1CCN(C(=O)c2ccc(Cl)cc2C(F)F)C1,,,,,,ZINCos000008FsZx
,,C[C@@H]1[C@H](C(=O)NC[C@H]2CC[C@H](NC(=O)[C@@H]3CCS(=O)(=O)C3)CC2)[C@@H]1C,,,,,,ZINCph00000fkzm0
,,C=C(CCNC(=O)C1=NNC(=O)C1)CNC(=O)Cc1cc(C)[nH]n1,,,,,,ZINCo500000nliWU
,,CC=CC[C@@H](CO)NC(=O)Nc1nc(O)cc(Cl)n1,,,,,,ZINCji00000FCrP8
,,C=C(CCNC(=O)C1CC(F)C1)CNC(=O)[C@H]1CCCNS1(=O)=O,,,,,,ZINCo500000nljfz
,,CCCC[C@H](NCc1csc(=N)[nH]1)[C@H](O)C(=O)NC1CC1,,,,,,ZINClg00000FCrPv
,,C#C[C@H](CC(C)C)NC(=O)NCc1ccc(O)c(OCC)c1,,,,,,ZINCmw000001CaDw
,,Cn1ccc(-c2cc(C(=O)N3CC[C@](O)(CCF)C3)n[nH]2)c1,,,,,,ZINCmj000010tmAd
,,CC(C)C[C@H](N)c1csc(NC(=O)[C@@H]2CCN(C)C2=O)n1,,,,,,ZINClm00000FCrPn
,,C[C@H](O)C(=O)NC[C@H](C1CC1)N(C)C(=O)Cc1cc(Cl)ccc1Cl,,,,,,ZINCos000008Ft6a
,,CCC(C)(CC)C(=O)NCCC[C@@H](CO)NC(=O)c1ccnc(C)c1,,,,,,ZINCps00000m9dEP
,,C#C[C@H](C)Oc1ccc(COC(=O)[C@@]2(F)CCO[C@@H]2C)cc1,,,,,,ZINCmw000001CaAR
,,CCSC1CN(C(=O)CC[C@@H](C)NC(=O)CN2CCC(F)CC2)C1,,,,,,ZINCom00000tczKJ
,,Cc1cc(C(=O)N2CC[C@H]2CNC(=O)CCC(F)F)c(O)nn1,,,,,,ZINCna00000543jp
,,CCCC[C@H](NCc1cc(C2CNC2)no1)C(=O)O,,,,,,ZINCjg00000FCrPq
,,CC(C)C[C@@H](CS(C)(=O)=O)N[C@H](C)c1ncccn1,,,,,,ZINCjl00000FCrPk
,,CC[C@H](CNC(=O)[C@H](C)Oc1ccccc1)NC(=O)[C@@H]1C[C@@]1(C)CC,,,,,,ZINCpz000005SfVF
,,CCC(C)(C)CC(=O)NCCC[C@@H](CO)NC(=O)[C@]1(CC)CCCO1,,,,,,ZINCpr00000m9dEO
,,CCC[C@@H](CNC(=O)C=Cc1ccncc1)NC(=O)[C@@H](F)C(C)C,,,,,,ZINCou00000k4XrS
,,Cc1cc(C(=O)N2C[C@H](NC(=O)[C@H]3CC(=O)N3)CC[C@H]2C)ns1,,,,,,ZINCna00000543QP
,,C=C(CCNC(=O)C1=CCCS1)CNC(=O)[C@@H](NC(N)=O)[C@@H](C)O,,,,,,ZINCo500000nliLp
,,CC1CCC(O)(C(=O)NC[C@@H](O)C(=O)N[C@H](C)c2cccs2)CC1,,,,,,ZINCoj00000K5VFc
,,C=CCC[C@@H](O)CNC(=O)C[C@H]1CCC[C@@H]1NC(=O)CC(Cl)Cl,,,,,,ZINCns00000qZCEP
,,C=C(CCNC(=O)C1=C(C)OCCS1)CNC(=O)[C@H]1CNC(=O)N1,,,,,,ZINCo500000nliJ5
,,C=C[C@](C)(CC)C(=O)NCCC[C@@H](CO)NC(=O)C#CC1CCCC1,,,,,,ZINCpr00000m9dET
,,Cc1cc(C(=O)N2C[C@@H](NC(=O)[C@H]3CCC(=O)N3)C[C@@H]2C)sn1,,,,,,ZINCna00000543zH
,,CCC[C@@H](C)CN(Cc1cnn(CCF)c1)C[C@@]1(C)COC(C)(C)O1,,,,,,ZINCpG00000FIg4q
,,C=CCC[C@H](O)CNC(=O)C[C@H]1CC(C)(C)CN1C(=O)C=CC,,,,,,ZINCnq00000qZCEN
,,CCCCCN(CC[C@@H]1CC[C@H]2C[C@H]12)C(=O)CCc1nc(C)no1,,,,,,ZINCoH00000luTgP
,,C#C[C@H]1CN([C@@H](CCCC/C=C\CC)C(=O)NCCCF)CCN1C,,,,,,ZINCpw00000xGtSx
,,CN(C[C@H]1CCSC1)C(=O)C[C@@H]1[C@@H](NC(=O)C(C)(C)C2CC2)C[C@H]1O,,,,,,ZINCpo00000SMafy
,,Cc1cc(C(=O)N2CCC[C@@](CO)(NC(=O)C(C)C)C2)nn1C,,,,,,ZINCna00000542iO
,,C[C@@H]1[C@H](C(=O)NC[C@@H]2CCC[C@@H]2NC(=O)C=Cc2cn(C)nn2)[C@@H]1C,,,,,,ZINCph00000fkz2p
,,C=C(C)C[C@H](CO)NC(=O)N=c1[nH]nc(Br)s1,,,,,,ZINChn00000FCrPa
,,CN(C[C@H]1CCSC1)C(=O)C1(N(C)C(=O)[C@H](O)c2cccnc2)CC1,,,,,,ZINCpj00000SMaeX
,,Cc1cc(C(=O)N2CC[C@H](NC(=O)[C@H](C)O)[C@H](C)C2)cc(O)n1,,,,,,ZINCna00000543f7
,,C=CCC[C@@H](CO)NC(=O)N=c1[nH]nc(Cl)cc1O,,,,,,ZINCji00000FCrPb
,,C/C=C(\CC)C(=O)NCC(C)(C)CNC(=O)c1ccc2nonc2c1,,,,,,ZINCpu000006VCbt
,,C[C@H](O)C(=O)NC[C@H](NC(=O)CCSc1ccc(Cl)cc1)C1CC1,,,,,,ZINCos000008Ft6X
,,Cc1cc(C(=O)N2C[C@H](NC(=O)C(N)=O)[C@@H]3CCCC[C@H]32)sn1,,,,,,ZINCna00000543Na
,,C=C(CCNC(=O)C1=CCCC1)CNC(=O)C[C@@H]1NC(=O)NC1=O,,,,,,ZINCo500000nliJI
,,CCC[C@@H](C)CN(Cc1cnn(CC(C)C)c1)C(=O)CCN(C)CC,,,,,,ZINCpG00000FIg4m
,,CCSC1(CNC(=O)CC[C@H](C)NC(=O)C[C@@H]2CCOC2=O)CC1,,,,,,ZINCom00000tczKE
,,C#C[C@H](C)N(C)Cn1nc(N2CCCCC2)n(C2CC2)c1=S,,,,,,ZINCmw000001Cax0
,,C=CCC[C@@H](NCc1nc(C(C)(C)C)n[nH]1)C(=O)OC,,,,,,ZINCkn00000FCrPw
,,CC[C@H](CNC(=O)[C@H](C)[C@H](C)CC)NC(=O)c1c(F)ccc(O)c1F,,,,,,ZINCpz000005Sg10
,,CC(C)C[C@@H](NCc1csc2cncn12)C(N)=O,,,,,,ZINCij00000FCrPu
,,CC1(C)CC[C@@H]1NC(=O)[C@]1(NC(=O)[C@H]2CCCC(=O)C2)C[C@@H](O)C1,,,,,,ZINCog00000HLkZr
,,C[C@@H]1[C@H](NC(=O)C(N)=O)CCCN1C(=O)CCCc1ccc(F)cc1,,,,,,ZINCph00000fkAqD
,,C/C=C(\C)C(=O)NC1([C@@H]2CCN(C(=O)Cn3cc(Br)c(C)n3)C2)CC1,,,,,,ZINCpu000006VbPf
,,CC[C@H](CNC(=O)[C@H](C)[C@H](C)CC)NC(=O)CCN1CCCCCC1,,,,,,ZINCpz000005Sg0E
,,CC1(C)CC[C@H]1NC(=O)[C@]1(CNC(=O)c2c[nH][nH]c2=N)CCCO1,,,,,,ZINCob00000HLkZi
,,C[C@H](C[C@@H]1CCCO1)C(=O)Nc1ccc2nc[nH]c2c1,,,,,,ZINCkx000001gTQw
,,CC#CC[C@H](CO)NC(=O)Nc1nc(F)ccc1Br,,,,,,ZINCjo00000FCrP5
,,C#C[C@H](CC(C)C)NC(=O)N[C@H](C)CN1C[C@H](C)C[C@@H](C)C1,,,,,,ZINCmw000001CaE4
,,CC1(C)CC[C@@H]1NC(=O)C1CCN(C(=O)[C@]2(CO)CCCO2)CC1,,,,,,ZINCog00000HLkZb
,,C[C@@H]1[C@H](NC(=O)C2(O)CC2)CCCN1C(=O)c1cc(F)c(N)cc1F,,,,,,ZINCph00000fkAGl
,,C/C=C(\CC)C(=O)N(C)C[C@@H](O)CN(C)C(=O)c1ccc(C(F)F)o1,,,,,,ZINCpu000003pzgI
,,C=CC1CN(C(=O)CCCCNC(=O)Cc2ccsc2)C1,,,,,,ZINCls00000jrV6m
,,CCC1CN(C(=O)/C(C)=C/CNC(=O)CC2CC(F)C2)C1,,,,,,ZINClq00000jrV6l
,,C=CCCCN(CC[C@@H]1CC[C@@H]2C[C@@H]12)C(=O)CCc1ncccn1,,,,,,ZINCoG00000luTgO
,,CN(C[C@H]1CCSC1)C(=O)C1(NC(=O)c2cc(F)c[nH]2)CC(CO)C1,,,,,,ZINCpi00000SMaf0
,,CC1CCC(O)(C(=O)N(C)C(C)(C)CC(=O)N[C@H]2CC[C@H]2O)CC1,,,,,,ZINCoh00000K5VF4
,,CC[C@@H]1CN([C@H](C[C@@H]2CC[C@@H]3C[C@@H]23)C(=O)NC2CC(F)(F)C2)CCO1,,,,,,ZINCpy00000xGtSS
,,CC(C)C[C@@H](C(=O)OC(C)(C)C)N(C)Cc1cnn[nH]1,,,,,,ZINCkp00000FCrPe
,,CN(C[C@H]1CCSC1)C(=O)CCC(C)(C)NC(=O)Cc1ccn(C)n1,,,,,,ZINCpo00000SMafj
,,CN(C[C@H]1CCSC1)C(=O)C[C@@H](CNC(=O)[C@H]1CCN1C)C1CCC1,,,,,,ZINCpo00000SMafF
,,CCC[C@H](C)NC(=O)/C=C/C1CCN(C(=O)[C@@H](C)COCC)CC1,,,,,,ZINCox00000k4Xs8
,,Cc1ccc(C[C@H](C)NC[C@@H]2C[C@@]3(CCCO3)CO2)c(C)c1,,,,,,ZINCmB00000fYwTD
,,C[C@@H]1[C@@H](NC(=O)[C@@H]2CCC(=O)N2C)CCN1c1ncc(C(F)F)cn1,,,,,,ZINCph00000fks2V
,,CCSC1(CNC(=O)/C=C/[C@@H](C)NC(=O)[C@@H](C)N2CC(C)C2)CC1,,,,,,ZINCon00000tczKG
,,C[C@@H]1[C@@H](NC(=O)[C@@H]2CCN2C(C)(C)C)CCN1C(=O)[C@@H]1CCC[C@H]1O,,,,,,ZINCph00000fkspn
,,C[C@@H]1[C@@H](NC(=O)[C@H]2C[C@H]3C=CC[C@@H](C3)C2)CCN1C(=O)C=CC(N)=O,,,,,,ZINCph00000fku4Y
,,CCCC[C@@H](O)CNC(=O)C[C@H]1CC(C)(C)CN1C(=O)CCC,,,,,,ZINCnu00000qZCEO
,,CC[C@@H]1CN([C@H](C[C@H]2CCCCO2)C(=O)NCc2cccs2)CCO1,,,,,,ZINCpy00000xGtSR
,,CN(C[C@@H]1CCSC1)C(=O)[C@]1(F)CCN(C(=O)C2(O)CCSCC2)C1,,,,,,ZINCpj00000SMaeS
,,C[C@@H]1[C@@H](NC(=O)[C@H]2CCCO2)CCCN1C(=O)[C@@]12CCCN(CC1)C2,,,,,,ZINCph00000fktFv
,,CCCC(C)=CC(=O)NCCC[C@@H](CO)NC(=O)c1oc(C)nc1C,,,,,,ZINCpq00000m9dES
,,CC(C)C[C@@H](N=c1ccc2ncc(C(=O)O)n2[nH]1)C(N)=O,,,,,,ZINCld00000FCrPm
,,CN(C[C@@H]1CCSC1)C(=O)C[C@H](CNC(=O)[C@@H](O)C1CC1)C1CCC1,,,,,,ZINCpo00000SMafG
,,C#C[C@H]1CN([C@@H](CCCCC=C)C(=O)NCCCSCC)CCN1C,,,,,,ZINCpw00000xGtSz
,,CCC(C)(C)CC(=O)NCCC[C@@H](CO)NC(=O)[C@@H](C)[C@H](C)COC,,,,,,ZINCpr00000m9dF2
,,CN(C[C@@H]1CCSC1)C(=O)[C@@](C)(CO)NC(=O)CC1(C)CCOCC1,,,,,,ZINCpi00000SMafp
,,CC1CCC(O)(C(=O)NC[C@@H](C)C(=O)N[C@@H]2CCOC[C@@H]2C)CC1,,,,,,ZINCoi00000K5VFa
,,C[C@H](O)C(=O)NC[C@@]1(F)CC[C@H](NC(=O)CCC2CCCCC2)C1,,,,,,ZINCos000008Ft5n
,,CC[C@@H]1CN([C@@H](CCCCCOC)C(=O)NCC(F)F)[C@H](CC)CO1,,,,,,ZINCpy00000xGtSD
,,CN(C[C@@H]1CCSC1)C(=O)C[C@]1(C)CCN1C(=O)[C@@H]1CC=C[C@H](O)C1,,,,,,ZINCpp00000SMafb
,,Cc1cc(C(=O)N2CC[C@H](NC(=O)CC[S@@](C)=O)[C@H](F)C2)on1,,,,,,ZINCna00000543cR
,,C[C@@H]1[C@H](NC(=O)C[C@H]2CCNC2=O)CCCN1C(=O)[C@@H]1CC12CCC2,,,,,,ZINCph00000fkCaJ
,,C=CC=CCC(=O)N[C@]12CCN(C(=O)CCC(C)(C)F)CC[C@H]1C2,,,,,,ZINCoB000008hZE0
,,C=CC=CCC(=O)N[C@H]1C[C@H]2CC[C@H]1N(C(=O)CSC(C)(C)C)C2,,,,,,ZINCoB000008hZxc
,,C=CC=CCCN1C(=O)CCN(Cc2cc(OC)ccc2F)C1=O,,,,,,ZINCoB000008hZHZ
,,O=C(N[C@H]1C[C@H](NCc2ccc(F)cc2Cl)C1)[C@H]1CC=CCC1,,,,,,ZINCnF00000g0xXU
,,CN1CCC[C@@]2(CCCCN2S(=O)(=O)CCNS(C)(=O)=O)C1,,,,,,ZINCm5000010tmA9
,,C[C@@H]1[C@H](C(=O)N2CCC3(CCN(C(=O)c4ncnn4C)CC3)C2)[C@@H]1C,,,,,,ZINCph00000fkxn0
,,C[C@@H]1[C@H](C(=O)N[C@H]2C[C@H](CNC(=O)c3nnc4n3CCCC4)C2)[C@@H]1C,,,,,,ZINCph00000fkA8J
,,C=CC=CCCN1CCC(=O)N(CCCc2ncccc2C)C1=O,,,,,,ZINCoB000008hZK1
,,CN(C[C@@H]1CCSC1)C(=O)CC(C)(C)CNC(=O)CN1CCSCC1,,,,,,ZINCpn00000SMafk
,,CN1CCCC2(C1)CN(S(=O)(=O)CCN1C(=O)CCC1=O)C2,,,,,,ZINCm5000010tmA7
,,C[C@@H]1[C@H](NC(=O)CC2=NNC(=O)C2)CCCN1C(=O)c1cc(Br)c[nH]1,,,,,,ZINCph00000fkBhR
,,O=C(N[C@H]1C[C@@H](NCc2ccc(F)cc2Cl)C1)c1cc(F)c[nH]1,,,,,,ZINCnz00000g0xXT
,,CCC[C@@H](CNC(=O)/C=C/C1CCN(C(=O)C=C(C)C)CC1)OC,,,,,,ZINCow00000k4XrX
,,CC(C)C[C@H](O)CNC(=O)CCCNC(=O)C[C@@H]1CC=CCC1,,,,,,ZINCnr00000qZCEF
,,C=C(CCNC(=O)C1CCS(=O)(=O)CC1)CNC(=O)C1=CCOC1,,,,,,ZINCo500000nljmb
,,CC1(C)CC[C@@H]1NC(=O)C1(F)CN(C(=O)c2cn(C3CC3)nn2)C1,,,,,,ZINCog00000HLkZn
,,C[C@H](C[C@@H]1CCCO1)NC(=O)N1CC[C@H](CC2CC2)C1,,,,,,ZINCkx000001gTRC
,,C[C@H](O)C(=O)NC[C@H]1CCC[C@@H](NC(=O)C2(C)C(C)(C)C2(C)C)C1,,,,,,ZINCos000008Fta6
,,Cc1cc(C(=O)N2CCC[C@H](CNC(=O)[C@H](C)O)C2)cc(O)n1,,,,,,ZINCna00000542ku
,,CCCCCCC(=O)NCCC[C@@H](CO)NC(=O)[C@@H](CCSC)OC,,,,,,ZINCpq00000m9dF4
,,C=C(C)C[C@@H](CO)NC(=O)N=c1[nH]onc1C#N,,,,,,ZINCi900000FCrPc
,,C=C[C@](C)(CC)C(=O)NCCC[C@@H](CO)NC(=O)CCc1nccs1,,,,,,ZINCpq00000m9dEU
,,Cc1cc(C(=O)N2CCC[C@H]2CNC(=O)c2nonc2N)sn1,,,,,,ZINCna00000542oO
,,CC1(C)CC[C@H]1NC(=O)c1cncc(CNC(=O)CS(C)(=O)=O)c1,,,,,,ZINCoc00000HLkZg
,,CC[C@@H]1CN([C@@H](CCCSC)C(=O)NC2CCC2)CCN1CC(F)F,,,,,,ZINCpy00000xGtSM
,,Cc1cc(C(=O)N2C[C@H](C)[C@H](NC(=O)C(C)(C)O)C2)cc(O)n1,,,,,,ZINCna00000543J9
,,C[C@H](O)C(=O)NC[C@H]1CCN(C(=O)c2cc(F)cc(Cl)c2)[C@H](C)C1,,,,,,ZINCos000008Ftb1
,,CCSC1(CNC(=O)CCCN(C)C(=O)c2[nH]nnc2CC)CC1,,,,,,ZINCom00000tczKN
,,CC[C@H](CNC(=O)[C@H](C)[C@H]1CCOC1)NC(=O)CCCCCCSC,,,,,,ZINCpz000005Sg2V
,,C[C@@H]1[C@@H](NC(=O)c2coc(C(N)=O)c2)CCCN1C(=O)c1cc[nH]c1,,,,,,ZINCph00000fkwca
,,CC[C@H](CNC(=O)[C@H](C)CCC(C)(C)C)NC(=O)[C@@H](C)n1cccn1,,,,,,ZINCpz000005SfJ4
,,C[C@@H]1[C@H](NC(=O)CSC(=N)N)C[C@H]2CC[C@H]1N2C(=O)Cc1nccs1,,,,,,ZINCph00000fkBVG
,,C=CCC(C)(C)C(=O)NCCC[C@@H](CO)NC(=O)[C@@H](CC)CCOC,,,,,,ZINCpq00000m9dEZ
,,CN(C[C@@H]1CCSC1)C(=O)CC1(N(C)C(=O)CN2C[C@@H]3C[C@H]3C2)CC1,,,,,,ZINCpl00000SMaff
,,C[C@@H]1[C@@H](NC(=O)[C@H]2CCNC2=O)C[C@H]2CC[C@H]1N2c1ccnc(Cl)n1,,,,,,ZINCph00000fktP0
,,C[C@@H]1[C@@H](NC(=O)c2ccnnc2Cl)CCN1C(=O)c1cccnc1N,,,,,,ZINCph00000fkvv4
,,CC/C(C)=C(\C)C(=O)N1C[C@@H]2CN(C(=O)C3(O)CCCCC3)CC[C@@H]21,,,,,,ZINCpu000006ZcXi
,,C[C@H](O)C(=O)NC[C@@H](c1ccccc1)N(C)C(=O)c1coc(Cl)c1,,,,,,ZINCos000008FsWW
,,CN(C[C@@H]1CCSC1)C(=O)C[C@H](NC(=O)c1ccncn1)C(F)(F)F,,,,,,ZINCpn00000SMafH
,,C[C@@H]1[C@@H](NC(=O)[C@@](C)(O)c2ccccn2)CCN1C(=O)c1cnsc1,,,,,,ZINCph00000fksPe
,,Cc1cc(C(=O)N2C[C@H](CNC(=O)[C@@H](C)O)C[C@H]2C)nnc1C,,,,,,ZINCna00000543LZ
,,CC(C)(C)[C@H](NCc1cc(C2CNC2)no1)C(N)=O,,,,,,ZINCj900000FCrPo
,,CN(C[C@@H]1CCSC1)C(=O)[C@@]1(F)CCN(C(=O)COCC2CCC2)C1,,,,,,ZINCpp00000SMaeV
,,CCC[C@H](C)CN(Cc1cnn(C(C)(C)C)c1)C(=O)[C@H](C)[C@H](O)CC,,,,,,ZINCpI00000FIg4o
,,CCCCCN(CC[C@@H]1CC[C@H]2C[C@H]12)C(=O)C#CC1CCOCC1,,,,,,ZINCoI00000luTgM
,,CC1CCC(O)(C(=O)NC[C@H]2C[C@H](C(=O)N3C[C@@H]4C[C@H]4C3)C2)CC1,,,,,,ZINCol00000K5VF9
,,C=CC=CCC(=O)N[C@H]1[C@H](CNC(=O)C2CCC2)CCC12CCC2,,,,,,ZINCoB000008hZyJ
,,C=CC=CCC(=O)N[C@H]1C[C@]2(CCCCN2C(=O)[C@H]2CC[C@@H]2C)C1,,,,,,ZINCoB000008hZye
,,C=C(C)C[C@@H](NCc1ccnc(O)c1)C(=O)OC,,,,,,ZINCij00000FCrPr
,,CC[C@@H]1CN([C@H](C[C@H]2CC2(Cl)Cl)C(=O)NCc2cccs2)CC(=O)N1,,,,,,ZINCpv00000xGtSP
,,CC(C)(C)[C@H](CS(C)(=O)=O)NC(=O)Nc1cncc(O)n1,,,,,,ZINCld00000FCrPl
,,CCSC1CN(C(=O)/C=C/[C@H](C)NC(=O)CCCn2ccnc2)C1,,,,,,ZINCom00000tczKD
,,CC1CC(CO)(C(=O)N(CC[C@]2(C)CCCO2)Cc2nc[nH]n2)C1,,,,,,ZINCol00000K5VF3
,,CCC[C@H](C)NC(=O)/C=C/C1CCN(C(=O)c2ccn(C)c2)CC1,,,,,,ZINCox00000k4XrV
,,CN(C[C@@H]1CCSC1)C(=O)[C@@](C)(CO)NC(=O)CCc1ccccc1,,,,,,ZINCpm00000SMafq
,,CN(C[C@H]1CCSC1)C(=O)c1n[nH]cc1CNC(=O)[C@@H]1CCCCO1,,,,,,ZINCpk00000SMaf9
,,C[C@@H]1[C@@H](NC(=O)c2cn3ccncc3n2)CCN1C(=O)[C@H]1CC1(F)F,,,,,,ZINCph00000fkvEJ
,,C=C[C@H]1CN([C@H](C[C@@H]2CC[C@H]3C[C@H]32)C(=O)NCCCSCC)C[C@H]1O,,,,,,ZINCpv00000xGtSU
,,CC(C)C[C@H](NCc1ccon1)c1nc[nH]n1,,,,,,ZINChm00000FCrPs
,,C=CC1CN(C(=O)CCCCNC(=O)CC2CC(F)C2)C1,,,,,,ZINClq00000jrV6k
,,C[C@@H]1[C@@H](NC(=O)c2[nH]nnc2C2CC2)CCN1C(=O)c1ccncc1,,,,,,ZINCph00000fkups
,,C=CC[C@@H](C)CN(Cc1cnn(CCF)c1)C[C@@]12CC=C[C@@H](C1)OC2,,,,,,ZINCpG00000FIg4p
,,C[C@@H]1[C@@H](NC(=O)[C@@H](C)n2cccn2)CCN1C(=O)[C@@H]1CCC[C@H](O)C1,,,,,,ZINCph00000fkrCL
,,C[C@@H]1[C@@H](NC(=O)c2ncn(C)n2)C[C@H]2CC[C@H]1N2C(=O)C12CC(C1)C2,,,,,,ZINCph00000fkwBi
,,C[C@@H]1[C@@H](NC(=O)[C@H](O)C2CCCCC2)CCN1C(=O)C(=O)C(F)(F)F,,,,,,ZINCph00000fkted
,,Cn1cccc1C(=O)N[C@H](CNS(=O)(=O)CCO)CC(F)F,,,,,,ZINCm5000010tmzZ
,,C=CCC[C@@H](CO)NC(=O)N=c1[nH]nc2cccc(Cl)n12,,,,,,ZINClo00000FCrP9
,,C#C[C@H]1CN([C@@H](CCC(C)C)C(=O)Nc2cccc(OC)c2)CCO1,,,,,,ZINCpx00000xGtSB
,,CC[C@@H]1CN([C@H](C[C@@H]2CCC(C)(C)O2)C(=O)NCCCF)[C@H](C)CO1,,,,,,ZINCpw00000xGtSQ
,,C/C=C/CCN(CC[C@@H]1CC[C@@H]2C[C@@H]12)C(=O)CCc1cnn(C)c1,,,,,,ZINCoF00000luTgN
,,C=CC=CCCN=C(NC1CCCC1)N1CC[C@H](n2cccn2)C1,,,,,,ZINCoB000008hZLi
,,CN(C[C@@H]1CCSC1)C(=O)C1(NC(=O)CCS(C)(=O)=O)CCCCC1,,,,,,ZINCpk00000SMaf3
,,CCC(C)=C(C)C(=O)N(CC)C[C@H](C)NC(=O)[C@@H](O)[C@@H](OC)C(C)C,,,,,,ZINCpr00000m9dEL
,,Cc1cc(C(=O)N2CCC[C@@H]2CNC(=O)[C@H]2CCOC2)nn1C,,,,,,ZINCna00000542hE
,,C[C@@H]1[C@H](C(=O)N2CC=C(CNC(=O)[C@@H](C)OCCN(C)C)CC2)[C@@H]1C,,,,,,ZINCph00000fkxfs
,,Cn1cccc1C(=O)NCC(=O)NCCN=c1nn[nH]n1C,,,,,,ZINCm4000010tmzT
,,Cc1cc(C(=O)N2CCO[C@H]([C@@H](C)NC(=O)[C@@H](C)CO)C2)sn1,,,,,,ZINCna00000542NE
,,CC1CCC(O)(C(=O)NC[C@H]2C[C@H]2NC(=O)[C@@H]2C[C@@H]3C[C@@H]3C2)CC1,,,,,,ZINCol00000K5VF8
,,CC[C@H](CNC(=O)[C@H](C)CF)NC(=O)[C@@H]1CC[C@H]1c1ccc(F)cc1,,,,,,ZINCpz000005SfLb
,,CCCC(C)(C)C(=O)NCCC[C@@H](CO)NC(=O)[C@H](CC(C)C)OC,,,,,,ZINCps00000m9dF1
,,C[C@@H]1[C@H](NC(=O)COC(F)(F)F)CCCN1C(=O)[C@@H]1CCCN1N=O,,,,,,ZINCph00000fkBOa
,,Cc1cc(C(=O)N2C[C@@H](NC(=O)[C@@H]3CCC(=O)N3)C[C@H]2C)sn1,,,,,,ZINCna00000543yY
,,Cn1cccc1S(=O)(=O)NC(=O)Cc1cnc(C(C)(C)C)s1,,,,,,ZINCmo000010tmA3
,,CCC[C@H](CNC(=O)CCC1CCN(C(=O)[C@@H]2C[C@H]2Cl)CC1)OC,,,,,,ZINCov00000k4Xs5
,,Cc1cc(C(=O)N2CC=C[C@@H](NC(=O)c3cnns3)C2)ncn1,,,,,,ZINCna000005426n
,,CC(C)C[C@H](C(=O)O)N(C)C(=O)c1cnn(CCO)c1N,,,,,,ZINCl600000FCrPh
,,C[C@@H]1[C@H](C(=O)N[C@H]2CCN(C(=O)C[C@@H]3CCC(=O)NC3)C[C@H]2C)[C@@H]1C,,,,,,ZINCph00000fkzYA
,,C[C@@H]1[C@H](NC(=O)[C@@H]2CCCC(=O)N2C)CCCN1c1ncc(F)cn1,,,,,,ZINCph00000fkCHJ
,,C[C@@H]1[C@H](C(=O)NCC[C@H]2CCCCN2C(=O)[C@@H]2COCCN2C)[C@@H]1C,,,,,,ZINCph00000fkyUV
,,C/C=C(\C)C(=O)N[C@]12CCN(C(=O)c3cc(C(C)(C)C)n[nH]3)C[C@H]1C2,,,,,,ZINCpt000004DDPw
,,CC1(C)CC[C@@H]1NC(=O)C1CCN(C(=O)c2c[nH]c(=O)cn2)CC1,,,,,,ZINCof00000HLkZa
,,C=CC=CCC(=O)N[C@](C)(CNC(=O)c1cc(Br)n(C)c1)C(C)C,,,,,,ZINCoB000008hZzp
,,CC1(C)CC[C@H]1NC(=O)C1(F)CCN(C(=O)C(=O)NC2CC2)CC1,,,,,,ZINCof00000HLkZm
,,C[C@@H]1[C@H](C(=O)N(C)CC2CN(C(=O)c3cc(CN(C)C)on3)C2)[C@@H]1C,,,,,,ZINCph00000fkwOv
,,C[C@@H]1[C@H](NC(=O)C2(C3CC3)CC2)CCCN1C(=O)Cn1cc(N)cn1,,,,,,ZINCph00000fkAx8
,,CN(C[C@H]1CCSC1)C(=O)C[C@H]1CCC[C@@H]1NC(=O)c1nsnc1O,,,,,,ZINCpn00000SMafr
,,C[C@@H]1[C@H](C(=O)NC[C@@H]2COCCN(C(=O)c3cc(Cl)n(C)n3)C2)[C@@H]1C,,,,,,ZINCph00000fkz8c
,,C[C@H](C[C@@H]1CCCO1)NC(=O)N1CCC(F)(F)C[C@H]1C,,,,,,ZINCkx000001gTRv
,,CN(C[C@H]1CCSC1)C(=O)C[C@@H]1CN(C(=O)C(C)(C)N=[N+]=[N-])CCO1,,,,,,ZINCpp00000SMafB
,,Cn1cccc1C(=O)NC(=O)CN[C@@H](CCC(F)F)C(N)=O,,,,,,ZINCm5000010tmA2
,,Cn1cccc1C(=O)N[C@@H](C(=O)N[C@H]1CC[C@H]1O)C(C)(C)O,,,,,,ZINCm5000010tmA1
,,CCSC1(CNC(=O)CC[C@@H](NC(=O)CC(=O)OC)C(C)C)CC1,,,,,,ZINCoo00000tczKL
,,Cn1cccc1C(=O)N[C@@H]1CC[C@@H](NC(=O)CNC(N)=O)C1,,,,,,ZINCm5000010tmzW
,,CC1(C)CC[C@H]1NC(=O)C1(NC(=O)Cn2ccnn2)CC(F)(F)C1,,,,,,ZINCoe00000HLkZu
,,CC/C(C)=C(\C)C(=O)NC[C@H]1CCCCN1c1ccnc2ncnn12,,,,,,ZINCpt00000326xY
,,CC[C@H](CNC(=O)[C@H](C)C1CCOCC1)NC(=O)[C@H](C)c1ccsc1,,,,,,ZINCpz000005SfDn
,,C/C=C(\C)C(=O)N1CC=C[C@H]1CNC(=O)c1ccc([N+](=O)[O-])c(C)c1,,,,,,ZINCpt000004DfP8
,,C[C@@H]1[C@H](NC(=O)COC(F)(F)F)CCCN1C(=O)[C@H]1C[C@@](F)(CO)C1,,,,,,ZINCph00000fkBOe
,,C[C@@H]1[C@H](C(=O)N[C@@]23CCCN(C(=O)CCc4cnn[nH]4)C[C@@H]2C3)[C@@H]1C,,,,,,ZINCph00000fkzPF
,,CN(C[C@H]1CCSC1)C(=O)CC1(N(C)C(=O)CO[C@H]2CCOC2)CC1,,,,,,ZINCpj00000SMafg
,,C=CC=CCC(=O)N[C@H]1C[C@H](NC(=O)Cc2cc(C)ccc2Br)C1,,,,,,ZINCoB000008hZuT
,,C=C(CCNC(=O)C1CC1)CNC(=O)c1cn(C)c(=O)n(C)c1=O,,,,,,ZINCo500000nljhd
,,C=CCC[C@H](O)CNC(=O)CCCNC(=O)[C@@](C)(F)CCCC,,,,,,ZINCns00000qZCED
,,C=C[C@@H]1CN([C@@H](CCCOC)C(=O)NCc2ccccc2Br)CCO1,,,,,,ZINCpx00000xGtSK
,,CN(C[C@@H]1CCSC1)C(=O)C1(NC(=O)c2cnn(CCF)c2)CCC1,,,,,,ZINCpn00000SMaf1
,,C[C@@H]1[C@@H](NC(=O)[C@@H](O)C2CCCCC2)CCN1C(=O)[C@@H]1CCCN1C,,,,,,ZINCph00000fkrNf
,,CN(C[C@@H]1CCSC1)C(=O)C[C@H](CC1CC1)NC(=O)[C@@H]1[C@H]2COC[C@H]21,,,,,,ZINCpn00000SMafE
,,CC[C@H](CNC(=O)[C@H](C)CC)NC(=O)c1cc2c(cc1O)CCCC2,,,,,,ZINCpz000005SfGL
,,Cn1cccc1C(=O)N[C@H]1CCO[C@H]1C(=O)N[C@@H]1CCOC1,,,,,,ZINCm5000010tmzX
,,C=C(CCNC(=O)C1=NNC(=O)CC1)CNC(=O)CN(C)C1CC1,,,,,,ZINCo500000nlj1A
,,Cc1cc(C(=O)N2CC3(CN(C(=O)CCC(N)=O)C3)C2)oc1C,,,,,,ZINCna000005423v
,,CN(C[C@@H]1CCSC1)C(=O)CCCN(C)C(=O)c1ccc(CO)nc1,,,,,,ZINCpm00000SMafn
,,CC1(C)CC[C@@H]1NC(=O)C1(NC(=O)CCN2CCOC2=O)CSC1,,,,,,ZINCod00000HLkZq
,,CC[C@H](CNC(=O)[C@H](C)[C@H](O)CC)NC(=O)c1cc2ccccc2s1,,,,,,ZINCpz000005Sg2h
,,CCSC1CN(C(=O)CC[C@H](C)NC(=O)CCn2ccc(C)n2)C1,,,,,,ZINCoo00000tczKF
,,C=CCC[C@H](O)CNC(=O)[C@@](C)(CSC)NC(=O)[C@@H](C)CCC,,,,,,ZINCnr00000qZCEM
,,CN(C[C@H]1CCSC1)C(=O)C[C@H]1CCN(C(=O)C2CS(=O)C2)C1(C)C,,,,,,ZINCpl00000SMafv
,,CC[C@@H]1CN([C@H](CC)C(=O)OCCC(CC)(CC)C(=O)OC)CCO1,,,,,,ZINCpx00000xGtSL
,,C=C(CCNC(=O)C1=CCOC1)CNC(=O)CNC(=O)NC1CC1,,,,,,ZINCo500000nliM1
,,C=CCC[C@H](O)CNC(=O)C(C)(C)NC(=O)[C@H](SCC)C(C)C,,,,,,ZINCnr00000qZCEK
,,CN(C[C@H]1CCSC1)C(=O)C[C@H]1CCCN(C(=O)C2=NOCC2)CC1,,,,,,ZINCpp00000SMaft
,,Cc1cc(C(=O)N2CC[C@@H](C)[C@H](CN=c3nn[nH]n3C)C2)n[nH]1,,,,,,ZINCna00000542PC
,,CN(C[C@@H]1CCSC1)C(=O)C[C@H](O)CNC(=O)C[C@H](O)CC(C)(C)C,,,,,,ZINCpi00000SMafL
,,O=C(O)CCCCOC(=O)C1=C[C@@H]2CCC[C@@H]12,,,,,,ZINChr00000kgEID
,,CC1CC(CO)(C(=O)N(Cc2ccn(C)n2)C[C@@H]2CCO[C@H]2C)C1,,,,,,ZINCol00000K5VEZ
,,O=C(O)CCCCOC(=O)[C@]12CC[C@H]1C(F)(F)CC2,,,,,,ZINCjw00000kgEIC
,,C/C=C(\CC)C(=O)NC[C@@H]1C[C@H](NC(=O)c2cc(C)n(C)n2)C1(C)C,,,,,,ZINCpt000004DRCc
,,CN(C[C@@H]1CCSC1)C(=O)C[C@@H]1[C@@H](NC(=O)C(F)=CC2CC2)C[C@H]1O,,,,,,ZINCpn00000SMafz
,,CC1CCC(O)(C(=O)NCCC(=O)N[C@H]2C[C@]3(CCCO3)C2)CC1,,,,,,ZINCoi00000K5VF7
,,CC1CC(CO)(C(=O)N(CCOCC2CCC2)Cc2cnn[nH]2)C1,,,,,,ZINCoj00000K5VFd
,,CN1CCC(C(=O)N2CC=C[C@@]2(C)C(=O)NC[C@](C)(O)CO)CC1,,,,,,ZINCo5000011m05e
,,CO[C@H](C)C(=O)N[C@H](C)C1CC(NC(=O)[C@H]2CC(=O)[C@@H]2C)C1,,,,,,ZINCmc00000SAnuO
,,C[C@H](CNC(=O)[C@@]12C[C@@H]1COC2(C)C)NC(=O)C12CCOC(C)(C1)C2,,,,,,ZINCpj000004aGd0
,,CC(=O)N1C[C@H]2[C@H](CNC(=O)c3c[nH]nc3-c3ccsc3)C[C@H]2C1,,,,,,ZINCop00000lHiOw
,,NC(=O)C[C@@H](NCc1cc(Cl)ncc1Br)c1ccccc1,,,,,,ZINClC00000gk41S
,,N#Cc1c(F)cccc1CN1CC[C@@H]1C(=O)NCc1ccc(Br)nc1,,,,,,ZINCpx00000s2Td8
,,C[C@@H](CO)C(=O)N[C@H]1CC[C@H](CNC(=O)[C@@]2(O)CCOC2)CC1,,,,,,ZINCn5000003vhQx
,,C/C=C/C[C@@H](NC(=O)c1n[nH]c(C)c1Cl)C(=O)NCC=CCCC,,,,,,ZINCoz00000tamSg
,,CO[C@H](CSC)C(=O)N1CCC[C@@H](NC(=O)c2ccc(SC)o2)[C@H]1C,,,,,,ZINCpu000007HxYY
,,CO[C@H](C)C(=O)N[C@H](C)c1cn(Cc2ccc(O)nn2)nn1,,,,,,ZINCm600000SAnuV
,,C[C@H]1CN(C[C@@H]2CCCO2)CC[C@H]1NC(=O)[C@H](C)CC1CCNCC1,,,,,,ZINCpq00000CE9Z2
,,CO[C@H](C)C(=O)N[C@@H](Cc1cn[nH]c1)C(=O)N(C)CC(C)C,,,,,,ZINCmb00000SAnuX
,,COc1nccc(C(=O)N(Cc2c(Cl)cnn2C)C[C@H]2C[C@@H]2C)n1,,,,,,ZINCor00000t0uTj
,,C[C@H](O)CCONC(=O)[C@H]1CSCCN1C(=O)COCCCN(C)C,,,,,,ZINCp5000015M9Nv
,,C[C@H]1CNC[C@@H]1CCNC(=O)C(=O)NCc1nc2cc(Br)ccc2s1,,,,,,ZINCpq00000CE9YL
,,Cc1cc(C)c(C(=O)N2CCCC[C@H](NC(=O)C3(O)CC3)CC2)o1,,,,,,ZINCop00000lHiQy
,,C[C@H](O)CCONC(=O)[C@H]1OCC[C@H]1CNC(=O)C#C[C@H]1CCOC1,,,,,,ZINCp5000015M9Nx
,,CC(=O)N1C(=O)CC[C@@H]1C(=O)OC[C@H]1C[C@]1(C)Br,,,,,,ZINCii00001kt5BZ
,,COc1nc(C)c(C(=O)N(C)C23CCN(CC2)C3)cc1C(F)(F)F,,,,,,ZINCot00000t0uT7
,,CC#CC[C@@H](NC(=O)c1nocc1CC)C(=O)Nc1csc(Cl)c1,,,,,,ZINCoB00000tamSv
,,COc1nccc(C(=O)N(Cc2ccns2)C[C@]2(C)CCCO2)n1,,,,,,ZINCor00000t0uTp
,,COc1nccc(C(=O)N(Cc2cc[nH]n2)C[C@@H]2CC=CCC2)n1,,,,,,ZINCos00000t0uTo
,,C[C@@H](CO)C(=O)N[C@@H]1COCCN(C(=O)c2cc(CF)on2)C1,,,,,,ZINCn5000003vh4l
,,O=C(NCC[C@H]1CC1(Cl)Cl)C(=O)N[C@@H]1C[C@H]1c1ccccc1Br,,,,,,ZINCnB000000X6by
,,C[C@H](CNC(=O)[C@@H]1[C@H]2Cc3ccccc3[C@H]21)CNC(=O)C1(O)CCC1,,,,,,ZINCpj000004aEOR
,,C[C@@H]1CN(CC(F)F)CCN1[C@H](C(=O)NC1COC1)c1csc(Cl)c1,,,,,,ZINCps00000CE9YI
,,CCC[C@H](NC(=O)[C@@]1(CC)CCOC1)C(=O)NC[C@@H](O)C1(Cl)CC1,,,,,,ZINCoj00000sGq0n
,,C[C@H](O)CCONC(=O)[C@H](C)[C@@H]1CCN(C(=O)c2nnc(S)n2C)C1,,,,,,ZINCp6000015M9NU
,,CO[C@H](C)C(=O)N[C@H](C)C1(C(=O)N2CC[C@](F)(C#N)C2)CC1,,,,,,ZINCmd00000SAnuZ
,,C[C@@H]1CN(CCCNC(=O)NCC[C@@]2(O)CCC(C)(C)C2)CCCO1,,,,,,ZINCpr00000CE9YE
,,O=C(NCCCCNC(=O)C12CC(C1)C2)c1cncnc1C1CC1,,,,,,ZINCon00000lHiZR
,,C[C@H](CNC(=O)[C@@H]1Cc2ccccc2NC1=O)CNC(=O)[C@@H]1C[C@H]1C,,,,,,ZINCpj000004aEwG
,,CC[C@H]1CCCC[C@@H]1C(=O)N1CC([C@@H](C)NC(=O)c2cocc2C)C1,,,,,,ZINCpD000005gSoy
,,C[C@@H](O)CCONC(=O)[C@@H]1CSCCN1C(=O)C1CN(C2CCC2)C1,,,,,,ZINCp8000015M9Ns
,,CC[C@H]1CCCC[C@H]1C(=O)NCC1(N=c2[nH]n3cc(C)nc3s2)CC1,,,,,,ZINCpD000005gT2w
,,C[C@@H](CO)C(=O)N[C@H]1C[C@H](CNC(=O)C(=O)C2CCOCC2)C1,,,,,,ZINCn5000003vi02
,,Cc1cc(NC(=O)N2CCC3(CCC[C@H]3N)CC2)sn1,,,,,,ZINCkv00000abFGz
,,C[C@@H](CO)C(=O)NC[C@H]1C[C@H]2CC[C@H]1N2C(=O)CN(C)CCO,,,,,,ZINCn5000003vgu5
,,C[C@H]1CN(C(=O)C2CC(=C3CC3)C2)CCCN1C(=O)[C@@H](C)NC=O,,,,,,ZINCog000011PlI0
,,O=C(Nc1cnccn1)[C@@H]1COCCN1Cc1cc(Br)ccc1I,,,,,,ZINCow00000g3fI7
,,Cc1nc(=NNC(=O)Nc2cc(Br)c(Cl)cn2)s[nH]1,,,,,,ZINCjy00000gYzqQ
,,NC(=O)C[C@H](NCCc1cccnc1F)C1CCCCC1,,,,,,ZINClr00000gk41V
,,Cn1ccc(C(=O)N2CCC[C@@H]2C(=O)NC[C@H]2CCNC(=O)C2)n1,,,,,,ZINCo5000011m05u
,,C[C@H](CNC(=O)[C@@]1(C)CC1(F)F)NC(=O)c1nnc2ccccc2n1,,,,,,ZINCpj000004aFbu
,,CC(=O)N1C(=O)CC[C@H]1C(=O)OC[C@]1(C)C[C@@H]1F,,,,,,ZINCie00001kt5BQ
,,CC(=O)N1CSC[C@H]1C(=O)N1C[C@H]2C[C@@H]1CC(F)(F)C2,,,,,,ZINCkl00001kt5Ca
,,C[C@H](O)CCONC(=O)[C@@H]1COCC[C@H]1NC(=O)[C@]1(CO)CCOC1,,,,,,ZINCp4000015M9Nk
,,C[C@H]1CN(CCCNC(=O)N[C@H]2CC[C@]3(CC2)C[C@H]3C#N)C[C@H](C)O1,,,,,,ZINCps00000CE9YF
,,CC[C@H](C)C(=O)NC[C@@H](Nc1ncnc2cc(C)[nH]c12)C1CC1,,,,,,ZINCnw0000058XjM
,,CCCC[C@H](NC(=O)c1nnsc1C)C(=O)NC1(CC)CCCC1,,,,,,ZINCoz00000tamSo
,,O=C(NCC[C@H]1CCCN1)c1ccc(Cc2ccccc2)cc1,,,,,,ZINCnB000000X6lZ
,,CC(=O)N1C(=O)CC[C@@H]1C(=O)OCC1(C)CCN(C)CC1,,,,,,ZINCld00001kt5BS
,,O=C(Nc1cnccn1)[C@@H]1CSCCN1Cc1cc(F)ccc1I,,,,,,ZINCox00000g3fIa
,,CC(=O)N1C(=O)CC[C@H]1C(=O)OCC1CC(C(F)F)C1,,,,,,ZINCkj00001kt5BP
,,Cc1cnccc1CN(C[C@@H]1CC[C@H](F)C1)C(=O)[C@@H]1CC(=O)C1(C)C,,,,,,ZINCpE00000FFpje
,,CO[C@H](C)C(=O)N[C@@H](C)C1(C(=O)N2CCO[C@H]3CC[C@H]32)CC1,,,,,,ZINCmc00000SAnv1
,,CO[C@H](C)C(=O)N[C@H](C)C1CC(NC(=O)[C@H]2CCCOC2)C1,,,,,,ZINCme00000SAnuN
,,CC[C@H](C)C(=O)NCC[C@@H](Cc1ccccc1)NC(=O)CSC,,,,,,ZINCnw0000058X6I
,,CC[C@H]1CCCC[C@@H]1OCC(=O)NC[C@@H](C)N=c1[nH]nc(C(F)F)s1,,,,,,ZINCpD000005gSN7
,,CO[C@H](C)C(=O)N[C@@H](C)C1CC(NC(=O)C2=CCCCO2)C1,,,,,,ZINCmh00000SAnuI
,,CSCCCC(=O)N[C@H]1CCC[C@@H]1NC(=O)CC1=CCN(C)CC1,,,,,,ZINCop00000lHiP3
,,CO[C@H](CSC)C(=O)N1CCC[C@@H]1CCNC(=O)C1(C2CC2)CCC1,,,,,,ZINCpu000007HxZA
,,CO[C@H](CSC)C(=O)N1CCC[C@@H]1C1(NC(=O)C(F)=C2CCC2)CC1,,,,,,ZINCpu000007HxZk
,,CCC[C@H](NC(=O)C1CCC(C)(O)CC1)[C@H](O)C(=O)NC[C@@H](F)Cl,,,,,,ZINCoi00000sGq0z
,,CC(C)[C@H](NC(=O)[C@]1(C)CCC(=O)C1)C(=O)NCCSCCCO,,,,,,ZINCoh00000sGq0p
,,C[C@H](O)CCONC(=O)[C@H](CC1CCC1)NC(=O)[C@@H]1COCC[C@H]1C,,,,,,ZINCph000015M9NE
,,CO[C@H](CSC)C(=O)N1CCC(CN(C)C(=O)[C@@H](C)CC2CC2)CC1,,,,,,ZINCpu000007HxJN
,,CC(=O)N1C(=O)CC[C@H]1C(=O)OCC1(F)COCCOC1,,,,,,ZINCl500001kt5BU
,,CC[C@H]1CCCC[C@@H]1C(=O)NC[C@@]1(C)CCCN1c1cc(F)ncn1,,,,,,ZINCpD000005gSEu
,,O=C(NCC[C@H](O)C1CCCCC1)NC[C@H]1CC12CCSCC2,,,,,,ZINCnB000000X67m
,,CC[C@H]1CCCC[C@H]1C(=O)N1C[C@H]2[C@H](Nc3ncnc(Cl)c3F)[C@H]2C1,,,,,,ZINCpD000005gT01
,,C[C@H]1CNC[C@H]1n1cc(CCCCN2CC[C@@](O)(C(Cl)(Cl)Cl)C2)nn1,,,,,,ZINCpr00000CE9YP
,,Cc1cnccc1CN(C[C@@H]1CCCO1)C(=O)C1(CC(F)F)CCC1,,,,,,ZINCpH00000FFpjh
,,C/C=C/CCN(Cc1c(C)cccc1OC)C(=O)[C@H]1CC(=O)[C@@H]1C,,,,,,ZINCoF00000luNW3
,,CC[C@H]1CCCC[C@H]1C(=O)N(C)CC1CN(C(=O)C2(C3CC3)CC2)C1,,,,,,ZINCpD000005gSOr
,,CN1CC=C(C(=O)N2CC=C[C@@]2(C)C(=O)N(C)[C@H]2CCNC2=O)C1,,,,,,ZINCo5000011m05f
,,CCCCCN(Cc1cc(C)ccc1OC)C(=O)[C@@H]1CC(=O)[C@H]1C,,,,,,ZINCoH00000luNW1
,,CC(=O)N1CSC[C@H]1C(=O)N1CCC[C@H]([C@@H](C)F)C1,,,,,,ZINCjl00001kt5C8
,,C[C@@H]1CN(CC(F)F)CCN1C(=O)c1ccc2c(c1)C1(CC1)C(=O)N2,,,,,,ZINCpq00000CE9YJ
,,C[C@H]1CNC[C@@H]1n1cc(CCN(C)C[C@@H]2CCc3ccccc32)nn1,,,,,,ZINCps00000CE9YV
,,CC(=O)N1C(=O)CC[C@@H]1C(=O)OCC(C)(C)CCl,,,,,,ZINCij00001kt5BV
,,C[C@H](O)CCONC(=O)[C@H](Cn1cncn1)NC(=O)[C@]12CCC[C@H]1C2,,,,,,ZINCp5000015M9O4
,,O=C(NCC[C@H](O)C1CC1)c1cc2c(s1)-c1ccccc1OC2,,,,,,ZINCnB000000X65M
,,CC[C@H]1CCCC[C@H]1C(=O)N[C@@H](C)CN=c1ncc(OC(C)C)c[nH]1,,,,,,ZINCpD000005gTaD
,,Cc1nc(CC(=O)N[C@H]2CC[C@@H](NC(=O)[C@@H]3CCCCS3)C2)co1,,,,,,ZINCop00000lHiLD
,,C[C@H](O)CCONC(=O)[C@H](CNC(=O)CC[C@@H](C)CN(C)C)N(C)C,,,,,,ZINCp5000015M9O8
,,Cn1ccc(C(=O)N2CCC[C@@](F)(C(=O)NCc3cnn[nH]3)C2)n1,,,,,,ZINCo5000011m05p
,,CO[C@H](C)C(=O)N[C@@H](C)C1CC(NC(=O)[C@@H](O)C2CCC2)C1,,,,,,ZINCmb00000SAnuQ
,,C/C=C/C[C@H](NC(=O)c1nocc1C)C(=O)N1CCCCC[C@@H]1C,,,,,,ZINCoy00000tamSy
,,O=C(NCC[C@H]1CCCNC1)NCC(F)(F)c1ccc(Cl)cc1,,,,,,ZINCnB000000X6mf
,,C[C@H](O)CCONC(=O)[C@@H](C)[C@H]1CCN(C(=O)CCc2cnoc2)C1,,,,,,ZINCpf000015M9NV
,,CC(C)[C@@H](NC(=O)c1cccc(O)c1)C(=O)NC[C@@H](C)CN(C)C,,,,,,ZINCok00000sGq0l
,,C[C@H](CNC(=O)[C@H](O)C1CCCCCC1)N(C)C(=O)c1ccncn1,,,,,,ZINCpj000004aHxG
,,C[C@@H]1CN(C(=O)c2ccc3c(c2)CC3)[C@@H]1C(=O)NCCN1CCC1,,,,,,ZINCog000011PlHW
,,O=C(NCC[C@H]1CCCC1(F)F)NCC1(C2(O)CCC2)CCC1,,,,,,ZINCnB000000X6id
,,N#CC[C@H]1CCN(C(=O)N[C@@H](Cn2cncn2)c2ccccc2)C1,,,,,,ZINCop00000lHiP5
,,CCC[C@H](NC(=O)c1cccc(O)c1)C(=O)NOC1CCOCC1,,,,,,ZINCol00000sGq0t
,,C[C@H](O)CCONC(=O)[C@H](CCN(C)C)NC(=O)[C@@H]1CCOC1(C)C,,,,,,ZINCp6000015M9NY
,,COc1nccc(C(=O)N(Cc2cc(Cl)n(C)n2)C[C@H]2C[C@@H]2Cl)n1,,,,,,ZINCor00000t0uTc
,,CC[C@H]1CCCC[C@H]1OCC(=O)N(C)CCN(C)C(=O)CC(C)(C)C,,,,,,ZINCpD000005gTez
,,C[C@H]1CNC[C@@H]1n1cc(CN2CCN(c3ccccc3Cl)CC2)nn1,,,,,,ZINCpq00000CE9YX
,,CN1C[C@@](C)(C(=O)N2CCCC[C@H](C(=O)NCCCO)C2)CC1=O,,,,,,ZINCo5000011m05n
,,C[C@@H](CO)C(=O)N[C@H]1COCCN(C(=O)CN2CCCCC2)C1,,,,,,ZINCn5000003vhX9
,,C[C@@H](CO)C(=O)N[C@@H]1CCCN(C(=O)Cc2cnnn2C)CC1,,,,,,ZINCn5000003vgPw
,,COc1nccc(C(=O)N(Cc2cccc(C)n2)CC2(F)CC2)n1,,,,,,ZINCot00000t0uTb
,,CCC[C@H](NC(=O)[C@]1(C)CCC(=O)C1)C(=O)NC[C@@H](O)C(C)(C)C,,,,,,ZINCol00000sGq0o
,,COc1nccc(C(=O)N(Cc2ccon2)C[C@H]2C[C@@H](SC)C2)n1,,,,,,ZINCos00000t0uTs
,,O=C(c1cscc1C(F)F)N1CCC[C@]2(CCCC[C@H]2O)C1,,,,,,ZINCmI000002T13T
,,C[C@@H](O)CCONC(=O)[C@H](Cn1cccn1)NC(=O)CCCCC#N,,,,,,ZINCp8000015M9O2
,,C[C@H]1CNC[C@@H]1c1ccc(NC(=O)[C@@H]2CCN2C(=O)C(F)(F)F)cc1,,,,,,ZINCpr00000CE9YK
,,Cc1cnccc1CN(C[C@@H]1CCCN(C)C1=O)C[C@@H](C)C(C)(C)C,,,,,,ZINCpH00000FFpjf
,,C[C@H](O)CCONC(=O)[C@@H](F)C1CC(NC(=O)COc2ccsc2)C1,,,,,,ZINCph000015M9Og
,,CC(C)[C@@H](NC(=O)c1cccc(O)c1)C(=O)N(C)[C@@H]1CCN(C)C1,,,,,,ZINCoj00000sGq0j
,,C[C@H]1CN(C(=O)C2CC(C3CC3)C2)C[C@H]1NC(=O)[C@@H]1COC(=O)N1,,,,,,ZINCoa000011PlI2
,,CO[C@H](C)C(=O)N[C@@H](CC1CCC1)C(=O)N1CCC12CCC2,,,,,,ZINCmo00000SAnuD
,,NC(=O)C[C@@H](NCCC[C@@H]1CC=CCC1)c1ccccc1,,,,,,ZINClD00000gk41X
,,CC[C@H]1CCCC[C@@H]1C(=O)N1CC[C@H](Nc2ncnc3scnc23)C1,,,,,,ZINCpD000005gSuv
,,N#Cc1c(F)cccc1CN1CC[C@@H]1C(=O)NC[C@@H]1CCC(F)(F)C1,,,,,,ZINCpy00000s2Td9
,,CO[C@H](C)C(=O)N[C@@H](Cc1ccoc1)C(=O)NC(C)(C)CF,,,,,,ZINCmi00000SAnuS
,,O=C(Nc1cnccn1)[C@H]1CCN(C(=O)c2c(Br)cncc2Br)C1,,,,,,ZINCou00000g3fHX
,,CC(=O)N1C(=O)CC[C@H]1C(=O)OC[C@H]1CCC(=O)NC1,,,,,,ZINCk500001kt5C1
,,CC(=O)N1CSC[C@H]1C(=O)N1CC[C@@H]2[C@H](F)C[C@H]21,,,,,,ZINCie00001kt5C9
,,C[C@H](CNC(=O)[C@@]1(C)CCCS1(=O)=O)NC(=O)C=C(C1CC1)C1CC1,,,,,,ZINCpj000004aFot
,,Cn1ccc(C(=O)N2CCC[C@H]2/C=C/C(=O)NCCOCCO)n1,,,,,,ZINCo5000011m05s
,,C[C@H](CNC(=O)[C@@H]1c2c[nH]nc2CC[C@H]1C)NC(=O)[C@H]1CCC=CO1,,,,,,ZINCpj000004aERb
,,CC(C)C[C@@H](NC(=O)c1nnsc1N)c1csc([C@@H]2CCCO2)n1,,,,,,ZINCoz00000tamSt
,,O=C(Nc1cnccn1)[C@@H]1C[C@H](F)CN(Cc2ncccc2Br)C1,,,,,,ZINCou00000g3fHT
,,C[C@@H](CO)C(=O)N[C@@H]1C[C@@H]2CC[C@H](C1)N2C(=O)COC1COC1,,,,,,ZINCn5000003vh5T
,,C[C@H](O)CCONC(=O)[C@@H]1N(C(=O)C[C@@H](C)N(C)C)CC12CCCC2,,,,,,ZINCpf000015M9Nw
,,CC(=O)N1C(=O)CC[C@H]1C(=O)OC[C@@]12C[C@H]1CCC2(F)F,,,,,,ZINCll00001kt5BN
,,C[C@@H](CO)C(=O)N[C@H]1C[C@H]2C[C@@H](C1)N(C(=O)c1n[nH]c(=N)[nH]1)C2,,,,,,ZINCn5000003vi3Y
,,N#Cc1c(F)cc(-c2cnc(NC(=O)c3ccon3)c(O)c2)cc1F,,,,,,ZINCpy00000s2Td2
,,O=C(c1noc2c1COc1ccccc1-2)N1CC=C[C@H](F)C1,,,,,,ZINCmv00000s0s0Q
,,CN1CC=C(C(=O)N2CC=CC[C@H]2C(=O)NCCc2cnn[nH]2)C1,,,,,,ZINCo5000011m05l
,,C[C@H](O)CCONC(=O)[C@H](CN=[N+]=[N-])NC(=O)CCCn1cncn1,,,,,,ZINCp5000015M9Oe
,,NC(=O)C[C@@H](NCc1nc(F)ccc1F)c1ccccc1,,,,,,ZINClq00000gk41U
,,CCCC[C@H](NC(=O)c1n[nH]c(C)c1Cl)C(=O)NCC1CC(C)C1,,,,,,ZINCoy00000tamSf
,,O=C(Nc1cnccn1)[C@@H]1C[C@@H](O)CN1Cc1cc(Br)cc(Br)c1,,,,,,ZINCov00000g3fHV
,,CC(=O)N1C(=O)CC[C@H]1C(=O)OC[C@]1(C)C[C@H]1F,,,,,,ZINCie00001kt5BR
,,NC(=O)C[C@H](NC[C@@H]1CC2(CC2)CO1)c1ccccc1Cl,,,,,,ZINClu00000gk41Y
,,N#Cc1c(F)cc(-c2ncsc2C(=O)N2C[C@H]3COC[C@H]3C2)cc1F,,,,,,ZINCpw00000s2Td3
,,Cc1cnccc1CN(C[C@H]1CCCO1)C(=O)C1(C(F)F)CCCC1,,,,,,ZINCpH00000FFpji
,,C[C@H](CNC(=O)[C@H]1CC(=O)N(C)C1)CN(C)C(=O)CCc1ccsc1,,,,,,ZINCpj000004aHUK
,,C/C=C/CCN(Cc1cccc(C)c1OC)C(=O)[C@H]1C[C@H](C)CO1,,,,,,ZINCoH00000luNVX
,,C[C@H](CNC(=O)[C@H](F)[C@@H](C)C(F)(F)F)NC(=O)c1cnnn1C1CC1,,,,,,ZINCpj000004aH9V
,,CC[C@H](C)C(=O)NCCC[C@@H](C)NC(=O)c1ocnc1C1CC1,,,,,,ZINCnw0000058X2J
,,C[C@@H](CO)C(=O)N[C@H]1CCCN(c2cc(=O)n(C)c(O)n2)CC1,,,,,,ZINCn5000003vhId
,,C[C@H](CNC(=O)[C@H](C)c1ccccn1)CN(C)C(=O)Cc1cc[nH]n1,,,,,,ZINCpj000004aGKc
,,C[C@H](O)CCONC(=O)[C@@H](F)C1CC(NC(=O)[C@]2(C)CCCN2C)C1,,,,,,ZINCpb000015M9Of
,,CO[C@H](CSC)C(=O)N1CCC(=CCNC(=O)[C@H]2CCC2(C)C)CC1,,,,,,ZINCpu000007HxGx
,,CC[C@H](C)C(=O)NCCCCCCN=c1nc(CC#N)cc[nH]1,,,,,,ZINCnw0000058WYS
,,C[C@@H](O)CCONC(=O)[C@@H](CNC(=O)[C@@H]1CC(=O)CC(=O)N1)N(C)C,,,,,,ZINCp3000015M9Oa
,,C[C@@H]1CN(C[C@@H]2CCCO2)CC[C@@H]1NC(=O)C[C@H]1CCC(C)(C)CN1,,,,,,ZINCpr00000CE9Z1
,,O=C(NCC[C@H]1CC=CCC1)NNC(=O)c1ccc(F)cc1Cl,,,,,,ZINCnB000000X6fT
,,O=C(Nc1cnccn1)[C@H]1CSCCN1Cc1cncc(Cl)c1Cl,,,,,,ZINCox00000g3fIb
,,Cn1ccc(C(=O)N2CC=C[C@]2(C)C(=O)N(CCO)CCCO)n1,,,,,,ZINCo5000011m05h
,,CO[C@H](C)C(=O)N[C@@H](CC1CCC1)C(=O)N1C[C@H]2C=C[C@H]2C1,,,,,,ZINCmj00000SAnuE
,,N#Cc1c(F)cccc1CN1CCC[C@@H]1CNC(=O)[C@@H]1C[C@H]1C1CC1,,,,,,ZINCpy00000s2Td5
,,CCCC[C@@H](NC(=O)c1n[nH]c(C)c1Cl)C(=O)NC[C@@H]1C[C@H]1CC,,,,,,ZINCoy00000tamSk
,,C[C@@H]1CN(C[C@@H]2CCCO2)CC[C@H]1n1cc(C[C@@H](O)C(C)(C)C)nn1,,,,,,ZINCps00000CE9Z0
,,CO[C@H](CSC)C(=O)N1CCC(C(C)(C)CNC(=O)C[C@H](C)F)CC1,,,,,,ZINCpu000007HxGJ
,,CO[C@H](CSC)C(=O)N1CCCC(C)(C)[C@@H]1CNC(=O)c1ccco1,,,,,,ZINCpu000007HxPZ
,,N#Cc1c(F)cc(-c2cncnc2C(=O)N2CCC[C@@H](F)C2)cc1F,,,,,,ZINCpy00000s2Td1
,,O=C(Nc1cnccn1)[C@@H]1CCN(Cc2c(O)cc(Br)cc2F)C1,,,,,,ZINCov00000g3fHW
,,CC(=O)N1CSC[C@H]1C(=O)N1CCC[C@@H]2CCNC(=O)[C@@H]21,,,,,,ZINCl600001kt5C7
,,O=C(NCC[C@H]1CCCOC1)C(=O)Nc1c(Br)ccc(Cl)c1F,,,,,,ZINCnB000000X6p4
,,C[C@@H](CO)C(=O)N[C@H](C)C[C@@H](C)NC(=O)C=CC(=O)NC1CC1,,,,,,ZINCn5000003vhyf
,,CC[C@H]1CCCC[C@H]1C(=O)N1CC([C@@H](C)NC(=O)c2ccoc2C)C1,,,,,,ZINCpD000005gSS1
,,CO[C@H](C)C(=O)N[C@@H](C)C1(C(=O)N2CCOCC[C@@H]2C)CC1,,,,,,ZINCmf00000SAnv0
,,C[C@@H](O)CCONC(=O)[C@@H](F)C1(O)CN(C(=O)c2ccccc2O)C1,,,,,,ZINCp5000015M9Oh
,,O=C(NCC[C@H]1CC=CCC1)NC[C@H](CCO)c1ccccc1,,,,,,ZINCnB000000X6fN
,,C[C@H](CNC(=O)[C@@H]1[C@H]2COC[C@H]21)CN(C)C(=O)C(F)(F)c1nccs1,,,,,,ZINCpj000004aEMF
,,C[C@@H](CO)C(=O)NC[C@H]1COCCN(c2nccc(C#N)n2)C1,,,,,,ZINCn5000003vgqP
,,NC(=O)C[C@H](N[C@H]1C=CCCCCC1)c1ccccc1Cl,,,,,,ZINClH00000gk421
,,Cc1cnccc1CN(C[C@H]1CCCO1)C(=O)[C@H]1CC12CCCCC2,,,,,,ZINCpI00000FFpjj
,,CC(=O)N1C(=O)CC[C@H]1C(=O)OC[C@@H](C)[C@@H]1CCOC1,,,,,,ZINCkd00001kt5C2
,,O=C(c1noc2c1CCCC2)N1CCC[C@@H](OC(F)F)CC1,,,,,,ZINCmx00000s0s0N
,,C[C@H](O)CCONC(=O)[C@@H](Cn1cncn1)NC(=O)c1csnc1Cl,,,,,,ZINCp6000015M9O6
,,C[C@@H](CO)C(=O)N[C@H](CNC(=O)[C@H](C)CC(N)=O)C1CCCC1,,,,,,ZINCn5000003vhAU
,,N#Cc1c(F)cc(-c2cccnc2C(=O)NCCCCCO)cc1F,,,,,,ZINCpx00000s2TcX
,,CC[C@H]1CCCC[C@H]1C(=O)N1CC[C@H](n2cc(-c3cnsc3)nn2)C1,,,,,,ZINCpD000005gSYc
,,C[C@@H](O)CCONC(=O)[C@H]1OCC[C@H]1NC(=O)[C@H]1C[C@H]2[C@@H](C1)C2(C)C,,,,,,ZINCpd000015M9NB
,,CC(=O)N1C(=O)CC[C@H]1C(=O)OCC1(CO)COC1,,,,,,ZINCj500001kt5BT
,,O=C(NCC[C@H]1CCC2(CCC2)O1)[C@H]1Cc2cc(Br)cnc2C1,,,,,,ZINCnB000000X6hu
,,O=C(NCC[C@H]1CC=CCC1)N1CCO[C@@H](C2CC(F)(F)C2)C1,,,,,,ZINCnB000000X6fz
,,N#Cc1c(F)cc(Br)cc1NC(=O)[C@H]1CCN(c2ncncc2F)C1,,,,,,ZINCpy00000s2TcU
,,C=CCCCN(Cc1cccc(C)c1OC)C(=O)[C@H]1CCO[C@H]1C,,,,,,ZINCoH00000luNVZ
,,O=C(Nc1cnccn1)[C@@H]1C[C@H]1Nc1ncnc(C(F)(F)F)c1Br,,,,,,ZINCou00000g3fHQ
,,C=C(C)C[C@@H](NC(=O)c1nnsc1C)C(=O)Nc1cscc1CC,,,,,,ZINCoB00000tamSq
,,CC[C@H]1CCCC[C@@H]1C(=O)NC[C@@H](C)NC(=O)Cc1ccc(C)cc1,,,,,,ZINCpD000005gSCR
,,NC(=O)C[C@H](N[C@H]1CC[C@H]2CC[C@H]1C2)c1ccccc1Cl,,,,,,ZINClE00000gk423
,,C[C@@H](CO)C(=O)N[C@]1(CO)CCCN(C(=O)Cc2ccoc2)C1,,,,,,ZINCn5000003viac
,,CC[C@@H](CNC(=O)[C@@H]1CCO1)NC(=O)c1ccc2c(c1)CCCC2,,,,,,ZINCop00000lHiWc
,,C[C@H]1CNC[C@H]1n1cc(CCCCN2C[C@H]3[C@H]4C=C[C@@H](C4)[C@H]3C2)nn1,,,,,,ZINCpr00000CE9YQ
,,C[C@H](CNC(=O)[C@@]1(O)C[C@H]2CC[C@H]1C2)NC(=O)COCC1CCCC1,,,,,,ZINCpj000004aFPx
,,CC[C@H]1CCCC[C@H]1C(=O)NCC1=CCN(C(=O)C2(SC)CC2)CC1,,,,,,ZINCpD000005gT3l
,,C[C@@H](O)CCONC(=O)[C@H]1CN(C(=O)CCC(=O)N(C)C)CC12CC2,,,,,,ZINCp5000015M9Nb
,,CO[C@H](C)C(=O)N[C@@H](C)C1CC(NC(=O)C[C@@H]2CCOC2)C1,,,,,,ZINCme00000SAnuM
,,C[C@H](O)CCONC(=O)[C@@H](CC1CCOCC1)NC(=O)c1ccon1,,,,,,ZINCpa000015M9NL
,,CC[C@H]1CCCC[C@H]1C(=O)N[C@@H]1CN(C(=O)C2(C)CC(F)C2)C[C@@H]1C,,,,,,ZINCpD000005gTbu
,,C[C@@H](CO)C(=O)NC[C@]1(C)CCCN1C(=O)c1nnn(C)c1N,,,,,,ZINCn5000003vgzi
,,C[C@H](CNC(=O)[C@@]1(F)CCOC1)CN(C)C(=O)[C@@H]1CCOCC1(C)C,,,,,,ZINCpj000004aFFV
,,CN1C[C@](C)(C(=O)N2CCC=C(C(=O)N3C[C@@H](O)CO3)C2)CC1=O,,,,,,ZINCo5000011m05o
,,C[C@H](O)CCONC(=O)[C@@H](CC(F)F)NC(=O)c1ccnc(O)c1F,,,,,,ZINCpa000015M9NQ
,,C[C@@H](CO)n1cc(C2(F)CN(C(=O)Cc3cnn(C)c3)C2)nn1,,,,,,ZINCn5000003vik2
,,C[C@@H](O)CCONC(=O)[C@@H](CNC(=O)c1cnn2c1CCC2)N(C)C,,,,,,ZINCp5000015M9O7
,,C[C@@H]1CN(C(=O)c2ccc3c(c2)CCNC3=O)c2c(N)cnn2C1,,,,,,ZINCog000011PlHX
,,O=C(c1noc2c1CC(F)(F)CC2)N1C[C@H]2CC[C@@H](F)[C@H]1C2,,,,,,ZINCmx00000s0s0P
,,Cc1cnccc1CN(C[C@H]1CCCO1)C(=O)[C@]1(C)CC[C@@H]2C[C@@H]2C1,,,,,,ZINCpH00000FFpjg
,,N#Cc1c(F)cc(Br)cc1NC(=O)[C@@H]1CN(C(=O)[C@H]2C[C@H]2F)CCS1,,,,,,ZINCpx00000s2TcV
,,C[C@H]1CNC[C@@H]1n1cc(CCCN2CCO[C@H](c3ccsc3)C2)nn1,,,,,,ZINCpr00000CE9YS
,,CO[C@H](C)C(=O)N[C@@H](CC1CCOCC1)C(=O)N(C)CCF,,,,,,ZINCmd00000SAnuU
,,CO[C@H](C)C(=O)N[C@H](C)C1(C(=O)N2CC[S@](=O)C[C@H]2C)CC1,,,,,,ZINCm800000SAnv2
,,C[C@H](CNC(=O)[C@@](C)(O)C1CC1)NC(=O)c1ccc(P(C)(C)=O)cc1,,,,,,ZINCpj000004aEVE
,,C[C@H](CNC(=O)[C@H](C)Cc1cnc[nH]1)NC(=O)c1cccc(O)c1F,,,,,,ZINCpj000004aGwd
,,COc1nccc(C(=O)N(CC2CC2)C[C@H]2CC23CCOCC3)n1,,,,,,ZINCor00000t0uT8
,,C[C@@H](O)CCONC(=O)[C@@H]1CSCCN1C(=O)c1ccc(O)c(F)c1,,,,,,ZINCpf000015M9Nr
,,C[C@H](O)CCONC(=O)[C@H]1OCC[C@H]1NC(=O)CCc1ncnn1C,,,,,,ZINCp4000015M9NA
,,CN1CC=C(C(=O)N2CCC[C@H]2CNC(=O)[C@H]2COC(=O)N2C)C1,,,,,,ZINCo5000011m05t
,,CC[C@H]1CCCC[C@@H]1C(=O)N1CCC[C@@H]1CN=c1[nH]nc(COC)s1,,,,,,ZINCpD000005gSr2
,,CC[C@H](C)C(=O)NC[C@@H]1CN(C[C@@H]2CC[C@@H](C)O2)CCC1(F)F,,,,,,ZINCnw0000058Xtm
,,CC(=O)N1CSC[C@@H]1C(=O)N1CC2(C[C@H](N)CO2)C1,,,,,,ZINCj500001kt5C6
,,C[C@@H](CO)C(=O)N[C@H]1CCN(C(=O)c2ccn(CC#N)n2)[C@@H]1C,,,,,,ZINCn5000003vhMy
,,C[C@H]1CNC[C@@H]1n1cc(CCCN[C@@H]2CCCO[C@H]2C(C)(C)C)nn1,,,,,,ZINCpr00000CE9YT
,,C[C@H](CNC(=O)[C@@](C)(O)c1ccc(F)cc1)N=c1cc[nH]c(C#N)n1,,,,,,ZINCpj000004aEYk
,,C[C@H](CNC(=O)[C@@]1(C)C=CCCC1)NC(=O)[C@@H]1CC(=O)N(C2CC2)C1,,,,,,ZINCpj000004aF8K
,,CO[C@H](C)C(=O)N[C@H](Cc1cn[nH]c1)C(=O)NC1CCCC1,,,,,,ZINCmb00000SAnuW
,,NC(=O)C[C@H](NCCc1ccc(O)cc1)c1ccccc1,,,,,,ZINClr00000gk41W
,,O=C(Nc1cnccn1)[C@@H]1CN(Cc2c[nH]c(Br)c2)CCC1(F)F,,,,,,ZINCow00000g3fI4
,,COc1nccc(C(=O)N(Cc2cccs2)C[C@H](O)C2(C)CC2)n1,,,,,,ZINCot00000t0uTi
,,N#Cc1c(F)cccc1CN1CCC[C@H]1C(=O)NCc1cc(Br)no1,,,,,,ZINCpx00000s2Td6
,,C[C@H](O)CCONC(=O)[C@@H]1CSCCN1C(=O)C[C@@H]1CCC(=O)NC1,,,,,,ZINCp5000015M9Nt
,,CN1CC=C(C(=O)N2CC[C@@](CF)(NC(=O)c3ccnn3C)C2)C1,,,,,,ZINCo5000011m05q
,,C[C@H](O)CCONC(=O)[C@@H](CC1CCC1)NC(=O)[C@H]1CCCCN1C,,,,,,ZINCpf000015M9ND
,,CC(=O)N1C(=O)CC[C@H]1C(=O)OC[C@@](C)(O)CCC1CC1,,,,,,ZINClg00001kt5BX
,,CCN1CC[C@@H]1C(=O)N(CCC(=O)N1CCCc2ccnn21)C(C)C,,,,,,ZINCpg000015MemQ
,,O=C(c1cscc1C(F)F)N1CCOC2(CCSCC2)CC1,,,,,,ZINCmI000002T13U
,,C[C@@H](CO)n1cc(C(C)(C)NC(=O)c2ccc(C(N)=O)[nH]2)nn1,,,,,,ZINCn5000003vih1
,,CC[C@H]1CCCC[C@@H]1C(=O)NC[C@@H](C)N=c1[nH]c(C)nc2[nH]ccc12,,,,,,ZINCpD000005gSCI
,,CC(C)[C@H](NC(=O)c1cccc(O)c1F)C(=O)N1[C@@H](C)C[C@H]1CO,,,,,,ZINCoi00000sGq0v
,,O=C(Nc1cnccn1)[C@H]1C[C@@H](F)CN(C(=O)c2csc(Br)c2)C1,,,,,,ZINCox00000g3fHU
,,C[C@H](O)CCONC(=O)[C@@H]1CN(C(=O)CNc2ccccn2)C[C@H]1C,,,,,,ZINCpa000015M9Ni
,,CCCC[C@H](NC(=O)c1n[nH]c(C)c1Cl)C(=O)NCC[Si](C)(C)C,,,,,,ZINCoB00000tamSl
,,CO[C@H](CSC)C(=O)N1CCC(C(C)(C)NC(=O)C[C@H](C)CF)CC1,,,,,,ZINCpu000007HxGU
,,C[C@@H](CO)C(=O)NC[C@H]1CN(C)CCN1C(=O)c1n[nH]cc1Br,,,,,,ZINCn5000003vgoa
,,C[C@H]1CNC[C@H]1n1cc(CCCCN2CCC[C@@H](OC3CC3)C2)nn1,,,,,,ZINCpq00000CE9YO
,,C[C@H](O)CCONC(=O)[C@H](CNC(=O)[C@@H]1CC2CCC1CC2)N(C)C,,,,,,ZINCpc000015M9O9
,,C[C@H](CNC(=O)[C@@H]1[C@H]2[C@@H]3CC[C@@H](C3)[C@H]21)CNC(=O)[C@@H]1CC12CC(O)C2,,,,,,ZINCpj000004aEPi
,,CC(=O)N1C(=O)CC[C@H]1C(=O)OCC[C@@H](C)O,,,,,,ZINCh500001kt5BW
,,C[C@@H](CO)n1cc(CCC2(O)CN(C(=O)[C@@H]3CC3(F)F)C2)nn1,,,,,,ZINCn5000003viub
,,C[C@@H](CO)C(=O)N[C@@H]1CCCC12CN(C(=O)Cn1ccnn1)C2,,,,,,ZINCn5000003vgOi
,,N#Cc1c(F)cccc1CN1CC[C@](F)(C(=O)N2C[C@H]3CC[C@H]2C3)C1,,,,,,ZINCpw00000s2Td7
,,C[C@H](CNC(=O)[C@@H]1[C@@H]2Cc3ccccc3[C@H]21)NC(=O)C12CC(CO1)C2,,,,,,ZINCpj000004aEHf
,,C[C@@H](CO)C(=O)NC[C@]1(C)CCCN1C(=O)CC(=O)NC1CC1,,,,,,ZINCn5000003vgxM
,,O=C(NCC[C@H]1CC=CCC1)C1CCN(c2ccncc2)CC1,,,,,,ZINCnB000000X6fo
,,NC(=O)C[C@H](N[C@@H]1CC[C@@H]1CC(F)(F)F)c1ccccc1,,,,,,ZINClz00000gk422
,,C[C@H](O)CCONC(=O)[C@@H](Cc1cc[nH]n1)NC(=O)[C@H]1C[C@H]1C(F)F,,,,,,ZINCp7000015M9NJ
,,C[C@H](CNC(=O)[C@@]1(C2CC2)CCCO1)NC(=O)Cc1ccnc(F)c1,,,,,,ZINCpj000004aFDv
,,C[C@H]1CNC[C@@H]1n1cc(CCCCN(C)C[C@@H](O)c2cccs2)nn1,,,,,,ZINCpr00000CE9YR
,,CC[C@H]1CCCC[C@@H]1C(=O)N1CCN(C(=O)c2csnc2C)[C@H](C)C1,,,,,,ZINCpD000005gStc
,,CC[C@H]1CCCC[C@@H]1C(=O)N[C@H](C)CNC(=O)c1ccc(F)c(Cl)n1,,,,,,ZINCpD000005gSJ1
,,C[C@H](CNC(=O)[C@H](F)C1CCOCC1)CN(C)c1ncncc1C#N,,,,,,ZINCpj000004aH2q
,,C[C@@H](CO)n1cc(C#CCNC(=O)C2(S(C)(=O)=O)CCC2)nn1,,,,,,ZINCn5000003vicu
,,C[C@@H]1CN(C(=O)C2CCC3(CC2)CC3)[C@@H]1C(=O)N(C)C[C@@H](O)CO,,,,,,ZINCoc000011PlHV
,,Cc1nc(NNC(=O)[C@H](C(C)C)C(F)(F)F)sc1C,,,,,,ZINCjA00000gYzqN
,,CO[C@H](C)C(=O)N[C@H](C)C1CC(NC(=O)c2nocc2Cl)C1,,,,,,ZINCmj00000SAnuK
,,O=C(Nc1cnccn1)[C@@H]1C[C@@H]2C[C@H]2N1Cc1ccc(O)cc1Cl,,,,,,ZINCou00000g3fHS
,,C[C@H](CNC(=O)[C@H](F)n1cccn1)NC(=O)c1cc(C(C)(C)C)n[nH]1,,,,,,ZINCpj000004aHji
,,COc1nccc(C(=O)N(CC2CCSCC2)C[C@@H]2CCCO2)n1,,,,,,ZINCos00000t0uTt
,,C=C(C)C[C@H](NC(=O)c1nnsc1C)C(=O)N[C@@H](C)CCC(C)C,,,,,,ZINCoy00000tamSs
,,O=C(Nc1cnccn1)[C@H]1[C@H]2CN(Cc3cccc(Cl)c3F)C[C@H]21,,,,,,ZINCov00000g3fI2
,,Cc1cnccc1CN(C[C@H]1CCCOC1)CC(C)(C)COC(C)C,,,,,,ZINCpK00000FFpjk
,,C/C=C/C[C@H](NC(=O)c1n[nH]c(C)c1Cl)C(=O)NC[C@@](C)(Cl)CC,,,,,,ZINCoz00000tamSi
,,O=C(Nc1cnccn1)[C@@H]1[C@@H]2C[C@H]1N(Cc1ccnc(Cl)c1Cl)C2,,,,,,ZINCow00000g3fI1
,,C[C@H](CNC(=O)[C@H](O)C1CCCCC1)CN(C)C(=O)C1(CO)CCC1,,,,,,ZINCpj000004aHvW
,,CC[C@H]1CCCC[C@@H]1C(=O)NCC1(NC(=O)CCCC2(C)N=N2)CC1,,,,,,ZINCpD000005gSyW
,,C#CC[C@H](NC(=O)c1cccc(O)c1)C(=O)N[C@H](CC)C(C)(C)O,,,,,,ZINCoh00000sGq0s
,,C[C@@H](O)CCONC(=O)[C@@H]1COCCN(C(=O)Cc2cccn2C)C1,,,,,,ZINCp5000015M9Nq
,,CCCC[C@@H](NC(=O)c1n[nH]c(C)c1Cl)C(=O)N[C@H](CC)C1CC1,,,,,,ZINCoz00000tamSm
,,COc1nc(C)c(C(=O)NCC2CC(Nc3ccnc(C)n3)C2)s1,,,,,,ZINCor00000t0uTk
,,C[C@H](O)CCONC(=O)[C@H](CC(C)(C)C)NC(=O)C[C@H]1COCCO1,,,,,,ZINCpb000015M9NN
,,C[C@H](O)CCONC(=O)[C@H]1COCCN(C(=O)C2=CC[C@H](C)CC2)C1,,,,,,ZINCpg000015M9Np
,,C=CC[C@@H](NC(=O)c1cccc(O)c1F)C(=O)N1CCC(O)CC1,,,,,,ZINCoh00000sGq0u
,,CCCCCN(Cc1cc(C)ccc1OC)C(=O)[C@H]1CC(=O)[C@H]1C,,,,,,ZINCoH00000luNW2
,,N#Cc1c(F)cc(Br)cc1NC(=O)[C@H]1CCN1Cc1ccnc(O)c1,,,,,,ZINCpx00000s2TcT
,,C[C@H](CNC(=O)[C@@]1(O)C[C@H]2CC[C@H]1C2)N(C)C(=O)c1cccnc1F,,,,,,ZINCpj000004aFPi
,,N#Cc1c(F)cc(Br)cc1NC(=O)[C@@H]1C[C@H]2C[C@@H]2N1C(=O)[C@@H]1C[C@@H]1F,,,,,,ZINCpx00000s2TcR
,,CC[C@H]1CCCC[C@@H]1C(=O)N1CCC[C@H]1CNC(=O)c1scnc1C,,,,,,ZINCpD000005gSrV
,,C[C@@H](O)CCONC(=O)[C@@H](CC(F)F)N(C)C(=O)COCC1CCC1,,,,,,ZINCph000015M9NP
,,C[C@H]1CN(C(=O)[C@]2(C)CC2(F)F)C[C@@H](C(=O)N2CCO[C@H](C)C2)O1,,,,,,ZINCoe000011PlHR
,,C[C@@H](CO)C(=O)N[C@@H](CN=c1ccnc(S(C)(=O)=O)[nH]1)C1CC1,,,,,,ZINCn5000003vgJd
,,C[C@H](CNC(=O)[C@@]1(O)C[C@H]2CC[C@H]1C2)NC(=O)[C@H]1CCCC(=O)CC1,,,,,,ZINCpj000004aFPU
,,Cc1cc(NC(=O)N2CC3(CN(C)C3)C2)c(C)cc1I,,,,,,ZINCkw00000abFGx
,,C[C@H](CNC(=O)[C@@]1(O)CCc2ccccc2C1)N(C)C(=O)C=CCF,,,,,,ZINCpj000004aFOG
,,C[C@H](CNC(=O)[C@H](F)OC(F)(F)F)CN(C)C(=O)[C@H]1C[C@H](N(C)C)C1,,,,,,ZINCpj000004aH7W
,,CC[C@H]1CCCC[C@H]1C(=O)N1CC[C@H](CNC(=O)CC2CC(F)C2)C1,,,,,,ZINCpD000005gSXB
,,NC(=O)C[C@H](N[C@@H]1CCCC2(CC2)C1)c1ccccc1Cl,,,,,,ZINClF00000gk420
,,CO[C@H](C)C(=O)N[C@@H](CC1CCOCC1)C(=O)NCC1CC1,,,,,,ZINCme00000SAnuT
,,COc1nccc(C(=O)N(CC2CCCC2)C[C@@]2(F)CCOC2)n1,,,,,,ZINCos00000t0uT9
,,O=C(Nc1cnccn1)[C@@H]1CN(Cc2cccc(F)c2I)CCS1,,,,,,ZINCox00000g3fI3
,,C#CC[C@@H](NC(=O)c1cccc(O)c1)C(=O)N(C)[C@@H]1CCCOC1,,,,,,ZINCoh00000sGq0i
,,C[C@@H](O)CCONC(=O)[C@@H](CNC(=O)CN1CSCC1=O)CC1CC1,,,,,,ZINCp5000015M9Ob
,,O=C(C1=NOC2(CCOCC2)C1)N1CCC2(CC1)C[C@]2(F)Br,,,,,,ZINCmt00000s0s0R
,,C[C@H]1CNC[C@H]1n1cc(C2(CCn3cnc4c3CCCC4)CC2)nn1,,,,,,ZINCps00000CE9YN
,,C[C@H](O)CCONC(=O)[C@@H](F)C1(O)CN(C(=O)C2CC(F)(CF)C2)C1,,,,,,ZINCp5000015M9Oi
,,Cn1cc(CC(=O)N2CCC[C@H]2C2(C(=O)NOCCO)CC2)cn1,,,,,,ZINCo5000011m05r
,,O=C(Nc1cnccn1)[C@@H]1CN(C(=O)c2ccc(Br)cc2)CCS1,,,,,,ZINCou00000g3fI6
,,C[C@H](O)CCONC(=O)[C@H](CNC(=O)CN(C)C1CCC1)C(C)(C)C,,,,,,ZINCpg000015M9Oc
,,COc1nccc(C(=O)N(Cc2ccon2)Cc2cc(C)co2)n1,,,,,,ZINCos00000t0uTr
,,C[C@@H](O)CCONC(=O)[C@H]1COC[C@H]1NC(=O)CN1CCN(C)CC1,,,,,,ZINCp4000015M9Nm
,,C[C@H](CNC(=O)[C@H](C)[C@@H]1CCOC1)NC(=O)CCCc1csc(=N)[nH]1,,,,,,ZINCpj000004aGDw
,,C[C@@H](O)CCONC(=O)[C@H](Cn1cncn1)NC(=O)C1CC(F)(F)C1,,,,,,ZINCp5000015M9O5
,,COc1nccc(C(=O)N(Cc2ccco2)C[C@]2(C)CCCO2)n1,,,,,,ZINCos00000t0uTd
,,N#Cc1c(F)cc(-c2ccc(NC(=O)c3cc(O)no3)nc2)cc1F,,,,,,ZINCpy00000s2TcY
,,C=CCC[C@H](NC(=O)c1nocc1CC)C(=O)NCC[C@H](C)CC,,,,,,ZINCoy00000tamSw
,,CO[C@H](CSC)C(=O)N1CCCN(C(=O)C2CC=CC2)[C@@H](C(C)C)C1,,,,,,ZINCpu000007HxUZ
,,CO[C@H](C)C(=O)N[C@@H](C)C1CC(NC(=O)[C@H](F)C2CCC2)C1,,,,,,ZINCml00000SAnuP
,,CC[C@H]1CCCC[C@@H]1C(=O)N1CC2(C1)CN(c1nc(Cl)ncc1C)C2,,,,,,ZINCpD000005gSoW
,,C[C@H](O)CCONC(=O)[C@H]1CSCCN1C(=O)[C@H]1C[C@H]2CC(=O)[C@@H]1C2,,,,,,ZINCp9000015M9Nu
,,C[C@@H](O)CCONC(=O)[C@@H](Cn1cccn1)NC(=O)CCC(C)(C)C,,,,,,ZINCpg000015M9O1
,,C[C@@H](CO)C(=O)N[C@@H]1CN(C(=O)CS[C@H]2CCOC2=O)C[C@@H]1C,,,,,,ZINCn5000003vgXI
,,C[C@H](O)CCONC(=O)[C@H](CC(F)F)N(C)C(=O)c1nnc(S)n1C,,,,,,ZINCp6000015M9NO
,,CO[C@H](CSC)C(=O)N1CCC[C@@H](NC(=O)c2ncc(Cl)cc2Cl)C1,,,,,,ZINCpu000007HxZ6
,,CCCC[C@H](NC(=O)c1nnsc1C)C(=O)NCc1sccc1C,,,,,,ZINCoy00000tamSr
,,COc1nc(C)c(C(=O)NCC2CCN(C(=O)[C@H]3C[C@H]3Cl)CC2)s1,,,,,,ZINCoq00000t0uTm
,,COc1nccc(C(=O)N(CC2CCOCC2)CC2CC(F)C2)n1,,,,,,ZINCor00000t0uTq
,,C[C@H]1CNC[C@H]1n1cc(CCN(C)Cc2cc3sccc3n2C)nn1,,,,,,ZINCps00000CE9YU
,,C[C@H](CNC(=O)[C@@H]1[C@H]2CCCCCC[C@H]21)NC(=O)c1cc(CO)[nH]n1,,,,,,ZINCpj000004aEKl
,,CC(C)[C@H](NC(=O)c1cccc(O)c1)C(=O)N[C@H]1C[C@@H](O)[C@H](F)C1,,,,,,ZINCoh00000sGq0q
,,N#Cc1c(F)cc(Br)cc1NC(=O)[C@H]1CCCN1C(=O)[C@H]1CCCO1,,,,,,ZINCpv00000s2TcP
,,Cc1nc(NNC(=O)[C@@H](O)CC2CCC2)ccc1Cl,,,,,,ZINCjq00000gYzqO
,,C[C@H](O)CCONC(=O)[C@H]1COC[C@H]1NC(=O)[C@@H](F)CCC(C)(C)C,,,,,,ZINCph000015M9Nl
,,C[C@H](CNC(=O)[C@@]1(C)CCCS1(=O)=O)CN(C)C(=O)[C@H]1CC12CCC2,,,,,,ZINCpj000004aFnW
,,O=C(Nc1cnccn1)[C@@H]1C[C@H]2C[C@@H]2N1Cc1ccc(Br)c(O)c1,,,,,,ZINCov00000g3fHR
,,O=C(NCC[C@H]1CCC2(CCC2)O1)N1C[C@H]2CC(F)(F)C[C@H]2C1,,,,,,ZINCnB000000X6gZ
,,CCCCCN(Cc1cc(C)ccc1OC)C(=O)[C@H]1C[C@H](C)CO1,,,,,,ZINCoJ00000luNVY
,,C[C@@H](O)CCONC(=O)[C@H](CC1CCC1)NC(=O)C=Cc1cc[nH]n1,,,,,,ZINCpf000015M9NC
,,C#CC[C@@H](NC(=O)C1CCC(CO)CC1)C(=O)N1CC[C@H]2CC[C@H]21,,,,,,ZINCoj00000sGq0A
,,C[C@@H]1CN(C(=O)[C@@]2(C)CC2(F)F)C[C@@H](C(=O)NCCOCCF)O1,,,,,,ZINCod000011PlHS
,,Cn1cc(CC(=O)N2CCCCC[C@@H]2C(=O)NOCC(N)=O)cn1,,,,,,ZINCo5000011m05j
,,C[C@H](O)CCONC(=O)[C@H](CN=[N+]=[N-])NC(=O)CC[C@H]1CCCOC1,,,,,,ZINCpe000015M9Od
,,C[C@@H]1CN(CC(F)F)CCN1[C@H](C(=O)NC1CC1)c1ccc(C#N)s1,,,,,,ZINCps00000CE9YH
,,COc1nccc(C(=O)N(CC2=CCCOC2)C[C@@H](F)C2CC2)n1,,,,,,ZINCoq00000t0uTg
,,O=C(NCC[C@H](O)C1CC1)NCC1(Cc2cccc(Cl)c2)CC1,,,,,,ZINCnB000000X65o
,,CC[C@H](C)C(=O)NCCC(C)(C)Nc1ccc(C(=O)OC)cn1,,,,,,ZINCnw0000058WXu
,,C[C@@H](CO)C(=O)N[C@H](C)CNC(=O)CNC(=O)c1ccccn1,,,,,,ZINCn5000003vhvF
,,C/C=C/CCN(Cc1ccc(C)cc1OC)C(=O)[C@@H]1CC(=O)[C@@H]1C,,,,,,ZINCoF00000luNW0
,,C[C@H]1CN(C(=O)c2ccc3c(c2)COC3)C[C@@H](CNS(C)(=O)=O)O1,,,,,,ZINCoa000011PlHY
,,CO[C@H](C)C(=O)N[C@H](C)C1(C(=O)N2CC(C(C)(C)C)C2)CC1,,,,,,ZINCmo00000SAnuY
,,CO[C@H](CSC)C(=O)N1CCC([C@@H](C)NC(=O)C(C)=CC2CC2)CC1,,,,,,ZINCpu000007HxMv
,,COc1nccc(C(=O)N(CC2CC=CC2)C[C@H](OC)C2CC2)n1,,,,,,ZINCot00000t0uTa
,,CCC[C@H](NC(=O)c1cccc(O)c1F)C(=O)N(C)C1(CO)CC1,,,,,,ZINCok00000sGq0w
,,CCCC[C@@H](NC(=O)c1nnsc1C)C(=O)N1CC[C@]1(C)CCC,,,,,,ZINCoz00000tamSn
,,C[C@@H](O)CCONC(=O)[C@H](CC1CCCC1)NC(=O)Cn1cnnn1,,,,,,ZINCp5000015M9NF
,,O=C(c1cscc1C(F)F)N1CCCC[C@@H]1[C@@H]1CCC[C@@H]1O,,,,,,ZINCmI000002T13G
,,C=CCC[C@H](NC(=O)c1nnsc1C)C(=O)Nc1ccc(Cl)cc1,,,,,,ZINCoC00000tamSp
,,C[C@H](O)CCONC(=O)[C@H](Cc1cc[nH]n1)NC(=O)CSCC(N)=O,,,,,,ZINCp4000015M9NK
,,C[C@H](CNC(=O)[C@@](C)(O)C1CCC1)NC(=O)c1ccc2n[nH]cc2c1,,,,,,ZINCpj000004aEXv
,,C[C@H](CNC(=O)[C@@]1(c2ccccc2)CCCO1)NC(=O)c1cc[nH]n1,,,,,,ZINCpj000004aFR3
,,C[C@H](O)CCONC(=O)[C@@H](C)[C@@H](C)NC(=O)c1cccc2cncn12,,,,,,ZINCpf000015M9NW
,,NC(=O)C[C@@H](NC[C@H](N)CC1CCCC1)c1ccccc1,,,,,,ZINClr00000gk41Z
,,Cc1nc(=NNC(=O)Nc2cc(Br)nc(Br)c2)s[nH]1,,,,,,ZINCjz00000gYzqR
,,C[C@H]1CN(C[C@H]2CC(F)(F)CN2C(=O)OC(C)(C)C)C[C@H](CCO)O1,,,,,,ZINCpr00000CE9Z3
,,C[C@H](O)CCONC(=O)[C@@H](C)CN(C)C(=O)c1ccc2c[nH]nc2c1,,,,,,ZINCpg000015M9NZ
,,CC(=O)N1C(=O)CC[C@@H]1C(=O)OC[C@]1(C)CC=CCO1,,,,,,ZINCke00001kt5BO
,,COc1nccc(C(=O)N(Cc2ccco2)C[C@H](C)OC(F)F)n1,,,,,,ZINCot00000t0uTe
,,O=C(Nc1cnccn1)[C@H]1CN(Cc2nc(Br)cs2)CC(F)(F)C1,,,,,,ZINCox00000g3fI5
,,C[C@H](O)CCONC(=O)[C@@H]1CNC(=O)CN1C(=O)c1ncncc1Cl,,,,,,ZINCp4000015M9Nh
,,C[C@@H](CO)n1cc(C#CCNC(=O)[C@@H]2CC(C3CC3)=NO2)nn1,,,,,,ZINCn5000003vidT
,,C[C@H](O)CCONC(=O)[C@@H]1COCCN1C(=O)C[C@H]1CCCCN1C,,,,,,ZINCp5000015M9Nn
,,C[C@H](O)CCONC(=O)[C@@H](C)C1CCN(C(=O)C(F)(F)[C@H](C)O)CC1,,,,,,ZINCpc000015M9NI
,,C[C@H](CNC(=O)[C@H]1C2C[C@@H]3C1[C@@H]3C2)CNC(=O)C12CCCN1CCC2,,,,,,ZINCpj000004aHPJ
,,O=C(C1=NOCC1)N1CCCC[C@@H]1c1ccc2nc[nH]c2c1,,,,,,ZINCmt00000s0s0S
,,CC[C@H](C)C(=O)NC[C@@H](CC(C)C)NC(=O)c1cncc(C)c1,,,,,,ZINCnw0000058Xgd
,,C[C@H](CNC(=O)[C@@](C)(F)C(C)(C)F)N(C)C(=O)C[C@]1(O)CCCOC1,,,,,,ZINCpj000004aERT
,,C=CC[C@@H](NC(=O)C1CCC(C)(O)CC1)C(=O)N1CC[C@H](OC)C1,,,,,,ZINCoi00000sGq0B
,,CC[C@H](C)C(=O)NC[C@@H]1CCN1C(=O)Cc1c(C)cccc1C,,,,,,ZINCnw0000058Xpy
,,Cc1nc(=NNC(=O)Nc2cccc(I)c2C)s[nH]1,,,,,,ZINCjz00000gYzqT
,,CC[C@H](C)C(=O)NC[C@@H]1CCN(C(=O)c2cc(C)ns2)C12CC2,,,,,,ZINCnw0000058XoK
,,CO[C@H](C)C(=O)N[C@H](C)C1CC(NC(=O)c2csc(O)n2)C1,,,,,,ZINCma00000SAnuJ
,,C[C@H](O)CCONC(=O)[C@@H](Cc1ccco1)NC(=O)C[C@@H](C)N(C)C,,,,,,ZINCpa000015M9NH
,,Cn1ccc(C(=O)N2CCC=C[C@@H]2C(=O)N[C@@H]2C[C@H](O)[C@H](O)C2)n1,,,,,,ZINCo5000011m05m
,,C[C@@H](CO)C(=O)NC[C@H]1C[C@H](NC(=O)c2cc([N+](=O)[O-])n[nH]2)C1,,,,,,ZINCn5000003vgtd
,,O=C(Nc1cnccn1)[C@H]1[C@@H]2C[C@H]1N(Cc1cccc(F)c1I)C2,,,,,,ZINCow00000g3fI0
,,C[C@H](O)CCONC(=O)[C@H](Cc1ccco1)NC(=O)Cc1ccns1,,,,,,ZINCpe000015M9NG
,,CC(C)[C@H](NC(=O)[C@]1(C)CCC(=O)C1)C(=O)NC[C@H]1CCO[C@H]1C,,,,,,ZINCok00000sGq0k
,,C[C@@H](CO)C(=O)N[C@H]1C[C@@H]2CN(C(=O)Cn3cnnc3)C[C@@H]2C1,,,,,,ZINCn5000003vhZs
,,Cc1nc(=NNC(=O)Nc2cc(Br)ccc2Br)s[nH]1,,,,,,ZINCjF00000gYzqP
,,C[C@@H](CO)C(=O)N[C@@H]1CCN(C(=O)c2cc(O)ncn2)C1(C)C,,,,,,ZINCn5000003vgSc
,,CC[C@H](C)C(=O)NC[C@@H](C)CNC(=O)c1ncc(C(F)(F)F)s1,,,,,,ZINCnw0000058XdE
,,CC(C)[C@H](NC(=O)[C@@]1(C)CCCOC1)C(=O)N(C)[C@H](C)CN(C)C,,,,,,ZINCoj00000sGq0m
,,N#Cc1c(F)cc(Br)cc1NC(=O)[C@@H]1COCCN1C(=O)/C=C/CBr,,,,,,ZINCpv00000s2TcW
,,N#Cc1c(F)cc(Br)cc1NC(=O)C12CC(C(=O)NC3CSC3)(C1)C2,,,,,,ZINCpy00000s2TcO
,,C[C@H](CNC(=O)[C@H](C)CO)CN(C)C(=O)[C@@H]1CCCc2cccnc21,,,,,,ZINCpj000004aGsJ
,,COc1nccc(C(=O)N(Cc2cc[nH]n2)C[C@](C)(F)C(C)C)n1,,,,,,ZINCos00000t0uTn
,,C[C@H](O)CCONC(=O)[C@@H]1CN(C(=O)CC[C@@H]2CCCCO2)C[C@H]1F,,,,,,ZINCpf000015M9Na
,,C[C@H](CNC(=O)[C@@]12CO[C@@H](CCO1)C2)CN(C)C(=O)C1CC2(CC2)C1,,,,,,ZINCpj000004aGaR
,,N#Cc1c(F)cc(Br)cc1NC(=O)[C@H]1C[C@H](F)CN1Cc1cnc[nH]1,,,,,,ZINCpx00000s2TcS
,,CC(C)[C@@H](NC(=O)c1cccc(O)c1F)C(=O)N(C)CC(C)(C)O,,,,,,ZINCol00000sGq0x
,,C[C@H](O)CCONC(=O)[C@H]1OCC[C@H]1NC(=O)C=Cc1ccn(C)c1,,,,,,ZINCp7000015M9Nz
,,CO[C@H](CSC)C(=O)N1CCC(CNC(=O)C[C@H]2CC=CCC2)CC1,,,,,,ZINCpu000007HxKw
,,Cc1nc(=NNC(=O)Nc2ccc(I)cc2C)s[nH]1,,,,,,ZINCjz00000gYzqU
,,Cc1cc(=NC(=O)N2CCC3(CC2)CO[C@@H](C)C3)[nH]o1,,,,,,ZINCku00000abFGy
,,CC(=O)N1C(=O)CC[C@H]1C(=O)OC[C@H]1CC=CC[C@@H]1C,,,,,,ZINCkm00001kt5C0
,,C[C@@H](O)CCONC(=O)[C@@H]1CN(C(=O)COC2CCCCC2)C[C@H]1F,,,,,,ZINCpf000015M9Nj
,,C[C@H](O)CCONC(=O)[C@H]1CN(C(=O)[C@@H]2CCC(=O)NC2)C(C)(C)C1,,,,,,ZINCp5000015M9Ne
,,CC[C@H](C)C(=O)NC[C@@H](NC(=O)CSCc1cscn1)C(C)C,,,,,,ZINCnw0000058Xih
,,C[C@H](O)CCONC(=O)[C@H](C)[C@H]1CCN(C(=O)c2cc(=O)cc[nH]2)C1,,,,,,ZINCpd000015M9NT
,,C[C@H](CNC(=O)[C@@]1(C(F)F)CCCO1)NC(=O)[C@@H](O)C1CCCCC1,,,,,,ZINCpj000004aF6O
,,C[C@@H](O)CCONC(=O)[C@@H](Cn1ccnn1)NC(=O)c1cn(C)nn1,,,,,,ZINCp4000015M9O3
,,NC(=O)C[C@@H](NCc1c(F)cncc1Cl)C1CCCCC1,,,,,,ZINClx00000gk41T
,,C/C=C/C[C@@H](NC(=O)c1nocc1CC)C(=O)Nc1csc(C)c1,,,,,,ZINCoD00000tamSu
,,CC[C@H]1CCCC[C@@H]1C(=O)N1CCC(N=c2nc(COC)[nH]s2)CC1,,,,,,ZINCpD000005gSq2
,,CC(=O)N1C(=O)CC[C@@H]1C(=O)OC[C@H](O)CCC(=O)O,,,,,,ZINCk500001kt5C3
,,CO[C@H](C)C(=O)N[C@@H](CC1CCC1)C(=O)NCC1(CF)CC1,,,,,,ZINCml00000SAnuF
,,C[C@@H]1CN(C(=O)c2ccc3c(c2)O[C@H](C)C(=O)N3)C2(COC2)CO1,,,,,,ZINCog000011PlHZ
,,C[C@H](O)CCONC(=O)[C@@H]1CN(C(=O)C[C@H]2CCC(=O)N2)CC1(C)C,,,,,,ZINCp5000015M9Nc
,,Cc1nc(=NNC(=O)Nc2cccc(F)c2)s[nH]1,,,,,,ZINCir00000gYzqS
,,O=C(Nc1cnccn1)[C@H]1CCN(C(=O)c2cc(F)ccc2Br)C1,,,,,,ZINCou00000g3fHY
,,CO[C@H](C)C(=O)N[C@@H](CC1CCC1)C(=O)N[C@@H](CO)C(C)C,,,,,,ZINCme00000SAnuH
,,O=C(c1cscc1F)N1CCCC[C@@H]1Cc1ccc(O)cc1,,,,,,ZINCmI000002T14B
,,CC[C@H]1CCCC[C@@H]1C(=O)N1C[C@H](C)[C@H](NC(=O)C2CCSCC2)C1,,,,,,ZINCpD000005gSvA
,,C[C@H](CNC(=O)[C@H](O)c1cccc([N+](=O)[O-])c1)CN(C)c1nncs1,,,,,,ZINCpj000004aHHo
,,C[C@@H](CO)n1cc(C2(C)CN(C(=O)C(=O)NCC(F)F)C2)nn1,,,,,,ZINCn5000003viha
,,C[C@H]1CN(CCC(=O)NS(=O)(=O)[C@@H]2CC3CCC2CC3)C[C@@H]1N=[N+]=[N-],,,,,,ZINCpq00000CE9YG
,,O=C(Nc1cnccn1)[C@H]1[C@@H]2C[C@H]1N(Cc1ccc(Br)c(Cl)n1)C2,,,,,,ZINCox00000g3fHZ
,,CC[C@H]1CCCC[C@H]1C(=O)N[C@H](C)C1CN(C(=O)C2CC(C)(F)C2)C1,,,,,,ZINCpD000005gTbY
,,C[C@H]1CN(C(=O)C2CC(C3CC3)C2)C[C@H]1NC(=O)c1cnc(O)o1,,,,,,ZINCof000011PlI1
,,C[C@H](O)CCONC(=O)[C@@H](CCOCCO)NC(=O)[C@H](F)C(C)(F)F,,,,,,ZINCp5000015M9O0
,,C[C@@H](O)CCONC(=O)[C@H]1OCC[C@H]1NC(=O)c1cccc(F)c1N,,,,,,ZINCp7000015M9Ny
,,C[C@H](C(=O)NC[C@@](C)(CO)NC(=O)CSC(F)(F)F)C1=CCCC1,,,,,,ZINCop00000lHiRy
,,C[C@@H](CO)C(=O)N[C@H](C)CCCCNC(=O)[C@@H]1NC(=O)O[C@@H]1C,,,,,,ZINCn5000003vhoq
,,C[C@@H]1CN(C(=O)c2ccc3c(c2)CC3)[C@@H]1C(=O)N1C[C@@](C)(O)CO1,,,,,,ZINCod000011PlHU
,,C[C@H](O)CCONC(=O)[C@H]1CN(C(=O)C[C@@H]2C=NN(C)C2=O)CCO1,,,,,,ZINCp4000015M9Nd
,,C=CCC[C@H](NC(=O)c1n[nH]c(C)c1Cl)C(=O)N(C)C[C@@H](C)CC,,,,,,ZINCoz00000tamSj
,,C[C@H](CNC(=O)[C@H](C)CN(C)C)CN(C)C(=O)c1ccn(C(F)F)n1,,,,,,ZINCpj000004aGqD
,,O=C(c1noc2c1CCCC2)N1CCOCC12CC(F)(F)C2,,,,,,ZINCmr00000s0s0O
,,CC(C)(CCNC(=O)c1nsnc1O)NC(=O)C[C@@H]1CC[C@@H]2C[C@@H]12,,,,,,ZINCom00000lHiTd
,,CC[C@H](C)C(=O)NCCCOCCNC(=O)c1ccccc1Cl,,,,,,ZINCnw0000058X1Q
,,CC(=O)N1CSC[C@@H]1c1nc([C@@]2(C)CNC(=O)C2)no1,,,,,,ZINCka00001kt5C4
,,O=C(Nc1cnccn1)[C@H]1COCCN1Cc1cc(Br)ccc1I,,,,,,ZINCow00000g3fI8
,,CC[C@H](C)C(=O)NC[C@@H]1CN(C(=O)C[C@@H]2C[C@H]2C)CCC1(F)F,,,,,,ZINCnw0000058XrF
,,O=C(NCC[C@H]1CC2(CCC2)CO1)c1cc(C(F)(F)F)ccn1,,,,,,ZINCnB000000X6eA
,,COc1nccc(C(=O)N(Cc2ccn(C)n2)CC2CCCC2)n1,,,,,,ZINCoq00000t0uTl
,,C[C@H](O)CCONC(=O)[C@@H](CC(F)F)NC(=O)C=Cc1ccncc1,,,,,,ZINCpg000015M9NR
,,COc1nccc(C(=O)N(Cc2ccco2)C[C@@H](OC)C2CC2)n1,,,,,,ZINCor00000t0uTf
,,CO[C@H](CSC)C(=O)N1CC2(CCN(C(=O)C(C)C)CC2)[C@@H]1C(C)C,,,,,,ZINCpu000007HxDR
,,C[C@H](O)CCONC(=O)[C@@H](CC(F)F)NC(=O)CCc1nc(O)n[nH]1,,,,,,ZINCp4000015M9NS
,,C[C@@H](CO)C(=O)N[C@H](C)CC1CN(C(=O)CCCS(N)(=O)=O)C1,,,,,,ZINCn5000003vhlE
,,O=C(NCC[C@H]1CCCCO1)N[C@@H](c1ccccn1)C1CCC1,,,,,,ZINCnB000000X6kI
,,C[C@@H](O)CCONC(=O)[C@H](Cc1cnc[nH]1)NC(=O)CC1(C#N)CC1,,,,,,ZINCp5000015M9NM
,,C[C@H]1CN(C(=O)[C@@]2(C)CC2(F)F)C[C@@H]1NC(=O)C(=O)NCC1CC1,,,,,,ZINCob000011PlHQ
,,COc1nccc(C(=O)N(Cc2cc(C)on2)C[C@@H]2CC23CC3)n1,,,,,,ZINCos00000t0uTh
,,C[C@@H](O)CCONC(=O)[C@@H]1CN(C(=O)[C@@H](F)C2CCOCC2)C[C@H]1F,,,,,,ZINCp9000015M9Ng
,,CC(=O)N1CSC[C@@H]1C(=O)N1CC2(C1)OCCO2,,,,,,ZINCi500001kt5C5
,,C[C@H](CNC(=O)[C@H](C)[C@H](C)S(C)(=O)=O)CNC(=O)[C@@H]1CCC[C@H]2C[C@H]21,,,,,,ZINCpj000004aGDR
,,O=C(Nc1cnccn1)[C@@H]1CSCCN1Cc1ccc(Cl)nc1Cl,,,,,,ZINCox00000g3fI9
,,C[C@@H](CO)n1cc(C2(O)CN(C(=O)C[C@]3(C)CCCO3)C2)nn1,,,,,,ZINCn5000003viml
,,C[C@@H](CO)C(=O)N[C@@H]1COCCN(C(=O)COc2ccsn2)C1,,,,,,ZINCn5000003vh3X
,,Cn1ccc(C(=O)N2CCC(C)(C)[C@@H]2C(=O)NC2(C(N)=O)CC2)n1,,,,,,ZINCo5000011m05i
,,CC[C@H](C)C(=O)NCC[C@H](C)NC(=O)c1ccc(O)c(C)c1C,,,,,,ZINCnw0000058Xam
,,C[C@H](O)CCONC(=O)[C@@H]1CN(C(=O)[C@H](C)c2ccn(C)n2)C[C@H]1F,,,,,,ZINCp7000015M9Nf
,,O=C(c1csc2cccc(Br)c12)N1CC[C@@H](O)C(F)(F)CC1,,,,,,ZINCmI000002T123
,,CO[C@H](C)C(=O)N[C@H](Cc1cc[nH]n1)C(=O)N1CC(SC)C1,,,,,,ZINCm600000SAnuR
,,CC[C@H]1CCCC[C@@H]1C(=O)N1CC[C@@H](N=c2[nH]c(OC)ncc2Cl)C1,,,,,,ZINCpD000005gStN
,,C/C=C/C[C@@H](NC(=O)c1nocc1CC)C(=O)NC[C@H](C)CCC,,,,,,ZINCoy00000tamSx
,,C[C@H](CNC(=O)[C@@]1(F)CCOC1)N(C)C(=O)CCCN1CCCCC1,,,,,,ZINCpj000004aFGH
,,C[C@H](CNC(=O)[C@@H]1[C@H]2[C@H]3C[C@@H]4[C@@H]5[C@H]3[C@H]1[C@@H]5C[C@H]42)N=c1[nH]nc(CO)s1,,,,,,ZINCpj000004aEQ5
,,C[C@H]1CNC[C@@H]1n1cc(-c2ccc(CN3CC[C@@H](C#N)C3)cc2)nn1,,,,,,ZINCpq00000CE9YM
,,CC[C@H]1CCCC[C@H]1C(=O)NC(C)(C)c1cn(Cc2cscn2)nn1,,,,,,ZINCpD000005gT0l
,,C[C@H](CNC(=O)[C@H](F)CC1CC1)CN(C)C(=O)c1coc(C(N)=O)c1,,,,,,ZINCpj000004aH4q
,,C[C@H]1CN(C(=O)[C@]2(C)CC2(F)F)CCN(c2nnc(C(N)=O)s2)C1,,,,,,ZINCof000011PlHT
,,C[C@@H](CO)C(=O)NC[C@H]1[C@@H]2CN(C(=O)C3(N(C)C)CCC3)C[C@H]12,,,,,,ZINCn5000003vguN
,,CC(=O)N1C(=O)CC[C@@H]1C(=O)OCC(F)(F)Br,,,,,,ZINChg00001kt5BY
,,N#Cc1c(F)cc(-c2cncc(NC(=O)Cn3ccnc3)c2)cc1F,,,,,,ZINCpx00000s2Td0
,,C[C@@H](O)CCONC(=O)[C@H]1CN(C(=O)C(C)(C)CCCF)CCN1C,,,,,,ZINCpd000015M9N9
,,CO[C@H](CSC)C(=O)N1CCCCC[C@H](NC(=O)c2ccoc2C)C1,,,,,,ZINCpu000007HxQY
,,CO[C@H](CSC)C(=O)N1CCC(CNC(=O)[C@H](SC)C(C)(C)C)CC1,,,,,,ZINCpu000007HxKH
,,CCCC[C@@H](NC(=O)c1n[nH]c(C)c1Cl)C(=O)N(CC)CCCF,,,,,,ZINCoy00000tamSh
,,CN1CC=C(C(=O)N2CCC3(CC2)C[C@@H]3C(=O)N2CC(CO)C2)C1,,,,,,ZINCo5000011m05d
,,C[C@H]1CNC[C@@H]1n1cc(CN2CCC[C@H](Nc3ccccc3)C2)nn1,,,,,,ZINCpr00000CE9YW
,,CO[C@H](C)C(=O)N[C@@H](C)C1CC(NC(=O)CC2=CCCC2)C1,,,,,,ZINCmp00000SAnuL
,,C[C@H](O)CCONC(=O)[C@H](CCN(C)C)NC(=O)C[C@@]1(O)CCOC1,,,,,,ZINCp4000015M9NX
,,C[C@H]1CNC[C@@H]1n1cc(C(=O)N2CCCOc3ccc(Br)cc32)nn1,,,,,,ZINCps00000CE9YZ
,,CN1CC=C(C(=O)N2CCCC[C@H]2CN(C)C(=O)CCC(N)=O)C1,,,,,,ZINCo5000011m05k
,,CC12CC(C(=O)NCCCN(C(=O)C3(O)CCCC3)C3CC3)(C1)C2,,,,,,ZINCop00000lHiN2
,,N#Cc1c(F)cccc1CN1CC[C@]2(C[C@H]2C(=O)NCC2CCC2)C1,,,,,,ZINCpy00000s2Td4
,,CN1CC=C(C(=O)N2CCC[C@@]2(C)C(=O)NCCOCCCO)C1,,,,,,ZINCo5000011m05g
,,CCC[C@H](NC(=O)C1(C)CCC(O)CC1)[C@@H](O)C(=O)N(CC)CC,,,,,,ZINCok00000sGq0y
,,CO[C@@H](C)C(=O)N[C@@H](CC1CCC1)C(=O)N[C@H]1COC[C@H]1C,,,,,,ZINCme00000SAnuG
,,CO[C@H](CSC)C(=O)N1CCCC[C@@H]1CCNC(=O)C1SCCCS1,,,,,,ZINCpu000007HxS5
,,C[C@@H]1CN(C(=O)C2CC(=C3CC3)C2)C[C@@H](C(=O)N2CC(C#N)C2)O1,,,,,,ZINCog000011PlI3
,,C[C@H](CNC(=O)[C@@]1(CO)CCCO1)NC(=O)[C@]1(C)CCCCC1(F)F,,,,,,ZINCpj000004aFFC
,,N#Cc1c(F)cc(Br)cc1NC(=O)[C@H]1C[C@@H]1NC(=O)C1=COCCC1,,,,,,ZINCpv00000s2TcQ
,,N#Cc1c(F)cc(-c2ccnc(NC(=O)c3cnc(O)[nH]3)c2)cc1F,,,,,,ZINCpv00000s2TcZ
,,CC(C)[C@H](NC(=O)c1cccc(O)c1)C(=O)N[C@H](C)c1cnn[nH]1,,,,,,ZINCoh00000sGq0r
,,COc1ccc(C(=O)N(C)CCCCNC(=O)[C@H](C)[C@H](C)O)cc1,,,,,,ZINCom00000lHiTm
,,C[C@H](O)CCONC(=O)[C@@H]1COCCN1C(=O)[C@H]1C[C@@H]2CCC[C@@H]2C1,,,,,,ZINCpe000015M9No
,,C[C@H]1CNC[C@@H]1n1cc(C(=O)N2CCC[C@@H]3CCC(F)(F)C[C@@H]32)nn1,,,,,,ZINCpq00000CE9YY
,,O=C(NCC[C@H](O)C1CCCC1)NCc1coc2ccccc12,,,,,,ZINCnB000000X66I
,,COC(CN(C[C@@H](C)Cn1cccn1)C(=O)[C@H]1CC[C@H](O)C1)OC,,,,,,ZINCoh00000K8QgO
,,COc1cccc(C(=O)N[C@@H](Cc2ccccc2)C(OC)OC)c1N,,,,,,ZINCps00000Cdd9z
,,Cc1nc2c(F)cccc2cc1C=Cc1ccnn1C,,,,,,ZINCkF00000fENRz
,,CC(=O)N[C@@](C)(C(=O)NCCCc1cnco1)C(C)C,,,,,,ZINCki00000JTeAk
,,CCCN1CC[C@H](CNC(=O)N2C[C@H]3C[C@H]2CCC3(F)F)C1,,,,,,ZINCmv00000bhTAk
,,CCn1nnnc1C1(NCCC=C(C)C)COc2ccccc2OC1,,,,,,ZINCpt00000yMAlb
,,CCc1ccc([C@H](C)NC(=O)C[S@](=O)Cc2cc(C)ccc2F)cc1,,,,,,ZINCpI000001BEUn
,,CC(=O)N(C)CC(=O)Nc1nnn(C)c1C(F)(F)F,,,,,,ZINCj800000JTeAd
,,C=CCOCC(=O)NC[C@@H](C)NC(=O)[C@@H](C)[C@H](O)CCCC,,,,,,ZINCmf00000Sz7Ld
,,COC1CCC(C)(C(=O)OC[C@@H](O)c2ccc(S(C)(=O)=O)cc2)CC1,,,,,,ZINCps00000Cdd9H
,,CCN(CCCNC(=O)[C@H]1C[C@H](S(C)(=O)=O)C1)C(=O)[C@@H]1C[C@@H]1C(F)F,,,,,,ZINCpg00000VWdXU
,,CCN(CCCNC(=O)[C@H]1C[C@@H](O)CN1C)C(=O)[C@@]1(C)CNC(=O)C1,,,,,,ZINCp400000VWdXQ
,,CC(=O)NCCC(=O)N(C)c1ccc(CCC(=O)O)cc1,,,,,,ZINClh00000JTeAe
,,C[C@H]1C=C(C(=O)N2CCCC[C@@H]2CN(C)C(=O)C=CC=C(Cl)Cl)C1,,,,,,ZINCoG00000gtF8i
,,Cc1cc(COC(=O)CCCF)c2ccccc2n1,,,,,,ZINCjD000003T2EF
,,CCN(CCCNC(=O)[C@@H]1COC[C@H](C)O1)C(=O)CCNC(=O)CO,,,,,,ZINCp400000VWdYq
,,CC1(C)[C@H](NC(=O)[C@H]2CC[C@H]3C[C@H]32)[C@@H]1C(=O)NC[C@H]1CCC(=O)N1,,,,,,ZINCob000011Nvai
,,CCC[C@@H](NC(=O)C[C@H]1CCCN1C)C(=O)NCc1ccnn1CC,,,,,,ZINCpi00000SHG5Q
,,CC(C)(C)OC(=O)NC[C@H]1CCC[C@H]1C(=O)NN1CCC[Si](C)(C)C1,,,,,,ZINCpz00000nGzdD
,,CCN(CCCNC(=O)[C@@H]1C[C@H]1COC)C(=O)CCC(=O)NN(C)C,,,,,,ZINCp500000VWdXw
,,CSc1nc(=NC(=O)N[C@H]2CCC[C@H](C(F)F)C2)[nH]n1C,,,,,,ZINClu00000ff5Dy
,,CC(C)OCC(=O)NC[C@H](C)NS(=O)(=O)C[C@@H]1CCCCO1,,,,,,ZINCma00000Sz7Lk
,,Cc1cc(COC(=O)c2c(Br)n[nH]c2C)cc(Br)n1,,,,,,ZINCjD000003T2Ig
,,CCC[C@@H](NC(=O)C[C@@H]1CCCN1C(=O)CC1CSC1)c1nn[nH]n1,,,,,,ZINCpi00000SHG6g
,,CC(=O)N(C)CC(=O)N[C@H](C)c1ncc(F)cn1,,,,,,ZINCi800000JTeAE
,,CC[C@@H](CNC(=O)[C@H]1CCCN1C(C)C)NC(=O)c1cc(Br)c(C)o1,,,,,,ZINCpy00000elEvl
,,CC[C@@H](CNC(=O)c1c(C)ccc(Cl)c1F)NC(=O)[C@H]1CCCOC1,,,,,,ZINCpy00000elFiF
,,CSCCCNC(=O)[C@H](c1ccc(C)o1)N1CC[C@@H](O)C[C@H](C)C1,,,,,,ZINCov00000phfkd
,,CC(C)[C@H](NC(=O)C[C@H]1CCCN1C)C(=O)N[C@H](C)CN1CCCC1,,,,,,ZINCpi00000SHG62
,,CCOC1(CNC(=NCCCOC)N2CCCCC2)CCOCC1,,,,,,ZINCoq000005COSo
,,CC(C)C[C@H](NC(=O)C1=COCCC1)C(=O)N(C)CC[C@@H](C)O,,,,,,ZINCnk00001A1qMC
,,Cc1nc2c(F)cccc2cc1C=Cc1cnccn1,,,,,,ZINCkG00000fENRA
,,Cc1nc2c(F)ccc(F)c2n1Cc1cccnc1Br,,,,,,ZINCkI00000fENRC
,,CCCC[C@@H](NC(=O)c1cocn1)C(=O)N1C[C@H](C)O[C@H](C)C1,,,,,,ZINCnl00001A1qMJ
,,C/C=C/C[C@H](NC(=O)c1coc(C)n1)C(=O)N[C@H](C)CN(C)C,,,,,,ZINCnh00001A1qMF
,,CSCCCNC(=O)[C@H](c1ccc(C)nc1)N(C)C[C@@H]1CCCO1,,,,,,ZINCou00000phfjX
,,C=CCC[C@@H](NC(=O)c1cocn1)C(=O)N[C@H](CO)C(F)(F)F,,,,,,ZINCnd00001A1qMO
,,CC(C)OCC(=O)NC[C@@H](C)NS(=O)(=O)C[C@@H]1CCCOC1,,,,,,ZINCm800000Sz7Ll
,,CC(=O)N[C@@](C)(C(=O)Nc1ncc(C#N)cc1F)C(C)C,,,,,,ZINCll00000JTeAa
,,CCN(CCCNC(=O)[C@H]1C[C@@H](OC)C1)C(=O)CC[C@@H](C)S(C)(=O)=O,,,,,,ZINCpf00000VWdXM
,,Cc1c(F)cccc1C(=O)N1CC([C@H]2CCN(C(=O)C=C(Cl)Cl)C2)C1,,,,,,ZINCpD00000nGzbb
,,CNS(=O)(=O)CC(=O)N[C@@H]1[C@@H]2CCN(C(=O)c3cccn3C)C[C@@H]21,,,,,,ZINCo50000168FtA
,,COCc1nc(CN(Cc2cnn[nH]2)C[C@H]2CCCC[C@H]2C)cs1,,,,,,ZINCoC00000tietI
,,CC[C@@H](CNC(=O)[C@H]1C[C@@H]1COC)NC(=O)c1ccc(Br)c(F)c1C,,,,,,ZINCpy00000elEI8
,,CCN(CCCNC(=O)[C@H]1C[C@H](O)CN1C(N)=O)C(=O)CC(C)(C)C,,,,,,ZINCp800000VWdXT
,,CCCOCC(=O)NC[C@@H](CO)CN=c1[nH]nc(CCC)s1,,,,,,ZINCmg00000Sz7Ls
,,CCSCCCN(Cc1nc(C)n(C)n1)C[C@@H]1CCOC1(C)C,,,,,,ZINCny00000EXkHa
,,CC(C)[C@H](NC(=O)C[C@@H]1CCCN1C(=O)C1=COCC1)c1ncc[nH]1,,,,,,ZINCpp00000SHG6b
,,CCN(CCCNC(=O)[C@@H]1CCN(C)C1)C(=O)c1ncncc1C#N,,,,,,ZINCp800000VWdXW
,,Cc1nc2c(F)ccc(F)c2n1C[C@H]1C[C@@H](CO)CO1,,,,,,ZINCkq00000fENRH
,,COc1ccc(CC(=O)OCCCc2ccc(OC)c(OC)c2)nn1,,,,,,ZINCps00000Cdd9G
,,CC(C)C[C@@H](NC(=O)c1cocn1)C(=O)N[C@H]1CCOC[C@@H]1C,,,,,,ZINCnj00001A1qML
,,CC1(C)[C@H](NC(=O)[C@H]2CCCOCC2)[C@@H]1C(=O)NC[C@@H]1CCOC1,,,,,,ZINCog000011Nvao
,,CSCCCNC(=O)[C@H](c1ccc(C#N)cn1)N1[C@@H](C)CC[C@H]1C,,,,,,ZINCox00000phfk0
,,C=C(COC)C(=O)NC[C@H](COCC)NC(=O)OC(C)(C)C,,,,,,ZINCmi00000Sz7Lo
,,CCC[C@@H](NC(=O)C[C@@H]1CCCN1C(=O)c1cc(CO)on1)C1CC1,,,,,,ZINCpo00000SHG68
,,CSCCCNC(=O)[C@H](c1ccc(C#N)cc1F)N1CC[C@H](F)C1,,,,,,ZINCow00000phfjY
,,COC(CN(C[C@H](C)C(C)(C)C)C(=O)[C@H]1CN(C)CCN1C)OC,,,,,,ZINCoj00000K8QgC
,,CCSCCCN(Cc1nc(C)n(C)n1)C(=O)C1CCSCC1,,,,,,ZINCnx00000EXkHb
,,CCn1nnnc1[C@]1(N(C)CC2(OC)CCCC2)CCOC(C)(C)C1,,,,,,ZINCpt00000yMAl9
,,C=CC[C@H](NC(=O)C[C@H]1CCCN1C(=O)C[C@@](C)(O)COC)C1CC1,,,,,,ZINCpm00000SHG6k
,,CC[C@@H](CNC(=O)[C@H]1CC(C)=NO1)NC(=O)c1cccc(SC)c1Cl,,,,,,ZINCpy00000elEgJ
,,CCOC1(CN2CCC(=O)N(CC3SCCS3)C2=O)CCOCC1,,,,,,ZINCoq000005COIo
,,CCOC1(CNC(=NCC(=O)NC)N[C@@H](C)c2cccs2)CCC1,,,,,,ZINCoq000005COPb
,,CCSCCCN(Cc1ncc[nH]1)C(=O)[C@@H](C)c1cnn(C)c1,,,,,,ZINCnu00000EXkHf
,,COc1cc(/C=C/C(=O)NC[C@H](CC2CC2)C(=O)O)cc(OC)c1O,,,,,,ZINCpq00000Cdd9v
,,COc1cccc(C(=O)N[C@@H](C)C(=O)N[C@H](CC(C)C)C(=O)O)c1Br,,,,,,ZINCpr00000Cdd9A
,,CC(=O)N(C)CC(=O)N[C@@H]1Cc2n[nH]cc2C[C@@H]1C,,,,,,ZINCj700000JTeAB
,,CCN(CCCNC(=O)[C@@H]1CCCN1S(=O)(=O)CC)C(=O)C=CSC,,,,,,ZINCpg00000VWdXs
,,CC(C)C[C@@H]1C[C@H]1C(=O)NC[C@H]1C[C@@H](NC(=O)C2(C)C[C@H]3C[C@@H]3C2)C1,,,,,,ZINCpB00000nGyN6
,,CCOC1(CN2CC(=O)N(Cc3cc(C4CC4)n[nH]3)C2=O)CCC1,,,,,,ZINCoq000005COIb
,,CCSCCCN(Cc1nc(CO)cs1)C(=O)Cn1cccn1,,,,,,ZINCnq00000EXkHr
,,O=C(Nc1cnns1)N(C[C@H]1CCCSC1)CC1(C2CC2)CC1,,,,,,ZINCnH00000CTFHJ
,,CSc1nc(O)cc(CN2CC[C@H](C)[C@H](C(F)(F)F)C2)n1,,,,,,ZINClv00000ff5DC
,,CSCCCNC(=O)[C@H](c1ccc(C#N)s1)N(C)C[C@H]1CCCO1,,,,,,ZINCow00000phfka
,,C=CCN1CC[C@@H](N(C)Cc2nc(Br)cn2C(F)(F)F)C1=O,,,,,,ZINCmt00000bhTAq
,,C[C@@H]1C=C(C(=O)N2CCC[C@@H]2C2(NC(=O)c3csc(Cl)c3)CC2)C1,,,,,,ZINCoG00000gtF8j
,,O=C(CC1C[C@H]2C[C@@H]2C1)N[C@H]1C[C@H]1NC(=O)COc1ccccc1,,,,,,ZINCoo00000qoH6Y
,,CCC[C@@H](NC(=O)C[C@H]1CCCN1C)C(=O)N(C)[C@H]1CCC[C@@H](O)C1,,,,,,ZINCpl00000SHG5U
,,COC(CN(C[C@@H](C)CC(F)(F)F)C(=O)C[C@H]1CNC(=O)O1)OC,,,,,,ZINCol00000K8QgJ
,,Cc1cc(COC(=O)[C@@]23CC[C@@](C)(C2)OC3)c(C)s1,,,,,,ZINCjD000003T2Hl
,,C=CCC[C@H](NC(=O)c1cnsn1)C(=O)N1CC[C@@H](O)[C@H]1CC,,,,,,ZINCnf00001A1qMw
,,CCC[C@H](NC(=O)C[C@H]1CCCN1C)C(=O)N[C@H](CC)c1ncc[nH]1,,,,,,ZINCpn00000SHG5Z
,,CCC[C@H](NC(=O)C[C@H]1CCCN1C)C(=O)NC[C@@H](O)CC1CCC1,,,,,,ZINCpk00000SHG5W
,,CC[C@@H](CNC(=O)[C@]1(F)C[C@H]1C)NC(=O)C1(OC)CCCCCCC1,,,,,,ZINCpy00000elF2n
,,CC#CC[C@H](NC(=O)c1csc(Cl)c1)C(=O)N[C@H]1COC[C@@H]1O,,,,,,ZINCnd00001A1qN0
,,COC(CN(C[C@@H](C)C(C)(C)C)C(=O)CN1CCN(C)CC1)OC,,,,,,ZINCoj00000K8QgD
,,CCc1ccc([C@H](C)CC(=O)N2CC3(CCSCC3)C[C@@H]2CO)cc1,,,,,,ZINCpI000001BENk
,,C=CC[C@@H](NC(=O)C[C@H]1CCCN1C)C(=O)NC[C@H]1C[C@@]12CC2(F)F,,,,,,ZINCpm00000SHG5T
,,O=C(CC1C[C@@H]2C[C@H]2C1)N[C@H]1CC[C@H](NC(=O)C2=CCOCC2)C1,,,,,,ZINCop00000qoH6T
,,CCC[C@H](NC(=O)C[C@H]1CCCN1C(=O)C1[C@H](C)[C@H]1C)C(=O)N(C)C,,,,,,ZINCpm00000SHG6a
,,CCCOCCC(=O)NC[C@H]1CN(C(=O)CC[C@@H](C)CC)C(C)(C)C1,,,,,,ZINCpD00000nGyps
,,O=C(CC1C[C@H]2C[C@@H]2C1)NCCC1(O)CN(C(=O)CC(F)(F)Cl)C1,,,,,,ZINCon00000qoH6L
,,C=CCC[C@@H](NC(=O)c1cocn1)C(=O)N1C[C@@H](C)OC[C@H]1C,,,,,,ZINCnj00001A1qMI
,,CCN(CCCNC(=O)[C@H]1CS(=O)(=O)CCO1)C(=O)c1cnn(C)n1,,,,,,ZINCp400000VWdYt
,,COC(CN(C[C@@H](CC(C)C)OC)C(=O)c1cc(N)cnn1)OC,,,,,,ZINCoh00000K8QgE
,,CNS(=O)(=O)CC(=O)N[C@@H]1CCN(S(=O)(=O)C2(CCOC)CC2)C1,,,,,,ZINCo40000168Ftl
,,C=C(C)C[C@@H](NC(=O)C1COCOC1)C(=O)N[C@H]1C[C@@H](CF)C1,,,,,,ZINCnf00001A1qMQ
,,CCN(CCCNC(=O)[C@@H]1C[C@H]1c1ccoc1)C(=O)[C@@H](C)NC(N)=O,,,,,,ZINCpd00000VWdXv
,,CC[C@@H](CNC(=O)[C@H]1CCC(C)=C(C)C1)NC(=O)c1cc(Cl)cnn1,,,,,,ZINCpy00000elEoa
,,CC(=O)NCCC(=O)NCc1c(F)ccc(F)c1Br,,,,,,ZINCjo00000JTeAf
,,C/C=C/C[C@H](NC(=O)c1cocn1)C(=O)N[C@H]1CCO[C@H](C)C1,,,,,,ZINCnk00001A1qMM
,,CCN(CCCNC(=O)[C@@H]1CCS(=O)(=O)N1C)C(=O)C1[C@@H]2COC[C@@H]12,,,,,,ZINCp500000VWdYe
,,C=CC[C@@H](NC(=O)C[C@@H]1CCCN1C(=O)c1ccc[nH]1)C(=O)OCC,,,,,,ZINCpm00000SHG67
,,CC(=O)N[C@@](C)(C(=O)Nc1ncco1)C(C)C,,,,,,ZINChh00000JTeAb
,,C[C@@H]1C=C(C(=O)N2CCCC[C@@H]2CN(C)C(=O)c2cc(Cl)cs2)C1,,,,,,ZINCoI00000gtF8h
,,COCc1nc(CN(Cc2cncs2)C[C@@]2(OC)CCSC2)cs1,,,,,,ZINCoC00000tietz
,,CCN(CCCNC(=O)[C@H]1CC(=O)N(O)C1)C(=O)[C@@H]1CCCC[C@H]1O,,,,,,ZINCp700000VWdY4
,,CCOC1(CNC(=NCC=CBr)NC[C@@H]2CCOC2)CCOCC1,,,,,,ZINCoq000005COQJ
,,COCc1nc(CN(Cc2cn(C)nn2)C[C@@]2(C)CC2(C)C)cs1,,,,,,ZINCoy00000tiett
,,O=C(Nc1cnns1)N(C[C@@H]1CCCCS1)C[C@@H]1CC[C@H](F)C1,,,,,,ZINCnH00000CTFHG
,,CCN(CCCNC(=O)[C@H]1CN(C)C(=O)CCO1)C(=O)c1cncs1,,,,,,ZINCp900000VWdYi
,,CC(C)(C)OC(=O)N1C[C@@H]2C[C@H]1[C@@H]2CNc1ncnn2c(Br)ccc12,,,,,,ZINCpB00000nGyNm
,,C#CCCCC(=O)N1C[C@H](NC(=O)c2cc(F)c(Cl)cc2Cl)[C@@H]2C[C@@H]21,,,,,,ZINCpC00000nGyJY
,,COc1ccc(CC(=O)N[C@@H]2CCC[C@@]23CCCNC3)cc1[N+](=O)[O-],,,,,,ZINCpr00000Cdd9x
,,O=C(CC1C[C@@H]2C[C@H]2C1)N[C@H]1CCC[C@H]1NC(=O)Cc1cnco1,,,,,,ZINCoo00000qoH6R
,,CC[C@@H](CNC(=O)[C@]1(C)CCCS1)NC(=O)Cc1ccc(Cl)nc1C,,,,,,ZINCpy00000elEZa
,,C/C=C/C[C@@H](NC(=O)C1=COCC1)C(=O)N[C@H]1CCC[C@H]1OC,,,,,,ZINCnk00001A1qMA
,,CCN(CCCNC(=O)[C@H]1CCS(=O)(=O)N1C)C(=O)C1(C2CC2)CC1,,,,,,ZINCpb00000VWdYd
,,CC(=O)N(C)CC(=O)NCc1cn2cc(C)cc(C)c2n1,,,,,,ZINClg00000JTeAg
,,COC(CN(C[C@H](C)C(F)(F)F)C(=O)CNC(=O)[C@@H]1C[C@H]1C)OC,,,,,,ZINCok00000K8QgN
,,C=CCC[C@@H](NC(=O)C1COCOC1)C(=O)N[C@H](C)C(C)(C)C,,,,,,ZINCnm00001A1qMS
,,CCCC[C@H](NC(=O)c1coc(CC)n1)C(=O)NOC[C@@H](C)O,,,,,,ZINCnf00001A1qME
,,COc1csc(C(=O)NCCCN(C(=O)CC(C)(C)OC)C(C)C)c1,,,,,,ZINCpz00000nGzhU
,,O=C(NCC1CC2(C1)CN(C(=O)COC1CCC1)C2)c1cc(Cl)cs1,,,,,,ZINCpz00000nGywe
,,COc1cc(C=CC(=O)NC[C@H]2C[C@@H]3CC[C@H](C2)N3)cc(OC)c1O,,,,,,ZINCpq00000Cdd9u
,,C#CC[C@H](NC(=O)C[C@H]1CCCN1C)C(=O)NCc1cccc(Cl)n1,,,,,,ZINCpj00000SHG5P
,,CCSCCCN(Cc1ncc(OC)cn1)C(=O)[C@@H]1C[C@@]1(F)Cl,,,,,,ZINCny00000EXkHp
,,COCC(C)(C)N(C)C(=O)[C@@H]1CCCN([C@@H](C)C(C)C)CC1,,,,,,ZINCmA00000b67lx
,,CCCC[C@H](CC)CC(=O)NC(C)(C)CNC(=O)CCCC(=O)OC,,,,,,ZINCpz00000nGzcC
,,CC1(C)[C@H](NC(=O)[C@H]2C[C@H]2C#N)[C@@H]1C(=O)NC1CC2(CCOC2)C1,,,,,,ZINCof000011Nvat
,,CSCCCNC(=O)[C@H](c1cc(C)co1)N1C[C@H](C)[C@@](C)(CO)C1,,,,,,ZINCou00000phfke
,,CC[C@@H](CNC(=O)[C@H]1CC(C)(C)CN1C)NC(=O)c1cccc(Br)c1,,,,,,ZINCpy00000elEfL
,,CSCCCNC(=O)[C@@H](c1ccc(C#N)s1)N(C)Cc1cocn1,,,,,,ZINCow00000phfk9
,,CC1(C)[C@@H](NC(=O)[C@H]2C[C@H]2F)C[C@@H]1CC(=O)NC[C@H]1CNC(=O)O1,,,,,,ZINCoa000011Nvau
,,CSc1nc(NC(=O)N[C@H](C)[C@@H]2CCCOC2)ncc1Br,,,,,,ZINCly00000ff5DB
,,CSc1nc(NC(=O)N[C@H](C)[C@@H]2CCCCO2)ncc1Br,,,,,,ZINClA00000ff5DA
,,C=CCC[C@@H](NC(=O)c1cnsc1C)C(=O)N1C[C@@H](O)C[C@H]1C,,,,,,ZINCnk00001A1qMq
,,CC1(C)[C@@H](NC(=O)[C@H]2C[C@@](C)(O)C2)C[C@H]1C(=O)N[C@]1(C)C[C@H](O)C1,,,,,,ZINCod000011Nvan
,,CC1(C)[C@H](NC(=O)[C@H]2CC[C@H](C)CC2)[C@@H]1C(=O)N1CC[C@@H]1C(N)=O,,,,,,ZINCog000011Nvaj
,,CCN(CCCNC(=O)[C@H]1C[C@H](O)C1)C(=O)c1cccc([S@@](C)=O)c1,,,,,,ZINCph00000VWdXK
,,CCC[C@H](NC(=O)C[C@@H]1CCCN1C(=O)Cc1ccns1)C(=O)OC,,,,,,ZINCpl00000SHG6d
,,CC(C)N1CC[C@@H](N(C)C(=O)NC[C@@H]2CCC3(CC3)CO2)C1,,,,,,ZINCmq00000bhTAt
,,CSc1nc(NC(=O)N[C@@H]2CCC[C@H]2N(C)C)ncc1Br,,,,,,ZINClv00000ff5Dx
,,CC(=O)NCCC(=O)NCC(=O)OCc1nc(C#N)cs1,,,,,,ZINCl500000JTeAz
,,CSCCCNC(=O)[C@H](c1ccc(C#N)cn1)N(C)[C@H]1CC[C@H]1C,,,,,,ZINCov00000phfk1
,,CCSCCCN(Cc1ncco1)C(=O)C[C@H]1COC[C@H](C)O1,,,,,,ZINCnt00000EXkHm
,,CCN(CCCNC(=O)[C@@H]1CCC(=O)N(C)C1)C(=O)c1n[nH]cc1F,,,,,,ZINCp900000VWdXu
,,CCOC1(CN=C(N[C@H](C)CC)N2CCO[C@@H](COC)C2)CCC1,,,,,,ZINCoq000005COKN
,,C=CCOCC(=O)NC[C@H](COC)NC(=O)[C@H]1C[C@@H](SC)C1,,,,,,ZINCmb00000Sz7Lx
,,CNS(=O)(=O)CC(=O)N[C@H]1CCN(S(=O)(=O)[C@H]2COC(C)(C)C2)C1,,,,,,ZINCo40000168Ftm
,,O=C(Nc1cnns1)N(C[C@@H]1CCCCS1)C[C@@H]1CCCCS1,,,,,,ZINCnJ00000CTFHF
,,C#CCOCC(=O)NC[C@H](COC)NC(=O)[C@@H]1CC[C@@H](F)C1,,,,,,ZINCm600000Sz7Lw
,,O=C(Nc1cnns1)N(C[C@@H]1CC[C@@H]2C[C@H]2C1)C[C@H]1CC1(F)F,,,,,,ZINCnE00000CTFHI
,,CC(C)[C@@H](NC(=O)C[C@H]1CCCN1C)C(=O)N[C@@H]1[C@H]2CCC(F)(F)[C@H]21,,,,,,ZINCpn00000SHG5X
,,CCN(CCCNC(=O)[C@H]1CCOC1(C)C)C(=O)[C@@H]1CCNC(=O)C1,,,,,,ZINCpc00000VWdY0
,,COCc1nc(CN(Cc2cnc(SC)n2C)C[C@H]2C[C@@H]2Cl)cs1,,,,,,ZINCoD00000tietC
,,C#CCOCC(=O)NC[C@H](COC)N=c1cc[nH]cc1C#N,,,,,,ZINCm700000Sz7Lr
,,CCOC1(CNC(=NCC(F)F)N(C)Cc2cnn(C)c2)CCC1,,,,,,ZINCoq000005COPL
,,C=CCC[C@@H](NC(=O)c1csc(CC)n1)C(=O)N1C[C@H](O)CO1,,,,,,ZINCnf00001A1qMZ
,,CC[C@@H](CNC(=O)[C@H]1OCC[C@H]1C)NC(=O)c1cc(C(F)(F)F)cs1,,,,,,ZINCpy00000elEPg
,,Cc1nc2c(F)ccc(F)c2n1CC[C@@H]1CCNC1=O,,,,,,ZINCkr00000fENRE
,,CC[C@@H](CNC(=O)[C@H]1CC2CC1C2)NC(=O)CCc1ccc(F)cc1,,,,,,ZINCpy00000elEkW
,,CNS(=O)(=O)CC(=O)N[C@H]1CCN(C(=O)[C@@H]2CCC[C@H]2OC)[C@H]1C,,,,,,ZINCo50000168Ftj
,,COC(CN(C[C@H](C)C(C)(F)F)C(=O)[C@@](C)(O)CCN(C)C)OC,,,,,,ZINCok00000K8QgH
,,CC[C@@H](CNC(=O)[C@H]1CCCCO1)NC(=O)Cc1ccc(C)cc1Br,,,,,,ZINCpy00000elEuo
,,CC[C@@H](CNC(=O)c1c(C)cc(C)nc1S)NC(=O)[C@@H]1CC12CCC2,,,,,,ZINCpy00000elFfT
,,CCN(CCCNC(=O)[C@@H]1CC(=O)N(O)C1)C(=O)[C@H](C(C)C)N(C)C,,,,,,ZINCp700000VWdY5
,,CCCOCC(=O)NC[C@@H](C)NS(=O)(=O)c1ccccc1C,,,,,,ZINCmi00000Sz7Le
,,CNS(=O)(=O)CC(=O)N[C@@H]1CCOC[C@@H]1C(=O)NC(C)(C)CSC,,,,,,ZINCo50000168Ftq
,,COc1ccc(CC(=O)OC[C@@H](O)CC2(C#N)CCOCC2)cc1C,,,,,,ZINCpr00000Cdd9I
,,COCCC(=O)NCC(C)(C)[C@@H]1CCCN1C(=O)CCCCC1CC1,,,,,,ZINCpB00000nGzfg
,,CSCCCNC(=O)[C@@H](c1ccc(C)o1)N(CCC#N)CCC#N,,,,,,ZINCow00000phfkf
,,CC(=O)NCCC(=O)NCC(=O)OCc1ccnnc1C,,,,,,ZINCl500000JTeAy
,,CC(C)n1cc([C@@H](C)NC(=O)NC[C@@]23CC[C@@H](CO2)C3)cn1,,,,,,ZINCmt00000bhTAm
,,COCc1nc(CN(Cc2cncs2)C[C@](C)(O)C2(C)CC2)cs1,,,,,,ZINCoC00000tietA
,,CCN(CCCNC(=O)[C@H]1NC(=O)C[C@H]1C(F)(F)F)C(=O)C=C1CC1,,,,,,ZINCph00000VWdYv
,,C=C(C)C[C@H](NC(=O)c1cnsc1C)C(=O)N[C@H]1CC[C@@H](O)C1,,,,,,ZINCnl00001A1qMr
,,CCN(CCCNC(=O)[C@@H]1C[C@H](F)C(=O)N1)C(=O)C(CC)(CC)OC,,,,,,ZINCpd00000VWdXH
,,O=C(CC1C[C@@H]2C[C@H]2C1)N[C@H]1C[C@@H]1NC(=O)c1c[nH]cc(Br)c1=O,,,,,,ZINCop00000qoH6X
,,CC(C)OCC(=O)NC[C@@H](C)N=c1[nH]c2cc(F)cnc2o1,,,,,,ZINCmn00000Sz7La
,,CCCOCC(=O)NC[C@@H](COC)N=c1ccc(C#N)c[nH]1,,,,,,ZINCmf00000Sz7Lp
,,CCSCCCN(Cc1ncco1)C(=O)CC1CN(C(C)=O)C1,,,,,,ZINCnq00000EXkHk
,,Cc1nc2c(F)ccc(F)c2n1CCC(=O)NC(C)C,,,,,,ZINCkv00000fENRF
,,CNS(=O)(=O)CC(=O)N[C@H]1CCOC[C@@H]1C(=O)NC[C@@H](CO)OC,,,,,,ZINCo30000168Ftr
,,CC(=O)NCCC(=O)NCC(=O)N(C)Cc1occc1Br,,,,,,ZINClc00000JTeAw
,,COC(CN(C[C@H](C)C(F)(F)F)C(=O)Cn1cc(C#N)cn1)OC,,,,,,ZINCok00000K8QgM
,,C[C@@H]1CCCC[C@@]1(C)C(=O)N[C@H]1C[C@](F)(CNC(=O)CC(C)(F)F)C1,,,,,,ZINCpD00000nGyCT
,,CCn1nnnc1[C@]1(NCCc2ccc(F)c(C)c2)CCC[C@H]1OC,,,,,,ZINCpt00000yMAl8
,,CSCCCNC(=O)[C@H](c1ccc(C#N)o1)N(C)C[C@H]1CC1(F)F,,,,,,ZINCow00000phfk7
,,CC[C@@H](CNC(=O)[C@H]1CCC2(CCC2)C1)NC(=O)c1nnsc1SC,,,,,,ZINCpy00000elErg
,,CCC[C@@H](NC(=O)C[C@@H]1CCCN1C(=O)c1nc(=N)cc[nH]1)C1CC1,,,,,,ZINCpn00000SHG6c
,,CCN(CCCNC(=O)[C@@H]1C[C@H]2CC[C@H]1C2)C(=O)Cn1cn[nH]c1=N,,,,,,ZINCpc00000VWdXB
,,CC(=O)NCCC(=O)NCCC(=O)Nc1ccc(N)cc1,,,,,,ZINCl800000JTeAn
,,COCc1nc(CN(Cc2cnco2)C[C@H](CC2CC2)OC)cs1,,,,,,ZINCoA00000tietw
,,C=CCN1CC[C@H](N2CC[C@@]34CCCC[C@]3(C2)C4(F)F)C1=O,,,,,,ZINCmw00000bhTAo
,,CC#CC[C@@H](NC(=O)c1csc(Cl)n1)C(=O)NC1(C)CC(O)C1,,,,,,ZINCnj00001A1qN2
,,C/C=C/C[C@@H](NC(=O)c1cnsn1)C(=O)N1CC[C@@H](O)[C@H]1CC,,,,,,ZINCnf00001A1qMx
,,COCC(C)(C)N(C)C(=O)[C@H]1CCCN([C@@H](C)C(C)(C)C)C1,,,,,,ZINCmA00000b67ly
,,CCSCCCN(Cc1ncc[nH]1)C(=O)C[C@H]1CCC[C@@H](O)C1,,,,,,ZINCny00000EXkHe
,,CC1(C)[C@H](NC(=O)[C@@H]2CCCC(=O)CC2)[C@@H]1C(=O)N[C@H]1C[C@H](O)C1,,,,,,ZINCof000011Nvac
,,C=C[C@@H](CCC)CC(=O)N1CCC[C@H]1[C@H](C)NC(=O)c1ccn(C)c1,,,,,,ZINCpB00000nGyAf
,,COC(CN(C[C@H](C)CCCO)C(=O)[C@H]1CCCN1C1CC1)OC,,,,,,ZINCok00000K8QgG
,,O=C(CC1C[C@H]2C[C@@H]2C1)NC[C@H](CO)NC(=O)Cc1cc(Cl)cs1,,,,,,ZINCop00000qoH6O
,,CCSCCCN(Cc1ncc([N+](=O)[O-])n1C)C(=O)/C=C/CF,,,,,,ZINCnt00000EXkHh
,,O=C(CC1C[C@H]2C[C@@H]2C1)N[C@H]1CCN(C(=O)C23CCC(CC2)O3)C1,,,,,,ZINCoo00000qoH6Z
,,CCCOCC(=O)NC[C@@H](C)NC(=O)[C@]1(C)CC[C@@H]2C[C@H]2C1,,,,,,ZINCmo00000Sz7Lc
,,C[C@@](O)(CN(C=O)Cc1ccn([C@@H]2CC2(F)F)n1)c1ccccc1Cl,,,,,,ZINCpz00000nGzgr
,,CC[C@H](C)CCCC(=O)NC[C@H](CC)NC(=O)c1c[nH]nc1C(C)C,,,,,,ZINCpD00000nGyqh
,,CCN(CCCNC(=O)[C@@H]1CCN(C(=O)NC)C1)C(=O)c1cn[nH]c1,,,,,,ZINCp600000VWdXX
,,CC(C)N1CC[C@H](N(C)C(=O)[C@H]2COCc3ccccc32)C1,,,,,,ZINCms00000bhTAs
,,CNS(=O)(=O)CC(=O)N[C@H]1CCN(C(=O)C[C@@H]2CC[C@H](O)C2)[C@H]1C,,,,,,ZINCo50000168Fti
,,C/C=C/C[C@H](NC(=O)c1cocn1)C(=O)N[C@H](CO)C(C)(C)C,,,,,,ZINCni00001A1qMN
,,CCN(CCCNC(=O)[C@@H]1COC2(CCC2)CO1)C(=O)/C=C\C(N)=O,,,,,,ZINCp500000VWdYm
,,O=C(CC1C[C@H]2C[C@@H]2C1)NC1CCN(C(=O)[C@H](O)CC2CC2)CC1,,,,,,ZINCom00000qoH6K
,,CCN(CCCNC(=O)[C@@H]1C[C@H](F)CN1C)C(=O)[C@H](C)C1(O)CCC1,,,,,,ZINCpf00000VWdXE
,,CC(=O)NCCC(=O)NCc1nc(C(=O)O)c(N)s1,,,,,,ZINCj500000JTeAi
,,CCN(CCCNC(=O)[C@@H]1C[C@H](F)CN1C)C(=O)C[C@@](C)(O)COC,,,,,,ZINCp700000VWdXD
,,Cc1ncc(C(=O)N[C@@H]2CCCN(C(=O)[C@@H]3CCCC3(F)F)CC2)s1,,,,,,ZINCpz00000nGynA
,,C#CCC[C@H](NC(=O)C1=COCC1)C(=O)N(C)C1CC2(CC2)C1,,,,,,ZINCnl00001A1qMz
,,CC(C)[C@H](NC(=O)C[C@H]1CCCN1C)C(=O)NC[C@](C)(O)C(C)(C)C,,,,,,ZINCpl00000SHG5S
,,CCN(CCCNC(=O)[C@H]1CCN(S(C)(=O)=O)C1)C(=O)c1cnn[nH]1,,,,,,ZINCp500000VWdXY
,,CC1=C[C@H](NC(=O)[C@H]2C=C[C@@H](NC(=O)[C@@H](C)S(C)(=O)=O)C2)CCC1,,,,,,ZINCog000011Nval
,,C#CC[C@@H](NC(=O)C[C@@H]1CCCN1C(=O)C=CCCC)C(=O)OCC,,,,,,ZINCpn00000SHG6j
,,CC#CC[C@@H](NC(=O)C1=COCCC1)C(=O)N1C[C@H](F)[C@H](F)C1,,,,,,ZINCng00001A1qMB
,,CCN(CCCNC(=O)[C@H]1COCCO1)C(=O)c1ccncc1OC,,,,,,ZINCpa00000VWdYs
,,O=C(CC1C[C@H]2C[C@@H]2C1)NCCN(C(=O)[C@@H](O)CC1CC1)C1CC1,,,,,,ZINCom00000qoH6Q
,,CCN(CCCNC(=O)[C@@H]1CC(=O)N(O)C1)C(=O)CSCC(F)(F)F,,,,,,ZINCpe00000VWdY8
,,CCN(CCCNC(=O)[C@H]1COC[C@@H](C)O1)C(=O)C1(CC#N)COC1,,,,,,ZINCp600000VWdYo
,,O=C(CC1C[C@H]2CC[C@H](C1)C2)NCCNC(=O)[C@@H](O)CC(F)(F)F,,,,,,ZINCon00000qoH6I
,,CC(=O)N[C@@](C)(C(=O)Nc1nnn2c1CCC2)C(C)C,,,,,,ZINCkd00000JTeAc
,,CC[C@@H](CNC(=O)[C@H]1C[C@H]1F)NC(=O)c1ccc(OC)c(C(C)C)c1,,,,,,ZINCpy00000elEMp
,,C=CCN1CC[C@H](N(CC(=O)OC(C)(C)C)C(C)(C)C)C1=O,,,,,,ZINCms00000bhTAu
,,CC(=O)NCCC(=O)NCC(=O)N[C@@H](C)c1ncsn1,,,,,,ZINCk500000JTeAx
,,CC(=O)N[C@@](C)(C(=O)NCC(C)(C)c1ncon1)C(C)C,,,,,,ZINClg00000JTeAm
,,CCOC1(CN2CC(=O)N(CCc3nc(C)oc3C)C2=O)CCC1,,,,,,ZINCoq000005COHF
,,CCC12CC(C(=O)NC3(CNC(=O)c4cc(Br)no4)CCCC3)(C1)C2,,,,,,ZINCpB00000nGyCu
,,CCCOCC(=O)N(C[C@@H](CO)C1CC1)C[C@@H]1CO[C@H](C)C1,,,,,,ZINCmm00000Sz7Ln
,,CC(C)[C@H](NC(=O)C[C@H]1CCCN1C)C(=O)NCC[C@H]1CCCN1C,,,,,,ZINCpi00000SHG5R
,,COc1cc(C=CC(=O)N[C@H](CO)[C@@H]2CC2(C)C)cc(OC)c1OC,,,,,,ZINCps00000Cdd9B
,,COCc1nc(CN(Cc2cn[nH]c2)C[C@H]2CC(C)(C)CO2)cs1,,,,,,ZINCoy00000tietG
,,COc1cc(C=CC(=O)NCCS(=O)(=O)CCCN=[N+]=[N-])ccc1F,,,,,,ZINCpq00000Cdd9w
,,CC[C@@H](CNC(=O)[C@H]1C[C@H]2C[C@@H](O)C[C@H](C2)C1)NC(=O)C(Br)=C(C)C,,,,,,ZINCpy00000elENf
,,C=C1C[C@@H]1C(=O)NCCC[C@@H](CCC)NC(=O)C=Cc1nc(C)cs1,,,,,,ZINCpC00000nGzcV
,,C=CCCCCC(=O)N1CC(NC(=O)C2=Cc3ccccc3[C@@H]2C)C1,,,,,,ZINCpC00000nGz4Y
,,CC(=O)NCCC(=O)NCc1nc2nc(C)cc(O)n2n1,,,,,,ZINCl500000JTeAh
,,CC[C@@H](CNC(=O)[C@H]1CC2CC1C2)NC(=O)c1cnn(C(C)C)c1Br,,,,,,ZINCpy00000elEls
,,C=CCC[C@@H](NC(=O)c1coc(SC)c1)C(=O)N1C[C@H](O)CO1,,,,,,ZINCni00001A1qMT
,,CCc1ccc([C@H](C)CC(=O)N2CCC(c3nnc(S)o3)CC2)cc1,,,,,,ZINCpI000001BENt
,,CC(C)C[C@@H](NC(=O)c1coc(CO)c1)C(=O)NC1CCCC1,,,,,,ZINCnp00001A1qMH
,,CCn1nnnc1C1(NCC2(SC)CC2)CCC2(CC1)OC[C@@H]1C[C@H]12,,,,,,ZINCpt00000yMAl7
,,CC[C@@H](CNC(=O)[C@H]1CC(C)=NO1)NC(=O)c1sccc1SC(F)F,,,,,,ZINCpy00000elEgM
,,CCn1nnnc1C1(NCCCc2nc(C)no2)CC([Si](C)(C)C)C1,,,,,,ZINCpt00000yMAla
,,CCN(CCCNC(=O)[C@H]1C[C@H](OC)C1)C(=O)c1cc(C(N)=O)co1,,,,,,ZINCpd00000VWdXL
,,C[C@@H]1C=C(C(=O)N2CCC[C@H](N(C)Cc3ccccc3)CC2)CC1,,,,,,ZINCoI00000gtF8l
,,CCN(CCCNC(=O)[C@H]1CCS1(=O)=O)C(=O)[C@H]1C[C@]1(F)C(=O)OC,,,,,,ZINCp500000VWdYc
,,CC(C)(C)[C@H](NC(=O)c1cocn1)C(=O)NCCC1CC(O)C1,,,,,,ZINCng00001A1qMK
,,CC(C)C[C@H](NC(=O)c1csc(Cl)n1)C(=O)N1C[C@H]2C[C@H]1CO2,,,,,,ZINCnp00001A1qN1
,,C=CCCC(=O)N1CC[C@]2(CCN(C(=O)[C@]34CCCC[C@H]3[C@@H]4Br)C2)C1,,,,,,ZINCpD00000nGyWK
,,CCc1ccc([C@H](C)NC(=O)[C@@H](C)N[C@H](CCOC)C(C)(C)C)cc1,,,,,,ZINCpI000001BEXe
,,C=C(C)C[C@@H](NC(=O)c1csc(Cl)n1)C(=O)NC[C@H]1C[C@@H](O)C1,,,,,,ZINCnn00001A1qN3
,,O=C(CC1C[C@H]2C[C@@H]2C1)N[C@@H]1CC[C@H]1CNC(=O)c1cnc(S)[nH]1,,,,,,ZINCon00000qoH6S
,,C#CC[C@@H](NC(=O)C[C@H]1CCCN1C(=O)CCCCC1CC1)C(N)=O,,,,,,ZINCpj00000SHG6i
,,CCCOCC(=O)NC[C@H](COC)NC(=O)[C@H]1C[C@@]1(C)CC,,,,,,ZINCmg00000Sz7Lv
,,CNS(=O)(=O)CC(=O)N[C@H]1CCN(C(=O)[C@@H]2[C@H]3CN(C)C[C@H]32)[C@H]1C,,,,,,ZINCo40000168Ftk
,,CCN(CCCNC(=O)[C@@H]1O[C@H]2CC[C@H]1C2)C(=O)CCNS(C)(=O)=O,,,,,,ZINCp500000VWdYy
,,CCN(CCCNC(=O)[C@@H]1[C@H]2CNC(=O)[C@H]21)C(=O)[C@H](CCO)N(C)C,,,,,,ZINCp400000VWdYf
,,CC(=CC(=O)NCCCCCNC(=O)c1cn(C(C)C)cn1)C(C)C,,,,,,ZINCpA00000nGyno
,,O=C(Nc1cnns1)N(C[C@@H]1CC[C@@H]2C[C@H]2C1)CC1(F)CCC1,,,,,,ZINCnH00000CTFHH
,,C=CCOCC(=O)NC[C@H](C)NS(=O)(=O)c1ccc(C)nc1,,,,,,ZINCm900000Sz7Lg
,,C=CCC[C@@H](NC(=O)C1COCOC1)C(=O)N1C[C@@H](O)C[C@@H]1C,,,,,,ZINCn600001A1qMP
,,CCN(CCCNC(=O)[C@@H]1C[C@H](O)CN1C)C(=O)C[C@@H]1C=CCCC1,,,,,,ZINCph00000VWdXR
,,CCN(CCCNC(=O)[C@@H]1OC2CCC1CC2)C(=O)[C@@H]1COCCO1,,,,,,ZINCpd00000VWdYw
,,CC(=O)NCCC(=O)Nc1nc2cc(F)cc(Br)c2n1C,,,,,,ZINClp00000JTeA9
,,CCSCCCN(Cc1nc(C)sc1C)C(=O)Cn1cncn1,,,,,,ZINCnv00000EXkHs
,,C#CC[C@@H](NC(=O)C[C@H]1CCCN1C(=O)C1CC(C)C1)C(=O)OCC,,,,,,ZINCpk00000SHG64
,,CC#CC[C@H](NC(=O)c1csc(C)n1)C(=O)N[C@]1(C)C[C@H](O)C1,,,,,,ZINCnf00001A1qN4
,,CCSCCCN(Cc1ncco1)C(=O)[C@@H]1[C@H]2CCCC(=O)[C@H]21,,,,,,ZINCnx00000EXkHn
,,COCc1nc(CN(Cc2cnco2)C[C@@H]2CCOC[C@@H]2C)cs1,,,,,,ZINCoz00000tietv
,,Cc1cc(COC(=O)[C@@]2(F)CCO[C@@H]2C)ccc1Br,,,,,,ZINCjD000003T2Hb
,,COC(CN(C[C@H](C)C(C)(F)F)C(=O)Cn1ccccc1=O)OC,,,,,,ZINCol00000K8QgI
,,CCN(CCCNC(=O)[C@@H]1CC(=O)N(C)C(=O)N1)C(=O)[C@@H]1C[C@H]1C#N,,,,,,ZINCp500000VWdY1
,,C[C@@H](CN(C)C(=O)C1(CF)CC1)NC(=O)c1ccc(C2CC2)c(F)c1,,,,,,ZINCpA00000nGz8j
,,CC#CC[C@H](NC(=O)c1cnsc1C)C(=O)N[C@H]1CC[C@@H](O)C1,,,,,,ZINCnf00001A1qMs
,,CCn1nnnc1[C@@]1(NCCCCOC(C)C)CO[C@H](C(F)(F)Br)C1,,,,,,ZINCpu00000yMAld
,,CC1=C[C@H](NC(=O)[C@@H]2CC[C@@H]2NC(=O)[C@H]2COCCN2C)CCC1,,,,,,ZINCoe000011Nvah
,,CCSCCCN(Cc1nc(CO)cs1)C(=O)C(C)(C)[C@@H](C)O,,,,,,ZINCnv00000EXkHq
,,CCSCCCN(Cc1ncco1)C(=O)CC1CC(N(C)C)C1,,,,,,ZINCny00000EXkHj
,,CC[C@@H](CNC(=O)c1c(C)ccc(Cl)c1F)NC(=O)[C@]1(C)CCOC1,,,,,,ZINCpy00000elFiL
,,C[C@@H]1CC(C)(C)N1C(=O)C[C@H]1CN(C(=O)OC(C)(C)C)C2(CC2)CO1,,,,,,ZINCpz00000nGyVh
,,O=C(CC1C[C@H]2C[C@@H]2C1)N[C@H]1CC[C@H](NC(=O)c2n[nH]cc2F)C1,,,,,,ZINCon00000qoH6U
,,CCN(CCCNC(=O)[C@H]1[C@@H](O)C(=O)N(C)[C@@H]1C)C(=O)C1CN(C)C1,,,,,,ZINCp400000VWdYg
,,CCN(CCCNC(=O)[C@H]1CC(=O)N(OC)C1)C(=O)Cc1cccs1,,,,,,ZINCpg00000VWdYa
,,CC[C@@H](CNC(=O)[C@](C)(F)CC1CCCC1)NC(=O)[C@H]1C[C@@H](C#N)C1,,,,,,ZINCpy00000elETx
,,CCN(CCCNC(=O)[C@@H]1CC(=O)N(OC)C1)C(=O)C(C)(C)COC,,,,,,ZINCpa00000VWdYb
,,O=C(CC1C[C@H]2C[C@@H]2C1)NC[C@H](CO)NC(=O)Cc1sccc1Cl,,,,,,ZINCop00000qoH6P
,,CCN(CCCNC(=O)[C@@H]1C[C@H](F)CN1C)C(=O)Cn1cnc(=N)[nH]1,,,,,,ZINCp500000VWdXF
,,CC(C)[C@H](NC(=O)C[C@@H]1CCCN1C(=O)CCc1cnn[nH]1)C1CC1,,,,,,ZINCpm00000SHG6h
,,CCN(CCCNC(=O)[C@H]1CS(=O)(=O)CCO1)C(=O)C1(F)CCCC1,,,,,,ZINCpa00000VWdYu
,,CC1=C[C@H](NC(=O)[C@@H]2CC[C@@H]2NC(=O)[C@@]2(CO)CCOC2)CCC1,,,,,,ZINCoe000011Nvag
,,CC[C@@H](CNC(=O)[C@H]1CC[C@@H](C)O1)NC(=O)c1cc(Cl)c(O)c(Cl)c1,,,,,,ZINCpy00000elEBo
,,CC(C)(C)[C@@H](NC(=O)c1cnns1)C(=O)NC[C@H]1C[C@H](C#N)C1,,,,,,ZINCnj00001A1qMn
,,CC1=C[C@@H](NC(=O)[C@H]2CC[C@H]2NC(=O)c2cc(CO)[nH]n2)CCC1,,,,,,ZINCog000011Nvaf
,,CCN(CCCNC(=O)[C@H]1C[C@H]1C(=O)OC)C(=O)C12CC(F)(CO1)C2,,,,,,ZINCpa00000VWdXx
,,C/C=C/C[C@H](NC(=O)c1coc(C(N)=O)c1)C(=O)N[C@@H](C)CF,,,,,,ZINCnf00001A1qMG
,,CNS(=O)(=O)CC(=O)N[C@H]1CCN(C(=O)/C(C)=C/CO)C[C@H]1CO,,,,,,ZINCo30000168Fth
,,CNS(=O)(=O)CC(=O)N[C@H]1[C@@H]2C[C@H]1N(C(=O)C=C1CCN(C)C1)C2,,,,,,ZINCo40000168Ftz
,,CCC[C@H](NC(=O)C[C@H]1CCCN1C)C(=O)Nc1cnc(O)cc1C,,,,,,ZINCpo00000SHG5O
,,COC(CN(C[C@@H](C)C1CCCC1)C(=O)[C@@H]([C@@H](C)O)N(C)C)OC,,,,,,ZINCol00000K8QgA
,,CC(C)N1CC[C@H](CNC(=O)N2C[C@H]3[C@H]4CC[C@H](C4)[C@H]3C2)C1,,,,,,ZINCmu00000bhTAl
,,CCN(CCCNC(=O)[C@@H]1C[C@@H]1F)C(=O)COc1c(C)ncnc1C,,,,,,ZINCph00000VWdXz
,,Cc1nc2c(F)ccc(F)c2n1CCCCS(C)(=O)=O,,,,,,ZINCku00000fENRD
,,CCCOCC(=O)NC[C@H](C)NS(=O)(=O)c1ccccc1Cl,,,,,,ZINCml00000Sz7Lf
,,CC(C)C[C@@H](NC(=O)C1CSC1)C(=O)NC[C@@H]1COC[C@@H](C)O1,,,,,,ZINCne00001A1qMW
,,CCN(CCCNC(=O)[C@H]1C[C@@H](N(C)C)C1)C(=O)[C@@H](COC)N(C)C,,,,,,ZINCp800000VWdXJ
,,CC(=O)N(C)CC(=O)NCc1onc(C)c1Cl,,,,,,ZINChd00000JTeAj
,,CSCCCNC(=O)[C@H](c1ccc(C#N)nc1)N1CCC=C(F)C1,,,,,,ZINCou00000phfk6
,,O=C(CC1C[C@H]2C[C@@H]2C1)NC1CC(NC(=O)C23CCC(CC2)O3)C1,,,,,,ZINCoo00000qoH6J
,,Cc1cc(COC(=O)c2ccc(C#N)c(Cl)n2)cs1,,,,,,ZINCjD000003T2Jh
,,COCc1nc(CN(CC2(CN=[N+]=[N-])CC2)C(=O)[C@H]2C[C@H]2Cl)cs1,,,,,,ZINCoD00000tietH
,,C=C(C)C[C@@H](NC(=O)c1cnsc1C)C(=O)N1C[C@@H](O)C[C@H]1C,,,,,,ZINCnk00001A1qMp
,,C=CC[C@@H](NC(=O)C[C@H]1CCCN1C)C(=O)N[C@@H]1COCC(C)(C)C1,,,,,,ZINCpk00000SHG5Y
,,CCOC1(CNC(=NC)N2CCC[C@H](OCCOC)C2)CCCC1,,,,,,ZINCoq000005COLz
,,CSCCCNC(=O)[C@H](c1cccc(N(C)C)c1)N1C[C@@H]2C[C@H]2C1,,,,,,ZINCow00000phfjZ
,,C/C=C/C[C@@H](NC(=O)c1cnsc1C)C(=O)N[C@@H]1COC[C@H]1F,,,,,,ZINCnj00001A1qMt
,,CCN(CCCNC(=O)[C@H]1C[C@H](OC)C1)C(=O)[C@@H](OC)[C@H]1CCCO1,,,,,,ZINCpf00000VWdXO
,,CCOC1(CNC(=NC)NCc2cn3cccc(F)c3n2)CCC1,,,,,,ZINCoq000005COOl
,,C#CC[C@@H](NC(=O)C[C@H]1CCCN1C)C(=O)N[C@H](CC=C)CC(F)F,,,,,,ZINCpm00000SHG60
,,CCn1nnnc1C1(NCCC(Cl)Cl)CCN(c2cccnc2)CC1,,,,,,ZINCpt00000yMAlc
,,CCCC[C@@H](NC(=O)c1cscc1C)C(=O)N[C@H]1COC(=O)C1,,,,,,ZINCnn00001A1qMY
,,COC(CN(C[C@@H](C)C(F)(F)F)C(=O)C(C)(C)c1nn[nH]n1)OC,,,,,,ZINCoh00000K8QgK
,,COC1CC(CCC(=O)N[C@H](c2ccccc2)C2(O)CCNCC2)C1,,,,,,ZINCpr00000Cdd9y
,,COc1cccc(CONC(=N)[C@H]2C[C@@H](NC(=O)OC(C)(C)C)C2)n1,,,,,,ZINCpr00000Cdd9C
,,CCN(CCCNC(=O)[C@H]1C[C@H](OC)C1)C(=O)C[C@@H]1CC(=O)NC1=O,,,,,,ZINCp500000VWdXN
,,CC(=O)NCCC(=O)NC[C@H]1C[C@](O)(c2ccccc2)C1,,,,,,ZINClf00000JTeAr
,,CCN(CCCNC(=O)[C@@H]1C[C@@H](F)C(=O)N1C)C(=O)CCCN(C)C,,,,,,ZINCp800000VWdXG
,,CSCCCNC(=O)[C@H](c1ccc(C#N)s1)N1C[C@@H](C)OC[C@@H]1C,,,,,,ZINCow00000phfk8
,,CCCOCC(=O)NC[C@@H](C)NS(=O)(=O)C[C@@H](C)C(F)(F)F,,,,,,ZINCmg00000Sz7Lm
,,CC(=O)NCCC(=O)N[C@@H]1Cc2n[nH]cc2C[C@@H]1C,,,,,,ZINCj700000JTeAC
,,CCSCCCN(Cc1ncco1)C(=O)[C@]1(C)CC(=O)N(C)C1,,,,,,ZINCnq00000EXkHi
,,C/C=C/C[C@H](NC(=O)c1cnsc1C)C(=O)N[C@H](CC)C(N)=O,,,,,,ZINCne00001A1qMu
,,COc1cc(CCC(=O)OC[C@@H](O)C[C@H](O)c2ccccc2)ccn1,,,,,,ZINCpq00000Cdd9J
,,CSCCCNC(=O)[C@H](c1ccc(C)nn1)N1C[C@@H](C)C[C@@H](C)C1,,,,,,ZINCow00000phfk4
,,CCN(CCCNC(=O)[C@@H]1CNC(=O)C1)C(=O)[C@@H](CN(C)C)C(C)C,,,,,,ZINCp900000VWdYl
,,CC(C)CC(=O)N1CCC[C@H]1[C@@H](C)NC(=O)c1c(F)ccc(F)c1F,,,,,,ZINCpC00000nGyw5
,,C=CCOCC(=O)NC[C@H](COC)NC(=O)C1CCSCC1,,,,,,ZINCmb00000Sz7Lu
,,CCC[C@@H](NC(=O)C[C@H]1CCCN1C)C(=O)NC[C@@H](CO)[C@@H](C)CC,,,,,,ZINCpl00000SHG5V
,,CCC[C@H](NC(=O)C[C@@H]1CCCN1C(=O)Cc1ccsc1C)C(N)=O,,,,,,ZINCpn00000SHG6e
,,CNS(=O)(=O)CC(=O)N[C@H]1CCO[C@H](C(=O)N[C@H]2CCC[C@H]2C)C1,,,,,,ZINCo50000168Ftv
,,CNS(=O)(=O)CC(=O)N[C@@H]1CCO[C@H](C(=O)NC[C@@H]2CC[C@H]2C)C1,,,,,,ZINCo50000168Ftt
,,CC#CC[C@H](NC(=O)c1cocc1C)C(=O)N1C[C@H](F)[C@H](F)C1,,,,,,ZINCnm00001A1qMy
,,CCSCCCN(Cc1ncc[nH]1)C[C@@H]1C[C@H](OC)O[C@@H]1OC,,,,,,ZINCnt00000EXkHd
,,CCN(CCCNC(=O)[C@H]1COC[C@@H](C)O1)C(=O)C1(C(=O)OC)CC1,,,,,,ZINCp600000VWdYp
,,O=C(CC1C[C@H]2C[C@@H]2C1)N[C@H]1C[C@@H]1NC(=O)c1cn2ccnc2s1,,,,,,ZINCoo00000qoH6W
,,COC(CN(C[C@H](C)C(F)(F)F)C(=O)[C@H](C)[C@@H]1CCC(=O)N1)OC,,,,,,ZINCol00000K8QgL
,,CCSCCCN(Cc1ncc[nH]1)C(=O)[C@@H](O)C1CCCCC1,,,,,,ZINCny00000EXkHg
,,CCCC[C@H](NC(=O)c1conc1C)C(=O)N1C[C@H]2C[C@H]1CO2,,,,,,ZINCni00001A1qMU
,,COCc1nc(CN(Cc2cnc(SC)n2C)C[C@@H]2C[C@H]2Cl)cs1,,,,,,ZINCoD00000tietB
,,CC1(C)[C@H](NC(=O)[C@H]2C[C@H]2C#N)[C@@H]1C(=O)N1CC2(CC2)C[C@H]1CO,,,,,,ZINCoc000011Nvas
,,C#CC[C@@H](NC(=O)C[C@H]1CCCN1C(=O)C1CC(=C)C1)C(=O)OCC,,,,,,ZINCpk00000SHG63
,,CC[C@@H](CNC(=O)[C@]12C[C@H]1CCC2(F)F)NC(=O)c1cc(Br)n(C)c1,,,,,,ZINCpy00000elF50
,,CSCCCNC(=O)[C@H](c1ccc(C)nn1)N1C[C@H](C)[C@H](C)[C@H]1C,,,,,,ZINCow00000phfk5
,,C[C@@H]1C=C(C(=O)N2CC[C@](C)(CCNC(=O)c3csc(Cl)c3)C2)C1,,,,,,ZINCoH00000gtF8g
,,CC(C)[C@@H](NC(=O)C[C@@H]1CCCN1C(=O)c1ccon1)c1nc[nH]n1,,,,,,ZINCpj00000SHG69
,,CCCOCC(=O)NC[C@@H](C)NS(=O)(=O)CC[C@@H]1CCOC1,,,,,,ZINCm800000Sz7Lj
,,CNS(=O)(=O)CC(=O)N[C@H]1CCO[C@H]1C(=O)N[C@@H]1CCCC[C@H]1C,,,,,,ZINCo50000168Fts
,,CCSCCCN(Cc1ncco1)C(=O)Cn1ccccc1=O,,,,,,ZINCnq00000EXkHo
,,CC1(C)[C@H](NC(=O)[C@H]2C[C@](C)(F)C2)C[C@H]1C(=O)N[C@H]1COC[C@@H]1O,,,,,,ZINCob000011Nvad
,,CC(=O)NCCC(=O)NCC(=O)c1sccc1Br,,,,,,ZINCij00000JTeAt
,,CNS(=O)(=O)CC(=O)N[C@H]1CCOC[C@@H]1C(=O)N1C[C@@H](F)C[C@H]1C,,,,,,ZINCo50000168Fto
,,CCN(CCCNC(=O)[C@@H]1O[C@H]2CC[C@H]1C2)C(=O)C(COC)COC,,,,,,ZINCpe00000VWdYz
,,CC1(C)[C@H](NC(=O)[C@H]2CCC(=O)NC2)[C@@H]1C(=O)N[C@@H]1CCC[C@H]1F,,,,,,ZINCoc000011Nvap
,,CNS(=O)(=O)CC(=O)N[C@H]1CCN(c2ncc(C(F)(F)F)cn2)C1,,,,,,ZINCo50000168Ftf
,,C=CCN1CC[C@H](NC2(c3ccc(Br)cc3C)COC2)C1=O,,,,,,ZINCmt00000bhTAp
,,CC[C@@H](CNC(=O)[C@]1(F)C[C@H]1C)NC(=O)c1ccc(Cl)c(OC)c1F,,,,,,ZINCpy00000elF30
,,C/C=C/C[C@H](NC(=O)c1cnns1)C(=O)N1CCOC[C@@H]1CC,,,,,,ZINCni00001A1qMm
,,O=C(CC1C[C@H]2C[C@@H]2C1)N[C@H]1C[C@H]1NC(=O)c1ccccc1CO,,,,,,ZINCom00000qoH6V
,,COCCSCC(=O)N[C@H](CCNC(=O)CC/C=C/C(C)C)C(C)C,,,,,,ZINCpA00000nGymw
,,Cc1cc(COC(=O)c2cc(C(C)C)oc2C)no1,,,,,,ZINCjD000003T2Iy
,,CC1(C)[C@@H](NC(=O)[C@@H]2CCCO2)C[C@H]1C(=O)NC[C@](C)(O)C(F)F,,,,,,ZINCoe000011Nvam
,,CC(=O)NCCC(=O)NCCC(=O)Nc1nnc(O)s1,,,,,,ZINCk400000JTeAo
,,O=C(CC1C[C@H]2C[C@@H]2C1)NC[C@@H](CO)NC(=O)CC1CCCCC1,,,,,,ZINCop00000qoH6N
,,CCN(CCCNC(=O)[C@@H]1CN2CCC1(C)CC2)C(=O)C(=O)N(C)C,,,,,,ZINCp700000VWdYh
,,CC(C)N1CC[C@@H](N(C)C(=O)[C@@H]2CCc3n[nH]cc3[C@@H]2C)C1,,,,,,ZINCmq00000bhTAr
,,COC(CN(C[C@H](C)CCCO)C(=O)[C@H]1CC(C2CC2)=NO1)OC,,,,,,ZINCoj00000K8QgF
,,C=CCOCC(=O)NC[C@@H](C)NS(=O)(=O)c1cncc(Cl)c1,,,,,,ZINCmd00000Sz7Lh
,,CCN(CCCNC(=O)[C@@H]1CC(=O)N(O)C1)C(=O)[C@@H](F)n1cccn1,,,,,,ZINCp500000VWdY6
,,CCOC1(CN2CC(=O)N(CCc3c(C)noc3C)C2=O)CCC1,,,,,,ZINCoq000005COHE
,,CCC[C@H](NC(=O)C[C@@H]1CCCN1C(=O)C[C@@](C)(O)COC)C1CC1,,,,,,ZINCpo00000SHG6l
,,C#CCC[C@H](NC(=O)c1cnsc1)C(=O)NCC1CC(OC)C1,,,,,,ZINCnh00001A1qMv
,,CC(=O)NCCC(=O)N[C@H]1CCc2ncnn2C1,,,,,,ZINCi500000JTeAD
,,CCSCCCN(Cc1nccnc1OC)C(=O)c1nccs1,,,,,,ZINCnx00000EXkH9
,,CNS(=O)(=O)CC(=O)N[C@@H]1CCN(S(=O)(=O)[C@H](C)CC(=O)OC)C1,,,,,,ZINCo40000168Ftn
,,CSCCCNC(=O)[C@@H](c1ccc(C)o1)N1CCC[C@H](CO)[C@@H]1C,,,,,,ZINCov00000phfkb
,,COCC(C)(C)N(C)C(=O)[C@H]1CCCN([C@H](C)C(C)C)CC1,,,,,,ZINCmA00000b67lz
,,CCN(CCCNC(=O)[C@@H]1CNC(=O)C1)C(=O)[C@H](CC(C)(C)C)OC,,,,,,ZINCpf00000VWdYk
,,CC(=O)NCCC(=O)NCC(C)(C)c1cc(C)n(C)n1,,,,,,ZINCkc00000JTeAl
,,COC(CN(C[C@H](C)CCCC(C)C)C(=O)CCS(N)(=O)=O)OC,,,,,,ZINCol00000K8QgB
,,CCN(CCCNC(=O)[C@@H]1COC[C@H]1C(F)F)C(=O)[C@@H]1CCNC1=O,,,,,,ZINCp600000VWdYn
,,CNS(=O)(=O)CC(=O)N[C@@H]1CCN(c2nccnc2F)C[C@H]1CO,,,,,,ZINCo40000168Ftg
,,CCOC1(CN=C(N[C@@H](C)COC)N2C[C@@H]3[C@@H](CF)[C@@H]3C2)CCC1,,,,,,ZINCoq000005COKB
,,CNS(=O)(=O)CC(=O)N[C@@H]1CCO[C@H](C(=O)NC[C@@H](O)C2CC2)C1,,,,,,ZINCo40000168Ftu
,,Cc1nc2c(F)ccc(F)c2n1C[C@H]1C[C@H]2C=C[C@@H]1C2,,,,,,ZINCkI00000fENRG
,,CC(=O)NCCC(=O)NCC(=O)N1CC(O)(C#CBr)C1,,,,,,ZINCk400000JTeAu
,,CCCC[C@H](NC(=O)C1COCOC1)C(=O)N[C@H]1C[C@@H](CO)C1,,,,,,ZINCn700001A1qMR
,,CC[C@@H](CNC(=O)[C@](C)(CC)OC)NC(=O)c1cc(C)c(C)c(F)c1,,,,,,ZINCpy00000elESI
,,CC[C@@H](CNC(=O)[C@]1(C)CC(C)=NO1)NC(=O)c1sc(C)c(C)c1C,,,,,,ZINCpy00000elEW1
,,COC(CN(C[C@@H](C)Cn1cccn1)C(=O)[C@@H](O)C(C)(C)C)OC,,,,,,ZINCoj00000K8QgP
,,CCN(CCCNC(=O)[C@@H]1CC(=O)NC(=O)N1)C(=O)[C@H]1C[C@H](OC)C1,,,,,,ZINCp500000VWdY2
,,CCSCCCN(Cc1nc(C)n(C)n1)C(=O)c1[nH]ccc1F,,,,,,ZINCnt00000EXkHc
,,CSCCCNC(=O)[C@@H](c1ccc(C)nn1)N1CC[C@H]2CCC[C@H]21,,,,,,ZINCov00000phfk2
,,CCN(CCCNC(=O)[C@H]1C[C@H](F)C1)C(=O)[C@@H]1COCCN1C(C)=O,,,,,,ZINCp900000VWdXC
,,CCC[C@H](NC(=O)C[C@H]1CCCN1C(=O)c1cc(Cl)no1)C(=O)NC,,,,,,ZINCpj00000SHG66
,,CC[C@@H](CNC(=O)[C@]1(C)CCCC1(F)F)NC(=O)c1ncccc1C,,,,,,ZINCpy00000elEXV
,,CCC[C@@H](NC(=O)C[C@H]1CCCN1C(=O)CCNC(C)=O)C1CCC1,,,,,,ZINCpp00000SHG6m
,,Cc1nc2c(F)cc(-c3c[nH]c(=N)cc3CO)cc2o1,,,,,,ZINCku00000fENRx
,,O=C(Nc1cnns1)N(C[C@H]1CCCSCC1)C[C@H]1CCSC1,,,,,,ZINCnG00000CTFHM
,,CC1(C)[C@@H](NC(=O)[C@@H]2CCCS2)C[C@H]1C(=O)NC[C@@](C)(O)CCO,,,,,,ZINCoc000011Nvar
,,CSc1nc(NC(=O)N[C@@H](C)c2cnc(C)s2)ncc1Br,,,,,,ZINClG00000ff5Dz
,,C=CCOCC(=O)NC[C@H](COC)N=c1ccnc(CC)[nH]1,,,,,,ZINCmd00000Sz7Lq
,,CCCC[C@H](NC(=O)C1CSC1)C(=O)N[C@@H](COC)C1(C)CC1,,,,,,ZINCnp00001A1qMX
,,CCN(CCCNC(=O)[C@@H]1CC(=O)N(OC)C1)C(=O)c1occc1F,,,,,,ZINCpd00000VWdY9
,,CCN(CCCNC(=O)[C@@H]1C[C@H](O)CN1C)C(=O)CN1CC[C@H](C)C1,,,,,,ZINCp500000VWdXS
,,COc1cccc(C(=O)O)c1SCCC(=O)N1CCC(C(=O)O)CC1,,,,,,ZINCpr00000Cdd9E
,,CNS(=O)(=O)CC(=O)N[C@@H]1CCO[C@H](C(=O)N(OC)C2CCC2)C1,,,,,,ZINCo50000168Ftx
,,CC(=O)NCCC(=O)NCCC(=O)OCc1nnn(C)n1,,,,,,ZINCl400000JTeAq
,,C=CCC[C@H](NC(=O)c1coc(C)c1)C(=O)N[C@H]1CCC[C@@H]1O,,,,,,ZINCnm00001A1qMD
,,CNS(=O)(=O)CC(=O)N[C@H]1CCOC[C@@H]1C(=O)N[C@]1(C)C[C@H](O)C1,,,,,,ZINCo40000168Ftp
,,Cc1cc(C(=O)N2CCC(C)(C)[C@H](NC(=O)C3CC(Cl)(Cl)C3)C2)ns1,,,,,,ZINCpD00000nGyR1
,,CCN(CCCNC(=O)[C@H]1CN(C)C(=O)CCO1)C(=O)[C@@H](C)C(C)C,,,,,,ZINCpe00000VWdYj
,,C=C(C)CC(=O)NCCN(C)C(=O)COc1ccccc1[C@H](C)CC,,,,,,ZINCpB00000nGyOE
,,C=CCOCC(=O)NC[C@@H](COC)NC(=O)C1CC(SC)C1,,,,,,ZINCmb00000Sz7Lt
,,CC(C)OCC(=O)NC[C@@H](C)NS(=O)(=O)CCc1cnoc1,,,,,,ZINCm600000Sz7Li
,,CCC[C@@H](NC(=O)C[C@H]1CCCN1C)C(=O)N[C@@H](C)[C@H]1CCC[C@H]1O,,,,,,ZINCpk00000SHG61
,,CCCC[C@@H](CNC(=O)c1nnsc1SC)NC(=O)CSC(C)(C)C,,,,,,ZINCpB00000nGyjl
,,CCc1ccc([C@H](C)C(=O)Nc2c(C(N)=O)oc3ccccc23)cc1,,,,,,ZINCpI000001BELS
,,CCN(CCCNC(=O)[C@@H]1C[C@H](F)C(=O)N1)C(=O)[C@H]1C[C@@H](N(C)C)C1,,,,,,ZINCp500000VWdXI
,,CNS(=O)(=O)CC(=O)N[C@H]1CCO[C@@H](C(=O)N[C@H](C)C(C)(C)O)C1,,,,,,ZINCo40000168Ftw
,,O=C(CC1C[C@H]2C[C@@H]2C1)NC[C@H]1CN(C(=O)CCC(F)F)CCO1,,,,,,ZINCoo00000qoH6M
,,CCN(CCCNC(=O)[C@H]1COCCN1CC)C(=O)[C@@H](O)CN(C)C,,,,,,ZINCp400000VWdYr
,,CCN(CCCNC(=O)[C@@H]1CCCOC1)C(=O)Cc1nnc(S)n1C,,,,,,ZINCpa00000VWdXt
,,COc1cccc(C(=O)NNC(=O)CCc2ccc(F)c(C#N)c2)c1,,,,,,ZINCpr00000Cdd9D
,,CC[C@@H](CNC(=O)[C@H]1C[C@@H]1c1cccnc1)NC(=O)c1ccc(Br)o1,,,,,,ZINCpy00000elEIs
,,CCN(CCCNC(=O)[C@@H]1CCN(S(C)(=O)=O)C1)C(=O)C=C[S@](C)=O,,,,,,ZINCp500000VWdXZ
,,CCCC[C@@H](NC(=O)C1CSC1)C(=O)N1CC[C@@H](C(C)(C)O)C1,,,,,,ZINCnm00001A1qMV
,,CCN(CCCNC(=O)[C@@H]1CC(=O)N(O)C1)C(=O)c1cnc(S)nc1,,,,,,ZINCp500000VWdY3
,,CCOC1(CNC(=NCCC(C)=O)N[C@H]2CCOC2)CCCCC1,,,,,,ZINCoq000005CORB
,,CCOC1(CN2CCC(=O)N(CC34CC3(C)C4)C2=O)CCOCC1,,,,,,ZINCoq000005COIn
,,CCN(CCCNC(=O)[C@H]1C[C@@H](S(C)(=O)=O)C1)C(=O)[C@H](F)C(C)(C)O,,,,,,ZINCp800000VWdXV
,,CC1(C)[C@H](NC(=O)[C@H]2CCCC(=O)C2)[C@@H]1C(=O)N[C@]1(C)C[C@@H](O)C1,,,,,,ZINCof000011Nvab
,,CCN(CCCNC(=O)[C@H]1C[C@@H]1F)C(=O)c1nccc2c1CNC2=O,,,,,,ZINCpc00000VWdXy
,,C#CCOCC(=O)NC[C@@H](C)Nc1ncnc(C(C)C)c1Cl,,,,,,ZINCmo00000Sz7L9
,,C=CCC[C@@H](NC(=O)c1cnns1)C(=O)N(C)[C@H]1C[C@@H](OC)C1,,,,,,ZINCni00001A1qMo
,,CC(=O)NCCC(=O)NCCC(=O)NCc1cnco1,,,,,,ZINCk500000JTeAp
,,COCc1nc(CN(Cc2cnn(C)c2)CC(C)(C)C(F)F)cs1,,,,,,ZINCoD00000tietF
,,CCOC1(CNC(=NC)NC[C@](C)(CO)c2ccccc2)CCC1,,,,,,ZINCoq000005CONP
,,CNS(=O)(=O)CC(=O)N[C@H]1[C@@H]2C[C@H]1N(C(=O)c1ccc(CO)s1)C2,,,,,,ZINCo50000168Fty
,,C=CCOCC(=O)NC[C@@H](C)NC(=O)[C@]12CC[C@@H](OC)[C@@H]1C2,,,,,,ZINCmc00000Sz7Lb
,,CCN(CCCNC(=O)[C@@H]1C[C@H]1[N+](=O)[O-])C(=O)C12CCN(CC1)CC2,,,,,,ZINCpa00000VWdXA
,,CCSCCCN(Cc1ncco1)C(=O)CCCCC(=O)OC,,,,,,ZINCny00000EXkHl
,,CC1(C)[C@H](NC(=O)[C@@H]2CCC(=O)O2)[C@@H]1C(=O)NC[C@H]1C[C@H](C#N)C1,,,,,,ZINCoa000011Nvaq
,,CCN(CCCNC(=O)[C@@H]1CC(=O)N(O)C1)C(=O)COCC(=O)OC,,,,,,ZINCp400000VWdY7
,,CSCCCNC(=O)[C@@H](c1cc(C)co1)N1CC[C@H](CCCO)C1,,,,,,ZINCov00000phfkc
,,COCc1nc(CN(Cc2cnn(C)c2Br)C[C@@H]2CCCO2)cs1,,,,,,ZINCoz00000tietE
,,CC1=C[C@H](NC(=O)[C@H]2CC[C@H]2NC(=O)[C@@]23C[C@@H]2CNC3=O)CCC1,,,,,,ZINCoc000011Nvae
,,CCc1ccc([C@H](CC(C)C)N2CCC[C@@H](c3nnc(O)o3)C2)cc1,,,,,,ZINCpI000001BF1R
,,CC1(C[C@@H](NC(=O)[C@H]2CC[C@@H](C(=O)N3CCCC3)O2)C(=O)O)CC1,,,,,,ZINCof000011Nvak
,,CCC[C@H](NC(=O)C[C@@H]1CCCN1C(=O)Cc1cnnn1C)C1CC1,,,,,,ZINCpk00000SHG6f
,,COc1cccc(C(=O)O)c1SCC(=O)Nc1cccc(C(N)=O)c1,,,,,,ZINCps00000Cdd9F
,,CSc1nc(=NC(=O)NC[C@H]2CCO[C@@H]2C(F)(F)F)s[nH]1,,,,,,ZINClt00000ff5Dv
,,CSCCCNC(=O)[C@H](c1cc(C)co1)N(C)[C@H]1C[C@H](O)C1(C)C,,,,,,ZINCov00000phfkg
,,CC[C@@H](CNC(=O)[C@H]1C[C@@H]1c1ccncc1)NC(=O)C(C)(C)C(C)C,,,,,,ZINCpy00000elEIA
,,C[C@H]1C=C(C(=O)N2CCC[C@H]2C(C)(C)NC(=O)c2cc(Cl)cs2)C1,,,,,,ZINCoI00000gtF8k
,,COCc1nc(CN(Cc2cnco2)C[C@]2(O)CC[C@H](C)C2)cs1,,,,,,ZINCoy00000tietu
,,C#CC[C@H](NC(=O)C[C@H]1CCCN1C(=O)C1CC=CC1)C(=O)OCC,,,,,,ZINCpk00000SHG65
,,CSc1nc(NC(=O)NC[C@@H]2CCOC[C@@H]2C)ncc1Br,,,,,,ZINClx00000ff5Du
,,CCN(CCCNC(=O)[C@@H]1OC2CCC1CC2)C(=O)Cn1cncn1,,,,,,ZINCpb00000VWdYx
,,O=C(Nc1cnns1)N(C[C@H]1CCCSC1)C[C@H]1CCC1(F)F,,,,,,ZINCnF00000CTFHK
,,CSc1nc(NC(=O)NC[C@](C)(F)C(F)(F)F)ncc1Br,,,,,,ZINClD00000ff5Ds
,,CC[C@@H](CNC(=O)[C@H]1C(C)(C)C1(F)F)NC(=O)c1cc(Cl)ccc1N,,,,,,ZINCpy00000elEbF
,,CSCCCNC(=O)[C@@H](c1ccc(C)nn1)N1CCC(SC)CC1,,,,,,ZINCov00000phfk3
,,Cc1nc2c(F)cccc2cc1NC(=O)N(C)CCCl,,,,,,ZINCkD00000fENRB
,,CC[C@@H](CNC(=O)c1c(Br)ccnc1OC)NC(=O)C[C@@H]1C=CCC1,,,,,,ZINCpy00000elFaA
,,COCc1nc(CN(Cc2cnco2)C[C@H](O)CCC2CC2)cs1,,,,,,ZINCoy00000tiety
,,Cc1cc(COC(=O)c2ccc([C@H](C)F)cc2)no1,,,,,,ZINCjD000003T2JH
,,CC(=O)N[C@@](C)(C(=O)NCC(=O)c1ncnn1C)C(C)C,,,,,,ZINCl500000JTeAs
,,CSc1nc(NC(=O)N[C@@H]2CCC=CCCC2)ncc1Br,,,,,,ZINClJ00000ff5Dw
,,CC(=O)N(C)CC(=O)Nc1cnccc1-n1ccnc1,,,,,,ZINCkc00000JTeA8
,,CCOC1(CNC(=NC)NC[C@]2(OC)CCCOC2)CCCCC1,,,,,,ZINCoq000005CONU
,,CCOC1(CNC(=NC)NCCc2ccc3c(c2)OCO3)CCC1,,,,,,ZINCoq000005COMQ
,,CC(=O)NCCC(=O)NCC(=O)OCCn1cc(Br)cn1,,,,,,ZINCl500000JTeAA
,,O=C(Nc1cnns1)N(C[C@H]1CCCSC1)C[C@H]1CCCCO1,,,,,,ZINCnA00000CTFHL
,,Cc1nc2c(F)cc(-c3ncc(CO)cc3Cl)cc2o1,,,,,,ZINCkE00000fENRy
,,CCN(CCCNC(=O)[C@H]1C[C@@H](OC)C1)C(=O)Cn1c(C)csc1=O,,,,,,ZINCpf00000VWdXP
,,CSc1nc(NC(=O)NC[C@H]2CCC(C)(C)O2)ncc1Br,,,,,,ZINClA00000ff5Dt
,,CC(C)n1cc([C@@H](C)OC(=O)C[C@@]23CC[C@@](C)(C2)OC3)nn1,,,,,,ZINCmy00000bhTAn
,,COCc1nc(CN(Cc2cnco2)C[C@@H](OC)C2CCC2)cs1,,,,,,ZINCoA00000tietx
,,COCc1nc(CN(Cc2c[nH]nc2OC)CC2CCCC2)cs1,,,,,,ZINCoC00000tietD
,,CC(=O)NCCC(=O)NCC(=O)N(C)c1cccnc1Br,,,,,,ZINCla00000JTeAv
,,CSc1nc(NC(=O)NC(C)(C)CC(C)(C)O)ncc1Br,,,,,,ZINClA00000ff5Dr
,,CCc1ccc(N2CC[S@](=O)C3(CCC3)C2)nc1,,,,,,ZINCir00000ct0oe
,,O=C(N[C@H]1CCN(Cc2cccc(OC(F)F)c2)C1)c1ccno1,,,,,,ZINCos00000ibUwg
,,Cc1ccc(N(C)C(=O)N2CC[S@](=N)(=O)[C@H](C)C2)c(C)c1,,,,,,ZINClw00000cUYNb
,,C=C[C@@H](NC(=O)OC(C)(C)C)C(=O)N[C@H]1C[C@@H]1c1ccccc1OC,,,,,,ZINCpx00000ws1DI
,,CC[C@H](O)CC(=O)N1CCCC[C@H](NC(=O)[C@H](C)N2CCC2)C1,,,,,,ZINCnd000005Kdja
,,CO[C@@]1(c2cccc(C(=O)Nc3ccn4cnnc4c3)c2)CCOC1,,,,,,ZINCps00000CdcQB
,,CC#CC1CCN(C(=O)[C@H]2CCN(C(=O)[C@H](CC)C/C=C/C)C2)CC1,,,,,,ZINCpA00000xxpKD
,,COC1(c2ccc(Br)cc2)CN(S(=O)(=O)CCOC2CCOCC2)C1,,,,,,ZINCpr00000CdcQp
,,CC[C@H](NC(=O)NNC(=O)O[C@H](C)CC)c1ccc2c(c1)OCCO2,,,,,,ZINCpw00000ws1Dz
,,C=CCC1(C)CN(C(=O)[C@H]2CCN(C(=O)[C@@H](C)CC(F)F)C[C@H]2C)C1,,,,,,ZINCpB00000xxpKF
,,CSC[C@@H](C)C(=O)N1C[C@H](C)N(C(=O)C#CC(=O)N(C)C)[C@H](C)C1,,,,,,ZINCob00000HTZvr
,,C=Cc1ccc(N2[C@H]3CCC[C@H]2CN(C)C3)nc1,,,,,,ZINCit00000ct0oh
,,CCC[C@H](C)CN(CCC1(CO)CCC1)C(=O)c1nocc1C,,,,,,ZINCnE00000sTWNt
,,O=C(CCn1ccnc1)NCc1ccc(C(=O)NC[C@H](F)Cl)cn1,,,,,,ZINCoi00000sLFsL
,,O=C(N[C@H]1CCCC[C@H]1CO)[C@@H]1C[C@@H]2C[C@@H]2N1C(=O)[C@@H]1CC=CCC1,,,,,,ZINCpp00001BPx74
,,CO[C@@]1(c2cccc(C(=O)N3C[C@H]4C[C@H](C[C@@H]4CO)C3)c2)CCOC1,,,,,,ZINCpq00000CdcQz
,,O=C(CCn1ccnc1)NCC1(C(=O)NC[C@H]2CCCSC2)CC1,,,,,,ZINCok00000sLFsO
,,CN1CCN(CC(=O)NC2(C)CN(C(=O)[C@@H]3[C@H]4CCC[C@H]43)C2)CC1=O,,,,,,ZINCp5000002whzQ
,,O=C(N[C@H]1CCCC[C@H]1CO)[C@H]1[C@H]2CC[C@H](C2)N1C(=O)CSC1CC1,,,,,,ZINCpp00001BPx79
,,CC(C)[C@H](C)C(=O)NCC[C@@H](C)N(C)c1nc(Cl)ncc1F,,,,,,ZINCmy000003G6zs
,,CN1CCN(C(=O)c2ns[nH]c2=O)[C@H](CNC(=O)[C@H]2OCC2(C)C)C1,,,,,,ZINCp5000002wddL
,,CN1CCN(C)CC(C(=O)NC2(CNC(=O)C3(O)CCCC3)CC2)C1,,,,,,ZINCp5000002we5c
,,O=C(N[C@@H]1CCCC[C@@H]1CO)[C@@H]1CCC[C@H]1NC(=O)[C@]12CSC[C@H]1C2,,,,,,ZINCpm00001BPx6V
,,COCC[C@@H](OC)C(=O)NC[C@H](CO)NC(=O)CCCS(C)(=O)=O,,,,,,ZINCo400000EJT08
,,CN1CCN(C(=O)c2sccc2F)C[C@H]1CNC(=O)C1CS(=O)(=O)C1,,,,,,ZINCp5000002wdl8
,,O=C(N[C@H]1CCCC[C@H]1CNC(=O)C1(O)CC(CF)C1)[C@@H]1C=CCS1,,,,,,ZINCpl00001BPx6I
,,CN(C)CCCOC1CCN(C(=O)[C@]2(C)Cc3ccccc32)CC1,,,,,,ZINCou00000pfS89
,,COCC[C@@H](OC)C(=O)NC[C@H](CO)NC(=O)CO[C@@H]1CCOC1,,,,,,ZINCo400000EJT09
,,O=C(N[C@@H]1CCCC[C@@H]1CNC(=O)C1(Cl)CCC1)c1ccc(O)nc1,,,,,,ZINCpp00001BPx6H
,,O=C(N[C@@H]1CCN(Cc2ccc(Cl)nc2)C1)C(=O)c1ccccc1,,,,,,ZINCot00000ibUw2
,,CN1CCN(CC(=O)NCCOCCCNC(=O)c2ccco2)CC1,,,,,,ZINCp5000002wiBY
,,CC(C)[C@H](C)C(=O)NCC1CN(Cc2csc(C3CC3)n2)C1,,,,,,ZINCmy000003G6xg
,,CN1CCN(C(=O)c2coc(O)n2)[C@@H](CNC(=O)c2cnc(Cl)[nH]2)C1,,,,,,ZINCp5000002waDR
,,CN1CCN(CC(=O)NCCNc2ncnn3c(Br)ccc23)CC1=O,,,,,,ZINCp5000002wizL
,,CN1CCN(CC(=O)N(C)CCN=c2ccc(S(C)(=O)=O)c[nH]2)CC1,,,,,,ZINCp5000002wf5A
,,O=C(N[C@H]1CCN(Cc2cccc(O)c2O)C1)c1ccccc1F,,,,,,ZINCos00000ibUwc
,,CN1CCN(C(=O)c2nscc2N)C[C@H]1CNC(=O)[C@H](F)C(C)(C)O,,,,,,ZINCp5000002wdg3
,,CCC[C@H](C)CN(CCC1(COC)CC1)C(=O)[C@]1(Cl)CC1(F)F,,,,,,ZINCnK00000sTWNo
,,COCC[C@@H](OC)C(=O)NC[C@@H](F)CNC(=O)c1c(C)noc1N,,,,,,ZINCo500000EJT0f
,,O=C(N[C@H]1CCN(Cc2ccc(Cl)o2)C1)c1nn[nH]c1C(F)(F)F,,,,,,ZINCoq00000ibUw4
,,CC[C@H](O)CC(=O)N1C[C@@H](C)[C@@H](NC(=O)c2c(C)nsc2N)C1,,,,,,ZINCnd000005KdWi
,,CCCN(CCNC(=O)c1ccsc1Br)C(=O)C=Cc1cn[nH]c1,,,,,,ZINCoz000006W4Cl
,,CC(C)=CC(=O)N[C@H]1C[C@H](C)N(C(=O)c2ncccc2N)C1,,,,,,ZINCmj000004ZH4J
,,C#Cc1ccc(C(=O)NC[C@]2(O)C[C@@H]3CCC[C@@H]32)cn1,,,,,,ZINCkj00000JSiem
,,O=C(N[C@H]1CCCC[C@H]1CO)[C@@H]1C[C@@H](F)CN1C(=O)C1CCSCC1,,,,,,ZINCpn00001BPx76
,,CCc1cc(CN2CC[S@](=O)CC2(C)C)ccc1Cl,,,,,,ZINCjC00000ct0of
,,C[C@H](CC#N)C(=O)N(Cc1cccs1)Cc1cnc(Cl)n1C,,,,,,ZINCmC00000hkZl0
,,O=C(CCn1ccnc1)NC[C@H]1C[C@H]1CC(=O)N1CC2(CCC2)C1,,,,,,ZINCok00000sLFsU
,,COc1csc(CN2C[C@@H]3C[C@H]2CN3C(C)C)c1OC,,,,,,ZINCku00000amRbr
,,O=C(N[C@H]1C=CCC[C@H]1CO)[C@@H]1CCCCN1C(=O)C1CCSCC1,,,,,,ZINCpp00001BPx6X
,,O=C(N[C@@H]1CCN(Cc2ccc(Cl)cn2)C[C@H]1O)[C@H]1CC=CCC1,,,,,,ZINCor00000ibUw0
,,CCc1ccc(C(=O)NCCCc2nnc(O)o2)s1,,,,,,ZINCjj00000JSieE
,,CC#CC1CCN(C(=O)[C@H]2CCN(C(=O)[C@@H](C)C/C=C/CC)C2)CC1,,,,,,ZINCpA00000xxpKC
,,CC(C)=CC(=O)N[C@@H]1C=CCN(C(=O)[C@H]2CCCCN2C)C1,,,,,,ZINCmj000004ZGEn
,,CN1CCN(C(=O)c2cnc[nH]2)[C@H](CNC(=O)C2(N(C)C)CCC2)C1,,,,,,ZINCp5000002w8wf
,,CCCN(CCNC(=O)c1ccsc1COC)C(=O)C1=CCCC1,,,,,,ZINCoz000006W4DM
,,CSC[C@H](C)C(=O)N1C[C@H](CC(=O)NCC(=O)N(C)O)CC1(C)C,,,,,,ZINCof00000HTZvp
,,CN1CCN(C(=O)c2cnoc2)[C@@H](CNC(=O)[C@@H](F)n2cccn2)C1,,,,,,ZINCp5000002wa8q
,,COc1csc(CN2CCOC[C@@]23CCSC3)c1OC,,,,,,ZINCku00000amRbv
,,CCCN(CCNC(=O)c1ccsc1)C(=O)Cc1c(C)noc1Cl,,,,,,ZINCoz000006W4Ba
,,CO[C@@]1(c2cccc(C(=O)Nc3ncn(CC(F)F)n3)c2)CCOC1,,,,,,ZINCpq00000CdcQF
,,CC[C@@H](CN(C)C(=O)Cc1ccc2ncsc2c1)NC(=O)[C@@H](C)C#N,,,,,,ZINCpt00000gt5oO
,,O=C(N[C@@H]1CCCC[C@@H]1CO)[C@H]1CC12CC(NC(=O)[C@H]1CC1(F)F)C2,,,,,,ZINCpl00001BPx6T
,,CN1CCN(CC(=O)N2CC(CNC(=O)c3ccc(CO)o3)C2)CC1,,,,,,ZINCp5000002wfsO
,,CN1CCN(C)CC(C(=O)N[C@H]2CCC[C@H]2CNC(=O)C(C)(C)O)C1,,,,,,ZINCp5000002weIL
,,COCC[C@H](OC)C(=O)NC[C@H](NC(=O)c1cncn1C)C1CC1,,,,,,ZINCo600000EJT0i
,,O=C(N[C@@H]1CCN(Cc2ccc(Cl)s2)C[C@@H]1F)c1ccc[n+]([O-])c1,,,,,,ZINCot00000ibUw6
,,CN1CCN(C(=O)c2cnsc2)[C@H](CNC(=O)c2nc(=O)n(C)[nH]2)C1,,,,,,ZINCp5000002wah6
,,CCC=C1CCN(C(=O)[C@H]2CCN(C(=O)COCCC)C(C)(C)C2)C1,,,,,,ZINCpz00000xxpKQ
,,O=C(N[C@@H]1CCN(Cc2cccc(O)n2)C1)c1cc(Br)cnc1F,,,,,,ZINCoq00000ibUwh
,,CCCN(CCNC(=O)c1cncc(Cl)c1)C(=O)[C@@]1(C)CCCS1,,,,,,ZINCoz000006W4Nl
,,CCc1cc(CN2CCS[C@@H](C)[C@H]2C)cc(OC)c1,,,,,,ZINCjF00000ct0ob
,,CC(C)=CC(=O)N[C@H]1C[C@H](CNC(=O)CCc2cn[nH]c2)C1,,,,,,ZINCmj000004ZH4R
,,COCC[C@H](OC)C(=O)NC[C@H](F)C1CCN(C(=O)COC)CC1,,,,,,ZINCo900000EJT0a
,,CN1CCN(CC(=O)NC2(CNC(=O)c3nsnc3O)CCC2)CC1,,,,,,ZINCp5000002whKw
,,CC[C@H](O)CC(=O)NC1(CNC(=O)C[C@H](C)n2ccnc2)CC1,,,,,,ZINCnd000005Kecd
,,COC1(c2ccc(Br)cc2)CN(S(=O)(=O)C[C@H]2CC3(CC3)C(=O)O2)C1,,,,,,ZINCpq00000CdcQo
,,C=CCC1(C)CN(C(=O)[C@H]2CCN(C(=O)[C@H](F)C3CCC3)C23CC3)C1,,,,,,ZINCpz00000xxpKJ
,,CO[C@@]1(c2cccc(-c3cnc(-c4nncn4C)nc3)c2)CCOC1,,,,,,ZINCps00000CdcQx
,,CN1CCN(C)CC(C(=O)N2CC(F)(F)C[C@]2(C)CNC(=O)CO)C1,,,,,,ZINCp5000002wdAr
,,CC[C@H](NC(=O)NNC(=O)COc1ccccc1)c1ccc(C)cc1,,,,,,ZINCpy00000ws1Dv
,,CCCN(CCNC(=O)c1ccsc1Br)C(=O)[C@@H](C)n1cccn1,,,,,,ZINCoz000006W4Ct
,,COCC[C@@H](OC)C(=O)NC[C@H](F)CNC(=O)c1cnn(C)c1Cl,,,,,,ZINCo900000EJT0h
,,Cn1ncc2cc(CNC(=O)NC[C@@H](CO)CC3CC3)c(Cl)nc21,,,,,,ZINCoo00000si7ry
,,C[C@@H](CC(C)(C)C)[C@@H](F)C(=O)Nc1cccc(NC(=O)C=CCO)c1,,,,,,ZINCpF00000sYbkA
,,O=C(N[C@H]1CCN(Cc2ccc(Cl)c([N+](=O)[O-])c2)C1)c1cnsn1,,,,,,ZINCor00000ibUw1
,,CC(C)=CC(=O)N[C@@]1(CF)CCN(C(=O)[C@@H]2CCC(=O)C2)C1,,,,,,ZINCmj000004ZGPK
,,CN1CCN(C(=O)c2cnc[nH]2)[C@@H](CNC(=O)c2cccc[n+]2[O-])C1,,,,,,ZINCp5000002w8w0
,,CN1CCN(C(=O)c2cnsn2)[C@@H](CNC(=O)CC(=O)NC2CC2)C1,,,,,,ZINCp5000002wal9
,,Cn1nc(-c2ccco2)cc1NC(=O)C(=O)N1CC2(C1)C[C@@]2(F)Br,,,,,,ZINCop00000si7rC
,,Cn1ncc2cc(CO)c(N3CCC[C@@H](N4CCCC4)CC3)nc21,,,,,,ZINCop00000si7rE
,,CC[C@H](O)CC(=O)NCC1(NC(=O)c2cc(C#N)[nH]c2C)CC1,,,,,,ZINCnd000005KeiM
,,C[C@@H](CC(C)(C)C)[C@H](F)C(=O)N1CC(NC(=O)[C@H](C)CC(C)(C)C)C1,,,,,,ZINCpH00000sYbkv
,,CC(C)=CC(=O)N[C@@H]1COCCN(c2cc(C)nc(C)n2)C1,,,,,,ZINCmj000004ZGMp
,,COCC[C@@H](OC)C(=O)NC[C@H](F)CNC(=O)c1ccncc1O,,,,,,ZINCo600000EJT0d
,,O=C(N[C@H]1CCN(Cc2cccc([N+](=O)[O-])c2Cl)C1)c1ccno1,,,,,,ZINCos00000ibUw8
,,O=C(N[C@H]1CCCC[C@@H]1CN=c1[nH]ccnc1F)[C@@H]1[C@H]2CCOC[C@H]21,,,,,,ZINCpp00001BPx6C
,,CN1CCN(C(=O)c2cn[nH]c2)[C@@H](CNC(=O)c2cc(O)ncn2)C1,,,,,,ZINCp5000002w82E
,,C=C[C@@H](NC(=O)OC(C)(C)C)C(=O)N=c1ccn([C@@H]2CCCCO2)[nH]1,,,,,,ZINCpw00000ws1DH
,,Cn1ncc2cc(CO)c(NCc3ccc(P(C)(C)=O)nc3)nc21,,,,,,ZINCon00000si7rF
,,CC[C@@H](CN(C)C(=O)Cc1ccc2cccnc2c1)NC(=O)CCF,,,,,,ZINCpu00000gt5oM
,,CN(CCCCO)c1ccnc(N2Cc3cc(F)c(F)cc3C2)n1,,,,,,ZINCou00000pfS86
,,Cn1ncc2cc(CNC(=O)NC3COC4(CCC4)OC3)ccc21,,,,,,ZINCom00000si7rw
,,CN1CCN(C(=O)c2cncc(N)n2)C[C@H]1CNC(=O)[C@@H]1C=CCC1,,,,,,ZINCp5000002w8Gz
,,CC(C)=CC(=O)N[C@H]1C[C@H](CNC(=O)[C@@H]2C[C@]23CCOC3)C1,,,,,,ZINCmj000004ZH50
,,CN1CCN(C(=O)c2cnc(Cl)[nH]2)[C@@H](CNC(=O)c2nccn2C)C1,,,,,,ZINCp5000002w8d3
,,CCc1cc(CC(=O)NCC[C@]2(C)NC(=O)NC2=O)on1,,,,,,ZINCl500000JSiex
,,CC(C)=CC(=O)N[C@H](C)[C@]1(O)CCN(C(=O)C2CC=CC2)C1,,,,,,ZINCmj000004ZGVY
,,C=C[C@@H](NC(=O)NNC(=O)c1cnsc1)c1ccc(OC(C)C)cc1,,,,,,ZINCpy00000ws1Dr
,,Cn1ncc2cc(CNC(=O)N3C[C@H](CO)[C@@H](C4CC4)C3)ccc21,,,,,,ZINCon00000si7rr
,,CSC[C@@H](C)C(=O)N1C[C@H](C)[C@@H]1C(=O)N[C@@H]1CCc2nncn2C1,,,,,,ZINCob00000HTZvc
,,O=C(N[C@H]1CCCC[C@H]1CN=c1[nH]nc(C2CC2)o1)[C@H](O)C(F)(F)F,,,,,,ZINCpp00001BPx6E
,,CN1CCN(C(=O)c2csc(CO)n2)[C@H](CNC(=O)c2cnns2)C1,,,,,,ZINCp5000002waVf
,,Cc1cc(C)n(CC(=O)NCC23CC(C(C)(F)F)(C2)C3)n1,,,,,,ZINClu00000cUYNd
,,COCC[C@@H](OC)C(=O)NC[C@@H](F)CNC(=O)c1ccc(=O)oc1,,,,,,ZINCo500000EJT0c
,,C#Cc1ccc(C(=O)NC(C)(C)c2nc(=O)o[nH]2)nc1,,,,,,ZINCke00000JSieD
,,CC[C@H](CN(C)C(=O)Cc1ccc(Br)nc1)NC(=O)c1cc(C)no1,,,,,,ZINCpt00000gt5oT
,,CN(C)CCCOc1cnccc1CN[C@@H]1C[C@H]2[C@H]3C=C[C@@H](C3)[C@H]21,,,,,,ZINCox00000pfS8b
,,CC1(C)CC2(CC(NC(=O)c3cc(N)cc4c3OCCO4)C2)C1,,,,,,ZINCnx00000mNXTP
,,CSC[C@H](C)C(=O)N1C[C@H](C(F)F)[C@@H](NC(=O)Cn2ccnn2)C1,,,,,,ZINCoa00000HTZvq
,,COc1csc(CN2CCN[C@@H]3CCCC[C@@H]32)c1OC,,,,,,ZINCku00000amRbu
,,CN1CCN(C(=O)c2cnn(C)c2)C[C@H]1CNC(=O)Cc1csnn1,,,,,,ZINCp5000002w9hr
,,O=C(N[C@H]1CCCC[C@H]1CNC(=O)[C@]12CSC[C@@H]1C2)[C@@H]1CCC[C@H]1O,,,,,,ZINCpm00001BPx6G
,,COCC[C@H](OC)C(=O)NC[C@H](CO)NC(=O)c1nc(O)sc1C,,,,,,ZINCo500000EJT04
,,COC1(c2cccc(-c3cc(F)c4c(c3)OCCNC4=O)c2)CNC1,,,,,,ZINCpq00000CdcQw
,,C[C@H](CC#N)C(=O)N(Cc1cccs1)CC1(CO)CCCC1,,,,,,ZINCmB00000hkZl1
,,CC(C)[C@H](C)C(=O)NCC[C@@H](NC(=O)c1ccco1)C(C)C,,,,,,ZINCmy000003G6zI
,,CC[C@H](O)CC(=O)N1C[C@H]2CC[C@H]1CN2C(=O)C[C@@H](O)C(C)C,,,,,,ZINCnd000005Ke6G
,,CN1CCN(C)CC(C(=O)N2C[C@H]3CN(c4nnc(O)s4)C[C@H]3C2)C1,,,,,,ZINCp5000002we1K
,,O=C(N[C@H]1CCCC[C@H]1CO)C1CCN(C(=O)[C@@H]2C[C@@H]3C[C@@H]3C2)CC1,,,,,,ZINCpp00001BPx6P
,,C=C[C@H](NC(=O)OC(C)(C)C)C(=O)Nc1ccc(O)nc1C(F)(F)F,,,,,,ZINCpy00000ws1DG
,,CC[C@H](O)CC(=O)NC[C@H]1CCN(c2nc(C#N)ncc2C)C1,,,,,,ZINCnd000005KeMt
,,O=C(N[C@H]1CCCC[C@@H]1CN=c1ncnc2[nH][nH]cc1-2)c1cnsn1,,,,,,ZINCpm00001BPx6z
,,CO[C@@]1(c2cccc(C(=O)NCCc3ccnc(C)n3)c2)CCOC1,,,,,,ZINCpq00000CdcQG
,,CN1CCN(C(=O)c2cnn(C)c2)C[C@@H]1CNC(=O)CCC[N+](=O)[O-],,,,,,ZINCp5000002w9fK
,,CCc1ccc(C(=O)NCCC2(C)COC2)o1,,,,,,ZINChp00000JSiev
,,C#C[C@@H](NC(=O)NNC(=O)c1c(C)cccc1O)c1ccc(Br)cc1,,,,,,ZINCpx00000ws1Dk
,,CC[C@H](O)CC(=O)N[C@@H]1CCCCN(C(=O)[C@@H](F)C(C)(C)O)C1,,,,,,ZINCnd000005KeYL
,,CN1CCN(C(=O)c2coc(Cl)c2)[C@@H](CNC(=O)C2(CO)COC2)C1,,,,,,ZINCp5000002wawx
,,CC[C@H](O)CC(=O)N1CC(NC(=O)c2ccc(O)c(F)c2F)C1,,,,,,ZINCnd000005Kd87
,,CC[C@H](O)CC(=O)N1CCN(C2CCC(NC(C)=O)CC2)CC1,,,,,,ZINCnd000005KdAY
,,O=C(N[C@H]1CCN(Cc2ccc(Cl)cn2)C[C@H]1F)[C@@H]1CCCCO1,,,,,,ZINCot00000ibUvZ
,,CCc1cc(CN2CCS[C@@H](C)[C@H]2C)ccc1C,,,,,,ZINCiI00000ct0oa
,,C#CCC1CCN(C(=O)[C@@H]2CCN(C(=O)[C@@H](C)CCC)C23CC3)CC1,,,,,,ZINCpA00000xxpKB
,,CC(C)=CC(=O)N[C@@]12CCC[C@@H]1N(Cc1cnn(C)n1)CC2,,,,,,ZINCmj000004ZGQC
,,CN1CCN(CC(=O)N2CC(CNC(=O)C(C)(C)C(F)F)C2)CC1=O,,,,,,ZINCp5000002wfoz
,,CN1CCN(C(=O)c2cocn2)[C@H](CNC(=O)C2=C[S@](=O)CCC2)C1,,,,,,ZINCp5000002waLD
,,CCc1ccc(C(=O)NCC[C@]2(C)NC(=O)NC2=O)o1,,,,,,ZINCkb00000JSiew
,,CC[C@@H](NC(=O)NO[C@H]1CCN(C(=O)OC(C)(C)C)C1)c1nccs1,,,,,,ZINCpy00000ws1DC
,,Cc1ccc(N(C)C(=O)N2CC[C@H]([S@@](C)(=N)=O)C2)c(F)c1,,,,,,ZINClu00000cUYN7
,,O=C(N[C@H]1CCCC[C@H]1CO)C1=CC[C@H](NC(=O)c2cc(Cl)no2)C1,,,,,,ZINCpo00001BPx6O
,,CC[C@H](NC(=O)NNC(=O)NCCc1cccs1)c1cccc(C)n1,,,,,,ZINCpw00000ws1Dx
,,CN1CCN(C(=O)c2nccs2)C[C@H]1CNC(=O)C[C@]1(O)CCOC1,,,,,,ZINCp5000002wcr0
,,CN(C)CCCOc1ccc(-c2cnn([C@@H]3CCCOC3)c2)cn1,,,,,,ZINCow00000pfS7W
,,CN1CCN(CC(=O)N2CC(NC(=O)C[C@@]3(C)C[C@]3(F)Cl)C2)CC1=O,,,,,,ZINCp5000002wfFg
,,CC(C)[C@H](C)C(=O)NCC[C@H](C)NC(=O)[C@@]12CCCC[C@@H]1C2,,,,,,ZINCmy000003G6An
,,O=C(N[C@H]1CCCC[C@H]1CO)[C@@H]1[C@H]2CN(C(=O)C(F)=CC3CC3)C[C@H]21,,,,,,ZINCpm00001BPx7d
,,CC1(C)C[C@@]2(CCN(C(=O)Nc3cc(C(F)F)ncn3)C2)CO1,,,,,,ZINCny00000mNXTQ
,,CN(C)[C@@](C)(COc1ccc(Cl)c(Cl)c1)c1nnnn1CCC#N,,,,,,ZINCox00000pfS7X
,,CC[C@H](O)CC(=O)NC[C@H]1CCN(C(=O)c2nc(C)c(C)[nH]2)C1,,,,,,ZINCnd000005KeMl
,,C#Cc1ccc(C(=O)N(C)C(C)(C)c2nn[nH]n2)cc1Cl,,,,,,ZINClo00000JSieF
,,CSC[C@@H](C)C(=O)N1C[C@@H](C)N(C(=O)[C@H]2CCNC(=O)C2)C[C@@H]1C,,,,,,ZINCof00000HTZvs
,,CC(C)[C@H](C)C(=O)NCC[C@@H](C)N(C)C(=O)[C@H]1CC12CCC2,,,,,,ZINCmy000003G6zr
,,CC(C)=CC(=O)N[C@H](C)CC1CN(C(=O)c2nccn2C)C1,,,,,,ZINCmj000004ZGSo
,,CN1CCN(CC(=O)N2C[C@H]3C[C@H](NC(=O)C45CC4C5)C[C@H]3C2)CC1,,,,,,ZINCp5000002whq3
,,C#C[C@@H](NC(=O)NNC(=O)c1ccc(F)cc1)C1CCC(F)(F)CC1,,,,,,ZINCpv00000ws1Dl
,,COCC[C@@H](OC)C(=O)NC[C@@H](NC(=O)/C=C\C(N)=O)C1CCC1,,,,,,ZINCo500000EJT0j
,,CC[C@H](CN(C)C(=O)Cc1ccc2ccncc2c1)NC(=O)CSC,,,,,,ZINCpu00000gt5oN
,,CCc1ccc(C(=O)N(C)Cc2ccc(O)nn2)c(O)c1,,,,,,ZINCln00000JSieu
,,CN1CCN(C(=O)c2cnsc2)[C@@H](CNC(=O)c2cc(CO)on2)C1,,,,,,ZINCp5000002wafm
,,CC[C@H](NC(=O)NNC(=O)c1ccc(Br)o1)c1nc(C(C)(C)C)no1,,,,,,ZINCpy00000ws1Di
,,COc1csc(CN2C[C@H]3CCCN(C)[C@H]3C2)c1OC,,,,,,ZINCks00000amRbq
,,CC[C@@H](NC(=O)NNC(=O)C[C@H](O)c1ccccc1)C1CCCCC1,,,,,,ZINCpx00000ws1Dt
,,CC(C)C1CCN(C(=O)[C@@H]2CCN(C(=O)[C@@H](C)CC(F)(F)F)O2)CC1,,,,,,ZINCpA00000xxpKG
,,CO[C@]1(c2cccc(C(=O)N3CCOC[C@]34CCSC4)c2)CCOC1,,,,,,ZINCps00000CdcQA
,,CCC[C@@H](C)CN(CCC1(CO)CCC1)C(=O)C1(COC)CC1,,,,,,ZINCnC00000sTWNq
,,CN(CCCCO)c1ccnc(N2CC[C@H](c3ccccc3)C2)n1,,,,,,ZINCow00000pfS87
,,C[C@H](CC(C)(C)C)[C@H](F)C(=O)N1[C@H](CNC(=O)CC(Cl)Cl)C[C@@H]2C[C@@H]21,,,,,,ZINCpG00000sYbkx
,,O=C(CCn1ccnc1)NC[C@H]1CC[C@@H](C(=O)NCC=C(Cl)Cl)O1,,,,,,ZINCoj00000sLFsT
,,CCc1ccc(C(=O)NCC[C@@]2(C)CCO2)[nH]1,,,,,,ZINCho00000JSiet
,,CSC[C@H](C)C(=O)N1C[C@H](C)[C@@H](CC(=O)N2C[C@@H](O)C[C@H]2CO)C1,,,,,,ZINCoa00000HTZvg
,,CSC[C@H](C)C(=O)N1C[C@H](C)[C@@H](C(=O)NCC2(CC(N)=O)CC2)C1,,,,,,ZINCoe00000HTZvj
,,Cc1ccc(N(C)C(=O)NCC23COCC(C2)C3)c(F)c1,,,,,,ZINClx00000cUYNe
,,CC(C)=CC(=O)N[C@](C)(CNC(=O)C(F)(F)[C@@H](C)O)C1CC1,,,,,,ZINCmj000004ZH62
,,CCC[C@@H](C)CN(CCC1(CO)CCC1)C(=O)c1cnsc1C,,,,,,ZINCnI00000sTWNp
,,CC1(C)CC2(CCN2C(=O)Nc2nccc(O)n2)CC(C)(C)O1,,,,,,ZINCnr00000mNXTL
,,CN1CCN(C(=O)c2cnnc(O)c2)C[C@@H]1CNC(=O)c1cnsc1,,,,,,ZINCp5000002w9KT
,,CC[C@H](NC(=O)OC(C)(C)C)c1noc(-c2cn3ccnc3cn2)n1,,,,,,ZINCpx00000ws1DD
,,O=C(N[C@H]1CCCC[C@H]1CO)[C@@H]1CCC[C@H]1NC(=O)C(F)(F)C(F)F,,,,,,ZINCpo00001BPx6W
,,Cc1cc(C2CCN(N3CCC[C@]4(C3)OC[C@H]3C[C@H]34)CC2)n[nH]1,,,,,,ZINCnt00000mNXTX
,,Cc1ccc2cc(NC(=O)N[C@H]3CCN4CC[C@H]3C4)cnc2c1,,,,,,ZINCnx00000mNXTT
,,CN(CCCCO)c1ccc(S(=O)(=O)N2CCC[C@@H](F)C2)c(Cl)c1,,,,,,ZINCow00000pfS80
,,C#Cc1ccc(C(=O)NCC2(OC)CNC2)cc1,,,,,,ZINCi900000JSieo
,,CN1CCN(C(=O)c2cnn[nH]2)C[C@@H]1CNC(=O)c1cc(C#N)c[nH]1,,,,,,ZINCp5000002w9BP
,,O=C(CCn1ccnc1)NCCCC(=O)N1CC[C@]2(C1)CC2(F)F,,,,,,ZINCok00000sLFsR
,,CN(CCCCO)c1ccc(S(=O)(=O)N2CCC[C@@H]2CF)c(Br)c1,,,,,,ZINCox00000pfS7Z
,,Cn1ncc2cc(CO)c(N[C@H]3C[C@@H](Oc4ccncc4)C3)nc21,,,,,,ZINCoo00000si7rH
,,CCc1ccc(C(=O)NCC2(O)CC(CO)C2)c(O)c1,,,,,,ZINCke00000JSiel
,,O=C(N[C@H]1C=CCC[C@H]1CO)[C@@H]1C[C@@H]2CN(C(=O)[C@@H]3C[C@@H]3Cl)C[C@@H]2C1,,,,,,ZINCpl00001BPx75
,,O=C(N[C@H]1CCN(Cc2ccccn2)C1)c1cc(O)c(O)c(Cl)c1,,,,,,ZINCor00000ibUw7
,,CC[C@@H](NC(=O)NNC(=O)c1ccc(N)c(Br)c1)c1ncc(Br)cn1,,,,,,ZINCpw00000ws1Dm
,,CCc1ccc(C(=O)NCCCc2nc(COC)n[nH]2)[nH]1,,,,,,ZINCli00000JSieC
,,CC(C)C1CCN(C(=O)[C@H]2CCN(C(=O)[C@H](F)C(C)C)C[C@H]2C)CC1,,,,,,ZINCpD00000xxpKO
,,O=C(N[C@H]1CCCC[C@H]1CO)[C@@H]1C=CCN1C(=O)c1ccc(CO)s1,,,,,,ZINCpi00001BPx6Z
,,CN1CCN(C(=O)c2cnsn2)[C@H](CNC(=O)c2cc(CO)on2)C1,,,,,,ZINCp5000002waop
,,CC1(C)CC2(CCN(N3CC[C@]4(CO)[C@H](C3)C4(F)F)CC2)CO1,,,,,,ZINCnr00000mNXTW
,,CC1(C)CC2(C[C@@H]2C(=O)N=c2[nH]ccn3ncc([N+](=O)[O-])c23)C1,,,,,,ZINCnu00000mNXTH
,,CC[C@H](O)CC(=O)NC[C@H]1CN(C(=O)C2CCOCC2)C[C@H]1C,,,,,,ZINCnd000005KeO5
,,CCCN(CCNC(=O)c1ccncc1Cl)C(=O)c1cc(Cl)c[nH]1,,,,,,ZINCoz000006W4vr
,,C=CCC1(C)CN(C(=O)[C@@H]2CCN(C(=O)[C@H](F)c3ccccc3)C2)C1,,,,,,ZINCpz00000xxpKM
,,CN(CCCCO)c1cc(NCc2cc(C(C)(C)C)on2)ncn1,,,,,,ZINCov00000pfS84
,,CC(C)=CC(=O)NC[C@H](O)CNC(=O)[C@H]1CCCC(F)(F)C1,,,,,,ZINCmj000004ZGqf
,,CN1CCN(C(=O)c2n[nH]c(=N)[nH]2)[C@@H](CNC(=O)Cc2ccco2)C1,,,,,,ZINCp5000002wblC
,,CSC[C@H](C)C(=O)N1C[C@H](C)[C@@H](C(=O)NC2(CO)CCOCC2)C1,,,,,,ZINCod00000HTZvi
,,Cc1cc(C)n(CC(=O)N2CC(F)(F)C3(CCCC3)C2)n1,,,,,,ZINClv00000cUYN8
,,COCC[C@@H](OC)C(=O)NC[C@H](F)CNC(=O)C1CCN(C)CC1,,,,,,ZINCo500000EJT0e
,,CC[C@@H](CN(C)C(=O)CC1C(C)(C)C1(C)C)NC(=O)c1cn(C)cn1,,,,,,ZINCpu00000gt5oW
,,CSC[C@@H](C)C(=O)N1C[C@H](C)[C@@H](CC(=O)N2C[C@@H](O)C[C@H]2CO)C1,,,,,,ZINCoa00000HTZvf
,,COC1(c2cccc(Br)c2)CN(C(=O)c2cccn3[nH]c(=N)nc23)C1,,,,,,ZINCpq00000CdcQs
,,CSC[C@H](C)C(=O)N1C[C@H](C)[C@@H]1C(=O)N[C@H](C(N)=O)C1CCCC1,,,,,,ZINCof00000HTZve
,,CC(C)=CC(=O)N[C@H]1C[C@@](F)(CN=c2ccnc(CO)[nH]2)C1,,,,,,ZINCmj000004ZH4l
,,CC(C)=CC(=O)N[C@@H]1C=CCN(C(=O)[C@@H]2CCCCN2C)C1,,,,,,ZINCmj000004ZGEd
,,CC(C)=CC(=O)N[C@@H]1C[C@H](C)N(C(=O)c2cccc(N)n2)C1,,,,,,ZINCmj000004ZGO8
,,O=C(N[C@@H]1CCCC[C@H]1CN=c1nc[nH]n2ccnc12)c1cn[nH]c1,,,,,,ZINCpi00001BPx6A
,,CN1CCN(C(=O)c2ncc[nH]2)[C@@H](CNC(=O)CC2(O)CCCC2)C1,,,,,,ZINCp5000002wbZk
,,COC1(c2ccc(Br)cc2)CN(C(=O)NCC2=NO[C@@H]3OCC[C@H]23)C1,,,,,,ZINCpq00000CdcQn
,,O=C(N[C@@H]1CCN(Cc2cccc(O)c2F)C[C@@H]1F)c1cncs1,,,,,,ZINCot00000ibUwb
,,CCc1ccc(C(=O)NC[C@@]2(O)COCC2(C)C)cc1N,,,,,,ZINClj00000JSieq
,,O=C(N[C@H]1CCCC[C@H]1CNC(=O)[C@H]1C[C@H]1F)[C@H](F)C[C@@H]1CCOC1,,,,,,ZINCpp00001BPx6K
,,Cn1ncc2cc(CNC(=O)N[C@]3(C4CC4)CCOC3)c(Cl)nc21,,,,,,ZINCop00000si7ru
,,COc1csc(CN2CCNC[C@]2(C)C2CC2)c1OC,,,,,,ZINCkt00000amRbt
,,Cc1ccc2c(Cn3c(C)nn(C(C)C)c3=O)ccc(O)c2n1,,,,,,ZINCnv00000mNXTO
,,O=C(N[C@H]1CCCC[C@H]1CO)[C@@H]1CC2(CCC2)CN1C(=O)[C@@H]1C[C@@H]1F,,,,,,ZINCpn00001BPx6U
,,Cc1cc(C)nc(C(=O)Nc2nc([C@@H]3CCCN3)cs2)c1,,,,,,ZINCly00000cUYNc
,,COCC[C@@H](OC)C(=O)NC[C@@H](CO)NC(=O)C1(F)CCCCC1,,,,,,ZINCo900000EJT03
,,C=CCCC1(CN(C[C@@H]2C[C@H]3C=C[C@H]2C3)C(=O)[C@H]2C[C@H]2C#N)CC1,,,,,,ZINCoJ00000ltu8R
,,CC(C)[C@H](C)C(=O)NC[C@@H]1CCN1C(=O)C[C@H]1CC[C@@H](C)C1,,,,,,ZINCmy000003G6EU
,,CN1CCN(CC(=O)N2CCCC[C@H]2[C@H]2CCN(C(=O)CO)C2)CC1,,,,,,ZINCp5000002wg9I
,,CC(C)CC1(CN(C[C@@H]2C[C@H]3C=C[C@H]2C3)C(=O)c2cnsn2)CC1,,,,,,ZINCoK00000ltu8Q
,,CCc1cc(CN2CC[Si](CC)(CC)CC2)ccn1,,,,,,ZINCjJ00000ct0oc
,,CN1CCN(CC(=O)N2CC(N(C)C(=O)[C@H]3C[C@H](N=[N+]=[N-])C3)C2)CC1,,,,,,ZINCp5000002wfzJ
,,COc1csc(CN2CC[C@H](CO)C(C)(C)C2)c1OC,,,,,,ZINCkw00000amRbn
,,COCC[C@@H](OC)C(=O)NC[C@@H](F)CNC(=O)c1cccc(O)n1,,,,,,ZINCo500000EJT0b
,,CN1CCN(C(=O)c2cn(C)cn2)[C@@H](CNC(=O)[C@@H]2CCC=CO2)C1,,,,,,ZINCp5000002w7ND
,,Cc1cc(C2CCN(N3C[C@]4(CCCO4)[C@H]3C3CC3)CC2)n[nH]1,,,,,,ZINCnu00000mNXTV
,,CC[C@H](O)CC(=O)NC[C@@H]1CN(C(=O)[C@@H](C)CCO)CC[C@@H]1C,,,,,,ZINCnd000005KeBN
,,CN1CCN(C(=O)c2cocn2)[C@H](CNC(=O)CCCS(C)(=O)=O)C1,,,,,,ZINCp5000002waLM
,,C=CC[C@@H](C)CN(CCC1(COC)CC1)C(=O)c1ncoc1C,,,,,,ZINCnE00000sTWNs
,,CC(C)[C@H](C)C(=O)NC[C@@]1(C)CCCN1c1ncncc1I,,,,,,ZINCmy000003G6GQ
,,CSC[C@H](C)C(=O)N1C[C@@H](C)N(C(=O)[C@@H]2CC(=O)N(C)C2)C[C@@H]1C,,,,,,ZINCof00000HTZvt
,,CN1CCN(CC(=O)N2CC[C@H]2CNC(=O)[C@H]2CCCSC2)CC1=O,,,,,,ZINCp5000002wh3X
,,CC[C@H](O)CC(=O)N1CC[C@@H](NC(=O)CCOC2CC2)[C@H](F)C1,,,,,,ZINCnd000005KdIf
,,CCCN(CCNC(=O)c1cnns1)C(=O)/C=C/c1ccc(Cl)s1,,,,,,ZINCoz000006W4Rr
,,CN(CCCCNS(=O)(=O)[C@@H]1CCC(C)(C)C1)C(=O)[C@@H]1C[C@@]1(F)Cl,,,,,,ZINCow00000pfS7T
,,CC[C@H](O)CC(=O)N1CC2(CC[C@H](CNC(=O)CCSC)O2)C1,,,,,,ZINCnd000005KdcO
,,O=C(N[C@@H]1CCN(Cc2ccc(Cl)nc2Cl)C1)c1ccc[n+]([O-])c1,,,,,,ZINCoq00000ibUw3
,,O=C(N[C@@H]1CCCC[C@@H]1CNC(=O)[C@H]1CC(=O)C12CCC2)[C@@H]1C[C@H]1F,,,,,,ZINCpo00001BPx6M
,,C#Cc1ccc(C(=O)NC[C@@]2(O)COCC2(C)C)cc1,,,,,,ZINCkh00000JSiep
,,COCC[C@H](OC)C(=O)NC[C@@H](CO)NC(=O)c1n[nH]c(C)c1Br,,,,,,ZINCo500000EJT05
,,COCC[C@@H](OC)C(=O)NC[C@@H](CO)CNC(=O)/C=C/C(F)(F)F,,,,,,ZINCo500000EJSZY
,,CCCN(CCNC(=O)c1cnccc1Cl)C(=O)c1ccoc1C,,,,,,ZINCoz000006W4Pv
,,CN1CCN(C(=O)c2cnn3c2CCC3)[C@H](CNC(=O)C2(O)CC2)C1,,,,,,ZINCp5000002w9yx
,,CCc1ccc(C(=O)NC(C)(C)C2CNC2)c(C)n1,,,,,,ZINCjm00000JSieA
,,O=C(N[C@@H]1CCN(Cc2ccc(Cl)o2)C[C@H]1O)c1ccnc(Cl)c1,,,,,,ZINCot00000ibUw5
,,CCc1cc(CC(=O)NCC[C@@]2(C)NC(=O)NC2=O)on1,,,,,,ZINCl500000JSiey
,,CC[C@H](O)CC(=O)NCCCNc1nc(Cl)nc2[nH]c(O)nc12,,,,,,ZINCnd000005Keoe
,,O=C(CCn1ccnc1)NCC1(NC(=O)C2CCC2)CC(F)(F)C1,,,,,,ZINCok00000sLFsP
,,CSC[C@H](C)C(=O)N1C[C@H](C)[C@@H](C(=O)N2CCOC[C@H]2[C@@H](C)O)C1,,,,,,ZINCoc00000HTZvh
,,CN1CCN(CC(=O)NCC2(NC(=O)C3[C@@H]4CCC[C@@H]34)CC2)CC1=O,,,,,,ZINCp5000002wi3D
,,O=C(N[C@H]1CCCC[C@H]1CO)C1=C(F)CN(C(=O)[C@@H]2C=CCS2)CC1,,,,,,ZINCpn00001BPx6Q
,,CN1CCN(CC(=O)N2C[C@H]3CC[C@H]2CN3C(=O)CSCC#N)CC1,,,,,,ZINCp5000002whof
,,CCc1ccc(C(=O)NC[C@]2(O)CC[C@@H](O)CC2)c(C)n1,,,,,,ZINClj00000JSiek
,,CN(CCCCO)c1cc(NCC[C@@H](O)C2CCCCC2)ncn1,,,,,,ZINCou00000pfS85
,,COc1csc(CN2C[C@@H](C#N)C3(CCC3)C2)c1OC,,,,,,ZINCky00000amRbs
,,O=C(N[C@H]1C=CCC[C@H]1CO)[C@@H]1[C@H]2C[C@H]2CN1C(=O)[C@@H]1C[C@@H]2C[C@@H]2C1,,,,,,ZINCpj00001BPx7b
,,CN1CCN(C(=O)c2coc(Br)n2)C[C@H]1CNC(=O)C(C)(C)C(N)=O,,,,,,ZINCp5000002waq4
,,Cn1ncc2cc(CNC(=O)NCCc3c[nH]c(=N)s3)c(Cl)nc21,,,,,,ZINCon00000si7rx
,,CN1CCN(C(=O)c2cnnc(O)c2)C[C@@H]1CNC(=O)C1=CCCC1,,,,,,ZINCp5000002w9Ka
,,CC(C)[C@H](C)C(=O)NC[C@@H]1CCCN1C(=O)C1CC(C)(C)C1,,,,,,ZINCmy000003G6DS
,,CCc1ccc(C(=O)NC[C@@]2(O)COCC2(C)C)c(F)c1,,,,,,ZINClp00000JSier
,,CN1CCN(C(=O)c2cnn(C)c2)C[C@H]1CNC(=O)CCCCCO,,,,,,ZINCp5000002w9h8
,,CC[C@H](NC(=O)NOCCN(C)C(=O)OC(C)(C)C)c1cccnc1,,,,,,ZINCpw00000ws1DB
,,CCCN(CCNC(=O)c1cncc(Cl)c1)C(=O)C1[C@H](C)C[C@H]1C,,,,,,ZINCoz000006W4N8
,,CC[C@H](O)CC(=O)NCCC1(O)CCN(C(=O)[C@H](C)SC)CC1,,,,,,ZINCnd000005Kenw
,,C#Cc1ccc(C(=O)NCC2(OCC)CC2)nc1,,,,,,ZINCij00000JSiei
,,O=C(N[C@H]1CCCC[C@H]1CNc1ncccc1[N+](=O)[O-])C1CS(=O)C1,,,,,,ZINCpk00001BPx6x
,,C#Cc1ccc(C(=O)NC(C)(C)C#CC(C)(C)O)cc1,,,,,,ZINCkp00000JSieG
,,CC[C@H](CN(C)C(=O)Cc1ccc(Br)nc1)NC(=O)c1cnc(C)o1,,,,,,ZINCpt00000gt5oU
,,COC1(c2cccc(Br)c2)CN(C(=O)NCCN2CCCOCC2)C1,,,,,,ZINCpq00000CdcQu
,,CC(C)=CC(=O)N[C@]12CCC[C@@H]1N(C(=O)CC[S@](C)=O)CC2,,,,,,ZINCmj000004ZH7T
,,C=CCC1(C)CN(C(=O)[C@H]2CCN(C(=O)[C@H](C#N)CC)C(C)(C)C2)C1,,,,,,ZINCpz00000xxpKI
,,Cn1ncc2cc(CO)c(NC[C@@H](O)c3cc(F)cc(F)c3)nc21,,,,,,ZINCoo00000si7rG
,,COC1(c2ccc(-c3cc(CS(N)(=O)=O)ccn3)cc2)CCOCC1,,,,,,ZINCpr00000CdcQq
,,CC[C@H](O)CC(=O)N[C@@H]1CCCN(C(=O)[C@]2(F)CCOC2)[C@H]1C,,,,,,ZINCnd000005Kf0h
,,CN1CCN(CC(=O)N2CC(CO)(NC(=O)CCCN=[N+]=[N-])C2)CC1,,,,,,ZINCp5000002wfup
,,COC1(c2cccc(C(=O)Nc3c(C#N)cnn3C)c2)CCOCC1,,,,,,ZINCpr00000CdcQC
,,C#CCC1CCN(C(=O)[C@H]2CCN(C(=O)[C@H](F)CCCCC)C2)CC1,,,,,,ZINCpA00000xxpKN
,,Cc1cc(C)nc(C(=O)N2C[C@H](S)CC23CCOCC3)c1,,,,,,ZINClt00000cUYNa
,,COC1(c2cccc(-c3ccc(N4C[C@@H]5C[C@H]4CN5)nc3)c2)COC1,,,,,,ZINCpr00000CdcQv
,,O=C(N[C@H]1CCCC[C@H]1CO)[C@H]1[C@@H]2C[C@H]1CN2C(=O)C1(F)CC=CC1,,,,,,ZINCpl00001BPx7a
,,O=C(CCn1ccnc1)NCC1(CC(=O)NC2CC(F)(F)C2)CC1,,,,,,ZINCok00000sLFsM
,,CC[C@@H](NC(=O)OC(C)(C)C)C(=O)COC(=O)Cc1ccc(Cl)cn1,,,,,,ZINCpw00000ws1DE
,,Cc1ccc2c(CN3CCC34CCN(C)CC4)cc(=O)oc2c1,,,,,,ZINCnx00000mNXTM
,,CC1(C)CC2(C[C@@H]2C(=O)NC(C)(C)CCNC(=O)CCC#N)C1,,,,,,ZINCnv00000mNXTI
,,CC[C@H](O)CC(=O)NCCC1(O)CN(C(=O)CCC(C)(C)F)C1,,,,,,ZINCnd000005KenC
,,Cn1nc(-c2ccco2)cc1NC(=O)[C@@H]1NC(=O)C[C@H]1C(F)(F)F,,,,,,ZINCom00000si7rB
,,CCCN(CCNC(=O)c1ccncc1)C(=O)[C@@H](C)c1ccsc1,,,,,,ZINCoz000006W4u1
,,CN(CCCC(=O)c1cccnc1)C(=O)[C@H]1CC[C@H](C2CCC2)N1,,,,,,ZINCou00000pfS7Y
,,C=CCC1(C)CN(C(=O)[C@H]2CCN(C(=O)[C@H](F)C3CCC3)C[C@H]2C)C1,,,,,,ZINCpA00000xxpKL
,,O=C(N[C@H]1CCCC[C@H]1CO)C1=NO[C@@H](CNC(=O)C2=C(Cl)CC2)C1,,,,,,ZINCpi00001BPx6S
,,CN1CCN(CC(=O)N2CC(C)(NC(=O)[C@H]3CC34CCC4)C2)CC1=O,,,,,,ZINCp5000002wfk4
,,CC[C@@H](CN(C)C(=O)Cc1ccc(Br)cc1)NC(=O)c1cncnc1,,,,,,ZINCpu00000gt5oP
,,COC1(c2ccc(-c3cnn4c3C(=O)N(C)CC4)cc2)CCOCC1,,,,,,ZINCps00000CdcQr
,,C#C[C@H](NC(=O)NNC(=O)NCc1ccccc1)c1cccc(Br)c1,,,,,,ZINCpy00000ws1Dw
,,O=C(CCn1ccnc1)NCC#CC(=O)N(CC1CC1)C1CCC1,,,,,,ZINCoh00000sLFsS
,,CCc1ccc(C(=O)NC[C@]2(O)CC[C@@H](O)CC2)cc1F,,,,,,ZINCln00000JSiej
,,O=C(N[C@H]1CCCC[C@H]1CNC(=O)[C@@H]1C[C@@H]1F)[C@@H](F)C[C@H]1CCOC1,,,,,,ZINCpp00001BPx6J
,,C#C[C@@H](NC(=O)NNC(=O)c1ccc(N)c(Cl)c1)C1CCC(C)CC1,,,,,,ZINCpw00000ws1Dn
,,CCC1CC(CC(=O)NCCCc2nc(COC)n[nH]2)C1,,,,,,ZINClo00000JSieB
,,CC[C@H](O)CC(=O)N[C@@H]1CCN(C(=O)[C@@]2(F)CCOC2)[C@@H](C)C1,,,,,,ZINCnd000005Kf21
,,CC1(C)CC2(CCN2C[C@H]2CNC3(CCC3)CO2)CC(C)(C)O1,,,,,,ZINCnx00000mNXTK
,,CCCN(CCNC(=O)c1ccoc1Br)C(=O)[C@H]1CC[C@@H](CC)O1,,,,,,ZINCoz000006W4xT
,,CCc1ccc(C(=O)NC[C@]2(O)C[C@H]3CC[C@@H]2O3)c(C)n1,,,,,,ZINClj00000JSien
,,Cn1ncc2ccc(NC(=O)N3CCn4nc(C#N)cc4C3)cc21,,,,,,ZINCom00000si7rs
,,CN1CCN(C(=O)c2cnn(C)c2N)C[C@H]1CNC(=O)C1=CCSC1,,,,,,ZINCp5000002w9oe
,,CC[C@H](O)CC(=O)N1CCC[C@@H]1CN(C)C(=O)C1(CO)CCC1,,,,,,ZINCnd000005KdlK
,,CN1CCN(C(=O)c2coc(O)n2)C[C@@H]1CNC(=O)[C@@H]1CCC[C@H]1O,,,,,,ZINCp5000002waAm
,,O=C(N[C@@H]1CCCC[C@@H]1CNc1ncnc2ncsc12)[C@H]1C[C@@H](O)C1,,,,,,ZINCpp00001BPx6y
,,C=CCC1(C)CN(C(=O)[C@@H]2CCN(C(=O)[C@@H](SC)C3CC3)C23CC3)C1,,,,,,ZINCpz00000xxpKP
,,CC[C@H](O)CC(=O)NC[C@@H]1CCN(C(=O)[C@H](O)C(C)C)C[C@@H]1C,,,,,,ZINCnd000005Kezq
,,CC(C)=CC(=O)NC[C@H](C)CNC(=O)c1ncnn1C(C)C,,,,,,ZINCmj000004ZGnp
,,CC[C@H](O)CC(=O)N(C)CCCCN(C)C(=O)CCOC(C)=O,,,,,,ZINCnd000005KcR3
,,CCCN(CCNC(=O)c1cnc(C(C)C)s1)C(=O)CC1CSC1,,,,,,ZINCoz000006W4I7
,,CC(C)[C@H](C)C(=O)NCC1(NC(=O)[C@@H]2CCC[C@H]2C)CCC1,,,,,,ZINCmy000003G6w0
,,O=C(CCn1ccnc1)NCCc1cn(-c2cncc(Br)c2)nn1,,,,,,ZINCoj00000sLFsQ
,,O=C(N[C@@H]1CCN(Cc2cccc(O)c2)C[C@H]1F)C1=CCCCO1,,,,,,ZINCor00000ibUwa
,,CN(CCCCO)c1cc(Br)ccc1S(=O)(=O)N[C@@H]1CC[C@H]2C[C@@H]21,,,,,,ZINCox00000pfS7U
,,C=CCC1(C)CN(C(=O)[C@@H]2CCN(C(=O)[C@@H](F)C3CCC3)C2(C)C)C1,,,,,,ZINCpB00000xxpKK
,,CCCN(CCNC(=O)c1ccoc1)C(=O)c1c(O)cccc1Cl,,,,,,ZINCoz000006W4x7
,,CSC[C@H](C)C(=O)N1C[C@@H](CC(=O)NC(C)(CO)CO)C2(CC2)C1,,,,,,ZINCoa00000HTZvo
,,Cn1ncc2cc(CNC(=O)N[C@@H]3CCC[C@H](CO)C3)c(Cl)nc21,,,,,,ZINCop00000si7rz
,,CN1CCN(CC(=O)NCC2(CCNC(=O)c3cnc[nH]3)CC2)CC1,,,,,,ZINCp5000002wi1z
,,COCC[C@@H](OC)C(=O)NC[C@@H](CO)NC(=O)c1cc(Cl)cn1C,,,,,,ZINCo500000EJT01
,,C[C@H](CC#N)C(=O)N(Cc1cccs1)CC1[C@H]2CCCC[C@H]12,,,,,,ZINCmK00000hkZkZ
,,CCCN(CCNC(=O)c1ccoc1C)C(=O)C1=C[C@@H]2CCC[C@H]12,,,,,,ZINCoz000006W4yt
,,CN1CCN(C(=O)c2cnns2)[C@H](CNC(=O)CN(C)C2CCC2)C1,,,,,,ZINCp5000002wa2C
,,O=C(N[C@H]1CCCC[C@H]1CN=c1[nH]nc(CO)s1)c1c[nH]c(=S)cn1,,,,,,ZINCpl00001BPx6F
,,CN(CCCCO)c1ccnc(NC2CCC3(CCCO3)CC2)n1,,,,,,ZINCov00000pfS88
,,CC[C@H](O)CC(=O)N[C@@H]1CCN(C(=O)CCC[C@H](C)O)C[C@@H]1F,,,,,,ZINCnd000005Kf1c
,,O=C(N[C@H]1CCCC[C@H]1CNC(=O)[C@H]1C[C@@H]1[N+](=O)[O-])c1cc(Cl)ns1,,,,,,ZINCpo00001BPx6L
,,CN1CCN(C(=O)c2nnn(C)c2N)[C@@H](CNC(=O)c2ccns2)C1,,,,,,ZINCp5000002wd0i
,,C[C@H](CC(C)(C)C)[C@@H](F)C(=O)NC1CC2(C1)CN(C(=O)CC(Cl)Cl)C2,,,,,,ZINCpG00000sYbkz
,,C=C[C@@H](NC(=O)OC(C)(C)C)C(=O)N1CC[C@H](c2ncc(Br)cn2)C1,,,,,,ZINCpw00000ws1DF
,,CC[C@H](O)CC(=O)NC[C@@H]1C[C@H](F)CN1C(=O)[C@@H]1CC[C@H](C)O1,,,,,,ZINCnd000005KeEx
,,C=CCC1(C)CN(C(=O)[C@H]2CCN(C(=O)CP(C)(C)=O)[C@H]2C(C)C)C1,,,,,,ZINCpz00000xxpKS
,,CN1CCN(CC(=O)N2CCC[C@H]2CNC(=O)c2cnoc2)CC1=O,,,,,,ZINCp5000002wgpJ
,,CC[C@H](O)CC(=O)NCC1(NC(=O)Cc2nnc(C)s2)CCC1,,,,,,ZINCnd000005Keig
,,CC[C@H](NC(=O)NNC(=O)c1ccc2nccn2c1)C1CCCCC1,,,,,,ZINCpw00000ws1Dh
,,CSC[C@@H](C)C(=O)N1C[C@H](CC(=O)NCCCC(N)=O)C2(CC2)C1,,,,,,ZINCof00000HTZvn
,,O=C(CCn1ccnc1)NCC1CC2(C1)CN(C(=O)C1(Cl)CC1)C2,,,,,,ZINCoj00000sLFsK
,,COCC[C@@H](OC)C(=O)NC[C@H](CO)NC(=O)C=Cc1cc[nH]n1,,,,,,ZINCo500000EJT07
,,CC[C@H](O)CC(=O)N1CCN(C(=O)CCC2CCC2)C[C@H](O)C1,,,,,,ZINCnd000005KduD
,,CN1CCN(CC(=O)N2C[C@H](NC(=O)C3(C)COC3)C(C)(C)C2)CC1,,,,,,ZINCp5000002whlq
,,CCCN(CCNC(=O)c1ccsc1)C(=O)[C@H]1CCO[C@@H](CC)C1,,,,,,ZINCoz000006W4BI
,,O=C(N[C@H]1CCCC[C@H]1CO)[C@H]1CCN(C(=O)[C@H]2C=CCC2)CCO1,,,,,,ZINCpi00001BPx78
,,Cc1ccc2cc(NC(=O)NC[C@]3(C)COC(=O)C3)cnc2c1,,,,,,ZINCnw00000mNXTR
,,COCC[C@H](OC)C(=O)NC[C@@H](F)CNC(=O)c1cnc(N)cn1,,,,,,ZINCo500000EJT0g
,,CN1CCN(C(=O)c2cnn(C)n2)C[C@@H]1CNC(=O)[C@H]1CC12CCC2,,,,,,ZINCp5000002w9rO
,,CC[C@H](O)CC(=O)N1C[C@@H]2[C@@H](C[C@H]2NC(=O)c2ccn(C)c2)C1,,,,,,ZINCnd000005Ke15
,,CC[C@H](O)CC(=O)N(C)C1CN(C(=O)Cc2ccc(C)nc2)C1,,,,,,ZINCnd000005KcPQ
,,Cc1ccc2c(CN3CC[C@@](F)(CN(C)C)C3)cc(=O)oc2c1,,,,,,ZINCnv00000mNXTN
,,C=CCCC1(CN(C[C@@H]2C[C@H]2CC)C(=O)[C@@H]2CCN(CC)C2)CC1,,,,,,ZINCoJ00000ltu8N
,,C[C@H](CC(C)(C)C)[C@H](F)C(=O)NC12CC(CNC(=O)C=C(Cl)Cl)(C1)C2,,,,,,ZINCpI00000sYbky
,,COCC[C@H](OC)C(=O)NC[C@@H](CO)NC(=O)Cc1nc(=N)[nH][nH]1,,,,,,ZINCo300000EJT06
,,COCC[C@H](OC)C(=O)NC[C@H](CO)NC(=O)c1ccccc1F,,,,,,ZINCo600000EJT00
,,CC[C@H](O)CC(=O)N1CCN(c2ncncc2Br)[C@H](CCO)C1,,,,,,ZINCnd000005KdBn
,,CC[C@H](O)CC(=O)N1C[C@H]2[C@@H](Nc3nnccc3C#N)C[C@H]2C1,,,,,,ZINCnd000005Ke8x
,,O=C(N[C@H]1C=CCC[C@H]1CO)[C@H]1C=CCN1C(=O)[C@@H]1C[C@H]2C=C[C@@H]1C2,,,,,,ZINCpk00001BPx70
,,CC[C@H](O)CC(=O)NC[C@H]1CCN1C(=O)[C@@H]1CCCN1C(C)C,,,,,,ZINCnd000005KeMY
,,CCC[C@H](C)CN(CCC1(CO)CCC1)C(=O)c1ncccn1,,,,,,ZINCnz00000sTWNr
,,CCC=C1CCN(C(=O)[C@H]2CCN(C(=O)[C@@H]3CCSC3)C(C)(C)C2)C1,,,,,,ZINCpD00000xxpKA
,,COC(=O)c1ccc(CNC(=O)C(=O)N2CCN(C)CC(F)(F)C2)s1,,,,,,ZINCpb00000MKesr
,,O=C(CCn1ccnc1)NCC1(C(=O)NC[C@@H]2CCC2(F)F)CC1,,,,,,ZINCoj00000sLFsN
,,CN1CCN(C(=O)c2cnsc2)[C@H](CNC(=O)[C@@H]2COCCN2C)C1,,,,,,ZINCp5000002wagy
,,CC[C@@H](CN(C)C(=O)Cc1ccc(Br)nc1)NC(=O)[C@]1(C)CCCO1,,,,,,ZINCpt00000gt5oS
,,COCC[C@@H](OC)C(=O)NC[C@H](CO)NC(=O)c1ccncc1Cl,,,,,,ZINCo500000EJT02
,,CCCN(CCNC(=O)c1cnn(C)c1Cl)C(=O)C=CC=C(Cl)Cl,,,,,,ZINCoz000006W4Re
,,CC[C@H](O)CC(=O)N1CC[C@@H](Nc2ncc3c(n2)CCOC3)C1,,,,,,ZINCnd000005KdJ7
,,CN1CCN(C(=O)c2coc(S(N)(=O)=O)c2)[C@H](CNC(=O)CCF)C1,,,,,,ZINCp5000002waFW
,,COC1(c2ccc(Br)cc2)CN(C(=O)NCC2=NO[C@@H]3OCC[C@@H]23)C1,,,,,,ZINCpq00000CdcQm
,,COC1(c2cccc(Br)c2)CN(C(=O)NC[C@@H]2CCCN(C)C2=O)C1,,,,,,ZINCpr00000CdcQt
,,CN1CCN(C)CC(C(=O)N2CC[C@](C)(NC(=O)c3nncs3)C2)C1,,,,,,ZINCp5000002wdZo
,,CN1CCN(CC(=O)N2CCCC[C@@H](NC(=O)CSCC#N)C2)CC1,,,,,,ZINCp5000002wg6s
,,CN1CCN(CC(=O)N2CC[C@@H](CNC(=O)CCF)C2(C)C)CC1=O,,,,,,ZINCp5000002wgF7
,,C=CCCC1(CN(C[C@@H]2C[C@H]2CC)C(=O)[C@@H]2[C@H]3CCC(=O)[C@H]32)CC1,,,,,,ZINCoI00000ltu8O
,,COC1(c2cccc(C(=O)NC3(CO)CC(F)(F)C3)c2)CCOCC1,,,,,,ZINCps00000CdcQD
,,CC[C@H](O)CC(=O)N(C)CCCNC(=O)c1cc(N)cnc1C,,,,,,ZINCnd000005KcRW
,,CCCN(CCNC(=O)c1ccoc1C)C(=O)[C@@H]1[C@H]2CCCC[C@H]21,,,,,,ZINCoz000006W4yP
,,CC1(C)CCN(CC(=O)N2C[C@@H]3CCC[C@H](C2)C3(F)F)C1,,,,,,ZINClw00000cUYN9
,,CC[C@H](O)CC(=O)N[C@@H]1C=CCN(C(=O)C[C@@H]2CCC(=O)C2)C1,,,,,,ZINCnd000005KeYb
,,CC[C@H](O)CC(=O)NC[C@@H](CC)NC(=O)C(C)(C)CC(=O)OC,,,,,,ZINCnd000005Kew2
,,O=C(N[C@@H]1CCN(Cc2cccc(O)c2O)C[C@H]1F)c1ccoc1,,,,,,ZINCoq00000ibUwe
,,CN1CCN(C(=O)c2coc(O)n2)[C@H](CNC(=O)c2cccnc2)C1,,,,,,ZINCp5000002waFr
,,C=CCCC1(CN(C[C@H]2C[C@H]3C=C[C@H]2C3)C(=O)c2cnco2)CC1,,,,,,ZINCoK00000ltu8P
,,CC[C@@H](CN(C)C(=O)Cc1ccc(Br)cn1)NC(=O)[C@@H](CC)COC,,,,,,ZINCpu00000gt5oR
,,O=C(N[C@@H]1CCN(Cc2ccc(CO)cc2)C1)c1ccnc(Br)c1,,,,,,ZINCot00000ibUwf
,,CC[C@H](NC(=O)NNC(=O)c1cc(I)ccc1O)c1c(C)noc1C,,,,,,ZINCpw00000ws1Dp
,,CN1CCN(C(=O)c2coc(O)n2)C[C@H]1CNC(=O)[C@H]1CSCCS1,,,,,,ZINCp5000002waCb
,,COCC[C@H](OC)C(=O)NC[C@H](CO)CNC(=O)CSCC(N)=O,,,,,,ZINCo400000EJSZZ
,,Cn1ncc2cc(CNC(=O)Nc3cnn4c3OCCC4)ccc21,,,,,,ZINCoo00000si7rv
,,CC(C)[C@H](C)C(=O)NCCCC[C@H](C)NC(=O)c1cscn1,,,,,,ZINCmy000003G6yb
,,CN1CCN(CC(=O)N2CCC[C@H](CNC(=O)C3CSC3)C2)CC1=O,,,,,,ZINCp5000002wgk4
,,CC(C)=CC(=O)N[C@]12CCC[C@@H]1N(C(=O)CC[S@@](C)=O)CC2,,,,,,ZINCmj000004ZH7S
,,C=Cc1ccc(N2[C@H]3CCC[C@H]2CC(O)C3)nc1,,,,,,ZINCiw00000ct0og
,,CN1CCN(C(=O)c2nccs2)[C@H](CNC(=O)Cc2cnn(C)n2)C1,,,,,,ZINCp5000002wcu2
,,CC1(C)CC2(C[C@H]2C(=O)NCCCNC(=O)[C@]2(C)CC2(C)C)C1,,,,,,ZINCny00000mNXTJ
,,CN1CCN(CC(=O)N2CC(CNC(=O)c3coc(CO)c3)C2)CC1,,,,,,ZINCp5000002wftv
,,CCCN(CCNC(=O)c1cnn(CCC)c1)C(=O)C(Br)=C(C)C,,,,,,ZINCoz000006W4Rq
,,CC(C)=CC(=O)N[C@H]1CC[C@H](NC(=O)c2c[nH]c(=N)o2)CC1,,,,,,ZINCmj000004ZH1a
,,CN(CCCCO)c1ccc(S(=O)(=O)NC[C@]2(C)C[C@@H]2Br)cc1F,,,,,,ZINCou00000pfS81
,,CC[C@H](CN(C)C(=O)Cc1ccc(Br)nc1)NC(=O)CC1(C#N)CC1,,,,,,ZINCpu00000gt5oV
,,CSC[C@@H](C)C(=O)N1C[C@H](C)[C@@H]1C(=O)N[C@H](C)Cc1nncn1C,,,,,,ZINCod00000HTZvd
,,CC(C)[C@H](C)C(=O)NC[C@H](C)CN(C)C(=O)[C@@H]1CC=CCC1,,,,,,ZINCmy000003G6H6
,,O=C(N[C@H]1CCN(Cc2cccc([N+](=O)[O-])c2Cl)C1)c1cnco1,,,,,,ZINCos00000ibUw9
,,CN1CCN(C(=O)c2csnn2)[C@H](CNC(=O)CN2C[C@H]3C[C@@H]3C2)C1,,,,,,ZINCp5000002wbfU
,,CN(CCCCO)c1ccc(Br)c(S(=O)(=O)NC[C@H]2CC2(Cl)Cl)n1,,,,,,ZINCov00000pfS7V
,,CO[C@@]1(c2cccc(C(=O)N=c3nc4ccccn4[nH]3)c2)CCOC1,,,,,,ZINCps00000CdcQE
,,CN1CCN(C(=O)c2ccsc2)[C@H](CNC(=O)C#CC(=O)N(C)C)C1,,,,,,ZINCp5000002w7y0
,,CC(C)=CC(=O)N[C@H](C)CC1CN(C(=O)C(F)(F)[C@H](C)O)C1,,,,,,ZINCmj000004ZGS5
,,CC[C@H](NC(=O)NOC[C@@H](O)C(C)(C)C)c1cc(OC)cc(OC)c1,,,,,,ZINCpx00000ws1DA
,,CC[C@H](NC(=O)NNC(=O)c1ccccc1NC)c1cccc(C)n1,,,,,,ZINCpv00000ws1Dj
,,O=C(N[C@H]1CCCC[C@H]1CO)[C@@H]1C=CCCN1C(=O)C[C@@H]1CCCO1,,,,,,ZINCpj00001BPx6Y
,,C#Cc1ccc(C(=O)NCC2(O)CC=CC2)nc1,,,,,,ZINCie00000JSieh
,,CCCN(CCNC(=O)c1ccsn1)C(=O)[C@H]1C[C@H]1C1CCCC1,,,,,,ZINCoz000006W4G9
,,C=CC[C@H](C)CN(CCC1(COC)CC1)C(=O)c1cc(O)cs1,,,,,,ZINCnJ00000sTWNn
,,CCCN(CCNC(=O)c1cncc(Cl)c1)C(=O)[C@]1(C)CCCS1,,,,,,ZINCoz000006W4Ns
,,CCc1cc(CN2CC[S@@](=N)(=O)C(C)(C)C2)ccn1,,,,,,ZINCjs00000ct0od
,,O=C(N[C@@H]1CCCC[C@@H]1CN=c1nc[nH]s1)[C@H]1CCN(C2CC2)C1=O,,,,,,ZINCpm00001BPx6B
,,CC[C@H](O)CC(=O)N1CCN(C(=O)c2ccnn2CC)[C@H](C)C1,,,,,,ZINCnd000005KdAb
,,CC[C@H](NC(=O)NNC(=O)c1ccc(O)c(Cl)c1)c1cccc(O)c1,,,,,,ZINCpy00000ws1Do
,,O=C(N[C@@H]1CCCC[C@H]1CN=c1[nH]cnc2cccnc12)[C@@H]1CCO1,,,,,,ZINCpp00001BPx6D
,,O=C(N[C@H]1CCCC[C@H]1CO)[C@@H]1CCN1C(=O)COC1CCCCC1,,,,,,ZINCpm00001BPx77
,,CN1CCN(C(=O)c2cncc(F)n2)C[C@H]1CNC(=O)CC(C)(C)O,,,,,,ZINCp5000002w8Bs
,,O=C(N[C@H]1CCCC[C@H]1CO)[C@@H]1[C@H]2CN(C(=O)C3CCCCC3)C[C@H]21,,,,,,ZINCpp00001BPx7c
,,C#Cc1ccc(C(=O)NCC[C@]2(C)CCN2)cc1F,,,,,,ZINCjm00000JSies
,,C[C@@H](CC#N)C(=O)N(Cc1cccs1)CC1(O)CCCCC1,,,,,,ZINCmD00000hkZl3
,,CN(CCCCO)c1ccc(S(=O)(=O)N[C@@H]2CC[C@H]3C[C@H]32)cc1Br,,,,,,ZINCox00000pfS82
,,O=C(N[C@H]1CCCC[C@H]1CO)[C@@H]1C=CCN(C(=O)C2C[C@H]3C[C@@H]3C2)C1,,,,,,ZINCpn00001BPx71
,,CO[C@@]1(c2cccc(C(=O)N3CC[C@]4(CCN(C)C4)C3)c2)CCOC1,,,,,,ZINCpr00000CdcQy
,,CC[C@H](O)CC(=O)N[C@@H](C)CN(C)C(=O)c1ccc(Cl)nc1O,,,,,,ZINCnd000005KeUd
,,CN1CCN(CC(=O)NC[C@@H]2CCN(C(=O)C3CC3)C23CC3)CC1=O,,,,,,ZINCp5000002wiT3
,,CCc1ccc(C(=O)NCCc2ncno2)cn1,,,,,,ZINCig00000JSiez
,,CN1CCN(C(=O)c2nccs2)C[C@H]1CNC(=O)c1cccc[n+]1[O-],,,,,,ZINCp5000002wcrD
,,O=C(N[C@H]1CCCC[C@H]1CO)c1cncc(CNC(=O)[C@@H]2C[C@@H]2Cl)c1,,,,,,ZINCpm00001BPx6R
,,CC(C)=CC(=O)N[C@@H]1CN(c2ncnc3c2CCO3)C[C@@H]1C,,,,,,ZINCmj000004ZGLH
,,O=C(N[C@@H]1CCN(Cc2cccc(O)c2O)C1)c1ccnc(Br)c1,,,,,,ZINCos00000ibUwd
,,CCC=C1CCN(C(=O)[C@@H]2CCN(C(=O)CO[C@H](C)CC)C2(C)C)C1,,,,,,ZINCpz00000xxpKR
,,CC(C)=CC(=O)N[C@@]1(CF)CCN(C(=O)C2(C)CC(=O)C2)C1,,,,,,ZINCmj000004ZGPC
,,Cn1ncc2cc(CNC(=O)N3CCOC[C@@H]3CCC#N)ccc21,,,,,,ZINCon00000si7rt
,,CN1CCN(C)CC(C(=O)N(C)CCN(C)C(=O)Cc2cnns2)C1,,,,,,ZINCp5000002wdsk
,,C[C@H](CC#N)C(=O)N(Cc1cccs1)CC1(CO)CC=CC1,,,,,,ZINCmz00000hkZl2
,,Cc1ccc2cc(NC(=O)N[C@H]3CCC(=O)N[C@H]3C)ccc2n1,,,,,,ZINCnt00000mNXTS
,,CSC[C@@H](C)C(=O)N1C[C@H](C)[C@@H](C(=O)N[C@H]2CCC[C@H]2C(N)=O)C1,,,,,,ZINCoe00000HTZvk
,,Cn1ncc2cc(CO)c(N3CCc4cc(C#N)ccc4C3)nc21,,,,,,ZINCoo00000si7rD
,,CSC[C@@H](C)C(=O)N1C[C@H](C)[C@@H](C(=O)N[C@H](C)Cn2cnnc2)C1,,,,,,ZINCoe00000HTZvl
,,CC[C@H](O)CC(=O)N1C[C@@H](NC(=O)c2cncnc2)CC[C@H]1C,,,,,,ZINCnd000005KdYw
,,CN(C)CCCOc1cnccc1Cn1cc([C@H]2CC2(C)C)nn1,,,,,,ZINCov00000pfS8a
,,CC[C@H](O)CC(=O)NC[C@H](CC)N=c1cnc(C(=O)OC)c[nH]1,,,,,,ZINCnd000005KeIA
,,CN1CCN(C(=O)c2cnc[nH]2)[C@H](CNC(=O)CN2C[C@H]3C[C@H]3C2)C1,,,,,,ZINCp5000002w8wR
,,CN(CCCCO)c1ccc(S(=O)(=O)N[C@H]2C[C@@H]3C[C@@H]3C2)cc1Br,,,,,,ZINCox00000pfS83
,,CC[C@H](CN(C)C(=O)Cc1ccc(Br)cn1)NC(=O)C1=C(C)OCC1,,,,,,ZINCpu00000gt5oQ
,,C#CCC1CCN(C(=O)[C@H]2CCN(C(=O)[C@@H](C)C=C)[C@@H](CC)C2)CC1,,,,,,ZINCpA00000xxpKE
,,CN1CCN(C(=O)c2nc(=O)n(C)[nH]2)[C@@H](CNC(=O)c2ccoc2)C1,,,,,,ZINCp5000002wbLn
,,CC[C@H](NC(=O)NNC(=O)c1ncc(Br)cn1)c1cc(Cl)cnc1F,,,,,,ZINCpv00000ws1Ds
,,Cn1nc(-c2ccco2)cc1NC(=O)C[C@@H]1CNCC2(CCC2)O1,,,,,,ZINCop00000si7rA
,,Cc1ccc(N(C)C(=O)N2CC[C@@H]([S@](C)(=N)=O)C2)c(F)c1,,,,,,ZINClu00000cUYN6
,,C[C@H](CC(C)(C)C)[C@@H](F)C(=O)N1CCO[C@H](C(=O)c2ccccc2)C1,,,,,,ZINCpF00000sYbkw
,,O=C(N[C@H]1CCCC[C@H]1CO)[C@H]1C[C@H]2CC[C@@H]1N2C(=O)C1(F)CCC1,,,,,,ZINCpp00001BPx72
,,CN1CCN(C(=O)c2coc(Br)n2)C[C@@H]1CNC(=O)C1CS(=O)(=O)C1,,,,,,ZINCp5000002wapA
,,CN1CCN(C(=O)c2nccs2)C[C@@H]1CNC(=O)c1cc(O)n(C)n1,,,,,,ZINCp5000002wcqd
,,CC[C@H](O)CC(=O)NC[C@@H](C)CN(C)C(=O)C(F)(F)[C@H](O)CC,,,,,,ZINCnd000005Kete
,,O=C(CCn1ccnc1)NC[C@H]1C[C@H]1CC(=O)NCC=CC1CC1,,,,,,ZINCok00000sLFsV
,,COc1csc(CN2CC[C@H](OCC(F)F)C2)c1OC,,,,,,ZINCkw00000amRbo
,,CSC[C@H](C)C(=O)N1C[C@H](CC(=O)NC2(C(N)=O)CC2)C2(CC2)C1,,,,,,ZINCod00000HTZvm
,,O=C(N[C@H]1CCCC[C@H]1CO)[C@]12C[C@H]1CN(C(=O)[C@]13CSC[C@@H]1C3)C2,,,,,,ZINCpi00001BPx6N
,,COc1csc(CN2C[C@H]3C[C@@]3(C(F)(F)F)C2)c1OC,,,,,,ZINCkB00000amRbp
,,CCCN(CCNC(=O)c1ccns1)C(=O)C[C@@H]1CCC(F)(F)C1,,,,,,ZINCoz000006W4w6
,,CN1CCN(C(=O)c2ns[nH]c2=O)[C@H](CNC(=O)C2(CO)CCC2)C1,,,,,,ZINCp5000002wdcJ
,,CC(C)[C@H](C)C(=O)NCC1CN(Cc2ccc(F)c(F)c2)C1,,,,,,ZINCmy000003G6xd
,,O=C(N[C@H]1CCCC[C@H]1CO)[C@@H]1C[C@H]2C[C@H]2N1C(=O)C1CC2(CC2)C1,,,,,,ZINCpo00001BPx73
,,CN1CCN(C(=O)c2cncc(N)c2)C[C@@H]1CNC(=O)[C@H]1CCCO1,,,,,,ZINCp5000002w8Dn
,,CN1CCN(C(=O)c2ncccn2)[C@H](CNC(=O)[C@@]2(O)CCSC2)C1,,,,,,ZINCp5000002wcex
,,CN1CCN(CC(=O)N2C[C@@H]3C[C@H]2CN3C[C@H]2CCCCO2)CC1=O,,,,,,ZINCp5000002whiR
,,CN1CCN(CC(=O)NC[C@@H]2CCN2C(=O)[C@H]2CCCN2N=O)CC1,,,,,,ZINCp5000002wiXx
,,CC[C@H](NC(=O)NNC(=O)CNc1ccccc1F)c1ccccc1,,,,,,ZINCpx00000ws1Du
,,CC1(C)C[C@]2(CCN(N3Cc4ccccc4C[C@H]3CO)C2)CO1,,,,,,ZINCns00000mNXTU
,,C=CCC1(C)CN(C(=O)[C@H]2CCN(C(=O)[C@@H](C)C(F)(F)F)C23CC3)C1,,,,,,ZINCpz00000xxpKH
,,CC[C@H](NC(=O)NNC(=O)OCC[Si](C)(C)C)c1noc(C2CC2)n1,,,,,,ZINCpw00000ws1Dy
,,CC[C@H](O)CC(=O)N(C)CCN(C(=O)C1=COCCO1)C(C)C,,,,,,ZINCnd000005KcS9
,,CC[C@@H](NC(=O)NNC(=O)c1ccncc1)C(C)(C)c1ccccc1,,,,,,ZINCpx00000ws1Dq
,,O=C(NCCOCCCF)N[C@@H](CO)Cc1ccoc1,,,,,,ZINCke00000PCnFv
,,Cc1cccnc1CCCNC(=O)[C@@H]1CC[C@H](n2cc(CO)nn2)C1,,,,,,ZINCpl00000n2Mrm
,,C[C@H](O)C(C)(C)CN(Cc1nc[nH]n1)C(=O)c1cc(F)ccc1N,,,,,,ZINCol00000K85KQ
,,CC1(C)C[C@H](O)[C@H](O)CN(C(=O)Nc2ccc(Cl)c(F)c2)C1,,,,,,ZINCmu000005ESNq
,,C=CC[C@H](CNC(=O)c1ncsc1C)C(=O)NC[C@@H](O)C(=O)OC,,,,,,ZINCo6000012IDUv
,,COc1cccc([C@@]2(C)CCN(C(=O)C(=O)N[C@@H]3CC=CCC3)C2)c1,,,,,,ZINCpu000000nEJQ
,,Cc1ccn(C(C)(C)C(=O)N2CC(CNC(=O)c3csnc3C)C2)n1,,,,,,ZINCpl00000n2MVZ
,,Cc1cccnc1CC(=O)N[C@@H](C)CNC(=O)[C@]12CCC[C@H]1OCC2,,,,,,ZINCpl00000n2LHZ
,,COc1cccc([C@@H](C)CC(=O)N2CC([C@H](C)NC(=O)C=CI)C2)c1,,,,,,ZINCpB000003NTTb
,,C#CCCC[C@@H](C)C(=O)N1CC[C@@H](CN=c2[nH]cnc(C)c2Br)C1,,,,,,ZINCoC00000t9mHa
,,CC/C=C/C[C@@H](C)C(=O)N1CC[C@@H](CNC(=O)C[C@H]2CCSC2)C1,,,,,,ZINCoA00000t9mHh
,,C[C@@H](CNC(=O)C1(O)CC1)N(C)C(=O)[C@H](C1CCCCC1)C(C)(C)C,,,,,,ZINCpx00000cW604
,,Cc1cccnc1CC(=O)N1C[C@@H]2C[C@H]1CN2C(=O)CCOC(C)C,,,,,,ZINCpl00000n2Lb6
,,O=C(NCCOCCCF)N1C[C@@H](O)[C@H](CO)C1,,,,,,ZINCi500000PCnFk
,,C#CC(C)(C)N(C(=O)[C@H]1COC[C@H]1NC(=O)[C@@H](O)C=CC)C1CC1,,,,,,ZINCoa00000HNoL5
,,CC1(C)C[C@H](NC(=O)c2ccc([C@@H]3CCCOC3)cc2)CN1,,,,,,ZINCmu000005ESJb
,,COc1cccc([C@H](C)CC(=O)NCCCCC(C)(C)C(=O)NN)c1,,,,,,ZINCpu000000nEO0
,,C=CC=CCC(=O)N1CCCC[C@@H](NC(=O)[C@H](COC)NC(C)=O)C1,,,,,,ZINCpd00000wfbzu
,,C[C@@H](CNC(=O)C1(c2ccc(Cl)cc2Cl)CCCC1)N(C)C(=O)CO,,,,,,ZINCpx00000cW66p
,,O=C(NCCOCCCF)NC1CC2CC(C2)C1,,,,,,ZINCio00000PCnFn
,,O=C(NCCOCCCF)NC[C@H]1CCC2(CC2)CO1,,,,,,ZINCkm00000PCnFr
,,C[C@H](O)C(C)(C)CN(Cc1nccs1)C(=O)[C@H]1CC[C@H](O)CN1C,,,,,,ZINCoj00000K85KO
,,CC[C@H]1CCCCN1CCNC(=O)c1cnc(C(=O)O)nc1,,,,,,ZINCmh00000uDL5b
,,CC1(C)C[C@H](NC(=O)C[C@H]2CCC3(CCNCC3)O2)CCS1,,,,,,ZINCmu000005ESEf
,,C=CC1(CC(=O)N2CCC(COC)(NC(=O)CCC(N)=O)CC2)CC1,,,,,,ZINCpd00000wf6H5
,,Cc1cccnc1C=CC(=O)N1CC(NC(=O)[C@](C)(O)C(C)(C)C)C1,,,,,,ZINCpl00000n2KhQ
,,CC1(CC(=O)N[C@@H]2C[C@H]3[C@@H](C2)[C@@H]3NC(=O)CSS(C)(=O)=O)CC1,,,,,,ZINCne00000Ugqtw
,,CC/C=C/C(=O)NC[C@H](NS(=O)(=O)CCC1(F)CCC1)C1CC1,,,,,,ZINCnq00000EVB3L
,,C=CC1(CC(=O)NC[C@H]2C[C@@H](O)CN2C(=O)[C@H](F)n2cccn2)CC1,,,,,,ZINCpd00000wf9AM
,,C[C@@H](CNC(=O)C1(Cc2cccc(F)c2)CC1)N(C)C(=O)[C@@H]1C[C@H]1C,,,,,,ZINCpx00000cW5O2
,,Cc1c(C(=O)N[C@H]2C[C@@H](CCC(=O)NC[C@@H](F)Cl)C2)ncn1C,,,,,,ZINCnm00000UgqtB
,,C=CC=CCC(=O)N1C[C@@H](O)[C@H](N(C)C(=O)C[C@@H]2CC=CCN2C)C1,,,,,,ZINCpd00000wfcIy
,,O=C(NCCOCCCO)[C@@]12CC[C@@](CO)(C1)NC2,,,,,,ZINCj500000PCnFx
,,CN(CC(=O)N[C@H](CNC(=O)[C@H]1C[C@](C)(F)C1)C1CC1)C1CCC1,,,,,,ZINCom00000FBJVT
,,Cc1cccnc1CC(=O)NCCN(C)C(=O)c1cc(Br)cnc1N,,,,,,ZINCpl00000n2Lr7
,,Cc1cccnc1CC(=O)N1CCN(C(=O)c2nc(Br)c[nH]2)[C@H]2C[C@H]21,,,,,,ZINCpl00000n2L61
,,CCCCCN(C(=O)[C@H]1COC[C@H]1NC(=O)[C@@H](C)NC=O)C(C)C,,,,,,ZINCoc00000HNoL1
,,O=C(NCCOCCCF)[C@H]1C[C@@H](O)CCO1,,,,,,ZINCh600000PCnF4
,,CC1(C)C[C@H]1CC(=O)NC1CCN(C(=O)C=CC2CC2)CC1,,,,,,ZINCmu000005ESUU
,,C=C=CCC(=O)N(C[C@H](O)c1ccc(C)o1)C[C@H]1[C@@H]2COC[C@@H]21,,,,,,ZINCnq00000EVB3S
,,C=CC1(CC(=O)N[C@@H](CO)CNC(=O)[C@@H]2C[C@@H]3O[C@H]2[C@H]2C[C@@H]32)CCC1,,,,,,ZINCpd00000wf9PV
,,CN(C(=O)c1cscn1)[C@H]1CCCN(C[C@@H](O)CC(F)(F)F)CC1,,,,,,ZINCot000004bXup
,,C=CC[C@H](CNC(=O)c1nnsc1N)C(=O)N1CC[C@@H](N(C)C)C1,,,,,,ZINCo8000012IDUG
,,CC[C@H]1CCCCN1CCNc1nc(C(N)=O)c(N)nc1N,,,,,,ZINCma00000uDL5a
,,COc1cccc([C@H](C)C(=O)NC[C@H](C)NC(=O)c2cc(C)cs2)c1,,,,,,ZINCpB000003NU1a
,,C[C@@]1(C(=O)Nc2cncc(C3CC3)c2)CC1(F)F,,,,,,ZINCiz00000aS4m2
,,CN(C(=O)c1csnn1)C1CCC(Nc2ccc(C#N)nc2)CC1,,,,,,ZINCot000004bXw8
,,C=C(C)C[C@@H](C)C(=O)NCC1(CNC(=O)C=C(C)C)CC1,,,,,,ZINClv000006v4TF
,,C[C@@H](CNC(=O)C1(O)CCCCCC1)NC(=O)c1ccc(Cl)cc1F,,,,,,ZINCpx00000cW62u
,,C=CC[C@H](CNC(=O)c1n[nH]c(=N)[nH]1)Nc1nc(C)cc(OC)n1,,,,,,ZINCo8000012IDUC
,,CCC#CCNC(=O)[C@H]1COC[C@H]1NC(=O)[C@@H]([C@H](C)CC)N(C)C,,,,,,ZINCoc00000HNoKY
,,CC(C)[C@@H](C)NC(=O)C1=NO[C@H](CNC(=O)CN2C[C@@H]3C[C@H]3C2)C1,,,,,,ZINCo9000012IDUM
,,C=CCCC(=O)N[C@@H]1C[C@@H]2CC[C@H](C1)N2C(=O)C(C)(C)C(=C)C,,,,,,ZINCnB000003WzMP
,,C=C[C@H]1CCC[C@H](NC(=O)C(=O)Nc2cccc(C#N)n2)C1,,,,,,ZINCmn00000uDL52
,,CCC=CC(=O)NC[C@@H](NC(=O)[C@H](C)[C@@H](O)[C@@H](C)CC)C(C)C,,,,,,ZINCns00000EVB3D
,,CC1(C)C[C@H](NC(=O)CP(C)(C)=O)CN1C(=O)c1cccs1,,,,,,ZINCmu000005ESDH
,,CC(C)[C@H](CNC(=O)C1=NO[C@H]2COC[C@@H]12)C(=O)N1CC[C@H](F)C1,,,,,,ZINCo9000012IDUI
,,CC(C)n1cccc1C(=O)NC[C@@H](O)CC(=O)N(C)[C@H](C)CC1CC1,,,,,,ZINCpr00000CDNpy
,,CC[C@H]1CCC[C@@H](C(=O)OC)N1C(=O)Cc1ncn(C)c1C,,,,,,ZINCmm00000uDL4X
,,C=CC[C@@H](CNC(=O)c1nnccc1C)NS(=O)(=O)c1ncc[nH]1,,,,,,ZINCo7000012IDUx
,,CCCCCC(=O)NCCC(C)(C)C(=O)NCCc1nnc(C)s1,,,,,,ZINCow00000p9vRU
,,C[C@@]1(CC(=O)N[C@H]2C[C@H](CC(=O)NCCCCO)C2)CCOC1,,,,,,ZINCnf00000UgqtK
,,CC[C@H]1CCC[C@@H](C(=O)N2CCOC[C@@H]2c2nc(C)co2)N1,,,,,,ZINCmo00000uDL4Q
,,Cc1cccnc1C=CC(=O)N[C@@H]1COCC[C@@H]1NC(=O)CC1CC1,,,,,,ZINCpl00000n2KID
,,O=C(NCCOCCCF)N[C@H]1CCN(C2CCCC2)C1,,,,,,ZINClm00000PCnFu
,,Cc1c(C(=O)N[C@H]2C[C@H](CC(=O)N3CC[C@H]4C[C@H]43)C2)ccn1C,,,,,,ZINCno00000UgqtH
,,CC/C=C/C(=O)NC[C@H](NS(=O)(=O)[C@H](C)CC)c1ccccc1,,,,,,ZINCnv00000EVB3P
,,CC[C@H]1CCC[C@@H](NC(=O)NNc2ncnc3n[nH]cc23)C1,,,,,,ZINCmp00000uDL56
,,CCC(CC)[C@@H](C)C(=O)N1CC[C@@H](CN(C)C(=O)[C@@H](C)N=[N+]=[N-])C1,,,,,,ZINCoA00000t9mHc
,,Cc1cccnc1CC(=O)N[C@@H](C)C[C@@H](C)NC(=O)Cc1cocn1,,,,,,ZINCpl00000n2LI5
,,Cc1cccnc1C=CC(=O)NC[C@H]1[C@@H]2C[C@H]1CN2C(=O)[C@H](C)C#N,,,,,,ZINCpl00000n2KDY
,,CC/C=C/C(=O)NC[C@H](NS(=O)(=O)[C@H]1CCCC[C@H]1C)C1CC1,,,,,,ZINCnt00000EVB3O
,,COc1cccc(Cl)c1C(=O)N[C@H]1C[C@H](CNC(=O)[C@H]2CC2(Cl)Cl)C1,,,,,,ZINCpB000003NT4k
,,C#C[C@H]1CCC[C@@H](NC(=O)N2CCN(c3cnsn3)CC2)C1,,,,,,ZINCml00000uDL53
,,C=CC=CCC(=O)N1C[C@H](OC)C[C@@H]1CNC(=O)c1ncn(CC)n1,,,,,,ZINCpd00000wfd19
,,COc1cccc([C@H](C)CC(=O)NC[C@H](C)NC(=O)c2cccs2)c1,,,,,,ZINCpB000003NU4V
,,COc1cccc([C@H](C)CC(=O)N[C@@H](C)CN(C)C(=O)CC(C)C)c1,,,,,,ZINCpB000003NU57
,,C=CC1(CC(=O)N2CC[C@@H](CN(C)C(=O)Cn3ncnn3)C2)CCC1,,,,,,ZINCpd00000wf7kx
,,C#C[C@H]1CCC[C@@H](CNC(=O)[C@@H](C)n2cc(C(=O)O)cn2)C1,,,,,,ZINCmm00000uDL4I
,,C=CCCC(=O)N[C@@H]1C[C@@H](C)N(C(=O)c2cc3occc3s2)C1,,,,,,ZINCnB000003WzMh
,,C=CC1(CC(=O)NCC2(OC)CN(C(=O)Cn3ncc(Br)n3)C2)CC1,,,,,,ZINCpd00000wf8JK
,,O=C(NCCOCCCF)[C@H](F)CC1CNC1,,,,,,ZINCha00000PCnFb
,,C=CC[C@H](CNC(=O)c1n[nH]c(C)c1O)C(=O)N1C[C@H]2C[C@H]1CO2,,,,,,ZINCo9000012IDUA
,,CC[C@@H]1CCCCN1CCNC(=O)NCCc1cncn1C,,,,,,ZINCml00000uDL5e
,,Cc1cccnc1CCN=C(NCCC(=O)N(C)C)NC[C@H]1C[C@@H]1Cl,,,,,,ZINCpl00000n2Mtk
,,O=C(NCCOCCCF)[C@H](CO)NC(=O)[C@H]1CC12CC2,,,,,,ZINCl500000PCnFa
,,CC1=C(C(=O)N[C@H]2C[C@@H](CCC(=O)N[C@H](CO)C(C)C)C2)CC1,,,,,,ZINCnp00000UgqtD
,,C[C@@H](CNC(=O)C1(CO)CCC1)NC(=O)/C=C/c1c(Cl)cccc1Cl,,,,,,ZINCpx00000cW5ME
,,C#CCCC[C@H](C)C(=O)N1CC[C@H](C(=O)N2CCC[C@@H](C)C2)[C@H]1C,,,,,,ZINCoz00000t9mHp
,,COc1cc(F)c(N[C@@H]2CC[C@@H](CCC(=O)O)C2)cn1,,,,,,ZINCkw00000cxorF
,,COc1cccc([C@H](C)C(=O)Nc2ncn(Cc3ccccn3)n2)c1,,,,,,ZINCpu000000nENv
,,COc1cccc(SCC(=O)NC[C@H]2CC[C@H](NC(=O)C=CI)C2)c1,,,,,,ZINCpB000003NTMp
,,C#CCn1cccc1C(=O)N(CCOCC=C)Cc1cc(C#N)c[nH]1,,,,,,ZINCpr00000CDNpB
,,C=CC1(CC(=O)NCC[C@H]2[C@@H](C)CCCN2C(=O)CS(N)(=O)=O)CC1,,,,,,ZINCpd00000wf90d
,,CC1(C)C[C@H]1CC(=O)N1CC=C[C@H](NC(=O)CC2CCC2)C1,,,,,,ZINCmu000005ESRZ
,,Cc1cccnc1C=CC(=O)NCCNC(=O)c1coc2c1COC2,,,,,,ZINCpl00000n2Kxw
,,C[C@@H](CNC(=O)C1(F)CCCC1)NC(=O)COCc1ccccc1Cl,,,,,,ZINCpx00000cW5Wv
,,C=CC1(C2(C(=O)NCCNC(=O)[C@@H]3[C@H]4CNC(=O)[C@H]43)CCC2)CCC1,,,,,,ZINCpd00000wf63G
,,CC1(C(=O)Nc2cncc3nccnc23)CC=CC1,,,,,,ZINCjt00000aS4m1
,,C=CC=CCC(=O)N1CCOC[C@](F)(CNC(=O)[C@@H](O)C(F)(F)F)C1,,,,,,ZINCpd00000wfc4Q
,,CC1(C)C[C@H](OC(=O)[C@@]23CCCC(=O)N2CCC3)C(C)(C)O1,,,,,,ZINCmu000005ESOv
,,C=CC=CCC(=O)N(CC)CCNC(=O)CN1C(=O)[C@@H](C)[C@@H](C)C1=O,,,,,,ZINCpd00000wfbgR
,,Cc1c(C(=O)N[C@H]2C[C@@H]3C[C@H](NC(=O)[C@H](C)O)[C@@H]3C2)cnn1C,,,,,,ZINCn700000Ugqtv
,,CN(C(=O)c1cscn1)[C@H]1CC[C@@H](NC(=O)Cc2cscn2)CC1,,,,,,ZINCot000004bXuF
,,C=CC=CCC(=O)NC1(CN(C)C(=O)[C@@H](C)N2C(=O)CCC2=O)CC1,,,,,,ZINCpd00000wfddT
,,C=CCCC(=O)NC[C@@H](NS(=O)(=O)c1ccccc1Cl)C1CC1,,,,,,ZINCnu00000EVB3F
,,CC[C@H]1CCC[C@@H](CO)N1C(=O)C(=O)NCc1cc(Br)c[nH]1,,,,,,ZINCml00000uDL4O
,,CC1(C)C[C@H](NC(=O)c2ccccc2)CN1C(=O)CC(F)F,,,,,,ZINCmu000005ESJp
,,C[C@@H](CNC(=O)C1(F)CC=CC1)N(C)C(=O)C(C(F)(F)F)C(F)(F)F,,,,,,ZINCpx00000cW5Sf
,,CN(C(=O)c1csnc1Cl)[C@H](CNC(=O)[C@@H]1CCCCO1)C1CC1,,,,,,ZINCot000004bXvv
,,C[C@]1(CC(=O)N[C@H]2C[C@H](C)C2)CCN1C(=O)CCc1cnco1,,,,,,ZINCnp00000Ugqty
,,C=CCCC(=O)N[C@@H]1CN(C(=O)c2cc(Br)c[nH]2)CC(C)(C)C1,,,,,,ZINCnB000003WzKB
,,CC1=C(C(=O)N[C@@H]2C[C@H](CC(=O)NC3(CO)CC3)C2(C)C)CC1,,,,,,ZINCnm00000UgqtI
,,CC1=C(C(=O)N[C@H]2C[C@H]3C[C@H](NC(=O)[C@@H]4CCOC4)C[C@@H]23)CC1,,,,,,ZINCnl00000Ugqtu
,,C=C(C)C[C@@H](C)C(=O)N1C[C@@H](NC(=O)C(C)C)C(C)(C)C1,,,,,,ZINClv000006v4Qb
,,C=C(C)C[C@@H](C)C(=O)N1CCN(C(=O)C=CSC)[C@@H](C)C1,,,,,,ZINClv000006v4P2
,,C=C=C(C)CC(=O)N(C)CC(C)(C)C(=O)NCCc1scnc1C,,,,,,ZINCox00000p9vRX
,,COc1cccc([C@H](C)C(=O)N2CCN(C(=O)CC(F)(F)F)CC2)c1,,,,,,ZINCpu000000nEMk
,,C[C@@]1(CC(=O)N[C@@H]2C[C@H]2O)CCN1C(=O)c1cnnn1C1CC1,,,,,,ZINCn500000Ugqte
,,O=C(NCCOCCCF)N1CCO[C@@]2(CCSC2)C1,,,,,,ZINCki00000PCnFm
,,Cc1cccnc1C=CC(=O)NCC(C)(C)NC(=O)[C@H](F)C(C)(C)O,,,,,,ZINCpl00000n2Kru
,,CC/C=C\CNC(=O)[C@H]1COC[C@H]1NC(=O)[C@@H](CC)n1ccnc1,,,,,,ZINCog00000HNoKW
,,COc1cccc(F)c1C(=O)N1CCC[C@](C)(CNC(=O)C=CBr)C1,,,,,,ZINCpB000003NT87
,,CCC(CC)C(=O)N(C)CCCCC(=O)N(C)CCc1cnc[nH]1,,,,,,ZINCou00000p9vRZ
,,CN(C(=O)c1cscc1Cl)C1CN(C(=O)C[C@H]2CC=CCN2C)C1,,,,,,ZINCot000004bXrV
,,O=C(NCCOCCCF)[C@@H]1CNCCS(=O)(=O)C1,,,,,,ZINCj500000PCnF7
,,C=CC[C@@H](CNC(=O)C1=NOCC1)NS(=O)(=O)CC[C@@H]1CCCO1,,,,,,ZINCo9000012IDUH
,,CN(C(=O)c1csnn1)[C@@H]1CCCN(C(=O)C=CC2CCC2)CC1,,,,,,ZINCot000004bXwP
,,CC(C)CCC(=O)NCCCCCC(=O)NCCCc1cn[nH]c1,,,,,,ZINCov00000p9vS1
,,Cc1cccnc1CC(=O)NC[C@H](O)CN(C)C(=O)c1ccc(Br)o1,,,,,,ZINCpl00000n2LDr
,,CC/C=C/C[C@H](C)C(=O)N1CC[C@@H](CN=c2[nH]nc(C)o2)[C@@H](C)C1,,,,,,ZINCoC00000t9mHb
,,C=CC=CCC(=O)N1C[C@H]2C[C@H]1CCN2C(=O)c1ccnn(C)c1=O,,,,,,ZINCpd00000wfd5G
,,C/C=C(\C)C(=O)NC[C@H](NS(=O)(=O)[C@H]1CCCC[C@H]1C)C1CC1,,,,,,ZINCnt00000EVB3N
,,CC1=C(C(=O)N[C@H]2C[C@@H](CCC(=O)N[C@@H](C)CO)C2)CCCO1,,,,,,ZINCni00000UgqtC
,,CC[C@@H]1CCC[C@H](NC(=O)NNC(=O)c2cncc(O)c2)C1,,,,,,ZINCmn00000uDL58
,,C=CC1(CC(=O)N[C@@H]2C[C@H]2CNC(=O)Cn2cc([N+](=O)[O-])cn2)CC1,,,,,,ZINCpd00000wfajK
,,C=CCCC(=O)N[C@@H]1C[C@@H](NCc2csc(CC)n2)C12CCC2,,,,,,ZINCnB000003WzMv
,,C=CC=CCC(=O)N(CC)C[C@@H](C)NC(=O)[C@@H]1CCn2nnnc2C1,,,,,,ZINCpd00000wfbhc
,,C=CC1(C(=O)N[C@H]2C[C@@H](CNC(=O)c3cc(C(N)=O)cn3C)C2)CC1,,,,,,ZINCpd00000wf5MM
,,O=C(NCCOCCCF)[C@@H](C1CC1)[C@H]1CCCO1,,,,,,ZINCjm00000PCnF9
,,COc1cccc([C@H](C(=O)O)N(C)C(=O)c2ccnn2CC(C)C)c1,,,,,,ZINCpu000000nEM4
,,Cc1cccnc1OC1CCN(C(=O)c2cnn3cnnc3c2)CC1,,,,,,ZINCpl00000n2MEx
,,Cc1cccnc1CC(=O)N1C[C@@H]2C[C@H]1CN2C(=O)C#CC1CCC1,,,,,,ZINCpl00000n2Lb5
,,CCCC[C@@H](CC)C(=O)N1CC2(CNC(=O)[C@@H]3C[C@@H]3F)CCC1CC2,,,,,,ZINCpE00000kqpMl
,,CC[C@H]1CCCCN1CCNC(=O)NCCn1cc(Br)nn1,,,,,,ZINCmm00000uDL5h
,,O=C(NCCOCCCO)[C@H]1CCC[C@@H](CC(F)(F)F)N1,,,,,,ZINClf00000PCnFC
,,Cc1ccc(CN(CCN=[N+]=[N-])C(=O)[C@@H]2CCCSC2)nc1,,,,,,ZINCmB00000hfGBN
,,C=CC1(CC(=O)N(CC)C[C@@H](C)NC(=O)C2CC(=O)NC(=O)C2)CC1,,,,,,ZINCpd00000wf6l1
,,COc1cccc(F)c1C(=O)N(C)CCCN(C)C(=O)c1cccs1,,,,,,ZINCpB000003NT63
,,C[C@H](O)C(C)(C)CN(Cc1ncc([N+](=O)[O-])n1C)C(=O)CCC#N,,,,,,ZINCoj00000K85KJ
,,O=C(NCCOCCCF)N1CCC2(CC1)[C@H](O)C[C@H]2O,,,,,,ZINCl800000PCnFg
,,O=C(NCCOCCCF)N[C@H]1C[C@H]2CCCN2C1,,,,,,ZINCje00000PCnFt
,,C=CC1(CC(=O)N2CCN(C)C[C@H]2CNC(=O)[C@H](O)CCSC)CC1,,,,,,ZINCpd00000wf7bA
,,Cc1cccnc1C=CC(=O)NC1(CCNC(=O)c2cc[nH]n2)CC1,,,,,,ZINCpl00000n2Kpm
,,C=CCCC(=O)N[C@@H]1CN(C(=O)C2=C(Cl)CC2)CCC12CCC2,,,,,,ZINCnB000003WzGm
,,C=CC=CCC(=O)N1CCO[C@@H](CCNC(=O)[C@](C)(CC)C(N)=O)C1,,,,,,ZINCpd00000wfc5i
,,O=C(NCCOCCCF)N1CC[C@]12CCCS(=O)(=O)C2,,,,,,ZINCld00000PCnFf
,,C[C@@]1(C(=O)Nc2cnc(C(F)(F)F)s2)CCCS1,,,,,,ZINCiD00000aS4m5
,,C[C@H](O)C(C)(C)CN(Cc1cnn[nH]1)C(=O)CCCc1cc[nH]n1,,,,,,ZINCoi00000K85KE
,,C=CC=CCC(=O)N1CC2(C1)SCC[C@H]2NC(=O)C[C@@H](C)NC(N)=O,,,,,,ZINCpd00000wfbs8
,,C=C(C)C[C@@H](C)C(=O)NC1(C(=O)NCC2CC2)CCCC1,,,,,,ZINClv000006v4RB
,,C[C@@H](CNC(=O)C12CC(CCO1)C2)NC(=O)C[C@@H]1CCCC(C)(C)C1,,,,,,ZINCpx00000cW6pj
,,CCCn1cccc1C(=O)NCCSCC(=O)NC1(CCOC)CC1,,,,,,ZINCpq00000CDNpI
,,Cc1cccnc1CCN=C(NC1CCCC1)N1CCN(C)C(=O)C1,,,,,,ZINCpl00000n2Msj
,,CC[C@H]1CCC[C@@H](C(=O)O)N1C(=O)c1nnn2ccccc12,,,,,,ZINCml00000uDL4Z
,,COc1cc(F)c(N[C@H]2CC[C@H]3CCC[C@H]2O3)cc1F,,,,,,ZINCkE00000cxorE
,,C[C@]1(CC(=O)N[C@@H]2C[C@H]2O)CCN(C(=O)C[C@H]2COCCO2)C1,,,,,,ZINCn500000Ugqtg
,,C[C@H](O)C(C)(C)CN(Cc1ncco1)C(=O)C[C@]1(O)CCCOC1,,,,,,ZINCoj00000K85KM
,,C=CC[C@@H](CNC(=O)c1n[nH]c(O)n1)Nc1ncnc2ncsc12,,,,,,ZINCo8000012IDUD
,,C=CC1(CC(=O)N2CC3(CC[C@H]3NC(=O)[C@H]3COCCN3C)C2)CC1,,,,,,ZINCpd00000wf6Er
,,C=CC1(CC(=O)N[C@]2(C)CCCN(C(=O)Cn3cnc(=N)[nH]3)C2)CC1,,,,,,ZINCpd00000wfaWO
,,C=CC1(CC(=O)NC[C@@H]2CN(C(=O)[C@@H]3CC(C)=NO3)CCN2C)CC1,,,,,,ZINCpd00000wf9bs
,,C#CCn1cccc1C(=O)N(CC(=O)N(CC)CCSC)CC1CC1,,,,,,ZINCpr00000CDNpH
,,C=C(C)CC(=O)NC[C@H](NC(=O)[C@H]1CC[C@H](OC)CC1)C1CC1,,,,,,ZINCnr00000EVB3B
,,CC1(C)C[C@H](S(=O)(=O)N2CCO[C@@](C)(C(C)(C)C)C2)CCO1,,,,,,ZINCmu000005ESOW
,,Cc1cccnc1C=CC(=O)NC(C)(C)CNC(=O)C1CC(C)(O)C1,,,,,,ZINCpl00000n2Knc
,,C[C@@H](CNC(=O)C12CC(C1)[C@@H](C)O2)NC(=O)C[C@@H](C)C1CCCCC1,,,,,,ZINCpx00000cW6mx
,,COc1cccc([C@@]2(C)CCN(C(=O)C(=O)N3CCC[C@@H](C)C3)C2)c1,,,,,,ZINCpu000000nEJy
,,CC/C=C/C[C@@H](C)C(=O)N1CC([C@@H](C)NC(=O)C(C)(C)CCF)C1,,,,,,ZINCoD00000t9mHg
,,C=CC=CCC(=O)NCC12CCC(CC1)N2C(=O)C1CN(C(N)=O)C1,,,,,,ZINCpd00000wfdty
,,COc1cccc([C@@H]2CCCN2C(=O)C[S@@](=O)Cc2nnc(C)s2)c1,,,,,,ZINCpu000000nEzX
,,Cc1c(C(=O)N[C@H]2C[C@H](CC(=O)N3CC[C@@H]3C)C2)[nH]ccc1=O,,,,,,ZINCnm00000UgqtG
,,C=C(C)C[C@@H](C)C(=O)NC1CC(n2cc(CSC)nn2)C1,,,,,,ZINClv000006v4Sk
,,O=C(NCCOCCCF)[C@H]1C[C@@H]1[C@@H]1CCOC1,,,,,,ZINCih00000PCnF3
,,CC1=C(C(=O)N[C@@H]2C[C@H]3CC[C@@H]2C[C@H]3NC(=O)CN(C)C)CC1,,,,,,ZINCnk00000Ugqtk
,,C=CC1(CC(=O)N[C@H]2[C@@H]3CN(C(=O)CC[S@](C)=O)C[C@@H]32)CCOCC1,,,,,,ZINCpd00000wfaUC
,,C[C@@H](O)C(C)(C)CN(Cc1cnn[nH]1)C(=O)[C@H]1CCOC12CCC2,,,,,,ZINCok00000K85KF
,,Cc1cccnc1C=CC(=O)NCCNC(=O)c1cc(Cl)ncc1N,,,,,,ZINCpl00000n2Kxg
,,C=CC1(CC(=O)NC[C@H](O)CN(C)C(=O)C#CC2CCOCC2)CC1,,,,,,ZINCpd00000wf9qA
,,O=C(NCCOCCCF)N[C@@H](CO)[C@H]1CC=CCC1,,,,,,ZINCkj00000PCnFw
,,COc1cccc(F)c1C(=O)N1CCC2(CCN(CCF)CC2)CC1,,,,,,ZINCpB000003NT7t
,,O=C(NCCOCCCF)[C@@H](O)CNC(=O)C1(Cl)CC1,,,,,,ZINCk500000PCnFc
,,COc1cccc2[nH]c(CN[C@@H](Cc3ccnc(Br)c3)C(=O)O)cc12,,,,,,ZINCpB000003NU9o
,,C#CC[C@](C)(NC(=O)[C@@H]1COC[C@H](C)O1)C(=O)N1CCC[C@@H]2C[C@H]21,,,,,,ZINCoc00000HNoLb
,,CN(C(=O)c1csnn1)[C@@H]1CCCN(C(=O)[C@@]2(C)C=CCC2)CC1,,,,,,ZINCot000004bXwV
,,C/C=C/C[C@@H](CC)C(=O)N1CCC(CC)(NC(=O)CC(C)(C)F)CC1,,,,,,ZINCpK00000kqpMr
,,CCC#CC(=O)N(C[C@H](O)c1cccs1)C[C@@H](OCC)C1CC1,,,,,,ZINCny00000EVB3T
,,C[C@H](O)C(C)(C)CN(Cc1ncnn1C)C(=O)c1c(Cl)cnn1C,,,,,,ZINCoi00000K85KT
,,CC1(C)C[C@H](NC(=O)C[C@H]2CC23CC3)CN1C(=O)CC1CC1,,,,,,ZINCmu000005ESEd
,,CN(CC(=O)N[C@H](CO)CC1CCC1)C(=O)C[C@H]1C[C@H]2CC[C@@H]1C2,,,,,,ZINCop00000FBJVV
,,CCCn1cccc1C(=O)NC[C@H](COC)NC(=O)C[C@@H]1C=CCC1,,,,,,ZINCpr00000CDNpw
,,CC[C@H]1CCC[C@@H](C(=O)O)N1C(=O)c1cn(C2CCC2)nn1,,,,,,ZINCmo00000uDL4Y
,,C=CC[C@@H](CNC(=O)c1nnn(C)c1N)C(=O)N1C[C@H]2CC[C@@H]1C2,,,,,,ZINCo9000012IDUE
,,CC=CCCC(=O)N1CCC[C@@H](NC(=O)[C@@H](CC)CC(F)(F)F)C1,,,,,,ZINCoE000004nfIX
,,CN(CC(=O)N[C@@H](CC(=O)NCP(C)(C)=O)C1CC1)C1CCCC1,,,,,,ZINCoo00000FBJVQ
,,C[C@@H](CNC(=O)C1(O)CC(C)(C)C1)N(C)C(=O)c1cccc(Br)c1F,,,,,,ZINCpx00000cW5Zs
,,O=C(NCCOCCCF)[C@@H]1COC[C@H]1c1ccccc1,,,,,,ZINClp00000PCnF8
,,O=C(NCCOCCCF)N1CCC[C@@]2(CCNC2=O)C1,,,,,,ZINClc00000PCnFh
,,C[C@@H](CNC(=O)C12CC(CC(F)F)(C1)C2)N(C)C(=O)CC(C)(C)C#N,,,,,,ZINCpx00000cW6o3
,,CC1=C(C(=O)N[C@H]2C[C@@H](CCC(=O)N3CCCO3)C2)CCCO1,,,,,,ZINCnp00000UgqtA
,,CC1(C)C[C@H](NC(=O)C[C@@H]2CC2(C)C)CN(C(=O)C(F)F)C1,,,,,,ZINCmu000005ESE0
,,C#CC[C@](C)(NC(=O)[C@H]1COC[C@@H](C)O1)C(=O)N1CCC=C(Cl)C1,,,,,,ZINCog00000HNoL8
,,C[C@@H](CNC(=O)C1(O)CC(C)(C)C1)NC(=O)Cc1ccc(Cl)cc1Cl,,,,,,ZINCpx00000cW5ZB
,,C=CC=CCC(=O)N1C[C@@H]2CC[C@]2(CNC(=O)[C@@H]2C[C@H](F)C(=O)N2)C1,,,,,,ZINCpd00000wfcMS
,,CC1=C(C(=O)N[C@@H]2C[C@H]3C[C@H]2N(C(=O)C2(Br)CC2)C3)COCC1,,,,,,ZINCnn00000Ugqtp
,,CCC(CC)[C@H](C)C(=O)N1CC[C@H](C(=O)N2CCC3(CSC3)C2)C1,,,,,,ZINCoy00000t9mHn
,,COc1cccc(N[C@H](C)C[C@@H](C)NC(=O)[C@H]2CCCS2)c1[N+](=O)[O-],,,,,,ZINCpB000003NTAQ
,,COc1cccc([C@@H]2CN(C(=O)CC3CCC(C)(O)CC3)CCN2)c1,,,,,,ZINCpu000000nEBs
,,C=CCCC(=O)N[C@@H]1CN(C(=O)C(F)=CCC)[C@H]2CCCC[C@@H]12,,,,,,ZINCnB000003WzG6
,,CC1(C)C[C@H](NC(=O)Cc2ccnnc2)c2ccccc2O1,,,,,,ZINCmu000005ESEB
,,CN(CC(=O)N[C@@H](CC(=O)N1CCSC(C)(C)C1)C1CC1)C1CC1,,,,,,ZINCon00000FBJVN
,,CCC(CC)[C@@H](C)C(=O)N1CC[C@H](C(=O)N2CC(F)(F)C2)C12CC2,,,,,,ZINCoz00000t9mHs
,,CCC(CC)[C@@H](C)C(=O)N1CC([C@@H](C)NC(=O)[C@H]2C[C@](C)(F)C2)C1,,,,,,ZINCoB00000t9mHk
,,CN(CC(=O)N[C@@H](CNc1ncc(F)cn1)CC(F)F)C1CCC1,,,,,,ZINCom00000FBJVS
,,C=CC=CCC(=O)N1CC[C@@](C)(CNC(=O)Cn2cnccc2=O)C1,,,,,,ZINCpd00000wfciG
,,O=C(NCCOCCCF)[C@@H]1CCN1C(=O)[C@@H]1C[C@@H]1Cl,,,,,,ZINCkd00000PCnF5
,,CN(CC(=O)N[C@@H](CO)CC1CCCC1)C(=O)[C@H]1C[C@H]2CC[C@@H]1C2,,,,,,ZINCop00000FBJVX
,,CC(C)n1cccc1C(=O)NCCOCC(=O)NCCCCN=[N+]=[N-],,,,,,ZINCpq00000CDNpD
,,C[C@@]1(CC(=O)N[C@H]2C[C@@H]3C[C@@H]3C2)CCN1C(=O)[C@H]1CCC[C@@H]1O,,,,,,ZINCnk00000Ugqtq
,,C=C=CCCNC(=O)[C@H]1COC[C@H]1NC(=O)[C@H]([C@@H](C)CC)N(C)C,,,,,,ZINCof00000HNoKX
,,CN(CC(=O)N[C@@H](CC(=O)N1CCSCC1)C1CC1)CC(C)(C)C,,,,,,ZINCoo00000FBJVM
,,COc1cccc([C@H](C)C(=O)NCC2CN(Cc3cnc(Cl)s3)C2)c1,,,,,,ZINCpB000003NTZC
,,Cc1cccnc1CC(=O)NC[C@H](NC(=O)c1cnoc1C)C1CC1,,,,,,ZINCpl00000n2LDc
,,COc1cccc(O[C@H](C)Cn2c(C)nnc2N2C[C@H](C)[C@@H](C)C2)c1,,,,,,ZINCpB000003NTHX
,,COc1cc(F)c(N[C@@H]2C[C@H]3CCC[C@H]2C3)cc1OC,,,,,,ZINCkI00000cxorG
,,CC[C@@H]1CCCCN1CCNC(=O)NC[C@H](C)n1ccnn1,,,,,,ZINCmk00000uDL5g
,,C[C@@]1(CC(=O)N[C@@H]2C[C@H]2O)CCN(C(=O)CN2CCSCC2)C1,,,,,,ZINCn500000Ugqti
,,C#CCCC[C@@H](C)C(=O)N1CC([C@@H](C)NC(=O)C[C@@H](C)CCC)C1,,,,,,ZINCoC00000t9mHi
,,O=C(NCCOCCCF)N1CCC(OCCO)CC1,,,,,,ZINCkb00000PCnFj
,,C=CC1(CC(=O)NC[C@H]2CN(C(=O)Cc3cnns3)C[C@H]2O)CCC1,,,,,,ZINCpd00000wf9xd
,,CC1(CC(=O)N[C@H]2C[C@@H]3C[C@H](NC(=O)C#CC4CC4)[C@@H]3C2)CC1,,,,,,ZINCnp00000Ugqts
,,CC1=C(C(=O)N[C@H]2C[C@H]3C[C@H](NC(=O)C(C)C)C[C@@H]23)COCC1,,,,,,ZINCnn00000Ugqtt
,,CC/C=C/C(=O)NC[C@@H](NS(=O)(=O)C[C@H](C)C(C)(C)C)C1CC1,,,,,,ZINCnu00000EVB3M
,,Cc1cccnc1C=CC(=O)N(C)C[C@@H](O)CNC(=O)/C=C/C(C)C,,,,,,ZINCpl00000n2Kg7
,,CC1=C(C(=O)N[C@H]2C[C@H](CC(=O)NCCCCO)C2)SCCO1,,,,,,ZINCnh00000UgqtL
,,C#CCCC(=O)N(C[C@H](O)C1CCCC1)C[C@@H]1[C@H]2CCOC[C@H]21,,,,,,ZINCnq00000EVB3R
,,CC1(C)C[C@H](O)CN1C(=O)N[C@@H](CF)c1cc(Cl)cnc1F,,,,,,ZINCmu000005ESMn
,,C#CCn1cccc1C(=O)N(CC(OC)OC)C[C@H](OC)[C@@H](C)CC,,,,,,ZINCps00000CDNpG
,,Cc1cccnc1CC(=O)N1CCN(C(=O)[C@@H]2C[C@H]2F)C[C@H]1C(F)F,,,,,,ZINCpl00000n2L4M
,,COc1cccc([C@@H]2C[C@H](C)CN2C(=O)C(=O)N2C[C@H]3CC[C@H]3C2)c1,,,,,,ZINCpu000000nEG3
,,CC[C@@H]1CCCCN1CCNC(=O)NCc1nccnc1C,,,,,,ZINCmo00000uDL5d
,,CCCCC(=O)NC[C@@H](NC(=O)[C@@H]1C[C@@H]1F)C12CCC(CC1)C2,,,,,,ZINCnx00000EVB3C
,,Cc1ccn(C(C)(C)C(=O)N2CC([C@H](C)NC(=O)CP(C)(C)=O)C2)n1,,,,,,ZINCpl00000n2MX1
,,C=CC1(CC(=O)N2C[C@H]3CN(C(=O)CN4CSCC4=O)C[C@H]3C2)CC1,,,,,,ZINCpd00000wf8iI
,,O=C(NCCOCCCF)N(CCF)C1CCOCC1,,,,,,ZINCkl00000PCnFq
,,Cc1ccn(C(C)(C)C(=O)NCC2CC(NC(=O)[C@@H]3CC3(F)F)C2)n1,,,,,,ZINCpl00000n2N6O
,,C#C[C@H]1CCC[C@@H](CNC(=O)N2CCO[C@@](C)(CCO)C2)C1,,,,,,ZINCmm00000uDL4K
,,COc1cccc([C@@H]2CN(C(=O)c3cccc4nsnc34)CCN2)c1,,,,,,ZINCpu000000nED4
,,C[C@@]1(C(=O)Nc2cncc(C3CC3)c2)CCCO1,,,,,,ZINCiu00000aS4m3
,,COc1cccc(Cl)c1C(=O)N[C@H]1CCCN([C@H](C)c2csnn2)C1,,,,,,ZINCpB000003NT1i
,,C=CC1(CC(=O)N[C@@H]2CCN(C(=O)[C@@H](C)n3cnc(C#N)n3)C2)CC1,,,,,,ZINCpd00000wf9X3
,,C=CC=CCC(=O)NCC1(OC)CCN(C(=O)C(C)(C)C(N)=O)CC1,,,,,,ZINCpd00000wfdsv
,,CC[C@H]1CCCCN1CCNC(=O)[C@H](O)c1cc(C)ccn1,,,,,,ZINCmo00000uDL5c
,,COc1cccc2c(=NCCCCNC(=O)[C@H]3CC3(Cl)Cl)[nH]cnc12,,,,,,ZINCpB000003NUa5
,,C=CC=CCC(=O)N(C)[C@@H]1CN(C(=O)c2ncc(N)cc2C)C[C@H]1O,,,,,,ZINCpd00000wfbeP
,,C[C@@H](O)C(C)(C)CN(Cc1nccs1)C(=O)[C@@H](CN(C)C)N(C)C,,,,,,ZINCoj00000K85KP
,,C=CC1(CC(=O)N[C@H]2CCN(C(=O)[C@H](O)Cc3cnc[nH]3)C2)CCC1,,,,,,ZINCpd00000wfaE8
,,C=CC1(C(=O)N[C@H]2CN(C(=O)[C@@H](CO)N(C)C)CC3(CC3)C2)CCC1,,,,,,ZINCpd00000wf5yX
,,C=C(C)C[C@@H](C)C(=O)NCC(C)(C)NC(=O)C1CC=CC1,,,,,,ZINClv000006v4Tg
,,Cc1cccnc1CCC(=O)NCCn1cc(Cn2cccc2)nn1,,,,,,ZINCpl00000n2MdX
,,CN(CC(=O)N[C@@H](CC(=O)NC(C)(C)CC1CC1)C(F)F)C1CC1,,,,,,ZINCop00000FBJVO
,,CC=CCCC(=O)N1CCC[C@@H]1C(C)(C)CNC(=O)C1=CCCS1,,,,,,ZINCoE000004nfKU
,,CC/C=C/C[C@H](C)C(=O)N1CC[C@H](C(=O)N2CCC2(C)C)C12CC2,,,,,,ZINCoD00000t9mHm
,,C=C(C)CC(=O)NC[C@@H](NS(=O)(=O)CC1(C)CC(C)C1)C1CC1,,,,,,ZINCns00000EVB3I
,,C=CC(C)(C)NC(=O)[C@H]1COC[C@H]1NC(=O)[C@H](C)n1cc(C)cn1,,,,,,ZINCof00000HNoL0
,,CC[C@H]1CCC[C@H](CNC(=O)NNc2ncnc(=N)[nH]2)CC1,,,,,,ZINCmm00000uDL4L
,,CN(C(=O)c1csnn1)[C@H]1CCCN(C(=O)[C@@H]2CC=CCC2)CC1,,,,,,ZINCot000004bXxE
,,CC(C)[C@@H](C)NC(=O)c1n[nH]cc1CNC(=O)[C@H]1NC(=O)C[C@H]1C,,,,,,ZINCo9000012IDUz
,,CCC(CC)C(=O)NC[C@@](C)(CC)C(=O)NCCCc1ncc[nH]1,,,,,,ZINCou00000p9vS4
,,CC(C)CCNC(=O)[C@H]1COC[C@H]1NC(=O)[C@H](F)C[C@@H]1CCOC1,,,,,,ZINCog00000HNoL4
,,C=CC1(C(=O)N[C@H]2CCOC[C@H]2NC(=O)C2(CO)CC(F)(F)C2)CC1,,,,,,ZINCpd00000wf5oM
,,CC[C@@H]1CCC[C@H](C(=O)Nc2nnc(-c3ccn(C)n3)s2)N1,,,,,,ZINCmn00000uDL4S
,,CCC(=CC(=O)NC[C@H](NS(=O)(=O)CC)C1CCCCC1)CC,,,,,,ZINCnx00000EVB3J
,,C=CC1(CC(=O)NC[C@H]2C[C@@H](O)CN2C(=O)[C@@H]2C[C@H]2F)CCOCC1,,,,,,ZINCpd00000wf9AJ
,,CN(CC(=O)N[C@H](CO)C1CCCCC1)C(=O)[C@H]1C[C@H]2CC[C@H]1C2,,,,,,ZINCop00000FBJVU
,,CC1(C)C[C@H](NC(=O)c2ccoc2)CN1C(=O)CCC(F)F,,,,,,ZINCmu000005ESJN
,,CN(CC(=O)N[C@@H](CC(=O)N[C@@H]1CCC[C@H]1CF)C1CC1)C1CC1,,,,,,ZINCom00000FBJVP
,,Cc1cccnc1CC(=O)N1C[C@H]2[C@H](CNC(=O)C3SCCS3)[C@H]2C1,,,,,,ZINCpl00000n2Ldc
,,C=CC=CCC(=O)N1CCC[C@@]1(C)CNC(=O)[C@H](COC)NC(C)=O,,,,,,ZINCpd00000wfbFd
,,C=CC1(CC(=O)N2CCN(C(=O)[C@@H](C)NC(N)=O)[C@H](CF)C2)CCC1,,,,,,ZINCpd00000wf72R
,,CC/C=C/C[C@@H](C)C(=O)N1CC([C@@H](C)NC(=O)C2=CCC[C@H]2C)C1,,,,,,ZINCoC00000t9mHd
,,C=C[C@H]1CCC[C@H](NC(=O)NCCOCCn2ccnn2)C1,,,,,,ZINCmj00000uDL54
,,C=CC1(CC(=O)N[C@H](Cc2cn([C@@H](C)CO)nn2)C(=O)OC)CCC1,,,,,,ZINCpd00000wfaxk
,,C=CC1(C(=O)N[C@H]2CCN(C(=O)Cn3ncccc3=O)[C@H]2C)CCC1,,,,,,ZINCpd00000wf5iU
,,C=CC[C@@H](CNC(=O)c1n[nH]c(=N)cc1C)NS(=O)(=O)CC1CC1,,,,,,ZINCo9000012IDUB
,,Cc1cccnc1CCC(=O)NC[C@H](C)n1cc(C(C)(C)CO)nn1,,,,,,ZINCpl00000n2MfZ
,,C/C=C/C[C@@H](CC)C(=O)N1CCC[C@@](CCC)(NC(=O)CC(F)F)C1,,,,,,ZINCpJ00000kqpMp
,,C[C@H](O)C(C)(C)CN(Cc1ncco1)C(=O)c1cc(O)cc(=O)o1,,,,,,ZINCoj00000K85KL
,,CCCn1cccc1C(=O)N(CCO[C@@H]1CC1(F)F)Cc1nc[nH]n1,,,,,,ZINCpq00000CDNpE
,,COc1cccc([C@H](C)N2CCN(C(=O)[C@H]3CCC[C@@H](N)C3)CC2)c1,,,,,,ZINCpu000000nEQ5
,,CN(C(=O)c1csc2nccn12)[C@H]1CCCN(c2ncns2)CC1,,,,,,ZINCot000004bXqi
,,C=C(C)C[C@@H](C)C(=O)NC1CCN(C(=O)C=CSC)CC1,,,,,,ZINClv000006v4Sp
,,C=CC1(CC(=O)N(C)[C@@H]2CC[C@H](NC(=O)CCS(=O)(=O)NC)C2)CC1,,,,,,ZINCpd00000wf6fP
,,CC(C)n1cccc1C(=O)NCCOCCC(=O)N[C@H]1C[C@@H](CF)C1,,,,,,ZINCpq00000CDNpC
,,Cc1cccnc1C=CC(=O)N[C@@H]1C[C@@]2(NC(=O)C(C)C)CO[C@@H]1C2,,,,,,ZINCpl00000n2KJ7
,,CC(C)n1cccc1C(=O)N[C@H]1CCC[C@H]1CC(=O)NCC(C)(C)O,,,,,,ZINCps00000CDNpK
,,Cc1cccnc1CC(=O)NCC[C@@H](C)NC(=O)C12CC(C)(CO1)C2,,,,,,ZINCpl00000n2LtN
,,COc1cccc(N[C@H]2CCN(C(=O)[C@H]3CCCSS3)C2)c1[N+](=O)[O-],,,,,,ZINCpB000003NTCX
,,C=CC1(CC(=O)N2C[C@@H]3CC[C@H](C2)N3C(=O)[C@@H]2C[C@@H](F)C(=O)N2)CC1,,,,,,ZINCpd00000wf81L
,,C#C[C@H]1CCC[C@@H](CNC(=O)N2CCN(CC(N)=O)CC2)C1,,,,,,ZINCm800000uDL4J
,,COc1cccc([C@H](C)CC(=O)N(C)c2ccc(S(N)(=O)=O)cc2)c1,,,,,,ZINCpu000000nENE
,,C=CC=CCC(=O)N1CCC(CO)(NC(=O)[C@H]2CN(C)C[C@H]2C)CC1,,,,,,ZINCpd00000wfbx0
,,C=CC1(CC(=O)NC[C@H]2C[C@@H]2NC(=O)c2ccc(C(N)=O)nc2)CC1,,,,,,ZINCpd00000wf9Bq
,,C#C[C@H]1CCC[C@@H](NC(=O)NNC(=O)Cc2csc(C)n2)C1,,,,,,ZINCml00000uDL59
,,CC[C@@H]1CCCCN1CCNC(=O)N(C)Cc1nc(=O)o[nH]1,,,,,,ZINCmh00000uDL5f
,,COc1cccc(F)c1[C@@H](C)NS(=O)(=O)N=[S@@](C)(=O)C1CCCCC1,,,,,,ZINCpB000003NTf4
,,C=CC1(CC(=O)NCCNC(=O)CNC(=O)c2ccncc2)CCC1,,,,,,ZINCpd00000wf8Uu
,,C#CCCC[C@@H](C)C(=O)N1CC[C@@H](C(=O)N2CCC[C@H](C)CC2)C1,,,,,,ZINCoz00000t9mHq
,,Cc1ccc(CN(CCN=[N+]=[N-])C(=O)[C@@H]2C[C@@H](C)O[C@H]2C)s1,,,,,,ZINCmF00000hfGBR
,,C=C(C)C[C@@H](C)C(=O)NCC1(CCNC(=O)C=CC)CC1,,,,,,ZINClv000006v4TD
,,CC/C=C/C[C@@H](C)C(=O)N1CC[C@@H](C(=O)N2CCCC23CCC3)C1,,,,,,ZINCoD00000t9mHo
,,C#CC(C)(C)NC(=O)[C@H]1COC[C@H]1NC(=O)[C@@H](C)N1CCCCC1,,,,,,ZINCob00000HNoKZ
,,O=C(NCCOCCCF)N1CCN2CCC[C@H]1C2,,,,,,ZINCje00000PCnFl
,,CC1=C(C(=O)N[C@H]2C[C@H]3CC[C@]2(C(=O)N2CC(O)C2)C3)CCO1,,,,,,ZINCnb00000Ugqtj
,,CC/C=C/C[C@@H](C)C(=O)N1CC[C@H](C(=O)N2CC3(CC=CC3)C2)C1,,,,,,ZINCoA00000t9mHl
,,COc1cccc(NCCN(C)C(=O)CCc2ccsc2)c1[N+](=O)[O-],,,,,,ZINCpB000003NTou
,,CN(CC(=O)N[C@@H](CO)CC1CCC1)C(=O)[C@@H]1C[C@H]2C=C[C@@H]1CC2,,,,,,ZINCon00000FBJVW
,,CC[C@@H]1CCC[C@H](C(=O)N2CCO[C@H](c3ccncc3)C2)N1,,,,,,ZINCmp00000uDL4R
,,C=CC1(CC(=O)NC/C=C/CNC(=O)Cn2ncccc2=O)CCC1,,,,,,ZINCpd00000wf8pK
,,C=CC=CCC(=O)NCCN1CCN(C(=O)c2cnncc2C)CC1,,,,,,ZINCpd00000wfdBB
,,C=CC=CCC(=O)N1C[C@H](F)[C@H](NC(=O)CN(C)c2ncccn2)C1,,,,,,ZINCpd00000wfcUl
,,COc1cccc([C@@H]2CN(S(=O)(=O)C[C@H](CC(C)C)OC)CCO2)c1,,,,,,ZINCpu000000nEE0
,,CC(C)n1cccc1C(=O)NC[C@H](O)C(=O)N1CC(C)(C)CC[C@@H]1C,,,,,,ZINCpr00000CDNpz
,,COc1cc(F)c(N[C@@H]2C[C@H]3CC[C@H]2C[C@@H]3N)cc1Cl,,,,,,ZINCkE00000cxorH
,,CC[C@H]1CCC[C@@H](C(=O)N[C@H](C)C(=O)NCc2ccco2)N1,,,,,,ZINCmj00000uDL4V
,,C=C(C)C[C@@H](C)C(=O)NC(C)(C)CCNC(=O)C=CCF,,,,,,ZINClv000006v4QC
,,Cc1cccnc1CCC(=O)N[C@H]1C[C@H](NC(=O)[C@H]2CCO[C@H]2C)C1,,,,,,ZINCpl00000n2MnS
,,CC(C)n1cccc1C(=O)N[C@@H]1CCC[C@@H]1CC(=O)NCC[C@H](C)O,,,,,,ZINCps00000CDNpL
,,O=C(N(CCO)CCCO)[C@@]1(F)CC2CCC1CC2,,,,,,ZINCjh00000PCnFz
,,Cc1cccnc1CC(=O)N[C@H]1CCN(C(=O)C#CC2CC2)C12CC2,,,,,,ZINCpl00000n2LUB
,,COc1cccc(NC[C@@H](C)CNC(=O)C(C)(C)CSC)c1[N+](=O)[O-],,,,,,ZINCpB000003NTpY
,,CCCC[C@H](CC)C(=O)N1C[C@@]2(NC(=O)C34CC(C)(C3)C4)CC[C@H]1C2,,,,,,ZINCpG00000kqpMm
,,C=CC1(C(=O)N[C@H]2CCC[C@@H](N(C)C(=O)CS(=O)(=O)N(C)C)C2)CC1,,,,,,ZINCpd00000wf5c2
,,CCC(CC)[C@@H](C)C(=O)N1CC([C@@H](C)NC(=O)c2cc(O)cs2)C1,,,,,,ZINCoB00000t9mHf
,,CCC(CC)[C@H](C)C(=O)N1CC[C@@H](C(=O)N2CC[C@H]3CCC[C@H]32)C1,,,,,,ZINCoD00000t9mHr
,,COc1cccc(N[C@@H]2CCN(C(=O)CC3CC3)[C@H](C)C2)c1[N+](=O)[O-],,,,,,ZINCpB000003NTyB
,,C=C(C)C[C@@H](C)C(=O)NCC(C)(C)CNC(=O)[C@@H]1C[C@H]1C,,,,,,ZINClv000006v4T9
,,CC/C=C/C[C@H](C)C(=O)N1CC[C@H](CN=c2nc[nH]s2)[C@@H](OC)C1,,,,,,ZINCoy00000t9mH9
,,C=CC1(CC(=O)N2CC[C@@]3(NC(=O)CN(C)CCO)C[C@H]3C2)CCC1,,,,,,ZINCpd00000wf7xe
,,COc1cccc([C@H](C)CC(=O)N[C@H](C)CNC(=O)c2ccsc2)c1,,,,,,ZINCpB000003NU5l
,,C=CCCC(=O)N[C@@H]1CN(C(=O)C(=CC)CC)[C@@H]2CCCC[C@@H]12,,,,,,ZINCnB000003WzFD
,,COc1cccc(F)c1C(=O)NC1CC(CNC(=O)CC=C(Cl)Cl)C1,,,,,,ZINCpB000003NT98
,,C=CC=CCC(=O)N1CCCN(C(=O)C2(O)CCSCC2)C[C@H]1CO,,,,,,ZINCpd00000wfbA5
,,C/C=C/C[C@H](CC)C(=O)N1CCCC[C@H]1C(C)(C)CNC(=O)C1CC1,,,,,,ZINCpJ00000kqpMq
,,C=CCCCC(=O)NC(C)(C)CCC(=O)N(C)CC1(O)CCCC1,,,,,,ZINCox00000p9vRV
,,CCC[C@@H](CNC(=O)C1(NC(=O)CN(CC)CC)CC(O)C1)OC,,,,,,ZINCo8000012IDUu
,,C=CC1(CC(=O)N[C@H]2CCN(C(=O)CSc3nnnn3C)C2)CCC1,,,,,,ZINCpd00000wfaCo
,,CC/C=C/C[C@@H](C)C(=O)N1CC([C@@H](C)NC(=O)C2(C)CC(F)C2)C1,,,,,,ZINCoA00000t9mHe
,,CCCn1cccc1C(=O)NC[C@@H](CO)Nc1ncc(Cl)c(SC)n1,,,,,,ZINCps00000CDNpx
,,C=CCCCC(=O)N(C)C(C)(C)CC(=O)NCCCc1cn[nH]c1,,,,,,ZINCou00000p9vS0
,,CC[C@@H]1CCC[C@@H](NC(=O)NNC(=O)c2cc[n+]([O-])cc2)C1,,,,,,ZINCmi00000uDL57
,,C#CC[C@](C)(NC(=O)[C@@H]1COC[C@H](C)O1)C(=O)N1CCCCCO1,,,,,,ZINCoc00000HNoL9
,,CC=CCCC(=O)N1CCC[C@@H](NC(=O)Cc2sccc2C)[C@@H]1C,,,,,,ZINCoE000004nfIQ
,,CCC[C@H](C)NC(=O)C1=NO[C@@H](CNC(=O)[C@@H](NC=O)C(C)C)C1,,,,,,ZINCo9000012IDUL
,,C[C@H](O)C(C)(C)CN(Cc1nc(CO)cs1)C(=O)c1cnccn1,,,,,,ZINCok00000K85KN
,,C[C@@]1(CC(=O)N[C@H]2C[C@@H]3C[C@H]2C[C@@]3(C)O)CCN1C(=O)C1CC1,,,,,,ZINCnk00000Ugqto
,,Cc1ccn(C(C)(C)C(=O)N(C)CCNC(=O)[C@@H]2C(F)(F)C23CC3)n1,,,,,,ZINCpl00000n2MTs
,,C[C@@H](CNC(=O)C1(c2cc(Br)ccn2)CC1)NC(=O)C[C@@H](C)C(F)F,,,,,,ZINCpx00000cW652
,,O=C(NCCOCCCF)N1CC[C@@](F)(CF)C1,,,,,,ZINCik00000PCnFi
,,CC=CCC(=O)NC[C@H](NS(=O)(=O)c1cc(C)oc1C)C1CC1,,,,,,ZINCnq00000EVB3G
,,C=CC=CCC(=O)N1C[C@@H](OC)C[C@@H](NC(=O)c2nncn2CC)C1,,,,,,ZINCpd00000wfcKF
,,CC/C=C/C[C@H](C)C(=O)N1CC[C@@H](C(=O)N2C[C@@H]3C[C@H](C)[C@H]3C2)C1,,,,,,ZINCoz00000t9mHt
,,C=C(CC)C(=O)N(C[C@@H](O)C1CCC1)C[C@@H]1CC12CCOCC2,,,,,,ZINCnx00000EVB3Q
,,C[C@@H](O)C(C)(C)CN(Cc1nc[nH]n1)C(=O)[C@H]1C[C@@H]1C1(C)COC1,,,,,,ZINCoi00000K85KR
,,C#CC(C)(C)NC(=O)[C@H]1COC[C@H]1NC(=O)[C@H](F)C[C@H]1CCOC1,,,,,,ZINCoa00000HNoL2
,,C#CCCC[C@@H](C)C(=O)N1CC([C@@H](C)NC(=O)CCSCCC)C1,,,,,,ZINCoz00000t9mHj
,,C=CCCCC(=O)N(CC=C)CCC(=O)N(C)Cc1ocnc1C,,,,,,ZINCox00000p9vRW
,,Cc1cccnc1CC(=O)NCCCNC(=O)[C@H]1COC2(CCC2)C1,,,,,,ZINCpl00000n2LpE
,,COc1cccc([C@@]2(C)CCN(C(=O)C3(C)CCS(=O)(=O)CC3)C2)c1,,,,,,ZINCpu000000nEJX
,,O=C(NCCOCCCO)[C@H]1CC2CC1(C(=O)O)C2,,,,,,ZINCj600000PCnFA
,,CC(C)C[C@@H](C)CC(=O)N1CC2(NC(=O)[C@@H](C)C(C)C)CCC1CC2,,,,,,ZINCpJ00000kqpMo
,,CCCCCNC(=O)[C@H]1COC[C@H]1NC(=O)[C@H]1CN2CCC1CC2,,,,,,ZINCod00000HNoKV
,,C=CCCC(=O)N[C@@H]1CN(C(=O)[C@H]2CCC(C)(C)C2)CC[C@H]1C,,,,,,ZINCnB000003WzJL
,,Cc1cccnc1CC(=O)NCC1(NC(=O)c2ncc(Br)cn2)CC1,,,,,,ZINCpl00000n2Lmn
,,C=C(C)C[C@@H](C)C(=O)N1CC[C@@H](NC(=O)C(F)=CCC)C1,,,,,,ZINClv000006v4Po
,,CCC[C@@H](CNC(=O)c1nsnc1O)NC(=O)[C@@H]1C[C@@H]1C(=O)OC,,,,,,ZINCo6000012IDUN
,,C[C@@]1(CC(=O)N[C@H]2C[C@H](C)C2)CCN1C(=O)C[C@@H]1COCCO1,,,,,,ZINCng00000Ugqtz
,,CCCn1cccc1C(=O)N(CC(OC)OC)C[C@@H]1[C@H](CO)C1(C)C,,,,,,ZINCps00000CDNpF
,,O=C(NCCOCCCO)[C@H]1CCc2cnccc2N1,,,,,,ZINCk900000PCnFB
,,C[C@@H](CNC(=O)C1(F)CCC(F)(F)CC1)NC(=O)[C@@H](C#N)C(C)(C)C,,,,,,ZINCpx00000cW5TO
,,C=CC=CCC(=O)N(C)C[C@@H](O)CN(C)C(=O)c1coc(N(C)C)n1,,,,,,ZINCpd00000wfb8t
,,COc1cccc([C@@H]2[C@@H](C(=O)N[C@@H]3CC34CC4)CC(=O)N2C2CC2)c1,,,,,,ZINCpu000000nEIB
,,C=CC1(C(=O)N[C@H](CNC(=O)Cn2cnc(C#N)n2)CC(C)C)CC1,,,,,,ZINCpd00000wf51I
,,O=C(NCCOCCCF)NCC[C@H](O)C1CC1,,,,,,ZINCie00000PCnFp
,,O=C(NCCOCCCO)C1=CCN(C(=O)C2(Cl)CC2)C1,,,,,,ZINCl600000PCnFy
,,C[C@@]1(CC(=O)N[C@H]2C[C@H]3CC[C@@H]2O3)CCN1C(=O)/C=C/C(F)F,,,,,,ZINCnm00000Ugqtn
,,CC[C@@H]1CCC[C@H](C(=O)NCCn2cccc(C#N)c2=O)N1,,,,,,ZINCmd00000uDL4U
,,COc1cccc([C@@H]2NC(=O)N(Cc3cc(C(F)(F)F)no3)C2=O)c1,,,,,,ZINCpu000000nEHX
,,C=CC[C@@H](CNC(=O)C1=NNC(=O)C1)NS(=O)(=O)[C@@]1(Cl)CC1(C)C,,,,,,ZINCo8000012IDUy
,,COc1cccc(N[C@@H]2CCCN(C(=O)C3CCCC3)C2)c1[N+](=O)[O-],,,,,,ZINCpB000003NTxT
,,CC[C@H]1CCC[C@@H](NC(=O)C(=O)N2CCn3ccnc3C2)C1,,,,,,ZINCmj00000uDL51
,,COc1cccc([C@@H]2C[C@H](C)CN2C(=O)Cn2nnnc2C(C)C)c1,,,,,,ZINCpu000000nEGl
,,Cc1cccnc1CCC(=O)N(C)CCN(C)C(=O)c1c[nH]c(=N)s1,,,,,,ZINCpl00000n2M2p
,,Cc1ccn(C(C)(C)C(=O)NCCN(C)C(=O)CCc2cscn2)n1,,,,,,ZINCpl00000n2N9x
,,Cc1cccnc1C=CC(=O)N[C@H](CO)CNC(=O)C1CCCCC1,,,,,,ZINCpl00000n2KMc
,,CN(C(=O)c1csnn1)[C@H]1CC[C@@H](NC(=O)[C@@]2(C)C[C@@]2(F)Cl)CC1,,,,,,ZINCot000004bXyb
,,C/C=C/C[C@H](CC)C(=O)N1CC2(NC(=O)[C@@H]3C[C@H]3CC)CCC1CC2,,,,,,ZINCpG00000kqpMn
,,C#CC[C@](C)(NC(=O)[C@@H]1COC[C@H](C)O1)C(=O)N1CC(C)(CF)C1,,,,,,ZINCob00000HNoLa
,,C=CC1(CC(=O)N2C[C@H]3[C@H](CNC(=O)[C@@H]4CCC(=O)N4C)[C@H]3C2)CC1,,,,,,ZINCpd00000wf8ly
,,CC1(C)C[C@H]1CC(=O)N1CCC(CNC(=O)CC(F)F)CC1,,,,,,ZINCmu000005ESS7
,,C=C(C)CC(=O)NC[C@@H](NS(=O)(=O)CCC1(F)CCC1)C1CC1,,,,,,ZINCnq00000EVB3K
,,C[C@@]1(CC(=O)N[C@@H]2C[C@H]2O)CCN1C(=O)c1ncoc1C1CC1,,,,,,ZINCnd00000Ugqtf
,,Cc1cccnc1CC(=O)NC1(CNC(=O)[C@@]2(C)CCO[C@@H]2C)CC1,,,,,,ZINCpl00000n2Lia
,,COc1cccc([C@@]2(C)CCN(C(=O)Cc3nc(C4CC4)n[nH]3)C2)c1,,,,,,ZINCpu000000nEKh
,,CC1=C(C(=O)N[C@@H]2C[C@H]3C[C@@H](C2)N(C(=O)c2cnn[nH]2)C3)CC1,,,,,,ZINCng00000Ugqtr
,,C=CC1(CC(=O)N[C@H]2CO[C@H]3CN(C(=O)c4cn(C)cn4)C[C@@H]23)CC1,,,,,,ZINCpd00000wfaO9
,,O=C(NCCOCCCF)N1CC2(C[C@@H]2CO)C1,,,,,,ZINCi900000PCnFd
,,Cc1cccnc1C=CC(=O)N[C@@H](C)CNC(=O)[C@H]1CC2(CC2)CO1,,,,,,ZINCpl00000n2KFb
,,CC=CCC(=O)NC[C@H](NS(=O)(=O)c1cncs1)C1CCCC1,,,,,,ZINCnq00000EVB3H
,,CC=CCCC(=O)N(C)CCCCC(=O)NCCCc1ncco1,,,,,,ZINCox00000p9vS5
,,C=CC=CCC(=O)N1C[C@@H]2C[C@@H]2[C@@H](NC(=O)CCc2cnc(O)[nH]2)C1,,,,,,ZINCpd00000wfcO1
,,Cc1cccnc1CC(=O)NC1(C)CN(C(=O)[C@]2(C)C[C@@H](C#N)C2)C1,,,,,,ZINCpl00000n2Lhn
,,C=CC1(CC(=O)N[C@H]2C[C@@H](NC(=O)CN(C)S(=O)(=O)CC)C2)CCC1,,,,,,ZINCpd00000wfaPL
,,CC[C@H]1CCC[C@@H](C(=O)NC[C@H](CO)Cc2cccnc2)N1,,,,,,ZINCmi00000uDL4T
,,CN(CC(=O)N[C@@H](CF)c1ccccc1)C(=O)c1ccc(C#N)[nH]1,,,,,,ZINCon00000FBJVR
,,C#CCn1cccc1C(=O)N[C@H]1CCC[C@]1(C)CNC(=O)[C@H]1C[C@@H]1C,,,,,,ZINCpr00000CDNpJ
,,C=CC1(CC(=O)N[C@@H](C)CCNC(=O)[C@H]2CN3CCN2CC3)CCC1,,,,,,ZINCpd00000wf9Ly
,,C#CC[C@H](C)NC(=O)C1=NO[C@@H](CNC(=O)[C@H]2CCCC[C@H]2O)C1,,,,,,ZINCo9000012IDUJ
,,C[C@@]1(CC(=O)N[C@H]2C[C@H](C)C2)CCN1C(=O)c1c[nH]ccc1=O,,,,,,ZINCnm00000Ugqtx
,,Cc1ccn(-c2ccc(C(=O)NC[C@@H](C)NC(=O)[C@@H](C)C#N)cc2)n1,,,,,,ZINCpl00000n2MNX
,,C[C@H](O)C(C)(C)CN(Cc1ncccc1F)C(=O)C(=O)NC1CC1,,,,,,ZINCoi00000K85KI
,,O=C(NCCOCCCF)NCCN1CCNC1=O,,,,,,ZINCj500000PCnFs
,,C=CC=CCC(=O)NC/C=C\CNC(=O)c1nn(C)cc1C(=O)OC,,,,,,ZINCpd00000wfdcB
,,C=CC1(C(=O)N[C@H]2CCN(C(=O)[C@@H](F)n3cccn3)C[C@@H]2O)CCC1,,,,,,ZINCpd00000wf5jk
,,C=CC1(CC(=O)N2CCOC[C@H](NC(=O)[C@@H](C)OCCOC)C2)CC1,,,,,,ZINCpd00000wf7fQ
,,C=CC1(CC(=O)NC2(CNC(=O)CN(C)S(C)(=O)=O)CCCC2)CC1,,,,,,ZINCpd00000wf8sr
,,C=CCCC(=O)N[C@@H]1CN(C(=O)[C@H](CC=C)CC(C)C)C[C@@H]1C,,,,,,ZINCnB000003WzJH
,,CN(C(=O)c1csc(O)n1)[C@@H]1CCN(c2nc3ccccc3s2)C1,,,,,,ZINCot000004bXpa
,,Cc1cccnc1CC(=O)N[C@@H](C)C[C@H](C)NC(=O)Cc1ccno1,,,,,,ZINCpl00000n2LI9
,,Cc1ccn(C(C)(C)C(=O)NCC2CC(NC(=O)[C@@H]3C[C@@H]3CF)C2)n1,,,,,,ZINCpl00000n2N6P
,,COc1cc(F)c(N[C@H]2CC[C@H]3C=CC[C@H]2O3)cc1F,,,,,,ZINCkC00000cxorD
,,C#C[C@H]1CCC[C@@H](NC(=O)N[C@H](C)c2nc([C@H](C)O)n[nH]2)C1,,,,,,ZINCmk00000uDL55
,,COc1cccc(SCC(=O)N[C@H](C)CCCNC(=O)C=C(C)C)c1,,,,,,ZINCpB000003NTNb
,,COc1cccc(F)c1C(=O)NCCC[C@H](C)NC(=O)[C@@H](C)C(C)C,,,,,,ZINCpB000003NT9U
,,CC[C@@H]1CCC[C@H](C(=O)NNC(=O)Cc2ncc(Br)cn2)N1,,,,,,ZINCme00000uDL4W
,,C=C(C)C[C@@H](C)C(=O)N1CCN(C(=O)C=CSC)[C@H](C)C1,,,,,,ZINClv000006v4P3
,,C[C@H](O)C(C)(C)CN(Cc1ncco1)C(=O)c1cc(C(N)=O)c[nH]1,,,,,,ZINCoh00000K85KK
,,CC1=C(C(=O)N[C@H]2C[C@H](CC(=O)NCCc3cnco3)C2)CC1,,,,,,ZINCnn00000UgqtJ
,,COc1cccc(SCC(=O)N2CC(N(C)C(=O)CC=C(Cl)Cl)C2)c1,,,,,,ZINCpB000003NTJE
,,C[C@@H](O)C(C)(C)CN(Cc1nc2c([nH]1)CCCC2)C(=O)C1(O)CC1,,,,,,ZINCol00000K85KH
,,C=CC1(C(=O)N[C@H]2CCN(C(=O)c3ncccc3OC)C[C@@H]2O)CC1,,,,,,ZINCpd00000wf5ob
,,CC1=C(C(=O)N[C@H]2C[C@H](CC(=O)N3CC(C)(F)C3)C2)SCCO1,,,,,,ZINCno00000UgqtF
,,C=CCCC(=O)NC[C@H](NS(=O)(=O)C1CC1)c1ccc(Cl)cc1,,,,,,ZINCnv00000EVB3E
,,C[C@@H](CNC(=O)C1(c2ccccc2)CC1)NC(=O)C[C@H](C)P(C)(C)=O,,,,,,ZINCpx00000cW6a8
,,C[C@H](O)C(C)(C)CN(Cc1ncnn1C)C(=O)c1cccc(O)c1,,,,,,ZINCol00000K85KS
,,C[C@@H](CNC(=O)C1([C@H](O)C(F)(F)F)CCC1)NC(=O)c1cscc1Cl,,,,,,ZINCpx00000cW63S
,,Cc1cccnc1CCC(=O)NCCNC(=O)c1cc(C(F)F)[nH]n1,,,,,,ZINCpl00000n2Mdo
,,C=C[C@H]1CCC[C@H](NC(=O)c2cc3n(n2)C[C@H](C)NC3=O)C1,,,,,,ZINCmk00000uDL50
,,C=CCCC(=O)N[C@@H]1CN(C(=O)[C@]2(C)CCC[C@H]2CC)C[C@H]1C,,,,,,ZINCnB000003WzKq
,,CCCn1cccc1C(=O)N(CCNC(=O)c1cnc(C)o1)C1CC1,,,,,,ZINCps00000CDNpA
,,C=C(C)C[C@@H](C)C(=O)NC1(CNC(=O)C2(C)CC2)CCC1,,,,,,ZINClv000006v4RV
,,Cc1ccn(C(C)(C)C(=O)NCC#CCNC(=O)c2csc(Cl)n2)n1,,,,,,ZINCpl00000n2N5D
,,C=CC1(CC(=O)N[C@@H](CO)CNC(=O)c2cnn3c2CCCC3)CC1,,,,,,ZINCpd00000wf9QM
,,CC1=C(C(=O)N[C@@H]2C[C@H]3CC[C@@H]2[C@@H](NC(=O)CC#N)C3)CCO1,,,,,,ZINCnj00000Ugqtl
,,Cc1ccc(CN(CCN=[N+]=[N-])C(=O)[C@H]2C[C@H]2F)c(C)c1C,,,,,,ZINCmG00000hfGBP
,,C[C@@]1(CC(=O)N[C@@H]2C[C@H]2O)CCN(C(=O)C[C@@H]2CSCCO2)C1,,,,,,ZINCn900000Ugqth
,,CC=CC=CC(=O)NCCCCCC(=O)N(CC)Cc1ncc[nH]1,,,,,,ZINCov00000p9vS3
,,Cc1cccnc1CC(=O)N[C@H]1C[C@H]1CNC(=O)c1ccn(C)c1C,,,,,,ZINCpl00000n2M0j
,,Cc1cccnc1CNC(=NCCCF)NCC1(F)COCCOC1,,,,,,ZINCpl00000n2Mzf
,,C=CC1(CC(=O)N[C@H]2CCCC23CN(C(=O)[C@@H](CO)N(C)C)C3)CC1,,,,,,ZINCpd00000wfaxZ
,,CC[C@H]1CCC[C@@H](C(=O)N2CCCC[C@H]2c2nncn2C)N1,,,,,,ZINCmn00000uDL4P
,,C=CC1(CC(=O)N2CCOC[C@@H]2CNC(=O)c2c[nH]nc2OC)CC1,,,,,,ZINCpd00000wf7ft
,,CC[C@@](C)(CNC(=O)[C@H]1COC[C@H]1NC(=O)COCC(C)C)OC,,,,,,ZINCod00000HNoL7
,,C=CC1(CC(=O)NC[C@H]2C[C@@H]2NC(=O)c2cc(=O)n(C)cn2)CCC1,,,,,,ZINCpd00000wf9Bm
,,C=C(C)C[C@@H](C)C(=O)NC(C)(C)CN(C)C(=O)[C@H]1C[C@H]1C,,,,,,ZINClv000006v4QQ
,,CC[C@H]1CCC[C@@H](CO)N1C(=O)c1ccc(N)c([N+](=O)[O-])c1,,,,,,ZINCmp00000uDL4M
,,COc1cccc(SCC(=O)NC[C@@H]2CCC[C@@H]2NC(=O)C=CI)c1,,,,,,ZINCpB000003NTM3
,,CC[C@H]1CCC[C@@H](CO)N1C(=O)Cc1ccc(C(N)=O)nc1,,,,,,ZINCme00000uDL4N
,,CCC[C@@H](CNC(=O)c1nnn(C)c1N)C(=O)N1C[C@H](F)[C@H](F)C1,,,,,,ZINCo6000012IDUF
,,CC(C)[C@H](C)NC(=O)C1=NO[C@@H](CNC(=O)[C@@H]2CCC(=O)N2C)C1,,,,,,ZINCo6000012IDUK
,,Cc1ccc(CN(CCN=[N+]=[N-])C(=O)[C@@H]2C[C@@H]3C[C@@H]3C2)cn1,,,,,,ZINCmA00000hfGBQ
,,CC1=C(C(=O)N[C@@H]2C[C@H]3CC[C@@H]2[C@@H](NC(=O)CO)C3)COCC1,,,,,,ZINCnb00000Ugqtm
,,Cc1cccnc1C=CC(=O)N(C)[C@@H](C)CNC(=O)c1cc(F)n[nH]1,,,,,,ZINCpl00000n2KgE
,,CC1=C(C(=O)N[C@H]2C[C@H](CCNC(=O)[C@@H]3CCS3(=O)=O)C2)CC1,,,,,,ZINCnc00000UgqtE
,,O=C(NCCOCCCF)NCC[C@@]1(O)CCCOC1,,,,,,ZINCkb00000PCnFo
,,O=C(NCCOCCCF)N1C[C@@]2(F)CC[C@@]1(CO)C2,,,,,,ZINCkg00000PCnFe
,,CN(CC(=O)N[C@H](CC(=O)N1C[C@H]2CC[C@@H]1C2)C(F)F)C1CCC1,,,,,,ZINCom00000FBJVL
,,CCCCCC(=O)NCCC(C)(C)C(=O)N(C)CCC1CN(C)C1,,,,,,ZINCov00000p9vRY
,,CCCCCNC(=O)[C@H]1COC[C@H]1NC(=O)COc1cc(C)on1,,,,,,ZINCod00000HNoL6
,,Cc1cccnc1CC(=O)N[C@H]1[C@@H]2CN(C(=O)[C@H]3CC4CC3C4)C[C@@H]21,,,,,,ZINCpl00000n2M0G
,,O=C(NCCOCCCF)[C@@H]1CCN(C(=O)CCCF)O1,,,,,,ZINCld00000PCnF6
,,CC(C)CCNC(=O)[C@H]1COC[C@H]1NC(=O)[C@@H](F)C[C@H]1CCOC1,,,,,,ZINCog00000HNoL3
,,C=CC1(C(=O)N[C@H]2C[C@H](NC(=O)c3n[nH]cc3OC)C2)CCOCC1,,,,,,ZINCpd00000wf5Wt
,,CC/C=C/CC(=O)N(C)CCCCC(=O)NCCc1nnc(C)s1,,,,,,ZINCou00000p9vRT
,,CCCCCC(=O)N(C)CCCCC(=O)NCCCc1cn[nH]c1,,,,,,ZINCow00000p9vS2
,,C[C@@H](O)C(C)(C)CN(Cc1cnsc1)C(=O)c1cc(CO)n(C)n1,,,,,,ZINCok00000K85KG
,,Cc1ccc(CN(CCN=[N+]=[N-])C(=O)[C@@H]2CCOC2)cc1Cl,,,,,,ZINCmD00000hfGBS
,,COc1cccc(NC[C@H](C)NC(=O)C[C@H](C)C(F)(F)F)c1[N+](=O)[O-],,,,,,ZINCpB000003NTty
,,Cc1ccc(CN(CCN=[N+]=[N-])C(=O)[C@@H]2C[C@@H]2[C@@H]2C[C@@H]2C)s1,,,,,,ZINCmJ00000hfGBO
,,C[C@]1(C(=O)Nc2cncc(Cl)c2)CC[C@H]1C(=O)O,,,,,,ZINCir00000aS4m4
,,CCC=C(CCC)C(=O)N1C[C@@H](C)C[C@H](NC(=O)CC(=O)N(C)C)C1,,,,,,ZINCpp00000v9F1h
,,CC[C@@H](C(=O)NC[C@](C)(O)CO)N(C)C(=O)[C@@H]1[C@H]2CN(C)C[C@H]21,,,,,,ZINCn400000UjUSR
,,C=CC[C@H](C)C(=O)N1CCCC[C@H]1CCNC(=O)C[C@@H]1CCC(=O)C1,,,,,,ZINCpy000004xg40
,,CCC=C(CCC)C(=O)N1CCCN(C(=O)[C@H](C)OCC)[C@@H](CO)C1,,,,,,ZINCpp00000v9ExA
,,CCC=C(CCC)C(=O)N[C@@H]1C[C@@H](NC(=O)Cc2cnsc2)C[C@H]1O,,,,,,ZINCpp00000v9Gag
,,CC[C@@H](C(=O)N(C)CC(=O)N1CCC2(CCC2)[C@@H](O)C1)C(C)C,,,,,,ZINCno00000UjUTd
,,CCN(C(=O)c1cnc(NC(C)=O)nc1)C1(C(=O)O)CC1,,,,,,ZINClb000018SUZd
,,CC1CC(CO)(NC(=O)[C@@H]2COCCN2C(=O)[C@H]2CCN(C)C2=O)C1,,,,,,ZINCp4000015IkyQ
,,C=Cc1cc(C(=O)NC23CN(C(=O)OC(C)(C)C)C(C)(C2)C3)ccn1,,,,,,ZINCpz000011UGs7
,,Cc1ccc(O)cc1-c1nc(NC(=O)c2cc(O)ccc2F)cs1,,,,,,ZINCoJ00000cp2rq
,,C[C@H]1C[C@H](N(C)C(=O)N[C@@H](CF)c2ccccc2F)C[C@@H](C)O1,,,,,,ZINCnE000001Obu9
,,CC(C)NC(=O)CN1C[C@@H]2COC[C@]2(C(=O)N2[C@@H](C)CC[C@H]2C)C1,,,,,,ZINCoe00000GYXyc
,,Cn1nc(-c2ccccc2F)c(CNC[C@H]2C[C@H]2CC(=O)O)c1Cl,,,,,,ZINCoA00000thuuP
,,CCC=C(CCC)C(=O)N1CC2(CCN(C(=O)c3n[nH]c(C)n3)C2)C1,,,,,,ZINCpp00000v9Es1
,,CCC1CC(C(=O)N2CC3CC2(C(=O)N[C@@H](C(C)C)C(F)(F)F)C3)C1,,,,,,ZINCpB000011UGrJ
,,CC[C@H](C(=O)N[C@](C)(CO)C(=O)N[C@H]1C[C@]1(C)C(F)F)C(C)C,,,,,,ZINCnm00000UjUSV
,,CCN(CCNC(=O)c1cc(C)c(N)cc1F)C(=O)[C@@H](C)COC,,,,,,ZINCol000005iskN
,,CCC=C(CCC)C(=O)N(C)C[C@H](C)NC(=O)[C@@H]1CCN(C)C(=O)C1,,,,,,ZINCpp00000v9EeQ
,,CC1CC(CO)(NC(=O)[C@@H]2COCCN(C(=O)CCP(C)(C)=O)C2)C1,,,,,,ZINCpd000015IkyR
,,C=C[C@H](C)CC(=O)N[C@H](C(=O)N1C[C@H](O)C(C)(C)C1)C1CCCCC1,,,,,,ZINCpu00000iZyLg
,,C=CC[C@H](C)C(=O)N1CCC[C@H]1CNC(=O)c1cc2ccccn2c1,,,,,,ZINCpy000004xgFl
,,CC[C@@H](C(=O)N[C@](C)(CO)C(=O)NCCCC(=O)OC)N(C)C,,,,,,ZINCn500000UjUSH
,,CCc1ocnc1C(=O)N1C[C@@H](F)C[C@@H]1C(=O)N1CCC(F)(F)CC1,,,,,,ZINCpq00000CCpPC
,,CCC=C(CCC)C(=O)N1CCN(C(=O)CCCCC(N)=O)[C@H]2C[C@H]21,,,,,,ZINCpp00000v9EDu
,,C[C@H]1C[C@H](COc2ccc(C(=O)c3ccc(F)cc3)cc2)CN1,,,,,,ZINCnE000001ObrS
,,COCC(=O)N1CCO[C@H](C(=O)N[C@@H]2CC[C@H]3CC[C@H]32)CC1,,,,,,ZINCmb00000x5r2t
,,C=CC[C@H](C)C(=O)N1CCC[C@]1(C)CNC(=O)C[C@@H]1C[C@H](C)O[C@@H]1C,,,,,,ZINCpy000004xgIE
,,CCC=C(CCC)C(=O)N(C)[C@@H]1CCN(C(=O)c2nc(C)n(C)n2)C1,,,,,,ZINCpp00000v9EhH
,,CCC=C(CCC)C(=O)N1C[C@@H]2CC[C@]2(NC(=O)c2[nH]nnc2C)C1,,,,,,ZINCpp00000v9F6A
,,O=S(=O)(NOC1CCCC1)C1(c2ccccc2)CC1,,,,,,ZINCju00000eUGZh
,,COCC(=O)N1CCO[C@@H](C(=O)NCCCn2nccn2)C1,,,,,,ZINCm400000x5r2k
,,O=C(C[C@H]1CN(C(=O)C=Cc2nccs2)CCO1)NOCCCO,,,,,,ZINCo800000HOC8D
,,CCC=C(CCC)C(=O)N[C@@H]1COCC[C@@H]1NC(=O)[C@H](OC)C1CC1,,,,,,ZINCpp00000v9G7Y
,,CCSCC(=O)N1CCC[C@H](N(C)C(=O)c2cn3ccnc3s2)C1,,,,,,ZINCos000008fGcy
,,CCC1CC(C(=O)N2CCN(C(=O)CCc3cscn3)[C@H](C)[C@@H]2C)C1,,,,,,ZINCpz000011UGs0
,,C=C1CC(CONC(=O)[C@H]2COC[C@H]2NC(=O)CN(CC)C2CC2)C1,,,,,,ZINCpc000015IkyP
,,CC[C@H](C)CC(=O)N[C@H](C(=O)N1C[C@@H]2CC[C@H](C1)N2CC)C1CCC1,,,,,,ZINCpu00000iZyL8
,,C=CC[C@H](C)C(=O)N1CCC[C@H]1CNC(=O)[C@@]1(C)C[C@H](C)O[C@H](C)C1,,,,,,ZINCpy000004xgF0
,,COCC(=O)N1CCO[C@H](C(=O)NCCO[C@H]2CC2(F)F)C1,,,,,,ZINCm500000x5r2s
,,C=C1CC(CONC(=O)[C@@H]2COCC[C@H]2NC(=O)c2cc(=N)[nH][nH]2)C1,,,,,,ZINCp7000015IkyN
,,COCC(=O)N1CCO[C@H](C(=O)NC[C@H]2CC(C)(C)CO2)C1,,,,,,ZINCm500000x5r2p
,,CCc1ocnc1C(=O)N1C[C@H](C)[C@@H](NS(=O)(=O)c2sccc2C)C1,,,,,,ZINCpq00000CCpPz
,,O=C(O)[C@@H](c1cccc(Br)c1)N1CCC2(CC1)C[C@@H](O)CO2,,,,,,ZINCmr00000eBlRK
,,CC[C@H](C(=O)N[C@@](C)(CO)C(=O)NCC1(C#N)CC1)C(=O)OC,,,,,,ZINCn500000UjUSB
,,C[C@H]1C[C@H](CO)N1C(=O)Nc1cc(OC(F)(F)F)c(F)cc1Br,,,,,,ZINCnE000001Obr1
,,C=CC[C@H](C)C(=O)N1CCCC[C@]12C[C@H](NC(=O)c1ccn(C)c1)C2,,,,,,ZINCpy000004xg6l
,,CCCN(C(=O)CC(F)(F)F)[C@H](C)C(=O)N(C)C[C@@H]1CCO[C@H]1C,,,,,,ZINCou00000pdo6K
,,CC[C@@H](C)n1nccc1NC(=O)C(=O)N[C@@H]1CCC=CCCC1,,,,,,ZINCnx000002fqqy
,,CC1CC(CO)(NC(=O)[C@@H]2CSCN2C(=O)C23CC(C)(CCO2)C3)C1,,,,,,ZINCph000015IkyV
,,CCN(CCNC(=O)c1c[nH][nH]c1=N)C(=O)c1cccc(C)c1C,,,,,,ZINCol000005is7n
,,CCC1CC(C(=O)N2CCO[C@@H](c3nc([C@@H]4CCCOC4)cs3)C2)C1,,,,,,ZINCpD000011UGs3
,,CCN(C(=O)c1cnn2cccc(OC)c12)[C@@H](C)[C@@H](C)N,,,,,,ZINCll000018SUZo
,,CCN(CCNC(=O)[C@H](C)CC(C)C)C(=O)[C@H]1CCCCC(=O)N1,,,,,,ZINCom00000gpiVm
,,CC[C@@H](CC(=O)N(C)Cc1ccccc1S(N)(=O)=O)C(C)(C)C,,,,,,ZINCnx000002fqyX
,,CCN(CCNC(=O)c1cc(N)c(Cl)c(O)n1)C(=O)c1ccoc1,,,,,,ZINCol000005isyW
,,Cc1ccc(O)cc1-c1nc(NCc2cccc3ccnn23)cs1,,,,,,ZINCoK00000cp2ro
,,CC[C@H](C(=O)N[C@@](C)(CO)C(=O)NCCOC(C)=O)C(=O)OC,,,,,,ZINCn400000UjUSQ
,,CC1CC(CO)(NC(=O)[C@@H]2CN(C(=O)c3csc(Cl)n3)CCN2C)C1,,,,,,ZINCpe000015IkyB
,,COCC(=O)N1CCO[C@@H](C(=O)N[C@@H](C)CC(C)(C)O)CC1,,,,,,ZINCm500000x5r2x
,,C=CCNC(=O)CN1CCOC[C@H](C(=O)N[C@H]2CCCC[C@H]2C)C1,,,,,,ZINCof00000GYXyg
,,CC1CC(CO)(NC(=O)[C@@H]2CSCN2C(=O)COCc2nc[nH]n2)C1,,,,,,ZINCp5000015IkyX
,,CCN(CCNC(=O)[C@H](C)CO)C(=O)[C@@H](O)c1ccc(Cl)c(Cl)c1,,,,,,ZINCom00000gpj1A
,,CCN(CCNC(=O)[C@H](C)N(C)C)C(=O)c1oc(C(C)C)nc1C,,,,,,ZINCom00000gpjal
,,CCC=C(CCC)C(=O)N1CCC[C@@H](CCNC(=O)CS(C)(=O)=O)C1,,,,,,ZINCpp00000v9Eya
,,CCN(CCNC(=O)[C@H](C)Cn1ccnc1)C(=O)C1CC(SC)C1,,,,,,ZINCom00000gpj8k
,,CC(C)NC(=O)CN1CC[C@@H](CC(=O)N[C@H]2CCC[C@@H](CO)C2)C1,,,,,,ZINCoe00000GYXy5
,,O=S(=O)(NOC1CC1)[C@@H]1CCC2(CCCC2)C1,,,,,,ZINChr00000eUGZe
,,CC1CC(CO)(NC(=O)[C@H]2CCN(C(=O)CC3COCCOC3)C2)C1,,,,,,ZINCp7000015Ikyb
,,C=C1CC(CONC(=O)[C@@H]2[C@H]3CN(C(=O)[C@H]4CCCN(C)C4)C[C@H]32)C1,,,,,,ZINCpg000015Ikyv
,,C[C@](CNC(=O)CCF)(NC(=O)[C@@H]1C[C@H]2C=C[C@@H]1CC2)C1CCC1,,,,,,ZINCox00000pdo6P
,,O=C(O)[C@H](C1CC1)n1cc(-c2cc(F)cc([N+](=O)[O-])c2)cn1,,,,,,ZINCmw00000eBlRJ
,,CC1CC(CO)(NC(=O)[C@@H]2CN(C(=O)Cn3cnc(=N)[nH]3)C[C@H]2C)C1,,,,,,ZINCp5000015IkyJ
,,CC[C@@H](C(=O)N[C@](C)(CO)C(=O)NCC(=O)NC)n1cncn1,,,,,,ZINCn300000UjUSU
,,CC[C@@H](C(=O)NC[C@](C)(O)CO)N(C)C(=O)CC(C)(C)C1CC1,,,,,,ZINCnf00000UjUSP
,,CC[C@@H](C(=O)N[C@@](C)(CO)C(=O)NCC(C)(C)SC)C(=O)OC,,,,,,ZINCn900000UjUSI
,,CC[C@@H](C(=O)NC[C@](C)(O)CSC)N(C)C(=O)C1CS(=O)(=O)C1,,,,,,ZINCn500000UjUT6
,,CCN(C(=O)c1cnc(NC2CC2)s1)[C@H](C)[C@@H](C)N,,,,,,ZINCjp000018SUZc
,,C[C@H]1C[C@H](CO)CN(C(=O)c2ccccc2SCC(F)(F)F)C1,,,,,,ZINCnE000001Obq9
,,CCN(CCNC(=O)c1cc(F)ccc1O)C(=O)[C@H]1C[C@@H](C)CO1,,,,,,ZINCol000005isxy
,,CCC=C(CCC)C(=O)N(CCO)C1CCN(C(=O)[C@H](C)OC)CC1,,,,,,ZINCpp00000v9ElP
,,C[C@H]1C[C@H](CO)CN1C(=O)c1cc(-c2ccc(Cl)cc2Cl)on1,,,,,,ZINCnE000001ObqL
,,CC1(C)CN(C(=O)COc2ccccc2I)[C@@H]1[C@H]1CCCO1,,,,,,ZINCmA000008zejT
,,Cn1nc(-c2ccccc2)nc1CCN[C@@H]1CCCc2scnc21,,,,,,ZINCoB00000thuuR
,,CCC=C(CCC)C(=O)N[C@H]1CCCN(C(=O)CNC(=O)OCC)C1,,,,,,ZINCpp00000v9Gkw
,,CC[C@@H](C(=O)N[C@@](C)(CO)C(=O)N(C)[C@@H](CO)C(C)C)C(C)C,,,,,,ZINCng00000UjUSK
,,C=C1CC(CONC(=O)[C@@H]2[C@H]3CC[C@H](C3)N2C(=O)CNC(=O)NC)C1,,,,,,ZINCp9000015Ikys
,,CCc1ocnc1C(=O)N1C[C@H]2CCN(C(=O)[C@H]3CC=CCC3)C[C@H]21,,,,,,ZINCps00000CCpPo
,,CCSCC(=O)N1CCC[C@@]2(CCCN2C(=O)COC2CCC2)C1,,,,,,ZINCos000008fG7s
,,CCc1ocnc1C(=O)N1C[C@H](C)[C@H]1C(=O)NCc1ccc(Cl)cn1,,,,,,ZINCpq00000CCpPu
,,O=S(=O)(NOC1CC1)[C@H]1C[C@@H]1c1cccc(Br)c1,,,,,,ZINCit00000eUGZg
,,CC[C@@H](C(=O)N[C@](C)(CO)C(=O)N1CC[C@H](O)[C@H](O)C1)N(C)C,,,,,,ZINCn400000UjUSn
,,COCC(=O)N1CCO[C@H](C(=O)N(CCC(=O)OC)OC)C1,,,,,,ZINCm400000x5r2n
,,COCC(=O)N1CCO[C@@H](C(=O)NC[C@@H](C)CC2CC2)CC1,,,,,,ZINCme00000x5r2r
,,CCC=C(CCC)C(=O)N[C@@H]1C=CCN(C(=O)c2cnn(CC)n2)C1,,,,,,ZINCpp00000v9FYk
,,CC[C@H](C(=O)N[C@@](C)(CO)C(=O)Nc1cccc(C)c1)N(C)C,,,,,,ZINCnh00000UjUSv
,,C=C1CC(CONC(=O)[C@@H]2CCOCCN2C(=O)[C@H]2CCN2CC)C1,,,,,,ZINCpd000015Ikyo
,,C=C1CC(CONC(=O)[C@@H]2CN(C(=O)[C@H](C)NC(=O)OC)C[C@H]2F)C1,,,,,,ZINCpb000015IkyI
,,CC[C@@H](C)n1cnc(S(=O)(=O)NCC2(COC)CCCCC2)c1,,,,,,ZINCnx000002fq6g
,,C[C@H]1CC[C@@H]1C(=O)NCCN(C(=O)[C@]1(C)C[C@H]1C)C1CC1,,,,,,ZINClr00000p6ym7
,,CCC=C(CCC)C(=O)N1CCN(C(=O)[C@H]2CCCO2)C[C@H]1COC,,,,,,ZINCpp00000v9EJ5
,,C=CC[C@H](C)C(=O)N1CCC[C@@H]([C@@H](C)NC(=O)C2(C#N)CC=CC2)C1,,,,,,ZINCpy000004xgdN
,,CC[C@H](C(=O)N[C@@](C)(CO)C(=O)N1CCS[C@H](C)C1)C(=O)OC,,,,,,ZINCn600000UjUSt
,,C=CC[C@H](C)C(=O)N1CCC[C@H](N(C)C(=O)[C@]2(C)CCCOC2)CC1,,,,,,ZINCpy000004xgvq
,,CCN(C(=O)c1cnc(C(=O)OC)s1)C1CC(N)C1,,,,,,ZINCje000018SUZb
,,COCC(=O)N1CCO[C@@H](C(=O)NC[C@H]2CCC3(CC3)C2)C1,,,,,,ZINCmb00000x5r2o
,,C=C1CC(CONC(=O)[C@H]2CCN(C(=O)c3ncncc3N)[C@@H]2C)C1,,,,,,ZINCpf000015Iky7
,,C[C@H]1C[C@H](N(C)CCOc2ccc(C(F)(F)F)cc2)CCN1C,,,,,,ZINCnE000001Obwi
,,C=CCNC(=O)CN1CCC(C(=O)N2CCC(N(C)C)CC2)CC1,,,,,,ZINCob00000GYXxX
,,CCN(C(=O)c1cnc(CN)s1)c1cccnc1,,,,,,ZINCim000018SUZ9
,,CC1CC(CO)(NC(=O)[C@@H]2CN(C(=O)[C@H]3CCNC3=O)C[C@H](C)O2)C1,,,,,,ZINCp5000015IkyH
,,CC1CC(CO)(NC(=O)[C@H]2[C@@H](C)CCN2C(=O)Cn2cnc(=N)[nH]2)C1,,,,,,ZINCp5000015Ikyy
,,O=C(C[C@H]1CN(C(=O)CCc2cscn2)CCO1)NC1(CO)CC1,,,,,,ZINCo900000HOC8C
,,CC[C@@H](C(=O)N[C@](C)(CO)C(=O)N(C)C1(CCO)CC1)C(C)C,,,,,,ZINCnf00000UjUSA
,,CCc1ocnc1C(=O)N1C[C@@H](C)[C@H]1C(=O)N(C)CC1CC(F)(F)C1,,,,,,ZINCps00000CCpPv
,,CCc1ocnc1C(=O)N1C[C@H](F)C[C@H]1C(=O)N1CCC2(CCC2)C1,,,,,,ZINCpr00000CCpPB
,,C=CCNC(=O)CN1CC[C@H](CC(=O)NC[C@H](C)N2CCCC2)C1,,,,,,ZINCoc00000GYXy4
,,CCC1CC(C(=O)N2CCC[C@H](c3csc(-c4cn(C)nn4)n3)C2)C1,,,,,,ZINCpA000011UGrP
,,CC[C@@H](C(=O)N[C@](C)(CO)C(=O)NC1(CCOC)CC1)N(C)C,,,,,,ZINCn500000UjUSx
,,CCO[C@@H]1CCC[C@@H](N[C@@H]2CCCCC23OCCO3)C1,,,,,,ZINCkw0000012O9u
,,C[C@H]1C[C@H](CO)CN1C(=O)NCCOc1c(Cl)cc(Cl)cc1Cl,,,,,,ZINCnE000001Obqt
,,C=C1CC(CONC(=O)[C@H]2CCN(C(=O)C[C@H]3CCCO3)C[C@H]2O)C1,,,,,,ZINCpd000015Ikye
,,CC[C@@H](CC#N)OC(=O)[C@@H]1CCC(=O)N1Cc1ccc(C)cc1,,,,,,ZINCnx000002fqxX
,,CC[C@@H](C(=O)N[C@](C)(CO)C(=O)N[C@@H](C)CSC)n1ccnc1,,,,,,ZINCnb00000UjUSZ
,,COCC(=O)N1CCO[C@@H](C(=O)NCC(C)(C)CCCO)C1,,,,,,ZINCm500000x5r2h
,,C=C1CC(CONC(=O)[C@H]2CC(=O)CN2C(=O)[C@@H]2CC(=O)C2(C)C)C1,,,,,,ZINCpd000015Ikyr
,,C=C1CC(CONC(=O)[C@H]2CCN(C(=O)CCc3nc(=N)[nH][nH]3)C2)C1,,,,,,ZINCp7000015Ikyc
,,O=C(C[C@@H]1CN(C(=O)CCc2cnoc2)CCO1)N1CCOCC1,,,,,,ZINCo600000HOC8A
,,CCC=C(CCC)C(=O)N1C[C@@H](CNC(=O)CCS(C)(=O)=O)C[C@H]1C,,,,,,ZINCpp00000v9F23
,,Cn1nc(C2CCCCC2)cc1NC(=O)N[C@@H]1CC[C@H](CCO)C1,,,,,,ZINCoB00000thuuM
,,C=C[C@H](C)CC(=O)N[C@H](C(=O)N1C[C@H](O)C[C@@H]1CC)c1ccccc1,,,,,,ZINCpu00000iZyLh
,,CC[C@H](C(=O)N[C@](C)(CO)C(=O)NC1(CO)CCC1)C(=O)OC,,,,,,ZINCn500000UjUSz
,,C=CC[C@H](C)C(=O)N1CCC[C@H](NC(=O)[C@@H](C)c2cccnc2)CC1,,,,,,ZINCpy000004xgx0
,,C=CC[C@H](C)C(=O)N1CCC[C@@H]1CNC(=O)c1cc(CC)ccc1O,,,,,,ZINCpy000004xgkQ
,,CCC1CC(C(=O)N2[C@H]3CC[C@H](C3)[C@H]2C(=O)N[C@H](C)c2cscn2)C1,,,,,,ZINCpB000011UGs4
,,CCN(C(=O)c1cn(C)c(=O)cc1C)C1CC(N)C1,,,,,,ZINCjc000018SUZa
,,C=C1CC(CONC(=O)[C@H]2C[C@H](O)[C@@H](NC(=O)C[C@@H](C)COC)C2)C1,,,,,,ZINCpf000015Iky4
,,C=CCNC(=O)CN1CC[C@@H]2C[C@@H](C(=O)NC(C)(C)[C@H](C)O)[C@@H]2C1,,,,,,ZINCob00000GYXxY
,,CCN(CCNC(=O)[C@H](C)CO)C(=O)[C@](C)(F)c1ccccc1F,,,,,,ZINCom00000gpj22
,,CC[C@H](C(=O)N[C@](C)(CO)C(=O)Nc1cn(C)nc1C)C(C)C,,,,,,ZINCni00000UjUSy
,,CC[C@@H](C)c1nc([C@H](C)NC(=O)c2ccnn2C(C)(C)C)n[nH]1,,,,,,ZINCnx000002fq0G
,,C=CC[C@H](C)C(=O)N1CCC[C@H]1CN(C)C(=O)c1cc(F)ncc1C,,,,,,ZINCpy000004xgDJ
,,C=C1CC(CONC(=O)[C@H]2[C@@H]3C[C@H]2CN3C(=O)Cc2cc(C)[nH]n2)C1,,,,,,ZINCph000015Ikyu
,,CC[C@H](C(=O)N[C@@](C)(CO)C(=O)N1C[C@H]2CCC=C[C@H]21)C(C)C,,,,,,ZINCnn00000UjUSq
,,CCN(CCNC(=O)c1cc(C#N)[nH]c1C)C(=O)[C@@](C)(CC)OC,,,,,,ZINCol000005isdc
,,CC[C@@H](C(=O)NC[C@](C)(O)CSC)N(C)C(=O)c1cc(C)ns1,,,,,,ZINCnl00000UjUT5
,,CC[C@@H](C(=O)NC[C@](C)(O)CSC)N(C)C(=O)Cc1ccc[nH]1,,,,,,ZINCng00000UjUT7
,,CCc1ncc(CN(CC[C@H](CO)C(C)C)C(=O)[C@@H](C)CC(C)C)[nH]1,,,,,,ZINCpG00000FGCva
,,CCc1ncc(CN(CC[C@H](CO)C(C)C)C(=O)c2ccc(C)o2)o1,,,,,,ZINCpE00000FGCv5
,,C=CC[C@H](C)C(=O)N1CCCO[C@@H](CNC(=O)[C@H](C)SCCCC)C1,,,,,,ZINCpy000004xg6U
,,O=C(O)[C@@H](c1cccc(Cl)c1Cl)N1CC[C@H](n2cnnn2)C1,,,,,,ZINCmq00000eBlRR
,,C=C1CC(CONC(=O)[C@H]2CCN(C(=O)CO[C@@H](C)CC)C[C@H]2O)C1,,,,,,ZINCpg000015Ikyn
,,CC[C@H](C(=O)N[C@@](C)(CO)C(=O)NC1CC(Cl)(Cl)C1)C(=O)OC,,,,,,ZINCnb00000UjUSw
,,CCc1ocnc1C(=O)N1C[C@@H](C)C[C@@H](NS(=O)(=O)CC(C)(C)C)C1,,,,,,ZINCpq00000CCpPs
,,CCN(CCNC(=O)[C@H](C)CN(C)C)C(=O)C=Cc1cnc(C)s1,,,,,,ZINCom00000gpj0Q
,,Cn1nc(-c2ccccc2)cc1NC(=O)N[C@@H]1CC12CC(F)(F)C2,,,,,,ZINCoD00000thuuL
,,Cn1ncc2ccc(CCC(=O)N3C[C@]45C=C[C@@]4(CCC5)C3)cc21,,,,,,ZINCoA00000thuuU
,,CCSCC(=O)N1CCC[C@H](CNC(=O)COC2CC=CC2)CC1,,,,,,ZINCos000008fGav
,,CCc1ncc(CN(CC[C@@H](C)OC)C[C@@](C)(O)C2CCCCC2)[nH]1,,,,,,ZINCpF00000FGCv4
,,CCCN(C(=O)CC(F)(F)F)[C@H](C)C(=O)N[C@H]1CCCC2(C1)N=N2,,,,,,ZINCox00000pdo6L
,,C=CC[C@H](C)C(=O)N1CCC[C@@H](C)[C@@H]1CN=c1cc(COC)nc[nH]1,,,,,,ZINCpy000004xg7z
,,CCN(CCNC(=O)[C@H](C)CO)C(=O)c1cc(C)n(C2CC2)c1C,,,,,,ZINCom00000gpj2c
,,Cc1ccc(O)cc1-c1nc(NC(=O)c2cccc(F)c2O)cs1,,,,,,ZINCoJ00000cp2rp
,,C[C@@H]1CC[C@H]1C(=O)N(CCN=[N+]=[N-])Cc1cncc(Cl)c1,,,,,,ZINClE00000p6ymb
,,Cn1nc(C2CCCCC2)cc1NC(=O)NC[C@H](O)c1ccoc1,,,,,,ZINCoz00000thuuK
,,CC[C@H](C(=O)N[C@](C)(CO)C(=O)NCCCCF)n1cncn1,,,,,,ZINCn500000UjUSE
,,COCC(=O)N1CCO[C@H](C(=O)NCC[C@]2(C)CC2(F)F)C1,,,,,,ZINCma00000x5r2e
,,CCC=C(CCC)C(=O)NC[C@@H]1CCN(C(=O)CCN(C)C(C)=O)C1,,,,,,ZINCpp00000v9FCI
,,CCNC(=O)C1CN(C(=O)c2nc(C)c(C)n2C)C1,,,,,,ZINCj8000018SUZg
,,CCNC(=O)C1CN(C(=O)CCn2nccc2C)C1,,,,,,ZINCj7000018SUZi
,,O=C(C[C@@H]1CN(C(=O)C#C[C@H]2CCOC2)CCO1)NC[C@H](F)CO,,,,,,ZINCo500000HOC8J
,,C#CCN(C(=O)CC(F)(F)Cl)[C@@H]1CCN(C(=O)[C@@H](C)CC(F)F)C1,,,,,,ZINCov00000pdo6F
,,CC[C@@H](C(=O)NCCCOC(=O)NC)N(C)C(=O)C1CC(F)C1,,,,,,ZINCne00000UjUT0
,,CC[C@@H](C(=O)NC[C@](C)(O)C(=O)OC)N(C)C(=O)[C@@H]1CCOC1,,,,,,ZINCn500000UjUT3
,,C=C[C@@H](C)CC(=O)N[C@@H](C(=O)N1C[C@H](C)N(CC)[C@H](C)C1)C1CCC1,,,,,,ZINCpu00000iZyLd
,,C=C1CC(CONC(=O)[C@@H]2CCO[C@@H]2CNC(=O)C(C)(C)COC)C1,,,,,,ZINCph000015Ikyq
,,C[C@H]1C[C@H](N)CN(C(=O)c2cc(Cl)ccc2OC2CCCC2)C1,,,,,,ZINCnE000001Obxt
,,O=C(C[C@@H]1CN(C(=O)C=Cc2cocn2)CCO1)N[C@H]1CCOC1,,,,,,ZINCo800000HOC8B
,,CCC=C(CCC)C(=O)NC1CN(C(=O)[C@@H]2C[C@H]2c2ccnn2C)C1,,,,,,ZINCpp00000v9Fmq
,,CC[C@@H](C)c1nc([C@H](C)NC(=O)C2CCCC(N)CCC2)n[nH]1,,,,,,ZINCnx000002fpZE
,,C=CC[C@H](C)C(=O)N1CCC[C@]2(CCN(C(=O)COC(C)(C)C)C2)C1,,,,,,ZINCpy000004xgKl
,,CCN(C(=O)c1c[nH]c2nccc-2c1C)C1(C(=O)O)CC1,,,,,,ZINClp000018SUZl
,,CC[C@@H](C(=O)N[C@@](C)(CO)C(=O)N1CCC(SC)CC1)N(C)C,,,,,,ZINCnb00000UjUSp
,,CCN(CCNC(=O)c1cc(C)no1)[C@@H](C)C(=O)Nc1nccs1,,,,,,ZINCol000005ispq
,,CC[C@@H](CO)N(CC)C(=O)CONC(=O)c1cccc(F)c1N,,,,,,ZINCnc00000UjUT1
,,COCC(=O)N1CCO[C@H](C(=O)N(C)C[C@H](O)CN(C)C)C1,,,,,,ZINCm400000x5r2j
,,Cn1ncc2ccc(Cc3nc(Cc4ccc(Br)nc4)no3)cc21,,,,,,ZINCoC00000thuuT
,,Cn1nc(-c2ccccc2)nc1Cc1noc([C@H](F)C(C)(F)F)n1,,,,,,ZINCoB00000thuuQ
,,CCc1ocnc1C(=O)N1C[C@H]2CN(C(=O)C[C@H](C)C(F)F)C[C@@H]2C1,,,,,,ZINCpq00000CCpPr
,,CCN(CCNC(=O)[C@H](C)C(F)F)C(=O)[C@H]1CCCc2n[nH]cc21,,,,,,ZINCom00000gpiR8
,,CCN(CCNC(=O)c1cc(F)cc(Cl)c1O)C(=O)CC[S@@](C)=O,,,,,,ZINCol000005isvT
,,CCN(CCNC(=O)[C@H](C)C1CCC1)C(=O)c1cnnn1C1CC1,,,,,,ZINCom00000gpiTy
,,CCN(CCNC(=O)c1cc(C#N)ccn1)C(=O)C1C[C@@H]2C[C@H]2C1,,,,,,ZINCol000005ise3
,,O=C(C[C@@H]1CN(C(=O)CCc2nc(O)n[nH]2)CC12CC2)NC1CC1,,,,,,ZINCo500000HOC8F
,,C=C[C@@H](C)CC(=O)N[C@H](C(=O)N1C[C@H]2[C@@H]3CC[C@@H](O3)[C@H]2C1)C(C)(C)C,,,,,,ZINCpt00000iZyLa
,,CCC1CC(C(=O)N2CCC[C@H](CCc3cn(CC4CC4)nn3)C2)C1,,,,,,ZINCpC000011UGrQ
,,CCN(CCNC(=O)[C@H](C)CO)C(=O)c1[nH]c2ccccc2c1C,,,,,,ZINCom00000gpj23
,,CCc1cc(C(=O)N2CCO[C@H](c3nc(-c4cscn4)cs3)C2)on1,,,,,,ZINCpA000011UGs2
,,COCC(=O)N1CCO[C@@H](C(=O)NCCCCC(=O)OC)C1,,,,,,ZINCm500000x5r2i
,,CCCN(C(=O)CN1CCN(Cc2cccnc2)CC1)[C@@H](C)CO,,,,,,ZINCoe00000GYXyf
,,CCN(C(=O)c1cnn(C[C@H](C)N)c1)[C@H](C)C(F)(F)F,,,,,,ZINCkm000018SUZs
,,CCN(CCNC(=O)[C@H](C)CSC)C(=O)Cc1c(C)ncnc1C,,,,,,ZINCom00000gpj4B
,,CCC=C(CCC)C(=O)N[C@@H]1CN(C(=O)[C@@H](C)CC(N)=O)CC1(C)C,,,,,,ZINCpp00000v9G6d
,,O=C(C[C@@H]1CN(C(=O)CCc2nc[nH]n2)CCO1)Nn1ccnn1,,,,,,ZINCo400000HOC8E
,,CCN(CCNC(=O)c1cc(C(C)=O)on1)C(=O)c1cnsc1C,,,,,,ZINCol000005ish4
,,C=CCNC(=O)CN1CCC(O)(C(=O)N[C@H](C)c2ccsc2)CC1,,,,,,ZINCog00000GYXy9
,,Cn1nc(-c2cccc(Cl)c2)cc1NC(=O)[C@H]1CCNCC1(C)C,,,,,,ZINCoD00000thuuX
,,CC[C@@H](C)c1nccc(N(C)CC(=O)Nc2ccc(C)cn2)n1,,,,,,ZINCnx000002fq1B
,,CCSCC(=O)N1CCC[C@H](CNC(=O)C[C@H](O)CC(C)(C)C)C1,,,,,,ZINCos000008fGay
,,CC[C@@H](C(=O)N[C@](C)(CO)C(=O)N(C)CCC(N)=O)C(=O)OC,,,,,,ZINCn400000UjUSF
,,CCN(C(=O)c1cnn(C)c1CN)C1CCC(N)CC1,,,,,,ZINCkc000018SUZp
,,CCc1ocnc1C(=O)N1C[C@H]2CN(C(=O)C(C)(C)CCF)C[C@@H]2C1,,,,,,ZINCpr00000CCpPp
,,CC[C@H](C(=O)N[C@](C)(CO)C(=O)NCCCC(=O)OC)C(C)C,,,,,,ZINCnc00000UjUSG
,,C=C[C@H](CC)C(=O)N[C@H](C(=O)N1C[C@@H](C)CC(C)(C)C1)C1(O)CCC1,,,,,,ZINCpu00000iZyLc
,,CCC1CC(C(=O)N2C[C@@H]3C[C@H]2[C@H](NC(=O)c2nc(C)sc2C)C3)C1,,,,,,ZINCpz000011UGrW
,,CC[C@@H](C(=O)N[C@](C)(CO)C(=O)NCC(=O)NC(C)C)N(C)C,,,,,,ZINCn400000UjUST
,,CCNC(=O)C1CN(C(=O)c2cc(F)ccn2)C1,,,,,,ZINCia000018SUZf
,,O=C(C[C@@H]1CN(C(=O)C=CCO)CC12CC2)NCCn1cnnc1,,,,,,ZINCo500000HOC8N
,,CCC=C(CCC)C(=O)N1CCN(C(=O)[C@@H](C#N)CC)C[C@@H](CO)C1,,,,,,ZINCpp00000v9EGY
,,CC[C@@H](C(=O)N[C@@](C)(CO)C(=O)N1CC(SC(F)F)C1)N(C)C,,,,,,ZINCn900000UjUSs
,,CCN(CCNC(=O)[C@H](C)CO)C(=O)c1csc(-c2ccoc2)n1,,,,,,ZINCom00000gpj2D
,,CCNC(=O)C1CN(C(=O)[C@H]2COc3cc(N)ccc32)C1,,,,,,ZINCl9000018SUZk
,,CCc1cc(C(=O)N2C[C@H](F)C[C@@H]2CNC(=O)[C@@H]2C[C@H]2CC)sc1C,,,,,,ZINCpD000011UGrZ
,,CCCN(C(=O)CC(F)(F)F)[C@H](C)C(=O)N[C@@H]1CCCC[C@@H]1C#N,,,,,,ZINCox00000pdo6M
,,CCC=C(F)C(=O)N(C)CC1(NC(=O)CCc2ncc(F)cn2)CC1,,,,,,ZINCpp00000v9GGl
,,O=C(C[C@@H]1CN(C(=O)CCCF)CCO1)N1CCO[C@@H](CCO)C1,,,,,,ZINCo500000HOC8H
,,CCN(C(=O)c1cnc(NC(C)=O)nc1)[C@@H](C)C(=O)NC,,,,,,ZINCl6000018SUZe
,,CC1CC(CO)(NC(=O)[C@H]2CCN(C(=O)[C@H]3CC=CCC3)C[C@H]2O)C1,,,,,,ZINCpe000015Ikyh
,,C=C[C@@H](C)CC(=O)N[C@H](C(=O)N1C[C@@H](CO)C2(CCC2)C1)[C@@H](C)CC,,,,,,ZINCpt00000iZyLe
,,CCN(CCNC(=O)c1cc(Cl)ncc1O)C(=O)CCC[C@@H](C)O,,,,,,ZINCol000005istQ
,,CCCN(C(=O)CC(F)(F)F)[C@H](C)C(=O)NCc1nc(C)c(C)o1,,,,,,ZINCou00000pdo6J
,,CCc1ncc(CN(CC[C@@H](CO)C(C)C)C(=O)c2ncsc2Cl)o1,,,,,,ZINCpG00000FGCv7
,,CCc1ocnc1C(=O)N1C[C@H](C)[C@H]1C(=O)Nc1cnc(F)c(C)c1,,,,,,ZINCpr00000CCpPt
,,C=C1CC(CONC(=O)[C@H]2CCN(C(=O)C3=NNC(=O)C3)C23CC3)C1,,,,,,ZINCp8000015Iky9
,,CCc1ncc(CN(CC[C@@H](CO)C(C)C)C(=O)c2ccsc2C)o1,,,,,,ZINCpJ00000FGCv6
,,Cc1cc(NC(=O)COc2cccc(F)c2F)c(C)cc1F,,,,,,ZINCmH000008zejY
,,C=C1CC(CONC(=O)[C@H]2CN(C(=O)C(=O)NC3CC3)C(C)(C)C2)C1,,,,,,ZINCpf000015IkyK
,,CC[C@@H](C(=O)N[C@](C)(CO)C(=O)NC1CC=CC1)N(CC)CC,,,,,,ZINCne00000UjUSu
,,CCc1ocnc1C(=O)N1C[C@H]2CN(C(=O)C[C@H](C)C3CC3)C[C@@H]2C1,,,,,,ZINCps00000CCpPq
,,CC(C)NC(=O)CN1C[C@H]2[C@@H](C1)[C@@H]2C(=O)NCCc1ccncc1,,,,,,ZINCoa00000GYXyb
,,C[C@@](CNC(=O)CC(F)(F)F)(NC(=O)c1c[nH]nc1Cl)C1CCC1,,,,,,ZINCou00000pdo6O
,,CC1CC(CO)(NC(=O)[C@@H]2C[C@H](O)CN2C(=O)C[C@]2(O)CCOC2)C1,,,,,,ZINCp4000015Iky5
,,C=CC[C@H](C)C(=O)N1CCN(C(=O)C2=C(C)OCCS2)[C@@H](C(C)C)C1,,,,,,ZINCpy000004xgMr
,,CCSCC(=O)N1CCC[C@H](N(C)C(=O)c2cc(N)ccc2F)C1,,,,,,ZINCos000008fGcd
,,CCC=C(CCC)C(=O)N(C)CCNC(=O)[C@H]1CCN(C(=O)CC)C1,,,,,,ZINCpp00000v9Ecm
,,CCSCC(=O)N1CCC[C@H](N(CCF)C(=O)C2=CCCCO2)C1,,,,,,ZINCos000008fGda
,,CCN(CCNC(=O)[C@H](C)Cc1ccnn1C)C(=O)C1CC(C)C1,,,,,,ZINCom00000gpj6W
,,CCN(CCNC(=O)[C@H](C)COC)C(=O)[C@H](O)c1cccc(Cl)c1,,,,,,ZINCom00000gpj3c
,,CCC=C(CCC)C(=O)N1CC[C@@H](NC(=O)Cc2cncs2)[C@H](O)C1,,,,,,ZINCpp00000v9ER0
,,O=C(C[C@@H]1CN(C(=O)CCC2OCCO2)CCO1)NC1(CF)CC1,,,,,,ZINCo900000HOC8G
,,C=CC[C@H](C)C(=O)N1CCN(C(=O)CCCCC(C)(C)C)C[C@@H](O)C1,,,,,,ZINCpy000004xgN8
,,C=CCNC(=O)CN1C[C@H]2[C@@H](C1)[C@@H]2C(=O)NCc1nc(CC)cs1,,,,,,ZINCoe00000GYXya
,,COCC(=O)N1CCO[C@@H](C(=O)NCCc2cncs2)CC1,,,,,,ZINCm600000x5r2f
,,CCC=C(CCC)C(=O)NC1CC(C)(NC(=O)c2[nH]c(O)nc2C)C1,,,,,,ZINCpp00000v9Fki
,,CCCN(C(=O)CC(F)(F)F)[C@@H](C)C(=O)N1CCC[C@@H](OCC)C1,,,,,,ZINCov00000pdo6I
,,Cn1ncc2ccc(CCC(=O)N3C[C@@]45C=C[C@]4(CCC5)C3)cc21,,,,,,ZINCoA00000thuuV
,,C[C@@H]1CC[C@@H]1C(=O)N(CCOC1CC1)CC1[C@H]2CCC[C@H]12,,,,,,ZINClA00000p6ymc
,,O=C(O)[C@H](c1cccc(Cl)c1Cl)N1C[C@@H](CO)C2(COC2)C1,,,,,,ZINCmq00000eBlRS
,,C=CCNC(=O)CN1CC[C@@H](CC(=O)N2CCC[C@@](O)(CC)C2)C1,,,,,,ZINCod00000GYXy2
,,O=S(=O)(NOC1CC1)c1ccc(CC(F)(F)F)cc1,,,,,,ZINCjr00000eUGZd
,,CC[C@H](C(=O)N[C@](C)(CO)C(=O)N1CC[C@H](O)[C@H](O)C1)N(C)C,,,,,,ZINCn400000UjUSo
,,CC[C@H](C(=O)NCCC(=O)N1Cc2c[nH]nc2C1)n1ccnc1,,,,,,ZINCnc00000UjUTa
,,CCC=C(CCC)C(=O)N[C@H](CO)CNC(=O)c1ccc(C#N)cc1,,,,,,ZINCpp00000v9GiJ
,,O=C(O)[C@H](c1cccc(Br)c1)N1CCN([C@@H]2CCSC2)CC1,,,,,,ZINCmw00000eBlRL
,,COCC(=O)N1CCO[C@H](C(=O)NC[C@](C)(O)CCO)CC1,,,,,,ZINCm400000x5r2m
,,O=C(O)[C@H](c1ccccc1F)N1CC[C@](CO)(C(F)(F)F)C1,,,,,,ZINCmr00000eBlRO
,,C=C1CC(CONC(=O)[C@@H]2CN(C(=O)CS(C)(=O)=O)CCC2(C)C)C1,,,,,,ZINCpf000015IkyL
,,CC[C@@H](C(=O)NC[C@@](C)(O)CSC)N(C)C(=O)c1ccc(C)o1,,,,,,ZINCnm00000UjUT4
,,O=C(C[C@@H]1CN(C(=O)C=CCF)CCO1)N[C@H](CO)[C@@H]1CCOC1,,,,,,ZINCo500000HOC8I
,,CC1CC(CO)(NC(=O)[C@@H]2COCC[C@@H]2NC(=O)C2=COCCC2)C1,,,,,,ZINCpa000015IkyO
,,Cn1nc(-c2ccccc2)cc1S(=O)(=O)NC1CCC(C)(F)CC1,,,,,,ZINCoA00000thuuN
,,O=S(=O)(NOC1CC1)c1cc(Br)c(O)c(Br)c1,,,,,,ZINChs00000eUGZc
,,O=C(C[C@H]1CN(C(=O)CC(Cl)Cl)CCO1)N[C@H]1CCC[C@H](O)[C@@H]1O,,,,,,ZINCo700000HOC8K
,,CCO[C@@H]1CCC[C@@]2(C1)NC(=O)c1cc(F)ccc1N2,,,,,,ZINCkw0000012O9R
,,Cc1cc(NC(=O)COc2c(C)cccc2Cl)c(O)cc1F,,,,,,ZINCmI000008zejU
,,O=C(C[C@@H]1CN(C(=O)C=CCN2CCC2)CCO1)NC[C@H](F)CO,,,,,,ZINCo500000HOC8L
,,CC[C@@H](CC(=O)N1CC[C@](C(=O)O)(C2CCOCC2)C1)C(C)C,,,,,,ZINCnx000002fqEM
,,CC1CC(CO)(NC(=O)[C@@H]2CCN(C(=O)C[C@H]3CSCCO3)[C@@H]2C)C1,,,,,,ZINCpg000015Ikyf
,,CC[C@@H](CC(=O)N1CC[C@H](c2nc[nH]n2)C1)Cc1ccccc1,,,,,,ZINCnx000002fqEG
,,Cc1cc(NC(=O)COc2cccc(C#N)c2)cc(C)c1C,,,,,,ZINCmF000008zejX
,,CCC=C(CCC)C(=O)N1CCN(C(=O)c2cc(CO)on2)[C@H](C)C1,,,,,,ZINCpp00000v9EK5
,,CC[C@H](C(=O)N[C@@](C)(CO)C(=O)NCCCC1(C)CC1)N(C)C,,,,,,ZINCne00000UjUSD
,,CCC1CC(C(=O)N2CC[C@@H](C)[C@@H](CNS(=O)(=O)C(CC)CC)C2)C1,,,,,,ZINCpA000011UGrU
,,CC[C@@H](C)CC(=O)N[C@@H](C(=O)N1C[C@H]2COC[C@@H](C2)C1)c1ccco1,,,,,,ZINCpt00000iZyLb
,,O=C(O)[C@@H](c1ccccc1F)N1CCN([C@@H]2CCSC2)CC1,,,,,,ZINCmq00000eBlRP
,,CCC=C(CCC)C(=O)NC[C@]1(NC(=O)c2snnc2C)CCOC1,,,,,,ZINCpp00000v9FTp
,,C[C@@](CNC(=O)CC(F)(F)Cl)(NC(=O)[C@H]1CC[C@H]1C#N)C1CCC1,,,,,,ZINCov00000pdo6G
,,C=C[C@H](C)CC(=O)N[C@H](C(=O)N1C[C@H](F)[C@@H](OC)C1)C1CCCCC1,,,,,,ZINCpu00000iZyLf
,,C=C1CC(CONC(=O)[C@H]2CCN(C(=O)CNC(N)=O)C23CCC3)C1,,,,,,ZINCpa000015Ikym
,,CC[C@@H](C(=O)NC[C@](C)(O)CO)N(C)C(=O)[C@@H](C)c1cccs1,,,,,,ZINCnf00000UjUSS
,,C=CC[C@H](C)C(=O)N1CCN(C(=O)[C@@H](OC)C2CCCCC2)C[C@@H]1C,,,,,,ZINCpy000004xgS5
,,CCC=C(CCC)C(=O)N(C)CCN(C)C(=O)C(=O)N1CC[C@H](C)C1,,,,,,ZINCpp00000v9EaJ
,,C=C[C@H](C)CC(=O)N[C@@H](C(=O)N1CCN2CCCC[C@H]1C2)C(C)(C)C,,,,,,ZINCpu00000iZyLi
,,CCC=C(CCC)C(=O)N[C@H]1[C@@H]2CN(C(=O)Cc3[nH]cnc3C)C[C@@H]21,,,,,,ZINCpp00000v9GyX
,,C=C1CC(CONC(=O)[C@@H]2CCN(C(=O)[C@@H]3C[C@H]3C(=O)OCC)O2)C1,,,,,,ZINCpd000015Ikyi
,,CCC=C(CCC)C(=O)N[C@@H]1CCN(C(=O)Cn2ccnn2)[C@@H](C)C1,,,,,,ZINCpp00000v9G1T
,,CCN(C(=O)c1c[nH]cc1C(F)(F)F)C1CC(N)C1,,,,,,ZINCjp000018SUZm
,,C=CC[C@H](C)C(=O)N1CCCC[C@H]1CNC(=O)c1cccc(C#N)c1,,,,,,ZINCpy000004xg5x
,,C=CC[C@H](C)C(=O)N1CCC[C@H]1CNC(=O)CCSc1ccccn1,,,,,,ZINCpy000004xgED
,,CCSCC(=O)N1CCC[C@@H]2CN(C(=O)C(C)(C)COC)CC[C@@H]21,,,,,,ZINCos000008fG2x
,,C[C@H]1C[C@H](CO)CN1C(=O)c1cc(C(F)F)cc(C(F)(F)F)c1,,,,,,ZINCnE000001ObqM
,,C=CC[C@H](C)C(=O)N1CCC[C@H]1[C@@H]1CCN(C(=O)CCCOCC)C1,,,,,,ZINCpy000004xgFV
,,CC[C@H](C(=O)N[C@@](C)(CO)C(=O)NC[C@@H]1CCOC1=O)N(C)C,,,,,,ZINCn400000UjUSJ
,,CCCN(C(=O)CC(F)(F)F)[C@H](C)C(=O)N[C@@H]1C[C@H]2[C@@H](C1)C2(F)F,,,,,,ZINCox00000pdo6N
,,COCC(=O)N1CCO[C@@H](C(=O)NCc2csc(C)c2)CC1,,,,,,ZINCmf00000x5r2d
,,C=C1CC(CONC(=O)[C@H]2CCN(C(=O)C(C)(COC)COC)C2)C1,,,,,,ZINCph000015Ikyd
,,CCC=C(CCC)C(=O)N1CC(OCCNC(=O)c2nnsc2C)C1,,,,,,ZINCpp00000v9Eri
,,Cn1nc(-c2ccccc2)nc1CCN[C@H]1C[C@H]2C[C@H]1CC2(F)F,,,,,,ZINCoA00000thuuS
,,O=C(C[C@H]1CN(C(=O)CCCn2ccnn2)CCO1)NC1CSC1,,,,,,ZINCo500000HOC8M
,,O=C(C[C@H]1CN(C(=O)C=CCO)CCO1)NCCC1CCOCC1,,,,,,ZINCo600000HOC8O
,,CCc1cc(C(=O)N2CCC[C@]2(C)CC(=O)O)nn1-c1ccccc1,,,,,,ZINCpz000011UGrK
,,CCc1cc(C(=O)N2CCN(C(=O)C[C@H](C)CC)[C@H](C)[C@@H]2C)ccn1,,,,,,ZINCpB000011UGs1
,,CC1(C)CN(C(=O)COc2cccc(Cl)c2)CC2(CCC2)O1,,,,,,ZINCmC000008zejW
,,C=C1CC(CONC(=O)[C@H]2CCN(C(=O)[C@@H]3CN(CC)CCO3)O2)C1,,,,,,ZINCp8000015Ikyj
,,CCN(CCNC(=O)c1cc(C#N)cs1)C(=O)[C@@H](F)[C@@H]1CCOC1,,,,,,ZINCol000005isek
,,C=C1CC(CONC(=O)[C@@H]2CCN(C(=O)Cn3cnc(C#N)n3)C2)C1,,,,,,ZINCp6000015Ikyl
,,CCc1ocnc1C(=O)N1C[C@@H](F)C[C@H]1CC(=O)N[C@H]1CCCSC1,,,,,,ZINCpr00000CCpPA
,,CCSCC(=O)N1CCC[C@H](NC(=O)CC(C)(C)CN(C)C)[C@H]1C,,,,,,ZINCos000008fGe9
,,CCN(C(=O)c1cnn(CC)c1F)[C@@H](C)CS(C)(=O)=O,,,,,,ZINCkf000018SUZr
,,CCSCC(=O)N1CCC[C@@](C)(NC(=O)[C@H]2C[C@@H](OC(F)F)C2)C1,,,,,,ZINCos000008fG4h
,,COCC(=O)N1CCO[C@@H](C(=O)N[C@H]2COC[C@@H]2SC)CC1,,,,,,ZINCm500000x5r2v
,,CCCN(C(=O)CN1C[C@@H]2OCCC(=O)N(C)[C@H]2C1)C1CCCC1,,,,,,ZINCog00000GYXyd
,,C=C1CC(CONC(=O)[C@@H]2CN(C(=O)c3csc(=N)[nH]3)C[C@H](C)O2)C1,,,,,,ZINCpf000015IkyC
,,CC[C@@H](C)n1ncc(NC(=O)C(=O)Nc2ccc(Cl)nc2)c1C,,,,,,ZINCnx000002fqh2
,,C[C@H]1C[C@H](N(C)C(=O)c2cnc(COC(C)(C)C)s2)C[C@@H](C)O1,,,,,,ZINCnE000001ObvW
,,CCC1CC(C(=O)N2C[C@@H](C(=O)N[C@@H](C)CN=[N+]=[N-])CC23CCC3)C1,,,,,,ZINCpA000011UGrX
,,C=C1CC(CONC(=O)[C@H]2CN(C(=O)C3(NC(C)=O)CC3)CCO2)C1,,,,,,ZINCp5000015IkyD
,,CC[C@H](C(=O)N[C@@](C)(CO)C(=O)N1CCOC2(CC2)C1)N(C)C,,,,,,ZINCn500000UjUSr
,,CCSCC(=O)N1CCC[C@@H]1CN(C)C(=O)c1cc2n(c1)CCC2,,,,,,ZINCos000008fG1e
,,CC1CC(CO)(NC(=O)[C@H]2CSCCN2C(=O)[C@@H]2CC3(CC3)CO2)C1,,,,,,ZINCpd000015IkyU
,,CCc1ocnc1C(=O)N1C[C@H]2CCN(C(=O)C3CC(SC)C3)C[C@@H]21,,,,,,ZINCpq00000CCpPn
,,C=C1CC(CONC(=O)[C@@H]2[C@H](C)CN2C(=O)CCCn2cncn2)C1,,,,,,ZINCpf000015Ikyz
,,CC[C@@H](C)n1[nH]c(=NC(=O)[C@H](C(C)C)N2CCCC2=O)cc1C,,,,,,ZINCnx000002fq4U
,,CCN(CCNC(=O)c1c[nH]cc1C)C(=O)C(F)(F)[C@@H](O)C(C)C,,,,,,ZINCol000005isa9
,,CCC1CC(C(=O)N2CCC(C)(c3csc(COCCO)n3)CC2)C1,,,,,,ZINCpz000011UGrL
,,COCC(=O)N1CCO[C@H](C(=O)N[C@H]2CC(=O)NC2=O)CC1,,,,,,ZINCm300000x5r2u
,,CC1CC(CO)(NC(=O)[C@@H]2N(C(=O)C(=O)N(C)C)CC23CCCC3)C1,,,,,,ZINCp7000015IkyY
,,Cn1nc(-c2ccccc2)c(CNCC23CC(C[C@H]2CN)C3)c1Cl,,,,,,ZINCoC00000thuuO
,,C[C@H]1CC[C@H]1C(=O)NCCNC(=O)C[C@@H]1C[C@H]2CC[C@@H]1C2,,,,,,ZINClq00000p6ym8
,,C=CC[C@H](C)C(=O)N1CCC[C@H]([C@@H]2C[C@H]2NC(=O)[C@@H](F)C(F)(F)F)C1,,,,,,ZINCpy000004xgAa
,,CCC=C(CCC)C(=O)N[C@H]1COC[C@H]1NC(=O)[C@@H](O)c1ccsc1,,,,,,ZINCpp00000v9GsW
,,Cn1nc(C2CCCCC2)cc1NC(=O)N1CCC2(CO)CC1C2,,,,,,ZINCoy00000thuuJ
,,CCC=C(CCC)C(=O)NC[C@H](CO)NC(=O)[C@H]1CCC(C)(C)OC1,,,,,,ZINCpp00000v9FKL
,,O=C(C[C@@H]1CN(C(=O)CCc2cn[nH]c2)CCO1)NC[C@@H](O)CO,,,,,,ZINCo400000HOC8z
,,C=CCNC(=O)CN1CC[C@@H](CC(=O)NC[C@H]2CCCN2CC)C1,,,,,,ZINCoc00000GYXy3
,,CCN(CCNC(=O)c1cc(N)ccc1C)C(=O)[C@H]1CCO[C@H]1C,,,,,,ZINCol000005isBJ
,,C=CC[C@H](C)C(=O)N1CCC[C@]2(CCN(C(=O)[C@](C)(CC)OC)C2)C1,,,,,,ZINCpy000004xgKA
,,CC[C@H](C(=O)N[C@@](C)(CO)C(=O)N[C@H]1COC[C@H]1CO)C(C)C,,,,,,ZINCn500000UjUSX
,,O=C(C[C@H]1CN(C(=O)C=CCO)CCO1)NC[C@H]1CC(F)(F)CO1,,,,,,ZINCo500000HOC8P
,,CCC=C(CCC)C(=O)NCCC1CCN(C(=O)CS(C)(=O)=O)CC1,,,,,,ZINCpp00000v9FtP
,,CC1CC(CO)(NC(=O)[C@H]2CN(C(=O)C[C@@H]3CCCSC3)CCO2)C1,,,,,,ZINCpg000015IkyE
,,CCc1ncc(CN(CC[C@@H](C)OC)C[C@@H]2CCC3(CCC3)CO2)[nH]1,,,,,,ZINCpF00000FGCvc
,,CCSCC(=O)N1CCC[C@H](NC(=O)CCCc2ccncc2)C1,,,,,,ZINCos000008fGec
,,C[C@@H]1CC[C@H]1C(=O)NCCN(C)C(=O)C[C@@H](C)P(C)(C)=O,,,,,,ZINClq00000p6ym6
,,CCC=C(CCC)C(=O)N[C@@]1(C)CCCN(C(=O)Cn2cnnc2)C1,,,,,,ZINCpp00000v9GdR
,,CCSCC(=O)N1CCC[C@@H]([C@H](C)NC(=O)c2ncncc2Cl)C1,,,,,,ZINCos000008fFZF
,,CCSCC(=O)N1CCC[C@@H]([C@](C)(O)CNC(=O)c2ccsc2)C1,,,,,,ZINCos000008fFZV
,,COCC(=O)N1CCO[C@H](C(=O)N[C@H](C)c2cccs2)CC1,,,,,,ZINCmh00000x5r2w
,,CC1CC(CO)(NC(=O)[C@H]2CN(C)CCN2C(=O)Cn2cnnn2)C1,,,,,,ZINCp4000015IkyA
,,CC1CC(CO)(NC(=O)[C@@H]2C[C@H](O)CCN2C(=O)[C@H](F)C(C)(C)O)C1,,,,,,ZINCp5000015Iky3
,,C=C1CC(CONC(=O)[C@H]2COCC[C@H]2NC(=O)C2(CC)COC2)C1,,,,,,ZINCpf000015IkyM
,,COCC(=O)N1CCO[C@@H](C(=O)NCc2ccc(C#N)s2)C1,,,,,,ZINCm700000x5r2c
,,CCN(CCNC(=O)c1cc(C(C)=O)on1)C(=O)[C@]1(C)CC1(F)F,,,,,,ZINCol000005isgZ
,,CCc1ncc(CN(CC[C@H](CO)C(C)C)C(=O)CSC(C)(C)C)o1,,,,,,ZINCpH00000FGCvb
,,C=CC[C@H](C)C(=O)N1CCC[C@@H]1CCCNC(=O)[C@H](O)CC(C)(C)C,,,,,,ZINCpy000004xggR
,,C=C[C@H](C)CC(=O)N[C@@H](C(=O)N1C[C@H]2CC[C@@H](OC)[C@H]2C1)C1CCC1,,,,,,ZINCpt00000iZyL9
,,CC[C@@H](CC(=O)N1CCOc2cccc(C(=O)O)c2C1)C(F)F,,,,,,ZINCnx000002fqDO
,,C=C1CC(CONC(=O)[C@@H]2[C@H](C3CC3)CCN2C(=O)c2nc[nH]n2)C1,,,,,,ZINCpg000015Ikyw
,,CCO[C@@H]1CCC[C@@H](OC(=O)[C@H](F)C2CCOCC2)C1,,,,,,ZINCkw0000012O9L
,,O=S(=O)(NOC1CC1)[C@H]1C[C@H]1c1ccc(Br)cc1,,,,,,ZINCit00000eUGZf
,,C=CC[C@H](C)C(=O)N1CCCC[C@H](CNC(=O)c2cc(CC)on2)C1,,,,,,ZINCpy000004xg2m
,,CCCN(C(=O)CC(F)(F)CC)[C@@H](C)C(=O)N[C@H](CO)[C@@H](C)CC,,,,,,ZINCov00000pdo6D
,,CCCN(C(=O)CN1CCN2[C@@H](C3CC3)COC[C@H]2C1)[C@@H](C)CO,,,,,,ZINCoa00000GYXye
,,CCC=C(CCC)C(=O)N[C@@H]1COC[C@@H]1NC(=O)c1ncc(Br)cn1,,,,,,ZINCpp00000v9G8U
,,CC[C@@H](C)n1ncc(C(=O)N2CCCCC[C@@H]2C(=O)OC)c1C,,,,,,ZINCnx000002fqba
,,CC[C@H](C(=O)NCCC(=O)N1CC2CC1(C(F)F)C2)C(=O)OC,,,,,,ZINCnf00000UjUT8
,,CC[C@H](C(=O)N[C@@](C)(CO)C(=O)Nn1ccnn1)C(C)(C)CC,,,,,,ZINCnc00000UjUT2
,,C=C1CC(CONC(=O)[C@@H]2CSCN2C(=O)c2c(C)cnnc2O)C1,,,,,,ZINCpc000015IkyW
,,CCc1cc(C(=O)N2CC(C)(C)C[C@@H]2C(=O)N[C@@H]2CCC[C@H]2F)ns1,,,,,,ZINCpz000011UGrM
,,CC[C@@H](C)n1nc(C(=O)Nc2ccccc2OCCO)cc1C,,,,,,ZINCnx000002fq9V
,,CCc1ocnc1C(=O)N1C[C@@H](C)[C@@H]1C(=O)NCCOC(CC)CC,,,,,,ZINCpq00000CCpPy
,,CCc1ocnc1C(=O)N1C[C@H](C)[C@H]1C(=O)NCCC#CC(C)(C)C,,,,,,ZINCps00000CCpPx
,,CCc1cc(C(=O)N2CC[C@@H](c3cn(CC[Si](C)(C)C)nn3)C2)ns1,,,,,,ZINCpC000011UGrT
,,C=C1CC(CONC(=O)[C@@H]2C[C@H](O)CN2C(=O)[C@@H](CO)C(C)(C)C)C1,,,,,,ZINCpc000015Iky6
,,CCc1ocnc1C(=O)N1C[C@@H](C)[C@@H]1C(=O)N(C)Cc1csc(C)n1,,,,,,ZINCpr00000CCpPw
,,C[C@@H]1CC[C@H]1C(=O)N(CCOC1CCC1)Cc1cnc[nH]1,,,,,,ZINClt00000p6ymd
,,O=C(O)[C@H]1SCCCN1Cc1ccn(-c2ccc(F)cc2)n1,,,,,,ZINCmt00000eBlRF
,,O=C(O)[C@@H]1SCCCN1Cc1noc(-c2cccc(F)c2)n1,,,,,,ZINCms00000eBlRG
,,CCC=C(F)C(=O)N(C)CCCCCNC(=O)[C@@]1(C)CCNC(=O)C1,,,,,,ZINCpp00000v9GIi
,,C=CCNC(=O)CN1CC[C@H](CC(=O)N2CCC[C@@]2(CC)CO)C1,,,,,,ZINCod00000GYXy1
,,C[C@H]1C[C@H](NC(=O)C(C)(C)c2ccc([N+](=O)[O-])cc2F)CCS1,,,,,,ZINCnE000001ObBs
,,CC1(CCNC(=O)COc2ccc(C(C)(C)C)cc2)CCC1,,,,,,ZINCmK000008zejV
,,C[C@H]1C[C@H](N(C)C(=O)c2cc(Cl)cc3cccnc23)CCN1C,,,,,,ZINCnE000001Obv6
,,CC[C@@H](C)n1ncc(C(=O)Nc2ccccc2OCCO)c1C,,,,,,ZINCnx000002fqeQ
,,Cc1ccc(O)cc1-c1ncsc1C(=O)N1C[C@H]2CCCC[C@@H]2C1,,,,,,ZINCoK00000cp2rs
,,C=CC[C@H](C)C(=O)N1CCC[C@@H]1CN(C)C(=O)[C@@H]1CCO[C@H](CC)C1,,,,,,ZINCpy000004xgiH
,,CCC1CC(C(=O)N2CC[C@@H]2c2cn(C[C@@H]3C(F)(F)C34CC4)nn2)C1,,,,,,ZINCpA000011UGrS
,,CC[C@@H](C(=O)NC[C@@](C)(O)CO)N(C)C(=O)C1=CC[C@H](C)CC1,,,,,,ZINCne00000UjUSL
,,CC[C@H](C(=O)N[C@@](C)(CO)C(=O)N[C@H](C)c1cn[nH]c1)N(C)C,,,,,,ZINCn500000UjUSY
,,CC[C@@H](C(=O)N[C@@](C)(CO)C(=O)N[C@H]1C[C@H](O)[C@H]1O)C(=O)OC,,,,,,ZINCn300000UjUSW
,,Cn1nc(C2CCCCC2)cc1-n1cc([C@@H]2CCCCCN2)nn1,,,,,,ZINCoC00000thuuI
,,O=C(O)[C@H]1SCCCN1C[C@@H](O)COc1ccc(Cl)cc1F,,,,,,ZINCmq00000eBlRH
,,CCc1ncc(CN(CC[C@@H](CO)C(C)C)C(=O)C[C@H](C)C(F)F)o1,,,,,,ZINCpF00000FGCv9
,,CCc1cc(C(=O)N[C@]23C[C@H]2CN(C(=O)C2=CCCCCC2)C3)ns1,,,,,,ZINCpz000011UGs6
,,C=CCNC(=O)CN1CCC(O)(C(=O)NCCSC(F)(F)F)CC1,,,,,,ZINCoa00000GYXy7
,,C[C@H]1CC[C@H]1C(=O)N(CCN=[N+]=[N-])Cc1ccc(F)cc1,,,,,,ZINClF00000p6yma
,,C[C@H]1C[C@H](N(C)c2nccn3nc(C(C)(C)C)cc23)C[C@@H](C)O1,,,,,,ZINCnE000001ObwU
,,C=CC[C@H](C)C(=O)N1CCN(C(=O)CC2CCC(OC)CC2)C[C@@H]1C,,,,,,ZINCpy000004xgMQ
,,CC1CC(CO)(NC(=O)[C@@H]2CN(C(=O)[C@@H]3CCCCN3C)C[C@H]2C)C1,,,,,,ZINCpe000015IkyG
,,CCCN(C(=O)CC(F)(F)C(F)F)[C@H](C)C(=O)NOCCCCF,,,,,,ZINCox00000pdo6E
,,CC1CC(CO)(NC(=O)[C@H]2[C@H](C)CCN2C(=O)CCn2cncn2)C1,,,,,,ZINCp7000015Ikyx
,,CCC=C(CCC)C(=O)N1CCN(C(=O)CCCCOC)C[C@@H](O)C1,,,,,,ZINCpp00000v9EDv
,,CCN(CCNC(=O)c1cc(Cl)cc(Cl)n1)c1nnc(C(N)=O)s1,,,,,,ZINCol000005isrY
,,COCC(=O)N1CCO[C@@H](C(=O)N(C)[C@H](C)c2ccco2)C1,,,,,,ZINCmc00000x5r2q
,,CCSCC(=O)N1CCC[C@@](C)(NC(=O)c2cc3n(c2)CCC3)C1,,,,,,ZINCos000008fG4i
,,CCN(CCNC(=O)c1cc(C(C)=O)cs1)C(=O)[C@@H]1C[C@@H]1[C@H](C)O,,,,,,ZINCol000005isgk
,,CCC=C(F)C(=O)N(C)C1CC(NC(=O)c2nc[nH]c3nccc2-3)C1,,,,,,ZINCpp00000v9GCS
,,CC(C)NC(=O)CN1CC[C@@H]2C[C@@H](C(=O)N(C)[C@H]3CCOC3)[C@@H]2C1,,,,,,ZINCod00000GYXy0
,,CCSCC(=O)N1CCC[C@@H]2CN(C(=O)c3cccn3C)CC[C@H]21,,,,,,ZINCos000008fG38
,,C=C1CC(CONC(=O)[C@H]2[C@@H]3C[C@H]2CN3C(=O)c2ncccc2N)C1,,,,,,ZINCph000015Ikyt
,,C=C1CC(CONC(=O)[C@H]2CCN(C(=O)[C@](C)(O)C3CC3)C[C@H]2O)C1,,,,,,ZINCp9000015Ikyg
,,COCC(=O)N1CCO[C@H](C(=O)NC[C@]2(C)CC(C)=NO2)C1,,,,,,ZINCm500000x5r2b
,,CCc1cc(C(=O)N2C[C@H](F)C[C@@H]2CNC(=O)CC2CCCC2)ns1,,,,,,ZINCpz000011UGrY
,,O=S(=O)(NOC1CC1)c1cc2cc(Br)ccc2o1,,,,,,ZINCiv00000eUGZb
,,CCC=C(CCC)C(=O)NCC1(C(N)=O)CN(C(=O)OC(C)(C)C)C1,,,,,,ZINCpp00000v9FoH
,,COCC(=O)N1CCO[C@H](C(=O)N(C)CCOCCO)CC1,,,,,,ZINCm400000x5r2l
,,CC[C@@H](C(=O)NC[C@](C)(O)CO)N(C)C(=O)c1cnc(=N)[nH]c1,,,,,,ZINCn400000UjUSO
,,CC(C)NC(=O)CN1CCC(O)(C(=O)N[C@@H]2CCCC[C@@H]2C)CC1,,,,,,ZINCog00000GYXy8
,,C=CC[C@H](C)C(=O)N1CCC[C@@H](NC(=O)c2ccc(C(C)=O)cc2)C1,,,,,,ZINCpy000004xgcH
,,CCc1ncc(CN(CC[C@H](CO)C(C)C)C(=O)CC(CC)CC)o1,,,,,,ZINCpK00000FGCv8
,,CCN(C(=O)c1cnn(C)c1CN)[C@H]1CCCC[C@H]1C,,,,,,ZINCkp000018SUZq
,,CCO[C@@H]1CCC[C@@H](NC[C@@H]2COC3(CCCC3)O2)C1,,,,,,ZINCkw0000012O9h
,,CC[C@@H](C(=O)N[C@](C)(CO)C(=O)NCC1(F)CN(C)C1)N(C)C,,,,,,ZINCn400000UjUSC
,,CCc1ccc(O)c(NC(=O)C2CC(CCNC(=O)[C@H]3C[C@H]3C)C2)c1,,,,,,ZINCpA000011UGrI
,,C=C1CC(CONC(=O)[C@@H]2CN(C(=O)CCN(CC)CC)CCO2)C1,,,,,,ZINCpf000015IkyF
,,C=C1CC(CONC(=O)[C@@H]2CCN(C(=O)c3ncnc(O)c3F)O2)C1,,,,,,ZINCpa000015Iky8
,,CCC=C(CCC)C(=O)N1CC(N(C)C(=O)c2ccc(CO)cn2)C1,,,,,,ZINCpp00000v9Epf
,,CCNC(=O)C1CN(C(=O)Cc2cc(C)c(F)cc2F)C1,,,,,,ZINClk000018SUZh
,,CC1CC(CO)(NC(=O)[C@@H]2COCCN(C(=O)Cn3cccn3)C2)C1,,,,,,ZINCp5000015IkyS
,,CCC=C(CCC)C(=O)N1CC=C(CNC(=O)C(=O)NC(C)C)CC1,,,,,,ZINCpp00000v9EsF
,,O=C(O)[C@H](c1cccc(C(F)(F)F)c1)N1CC[C@@]2(CCO2)C1,,,,,,ZINCmw00000eBlRQ
,,CC[C@@H](C)n1[nH]c(=NC(=O)C(=O)N2C[C@H](C)CC2(C)C)cc1C,,,,,,ZINCnx000002fq2B
,,CCC=C(CCC)C(=O)N1CC[C@H](CNC(=O)[C@](C)(F)C(=O)OC)C1,,,,,,ZINCpp00000v9EVw
,,CC(C)NC(=O)CN1CC[C@H](O)[C@H](C(=O)NCCSC(F)(F)F)C1,,,,,,ZINCob00000GYXy6
,,Cc1cc(=NC(=O)[C@@](O)(c2ccccc2)C2CCCC2)[nH]o1,,,,,,ZINCmA000008zejS
,,CCNC(=O)C1CN(C(=O)[C@@H]2CCc3cc(O)ccc32)C1,,,,,,ZINClg000018SUZj
,,CCC1CC(C(=O)N2CCCN(C(=O)OC(C)(C)C)C[C@H](OC)C2)C1,,,,,,ZINCpz000011UGrV
,,O=C(O[C@@H](C1CC1)C(F)(F)F)[C@H]1CCC[C@H]1c1nc(S)n[nH]1,,,,,,ZINCmy00000eBlRI
,,CC[C@@H](C(=O)NCCC(=O)N1Cc2ccnn2C[C@@H]1C)C(C)C,,,,,,ZINCno00000UjUT9
,,C=C[C@H](C)CC(=O)N[C@H](C(=O)N1C[C@@H]2CC[C@H](C1)N2C)c1cccs1,,,,,,ZINCpu00000iZyL7
,,Cc1ccc([C@H]2CCN(C(=O)C(=O)Nc3cnc(C)s3)C2)nc1,,,,,,ZINCnr00000kfARA
,,Cc1ccc(O)cc1-c1nc(NC(=O)Cc2ccc(F)cn2)cs1,,,,,,ZINCoF00000cp2rr
,,CCC=C(CCC)C(=O)N[C@H]1[C@@H]2CN(C(=O)c3ccncc3N)C[C@@H]21,,,,,,ZINCpp00000v9Gzg
,,O=C(O[C@H](c1ccccc1)C(F)F)c1ccc2nncn2n1,,,,,,ZINCms00000eBlRN
,,CC[C@@H](C(=O)NC[C@@](C)(O)CO)N(C)C(=O)c1ccc(O)nc1,,,,,,ZINCn500000UjUSN
,,CC1CC(CO)(NC(=O)[C@H]2CSCCN2C(=O)c2cnn(C)c2Cl)C1,,,,,,ZINCpf000015IkyT
,,O=C(O)[C@H](c1ccccc1Br)N1CCN2CC3(CC3)C[C@H]2C1,,,,,,ZINCmx00000eBlRM
,,CCC=C(CCC)C(=O)N[C@H]1C[C@H](CCNC(=O)[C@@H]2COCCO2)C1,,,,,,ZINCpp00000v9Gx3
,,CC1CC(CO)(NC(=O)[C@H]2CCN(C(=O)[C@@H](O)C(F)(F)F)[C@@H](C)C2)C1,,,,,,ZINCpe000015Ikyk
,,CCc1cc(C(=O)N2CCCC[C@@H]2c2nc3c(s2)COCC3)ncn1,,,,,,ZINCpz000011UGrN
,,CCC=C(CCC)C(=O)N1CCC(N(C)C(=O)CNC(=O)OC)CC1,,,,,,ZINCpp00000v9EuJ
,,CCSCC(=O)N1CCC[C@@H]2CN(C(=O)CC3(C#N)CC3)CC[C@@H]21,,,,,,ZINCos000008fG2H
,,C=CCNC(=O)CN1CC[C@@H]2C[C@@H](C(=O)NCCCOCC)[C@@H]2C1,,,,,,ZINCod00000GYXxZ
,,CC[C@@H](C)n1nccc1NC(=O)N[C@H](COC)c1ccccn1,,,,,,ZINCnx000002fqrI
,,CCN(CCNC(=O)c1c[nH]c(=N)o1)C(=O)c1cccn1C(C)C,,,,,,ZINCol000005is8A
,,C#CCN(C(=O)CC(F)(F)F)[C@H]1CCN(C(=O)CC[C@H](C)SC)C1,,,,,,ZINCov00000pdo6H
,,CC[C@H](C(=O)NCCC(=O)N1CCC1(CO)CO)C(C)(C)CC,,,,,,ZINCnf00000UjUTc
,,CC[C@@H](C)n1[nH]c(=NC(=O)C(=O)N2CC(CC)(CC)C2)cc1C,,,,,,ZINCnx000002fq2l
,,C=C1CC(CONC(=O)[C@@H]2CCO[C@H]2CNC(=O)c2nnsc2C)C1,,,,,,ZINCpf000015Ikyp
,,COCC(=O)N1CCO[C@@H](C(=O)NC(C)(C)CC2CCC2)C1,,,,,,ZINCmf00000x5r2g
,,CCN(C(=O)c1cnn2c1OC[C@H](N)C2)c1nc(Br)ns1,,,,,,ZINCle000018SUZn
,,CC[C@@H](C(=O)NC[C@](C)(O)CO)N(C)C(=O)C1CCC(=O)CC1,,,,,,ZINCn500000UjUSM
,,C=C1CC(CONC(=O)[C@H]2CCN(C(=O)c3n[nH]c(=N)[nH]3)[C@H]2CC)C1,,,,,,ZINCpc000015Ikya
,,C=CC[C@H](C)C(=O)N1CCC[C@@H](NC(=O)c2cnoc2C2CC2)[C@H]1C,,,,,,ZINCpy000004xgde
,,CCc1cc(C(=O)N2CCC[C@H](OC)[C@@H]2C(=O)O)ccc1C(F)(F)F,,,,,,ZINCpz000011UGrR
,,CC[C@@H](C)n1[nH]c(=NC(=O)C(=O)Nc2ccnc(Cl)c2)cc1C,,,,,,ZINCnx000002fq3k
,,CCC1CC(C(=O)NC23CC(CNC(=O)[C@@H]4C[C@H]5CC[C@@H]4C5)(C2)C3)C1,,,,,,ZINCpA000011UGs5
,,Cn1nc(-c2cccc(Cl)c2)cc1NC(=O)C12CC(C1)[C@@H](CN)C2,,,,,,ZINCoA00000thuuW
,,CC[C@H](C(=O)N(CCC(=O)N1CC[C@@]1(C)C(C)C)OC)N(C)C,,,,,,ZINCnn00000UjUTb
,,CCc1cc(C(=O)N2CCC[C@H]2c2cn(CCC#N)nn2)ccc1Cl,,,,,,ZINCpD000011UGrO
,,C[C@H]1CC[C@@H]1C(=O)NCCNC(=O)[C@@H]1C[C@@H]1C1CCCC1,,,,,,ZINClq00000p6ym9
